<?xml version="1.0"?>
<VTKFile type="UnstructuredGrid"  version="0.1"  >
<UnstructuredGrid>
<Piece  NumberOfPoints="1092" NumberOfCells="2040">
<Points>
<DataArray  type="Float64"  NumberOfComponents="3"  format="ascii">0 0 0  0.1 0 0  0.2 0 0  0.3 0 0  0.4 0 0  0.5 0 0  0.6000000000000001 0 0  0.7000000000000001 0 0  0.8 0 0  0.9 0 0  1 0 0  1.1 0 0  1.2 0 0  1.3 0 0  1.4 0 0  1.5 0 0  1.6 0 0  1.7 0 0  1.8 0 0  1.9 0 0  2 0 0  0 0.001708980888246768 0  0.1 0.001708980888246768 0  0.2 0.001708980888246768 0  0.3 0.001708980888246768 0  0.4 0.001708980888246768 0  0.5 0.001708980888246768 0  0.6000000000000001 0.001708980888246768 0  0.7000000000000001 0.001708980888246768 0  0.8 0.001708980888246768 0  0.9 0.001708980888246768 0  1 0.001708980888246768 0  1.1 0.001708980888246768 0  1.2 0.001708980888246768 0  1.3 0.001708980888246768 0  1.4 0.001708980888246768 0  1.5 0.001708980888246768 0  1.6 0.001708980888246768 0  1.7 0.001708980888246768 0  1.8 0.001708980888246768 0  1.9 0.001708980888246768 0  2 0.001708980888246768 0  0 0.004016105087379904 0  0.1 0.004016105087379904 0  0.2 0.004016105087379904 0  0.3 0.004016105087379904 0  0.4 0.004016105087379904 0  0.5 0.004016105087379904 0  0.6000000000000001 0.004016105087379904 0  0.7000000000000001 0.004016105087379904 0  0.8 0.004016105087379904 0  0.9 0.004016105087379904 0  1 0.004016105087379904 0  1.1 0.004016105087379904 0  1.2 0.004016105087379904 0  1.3 0.004016105087379904 0  1.4 0.004016105087379904 0  1.5 0.004016105087379904 0  1.6 0.004016105087379904 0  1.7 0.004016105087379904 0  1.8 0.004016105087379904 0  1.9 0.004016105087379904 0  2 0.004016105087379904 0  0 0.007130722756209639 0  0.1 0.007130722756209639 0  0.2 0.007130722756209639 0  0.3 0.007130722756209639 0  0.4 0.007130722756209639 0  0.5 0.007130722756209639 0  0.6000000000000001 0.007130722756209639 0  0.7000000000000001 0.007130722756209639 0  0.8 0.007130722756209639 0  0.9 0.007130722756209639 0  1 0.007130722756209639 0  1.1 0.007130722756209639 0  1.2 0.007130722756209639 0  1.3 0.007130722756209639 0  1.4 0.007130722756209639 0  1.5 0.007130722756209639 0  1.6 0.007130722756209639 0  1.7 0.007130722756209639 0  1.8 0.007130722756209639 0  1.9 0.007130722756209639 0  2 0.007130722756209639 0  0 0.01133545660912978 0  0.1 0.01133545660912978 0  0.2 0.01133545660912978 0  0.3 0.01133545660912978 0  0.4 0.01133545660912978 0  0.5 0.01133545660912978 0  0.6000000000000001 0.01133545660912978 0  0.7000000000000001 0.01133545660912978 0  0.8 0.01133545660912978 0  0.9 0.01133545660912978 0  1 0.01133545660912978 0  1.1 0.01133545660912978 0  1.2 0.01133545660912978 0  1.3 0.01133545660912978 0  1.4 0.01133545660912978 0  1.5 0.01133545660912978 0  1.6 0.01133545660912978 0  1.7 0.01133545660912978 0  1.8 0.01133545660912978 0  1.9 0.01133545660912978 0  2 0.01133545660912978 0  0 0.01701184731057197 0  0.1 0.01701184731057197 0  0.2 0.01701184731057197 0  0.3 0.01701184731057197 0  0.4 0.01701184731057197 0  0.5 0.01701184731057197 0  0.6000000000000001 0.01701184731057197 0  0.7000000000000001 0.01701184731057197 0  0.8 0.01701184731057197 0  0.9 0.01701184731057197 0  1 0.01701184731057197 0  1.1 0.01701184731057197 0  1.2 0.01701184731057197 0  1.3 0.01701184731057197 0  1.4 0.01701184731057197 0  1.5 0.01701184731057197 0  1.6 0.01701184731057197 0  1.7 0.01701184731057197 0  1.8 0.01701184731057197 0  1.9 0.01701184731057197 0  2 0.01701184731057197 0  0 0.02467497475751893 0  0.1 0.02467497475751893 0  0.2 0.02467497475751893 0  0.3 0.02467497475751893 0  0.4 0.02467497475751893 0  0.5 0.02467497475751893 0  0.6000000000000001 0.02467497475751893 0  0.7000000000000001 0.02467497475751893 0  0.8 0.02467497475751893 0  0.9 0.02467497475751893 0  1 0.02467497475751893 0  1.1 0.02467497475751893 0  1.2 0.02467497475751893 0  1.3 0.02467497475751893 0  1.4 0.02467497475751893 0  1.5 0.02467497475751893 0  1.6 0.02467497475751893 0  1.7 0.02467497475751893 0  1.8 0.02467497475751893 0  1.9 0.02467497475751893 0  2 0.02467497475751893 0  0 0.03502019681089732 0  0.1 0.03502019681089732 0  0.2 0.03502019681089732 0  0.3 0.03502019681089732 0  0.4 0.03502019681089732 0  0.5 0.03502019681089732 0  0.6000000000000001 0.03502019681089732 0  0.7000000000000001 0.03502019681089732 0  0.8 0.03502019681089732 0  0.9 0.03502019681089732 0  1 0.03502019681089732 0  1.1 0.03502019681089732 0  1.2 0.03502019681089732 0  1.3 0.03502019681089732 0  1.4 0.03502019681089732 0  1.5 0.03502019681089732 0  1.6 0.03502019681089732 0  1.7 0.03502019681089732 0  1.8 0.03502019681089732 0  1.9 0.03502019681089732 0  2 0.03502019681089732 0  0 0.04898624658295816 0  0.1 0.04898624658295816 0  0.2 0.04898624658295816 0  0.3 0.04898624658295816 0  0.4 0.04898624658295816 0  0.5 0.04898624658295816 0  0.6000000000000001 0.04898624658295816 0  0.7000000000000001 0.04898624658295816 0  0.8 0.04898624658295816 0  0.9 0.04898624658295816 0  1 0.04898624658295816 0  1.1 0.04898624658295816 0  1.2 0.04898624658295816 0  1.3 0.04898624658295816 0  1.4 0.04898624658295816 0  1.5 0.04898624658295816 0  1.6 0.04898624658295816 0  1.7 0.04898624658295816 0  1.8 0.04898624658295816 0  1.9 0.04898624658295816 0  2 0.04898624658295816 0  0 0.06784041377524028 0  0.1 0.06784041377524028 0  0.2 0.06784041377524028 0  0.3 0.06784041377524028 0  0.4 0.06784041377524028 0  0.5 0.06784041377524028 0  0.6000000000000001 0.06784041377524028 0  0.7000000000000001 0.06784041377524028 0  0.8 0.06784041377524028 0  0.9 0.06784041377524028 0  1 0.06784041377524028 0  1.1 0.06784041377524028 0  1.2 0.06784041377524028 0  1.3 0.06784041377524028 0  1.4 0.06784041377524028 0  1.5 0.06784041377524028 0  1.6 0.06784041377524028 0  1.7 0.06784041377524028 0  1.8 0.06784041377524028 0  1.9 0.06784041377524028 0  2 0.06784041377524028 0  0 0.09329353948482115 0  0.1 0.09329353948482115 0  0.2 0.09329353948482115 0  0.3 0.09329353948482115 0  0.4 0.09329353948482115 0  0.5 0.09329353948482115 0  0.6000000000000001 0.09329353948482115 0  0.7000000000000001 0.09329353948482115 0  0.8 0.09329353948482115 0  0.9 0.09329353948482115 0  1 0.09329353948482115 0  1.1 0.09329353948482115 0  1.2 0.09329353948482115 0  1.3 0.09329353948482115 0  1.4 0.09329353948482115 0  1.5 0.09329353948482115 0  1.6 0.09329353948482115 0  1.7 0.09329353948482115 0  1.8 0.09329353948482115 0  1.9 0.09329353948482115 0  2 0.09329353948482115 0  0 0.1276552591927553 0  0.1 0.1276552591927553 0  0.2 0.1276552591927553 0  0.3 0.1276552591927553 0  0.4 0.1276552591927553 0  0.5 0.1276552591927553 0  0.6000000000000001 0.1276552591927553 0  0.7000000000000001 0.1276552591927553 0  0.8 0.1276552591927553 0  0.9 0.1276552591927553 0  1 0.1276552591927553 0  1.1 0.1276552591927553 0  1.2 0.1276552591927553 0  1.3 0.1276552591927553 0  1.4 0.1276552591927553 0  1.5 0.1276552591927553 0  1.6 0.1276552591927553 0  1.7 0.1276552591927553 0  1.8 0.1276552591927553 0  1.9 0.1276552591927553 0  2 0.1276552591927553 0  0 0.1740435807984665 0  0.1 0.1740435807984665 0  0.2 0.1740435807984665 0  0.3 0.1740435807984665 0  0.4 0.1740435807984665 0  0.5 0.1740435807984665 0  0.6000000000000001 0.1740435807984665 0  0.7000000000000001 0.1740435807984665 0  0.8 0.1740435807984665 0  0.9 0.1740435807984665 0  1 0.1740435807984665 0  1.1 0.1740435807984665 0  1.2 0.1740435807984665 0  1.3 0.1740435807984665 0  1.4 0.1740435807984665 0  1.5 0.1740435807984665 0  1.6 0.1740435807984665 0  1.7 0.1740435807984665 0  1.8 0.1740435807984665 0  1.9 0.1740435807984665 0  2 0.1740435807984665 0  0 0.2366678149661765 0  0.1 0.2366678149661765 0  0.2 0.2366678149661765 0  0.3 0.2366678149661765 0  0.4 0.2366678149661765 0  0.5 0.2366678149661765 0  0.6000000000000001 0.2366678149661765 0  0.7000000000000001 0.2366678149661765 0  0.8 0.2366678149661765 0  0.9 0.2366678149661765 0  1 0.2366678149661765 0  1.1 0.2366678149661765 0  1.2 0.2366678149661765 0  1.3 0.2366678149661765 0  1.4 0.2366678149661765 0  1.5 0.2366678149661765 0  1.6 0.2366678149661765 0  1.7 0.2366678149661765 0  1.8 0.2366678149661765 0  1.9 0.2366678149661765 0  2 0.2366678149661765 0  0 0.3212105310925851 0  0.1 0.3212105310925851 0  0.2 0.3212105310925851 0  0.3 0.3212105310925851 0  0.4 0.3212105310925851 0  0.5 0.3212105310925851 0  0.6000000000000001 0.3212105310925851 0  0.7000000000000001 0.3212105310925851 0  0.8 0.3212105310925851 0  0.9 0.3212105310925851 0  1 0.3212105310925851 0  1.1 0.3212105310925851 0  1.2 0.3212105310925851 0  1.3 0.3212105310925851 0  1.4 0.3212105310925851 0  1.5 0.3212105310925851 0  1.6 0.3212105310925851 0  1.7 0.3212105310925851 0  1.8 0.3212105310925851 0  1.9 0.3212105310925851 0  2 0.3212105310925851 0  0 0.3802357023019255 0  0.1 0.3802357023019255 0  0.2 0.3802357023019255 0  0.3 0.3802357023019255 0  0.4 0.3802357023019255 0  0.5 0.3802357023019255 0  0.6000000000000001 0.3802357023019255 0  0.7000000000000001 0.3802357023019255 0  0.8 0.3802357023019255 0  0.9 0.3802357023019255 0  1 0.3802357023019255 0  1.1 0.3802357023019255 0  1.2 0.3802357023019255 0  1.3 0.3802357023019255 0  1.4 0.3802357023019255 0  1.5 0.3802357023019255 0  1.6 0.3802357023019255 0  1.7 0.3802357023019255 0  1.8 0.3802357023019255 0  1.9 0.3802357023019255 0  2 0.3802357023019255 0  0 0.439260873511266 0  0.1 0.439260873511266 0  0.2 0.439260873511266 0  0.3 0.439260873511266 0  0.4 0.439260873511266 0  0.5 0.439260873511266 0  0.6000000000000001 0.439260873511266 0  0.7000000000000001 0.439260873511266 0  0.8 0.439260873511266 0  0.9 0.439260873511266 0  1 0.439260873511266 0  1.1 0.439260873511266 0  1.2 0.439260873511266 0  1.3 0.439260873511266 0  1.4 0.439260873511266 0  1.5 0.439260873511266 0  1.6 0.439260873511266 0  1.7 0.439260873511266 0  1.8 0.439260873511266 0  1.9 0.439260873511266 0  2 0.439260873511266 0  0 0.4982860447206064 0  0.1 0.4982860447206064 0  0.2 0.4982860447206064 0  0.3 0.4982860447206064 0  0.4 0.4982860447206064 0  0.5 0.4982860447206064 0  0.6000000000000001 0.4982860447206064 0  0.7000000000000001 0.4982860447206064 0  0.8 0.4982860447206064 0  0.9 0.4982860447206064 0  1 0.4982860447206064 0  1.1 0.4982860447206064 0  1.2 0.4982860447206064 0  1.3 0.4982860447206064 0  1.4 0.4982860447206064 0  1.5 0.4982860447206064 0  1.6 0.4982860447206064 0  1.7 0.4982860447206064 0  1.8 0.4982860447206064 0  1.9 0.4982860447206064 0  2 0.4982860447206064 0  0 0.5573112159299468 0  0.1 0.5573112159299468 0  0.2 0.5573112159299468 0  0.3 0.5573112159299468 0  0.4 0.5573112159299468 0  0.5 0.5573112159299468 0  0.6000000000000001 0.5573112159299468 0  0.7000000000000001 0.5573112159299468 0  0.8 0.5573112159299468 0  0.9 0.5573112159299468 0  1 0.5573112159299468 0  1.1 0.5573112159299468 0  1.2 0.5573112159299468 0  1.3 0.5573112159299468 0  1.4 0.5573112159299468 0  1.5 0.5573112159299468 0  1.6 0.5573112159299468 0  1.7 0.5573112159299468 0  1.8 0.5573112159299468 0  1.9 0.5573112159299468 0  2 0.5573112159299468 0  0 0.6163363871392873 0  0.1 0.6163363871392873 0  0.2 0.6163363871392873 0  0.3 0.6163363871392873 0  0.4 0.6163363871392873 0  0.5 0.6163363871392873 0  0.6000000000000001 0.6163363871392873 0  0.7000000000000001 0.6163363871392873 0  0.8 0.6163363871392873 0  0.9 0.6163363871392873 0  1 0.6163363871392873 0  1.1 0.6163363871392873 0  1.2 0.6163363871392873 0  1.3 0.6163363871392873 0  1.4 0.6163363871392873 0  1.5 0.6163363871392873 0  1.6 0.6163363871392873 0  1.7 0.6163363871392873 0  1.8 0.6163363871392873 0  1.9 0.6163363871392873 0  2 0.6163363871392873 0  0 0.6753615583486277 0  0.1 0.6753615583486277 0  0.2 0.6753615583486277 0  0.3 0.6753615583486277 0  0.4 0.6753615583486277 0  0.5 0.6753615583486277 0  0.6000000000000001 0.6753615583486277 0  0.7000000000000001 0.6753615583486277 0  0.8 0.6753615583486277 0  0.9 0.6753615583486277 0  1 0.6753615583486277 0  1.1 0.6753615583486277 0  1.2 0.6753615583486277 0  1.3 0.6753615583486277 0  1.4 0.6753615583486277 0  1.5 0.6753615583486277 0  1.6 0.6753615583486277 0  1.7 0.6753615583486277 0  1.8 0.6753615583486277 0  1.9 0.6753615583486277 0  2 0.6753615583486277 0  0 0.7343867295579681 0  0.1 0.7343867295579681 0  0.2 0.7343867295579681 0  0.3 0.7343867295579681 0  0.4 0.7343867295579681 0  0.5 0.7343867295579681 0  0.6000000000000001 0.7343867295579681 0  0.7000000000000001 0.7343867295579681 0  0.8 0.7343867295579681 0  0.9 0.7343867295579681 0  1 0.7343867295579681 0  1.1 0.7343867295579681 0  1.2 0.7343867295579681 0  1.3 0.7343867295579681 0  1.4 0.7343867295579681 0  1.5 0.7343867295579681 0  1.6 0.7343867295579681 0  1.7 0.7343867295579681 0  1.8 0.7343867295579681 0  1.9 0.7343867295579681 0  2 0.7343867295579681 0  0 0.7934119007673086 0  0.1 0.7934119007673086 0  0.2 0.7934119007673086 0  0.3 0.7934119007673086 0  0.4 0.7934119007673086 0  0.5 0.7934119007673086 0  0.6000000000000001 0.7934119007673086 0  0.7000000000000001 0.7934119007673086 0  0.8 0.7934119007673086 0  0.9 0.7934119007673086 0  1 0.7934119007673086 0  1.1 0.7934119007673086 0  1.2 0.7934119007673086 0  1.3 0.7934119007673086 0  1.4 0.7934119007673086 0  1.5 0.7934119007673086 0  1.6 0.7934119007673086 0  1.7 0.7934119007673086 0  1.8 0.7934119007673086 0  1.9 0.7934119007673086 0  2 0.7934119007673086 0  0 0.852437071976649 0  0.1 0.852437071976649 0  0.2 0.852437071976649 0  0.3 0.852437071976649 0  0.4 0.852437071976649 0  0.5 0.852437071976649 0  0.6000000000000001 0.852437071976649 0  0.7000000000000001 0.852437071976649 0  0.8 0.852437071976649 0  0.9 0.852437071976649 0  1 0.852437071976649 0  1.1 0.852437071976649 0  1.2 0.852437071976649 0  1.3 0.852437071976649 0  1.4 0.852437071976649 0  1.5 0.852437071976649 0  1.6 0.852437071976649 0  1.7 0.852437071976649 0  1.8 0.852437071976649 0  1.9 0.852437071976649 0  2 0.852437071976649 0  0 0.9114622431859893 0  0.1 0.9114622431859893 0  0.2 0.9114622431859893 0  0.3 0.9114622431859893 0  0.4 0.9114622431859893 0  0.5 0.9114622431859893 0  0.6000000000000001 0.9114622431859893 0  0.7000000000000001 0.9114622431859893 0  0.8 0.9114622431859893 0  0.9 0.9114622431859893 0  1 0.9114622431859893 0  1.1 0.9114622431859893 0  1.2 0.9114622431859893 0  1.3 0.9114622431859893 0  1.4 0.9114622431859893 0  1.5 0.9114622431859893 0  1.6 0.9114622431859893 0  1.7 0.9114622431859893 0  1.8 0.9114622431859893 0  1.9 0.9114622431859893 0  2 0.9114622431859893 0  0 0.9704874143953299 0  0.1 0.9704874143953299 0  0.2 0.9704874143953299 0  0.3 0.9704874143953299 0  0.4 0.9704874143953299 0  0.5 0.9704874143953299 0  0.6000000000000001 0.9704874143953299 0  0.7000000000000001 0.9704874143953299 0  0.8 0.9704874143953299 0  0.9 0.9704874143953299 0  1 0.9704874143953299 0  1.1 0.9704874143953299 0  1.2 0.9704874143953299 0  1.3 0.9704874143953299 0  1.4 0.9704874143953299 0  1.5 0.9704874143953299 0  1.6 0.9704874143953299 0  1.7 0.9704874143953299 0  1.8 0.9704874143953299 0  1.9 0.9704874143953299 0  2 0.9704874143953299 0  0 1.02951258560467 0  0.1 1.02951258560467 0  0.2 1.02951258560467 0  0.3 1.02951258560467 0  0.4 1.02951258560467 0  0.5 1.02951258560467 0  0.6000000000000001 1.02951258560467 0  0.7000000000000001 1.02951258560467 0  0.8 1.02951258560467 0  0.9 1.02951258560467 0  1 1.02951258560467 0  1.1 1.02951258560467 0  1.2 1.02951258560467 0  1.3 1.02951258560467 0  1.4 1.02951258560467 0  1.5 1.02951258560467 0  1.6 1.02951258560467 0  1.7 1.02951258560467 0  1.8 1.02951258560467 0  1.9 1.02951258560467 0  2 1.02951258560467 0  0 1.088537756814011 0  0.1 1.088537756814011 0  0.2 1.088537756814011 0  0.3 1.088537756814011 0  0.4 1.088537756814011 0  0.5 1.088537756814011 0  0.6000000000000001 1.088537756814011 0  0.7000000000000001 1.088537756814011 0  0.8 1.088537756814011 0  0.9 1.088537756814011 0  1 1.088537756814011 0  1.1 1.088537756814011 0  1.2 1.088537756814011 0  1.3 1.088537756814011 0  1.4 1.088537756814011 0  1.5 1.088537756814011 0  1.6 1.088537756814011 0  1.7 1.088537756814011 0  1.8 1.088537756814011 0  1.9 1.088537756814011 0  2 1.088537756814011 0  0 1.147562928023351 0  0.1 1.147562928023351 0  0.2 1.147562928023351 0  0.3 1.147562928023351 0  0.4 1.147562928023351 0  0.5 1.147562928023351 0  0.6000000000000001 1.147562928023351 0  0.7000000000000001 1.147562928023351 0  0.8 1.147562928023351 0  0.9 1.147562928023351 0  1 1.147562928023351 0  1.1 1.147562928023351 0  1.2 1.147562928023351 0  1.3 1.147562928023351 0  1.4 1.147562928023351 0  1.5 1.147562928023351 0  1.6 1.147562928023351 0  1.7 1.147562928023351 0  1.8 1.147562928023351 0  1.9 1.147562928023351 0  2 1.147562928023351 0  0 1.206588099232692 0  0.1 1.206588099232692 0  0.2 1.206588099232692 0  0.3 1.206588099232692 0  0.4 1.206588099232692 0  0.5 1.206588099232692 0  0.6000000000000001 1.206588099232692 0  0.7000000000000001 1.206588099232692 0  0.8 1.206588099232692 0  0.9 1.206588099232692 0  1 1.206588099232692 0  1.1 1.206588099232692 0  1.2 1.206588099232692 0  1.3 1.206588099232692 0  1.4 1.206588099232692 0  1.5 1.206588099232692 0  1.6 1.206588099232692 0  1.7 1.206588099232692 0  1.8 1.206588099232692 0  1.9 1.206588099232692 0  2 1.206588099232692 0  0 1.265613270442032 0  0.1 1.265613270442032 0  0.2 1.265613270442032 0  0.3 1.265613270442032 0  0.4 1.265613270442032 0  0.5 1.265613270442032 0  0.6000000000000001 1.265613270442032 0  0.7000000000000001 1.265613270442032 0  0.8 1.265613270442032 0  0.9 1.265613270442032 0  1 1.265613270442032 0  1.1 1.265613270442032 0  1.2 1.265613270442032 0  1.3 1.265613270442032 0  1.4 1.265613270442032 0  1.5 1.265613270442032 0  1.6 1.265613270442032 0  1.7 1.265613270442032 0  1.8 1.265613270442032 0  1.9 1.265613270442032 0  2 1.265613270442032 0  0 1.324638441651372 0  0.1 1.324638441651372 0  0.2 1.324638441651372 0  0.3 1.324638441651372 0  0.4 1.324638441651372 0  0.5 1.324638441651372 0  0.6000000000000001 1.324638441651372 0  0.7000000000000001 1.324638441651372 0  0.8 1.324638441651372 0  0.9 1.324638441651372 0  1 1.324638441651372 0  1.1 1.324638441651372 0  1.2 1.324638441651372 0  1.3 1.324638441651372 0  1.4 1.324638441651372 0  1.5 1.324638441651372 0  1.6 1.324638441651372 0  1.7 1.324638441651372 0  1.8 1.324638441651372 0  1.9 1.324638441651372 0  2 1.324638441651372 0  0 1.383663612860713 0  0.1 1.383663612860713 0  0.2 1.383663612860713 0  0.3 1.383663612860713 0  0.4 1.383663612860713 0  0.5 1.383663612860713 0  0.6000000000000001 1.383663612860713 0  0.7000000000000001 1.383663612860713 0  0.8 1.383663612860713 0  0.9 1.383663612860713 0  1 1.383663612860713 0  1.1 1.383663612860713 0  1.2 1.383663612860713 0  1.3 1.383663612860713 0  1.4 1.383663612860713 0  1.5 1.383663612860713 0  1.6 1.383663612860713 0  1.7 1.383663612860713 0  1.8 1.383663612860713 0  1.9 1.383663612860713 0  2 1.383663612860713 0  0 1.442688784070053 0  0.1 1.442688784070053 0  0.2 1.442688784070053 0  0.3 1.442688784070053 0  0.4 1.442688784070053 0  0.5 1.442688784070053 0  0.6000000000000001 1.442688784070053 0  0.7000000000000001 1.442688784070053 0  0.8 1.442688784070053 0  0.9 1.442688784070053 0  1 1.442688784070053 0  1.1 1.442688784070053 0  1.2 1.442688784070053 0  1.3 1.442688784070053 0  1.4 1.442688784070053 0  1.5 1.442688784070053 0  1.6 1.442688784070053 0  1.7 1.442688784070053 0  1.8 1.442688784070053 0  1.9 1.442688784070053 0  2 1.442688784070053 0  0 1.501713955279394 0  0.1 1.501713955279394 0  0.2 1.501713955279394 0  0.3 1.501713955279394 0  0.4 1.501713955279394 0  0.5 1.501713955279394 0  0.6000000000000001 1.501713955279394 0  0.7000000000000001 1.501713955279394 0  0.8 1.501713955279394 0  0.9 1.501713955279394 0  1 1.501713955279394 0  1.1 1.501713955279394 0  1.2 1.501713955279394 0  1.3 1.501713955279394 0  1.4 1.501713955279394 0  1.5 1.501713955279394 0  1.6 1.501713955279394 0  1.7 1.501713955279394 0  1.8 1.501713955279394 0  1.9 1.501713955279394 0  2 1.501713955279394 0  0 1.560739126488734 0  0.1 1.560739126488734 0  0.2 1.560739126488734 0  0.3 1.560739126488734 0  0.4 1.560739126488734 0  0.5 1.560739126488734 0  0.6000000000000001 1.560739126488734 0  0.7000000000000001 1.560739126488734 0  0.8 1.560739126488734 0  0.9 1.560739126488734 0  1 1.560739126488734 0  1.1 1.560739126488734 0  1.2 1.560739126488734 0  1.3 1.560739126488734 0  1.4 1.560739126488734 0  1.5 1.560739126488734 0  1.6 1.560739126488734 0  1.7 1.560739126488734 0  1.8 1.560739126488734 0  1.9 1.560739126488734 0  2 1.560739126488734 0  0 1.619764297698075 0  0.1 1.619764297698075 0  0.2 1.619764297698075 0  0.3 1.619764297698075 0  0.4 1.619764297698075 0  0.5 1.619764297698075 0  0.6000000000000001 1.619764297698075 0  0.7000000000000001 1.619764297698075 0  0.8 1.619764297698075 0  0.9 1.619764297698075 0  1 1.619764297698075 0  1.1 1.619764297698075 0  1.2 1.619764297698075 0  1.3 1.619764297698075 0  1.4 1.619764297698075 0  1.5 1.619764297698075 0  1.6 1.619764297698075 0  1.7 1.619764297698075 0  1.8 1.619764297698075 0  1.9 1.619764297698075 0  2 1.619764297698075 0  0 1.678789468907415 0  0.1 1.678789468907415 0  0.2 1.678789468907415 0  0.3 1.678789468907415 0  0.4 1.678789468907415 0  0.5 1.678789468907415 0  0.6000000000000001 1.678789468907415 0  0.7000000000000001 1.678789468907415 0  0.8 1.678789468907415 0  0.9 1.678789468907415 0  1 1.678789468907415 0  1.1 1.678789468907415 0  1.2 1.678789468907415 0  1.3 1.678789468907415 0  1.4 1.678789468907415 0  1.5 1.678789468907415 0  1.6 1.678789468907415 0  1.7 1.678789468907415 0  1.8 1.678789468907415 0  1.9 1.678789468907415 0  2 1.678789468907415 0  0 1.763332185033823 0  0.1 1.763332185033823 0  0.2 1.763332185033823 0  0.3 1.763332185033823 0  0.4 1.763332185033823 0  0.5 1.763332185033823 0  0.6000000000000001 1.763332185033823 0  0.7000000000000001 1.763332185033823 0  0.8 1.763332185033823 0  0.9 1.763332185033823 0  1 1.763332185033823 0  1.1 1.763332185033823 0  1.2 1.763332185033823 0  1.3 1.763332185033823 0  1.4 1.763332185033823 0  1.5 1.763332185033823 0  1.6 1.763332185033823 0  1.7 1.763332185033823 0  1.8 1.763332185033823 0  1.9 1.763332185033823 0  2 1.763332185033823 0  0 1.825956419201534 0  0.1 1.825956419201534 0  0.2 1.825956419201534 0  0.3 1.825956419201534 0  0.4 1.825956419201534 0  0.5 1.825956419201534 0  0.6000000000000001 1.825956419201534 0  0.7000000000000001 1.825956419201534 0  0.8 1.825956419201534 0  0.9 1.825956419201534 0  1 1.825956419201534 0  1.1 1.825956419201534 0  1.2 1.825956419201534 0  1.3 1.825956419201534 0  1.4 1.825956419201534 0  1.5 1.825956419201534 0  1.6 1.825956419201534 0  1.7 1.825956419201534 0  1.8 1.825956419201534 0  1.9 1.825956419201534 0  2 1.825956419201534 0  0 1.872344740807245 0  0.1 1.872344740807245 0  0.2 1.872344740807245 0  0.3 1.872344740807245 0  0.4 1.872344740807245 0  0.5 1.872344740807245 0  0.6000000000000001 1.872344740807245 0  0.7000000000000001 1.872344740807245 0  0.8 1.872344740807245 0  0.9 1.872344740807245 0  1 1.872344740807245 0  1.1 1.872344740807245 0  1.2 1.872344740807245 0  1.3 1.872344740807245 0  1.4 1.872344740807245 0  1.5 1.872344740807245 0  1.6 1.872344740807245 0  1.7 1.872344740807245 0  1.8 1.872344740807245 0  1.9 1.872344740807245 0  2 1.872344740807245 0  0 1.906706460515179 0  0.1 1.906706460515179 0  0.2 1.906706460515179 0  0.3 1.906706460515179 0  0.4 1.906706460515179 0  0.5 1.906706460515179 0  0.6000000000000001 1.906706460515179 0  0.7000000000000001 1.906706460515179 0  0.8 1.906706460515179 0  0.9 1.906706460515179 0  1 1.906706460515179 0  1.1 1.906706460515179 0  1.2 1.906706460515179 0  1.3 1.906706460515179 0  1.4 1.906706460515179 0  1.5 1.906706460515179 0  1.6 1.906706460515179 0  1.7 1.906706460515179 0  1.8 1.906706460515179 0  1.9 1.906706460515179 0  2 1.906706460515179 0  0 1.93215958622476 0  0.1 1.93215958622476 0  0.2 1.93215958622476 0  0.3 1.93215958622476 0  0.4 1.93215958622476 0  0.5 1.93215958622476 0  0.6000000000000001 1.93215958622476 0  0.7000000000000001 1.93215958622476 0  0.8 1.93215958622476 0  0.9 1.93215958622476 0  1 1.93215958622476 0  1.1 1.93215958622476 0  1.2 1.93215958622476 0  1.3 1.93215958622476 0  1.4 1.93215958622476 0  1.5 1.93215958622476 0  1.6 1.93215958622476 0  1.7 1.93215958622476 0  1.8 1.93215958622476 0  1.9 1.93215958622476 0  2 1.93215958622476 0  0 1.951013753417042 0  0.1 1.951013753417042 0  0.2 1.951013753417042 0  0.3 1.951013753417042 0  0.4 1.951013753417042 0  0.5 1.951013753417042 0  0.6000000000000001 1.951013753417042 0  0.7000000000000001 1.951013753417042 0  0.8 1.951013753417042 0  0.9 1.951013753417042 0  1 1.951013753417042 0  1.1 1.951013753417042 0  1.2 1.951013753417042 0  1.3 1.951013753417042 0  1.4 1.951013753417042 0  1.5 1.951013753417042 0  1.6 1.951013753417042 0  1.7 1.951013753417042 0  1.8 1.951013753417042 0  1.9 1.951013753417042 0  2 1.951013753417042 0  0 1.964979803189103 0  0.1 1.964979803189103 0  0.2 1.964979803189103 0  0.3 1.964979803189103 0  0.4 1.964979803189103 0  0.5 1.964979803189103 0  0.6000000000000001 1.964979803189103 0  0.7000000000000001 1.964979803189103 0  0.8 1.964979803189103 0  0.9 1.964979803189103 0  1 1.964979803189103 0  1.1 1.964979803189103 0  1.2 1.964979803189103 0  1.3 1.964979803189103 0  1.4 1.964979803189103 0  1.5 1.964979803189103 0  1.6 1.964979803189103 0  1.7 1.964979803189103 0  1.8 1.964979803189103 0  1.9 1.964979803189103 0  2 1.964979803189103 0  0 1.975325025242481 0  0.1 1.975325025242481 0  0.2 1.975325025242481 0  0.3 1.975325025242481 0  0.4 1.975325025242481 0  0.5 1.975325025242481 0  0.6000000000000001 1.975325025242481 0  0.7000000000000001 1.975325025242481 0  0.8 1.975325025242481 0  0.9 1.975325025242481 0  1 1.975325025242481 0  1.1 1.975325025242481 0  1.2 1.975325025242481 0  1.3 1.975325025242481 0  1.4 1.975325025242481 0  1.5 1.975325025242481 0  1.6 1.975325025242481 0  1.7 1.975325025242481 0  1.8 1.975325025242481 0  1.9 1.975325025242481 0  2 1.975325025242481 0  0 1.982988152689428 0  0.1 1.982988152689428 0  0.2 1.982988152689428 0  0.3 1.982988152689428 0  0.4 1.982988152689428 0  0.5 1.982988152689428 0  0.6000000000000001 1.982988152689428 0  0.7000000000000001 1.982988152689428 0  0.8 1.982988152689428 0  0.9 1.982988152689428 0  1 1.982988152689428 0  1.1 1.982988152689428 0  1.2 1.982988152689428 0  1.3 1.982988152689428 0  1.4 1.982988152689428 0  1.5 1.982988152689428 0  1.6 1.982988152689428 0  1.7 1.982988152689428 0  1.8 1.982988152689428 0  1.9 1.982988152689428 0  2 1.982988152689428 0  0 1.98866454339087 0  0.1 1.98866454339087 0  0.2 1.98866454339087 0  0.3 1.98866454339087 0  0.4 1.98866454339087 0  0.5 1.98866454339087 0  0.6000000000000001 1.98866454339087 0  0.7000000000000001 1.98866454339087 0  0.8 1.98866454339087 0  0.9 1.98866454339087 0  1 1.98866454339087 0  1.1 1.98866454339087 0  1.2 1.98866454339087 0  1.3 1.98866454339087 0  1.4 1.98866454339087 0  1.5 1.98866454339087 0  1.6 1.98866454339087 0  1.7 1.98866454339087 0  1.8 1.98866454339087 0  1.9 1.98866454339087 0  2 1.98866454339087 0  0 1.99286927724379 0  0.1 1.99286927724379 0  0.2 1.99286927724379 0  0.3 1.99286927724379 0  0.4 1.99286927724379 0  0.5 1.99286927724379 0  0.6000000000000001 1.99286927724379 0  0.7000000000000001 1.99286927724379 0  0.8 1.99286927724379 0  0.9 1.99286927724379 0  1 1.99286927724379 0  1.1 1.99286927724379 0  1.2 1.99286927724379 0  1.3 1.99286927724379 0  1.4 1.99286927724379 0  1.5 1.99286927724379 0  1.6 1.99286927724379 0  1.7 1.99286927724379 0  1.8 1.99286927724379 0  1.9 1.99286927724379 0  2 1.99286927724379 0  0 1.99598389491262 0  0.1 1.99598389491262 0  0.2 1.99598389491262 0  0.3 1.99598389491262 0  0.4 1.99598389491262 0  0.5 1.99598389491262 0  0.6000000000000001 1.99598389491262 0  0.7000000000000001 1.99598389491262 0  0.8 1.99598389491262 0  0.9 1.99598389491262 0  1 1.99598389491262 0  1.1 1.99598389491262 0  1.2 1.99598389491262 0  1.3 1.99598389491262 0  1.4 1.99598389491262 0  1.5 1.99598389491262 0  1.6 1.99598389491262 0  1.7 1.99598389491262 0  1.8 1.99598389491262 0  1.9 1.99598389491262 0  2 1.99598389491262 0  0 1.998291019111753 0  0.1 1.998291019111753 0  0.2 1.998291019111753 0  0.3 1.998291019111753 0  0.4 1.998291019111753 0  0.5 1.998291019111753 0  0.6000000000000001 1.998291019111753 0  0.7000000000000001 1.998291019111753 0  0.8 1.998291019111753 0  0.9 1.998291019111753 0  1 1.998291019111753 0  1.1 1.998291019111753 0  1.2 1.998291019111753 0  1.3 1.998291019111753 0  1.4 1.998291019111753 0  1.5 1.998291019111753 0  1.6 1.998291019111753 0  1.7 1.998291019111753 0  1.8 1.998291019111753 0  1.9 1.998291019111753 0  2 1.998291019111753 0  0 2 0  0.1 2 0  0.2 2 0  0.3 2 0  0.4 2 0  0.5 2 0  0.6000000000000001 2 0  0.7000000000000001 2 0  0.8 2 0  0.9 2 0  1 2 0  1.1 2 0  1.2 2 0  1.3 2 0  1.4 2 0  1.5 2 0  1.6 2 0  1.7 2 0  1.8 2 0  1.9 2 0  2 2 0  </DataArray>
</Points>
<Cells>
<DataArray  type="UInt32"  Name="connectivity"  format="ascii">0 1 22  0 21 22  1 2 23  1 22 23  2 3 24  2 23 24  3 4 25  3 24 25  4 5 26  4 25 26  5 6 27  5 26 27  6 7 28  6 27 28  7 8 29  7 28 29  8 9 30  8 29 30  9 10 31  9 30 31  10 11 32  10 31 32  11 12 33  11 32 33  12 13 34  12 33 34  13 14 35  13 34 35  14 15 36  14 35 36  15 16 37  15 36 37  16 17 38  16 37 38  17 18 39  17 38 39  18 19 40  18 39 40  19 20 41  19 40 41  21 22 43  21 42 43  22 23 44  22 43 44  23 24 45  23 44 45  24 25 46  24 45 46  25 26 47  25 46 47  26 27 48  26 47 48  27 28 49  27 48 49  28 29 50  28 49 50  29 30 51  29 50 51  30 31 52  30 51 52  31 32 53  31 52 53  32 33 54  32 53 54  33 34 55  33 54 55  34 35 56  34 55 56  35 36 57  35 56 57  36 37 58  36 57 58  37 38 59  37 58 59  38 39 60  38 59 60  39 40 61  39 60 61  40 41 62  40 61 62  42 43 64  42 63 64  43 44 65  43 64 65  44 45 66  44 65 66  45 46 67  45 66 67  46 47 68  46 67 68  47 48 69  47 68 69  48 49 70  48 69 70  49 50 71  49 70 71  50 51 72  50 71 72  51 52 73  51 72 73  52 53 74  52 73 74  53 54 75  53 74 75  54 55 76  54 75 76  55 56 77  55 76 77  56 57 78  56 77 78  57 58 79  57 78 79  58 59 80  58 79 80  59 60 81  59 80 81  60 61 82  60 81 82  61 62 83  61 82 83  63 64 85  63 84 85  64 65 86  64 85 86  65 66 87  65 86 87  66 67 88  66 87 88  67 68 89  67 88 89  68 69 90  68 89 90  69 70 91  69 90 91  70 71 92  70 91 92  71 72 93  71 92 93  72 73 94  72 93 94  73 74 95  73 94 95  74 75 96  74 95 96  75 76 97  75 96 97  76 77 98  76 97 98  77 78 99  77 98 99  78 79 100  78 99 100  79 80 101  79 100 101  80 81 102  80 101 102  81 82 103  81 102 103  82 83 104  82 103 104  84 85 106  84 105 106  85 86 107  85 106 107  86 87 108  86 107 108  87 88 109  87 108 109  88 89 110  88 109 110  89 90 111  89 110 111  90 91 112  90 111 112  91 92 113  91 112 113  92 93 114  92 113 114  93 94 115  93 114 115  94 95 116  94 115 116  95 96 117  95 116 117  96 97 118  96 117 118  97 98 119  97 118 119  98 99 120  98 119 120  99 100 121  99 120 121  100 101 122  100 121 122  101 102 123  101 122 123  102 103 124  102 123 124  103 104 125  103 124 125  105 106 127  105 126 127  106 107 128  106 127 128  107 108 129  107 128 129  108 109 130  108 129 130  109 110 131  109 130 131  110 111 132  110 131 132  111 112 133  111 132 133  112 113 134  112 133 134  113 114 135  113 134 135  114 115 136  114 135 136  115 116 137  115 136 137  116 117 138  116 137 138  117 118 139  117 138 139  118 119 140  118 139 140  119 120 141  119 140 141  120 121 142  120 141 142  121 122 143  121 142 143  122 123 144  122 143 144  123 124 145  123 144 145  124 125 146  124 145 146  126 127 148  126 147 148  127 128 149  127 148 149  128 129 150  128 149 150  129 130 151  129 150 151  130 131 152  130 151 152  131 132 153  131 152 153  132 133 154  132 153 154  133 134 155  133 154 155  134 135 156  134 155 156  135 136 157  135 156 157  136 137 158  136 157 158  137 138 159  137 158 159  138 139 160  138 159 160  139 140 161  139 160 161  140 141 162  140 161 162  141 142 163  141 162 163  142 143 164  142 163 164  143 144 165  143 164 165  144 145 166  144 165 166  145 146 167  145 166 167  147 148 169  147 168 169  148 149 170  148 169 170  149 150 171  149 170 171  150 151 172  150 171 172  151 152 173  151 172 173  152 153 174  152 173 174  153 154 175  153 174 175  154 155 176  154 175 176  155 156 177  155 176 177  156 157 178  156 177 178  157 158 179  157 178 179  158 159 180  158 179 180  159 160 181  159 180 181  160 161 182  160 181 182  161 162 183  161 182 183  162 163 184  162 183 184  163 164 185  163 184 185  164 165 186  164 185 186  165 166 187  165 186 187  166 167 188  166 187 188  168 169 190  168 189 190  169 170 191  169 190 191  170 171 192  170 191 192  171 172 193  171 192 193  172 173 194  172 193 194  173 174 195  173 194 195  174 175 196  174 195 196  175 176 197  175 196 197  176 177 198  176 197 198  177 178 199  177 198 199  178 179 200  178 199 200  179 180 201  179 200 201  180 181 202  180 201 202  181 182 203  181 202 203  182 183 204  182 203 204  183 184 205  183 204 205  184 185 206  184 205 206  185 186 207  185 206 207  186 187 208  186 207 208  187 188 209  187 208 209  189 190 211  189 210 211  190 191 212  190 211 212  191 192 213  191 212 213  192 193 214  192 213 214  193 194 215  193 214 215  194 195 216  194 215 216  195 196 217  195 216 217  196 197 218  196 217 218  197 198 219  197 218 219  198 199 220  198 219 220  199 200 221  199 220 221  200 201 222  200 221 222  201 202 223  201 222 223  202 203 224  202 223 224  203 204 225  203 224 225  204 205 226  204 225 226  205 206 227  205 226 227  206 207 228  206 227 228  207 208 229  207 228 229  208 209 230  208 229 230  210 211 232  210 231 232  211 212 233  211 232 233  212 213 234  212 233 234  213 214 235  213 234 235  214 215 236  214 235 236  215 216 237  215 236 237  216 217 238  216 237 238  217 218 239  217 238 239  218 219 240  218 239 240  219 220 241  219 240 241  220 221 242  220 241 242  221 222 243  221 242 243  222 223 244  222 243 244  223 224 245  223 244 245  224 225 246  224 245 246  225 226 247  225 246 247  226 227 248  226 247 248  227 228 249  227 248 249  228 229 250  228 249 250  229 230 251  229 250 251  231 232 253  231 252 253  232 233 254  232 253 254  233 234 255  233 254 255  234 235 256  234 255 256  235 236 257  235 256 257  236 237 258  236 257 258  237 238 259  237 258 259  238 239 260  238 259 260  239 240 261  239 260 261  240 241 262  240 261 262  241 242 263  241 262 263  242 243 264  242 263 264  243 244 265  243 264 265  244 245 266  244 265 266  245 246 267  245 266 267  246 247 268  246 267 268  247 248 269  247 268 269  248 249 270  248 269 270  249 250 271  249 270 271  250 251 272  250 271 272  252 253 274  252 273 274  253 254 275  253 274 275  254 255 276  254 275 276  255 256 277  255 276 277  256 257 278  256 277 278  257 258 279  257 278 279  258 259 280  258 279 280  259 260 281  259 280 281  260 261 282  260 281 282  261 262 283  261 282 283  262 263 284  262 283 284  263 264 285  263 284 285  264 265 286  264 285 286  265 266 287  265 286 287  266 267 288  266 287 288  267 268 289  267 288 289  268 269 290  268 289 290  269 270 291  269 290 291  270 271 292  270 291 292  271 272 293  271 292 293  273 274 295  273 294 295  274 275 296  274 295 296  275 276 297  275 296 297  276 277 298  276 297 298  277 278 299  277 298 299  278 279 300  278 299 300  279 280 301  279 300 301  280 281 302  280 301 302  281 282 303  281 302 303  282 283 304  282 303 304  283 284 305  283 304 305  284 285 306  284 305 306  285 286 307  285 306 307  286 287 308  286 307 308  287 288 309  287 308 309  288 289 310  288 309 310  289 290 311  289 310 311  290 291 312  290 311 312  291 292 313  291 312 313  292 293 314  292 313 314  294 295 316  294 315 316  295 296 317  295 316 317  296 297 318  296 317 318  297 298 319  297 318 319  298 299 320  298 319 320  299 300 321  299 320 321  300 301 322  300 321 322  301 302 323  301 322 323  302 303 324  302 323 324  303 304 325  303 324 325  304 305 326  304 325 326  305 306 327  305 326 327  306 307 328  306 327 328  307 308 329  307 328 329  308 309 330  308 329 330  309 310 331  309 330 331  310 311 332  310 331 332  311 312 333  311 332 333  312 313 334  312 333 334  313 314 335  313 334 335  315 316 337  315 336 337  316 317 338  316 337 338  317 318 339  317 338 339  318 319 340  318 339 340  319 320 341  319 340 341  320 321 342  320 341 342  321 322 343  321 342 343  322 323 344  322 343 344  323 324 345  323 344 345  324 325 346  324 345 346  325 326 347  325 346 347  326 327 348  326 347 348  327 328 349  327 348 349  328 329 350  328 349 350  329 330 351  329 350 351  330 331 352  330 351 352  331 332 353  331 352 353  332 333 354  332 353 354  333 334 355  333 354 355  334 335 356  334 355 356  336 337 358  336 357 358  337 338 359  337 358 359  338 339 360  338 359 360  339 340 361  339 360 361  340 341 362  340 361 362  341 342 363  341 362 363  342 343 364  342 363 364  343 344 365  343 364 365  344 345 366  344 365 366  345 346 367  345 366 367  346 347 368  346 367 368  347 348 369  347 368 369  348 349 370  348 369 370  349 350 371  349 370 371  350 351 372  350 371 372  351 352 373  351 372 373  352 353 374  352 373 374  353 354 375  353 374 375  354 355 376  354 375 376  355 356 377  355 376 377  357 358 379  357 378 379  358 359 380  358 379 380  359 360 381  359 380 381  360 361 382  360 381 382  361 362 383  361 382 383  362 363 384  362 383 384  363 364 385  363 384 385  364 365 386  364 385 386  365 366 387  365 386 387  366 367 388  366 387 388  367 368 389  367 388 389  368 369 390  368 389 390  369 370 391  369 390 391  370 371 392  370 391 392  371 372 393  371 392 393  372 373 394  372 393 394  373 374 395  373 394 395  374 375 396  374 395 396  375 376 397  375 396 397  376 377 398  376 397 398  378 379 400  378 399 400  379 380 401  379 400 401  380 381 402  380 401 402  381 382 403  381 402 403  382 383 404  382 403 404  383 384 405  383 404 405  384 385 406  384 405 406  385 386 407  385 406 407  386 387 408  386 407 408  387 388 409  387 408 409  388 389 410  388 409 410  389 390 411  389 410 411  390 391 412  390 411 412  391 392 413  391 412 413  392 393 414  392 413 414  393 394 415  393 414 415  394 395 416  394 415 416  395 396 417  395 416 417  396 397 418  396 417 418  397 398 419  397 418 419  399 400 421  399 420 421  400 401 422  400 421 422  401 402 423  401 422 423  402 403 424  402 423 424  403 404 425  403 424 425  404 405 426  404 425 426  405 406 427  405 426 427  406 407 428  406 427 428  407 408 429  407 428 429  408 409 430  408 429 430  409 410 431  409 430 431  410 411 432  410 431 432  411 412 433  411 432 433  412 413 434  412 433 434  413 414 435  413 434 435  414 415 436  414 435 436  415 416 437  415 436 437  416 417 438  416 437 438  417 418 439  417 438 439  418 419 440  418 439 440  420 421 442  420 441 442  421 422 443  421 442 443  422 423 444  422 443 444  423 424 445  423 444 445  424 425 446  424 445 446  425 426 447  425 446 447  426 427 448  426 447 448  427 428 449  427 448 449  428 429 450  428 449 450  429 430 451  429 450 451  430 431 452  430 451 452  431 432 453  431 452 453  432 433 454  432 453 454  433 434 455  433 454 455  434 435 456  434 455 456  435 436 457  435 456 457  436 437 458  436 457 458  437 438 459  437 458 459  438 439 460  438 459 460  439 440 461  439 460 461  441 442 463  441 462 463  442 443 464  442 463 464  443 444 465  443 464 465  444 445 466  444 465 466  445 446 467  445 466 467  446 447 468  446 467 468  447 448 469  447 468 469  448 449 470  448 469 470  449 450 471  449 470 471  450 451 472  450 471 472  451 452 473  451 472 473  452 453 474  452 473 474  453 454 475  453 474 475  454 455 476  454 475 476  455 456 477  455 476 477  456 457 478  456 477 478  457 458 479  457 478 479  458 459 480  458 479 480  459 460 481  459 480 481  460 461 482  460 481 482  462 463 484  462 483 484  463 464 485  463 484 485  464 465 486  464 485 486  465 466 487  465 486 487  466 467 488  466 487 488  467 468 489  467 488 489  468 469 490  468 489 490  469 470 491  469 490 491  470 471 492  470 491 492  471 472 493  471 492 493  472 473 494  472 493 494  473 474 495  473 494 495  474 475 496  474 495 496  475 476 497  475 496 497  476 477 498  476 497 498  477 478 499  477 498 499  478 479 500  478 499 500  479 480 501  479 500 501  480 481 502  480 501 502  481 482 503  481 502 503  483 484 505  483 504 505  484 485 506  484 505 506  485 486 507  485 506 507  486 487 508  486 507 508  487 488 509  487 508 509  488 489 510  488 509 510  489 490 511  489 510 511  490 491 512  490 511 512  491 492 513  491 512 513  492 493 514  492 513 514  493 494 515  493 514 515  494 495 516  494 515 516  495 496 517  495 516 517  496 497 518  496 517 518  497 498 519  497 518 519  498 499 520  498 519 520  499 500 521  499 520 521  500 501 522  500 521 522  501 502 523  501 522 523  502 503 524  502 523 524  504 505 526  504 525 526  505 506 527  505 526 527  506 507 528  506 527 528  507 508 529  507 528 529  508 509 530  508 529 530  509 510 531  509 530 531  510 511 532  510 531 532  511 512 533  511 532 533  512 513 534  512 533 534  513 514 535  513 534 535  514 515 536  514 535 536  515 516 537  515 536 537  516 517 538  516 537 538  517 518 539  517 538 539  518 519 540  518 539 540  519 520 541  519 540 541  520 521 542  520 541 542  521 522 543  521 542 543  522 523 544  522 543 544  523 524 545  523 544 545  525 526 547  525 546 547  526 527 548  526 547 548  527 528 549  527 548 549  528 529 550  528 549 550  529 530 551  529 550 551  530 531 552  530 551 552  531 532 553  531 552 553  532 533 554  532 553 554  533 534 555  533 554 555  534 535 556  534 555 556  535 536 557  535 556 557  536 537 558  536 557 558  537 538 559  537 558 559  538 539 560  538 559 560  539 540 561  539 560 561  540 541 562  540 561 562  541 542 563  541 562 563  542 543 564  542 563 564  543 544 565  543 564 565  544 545 566  544 565 566  546 547 568  546 567 568  547 548 569  547 568 569  548 549 570  548 569 570  549 550 571  549 570 571  550 551 572  550 571 572  551 552 573  551 572 573  552 553 574  552 573 574  553 554 575  553 574 575  554 555 576  554 575 576  555 556 577  555 576 577  556 557 578  556 577 578  557 558 579  557 578 579  558 559 580  558 579 580  559 560 581  559 580 581  560 561 582  560 581 582  561 562 583  561 582 583  562 563 584  562 583 584  563 564 585  563 584 585  564 565 586  564 585 586  565 566 587  565 586 587  567 568 589  567 588 589  568 569 590  568 589 590  569 570 591  569 590 591  570 571 592  570 591 592  571 572 593  571 592 593  572 573 594  572 593 594  573 574 595  573 594 595  574 575 596  574 595 596  575 576 597  575 596 597  576 577 598  576 597 598  577 578 599  577 598 599  578 579 600  578 599 600  579 580 601  579 600 601  580 581 602  580 601 602  581 582 603  581 602 603  582 583 604  582 603 604  583 584 605  583 604 605  584 585 606  584 605 606  585 586 607  585 606 607  586 587 608  586 607 608  588 589 610  588 609 610  589 590 611  589 610 611  590 591 612  590 611 612  591 592 613  591 612 613  592 593 614  592 613 614  593 594 615  593 614 615  594 595 616  594 615 616  595 596 617  595 616 617  596 597 618  596 617 618  597 598 619  597 618 619  598 599 620  598 619 620  599 600 621  599 620 621  600 601 622  600 621 622  601 602 623  601 622 623  602 603 624  602 623 624  603 604 625  603 624 625  604 605 626  604 625 626  605 606 627  605 626 627  606 607 628  606 627 628  607 608 629  607 628 629  609 610 631  609 630 631  610 611 632  610 631 632  611 612 633  611 632 633  612 613 634  612 633 634  613 614 635  613 634 635  614 615 636  614 635 636  615 616 637  615 636 637  616 617 638  616 637 638  617 618 639  617 638 639  618 619 640  618 639 640  619 620 641  619 640 641  620 621 642  620 641 642  621 622 643  621 642 643  622 623 644  622 643 644  623 624 645  623 644 645  624 625 646  624 645 646  625 626 647  625 646 647  626 627 648  626 647 648  627 628 649  627 648 649  628 629 650  628 649 650  630 631 652  630 651 652  631 632 653  631 652 653  632 633 654  632 653 654  633 634 655  633 654 655  634 635 656  634 655 656  635 636 657  635 656 657  636 637 658  636 657 658  637 638 659  637 658 659  638 639 660  638 659 660  639 640 661  639 660 661  640 641 662  640 661 662  641 642 663  641 662 663  642 643 664  642 663 664  643 644 665  643 664 665  644 645 666  644 665 666  645 646 667  645 666 667  646 647 668  646 667 668  647 648 669  647 668 669  648 649 670  648 669 670  649 650 671  649 670 671  651 652 673  651 672 673  652 653 674  652 673 674  653 654 675  653 674 675  654 655 676  654 675 676  655 656 677  655 676 677  656 657 678  656 677 678  657 658 679  657 678 679  658 659 680  658 679 680  659 660 681  659 680 681  660 661 682  660 681 682  661 662 683  661 682 683  662 663 684  662 683 684  663 664 685  663 684 685  664 665 686  664 685 686  665 666 687  665 686 687  666 667 688  666 687 688  667 668 689  667 688 689  668 669 690  668 689 690  669 670 691  669 690 691  670 671 692  670 691 692  672 673 694  672 693 694  673 674 695  673 694 695  674 675 696  674 695 696  675 676 697  675 696 697  676 677 698  676 697 698  677 678 699  677 698 699  678 679 700  678 699 700  679 680 701  679 700 701  680 681 702  680 701 702  681 682 703  681 702 703  682 683 704  682 703 704  683 684 705  683 704 705  684 685 706  684 705 706  685 686 707  685 706 707  686 687 708  686 707 708  687 688 709  687 708 709  688 689 710  688 709 710  689 690 711  689 710 711  690 691 712  690 711 712  691 692 713  691 712 713  693 694 715  693 714 715  694 695 716  694 715 716  695 696 717  695 716 717  696 697 718  696 717 718  697 698 719  697 718 719  698 699 720  698 719 720  699 700 721  699 720 721  700 701 722  700 721 722  701 702 723  701 722 723  702 703 724  702 723 724  703 704 725  703 724 725  704 705 726  704 725 726  705 706 727  705 726 727  706 707 728  706 727 728  707 708 729  707 728 729  708 709 730  708 729 730  709 710 731  709 730 731  710 711 732  710 731 732  711 712 733  711 732 733  712 713 734  712 733 734  714 715 736  714 735 736  715 716 737  715 736 737  716 717 738  716 737 738  717 718 739  717 738 739  718 719 740  718 739 740  719 720 741  719 740 741  720 721 742  720 741 742  721 722 743  721 742 743  722 723 744  722 743 744  723 724 745  723 744 745  724 725 746  724 745 746  725 726 747  725 746 747  726 727 748  726 747 748  727 728 749  727 748 749  728 729 750  728 749 750  729 730 751  729 750 751  730 731 752  730 751 752  731 732 753  731 752 753  732 733 754  732 753 754  733 734 755  733 754 755  735 736 757  735 756 757  736 737 758  736 757 758  737 738 759  737 758 759  738 739 760  738 759 760  739 740 761  739 760 761  740 741 762  740 761 762  741 742 763  741 762 763  742 743 764  742 763 764  743 744 765  743 764 765  744 745 766  744 765 766  745 746 767  745 766 767  746 747 768  746 767 768  747 748 769  747 768 769  748 749 770  748 769 770  749 750 771  749 770 771  750 751 772  750 771 772  751 752 773  751 772 773  752 753 774  752 773 774  753 754 775  753 774 775  754 755 776  754 775 776  756 757 778  756 777 778  757 758 779  757 778 779  758 759 780  758 779 780  759 760 781  759 780 781  760 761 782  760 781 782  761 762 783  761 782 783  762 763 784  762 783 784  763 764 785  763 784 785  764 765 786  764 785 786  765 766 787  765 786 787  766 767 788  766 787 788  767 768 789  767 788 789  768 769 790  768 789 790  769 770 791  769 790 791  770 771 792  770 791 792  771 772 793  771 792 793  772 773 794  772 793 794  773 774 795  773 794 795  774 775 796  774 795 796  775 776 797  775 796 797  777 778 799  777 798 799  778 779 800  778 799 800  779 780 801  779 800 801  780 781 802  780 801 802  781 782 803  781 802 803  782 783 804  782 803 804  783 784 805  783 804 805  784 785 806  784 805 806  785 786 807  785 806 807  786 787 808  786 807 808  787 788 809  787 808 809  788 789 810  788 809 810  789 790 811  789 810 811  790 791 812  790 811 812  791 792 813  791 812 813  792 793 814  792 813 814  793 794 815  793 814 815  794 795 816  794 815 816  795 796 817  795 816 817  796 797 818  796 817 818  798 799 820  798 819 820  799 800 821  799 820 821  800 801 822  800 821 822  801 802 823  801 822 823  802 803 824  802 823 824  803 804 825  803 824 825  804 805 826  804 825 826  805 806 827  805 826 827  806 807 828  806 827 828  807 808 829  807 828 829  808 809 830  808 829 830  809 810 831  809 830 831  810 811 832  810 831 832  811 812 833  811 832 833  812 813 834  812 833 834  813 814 835  813 834 835  814 815 836  814 835 836  815 816 837  815 836 837  816 817 838  816 837 838  817 818 839  817 838 839  819 820 841  819 840 841  820 821 842  820 841 842  821 822 843  821 842 843  822 823 844  822 843 844  823 824 845  823 844 845  824 825 846  824 845 846  825 826 847  825 846 847  826 827 848  826 847 848  827 828 849  827 848 849  828 829 850  828 849 850  829 830 851  829 850 851  830 831 852  830 851 852  831 832 853  831 852 853  832 833 854  832 853 854  833 834 855  833 854 855  834 835 856  834 855 856  835 836 857  835 856 857  836 837 858  836 857 858  837 838 859  837 858 859  838 839 860  838 859 860  840 841 862  840 861 862  841 842 863  841 862 863  842 843 864  842 863 864  843 844 865  843 864 865  844 845 866  844 865 866  845 846 867  845 866 867  846 847 868  846 867 868  847 848 869  847 868 869  848 849 870  848 869 870  849 850 871  849 870 871  850 851 872  850 871 872  851 852 873  851 872 873  852 853 874  852 873 874  853 854 875  853 874 875  854 855 876  854 875 876  855 856 877  855 876 877  856 857 878  856 877 878  857 858 879  857 878 879  858 859 880  858 879 880  859 860 881  859 880 881  861 862 883  861 882 883  862 863 884  862 883 884  863 864 885  863 884 885  864 865 886  864 885 886  865 866 887  865 886 887  866 867 888  866 887 888  867 868 889  867 888 889  868 869 890  868 889 890  869 870 891  869 890 891  870 871 892  870 891 892  871 872 893  871 892 893  872 873 894  872 893 894  873 874 895  873 894 895  874 875 896  874 895 896  875 876 897  875 896 897  876 877 898  876 897 898  877 878 899  877 898 899  878 879 900  878 899 900  879 880 901  879 900 901  880 881 902  880 901 902  882 883 904  882 903 904  883 884 905  883 904 905  884 885 906  884 905 906  885 886 907  885 906 907  886 887 908  886 907 908  887 888 909  887 908 909  888 889 910  888 909 910  889 890 911  889 910 911  890 891 912  890 911 912  891 892 913  891 912 913  892 893 914  892 913 914  893 894 915  893 914 915  894 895 916  894 915 916  895 896 917  895 916 917  896 897 918  896 917 918  897 898 919  897 918 919  898 899 920  898 919 920  899 900 921  899 920 921  900 901 922  900 921 922  901 902 923  901 922 923  903 904 925  903 924 925  904 905 926  904 925 926  905 906 927  905 926 927  906 907 928  906 927 928  907 908 929  907 928 929  908 909 930  908 929 930  909 910 931  909 930 931  910 911 932  910 931 932  911 912 933  911 932 933  912 913 934  912 933 934  913 914 935  913 934 935  914 915 936  914 935 936  915 916 937  915 936 937  916 917 938  916 937 938  917 918 939  917 938 939  918 919 940  918 939 940  919 920 941  919 940 941  920 921 942  920 941 942  921 922 943  921 942 943  922 923 944  922 943 944  924 925 946  924 945 946  925 926 947  925 946 947  926 927 948  926 947 948  927 928 949  927 948 949  928 929 950  928 949 950  929 930 951  929 950 951  930 931 952  930 951 952  931 932 953  931 952 953  932 933 954  932 953 954  933 934 955  933 954 955  934 935 956  934 955 956  935 936 957  935 956 957  936 937 958  936 957 958  937 938 959  937 958 959  938 939 960  938 959 960  939 940 961  939 960 961  940 941 962  940 961 962  941 942 963  941 962 963  942 943 964  942 963 964  943 944 965  943 964 965  945 946 967  945 966 967  946 947 968  946 967 968  947 948 969  947 968 969  948 949 970  948 969 970  949 950 971  949 970 971  950 951 972  950 971 972  951 952 973  951 972 973  952 953 974  952 973 974  953 954 975  953 974 975  954 955 976  954 975 976  955 956 977  955 976 977  956 957 978  956 977 978  957 958 979  957 978 979  958 959 980  958 979 980  959 960 981  959 980 981  960 961 982  960 981 982  961 962 983  961 982 983  962 963 984  962 983 984  963 964 985  963 984 985  964 965 986  964 985 986  966 967 988  966 987 988  967 968 989  967 988 989  968 969 990  968 989 990  969 970 991  969 990 991  970 971 992  970 991 992  971 972 993  971 992 993  972 973 994  972 993 994  973 974 995  973 994 995  974 975 996  974 995 996  975 976 997  975 996 997  976 977 998  976 997 998  977 978 999  977 998 999  978 979 1000  978 999 1000  979 980 1001  979 1000 1001  980 981 1002  980 1001 1002  981 982 1003  981 1002 1003  982 983 1004  982 1003 1004  983 984 1005  983 1004 1005  984 985 1006  984 1005 1006  985 986 1007  985 1006 1007  987 988 1009  987 1008 1009  988 989 1010  988 1009 1010  989 990 1011  989 1010 1011  990 991 1012  990 1011 1012  991 992 1013  991 1012 1013  992 993 1014  992 1013 1014  993 994 1015  993 1014 1015  994 995 1016  994 1015 1016  995 996 1017  995 1016 1017  996 997 1018  996 1017 1018  997 998 1019  997 1018 1019  998 999 1020  998 1019 1020  999 1000 1021  999 1020 1021  1000 1001 1022  1000 1021 1022  1001 1002 1023  1001 1022 1023  1002 1003 1024  1002 1023 1024  1003 1004 1025  1003 1024 1025  1004 1005 1026  1004 1025 1026  1005 1006 1027  1005 1026 1027  1006 1007 1028  1006 1027 1028  1008 1009 1030  1008 1029 1030  1009 1010 1031  1009 1030 1031  1010 1011 1032  1010 1031 1032  1011 1012 1033  1011 1032 1033  1012 1013 1034  1012 1033 1034  1013 1014 1035  1013 1034 1035  1014 1015 1036  1014 1035 1036  1015 1016 1037  1015 1036 1037  1016 1017 1038  1016 1037 1038  1017 1018 1039  1017 1038 1039  1018 1019 1040  1018 1039 1040  1019 1020 1041  1019 1040 1041  1020 1021 1042  1020 1041 1042  1021 1022 1043  1021 1042 1043  1022 1023 1044  1022 1043 1044  1023 1024 1045  1023 1044 1045  1024 1025 1046  1024 1045 1046  1025 1026 1047  1025 1046 1047  1026 1027 1048  1026 1047 1048  1027 1028 1049  1027 1048 1049  1029 1030 1051  1029 1050 1051  1030 1031 1052  1030 1051 1052  1031 1032 1053  1031 1052 1053  1032 1033 1054  1032 1053 1054  1033 1034 1055  1033 1054 1055  1034 1035 1056  1034 1055 1056  1035 1036 1057  1035 1056 1057  1036 1037 1058  1036 1057 1058  1037 1038 1059  1037 1058 1059  1038 1039 1060  1038 1059 1060  1039 1040 1061  1039 1060 1061  1040 1041 1062  1040 1061 1062  1041 1042 1063  1041 1062 1063  1042 1043 1064  1042 1063 1064  1043 1044 1065  1043 1064 1065  1044 1045 1066  1044 1065 1066  1045 1046 1067  1045 1066 1067  1046 1047 1068  1046 1067 1068  1047 1048 1069  1047 1068 1069  1048 1049 1070  1048 1069 1070  1050 1051 1072  1050 1071 1072  1051 1052 1073  1051 1072 1073  1052 1053 1074  1052 1073 1074  1053 1054 1075  1053 1074 1075  1054 1055 1076  1054 1075 1076  1055 1056 1077  1055 1076 1077  1056 1057 1078  1056 1077 1078  1057 1058 1079  1057 1078 1079  1058 1059 1080  1058 1079 1080  1059 1060 1081  1059 1080 1081  1060 1061 1082  1060 1081 1082  1061 1062 1083  1061 1082 1083  1062 1063 1084  1062 1083 1084  1063 1064 1085  1063 1084 1085  1064 1065 1086  1064 1085 1086  1065 1066 1087  1065 1086 1087  1066 1067 1088  1066 1087 1088  1067 1068 1089  1067 1088 1089  1068 1069 1090  1068 1089 1090  1069 1070 1091  1069 1090 1091  </DataArray>
<DataArray  type="UInt32"  Name="offsets"  format="ascii">3 6 9 12 15 18 21 24 27 30 33 36 39 42 45 48 51 54 57 60 63 66 69 72 75 78 81 84 87 90 93 96 99 102 105 108 111 114 117 120 123 126 129 132 135 138 141 144 147 150 153 156 159 162 165 168 171 174 177 180 183 186 189 192 195 198 201 204 207 210 213 216 219 222 225 228 231 234 237 240 243 246 249 252 255 258 261 264 267 270 273 276 279 282 285 288 291 294 297 300 303 306 309 312 315 318 321 324 327 330 333 336 339 342 345 348 351 354 357 360 363 366 369 372 375 378 381 384 387 390 393 396 399 402 405 408 411 414 417 420 423 426 429 432 435 438 441 444 447 450 453 456 459 462 465 468 471 474 477 480 483 486 489 492 495 498 501 504 507 510 513 516 519 522 525 528 531 534 537 540 543 546 549 552 555 558 561 564 567 570 573 576 579 582 585 588 591 594 597 600 603 606 609 612 615 618 621 624 627 630 633 636 639 642 645 648 651 654 657 660 663 666 669 672 675 678 681 684 687 690 693 696 699 702 705 708 711 714 717 720 723 726 729 732 735 738 741 744 747 750 753 756 759 762 765 768 771 774 777 780 783 786 789 792 795 798 801 804 807 810 813 816 819 822 825 828 831 834 837 840 843 846 849 852 855 858 861 864 867 870 873 876 879 882 885 888 891 894 897 900 903 906 909 912 915 918 921 924 927 930 933 936 939 942 945 948 951 954 957 960 963 966 969 972 975 978 981 984 987 990 993 996 999 1002 1005 1008 1011 1014 1017 1020 1023 1026 1029 1032 1035 1038 1041 1044 1047 1050 1053 1056 1059 1062 1065 1068 1071 1074 1077 1080 1083 1086 1089 1092 1095 1098 1101 1104 1107 1110 1113 1116 1119 1122 1125 1128 1131 1134 1137 1140 1143 1146 1149 1152 1155 1158 1161 1164 1167 1170 1173 1176 1179 1182 1185 1188 1191 1194 1197 1200 1203 1206 1209 1212 1215 1218 1221 1224 1227 1230 1233 1236 1239 1242 1245 1248 1251 1254 1257 1260 1263 1266 1269 1272 1275 1278 1281 1284 1287 1290 1293 1296 1299 1302 1305 1308 1311 1314 1317 1320 1323 1326 1329 1332 1335 1338 1341 1344 1347 1350 1353 1356 1359 1362 1365 1368 1371 1374 1377 1380 1383 1386 1389 1392 1395 1398 1401 1404 1407 1410 1413 1416 1419 1422 1425 1428 1431 1434 1437 1440 1443 1446 1449 1452 1455 1458 1461 1464 1467 1470 1473 1476 1479 1482 1485 1488 1491 1494 1497 1500 1503 1506 1509 1512 1515 1518 1521 1524 1527 1530 1533 1536 1539 1542 1545 1548 1551 1554 1557 1560 1563 1566 1569 1572 1575 1578 1581 1584 1587 1590 1593 1596 1599 1602 1605 1608 1611 1614 1617 1620 1623 1626 1629 1632 1635 1638 1641 1644 1647 1650 1653 1656 1659 1662 1665 1668 1671 1674 1677 1680 1683 1686 1689 1692 1695 1698 1701 1704 1707 1710 1713 1716 1719 1722 1725 1728 1731 1734 1737 1740 1743 1746 1749 1752 1755 1758 1761 1764 1767 1770 1773 1776 1779 1782 1785 1788 1791 1794 1797 1800 1803 1806 1809 1812 1815 1818 1821 1824 1827 1830 1833 1836 1839 1842 1845 1848 1851 1854 1857 1860 1863 1866 1869 1872 1875 1878 1881 1884 1887 1890 1893 1896 1899 1902 1905 1908 1911 1914 1917 1920 1923 1926 1929 1932 1935 1938 1941 1944 1947 1950 1953 1956 1959 1962 1965 1968 1971 1974 1977 1980 1983 1986 1989 1992 1995 1998 2001 2004 2007 2010 2013 2016 2019 2022 2025 2028 2031 2034 2037 2040 2043 2046 2049 2052 2055 2058 2061 2064 2067 2070 2073 2076 2079 2082 2085 2088 2091 2094 2097 2100 2103 2106 2109 2112 2115 2118 2121 2124 2127 2130 2133 2136 2139 2142 2145 2148 2151 2154 2157 2160 2163 2166 2169 2172 2175 2178 2181 2184 2187 2190 2193 2196 2199 2202 2205 2208 2211 2214 2217 2220 2223 2226 2229 2232 2235 2238 2241 2244 2247 2250 2253 2256 2259 2262 2265 2268 2271 2274 2277 2280 2283 2286 2289 2292 2295 2298 2301 2304 2307 2310 2313 2316 2319 2322 2325 2328 2331 2334 2337 2340 2343 2346 2349 2352 2355 2358 2361 2364 2367 2370 2373 2376 2379 2382 2385 2388 2391 2394 2397 2400 2403 2406 2409 2412 2415 2418 2421 2424 2427 2430 2433 2436 2439 2442 2445 2448 2451 2454 2457 2460 2463 2466 2469 2472 2475 2478 2481 2484 2487 2490 2493 2496 2499 2502 2505 2508 2511 2514 2517 2520 2523 2526 2529 2532 2535 2538 2541 2544 2547 2550 2553 2556 2559 2562 2565 2568 2571 2574 2577 2580 2583 2586 2589 2592 2595 2598 2601 2604 2607 2610 2613 2616 2619 2622 2625 2628 2631 2634 2637 2640 2643 2646 2649 2652 2655 2658 2661 2664 2667 2670 2673 2676 2679 2682 2685 2688 2691 2694 2697 2700 2703 2706 2709 2712 2715 2718 2721 2724 2727 2730 2733 2736 2739 2742 2745 2748 2751 2754 2757 2760 2763 2766 2769 2772 2775 2778 2781 2784 2787 2790 2793 2796 2799 2802 2805 2808 2811 2814 2817 2820 2823 2826 2829 2832 2835 2838 2841 2844 2847 2850 2853 2856 2859 2862 2865 2868 2871 2874 2877 2880 2883 2886 2889 2892 2895 2898 2901 2904 2907 2910 2913 2916 2919 2922 2925 2928 2931 2934 2937 2940 2943 2946 2949 2952 2955 2958 2961 2964 2967 2970 2973 2976 2979 2982 2985 2988 2991 2994 2997 3000 3003 3006 3009 3012 3015 3018 3021 3024 3027 3030 3033 3036 3039 3042 3045 3048 3051 3054 3057 3060 3063 3066 3069 3072 3075 3078 3081 3084 3087 3090 3093 3096 3099 3102 3105 3108 3111 3114 3117 3120 3123 3126 3129 3132 3135 3138 3141 3144 3147 3150 3153 3156 3159 3162 3165 3168 3171 3174 3177 3180 3183 3186 3189 3192 3195 3198 3201 3204 3207 3210 3213 3216 3219 3222 3225 3228 3231 3234 3237 3240 3243 3246 3249 3252 3255 3258 3261 3264 3267 3270 3273 3276 3279 3282 3285 3288 3291 3294 3297 3300 3303 3306 3309 3312 3315 3318 3321 3324 3327 3330 3333 3336 3339 3342 3345 3348 3351 3354 3357 3360 3363 3366 3369 3372 3375 3378 3381 3384 3387 3390 3393 3396 3399 3402 3405 3408 3411 3414 3417 3420 3423 3426 3429 3432 3435 3438 3441 3444 3447 3450 3453 3456 3459 3462 3465 3468 3471 3474 3477 3480 3483 3486 3489 3492 3495 3498 3501 3504 3507 3510 3513 3516 3519 3522 3525 3528 3531 3534 3537 3540 3543 3546 3549 3552 3555 3558 3561 3564 3567 3570 3573 3576 3579 3582 3585 3588 3591 3594 3597 3600 3603 3606 3609 3612 3615 3618 3621 3624 3627 3630 3633 3636 3639 3642 3645 3648 3651 3654 3657 3660 3663 3666 3669 3672 3675 3678 3681 3684 3687 3690 3693 3696 3699 3702 3705 3708 3711 3714 3717 3720 3723 3726 3729 3732 3735 3738 3741 3744 3747 3750 3753 3756 3759 3762 3765 3768 3771 3774 3777 3780 3783 3786 3789 3792 3795 3798 3801 3804 3807 3810 3813 3816 3819 3822 3825 3828 3831 3834 3837 3840 3843 3846 3849 3852 3855 3858 3861 3864 3867 3870 3873 3876 3879 3882 3885 3888 3891 3894 3897 3900 3903 3906 3909 3912 3915 3918 3921 3924 3927 3930 3933 3936 3939 3942 3945 3948 3951 3954 3957 3960 3963 3966 3969 3972 3975 3978 3981 3984 3987 3990 3993 3996 3999 4002 4005 4008 4011 4014 4017 4020 4023 4026 4029 4032 4035 4038 4041 4044 4047 4050 4053 4056 4059 4062 4065 4068 4071 4074 4077 4080 4083 4086 4089 4092 4095 4098 4101 4104 4107 4110 4113 4116 4119 4122 4125 4128 4131 4134 4137 4140 4143 4146 4149 4152 4155 4158 4161 4164 4167 4170 4173 4176 4179 4182 4185 4188 4191 4194 4197 4200 4203 4206 4209 4212 4215 4218 4221 4224 4227 4230 4233 4236 4239 4242 4245 4248 4251 4254 4257 4260 4263 4266 4269 4272 4275 4278 4281 4284 4287 4290 4293 4296 4299 4302 4305 4308 4311 4314 4317 4320 4323 4326 4329 4332 4335 4338 4341 4344 4347 4350 4353 4356 4359 4362 4365 4368 4371 4374 4377 4380 4383 4386 4389 4392 4395 4398 4401 4404 4407 4410 4413 4416 4419 4422 4425 4428 4431 4434 4437 4440 4443 4446 4449 4452 4455 4458 4461 4464 4467 4470 4473 4476 4479 4482 4485 4488 4491 4494 4497 4500 4503 4506 4509 4512 4515 4518 4521 4524 4527 4530 4533 4536 4539 4542 4545 4548 4551 4554 4557 4560 4563 4566 4569 4572 4575 4578 4581 4584 4587 4590 4593 4596 4599 4602 4605 4608 4611 4614 4617 4620 4623 4626 4629 4632 4635 4638 4641 4644 4647 4650 4653 4656 4659 4662 4665 4668 4671 4674 4677 4680 4683 4686 4689 4692 4695 4698 4701 4704 4707 4710 4713 4716 4719 4722 4725 4728 4731 4734 4737 4740 4743 4746 4749 4752 4755 4758 4761 4764 4767 4770 4773 4776 4779 4782 4785 4788 4791 4794 4797 4800 4803 4806 4809 4812 4815 4818 4821 4824 4827 4830 4833 4836 4839 4842 4845 4848 4851 4854 4857 4860 4863 4866 4869 4872 4875 4878 4881 4884 4887 4890 4893 4896 4899 4902 4905 4908 4911 4914 4917 4920 4923 4926 4929 4932 4935 4938 4941 4944 4947 4950 4953 4956 4959 4962 4965 4968 4971 4974 4977 4980 4983 4986 4989 4992 4995 4998 5001 5004 5007 5010 5013 5016 5019 5022 5025 5028 5031 5034 5037 5040 5043 5046 5049 5052 5055 5058 5061 5064 5067 5070 5073 5076 5079 5082 5085 5088 5091 5094 5097 5100 5103 5106 5109 5112 5115 5118 5121 5124 5127 5130 5133 5136 5139 5142 5145 5148 5151 5154 5157 5160 5163 5166 5169 5172 5175 5178 5181 5184 5187 5190 5193 5196 5199 5202 5205 5208 5211 5214 5217 5220 5223 5226 5229 5232 5235 5238 5241 5244 5247 5250 5253 5256 5259 5262 5265 5268 5271 5274 5277 5280 5283 5286 5289 5292 5295 5298 5301 5304 5307 5310 5313 5316 5319 5322 5325 5328 5331 5334 5337 5340 5343 5346 5349 5352 5355 5358 5361 5364 5367 5370 5373 5376 5379 5382 5385 5388 5391 5394 5397 5400 5403 5406 5409 5412 5415 5418 5421 5424 5427 5430 5433 5436 5439 5442 5445 5448 5451 5454 5457 5460 5463 5466 5469 5472 5475 5478 5481 5484 5487 5490 5493 5496 5499 5502 5505 5508 5511 5514 5517 5520 5523 5526 5529 5532 5535 5538 5541 5544 5547 5550 5553 5556 5559 5562 5565 5568 5571 5574 5577 5580 5583 5586 5589 5592 5595 5598 5601 5604 5607 5610 5613 5616 5619 5622 5625 5628 5631 5634 5637 5640 5643 5646 5649 5652 5655 5658 5661 5664 5667 5670 5673 5676 5679 5682 5685 5688 5691 5694 5697 5700 5703 5706 5709 5712 5715 5718 5721 5724 5727 5730 5733 5736 5739 5742 5745 5748 5751 5754 5757 5760 5763 5766 5769 5772 5775 5778 5781 5784 5787 5790 5793 5796 5799 5802 5805 5808 5811 5814 5817 5820 5823 5826 5829 5832 5835 5838 5841 5844 5847 5850 5853 5856 5859 5862 5865 5868 5871 5874 5877 5880 5883 5886 5889 5892 5895 5898 5901 5904 5907 5910 5913 5916 5919 5922 5925 5928 5931 5934 5937 5940 5943 5946 5949 5952 5955 5958 5961 5964 5967 5970 5973 5976 5979 5982 5985 5988 5991 5994 5997 6000 6003 6006 6009 6012 6015 6018 6021 6024 6027 6030 6033 6036 6039 6042 6045 6048 6051 6054 6057 6060 6063 6066 6069 6072 6075 6078 6081 6084 6087 6090 6093 6096 6099 6102 6105 6108 6111 6114 6117 6120 </DataArray>
<DataArray  type="UInt8"  Name="types"  format="ascii">5 5 5 5 5 5 5 5 5 5 5 5 5 5 5 5 5 5 5 5 5 5 5 5 5 5 5 5 5 5 5 5 5 5 5 5 5 5 5 5 5 5 5 5 5 5 5 5 5 5 5 5 5 5 5 5 5 5 5 5 5 5 5 5 5 5 5 5 5 5 5 5 5 5 5 5 5 5 5 5 5 5 5 5 5 5 5 5 5 5 5 5 5 5 5 5 5 5 5 5 5 5 5 5 5 5 5 5 5 5 5 5 5 5 5 5 5 5 5 5 5 5 5 5 5 5 5 5 5 5 5 5 5 5 5 5 5 5 5 5 5 5 5 5 5 5 5 5 5 5 5 5 5 5 5 5 5 5 5 5 5 5 5 5 5 5 5 5 5 5 5 5 5 5 5 5 5 5 5 5 5 5 5 5 5 5 5 5 5 5 5 5 5 5 5 5 5 5 5 5 5 5 5 5 5 5 5 5 5 5 5 5 5 5 5 5 5 5 5 5 5 5 5 5 5 5 5 5 5 5 5 5 5 5 5 5 5 5 5 5 5 5 5 5 5 5 5 5 5 5 5 5 5 5 5 5 5 5 5 5 5 5 5 5 5 5 5 5 5 5 5 5 5 5 5 5 5 5 5 5 5 5 5 5 5 5 5 5 5 5 5 5 5 5 5 5 5 5 5 5 5 5 5 5 5 5 5 5 5 5 5 5 5 5 5 5 5 5 5 5 5 5 5 5 5 5 5 5 5 5 5 5 5 5 5 5 5 5 5 5 5 5 5 5 5 5 5 5 5 5 5 5 5 5 5 5 5 5 5 5 5 5 5 5 5 5 5 5 5 5 5 5 5 5 5 5 5 5 5 5 5 5 5 5 5 5 5 5 5 5 5 5 5 5 5 5 5 5 5 5 5 5 5 5 5 5 5 5 5 5 5 5 5 5 5 5 5 5 5 5 5 5 5 5 5 5 5 5 5 5 5 5 5 5 5 5 5 5 5 5 5 5 5 5 5 5 5 5 5 5 5 5 5 5 5 5 5 5 5 5 5 5 5 5 5 5 5 5 5 5 5 5 5 5 5 5 5 5 5 5 5 5 5 5 5 5 5 5 5 5 5 5 5 5 5 5 5 5 5 5 5 5 5 5 5 5 5 5 5 5 5 5 5 5 5 5 5 5 5 5 5 5 5 5 5 5 5 5 5 5 5 5 5 5 5 5 5 5 5 5 5 5 5 5 5 5 5 5 5 5 5 5 5 5 5 5 5 5 5 5 5 5 5 5 5 5 5 5 5 5 5 5 5 5 5 5 5 5 5 5 5 5 5 5 5 5 5 5 5 5 5 5 5 5 5 5 5 5 5 5 5 5 5 5 5 5 5 5 5 5 5 5 5 5 5 5 5 5 5 5 5 5 5 5 5 5 5 5 5 5 5 5 5 5 5 5 5 5 5 5 5 5 5 5 5 5 5 5 5 5 5 5 5 5 5 5 5 5 5 5 5 5 5 5 5 5 5 5 5 5 5 5 5 5 5 5 5 5 5 5 5 5 5 5 5 5 5 5 5 5 5 5 5 5 5 5 5 5 5 5 5 5 5 5 5 5 5 5 5 5 5 5 5 5 5 5 5 5 5 5 5 5 5 5 5 5 5 5 5 5 5 5 5 5 5 5 5 5 5 5 5 5 5 5 5 5 5 5 5 5 5 5 5 5 5 5 5 5 5 5 5 5 5 5 5 5 5 5 5 5 5 5 5 5 5 5 5 5 5 5 5 5 5 5 5 5 5 5 5 5 5 5 5 5 5 5 5 5 5 5 5 5 5 5 5 5 5 5 5 5 5 5 5 5 5 5 5 5 5 5 5 5 5 5 5 5 5 5 5 5 5 5 5 5 5 5 5 5 5 5 5 5 5 5 5 5 5 5 5 5 5 5 5 5 5 5 5 5 5 5 5 5 5 5 5 5 5 5 5 5 5 5 5 5 5 5 5 5 5 5 5 5 5 5 5 5 5 5 5 5 5 5 5 5 5 5 5 5 5 5 5 5 5 5 5 5 5 5 5 5 5 5 5 5 5 5 5 5 5 5 5 5 5 5 5 5 5 5 5 5 5 5 5 5 5 5 5 5 5 5 5 5 5 5 5 5 5 5 5 5 5 5 5 5 5 5 5 5 5 5 5 5 5 5 5 5 5 5 5 5 5 5 5 5 5 5 5 5 5 5 5 5 5 5 5 5 5 5 5 5 5 5 5 5 5 5 5 5 5 5 5 5 5 5 5 5 5 5 5 5 5 5 5 5 5 5 5 5 5 5 5 5 5 5 5 5 5 5 5 5 5 5 5 5 5 5 5 5 5 5 5 5 5 5 5 5 5 5 5 5 5 5 5 5 5 5 5 5 5 5 5 5 5 5 5 5 5 5 5 5 5 5 5 5 5 5 5 5 5 5 5 5 5 5 5 5 5 5 5 5 5 5 5 5 5 5 5 5 5 5 5 5 5 5 5 5 5 5 5 5 5 5 5 5 5 5 5 5 5 5 5 5 5 5 5 5 5 5 5 5 5 5 5 5 5 5 5 5 5 5 5 5 5 5 5 5 5 5 5 5 5 5 5 5 5 5 5 5 5 5 5 5 5 5 5 5 5 5 5 5 5 5 5 5 5 5 5 5 5 5 5 5 5 5 5 5 5 5 5 5 5 5 5 5 5 5 5 5 5 5 5 5 5 5 5 5 5 5 5 5 5 5 5 5 5 5 5 5 5 5 5 5 5 5 5 5 5 5 5 5 5 5 5 5 5 5 5 5 5 5 5 5 5 5 5 5 5 5 5 5 5 5 5 5 5 5 5 5 5 5 5 5 5 5 5 5 5 5 5 5 5 5 5 5 5 5 5 5 5 5 5 5 5 5 5 5 5 5 5 5 5 5 5 5 5 5 5 5 5 5 5 5 5 5 5 5 5 5 5 5 5 5 5 5 5 5 5 5 5 5 5 5 5 5 5 5 5 5 5 5 5 5 5 5 5 5 5 5 5 5 5 5 5 5 5 5 5 5 5 5 5 5 5 5 5 5 5 5 5 5 5 5 5 5 5 5 5 5 5 5 5 5 5 5 5 5 5 5 5 5 5 5 5 5 5 5 5 5 5 5 5 5 5 5 5 5 5 5 5 5 5 5 5 5 5 5 5 5 5 5 5 5 5 5 5 5 5 5 5 5 5 5 5 5 5 5 5 5 5 5 5 5 5 5 5 5 5 5 5 5 5 5 5 5 5 5 5 5 5 5 5 5 5 5 5 5 5 5 5 5 5 5 5 5 5 5 5 5 5 5 5 5 5 5 5 5 5 5 5 5 5 5 5 5 5 5 5 5 5 5 5 5 5 5 5 5 5 5 5 5 5 5 5 5 5 5 5 5 5 5 5 5 5 5 5 5 5 5 5 5 5 5 5 5 5 5 5 5 5 5 5 5 5 5 5 5 5 5 5 5 5 5 5 5 5 5 5 5 5 5 5 5 5 5 5 5 5 5 5 5 5 5 5 5 5 5 5 5 5 5 5 5 5 5 5 5 5 5 5 5 5 5 5 5 5 5 5 5 5 5 5 5 5 5 5 5 5 5 5 5 5 5 5 5 5 5 5 5 5 5 5 5 5 5 5 5 5 5 5 5 5 5 5 5 5 5 5 5 5 5 5 5 5 5 5 5 5 5 5 5 5 5 5 5 5 5 5 5 5 5 5 5 5 5 5 5 5 5 5 5 5 5 5 5 5 5 5 5 5 5 5 5 5 5 5 5 5 5 5 5 5 5 5 5 5 5 5 5 5 5 5 5 5 5 5 5 5 5 5 5 5 5 5 5 5 5 5 5 5 5 5 5 5 5 5 5 5 5 5 5 5 5 5 5 5 5 5 5 5 5 5 5 5 5 5 5 5 5 5 5 5 5 5 5 5 5 5 5 5 5 5 5 5 5 5 5 5 5 5 5 5 5 5 5 5 5 5 5 5 5 5 5 5 5 5 5 5 5 5 5 5 5 5 5 5 5 5 5 5 5 5 5 5 5 5 5 5 5 5 5 5 5 5 5 5 5 5 5 5 5 5 5 5 5 5 5 5 5 5 5 5 5 5 5 5 5 5 5 5 5 5 5 5 5 5 5 5 5 5 5 5 5 5 5 5 5 5 5 5 5 5 5 5 5 5 5 5 5 5 5 5 5 5 5 5 5 5 5 5 5 5 5 5 5 5 5 5 5 5 5 5 5 5 5 5 5 5 5 5 5 5 5 5 5 5 5 5 5 5 5 5 5 5 5 5 5 5 5 5 5 5 5 5 5 5 5 5 5 5 5 5 5 5 5 5 5 5 5 5 5 5 5 5 5 5 5 5 5 5 5 5 5 5 5 5 5 5 5 5 5 5 5 5 5 5 5 5 5 5 5 5 5 5 5 5 5 5 5 5 5 5 5 5 5 5 5 5 5 5 5 5 5 5 5 5 5 5 5 5 5 5 5 5 5 5 5 5 5 5 5 5 5 5 5 5 5 5 5 5 5 5 5 5 5 5 5 5 5 5 5 5 5 5 5 5 5 5 5 5 5 5 5 5 5 5 5 5 5 5 5 </DataArray>
</Cells>
<PointData  Vectors="f_167"> 
<DataArray  type="Float64"  Name="f_167"  NumberOfComponents="3" format="ascii">0.0000000000000000e+00 0.0000000000000000e+00 0.0000000000000000e+00  0.0000000000000000e+00 0.0000000000000000e+00 0.0000000000000000e+00  0.0000000000000000e+00 0.0000000000000000e+00 0.0000000000000000e+00  0.0000000000000000e+00 0.0000000000000000e+00 0.0000000000000000e+00  0.0000000000000000e+00 0.0000000000000000e+00 0.0000000000000000e+00  0.0000000000000000e+00 0.0000000000000000e+00 0.0000000000000000e+00  0.0000000000000000e+00 0.0000000000000000e+00 0.0000000000000000e+00  0.0000000000000000e+00 0.0000000000000000e+00 0.0000000000000000e+00  0.0000000000000000e+00 0.0000000000000000e+00 0.0000000000000000e+00  0.0000000000000000e+00 0.0000000000000000e+00 0.0000000000000000e+00  0.0000000000000000e+00 0.0000000000000000e+00 0.0000000000000000e+00  0.0000000000000000e+00 0.0000000000000000e+00 0.0000000000000000e+00  0.0000000000000000e+00 0.0000000000000000e+00 0.0000000000000000e+00  0.0000000000000000e+00 0.0000000000000000e+00 0.0000000000000000e+00  0.0000000000000000e+00 0.0000000000000000e+00 0.0000000000000000e+00  0.0000000000000000e+00 0.0000000000000000e+00 0.0000000000000000e+00  0.0000000000000000e+00 0.0000000000000000e+00 0.0000000000000000e+00  0.0000000000000000e+00 0.0000000000000000e+00 0.0000000000000000e+00  0.0000000000000000e+00 0.0000000000000000e+00 0.0000000000000000e+00  0.0000000000000000e+00 0.0000000000000000e+00 0.0000000000000000e+00  0.0000000000000000e+00 0.0000000000000000e+00 0.0000000000000000e+00  9.3572441710356136e-01 1.4965392766825356e-15 0.0000000000000000e+00  9.3572441710353838e-01 -1.1549751329836599e-14 0.0000000000000000e+00  9.3572441710329446e-01 -1.6482907812240224e-14 0.0000000000000000e+00  9.3572441710338738e-01 -6.3271077142055839e-15 0.0000000000000000e+00  9.3572441710363430e-01 -3.9619823883331465e-15 0.0000000000000000e+00  9.3572441710353249e-01 -2.1458150571976836e-15 0.0000000000000000e+00  9.3572441710361198e-01 2.6814394001948455e-16 0.0000000000000000e+00  9.3572441710370047e-01 -1.4375781510102468e-15 0.0000000000000000e+00  9.3572441710358378e-01 -7.8821226492745399e-17 0.0000000000000000e+00  9.3572441710370158e-01 -2.7574831492261331e-17 0.0000000000000000e+00  9.3572441710372911e-01 -2.8214145656438974e-16 0.0000000000000000e+00  9.3572441710362986e-01 6.3019269574223230e-17 0.0000000000000000e+00  9.3572441710377163e-01 2.1798816581301605e-16 0.0000000000000000e+00  9.3572441710375331e-01 -5.6637785884616336e-16 0.0000000000000000e+00  9.3572441710368504e-01 8.9238937697787301e-17 0.0000000000000000e+00  9.3572441710382692e-01 -6.8124418599647035e-17 0.0000000000000000e+00  9.3572441710377574e-01 -5.6240389498073929e-16 0.0000000000000000e+00  9.3572441710373422e-01 -1.0306548308073422e-15 0.0000000000000000e+00  9.3572441710388787e-01 -6.2536391842349013e-16 0.0000000000000000e+00  9.3572441710370646e-01 -3.8453535526694219e-15 0.0000000000000000e+00  9.3572441710356136e-01 1.4965392766825356e-15 0.0000000000000000e+00  2.1981034840903222e+00 -5.8967676220134059e-15 0.0000000000000000e+00  2.1981034840880258e+00 -1.8890283693201415e-14 0.0000000000000000e+00  2.1981034840890552e+00 -3.8447423369690190e-14 0.0000000000000000e+00  2.1981034840896125e+00 -1.6784531007944313e-14 0.0000000000000000e+00  2.1981034840894256e+00 -1.1533113439806592e-14 0.0000000000000000e+00  2.1981034840895526e+00 -2.2881129932499045e-15 0.0000000000000000e+00  2.1981034840897919e+00 -2.7342268609577726e-15 0.0000000000000000e+00  2.1981034840895823e+00 -2.5018601129188453e-15 0.0000000000000000e+00  2.1981034840897622e+00 1.1751021154019317e-15 0.0000000000000000e+00  2.1981034840898541e+00 -1.1258665199066270e-15 0.0000000000000000e+00  2.1981034840896876e+00 -1.0390150144477129e-15 0.0000000000000000e+00  2.1981034840899225e+00 3.8572061490922841e-16 0.0000000000000000e+00  2.1981034840899363e+00 -1.0991746798964601e-15 0.0000000000000000e+00  2.1981034840897942e+00 -6.8637165794184508e-16 0.0000000000000000e+00  2.1981034840900597e+00 1.0054414932746694e-15 0.0000000000000000e+00  2.1981034840900029e+00 -8.1256263762081213e-16 0.0000000000000000e+00  2.1981034840899252e+00 -1.0475730915623215e-15 0.0000000000000000e+00  2.1981034840901876e+00 -5.0914235572320776e-16 0.0000000000000000e+00  2.1981034840900295e+00 -2.7314606212807901e-15 0.0000000000000000e+00  2.1981034840899696e+00 -4.8034974038937122e-15 0.0000000000000000e+00  2.1981034840903222e+00 -5.8967676220134059e-15 0.0000000000000000e+00  3.8859675442526962e+00 -1.9312495866263099e-14 0.0000000000000000e+00  3.8859675442495458e+00 -2.3123216342261511e-14 0.0000000000000000e+00  3.8859675442513235e+00 -7.0009570271295259e-14 0.0000000000000000e+00  3.8859675442512498e+00 -3.1089385498832956e-14 0.0000000000000000e+00  3.8859675442515185e+00 -1.9436077404188769e-14 0.0000000000000000e+00  3.8859675442519208e+00 -7.2927414016941182e-15 0.0000000000000000e+00  3.8859675442516841e+00 -6.3815835148033543e-15 0.0000000000000000e+00  3.8859675442518551e+00 -2.1309146105091597e-15 0.0000000000000000e+00  3.8859675442520705e+00 -1.3186600020511072e-15 0.0000000000000000e+00  3.8859675442518067e+00 -2.3480843696760717e-15 0.0000000000000000e+00  3.8859675442521393e+00 -7.2294177586044152e-17 0.0000000000000000e+00  3.8859675442522117e+00 -1.6298182381463302e-15 0.0000000000000000e+00  3.8859675442520052e+00 -1.6556918777171377e-15 0.0000000000000000e+00  3.8859675442523596e+00 3.3426097635987955e-16 0.0000000000000000e+00  3.8859675442523525e+00 -1.4958632039758174e-15 0.0000000000000000e+00  3.8859675442522135e+00 -1.5663291964840800e-15 0.0000000000000000e+00  3.8859675442525812e+00 -1.4754076634970476e-16 0.0000000000000000e+00  3.8859675442524777e+00 -3.0447816407662981e-15 0.0000000000000000e+00  3.8859675442523836e+00 -3.5668453741000983e-15 0.0000000000000000e+00  3.8859675442527708e+00 -3.8944003563580764e-15 0.0000000000000000e+00  3.8859675442526962e+00 -1.9312495866263099e-14 0.0000000000000000e+00  6.0575933198600227e+00 -2.7489600443386729e-14 0.0000000000000000e+00  6.0575933198570731e+00 -2.3139506936556417e-14 0.0000000000000000e+00  6.0575933198577170e+00 -1.0572693614914542e-13 0.0000000000000000e+00  6.0575933198580518e+00 -5.5039689107313574e-14 0.0000000000000000e+00  6.0575933198586318e+00 -3.4894545576138225e-14 0.0000000000000000e+00  6.0575933198583671e+00 -1.5448974216815237e-14 0.0000000000000000e+00  6.0575933198585821e+00 -7.1681577140927584e-15 0.0000000000000000e+00  6.0575933198589071e+00 -7.4633945353701769e-15 0.0000000000000000e+00  6.0575933198586052e+00 -4.5461003132918852e-15 0.0000000000000000e+00  6.0575933198589320e+00 -2.0630891267485425e-15 0.0000000000000000e+00  6.0575933198591194e+00 -3.9064590806704436e-15 0.0000000000000000e+00  6.0575933198588681e+00 -4.2882986359945407e-15 0.0000000000000000e+00  6.0575933198592713e+00 -1.4401956368381272e-15 0.0000000000000000e+00  6.0575933198593450e+00 -3.3137566753949509e-15 0.0000000000000000e+00  6.0575933198591576e+00 -3.6811649570086078e-15 0.0000000000000000e+00  6.0575933198595990e+00 -8.2046089003515624e-16 0.0000000000000000e+00  6.0575933198595653e+00 -4.1494326261671461e-15 0.0000000000000000e+00  6.0575933198594534e+00 -5.0985602435498651e-15 0.0000000000000000e+00  6.0575933198598815e+00 -2.6450682387793688e-15 0.0000000000000000e+00  6.0575933198597873e+00 -7.5368166792684205e-15 0.0000000000000000e+00  6.0575933198600227e+00 -2.7489600443386729e-14 0.0000000000000000e+00  8.4929174452877731e+00 -2.7941507867493663e-14 0.0000000000000000e+00  8.4929174452847036e+00 -2.2790481304326127e-14 0.0000000000000000e+00  8.4929174452848635e+00 -1.1565299435454665e-13 0.0000000000000000e+00  8.4929174452854763e+00 -9.3922958434178607e-14 0.0000000000000000e+00  8.4929174452852809e+00 -5.8432616963541663e-14 0.0000000000000000e+00  8.4929174452854674e+00 -2.5809145468289179e-14 0.0000000000000000e+00  8.4929174452858831e+00 -1.4579607956117928e-14 0.0000000000000000e+00  8.4929174452855900e+00 -1.5707424668189963e-14 0.0000000000000000e+00  8.4929174452858867e+00 -5.9567495808385644e-15 0.0000000000000000e+00  8.4929174452861922e+00 -8.1806199425141392e-15 0.0000000000000000e+00  8.4929174452858636e+00 -8.8829987119928713e-15 0.0000000000000000e+00  8.4929174452863201e+00 -5.4337983229163063e-15 0.0000000000000000e+00  8.4929174452864817e+00 -8.1122502656765973e-15 0.0000000000000000e+00  8.4929174452862188e+00 -7.4649859469349620e-15 0.0000000000000000e+00  8.4929174452867109e+00 -4.4475905966809293e-15 0.0000000000000000e+00  8.4929174452867606e+00 -7.0229456535324736e-15 0.0000000000000000e+00  8.4929174452865972e+00 -8.0444999670338645e-15 0.0000000000000000e+00  8.4929174452870839e+00 -5.8476719533703588e-15 0.0000000000000000e+00  8.4929174452870466e+00 -8.3231633352626200e-15 0.0000000000000000e+00  8.4929174452870324e+00 -9.7401214204761232e-15 0.0000000000000000e+00  8.4929174452877731e+00 -2.7941507867493663e-14 0.0000000000000000e+00  1.0587289379376671e+01 -3.0489537466516208e-14 0.0000000000000000e+00  1.0587289379374146e+01 -2.4651450526559446e-14 0.0000000000000000e+00  1.0587289379374242e+01 -9.2122597152460795e-14 0.0000000000000000e+00  1.0587289379374045e+01 -1.3062056586583535e-13 0.0000000000000000e+00  1.0587289379374226e+01 -7.9310657407978823e-14 0.0000000000000000e+00  1.0587289379374706e+01 -4.2624585591205678e-14 0.0000000000000000e+00  1.0587289379374463e+01 -2.8565661152527111e-14 0.0000000000000000e+00  1.0587289379374747e+01 -2.2482800012087706e-14 0.0000000000000000e+00  1.0587289379375120e+01 -1.4891197370616581e-14 0.0000000000000000e+00  1.0587289379374790e+01 -1.7168819094182481e-14 0.0000000000000000e+00  1.0587289379375225e+01 -1.1507260407975604e-14 0.0000000000000000e+00  1.0587289379375441e+01 -1.4221990105539703e-14 0.0000000000000000e+00  1.0587289379375115e+01 -1.5506950320485444e-14 0.0000000000000000e+00  1.0587289379375651e+01 -1.0218869608650784e-14 0.0000000000000000e+00  1.0587289379375761e+01 -1.2190424839150355e-14 0.0000000000000000e+00  1.0587289379375528e+01 -1.3569292045869432e-14 0.0000000000000000e+00  1.0587289379376060e+01 -1.0021082006207974e-14 0.0000000000000000e+00  1.0587289379376061e+01 -1.4197658382112550e-14 0.0000000000000000e+00  1.0587289379375967e+01 -1.3367300518351184e-14 0.0000000000000000e+00  1.0587289379376527e+01 -1.1280914007746322e-14 0.0000000000000000e+00  1.0587289379376671e+01 -3.0489537466516208e-14 0.0000000000000000e+00  1.2069778486304003e+01 -2.9409754191233702e-14 0.0000000000000000e+00  1.2069778486302237e+01 -3.0603650629412612e-14 0.0000000000000000e+00  1.2069778486301459e+01 -6.5377259140960800e-14 0.0000000000000000e+00  1.2069778486301390e+01 -1.3920941200538700e-13 0.0000000000000000e+00  1.2069778486301866e+01 -9.6832491125823783e-14 0.0000000000000000e+00  1.2069778486301635e+01 -6.3514766023800778e-14 0.0000000000000000e+00  1.2069778486301921e+01 -4.2111221282607802e-14 0.0000000000000000e+00  1.2069778486302365e+01 -3.4217526230087327e-14 0.0000000000000000e+00  1.2069778486302070e+01 -2.8555626201677414e-14 0.0000000000000000e+00  1.2069778486302456e+01 -2.4002076071891615e-14 0.0000000000000000e+00  1.2069778486302795e+01 -2.1209907796214212e-14 0.0000000000000000e+00  1.2069778486302395e+01 -2.4979615411360185e-14 0.0000000000000000e+00  1.2069778486302949e+01 -1.9870380905102165e-14 0.0000000000000000e+00  1.2069778486303136e+01 -2.0240688216155811e-14 0.0000000000000000e+00  1.2069778486302789e+01 -2.0189830760685223e-14 0.0000000000000000e+00  1.2069778486303374e+01 -1.7841651247391622e-14 0.0000000000000000e+00  1.2069778486303438e+01 -1.9368526440203845e-14 0.0000000000000000e+00  1.2069778486303257e+01 -2.1720726132040826e-14 0.0000000000000000e+00  1.2069778486303830e+01 -1.6576230024376557e-14 0.0000000000000000e+00  1.2069778486303814e+01 -2.0299991916816306e-14 0.0000000000000000e+00  1.2069778486304003e+01 -2.9409754191233702e-14 0.0000000000000000e+00  1.3153260650656589e+01 -2.7353339489463118e-14 0.0000000000000000e+00  1.3153260650654362e+01 -4.5578010187748604e-14 0.0000000000000000e+00  1.3153260650653735e+01 -4.0655426597105143e-14 0.0000000000000000e+00  1.3153260650653948e+01 -1.2697872178275146e-13 0.0000000000000000e+00  1.3153260650653651e+01 -1.1209991643802320e-13 0.0000000000000000e+00  1.3153260650653865e+01 -7.7012674989476365e-14 0.0000000000000000e+00  1.3153260650654296e+01 -5.7930230222257302e-14 0.0000000000000000e+00  1.3153260650654046e+01 -5.0868183413906508e-14 0.0000000000000000e+00  1.3153260650654403e+01 -4.0334673231992350e-14 0.0000000000000000e+00  1.3153260650654774e+01 -3.7007079604167818e-14 0.0000000000000000e+00  1.3153260650654385e+01 -3.4512917614583414e-14 0.0000000000000000e+00  1.3153260650654937e+01 -3.2793594572447267e-14 0.0000000000000000e+00  1.3153260650655145e+01 -3.1904481794902364e-14 0.0000000000000000e+00  1.3153260650654769e+01 -3.1426770214154676e-14 0.0000000000000000e+00  1.3153260650655399e+01 -2.6027987363494600e-14 0.0000000000000000e+00  1.3153260650655506e+01 -2.9019144708946016e-14 0.0000000000000000e+00  1.3153260650655207e+01 -2.9477584264614887e-14 0.0000000000000000e+00  1.3153260650655806e+01 -2.6374619912620636e-14 0.0000000000000000e+00  1.3153260650655810e+01 -2.8245053964294938e-14 0.0000000000000000e+00  1.3153260650655758e+01 -2.7529618967180530e-14 0.0000000000000000e+00  1.3153260650656589e+01 -2.7353339489463118e-14 0.0000000000000000e+00  1.4054304105764531e+01 -3.5802037360291477e-14 0.0000000000000000e+00  1.4054304105762540e+01 -5.7111158479310083e-14 0.0000000000000000e+00  1.4054304105762421e+01 -2.3370098284287362e-14 0.0000000000000000e+00  1.4054304105761986e+01 -1.1153768185680882e-13 0.0000000000000000e+00  1.4054304105761972e+01 -1.1301571260883945e-13 0.0000000000000000e+00  1.4054304105762357e+01 -8.6458514060163614e-14 0.0000000000000000e+00  1.4054304105762069e+01 -7.5517918402702182e-14 0.0000000000000000e+00  1.4054304105762389e+01 -6.4039880216906287e-14 0.0000000000000000e+00  1.4054304105762775e+01 -5.5890623183995013e-14 0.0000000000000000e+00  1.4054304105762446e+01 -5.3755325142205152e-14 0.0000000000000000e+00  1.4054304105762867e+01 -4.6466978996787895e-14 0.0000000000000000e+00  1.4054304105763189e+01 -4.7249484947807642e-14 0.0000000000000000e+00  1.4054304105762762e+01 -4.6255027624238687e-14 0.0000000000000000e+00  1.4054304105763396e+01 -4.0410816648007140e-14 0.0000000000000000e+00  1.4054304105763551e+01 -4.0838389292741333e-14 0.0000000000000000e+00  1.4054304105763189e+01 -4.1811888642238094e-14 0.0000000000000000e+00  1.4054304105763830e+01 -3.7626016623823029e-14 0.0000000000000000e+00  1.4054304105763860e+01 -3.9034623018622184e-14 0.0000000000000000e+00  1.4054304105763691e+01 -4.0063183884142097e-14 0.0000000000000000e+00  1.4054304105764340e+01 -3.2930165306809785e-14 0.0000000000000000e+00  1.4054304105764531e+01 -3.5802037360291477e-14 0.0000000000000000e+00  1.4884870715526780e+01 -4.4339865816140866e-14 0.0000000000000000e+00  1.4884870715525551e+01 -6.5858761442972698e-14 0.0000000000000000e+00  1.4884870715524769e+01 -2.4266153337588830e-14 0.0000000000000000e+00  1.4884870715524620e+01 -9.2961359220999651e-14 0.0000000000000000e+00  1.4884870715524931e+01 -1.0415284414735457e-13 0.0000000000000000e+00  1.4884870715524595e+01 -9.5940882473493865e-14 0.0000000000000000e+00  1.4884870715524816e+01 -8.5227373041082923e-14 0.0000000000000000e+00  1.4884870715525192e+01 -7.6788858841075795e-14 0.0000000000000000e+00  1.4884870715524867e+01 -7.3682888290086778e-14 0.0000000000000000e+00  1.4884870715525201e+01 -6.7555685968829100e-14 0.0000000000000000e+00  1.4884870715525594e+01 -6.3830491664844926e-14 0.0000000000000000e+00  1.4884870715525137e+01 -6.4147493606256418e-14 0.0000000000000000e+00  1.4884870715525748e+01 -5.8313664261573278e-14 0.0000000000000000e+00  1.4884870715525921e+01 -5.7138661045318069e-14 0.0000000000000000e+00  1.4884870715525542e+01 -5.7513433903981352e-14 0.0000000000000000e+00  1.4884870715526169e+01 -5.3477244975157912e-14 0.0000000000000000e+00  1.4884870715526233e+01 -5.4268171011274955e-14 0.0000000000000000e+00  1.4884870715526022e+01 -5.3296831365194151e-14 0.0000000000000000e+00  1.4884870715526645e+01 -5.0080809226649671e-14 0.0000000000000000e+00  1.4884870715526620e+01 -4.8804059882620260e-14 0.0000000000000000e+00  1.4884870715526780e+01 -4.4339865816140866e-14 0.0000000000000000e+00  1.5696290956329776e+01 -5.4213628904840422e-14 0.0000000000000000e+00  1.5696290956327942e+01 -8.2206386567317200e-14 0.0000000000000000e+00  1.5696290956327312e+01 -3.1334085982933891e-14 0.0000000000000000e+00  1.5696290956327589e+01 -7.7766461800090441e-14 0.0000000000000000e+00  1.5696290956327243e+01 -1.0161487145312568e-13 0.0000000000000000e+00  1.5696290956327328e+01 -9.9593635974071199e-14 0.0000000000000000e+00  1.5696290956327772e+01 -9.1380058936165281e-14 0.0000000000000000e+00  1.5696290956327420e+01 -9.0367778847524849e-14 0.0000000000000000e+00  1.5696290956327699e+01 -8.6002411335042758e-14 0.0000000000000000e+00  1.5696290956328099e+01 -8.2124721025235695e-14 0.0000000000000000e+00  1.5696290956327667e+01 -8.2782547299196227e-14 0.0000000000000000e+00  1.5696290956328106e+01 -7.8431501794671896e-14 0.0000000000000000e+00  1.5696290956328440e+01 -7.4996756178492388e-14 0.0000000000000000e+00  1.5696290956327976e+01 -7.5358872612725868e-14 0.0000000000000000e+00  1.5696290956328578e+01 -7.2212237517422864e-14 0.0000000000000000e+00  1.5696290956328694e+01 -7.1639127842675366e-14 0.0000000000000000e+00  1.5696290956328383e+01 -7.2023878687508019e-14 0.0000000000000000e+00  1.5696290956329056e+01 -6.6715655035951053e-14 0.0000000000000000e+00  1.5696290956328978e+01 -6.8230742066661330e-14 0.0000000000000000e+00  1.5696290956328909e+01 -6.5477006140425507e-14 0.0000000000000000e+00  1.5696290956329776e+01 -5.4213628904840422e-14 0.0000000000000000e+00  1.6512712837839260e+01 -7.7814603619849296e-14 0.0000000000000000e+00  1.6512712837837523e+01 -9.5284983925833706e-14 0.0000000000000000e+00  1.6512712837837494e+01 -4.3145694978237338e-14 0.0000000000000000e+00  1.6512712837837046e+01 -7.8164588141035291e-14 0.0000000000000000e+00  1.6512712837837082e+01 -9.9213623701563372e-14 0.0000000000000000e+00  1.6512712837837494e+01 -1.0006976269453264e-13 0.0000000000000000e+00  1.6512712837837146e+01 -1.0182892733295749e-13 0.0000000000000000e+00  1.6512712837837327e+01 -1.0020987070074993e-13 0.0000000000000000e+00  1.6512712837837757e+01 -9.7678751032417839e-14 0.0000000000000000e+00  1.6512712837837388e+01 -9.9074143913696887e-14 0.0000000000000000e+00  1.6512712837837750e+01 -9.6756898002773647e-14 0.0000000000000000e+00  1.6512712837838126e+01 -9.3617546694503393e-14 0.0000000000000000e+00  1.6512712837837594e+01 -9.3330011667477082e-14 0.0000000000000000e+00  1.6512712837838190e+01 -9.0372794676260540e-14 0.0000000000000000e+00  1.6512712837838368e+01 -8.9865381823380744e-14 0.0000000000000000e+00  1.6512712837837974e+01 -9.0026498807112794e-14 0.0000000000000000e+00  1.6512712837838603e+01 -8.5764641271831291e-14 0.0000000000000000e+00  1.6512712837838574e+01 -8.7368322223286988e-14 0.0000000000000000e+00  1.6512712837838393e+01 -8.4828638600651046e-14 0.0000000000000000e+00  1.6512712837839054e+01 -7.8833003254724258e-14 0.0000000000000000e+00  1.6512712837839260e+01 -7.7814603619849296e-14 0.0000000000000000e+00  1.7345417280732747e+01 -9.2865012448673502e-14 0.0000000000000000e+00  1.7345417280731901e+01 -1.0710615331174907e-13 0.0000000000000000e+00  1.7345417280731091e+01 -7.3237935876734455e-14 0.0000000000000000e+00  1.7345417280730803e+01 -8.6321981528014816e-14 0.0000000000000000e+00  1.7345417280731276e+01 -9.8237733173680480e-14 0.0000000000000000e+00  1.7345417280730988e+01 -1.0748358271094747e-13 0.0000000000000000e+00  1.7345417280731034e+01 -1.1026652333944518e-13 0.0000000000000000e+00  1.7345417280731521e+01 -1.1055116392598335e-13 0.0000000000000000e+00  1.7345417280731148e+01 -1.1277511885490182e-13 0.0000000000000000e+00  1.7345417280731439e+01 -1.1362069346293533e-13 0.0000000000000000e+00  1.7345417280731805e+01 -1.0972377580122832e-13 0.0000000000000000e+00  1.7345417280731347e+01 -1.1154024712261907e-13 0.0000000000000000e+00  1.7345417280731830e+01 -1.0895555531189807e-13 0.0000000000000000e+00  1.7345417280732146e+01 -1.0797396923704404e-13 0.0000000000000000e+00  1.7345417280731567e+01 -1.0804236898371653e-13 0.0000000000000000e+00  1.7345417280732256e+01 -1.0303741861965771e-13 0.0000000000000000e+00  1.7345417280732335e+01 -1.0345107763402801e-13 0.0000000000000000e+00  1.7345417280732047e+01 -1.0559129831939356e-13 0.0000000000000000e+00  1.7345417280732654e+01 -1.0050667778952201e-13 0.0000000000000000e+00  1.7345417280732548e+01 -1.0060156529763313e-13 0.0000000000000000e+00  1.7345417280732747e+01 -9.2865012448673502e-14 0.0000000000000000e+00  1.8196250963697935e+01 -1.0073901265528089e-13 0.0000000000000000e+00  1.8196250963696567e+01 -1.1605678220528332e-13 0.0000000000000000e+00  1.8196250963695672e+01 -8.1213727254431402e-14 0.0000000000000000e+00  1.8196250963696109e+01 -8.0813233136293383e-14 0.0000000000000000e+00  1.8196250963695800e+01 -9.4610700792782276e-14 0.0000000000000000e+00  1.8196250963695764e+01 -1.0463609860124276e-13 0.0000000000000000e+00  1.8196250963696283e+01 -1.0676678589608263e-13 0.0000000000000000e+00  1.8196250963695977e+01 -1.1250374047565894e-13 0.0000000000000000e+00  1.8196250963696144e+01 -1.1464426574662043e-13 0.0000000000000000e+00  1.8196250963696556e+01 -1.1598342164466373e-13 0.0000000000000000e+00  1.8196250963696126e+01 -1.1680786340750593e-13 0.0000000000000000e+00  1.8196250963696485e+01 -1.1664363315680663e-13 0.0000000000000000e+00  1.8196250963696862e+01 -1.1377893347707806e-13 0.0000000000000000e+00  1.8196250963696304e+01 -1.1596510530458508e-13 0.0000000000000000e+00  1.8196250963696947e+01 -1.1238032582348787e-13 0.0000000000000000e+00  1.8196250963697107e+01 -1.1075978403938308e-13 0.0000000000000000e+00  1.8196250963696645e+01 -1.1060835583334512e-13 0.0000000000000000e+00  1.8196250963697310e+01 -1.0826263320864788e-13 0.0000000000000000e+00  1.8196250963697292e+01 -1.0897565078072991e-13 0.0000000000000000e+00  1.8196250963697175e+01 -1.0887452610064035e-13 0.0000000000000000e+00  1.8196250963697935e+01 -1.0073901265528089e-13 0.0000000000000000e+00  1.8670618152044568e+01 -9.7850306933845742e-14 0.0000000000000000e+00  1.8670618152043176e+01 -1.1832082166753593e-13 0.0000000000000000e+00  1.8670618152043236e+01 -7.8471926979564330e-14 0.0000000000000000e+00  1.8670618152042774e+01 -7.5317189850857896e-14 0.0000000000000000e+00  1.8670618152042554e+01 -8.5292310956536960e-14 0.0000000000000000e+00  1.8670618152043136e+01 -9.6520013018618246e-14 0.0000000000000000e+00  1.8670618152042859e+01 -1.0621436449087105e-13 0.0000000000000000e+00  1.8670618152042920e+01 -1.0846585623637857e-13 0.0000000000000000e+00  1.8670618152043389e+01 -1.0880755463706856e-13 0.0000000000000000e+00  1.8670618152042959e+01 -1.1494750127991872e-13 0.0000000000000000e+00  1.8670618152043296e+01 -1.1215015530588940e-13 0.0000000000000000e+00  1.8670618152043708e+01 -1.1298808467831235e-13 0.0000000000000000e+00  1.8670618152043200e+01 -1.1387653888771948e-13 0.0000000000000000e+00  1.8670618152043666e+01 -1.1344715575532163e-13 0.0000000000000000e+00  1.8670618152043975e+01 -1.0893666493726987e-13 0.0000000000000000e+00  1.8670618152043428e+01 -1.1074839495255859e-13 0.0000000000000000e+00  1.8670618152044103e+01 -1.0841873115657025e-13 0.0000000000000000e+00  1.8670618152044156e+01 -1.0756967844139718e-13 0.0000000000000000e+00  1.8670618152043815e+01 -1.0786169836291260e-13 0.0000000000000000e+00  1.8670618152044476e+01 -1.0528908212189451e-13 0.0000000000000000e+00  1.8670618152044568e+01 -9.7850306933845742e-14 0.0000000000000000e+00  1.9075198064357611e+01 -1.0044353290081388e-13 0.0000000000000000e+00  1.9075198064357043e+01 -1.1681293246441717e-13 0.0000000000000000e+00  1.9075198064356300e+01 -7.8081946859968597e-14 0.0000000000000000e+00  1.9075198064355849e+01 -7.6038559618092889e-14 0.0000000000000000e+00  1.9075198064356449e+01 -8.2596924528823732e-14 0.0000000000000000e+00  1.9075198064356165e+01 -9.4424477615269032e-14 0.0000000000000000e+00  1.9075198064356101e+01 -1.0206156639464937e-13 0.0000000000000000e+00  1.9075198064356645e+01 -1.0297476814795926e-13 0.0000000000000000e+00  1.9075198064356286e+01 -1.0977743769261455e-13 0.0000000000000000e+00  1.9075198064356485e+01 -1.0964822341660910e-13 0.0000000000000000e+00  1.9075198064356893e+01 -1.0825375831665282e-13 0.0000000000000000e+00  1.9075198064356488e+01 -1.1252810998035871e-13 0.0000000000000000e+00  1.9075198064356861e+01 -1.1108931927697300e-13 0.0000000000000000e+00  1.9075198064357217e+01 -1.0901408292918070e-13 0.0000000000000000e+00  1.9075198064356684e+01 -1.1018127568782021e-13 0.0000000000000000e+00  1.9075198064357259e+01 -1.1038927665772438e-13 0.0000000000000000e+00  1.9075198064357469e+01 -1.0528191009908910e-13 0.0000000000000000e+00  1.9075198064356950e+01 -1.0723079218288214e-13 0.0000000000000000e+00  1.9075198064357647e+01 -1.0484660119085214e-13 0.0000000000000000e+00  1.9075198064357657e+01 -1.0343549755075853e-13 0.0000000000000000e+00  1.9075198064357611e+01 -1.0044353290081388e-13 0.0000000000000000e+00  1.9423461887652007e+01 -9.6436767477422493e-14 0.0000000000000000e+00  1.9423461887650689e+01 -1.0864168156063715e-13 0.0000000000000000e+00  1.9423461887649864e+01 -8.0357402301349913e-14 0.0000000000000000e+00  1.9423461887650365e+01 -7.3753059915577790e-14 0.0000000000000000e+00  1.9423461887650021e+01 -7.8930355256023182e-14 0.0000000000000000e+00  1.9423461887649847e+01 -8.9135261985217435e-14 0.0000000000000000e+00  1.9423461887650493e+01 -9.3777591415188441e-14 0.0000000000000000e+00  1.9423461887650145e+01 -9.9624272526125287e-14 0.0000000000000000e+00  1.9423461887650209e+01 -1.0388580104160113e-13 0.0000000000000000e+00  1.9423461887650681e+01 -9.9482405255949782e-14 0.0000000000000000e+00  1.9423461887650337e+01 -1.0724527593028999e-13 0.0000000000000000e+00  1.9423461887650571e+01 -1.0658182214666800e-13 0.0000000000000000e+00  1.9423461887650976e+01 -1.0413157464466082e-13 0.0000000000000000e+00  1.9423461887650525e+01 -1.0732193420810610e-13 0.0000000000000000e+00  1.9423461887650976e+01 -1.0602056375154278e-13 0.0000000000000000e+00  1.9423461887651222e+01 -1.0233453369926341e-13 0.0000000000000000e+00  1.9423461887650724e+01 -1.0328903831185980e-13 0.0000000000000000e+00  1.9423461887651378e+01 -1.0343611912562899e-13 0.0000000000000000e+00  1.9423461887651428e+01 -9.8654572483697270e-14 0.0000000000000000e+00  1.9423461887651086e+01 -1.0119034100196195e-13 0.0000000000000000e+00  1.9423461887652007e+01 -9.6436767477422493e-14 0.0000000000000000e+00  1.9723931517451202e+01 -8.9411766122342928e-14 0.0000000000000000e+00  1.9723931517449738e+01 -1.0202022525226252e-13 0.0000000000000000e+00  1.9723931517449902e+01 -7.7080622029072351e-14 0.0000000000000000e+00  1.9723931517449440e+01 -7.0418127147154411e-14 0.0000000000000000e+00  1.9723931517449135e+01 -7.6422458852831835e-14 0.0000000000000000e+00  1.9723931517449756e+01 -8.0593662064968007e-14 0.0000000000000000e+00  1.9723931517449497e+01 -8.5835458032413652e-14 0.0000000000000000e+00  1.9723931517449451e+01 -9.4326220170756364e-14 0.0000000000000000e+00  1.9723931517450048e+01 -9.3609431305863524e-14 0.0000000000000000e+00  1.9723931517449664e+01 -9.3031399139772284e-14 0.0000000000000000e+00  1.9723931517449785e+01 -9.8789303226356992e-14 0.0000000000000000e+00  1.9723931517450279e+01 -9.6740789348497912e-14 0.0000000000000000e+00  1.9723931517449863e+01 -9.9853395570608361e-14 0.0000000000000000e+00  1.9723931517450243e+01 -9.8928933620329164e-14 0.0000000000000000e+00  1.9723931517450495e+01 -9.7869783435341724e-14 0.0000000000000000e+00  1.9723931517450062e+01 -1.0063046522183985e-13 0.0000000000000000e+00  1.9723931517450612e+01 -9.7342174883667400e-14 0.0000000000000000e+00  1.9723931517450801e+01 -9.3894206729239497e-14 0.0000000000000000e+00  1.9723931517450367e+01 -9.6064073146782479e-14 0.0000000000000000e+00  1.9723931517451017e+01 -9.3841146333167252e-14 0.0000000000000000e+00  1.9723931517451202e+01 -8.9411766122342928e-14 0.0000000000000000e+00  1.9982115103202702e+01 -8.4397448645522926e-14 0.0000000000000000e+00  1.9982115103202332e+01 -9.0825743703042500e-14 0.0000000000000000e+00  1.9982115103201568e+01 -7.4086171832159819e-14 0.0000000000000000e+00  1.9982115103201060e+01 -6.8385537072576139e-14 0.0000000000000000e+00  1.9982115103201743e+01 -6.8288601827249500e-14 0.0000000000000000e+00  1.9982115103201448e+01 -7.2973113818039613e-14 0.0000000000000000e+00  1.9982115103201238e+01 -7.9372788291839783e-14 0.0000000000000000e+00  1.9982115103201910e+01 -8.4091420664671525e-14 0.0000000000000000e+00  1.9982115103201600e+01 -8.4469394599276653e-14 0.0000000000000000e+00  1.9982115103201640e+01 -8.6748671461462389e-14 0.0000000000000000e+00  1.9982115103202116e+01 -8.7578458044210319e-14 0.0000000000000000e+00  1.9982115103201753e+01 -8.7908988042077039e-14 0.0000000000000000e+00  1.9982115103201988e+01 -8.9554032511227003e-14 0.0000000000000000e+00  1.9982115103202410e+01 -8.9675518794225641e-14 0.0000000000000000e+00  1.9982115103201920e+01 -9.2692390382855976e-14 0.0000000000000000e+00  1.9982115103202432e+01 -9.0613486221160457e-14 0.0000000000000000e+00  1.9982115103202638e+01 -8.9787876406845324e-14 0.0000000000000000e+00  1.9982115103202215e+01 -9.0055452124950842e-14 0.0000000000000000e+00  1.9982115103202808e+01 -8.7793820702726525e-14 0.0000000000000000e+00  1.9982115103202897e+01 -8.4177432982382100e-14 0.0000000000000000e+00  1.9982115103202702e+01 -8.4397448645522926e-14 0.0000000000000000e+00  2.0201517548814866e+01 -7.5117780699046802e-14 0.0000000000000000e+00  2.0201517548813740e+01 -7.9963229500127818e-14 0.0000000000000000e+00  2.0201517548812767e+01 -6.8895758433265894e-14 0.0000000000000000e+00  2.0201517548813303e+01 -6.0455097229912572e-14 0.0000000000000000e+00  2.0201517548812951e+01 -6.1633473875222416e-14 0.0000000000000000e+00  2.0201517548812738e+01 -6.5151646984065734e-14 0.0000000000000000e+00  2.0201517548813385e+01 -6.9811607993251360e-14 0.0000000000000000e+00  2.0201517548813158e+01 -7.3613144135006050e-14 0.0000000000000000e+00  2.0201517548813069e+01 -7.4505896222608264e-14 0.0000000000000000e+00  2.0201517548813587e+01 -7.6666031203439911e-14 0.0000000000000000e+00  2.0201517548813285e+01 -7.9188363708305080e-14 0.0000000000000000e+00  2.0201517548813385e+01 -7.9889106934316214e-14 0.0000000000000000e+00  2.0201517548813946e+01 -7.8685652225025089e-14 0.0000000000000000e+00  2.0201517548813428e+01 -8.1290739783266013e-14 0.0000000000000000e+00  2.0201517548813840e+01 -8.1508585753973532e-14 0.0000000000000000e+00  2.0201517548814152e+01 -7.9640060468900806e-14 0.0000000000000000e+00  2.0201517548813680e+01 -8.3580801448519827e-14 0.0000000000000000e+00  2.0201517548814238e+01 -7.8846352194619306e-14 0.0000000000000000e+00  2.0201517548814358e+01 -7.7469616792610572e-14 0.0000000000000000e+00  2.0201517548814021e+01 -7.9643092528427010e-14 0.0000000000000000e+00  2.0201517548814866e+01 -7.5117780699046802e-14 0.0000000000000000e+00  2.0384215408779053e+01 -6.4250576354249047e-14 0.0000000000000000e+00  2.0384215408777603e+01 -7.3568017884891688e-14 0.0000000000000000e+00  2.0384215408777713e+01 -5.9444488647440912e-14 0.0000000000000000e+00  2.0384215408777326e+01 -5.2615711809613870e-14 0.0000000000000000e+00  2.0384215408776981e+01 -5.4208785576276865e-14 0.0000000000000000e+00  2.0384215408777617e+01 -5.4482353101207015e-14 0.0000000000000000e+00  2.0384215408777397e+01 -5.9303521611103496e-14 0.0000000000000000e+00  2.0384215408777248e+01 -6.2989863483625262e-14 0.0000000000000000e+00  2.0384215408777813e+01 -6.4682838402196027e-14 0.0000000000000000e+00  2.0384215408777475e+01 -6.7118876414372878e-14 0.0000000000000000e+00  2.0384215408777575e+01 -6.9010123899680966e-14 0.0000000000000000e+00  2.0384215408778093e+01 -7.0138871000567525e-14 0.0000000000000000e+00  2.0384215408777738e+01 -7.1674278607464775e-14 0.0000000000000000e+00  2.0384215408777898e+01 -7.1473525695582736e-14 0.0000000000000000e+00  2.0384215408778420e+01 -6.8068423848903400e-14 0.0000000000000000e+00  2.0384215408777852e+01 -6.9041905771431869e-14 0.0000000000000000e+00  2.0384215408778370e+01 -7.1078496337439775e-14 0.0000000000000000e+00  2.0384215408778584e+01 -6.9412196241804043e-14 0.0000000000000000e+00  2.0384215408778189e+01 -6.9730570129373512e-14 0.0000000000000000e+00  2.0384215408778811e+01 -6.9054252774681210e-14 0.0000000000000000e+00  2.0384215408779053e+01 -6.4250576354249047e-14 0.0000000000000000e+00  2.0531203559225538e+01 -5.6066925299133335e-14 0.0000000000000000e+00  2.0531203559225041e+01 -6.1038455668581458e-14 0.0000000000000000e+00  2.0531203559224423e+01 -4.8187448333197964e-14 0.0000000000000000e+00  2.0531203559223922e+01 -4.6707001222023830e-14 0.0000000000000000e+00  2.0531203559224444e+01 -4.3753637263154334e-14 0.0000000000000000e+00  2.0531203559224217e+01 -4.6694935559921085e-14 0.0000000000000000e+00  2.0531203559224153e+01 -4.9951190959654338e-14 0.0000000000000000e+00  2.0531203559224618e+01 -4.8844054576230844e-14 0.0000000000000000e+00  2.0531203559224398e+01 -5.4446988470320686e-14 0.0000000000000000e+00  2.0531203559224405e+01 -5.8787824792115413e-14 0.0000000000000000e+00  2.0531203559224910e+01 -5.5468760205341843e-14 0.0000000000000000e+00  2.0531203559224540e+01 -5.9819900699071656e-14 0.0000000000000000e+00  2.0531203559224611e+01 -6.0914263567768120e-14 0.0000000000000000e+00  2.0531203559225208e+01 -5.8043576727484963e-14 0.0000000000000000e+00  2.0531203559224707e+01 -5.9575750262396107e-14 0.0000000000000000e+00  2.0531203559225066e+01 -5.7278664757270065e-14 0.0000000000000000e+00  2.0531203559225435e+01 -5.5961815463498889e-14 0.0000000000000000e+00  2.0531203559224938e+01 -5.8810337828203102e-14 0.0000000000000000e+00  2.0531203559225510e+01 -5.6666804779774914e-14 0.0000000000000000e+00  2.0531203559225606e+01 -5.7708530093533976e-14 0.0000000000000000e+00  2.0531203559225538e+01 -5.6066925299133335e-14 0.0000000000000000e+00  2.0642622833494137e+01 -4.3935829780901772e-14 0.0000000000000000e+00  2.0642622833493075e+01 -4.5855181156046680e-14 0.0000000000000000e+00  2.0642622833492258e+01 -4.0095854943703537e-14 0.0000000000000000e+00  2.0642622833492588e+01 -3.6591482792884616e-14 0.0000000000000000e+00  2.0642622833492371e+01 -3.4917801278468331e-14 0.0000000000000000e+00  2.0642622833492233e+01 -3.9456414456009274e-14 0.0000000000000000e+00  2.0642622833492712e+01 -3.6720077761366912e-14 0.0000000000000000e+00  2.0642622833492517e+01 -3.9394626622843629e-14 0.0000000000000000e+00  2.0642622833492521e+01 -4.6156771731643003e-14 0.0000000000000000e+00  2.0642622833492972e+01 -4.3119122942253397e-14 0.0000000000000000e+00  2.0642622833492638e+01 -4.4602871070385320e-14 0.0000000000000000e+00  2.0642622833492776e+01 -4.8114437182822698e-14 0.0000000000000000e+00  2.0642622833493224e+01 -4.4385713706935923e-14 0.0000000000000000e+00  2.0642622833492837e+01 -4.7221759484509519e-14 0.0000000000000000e+00  2.0642622833493043e+01 -4.7591465574731596e-14 0.0000000000000000e+00  2.0642622833493519e+01 -4.3307904053095040e-14 0.0000000000000000e+00  2.0642622833492997e+01 -4.3811090767907943e-14 0.0000000000000000e+00  2.0642622833493448e+01 -4.4609081869712610e-14 0.0000000000000000e+00  2.0642622833493682e+01 -4.2909951539600681e-14 0.0000000000000000e+00  2.0642622833493359e+01 -4.6473552355703719e-14 0.0000000000000000e+00  2.0642622833494137e+01 -4.3935829780901772e-14 0.0000000000000000e+00  2.0717937368997713e+01 -2.9687459192894257e-14 0.0000000000000000e+00  2.0717937368996406e+01 -3.4883146435895178e-14 0.0000000000000000e+00  2.0717937368996335e+01 -2.9517312151101366e-14 0.0000000000000000e+00  2.0717937368996107e+01 -2.4150567856392323e-14 0.0000000000000000e+00  2.0717937368995862e+01 -2.9572258927264965e-14 0.0000000000000000e+00  2.0717937368996296e+01 -2.7108793217373147e-14 0.0000000000000000e+00  2.0717937368996118e+01 -2.6742917155520441e-14 0.0000000000000000e+00  2.0717937368996129e+01 -3.1599502886479104e-14 0.0000000000000000e+00  2.0717937368996537e+01 -3.1783531769087526e-14 0.0000000000000000e+00  2.0717937368996274e+01 -3.1288772398730412e-14 0.0000000000000000e+00  2.0717937368996363e+01 -3.4627441741530955e-14 0.0000000000000000e+00  2.0717937368996786e+01 -2.9794937682729610e-14 0.0000000000000000e+00  2.0717937368996477e+01 -3.2511851978081285e-14 0.0000000000000000e+00  2.0717937368996591e+01 -3.4719223831303841e-14 0.0000000000000000e+00  2.0717937368997067e+01 -3.0971145606522487e-14 0.0000000000000000e+00  2.0717937368996573e+01 -3.3325276898561323e-14 0.0000000000000000e+00  2.0717937368996946e+01 -3.0898544204080673e-14 0.0000000000000000e+00  2.0717937368997347e+01 -2.7662166340735099e-14 0.0000000000000000e+00  2.0717937368996878e+01 -3.2002930187690506e-14 0.0000000000000000e+00  2.0717937368997440e+01 -3.2340487293357963e-14 0.0000000000000000e+00  2.0717937368997713e+01 -2.9687459192894257e-14 0.0000000000000000e+00  2.0756119488772143e+01 -1.8108184006480300e-14 0.0000000000000000e+00  2.0756119488771525e+01 -2.1692697855311365e-14 0.0000000000000000e+00  2.0756119488771034e+01 -1.6120671222254616e-14 0.0000000000000000e+00  2.0756119488770594e+01 -1.6771631055455190e-14 0.0000000000000000e+00  2.0756119488770956e+01 -1.8948938435377555e-14 0.0000000000000000e+00  2.0756119488770860e+01 -1.4203789369859229e-14 0.0000000000000000e+00  2.0756119488770803e+01 -2.0094841523034128e-14 0.0000000000000000e+00  2.0756119488771159e+01 -1.8802172213164078e-14 0.0000000000000000e+00  2.0756119488770974e+01 -1.7631833184334927e-14 0.0000000000000000e+00  2.0756119488771056e+01 -2.1428737271565010e-14 0.0000000000000000e+00  2.0756119488771446e+01 -1.8400975905709962e-14 0.0000000000000000e+00  2.0756119488771120e+01 -1.7157516619952096e-14 0.0000000000000000e+00  2.0756119488771230e+01 -2.1639811130515294e-14 0.0000000000000000e+00  2.0756119488771677e+01 -1.6773890543439507e-14 0.0000000000000000e+00  2.0756119488771326e+01 -1.9945738447007729e-14 0.0000000000000000e+00  2.0756119488771585e+01 -2.0094009721004602e-14 0.0000000000000000e+00  2.0756119488772011e+01 -1.5694160447737033e-14 0.0000000000000000e+00  2.0756119488771482e+01 -1.6448667169925532e-14 0.0000000000000000e+00  2.0756119488771965e+01 -1.7453509249472374e-14 0.0000000000000000e+00  2.0756119488772207e+01 -1.6066864926106299e-14 0.0000000000000000e+00  2.0756119488772143e+01 -1.8108184006480300e-14 0.0000000000000000e+00  2.0756119526302346e+01 -4.1293536784729097e-15 0.0000000000000000e+00  2.0756119526301394e+01 -6.2922507905931172e-15 0.0000000000000000e+00  2.0756119526300527e+01 -6.0805365196837755e-15 0.0000000000000000e+00  2.0756119526300765e+01 -5.9713007843946602e-15 0.0000000000000000e+00  2.0756119526300758e+01 -5.4583487462639298e-15 0.0000000000000000e+00  2.0756119526300523e+01 -7.2525314141690818e-15 0.0000000000000000e+00  2.0756119526300957e+01 -8.9861100108001885e-15 0.0000000000000000e+00  2.0756119526300868e+01 -5.5357695836165451e-15 0.0000000000000000e+00  2.0756119526300864e+01 -7.4415489870200115e-15 0.0000000000000000e+00  2.0756119526301198e+01 -6.1840623550962648e-15 0.0000000000000000e+00  2.0756119526300978e+01 -3.1758045887816773e-15 0.0000000000000000e+00  2.0756119526301060e+01 -6.4442837792874716e-15 0.0000000000000000e+00  2.0756119526301465e+01 -6.3091106360726532e-15 0.0000000000000000e+00  2.0756119526301188e+01 -4.2092574704045986e-15 0.0000000000000000e+00  2.0756119526301369e+01 -6.4940966701950784e-15 0.0000000000000000e+00  2.0756119526301731e+01 -3.7888932299205855e-15 0.0000000000000000e+00  2.0756119526301294e+01 -5.3197567650146516e-15 0.0000000000000000e+00  2.0756119526301696e+01 -4.6715738190893741e-15 0.0000000000000000e+00  2.0756119526302008e+01 -1.6312417063157870e-15 0.0000000000000000e+00  2.0756119526301639e+01 -2.6353559569870426e-15 0.0000000000000000e+00  2.0756119526302346e+01 -4.1293536784729097e-15 0.0000000000000000e+00  2.0717938143601689e+01 1.1093930503933651e-14 0.0000000000000000e+00  2.0717938143600300e+01 9.2200314153243770e-15 0.0000000000000000e+00  2.0717938143600271e+01 6.4439773496883809e-15 0.0000000000000000e+00  2.0717938143600094e+01 5.1831564351994306e-15 0.0000000000000000e+00  2.0717938143599746e+01 2.8648034471601612e-15 0.0000000000000000e+00  2.0717938143600144e+01 2.3061381862628823e-15 0.0000000000000000e+00  2.0717938143600122e+01 5.4413119639908723e-15 0.0000000000000000e+00  2.0717938143600051e+01 3.5777609208098350e-15 0.0000000000000000e+00  2.0717938143600389e+01 6.6986557246910472e-15 0.0000000000000000e+00  2.0717938143600318e+01 9.6833763753498802e-15 0.0000000000000000e+00  2.0717938143600321e+01 6.3453519861029909e-15 0.0000000000000000e+00  2.0717938143600680e+01 9.0570927132976241e-15 0.0000000000000000e+00  2.0717938143600463e+01 9.8431530246445819e-15 0.0000000000000000e+00  2.0717938143600524e+01 6.7003265207518306e-15 0.0000000000000000e+00  2.0717938143600939e+01 1.0779350787963246e-14 0.0000000000000000e+00  2.0717938143600584e+01 8.0470771181219592e-15 0.0000000000000000e+00  2.0717938143600886e+01 5.4291264282173430e-15 0.0000000000000000e+00  2.0717938143601227e+01 9.3581974120253974e-15 0.0000000000000000e+00  2.0717938143600801e+01 8.8392133525276662e-15 0.0000000000000000e+00  2.0717938143601355e+01 1.0699943007637722e-14 0.0000000000000000e+00  2.0717938143601689e+01 1.1093930503933651e-14 0.0000000000000000e+00  2.0642624986945275e+01 2.2158665087557856e-14 0.0000000000000000e+00  2.0642624986944757e+01 2.5275059067740433e-14 0.0000000000000000e+00  2.0642624986944295e+01 1.9358300871995617e-14 0.0000000000000000e+00  2.0642624986943723e+01 1.3976288628981917e-14 0.0000000000000000e+00  2.0642624986944107e+01 1.3306350947844532e-14 0.0000000000000000e+00  2.0642624986944142e+01 1.4598323598613521e-14 0.0000000000000000e+00  2.0642624986943947e+01 1.4252682305262364e-14 0.0000000000000000e+00  2.0642624986944352e+01 1.6280952531530161e-14 0.0000000000000000e+00  2.0642624986944313e+01 2.2048715833094181e-14 0.0000000000000000e+00  2.0642624986944263e+01 1.9064669673599121e-14 0.0000000000000000e+00  2.0642624986944547e+01 2.0471912539301855e-14 0.0000000000000000e+00  2.0642624986944472e+01 2.5738351642969827e-14 0.0000000000000000e+00  2.0642624986944490e+01 1.9386236135781461e-14 0.0000000000000000e+00  2.0642624986944831e+01 2.1607820181840189e-14 0.0000000000000000e+00  2.0642624986944636e+01 2.6525194923757104e-14 0.0000000000000000e+00  2.0642624986944792e+01 1.9547955010128379e-14 0.0000000000000000e+00  2.0642624986945162e+01 2.0810831212304788e-14 0.0000000000000000e+00  2.0642624986944785e+01 1.9546934975423896e-14 0.0000000000000000e+00  2.0642624986945183e+01 1.9202250529719115e-14 0.0000000000000000e+00  2.0642624986945442e+01 2.3995778770517423e-14 0.0000000000000000e+00  2.0642624986945275e+01 2.2158665087557856e-14 0.0000000000000000e+00  2.0531206931923656e+01 3.3740048029748930e-14 0.0000000000000000e+00  2.0531206931922707e+01 3.8579359287169225e-14 0.0000000000000000e+00  2.0531206931921790e+01 2.7726767023520352e-14 0.0000000000000000e+00  2.0531206931922039e+01 2.4634746097436681e-14 0.0000000000000000e+00  2.0531206931922060e+01 2.5422731525636706e-14 0.0000000000000000e+00  2.0531206931921734e+01 2.2866298685983900e-14 0.0000000000000000e+00  2.0531206931922167e+01 2.5871510938346248e-14 0.0000000000000000e+00  2.0531206931922171e+01 2.9662847380728237e-14 0.0000000000000000e+00  2.0531206931922071e+01 3.1874686683059906e-14 0.0000000000000000e+00  2.0531206931922405e+01 3.1746849479449088e-14 0.0000000000000000e+00  2.0531206931922419e+01 3.5942179110726323e-14 0.0000000000000000e+00  2.0531206931922352e+01 3.3850897611091168e-14 0.0000000000000000e+00  2.0531206931922657e+01 3.4387295327776660e-14 0.0000000000000000e+00  2.0531206931922586e+01 3.8153939854106295e-14 0.0000000000000000e+00  2.0531206931922611e+01 3.4392530324800538e-14 0.0000000000000000e+00  2.0531206931922963e+01 3.4547388213403181e-14 0.0000000000000000e+00  2.0531206931922696e+01 3.5929500700950934e-14 0.0000000000000000e+00  2.0531206931922991e+01 3.1286131650019203e-14 0.0000000000000000e+00  2.0531206931923265e+01 3.2220799177848093e-14 0.0000000000000000e+00  2.0531206931922902e+01 3.4050358770675657e-14 0.0000000000000000e+00  2.0531206931923656e+01 3.3740048029748930e-14 0.0000000000000000e+00  2.0384219719548877e+01 4.4005020520560641e-14 0.0000000000000000e+00  2.0384219719547463e+01 4.7496801561790110e-14 0.0000000000000000e+00  2.0384219719547350e+01 3.9274176944166613e-14 0.0000000000000000e+00  2.0384219719547236e+01 3.4773656895211407e-14 0.0000000000000000e+00  2.0384219719546834e+01 3.2638583270948070e-14 0.0000000000000000e+00  2.0384219719547250e+01 3.4144299707322048e-14 0.0000000000000000e+00  2.0384219719547318e+01 3.8765159308213045e-14 0.0000000000000000e+00  2.0384219719547119e+01 3.8128788363072905e-14 0.0000000000000000e+00  2.0384219719547492e+01 4.1860129146527865e-14 0.0000000000000000e+00  2.0384219719547524e+01 4.5492116213313348e-14 0.0000000000000000e+00  2.0384219719547428e+01 4.5745706767337515e-14 0.0000000000000000e+00  2.0384219719547723e+01 4.5288445232132638e-14 0.0000000000000000e+00  2.0384219719547744e+01 5.0296025136921269e-14 0.0000000000000000e+00  2.0384219719547698e+01 4.5701730343449258e-14 0.0000000000000000e+00  2.0384219719548003e+01 4.6803722840607605e-14 0.0000000000000000e+00  2.0384219719547893e+01 4.9507389847289004e-14 0.0000000000000000e+00  2.0384219719548021e+01 4.4819574841162048e-14 0.0000000000000000e+00  2.0384219719548351e+01 4.4565827817063913e-14 0.0000000000000000e+00  2.0384219719548049e+01 4.4605957421631728e-14 0.0000000000000000e+00  2.0384219719548465e+01 4.5602522393800036e-14 0.0000000000000000e+00  2.0384219719548877e+01 4.4005020520560641e-14 0.0000000000000000e+00  2.0201522491225049e+01 5.1994449895288151e-14 0.0000000000000000e+00  2.0201522491224388e+01 6.0917869836695455e-14 0.0000000000000000e+00  2.0201522491223983e+01 4.7214872083977508e-14 0.0000000000000000e+00  2.0201522491223450e+01 4.0521316455652392e-14 0.0000000000000000e+00  2.0201522491223759e+01 4.2487993719114222e-14 0.0000000000000000e+00  2.0201522491223862e+01 4.3133624113468767e-14 0.0000000000000000e+00  2.0201522491223592e+01 4.5723974596589821e-14 0.0000000000000000e+00  2.0201522491224043e+01 5.0544626325598166e-14 0.0000000000000000e+00  2.0201522491224093e+01 5.3084938070330762e-14 0.0000000000000000e+00  2.0201522491223891e+01 5.3401123915536383e-14 0.0000000000000000e+00  2.0201522491224260e+01 5.5766790985917484e-14 0.0000000000000000e+00  2.0201522491224324e+01 5.6927367016400246e-14 0.0000000000000000e+00  2.0201522491224175e+01 6.0051997789452949e-14 0.0000000000000000e+00  2.0201522491224463e+01 5.7606953659651389e-14 0.0000000000000000e+00  2.0201522491224488e+01 5.9139587247457102e-14 0.0000000000000000e+00  2.0201522491224509e+01 5.8038334710034776e-14 0.0000000000000000e+00  2.0201522491224836e+01 5.3329728575293031e-14 0.0000000000000000e+00  2.0201522491224594e+01 5.7972728849367476e-14 0.0000000000000000e+00  2.0201522491224861e+01 5.4612894439050435e-14 0.0000000000000000e+00  2.0201522491225155e+01 5.4103154858828031e-14 0.0000000000000000e+00  2.0201522491225049e+01 5.1994449895288151e-14 0.0000000000000000e+00  1.9982120270157573e+01 6.0597131389709664e-14 0.0000000000000000e+00  1.9982120270156539e+01 7.0615344178039304e-14 0.0000000000000000e+00  1.9982120270155711e+01 5.4058062031816301e-14 0.0000000000000000e+00  1.9982120270155917e+01 4.8344772040248887e-14 0.0000000000000000e+00  1.9982120270155924e+01 4.7475553044497620e-14 0.0000000000000000e+00  1.9982120270155630e+01 5.0348120315854352e-14 0.0000000000000000e+00  1.9982120270156091e+01 5.6399723418530769e-14 0.0000000000000000e+00  1.9982120270156194e+01 5.9324992049975251e-14 0.0000000000000000e+00  1.9982120270155939e+01 6.0363614267805202e-14 0.0000000000000000e+00  1.9982120270156294e+01 6.4970656186980414e-14 0.0000000000000000e+00  1.9982120270156386e+01 6.6469445715543174e-14 0.0000000000000000e+00  1.9982120270156216e+01 6.5832007977613011e-14 0.0000000000000000e+00  1.9982120270156546e+01 6.7477477178266345e-14 0.0000000000000000e+00  1.9982120270156603e+01 6.9769611106546295e-14 0.0000000000000000e+00  1.9982120270156521e+01 6.7674180435611373e-14 0.0000000000000000e+00  1.9982120270156827e+01 6.5186801547722888e-14 0.0000000000000000e+00  1.9982120270156766e+01 6.5773660540585140e-14 0.0000000000000000e+00  1.9982120270156830e+01 6.4092978537138308e-14 0.0000000000000000e+00  1.9982120270157147e+01 6.0645367387652604e-14 0.0000000000000000e+00  1.9982120270156951e+01 6.3548803174697197e-14 0.0000000000000000e+00  1.9982120270157573e+01 6.0597131389709664e-14 0.0000000000000000e+00  1.9723936251610944e+01 6.5765776343462008e-14 0.0000000000000000e+00  1.9723936251609587e+01 8.0212559653924057e-14 0.0000000000000000e+00  1.9723936251609413e+01 6.1271110848970102e-14 0.0000000000000000e+00  1.9723936251609302e+01 4.9164262728185118e-14 0.0000000000000000e+00  1.9723936251608919e+01 4.9507242722250942e-14 0.0000000000000000e+00  1.9723936251609359e+01 6.1534245860391572e-14 0.0000000000000000e+00  1.9723936251609459e+01 6.3928114863647176e-14 0.0000000000000000e+00  1.9723936251609189e+01 6.6483810087690024e-14 0.0000000000000000e+00  1.9723936251609601e+01 7.1420880823972491e-14 0.0000000000000000e+00  1.9723936251609700e+01 7.2860298215028767e-14 0.0000000000000000e+00  1.9723936251609484e+01 7.3056797078776012e-14 0.0000000000000000e+00  1.9723936251609846e+01 7.6631253351395900e-14 0.0000000000000000e+00  1.9723936251609896e+01 7.5342616512163632e-14 0.0000000000000000e+00  1.9723936251609778e+01 7.7295409734310665e-14 0.0000000000000000e+00  1.9723936251610073e+01 7.4096814810439217e-14 0.0000000000000000e+00  1.9723936251610120e+01 7.4666935137135733e-14 0.0000000000000000e+00  1.9723936251610080e+01 7.3636958976938529e-14 0.0000000000000000e+00  1.9723936251610468e+01 6.9415104066890300e-14 0.0000000000000000e+00  1.9723936251610315e+01 7.1535010116919731e-14 0.0000000000000000e+00  1.9723936251610560e+01 7.1033044017512039e-14 0.0000000000000000e+00  1.9723936251610944e+01 6.5765776343462008e-14 0.0000000000000000e+00  1.9423465012803224e+01 7.4301465821288242e-14 0.0000000000000000e+00  1.9423465012802364e+01 8.8889468628552639e-14 0.0000000000000000e+00  1.9423465012801895e+01 6.0627906154618266e-14 0.0000000000000000e+00  1.9423465012801447e+01 5.1000772467462006e-14 0.0000000000000000e+00  1.9423465012801802e+01 5.6292334489346981e-14 0.0000000000000000e+00  1.9423465012801842e+01 6.2794156305646934e-14 0.0000000000000000e+00  1.9423465012801614e+01 6.8917821473190684e-14 0.0000000000000000e+00  1.9423465012802048e+01 7.7778772602996887e-14 0.0000000000000000e+00  1.9423465012802112e+01 7.8882270239437027e-14 0.0000000000000000e+00  1.9423465012801906e+01 7.7838848013927666e-14 0.0000000000000000e+00  1.9423465012802250e+01 8.0941561440311938e-14 0.0000000000000000e+00  1.9423465012802378e+01 8.2597805666120630e-14 0.0000000000000000e+00  1.9423465012802204e+01 8.0008981154521094e-14 0.0000000000000000e+00  1.9423465012802495e+01 8.4085213136219209e-14 0.0000000000000000e+00  1.9423465012802605e+01 8.1708935006220915e-14 0.0000000000000000e+00  1.9423465012802470e+01 8.0150929723467739e-14 0.0000000000000000e+00  1.9423465012802819e+01 8.0370455615501025e-14 0.0000000000000000e+00  1.9423465012802811e+01 7.9512528183752860e-14 0.0000000000000000e+00  1.9423465012802875e+01 7.9031841676783645e-14 0.0000000000000000e+00  1.9423465012803145e+01 7.5945512284469535e-14 0.0000000000000000e+00  1.9423465012803224e+01 7.4301465821288242e-14 0.0000000000000000e+00  1.9075197471182737e+01 8.0125767809413982e-14 0.0000000000000000e+00  1.9075197471181657e+01 9.0734254250309705e-14 0.0000000000000000e+00  1.9075197471180946e+01 6.2095129479123375e-14 0.0000000000000000e+00  1.9075197471181088e+01 5.5318094187941630e-14 0.0000000000000000e+00  1.9075197471181070e+01 5.7433813812174158e-14 0.0000000000000000e+00  1.9075197471180882e+01 6.5238777095508230e-14 0.0000000000000000e+00  1.9075197471181308e+01 7.6410232531792791e-14 0.0000000000000000e+00  1.9075197471181362e+01 8.1637706061817200e-14 0.0000000000000000e+00  1.9075197471181124e+01 8.3063823516237620e-14 0.0000000000000000e+00  1.9075197471181557e+01 8.7082624788292522e-14 0.0000000000000000e+00  1.9075197471181635e+01 8.6150773485709293e-14 0.0000000000000000e+00  1.9075197471181415e+01 8.4757134327762387e-14 0.0000000000000000e+00  1.9075197471181767e+01 8.6645771037637904e-14 0.0000000000000000e+00  1.9075197471181859e+01 8.5874641909744961e-14 0.0000000000000000e+00  1.9075197471181731e+01 8.3779737385533579e-14 0.0000000000000000e+00  1.9075197471182019e+01 8.7046087575287414e-14 0.0000000000000000e+00  1.9075197471182122e+01 8.7548911671443684e-14 0.0000000000000000e+00  1.9075197471182058e+01 8.5086115823859185e-14 0.0000000000000000e+00  1.9075197471182367e+01 8.3739076380212990e-14 0.0000000000000000e+00  1.9075197471182332e+01 8.1975664287606663e-14 0.0000000000000000e+00  1.9075197471182737e+01 8.0125767809413982e-14 0.0000000000000000e+00  1.8670609508192953e+01 7.6442603409589373e-14 0.0000000000000000e+00  1.8670609508191564e+01 9.4569874207927874e-14 0.0000000000000000e+00  1.8670609508191255e+01 6.4404576728084744e-14 0.0000000000000000e+00  1.8670609508191124e+01 5.2539141244207064e-14 0.0000000000000000e+00  1.8670609508190964e+01 5.7432434367946276e-14 0.0000000000000000e+00  1.8670609508191308e+01 7.2347638229765923e-14 0.0000000000000000e+00  1.8670609508191294e+01 7.7861527772008973e-14 0.0000000000000000e+00  1.8670609508191202e+01 8.3518946608226431e-14 0.0000000000000000e+00  1.8670609508191578e+01 9.0339545385276129e-14 0.0000000000000000e+00  1.8670609508191646e+01 8.9688536977350932e-14 0.0000000000000000e+00  1.8670609508191429e+01 8.7909298299039412e-14 0.0000000000000000e+00  1.8670609508191816e+01 9.1589573932801905e-14 0.0000000000000000e+00  1.8670609508191927e+01 9.0003601506872184e-14 0.0000000000000000e+00  1.8670609508191728e+01 8.5179083837143324e-14 0.0000000000000000e+00  1.8670609508192054e+01 8.8209911520070872e-14 0.0000000000000000e+00  1.8670609508192172e+01 8.9139779486293855e-14 0.0000000000000000e+00  1.8670609508192058e+01 8.7172222063683024e-14 0.0000000000000000e+00  1.8670609508192385e+01 8.9678249200399141e-14 0.0000000000000000e+00  1.8670609508192374e+01 8.8922697091043979e-14 0.0000000000000000e+00  1.8670609508192534e+01 8.5669012039198212e-14 0.0000000000000000e+00  1.8670609508192953e+01 7.6442603409589373e-14 0.0000000000000000e+00  1.8196261406643369e+01 7.5163240192633272e-14 0.0000000000000000e+00  1.8196261406642122e+01 9.3206130800325898e-14 0.0000000000000000e+00  1.8196261406641685e+01 4.8533695737716427e-14 0.0000000000000000e+00  1.8196261406641398e+01 4.1366963293944198e-14 0.0000000000000000e+00  1.8196261406641579e+01 5.7688293976802311e-14 0.0000000000000000e+00  1.8196261406641618e+01 7.0217127418512517e-14 0.0000000000000000e+00  1.8196261406641547e+01 7.7540702829312484e-14 0.0000000000000000e+00  1.8196261406641927e+01 8.5652020468891824e-14 0.0000000000000000e+00  1.8196261406641920e+01 8.5581340117527235e-14 0.0000000000000000e+00  1.8196261406641817e+01 8.6805094183933142e-14 0.0000000000000000e+00  1.8196261406642208e+01 8.9662236914968621e-14 0.0000000000000000e+00  1.8196261406642225e+01 8.6943765740425316e-14 0.0000000000000000e+00  1.8196261406642076e+01 8.6181939191247768e-14 0.0000000000000000e+00  1.8196261406642474e+01 8.6783551721757110e-14 0.0000000000000000e+00  1.8196261406642563e+01 8.5459696918914042e-14 0.0000000000000000e+00  1.8196261406642410e+01 8.2144401354484985e-14 0.0000000000000000e+00  1.8196261406642737e+01 8.6548143868216281e-14 0.0000000000000000e+00  1.8196261406642851e+01 8.6378613560223731e-14 0.0000000000000000e+00  1.8196261406642748e+01 8.0743968237527720e-14 0.0000000000000000e+00  1.8196261406643011e+01 8.4965650785848129e-14 0.0000000000000000e+00  1.8196261406643369e+01 7.5163240192633272e-14 0.0000000000000000e+00  1.7345453535830526e+01 5.7521443381089416e-14 0.0000000000000000e+00  1.7345453535829378e+01 9.7654772116529616e-14 0.0000000000000000e+00  1.7345453535828671e+01 2.8778839862362918e-14 0.0000000000000000e+00  1.7345453535828675e+01 3.3494333232078322e-14 0.0000000000000000e+00  1.7345453535828693e+01 5.7271603297471180e-14 0.0000000000000000e+00  1.7345453535828668e+01 7.0610819040166196e-14 0.0000000000000000e+00  1.7345453535829009e+01 8.1739629519890838e-14 0.0000000000000000e+00  1.7345453535828955e+01 8.2902236240002228e-14 0.0000000000000000e+00  1.7345453535828899e+01 8.2777269381152265e-14 0.0000000000000000e+00  1.7345453535829282e+01 8.4365535955029508e-14 0.0000000000000000e+00  1.7345453535829293e+01 8.1911188627711808e-14 0.0000000000000000e+00  1.7345453535829201e+01 7.8307647827543599e-14 0.0000000000000000e+00  1.7345453535829630e+01 8.1085330727967690e-14 0.0000000000000000e+00  1.7345453535829652e+01 7.9253756190658412e-14 0.0000000000000000e+00  1.7345453535829456e+01 7.6394264430776688e-14 0.0000000000000000e+00  1.7345453535829868e+01 7.8839076892579464e-14 0.0000000000000000e+00  1.7345453535829993e+01 7.7243691559393882e-14 0.0000000000000000e+00  1.7345453535829858e+01 7.1768149915784894e-14 0.0000000000000000e+00  1.7345453535830192e+01 7.7234466024928465e-14 0.0000000000000000e+00  1.7345453535830270e+01 7.2944459421974612e-14 0.0000000000000000e+00  1.7345453535830526e+01 5.7521443381089416e-14 0.0000000000000000e+00  1.6512792764313062e+01 5.6868413554316065e-14 0.0000000000000000e+00  1.6512792764311698e+01 9.5021176306161056e-14 0.0000000000000000e+00  1.6512792764311161e+01 8.0256685980140998e-15 0.0000000000000000e+00  1.6512792764311079e+01 4.1291734610794965e-14 0.0000000000000000e+00  1.6512792764311033e+01 7.3178638742147607e-14 0.0000000000000000e+00  1.6512792764311229e+01 8.2961991439433436e-14 0.0000000000000000e+00  1.6512792764311261e+01 8.5486936473058005e-14 0.0000000000000000e+00  1.6512792764311236e+01 8.1301460603865633e-14 0.0000000000000000e+00  1.6512792764311616e+01 8.2450899247989849e-14 0.0000000000000000e+00  1.6512792764311630e+01 7.8005523670586591e-14 0.0000000000000000e+00  1.6512792764311541e+01 7.6282848355945371e-14 0.0000000000000000e+00  1.6512792764311889e+01 7.5251317881776468e-14 0.0000000000000000e+00  1.6512792764311897e+01 7.3764268986957038e-14 0.0000000000000000e+00  1.6512792764311822e+01 7.1174555394382876e-14 0.0000000000000000e+00  1.6512792764312234e+01 7.4810602024200477e-14 0.0000000000000000e+00  1.6512792764312323e+01 7.1145466028475380e-14 0.0000000000000000e+00  1.6512792764312152e+01 6.6691070648628940e-14 0.0000000000000000e+00  1.6512792764312504e+01 6.9437907870776686e-14 0.0000000000000000e+00  1.6512792764312643e+01 6.8043366221713730e-14 0.0000000000000000e+00  1.6512792764312611e+01 5.7821444241374668e-14 0.0000000000000000e+00  1.6512792764313062e+01 5.6868413554316065e-14 0.0000000000000000e+00  1.5696494038383738e+01 4.7436382881495067e-14 0.0000000000000000e+00  1.5696494038382189e+01 7.6129557683354379e-14 0.0000000000000000e+00  1.5696494038381788e+01 -3.6685652520980628e-15 0.0000000000000000e+00  1.5696494038381585e+01 5.7917799830566346e-14 0.0000000000000000e+00  1.5696494038381681e+01 8.4011173006341012e-14 0.0000000000000000e+00  1.5696494038381733e+01 8.8193249910955195e-14 0.0000000000000000e+00  1.5696494038381724e+01 8.1890323564683540e-14 0.0000000000000000e+00  1.5696494038382067e+01 7.6715094941733187e-14 0.0000000000000000e+00  1.5696494038382060e+01 7.5153476358329116e-14 0.0000000000000000e+00  1.5696494038381996e+01 6.7945270672968299e-14 0.0000000000000000e+00  1.5696494038382363e+01 6.8978695239581741e-14 0.0000000000000000e+00  1.5696494038382429e+01 6.5261004322736439e-14 0.0000000000000000e+00  1.5696494038382344e+01 6.3116357293676576e-14 0.0000000000000000e+00  1.5696494038382728e+01 6.4156120030649120e-14 0.0000000000000000e+00  1.5696494038382792e+01 6.1708812830904726e-14 0.0000000000000000e+00  1.5696494038382655e+01 5.6758797863561866e-14 0.0000000000000000e+00  1.5696494038383069e+01 6.0038804749172420e-14 0.0000000000000000e+00  1.5696494038383216e+01 5.5566917677465816e-14 0.0000000000000000e+00  1.5696494038383070e+01 5.0535030232088921e-14 0.0000000000000000e+00  1.5696494038383435e+01 5.3912410926252918e-14 0.0000000000000000e+00  1.5696494038383738e+01 4.7436382881495067e-14 0.0000000000000000e+00  1.4885403929792746e+01 3.2369911380131461e-14 0.0000000000000000e+00  1.4885403929791288e+01 6.9095002291374391e-14 0.0000000000000000e+00  1.4885403929790828e+01 -1.0467688160421984e-14 0.0000000000000000e+00  1.4885403929790659e+01 7.4691168253657163e-14 0.0000000000000000e+00  1.4885403929790671e+01 1.0220146478561696e-13 0.0000000000000000e+00  1.4885403929790684e+01 9.0710844309214314e-14 0.0000000000000000e+00  1.4885403929790911e+01 7.3566568189530492e-14 0.0000000000000000e+00  1.4885403929790986e+01 7.0466379774107720e-14 0.0000000000000000e+00  1.4885403929790984e+01 6.4293475437237487e-14 0.0000000000000000e+00  1.4885403929791359e+01 5.8511028192699294e-14 0.0000000000000000e+00  1.4885403929791400e+01 5.7035411038353535e-14 0.0000000000000000e+00  1.4885403929791314e+01 5.2778554215682528e-14 0.0000000000000000e+00  1.4885403929791714e+01 5.2387350963705004e-14 0.0000000000000000e+00  1.4885403929791796e+01 5.0859252032047404e-14 0.0000000000000000e+00  1.4885403929791725e+01 4.7236696957045878e-14 0.0000000000000000e+00  1.4885403929792091e+01 4.7702191931587102e-14 0.0000000000000000e+00  1.4885403929792203e+01 4.6013789617043375e-14 0.0000000000000000e+00  1.4885403929792098e+01 3.9036621717362692e-14 0.0000000000000000e+00  1.4885403929792423e+01 4.3878746038754752e-14 0.0000000000000000e+00  1.4885403929792663e+01 4.1121018819290311e-14 0.0000000000000000e+00  1.4885403929792746e+01 3.2369911380131461e-14 0.0000000000000000e+00  1.4055732090359923e+01 3.1747825495094813e-14 0.0000000000000000e+00  1.4055732090358305e+01 5.7326520288754610e-14 0.0000000000000000e+00  1.4055732090357640e+01 -1.6779255222187824e-14 0.0000000000000000e+00  1.4055732090357578e+01 1.1052154315804663e-13 0.0000000000000000e+00  1.4055732090357518e+01 1.1654569267921844e-13 0.0000000000000000e+00  1.4055732090357710e+01 8.0121756358876343e-14 0.0000000000000000e+00  1.4055732090357811e+01 6.5889470709433484e-14 0.0000000000000000e+00  1.4055732090357850e+01 6.0009790687137987e-14 0.0000000000000000e+00  1.4055732090358166e+01 5.0964418527613679e-14 0.0000000000000000e+00  1.4055732090358260e+01 4.6062210290022630e-14 0.0000000000000000e+00  1.4055732090358237e+01 4.4057906248246577e-14 0.0000000000000000e+00  1.4055732090358587e+01 4.1908979404202725e-14 0.0000000000000000e+00  1.4055732090358701e+01 3.8199964032203812e-14 0.0000000000000000e+00  1.4055732090358623e+01 3.7654436746824835e-14 0.0000000000000000e+00  1.4055732090359001e+01 3.8133619087314194e-14 0.0000000000000000e+00  1.4055732090359115e+01 3.5876455367651220e-14 0.0000000000000000e+00  1.4055732090359051e+01 3.1388100679461259e-14 0.0000000000000000e+00  1.4055732090359360e+01 3.2851274940915073e-14 0.0000000000000000e+00  1.4055732090359514e+01 3.2452996239950258e-14 0.0000000000000000e+00  1.4055732090359456e+01 2.6003946092915561e-14 0.0000000000000000e+00  1.4055732090359923e+01 3.1747825495094813e-14 0.0000000000000000e+00  1.3156872742422268e+01 2.8483464868425110e-14 0.0000000000000000e+00  1.3156872742420251e+01 4.0023876194068371e-14 0.0000000000000000e+00  1.3156872742419855e+01 -1.1982714657678466e-15 0.0000000000000000e+00  1.3156872742419710e+01 1.4514280160265307e-13 0.0000000000000000e+00  1.3156872742419727e+01 1.1373547116501851e-13 0.0000000000000000e+00  1.3156872742419880e+01 6.9872677535425431e-14 0.0000000000000000e+00  1.3156872742419978e+01 5.2779320816307831e-14 0.0000000000000000e+00  1.3156872742420299e+01 4.3140490648719008e-14 0.0000000000000000e+00  1.3156872742420425e+01 3.9859977344584614e-14 0.0000000000000000e+00  1.3156872742420415e+01 3.3487359367070775e-14 0.0000000000000000e+00  1.3156872742420768e+01 3.2342060774108492e-14 0.0000000000000000e+00  1.3156872742420875e+01 3.0117182237842344e-14 0.0000000000000000e+00  1.3156872742420830e+01 2.6777911863232911e-14 0.0000000000000000e+00  1.3156872742421179e+01 2.8313199595025563e-14 0.0000000000000000e+00  1.3156872742421308e+01 2.7480004238450598e-14 0.0000000000000000e+00  1.3156872742421239e+01 2.6091628378741063e-14 0.0000000000000000e+00  1.3156872742421557e+01 2.4541617313535822e-14 0.0000000000000000e+00  1.3156872742421685e+01 2.3487244111475440e-14 0.0000000000000000e+00  1.3156872742421639e+01 1.9766061266844337e-14 0.0000000000000000e+00  1.3156872742421914e+01 2.3625204001074178e-14 0.0000000000000000e+00  1.3156872742422268e+01 2.8483464868425110e-14 0.0000000000000000e+00  1.2076563666318457e+01 2.2440773725759252e-14 0.0000000000000000e+00  1.2076563666316597e+01 3.1190103662972801e-14 0.0000000000000000e+00  1.2076563666316126e+01 2.2251005405282145e-14 0.0000000000000000e+00  1.2076563666315959e+01 1.6691364844420734e-13 0.0000000000000000e+00  1.2076563666316213e+01 1.0578915868684873e-13 0.0000000000000000e+00  1.2076563666316305e+01 5.1989113174550852e-14 0.0000000000000000e+00  1.2076563666316586e+01 3.2317968500665431e-14 0.0000000000000000e+00  1.2076563666316732e+01 3.2188710397645400e-14 0.0000000000000000e+00  1.2076563666316778e+01 2.9203429582000932e-14 0.0000000000000000e+00  1.2076563666317092e+01 2.0465578725632114e-14 0.0000000000000000e+00  1.2076563666317178e+01 2.3533339315420290e-14 0.0000000000000000e+00  1.2076563666317158e+01 2.0691532943369809e-14 0.0000000000000000e+00  1.2076563666317487e+01 1.8648237853915023e-14 0.0000000000000000e+00  1.2076563666317597e+01 1.9340631828645173e-14 0.0000000000000000e+00  1.2076563666317540e+01 1.8860477012834780e-14 0.0000000000000000e+00  1.2076563666317890e+01 2.1009983677726923e-14 0.0000000000000000e+00  1.2076563666317957e+01 1.6566121269937947e-14 0.0000000000000000e+00  1.2076563666317954e+01 1.3852073023639706e-14 0.0000000000000000e+00  1.2076563666318217e+01 1.7398424369851308e-14 0.0000000000000000e+00  1.2076563666318350e+01 1.7887874419902712e-14 0.0000000000000000e+00  1.2076563666318457e+01 2.2440773725759252e-14 0.0000000000000000e+00  1.0592642107164897e+01 2.5171623051809228e-14 0.0000000000000000e+00  1.0592642107162622e+01 1.5981907151752130e-14 0.0000000000000000e+00  1.0592642107162208e+01 5.2220889806433294e-14 0.0000000000000000e+00  1.0592642107162506e+01 1.7939659394293571e-13 0.0000000000000000e+00  1.0592642107162648e+01 7.9910130799986898e-14 0.0000000000000000e+00  1.0592642107162787e+01 2.6757603804550506e-14 0.0000000000000000e+00  1.0592642107162995e+01 2.1558899703021234e-14 0.0000000000000000e+00  1.0592642107162996e+01 2.3011417710714815e-14 0.0000000000000000e+00  1.0592642107163297e+01 1.6309019651780560e-14 0.0000000000000000e+00  1.0592642107163419e+01 1.2737095442841165e-14 0.0000000000000000e+00  1.0592642107163391e+01 1.6000542210643338e-14 0.0000000000000000e+00  1.0592642107163698e+01 1.3259773004933022e-14 0.0000000000000000e+00  1.0592642107163757e+01 1.1374289460974805e-14 0.0000000000000000e+00  1.0592642107163762e+01 1.2575742479826567e-14 0.0000000000000000e+00  1.0592642107164050e+01 1.3688686788844276e-14 0.0000000000000000e+00  1.0592642107164124e+01 1.4153624840101781e-14 0.0000000000000000e+00  1.0592642107164121e+01 9.1650380102813700e-15 0.0000000000000000e+00  1.0592642107164382e+01 1.1433714603687420e-14 0.0000000000000000e+00  1.0592642107164458e+01 1.2307575050146840e-14 0.0000000000000000e+00  1.0592642107164531e+01 9.9199402099008133e-15 0.0000000000000000e+00  1.0592642107164897e+01 2.5171623051809228e-14 0.0000000000000000e+00  8.4880335619785665e+00 2.0990147347513007e-14 0.0000000000000000e+00  8.4880335619756231e+00 2.4536356525918737e-15 0.0000000000000000e+00  8.4880335619760086e+00 9.2686507167511090e-14 0.0000000000000000e+00  8.4880335619763834e+00 1.5431139793970840e-13 0.0000000000000000e+00  8.4880335619763887e+00 3.9757841871296507e-14 0.0000000000000000e+00  8.4880335619766161e+00 1.4898689860635012e-14 0.0000000000000000e+00  8.4880335619766498e+00 1.3985554919494234e-14 0.0000000000000000e+00  8.4880335619768577e+00 1.1481578751717491e-14 0.0000000000000000e+00  8.4880335619769838e+00 1.0452485082887022e-14 0.0000000000000000e+00  8.4880335619769856e+00 6.7463009428307656e-15 0.0000000000000000e+00  8.4880335619772591e+00 8.7933119169770595e-15 0.0000000000000000e+00  8.4880335619772875e+00 8.2265827984925909e-15 0.0000000000000000e+00  8.4880335619773071e+00 5.3003499704153663e-15 0.0000000000000000e+00  8.4880335619775540e+00 8.8147142134093646e-15 0.0000000000000000e+00  8.4880335619776535e+00 8.0858712595252749e-15 0.0000000000000000e+00  8.4880335619776481e+00 8.0059653714014109e-15 0.0000000000000000e+00  8.4880335619778915e+00 6.2251812594894150e-15 0.0000000000000000e+00  8.4880335619779324e+00 7.0874708140682289e-15 0.0000000000000000e+00  8.4880335619779945e+00 5.3330604684963560e-15 0.0000000000000000e+00  8.4880335619782077e+00 1.0185056721585713e-14 0.0000000000000000e+00  8.4880335619785665e+00 2.0990147347513007e-14 0.0000000000000000e+00  6.0468535775370738e+00 9.1167068065342370e-15 0.0000000000000000e+00  6.0468535775336107e+00 9.6789681145076687e-15 0.0000000000000000e+00  6.0468535775348089e+00 1.0366848587439020e-13 0.0000000000000000e+00  6.0468535775351784e+00 9.5259633930826433e-14 0.0000000000000000e+00  6.0468535775353711e+00 1.7463370891870111e-14 0.0000000000000000e+00  6.0468535775354564e+00 9.6083701316284719e-15 0.0000000000000000e+00  6.0468535775355825e+00 4.0081801274923307e-15 0.0000000000000000e+00  6.0468535775357637e+00 8.2583283740833875e-15 0.0000000000000000e+00  6.0468535775357326e+00 6.2145151879180966e-15 0.0000000000000000e+00  6.0468535775359262e+00 8.9266049991799170e-16 0.0000000000000000e+00  6.0468535775360124e+00 6.1784724155077432e-15 0.0000000000000000e+00  6.0468535775359813e+00 3.1854163171949635e-15 0.0000000000000000e+00  6.0468535775361980e+00 2.1531600208985284e-15 0.0000000000000000e+00  6.0468535775362504e+00 5.6673368794094209e-15 0.0000000000000000e+00  6.0468535775362691e+00 3.5115165380235999e-15 0.0000000000000000e+00  6.0468535775364609e+00 5.7050127805115434e-15 0.0000000000000000e+00  6.0468535775364831e+00 2.9009565474724225e-15 0.0000000000000000e+00  6.0468535775365257e+00 2.3610950220730481e-15 0.0000000000000000e+00  6.0468535775366838e+00 4.7813528793712050e-15 0.0000000000000000e+00  6.0468535775367549e+00 7.6670930518469205e-15 0.0000000000000000e+00  6.0468535775370738e+00 9.1167068065342370e-15 0.0000000000000000e+00  3.8774094636418726e+00 4.2031177944602179e-15 0.0000000000000000e+00  3.8774094636387582e+00 1.5656023041105632e-14 0.0000000000000000e+00  3.8774094636403418e+00 7.8550502063455556e-14 0.0000000000000000e+00  3.8774094636407122e+00 4.8546440423407538e-14 0.0000000000000000e+00  3.8774094636408325e+00 9.4884208906642204e-15 0.0000000000000000e+00  3.8774094636409355e+00 2.8988199444994426e-15 0.0000000000000000e+00  3.8774094636411074e+00 2.5523731153446130e-15 0.0000000000000000e+00  3.8774094636411061e+00 5.3060480511427438e-15 0.0000000000000000e+00  3.8774094636412166e+00 7.2816218064355902e-16 0.0000000000000000e+00  3.8774094636412886e+00 1.1576961836983505e-15 0.0000000000000000e+00  3.8774094636412650e+00 3.5097723609371551e-15 0.0000000000000000e+00  3.8774094636414085e+00 -6.5685610398396478e-17 0.0000000000000000e+00  3.8774094636414445e+00 2.0937481944351745e-15 0.0000000000000000e+00  3.8774094636414391e+00 2.3006619026303887e-15 0.0000000000000000e+00  3.8774094636415977e+00 2.4275543343603614e-15 0.0000000000000000e+00  3.8774094636416110e+00 3.1254165457714626e-15 0.0000000000000000e+00  3.8774094636416314e+00 2.5927259251937491e-16 0.0000000000000000e+00  3.8774094636417553e+00 2.4623997324430462e-15 0.0000000000000000e+00  3.8774094636417273e+00 3.4592921209847866e-15 0.0000000000000000e+00  3.8774094636418868e+00 2.8580209138716655e-15 0.0000000000000000e+00  3.8774094636418726e+00 4.2031177944602179e-15 0.0000000000000000e+00  2.1930135432878290e+00 3.6127419394462952e-16 0.0000000000000000e+00  2.1930135432858888e+00 1.1699938368640573e-14 0.0000000000000000e+00  2.1930135432870683e+00 4.8850492280566422e-14 0.0000000000000000e+00  2.1930135432872491e+00 2.2194412123919764e-14 0.0000000000000000e+00  2.1930135432873552e+00 4.5041767246458752e-15 0.0000000000000000e+00  2.1930135432874929e+00 2.3044357160599538e-15 0.0000000000000000e+00  2.1930135432875106e+00 1.6366737406446316e-15 0.0000000000000000e+00  2.1930135432875661e+00 9.0885472069440182e-16 0.0000000000000000e+00  2.1930135432876408e+00 1.0728168677837559e-15 0.0000000000000000e+00  2.1930135432876052e+00 7.3553531744141965e-16 0.0000000000000000e+00  2.1930135432877020e+00 6.5352177071446560e-16 0.0000000000000000e+00  2.1930135432877180e+00 6.6067934007686635e-16 0.0000000000000000e+00  2.1930135432876985e+00 3.6694105336306798e-16 0.0000000000000000e+00  2.1930135432878095e+00 1.2814104728142620e-15 0.0000000000000000e+00  2.1930135432878242e+00 2.0477242588439304e-15 0.0000000000000000e+00  2.1930135432878051e+00 7.0431229044872734e-16 0.0000000000000000e+00  2.1930135432878810e+00 1.1109021810084354e-15 0.0000000000000000e+00  2.1930135432878637e+00 1.4005993197133633e-15 0.0000000000000000e+00  2.1930135432879871e+00 9.0454057974477746e-16 0.0000000000000000e+00  2.1930135432879978e+00 2.8564195786369080e-15 0.0000000000000000e+00  2.1930135432878290e+00 3.6127419394462952e-16 0.0000000000000000e+00  9.3353066805829243e-01 -3.1220349288197515e-15 0.0000000000000000e+00  9.3353066805679163e-01 7.8307151544889661e-15 0.0000000000000000e+00  9.3353066805738238e-01 2.0939135994938701e-14 0.0000000000000000e+00  9.3353066805749729e-01 8.5977264239453569e-15 0.0000000000000000e+00  9.3353066805757023e-01 2.5608879955391912e-15 0.0000000000000000e+00  9.3353066805759499e-01 1.6759316388521921e-15 0.0000000000000000e+00  9.3353066805761353e-01 5.9295570988991462e-16 0.0000000000000000e+00  9.3353066805767326e-01 9.7620546556415424e-16 0.0000000000000000e+00  9.3353066805764373e-01 3.1134890252207072e-16 0.0000000000000000e+00  9.3353066805768892e-01 -6.4001448002398295e-16 0.0000000000000000e+00  9.3353066805770801e-01 8.9778655883281577e-16 0.0000000000000000e+00  9.3353066805768115e-01 3.3166693826594985e-16 0.0000000000000000e+00  9.3353066805774432e-01 -5.4991442451606883e-16 0.0000000000000000e+00  9.3353066805774298e-01 1.3289605845809761e-15 0.0000000000000000e+00  9.3353066805772955e-01 1.4881472928389476e-16 0.0000000000000000e+00  9.3353066805777840e-01 3.9535001390097551e-16 0.0000000000000000e+00  9.3353066805778018e-01 6.6117248934908188e-16 0.0000000000000000e+00  9.3353066805777674e-01 1.8635722597612400e-16 0.0000000000000000e+00  9.3353066805771934e-01 1.6450453571059875e-15 0.0000000000000000e+00  9.3353066805763363e-01 1.3851302156395112e-15 0.0000000000000000e+00  9.3353066805829243e-01 -3.1220349288197515e-15 0.0000000000000000e+00  0.0000000000000000e+00 0.0000000000000000e+00 0.0000000000000000e+00  0.0000000000000000e+00 0.0000000000000000e+00 0.0000000000000000e+00  0.0000000000000000e+00 0.0000000000000000e+00 0.0000000000000000e+00  0.0000000000000000e+00 0.0000000000000000e+00 0.0000000000000000e+00  0.0000000000000000e+00 0.0000000000000000e+00 0.0000000000000000e+00  0.0000000000000000e+00 0.0000000000000000e+00 0.0000000000000000e+00  0.0000000000000000e+00 0.0000000000000000e+00 0.0000000000000000e+00  0.0000000000000000e+00 0.0000000000000000e+00 0.0000000000000000e+00  0.0000000000000000e+00 0.0000000000000000e+00 0.0000000000000000e+00  0.0000000000000000e+00 0.0000000000000000e+00 0.0000000000000000e+00  0.0000000000000000e+00 0.0000000000000000e+00 0.0000000000000000e+00  0.0000000000000000e+00 0.0000000000000000e+00 0.0000000000000000e+00  0.0000000000000000e+00 0.0000000000000000e+00 0.0000000000000000e+00  0.0000000000000000e+00 0.0000000000000000e+00 0.0000000000000000e+00  0.0000000000000000e+00 0.0000000000000000e+00 0.0000000000000000e+00  0.0000000000000000e+00 0.0000000000000000e+00 0.0000000000000000e+00  0.0000000000000000e+00 0.0000000000000000e+00 0.0000000000000000e+00  0.0000000000000000e+00 0.0000000000000000e+00 0.0000000000000000e+00  0.0000000000000000e+00 0.0000000000000000e+00 0.0000000000000000e+00  0.0000000000000000e+00 0.0000000000000000e+00 0.0000000000000000e+00  0.0000000000000000e+00 0.0000000000000000e+00 0.0000000000000000e+00  </DataArray> 
</PointData> 
</Piece>
</UnstructuredGrid>
</VTKFile>