3.694529297142952751e-01
2.483580355576443244e-01
3.013875185286006286e-01
2.316826138294475756e-01
3.242305082981378761e-01
3.667331126552064724e-01
2.318467357497903392e-01
2.319595554313879371e-01
3.201634260370616603e-01
2.873720531514889487e-01
2.360345336291684304e-01
3.006945912315699410e-01
2.476334448862807791e-01
3.633953483997812706e-01
3.250576219439685333e-01
3.077925861793962548e-01
3.246398999989126288e-01
2.489841902305940657e-01
4.718769014559219821e-01
2.497929033766095319e-01
4.722672100958885677e-01
2.329127943761951092e-01
3.076463018790464576e-01
2.640513435845182055e-01
3.081130817001818678e-01
3.314503744137420882e-01
3.229854735040683100e-01
2.867988323181103194e-01
3.318333681872773777e-01
2.865842084642483134e-01
2.340705754861379384e-01
2.708355707971510928e-01
3.800181100849646665e-01
2.912819312154624196e-01
2.358655005918707803e-01
2.585663505673254092e-01
2.315108524821956615e-01
2.916544707594350694e-01
3.407621598135419649e-01
3.607903053348947564e-01
3.343020616401502498e-01
3.208320790789824795e-01
3.213854164165189653e-01
2.859597264140971151e-01
2.318570563347464863e-01
3.510778271671296524e-01
3.005470246833043535e-01
4.715797726826160829e-01
4.214463551468460856e-01
2.748734320116082430e-01
2.712528970290485342e-01
2.977446218646426779e-01
3.195917357875427411e-01
4.572560647044093263e-01
2.317861658261290980e-01
3.306889011572664017e-01
3.223252009273273044e-01
2.345964941543696169e-01
2.304849333383059140e-01
2.874749617459620987e-01
3.060312349085913541e-01
2.801610111869154984e-01
2.807909156909696446e-01
3.802415825886779621e-01
4.719820074481070882e-01
3.318858879197774114e-01
4.380927666290387323e-01
3.838385178055158664e-01
2.970128560525737149e-01
4.368207189968442150e-01
2.469278971947586332e-01
3.057549532507614631e-01
4.776705021043259336e-01
3.184796407508803662e-01
4.317898511912399151e-01
3.512494737544954448e-01
3.309560571597154888e-01
4.399261651440394827e-01
4.412871719882515698e-01
3.875706671855830288e-01
3.234246068304745259e-01
4.382408979528522042e-01
4.358473215991172101e-01
3.245452113800411653e-01
3.232976678344173793e-01
4.368054610218793932e-01
3.359176596442133289e-01
4.598969714049893076e-01
3.433311788158381894e-01
2.875040102018759369e-01
2.671164778726896061e-01
2.677945806271998519e-01
3.536839383528536107e-01
4.291505058942548523e-01
4.578290823842210977e-01
3.370316524374150635e-01
2.831590676333567980e-01
2.993947850825183776e-01
4.374598050948663164e-01
3.411009686031943322e-01
2.454408327304840598e-01
3.105276221513160739e-01
3.225371364039388844e-01
3.623492011302358873e-01
3.562548995695606902e-01
2.686644607043309207e-01
3.479820902717390974e-01
4.162859885676347682e-01
2.306273270885470794e-01
3.393270354880515427e-01
2.550875023620554072e-01
2.587878908789922328e-01
2.719993811681025164e-01
3.562613983220598857e-01
2.824291570008398700e-01
3.203102269669248492e-01
4.801752414017111947e-01
4.244089676307759573e-01
2.903617782475161335e-01
4.718963197761825157e-01
4.610467009158234486e-01
3.452058545466134554e-01
2.887300100303498707e-01
2.809274180336184812e-01
3.591225215896123313e-01
3.331394989579504751e-01
3.275798546547083467e-01
4.140782033577743437e-01
4.076669344994757194e-01
4.157424697284251569e-01
3.140297962554462474e-01
4.146773990261269915e-01
3.303880828396972835e-01
2.340690208337600497e-01
2.327988232340268693e-01
4.079028967733760447e-01
4.435843276623971376e-01
3.478087799091114096e-01
4.751447421631419532e-01
4.443329213145028045e-01
4.324274993465045958e-01
4.726874718964156896e-01
3.331700614961217721e-01
2.576432725547821989e-01
3.051561426588967341e-01
4.767679008258465800e-01
2.718938325772901066e-01
4.595683573970797964e-01
3.240457463343522915e-01
3.201447303209539186e-01
3.230263569561179215e-01
3.311215777461029020e-01
4.431065653370501178e-01
2.761060246195864987e-01
4.239688956093474737e-01
3.992476592985396699e-01
4.379217649404993362e-01
4.170860002139128997e-01
2.768346524405748132e-01
3.086724690481689182e-01
3.725358276372496835e-01
3.551171903742333935e-01
3.131630586258630777e-01
2.770447309043181927e-01
3.765729456817012433e-01
3.193198957152880157e-01
3.182946133481652229e-01
3.738827666944957162e-01
3.053004451599910518e-01
2.321117336399313447e-01
2.325623271670465564e-01
4.570020384291441640e-01
3.321317710687006208e-01
3.882362182512406057e-01
2.319767423433918840e-01
2.473225601955867659e-01
3.904712035743813647e-01
3.765750788223338197e-01
4.170039993255629795e-01
3.757473001990586647e-01
4.705137094894115135e-01
3.591608050914415484e-01
3.185463610427248238e-01
4.492163008066638596e-01
3.859370335339463720e-01
3.388923491905224128e-01
2.800542801206608590e-01
3.853063739674440491e-01
3.259765482981641926e-01
3.235455262239816387e-01
4.788531090252554634e-01
3.487405227887424020e-01
4.574007727596310358e-01
4.720945808918863285e-01
4.654031560850054317e-01
2.977134514226841833e-01
4.717514309258954985e-01
3.672562324412803614e-01
3.219012411593993317e-01
2.987973949632242165e-01
3.217817471363378368e-01
3.898485672803519431e-01
2.790638941253885674e-01
2.982954770076666207e-01
4.208354612588600108e-01
3.737868181973957871e-01
2.651897986272973573e-01
4.571970267780008923e-01
4.838561451942688940e-01
4.897730219161507970e-01
5.014275598441977344e-01
3.812368447483633349e-01
3.805288479397109236e-01
3.766988141967531067e-01
4.592358888379249882e-01
2.913464446507276762e-01
2.675258789608869203e-01
2.970980026083540615e-01
3.203005920152823816e-01
2.772192303322409956e-01
3.901995577827631623e-01
2.670590309475143753e-01
3.053539274461649078e-01
4.389220268074037201e-01
4.970589818037080554e-01
2.331950494021338971e-01
4.501864680031602006e-01
3.094940344958798106e-01
4.895993711792191450e-01
3.344958607461287481e-01
3.211715213830805271e-01
3.192538347083066497e-01
2.429929296808846784e-01
3.168755108726619696e-01
3.199592552102616394e-01
3.204928160275424820e-01
4.359643109594195098e-01
5.137621894699179181e-01
4.591762124244279097e-01
2.544519747583369185e-01
3.236388822171370472e-01
4.433612831258381126e-01
4.455519506054851919e-01
3.206994216398743047e-01
2.306290570330624401e-01
3.711321540357627735e-01
2.929166952597307971e-01
4.367537981814811898e-01
3.236052264730620576e-01
2.417022049366945313e-01
4.743402105781103217e-01
3.104820777543060295e-01
3.221589094174017731e-01
4.593894431818439372e-01
3.575355073010648144e-01
2.314468553786005467e-01
2.543034025182288604e-01
4.629686901575620905e-01
3.496416062427775140e-01
4.713305205344638926e-01
2.866723265479134697e-01
2.948505869183719041e-01
4.691214029091156368e-01
4.192348267153114261e-01
2.321931099038850865e-01
4.686972199816462070e-01
3.800097853962505212e-01
2.934088641113352658e-01
5.047896787324334111e-01
2.312104730941132447e-01
4.189235133786964327e-01
3.474031548629309407e-01
3.953061797315075565e-01
4.037091368191652596e-01
4.718359788748060502e-01
2.446126896748926360e-01
4.118119522565241164e-01
2.703713117786213371e-01
3.488551797175116209e-01
2.420829193217692854e-01
4.986386381307561511e-01
4.872000174554173557e-01
3.230337576241908426e-01
2.973741883684497544e-01
3.618502799519865976e-01
2.969094312757289411e-01
2.324730680140468242e-01
3.203343533802663901e-01
3.329656522194536783e-01
3.310148482876419940e-01
2.417918691326463865e-01
4.339233264098424914e-01
4.723156920757550781e-01
2.589579720956011188e-01
3.504885720714644992e-01
2.421553245204111915e-01
3.069942932508443745e-01
4.402449081374951723e-01
5.164633950883309454e-01
4.406752284321638347e-01
2.686464631613671439e-01
4.365883781747400549e-01
4.357262608249747315e-01
2.334786201615883516e-01
4.728846816055585767e-01
2.579732201197366681e-01
2.312210972252505270e-01
2.950485453396314850e-01
3.495678231976369621e-01
4.229252554494534189e-01
2.388571286817656736e-01
4.789618436760147424e-01
4.394148692417072510e-01
3.519717503733189035e-01
3.055814246257443911e-01
4.591671762993984607e-01
2.400557784629614166e-01
2.325006095576641896e-01
4.311003249319205755e-01
2.586336408464994241e-01
3.511007142012116389e-01
4.647120774815251543e-01
5.120189628318649877e-01
4.391529248288935094e-01
4.369315198406776846e-01
2.492489154334972534e-01
2.465600925933238430e-01
4.694376232261710524e-01
2.390004827692912004e-01
4.716166588088975264e-01
4.764422712854098352e-01
4.453665434274808876e-01
4.445314361559391525e-01
2.905378604329394432e-01
4.599529491926122038e-01
4.593385150901996283e-01
4.405735119990345505e-01
3.262119449749586453e-01
2.632082167206295509e-01
4.319337943709821714e-01
4.787190127734295420e-01
2.342091062126871459e-01
4.567428538193609167e-01
4.083579081816274270e-01
4.877308150702534539e-01
3.408002034619644349e-01
4.150361088206436788e-01
3.414266579648340127e-01
3.521695405208663532e-01
2.820710033008490547e-01
3.625674745836633961e-01
2.344180926985323932e-01
4.538343244113424713e-01
4.565076801595056577e-01
3.388068388260943586e-01
3.355357855066251616e-01
2.326603531723554774e-01
4.635341223358096507e-01
3.953621688415906998e-01
2.576297720905265654e-01
2.442243062326613090e-01
4.661758437243690989e-01
4.576764322760922821e-01
4.372819884380073630e-01
2.420081163703107774e-01
4.514115111097092292e-01
3.049947062203236525e-01
4.387526023186870683e-01
4.405246389407871388e-01
3.074190885584894284e-01
4.415728405784649091e-01
4.142073002117855895e-01
4.582261688273092104e-01
4.779746071820270004e-01
3.186668753624768979e-01
2.750038630890240809e-01
4.402519669898521948e-01
3.590618668537581826e-01
4.992226414849478822e-01
4.770171433684799456e-01
3.887483929115232439e-01
3.693498143476473539e-01
4.033875540189568731e-01
3.529892227924685821e-01
2.323765270951265727e-01
4.357721296891765017e-01
3.848193019765048795e-01
4.879440725706410409e-01
2.387062111814727827e-01
2.331382507430316831e-01
3.356171217226483483e-01
2.905034175704186428e-01
2.854045439984288501e-01
2.550407252128119584e-01
4.690109947569624516e-01
4.654151902656741280e-01
4.708744337407573255e-01
3.317295941897199785e-01
4.380493004398238188e-01
4.618716524222759023e-01
4.555539331005324377e-01
4.837682532423101534e-01
4.368014500160522506e-01
2.715331150081360390e-01
4.395233488162268998e-01
4.578364566859984275e-01
2.854928548995101512e-01
4.823467541641498491e-01
4.564980222598900572e-01
4.856398320328344509e-01
3.320283111606097681e-01
2.438520885888792178e-01
4.564471559640693732e-01
4.544760313396395413e-01
3.589372686464752937e-01
2.680127278244116007e-01
2.636764271955143180e-01
2.737736576339279138e-01
3.134721631141739184e-01
4.586958540869966461e-01
2.485196840395517137e-01
4.824975596730478600e-01
4.716251374740738633e-01
4.577933246023266900e-01
4.916353555523683694e-01
3.198105920329242791e-01
4.608822667720236521e-01
3.306569185944204237e-01
2.926189259186711689e-01
4.394939892014960714e-01
4.631901427126957627e-01
2.836850579901930014e-01
3.672035877638660240e-01
4.647176972837805398e-01
4.667769377998374214e-01
2.332463600527366065e-01
4.646582162319370934e-01
3.182461715918816214e-01
4.646988415030639530e-01
3.193633365136320790e-01
3.914112807978596398e-01
4.713330110185717237e-01
4.570155076179404641e-01
4.662334254284646873e-01
4.848117364945638275e-01
3.222239145122797743e-01
4.870044742772666746e-01
4.723390569357566182e-01
3.590111995806769540e-01
3.428367589507272939e-01
4.574713766643966895e-01
4.428767476357370891e-01
4.334803431898540116e-01
4.424091445889415941e-01
4.334027899765333092e-01
4.645317513083809247e-01
4.549121984061947899e-01
4.676410361232328783e-01
2.469786753159452786e-01
4.578891160579036668e-01
4.665473059901488195e-01
3.169748256197271186e-01
4.709707084962284074e-01
3.165909460401979958e-01
4.694234497338359291e-01
4.635400934003139906e-01
3.619745251252329821e-01
3.568534647682157779e-01
4.544509107107689294e-01
2.588395490955521794e-01
5.192808003335626088e-01
4.580365334483491035e-01
3.914330145115169080e-01
4.594329080864180126e-01
4.614335875187187130e-01
3.247907842385042154e-01
3.222929983396981557e-01
3.628097315777688570e-01
3.567851898352130680e-01
4.556925627927959077e-01
4.573890330079972699e-01
3.606272376469002450e-01
3.466186367624188858e-01
3.484505361846728655e-01
3.097322402304191757e-01
2.643684779836230625e-01
4.270307627392291305e-01
4.558676387499823734e-01
3.920988718929541150e-01
4.654353064108407989e-01
4.575724859620132756e-01
4.719561122317090240e-01
2.914951773263237400e-01
4.035369565381826673e-01
3.090355525642438650e-01
3.112181430682902095e-01
3.232477454008668150e-01
4.584127811366754957e-01
4.121836480543695780e-01
2.434670509599599908e-01
2.410796541356322320e-01
2.355954908698429384e-01
2.386970326940506537e-01
2.318927323317780953e-01
3.369473746336891229e-01
4.678134155459128252e-01
2.750531696301186102e-01
3.940514201605070377e-01
2.415281227116786722e-01
4.211796151447796954e-01
3.201279750430441329e-01
3.061590055195821947e-01
3.204481744127738452e-01
4.210836193223514989e-01
3.476385088081695995e-01
2.466411270806155853e-01
4.830501587013420473e-01
3.202566811784404166e-01
3.055647042882505549e-01
3.429479410041680332e-01
4.039617776426337459e-01
2.394380751992830625e-01
4.011968457379517239e-01
3.522325632884643065e-01
4.064337613594196097e-01
4.737038407408753482e-01
4.037720457122634388e-01
2.543597193093693476e-01
3.234774364139987868e-01
2.339275238802008272e-01
2.779788092189917070e-01
4.542687841775004953e-01
3.053759262406603447e-01
3.059123797002624157e-01
3.455172866215625582e-01
3.314461583270340017e-01
4.619455728990178867e-01
3.619839461616131682e-01
3.187868167265407449e-01
5.097891294844221211e-01
2.313459182528205538e-01
5.169611096665313044e-01
2.935357165076776242e-01
3.592555804227144378e-01
4.631522445578174496e-01
4.656118276716837978e-01
3.201955223171062404e-01
2.999263934423866962e-01
3.268496790422290021e-01
4.995043419599217160e-01
4.582465467371646395e-01
4.552126797318616913e-01
2.329375137557185838e-01
4.935438428532380462e-01
3.241152158024748764e-01
4.124452249257722358e-01
4.629762547654932003e-01
3.169727993630198082e-01
3.313443468875991171e-01
4.672856916789645543e-01
3.241381692363159983e-01
5.156240427159242135e-01
4.763908405748749075e-01
4.518782612760420259e-01
3.461683583193729818e-01
3.802802050677409618e-01
2.340879695509890390e-01
3.782830519974765826e-01
4.269116518666267734e-01
4.384288348107902578e-01
2.426326359055973603e-01
2.915696548472591632e-01
4.854066760576251083e-01
2.916409906300444499e-01
4.267521416606703810e-01
3.138866236683368061e-01
3.143867103235724048e-01
5.079614568883572545e-01
2.310909952298505210e-01
2.615781507309495879e-01
5.065772046095072811e-01
2.319988488317150377e-01
4.944423224227824654e-01
4.416984550190672376e-01
2.963952937993656889e-01
3.000778884783600331e-01
5.083452729050680352e-01
2.540507811733775934e-01
3.327052888469618774e-01
4.359052178802666488e-01
3.176797001231226880e-01
2.447699860529460036e-01
4.326068967013746436e-01
4.095070956223493264e-01
4.669509321667378310e-01
4.888955805601686300e-01
3.422041401252375326e-01
3.047739116236142798e-01
2.387549857183103308e-01
3.133812384070468471e-01
2.945899040148183823e-01
5.017940167563967879e-01
3.968130724546405363e-01
3.987642408378923031e-01
3.237644532229817518e-01
3.341664263238913746e-01
4.478775828903603373e-01
2.321028116130110786e-01
3.029067200472997934e-01
4.439134041057441471e-01
4.590297303414128671e-01
4.651158558937171783e-01
3.230385644418011792e-01
4.355817592461433962e-01
2.959588526921953511e-01
2.908624507958539884e-01
4.847574415132936965e-01
4.171325047671326502e-01
4.624981201323718483e-01
3.194106108547516421e-01
4.594855923792593999e-01
4.179752827282762762e-01
5.091364014378251257e-01
3.311541315595534773e-01
4.617662957125588941e-01
4.652322338356149611e-01
4.685456556596537259e-01
3.301530868044242895e-01
4.559839806399216822e-01
4.556277879812310472e-01
4.111932616838357979e-01
5.107179608601076781e-01
4.096666644007967983e-01
3.874485671678094545e-01
3.894018212930524525e-01
5.024128263714031650e-01
4.941997797048632290e-01
4.648192870465525650e-01
3.393213543438757807e-01
4.635830413970616348e-01
2.354469525096663796e-01
3.601451678058414374e-01
3.536004299137161522e-01
2.804239320718124873e-01
5.154125889047717068e-01
3.335436792677025641e-01
3.717392996596812771e-01
4.538939035319919935e-01
4.883871632933961537e-01
4.571404491761493216e-01
4.719908313675710287e-01
4.727076960617721535e-01
4.186589905717518212e-01
2.764516360283361118e-01
2.470750655930520623e-01
3.343828868842498303e-01
2.439815668726640352e-01
3.544361331154626260e-01
2.946120880569035871e-01
3.553468372972045652e-01
3.160536600141850005e-01
4.673035382780829083e-01
5.178850146265092658e-01
4.532955810534632923e-01
3.264333778642169448e-01
5.142986355109689933e-01
3.732846870260065342e-01
2.358627087949039247e-01
2.716049214021198921e-01
3.066099560464463081e-01
2.697771252200227843e-01
3.674845939610295598e-01
2.714163163100498100e-01
5.056944437244000889e-01
2.726096804097891124e-01
3.581145733954410049e-01
2.742918892957187382e-01
2.961239817015064446e-01
2.542611218743386359e-01
4.763055594125253367e-01
2.465665339988137306e-01
2.739112047995660437e-01
5.134050555205393884e-01
4.734300947607141818e-01
3.558062737342557735e-01
2.350993865913789116e-01
4.406740759331811419e-01
3.052701271048700038e-01
3.187538789708546649e-01
5.168385526612484515e-01
2.511890953275177640e-01
3.006031553596261174e-01
3.516094871370324948e-01
5.037526147894448858e-01
3.536972318300434792e-01
3.023477587498239472e-01
2.462737188859122628e-01
4.634715378281397680e-01
2.849084761035584612e-01
4.669502304643449730e-01
4.698559760933477270e-01
2.597916931447866729e-01
4.566294285500003824e-01
5.122187376788452928e-01
4.556459228368111569e-01
2.890557021458763365e-01
4.474734116994460442e-01
3.009346006752460223e-01
5.169278595314233948e-01
4.837082344743124929e-01
2.688879006462381871e-01
3.502640615092995069e-01
2.356833610643839783e-01
3.846246540716874995e-01
4.860670444667835599e-01
3.050158681339464328e-01
4.753000391785288659e-01
4.630832364079771613e-01
2.916023625386450213e-01
5.159372677599358692e-01
4.827918312451405791e-01
4.606596541238093256e-01
2.422600320529863516e-01
3.991907163221111721e-01
3.426191561987037004e-01
2.774732627825524656e-01
2.444920708413007293e-01
2.748771092380516978e-01
3.828483235729719936e-01
4.411027689715693589e-01
3.848063260946826825e-01
3.442675531785664433e-01
2.725174105168881589e-01
2.960988564969377346e-01
3.439438545891408405e-01
2.997178012161731964e-01
2.885635989130274637e-01
4.015198802628545116e-01
2.506697211313584917e-01
3.531308231524132313e-01
2.337132461618347534e-01
3.758204041211534174e-01
2.888945904838858825e-01
4.247628142744123703e-01
3.166214107951705325e-01
4.362229467366665614e-01
3.882316847361700907e-01
2.381075268370778653e-01
4.933916187154119282e-01
3.158436961684267796e-01
2.549731545099921948e-01
2.350304458987358680e-01
3.693963496264430768e-01
2.957714827926031242e-01
2.965302205939827074e-01
3.387171084294605672e-01
4.073236980461119039e-01
3.192257979334950369e-01
3.369562653760618809e-01
3.480191776151306815e-01
2.939431237891292903e-01
2.623076905158370775e-01
4.984262098656811468e-01
4.946166168693745813e-01
4.153767129589416851e-01
2.642712523987418849e-01
2.431589421758348080e-01
2.625223451107888684e-01
2.632531512538400231e-01
2.642148290732181937e-01
2.620195773726533561e-01
2.654083791251220514e-01
2.617471032234959805e-01
2.668347743921282711e-01
2.617036976028139228e-01
2.886646077294808266e-01
2.684952925141317892e-01
2.618918755142054522e-01
2.703898182378408621e-01
2.999244748710733766e-01
3.316382136513621459e-01
4.299883610844158488e-01
2.566354113208917931e-01
5.157702627948290708e-01
3.277626866426858743e-01
2.826885188128571147e-01
3.694738409869542939e-01
4.975379790648593037e-01
3.302613882179429305e-01
4.278417882026385732e-01
5.140667570937969000e-01
3.670531698590077663e-01
3.167349478707519039e-01
2.725473737669762420e-01
2.815332613223952007e-01
3.473822357233241065e-01
4.656910465770287555e-01
4.814893062583232020e-01
2.737330050987146213e-01
2.911505448464568047e-01
2.560672896305800639e-01
2.905071042389576474e-01
4.854186890909820140e-01
3.219815969709420300e-01
4.461149866800805386e-01
5.021810132416903993e-01
3.342019085822968139e-01
3.214958068014339698e-01
3.224752670781558250e-01
2.945479725776929403e-01
4.357186140786307171e-01
4.044634251435806904e-01
4.015519516852375514e-01
4.624490555376646883e-01
4.052484335024283957e-01
4.814931313320891526e-01
4.767000387594484412e-01
2.921243313226483118e-01
2.894831103842948061e-01
2.408081153822126674e-01
2.986951360104314057e-01
2.979394568405666632e-01
4.964520450622371683e-01
4.969447678035091021e-01
4.946023799301606516e-01
4.617230633672982365e-01
2.977856518259935359e-01
2.970816845712802023e-01
3.902258132026535931e-01
2.691328195287451264e-01
4.030914571677966518e-01
4.172854974421690288e-01
4.920584187071973536e-01
2.900621660163851812e-01
2.938989838385628328e-01
2.946741871345313624e-01
4.861303305583038470e-01
4.813196216941518779e-01
4.385285026745945336e-01
3.619808392373676798e-01
3.039093719509537994e-01
3.247526220039991807e-01
2.820411764191704806e-01
2.945503486304821839e-01
2.906656856454805093e-01
2.909594857539484769e-01
4.627322430876560921e-01
4.635277152633768272e-01
4.949499732320113976e-01
3.057011023812638562e-01
4.079389810026977647e-01
5.108886429908573446e-01
2.864821644586926230e-01
4.379809117112826167e-01
2.948464220827404780e-01
2.921766831765074679e-01
4.764319023103842921e-01
3.207921332506414869e-01
2.375038918438377722e-01
2.720839106859557210e-01
3.474730315839053563e-01
2.882263762705710719e-01
3.585847780695682885e-01
3.827889967861429210e-01
2.937162245609087341e-01
2.360971273672351489e-01
4.325814919295039029e-01
5.035977187065577843e-01
3.645087148432813451e-01
4.790232350714949683e-01
2.920530278813673331e-01
2.937735427222469831e-01
2.955810065519969831e-01
3.834119700376785733e-01
3.645884993214120740e-01
3.780102259771450091e-01
4.882172488500382546e-01
3.938784465391353407e-01
3.544645270952779259e-01
3.770584613363001658e-01
5.133339087406040280e-01
4.404249903126463139e-01
2.824947539614294234e-01
2.831562994327727067e-01
2.839875905185894611e-01
2.977831117320983711e-01
2.799358818952467076e-01
5.013271133719863215e-01
2.814100314393089830e-01
3.271103765116113449e-01
3.383802192922714114e-01
4.452043716051668487e-01
2.849602318665547807e-01
4.278934346793797361e-01
3.328732900203340006e-01
2.363738908505786107e-01
3.225313612651205530e-01
4.338962288857931004e-01
4.802611168398236985e-01
2.636784328872005534e-01
4.835972179481828892e-01
4.852663186453047284e-01
2.792057590778777021e-01
4.378737403211019341e-01
2.824873895293538162e-01
4.289259372862069819e-01
3.003134275834776767e-01
5.188556107773799608e-01
5.189298131624044963e-01
2.917418511687687177e-01
2.903306350681677528e-01
4.330856520969644241e-01
5.061531791868526531e-01
4.687258869136460837e-01
3.593638754077188024e-01
4.650541848192744632e-01
3.251745732866317962e-01
3.522716950456359353e-01
3.828405840897565193e-01
2.327724903573001047e-01
3.703037703227773370e-01
3.031814639956824653e-01
4.092548325319215752e-01
3.803589549508827328e-01
2.758151167749393062e-01
5.163937777736706813e-01
2.397943367202038378e-01
5.068718718899695164e-01
2.698424084118458688e-01
3.257353631584172238e-01
4.086304052836538525e-01
4.176342306447534125e-01
4.346546150874502357e-01
4.009046191548668037e-01
4.005090683911148308e-01
2.802708195128748581e-01
4.198217441921324733e-01
2.384658276331402815e-01
3.261325468587754628e-01
2.306818623356704512e-01
3.777250360593441547e-01
4.121862135974408425e-01
4.462014679563199304e-01
3.063962844909513539e-01
4.750412508283909929e-01
2.972707668346675214e-01
3.953265693040116102e-01
4.707446769027321398e-01
2.380849152499211197e-01
5.084956139101596273e-01
4.284162124255010418e-01
3.579139322237125387e-01
2.920569537834809548e-01
4.096523051048314712e-01
2.693719710210820684e-01
3.881140907864745193e-01
4.591536588451615719e-01
2.954332066187062011e-01
3.228111726554193095e-01
4.245210645916082659e-01
3.845628493435732098e-01
4.884418153723916189e-01
2.972918770556233770e-01
3.925417493172014827e-01
4.328988819025095247e-01
2.934198259758081795e-01
4.062759034774711675e-01
3.801405943671597454e-01
2.477365109909626939e-01
2.418271278969072458e-01
4.730073625349467958e-01
4.744565625267597730e-01
3.851403469955584358e-01
4.175458660236193720e-01
3.270798629986403916e-01
4.235489700758566234e-01
3.160830262716626260e-01
2.950866577897716669e-01
3.950297870209899531e-01
2.955298156865999726e-01
3.178184176361408264e-01
4.091887373224224467e-01
2.322760412571580613e-01
4.385406503799145206e-01
4.364303925230534342e-01
3.991418802619251527e-01
4.486561807737610708e-01
3.615540952392113927e-01
2.767662742143770505e-01
4.319038896081406342e-01
4.480735889455497167e-01
2.896770082766113585e-01
4.331783427411004528e-01
3.208009614702023726e-01
4.884726734373561752e-01
4.804311062021767165e-01
3.091853692040951729e-01
3.025823277444296688e-01
3.728902295067573758e-01
5.073227039358350066e-01
2.333305115188935575e-01
4.897552464377320502e-01
2.851231509055663915e-01
3.074320358617877447e-01
2.864198801150987794e-01
2.937477764297498628e-01
4.582713183295494819e-01
5.181635162759861135e-01
2.687967803757334018e-01
2.697589186418259954e-01
3.989221606220892946e-01
4.632158268114453525e-01
3.073325186992312275e-01
3.324926527545972177e-01
3.326570538640106767e-01
3.231638490737774316e-01
2.567294264449485053e-01
4.780527029903083314e-01
2.788268863097685957e-01
2.782163967167936014e-01
4.777849117461270279e-01
3.016857057680432108e-01
3.859063031838579905e-01
4.727203144705481308e-01
4.621878935010984568e-01
4.064726275265119759e-01
4.859067037047101190e-01
3.502508599943986445e-01
2.656522917972549136e-01
3.159087199093791876e-01
2.668067173996921948e-01
4.543444536299139358e-01
2.991005100738229894e-01
2.858111797186881908e-01
3.589404103386855116e-01
3.917087181261387774e-01
3.541732321420757446e-01
2.395123425360001224e-01
2.898259533608872895e-01
2.757517258892274170e-01
2.850301872964721150e-01
4.384704403128744099e-01
3.599147281937361553e-01
3.030940957965903571e-01
4.262477385996111257e-01
3.169328234255496812e-01
2.728579456919140167e-01
4.984338973791241356e-01
2.951041646043893740e-01
3.780482433159960132e-01
4.567609019127829018e-01
3.988326010062405169e-01
2.660850753910642963e-01
2.393904331765996651e-01
4.382037578363625063e-01
3.413872432476294239e-01
4.085671905412849858e-01
4.303193089476149424e-01
3.366797955437296763e-01
2.307343012844790542e-01
4.057599089018055216e-01
4.820407961028284616e-01
4.042931733215749945e-01
4.721833995216873636e-01
3.447842321530256160e-01
2.648525066296014141e-01
5.091164659055187336e-01
2.866590452621383678e-01
3.736348153422164864e-01
2.851178706701840704e-01
3.840045567106737390e-01
5.014237283904021680e-01
5.015814763335353366e-01
4.640780024616039667e-01
4.658207731754555048e-01
4.640249359063476908e-01
4.368913054514371730e-01
4.669937749078799660e-01
4.809592824969766145e-01
3.096826522688420069e-01
4.572894517465503350e-01
4.360702274682337620e-01
3.792042667074578821e-01
4.628799865700187754e-01
4.644267981122611189e-01
4.414967377592682873e-01
3.829300516332521109e-01
4.148043481701085278e-01
3.171047685980489250e-01
4.668931769464425563e-01
4.597203198656910073e-01
2.964107939008838177e-01
4.156283374661033370e-01
4.612901392887136520e-01
4.037080675375261940e-01
4.707683036095404727e-01
4.769909221760069706e-01
4.673710822543330479e-01
4.969105525355606012e-01
2.945046321972872860e-01
3.483025993192491176e-01
4.233614290477639708e-01
3.156618124939667425e-01
2.605373359483756368e-01
4.739876029655408773e-01
4.545974602692680611e-01
2.308445214504425969e-01
3.014491455254261765e-01
4.667690665827315954e-01
3.762503589098679657e-01
2.317601292490341358e-01
2.569121518694482686e-01
4.051307775312709136e-01
4.608222389787700046e-01
4.204879816870474851e-01
2.638316214332476206e-01
3.703338326284190685e-01
2.317631659506460551e-01
3.076780347816679972e-01
3.944816513425008497e-01
3.978138280149269845e-01
2.891962332307210781e-01
2.593288720394035241e-01
4.645294061877553449e-01
3.841872865057989195e-01
4.550054197476415818e-01
4.544103297422220633e-01
3.009895682677226070e-01
4.251451631349420501e-01
3.215824196571681060e-01
3.137513685495716409e-01
2.989040506623915072e-01
4.205623796114179025e-01
4.291465503046077989e-01
2.986701561761158641e-01
4.830854400404807070e-01
5.130974467888049784e-01
2.897757876847069092e-01
4.782911543957968359e-01
4.717852829954520821e-01
3.649448456277386010e-01
4.001193629064254131e-01
3.109964706607802332e-01
2.808485754230658493e-01
4.540978477369480570e-01
4.540630027941124913e-01
4.032951020238087492e-01
2.576899932736966825e-01
2.952939074871245295e-01
2.898443253426732924e-01
2.951382682070365915e-01
2.949662810216169273e-01
4.248660310467028411e-01
3.084678573669392132e-01
3.987328308950000566e-01
2.741756090975326909e-01
3.764926795327876441e-01
4.615684897588349100e-01
4.252108572220264504e-01
4.291468776779753247e-01
4.572499202883303360e-01
4.259963627698627464e-01
2.866400275565318401e-01
4.252696114947620010e-01
4.191584661616443164e-01
4.480995670497794903e-01
2.909605157073228421e-01
4.263851016212233946e-01
4.731142416357763114e-01
3.356988256544324867e-01
3.995574146500714963e-01
4.499913546534669573e-01
4.523439152547257813e-01
3.608515421446026883e-01
2.904759518096191595e-01
3.676873711823823165e-01
2.699334235381390390e-01
4.568151915733110191e-01
2.629456900428039923e-01
4.160075569784925653e-01
4.506172319894583556e-01
3.795286414478509229e-01
2.836195904391151656e-01
3.053121655023184888e-01
3.763891303941855337e-01
4.264332149046448639e-01
2.943015279229750369e-01
3.120260079238803552e-01
2.933318404881660180e-01
4.528224915643464521e-01
4.861139840522372135e-01
2.941638990994544511e-01
4.452485564902854409e-01
2.895295477458629252e-01
4.649682857145508441e-01
2.354487723743582395e-01
4.059010147252288259e-01
4.440422036309572551e-01
4.414021019159207748e-01
4.082133529024095653e-01
3.140338885788954149e-01
3.821772409708399376e-01
3.554798581010796266e-01
4.601916535715650514e-01
4.531291929118125283e-01
3.104210696264402825e-01
3.404092406040616914e-01
3.469926206854418438e-01
3.066502560802720767e-01
2.907030499188892336e-01
4.599499621543424732e-01
2.873826653896393024e-01
2.567549506099121581e-01
3.906702479171303422e-01
4.609558474995942290e-01
3.929478233291148204e-01
4.977536753078584120e-01
4.624896270756141403e-01
2.914267375731569021e-01
4.557460059869047897e-01
3.947318223971956197e-01
2.705072289912381911e-01
4.455922517943180505e-01
3.046585599711894021e-01
4.471088930964168817e-01
3.218931037500022962e-01
5.046979581172634788e-01
3.242490215440855805e-01
4.706320008786820108e-01
3.785976697012815584e-01
4.500911162557986178e-01
3.144510010470156214e-01
5.024208333381685598e-01
2.817561647624763355e-01
2.887515279981947569e-01
4.084733109223059322e-01
4.251594810355705523e-01
2.929778950683867844e-01
3.270452015175361327e-01
4.480598525772330198e-01
3.328023730767148969e-01
4.429846202648462516e-01
3.184220731927463466e-01
3.064036364815381774e-01
3.955532816935694584e-01
3.069733421589695421e-01
2.969373021757648057e-01
4.539502696402069049e-01
3.804295290894496584e-01
4.262668239849401464e-01
3.467421294957185318e-01
3.936617065983567532e-01
4.370046582348048325e-01
4.251655986884115279e-01
4.909955648440967879e-01
4.569897849290313063e-01
4.204602222513513232e-01
2.692849735422051527e-01
4.048764748269733094e-01
2.683041649937294437e-01
2.570907862256637255e-01
2.926987084677179496e-01
3.817883793152771488e-01
3.093534522225920291e-01
4.352586445185995245e-01
2.675762274380835137e-01
3.839449839383327623e-01
2.505937479387264633e-01
4.262207695873712066e-01
2.670835490529412937e-01
2.940203052439555598e-01
3.788841466343963460e-01
3.485299770645288731e-01
2.939235339945576175e-01
2.668436572907942339e-01
2.968162280039699508e-01
3.810157941407605331e-01
4.282169372345984715e-01
4.777462626189464823e-01
2.668383146523009009e-01
2.675583002750827055e-01
2.670835480713958932e-01
3.835288170346004000e-01
2.940168165309091086e-01
3.214159886743871430e-01
4.991411600641484925e-01
3.009316443956131515e-01
4.042065020218590932e-01
2.961574526609778713e-01
4.088936386729299932e-01
4.253623665069412585e-01
4.474964726695402351e-01
4.054214251122432167e-01
4.034535682662304112e-01
4.052822830367726614e-01
2.639399887583702697e-01
4.059119415501721839e-01
4.038399100031145328e-01
2.839222696027107196e-01
2.696612596985699106e-01
2.942901191062187172e-01
4.457078455135724537e-01
3.262932817802722818e-01
4.046182649415895893e-01
3.273847193946441414e-01
2.755219164284188893e-01
4.264288312332171760e-01
3.808161423888468677e-01
5.138554808956720121e-01
4.772422487533063973e-01
5.170572752484701162e-01
4.053847201871129680e-01
2.830469683732517727e-01
3.810841708678138762e-01
3.912623482751509951e-01
4.094619761114901557e-01
4.235303657921166143e-01
2.927244451635677702e-01
2.806024585165369234e-01
3.193074168150738523e-01
3.932345015725767778e-01
2.942943695460413234e-01
3.524969135695452671e-01
4.559243635253267257e-01
2.921642556023895110e-01
3.922131292748657350e-01
3.943092804549930275e-01
4.887031158379339657e-01
3.291672711602361967e-01
3.318272746471451207e-01
2.459621870112621844e-01
4.064533383375064646e-01
3.073948140719738875e-01
4.254551239803828211e-01
2.942030164232913303e-01
3.115129336551556993e-01
3.311024316226869879e-01
3.872120105279452384e-01
2.946470783817167760e-01
4.074829982844220821e-01
2.737001682261116509e-01
4.018440537442977689e-01
4.046166613778623411e-01
4.850801984869231309e-01
4.513691232329117842e-01
2.870772662995396129e-01
2.937107950297753733e-01
4.991166724475458727e-01
4.266459537023660764e-01
2.909502159983191616e-01
2.641343960068850971e-01
3.328449933995737964e-01
4.546476330624136808e-01
2.719804019600123302e-01
2.988502791716835527e-01
4.700038426010506587e-01
3.334926351256924937e-01
4.649375137305156724e-01
2.968062990827838310e-01
2.929803490953034051e-01
3.595868285446563450e-01
2.894206679658829495e-01
3.547984814300176870e-01
2.861486886401813923e-01
2.756745180847565146e-01
2.646299495736308405e-01
2.831306896723547739e-01
2.803907732574668632e-01
4.941794311692098707e-01
2.448314099748684636e-01
2.779006509647555245e-01
2.949018538081031315e-01
3.355259263429584138e-01
3.347337278695245999e-01
2.881964821205335592e-01
3.065278584483229762e-01
2.962162762823122852e-01
3.763737866572054447e-01
3.584855759309746315e-01
3.671911318811602598e-01
2.555038506421696276e-01
4.635340381574279967e-01
4.585136823455194799e-01
4.263521988081579450e-01
4.449394013615275423e-01
2.560760943067074136e-01
3.615115757297198140e-01
4.458266225917382752e-01
2.433686969268336053e-01
4.147533049061756238e-01
3.625955488912671054e-01
4.248638690700647924e-01
4.667123160175722929e-01
4.968898593431321786e-01
4.407258173938658485e-01
4.441053710259116327e-01
3.369480430127071990e-01
3.527045418825991985e-01
3.656472368738748480e-01
4.598828177477477519e-01
3.728346350188248559e-01
4.396804208387522506e-01
4.524701468972777696e-01
3.645712303087030870e-01
3.693300196985236372e-01
4.614987076631498208e-01
3.726768699782590510e-01
3.377801717102822399e-01
4.263148504094384506e-01
3.375524775644218045e-01
4.459405720883082846e-01
4.893478969077642016e-01
3.827914155967063192e-01
4.237272641310508847e-01
4.385017748507617497e-01
4.552655897761489490e-01
4.675684108144937401e-01
4.584649710369070874e-01
3.676636708334946047e-01
3.655537778464713616e-01
3.687473979075402974e-01
4.973796609971947169e-01
4.440872521008525364e-01
4.317483476232768513e-01
4.056578219485359460e-01
4.254199218205078070e-01
4.769660110850597046e-01
3.984551041168895025e-01
4.692367575030241267e-01
4.512756612735807638e-01
4.163498148634938167e-01
3.845416995772407143e-01
2.439365506035438003e-01
3.720157362975918258e-01
3.240742595863035924e-01
4.960694637711425825e-01
4.507800844295219433e-01
3.883873627954104735e-01
3.722834185722381228e-01
2.984760176826796729e-01
3.379544337073995819e-01
4.604221147835773076e-01
5.003148476715614246e-01
4.804323807917467160e-01
4.465640588799442701e-01
4.309803705159262477e-01
4.009643221021517712e-01
4.232796757689511469e-01
2.914640007556720813e-01
4.295877094603288149e-01
3.928889207501648495e-01
3.768784802930167932e-01
4.331907564366101471e-01
2.865199686058198525e-01
4.285676551204101736e-01
3.738501833007991104e-01
2.391019257826472177e-01
4.977924747396611505e-01
3.942518524456011253e-01
4.322277015836491487e-01
3.781491409999064857e-01
4.084296482539518935e-01
2.447929531625206434e-01
3.861774797856968311e-01
3.799681731629522274e-01
3.955417842509631465e-01
4.984046249060475886e-01
3.106112050324796314e-01
3.956147094693397426e-01
4.184005100487664941e-01
3.703830217996533225e-01
3.341204183599206234e-01
4.649669435882549107e-01
4.047650100346484314e-01
2.948498487680289437e-01
3.794087723226867159e-01
3.366431227021012829e-01
2.660130699175703439e-01
4.482507671975679009e-01
4.663970121232315913e-01
4.075219396518875992e-01
3.372941865798476102e-01
3.947795472566601460e-01
2.508599163789274611e-01
4.237400775918723772e-01
3.898931582868983559e-01
4.525032449830805881e-01
4.665212316792822222e-01
2.362195800346452434e-01
5.079588270334142175e-01
3.010693296866781554e-01
2.570382444136911082e-01
4.048547450939392611e-01
3.622341243758127605e-01
4.510651517378383990e-01
3.688202857412115621e-01
3.042260281967243962e-01
3.912892977250470583e-01
4.859148265028985225e-01
4.541385896129787048e-01
2.356218782423081803e-01
4.284143639530175185e-01
2.930875145012390992e-01
4.527154743733844966e-01
4.315128804306088139e-01
4.415475136254511934e-01
4.201101228973451729e-01
3.799825897066328451e-01
4.890579829704734260e-01
4.216260461493300249e-01
4.084364949750382556e-01
4.448462542601835379e-01
2.759810159464785584e-01
4.492936819801923720e-01
4.413041778793447834e-01
3.066287208014493171e-01
3.784912224288566884e-01
4.260012821771083091e-01
4.463308047394604627e-01
4.384870341784031789e-01
4.047557753593710173e-01
3.585748413385208000e-01
3.812523867493087804e-01
2.907410909527392007e-01
3.268669333063755622e-01
2.937957189441728900e-01
3.813822643721232475e-01
4.026797014927867568e-01
4.601497178657878995e-01
2.850635349842342015e-01
4.063291004499735570e-01
3.750395870456718628e-01
3.492929934818322368e-01
3.796740442400767246e-01
2.764605674070172991e-01
4.233366540080333307e-01
4.034937088774450675e-01
4.906110039419166458e-01
3.492945601088850438e-01
2.949027824761532579e-01
4.671149474843986904e-01
4.059711787615548073e-01
3.039987959526581629e-01
2.789288906113842059e-01
3.633645126219383070e-01
3.107592574806873897e-01
4.006739247557854489e-01
3.604330902020598804e-01
4.620079895443126583e-01
2.679779335068573354e-01
4.563168281550393779e-01
4.704069390963869779e-01
2.952136540681889465e-01
4.399491500081762485e-01
4.508546698112962381e-01
2.762835884293264876e-01
2.845275551363942168e-01
4.353377287854777733e-01
3.973933724482431318e-01
4.311490464484776242e-01
2.738620254679952071e-01
4.444898436959252019e-01
3.725547167094468981e-01
2.926377396481474880e-01
4.736643722399222489e-01
4.293843414492232724e-01
4.391240749560001433e-01
3.705273768841477744e-01
2.974561577680335800e-01
4.646886166643316995e-01
2.966348420162572275e-01
3.510438408625548568e-01
3.866572777515666082e-01
2.810413863010459146e-01
2.923831299118958560e-01
4.175454669297983257e-01
3.061468783989792497e-01
2.665682847000537814e-01
4.570117007020338407e-01
3.796152512103835863e-01
3.084496011837447593e-01
4.460242938099127086e-01
2.781347030980579893e-01
4.469430068332809203e-01
4.273583252873063287e-01
3.624446623460366723e-01
3.390126652833242993e-01
4.251097285551702631e-01
3.886208891233345342e-01
4.603172426260622729e-01
4.063335918996411888e-01
2.897156052571934759e-01
3.600196640909009149e-01
4.472433007297991758e-01
4.226813974140789520e-01
4.468884866001741618e-01
3.703780411945584716e-01
3.704321106784955187e-01
4.058960240772995220e-01
2.886100054072331944e-01
4.482316667517071140e-01
3.389147983311450729e-01
3.204501470351616699e-01
4.678169175754118836e-01
2.804070851213246174e-01
3.835631764089824647e-01
4.690999626108823817e-01
3.714047346655200421e-01
3.834394726375996987e-01
4.051624918285759436e-01
3.919819451512231434e-01
3.513888679924790370e-01
2.372517730264514235e-01
3.812664266975036020e-01
2.446559224900856089e-01
3.781063616965941732e-01
3.072737615121105548e-01
3.829893817759877361e-01
3.953825766562062416e-01
4.727615372264006299e-01
3.323086671393316593e-01
3.327293613087564106e-01
4.720417331670125338e-01
4.310984745066859802e-01
3.430963612089064640e-01
3.448466944453515426e-01
4.516239405424711806e-01
3.804919052038964744e-01
3.014522675182730316e-01
4.277792878437685076e-01
4.428776577907329037e-01
4.440876735531625874e-01
3.936961411508528852e-01
2.380706882458005214e-01
3.737492756359127033e-01
3.379080225723722908e-01
3.406866989220805331e-01
4.636099687519478763e-01
2.624469486502184479e-01
4.346488707501355853e-01
3.372112414313965245e-01
3.165405104863348029e-01
4.971957326094483265e-01
4.467977258862980694e-01
2.627380977447167365e-01
2.625859784283585685e-01
2.626645900278954948e-01
2.775730410101039380e-01
4.865976177272641756e-01
2.629746392186288473e-01
2.635154838507433595e-01
2.821610917358108872e-01
2.642889575750466680e-01
3.832484471396666592e-01
4.347952952318496767e-01
4.119733331134421972e-01
2.652956269342181539e-01
4.132528920027889185e-01
2.665366429223486877e-01
4.086303762629747149e-01
2.680131183066222778e-01
2.513390871916020286e-01
4.464028111402389976e-01
2.697261368172023666e-01
4.526974064603292991e-01
2.716762967079136559e-01
4.672632595355602492e-01
3.282688382132381566e-01
4.040361196339626315e-01
4.002899016076217342e-01
3.200323711913087843e-01
3.503160930882858737e-01
3.082457466036239158e-01
3.280368492349823861e-01
2.631189252413743684e-01
3.487643509617823212e-01
3.693201174952109311e-01
4.935536586336121134e-01
4.555143051081152472e-01
2.650303944600199690e-01
2.506198027333413902e-01
4.055842044776175603e-01
4.947250184261963168e-01
4.179690823893988938e-01
4.475880103487923090e-01
3.152113342268882401e-01
2.515645290387204525e-01
2.470556641934756326e-01
5.105184880728484975e-01
2.482284848310370717e-01
3.318964249290052293e-01
2.500995992512922705e-01
2.955588040904600367e-01
3.557211146901722576e-01
3.263725659543247892e-01
2.892193988556321371e-01
2.871598685670363471e-01
2.517241834977814174e-01
3.620967559626659948e-01
4.705685892939813764e-01
4.484266067239703890e-01
3.715642210754743213e-01
4.420165510078113424e-01
3.258890754503415699e-01
3.701631155772844850e-01
2.667873577488654724e-01
2.497827648846402404e-01
4.471032823272740320e-01
3.793678119474176991e-01
2.520919511329904883e-01
2.646546568130994093e-01
3.149584195860915536e-01
3.836335257304536173e-01
4.174563725077726772e-01
3.588573071680455362e-01
2.526650157677116093e-01
4.540561750260380669e-01
4.499166168622154571e-01
2.714024245278075509e-01
5.046708198843506965e-01
5.096121795600664361e-01
2.992042967871442194e-01
3.936879763982709668e-01
4.523857788758289811e-01
4.111879058846706902e-01
2.639548279029755307e-01
4.501907368460804637e-01
4.065386370779532355e-01
2.320663062825372713e-01
4.569626856577064800e-01
3.411581915909142615e-01
4.895066432051211613e-01
4.746933093450685925e-01
4.584533197174081032e-01
3.534256509931328338e-01
3.496560089855306197e-01
2.315196370466478248e-01
3.455649749749114541e-01
4.322701245316609153e-01
4.064441801542407195e-01
2.935493175617374662e-01
4.476257515374411633e-01
4.521015336774832361e-01
3.732050622514916927e-01
4.418667147768523540e-01
4.022902229897905579e-01
4.923430196220342503e-01
3.471337952314760833e-01
5.042507686088300023e-01
3.566356677099821737e-01
4.051571075020212742e-01
4.252468117093480271e-01
4.015939034524494411e-01
4.747334743782915534e-01
4.898514014449728005e-01
4.697926861526744990e-01
2.757565270216289499e-01
5.129559638280672962e-01
3.541328093857171733e-01
3.610134529303789530e-01
2.787785882935296389e-01
3.991652786619892535e-01
3.978251069313254451e-01
3.790533755459412069e-01
4.869792139078585325e-01
4.490209558744364671e-01
2.649285573754419643e-01
3.545718416019441044e-01
3.063427457582663105e-01
4.168376325751918521e-01
4.389749204779815339e-01
4.052305243473359186e-01
4.065219424126781944e-01
3.173292908259345846e-01
2.811765913528181393e-01
3.483716362306087944e-01
4.065139511535201255e-01
4.565777030065817921e-01
3.558078976632209067e-01
4.217545517840136649e-01
3.473676470596366306e-01
3.128285596713036298e-01
4.248597477819365253e-01
3.995574869115661176e-01
3.424409687506308475e-01
4.154252760173822168e-01
5.146072212884694741e-01
2.897649052874681774e-01
2.670588701549687638e-01
4.793351583081134071e-01
3.535005226047997495e-01
2.718987316937633847e-01
4.499426058994844269e-01
3.223831114799615150e-01
2.621678396510702114e-01
3.914569431126880272e-01
4.056024040924730567e-01
3.691105564170086284e-01
3.315894512531999405e-01
3.238431750847446944e-01
4.518219764404407535e-01
3.894478875139195106e-01
3.019244399458284600e-01
3.235409145122294383e-01
4.400127246308710438e-01
2.609581061458353668e-01
3.439724782360625288e-01
4.044736031146476951e-01
3.074678273943047824e-01
3.744828815379792064e-01
4.606727691966737703e-01
3.861839531440469098e-01
3.223425467364463559e-01
2.888040017825254102e-01
5.010893145511908786e-01
3.410135664259572597e-01
3.117814765176841751e-01
3.978956460430746467e-01
5.062310671801379947e-01
4.518443647294729804e-01
3.465327253637998650e-01
3.720466869763730533e-01
4.415306425353703323e-01
4.857684348648868555e-01
3.025478606943992621e-01
4.833337839474768360e-01
3.356330403894122738e-01
3.799429166463224039e-01
4.533509267316329083e-01
4.391071736857771746e-01
2.875419108633449072e-01
4.571037093070619006e-01
3.882362880391493909e-01
3.813880088453357464e-01
3.279861377927708599e-01
3.937267952903442669e-01
3.441507465887023720e-01
3.947977542674057094e-01
3.847190107074587861e-01
3.544597652366535678e-01
4.819010265363115608e-01
2.694663000265535291e-01
4.994275631194336484e-01
4.930282427720101279e-01
3.566476254981527094e-01
4.940331873073576241e-01
3.844028008655318573e-01
2.682973589742773113e-01
3.270116754544517557e-01
4.574453365182476472e-01
3.627627366658565111e-01
4.535225951932588262e-01
3.548974251222393739e-01
2.675335339236573073e-01
3.643199460838023040e-01
3.847679022877595334e-01
3.652147069856113704e-01
4.124373992479286599e-01
3.978963865978960013e-01
3.384545639185868038e-01
4.830070690602289440e-01
4.474895836538855809e-01
3.774680200915029871e-01
4.548844211158106776e-01
3.852332342532742704e-01
3.770510951111262776e-01
4.722214596161586342e-01
2.663645729027778741e-01
4.055912674257461381e-01
2.998078421664339688e-01
4.197586552745684041e-01
4.663860917763699709e-01
3.785858311502668938e-01
3.513365430964419667e-01
5.026588675205398982e-01
4.232926330112857793e-01
3.973523797767679056e-01
4.205270784249662275e-01
2.744310945436236882e-01
4.767798832006945320e-01
3.614232408506959926e-01
2.727052802586408808e-01
3.378065431514624128e-01
3.555840494712659838e-01
2.853995559069884003e-01
2.719920562197764569e-01
3.860446540480673705e-01
2.955437977660833049e-01
3.700755517509613512e-01
3.127141575510677951e-01
3.245014423262778114e-01
3.531655444183193771e-01
3.353950156776376312e-01
4.250662824647416516e-01
3.530865783272842950e-01
5.109558454092973934e-01
3.104343708668320101e-01
3.193709070984121490e-01
2.765560334746712812e-01
2.638687579990602328e-01
4.522815613254720923e-01
2.619097435287955911e-01
4.505284254843486269e-01
3.849375435573262894e-01
2.914434224554030006e-01
3.452075291858681672e-01
4.703650129814597736e-01
2.434676953422859058e-01
2.658066079002354698e-01
3.080095971363922547e-01
2.914913471533627787e-01
3.984204074906996795e-01
4.485501992853746511e-01
3.531463295165786498e-01
2.863910146421150271e-01
2.666718340175998625e-01
3.082059194239196720e-01
4.089516623851475186e-01
3.455181946903145285e-01
3.676713879760588055e-01
3.736537981157183053e-01
2.951145554061828657e-01
3.504099006758752965e-01
3.962879142670216459e-01
5.028820376832343619e-01
2.883540466370401179e-01
3.331293936119580912e-01
3.270945799959544265e-01
4.336675858173708042e-01
2.882285615407497725e-01
2.943213107771975867e-01
2.855930378633674827e-01
2.812557785313800629e-01
5.049130886679821240e-01
2.912810405327848629e-01
3.646060764167933232e-01
3.517027952399783275e-01
3.026731825309937340e-01
5.132603582104089401e-01
4.459873194064729041e-01
3.541987970098735006e-01
4.302917166295099349e-01
3.789786938428190699e-01
3.805608392322710198e-01
2.915025515811436874e-01
3.734619375152509191e-01
2.913645889840610903e-01
4.112226473227504342e-01
3.696482830746231629e-01
4.249622774503223344e-01
3.031548120624923959e-01
3.371963178706152142e-01
3.343629003401277777e-01
4.292529306999925964e-01
2.912523992421286456e-01
3.846756626162026182e-01
3.668984701880191879e-01
2.915648018773568939e-01
2.523286141704768060e-01
5.124986330252280231e-01
3.208810546246368967e-01
3.160690678643743312e-01
3.593923889720455622e-01
3.358537915011622355e-01
3.713121244861398718e-01
3.187180854833199795e-01
3.909424814045787122e-01
2.931578951354518181e-01
3.747840886000372573e-01
4.467648992708652678e-01
3.055451538302633718e-01
2.766107074571282354e-01
3.365190431016286676e-01
2.527454498334596455e-01
4.166442534810461673e-01
2.538647320667059559e-01
2.928488158928496676e-01
2.659068859399095763e-01
4.499825251426182726e-01
4.756404084980553892e-01
3.802234277484449199e-01
4.389680733415858849e-01
3.179935741342781452e-01
3.367148542675217349e-01
2.592873026137014203e-01
2.604755528773708417e-01
4.253825289108623120e-01
3.425098379615454935e-01
4.393869238843373659e-01
4.915309888602597543e-01
4.098512961086816508e-01
3.475043238576652205e-01
3.929975131088088158e-01
3.147327151683910196e-01
2.557464362116400047e-01
3.978012979790852000e-01
4.084836654093612074e-01
3.752642868087395223e-01
3.980957616343893113e-01
2.486963056217974533e-01
3.437157205916156477e-01
2.892408903549955612e-01
4.458143390770568648e-01
4.073729798165948712e-01
2.988428121356467848e-01
4.351600581069966500e-01
3.542461863011590606e-01
3.834122979710633539e-01
3.659623610186124587e-01
4.964523279836146608e-01
3.012352619355532779e-01
3.209608213600610993e-01
3.177259616350434079e-01
3.993856509665950072e-01
4.254370550002191109e-01
4.426064155528035005e-01
3.925653343020470976e-01
4.075869540050357509e-01
4.442721432076991994e-01
4.466872804526310636e-01
4.374841435784779797e-01
4.266516600702771611e-01
3.729178101516564259e-01
3.502151220237390561e-01
3.477456461789342201e-01
4.045899887507500292e-01
4.252219935022788500e-01
4.272476097646814575e-01
3.344189082472927566e-01
3.726139781426479614e-01
3.662668676279456914e-01
4.098996249349134424e-01
3.888866156208694580e-01
4.265386519727930037e-01
2.588563916845984525e-01
3.287471520303116290e-01
2.542152067460854981e-01
4.694149573574072365e-01
3.422982371344654440e-01
3.288548619541284412e-01
4.385946927085675462e-01
4.100338618931330115e-01
2.363067968175290856e-01
3.896894864076964060e-01
4.262760562538596698e-01
3.848822342829613108e-01
3.769080296287459775e-01
3.438736103927095833e-01
4.109892844998507266e-01
2.553578157804716198e-01
3.870867387624389866e-01
3.585869553893222261e-01
3.731373447982153091e-01
4.825035504189548186e-01
2.783554241320490008e-01
4.441653378751460601e-01
4.872307718613109739e-01
4.069440018062375208e-01
3.988307254976602434e-01
2.475544997072074704e-01
3.750855868012906713e-01
4.925092563629823728e-01
3.252723783405338520e-01
3.936070286890452907e-01
3.759982747201593423e-01
2.964159185423106413e-01
4.251499079456022012e-01
5.136001997692655197e-01
4.062125414270656432e-01
3.200190218454204150e-01
3.174203377426440542e-01
4.813631646825080601e-01
3.107072309935205445e-01
3.955644000552022144e-01
4.510370153975283292e-01
2.317211024228864602e-01
4.127268379453475911e-01
4.708198613964761914e-01
2.959991714677470687e-01
4.004457326003449946e-01
4.703094995512745458e-01
3.754575986075241456e-01
4.943449065462258707e-01
3.793232593957061582e-01
4.420582050388756068e-01
4.536852244097812070e-01
2.839100176344033222e-01
4.262398891846961857e-01
4.044597868145646258e-01
4.809115003879088635e-01
3.515694570564991683e-01
2.463782035236985191e-01
3.491545360323735636e-01
2.807483575711712809e-01
4.069282544594960971e-01
4.912584837388697667e-01
3.461064255128953326e-01
2.481240123280940291e-01
3.937548912144105961e-01
2.820741403697784588e-01
2.645827455530638250e-01
2.686244364824010300e-01
2.944598706526538878e-01
2.500425102634465935e-01
3.799926548449663599e-01
4.005967616836362266e-01
2.734863831092661512e-01
4.712133571837942014e-01
3.962158413694956693e-01
3.168644167238735543e-01
3.142636417171077445e-01
3.482341664669555414e-01
4.471083467268731626e-01
2.521379719515722262e-01
3.242039222399349940e-01
2.718625943577203663e-01
3.647685439326115997e-01
4.252430406898989323e-01
4.369869921485178832e-01
4.076128001981756954e-01
2.544062044361210528e-01
3.778136637205723458e-01
3.941348073256031870e-01
4.874552387116213303e-01
2.861546587912582873e-01
4.019708325576493713e-01
4.853461377394662213e-01
2.934300539647512474e-01
3.664753071661384642e-01
3.931309351320566581e-01
4.631840445982888799e-01
3.769987366556376562e-01
4.009328193840955290e-01
3.742805749984817187e-01
3.553048474341015117e-01
3.492908371699085524e-01
3.459294048448045555e-01
2.900626323495431036e-01
2.937758715222045236e-01
3.159426828064846871e-01
4.318635524639369838e-01
3.154826980440807449e-01
3.687731821493597795e-01
2.932487690702655914e-01
2.773625899223617353e-01
3.003608080214014153e-01
4.001412091903787105e-01
4.801655130349560263e-01
2.958407204455620887e-01
4.714835168357768280e-01
2.568460221192642168e-01
3.168381466543011560e-01
3.224474295117649714e-01
3.557269933553226515e-01
4.737191887453392480e-01
4.026277617305693002e-01
3.831545292607941855e-01
3.836011362575219574e-01
4.263982111300482214e-01
2.710480157644596377e-01
4.942781373971639747e-01
4.697351980335047750e-01
4.994252632601228203e-01
4.366570548984374245e-01
4.794082416637393540e-01
3.625466072828146258e-01
3.675287430716492332e-01
4.488865901042600193e-01
2.923643440138287697e-01
4.074705602143944283e-01
4.068150861620060676e-01
3.641992018416410626e-01
4.789736996471435915e-01
3.312356746686823117e-01
4.736252117929125593e-01
2.887127416575007155e-01
4.013344536893193593e-01
3.122513960177659142e-01
4.904429148720588216e-01
3.847803077583796805e-01
4.302683399826834898e-01
3.567550804254959185e-01
3.952025655303203489e-01
3.617797849079880668e-01
4.784592337289466091e-01
3.944830550168658134e-01
3.179438954612567869e-01
3.263493773240381812e-01
4.878360235671557743e-01
3.921642312357479510e-01
2.694195964399374588e-01
3.144339893109849848e-01
3.735607427944177550e-01
2.534458485588464982e-01
3.284406821447783953e-01
2.918048428672492256e-01
2.909012787855018156e-01
3.130570771053678980e-01
3.271813008788161947e-01
2.956095675065515960e-01
4.345615802428515750e-01
2.867646234425802465e-01
4.658666170797444717e-01
3.840035996583933131e-01
4.348686233603953899e-01
2.944242135407592609e-01
2.526450167301701466e-01
4.515325724223570036e-01
4.464748053009481299e-01
3.631905142480355564e-01
3.983544298924338034e-01
2.959965115514267553e-01
3.393293073000372417e-01
4.857976302028070847e-01
4.769259468301229044e-01
2.759447228982389033e-01
4.160416820298686313e-01
2.744186851976519459e-01
3.179605070969894198e-01
3.474429601401382017e-01
3.368347543186488990e-01
4.394972394130472471e-01
3.769360372161921768e-01
4.041356843540073185e-01
3.250382898414796995e-01
3.896953463923395478e-01
2.886329068363937544e-01
3.550497089804400819e-01
4.028495838893792480e-01
4.707978188050830348e-01
3.041486799466209257e-01
3.740354408993763480e-01
4.323973292892626108e-01
3.420486995338203884e-01
4.031991045465871948e-01
2.907121739833538610e-01
3.700061311666614228e-01
2.520875105420636864e-01
5.008637407281762988e-01
3.175006818698770106e-01
2.978374021925568327e-01
2.909220929828346125e-01
4.404457025553485949e-01
4.326611173050608494e-01
3.793009326879056564e-01
3.787169540297859460e-01
3.396866141204356038e-01
4.138582348082155415e-01
4.100272936072217878e-01
3.734539443522812974e-01
3.585675607285876976e-01
2.930132833469719089e-01
4.029153944451944191e-01
4.436847764430524310e-01
4.785066875054944657e-01
3.251137268346417919e-01
3.636709893329046484e-01
3.517047238796964237e-01
4.326596489194459716e-01
4.023414243642376431e-01
3.524380576975392754e-01
4.092569178413393294e-01
5.050841667381212874e-01
3.821207842304357727e-01
3.066430932411889354e-01
3.431086969919580065e-01
3.485977316226207545e-01
3.768875065828036774e-01
3.973573939569175484e-01
3.178515258374946528e-01
3.967524218967551919e-01
3.435553670939087145e-01
3.327685831321095522e-01
3.742552619790798785e-01
3.652049748330866707e-01
3.803495601578295027e-01
3.524775471673635696e-01
2.933533251200151071e-01
4.343020505623055305e-01
3.886510215671687418e-01
3.642787311073512058e-01
3.535261594523405049e-01
5.079075285890837232e-01
4.339167066688941476e-01
4.511719502870206178e-01
4.795503337682383571e-01
3.556090840463692615e-01
2.736378682594445833e-01
4.389017841689487609e-01
3.452437891078609655e-01
3.477764615633147649e-01
4.054264713365930972e-01
3.424428316880872014e-01
4.243571274365098844e-01
3.920216402416468737e-01
3.356304331565559407e-01
3.634849725757740013e-01
4.870033412916777160e-01
3.360490087150833638e-01
4.349161766164187370e-01
3.116075939528551997e-01
3.365755608827614154e-01
3.811172653387954745e-01
3.430191223479428508e-01
3.142083978317538051e-01
3.804665147831616245e-01
4.363220546692941348e-01
4.271123943462989403e-01
3.884421161178456816e-01
2.843138787677715884e-01
4.324355501856670392e-01
3.484432834260372536e-01
2.658137238519654999e-01
3.354236300780026325e-01
3.728923023040919271e-01
3.341032589273742470e-01
3.743797080040834890e-01
3.080052267031611613e-01
3.874462324620781550e-01
3.708409726303564247e-01
4.640225608707283511e-01
4.238564106821259281e-01
3.734144305957579069e-01
3.047607648377694822e-01
4.075029362636527486e-01
3.651361688376488779e-01
2.950263344805056920e-01
3.649812995450184006e-01
3.680304339378655532e-01
3.867088490335433559e-01
3.483368238295161401e-01
2.969789228672986003e-01
3.215996106723078563e-01
4.488520313663720840e-01
3.404284062757408358e-01
3.018642300166304859e-01
3.635468212230396068e-01
2.638391060202800453e-01
3.987468266249933335e-01
2.919209350200662190e-01
2.915122780685592274e-01
4.053784285028503853e-01
4.143879938999755486e-01
3.588188583790101749e-01
2.754096437986822132e-01
4.037742209160855023e-01
2.485634297384887448e-01
2.900453459182230076e-01
2.993093332620809788e-01
3.670745228493040302e-01
3.503389453792384867e-01
3.406612108577856124e-01
2.492714181050054989e-01
3.999988576907687610e-01
2.937746828719589032e-01
2.617712370845789449e-01
3.598289259837499365e-01
4.603775061780754352e-01
2.347882455614750674e-01
4.013773068004633515e-01
3.326460085609007633e-01
3.589886558837739883e-01
2.970917224533530243e-01
2.924223194870674281e-01
2.893569011074779151e-01
3.792965944940154266e-01
3.052130514080876877e-01
4.310083497674339070e-01
3.981296968092310484e-01
4.384114129609401611e-01
3.772956970676427102e-01
4.085188334457450776e-01
2.946035301589515765e-01
2.906838129501670420e-01
2.950081408011450690e-01
3.862096009862316937e-01
3.827545829094960994e-01
3.311627043254053437e-01
4.413117771911883036e-01
4.727708432697572127e-01
2.875079944605649640e-01
3.854171932232409170e-01
4.766324364639990541e-01
2.952071714089221088e-01
3.060777389269569992e-01
2.889232293581614486e-01
3.598826808735299809e-01
2.895311520122482163e-01
3.438936845236900686e-01
2.842584696743929995e-01
3.162422675662467375e-01
2.742094298683176445e-01
3.452920255805485561e-01
2.626924232733096609e-01
4.215285138867791992e-01
3.135177284289685784e-01
2.936519267727442095e-01
3.486710120083305053e-01
2.640260325447951750e-01
3.672416771694644866e-01
3.340659018958004323e-01
3.656506709161535529e-01
4.397758761437524089e-01
3.319405430685326008e-01
3.275572687803627869e-01
3.460401431757099133e-01
2.862175075120087508e-01
3.604453386318601793e-01
2.881902310585704452e-01
3.978702278438431272e-01
3.779944779021479073e-01
4.223474743348744620e-01
3.604779960603681777e-01
4.947144007252182174e-01
3.346389697755862702e-01
3.905668249604676290e-01
3.799719464599692342e-01
4.762623482220793014e-01
3.219205862893519399e-01
4.013222523981413992e-01
2.422047288544411370e-01
3.813616353438759043e-01
3.867814638519904702e-01
2.802515639940284520e-01
4.430326027726676497e-01
2.820120402463451303e-01
4.832170617615871855e-01
2.998265415031401426e-01
2.425950735149358939e-01
3.371436587456733136e-01
3.475818757507952439e-01
3.592708175678624438e-01
3.215840267674185404e-01
2.839956881214235618e-01
2.797703171331899497e-01
3.804967569222305612e-01
3.116152299325879449e-01
3.578247528139096856e-01
3.560302140957650741e-01
2.483682474778760585e-01
4.357975638154339970e-01
3.752396001317266916e-01
3.451806152894737467e-01
3.094122709290867412e-01
2.490555470572943797e-01
4.408891778165462960e-01
3.084453342317627356e-01
2.842245672624488240e-01
2.898303135849718548e-01
3.109524831694598923e-01
4.494420638059369866e-01
3.724274543274830318e-01
4.403150744184490262e-01
3.525340518145942958e-01
4.936460845441211776e-01
3.101270998338128138e-01
2.933815153258522157e-01
5.017926918420668736e-01
3.479075327071345369e-01
3.080085281966122301e-01
4.446532132892918598e-01
4.042706531572549666e-01
3.079449255613423975e-01
4.749449239546656432e-01
2.765495320705876336e-01
3.184171353879879929e-01
3.546311607854029102e-01
3.459103029979993527e-01
3.976993803379156867e-01
2.743753645236611249e-01
3.714361354389672520e-01
3.484992713660954311e-01
3.402676650356937227e-01
3.119805948867292456e-01
2.845704371241655761e-01
4.038982571736984273e-01
3.756371618881320096e-01
3.468391009763021060e-01
3.616290418933168493e-01
3.746777321507042680e-01
4.467578177982889365e-01
4.412892216460789219e-01
4.061134054753356981e-01
4.113870019593450222e-01
4.369021977441802096e-01
3.525258928904283495e-01
2.807831643000845423e-01
2.488074510372611792e-01
2.808952490134846713e-01
4.556081439153962243e-01
3.435227650790335652e-01
3.137433240213055030e-01
2.976620197082855412e-01
2.653493612418442171e-01
2.927776674269890189e-01
2.857683895764493998e-01
2.902079001922058255e-01
3.797803633041271776e-01
4.470329759110287515e-01
4.344663417849736198e-01
3.712253399888104655e-01
3.480779252942109991e-01
2.495359701805458796e-01
3.335831718781536170e-01
3.905198327422479410e-01
4.025735815145641272e-01
2.839508197563235248e-01
2.897807334204671181e-01
3.264906290761326879e-01
2.895007448321058607e-01
4.318120924962643992e-01
4.490483408356735762e-01
2.827746788402840661e-01
3.892234031246865622e-01
4.495037043036688162e-01
2.906218603606007256e-01
4.327991422097531848e-01
4.781658331390410965e-01
3.752312307508195999e-01
4.044487812817192385e-01
3.320707569941392379e-01
2.948511554903234244e-01
2.647772704190295978e-01
3.021252370301993340e-01
2.640955599861521952e-01
3.230658346383156188e-01
2.878905009194268616e-01
3.958532021111569321e-01
2.977586753396572194e-01
3.752857740982284418e-01
3.169383025769260676e-01
4.437605397369717153e-01
3.270176922994221802e-01
3.766655318431916255e-01
2.775618327316443645e-01
4.408751904431143509e-01
3.233005956310670004e-01
3.542336141542122840e-01
2.935605449381674115e-01
4.669791290668144357e-01
3.178901459789263417e-01
3.178929953812376641e-01
4.041592964367480278e-01
3.595434195009932776e-01
5.007087866365738105e-01
3.717603089559168295e-01
3.196097657690359917e-01
4.563307905465494585e-01
3.848572821261589949e-01
4.754942140022038743e-01
4.438077385186200430e-01
4.247854037645549252e-01
3.911344367125457744e-01
3.743338409266152578e-01
2.923604940617292591e-01
4.580445068127594332e-01
3.488673277305427423e-01
3.180576094589476766e-01
3.489330693868418765e-01
2.464319782478715248e-01
3.384746095975416647e-01
3.999993744437484455e-01
4.519571469918701734e-01
4.485265949399795393e-01
3.577314826977344708e-01
3.644965306129106519e-01
2.914718132100390657e-01
3.326561763620354828e-01
3.918125027475573563e-01
3.477060240898377508e-01
3.874362152016149197e-01
3.680425569786125450e-01
3.048188480743307949e-01
4.044970302046817512e-01
3.844794482891898957e-01
2.651039853279970049e-01
4.960446816771653111e-01
3.116325749958690494e-01
4.452216085466861872e-01
4.428798462232416133e-01
3.957977910843684666e-01
3.932257921211378959e-01
4.737871272665769573e-01
3.368168504233791660e-01
2.745594818435281304e-01
4.355993219635457270e-01
3.909701023522374475e-01
3.378625458199319698e-01
3.913939178165822819e-01
3.468445327522498567e-01
3.990507649365667153e-01
2.901839120682272455e-01
4.061389864230446900e-01
3.686248818533057192e-01
5.098018225521258051e-01
4.287801570064023182e-01
3.980101767942107460e-01
2.763393810636483594e-01
2.670773195442957548e-01
3.968126290919129495e-01
2.917326121923527471e-01
3.953332420993939111e-01
4.517787963352063452e-01
3.526108120893683417e-01
3.591808677647497228e-01
4.957553301173729388e-01
3.883721625978252545e-01
3.176153344089966413e-01
4.718917376752877479e-01
4.406535557642151657e-01
4.498655636976366945e-01
3.932667854922924922e-01
2.998102649409790654e-01
4.758050723618300060e-01
3.498604572052700923e-01
3.630974175318134045e-01
3.598430517899141590e-01
5.042764883037124113e-01
5.132406601762135034e-01
3.208290502618197371e-01
3.669412433370241033e-01
3.355017496363859042e-01
4.153340146405110622e-01
5.055071995376199112e-01
2.871317182533971168e-01
2.769898273445022263e-01
3.984320150154241347e-01
4.723517967533504280e-01
3.801883114632145233e-01
3.832401321212163814e-01
2.883169878512020223e-01
3.494432956478698005e-01
4.615648610632310800e-01
2.717763621341478530e-01
3.763784411349047065e-01
3.906617883283940440e-01
3.885030856308610003e-01
2.785127876902313560e-01
3.856330394771688153e-01
2.646855346801937903e-01
4.005534171403637989e-01
3.757697169013825556e-01
2.997858463108855065e-01
3.063870968531757777e-01
3.986537099443537846e-01
3.510085538726357979e-01
3.008976468850564912e-01
2.739633477165910880e-01
4.312068311167602253e-01
2.917774212636807252e-01
4.299138839773435916e-01
2.488902743021045028e-01
2.725720360245645346e-01
3.636443507322240642e-01
3.152153319818504773e-01
3.616334989779061426e-01
4.418952400081246346e-01
2.338686883822540252e-01
4.389617780372180311e-01
4.256752069513223824e-01
3.955797955643175490e-01
2.746103087221264949e-01
2.754219581303354869e-01
4.079534782718373109e-01
4.400990419203767989e-01
2.867558624017591540e-01
2.720866444261648143e-01
2.729722270329790756e-01
3.880530323398079795e-01
2.971586398587373612e-01
3.946736116059789690e-01
4.076034200335682534e-01
2.731822781527738497e-01
3.123510577815646894e-01
3.734737930089922497e-01
3.754914658450850262e-01
4.295738772608780898e-01
4.384810086606614199e-01
3.619958025222098086e-01
3.101407930373919486e-01
4.378408804598294957e-01
3.489110858093971701e-01
4.672520555826000788e-01
4.442158046358873902e-01
3.736267303777663917e-01
3.455077367288268420e-01
2.750699344493704457e-01
2.847362277551777621e-01
2.931646903479211974e-01
3.901824041497722884e-01
4.256764355145675194e-01
3.723863975500790735e-01
2.755671098618096004e-01
4.537935903471020382e-01
2.854972629264209139e-01
2.305128504561025082e-01
2.537945636245171332e-01
4.377707040007423611e-01
4.587234672274870251e-01
3.323959808012711403e-01
2.844330014997494827e-01
3.870230065394798524e-01
4.736265869278133422e-01
4.340454272542628722e-01
3.369709403902065858e-01
3.154857231352722335e-01
3.681524398795374409e-01
2.849190982374847914e-01
3.135884974441448536e-01
4.507364085971702350e-01
3.164678951374499394e-01
3.747792370863451961e-01
4.362514084806655701e-01
3.221409806303185963e-01
3.754311112607002232e-01
2.774562047699455358e-01
3.772948765374554703e-01
3.453087648347905603e-01
3.596703840585265266e-01
2.947477377674798116e-01
3.991484487933268932e-01
4.460469132466066688e-01
2.697205717231196398e-01
3.652555667167716180e-01
4.226077749407421980e-01
3.895142963783690404e-01
3.536416800386142922e-01
4.124031009205695875e-01
2.845385301848068482e-01
4.087696089815889833e-01
3.537514759312015977e-01
3.876733275550516833e-01
3.771479019069870486e-01
3.755467001442973629e-01
3.165877385080013151e-01
4.650197068603935113e-01
4.087079608023318489e-01
3.529364499861697424e-01
2.995058327029021528e-01
2.844153886516985197e-01
3.794681355910288767e-01
3.763390146459645869e-01
2.910134211088038492e-01
3.413096407781832098e-01
3.648935830052346674e-01
3.155223144859636841e-01
3.683953500652313306e-01
3.138195795693858314e-01
3.755539719666447507e-01
3.925398318986381141e-01
3.727447737567540775e-01
2.947808143765056621e-01
4.444834248548358291e-01
3.241130850375374961e-01
3.700356377789928986e-01
2.923922354738113238e-01
2.838775949466315063e-01
4.141503010311626265e-01
2.878683545076715089e-01
4.473820490220213886e-01
3.703695317845409618e-01
3.708811947199138759e-01
3.799010831387232834e-01
3.174685299252985593e-01
3.629611070013646357e-01
2.926597859479328489e-01
3.383315661080493197e-01
2.763572140878933214e-01
2.804332409744729748e-01
2.925197857506009469e-01
2.706884904221583676e-01
4.087856257559618900e-01
2.821743176562398481e-01
2.949211079747405262e-01
2.757798734556821674e-01
4.087938206268270092e-01
2.921188820249935314e-01
4.385877029989676545e-01
2.948886104462236646e-01
2.665916015819176366e-01
2.937658272301139628e-01
4.097768064143108568e-01
3.903865568315342260e-01
3.422929640948013108e-01
4.750714529362311533e-01
2.928056541969633608e-01
3.674029742769056028e-01
3.842304111000223732e-01
4.266544465215576509e-01
3.804025525511980921e-01
3.884988891140910283e-01
3.751690535831746498e-01
3.862123114224180753e-01
3.456135646692720109e-01
2.943779858781815362e-01
3.744771594499500256e-01
2.375440827249419018e-01
3.839015172277719379e-01
3.139890192124580315e-01
2.835129425446814011e-01
3.084849871700927615e-01
4.049992562535448815e-01
4.742887651483218558e-01
3.819819847119534373e-01
2.506333597020082848e-01
3.008405919893420433e-01
2.931425404323674822e-01
3.549179513127050933e-01
4.831461464642738401e-01
2.980348694159921652e-01
2.791508334680284364e-01
3.499540755298964911e-01
3.750228924911249706e-01
4.508012492264908411e-01
2.417761854888694495e-01
4.747623031439502927e-01
3.247622715768940238e-01
2.508275532295969890e-01
2.816622931127613083e-01
3.472631118142119333e-01
3.505232355141640888e-01
2.558549389677599595e-01
2.908908756717726307e-01
3.472135189216380979e-01
2.524380876478916624e-01
4.535535019259849254e-01
4.717084170271016452e-01
3.318582517025090994e-01
3.328823365163398051e-01
3.581419338285715126e-01
2.987528651566075388e-01
3.687028009608077084e-01
4.244818668552485241e-01
2.512272172756787603e-01
4.453640368062388721e-01
4.681740938834492716e-01
2.989332765481205190e-01
4.478993091470934163e-01
3.269216170789119857e-01
2.834439331309956955e-01
4.842042044633464992e-01
3.243783058768331395e-01
5.009207861085012148e-01
3.270094879203163662e-01
3.838082708773618568e-01
3.310076097717857824e-01
3.214724155158270036e-01
3.684665775017794132e-01
2.518325221747946818e-01
2.516816409967401746e-01
2.856590583145652285e-01
2.786840655298842284e-01
3.037675852324167036e-01
3.219165027078524366e-01
3.492329848065566233e-01
2.351484017996544607e-01
2.587965536319309923e-01
3.659906752262040985e-01
3.815301261174501857e-01
3.272461142417115720e-01
3.827016150813396522e-01
2.511222886030755608e-01
3.184184799609138250e-01
2.958730944415677300e-01
3.563434466114103749e-01
3.861035596099826606e-01
3.152464292284490321e-01
3.822437339564061509e-01
2.407843596221270477e-01
2.955615118877156222e-01
3.510817298865383518e-01
2.915019681748522440e-01
2.777183403891454461e-01
3.142575009775000483e-01
3.579834656947346039e-01
3.065104232254319272e-01
3.230687438948109946e-01
3.984868813940395937e-01
3.124709608691366713e-01
3.091808835219261864e-01
2.507674181291780768e-01
2.970036730891959520e-01
3.242728938298344299e-01
4.683798583351915790e-01
2.894375915364562069e-01
3.485883451495709884e-01
2.773037151719724425e-01
4.951951019735599258e-01
3.641421803638338894e-01
2.397743154004937927e-01
3.763802551082670034e-01
3.204109247664709836e-01
3.760792619291219996e-01
3.046791251576455029e-01
4.554251856661974407e-01
3.527840583399312058e-01
3.792042796436633778e-01
2.933159299997836755e-01
2.759226746376062245e-01
3.693654299347519654e-01
2.748130232536896145e-01
2.432860296969378833e-01
4.974981307572767242e-01
3.049388830754665713e-01
4.509068698998910385e-01
4.073723607504948219e-01
2.514384597435903590e-01
3.405815722493557018e-01
3.895258511933183954e-01
2.763546820477345567e-01
3.769733894111448880e-01
3.037776585457733214e-01
3.695175997010550217e-01
3.564756868495201347e-01
3.258303587231176079e-01
4.067595750541501687e-01
3.362153066325501705e-01
3.831966157322966304e-01
2.934115750603485950e-01
3.375229810213440929e-01
2.936261806190675339e-01
3.321957301622885939e-01
2.967581736809045689e-01
3.275046105355543524e-01
3.251898776136223912e-01
3.395864968785849980e-01
4.410585991421014929e-01
2.910753090691931000e-01
3.722520084753266345e-01
3.249416400342305944e-01
3.910714881806978682e-01
4.996027453275891372e-01
2.882971547672423807e-01
3.183369720344190190e-01
4.698335826266438753e-01
3.421402755548713093e-01
3.490989221371236795e-01
3.468739046473150456e-01
2.988553649651826127e-01
2.339377832021756476e-01
3.679195984933706920e-01
4.357182284539770634e-01
3.934735919059974552e-01
3.453137204527793047e-01
4.425512863935676666e-01
3.693144785633077909e-01
2.827654569283491459e-01
3.799419595441635988e-01
3.166488624071830960e-01
3.715648534006127379e-01
3.868750376695589965e-01
4.173078135972301261e-01
3.357538936201951429e-01
2.891468976433627658e-01
2.344971976026793969e-01
3.892338840940502420e-01
4.228540070981952614e-01
4.783395439141491789e-01
2.429847598957662613e-01
2.974933208263772499e-01
4.834989446300210769e-01
3.113379677408776303e-01
4.592854134232391972e-01
4.002298197212998399e-01
3.766447778873439067e-01
3.983697046159174193e-01
2.994305673379871746e-01
3.176251870221290519e-01
3.368435354066782184e-01
2.915826388399377911e-01
3.977750707972458333e-01
4.162288954335160440e-01
3.800599248467030900e-01
3.659010272947618714e-01
3.611386780196847446e-01
4.208449975597265413e-01
3.446808492145235769e-01
3.218083700905333133e-01
3.425442543982127885e-01
3.328124800451666698e-01
4.132571925200945184e-01
3.507417595302398938e-01
3.915736920004884158e-01
3.210084890576422323e-01
4.208789107833501575e-01
2.921714913214029097e-01
2.592052600059586154e-01
3.577073288763924497e-01
3.700555444745170508e-01
4.434972368311644875e-01
4.612762557685453624e-01
3.256722089876999959e-01
3.953064563641962570e-01
3.492148264505557931e-01
3.961879145944857128e-01
2.875267270679269793e-01
2.861418669668545633e-01
2.987320861218861756e-01
3.339253992632374435e-01
3.847595571459522246e-01
3.133329552250472272e-01
2.887305584630730504e-01
3.524547812652859546e-01
3.539511317563979742e-01
4.990108107565294215e-01
3.420062659571415087e-01
3.398982954247177224e-01
5.015710151643250070e-01
3.850129488320366833e-01
2.914943344249578683e-01
4.326574845767121591e-01
3.733860270706014783e-01
4.082464468929533075e-01
4.079517049084416258e-01
3.836339898806729320e-01
3.730076494032309453e-01
3.733379998835318347e-01
3.318528253938934913e-01
3.731402126665807617e-01
3.345516466753417073e-01
3.315847529509663438e-01
4.251832590564881276e-01
3.827249568869607321e-01
3.614910666185189303e-01
2.867456979023245145e-01
3.083027558041528948e-01
3.745662378895520117e-01
4.243959141485649789e-01
3.131547807163311270e-01
3.200928275575836146e-01
3.484918806727429486e-01
4.431583554799248814e-01
3.192960956893905466e-01
4.780119347766502713e-01
4.985919568532892754e-01
3.308923011548008941e-01
3.573444861753527491e-01
3.151405148783147370e-01
3.682664289707000549e-01
2.830755042924665288e-01
3.593090736875383384e-01
2.900712906392412527e-01
2.862114090182450443e-01
3.547853137335296170e-01
2.825833627156067451e-01
3.791252996815614451e-01
3.799858149643820515e-01
4.988584497316923549e-01
2.815900442506593659e-01
3.501625387960242142e-01
4.221343935346391629e-01
3.708496283736291144e-01
3.004632842715744823e-01
3.822215058469283777e-01
3.322263679202093201e-01
4.625812722699633173e-01
3.087043009340260102e-01
3.519217582819527124e-01
3.417160197891317974e-01
2.738654920297990403e-01
4.246742444342965217e-01
4.346324400716360392e-01
3.181075155214752037e-01
2.857938153909946322e-01
4.445259860039099675e-01
2.521541112502312942e-01
3.098857974190369347e-01
2.692107996896320188e-01
3.333081834705231561e-01
3.162494169497067076e-01
3.723448616278697831e-01
2.626892496050614589e-01
4.759691098210458438e-01
3.179881582005548157e-01
2.879893612547534953e-01
2.862683700396213560e-01
4.254611237186110562e-01
2.851981695795300920e-01
2.874667509812826593e-01
3.195384026799379940e-01
3.698572221990742426e-01
2.629130940631834723e-01
2.661905901084020143e-01
2.606028785197327946e-01
3.496738480500533597e-01
3.675183999528304213e-01
3.217757839656533170e-01
3.462756325700946936e-01
3.665281254797368993e-01
3.313142145709551123e-01
4.944756321192014248e-01
3.190696680674526831e-01
3.197695191463490461e-01
2.749133333567779225e-01
3.236784525668000012e-01
2.916952346895871351e-01
4.259580994428878165e-01
3.813880662250696552e-01
2.645519254296209155e-01
3.021862939499569967e-01
3.479069524466671948e-01
4.204464355972125089e-01
2.619783667654737580e-01
3.093486670226022750e-01
3.246429350319048890e-01
2.664710645304615988e-01
2.888745849895436590e-01
3.828832254462946616e-01
3.488505796158880012e-01
3.368585874507278866e-01
2.863778437337978766e-01
3.854792498052562189e-01
3.648402196685706644e-01
3.326797718044819940e-01
4.720851827587380645e-01
4.641012469165660126e-01
4.222360464220304421e-01
4.280620855235072186e-01
3.021940389412495764e-01
3.354104270379827946e-01
3.679106986209100816e-01
3.833586759064574467e-01
3.592628652931065258e-01
4.735930838160274381e-01
4.783062342001377920e-01
3.531388534120419864e-01
3.419276436404350417e-01
3.359754474104581501e-01
4.101828270266242304e-01
4.260088031731418257e-01
3.320774961726321028e-01
4.325717440025988458e-01
3.176756551626865877e-01
3.151911688595018801e-01
2.844847855284221017e-01
3.508625598526948219e-01
3.458982198588672063e-01
3.275241439938252896e-01
2.914335305628217854e-01
3.628138533083167250e-01
3.683901441577657754e-01
2.936324158342855650e-01
3.648553130781759246e-01
3.382173281763335426e-01
3.924160946001889472e-01
2.942565381067827057e-01
2.972113476842528357e-01
3.440953459746212140e-01
2.909043467322677823e-01
3.464224410503364271e-01
4.070396098762273374e-01
4.075593346450747112e-01
3.852884917766908890e-01
2.658001744694773461e-01
3.654260842760493344e-01
4.265413729290125078e-01
4.059356714739765781e-01
2.944800208327267299e-01
3.837034990431304471e-01
2.913801788258474912e-01
4.417103494837996691e-01
2.873822441677468809e-01
3.838960942723080305e-01
2.729648093439146495e-01
3.486567861850177752e-01
3.842660547841791341e-01
3.928287457794951143e-01
4.088797579856730535e-01
2.936745082658153705e-01
3.456862598885113713e-01
4.180357925599940128e-01
4.377125604648671731e-01
2.864035788406594230e-01
3.784777407438630337e-01
3.600903069258167832e-01
4.294809509171633732e-01
3.772445986876204471e-01
3.848766123788011639e-01
3.854931414733877570e-01
2.840983256334584373e-01
3.403537161992574722e-01
3.243548100198193618e-01
3.205582454950302029e-01
4.093943440539902778e-01
3.561298127415663539e-01
3.780408914119167130e-01
4.394078510909790736e-01
2.934496198159625702e-01
3.834708298858391373e-01
2.962919427998389477e-01
4.488148178864245219e-01
3.517099973314721240e-01
4.255904128193315206e-01
2.876210495922099097e-01
2.911644145540933648e-01
2.840697138745153505e-01
4.441579889194510189e-01
2.317982167518049808e-01
4.685918816738047776e-01
4.339231224392178232e-01
2.719841970141773091e-01
3.358090896506040202e-01
3.564192615588133717e-01
3.735209765147389782e-01
3.068598540615004588e-01
3.998661666386098545e-01
2.912838816652994489e-01
4.553536317442828940e-01
4.010761499048319800e-01
4.211855677348781413e-01
4.663499742209001875e-01
3.512148525341622363e-01
3.313093187093062997e-01
2.685499073223323041e-01
3.428908389397926082e-01
3.586504843586201252e-01
4.116194698691376108e-01
3.620735457935525536e-01
3.541161568408133231e-01
2.710696301275765663e-01
2.914470362760023248e-01
4.464511022697201237e-01
3.709788817339156330e-01
4.086197643109074629e-01
3.257454953908776596e-01
3.680801243609495010e-01
2.912624814596328493e-01
3.274188295752760158e-01
4.742417116002385913e-01
3.851116300370345802e-01
2.872582226648650594e-01
3.854684340455234448e-01
4.252887346046512196e-01
2.915169672134350076e-01
3.710443400164210037e-01
3.014438691129450176e-01
3.870334431449871659e-01
3.913160036309063505e-01
2.860730463232317167e-01
2.479342880569189722e-01
4.266079704541256845e-01
4.704879066262170895e-01
2.941228080191070071e-01
4.477683671302414292e-01
2.813953400333721877e-01
2.839520150805882048e-01
3.264366281716978846e-01
3.852429095287033256e-01
2.868206996520402674e-01
3.759578329592879187e-01
3.155703973791919581e-01
3.605901454421820418e-01
3.059051264674605419e-01
3.813882314903425108e-01
3.670411684016859355e-01
3.895892997316486861e-01
5.014544553946225225e-01
2.956162363594651010e-01
3.554201833565911461e-01
3.052823358185151603e-01
3.474690865581873123e-01
3.924249748119407188e-01
2.822159622865365591e-01
3.646687023528542571e-01
5.109391421447685433e-01
3.134540806670436663e-01
4.104263127381679310e-01
2.800518074110929234e-01
3.010124466106765539e-01
3.030368673548434200e-01
3.255903231721258284e-01
4.464896567837339236e-01
2.939773158350577620e-01
3.508815183259416659e-01
2.947578932284506403e-01
2.878332356589701213e-01
3.913476243430890067e-01
3.756939900630130724e-01
2.691436775011403215e-01
4.377346347447227393e-01
2.968065954649817817e-01
3.660749132692304730e-01
4.700801133672182219e-01
5.051611862457265900e-01
3.020909758993596816e-01
4.440071413441197823e-01
3.593564674819196836e-01
2.780487967932196991e-01
3.164724120979036659e-01
3.057996959650104984e-01
4.376132353462772739e-01
3.019145591316824695e-01
4.211113934642420897e-01
2.908178641610811299e-01
2.974128620606962259e-01
3.405581743858241417e-01
3.766938234451398526e-01
3.835600035924922602e-01
4.207878354331008874e-01
2.955876379160303213e-01
2.825477182594076098e-01
2.968406495305763171e-01
4.374249579103384744e-01
3.179195881568174231e-01
3.117760054465767983e-01
3.883153745225815245e-01
3.994321592404150301e-01
3.495126077797456321e-01
2.469681692327767297e-01
3.198917380498877416e-01
3.821110283551724662e-01
2.486997367645661094e-01
2.711654803867026842e-01
4.723529016981838913e-01
2.974602642895635696e-01
2.549404504033274121e-01
2.506028437558067701e-01
2.526839297828679665e-01
3.599933723289771570e-01
3.632047277467194690e-01
4.083883646780543941e-01
3.584469478092329187e-01
3.029747316256398704e-01
2.961379517445591469e-01
3.787069461604037901e-01
4.527079254739155845e-01
4.066080286756327267e-01
4.980515697250970653e-01
3.617474861691367116e-01
3.671877681240181546e-01
2.868392402550789533e-01
2.872180121910524742e-01
2.573702761298743424e-01
3.176813711703278531e-01
2.991230278030248546e-01
4.526287495883820622e-01
4.396847647788612035e-01
3.372230786013168946e-01
3.152497883621505625e-01
3.794724689630696868e-01
2.348903088646826232e-01
2.352450017437254515e-01
3.220415818139017450e-01
4.649204868973665916e-01
4.378732929917401040e-01
2.685002925063655344e-01
3.067861192617058474e-01
4.602032788428584431e-01
3.199248071031997598e-01
4.233680610041407055e-01
3.752525053609159778e-01
4.859134539074641546e-01
2.806171161158433347e-01
4.556715180248446240e-01
2.927637790513097915e-01
4.228213674504232578e-01
3.612703783793208001e-01
4.460278963138284425e-01
3.781667499727723869e-01
4.971686650429534837e-01
3.520149973172816971e-01
4.506402806102738356e-01
4.374664548164139966e-01
4.376956088113900800e-01
4.036182891679166440e-01
3.336045484931713934e-01
2.792486534664199160e-01
3.072893448436372354e-01
2.662837936362787983e-01
4.657251026486559087e-01
3.735824803580136133e-01
4.603802756549891240e-01
3.167695796768117966e-01
3.046648311136598286e-01
4.254319643335496282e-01
3.583260408602737535e-01
3.194034597192543234e-01
3.739888008094602867e-01
3.187132682279881779e-01
2.915068280575625614e-01
3.053858077570774099e-01
2.679879558065304535e-01
2.746251108711160183e-01
2.691442902523955016e-01
4.411395592417144407e-01
4.365239457701836079e-01
2.676979349718854873e-01
3.750354085933448878e-01
3.737266194450947210e-01
3.329961476313907931e-01
2.676676501799790109e-01
2.571592924503250388e-01
2.678672735399966753e-01
4.540337185598390946e-01
3.466261724267866162e-01
2.683288194986347408e-01
2.681594227115358109e-01
2.690209884470552426e-01
4.017595123079518160e-01
3.258873462204454619e-01
3.774070981257718893e-01
2.699771263750951888e-01
4.837125652636179995e-01
3.459451368665156790e-01
3.246674997767251547e-01
4.384021155871199449e-01
4.917817149191809900e-01
2.706717594477535127e-01
3.760347665715938481e-01
3.039451013051926442e-01
3.112347839014460993e-01
3.659030409603571954e-01
3.699278280921055040e-01
3.419564023471049485e-01
4.795980923781882344e-01
2.584104886817641944e-01
3.447345428546038093e-01
3.457341908058251811e-01
3.758753412514858061e-01
2.434455237397955552e-01
5.030433652773395048e-01
3.543361676640363611e-01
2.482974793794575918e-01
2.587512809357946919e-01
4.385485325273414392e-01
3.617030688700357266e-01
3.559066705381088713e-01
2.554286492116624174e-01
3.637210844081124050e-01
2.745070098276554127e-01
4.401880065347648641e-01
4.251892480593866264e-01
2.761724034936239858e-01
3.530304482997921323e-01
3.167933179180444925e-01
3.585015087068690876e-01
3.386321853766144363e-01
3.511643002257719970e-01
3.048046403783200020e-01
3.135954453834413069e-01
3.576529580320158552e-01
3.938618547975103468e-01
2.766771615117093464e-01
3.683456255254155542e-01
3.351001367506329931e-01
3.150944643406429768e-01
3.614629250497615187e-01
3.612801265840319687e-01
3.788476433951534217e-01
4.865211499200294276e-01
4.737165432719697700e-01
3.705832577841322584e-01
5.020816312029919848e-01
3.806199960241858360e-01
4.670170088854134205e-01
3.696316702892403772e-01
3.502429504539032457e-01
4.196307860491673147e-01
3.721774280193332896e-01
2.566546614587586483e-01
3.721322201750995595e-01
2.819611209623158476e-01
2.801377025488403505e-01
3.425527072878202794e-01
2.780470140089537634e-01
2.732301506919095901e-01
4.028448689239688685e-01
5.182026517426541190e-01
3.479484763231974198e-01
3.742689047714530259e-01
3.410867726604406847e-01
2.537605541590515212e-01
4.240606773381458972e-01
2.871910767788712904e-01
2.713188196663021134e-01
3.369547126808460358e-01
2.735085577440270477e-01
2.549624936320915025e-01
4.263428952980780062e-01
3.135187803064126144e-01
4.844907181382984707e-01
3.757440379449519252e-01
2.792947946736124565e-01
2.430893628870815226e-01
3.498089117788400482e-01
4.387185614400522238e-01
3.482294595021327988e-01
4.263094377938247970e-01
4.492232892636599528e-01
3.686237007363483698e-01
4.111220059778888936e-01
4.478611304611218591e-01
4.036230760768476089e-01
3.435041928720533044e-01
4.385071130834840569e-01
2.763434287170393744e-01
3.152677317262874701e-01
4.294093495429478491e-01
2.398536030803252173e-01
2.996510283275050646e-01
3.729643435447005939e-01
3.495885793652273588e-01
4.412305829904262788e-01
3.598912752127624293e-01
4.251261813201316353e-01
3.566516472743445632e-01
4.381733345094808163e-01
3.072745619424424590e-01
4.150949866516142062e-01
3.218898616782954747e-01
2.848378948560511548e-01
3.306105061511083743e-01
4.169674377022527523e-01
4.139460904597541124e-01
4.539816087592359883e-01
4.975977839920933121e-01
3.393476674360979550e-01
4.484768286600858689e-01
4.004142786205541205e-01
4.523232863102085721e-01
3.436360359998669178e-01
2.307740226018601126e-01
3.765277157890723481e-01
4.718449220274636979e-01
2.733196516032169177e-01
4.318705194697499139e-01
4.628067490798456474e-01
5.087622123377397720e-01
4.012151257166214346e-01
3.676932488787981179e-01
3.539631972013869143e-01
2.820254511133851172e-01
3.008442485831114288e-01
4.238570794897852934e-01
3.524261882702600102e-01
3.619284877504545528e-01
3.460190948268352940e-01
3.252335477966027955e-01
3.459573159518967711e-01
2.848680943837819668e-01
2.889099853785025984e-01
2.393216120708852035e-01
5.058979063467828885e-01
4.424381160558614190e-01
4.927158017292859737e-01
3.528811351305795041e-01
3.554356152136201041e-01
4.378545927158498108e-01
2.681378406271482939e-01
3.619343214048770796e-01
4.330046505244454225e-01
3.314656133412077210e-01
3.249400436555116567e-01
3.108025351112812529e-01
2.838102513413237049e-01
4.390254113937351321e-01
4.131507304687483950e-01
3.007827650108437778e-01
3.630181697609833336e-01
2.746262811166498286e-01
4.087406410590926353e-01
3.027255132743043031e-01
2.875406045738227445e-01
3.394950658946695454e-01
3.323049635069255658e-01
3.349494005091546156e-01
4.833939700737490686e-01
4.300329221389811996e-01
3.102806013933443463e-01
3.307388968986723077e-01
3.257263354949917478e-01
4.392177709568834687e-01
3.263686680496535319e-01
3.393893155551063745e-01
3.036033115658386961e-01
4.363393291923602924e-01
2.429260089581444793e-01
3.840084390487619181e-01
3.579779006678151521e-01
3.083604993869010769e-01
2.389784010598859365e-01
4.502474388785918102e-01
3.971796313038782333e-01
3.757902853548963917e-01
3.609995137891358619e-01
3.018531080569021863e-01
4.397019134756283698e-01
4.906811414013930173e-01
4.260393354106759012e-01
3.090947942907347201e-01
2.974756987573841105e-01
3.261410363904247434e-01
2.862611088370776713e-01
3.561768565161891886e-01
2.763616268990446989e-01
3.072358963512200614e-01
3.433957169859176983e-01
2.814380687294931738e-01
3.115497832273219081e-01
4.748803105010138137e-01
3.229336249993292607e-01
4.555423558532116224e-01
3.146578732999280037e-01
5.022212834058967790e-01
3.203176799875983582e-01
4.427784323484863505e-01
4.084433465489239468e-01
3.451086634455854396e-01
2.771524371059389535e-01
3.647525553073505122e-01
4.268146147022174874e-01
3.245360815592793768e-01
3.128503595492990730e-01
3.221574555887233293e-01
2.754656860204555135e-01
4.394063506964987487e-01
3.257134102828832534e-01
4.753879137039619951e-01
3.190351212461232655e-01
4.437177870906051647e-01
3.408619649167246579e-01
3.819119216178561427e-01
3.329934896977072012e-01
2.388256898541914197e-01
4.777500197543438354e-01
3.072755719806690711e-01
3.050370893784608017e-01
3.037344978024476561e-01
4.322200630532943011e-01
3.877632885259967299e-01
3.030357359489538882e-01
3.239162028516461844e-01
3.208931647293447598e-01
3.707796825072435798e-01
4.031153145968298102e-01
3.834666447256533939e-01
3.208774952096872801e-01
3.407798251585935079e-01
3.392053042567682031e-01
4.398354956437611762e-01
3.829824641456996970e-01
3.255984983817149514e-01
3.423414683411143966e-01
2.951860712260261366e-01
3.943275044713379640e-01
4.966281279789097058e-01
3.931676301100429094e-01
4.377856502963382579e-01
3.095465417121190388e-01
3.463721587800171475e-01
3.122293422182872424e-01
3.247398248755657968e-01
3.506315341085322057e-01
3.700218504701754951e-01
3.619528605768679852e-01
4.393499109851493611e-01
3.470861185062400489e-01
3.581641127114686962e-01
4.832287992239926444e-01
4.389520511041312689e-01
3.240158561608638688e-01
3.122139494182595842e-01
2.388647080307538528e-01
3.543226383836582394e-01
2.636971269693733633e-01
4.783758495084923790e-01
3.704420996571305968e-01
3.616835118700411633e-01
4.251389805134239697e-01
3.964958753997567809e-01
3.064013314752516148e-01
3.237473790336506396e-01
3.499434323319464135e-01
4.231031813854377877e-01
4.704146097466769816e-01
2.744573091143071575e-01
4.617839657477153525e-01
4.701700800956372661e-01
3.986900326123365423e-01
3.932392882262782940e-01
3.007029874036192263e-01
3.822735140781290952e-01
4.337771368976358066e-01
4.976337612327724202e-01
3.191011068353051816e-01
3.036350557497057845e-01
3.771487417969527356e-01
2.670228592997712647e-01
2.942630842288108672e-01
3.602087337038789028e-01
3.249659464746131876e-01
3.070327452534203361e-01
4.442202088498846679e-01
4.416021367459390667e-01
3.679420598264236397e-01
3.340656566537095196e-01
3.372335432081655648e-01
2.962666642989523202e-01
2.390963041811522416e-01
5.100443823389321230e-01
2.935675490205678084e-01
3.322591949368033926e-01
3.240861354833632357e-01
3.068628851811118774e-01
3.097349620777408719e-01
3.491232352943210437e-01
4.402841065854209979e-01
2.967483415491465881e-01
4.797828836283126730e-01
3.116773269775579558e-01
3.997007662300981479e-01
2.630423257417897065e-01
4.399649050168465414e-01
3.691204670055296400e-01
3.394795187248101920e-01
3.340769354677225467e-01
3.183131288595736907e-01
3.537123135480398362e-01
2.963191893261032939e-01
3.201867046819491525e-01
4.153666685005105719e-01
3.017793109872011215e-01
2.765306064680185250e-01
3.636094045975046818e-01
3.266680422917465076e-01
3.562064961041581101e-01
2.775478523176578283e-01
3.182708304658918297e-01
4.434845008830750612e-01
4.325181972220771831e-01
3.051842917053475546e-01
3.495628799836035250e-01
2.949799178040216074e-01
3.588243976517675460e-01
2.767775245386656646e-01
3.247130526380457294e-01
2.501552398850696024e-01
4.385819339090799018e-01
4.407111421403984708e-01
3.112929452929318885e-01
3.713041406339057104e-01
2.600991944618890050e-01
4.261445205381849677e-01
3.626645902409797451e-01
5.082686490986187966e-01
3.128384870590124600e-01
2.772545331566280691e-01
3.881352868966155834e-01
4.286418422218714053e-01
2.395180185301374332e-01
3.161592588316723962e-01
4.371401887533465924e-01
3.825139886178630655e-01
3.746911408314622660e-01
3.725646140529025874e-01
3.241259602113806260e-01
4.677709981357768276e-01
2.954003840454424434e-01
4.327013210274071597e-01
4.345152236061821105e-01
2.931634437025754103e-01
3.660021296022095139e-01
2.983159417696671367e-01
3.228654905269459641e-01
3.379320166885237953e-01
2.924138038255299499e-01
3.538466381590073540e-01
2.821618639651218841e-01
3.470021538360424374e-01
4.574196098345649220e-01
2.935338484573515871e-01
4.739843068819476479e-01
3.952375137229945934e-01
3.990631213798168098e-01
4.036866863514346759e-01
3.520496232265686865e-01
3.083652941447901918e-01
2.940163256977040840e-01
5.001990762768979693e-01
2.439702243985641394e-01
3.237111139845010865e-01
3.381561247931610392e-01
2.927748826847180186e-01
3.905471390978708657e-01
3.473509973748726276e-01
4.665443389339245517e-01
3.445451701804942979e-01
3.597059242664931156e-01
4.406235094260464447e-01
4.456297660303615848e-01
2.917277619450798776e-01
2.641623122467819385e-01
4.524019408100572459e-01
4.757663663755458683e-01
3.639528034088409525e-01
2.942735422253780486e-01
2.821149135572129096e-01
2.471713081297261527e-01
3.667964555604305010e-01
3.932867984075631429e-01
2.956585923477343392e-01
3.248565780374329526e-01
2.869191449227101454e-01
3.521890888097056749e-01
2.494570664552433759e-01
3.392683659425715925e-01
4.871059200162303204e-01
3.485425539728466138e-01
4.206448003641849454e-01
3.068398870639643117e-01
3.954580305059189893e-01
3.629786913235774071e-01
2.401262280189722098e-01
3.963295424389562394e-01
2.888139349681904666e-01
2.920793733207653342e-01
2.415426214205150524e-01
4.402507694355343171e-01
4.262137409595156412e-01
4.763272310568995582e-01
3.019628805755820711e-01
3.797222311166089659e-01
3.726007107156003584e-01
4.194510423025749613e-01
3.566497141136669158e-01
3.231922191114488530e-01
2.866399988346540750e-01
3.562151166658870660e-01
4.167517258417027803e-01
3.701153180332902304e-01
3.014707419152987677e-01
2.875291329724066758e-01
4.395753836166007011e-01
3.663274448898493629e-01
4.172366303513564967e-01
4.634070225973603296e-01
4.410734506992202708e-01
5.093664080368676128e-01
2.855948536945234206e-01
4.034504480105908786e-01
3.437350679793244601e-01
2.971407156050668852e-01
3.568525195401196504e-01
4.597684441247420484e-01
3.699695317792897065e-01
2.768292694691158462e-01
3.922324732576151218e-01
4.084182124408073933e-01
2.984414648782507395e-01
2.842905216940410096e-01
3.035054932870275279e-01
4.798450519371121881e-01
4.733887658109943719e-01
2.801885984658234463e-01
3.766175541051364761e-01
3.031072793717591307e-01
2.990820865879329493e-01
3.597271584625512664e-01
2.920349655980156722e-01
3.703987408266395942e-01
3.065129055555805837e-01
4.071329113185189752e-01
4.670025141529003943e-01
2.442913887105624404e-01
4.186835721886462136e-01
4.397615439219049738e-01
2.761808083752831378e-01
2.970276706493765739e-01
4.400382717608616323e-01
3.378059475957733149e-01
3.614749236005661004e-01
2.792996266297695374e-01
4.622825034522790033e-01
2.409193269642773139e-01
3.090329949108748808e-01
3.507710190149391227e-01
4.127065262056178740e-01
2.742863620709815042e-01
2.933733151512419868e-01
2.489604961115199355e-01
3.835035381860875114e-01
3.047382799060597280e-01
4.215989892433741892e-01
2.911954823974163276e-01
2.410275466678063472e-01
2.899322581226183027e-01
3.111406853147345997e-01
3.798421228676867600e-01
3.468366268483845105e-01
4.699288222518275271e-01
4.617352124180357786e-01
2.966883121113993993e-01
3.485562772543318588e-01
2.728989522382726518e-01
3.823430535870523950e-01
3.336267544318036182e-01
2.910324667095146589e-01
3.575015264560357231e-01
2.798664993725106798e-01
5.133561690240745490e-01
3.682508664607185289e-01
3.114953420516464733e-01
3.480566507344581839e-01
3.041994524059104532e-01
3.066983459229759568e-01
3.542433282170263653e-01
2.420064079174898686e-01
5.103854497617006380e-01
3.288235476396955126e-01
3.906595269047218322e-01
3.218192787817372724e-01
3.845636109617827647e-01
3.813415008431886299e-01
2.614725038715271510e-01
3.013034997781763868e-01
5.100823045655393795e-01
4.742385229823660731e-01
2.743099424030007727e-01
3.392078736484162027e-01
4.101804810457082007e-01
4.320951987551820417e-01
3.789278956664747788e-01
2.996321318796658084e-01
2.908634660895106361e-01
2.903714777564340710e-01
4.228039943715803384e-01
4.414200705890117815e-01
3.024870036999048328e-01
4.251982695709056737e-01
2.939854930944667544e-01
2.717752088275409150e-01
4.063829327751607434e-01
2.465018137563678158e-01
2.914078102888746913e-01
2.970675217626758124e-01
3.963786639960439895e-01
4.671739438349571949e-01
3.524356935759603293e-01
2.736162778566160747e-01
2.979292879652184478e-01
2.448073021663122184e-01
3.413069682893152268e-01
2.946339307474990510e-01
2.912898834877228893e-01
3.014623911773590681e-01
3.837497866125885171e-01
2.566190850218343367e-01
2.936368691246071805e-01
2.910207793914676433e-01
5.084886828236909739e-01
2.916434179392055071e-01
4.408402553010049574e-01
4.146456105273993442e-01
4.756145202667656502e-01
2.834403981986803878e-01
3.624450869001915598e-01
3.156125360135109137e-01
3.777912301761028324e-01
2.941716438493712782e-01
4.616298957387389157e-01
2.914765708667582111e-01
3.077299212114078530e-01
3.751150143736043940e-01
2.921682429394742986e-01
2.771519512416576458e-01
3.542671493180994946e-01
2.877000800785586287e-01
2.681031867399378821e-01
4.152552774344875353e-01
5.081291045836032749e-01
3.965222538245199435e-01
2.734767137419712446e-01
2.726668708286733578e-01
2.635919756563682714e-01
3.941903830442493040e-01
2.915999413889703851e-01
2.965662237532676881e-01
2.911976107360191857e-01
4.681255677022578832e-01
3.704805252808748839e-01
2.912165341457647050e-01
2.911030153475806515e-01
3.760984712198076618e-01
4.139927618868017856e-01
2.985706750125272646e-01
4.976725666511777058e-01
2.905057975480902499e-01
3.401291206496348529e-01
3.573828708812140098e-01
2.864187489557044053e-01
3.703786729939070876e-01
2.901145097929607730e-01
4.873621026061109585e-01
3.087873576159409494e-01
3.312903758193870840e-01
3.237917102858300922e-01
3.174659601362936900e-01
2.840393587667375819e-01
2.810577884380704994e-01
2.726199827126162822e-01
3.372123966363588243e-01
2.957157556365931361e-01
4.144258760538477304e-01
3.308372248855361852e-01
4.677396157403715393e-01
3.940626755391403169e-01
2.890225927405086215e-01
2.983635051531731142e-01
4.400912923918378628e-01
3.435200121769840242e-01
4.990031708296664426e-01
2.874006415705516737e-01
2.941532455104852173e-01
4.227604292901670502e-01
4.662913252885717008e-01
3.715084680821463814e-01
2.924478676552481615e-01
3.315820864733440843e-01
2.979550035683711240e-01
3.559539434046040673e-01
3.155532115705293461e-01
2.485718952448055796e-01
3.714056247208991079e-01
2.455179209227992543e-01
3.897576520472744721e-01
2.895269361646835571e-01
3.391589812707750395e-01
5.058072578472307956e-01
2.928171423216662239e-01
3.729237060182282182e-01
2.761026813309847006e-01
2.963497164152404939e-01
4.432054354172040300e-01
4.396755323241119395e-01
2.776039752983147646e-01
4.413251786565263179e-01
3.202034378557343519e-01
2.778349788464875014e-01
2.998708201845051713e-01
2.693084628924093948e-01
3.703132251143647080e-01
4.360010745263309118e-01
3.158294538492291137e-01
2.834405335108390322e-01
2.922177537661820867e-01
3.517764097186899530e-01
4.413969422931957043e-01
4.465191137337000682e-01
3.155772328391587833e-01
3.765607561954814608e-01
4.413113722805175887e-01
4.630916686916738412e-01
3.954024030346309782e-01
3.133236815675854992e-01
3.653861230949075334e-01
3.419086986598378064e-01
2.969472122548743598e-01
3.880533625287608257e-01
3.558863275609295829e-01
2.521957656277142301e-01
2.501213098354894693e-01
2.483645229711199942e-01
2.561249054926352242e-01
5.124573445168031371e-01
3.581126239453539806e-01
2.533324268210325747e-01
2.555683472503962328e-01
3.390368917992744313e-01
4.820849607476969667e-01
2.877622385798788152e-01
4.634371289200164279e-01
2.909418822788896741e-01
2.806538995821195592e-01
3.764309425716017010e-01
3.404343986200730754e-01
3.400270757321329218e-01
4.381173720305586716e-01
2.717103497234179543e-01
3.507827420630126314e-01
3.716329964199321378e-01
2.997583541107883276e-01
3.205601379463225431e-01
4.006198307719122664e-01
3.901700577041036233e-01
3.125540719361087350e-01
4.060987106630578047e-01
2.547541273394860473e-01
3.783624748909719115e-01
3.763819716576973784e-01
2.879856180177793323e-01
4.638709559390774562e-01
2.486795513497350452e-01
3.601764384566359389e-01
2.909915820499845429e-01
3.330281238583244763e-01
2.777482349928586669e-01
3.750371297473417131e-01
3.970903008848379878e-01
2.650883113333541430e-01
2.687058057781450682e-01
3.413595489173300579e-01
3.204165877536808704e-01
2.630982924004183210e-01
2.589573119004203172e-01
2.870428024666907829e-01
2.940919474974862391e-01
2.427359108649676800e-01
2.464223350218019692e-01
3.333442745218432313e-01
4.116979533855243956e-01
3.670787741438261698e-01
4.050539822267469892e-01
3.688618539736758239e-01
3.538461072990380929e-01
2.541676445469845391e-01
2.724176928359304251e-01
3.237930731309241472e-01
4.005486734251425540e-01
4.673277207228568320e-01
4.711354962852573047e-01
3.912423893228524352e-01
3.090022263759488741e-01
4.058774316559739526e-01
2.863021902370483374e-01
3.113338545835053206e-01
3.068853241074307459e-01
2.947981869381089415e-01
4.070799587343860160e-01
3.674760530683768289e-01
3.170330180381474849e-01
2.936982288263010332e-01
3.561464166541337684e-01
4.814432886468601458e-01
4.315050148832387800e-01
2.948486543322684783e-01
2.661111577706352094e-01
2.762708250270904942e-01
3.138038080232757321e-01
3.553994126446269330e-01
4.674474441163742333e-01
3.159026631882527192e-01
4.525228748359378383e-01
4.564785853349122569e-01
3.949514589409821586e-01
3.362306947429116732e-01
3.505144499299721050e-01
2.851652615604919894e-01
4.959556585068107259e-01
4.207477318615673312e-01
4.344693227433852889e-01
2.940523420788280218e-01
3.565479752964480498e-01
3.739390057404988199e-01
3.105020923435026226e-01
3.203113507854027930e-01
4.205738282965109653e-01
4.679725043780131877e-01
4.621217372797567502e-01
3.573164218634698464e-01
2.836693017720523513e-01
3.388782649898137711e-01
2.810778561075210624e-01
4.191434988975827891e-01
4.757869448025195402e-01
3.600875016820389574e-01
2.351521724973559546e-01
3.074014006363171569e-01
3.553517114714440650e-01
3.175316678567194906e-01
2.890059550687894552e-01
3.593116732134525870e-01
5.002181539853794989e-01
2.851437213924689074e-01
3.526706030986501705e-01
3.107025614726702245e-01
3.985522138509253187e-01
2.526634817654773157e-01
2.925721600420999047e-01
3.132704075357156670e-01
2.965597552168997564e-01
2.515449145094912908e-01
4.355928651101007576e-01
2.760743783247971428e-01
3.039255432719857875e-01
3.472897785371590329e-01
3.311326872177820513e-01
3.555429551330769877e-01
4.026258934917821830e-01
3.704179117276103494e-01
3.023355068987252370e-01
2.836748431832251671e-01
2.866865115537713948e-01
3.612649039785621463e-01
2.809510288943132816e-01
2.882522224114708043e-01
2.899483789497914743e-01
2.935083858177339189e-01
4.951604913562245303e-01
2.921565275856953248e-01
2.762963997843407848e-01
3.228506567799810933e-01
2.973289569356835083e-01
2.952064654462700499e-01
4.678174430476575996e-01
2.784718624189100877e-01
3.185077759292397337e-01
2.475191503624180611e-01
2.725722968219285725e-01
3.673050013410182335e-01
2.819013136354699967e-01
2.865887826839366159e-01
4.409520021730899408e-01
3.202677561268026385e-01
3.311210472213159117e-01
4.651098917992458892e-01
3.605329843844586324e-01
4.881507866411599061e-01
3.802546709578335515e-01
3.777938483313539875e-01
3.355091971117332150e-01
3.925518440581753365e-01
2.842843850954338003e-01
2.975961317625343550e-01
4.773035558061641814e-01
3.131895427949030752e-01
2.825130753949056106e-01
3.667044708119882590e-01
3.055360589273816152e-01
2.786192491023474771e-01
2.874999618604400786e-01
3.576048072388584576e-01
2.719009032704791107e-01
5.002611271156484074e-01
2.808740009892984890e-01
4.815826081487593613e-01
3.718769899200962681e-01
3.166222674228511558e-01
4.497127687374549709e-01
4.943231385136455658e-01
3.342159572343235685e-01
4.624152242399783841e-01
4.227496271896589719e-01
4.205338695042753483e-01
3.124237642902972234e-01
3.138519179998562336e-01
4.343720357213129990e-01
5.082279669338735095e-01
2.825240523024333261e-01
4.809818900819519127e-01
2.654054271075069193e-01
3.770823398290099049e-01
3.595301733064582006e-01
3.540835984688253668e-01
4.198386801921703548e-01
3.092244114387131537e-01
3.184100337517077883e-01
2.816995187958930558e-01
4.901267151386423104e-01
2.912934142237121882e-01
4.759838360284850967e-01
2.905398002850754779e-01
3.176345745535448239e-01
2.837222729990576675e-01
3.055868264444722149e-01
3.763894061082733722e-01
4.869137994226018784e-01
4.690642565107017159e-01
2.821735407868250500e-01
3.025209796265626583e-01
3.152618539656346641e-01
4.227755023302633419e-01
3.088530112344843870e-01
2.747387302462078740e-01
4.118356490425003624e-01
4.149653821565323919e-01
3.524209926663737780e-01
4.231531191520134794e-01
5.037387713439618331e-01
3.018394263644880726e-01
4.993661124767584392e-01
2.789846584438527843e-01
4.389422491151606653e-01
2.832205529203556948e-01
4.333542107740789295e-01
2.803775842772462390e-01
4.329375330790714571e-01
3.751530210901904971e-01
2.911552811460447754e-01
3.358498668466172177e-01
3.453096130407000697e-01
2.863222016110207324e-01
3.409953505164486365e-01
3.359055240825442046e-01
3.032936673853831588e-01
3.054493599951799698e-01
2.981968752439326797e-01
2.911601851361959037e-01
3.012067470944885805e-01
4.229327483631273865e-01
3.742250066329841918e-01
3.096447659540325081e-01
4.914576136952189533e-01
2.470789025205710754e-01
4.157666619805601704e-01
3.720437658322560126e-01
4.852815888087947949e-01
4.621339437209491807e-01
3.148894696501596258e-01
3.622096040592714394e-01
3.427979576331017242e-01
2.745716444013672208e-01
3.721263293509999293e-01
4.018679463217380565e-01
2.791703928058371087e-01
3.333113462724139331e-01
3.975391553267493827e-01
3.062775096673316932e-01
4.660225308354075668e-01
3.101075613665483233e-01
2.834560804256073263e-01
3.705006629163925536e-01
3.558953651266968388e-01
3.182281153183871281e-01
4.049727623739326487e-01
3.993978880246568663e-01
4.725823676127824946e-01
2.931008575466185206e-01
2.829320834224456349e-01
4.724278455156131207e-01
2.321012606859922389e-01
3.553649701347582623e-01
2.488070366365749408e-01
3.389467132847331921e-01
2.837363577659939851e-01
2.753580580799119271e-01
4.766806024149390919e-01
3.513946102122219584e-01
3.358528041780619033e-01
3.854642534866130621e-01
2.841307451089023495e-01
3.195309744259789975e-01
2.867254787895344159e-01
4.385587496140800345e-01
2.724622278723471958e-01
3.756581739817575483e-01
2.428597623650418091e-01
4.844040785265346649e-01
3.386824044148030177e-01
3.651122426109906227e-01
2.767625065032864873e-01
2.892386105647180572e-01
2.404244700593750894e-01
3.273896171939318922e-01
3.164712450655745024e-01
3.536060074214661952e-01
4.934760616895452201e-01
5.034991951225612494e-01
3.164200152217478412e-01
4.046095061973977169e-01
2.797664166255386387e-01
3.691510573037274368e-01
2.815738418900045059e-01
2.909830329238802804e-01
4.642966084876769539e-01
2.849948119881716702e-01
4.646954599406596942e-01
3.130669156298513944e-01
4.188919378230516188e-01
3.733074468054366490e-01
2.744402110509338022e-01
4.946212932327493927e-01
2.488924894776116670e-01
4.739852855980780100e-01
2.834851283187023174e-01
4.467913167723803758e-01
3.338096967116281344e-01
4.832298113855892363e-01
3.703779190512749842e-01
3.256721902022505777e-01
3.587611596107769252e-01
3.532827969458991468e-01
3.601684936331785991e-01
3.268451283914117766e-01
3.759778588781828579e-01
2.431923302755270855e-01
2.867301675859726950e-01
3.000941116325916980e-01
2.995259709668039450e-01
3.577820604519745817e-01
3.961931622944480647e-01
4.688613594980449162e-01
2.723478128585885005e-01
4.717266387617906620e-01
2.950289472144348446e-01
3.830564231413102205e-01
3.981819105895286204e-01
3.552836182945514065e-01
3.805004511594444194e-01
4.852104722278485771e-01
2.702365497367485991e-01
2.968737735736881600e-01
3.503878818200717449e-01
3.123060536735590698e-01
3.067245479878855097e-01
3.771942828721682184e-01
2.451273190985188699e-01
3.389386313543441553e-01
2.495460948519485633e-01
4.605443633537881221e-01
2.879526779714223217e-01
2.505156777624217290e-01
4.220359082586675470e-01
2.771628447327081357e-01
4.709757458888839121e-01
2.753586086544855260e-01
2.806226389272176713e-01
4.160786226693428680e-01
3.589795111671930106e-01
2.815631115184263900e-01
4.725816333178099460e-01
2.869186134861922977e-01
2.882501379527319663e-01
5.145040476531355100e-01
3.745211063928784445e-01
3.760055544509119940e-01
4.038652891380956067e-01
3.980761325278537877e-01
3.318535125173115441e-01
3.757768384043705945e-01
3.509982884670569403e-01
3.332254014368370432e-01
2.740137006383981944e-01
2.793053912821362728e-01
3.860389382511232315e-01
2.906844889355942874e-01
4.685986094832672588e-01
3.062340610085722559e-01
4.671516828268306165e-01
2.922467086286580362e-01
3.184811791674294068e-01
4.658009950992612613e-01
3.332158210785018393e-01
4.101812302024173684e-01
2.882079236900788599e-01
2.708014202251286529e-01
3.467025297030140174e-01
4.937005556895154301e-01
3.940604381624850938e-01
2.637795317186393262e-01
2.772195038041363468e-01
3.653631679182822722e-01
3.922412958756724688e-01
2.774699338845543761e-01
2.905836621863345237e-01
3.501087528587865094e-01
3.755855217339263419e-01
4.940309763425602130e-01
3.505086668407931261e-01
4.697934809363512043e-01
3.334998182817890955e-01
2.605185550473230749e-01
3.873375939033880111e-01
2.733349250297659738e-01
3.229277563722800504e-01
3.130539700872838060e-01
2.872976275257258516e-01
2.634531061504775673e-01
4.263398721481941878e-01
4.775663693149415079e-01
2.698790276427935342e-01
3.448032355093432200e-01
4.319032182675784370e-01
2.714437088800868980e-01
3.230370930879041258e-01
4.267168009057324407e-01
2.907419678228497228e-01
3.988490148142793124e-01
2.726094278280721817e-01
2.811926353138341494e-01
3.520172966403659620e-01
3.906313400452611218e-01
3.031838380407491651e-01
4.046960886032625049e-01
3.061040202579797809e-01
4.150980755575354175e-01
2.463124265143145641e-01
4.231516228865406237e-01
2.792616466416359966e-01
3.042681305155346960e-01
4.341617316071684218e-01
3.436845249476760955e-01
3.452205995079251077e-01
4.673555463301558577e-01
3.036929620874990188e-01
4.116742395733835602e-01
3.719345787288180771e-01
4.099885798221091782e-01
4.673284478718333079e-01
2.881963065695236637e-01
4.053646584259155694e-01
4.354154760356067078e-01
4.238324458442010445e-01
4.760160956340959704e-01
3.795821850411761345e-01
2.874173543754626192e-01
2.676058247581324379e-01
4.237020890825216046e-01
2.915419143465164953e-01
3.098235094541318957e-01
2.445760120211177002e-01
2.809855353901949404e-01
4.604512025249046236e-01
4.862321843949105049e-01
4.576004730256570396e-01
2.729855793592748103e-01
2.946782735936179787e-01
4.377946624976844503e-01
4.300920219829045266e-01
3.647896759214933060e-01
2.955380765730332149e-01
3.518789119106380814e-01
4.908052408561249802e-01
3.142147771010925794e-01
2.671873426310401589e-01
4.739825679726101249e-01
2.778080081566883242e-01
3.949230553300050461e-01
2.915081760486215590e-01
4.368318556551804566e-01
3.521878493054628745e-01
2.722658933500731737e-01
2.585892461815204046e-01
3.463554959581477966e-01
3.506348691349806534e-01
3.390429784556537873e-01
4.469076888917811741e-01
2.837000370647079772e-01
3.002974036677284464e-01
4.440814720566400031e-01
5.040782994263182104e-01
4.094092817942692197e-01
2.354993582431944565e-01
2.756045943250954311e-01
2.827971557137270997e-01
3.241575264047110716e-01
4.398928230850015497e-01
3.773084340972176487e-01
3.546620111863795222e-01
4.697860893507456725e-01
2.970637034676772981e-01
4.932514905674089678e-01
2.437386516618686993e-01
4.505242167732476655e-01
3.420303491726308098e-01
3.059957232892854817e-01
2.453459077189657778e-01
2.774741344952458277e-01
3.903847785634387835e-01
3.540463362998846897e-01
3.920589334311471719e-01
3.941973522631089244e-01
3.450135782355842617e-01
2.614584309674479190e-01
3.344079716824559512e-01
2.528479307609516891e-01
3.921960707340720331e-01
3.459808700630327971e-01
2.956624126605102987e-01
3.410163842567842662e-01
4.680176222336322467e-01
3.229411396165999260e-01
3.974989972537867344e-01
3.327059082450384286e-01
3.357939724686994087e-01
3.085809899057480044e-01
4.190288382592832206e-01
3.190297107761507212e-01
4.807856570352605496e-01
4.174388390547738026e-01
2.686464965439562813e-01
3.823492452066311609e-01
3.452747659690783011e-01
3.072606642313056025e-01
2.840178061561339229e-01
4.943024141675992911e-01
4.767362126701779057e-01
4.693969236904497189e-01
2.813767360362768311e-01
3.414627589233042437e-01
3.137593393798057129e-01
3.116749251363207796e-01
5.032330509858641276e-01
2.683241027032126635e-01
2.844808211613170656e-01
3.932645245834764380e-01
3.204506334545710877e-01
3.551987622103653930e-01
3.731009830710748654e-01
4.874959557590632375e-01
4.824981963611481017e-01
3.019920248515107208e-01
3.123972759288233259e-01
2.448549648685285907e-01
2.647400647576926280e-01
2.869453854668231885e-01
3.132352201270463543e-01
2.655810849671162988e-01
3.425784049797827580e-01
3.753603331579475344e-01
3.088498983647222085e-01
3.480449914987520654e-01
3.107891608334069633e-01
2.413071086481611560e-01
4.227832819367422501e-01
3.046385280126693851e-01
4.779452817658422226e-01
2.830084988144834779e-01
4.836481280983068176e-01
3.345214705753311590e-01
3.572415124593334990e-01
2.940947456451519781e-01
3.933397213694798666e-01
3.058946432551334360e-01
3.308016329629940855e-01
2.820636499034320788e-01
2.422064535764859861e-01
3.010071193446556825e-01
2.934986819112186951e-01
4.618540940163756159e-01
2.742688301626611258e-01
3.398600938753680301e-01
2.739826448967748185e-01
2.870161284192936924e-01
3.922562727343907873e-01
3.652018979408901411e-01
3.802744970965713511e-01
5.014510719858803478e-01
3.504249669892605668e-01
3.341397897261888517e-01
2.789211220649965295e-01
3.466794096412149639e-01
2.580241095393119299e-01
4.696245917437003592e-01
2.730151656367855728e-01
3.487535702392065007e-01
5.160799966523101912e-01
2.723512565265734930e-01
3.192193908642654288e-01
3.049822989867869150e-01
2.442223387450291050e-01
3.732101936652592600e-01
3.721568165061416855e-01
4.278058460321470524e-01
2.967968958293455417e-01
4.263293551673521531e-01
3.269284266240814474e-01
2.815972106256142693e-01
4.864703154556700437e-01
3.108213527809714494e-01
3.083356655181380690e-01
4.147254577338010395e-01
2.651492748841624558e-01
4.071818792209045412e-01
3.009274286456302128e-01
2.757805363014448341e-01
4.962897693659675813e-01
2.527188811228686660e-01
2.572949725490082384e-01
2.707676131760186067e-01
4.415510184321314591e-01
3.104151848723711860e-01
3.310673934033922516e-01
4.238999216891394806e-01
4.819546054001607183e-01
2.636671459320538147e-01
2.909585558611723077e-01
3.933171371107856418e-01
4.705878943004347947e-01
2.896012471942377986e-01
3.486817199789913890e-01
4.769452249318090198e-01
3.114115119830532241e-01
2.432808004447652162e-01
2.349772137338362876e-01
3.373875371584050264e-01
2.628760314529561826e-01
3.918425737151008392e-01
2.937641703763599899e-01
2.937299583314590956e-01
3.103235659510387157e-01
4.760294987547776246e-01
4.454028795741093449e-01
3.021752108212565902e-01
3.071684674768426770e-01
2.643131602190077478e-01
3.385429137629094587e-01
3.332256250011266796e-01
3.240343975435193702e-01
2.509983225995238709e-01
3.688624103170288215e-01
2.955530666663900852e-01
4.923417070241619675e-01
3.412988712614922759e-01
3.309900387779553532e-01
4.325500846928449494e-01
3.304208179643846055e-01
3.068109688016023018e-01
4.070287189641164649e-01
2.650896081123675918e-01
3.932201363439244979e-01
3.269246509099490994e-01
2.777515708911131309e-01
3.781775581816904097e-01
2.831308005354953305e-01
2.941328174566640308e-01
3.657004207817930452e-01
2.743131272112688257e-01
3.582708415309023842e-01
3.195887934362363625e-01
2.682153647337647273e-01
3.410852072816485392e-01
2.657276496310773672e-01
2.977722875088849586e-01
3.393137413481585041e-01
4.733363858514672007e-01
3.258753170993303749e-01
2.921871090507796032e-01
3.115327284138417752e-01
3.973952777377568468e-01
3.343439119358401213e-01
3.094110317111085084e-01
2.871438126317631956e-01
4.093508040163325035e-01
3.029414808060279518e-01
3.255820266819199338e-01
3.179608831827868687e-01
4.654414309695767415e-01
3.169547597274897099e-01
3.139119234249760360e-01
4.343112147571501214e-01
2.659526416451448161e-01
3.382109011509145668e-01
5.172925052198344975e-01
3.398829304235601589e-01
2.477628910034756493e-01
2.501759712436009697e-01
4.607277496231793057e-01
4.743438481028653397e-01
3.404597062823141451e-01
2.646223555246310921e-01
4.747162455203800535e-01
4.195820468906381606e-01
3.952804898434959524e-01
2.818492149319523077e-01
2.776648099786481194e-01
2.559818480634520332e-01
3.452894210796328966e-01
3.078697883005732661e-01
3.426330125702732321e-01
2.891936239256492347e-01
2.917872620935358374e-01
3.412616022621394740e-01
4.425330408947479310e-01
3.730860217229997611e-01
2.856182692575002791e-01
2.941691316614707952e-01
3.422371675405161406e-01
2.917720863304967827e-01
2.464037336680590662e-01
4.661733500967670252e-01
2.474664625856635158e-01
4.939946623898437972e-01
3.441008692165576366e-01
3.826545045310984494e-01
2.871304312745496801e-01
4.664883767933120651e-01
3.463400329024861612e-01
2.962612153673363502e-01
4.670292875863045756e-01
3.500324945635578944e-01
2.949327969302268926e-01
2.957967280782092256e-01
3.431220014972581334e-01
4.587598447535611856e-01
3.794757177917760793e-01
4.405242105482193860e-01
4.353310528153913062e-01
3.259386595996031644e-01
3.322917780146589783e-01
3.118401025008387673e-01
4.426655034153622603e-01
3.568411858558554473e-01
3.587497411586540452e-01
3.436412306407788941e-01
3.242871496288141087e-01
3.503868330052135049e-01
2.770882403263471572e-01
3.930467406960745924e-01
3.064232354367119604e-01
2.758690108867130064e-01
4.270970482095400866e-01
4.894007152086062851e-01
2.986619721107178771e-01
4.331064952542114654e-01
3.373505403596461227e-01
2.798111276556688454e-01
2.440657327228396845e-01
2.403648548147346298e-01
2.824959492889763113e-01
4.525492812150183619e-01
4.812688304165729791e-01
4.750407769241943301e-01
2.695171970465202183e-01
4.582163761051004092e-01
3.524310686185473385e-01
3.454670913962776257e-01
3.372550364587569849e-01
2.897553588346243880e-01
3.532776677758943662e-01
3.397330662678806346e-01
3.475480674357689370e-01
2.334130395498296429e-01
3.409150479783136789e-01
4.125458456705972665e-01
2.629824446030524787e-01
2.744363049251196118e-01
3.250126921146481718e-01
3.886861950069304683e-01
4.404503335388459395e-01
3.086624761889391055e-01
3.084011074991408474e-01
2.890415529974688646e-01
3.662120817387413130e-01
2.812530898162975967e-01
3.053828730551348403e-01
5.008275649142456265e-01
2.346488647720459952e-01
3.488828447471994942e-01
2.753699549086679466e-01
2.752034352077198376e-01
3.140281611945132667e-01
2.873903469019271073e-01
4.372429425650972146e-01
4.783216299736461896e-01
3.216755697775715572e-01
2.779750511596724705e-01
3.768930663088626010e-01
2.629062133453482497e-01
4.134876305276866115e-01
3.910804674971316008e-01
3.148740121190282681e-01
2.729207345501738491e-01
2.567446160129344124e-01
3.650102110319656812e-01
4.124563708283760510e-01
3.610428098813241449e-01
2.444566732390547892e-01
3.911590921381241648e-01
3.690574428521262718e-01
4.474850132574690331e-01
3.410321921696221059e-01
2.783045315456039726e-01
3.823709575983984532e-01
3.382675481947255425e-01
3.932560189967556075e-01
3.931721602528883697e-01
3.722924207585001644e-01
4.245625475754481459e-01
2.897413464598654342e-01
2.564535189066750598e-01
3.490379024035079047e-01
3.131114521095865189e-01
2.619933972180294446e-01
2.709295453722268543e-01
4.394239489594111148e-01
3.781757293353464333e-01
3.498307149264020532e-01
2.716310096979169253e-01
4.430335793920787135e-01
3.478873131330443846e-01
4.588328046172327479e-01
2.760862379508054465e-01
4.303654871181160635e-01
4.061749961282447030e-01
3.902030516230988733e-01
3.915442388062306822e-01
3.198772272320745680e-01
2.866487192798113925e-01
4.790541797127526036e-01
2.985226008408024545e-01
2.880329497424113372e-01
4.036020322716666331e-01
4.261071597812202127e-01
3.322427569852742790e-01
4.029553297171021842e-01
3.073309024835305658e-01
3.700844229071443836e-01
3.505237021166601741e-01
3.014791045908848388e-01
3.287192331493543618e-01
2.950113228826632961e-01
3.274136884196480191e-01
3.107743006058416024e-01
3.365637180049436128e-01
4.441762927168959596e-01
2.790207144015383056e-01
3.151518484837025902e-01
4.152833999042707114e-01
4.159529941136896891e-01
2.502845782013031761e-01
3.070832497868048461e-01
2.910302120756285138e-01
4.482789663446393735e-01
3.585793656316258460e-01
3.048800003945045800e-01
3.688962921229857472e-01
2.755462927264178963e-01
3.427459365050902762e-01
3.710257784365589839e-01
4.262330271460967324e-01
3.594423354404787663e-01
3.522844401229006661e-01
3.202825921949117305e-01
4.662681391133507991e-01
3.855438837711896993e-01
2.508409965467451874e-01
3.140372527402242597e-01
3.112244500859479013e-01
2.732796477866143992e-01
3.943093238700409175e-01
2.852515919496442232e-01
3.081899236774993667e-01
4.733459904258635609e-01
3.271835228453646716e-01
4.592400909655093288e-01
3.042409284865218999e-01
2.748654716628377015e-01
3.354697347379490546e-01
3.575268962898236480e-01
2.440656292720420062e-01
3.214615205340529136e-01
3.464033214075440403e-01
2.955805797648127786e-01
4.437496114319354201e-01
3.558843440828255988e-01
4.459060009218608900e-01
3.008567433348966480e-01
3.093716926927350119e-01
3.145821663968125237e-01
3.316245569606828258e-01
3.387749878528511505e-01
3.451713831723228210e-01
3.506248418202543293e-01
3.102573211269921138e-01
4.655065792298742067e-01
2.869139243799429528e-01
3.038711855666316741e-01
2.903471458628325563e-01
3.474783284079653312e-01
2.865005734200615217e-01
2.512526285365167533e-01
2.930673459119582658e-01
3.667233314788189147e-01
3.346595772008339464e-01
3.171716683165958228e-01
3.889685808122409494e-01
3.180773313900263632e-01
3.484495719271051839e-01
3.194768154455254194e-01
4.392846383258249832e-01
3.473738650364944225e-01
2.830497533345443517e-01
3.309043602889201185e-01
4.359217434241876021e-01
2.898786116395687951e-01
2.866164531247535341e-01
4.367112712860615198e-01
2.843756645120934512e-01
3.281251587898502686e-01
2.718734419467984664e-01
2.721527070987429520e-01
3.567934601520363902e-01
4.404367089115142631e-01
4.203703437475215243e-01
3.043361656456021747e-01
2.879444661321537979e-01
4.262509834489814353e-01
3.421733980466483693e-01
2.407942329631911349e-01
3.855094077442610678e-01
3.162692218464782101e-01
4.183953511808835568e-01
4.977305589950521969e-01
2.819674455267636159e-01
4.693049085001610998e-01
3.523241111475021170e-01
3.157835292560786100e-01
3.479065147692187998e-01
4.952700850336502203e-01
2.521089466900235387e-01
2.619850601952322111e-01
3.927949148413922287e-01
3.432901021922630247e-01
2.836843223531109182e-01
3.519525780537012816e-01
3.014978962230819293e-01
4.171441544893924602e-01
4.071282327957573832e-01
4.845759607691694781e-01
2.761234113867896411e-01
3.254285972707661179e-01
4.708948770396811923e-01
4.426354124308042870e-01
3.374250505295829372e-01
4.626110090985134371e-01
2.864988681897903677e-01
3.339982217972622403e-01
2.813657427297178715e-01
3.001728582738417694e-01
2.685130873943816776e-01
2.402279438772728093e-01
2.833031749932514165e-01
2.441055403123760237e-01
3.350410464325611071e-01
3.632130158899062322e-01
3.032945155573865126e-01
3.389301314171039858e-01
2.829005108717795314e-01
3.809074821433054980e-01
2.850649479583226009e-01
2.505161410097987429e-01
4.708186266377979989e-01
3.559771854521539547e-01
2.775013167164540051e-01
4.029231296918369121e-01
3.359236630300929116e-01
3.103631160003848533e-01
2.448720974910974513e-01
3.105263817491279443e-01
3.025375702242178999e-01
2.682766450467730657e-01
3.104750149299941864e-01
2.674684048509276546e-01
2.878943376302790513e-01
3.268923973351205436e-01
3.251715806606279568e-01
4.736715154426047736e-01
2.651098765591568540e-01
3.059942566864202185e-01
2.344970905412069873e-01
2.668589115420351709e-01
3.223562204999370628e-01
2.855028833194530602e-01
3.510946639573158112e-01
2.966531558211594755e-01
2.791343051388198160e-01
4.972941025893294897e-01
3.350978043634311176e-01
4.798502779593065148e-01
2.398515082513065222e-01
3.850836489665213636e-01
2.380143456501363775e-01
4.567991976912251784e-01
3.185083666107265121e-01
3.085829016719019990e-01
2.686621737378204200e-01
2.396093306242353949e-01
4.157808024497334221e-01
4.759496431970776653e-01
2.877822347683510751e-01
2.796821787072513166e-01
3.324630436863093563e-01
4.527832646563866859e-01
3.329252494760308601e-01
2.766036558754994545e-01
3.242133375680343321e-01
4.030215192646779965e-01
3.435725442858140188e-01
2.861853867416602748e-01
3.733844661459611025e-01
2.931286834383095008e-01
4.796945069014784124e-01
2.773037804046122878e-01
3.646640324772662534e-01
4.673598551543841628e-01
4.433888869709058933e-01
4.283370743049172980e-01
4.952971312932615833e-01
4.660844866301957490e-01
2.757129891463547255e-01
5.064113358073204507e-01
3.546394871873776444e-01
4.790309348682694757e-01
2.908500098747273110e-01
4.433496175208856971e-01
3.682457873873510312e-01
4.195349190973780562e-01
4.100333197441086708e-01
3.354804398221097328e-01
3.017986936556512068e-01
2.396662706900996587e-01
3.083382071633861132e-01
4.055618503373772943e-01
2.955051134267567825e-01
2.756030606343351508e-01
2.438684081101867018e-01
2.451617477149837798e-01
2.499826608574361730e-01
2.599058263074331965e-01
4.725745672391333252e-01
3.101768680428507174e-01
3.001116087910892238e-01
4.356086954360370855e-01
3.333547260993476868e-01
4.088231314168845887e-01
3.977592642128168765e-01
4.614842464499863683e-01
2.767353318036506193e-01
2.722615001249556466e-01
3.612237167342916555e-01
2.727569969517857906e-01
3.487334209841989607e-01
2.613384040766117411e-01
4.621681970804053519e-01
4.197685067443915341e-01
5.128913586069353547e-01
3.413470322228851495e-01
4.345262078726790933e-01
3.335013519585791064e-01
2.655742416430459940e-01
3.468781003858306677e-01
3.743312035992151232e-01
3.572007325971426339e-01
3.564688022602927053e-01
3.680743622867859721e-01
3.898724216254458863e-01
4.319271094301721514e-01
3.323535411241733128e-01
2.931260229397819606e-01
3.236196764063961617e-01
4.142661386324899553e-01
2.990964296935603173e-01
4.888743599186448074e-01
3.618968300841037267e-01
2.558269911900252769e-01
2.396730661274000529e-01
4.875997795076469354e-01
3.868726251077522771e-01
4.588293346215359669e-01
3.004112800425630114e-01
3.047344405497728337e-01
2.945763326106276003e-01
4.056043877758066518e-01
2.604136140549369594e-01
2.957913855768444789e-01
4.670764803221694739e-01
2.476453372030213151e-01
2.906930988672348226e-01
3.148918964436567824e-01
4.240695190944673842e-01
2.846898565946343052e-01
2.791596216612172721e-01
4.643842569238791906e-01
4.623786974864932398e-01
3.634131235701367202e-01
3.914182706526270761e-01
4.227241168043063824e-01
3.515052533554549052e-01
4.240812101132855338e-01
2.877404833329183509e-01
4.620667111352943501e-01
4.477960769795941709e-01
2.585397567493632476e-01
3.784052980031538671e-01
3.386199280706377324e-01
4.098268030245712512e-01
3.246662405899005122e-01
3.661084938746333450e-01
2.759301439871035266e-01
2.782670770843975183e-01
4.380735835056284722e-01
3.122188726017553484e-01
5.056058813825849985e-01
4.849468387902731159e-01
3.727870507582970450e-01
3.896200072293786176e-01
3.111202592813727130e-01
4.631622091934803898e-01
2.923905432911989566e-01
4.093661488284344729e-01
3.433488205657439507e-01
2.398726183207776919e-01
4.625802209340425519e-01
2.942448410368068701e-01
2.456478283747087210e-01
3.498607699125458326e-01
4.148885889779545533e-01
3.228572272020401868e-01
2.929806426259229934e-01
3.428886186052774732e-01
4.164112202109307992e-01
3.123624780575166571e-01
2.717247429959653848e-01
3.246153843048446563e-01
4.884631316588503580e-01
3.069711553806894200e-01
3.493812998652894297e-01
3.335298162824610335e-01
4.483352671991568950e-01
3.513680283838688245e-01
4.866560830029914020e-01
4.013944458482358590e-01
2.914223842210695858e-01
3.080212269159308680e-01
3.489396570372111928e-01
4.362622215012063598e-01
3.563901001622881703e-01
2.911262158113034348e-01
2.680652475118580624e-01
4.292386029554697835e-01
3.099418194027675488e-01
3.387189170524587678e-01
4.632003012752659021e-01
4.308162900483755164e-01
4.762779790580808914e-01
4.676437507797736037e-01
2.876825108083491678e-01
3.336374565284583871e-01
3.117572872670811290e-01
2.725100440497986165e-01
3.332852920499857485e-01
3.417503467178890086e-01
3.325702709904652110e-01
3.057742408503113518e-01
4.639857360592458679e-01
4.073215266556546865e-01
3.660180172912235741e-01
4.768211177049349603e-01
3.468604486624616845e-01
2.765341329049486596e-01
3.256407696699420429e-01
3.502566385815406025e-01
2.884891218906721622e-01
2.947457521420568383e-01
3.050434610384964440e-01
3.683042346277785595e-01
4.340243172425796159e-01
2.402633567411698312e-01
3.243583947545644053e-01
3.469638899839115886e-01
4.934378201217481386e-01
2.495252620189791493e-01
2.593248590191049030e-01
2.985969447280720224e-01
2.851649481750029858e-01
3.281091770769404281e-01
3.480215314987195052e-01
4.784473917219440597e-01
3.193107086552688378e-01
3.042050465342487908e-01
2.754364307584517557e-01
3.833715428684162374e-01
2.937174250657841879e-01
4.754306361652901325e-01
3.338696297960053738e-01
3.378434134227019658e-01
3.495681156068699558e-01
3.385325808410737936e-01
2.834192396035118966e-01
4.701811342298274354e-01
4.103757512501366445e-01
4.320471127925251675e-01
2.677538638603279009e-01
4.648027161124285711e-01
3.344728370755513658e-01
3.099311425426278244e-01
4.128795694331786059e-01
4.368813475933813750e-01
2.463297141053617800e-01
2.772428220716884328e-01
2.841755698647124295e-01
3.068657337581184308e-01
4.702937533236963841e-01
3.786214169108074734e-01
4.573918930956606399e-01
3.219682168559089286e-01
4.646800504487187955e-01
2.876602794248193651e-01
3.380683847402000120e-01
2.802421627849573382e-01
3.960218148644257252e-01
2.838475795518560219e-01
2.937603640525380255e-01
4.197043133329049769e-01
4.998780383144881267e-01
3.687803206066497808e-01
2.904660428277100470e-01
4.437265015859480632e-01
3.924598532156645114e-01
4.099645140356534823e-01
2.408424197469652417e-01
3.029553553238620300e-01
4.536792674001514647e-01
2.909629599586988080e-01
4.929796858934758497e-01
4.055874231411322750e-01
2.960189091767252423e-01
2.496012626311252258e-01
4.573486028715330054e-01
3.112065501247803789e-01
3.643504163278630803e-01
4.372245684200214422e-01
3.188871955151866278e-01
3.013930829982847115e-01
3.935079198447785642e-01
3.470179706611376536e-01
3.517714152701227337e-01
3.048063009653797506e-01
4.185012205976249566e-01
4.018868085374077692e-01
3.349319590964974780e-01
3.344410896769907104e-01
4.524426956803826450e-01
2.759011695035762934e-01
3.684390824447490997e-01
3.110997008590081769e-01
3.176531833322407961e-01
4.290767975926408351e-01
4.193326848957702468e-01
3.044282657655482671e-01
4.196812864241428187e-01
2.443412456760712392e-01
2.736021242602708625e-01
2.772178621942636978e-01
3.419563519702404908e-01
3.079463053842866338e-01
4.400026034068569292e-01
2.910332714596945980e-01
4.304928380735068560e-01
4.742641178508369970e-01
3.624785077685669932e-01
3.675019141890045749e-01
3.525135315330438224e-01
2.822466516949096449e-01
4.898201564264708652e-01
4.204743305513242158e-01
4.428059851089927168e-01
2.828776554552421274e-01
2.725916407233439087e-01
2.973397320176235370e-01
4.980916296915939845e-01
2.416077375411440353e-01
3.610814251141320486e-01
2.484323358451689390e-01
2.970320694452788235e-01
3.864427840314114682e-01
2.532371334602633306e-01
2.717980032907256760e-01
2.495424642362888967e-01
3.751904953546347787e-01
2.916240009045741322e-01
2.472068256650141183e-01
4.916075810292990789e-01
3.332868550981827882e-01
3.394677704606678392e-01
3.444623048895557593e-01
4.899378233687859963e-01
3.750714869304277999e-01
2.584027755165997364e-01
4.901253768699511681e-01
3.080929272144644626e-01
3.321146806049109501e-01
2.815010183773262731e-01
3.322043922679253081e-01
3.318101495820840463e-01
4.721720844944232720e-01
2.853023682893502944e-01
2.844526473641406650e-01
3.004545451589594185e-01
2.340537507503170633e-01
3.799662029293663923e-01
4.892391399072632541e-01
3.263046566347843624e-01
3.433332996313979701e-01
4.425251718267750323e-01
4.600538195992135426e-01
2.639522208740389120e-01
4.362019667619912444e-01
3.061404917561295069e-01
2.717450065605344633e-01
2.607382152930814434e-01
2.839588563919698827e-01
2.769068416990346782e-01
2.895423085282118336e-01
2.820127638488582056e-01
3.401171065841156471e-01
4.106189898648582859e-01
3.417578752470055714e-01
3.581196466808678203e-01
3.925321392403436915e-01
3.856875915788109954e-01
3.366280180470354599e-01
2.819762667508078913e-01
4.750804240701428927e-01
2.694963535843317715e-01
3.027948875884062807e-01
2.390443192339795075e-01
3.753487065148936597e-01
3.400445421710450722e-01
3.091850142977712879e-01
3.816425048194442837e-01
4.531070092798368809e-01
3.876448298579222573e-01
3.147229092560365205e-01
2.825278950473824047e-01
2.508179118158981868e-01
4.059014753663195973e-01
3.398552094034108517e-01
4.715191677917192070e-01
3.385496188139538454e-01
4.419151000696027731e-01
2.914064891877444219e-01
4.180355401573685459e-01
3.348470999656456559e-01
3.120985111593359007e-01
3.220487101836254640e-01
2.362135931085488638e-01
3.370719866370769924e-01
2.609109181932035004e-01
2.482779735821793177e-01
3.345755693974905576e-01
2.806235310806767247e-01
4.982495837733948996e-01
3.340051263071293630e-01
4.794105754011598886e-01
2.949768745438255402e-01
2.839701178114210078e-01
3.125596544519819719e-01
2.828028108725491596e-01
3.343491500076977707e-01
4.302705440508871049e-01
4.682417938131926416e-01
4.349603828916119852e-01
2.812395770750124036e-01
4.613965939854818843e-01
4.584993405688001511e-01
3.104358486976503406e-01
2.919148511149433078e-01
4.773143669333768657e-01
3.423551451593778716e-01
3.231229487809116896e-01
3.308997667797588527e-01
3.467721974327887535e-01
3.336158000941316093e-01
3.043836925592485199e-01
3.832745918368888893e-01
2.708941579465884986e-01
2.951767571874890916e-01
4.891376939531354995e-01
2.780592843866338537e-01
3.738090960267709817e-01
2.772612702342051594e-01
3.044849281625797710e-01
4.749997718421612447e-01
4.223194346490803386e-01
5.031587116844885577e-01
3.462988514367673076e-01
4.679042624678171891e-01
2.928548792196932204e-01
3.292211585854277200e-01
4.333565662265382867e-01
2.707516302885975001e-01
2.407542885590958359e-01
4.538573783544760931e-01
4.173554590112630858e-01
4.211227456791260537e-01
2.783674067286597831e-01
2.593645410834062304e-01
3.389563672121783111e-01
4.046587608923783996e-01
3.183360592170910164e-01
3.139504018360017024e-01
3.287328731529048920e-01
4.161239977608708895e-01
3.713825425895250221e-01
2.755445543804324604e-01
2.931458279418724944e-01
2.913259915497283248e-01
2.891002685132465500e-01
2.921666985678708639e-01
3.326403924549972135e-01
2.554151184107271710e-01
4.453710605989111837e-01
3.707871566977715139e-01
2.943104782283308962e-01
3.022678102803827982e-01
4.077368960950796262e-01
4.538885520229399839e-01
4.566464572040342951e-01
3.099747130148599039e-01
2.786779440834782906e-01
5.000197952466235440e-01
3.708446777943268935e-01
2.869410227262117474e-01
3.346603385154680588e-01
3.033000510483727097e-01
3.616305068561762592e-01
3.861310663351224526e-01
4.472778001446728879e-01
2.995133236103230678e-01
2.901147548554891542e-01
3.569618655433485777e-01
4.590638050016685456e-01
2.672386121268732762e-01
2.916477100227846120e-01
2.816310176002199128e-01
2.838468788711246416e-01
2.842099036850186389e-01
3.757599472776111393e-01
3.686815528097765471e-01
3.953585791351338918e-01
4.232740333423660184e-01
4.612528630309372102e-01
3.224701512479888343e-01
3.653103592124562482e-01
3.915612744058882266e-01
2.918961424725317610e-01
2.918298079072920159e-01
4.969679830066406345e-01
4.816673486572484730e-01
3.730039107009109345e-01
3.360389042577475172e-01
3.574554252549185240e-01
2.848441817566793044e-01
4.993635260028496670e-01
2.905626029578517455e-01
2.788199026338790132e-01
3.150514333501477915e-01
4.036594972286496885e-01
4.773179817912400758e-01
2.763684677887583985e-01
3.943961411040631804e-01
3.724944123857305001e-01
3.370288057976681406e-01
2.807450072843953315e-01
3.465939967719650072e-01
2.620987451503798416e-01
3.788531152001071711e-01
3.026216971359421137e-01
3.136734591147147810e-01
3.970893822471702750e-01
3.061324121001843257e-01
3.272245919309440532e-01
3.358805426054217169e-01
2.879915795981109472e-01
4.565388473515587520e-01
3.752243064863807209e-01
2.820668384488544400e-01
2.861874139709162934e-01
2.586648809035594354e-01
3.117348273319484608e-01
4.354758010931837897e-01
3.510734781386743442e-01
3.128953191135929734e-01
3.910969043354768915e-01
2.342414949422581272e-01
3.831977975277209292e-01
4.501717868327191341e-01
3.368612324238484113e-01
4.186735544488223160e-01
3.586624588957954551e-01
2.423512082502120024e-01
3.501617362502800201e-01
2.986680744208066174e-01
2.362341315720563328e-01
3.222889597796851913e-01
3.395018360574015293e-01
4.226037459076375513e-01
2.461623266555702516e-01
3.172981685012539743e-01
2.720209370425592521e-01
4.221257067399160068e-01
2.920944687018554031e-01
3.178215565328453285e-01
4.363053381542549292e-01
4.356147915985130736e-01
4.029031695659225365e-01
4.785411404964130533e-01
2.689085188213881650e-01
3.290610473824407411e-01
4.386660213856609092e-01
2.575183119670131360e-01
4.196506167866948522e-01
3.410761576072918744e-01
3.658183361696982216e-01
2.630242292181365626e-01
3.649506413792175663e-01
3.471186267397586289e-01
4.689117913949706340e-01
3.043593238729385697e-01
2.696623677948347120e-01
4.625436661629599433e-01
4.130232402403887781e-01
4.569199627037795475e-01
4.267831679340252649e-01
3.488575724330769123e-01
3.403262915549682410e-01
2.905393174989268079e-01
2.878049897624426756e-01
4.274159788657770354e-01
2.647097812954432028e-01
2.788739976407662025e-01
4.250020012051677898e-01
2.741371457792797228e-01
3.096382304127148766e-01
3.878175958929118150e-01
4.615182733323648923e-01
3.098393833211862680e-01
2.798160767002225158e-01
3.042104748793889590e-01
4.195751421092949185e-01
2.953006567215896161e-01
4.928928538685986016e-01
4.329729690438072764e-01
3.706017600953955826e-01
4.732352067910666205e-01
3.322074579615978407e-01
3.164513972640399797e-01
4.430157518007565853e-01
4.831439000409023521e-01
4.500247810066946852e-01
2.328793562004860818e-01
2.809296673108669373e-01
4.799051301356000998e-01
4.000085926681412052e-01
3.849277360377647561e-01
3.454837346319743485e-01
2.755207097167581276e-01
3.822274247813469694e-01
4.456427727107517001e-01
3.671170124462077577e-01
4.132321039805586516e-01
4.785602847218758393e-01
2.921789959858046570e-01
2.936819771901961751e-01
3.257980388302107455e-01
2.653927356635237822e-01
2.555049236420745551e-01
4.226639469458688958e-01
2.741297080006876996e-01
3.333701064206949227e-01
3.206252210675846204e-01
2.811523408981602690e-01
2.925418086176763133e-01
3.319285929526646362e-01
3.336708375914685942e-01
2.582255614619567430e-01
2.616104298170676135e-01
3.833791753692534776e-01
3.943531381683487713e-01
4.215735050071302004e-01
2.660877999425924068e-01
2.447728441742620109e-01
3.547280328818696593e-01
4.841189548058895120e-01
3.860550826711743322e-01
3.964074144431495861e-01
3.315020260080027148e-01
3.407108831735997101e-01
3.545374281010493234e-01
3.206608021349039439e-01
2.489227017445083956e-01
2.752097969272356837e-01
2.903620526121055700e-01
3.329152465600568322e-01
2.924775688220082603e-01
3.440291052515810355e-01
2.818358235437479209e-01
4.890981839493619421e-01
2.584211982497766069e-01
4.976086362829137966e-01
2.725970079693071368e-01
4.358132793763228596e-01
3.314174526931444875e-01
3.972502499375251128e-01
3.143982246276323389e-01
2.586118241991167688e-01
3.996556655113841505e-01
3.347763516080444202e-01
3.996828176627090778e-01
2.344109320697123078e-01
4.729713462651728983e-01
3.109888689878553825e-01
4.018204344184759247e-01
3.580472078983976125e-01
2.965190952108268108e-01
2.351419612725299535e-01
3.177520115169495396e-01
3.285600984828501159e-01
2.661697721728760735e-01
2.995972580194124490e-01
2.717155458747070318e-01
2.877806623449394308e-01
3.606212667235034197e-01
2.767837629105724395e-01
2.914919599492706292e-01
2.565325721798486502e-01
3.467784629223438220e-01
4.086315602179972362e-01
4.778608414654603731e-01
4.657901360336921814e-01
2.603932856029899101e-01
3.403965523830840278e-01
2.879203561669429479e-01
3.319779165160494649e-01
4.748945563384399104e-01
2.663450406823576477e-01
4.952520471593427898e-01
3.663766651358256743e-01
3.681444754633458882e-01
3.978732928068369756e-01
4.938047925899977098e-01
3.559090400189517944e-01
4.967844574599417640e-01
2.926667505704415029e-01
2.577460987954189320e-01
2.827332833448318872e-01
3.153794401270190728e-01
2.345349512948332327e-01
3.318759959212389532e-01
4.753500608441092457e-01
4.811184033962944140e-01
3.094687932013998610e-01
3.221222131879280526e-01
4.848170892889206995e-01
4.704501381146508066e-01
2.607327824107479319e-01
2.386703123379181612e-01
3.991693719479432745e-01
2.926419666794202734e-01
3.331943145120387362e-01
3.320335042949804638e-01
2.455744503332049355e-01
2.933618511061568679e-01
2.356815715456966609e-01
2.858019364963242936e-01
2.898048023193592337e-01
4.163525934349617263e-01
2.792053255301087389e-01
4.086780778550077597e-01
3.321006502482364287e-01
3.137476407409532375e-01
2.413746035474255980e-01
2.932492646169093109e-01
5.043415238641143494e-01
3.780292937629984307e-01
4.547566034472855234e-01
3.360315583570540610e-01
3.381532373082430376e-01
3.379325675476946289e-01
2.940878153032167597e-01
3.338326174885098974e-01
3.387105965204493807e-01
4.363944938656819095e-01
2.535636762857280679e-01
3.340794923104299929e-01
3.244463161307519772e-01
4.189468622272586873e-01
2.829214022751591062e-01
3.333405711418983564e-01
4.676134829623011524e-01
3.112138155572624076e-01
3.337282904336270062e-01
4.156731954249712757e-01
3.137286766912116831e-01
2.607106371989330595e-01
3.507056948672472307e-01
4.422230884066621348e-01
3.374990854374330107e-01
3.628292611674496237e-01
3.041127999958201378e-01
3.414587248461309898e-01
3.405019243817913877e-01
3.454874239675135295e-01
2.814690624033798771e-01
3.939473417371366915e-01
5.008522328753354236e-01
2.624943745260222561e-01
2.982785220131336512e-01
3.871022758360747607e-01
2.788611972730867805e-01
4.109523783400530483e-01
3.121798926683684305e-01
2.900215554563905784e-01
2.818466650225733838e-01
3.068622843420376611e-01
4.037431072666747833e-01
2.760834357071671463e-01
2.963168130488082475e-01
4.665636660809714953e-01
3.316058604138922838e-01
3.441207316990251286e-01
2.877621869668057220e-01
5.007151344351246092e-01
3.604390121302811223e-01
4.025848807043575506e-01
3.279761872328201266e-01
2.866467982241862611e-01
3.051317457151371815e-01
2.750849598138620511e-01
5.038483554664573427e-01
3.069148144051339622e-01
2.591406101331285572e-01
4.272943252952884907e-01
4.249131767509518598e-01
2.725534245627831420e-01
3.965394184852886195e-01
3.031197969908840939e-01
4.054173819644449339e-01
2.669665763178324935e-01
3.626892642313323534e-01
2.958783522194113891e-01
3.256811992440625803e-01
4.279045767447480775e-01
4.490127206039451480e-01
3.632565516392216587e-01
5.014053973076756376e-01
4.347067226486459601e-01
4.680310777640781517e-01
2.890163598917658838e-01
3.358219532921565831e-01
3.802026864732822031e-01
3.034999591580083145e-01
2.621826707138096291e-01
2.878759577100575284e-01
4.565873122714607657e-01
4.191934153281814956e-01
4.252263299047016054e-01
3.318092413471248059e-01
3.182784123609841975e-01
3.825978872389778629e-01
2.872789682735601424e-01
2.920201412655193951e-01
4.547777677408895158e-01
4.922656216769664694e-01
3.220835080417975282e-01
3.567016621340081683e-01
3.484498117289324681e-01
4.356925034970332011e-01
3.614311052741938646e-01
4.663118735749885446e-01
4.723149879373303439e-01
3.520615743509546425e-01
4.034429591512159186e-01
3.765103283713157611e-01
3.079677710231035759e-01
3.396456911867166140e-01
3.057641244835567762e-01
4.591745382747049464e-01
3.399998846723188417e-01
5.030743998517733795e-01
4.000979371883159885e-01
4.369642269666282330e-01
4.185686493885122927e-01
4.253303501955957855e-01
3.014544051135034652e-01
3.662912299203876509e-01
3.613845270669711063e-01
3.468117210204251788e-01
2.623259722829807128e-01
2.980257396230532874e-01
3.230724551144057988e-01
3.131772041539375162e-01
2.925674578142368198e-01
3.015842623080978724e-01
4.767244949169908708e-01
3.201748569674882638e-01
3.852571236403878330e-01
2.796523180478546755e-01
4.019091788818329736e-01
3.331906958066586655e-01
4.890137097561485513e-01
4.921316972845530269e-01
2.942449310586947586e-01
2.487087366350305417e-01
2.568510966354257130e-01
3.322015374705595825e-01
2.734042447239343754e-01
4.552767159141511422e-01
5.039764408838538490e-01
3.325020445080631437e-01
4.337495161199038107e-01
2.729789054860358721e-01
3.594021660375518734e-01
3.051948224551597200e-01
2.784787581165428239e-01
4.065388948571826977e-01
3.984749490880404865e-01
4.397824190933136701e-01
3.937714428174214354e-01
3.537865987616883867e-01
2.948853262679514975e-01
3.264411632755530590e-01
4.143180507856207284e-01
3.244839249290222827e-01
3.049625536280439198e-01
3.868954657816552345e-01
3.273834646916407021e-01
3.289043400065315148e-01
3.496390065527530955e-01
2.693869598542736887e-01
4.296047396034538002e-01
3.801164658473542013e-01
3.239649552521798315e-01
4.559250609398918241e-01
4.903541351766453893e-01
4.851918928254125851e-01
3.662469001621641018e-01
2.954657853443343751e-01
2.992371344339733730e-01
4.821704997024097161e-01
2.570445544929912396e-01
3.329475059000595039e-01
2.552174808287870356e-01
2.577520854609303136e-01
4.310956389724514559e-01
4.174628154646115585e-01
3.998518636270201321e-01
4.447309676665627265e-01
2.353169297099488022e-01
3.981648535051596216e-01
4.056372525935670326e-01
3.400993647414684573e-01
3.319862196312584612e-01
3.057608126466000997e-01
4.588548440781483051e-01
4.970958141505513739e-01
4.418150046578304124e-01
4.753493901955900824e-01
4.367280329550994322e-01
3.906841674566688405e-01
3.688973844684124148e-01
3.363677486630308189e-01
2.897764562888646145e-01
3.884801963558980886e-01
5.029721056652699529e-01
5.097187428484187821e-01
2.753162070456363075e-01
3.022345299597232748e-01
3.425537078682091008e-01
2.802690482073602052e-01
4.407801813173290451e-01
2.828293214109638964e-01
3.355544455575070195e-01
2.451859887145921291e-01
2.684564058324431790e-01
3.814152963400067597e-01
2.942033481439217946e-01
4.062699839232901122e-01
3.057139457583301634e-01
4.077261676855312156e-01
2.466037477284731827e-01
3.640764781525210880e-01
2.975631922348406788e-01
2.669280013456415412e-01
3.885775164213555732e-01
3.501602290975847631e-01
4.615140649330145006e-01
2.946563727262945243e-01
3.373736666648856630e-01
3.140319365616241476e-01
2.405850812691597840e-01
3.345395856292699421e-01
2.642971946297050789e-01
3.471939584048095440e-01
3.078382142367289132e-01
4.623508363692620526e-01
3.412850884399485363e-01
3.676466353812933296e-01
4.653240369488997885e-01
4.372933999181731757e-01
4.767108929468764078e-01
4.521943437936363219e-01
5.115960804995263178e-01
2.736800661279691904e-01
3.613777128501082236e-01
3.109987999434786765e-01
3.143064805515586868e-01
4.241872105531830917e-01
3.595771964750026917e-01
3.442277072933513926e-01
3.248811991886810802e-01
2.606400997092487848e-01
2.835325349252079130e-01
3.709450522891546975e-01
3.079140955460421547e-01
3.961079158834897584e-01
4.229101915485209418e-01
2.979254656071125273e-01
3.915553035147178451e-01
2.899921783036111256e-01
4.028529137873818056e-01
3.072706803153216204e-01
2.840673041537749022e-01
4.104943937064823301e-01
2.699300291731680512e-01
3.562299764605850183e-01
2.674511982379924602e-01
3.094427764678823189e-01
3.937180929168376808e-01
3.885268314252768307e-01
3.460128290610416379e-01
3.158490503096942348e-01
4.032660465928125104e-01
3.634209916658527328e-01
2.769986914820690149e-01
4.249052184874823057e-01
3.486140714059544621e-01
2.936309907883158377e-01
3.360874533404200615e-01
2.823609700109097065e-01
3.055446798928515006e-01
3.478790908011449856e-01
2.598115725756839356e-01
2.850992007340266143e-01
3.341271512277327882e-01
3.135905467210057807e-01
3.272186795606012444e-01
4.086397672490296173e-01
4.454151714220476177e-01
3.248094580641173179e-01
4.191283990916772062e-01
2.601604003506163276e-01
2.614842672770686383e-01
3.546164611841959302e-01
3.330602375360932621e-01
3.272598744069008525e-01
2.460411581110891477e-01
4.368587225585680023e-01
3.026514772602884040e-01
3.012141211295503163e-01
2.947831122018273464e-01
3.679952816245262714e-01
3.789345152248656534e-01
3.362270805883145752e-01
2.569570249149905616e-01
2.875473487502464010e-01
3.073217386933186912e-01
3.054886689414435530e-01
2.607586989521972209e-01
4.091055182047929617e-01
4.339844938307669264e-01
4.004518463654184735e-01
3.358253658783357243e-01
3.698699386973611780e-01
4.715788182527864136e-01
4.129776696818918680e-01
2.684760867369802573e-01
3.983834028243934400e-01
4.765991280056260937e-01
2.669553887331028719e-01
3.342347594609024752e-01
2.724707851452299878e-01
3.047271816153946378e-01
4.348089312566176812e-01
4.315923516028475349e-01
3.723946276870253036e-01
3.612810835444144053e-01
3.774546967741744807e-01
3.211296174977332774e-01
3.429722407865223865e-01
3.156111222570319730e-01
2.946009014297076845e-01
4.156835597096815715e-01
4.159345827957339758e-01
4.122023201639863910e-01
3.717860372143147463e-01
3.487120845333919750e-01
4.014771505439306831e-01
4.456315273071516647e-01
4.231374555611990274e-01
2.351373178673912268e-01
3.677590648719168409e-01
3.083132536873979812e-01
4.015196037986351607e-01
3.958031642139333561e-01
3.009407436669386815e-01
4.438825040607500827e-01
3.072504728318807277e-01
3.721510423930733391e-01
3.660640689308135576e-01
4.100032713011066976e-01
3.014718083972466878e-01
4.523439666067617937e-01
2.935817319485799493e-01
4.660345712096604642e-01
2.916973865611531824e-01
3.016150943977320420e-01
4.218509297208611342e-01
3.055948566169385261e-01
4.796198428289200066e-01
2.942952692888392008e-01
4.054608113121713209e-01
4.155531730078635411e-01
2.724722496418451323e-01
3.123209903818927602e-01
2.700491447183384630e-01
4.740187142657641961e-01
4.262233015533309355e-01
4.846763062585141002e-01
2.881084984722651621e-01
2.815072950595093326e-01
3.695111125838945187e-01
2.841316774810013213e-01
3.881361513907727878e-01
3.349892375991525006e-01
4.141252711435702283e-01
4.685755837611647601e-01
2.759305637140468392e-01
3.348389182676501652e-01
4.299219897200963203e-01
4.307864879330285390e-01
4.796008039956644042e-01
4.775293456751769083e-01
4.106926810528805927e-01
3.079902362343460709e-01
3.816654856489536951e-01
4.252692278544779603e-01
2.769980898715972417e-01
3.594735493677049254e-01
3.434771842033625955e-01
4.025193674377221531e-01
3.925535255238888355e-01
3.838668299081431368e-01
3.066169197980284089e-01
3.382725796797054207e-01
3.357811655329415723e-01
3.880536797692372142e-01
2.939002581462266672e-01
3.428614329342876133e-01
4.288104562292414657e-01
4.425223983534957717e-01
3.447543431471353781e-01
4.023733707488904576e-01
2.948610361379175870e-01
2.813120721875002062e-01
3.197928765514453930e-01
2.617673868616579580e-01
3.196247475392635096e-01
3.813043518321144187e-01
4.375203764311371146e-01
2.756979762660106137e-01
4.815494854420506732e-01
3.932053782042941315e-01
3.132020896203229765e-01
4.184864840731395419e-01
2.538558410337921067e-01
3.886897369410063363e-01
3.389952283150200474e-01
4.742339025319350920e-01
3.331073460580850631e-01
2.908790394005955626e-01
3.334713459601281738e-01
3.359495229363300139e-01
2.351350189718871275e-01
3.889890270099957692e-01
2.841029983514086199e-01
4.799007620999480306e-01
4.050360565313518846e-01
3.378186360500806118e-01
2.777408242641135061e-01
3.278860388690362226e-01
3.178718947981304388e-01
3.406835718035183258e-01
4.140931191595979000e-01
3.597500766174683284e-01
3.892382105690775362e-01
2.572162443862495707e-01
2.327233653113407463e-01
4.142474283118359191e-01
2.507870623938293630e-01
4.012038777729420302e-01
3.360486342682932892e-01
2.970427729862826771e-01
3.042887227040605436e-01
3.518500227270560665e-01
2.718513029156970351e-01
2.565597255255488429e-01
2.722957430242792243e-01
2.910454762092352099e-01
2.769345488009477552e-01
4.261421576854379500e-01
4.784805991215680399e-01
4.043249682274304702e-01
2.493577547897101454e-01
2.987355296740513699e-01
4.091645872322324795e-01
2.591785161873021437e-01
3.126892470751331254e-01
2.855117506228666002e-01
2.528183554620304085e-01
2.686932879784257877e-01
4.906613463077167392e-01
3.708304254377960962e-01
5.150243825397298192e-01
3.330059334422183492e-01
4.036998158828347116e-01
3.865370413340380451e-01
3.165068516954322453e-01
3.589962843825752481e-01
4.509699775482534645e-01
4.052531296020697726e-01
2.877575318378212121e-01
3.419772681135613279e-01
2.578852779094272241e-01
4.049958864751983523e-01
2.767639295218035089e-01
4.678363429819379360e-01
2.992120134880912330e-01
4.360213961634456514e-01
4.281775830211819733e-01
2.904870022353384096e-01
3.884521090245069974e-01
4.285485623820244339e-01
2.824518209446894579e-01
3.029944681926843297e-01
3.463513371726718582e-01
2.838121132899923404e-01
3.334333590014808002e-01
2.676372873067507929e-01
2.573195565070197643e-01
3.619072677175079744e-01
2.631348936629508417e-01
4.246614093617900321e-01
3.371921970436865812e-01
4.437255208885275137e-01
4.570903610527711214e-01
4.413018410749204867e-01
4.365255294441195422e-01
4.108139739427532633e-01
3.889537817408377784e-01
3.321604758155887738e-01
2.985150487203392378e-01
4.058484790446136858e-01
2.623263027629743060e-01
3.361197397076259308e-01
2.952837203244835229e-01
3.859518203926871616e-01
2.449960098950058895e-01
4.992997273536581293e-01
4.492232543059422878e-01
4.748785376503538158e-01
3.994495155057329883e-01
3.908448879777489116e-01
4.403316968447718582e-01
3.702065556996910756e-01
4.019779285094350341e-01
4.799342574467098665e-01
3.002793782157033298e-01
3.113380915528533577e-01
2.618575081655287740e-01
3.050719866321037754e-01
3.135667551478465986e-01
2.399858273563793276e-01
4.314388192015822798e-01
3.892593541142944646e-01
2.940976240653254692e-01
4.065036230698542141e-01
2.948855854092466422e-01
2.632964817145913572e-01
3.254681535211417787e-01
2.574644717772398006e-01
2.349362142604831671e-01
4.720384460815451044e-01
4.142925928849121031e-01
3.634435969800939858e-01
4.103128476011968506e-01
4.274983640635500737e-01
4.162849966507715660e-01
3.814052118177166939e-01
4.822732359663853829e-01
4.755077339565965122e-01
3.619047203343067620e-01
2.720816551133215522e-01
2.718918602586488098e-01
5.021987514157563171e-01
2.669367036192432652e-01
3.850276715390733573e-01
3.919705511971114942e-01
4.306848242472408050e-01
3.955818977974929762e-01
2.807328807827604300e-01
3.363455477409883487e-01
3.099696130162024055e-01
4.193866797662138546e-01
2.734299479949844347e-01
4.985073775450196143e-01
4.895007605517531224e-01
4.085704840761981704e-01
2.715985276220579392e-01
2.855071010438809398e-01
3.027583683784039192e-01
2.607372997071308873e-01
3.153315576981745028e-01
2.453991910952947053e-01
2.746062832636870787e-01
3.076038585111318668e-01
2.909622451628472994e-01
3.375773430246195583e-01
3.596969472475797236e-01
3.012627181181610214e-01
4.144671380747843026e-01
2.658704189993780775e-01
4.575414610695489603e-01
4.036751368442131893e-01
4.754890653586571481e-01
2.944256524362174332e-01
3.251349203043650826e-01
3.672284570752989419e-01
4.031127577259477901e-01
3.334730219653825323e-01
3.542798530701675719e-01
4.756673030852369699e-01
3.037556719431648289e-01
2.569267049878393161e-01
3.546442007646318784e-01
3.911911799251571176e-01
2.561489108479503285e-01
5.005097607633692824e-01
3.645226845981356933e-01
3.160660975276823881e-01
4.063470324346392104e-01
2.985766608304933900e-01
2.913951379830125865e-01
2.517642799923283659e-01
3.930497637890522089e-01
4.304212172365398104e-01
2.835808930531992789e-01
4.543103435959024439e-01
3.700742975809584445e-01
2.542718453067551732e-01
4.011404029329144749e-01
3.755937778465455734e-01
3.703783378850931673e-01
2.686323871849932154e-01
3.958256223991882816e-01
3.001867562434694658e-01
3.374789418515701245e-01
3.019979842620261756e-01
4.687506708433213931e-01
3.357274250724253672e-01
3.540025013970580781e-01
2.510524907947705997e-01
3.115373812441393220e-01
4.038417074465108780e-01
3.959876574902013724e-01
4.051997239212237756e-01
3.991462212571936230e-01
4.139914651405154356e-01
4.272591242420133439e-01
4.711247742186392973e-01
2.907015298541291148e-01
3.123850040710998699e-01
2.957592930014489307e-01
2.766007845114182295e-01
3.056740606211633127e-01
2.564006317833594784e-01
3.319003157296982476e-01
2.903363293048401572e-01
3.984463910715284607e-01
4.545306423632366477e-01
4.701490076983857458e-01
3.022529716502291297e-01
3.018475505988226226e-01
2.621050695855619006e-01
2.962434234064544314e-01
3.854791415976709934e-01
4.057598248516663952e-01
2.992851407204999981e-01
3.338260864119048654e-01
2.676492017892844189e-01
4.843579166530256885e-01
3.365038136122148749e-01
4.163542874266591975e-01
2.870800336079508130e-01
3.942250882444673366e-01
3.167200048622328401e-01
2.975668392088443581e-01
2.515259192211349859e-01
3.971512778067303739e-01
3.407434637739172323e-01
4.453034046909988275e-01
4.762689667432353224e-01
3.356839902946583409e-01
3.322884415466025310e-01
4.786507828460342395e-01
3.588564088046689027e-01
4.518265487525396362e-01
2.856698194641035804e-01
3.188271772287527561e-01
3.259402833806997468e-01
2.818722667582412300e-01
2.941608895334120732e-01
3.825418756069354775e-01
4.589949952138391853e-01
2.831403714604011079e-01
4.044111153568710204e-01
2.968104807412765833e-01
4.522167898629314564e-01
2.727952223059568193e-01
3.235358281401111147e-01
4.835588125190343201e-01
2.987773223140034462e-01
2.963907533888848755e-01
4.110972244239208262e-01
4.326605261309773298e-01
4.614275143220054054e-01
2.850346634307684979e-01
4.338410176435793519e-01
3.402328645202600255e-01
2.813202138101479899e-01
3.356630285092542798e-01
2.556000830840068905e-01
3.467141707680440610e-01
3.324310532605628254e-01
3.217101356116150446e-01
2.942802995009630718e-01
4.380523225686810962e-01
4.858861803458932593e-01
3.266208806517449381e-01
4.183588939720999100e-01
2.629139272348226530e-01
4.186607840352444820e-01
3.619197494134154813e-01
2.384852079386207413e-01
2.828779581012892952e-01
4.321997330469971588e-01
4.298023652038266973e-01
4.136988747337989603e-01
4.733687725357579312e-01
2.880517021991942928e-01
2.706938722132976038e-01
4.343160918221480871e-01
3.949514873021993111e-01
3.993494486634910356e-01
4.801321754357563698e-01
5.134598683196335278e-01
4.092571872259336829e-01
3.454544180740577453e-01
3.081825963269166913e-01
3.702198477596374548e-01
4.441519355440040062e-01
3.841934576878388574e-01
2.760945582485372918e-01
3.610198671955655025e-01
3.110938048522153276e-01
3.420748897910215192e-01
4.491650481658731597e-01
3.987029548520898414e-01
3.261955344319806827e-01
4.524364529673775559e-01
3.568758807127779265e-01
3.821119164809534952e-01
4.206696382162617986e-01
3.238900837628798657e-01
3.453791263373182652e-01
2.867671365606622169e-01
3.316978447450743550e-01
2.461200369560937462e-01
3.473240489468598646e-01
2.725319903953265510e-01
3.076367305199837476e-01
4.673457554184695106e-01
3.272071103962045369e-01
4.027585614631167821e-01
4.932311666459747723e-01
4.295746932427510489e-01
2.979544246888243819e-01
4.432769638829336944e-01
2.915988088941289802e-01
4.038067616430967566e-01
3.161907774776276381e-01
4.768996473626249677e-01
3.964604901497826295e-01
3.251394644683835988e-01
3.007512912535750260e-01
3.316688963143415991e-01
2.818250842588190253e-01
4.963223489820031142e-01
3.358928567570774182e-01
4.332691436927285644e-01
2.713410549969984542e-01
4.486269911957236345e-01
2.634580659062389363e-01
4.688001821084675225e-01
2.730129920663862397e-01
3.030072474387814907e-01
4.733345108582792116e-01
3.084483933620350560e-01
3.620106451522487889e-01
4.479401398282247260e-01
3.505708773316842941e-01
4.643015297882693293e-01
4.736665814743554193e-01
4.389343139653901216e-01
2.724617883778219785e-01
3.061679089165192935e-01
4.046861032202289099e-01
4.176124065383084449e-01
4.765435375943184448e-01
4.620565499596548942e-01
3.821931206799115133e-01
3.669086244688561926e-01
3.089392005866295476e-01
3.351106036002229893e-01
3.068739185527757929e-01
2.562915091160545278e-01
4.893694974703333700e-01
3.544792002676370735e-01
4.905103428868261561e-01
3.634103934446337170e-01
2.913689630867496438e-01
4.377373607472596628e-01
3.728139195528898941e-01
2.942731571534715207e-01
2.954259856204768941e-01
2.856213111833394436e-01
4.046899921276761458e-01
2.979045814454029384e-01
4.197548198573332057e-01
4.929130948188219508e-01
2.471520676338555822e-01
3.827687307030885888e-01
3.688625171710340767e-01
4.120410938417501945e-01
2.970089737951042697e-01
2.818349420925292392e-01
2.903448185135366066e-01
2.658726544561569871e-01
4.420759517164445929e-01
3.578795023765052319e-01
3.751694588412172737e-01
2.652551248949562290e-01
4.039630779619107770e-01
3.416886183799083820e-01
2.974598828564368191e-01
4.708948158915635673e-01
4.148030707138051221e-01
4.884876803568936610e-01
3.146326842529897916e-01
2.769058991043331086e-01
3.299764673126023284e-01
4.118377040761884156e-01
3.279778897986168062e-01
3.835273055553638510e-01
2.925992290810017771e-01
4.072628803963438959e-01
3.906344324998196060e-01
2.870549733376682733e-01
4.304807584219513261e-01
3.861275102411865778e-01
4.898805422077164851e-01
3.702432686327116751e-01
3.358311084862978246e-01
2.386669343098968277e-01
3.333061827407033939e-01
4.879862514263435536e-01
4.189321443389644739e-01
3.280741797719880504e-01
2.748995589298072750e-01
4.533066057205635269e-01
3.964809118045339864e-01
4.653346044995849140e-01
3.291986522973801010e-01
4.032888742719134001e-01
3.724513558271206337e-01
2.501983653944285790e-01
3.324296014274955580e-01
3.765352726412419249e-01
4.210763885841719567e-01
3.522204670432219631e-01
2.705490877299658314e-01
2.643904384385619144e-01
4.434114069041286688e-01
2.730496248622237276e-01
3.463789633254567568e-01
3.061447813579986632e-01
3.543542218560944979e-01
2.765638584848857384e-01
3.673311785648987193e-01
3.399344894486731050e-01
4.593814090959084662e-01
3.795579950603352182e-01
4.014570920420150180e-01
4.572770415620232010e-01
2.968676411743630394e-01
3.163587158737630745e-01
3.485627668794978318e-01
4.941365637284535484e-01
4.646016222911876770e-01
2.537144949339761313e-01
2.772782228747526223e-01
4.216815508074759911e-01
3.249177643050155107e-01
3.362706774587881919e-01
2.872439467487202247e-01
3.312003561233836657e-01
4.574822644705128782e-01
3.514116094839136450e-01
3.717351024504984558e-01
3.331435804718353988e-01
3.496643963882375972e-01
4.130155288944007963e-01
4.690014342538373349e-01
3.370381913733535018e-01
4.568396227121248598e-01
3.085466296714852175e-01
2.779537448822097523e-01
4.265951388197947169e-01
4.010271736182273172e-01
5.015762746153799023e-01
3.694790479327924038e-01
3.060744226231852383e-01
3.023596838444491119e-01
2.450037333151134644e-01
2.649369707939932539e-01
4.252524382243706436e-01
2.461364790392513158e-01
4.366626618453825492e-01
3.253551218893526165e-01
4.876761507518247440e-01
4.959846110388587137e-01
3.400737807448755978e-01
3.156759863734062144e-01
3.561272613001759124e-01
3.600950246083472472e-01
4.892449196141033241e-01
4.681531105288064265e-01
2.558063607861176258e-01
2.761194740415064963e-01
3.265125299304608708e-01
2.849856571027845065e-01
4.369191169844249267e-01
4.310530530555339856e-01
4.003546801419052836e-01
3.822741910131379206e-01
4.725009966133713046e-01
4.723211483713850023e-01
3.975537999922045818e-01
2.834804958554640875e-01
3.083865106980935300e-01
2.856304948399498445e-01
4.229705461664468036e-01
2.865587660525751312e-01
3.864556215944806583e-01
2.897792976813434174e-01
3.354972468938749453e-01
3.973277399065925364e-01
3.345052383272607566e-01
4.792304893313966141e-01
4.995516799923399587e-01
4.186781743198553229e-01
4.399242213298867332e-01
3.113590091579305219e-01
3.815656754234725279e-01
4.829916152038953858e-01
4.715990282967975622e-01
3.529820021630380444e-01
2.535074384038873974e-01
4.187772964295243816e-01
2.557650930180326854e-01
2.885146593639011936e-01
2.891643689296413133e-01
4.180754270979782916e-01
2.875330930019853737e-01
3.059994089252467409e-01
4.215397154338002550e-01
4.310177437108307363e-01
3.712115259049516558e-01
3.049937747986037895e-01
4.158014492215457159e-01
5.064968776777011294e-01
4.541332430294006128e-01
2.726079502333283444e-01
3.856034124706635979e-01
2.760916227873034812e-01
3.783558366124222250e-01
3.503317055118599366e-01
3.557160660933567642e-01
4.173265536638940953e-01
2.819422091168850564e-01
2.718986736060156617e-01
5.003002271707607251e-01
3.241542383673143846e-01
2.845514938084648948e-01
3.792763404280438677e-01
2.703304549739443119e-01
3.506224849936215304e-01
4.381092703890825946e-01
3.131588316374877001e-01
3.807515634695775586e-01
2.982031130983984757e-01
2.510349217034190672e-01
3.972353636048268077e-01
4.159476835279001805e-01
4.164765522289162747e-01
4.336893172609730951e-01
2.521925634187611731e-01
2.588042928685003741e-01
3.992515251918146713e-01
3.862567614234372337e-01
3.446671746335410180e-01
2.885446913953689796e-01
3.735632778385726827e-01
3.913402542302954479e-01
2.444768271732937481e-01
2.701181310324486939e-01
3.357776525431585557e-01
4.761524648333148035e-01
2.395778711776746783e-01
4.583078225230048375e-01
4.865706914654772119e-01
4.735561545127494054e-01
3.721256962983988670e-01
4.848167840206870638e-01
3.326017035449052583e-01
4.452017885670019881e-01
4.492864234221037312e-01
3.481346950411249863e-01
2.979459279125074023e-01
4.824199941101647293e-01
2.757953387932116640e-01
2.962744971534057581e-01
4.620157618410826172e-01
3.842338137503241158e-01
4.804721576931944571e-01
2.687339394519657754e-01
4.120792943958047627e-01
3.904679495572466741e-01
3.681228126509409337e-01
4.135212965882439917e-01
2.971615647410951744e-01
3.212928305867351897e-01
3.789077018010257869e-01
3.773344321321754902e-01
3.274423959215421731e-01
2.595789996940375821e-01
2.744238141778240214e-01
3.645776241883972313e-01
2.807317822034977040e-01
2.826583931080886569e-01
4.546320510747313137e-01
2.375672839667675451e-01
2.891561066225189491e-01
3.671306809327039011e-01
4.108570954226408722e-01
2.960569017733268860e-01
3.975553812424525435e-01
3.812306051519725458e-01
3.246545721250378991e-01
3.556415464948914362e-01
2.821341948499712649e-01
3.415127779040105782e-01
3.510541272289332548e-01
2.935977651701517366e-01
2.857235115809845238e-01
3.010074290563020116e-01
2.565750045589448858e-01
4.011698238081755630e-01
3.061955158379705000e-01
3.271658195886376075e-01
3.474136428558107226e-01
3.059961756132429378e-01
2.567331629191398346e-01
2.616186059692153787e-01
3.019045443798175077e-01
3.042916198726335342e-01
3.757674796643176163e-01
2.622217306352462307e-01
4.550748222057597880e-01
4.838291901150757468e-01
4.457808932923600920e-01
3.096638219661660418e-01
2.682813480134080830e-01
3.689584470951078887e-01
3.109472149993278700e-01
3.258200506763223592e-01
3.410429871752659325e-01
4.935485124120338463e-01
4.440847106306040626e-01
2.929645225348971316e-01
3.031627181711213370e-01
3.724424625657227761e-01
2.800031033614145959e-01
4.583161044064899547e-01
2.714468320473625296e-01
4.175161735162890020e-01
4.013639682139910625e-01
4.983236646057919716e-01
4.448175673138440867e-01
3.986809064324855489e-01
4.073188007981281000e-01
2.833776593402063670e-01
4.912558617525145666e-01
2.792416528899245853e-01
3.409307516181711573e-01
4.053950191615510179e-01
2.516359587094441630e-01
2.470021333656669815e-01
4.569812105949406233e-01
3.383398426620434218e-01
4.651947693243371207e-01
3.891246994197042897e-01
4.338410768477788393e-01
3.233761689879939838e-01
4.751993173747562360e-01
4.358623383620281455e-01
4.199285493404672498e-01
3.836219240036398137e-01
3.334909045855111165e-01
3.352619479038723149e-01
4.289785476642344331e-01
2.931839506670326778e-01
4.792527001544497067e-01
2.482862170583557127e-01
4.831792804171954892e-01
4.201217589427621579e-01
3.928455216250865689e-01
2.870192566159515124e-01
2.786419912744403926e-01
3.003833617087715568e-01
3.480196001046179100e-01
3.328704519532568185e-01
3.931707915122814034e-01
3.411132176752760814e-01
3.680548940519108303e-01
3.651918317785314838e-01
3.226448311798373325e-01
3.940968009678179063e-01
4.664009199079192647e-01
4.264766262214563786e-01
4.258745774863706424e-01
4.342741430497767396e-01
3.671237198241534272e-01
3.740632762362705588e-01
2.865425284116087656e-01
3.361260745957816987e-01
3.272068329930271635e-01
2.978856095275448368e-01
3.964701374597661143e-01
2.523054605679504458e-01
4.595343872500583515e-01
3.148635602235245190e-01
3.380370508642252525e-01
5.037579691268336823e-01
3.328431079975554541e-01
2.562648561785055290e-01
2.769864143397550715e-01
4.041194025116288668e-01
3.450268856186105015e-01
4.037490178394681495e-01
4.881322358823569907e-01
3.347443487951757835e-01
3.818824112178242913e-01
4.939710085586753174e-01
4.036381147249128443e-01
4.331487654103374219e-01
3.423811518205890914e-01
4.251625678807556818e-01
3.946177722700065504e-01
2.393598519517217416e-01
4.921682321805310178e-01
4.024021618533772382e-01
2.541017912640033405e-01
3.218505319373035078e-01
3.604236909136447897e-01
3.785887660706085400e-01
3.766319196672344161e-01
5.031920078841385369e-01
3.911029391943077749e-01
4.666055508435303367e-01
2.770432039817294356e-01
4.336886475616466008e-01
3.037582525712818615e-01
3.125612388828089561e-01
3.980696469780710123e-01
4.433787290251736679e-01
5.120983139127359696e-01
3.839983290985344300e-01
4.548564615826558577e-01
3.767896840705569628e-01
3.061274848870010334e-01
4.227161534859588121e-01
3.143654461552690682e-01
3.801323951374259713e-01
3.012907649630354179e-01
4.897894344251240706e-01
2.984599805054468091e-01
3.090430191439470509e-01
3.873771833630109684e-01
2.747146836418766780e-01
2.448837962016824354e-01
4.578143541870877131e-01
2.932634825626685982e-01
3.791217600203053428e-01
3.781574936986547564e-01
3.698972701637092686e-01
2.345932467900127827e-01
3.424761890472085568e-01
4.860084547071636951e-01
3.850367284770860876e-01
4.759192263459672834e-01
4.330937802942201320e-01
3.901032314609895746e-01
3.881771925871108642e-01
3.331181941601941143e-01
4.652608657782358326e-01
4.554801383797719150e-01
3.768319128880172064e-01
4.469215638788536782e-01
3.395711987737139448e-01
3.031152890041743930e-01
4.072985870447340395e-01
3.528013033617132255e-01
2.830602879647858283e-01
4.998219725729248775e-01
2.638756115369043642e-01
2.808739650387309661e-01
4.670510931391115284e-01
3.513006855938274886e-01
4.017021189215174148e-01
3.130806453391468125e-01
3.259972154177379067e-01
3.722788671941439365e-01
2.986512845871668320e-01
3.351886426576818345e-01
3.839744892784481278e-01
2.582744829742446013e-01
3.506787066111548001e-01
2.677691574539680097e-01
3.997359507620568131e-01
2.834381129694005241e-01
3.244173878879038631e-01
2.718489056305053442e-01
4.443720567278206524e-01
2.824434407830531124e-01
3.908365652601594742e-01
3.312978066423800660e-01
2.750387928449020136e-01
3.574130451914169782e-01
3.664155112504695611e-01
3.772369432821591206e-01
3.741717781991476532e-01
2.476083632267984669e-01
3.005308557922802826e-01
4.946872663516655444e-01
3.855301590543854795e-01
4.023019481611808112e-01
4.383579855640573619e-01
3.570158383701287352e-01
2.786488345995071780e-01
3.441823407065158769e-01
4.113126514392656530e-01
4.859665758859695317e-01
3.983872328400973051e-01
4.457273717996116380e-01
4.668129958282586922e-01
3.728924304094093922e-01
4.223479217781533346e-01
3.072085269252459727e-01
3.835630104332305446e-01
4.234549691587634057e-01
3.008454164732434766e-01
4.485225464336456969e-01
3.842410696077822041e-01
5.104696524994175588e-01
4.454416761211852926e-01
3.655888599439934272e-01
3.255704433299854150e-01
4.704741681280842358e-01
3.519570274661574238e-01
2.807859830267367407e-01
3.232264999493075219e-01
3.021069746394826616e-01
2.939640592545140763e-01
2.773595993556259298e-01
3.534345812926967256e-01
3.245877148750402341e-01
2.913076166868427963e-01
3.418485543085482692e-01
4.758501969580096747e-01
3.472543196236310137e-01
4.977523222440708994e-01
3.257791937116665815e-01
3.041479780590947146e-01
3.070013922663679118e-01
2.729437588680165838e-01
4.923730446479183676e-01
3.259043866491397878e-01
3.676617224824918484e-01
4.866379536722826860e-01
2.603453084829394082e-01
2.554063878963218626e-01
4.399595877396708099e-01
3.034102124578441084e-01
4.649202064572235948e-01
3.484546563527429197e-01
3.647838435147555125e-01
3.455553882282116906e-01
4.715796604087737487e-01
2.892815575724559385e-01
4.327862362535517815e-01
4.290766702524395626e-01
2.971168182194142138e-01
3.354983487566664535e-01
2.916206649820242136e-01
5.103273166829198626e-01
5.090373184499688008e-01
3.246644543829587670e-01
3.896461066499130599e-01
3.186473379689012675e-01
4.504523470087646864e-01
3.833427870465224152e-01
3.013215975990559126e-01
2.561665553053401601e-01
3.832789330714920228e-01
5.091518787329707418e-01
2.886121840239114222e-01
5.111980093665640101e-01
4.197748189936713059e-01
4.376570590551569495e-01
5.050734178858158341e-01
3.985772794547604025e-01
2.711771669382223582e-01
5.055295882411908748e-01
3.871823838720034328e-01
4.978440466687192312e-01
2.562403784585566835e-01
3.336206548589639720e-01
3.055010007761793100e-01
2.664247819043457643e-01
3.592021937050908220e-01
3.273964007448367797e-01
3.200519068573715598e-01
3.596289715968720158e-01
4.079665472808782223e-01
3.629141298385026859e-01
3.905835816044964104e-01
4.814225055511497930e-01
4.932739104254993956e-01
4.041432209387808006e-01
3.936222117831146838e-01
2.773197767674627778e-01
4.359978970477915161e-01
2.736365154525794430e-01
2.987862177681198661e-01
3.194035697701229082e-01
3.878925761005452277e-01
3.828731339686539670e-01
2.918780212012692665e-01
2.942807723657906993e-01
2.728514180570476011e-01
5.014101253850712370e-01
3.770168209190065123e-01
4.834167163512325671e-01
3.100572977315231848e-01
4.689842991804398231e-01
2.621153254696838575e-01
4.031876041098721442e-01
3.470574481428577163e-01
2.614888712402854698e-01
4.925306648864954395e-01
2.891875316155512743e-01
3.010757076823115663e-01
3.347495430177188647e-01
2.958157524198881116e-01
4.273735101694775551e-01
2.989819117701541518e-01
2.736939401214072975e-01
3.733495347442460366e-01
2.582841948057744696e-01
3.471152346134341871e-01
2.376285008426881340e-01
3.644148261221423768e-01
4.997692269173392154e-01
4.171806119927151668e-01
5.041469882047040496e-01
2.896965597319801633e-01
3.995797162092534216e-01
4.216033193594590500e-01
3.292042828157974443e-01
2.747539983782602002e-01
4.402507226215069958e-01
4.253957096119995729e-01
2.709072141165274616e-01
3.389685185650350707e-01
2.675997062745137378e-01
2.687564929964512683e-01
3.746567260522039033e-01
4.018458575130229304e-01
3.622537006790047531e-01
3.746915017771713652e-01
2.565510257999742971e-01
4.000459588885840190e-01
3.211330677553876911e-01
5.087674183186268184e-01
2.551931800039956566e-01
3.895782241907437271e-01
3.639872853230368133e-01
4.123196320485784661e-01
4.166692913705236090e-01
3.952470889611522376e-01
2.978791528922066778e-01
3.274468720873180971e-01
3.053226844637063064e-01
4.799508665040411182e-01
4.012589469672592779e-01
2.754242703520447533e-01
2.724630143608518518e-01
4.040416570953591635e-01
3.023770167193902125e-01
3.064800267607118989e-01
2.797795186233297260e-01
3.412193286231126055e-01
3.264033659769403073e-01
3.114088415980962865e-01
2.917040887082608114e-01
3.393583224314989377e-01
3.987563907389262141e-01
3.420742593372840257e-01
2.742057962898940549e-01
3.327908904454222605e-01
2.761899560440846946e-01
3.784588813594498835e-01
4.413031301823665542e-01
3.088300506096537390e-01
4.416090621438180097e-01
4.310397829821219218e-01
4.014644965613441419e-01
2.758119611131685245e-01
2.552338704816249360e-01
3.857314506980024094e-01
3.671834015659069528e-01
3.570536108280168430e-01
2.464381135522196453e-01
4.939069296105044193e-01
2.671077267366484542e-01
3.278811351738038504e-01
3.463375181923140644e-01
5.011233331724324058e-01
3.762481255315288653e-01
2.496534731620126402e-01
3.541011342189980815e-01
2.828795277649755469e-01
4.169181675445224888e-01
3.088812129617270474e-01
5.095220733920533540e-01
4.554764317136890672e-01
4.212460482570001274e-01
4.132354537641932390e-01
2.742350144801065093e-01
3.755415242329164793e-01
3.375453565837172043e-01
3.364465305236408188e-01
3.613040886652676975e-01
3.275373890545547062e-01
4.705810676643515378e-01
4.168285274322341971e-01
3.026211154285909921e-01
3.466750033132697806e-01
4.172421494521568186e-01
4.907071439550487746e-01
2.668965957638604891e-01
3.652950815285521680e-01
2.795483841816056580e-01
3.505255722324185363e-01
3.546509001700280939e-01
5.011947545299820783e-01
4.640973497067990561e-01
4.140356366129927523e-01
3.224529133738849307e-01
3.036352599378794870e-01
2.565255952082542423e-01
3.046764688639123086e-01
3.962274815049106058e-01
3.727235992885655769e-01
2.452079916190311459e-01
2.720286559186828601e-01
4.165756944100161840e-01
3.101022570445319260e-01
2.996264300343184916e-01
2.384696025661377783e-01
2.417827786616534858e-01
3.577789486961882037e-01
3.390001460025708901e-01
4.845411582828541563e-01
5.126420590040342562e-01
2.641355725880860650e-01
4.434958252561297387e-01
3.720012606077167105e-01
3.985896523100894706e-01
4.030256921213584698e-01
2.838315912020818454e-01
4.980458383161346925e-01
2.709996860513603223e-01
2.715219492662719891e-01
4.004774671052416246e-01
3.241635728563896368e-01
3.320841856867682296e-01
3.738407394163471009e-01
2.748859987932962268e-01
2.695849644677064116e-01
5.131287890793523321e-01
2.719951804549732843e-01
5.098228999210432377e-01
4.915207372656753004e-01
3.624216564648491401e-01
4.192636242228485188e-01
3.423772805415950526e-01
4.187415206692137182e-01
2.789753628742428493e-01
4.123277952512516831e-01
2.501370429598961387e-01
4.231628104457454409e-01
4.952449290887098177e-01
4.017705289296977789e-01
3.702518170041755874e-01
2.441474580361831237e-01
4.013379755222279965e-01
4.007205643298330511e-01
5.094641186948213329e-01
4.342284758062252004e-01
2.818611763032139450e-01
5.041014478275258615e-01
3.692855294008136613e-01
2.694959190798967286e-01
3.773089396851658783e-01
4.803231616723444564e-01
2.671486825803903176e-01
4.064403082136463508e-01
3.189891779797012772e-01
4.826730101015326846e-01
3.780242883745720262e-01
2.994116865788802873e-01
3.395676621887215307e-01
2.802304992356479674e-01
3.879945672179397342e-01
4.356706652725831352e-01
3.352099328555022684e-01
4.481263112839113938e-01
2.826923154367432245e-01
3.771349120877275363e-01
3.780695753208308529e-01
3.052186152895184912e-01
4.119615386596830464e-01
4.880038724383172766e-01
3.895193437026297500e-01
4.425585746819805100e-01
3.863419455717781448e-01
3.710781608251736974e-01
2.561486033112936322e-01
4.394759358071803068e-01
3.035736647675729150e-01
4.744010441224668084e-01
3.378564936061413393e-01
3.488739770792007033e-01
3.471090904857515036e-01
4.236459576759031287e-01
3.624093543539260720e-01
4.598109759167917088e-01
4.169040712957096106e-01
3.246786480104605910e-01
4.264378795935757083e-01
3.897305349886229786e-01
3.885862042459409249e-01
4.026625613972077411e-01
4.517470014122270672e-01
3.765511375984231246e-01
2.499381768579694019e-01
3.677394744177510111e-01
3.608626953671072446e-01
4.204077464518652940e-01
2.522814570550550584e-01
2.636201072601787043e-01
3.084934191436742301e-01
2.451161398127328639e-01
2.604162118092480660e-01
2.525521313934072642e-01
4.705701963626612305e-01
3.445855067823371809e-01
4.851815021742240108e-01
4.164948911589206326e-01
3.530494213923747737e-01
4.797224338712360314e-01
2.825436816311093779e-01
5.020209965461350787e-01
3.234934553224037002e-01
4.778236218949597491e-01
4.497112503878306078e-01
4.126243735240065491e-01
3.542019816222194972e-01
3.673904932601748108e-01
2.944910373015570682e-01
4.161868244770098868e-01
2.644639539297083952e-01
4.175422991582305454e-01
3.779823618490358306e-01
4.389887224270200838e-01
2.674184516482731033e-01
5.067409057689564733e-01
4.913533448217777821e-01
3.830409158769805256e-01
3.216392460986313706e-01
4.412749698447900326e-01
3.904175719685626378e-01
3.188036330035053378e-01
3.958384435453564110e-01
3.400958441806622989e-01
3.340937123082392546e-01
3.252930683138362533e-01
3.509458517287332713e-01
2.470560330145334937e-01
2.596933262818728605e-01
3.838010129849133145e-01
2.713732204936854520e-01
2.912252771009357644e-01
4.779892087530256961e-01
3.271597580255046211e-01
3.125086903470546407e-01
3.633995040313763303e-01
4.016128348933817316e-01
3.646267492426395473e-01
2.395443580713148279e-01
3.254361463309214941e-01
4.966609794615085560e-01
2.896283956186903596e-01
4.788510723398291535e-01
3.991533562230075161e-01
4.029882418273850742e-01
2.879998789704181772e-01
2.873312643788467624e-01
3.318605706077216722e-01
5.076310385989539764e-01
3.144878323948256393e-01
4.953889442887505212e-01
3.236540493040406807e-01
5.029418587620508863e-01
3.002312744489976093e-01
2.772493990131602581e-01
3.163462575878523420e-01
5.080423967874403424e-01
3.310119814826608109e-01
3.498069243540523621e-01
3.012054083844346031e-01
3.723894408857881255e-01
5.060413951487374717e-01
3.906743735685976326e-01
3.229602253607848361e-01
2.933655304778329254e-01
4.002842668063972820e-01
2.874789219763076997e-01
2.846039284097940936e-01
4.293797374504135789e-01
3.282902495037297030e-01
4.096918941873849418e-01
5.121135305154170814e-01
2.943023159712906400e-01
3.377829222796614461e-01
2.616088513024564244e-01
2.586895869469651443e-01
3.048791547019956139e-01
4.009960785866140132e-01
4.162338602641543206e-01
2.384650404977332605e-01
3.447557790209108131e-01
2.642407260588308660e-01
4.307146277995194672e-01
3.077610754530946680e-01
3.666315479427979529e-01
3.948489240524107324e-01
4.026334685093106991e-01
4.302398362459720627e-01
4.245470596770227201e-01
2.575301499323960353e-01
3.230408905769880934e-01
2.687235810334873687e-01
3.988350749166886255e-01
3.365239316335669750e-01
4.106056436330522974e-01
3.762789512183196683e-01
3.965977881951681661e-01
2.960830680972271201e-01
3.665780921521228919e-01
3.321490155390954824e-01
4.412223899443625252e-01
3.548715721286007097e-01
4.048914341420232765e-01
3.890819529993263526e-01
3.861625665215306369e-01
3.741660320358796143e-01
2.362159839239554304e-01
2.706203362968426229e-01
2.742607755167547068e-01
3.404618022871364058e-01
4.297622957462655102e-01
4.724976583115144679e-01
2.912503620901769619e-01
3.074530169115343714e-01
3.818150631889588031e-01
4.265793828110284180e-01
2.940820259218748234e-01
4.377208336296636859e-01
4.004384497793342934e-01
3.983806235126214346e-01
3.740708511085232280e-01
2.656812919083246238e-01
2.530604641188000103e-01
4.165562520191196660e-01
3.273220955699715495e-01
3.188871620492323422e-01
3.695712131545554890e-01
3.540764209930851170e-01
3.264341434267610809e-01
4.901904443481516216e-01
3.874496548778869620e-01
4.337820047413104008e-01
4.998709555057832543e-01
3.955274678473998939e-01
4.130286790834944988e-01
3.796110577702451749e-01
4.568306058903154332e-01
3.894971186622736004e-01
2.722573217785509980e-01
4.545875445321717057e-01
4.109884894743989214e-01
3.881133356514352428e-01
5.054765247233098391e-01
4.390972461971025531e-01
2.603931761449609361e-01
3.120842458273674902e-01
4.005048287069623014e-01
3.013091868813178587e-01
2.601923407500584262e-01
3.474443371043372530e-01
3.839225724652033933e-01
2.608491440149377505e-01
3.737123492214277642e-01
3.901021700986775365e-01
4.055114717652008594e-01
3.307931879583717594e-01
3.209813615367473894e-01
2.725063922887506207e-01
5.116556757824541890e-01
2.639198663444105031e-01
4.369392899186783641e-01
4.451316616430107675e-01
3.458102363011331115e-01
4.712987391364937828e-01
2.533300241557016608e-01
3.594027551498809037e-01
2.723298536875310982e-01
3.400357117107118410e-01
3.996209291575623102e-01
4.415888077602672102e-01
4.593345701101380074e-01
3.103897868282959327e-01
3.000803046123788342e-01
4.147970345131010150e-01
2.912286598214156585e-01
4.827897588500010828e-01
3.018008683682568138e-01
2.819598196801166856e-01
3.454074085139751116e-01
3.608630100927485151e-01
3.332733212822103774e-01
4.394422839898328159e-01
2.920104350960753270e-01
4.090433127968505223e-01
3.739900824807522173e-01
2.399999183249035550e-01
2.699532308150451310e-01
3.699206759230878050e-01
3.431435289464544458e-01
3.896743994152088719e-01
2.466768529163801127e-01
3.702888819840545742e-01
4.153235971406165628e-01
3.926858255631589523e-01
4.891497692353992677e-01
4.182501907615383541e-01
4.443338984555044724e-01
3.878259643845907712e-01
3.866501307312753544e-01
4.374378970162597358e-01
4.229979749828032820e-01
3.542899078161574344e-01
5.012994951717033576e-01
4.279044676321934193e-01
3.413564970751878369e-01
3.053233653922688418e-01
4.767597939418986019e-01
4.812617872682170006e-01
3.004020471214385313e-01
2.609913897767281443e-01
2.884039908173720024e-01
4.283935701958254127e-01
3.442550701160366766e-01
4.861117589737025124e-01
2.488434377030633304e-01
2.327253077398037939e-01
3.702000300018900569e-01
4.314376370886383594e-01
5.130990170746322354e-01
3.491696539226791240e-01
5.098271104111390395e-01
3.752202384969148818e-01
4.738762601008866815e-01
3.642998484914180546e-01
4.398486238231050782e-01
2.504770031196089652e-01
2.992489592610160787e-01
4.003686374482925969e-01
2.773863473152957670e-01
3.628668123589104955e-01
4.185379412632193596e-01
2.896432700027346541e-01
3.234907675051066911e-01
4.090480593198195791e-01
3.210226771656619627e-01
4.106656109760046802e-01
2.660494034558507637e-01
2.648581838428520907e-01
4.506508222686472775e-01
3.493106724716584788e-01
2.706315043687047006e-01
4.221918506580655261e-01
3.805663847519099030e-01
4.224377618833342618e-01
4.713383588505041799e-01
4.714352863941210781e-01
3.704950258529827178e-01
4.639150663440940736e-01
4.236528320764187949e-01
5.070558897607539972e-01
3.037282190008991356e-01
3.946302569880587585e-01
2.407555735740810887e-01
3.231809895229114105e-01
3.857140803428963372e-01
2.780854835537039382e-01
4.682118730658031414e-01
3.998046782529482424e-01
4.230930611483684767e-01
4.235637554391442072e-01
3.415694232261930474e-01
5.031800078541249777e-01
2.476595636736128869e-01
2.916240620804931294e-01
3.227117169887376846e-01
4.814074274228821171e-01
2.621889280201192274e-01
3.042628594056197566e-01
2.769723446179106485e-01
4.443411243040121805e-01
3.838922870241783802e-01
2.954925301687035266e-01
2.553436270077050207e-01
4.756334915510573857e-01
3.455045179519593557e-01
3.969089050110710115e-01
4.395125748907656726e-01
4.175838399398780765e-01
5.101417531461862609e-01
4.838647998498835090e-01
4.197126966785403313e-01
3.956435278077465312e-01
2.913189051514499250e-01
3.114871308002603589e-01
3.888631290184237366e-01
3.448480863554723719e-01
4.951127243081575591e-01
3.901017536969835775e-01
5.067710981614166332e-01
3.840182410306946514e-01
5.127257384037596788e-01
3.117176512473190386e-01
2.823903405923287591e-01
4.199242597789722975e-01
4.358111735648701468e-01
2.605914449437367053e-01
4.136580790125118368e-01
4.382655597655181201e-01
2.619278603599277111e-01
4.959225058996096780e-01
4.512902720205988483e-01
3.454801908162000723e-01
2.922980822835882786e-01
3.501773240039482427e-01
4.828544799576236501e-01
4.484887857924245713e-01
2.887503600965595218e-01
2.987192783322936140e-01
3.930104882514008913e-01
3.680670752283208280e-01
4.012043526512529268e-01
2.426691240786060522e-01
4.046774698585693386e-01
4.586978595914158463e-01
4.216257331553198706e-01
4.212401323707079537e-01
3.339090932353612762e-01
3.052191330771089062e-01
2.936547720581281773e-01
3.929845223179794789e-01
3.854688663210933952e-01
3.175761506166309145e-01
3.042200069550239361e-01
3.904916830804246453e-01
4.197374377189908579e-01
4.831948393478643911e-01
3.426638189885955477e-01
4.639285478181568445e-01
3.918922253123332533e-01
2.896707088531095264e-01
2.920420142794335483e-01
4.444414982979514872e-01
4.727532246000426541e-01
4.148612809335368579e-01
3.131872428708208922e-01
3.437497520918009197e-01
2.357535127481444892e-01
4.732281462719764575e-01
3.694941196955485174e-01
3.581207556066435815e-01
3.776713902890479480e-01
3.375247718671679498e-01
4.822834216772731719e-01
2.801991282526026250e-01
2.703544723427330765e-01
5.072080179220266327e-01
5.044768846999772016e-01
3.253762116075168964e-01
4.832684356027072137e-01
3.117912575509673712e-01
3.543672166306420790e-01
2.335059519050223242e-01
4.525493840682557889e-01
5.137669926289509803e-01
3.940795464270504533e-01
2.921647135944506202e-01
3.375401381614432927e-01
3.546108025396698671e-01
4.092231587458855513e-01
3.324529411392189715e-01
2.514344510572213420e-01
2.873044450552507678e-01
3.292334891919951323e-01
3.772025245296540263e-01
2.880439762133742976e-01
2.507876222008045830e-01
4.402258503131967204e-01
4.832000983838503627e-01
3.931678131135784016e-01
4.263848784589611696e-01
3.141100231461122494e-01
4.708672020249137780e-01
4.968961863695018355e-01
3.316332873806948078e-01
3.271289173784157067e-01
2.902363616827352555e-01
4.683390534477542277e-01
3.005174728733935319e-01
4.794914934852476107e-01
4.829166841771830310e-01
3.413391042323202784e-01
3.995964399641809273e-01
4.081068112028203854e-01
3.358765222767616798e-01
3.325240000076454261e-01
4.202635188396657284e-01
3.317864041241082584e-01
4.887132031774714114e-01
3.377165164523980856e-01
5.065879767790187893e-01
2.543827716740788003e-01
2.356242486884011778e-01
4.694933219711394101e-01
3.336347983778276682e-01
4.722239192426790910e-01
4.732199958597199663e-01
3.597727986207924222e-01
3.231052290448986342e-01
3.721623888987446449e-01
3.197717225988605527e-01
3.394851878026839409e-01
2.495481289929875057e-01
4.869260246943270531e-01
4.822264113283178943e-01
4.812723899991792065e-01
3.017644919497922129e-01
3.204417940460447256e-01
3.142231390207801400e-01
3.877060720955365913e-01
3.658286309763988386e-01
2.349085510063931015e-01
4.847850988002766481e-01
2.906486698209017616e-01
2.347088438321394965e-01
4.198952462948649100e-01
2.805368006485960408e-01
5.089835902686187241e-01
2.692247889475815059e-01
4.399159736214275918e-01
2.996265832686462738e-01
3.503889810821538275e-01
3.124035993802286582e-01
3.364900374982680020e-01
4.970446888983761080e-01
4.872903092611824971e-01
3.595922862062914671e-01
2.866165857045724352e-01
2.977415468745625571e-01
4.265358210189799659e-01
4.702494424858295052e-01
2.863863325662925896e-01
3.513835182200428786e-01
4.967747290146733996e-01
2.606905506610510126e-01
4.505029089585197988e-01
4.325635868955627350e-01
2.926143672718821698e-01
3.826264270717026905e-01
3.687867184990462621e-01
4.050909985178248185e-01
2.730070050272140891e-01
2.909936178005371188e-01
4.738181097915938889e-01
4.691443690393448662e-01
4.512768056228010916e-01
5.107119015772801918e-01
2.557222234137160877e-01
4.707022014189601311e-01
4.044540381797602224e-01
3.186345978640973131e-01
4.758262279804682526e-01
2.933964577913595329e-01
3.849932267118757467e-01
3.694977917389197231e-01
4.787410839989146294e-01
2.807585108995715450e-01
4.696607426116157225e-01
3.061252523565672901e-01
2.775091872856417785e-01
4.282537362149337334e-01
4.795282926785111588e-01
3.476604466530878179e-01
3.739438156900227739e-01
3.707934936191447095e-01
4.371519830419660635e-01
2.806624099619565715e-01
3.004186371863858396e-01
2.787171563525995266e-01
2.649725507178550821e-01
4.712991521710869769e-01
3.637547579392056418e-01
4.823116173388545258e-01
4.724622779776678216e-01
2.945351298150678532e-01
4.694065125268505057e-01
3.714434764379419551e-01
4.710454441606387044e-01
3.868429698113357573e-01
4.914811640783999236e-01
3.407324088827803910e-01
2.708485089072965590e-01
4.723897011287945258e-01
3.873884008789156841e-01
2.702846139097050959e-01
3.332656635668161949e-01
2.976371765469790764e-01
4.993337693858957982e-01
3.927330886576066438e-01
4.868525169099973682e-01
3.183664080473166402e-01
3.025834288075996970e-01
4.325944978866195778e-01
3.913533821862436035e-01
5.080762909272713568e-01
2.896446147725810771e-01
3.646466093470386860e-01
3.472011172216715735e-01
3.330937361039996158e-01
3.137634161743046990e-01
3.704163480770382710e-01
4.793823978788960272e-01
4.617837954067773309e-01
2.835389171453060464e-01
3.802458680156452497e-01
2.621306649093824159e-01
3.751651071829232853e-01
2.780075484972975852e-01
3.849205571360692635e-01
4.186282470187816518e-01
3.114778905873553105e-01
4.994753100023733294e-01
3.180405129211028581e-01
3.431517028211373277e-01
3.467816665799390852e-01
3.472551296479515215e-01
3.644963391307447509e-01
3.645130845763833727e-01
4.204501560192734910e-01
4.710941123435364863e-01
4.052440295161413020e-01
3.238607824507289679e-01
3.172792905182174605e-01
3.795721767332251861e-01
4.757743836075924437e-01
5.051886741317366258e-01
2.405698911409233087e-01
3.473663084921512767e-01
2.676893364529980834e-01
4.711249969766141965e-01
4.092040424967251511e-01
3.223278207267953888e-01
4.903742985570264112e-01
3.393649660751191233e-01
3.934787014969206020e-01
2.933306095828802640e-01
3.809103899534238002e-01
4.284536618622263315e-01
3.322866046794026307e-01
4.352753811664089589e-01
2.965528684315553165e-01
4.717876583598523133e-01
4.401059628523062428e-01
4.696353226996859420e-01
3.898811266975735212e-01
4.855425150903552312e-01
3.186409102612615674e-01
3.310031113952571769e-01
4.024152137948551755e-01
2.548035015619444787e-01
2.935499981251881163e-01
3.339376387807933000e-01
4.147997234288741120e-01
4.253545689326921342e-01
5.092134986247858208e-01
3.572555235183821343e-01
2.891859623993737749e-01
4.248866208718767856e-01
4.006612174633145118e-01
3.842634088895515165e-01
3.338539832108412542e-01
3.022480164313126050e-01
4.165116587780428037e-01
3.571638654334635121e-01
4.020217523233342583e-01
4.714390902571740649e-01
3.477745607831575492e-01
3.681308931591047995e-01
3.265873728475413573e-01
5.132460960566689323e-01
3.432373670809499289e-01
4.659275200366510550e-01
3.409571419107338963e-01
3.563281732785223421e-01
3.712474941902515480e-01
4.528687191059349026e-01
3.915927637319042143e-01
4.673597843430900012e-01
3.375061277406754545e-01
2.512493967183935806e-01
3.624415763545082436e-01
4.690285520911006145e-01
2.546770915635483967e-01
3.399673314361224552e-01
3.961831482368424751e-01
3.681274617720474707e-01
3.986700330866168041e-01
4.771599653955120868e-01
3.232533232819403968e-01
3.465245292922646270e-01
4.709863735496212511e-01
3.107311139925567622e-01
4.253979235632825429e-01
3.233205695124550250e-01
3.492151093774304438e-01
2.589155076314646475e-01
2.586565839442874215e-01
3.122204032748190916e-01
4.108835410691846213e-01
4.670645809366790191e-01
4.550988596579670920e-01
4.446848809904921929e-01
4.162690633473356550e-01
3.956235452977244771e-01
3.849383460469750773e-01
3.856689723766676958e-01
4.669601706863574231e-01
4.406187279097667497e-01
2.949509440557984696e-01
2.735951942075620091e-01
3.733373438287497792e-01
4.858665477860840687e-01
3.188560253998600769e-01
4.364061312886951538e-01
4.495974799130975641e-01
5.077586989662778993e-01
4.659413491727028567e-01
4.731564661992236909e-01
2.562895678507358665e-01
4.728742517985298766e-01
4.479739672360925073e-01
3.854750856586450780e-01
4.978244462207110921e-01
4.875634583151117196e-01
2.722298912768954526e-01
3.835213734781305339e-01
2.525156560871097411e-01
3.862665885190408321e-01
4.606830467855069222e-01
4.377333291142612715e-01
5.092702241117709194e-01
2.963745589382192347e-01
3.440995612454968988e-01
4.365504212931856087e-01
4.259045877425861604e-01
2.941233310825526748e-01
3.485699052053974900e-01
3.128153831667083162e-01
3.206164819484438322e-01
3.566245232131277088e-01
3.954902128118448212e-01
3.405777849759327180e-01
3.884028906471297393e-01
4.026237253406749206e-01
4.647675259459765340e-01
4.102509426385795854e-01
4.320677238250069663e-01
4.479778057492174170e-01
4.463775866704404183e-01
4.534959900732057347e-01
3.964302096157883426e-01
3.387726645318052121e-01
3.022011358525075742e-01
4.604684611269545536e-01
3.037474682259635461e-01
3.516318198517822124e-01
4.003009566209345116e-01
2.943596855445803628e-01
2.981755930450556979e-01
3.195163212944109876e-01
4.786793156005729744e-01
3.929167353884310265e-01
3.585682389071756515e-01
3.121622380390022267e-01
4.005354315008817778e-01
3.395059398628179070e-01
4.835571917702308764e-01
3.471437180174446469e-01
3.467528466289281353e-01
3.838336292717484666e-01
4.798880284273879249e-01
3.786079486929956328e-01
4.288846297009607511e-01
2.779596080060177665e-01
3.875168554722622782e-01
3.784218793714116957e-01
5.084089354456342580e-01
2.564066952958845569e-01
3.557612966844276303e-01
3.475046128420299363e-01
2.744807391977404643e-01
2.912461611389818850e-01
3.395800352041511427e-01
2.951167430951370241e-01
2.569901126140973213e-01
3.126209160959001476e-01
2.745696080926099958e-01
4.448641395569319923e-01
4.487941295951750620e-01
5.071359621241607885e-01
4.686754480578164683e-01
4.639343059868004659e-01
2.773244738156439015e-01
4.252196077239864813e-01
4.627169331243413675e-01
2.889343959590998656e-01
4.577829817785838418e-01
4.109632315519412549e-01
2.614796720062072533e-01
3.027712894198015259e-01
2.890406006433413610e-01
3.020431898909439195e-01
2.984972005632325898e-01
2.454404198680063542e-01
3.464924401112667862e-01
4.186462647716127083e-01
3.804208192827815971e-01
3.237437212618328730e-01
2.995283434348005036e-01
4.798823229622007358e-01
3.948508630681953346e-01
3.430270378071761939e-01
3.444462156973899791e-01
4.669804923357676607e-01
4.618710468424828131e-01
3.384287290309413998e-01
2.900651811844182637e-01
3.050271933489726028e-01
3.090638733329040266e-01
2.625560611873936079e-01
4.367016487952276038e-01
4.308709357151455643e-01
4.036823324814318159e-01
3.106808364323133675e-01
3.034048097702913283e-01
3.339847951589665076e-01
3.697756715170392172e-01
4.031082734602224327e-01
2.908886164167325261e-01
3.881999533261021318e-01
4.324717732526626168e-01
3.157185443426930305e-01
3.704062300643311545e-01
2.922336688522645387e-01
2.931985340557861641e-01
3.659688178966870598e-01
2.677183321776248071e-01
2.904539973145982557e-01
4.563516851321492429e-01
3.955086561548539770e-01
2.948743286926624463e-01
2.770478915209578230e-01
3.904263035583656061e-01
3.861074130982918295e-01
3.201784879924575167e-01
2.564190094953340826e-01
3.451671027110623236e-01
2.831514132841296272e-01
4.401071724091620840e-01
4.796011933729289467e-01
3.905682564182439420e-01
4.230992844467408309e-01
4.646306439406706068e-01
2.711224210506794075e-01
4.151412330708023068e-01
3.682980873256155863e-01
4.741195118038183942e-01
3.426995369964336846e-01
2.792051621736370559e-01
3.028466885086850136e-01
3.727243438311885759e-01
4.280848549327658237e-01
4.334944135404641408e-01
3.057542860433886123e-01
4.306554665902103674e-01
4.689035282526107795e-01
3.349745002889363832e-01
4.190345773841142596e-01
3.534463303655672739e-01
3.695126211007100925e-01
3.121554683864741775e-01
4.180370722095629876e-01
2.586482402941372993e-01
3.792640272517989186e-01
3.682710081841820138e-01
3.344290959666649243e-01
3.707228999696119964e-01
4.907997106319352820e-01
3.107145916286485621e-01
4.354595475163449692e-01
4.843308981046378081e-01
4.708494820758367672e-01
4.219937215008721099e-01
4.247203935917702178e-01
4.260176928897621562e-01
3.254829122311159728e-01
3.543497212486022008e-01
3.786771023835299732e-01
3.438877359359489017e-01
4.053228241397082710e-01
5.116837051748930332e-01
4.205945763647382929e-01
4.288667964679477307e-01
2.677734886038125039e-01
3.443949087688081279e-01
3.245806697766646653e-01
3.006265770660637715e-01
2.617501051470040307e-01
4.009324282998367184e-01
2.810562783171340895e-01
4.859315394865847959e-01
4.294245269225718253e-01
4.133255676601111372e-01
3.440002691220451214e-01
4.328210953864725652e-01
5.110820148880842462e-01
4.716516560012795067e-01
3.382709286062013376e-01
3.952493301724300800e-01
3.957420253280339306e-01
4.223721590649076596e-01
2.717429913410799869e-01
2.899596882821249277e-01
3.394856552676616124e-01
3.690681949625789771e-01
3.605658607862480269e-01
3.785194665023621230e-01
3.561586351055723298e-01
2.651138123321810092e-01
3.136756807069088215e-01
4.340284276234039340e-01
3.663515712776288513e-01
2.627233069022827383e-01
3.147891495525056982e-01
2.549342071888754946e-01
3.483109805443852514e-01
2.824864765810747302e-01
4.511183146123945442e-01
4.299597382989824301e-01
4.664287389203933820e-01
2.455198724274249011e-01
4.631628188116330147e-01
3.216353358325555467e-01
3.226498886718327519e-01
4.790267701808091361e-01
2.793509788518080961e-01
3.088753067639583572e-01
5.064330927143210204e-01
3.419958749718193802e-01
4.183188215425413525e-01
4.742542073034953787e-01
3.711909117727060226e-01
3.161962630717171097e-01
4.417666619795581062e-01
3.004484460855287864e-01
3.347791858536399712e-01
3.921548742146688804e-01
3.488822484822646786e-01
4.063978145434086753e-01
4.283839538762751475e-01
4.386473940773945590e-01
4.603459890597451087e-01
3.740141911641403083e-01
3.716231743209224003e-01
3.331371039471656692e-01
3.027817954487335150e-01
4.978194655787109846e-01
3.464358103592566906e-01
2.951348317204162686e-01
4.958545497079452913e-01
4.419573284838974048e-01
2.618286039875058480e-01
3.258490410713503205e-01
3.452866070645493890e-01
3.995864391681471783e-01
2.911279065513692199e-01
2.903126505893066645e-01
4.529943607390410354e-01
3.141215555582479446e-01
4.025191574200355227e-01
3.357000146125634354e-01
4.706481556495598628e-01
4.596639439065899335e-01
3.328804976646881908e-01
4.228461940681423892e-01
4.926936729829008432e-01
4.417773940072394212e-01
4.329187390719823614e-01
4.176170907514742403e-01
4.155453819446256469e-01
3.990806652518561481e-01
3.357285896804579339e-01
3.123858885187977830e-01
4.166364160384724014e-01
4.671175125894907465e-01
3.326836232195182208e-01
4.187777110206727382e-01
3.330191489503075974e-01
3.586672337545193101e-01
4.210482408049726066e-01
4.587328218571137262e-01
4.355242766145466238e-01
3.659670775964791178e-01
3.727854597769394429e-01
2.816508987724022917e-01
3.043131564728411287e-01
3.599582850191050953e-01
3.531156396590058311e-01
4.319871333910471067e-01
2.825946105479605897e-01
3.613478774359824008e-01
3.824715494903889179e-01
3.806312189393658563e-01
4.283540373010822355e-01
4.195930438653743266e-01
4.689024824528463253e-01
3.915001729159792720e-01
4.472530896362714170e-01
2.827602938578276381e-01
2.721382593996783394e-01
4.219318962792037997e-01
2.593808951304476529e-01
3.404133910450148903e-01
3.990245636085493208e-01
5.093240973745281064e-01
2.854992105169030236e-01
3.232670514799656503e-01
3.692347120894741708e-01
4.374876719969015837e-01
2.456096819303782708e-01
3.398992262745562654e-01
4.893776219040729680e-01
3.120946582043347406e-01
4.152843242273825952e-01
3.233921550781830301e-01
3.557112595365901075e-01
3.662461387157435189e-01
4.294285549705098570e-01
2.525571095886947615e-01
2.400222678132896414e-01
3.720304720755272521e-01
4.524050117724133235e-01
4.527540644538999848e-01
3.996867856402415153e-01
3.786097631746413450e-01
3.170014788305213771e-01
2.671526656977828984e-01
3.761554126759669159e-01
2.563338653698712943e-01
3.174832561756500970e-01
4.395024336634922868e-01
3.033398928551229723e-01
3.313132730339516940e-01
4.310853561988390314e-01
4.070801869184220712e-01
3.356291742083706842e-01
3.005417711087530197e-01
4.691327480656873328e-01
4.573768378931182266e-01
2.956984541234004560e-01
2.658117064769497384e-01
3.785813904049344925e-01
2.952138715904414901e-01
2.878409009831019438e-01
4.621246278623158399e-01
3.039940048435035846e-01
2.942760943073498003e-01
3.427643092966438099e-01
3.671723874834404433e-01
4.147600580572928242e-01
4.683789049836991070e-01
3.941489744565224163e-01
4.949285641372179190e-01
3.310049598056363784e-01
4.332508704719772452e-01
3.226849761057986044e-01
4.707214261088565332e-01
4.422398527738491403e-01
3.051233669078988742e-01
4.341025133360463806e-01
3.599212468624785610e-01
4.362217719651172443e-01
3.209751878424971228e-01
4.420173309937723283e-01
4.379331142082483197e-01
3.419309057329326662e-01
2.933626112154600341e-01
3.600211404596529441e-01
3.544699182299821949e-01
4.164553647307276951e-01
4.337066206892248310e-01
4.477527532179311764e-01
4.704979039595736934e-01
4.658974909714598267e-01
2.928300029356512013e-01
3.178249644722520584e-01
2.561990900377340008e-01
2.953657192955529975e-01
2.978721454199816376e-01
3.021078773044684196e-01
3.010744878625573606e-01
3.460811698857034213e-01
4.407240115650631895e-01
3.026788700222808326e-01
2.551701460955396183e-01
3.366981984819285012e-01
3.006447085141203956e-01
3.026119882986814669e-01
2.773068480041788741e-01
3.220147494781213093e-01
3.137172884930839456e-01
2.895902650572005355e-01
2.935179671664458478e-01
3.981039221764680613e-01
2.612676469712148508e-01
3.417398377654966013e-01
3.583546705196228865e-01
3.469666116961268032e-01
3.318779640501056116e-01
2.813809961488519806e-01
2.459565056190956833e-01
3.325749747423418223e-01
3.309251354960009439e-01
4.992121805705173054e-01
3.187831943489741193e-01
4.013467418442128731e-01
3.908083669075083644e-01
2.566008527656915006e-01
2.963105094392473604e-01
2.861604843230403650e-01
4.519827440345229874e-01
4.634711399606762372e-01
3.392233249996106093e-01
3.212641568616526055e-01
3.026473687342308705e-01
3.416056655411814913e-01
4.354273042717431985e-01
3.938948661172561039e-01
3.981483426264709191e-01
4.700115638245686012e-01
3.145346061344635458e-01
3.996490806604678925e-01
3.393889628643418921e-01
3.604750605421719878e-01
2.974373454575826026e-01
4.772923638094895837e-01
4.267675280493827272e-01
3.016692090530028181e-01
2.810644434295490601e-01
4.161633504541898398e-01
4.978274188668928013e-01
4.347934826554085141e-01
3.668137934221030183e-01
3.370529741480742247e-01
2.939341628129577000e-01
4.749096940469252903e-01
4.887293233771965451e-01
3.954925036991553400e-01
4.006801602421615760e-01
3.771882353474190763e-01
3.375088804167282741e-01
4.193603040054693087e-01
3.390442441255938633e-01
3.152044588243484990e-01
4.432666394368423024e-01
3.110448890307082603e-01
4.305180870810263460e-01
3.257030381675962150e-01
3.512574005098234031e-01
4.331457575552797312e-01
3.213468313970747614e-01
3.489603746092266867e-01
4.163220629535268058e-01
3.752265055110784453e-01
3.387791772537974144e-01
2.471989349131152591e-01
3.230609930947939135e-01
3.009992068930191222e-01
3.590857893188103001e-01
3.833048909173445429e-01
3.812230728626742060e-01
3.287621788071585782e-01
4.372461733083689572e-01
4.813775614335658037e-01
3.417033724904959269e-01
4.032872435246234732e-01
3.175717025069558774e-01
4.426458499540526503e-01
3.659150650125636006e-01
2.788471273163791730e-01
4.231434754163639345e-01
2.808297187410667139e-01
4.377771265803498402e-01
3.047996328486289319e-01
3.271664054579591085e-01
3.728319466961863005e-01
2.686364026223041490e-01
4.396368780590411141e-01
4.196267827701878339e-01
4.295448774753007903e-01
4.817867759372212455e-01
4.361655536061591620e-01
4.194456429546686849e-01
3.588672439720179685e-01
4.041434313926127175e-01
3.838869524217211060e-01
3.181059275096079775e-01
3.985375182688450924e-01
2.909549677499434495e-01
3.832153308327533869e-01
4.388621713007607728e-01
4.096234352000631684e-01
4.026251282391608011e-01
4.632654295852843274e-01
3.168906759166374432e-01
2.971125162885673854e-01
4.515216465540159430e-01
2.576827458437908613e-01
2.981400480453249568e-01
3.328764183259378950e-01
3.393936077632174197e-01
4.295086354256014149e-01
3.188518962893527320e-01
2.983681635470266102e-01
4.144295797529723990e-01
3.961733990112067394e-01
4.276161881324223590e-01
4.293596534901407691e-01
4.894116385809651470e-01
2.892013629622313675e-01
4.018448483830485141e-01
3.380202337409614621e-01
2.905097755324357323e-01
3.602587696990107724e-01
4.194952771562776017e-01
2.686902816776531311e-01
4.486695232615219298e-01
4.807801872419988909e-01
3.899517916653405525e-01
4.870965473893011377e-01
3.206442459430624559e-01
4.980177069763244146e-01
3.738614523822063607e-01
2.869156088559530748e-01
3.276523248930535148e-01
4.560895317855487296e-01
2.789710463196080625e-01
3.460441069953146265e-01
4.575126411047918396e-01
4.173270739319505096e-01
4.062530780794437746e-01
3.935946009060809492e-01
4.308464590104547631e-01
4.130372922670064728e-01
3.910337394268577627e-01
3.697061010623184929e-01
4.296632434930343636e-01
2.396409300339993609e-01
2.958864211273080636e-01
3.703120902068368636e-01
3.548534227361636040e-01
3.259490974420388154e-01
4.958871550151959795e-01
4.183558293671242323e-01
3.680860468466567448e-01
3.559810680859554766e-01
2.387032819005911743e-01
4.638835948396278774e-01
4.674880690160179708e-01
4.157749940778547870e-01
3.808744173163457480e-01
2.983971734946562204e-01
4.186335190463643663e-01
3.900028879194251119e-01
3.481337541988418494e-01
3.460403631485632348e-01
2.632460816840730966e-01
4.240043829704564504e-01
3.920076526624901581e-01
4.230895232991624400e-01
2.373911497329739551e-01
3.431146824038868171e-01
3.470994240159566147e-01
3.435101765768245330e-01
3.631227963135821302e-01
2.806025911873312184e-01
2.844004967995960587e-01
4.706005405623849835e-01
2.932551646876392359e-01
4.020629160822876691e-01
4.708703976942770764e-01
3.068049160978588707e-01
3.979908688923871063e-01
3.456230094280153819e-01
3.955869222891583159e-01
2.969757862822147154e-01
2.379515321704020747e-01
4.518817738716336407e-01
4.013640019481986010e-01
2.961256847659189395e-01
3.289413932927843232e-01
3.734818065225172790e-01
4.295644651800499259e-01
4.928799464866952529e-01
4.380101739813789252e-01
3.309128022109737444e-01
3.064744734821527872e-01
3.040365866744199619e-01
3.520383097422682406e-01
3.076566700241061825e-01
3.062759450992742494e-01
3.381226845135179571e-01
4.776315703712428751e-01
4.908887239271778058e-01
3.624199580660328879e-01
3.937321863554896773e-01
3.987112010408356833e-01
4.322321236323294347e-01
4.820355010847556798e-01
4.821318144160362529e-01
3.122373997210516339e-01
4.511447587502616652e-01
4.717970510602413903e-01
3.375011369711459763e-01
3.399179116947070312e-01
4.732526919515941399e-01
2.577415268356664235e-01
2.789608374135200686e-01
3.472301473085121493e-01
4.183329630857936521e-01
4.330914788595713882e-01
5.122134616393108075e-01
4.113630614790039774e-01
3.384883316708260370e-01
3.744981781315997460e-01
4.193955816339883236e-01
3.982495823101632193e-01
3.856139075259035764e-01
4.690488800587309659e-01
3.313685298002648216e-01
4.363794259653209218e-01
3.308708834702087098e-01
2.913388210475200690e-01
5.101365454046550285e-01
3.581092718512967621e-01
2.597735232354574375e-01
3.156084689191445136e-01
3.256545614603079675e-01
3.020059220565088909e-01
3.996599098354325363e-01
4.300987281410281748e-01
3.261094278909228983e-01
3.931989315173106125e-01
4.006730518166978783e-01
4.869489309167346347e-01
4.204055021426957306e-01
3.339636630689049035e-01
4.341947745796141955e-01
4.923401310462032221e-01
3.371132333700377348e-01
3.568745671143674913e-01
2.750708391186618695e-01
4.750790582811145191e-01
2.671659509639487395e-01
2.730706779697414377e-01
3.270066586795210561e-01
3.337168704437298294e-01
3.240410450064445946e-01
3.262378893407120728e-01
2.448672202075724835e-01
4.142549275725569968e-01
4.417041975289507927e-01
4.117382539459588653e-01
4.842890424340092204e-01
4.783065949413122242e-01
4.856282488818124410e-01
3.688371781264931926e-01
2.406348089569083359e-01
4.343209586114447074e-01
3.716216416772662456e-01
3.429050012838419925e-01
3.685164454820503144e-01
2.553660519481596447e-01
3.247021116246545658e-01
3.422475599692034187e-01
2.978657546278571933e-01
3.099170233204133762e-01
3.095474397548982903e-01
4.817940530700055013e-01
3.546790610123555787e-01
2.655530013166620407e-01
2.619658003111945410e-01
3.370612173458726879e-01
2.781729228099351081e-01
4.443412831522824957e-01
3.665776040605110420e-01
3.784513335878985085e-01
3.426904546120827511e-01
3.132902405905931276e-01
4.185585156540926888e-01
3.813825972889340332e-01
3.188696220161710837e-01
4.815772052772671619e-01
3.996267202917828110e-01
3.948769055007543827e-01
2.778311848061248979e-01
3.841310810294091271e-01
2.950054089238864363e-01
3.345709877077808758e-01
3.977847777450077005e-01
3.883559580337452299e-01
3.366975097304215625e-01
3.346380479173641231e-01
2.897540688603918446e-01
2.915818506424394663e-01
4.445649704816882486e-01
3.304844301088905034e-01
3.951519882407517614e-01
3.724675094326314606e-01
2.963566981201148365e-01
2.951028334846564904e-01
3.906847556587022541e-01
4.693400996049999496e-01
3.360545959698472140e-01
3.102473986800406425e-01
3.970170818100997034e-01
2.956078565862829133e-01
3.186865733054672356e-01
4.699371548080132355e-01
4.559714285696357949e-01
3.091244130762752507e-01
4.808371818061711322e-01
2.648119051499777110e-01
2.485400425452979623e-01
3.329260331280117224e-01
3.034460637704590180e-01
3.702757636966587107e-01
5.022314515574752836e-01
2.886152310461302939e-01
3.740184382855364364e-01
4.221272434216046254e-01
4.293375458964229785e-01
4.197059404310407027e-01
2.966851503406506274e-01
3.137098943175584131e-01
4.570182091529198520e-01
3.130920296262680869e-01
3.768147903993198100e-01
4.856202201856673617e-01
3.732651999846370305e-01
3.506723554686176358e-01
4.843151491662157637e-01
4.202408561249521557e-01
3.775337522421998160e-01
2.980906294752910246e-01
3.671105375165480966e-01
3.395211077852378079e-01
2.998675121957712353e-01
4.475332742804298825e-01
4.748934020183298577e-01
4.660276602227624854e-01
3.422911611272584365e-01
4.357449209669033707e-01
2.570145336602141506e-01
3.862555128481795497e-01
3.399440852678334846e-01
3.239588257718859499e-01
3.818696171147110685e-01
2.947852642401395107e-01
2.410372028790101206e-01
4.152321065765953167e-01
2.889788573693986562e-01
4.811880748553979403e-01
3.524358293663645836e-01
2.989127255037838937e-01
3.169706739867235168e-01
3.176202329451396356e-01
4.028589846488990767e-01
3.538807877675142488e-01
3.690866458467313982e-01
3.423883428073548063e-01
3.812488446272576104e-01
3.267191715684346631e-01
3.716917067904556560e-01
4.490918710090706645e-01
3.344531371916263929e-01
4.194833289027213308e-01
4.704205256561808657e-01
4.734499863458970781e-01
4.542704748506838364e-01
2.808550578396822317e-01
3.884510468244337100e-01
4.236547222550927638e-01
3.296099210555908932e-01
3.719923838582732678e-01
3.330423508003536037e-01
4.779966587650841814e-01
3.865988094592223701e-01
4.708088803478223117e-01
3.095185451906732332e-01
3.444075840868969229e-01
4.281293493702421071e-01
2.843617353945880333e-01
3.089626564129190900e-01
4.272253639544044135e-01
4.231504828571672761e-01
3.857470294491455731e-01
2.909323919010240456e-01
4.731956781765562781e-01
3.659437399040435523e-01
4.199860810464328686e-01
4.720308693550753776e-01
3.465347864623408713e-01
3.826334924605809262e-01
3.417056981267682092e-01
4.710804988222408451e-01
3.567352224730706567e-01
4.719650338233303266e-01
4.534628689704677806e-01
3.384908367913614935e-01
3.858389931773524295e-01
4.655840152956745026e-01
3.980655599356816565e-01
3.903062605743182201e-01
3.202928891326258243e-01
4.731082149657622193e-01
3.455364231924459850e-01
3.488979191887337516e-01
2.949420249637751401e-01
3.150753441624274398e-01
3.548471506289372912e-01
3.587192487816916464e-01
3.964531317964822277e-01
3.949384755088743981e-01
3.200918853335309455e-01
2.790054297043690346e-01
3.010980549858535693e-01
4.893705958376752818e-01
3.996005118002767253e-01
4.598980928069368868e-01
4.494903544682723462e-01
4.042766542412958852e-01
3.898981426300960895e-01
4.089497269764610921e-01
3.355431247648012483e-01
2.926560345022982124e-01
3.958379378725895847e-01
3.893901079989500746e-01
4.715484849451124227e-01
3.209466647108461523e-01
4.688106516723624662e-01
3.806076739479474225e-01
3.504585918318635085e-01
3.375267801490094977e-01
3.924569649786363024e-01
3.778114664694661728e-01
4.908197558175376174e-01
3.780439544799688578e-01
4.211654967450241260e-01
3.236593892609880285e-01
3.144776763455395252e-01
3.092482706016995708e-01
2.880122976982051886e-01
3.589736160598044901e-01
3.994448360802868025e-01
3.583892464430832314e-01
3.353936369610698298e-01
4.197217138757592947e-01
2.687273112392848939e-01
4.132153084000371734e-01
3.348144645984149625e-01
3.059860425858303978e-01
4.711842850123650894e-01
3.472033128577122763e-01
3.447592106797897071e-01
3.451439813106360610e-01
3.421141591739661481e-01
3.214973782927076362e-01
3.709584229778238873e-01
3.346190234712614342e-01
3.551658289817379299e-01
2.727484521830571551e-01
2.964615196052517443e-01
4.482829123209151057e-01
3.695027661614913583e-01
3.834423598446653481e-01
3.019815433470363075e-01
4.556673479030932117e-01
4.742603545405239540e-01
3.212665793746935505e-01
3.227718187317640819e-01
3.464586339408458615e-01
4.698738337648686869e-01
3.345529092869995447e-01
3.948630545048592566e-01
3.403780023038651126e-01
3.702300718233981214e-01
3.435880803143310791e-01
3.251393003461303111e-01
3.536035463409881174e-01
4.023827646654067336e-01
3.637752739999101648e-01
3.222858150534613775e-01
4.823087089161336993e-01
4.686011507497018225e-01
4.713169358801189146e-01
3.321196573158608500e-01
4.163249425281351224e-01
3.380794396910787314e-01
3.968867989163553656e-01
4.307415646014631783e-01
4.195501440680681760e-01
3.930619636268709027e-01
4.343467732109051460e-01
2.840012374284224816e-01
3.460749805844964277e-01
4.656832690294908095e-01
3.396315536212992647e-01
3.575679500154727575e-01
4.707114675977395191e-01
4.824054667460898060e-01
3.664546109441889632e-01
3.522150484205122667e-01
4.267468923712222084e-01
4.441423182500945921e-01
4.868443129249124257e-01
2.396649985934800331e-01
3.229293482758768263e-01
3.449276033971612754e-01
2.579703838176488073e-01
2.993574715176047785e-01
2.549568929100043402e-01
4.199184486694471086e-01
3.721884476777648776e-01
4.379225686008425544e-01
3.320282334060260521e-01
4.983528751275426161e-01
4.305908703804608995e-01
3.606479826391844612e-01
4.806551443631456588e-01
3.175717375846721091e-01
3.784865049536214610e-01
2.925494072369668186e-01
3.081911384171481250e-01
3.174520790320922159e-01
4.149476111307787152e-01
3.893320645367535082e-01
3.390722689780311105e-01
4.129813323612860354e-01
3.316012369031035023e-01
4.353027572303668769e-01
3.151543812791451904e-01
3.162835760328668866e-01
3.388456989147194398e-01
3.382429941212488633e-01
4.680671545899610098e-01
3.377157523165628672e-01
3.983171149446269599e-01
3.703000368247672536e-01
4.405325995439497988e-01
3.015786337920918769e-01
4.096169204718270729e-01
3.856503143039380910e-01
4.842478178830641466e-01
2.807985391157837851e-01
3.214620994060534698e-01
4.379468393446998564e-01
3.482578025310383851e-01
3.934572759163110223e-01
3.522431116239703730e-01
3.264533170434771314e-01
2.617494087316201701e-01
3.471849737756954046e-01
3.965280980983620363e-01
3.231360067925961865e-01
3.955846782060691846e-01
2.859308274163243069e-01
2.874716720193548070e-01
4.295553838844414218e-01
2.912288043846909535e-01
2.920853551883559329e-01
3.637117599795859912e-01
4.151989667636445946e-01
3.231234091787639207e-01
3.818801245011126388e-01
3.904822589514518327e-01
3.079137415724017557e-01
2.785301319052964075e-01
3.705439109759912641e-01
3.429988540498135619e-01
3.541744522541822593e-01
4.701207601060454211e-01
3.999363214567079328e-01
4.312969864498998329e-01
4.536884830015479597e-01
3.360227238681414708e-01
2.850892295985539282e-01
4.707428836655263571e-01
2.490601760389629382e-01
4.671614976330253355e-01
3.412500528062761829e-01
5.155679177654581835e-01
2.678843077394394423e-01
4.660164022900842307e-01
3.678692494729554063e-01
3.043924409966163314e-01
3.026173380927136281e-01
3.630148230011452370e-01
5.028635394383289547e-01
3.745825332336623625e-01
4.118800299241870411e-01
3.396700555790382881e-01
4.095389544531138348e-01
3.357137542840014643e-01
4.777163635160566746e-01
3.555766815351052434e-01
4.849099456361909422e-01
4.128939497941936931e-01
4.712003425104759891e-01
3.938056885025543741e-01
2.868916036818124904e-01
2.579671842420542260e-01
2.936469658559034968e-01
2.884013453688536455e-01
4.647374484931410255e-01
4.352089739530861645e-01
3.447772007507376446e-01
2.766369816396140324e-01
4.349525761365709564e-01
2.640945042025979461e-01
4.182415070413491587e-01
3.772582407947625005e-01
3.463134722065002169e-01
4.482133498646711511e-01
3.077657635711815720e-01
4.206006059259141949e-01
3.978531487140406497e-01
2.768206693092676307e-01
4.787958717851872326e-01
4.726628994317568222e-01
4.848213639870497249e-01
3.153366240467398440e-01
3.650717295854621902e-01
4.789514531429125976e-01
2.824980942703891884e-01
4.161679750133848166e-01
2.694567867740668698e-01
3.098246051183353167e-01
2.706616973222243372e-01
4.733835595254818895e-01
3.949763625105165987e-01
4.218856137808083551e-01
3.430001406143505238e-01
4.721779104268862826e-01
3.907512525880309506e-01
4.741043937486635884e-01
4.097237141677149697e-01
3.344282820036233450e-01
3.368272223663604237e-01
4.881568626624356311e-01
3.325734301957816164e-01
4.450379411072930003e-01
3.828178083874460569e-01
4.633055264589056588e-01
4.654486374142887684e-01
3.448516382995989171e-01
3.187049372158803351e-01
3.759599866868968410e-01
4.325118052241526123e-01
3.114209532508045442e-01
3.188729695168129874e-01
4.762910756743294338e-01
4.085646005534607772e-01
2.804436405257711429e-01
4.868287167169408347e-01
3.557541735985315645e-01
3.958594875511567412e-01
2.936528260366469412e-01
3.538256359865784573e-01
2.975113053874200997e-01
3.192127657425192777e-01
2.837761322903252781e-01
3.225308377874492871e-01
4.754000818104899273e-01
4.775199346362635766e-01
2.619412960951625902e-01
4.621055454830200748e-01
4.298098319576324489e-01
3.769441601554145982e-01
4.074132506015747945e-01
3.554418428726789925e-01
3.009281837725227837e-01
3.066186979654462741e-01
4.094421115079625584e-01
4.012257455023843233e-01
2.770357533854730381e-01
3.126644463626404025e-01
4.609844146961104006e-01
3.159649874262068781e-01
3.721268771303306022e-01
2.792166007185442611e-01
3.882988317697200764e-01
3.337092650103327673e-01
4.154028423707387674e-01
4.489093321672828485e-01
4.303700019379043673e-01
3.403651725842443687e-01
2.868168113592572954e-01
4.631354556622434560e-01
5.045247212790180402e-01
3.943411293007857976e-01
3.974297327270012170e-01
4.098110917333423475e-01
4.220956482301971291e-01
2.851263224033070975e-01
3.217431109774897546e-01
4.772768307705317903e-01
3.785251911467426011e-01
2.388802080103814285e-01
2.562204451864776300e-01
3.343132640745122841e-01
4.492929451921005568e-01
2.496027459672573723e-01
3.577526492908461031e-01
3.139346864490026867e-01
4.323568330457113751e-01
3.470833918987930033e-01
2.678913688208378607e-01
3.380073439727262485e-01
3.561555892434881687e-01
3.645462244423816056e-01
2.991472359388000490e-01
4.161107178962265007e-01
4.302771332236052237e-01
3.775491466646605510e-01
4.404113270488821397e-01
4.748179393981901697e-01
4.638825577468317918e-01
3.858876950611322965e-01
2.798576541401466833e-01
4.702631592110002035e-01
3.853351423684276966e-01
4.066202398319340716e-01
2.991047255313896147e-01
4.604784034715704855e-01
3.057149145899001330e-01
4.278523048077212398e-01
4.385537536883082343e-01
4.349079419133062285e-01
3.569868468256709448e-01
4.542462163011461995e-01
3.375304747868816957e-01
4.311292811976586425e-01
3.790732762333143824e-01
4.073477371315391005e-01
3.514195467920533389e-01
2.907671952480735955e-01
3.137187280040731330e-01
4.589177618844564877e-01
4.555262972337493776e-01
2.376395392473630019e-01
4.452655237279553591e-01
3.282727386599832431e-01
4.665862419648893478e-01
4.492184786369797234e-01
4.288645376019452615e-01
3.121643019519326212e-01
3.001861933666944426e-01
3.412894672224856540e-01
3.466919748027901815e-01
3.053775966727715896e-01
4.192713676506037990e-01
3.320832712675235721e-01
3.530553349633495652e-01
3.844702078617885932e-01
4.053447658115674201e-01
2.872110415663640670e-01
3.463029702731645343e-01
2.726225394501067822e-01
4.561657698203250288e-01
4.134725459726294461e-01
4.055888428286562597e-01
3.180057130234832941e-01
3.211039570583383296e-01
3.171762950979645224e-01
3.187720126184862557e-01
2.738794947295291049e-01
4.052969171014285110e-01
4.192554192112240008e-01
2.959387491238314460e-01
4.173023802982822050e-01
2.869780172113088890e-01
3.110238558581005508e-01
4.636618388958419490e-01
3.153667646795947355e-01
4.711823695457777461e-01
4.135958164553281691e-01
3.590661688665161000e-01
2.977021036246630947e-01
3.706304665960337141e-01
2.919611254231836428e-01
3.343537991920894625e-01
4.326637711730353941e-01
3.231841146096939288e-01
2.445422720939403327e-01
4.239291568001150590e-01
3.140775277367079399e-01
3.578459749662713518e-01
3.434830790769894948e-01
4.823265369239745914e-01
3.043395608026999710e-01
3.895004727261539568e-01
4.982672153906015922e-01
4.014024811787889613e-01
3.486966350981045570e-01
3.388656579140095215e-01
4.526729928282599569e-01
4.701163010062772707e-01
3.775796109435489711e-01
2.955224643671158780e-01
3.011077718467498610e-01
3.506696899091020225e-01
2.382857072085092787e-01
4.330223679338610077e-01
3.028304583173210829e-01
3.656671669101894118e-01
2.679486716022804749e-01
3.630275930833246067e-01
4.607329482510355012e-01
3.573879738653956140e-01
4.180104818666328104e-01
3.389679362457186929e-01
2.816818494476118762e-01
2.835433163632413156e-01
3.827620777733695134e-01
3.467091126421492087e-01
4.727806134277441896e-01
4.542779391561794777e-01
2.942704143133773598e-01
3.366037989264252794e-01
4.040399517646019456e-01
3.494290858593181448e-01
2.875585490754573037e-01
2.881334543707322893e-01
2.658414418693780812e-01
4.956404839316669864e-01
3.045032030919002097e-01
3.933462125195762993e-01
3.683971112047897400e-01
4.174372380975928665e-01
2.728551623925085101e-01
2.734607918190435916e-01
3.402933937574699197e-01
3.681350612318904370e-01
3.417058115131558216e-01
4.460468922102041045e-01
3.767498356474849319e-01
2.540000410712076606e-01
4.591912419890183394e-01
3.275990681840002527e-01
4.404533393678126130e-01
2.893450508896759921e-01
3.472641012916666270e-01
3.382452762258117418e-01
3.006750309190118209e-01
3.972955522602309997e-01
2.960953369050676187e-01
3.766030346560493847e-01
3.539211867637738207e-01
2.512446648978959862e-01
4.689507635762983906e-01
3.066178973743814429e-01
2.789702959788401548e-01
3.776281169007684180e-01
3.959341971845333763e-01
3.869581333954684732e-01
3.451958984855202917e-01
4.273716617029026388e-01
3.791778915101381986e-01
2.650070839170013959e-01
5.017354470418553536e-01
3.722604439199671544e-01
2.606768799302322526e-01
4.133409172037103563e-01
3.338861400899427179e-01
3.962454959765135398e-01
2.588111492020125914e-01
3.790086147387482507e-01
4.731589377443133904e-01
4.800466196272820119e-01
4.005743098589919504e-01
3.960145941452328788e-01
4.387674974988311494e-01
4.671048498611121147e-01
4.174256461551671959e-01
3.247772638904016795e-01
4.753167286189929897e-01
3.845395667602674594e-01
2.737946087728740929e-01
2.593174915287076443e-01
4.590600902882744361e-01
3.007662008626705297e-01
3.446160593099760194e-01
4.468419772127599776e-01
5.119477549250212034e-01
3.413381349366025885e-01
3.911890050922608442e-01
3.259202821002383232e-01
3.184474129168927692e-01
4.505039829427779918e-01
3.230575365446979874e-01
3.733652853544587313e-01
4.635872030842648761e-01
4.407197604226931187e-01
3.642913304585556622e-01
3.377255392522954258e-01
2.586130805827168699e-01
3.917755615683574666e-01
2.746581511261323438e-01
4.665083904800749193e-01
3.956982751143960364e-01
3.771636803153078921e-01
4.020709358407813516e-01
3.220104460949341219e-01
4.603891456661516335e-01
3.402599358970345711e-01
3.645782129058473542e-01
2.680795416982783563e-01
3.410650772703414657e-01
2.908005096973746983e-01
4.217014258891713108e-01
2.856338411705285352e-01
4.658913375140295021e-01
4.769901311955495049e-01
2.468913567619089311e-01
4.012944272840899274e-01
3.165515257979648611e-01
4.103797309464764509e-01
4.758998395299491313e-01
2.841110640012945443e-01
3.330621342140039354e-01
4.266571734784042058e-01
4.159762574016625525e-01
4.553653870680904880e-01
3.934667091140566231e-01
3.235568258555111543e-01
2.953013324488257818e-01
3.350180505140811782e-01
3.928549740488856412e-01
2.906734475601843726e-01
4.735073331852098777e-01
3.356425326035477052e-01
2.797030002714764874e-01
4.517028685550968925e-01
4.456116688566822415e-01
4.140667528389228025e-01
3.019914936727081112e-01
2.808857678366750710e-01
3.372217563040023069e-01
4.341658701697793665e-01
3.741344577946103533e-01
3.377414163422847726e-01
3.752757128001062426e-01
3.365581888627767193e-01
4.644676678879138820e-01
2.593430904081237554e-01
3.139879159355976057e-01
4.826577226290464928e-01
3.789538413218231927e-01
3.840305808757700778e-01
2.368438345291486169e-01
2.448801197774870819e-01
3.348879602970807334e-01
4.597208185709391048e-01
3.650096230114748819e-01
4.658702666595329056e-01
4.390966514476840055e-01
3.563767711850170938e-01
2.865782184369043972e-01
4.483284783492000880e-01
2.961455194282537895e-01
4.496472112487112094e-01
3.783778487124367929e-01
3.850326464426135908e-01
3.474866668944259218e-01
3.048785394045940844e-01
4.319628350948546136e-01
4.534030227091653265e-01
3.672783510676200236e-01
3.331846984574687309e-01
3.960099561416966507e-01
3.586350122983781308e-01
3.184451962952842274e-01
3.149257292395097330e-01
4.119214783845542294e-01
4.108296629820816226e-01
3.881967191859537758e-01
3.142515321579216758e-01
3.805511019831654407e-01
4.204646890156860106e-01
2.761789035331256303e-01
2.623276595459047567e-01
3.267665474376039714e-01
5.061207138576042652e-01
2.770035100517097004e-01
2.778632115506824429e-01
2.798396012513065245e-01
3.648249659130485267e-01
3.646160984596676369e-01
2.755460463617261935e-01
3.926602146874594856e-01
3.140559580421755648e-01
4.580186497604497031e-01
4.320350552784913978e-01
4.138922477971993530e-01
3.500321684617099804e-01
4.606612669706559582e-01
3.217059206206479005e-01
2.422123496743212312e-01
4.858750098804354711e-01
3.440563439007786606e-01
3.030367865136703309e-01
3.715721913225617512e-01
4.330901064818923341e-01
3.875426335951590029e-01
4.167917494187265426e-01
3.953761241516353664e-01
2.693147119414854851e-01
3.695057104578053919e-01
3.706107705712056721e-01
3.679076081445537549e-01
3.972384522546725250e-01
3.690502677837941281e-01
3.057236974617711378e-01
3.504038353084408808e-01
4.545887842800967471e-01
3.649984369658593186e-01
3.122021092575084089e-01
3.588672355051925056e-01
3.545774973984096579e-01
3.053388383396178907e-01
3.955204014304297688e-01
3.930574712415467187e-01
4.764498722962104971e-01
4.059146984924879020e-01
3.450455315292778602e-01
3.702895759087503902e-01
4.006471757531342437e-01
3.488296095593313995e-01
3.154661152496886500e-01
3.233156138746035579e-01
3.756613032550854547e-01
3.619132091718808564e-01
4.499439312863854901e-01
4.866244812249401752e-01
3.618273045436215529e-01
3.396930407882542413e-01
4.135422556052799070e-01
2.642162771336667437e-01
4.001611840440329471e-01
2.717443484806097986e-01
5.049907223163656589e-01
3.792821732499598308e-01
2.663990319136494422e-01
4.534555822571040284e-01
4.633254816833793366e-01
4.601786382074659620e-01
4.009164017029415161e-01
3.489634359668011832e-01
4.012750936269929292e-01
3.579268822687647900e-01
3.550764167810869787e-01
4.164811417000413019e-01
3.107918306805277364e-01
4.146461517518889583e-01
4.768741368076919174e-01
3.318918317911531135e-01
2.931859090571187210e-01
4.237549515957687585e-01
3.187813114734305286e-01
2.777015327713281967e-01
3.105495414600147885e-01
3.194464644412527976e-01
3.267007903983675798e-01
3.896710364802987714e-01
2.503795032186943437e-01
3.044325745772945568e-01
2.831673867854518911e-01
4.437857228191828818e-01
2.839355042872942492e-01
3.170162988725607200e-01
2.988321091990784328e-01
3.159053784042731849e-01
3.911499775844065052e-01
3.017541261765643856e-01
2.333157639553074258e-01
3.594556144139097187e-01
4.333956668290583347e-01
3.746327746513243850e-01
3.908916808417133293e-01
2.645446253734928255e-01
3.143586251588261216e-01
3.252921511667886678e-01
3.535458635669406213e-01
3.584488428096458956e-01
3.040466997426264362e-01
2.436250287679896098e-01
3.279583829648131110e-01
3.745532399063932205e-01
4.204707383119047903e-01
3.200368525055992674e-01
2.984206275199337011e-01
3.514432149584358345e-01
3.329304138511712807e-01
3.993001369165302683e-01
2.335601865954216871e-01
4.848689166532507144e-01
3.142960769133855692e-01
3.398864814136226542e-01
3.054981336398708835e-01
3.241984624804984394e-01
3.234454991361183085e-01
3.426189697999901806e-01
3.374580727175139905e-01
4.731686621539720750e-01
3.477929689683724734e-01
3.422135688100832462e-01
3.715979005305759530e-01
3.710130110184124974e-01
2.830537272852876596e-01
3.806343628462020012e-01
3.977133617242503139e-01
3.041574993930972748e-01
2.661561412280216143e-01
3.681922779317408079e-01
3.982768708533409585e-01
4.889142021406082117e-01
3.344696451096380030e-01
3.502409385763934346e-01
3.320082360427401014e-01
2.946835657415640131e-01
2.662415186941168299e-01
4.724452507034437865e-01
2.817781117545706815e-01
2.818207202818878709e-01
3.228553457658492332e-01
3.344825161112817691e-01
2.587093863323681187e-01
2.716213704234849424e-01
3.215490892658744437e-01
3.012991776599137084e-01
3.337433412433633007e-01
2.917974983733571115e-01
2.947277635514284344e-01
2.918239303279058228e-01
3.313184985599722521e-01
3.770251129246329769e-01
3.460525604473497774e-01
3.428327278136471534e-01
2.906710047576673839e-01
4.377689927269866610e-01
4.429008424945454769e-01
3.321397372081555943e-01
2.970416361939217098e-01
4.697627918449426287e-01
3.869356781532147238e-01
3.822971290984522041e-01
4.204284501075603586e-01
3.550456010142327701e-01
3.452271041306631538e-01
3.582521933273026260e-01
4.344737887762739614e-01
4.647918252380305870e-01
2.631064556918395470e-01
3.599829756945164827e-01
2.939486007243425347e-01
3.217048409646522389e-01
3.342173226011111442e-01
3.354678631879374207e-01
3.329770071483731386e-01
4.657711989678740561e-01
3.498058811596562734e-01
4.162623416371892260e-01
4.120942477455641351e-01
3.833992275258433780e-01
3.269948122480042518e-01
3.734384950125749225e-01
3.103472737167150552e-01
2.533674089868952484e-01
3.765303317033435460e-01
3.611079530740331500e-01
3.033114380806216093e-01
3.939564052585375342e-01
2.865919997320564572e-01
2.740426631543287916e-01
2.760019820593441753e-01
4.680782510634209914e-01
3.860007912325584267e-01
2.624526323205647049e-01
2.489723314862911374e-01
4.023260226145963236e-01
2.916211547054985975e-01
3.410408904595610968e-01
3.863528223179875654e-01
2.876158790010252542e-01
4.617085711831203088e-01
3.535268247954595489e-01
2.515847853620968300e-01
4.114621122173729995e-01
3.410204625991458682e-01
3.867139199616835277e-01
2.879411999230932495e-01
3.701236968763417234e-01
3.420097660722113964e-01
2.944512636746118850e-01
4.287819809619781708e-01
3.352832862112479773e-01
4.694369763116708616e-01
3.325493846015796229e-01
2.571219735955362351e-01
2.460179593218051186e-01
3.231536210297661360e-01
3.519261445406474120e-01
3.431305932909527456e-01
2.558506145934365539e-01
4.385342920103055819e-01
3.932034725571574851e-01
4.013967327874203295e-01
3.898797372137480788e-01
3.713988244775630054e-01
2.915579944309999449e-01
2.693343978321669496e-01
3.193531829315892079e-01
3.281054047290636322e-01
2.656569733717012438e-01
3.447957847003874643e-01
2.975656052276681174e-01
3.602033740231821435e-01
3.987421813591099928e-01
2.479925974969738600e-01
3.822613169521721921e-01
3.024062651413343406e-01
3.315099704758263655e-01
4.020860776723547692e-01
3.753148194203581589e-01
3.177760845829045167e-01
3.364617675038890643e-01
3.890107722119484079e-01
3.032539435850422627e-01
3.698803467211740914e-01
4.469795127449560646e-01
3.374955490197529828e-01
3.849700360209184491e-01
4.217927529818140120e-01
4.756039314114252070e-01
3.596860100068819954e-01
3.877554572615731221e-01
4.508311116711921640e-01
2.804783784839741112e-01
4.297494569347377613e-01
3.859343467085336044e-01
3.060864921323260268e-01
2.692169636622160356e-01
4.336017735948971552e-01
4.715176630601053964e-01
4.194636601220951833e-01
3.039917774180919685e-01
3.470305879943521576e-01
3.217689344900483417e-01
3.216832466637681298e-01
3.337882655459615822e-01
4.862920275688296656e-01
2.903044292738449772e-01
3.440862963649209960e-01
3.086275306853440425e-01
4.620799060107739775e-01
3.381092523352280388e-01
3.404491655513891546e-01
4.645029578575524121e-01
2.737709871327126954e-01
4.127897792962215151e-01
3.896055245285078850e-01
3.941118379678167361e-01
2.979279975700406258e-01
4.150718408462931164e-01
2.638837216075385905e-01
2.355628930809121613e-01
3.837876732027120097e-01
3.517024745789437135e-01
4.470392606948638270e-01
3.826753990695204721e-01
2.635343849022895868e-01
3.560922189642437008e-01
3.555909449955468871e-01
2.891106081733759159e-01
3.829265424835066045e-01
3.314748512210520248e-01
2.995648521404518094e-01
3.515610854693214660e-01
3.036524513199415076e-01
3.862859604617518428e-01
3.312816564241858885e-01
4.146594324495568307e-01
2.550628590356165959e-01
4.378184411729472147e-01
3.026456612312234951e-01
4.191005886725321372e-01
4.035318563638473632e-01
3.484310184741689076e-01
3.279070395291953099e-01
3.408686267765546618e-01
3.448110907794829649e-01
3.585176113657822516e-01
2.704401620063084377e-01
3.699724756754122490e-01
3.808650036219773383e-01
3.878923641115635812e-01
2.354024947171258486e-01
4.131972958374513505e-01
3.020349860660558328e-01
3.260312972407536924e-01
3.043042101299452407e-01
2.715877655919847755e-01
3.543180347312765432e-01
3.362497881357939811e-01
5.046738404861406124e-01
4.691384656038896095e-01
3.893768508723412514e-01
3.259794504226649070e-01
4.760996125737475548e-01
3.469151262147762704e-01
3.381188884420694429e-01
4.323301981896956470e-01
3.808942200849575466e-01
3.574606517323936639e-01
4.207584115718718265e-01
2.813152869327710248e-01
2.854669381824658236e-01
3.713577609940581503e-01
3.439618191841292139e-01
4.060003913469276693e-01
3.860490730923207270e-01
3.660512345471819695e-01
2.966553903929439739e-01
3.154470891613864181e-01
3.359991994220641875e-01
4.589076499754036753e-01
4.567414777702165640e-01
2.839679604883851294e-01
3.311454212733825897e-01
2.863963589265663412e-01
2.858948664967350672e-01
3.323526971823475562e-01
3.901761757669774955e-01
4.934339516542455839e-01
4.028601634825460520e-01
2.887193405078142816e-01
3.336899033495305811e-01
4.652772916094175537e-01
3.899857552570051844e-01
2.535898181342172153e-01
3.662323612594499678e-01
3.628800665077708265e-01
2.964897145888882313e-01
3.624050638354536225e-01
3.357003631957425904e-01
3.177701271605657407e-01
3.898949781548575189e-01
2.829627758897801937e-01
2.835595242133241989e-01
3.091210574481825235e-01
2.976834575044094988e-01
2.775701901043026720e-01
2.780348700411563456e-01
3.693039786720108686e-01
3.977192029414227670e-01
3.650852769692305433e-01
3.924484381127965049e-01
3.803889523262469208e-01
4.334821878653155602e-01
2.708352356236007341e-01
3.663597207322585314e-01
3.827733983570743015e-01
3.892992347714281931e-01
2.932122399961942238e-01
3.349233492165418768e-01
2.593813921189951910e-01
3.156410467425920241e-01
4.535559814949553514e-01
3.780324364616395871e-01
4.223754389561412137e-01
3.392657522790257785e-01
2.934053967959070475e-01
4.004425081534784825e-01
3.269607460733629511e-01
2.467100372790674845e-01
3.831584629343211534e-01
4.352906865591315566e-01
2.952127169257879880e-01
3.118375443551191784e-01
4.663027173011307647e-01
3.710896620388682843e-01
3.345057965680963141e-01
3.828039822449881835e-01
3.791553136523806433e-01
2.703616659503969011e-01
2.602966172440390746e-01
2.716521199974733514e-01
4.345869935955605223e-01
3.720223321825477103e-01
3.751075171194950264e-01
3.680282242304464546e-01
4.418522466384823266e-01
2.565493936771642836e-01
3.970711769264039792e-01
3.108932904684369447e-01
3.841870610091455140e-01
3.185025692341781900e-01
3.803567004506430704e-01
3.567986591778097849e-01
3.484251348348632038e-01
3.417809178808743908e-01
3.209838619061858855e-01
3.893650346204506896e-01
3.657229820053773395e-01
2.429368345929512341e-01
4.182122280627513233e-01
4.154095588829913588e-01
3.413528147350822217e-01
4.016979332059801289e-01
4.109725704443028538e-01
4.010079688086024552e-01
2.698311352125968843e-01
4.362802266669724149e-01
3.912647851019785405e-01
4.031323574261588827e-01
4.063426319947383014e-01
3.962497009679050164e-01
2.730939320285766247e-01
2.530664059979018665e-01
4.031824248248310205e-01
3.438883296804828849e-01
3.823090088069703296e-01
3.834100704714156760e-01
3.665228952711086507e-01
2.836925033416266562e-01
2.998214281569492323e-01
2.621906682685405943e-01
3.008075974675447628e-01
3.442505154207213813e-01
3.755374469287242056e-01
3.973893353586290811e-01
2.455864635830642961e-01
3.411968021019771147e-01
3.991958037241898904e-01
2.580682224754061727e-01
4.729459411413818870e-01
4.361135526778120441e-01
4.278253933523424868e-01
3.505293971342127723e-01
3.681368671236387446e-01
3.832433528918043342e-01
3.862997702788751320e-01
4.009051697891279908e-01
3.043741054504875421e-01
2.687063934755916650e-01
4.019785668374603604e-01
3.127934543458829042e-01
3.472043289095696483e-01
2.984804331995140614e-01
3.755311259017366510e-01
2.811819208583754004e-01
3.542584511695462957e-01
4.731039279173672174e-01
3.070297663522924547e-01
3.043498036815663332e-01
3.383529960154476601e-01
4.344903862699873720e-01
3.112752970188421564e-01
3.455558783484737884e-01
3.267078009822141915e-01
3.842709755411291006e-01
3.352956072787354747e-01
4.881956947800641933e-01
3.946644934982356245e-01
3.432950245674808443e-01
3.008435189377161034e-01
2.455893113382165982e-01
3.123513081002644576e-01
4.138158464755468113e-01
2.604664663164983351e-01
3.288520280819092756e-01
2.838673706374822969e-01
4.702678245994748596e-01
3.841023856343874776e-01
3.641624538346598938e-01
4.299396059117376323e-01
3.207623173850282505e-01
3.924489048300459082e-01
2.642597386934532611e-01
3.048948478307811349e-01
3.132450273674042274e-01
3.266251065566659340e-01
2.694267929645965398e-01
4.293652675351694037e-01
2.493721143010548258e-01
3.594528946063655361e-01
4.331903749489181554e-01
2.961958253958400511e-01
2.410837888213682445e-01
3.387114229752306582e-01
3.719323278035210900e-01
2.623340075449920872e-01
3.752136210995701826e-01
3.301529218690487655e-01
3.918877944561569571e-01
3.010903093369155514e-01
2.997799516481170490e-01
3.898534232918403619e-01
3.423848899679703961e-01
3.439045634519229955e-01
2.935427067508134535e-01
3.942762042404397427e-01
4.376621505378899823e-01
3.008252116156891476e-01
3.434616828720641335e-01
3.880925927034317158e-01
3.506804642488008383e-01
3.207973038891107076e-01
3.681798756514360615e-01
2.551897739540369692e-01
3.222248523721024105e-01
4.747087388360853311e-01
4.285568362289404187e-01
3.862159596069872913e-01
3.680662195529554315e-01
2.365460687330122602e-01
4.836048175689240947e-01
3.115776089380435376e-01
4.717127400051115416e-01
3.259705724919148007e-01
3.204651983265298099e-01
2.904021126594582003e-01
3.225186420766452677e-01
3.711539739232515012e-01
3.721275505915815907e-01
4.186482480804311623e-01
3.263345206208833615e-01
2.947422518653059487e-01
3.921506321649673721e-01
3.623010993894488774e-01
2.810875428114230634e-01
3.652360655164356706e-01
2.462863233107266958e-01
2.989283995286191042e-01
4.736229352155062466e-01
3.536118259312787115e-01
2.888600908457069627e-01
3.789123074065631758e-01
3.317888532008722580e-01
2.784543774643281622e-01
4.373326264749736181e-01
2.870080580271578974e-01
2.749372859831232252e-01
3.241032811013429549e-01
4.572297767475486663e-01
3.810544274946379151e-01
3.369515437278035597e-01
3.105466241325053334e-01
2.440256616938999701e-01
4.397659136593310425e-01
3.077426739961243163e-01
3.411817586822710746e-01
3.454390129622707528e-01
4.456415692116446059e-01
4.696849773037907738e-01
3.014592681768887839e-01
2.999817478051677311e-01
4.987159335637503799e-01
4.301282602578397340e-01
3.988728586123618247e-01
4.449224099965848889e-01
2.623714752405113537e-01
3.010951101146666087e-01
3.623269655865087868e-01
3.074574734424254108e-01
2.942464575452845010e-01
3.630180795702878105e-01
4.129676491223239210e-01
3.527491668206263475e-01
2.811574386797435765e-01
3.059163747435460490e-01
3.745989340573438464e-01
3.335180386717184198e-01
3.775226489899412563e-01
3.137591302018324368e-01
3.495974503359518537e-01
4.216101802470135773e-01
3.743155487964541783e-01
2.666692382737306799e-01
3.683709844668665578e-01
3.094303289653505540e-01
4.494142684302764312e-01
2.677764972936018117e-01
4.202582327198136625e-01
2.737530194087706703e-01
2.743288957000304951e-01
4.760242512526103864e-01
3.910950589512042219e-01
3.073515200558356586e-01
3.453707630564086251e-01
4.336859572213989655e-01
3.362870841184218418e-01
5.058978854289233329e-01
4.015404273037660454e-01
3.951396852590295938e-01
3.161992294507994794e-01
3.763714593738330949e-01
2.885626675627698257e-01
4.366024116943034716e-01
4.016402986562184751e-01
2.910918213112086428e-01
4.359923659413892927e-01
2.978151082170349406e-01
3.973901531434596568e-01
2.811957571864852068e-01
3.410220868198459709e-01
3.560802730186466980e-01
4.444229894726995922e-01
3.156081882580156206e-01
3.236101260820009595e-01
3.118389033377607089e-01
3.045482686528516170e-01
2.564755810143886650e-01
2.434739095001196840e-01
4.307674775803587708e-01
3.352602223930709613e-01
3.527650702215166523e-01
4.152652891161179305e-01
4.220003594727165241e-01
3.390835638703250665e-01
2.758684316634513745e-01
2.928642097270857114e-01
3.418484187961414178e-01
2.441556090852611549e-01
4.682933921549218281e-01
2.846133674938742808e-01
2.723849314423101853e-01
4.145300920260120980e-01
3.105139940792664421e-01
4.347626652710708806e-01
4.153446319936899278e-01
3.351836602887144356e-01
3.632978352383990917e-01
3.278907691227850307e-01
3.692120845832571607e-01
3.568324275357775410e-01
3.846411448295519731e-01
3.432873548241011652e-01
4.693650274330059546e-01
2.982328340821266965e-01
2.885722774047353445e-01
4.070892903306885802e-01
3.525915352266144609e-01
3.313184038277430798e-01
3.320225705088080681e-01
2.922009591783847893e-01
3.035395159683352828e-01
4.365236711688209037e-01
2.387047195240531161e-01
3.007980394239202493e-01
3.609972201647284606e-01
3.174735786476390320e-01
3.762179156705719452e-01
3.966360599963815181e-01
4.792251777536372659e-01
3.908955768525799179e-01
4.514256568646214940e-01
3.174626073124404702e-01
3.158598228516076301e-01
3.165777338732111978e-01
3.881338116392951121e-01
4.391424871913211514e-01
2.929563015619823796e-01
3.946184657247045480e-01
3.278332770638465732e-01
3.190528975981958282e-01
4.379908859723880554e-01
4.271530541522194357e-01
2.374024670767684309e-01
3.082803007758513902e-01
3.555701326031724396e-01
2.699558114680067900e-01
3.548130105272882528e-01
3.717841055848402632e-01
3.113869708542516546e-01
3.399333937138112050e-01
2.941200607898703523e-01
3.013048782435546191e-01
3.120952523287596203e-01
3.228487388302847538e-01
3.361574086837546549e-01
3.622771274691014010e-01
3.650008767455074632e-01
3.276937515136645329e-01
2.970012162834615443e-01
3.578695417362195985e-01
3.935252000121975957e-01
3.806668645240818827e-01
3.274179876951893720e-01
2.662774488937433293e-01
3.496170155428593995e-01
2.875518318534816542e-01
3.457627124833587695e-01
3.148275603197481232e-01
3.209453927689365216e-01
3.039492590031936392e-01
2.370686748545472455e-01
3.595877638454375025e-01
3.105945924940455849e-01
3.113010636475784243e-01
2.899527436512770451e-01
3.038531129553643795e-01
3.123706756633325421e-01
3.661246141374071006e-01
3.780260239430237590e-01
3.648471869721937599e-01
3.488130147610877807e-01
3.311234444399488996e-01
4.672757856355867490e-01
4.906385122461482395e-01
3.672307532334222469e-01
3.385851597546865044e-01
3.176966133824918326e-01
3.093939541808130023e-01
2.901708553752746500e-01
3.423382330070370849e-01
3.107727762501973356e-01
2.919147644305354339e-01
4.214703424657559871e-01
2.510180530100410978e-01
3.990251559874744003e-01
4.256135327814182800e-01
2.967852201044428040e-01
3.404310571347979875e-01
4.579698731103721276e-01
3.176041790730469994e-01
3.195088179120315064e-01
2.955923086315004333e-01
3.709394023816280361e-01
2.631704172711017975e-01
3.787925420416531908e-01
2.883833073923612322e-01
2.640057326068162014e-01
3.678830857200038884e-01
3.392290773090293476e-01
4.174653396011471784e-01
3.252369355631198333e-01
3.887221200020762879e-01
4.375416395993419472e-01
2.370223225097098374e-01
3.074902655830111797e-01
3.285938644208437620e-01
3.736936935493239687e-01
3.751403349349882732e-01
3.890343879035156882e-01
3.607448306538552085e-01
2.860216685476371090e-01
3.050750381791338395e-01
3.495124056420588210e-01
3.919975511137396285e-01
3.761511576771381926e-01
4.983703652875887680e-01
4.761755716797330118e-01
3.255013472771425831e-01
2.700553457520998291e-01
2.703452057440598466e-01
3.222446908316496939e-01
3.248940928145966911e-01
3.086947628680978828e-01
3.426685375438623393e-01
2.677465033967748598e-01
3.719332371766273515e-01
2.378825318407405409e-01
3.322071888032573361e-01
2.431154316035099849e-01
3.120749917303385912e-01
3.126504510778875257e-01
3.613699871240265704e-01
3.897130203346858557e-01
2.850230601141581221e-01
3.290736626178633606e-01
2.752365168305995757e-01
3.335220231283128056e-01
4.372243202950862329e-01
4.153830702835889510e-01
3.240516323274004740e-01
2.529964503393110076e-01
3.517412655628100460e-01
2.902772603822717512e-01
3.707798647592376873e-01
3.747049398447300783e-01
2.640977240148331129e-01
2.958413198111147779e-01
3.128607816261026464e-01
2.814026173717635304e-01
3.720622894694708416e-01
4.646466813408966501e-01
2.460972833194426390e-01
3.333512677565066418e-01
3.165401327285382038e-01
3.620345147275825237e-01
2.885785900371796164e-01
3.024137963407731444e-01
3.629569862769531086e-01
2.927307441662870269e-01
4.243691792942453911e-01
3.701693062697289927e-01
2.990748584092298712e-01
2.685752964449862890e-01
3.153923228510951415e-01
2.883576418984639123e-01
2.671834995176560201e-01
3.554950775949216046e-01
2.856980012981193418e-01
3.461274954150958538e-01
3.178191393708427737e-01
2.360379028570585569e-01
2.625288355130535600e-01
3.244487724881423563e-01
2.522786337234569354e-01
2.469721477143286825e-01
2.849059252709910672e-01
3.159776039562084970e-01
2.611703285609375813e-01
3.602807369331021969e-01
3.250942750083623545e-01
2.893060820564258839e-01
3.492052680020170108e-01
2.691254559595707696e-01
4.207436215580305228e-01
3.698585883223126647e-01
3.208784925061173854e-01
2.910559790240330180e-01
3.922909892520560216e-01
4.153504840849143176e-01
3.138099112218394882e-01
3.691572762959240972e-01
3.341691291682058473e-01
3.200490552732837002e-01
4.230438566975941450e-01
3.022177507996264278e-01
3.684578475314940205e-01
3.569342172700423754e-01
2.639941849081537395e-01
2.432929709180105815e-01
2.624234499241850926e-01
3.594105736793868910e-01
3.721446086913465234e-01
2.437542862749451089e-01
3.143431627879440526e-01
3.346647452365303921e-01
3.031462310501116253e-01
3.604932843661242114e-01
3.251200042081874853e-01
3.454277884155029787e-01
4.543403457852003835e-01
2.910889395203644647e-01
2.998597928302817461e-01
2.860666927749342947e-01
2.995736542687040815e-01
4.449225883155197292e-01
3.552106753684728946e-01
4.265868132042252014e-01
3.158845790913448193e-01
3.634780232571827030e-01
3.290275671849545169e-01
4.170807975320917627e-01
4.481383201999701860e-01
3.631726337305561381e-01
2.852928051807660514e-01
3.646774399375969922e-01
3.358277406561422374e-01
4.153940620708180265e-01
5.055180230826513688e-01
4.025793773095524553e-01
3.198060511882422907e-01
4.314214104794242277e-01
3.163429601478208730e-01
3.691980863123965340e-01
2.477208284921362247e-01
3.177548495644765270e-01
2.817143329285413667e-01
3.836645102087779535e-01
3.033099249434471623e-01
3.183197804662242780e-01
3.424703170753419790e-01
2.831243724242776261e-01
3.463261979414636871e-01
3.900367190460217182e-01
3.112446167653418194e-01
3.072637767862168579e-01
3.251182334284630771e-01
3.717559715975479184e-01
2.929931637029892233e-01
4.307218481427768642e-01
3.135945021638849584e-01
3.018883438673279351e-01
3.161790971749392498e-01
4.906360891079657449e-01
4.351695669710662351e-01
3.161180516639377491e-01
3.192229386093929921e-01
4.355232128476217990e-01
3.955111637610644881e-01
3.502715917370421983e-01
4.312436720366423226e-01
4.357050661414992865e-01
3.053437770576067356e-01
3.525836050291753510e-01
2.988208251688450057e-01
2.599472174214041975e-01
4.918410599734648336e-01
3.192096317921873094e-01
3.099828856200895211e-01
3.954738066770071003e-01
3.019768135976918511e-01
3.452192065492092898e-01
3.496221150993796267e-01
4.087380337912331907e-01
4.337180661354035904e-01
3.023414428060526848e-01
2.995668551744853914e-01
3.166011272236335383e-01
3.432075787449149762e-01
3.259585254454732128e-01
4.091513790517383731e-01
3.710882727681380500e-01
3.338437424215559557e-01
3.889078080868198506e-01
3.132599089475192056e-01
3.576381430576571208e-01
2.997034557711667491e-01
3.236178963000280739e-01
2.439730067683050785e-01
3.324581818802367916e-01
2.462079067523838261e-01
2.850640229334155396e-01
3.152103692429973347e-01
2.595240991295338362e-01
2.605951203349287648e-01
3.752850305157408028e-01
3.478072655226764898e-01
2.773090005812667291e-01
4.334199558776642980e-01
3.610020532803310256e-01
2.797834103857627652e-01
3.688369730377917266e-01
3.409536368521013938e-01
4.806550873910004351e-01
3.288582824305682495e-01
3.072959047468488136e-01
3.993817503939306457e-01
2.723048155264904402e-01
3.392525222119188721e-01
2.480790685609841062e-01
3.207154907911008990e-01
4.356065971802124959e-01
3.945553447995924223e-01
3.462939152757547046e-01
2.567907772705610436e-01
4.803840660200335844e-01
3.196618426593733076e-01
3.564311572643107384e-01
4.868890299090238294e-01
3.076265975262222896e-01
3.124581380256268304e-01
3.511058240610639425e-01
3.704298885357744098e-01
3.463974495750070104e-01
3.361430109045584480e-01
3.436114489484998757e-01
3.795564827914816863e-01
2.396917830556487827e-01
3.276562036547229773e-01
2.661041861829712141e-01
4.393026008225641710e-01
2.786440159007765871e-01
3.149150886092070833e-01
4.088976497610907757e-01
2.665146293161642643e-01
2.665074635844423834e-01
3.206146607806568127e-01
4.631360660208300728e-01
3.425649760124042653e-01
3.516920087221325208e-01
3.146860808247974317e-01
3.104828262753695500e-01
3.034430234140963467e-01
4.141294830716985564e-01
4.818797723931574906e-01
3.971080660795005546e-01
4.667693533425846253e-01
3.682185448667293359e-01
3.478363447433244215e-01
3.813631063944338817e-01
3.050959219766145036e-01
4.244619541699877763e-01
3.623122504576576919e-01
3.650860422310129305e-01
2.827474272232934904e-01
3.794935770045712031e-01
4.556974244542680297e-01
3.926737147096927560e-01
3.202326104995472655e-01
3.350952002645581906e-01
3.383295614780720273e-01
3.606827305038234344e-01
2.659763126516359599e-01
3.401604021451941073e-01
2.727377084349809633e-01
3.473763120081366229e-01
3.492084572382405661e-01
2.681310581435760731e-01
2.783611443827009868e-01
3.520546953413165592e-01
3.264657211914510637e-01
3.945983559962523146e-01
3.857131060579905846e-01
3.809110857046588694e-01
3.341920192437421444e-01
3.262359692614025253e-01
3.549482435649478074e-01
2.537659674431953505e-01
3.858703604011742838e-01
3.578919254969782360e-01
2.775024971379034255e-01
2.996813934019076364e-01
2.699809108786547229e-01
3.608777987091624229e-01
4.970698643624824609e-01
2.925937456240675361e-01
3.882604965195834423e-01
2.975275547888815986e-01
4.079363135411708252e-01
3.326743042765713532e-01
3.413165550061933451e-01
3.251839262192063873e-01
3.015115425312884789e-01
3.546947851323593026e-01
3.178848652847354184e-01
2.420910789039484035e-01
2.531412216177503227e-01
3.279788186354166690e-01
2.797789663329818266e-01
2.886826168888604882e-01
3.160284905485403195e-01
3.049317361303889862e-01
3.521989402504090427e-01
4.221996582148174748e-01
3.503018710815432035e-01
2.676815486334577221e-01
3.387952136565036687e-01
3.534902272483934071e-01
2.575441979504508039e-01
2.920298411300241148e-01
4.077165764034905160e-01
2.898120561403134676e-01
3.098906398950033725e-01
3.552842474474370293e-01
2.379583703746115109e-01
2.966790139942286353e-01
4.742268773036882878e-01
2.820337625930119385e-01
3.838856395514180786e-01
3.506601010706724697e-01
3.241611128488200988e-01
3.089435668553139336e-01
3.158327118378819742e-01
3.447483625747463365e-01
3.027672767667677900e-01
3.000929677835231790e-01
4.419716927210626256e-01
3.004377010573925921e-01
3.203767968084370588e-01
3.628686025731815423e-01
3.157852389275225824e-01
3.403435546602270323e-01
2.812239498855725328e-01
3.475181034525677837e-01
3.226357538267228819e-01
4.019493035303998152e-01
2.644776969176237946e-01
3.615052147170360053e-01
3.220284653454589807e-01
2.498332026982444387e-01
3.525429320081609474e-01
3.570315053024202268e-01
4.138322034420197637e-01
3.760094617494168512e-01
4.614106649673046512e-01
3.368543407447401883e-01
3.809912808087373426e-01
3.951391623938591002e-01
3.819846764600896005e-01
2.951318623019362208e-01
3.166401588386234534e-01
4.671402247930594442e-01
2.994582721399070557e-01
4.418677206877075214e-01
3.948853626780526316e-01
3.342772357645035775e-01
3.642354623539474368e-01
3.427030810812360384e-01
3.170359339966969947e-01
3.371870946375913336e-01
3.824922699063933451e-01
3.047936221589734318e-01
3.825044164780401212e-01
4.376514496704682067e-01
3.236263594075006744e-01
4.992312418370709048e-01
3.233507920597378793e-01
3.313897620759158613e-01
4.135319353562454947e-01
2.629562659173851347e-01
2.518731001770793676e-01
3.084438740356645892e-01
3.961131786556234546e-01
2.758102872191959265e-01
3.497979110227427690e-01
2.734873248789649880e-01
2.822865742603443140e-01
3.380765520773483246e-01
4.336298171920922040e-01
3.475536305048041452e-01
3.741527412180908341e-01
2.956857817871128002e-01
3.548204622359004135e-01
3.343746411512017458e-01
3.122529669193647162e-01
3.196717541415252106e-01
2.973589974639075373e-01
2.891623993502506762e-01
3.876095490673363564e-01
3.444745062886565568e-01
3.553566157769449951e-01
3.061938107351541705e-01
3.884591896224263152e-01
3.370900507920746580e-01
4.285350170167899209e-01
3.305685798952643917e-01
2.570455779764640458e-01
2.566676189678319675e-01
3.503384821473086164e-01
3.991149060489174172e-01
3.486788814747954213e-01
3.436909433927908819e-01
3.371685262681445305e-01
3.978843475572128585e-01
3.451000779046078937e-01
3.343740055667627220e-01
4.715133336807061926e-01
3.033625010210649897e-01
2.829078296306659079e-01
4.260878916256731208e-01
3.150037938527837644e-01
3.679164807439222473e-01
3.659547727351438740e-01
3.905364660003748378e-01
3.263929659903820890e-01
3.059990928494202844e-01
3.396994588043963370e-01
3.642031396432030554e-01
2.809632856967781422e-01
3.531832626867272285e-01
2.563190539907045373e-01
3.467477589934535032e-01
2.552867091616812800e-01
3.456071304062381389e-01
4.501079146643446882e-01
3.090741028826825554e-01
2.572135179078940403e-01
3.350121922158054710e-01
3.579469731507072261e-01
2.506239104785382699e-01
4.249130957566869538e-01
2.931833724595675483e-01
2.942298410263897712e-01
3.425281085334645481e-01
3.158613058231914406e-01
3.340855475860397550e-01
4.098999976692471181e-01
3.669784244932852713e-01
3.786495659287134607e-01
3.271417319649583266e-01
3.560815996685133267e-01
3.875685710744427026e-01
3.680199583152411469e-01
3.247199328314589462e-01
3.013973337588440882e-01
3.468069789450705653e-01
3.443490214369287483e-01
2.801549834575475795e-01
2.792600681944709118e-01
3.590292917766829128e-01
3.490934042372393353e-01
3.639924875336012500e-01
3.620137865223620466e-01
2.979102509737044380e-01
2.980216549483398758e-01
4.497077007827000594e-01
4.196591162867915892e-01
3.474669353951241324e-01
3.069374197417839567e-01
3.653225055494291329e-01
3.264771409335625596e-01
3.491993188327298658e-01
3.967696934656730900e-01
3.009137582715996628e-01
3.403236674703397635e-01
2.941750465592211650e-01
2.916584277559012284e-01
3.532842844556398076e-01
3.155891695435131261e-01
3.900398023942555081e-01
3.729285800882361501e-01
2.828765191487309094e-01
3.642264082715815365e-01
3.391413014014396099e-01
5.047893594917455262e-01
2.986828512724623574e-01
4.623406672818031748e-01
2.896232363931719456e-01
2.953697980133637158e-01
2.485612192731235792e-01
3.048776127299401284e-01
3.151842915671296264e-01
3.426786454603733545e-01
3.231571035579348661e-01
4.747436683320584994e-01
3.252775153221549309e-01
3.560514850099339990e-01
4.173996920185586434e-01
2.510219743797816871e-01
3.443379888805980227e-01
3.352010860378894508e-01
4.385778944290053549e-01
3.250318544744820737e-01
3.536785627998262904e-01
3.010951232866355132e-01
3.700011510657338909e-01
2.629848968197745496e-01
2.630097916345638387e-01
3.730439577033695664e-01
2.954583938095485807e-01
3.701301999469238102e-01
3.030665425734140328e-01
3.421292945740885827e-01
3.374066680256501694e-01
2.913693233399650140e-01
4.334631019997071677e-01
3.994041598311526831e-01
2.405999774710275985e-01
3.051188318574856728e-01
3.669423074233235660e-01
2.938337865772602253e-01
2.732121175640024324e-01
3.872298059723792152e-01
3.039539997256784920e-01
2.834478762825868858e-01
3.658787459125750208e-01
2.556655766555241960e-01
3.619103093828264783e-01
3.737648872740070294e-01
4.857655883688459797e-01
3.058244614032307185e-01
3.088632073217716378e-01
2.945761390981869177e-01
3.371752123400359458e-01
2.522025586325529756e-01
2.940764119851531633e-01
2.557749646957255263e-01
2.908484414332121459e-01
3.345184948601807040e-01
3.339686601257346177e-01
3.520219771822282739e-01
3.045638808307843393e-01
3.386975232991090157e-01
3.469738168024700808e-01
3.311074668659456655e-01
3.578729418270605311e-01
3.413818970424987165e-01
3.545809833033282676e-01
3.436439656277560095e-01
4.235427951111957467e-01
2.956210903074688590e-01
3.302352806503405791e-01
3.420539466354846070e-01
3.365856847587004319e-01
3.740887044428602426e-01
3.248806297913527930e-01
4.726633220977936034e-01
4.106815946873094147e-01
3.313196494291743011e-01
2.932184234518998012e-01
3.339145806012392970e-01
3.148123182410382248e-01
3.763609715832879066e-01
4.768389533160091176e-01
3.080908733176239145e-01
5.058785789543132072e-01
4.162347982107541533e-01
3.108127199790494122e-01
4.534955245560444714e-01
4.134439778257864573e-01
2.991807767373360627e-01
2.896524274191104587e-01
3.332420088726613661e-01
3.865233414464351869e-01
2.989461135635001487e-01
3.410308837930007830e-01
4.445050806914115915e-01
3.583158803767704792e-01
2.587889264087281926e-01
2.923486618512408652e-01
4.489605426243309938e-01
3.138718358589706603e-01
3.384821005802867711e-01
3.435533404603007823e-01
3.931596706122999496e-01
2.937097633165057786e-01
3.019901854807454100e-01
3.056744623731166843e-01
3.074097350562895459e-01
4.483506891244640191e-01
3.321375200056737587e-01
3.107547973513903328e-01
3.036490714302264027e-01
3.395081134340564577e-01
3.002760145220577104e-01
2.890942159758187469e-01
3.412667793137479366e-01
3.213238248085235060e-01
3.143314869547983448e-01
3.354064640332162783e-01
2.889321197469518210e-01
2.879235687342123207e-01
3.473279298625948086e-01
2.612331603992379403e-01
3.503709995732367521e-01
2.568195543486623267e-01
3.108048697196911236e-01
2.510464988850052426e-01
4.562689417862305086e-01
3.741832791734306385e-01
3.006352806710321790e-01
2.390613445014724003e-01
4.345426894674015994e-01
2.799159875607114545e-01
2.697125988675753150e-01
3.376013776853467596e-01
3.488011922581156776e-01
3.416079578394031202e-01
3.277719007741901613e-01
2.936596434067363925e-01
3.005574194788084297e-01
3.429557056385985625e-01
3.863036781525614471e-01
2.676170481093132492e-01
3.661091956269094672e-01
3.598285548070120354e-01
4.374590461178159417e-01
3.191880651582677531e-01
3.361286342611856104e-01
3.147762619726343636e-01
4.106982206400608404e-01
3.326726491561611265e-01
2.735676063170370820e-01
4.296603123307279892e-01
3.689453557870895350e-01
3.427767210080997495e-01
3.112597587360001472e-01
3.900875415668075274e-01
2.982120277569575428e-01
4.167504335308582220e-01
4.811661676292683931e-01
2.420633678496713903e-01
3.247521989548954879e-01
3.466682563408777784e-01
2.904191118478917089e-01
3.449816719005546761e-01
3.640026311774180456e-01
3.352968659594386946e-01
3.438882104656403871e-01
2.912980422275378567e-01
2.607554321766579752e-01
3.512755836785045882e-01
4.022547238984669482e-01
2.795167292496203992e-01
3.037188033126912989e-01
5.117005375436556314e-01
2.806714351395483420e-01
4.947090435924405005e-01
4.862218329846259568e-01
3.437452363401070077e-01
3.477636554255086887e-01
3.962276265031409728e-01
3.314879313625935242e-01
4.166080408127444956e-01
3.258999960094931536e-01
3.040095292316748465e-01
3.437231539343484910e-01
3.953314282030077620e-01
2.941085897942682381e-01
4.763244355960696841e-01
4.575779601816869491e-01
2.842531069160196822e-01
5.087232932394759599e-01
2.745710703910207440e-01
3.625899041225091324e-01
2.975721254055982978e-01
4.141255515641457663e-01
3.209512051471975491e-01
3.488843902736455393e-01
4.212283531589858243e-01
3.875998743019105075e-01
3.419716389872557438e-01
3.653435834083952893e-01
3.486534495190254379e-01
3.986311745697407871e-01
2.555138417297486697e-01
3.940585872316290650e-01
3.385639382713718781e-01
2.452224886470441012e-01
3.451602399699270629e-01
3.152885314376726589e-01
2.923753632902523214e-01
3.910512426341292147e-01
3.394262980301607224e-01
4.749673322848748103e-01
3.731549114728502925e-01
3.083346997553301216e-01
2.837915784832957811e-01
3.805662978135356256e-01
3.436287808510387065e-01
3.363550499547073858e-01
2.948962375312888518e-01
2.621185679446474959e-01
2.920219743074794483e-01
3.257836556574958409e-01
3.398752816575064117e-01
2.613896757127567305e-01
3.581042493678147087e-01
3.433733033155894621e-01
2.926913222713560803e-01
3.176169210843124424e-01
3.498355796757166014e-01
3.330870415253868733e-01
2.989958384370710043e-01
3.436520055133380214e-01
3.476053231570001012e-01
4.769030613503290050e-01
3.215769368020576779e-01
3.724395729879264039e-01
2.897582500434768837e-01
3.615794549980047012e-01
3.342539496275750421e-01
3.027622776085166501e-01
3.441471866464983487e-01
3.599749660300527454e-01
3.660511904603383493e-01
3.109076259238641726e-01
3.144735606601343214e-01
2.597153659404509707e-01
2.595300918134402224e-01
2.983905364636831314e-01
3.768482706954359718e-01
3.072911516334236870e-01
2.395610298226516499e-01
3.145569773688404180e-01
3.190694465124742085e-01
3.996166359900314990e-01
3.020409970578337155e-01
2.936885556461587554e-01
4.874655858013802190e-01
2.416038564179961989e-01
3.010253480348022426e-01
3.598285759757797186e-01
3.680935101975956747e-01
4.972050399962228973e-01
3.088124845627965853e-01
4.222451003410190862e-01
3.694951494095535804e-01
3.122641147384143667e-01
2.519041156787013014e-01
4.218294367136301015e-01
3.620260728937652051e-01
2.896934986627102138e-01
3.364717438585946852e-01
2.878434476429793665e-01
3.195891355232664544e-01
3.331348810324978316e-01
2.524453276476451569e-01
2.819348238505021698e-01
3.037260737097463026e-01
2.650931798117446836e-01
3.565656612602686182e-01
3.274481093583213043e-01
3.571314064319935366e-01
2.838519768111265607e-01
3.515730161481951388e-01
2.736361878219032984e-01
3.585410267349777858e-01
2.501372236255980930e-01
2.624952394494024510e-01
3.661944903458495548e-01
3.963395939340349505e-01
3.142124875613815371e-01
4.476472148729012668e-01
3.536384022516003145e-01
3.348745632643282399e-01
3.067947810079362791e-01
3.020053321292042181e-01
3.898865828597271599e-01
4.139542089593339913e-01
2.853044993821601816e-01
2.606131884848337799e-01
2.644904392514320635e-01
2.999916059809117352e-01
3.168783815383951485e-01
2.910861880118179590e-01
3.244485810343847310e-01
3.754080131986083368e-01
4.327843405354869777e-01
4.038792804208342635e-01
3.878254632259646173e-01
3.029001584939100544e-01
3.571256858604963114e-01
3.038834556173349299e-01
2.712967553497662165e-01
3.361521814706790456e-01
3.594788725981688526e-01
2.512724314278395044e-01
2.502075294561618146e-01
4.113544215638049728e-01
3.409528276695166227e-01
2.756133009921563626e-01
5.057341345459723803e-01
3.375304759643520947e-01
3.628522808299467495e-01
3.352474070011044471e-01
3.792610133916086146e-01
3.093373630948533792e-01
4.213597066643189892e-01
3.066476038679265548e-01
2.601738357764107334e-01
3.473936826582272319e-01
4.313397990148750138e-01
3.532134354526724196e-01
3.271392349934069688e-01
2.985345381686781430e-01
3.352227504696977944e-01
3.318968824988373645e-01
3.485448117817762648e-01
4.332510403501970697e-01
2.907048345534615219e-01
3.047483222092258193e-01
3.139635206138092771e-01
2.883901252971509677e-01
3.577758925428407566e-01
3.961232027648088905e-01
3.396856344780609382e-01
2.744430281494504853e-01
3.168315604460397172e-01
3.351613780211646354e-01
2.789258205696938941e-01
2.969131118470086927e-01
2.882475723828479830e-01
3.082777261595330831e-01
3.186552660852663976e-01
2.544307549235700905e-01
2.913637008235775427e-01
2.719205489192904612e-01
4.614782720179494424e-01
4.177355517050919120e-01
2.974776953299632654e-01
3.506716018781440014e-01
4.755913818901796875e-01
3.180454171149426634e-01
3.478312543084774444e-01
3.640295984609014934e-01
4.918294882359148246e-01
3.368492375937838790e-01
2.840821732399149702e-01
3.573674412624761043e-01
3.695580352671506419e-01
3.151458761661037333e-01
3.327350845622855657e-01
2.899770813218830456e-01
3.552934973357622650e-01
3.219077066811452670e-01
2.873620897297634036e-01
3.153567826479631853e-01
3.184290554810546015e-01
2.594351904553724442e-01
3.079463979719990196e-01
3.046325951157374257e-01
3.443435466666627254e-01
2.777490017889901464e-01
3.315871660284784306e-01
3.144189099051040714e-01
4.188102334903139878e-01
3.215775764696759409e-01
4.612865349578771368e-01
2.916693492628273376e-01
2.518995144154095867e-01
3.106159796588038868e-01
3.131516746464612644e-01
3.358596199092407364e-01
2.944280303912787389e-01
2.843036813267136309e-01
3.731413944252974790e-01
3.324934168090186160e-01
3.677818029865518867e-01
2.997500545086305701e-01
3.415813045467701037e-01
3.360666746232919833e-01
3.319591512313793125e-01
3.381625614110047584e-01
3.073783763221126231e-01
2.752854424192991423e-01
2.884015835665755256e-01
3.106140286703985010e-01
3.562451557300107541e-01
2.518391433722155237e-01
3.036161918237301194e-01
2.861756709014616207e-01
2.790531404516781722e-01
3.036019469324412468e-01
2.826092499288648807e-01
2.630921757573662090e-01
3.045464020197905519e-01
3.414976211850279109e-01
2.799727267925349872e-01
3.445242428972604132e-01
3.118903751042783612e-01
2.893651440752878501e-01
2.901007583186961392e-01
3.475686463897644241e-01
3.092652355417597754e-01
3.674306258867721109e-01
3.335899072589824654e-01
2.885859247187521626e-01
3.030887907820296601e-01
3.151666306406524787e-01
2.646451576175444242e-01
3.666456052604637472e-01
3.221114771830080326e-01
3.087223413898077529e-01
3.455258212929758210e-01
2.899817344798713559e-01
4.364161321384745773e-01
3.480352830753137838e-01
2.897666170723734447e-01
2.412590218765537919e-01
2.475185354061174292e-01
2.893257134366062355e-01
2.969371453218834778e-01
2.790242370961505403e-01
4.164986147836243213e-01
3.311359391148336329e-01
3.135122850047078469e-01
2.987216625517601920e-01
3.779286649472316517e-01
2.611889789766173031e-01
3.334426284365458182e-01
2.418950934348744197e-01
2.619988742076838073e-01
4.330233383768415933e-01
3.197642960499429421e-01
3.174368283997618945e-01
2.860871418426347290e-01
2.529753258321190135e-01
4.069060145082163404e-01
4.571829586153998148e-01
2.813104506703267282e-01
3.494059226900174675e-01
2.906864923719188476e-01
3.607303618889555197e-01
2.694840534031700541e-01
3.123250237967409304e-01
3.389633765556870904e-01
3.167500315673463795e-01
3.699739760248760279e-01
2.635909111874797373e-01
3.413993808487155723e-01
3.007575095874112647e-01
3.025254435642463213e-01
3.711411046060673069e-01
3.367931625323717371e-01
2.768571911605791636e-01
2.808317112435275154e-01
2.837719533352798806e-01
3.015907645527821090e-01
3.280723561765144236e-01
3.567247260245511864e-01
3.272267794265055207e-01
2.906506105640377924e-01
3.307483105600336759e-01
2.501865511990681856e-01
3.000719689401840085e-01
3.386602709084209906e-01
3.187253124288130790e-01
3.150757904149564248e-01
2.672027138077751607e-01
3.071738853555728843e-01
3.273421678110682298e-01
3.440237967644459993e-01
3.335091938353228480e-01
4.279029830406820278e-01
3.141729829643337690e-01
4.164254072327767675e-01
3.396498064367258762e-01
3.245927207814500171e-01
3.997672488537043489e-01
3.410248334215482124e-01
4.913279564548915235e-01
3.814829832612536831e-01
3.052262937375377905e-01
2.752161104458004104e-01
3.133625824759011524e-01
2.880122822586150266e-01
2.636472597235304249e-01
4.840282223608865508e-01
3.288734580725122258e-01
3.690759340097994889e-01
3.163707633025941712e-01
3.250569505737938569e-01
2.812697357653077268e-01
3.374934203930047838e-01
2.813927340631021679e-01
3.170351027552743561e-01
3.674906896727001548e-01
2.797358466826008749e-01
2.816996081266426866e-01
3.339803789390629052e-01
3.532604964197468833e-01
2.824345553644964091e-01
2.631101889183075637e-01
4.374846047526657067e-01
3.025532527024288876e-01
2.878212005003826790e-01
2.863820358005909616e-01
2.838932270233140431e-01
3.326879383675062640e-01
3.386593361384176992e-01
3.397464972855537835e-01
3.040178146613560783e-01
2.870725862632950154e-01
3.316177877986538070e-01
2.949455026220005327e-01
3.572292092520092388e-01
3.171910898127329737e-01
3.499229358930317502e-01
2.583281709153911199e-01
3.646363840718322979e-01
3.065597551639969720e-01
3.257415022587368258e-01
3.209509223822853419e-01
2.680581212999987861e-01
3.241341316979050591e-01
4.118903989720769654e-01
3.573451220875297762e-01
3.080255712099831955e-01
3.093541511650946818e-01
2.897031580872065915e-01
2.874189707766370283e-01
2.935194166332439347e-01
2.964862030133699755e-01
2.979957942492909573e-01
3.155579104340982544e-01
3.221503038230754679e-01
2.571856264426650163e-01
2.812479765564092071e-01
3.434867915415273920e-01
3.011114542977602060e-01
3.065668039532784550e-01
2.807553916415556627e-01
2.973124656061622573e-01
3.027826236576914298e-01
3.141571740948883029e-01
3.743356929731810334e-01
3.577707894508387887e-01
4.272345940164087308e-01
2.435596502399947627e-01
3.144458947340215138e-01
2.817786689667218791e-01
4.692798489194288658e-01
2.872177519989100869e-01
3.633677409069810960e-01
4.019236532468010159e-01
2.572387675789177264e-01
3.448631502532317761e-01
2.771714659717373075e-01
3.258505369385579775e-01
3.279049674391848468e-01
2.573704369197725716e-01
3.075228307931374694e-01
3.328036761396123699e-01
3.040850950465799341e-01
3.195541681066238482e-01
3.494722911078691485e-01
2.761040264855456616e-01
2.377890057583834649e-01
2.933309257295045880e-01
3.082142651682409640e-01
2.526431907720800285e-01
3.974576277469482055e-01
3.065945676500761441e-01
3.543900147974342052e-01
3.467006185064817059e-01
4.888299703059219570e-01
3.217198548848984596e-01
4.821079980495571737e-01
4.197455322928466126e-01
2.465412438528355454e-01
3.330214264608802321e-01
4.154682903525613868e-01
4.107646730855352146e-01
3.076533859169179319e-01
3.254533310572428895e-01
4.370333031255360656e-01
3.538319644928650809e-01
2.849136010167948041e-01
2.998130818276143472e-01
3.272293864968609522e-01
3.172007646387426383e-01
2.854447995193776233e-01
3.227095612019212911e-01
3.121017793675489593e-01
4.128640507026766215e-01
4.095286540155496091e-01
3.610103231056960849e-01
2.847500285656519581e-01
3.761540960167459313e-01
2.763486705865473847e-01
3.179570638175879815e-01
2.828383334155510354e-01
2.741306665751136462e-01
3.357385620732046272e-01
3.189347593478868426e-01
3.742434622495136587e-01
3.729470785063529470e-01
3.133287090357397275e-01
3.794549449987910661e-01
3.024978957600193974e-01
3.429055467905920418e-01
3.600724715353952887e-01
2.806642181216699172e-01
4.328175713348174636e-01
2.916644393966069115e-01
3.686382014941553820e-01
3.525428734498637362e-01
3.350604851619556346e-01
2.664019918262897080e-01
3.235793821658117797e-01
2.725905099911148377e-01
3.332103257806121044e-01
3.417611886467236681e-01
3.249530972861169875e-01
2.517189636752762971e-01
3.998535690563023159e-01
4.798135500232804107e-01
4.077941129136830600e-01
2.925321961462734599e-01
3.204163678098034262e-01
3.321299005871088394e-01
4.364795037755449525e-01
3.237268619494588218e-01
2.447132406161075524e-01
3.524848001817954546e-01
4.375151511571500618e-01
3.330750802436424074e-01
2.516083070050106896e-01
3.281932178518874865e-01
3.272815129159242220e-01
3.014920366454488243e-01
4.410248127532090390e-01
3.086954279713376437e-01
3.224788474145230954e-01
3.967750299883541221e-01
5.117814106454755541e-01
3.507062034150235097e-01
5.090220044573960934e-01
3.481062242778226734e-01
3.013425645176924794e-01
3.113312086851492411e-01
3.155898313483778694e-01
3.319048680154156328e-01
2.649600873129162038e-01
2.431314853583100288e-01
3.336056880459080110e-01
2.580762931495229062e-01
2.720099732655267832e-01
3.518426499669623508e-01
4.172339470008213924e-01
3.185961715598419897e-01
2.607429177116699082e-01
3.490423444722486335e-01
3.421663760464663806e-01
4.690277040120898744e-01
2.511937970570911061e-01
3.672900636306428712e-01
3.033464230739483791e-01
3.008331539106068875e-01
2.868635492886537075e-01
4.231341785316403148e-01
3.471509266239252156e-01
2.618127673393670918e-01
2.840138166293609823e-01
3.021356403338667507e-01
3.504511100730314244e-01
2.726892624804881371e-01
3.123536492661418418e-01
4.365832856959201980e-01
3.006533760297230295e-01
2.635422264376350854e-01
2.497063982045707176e-01
4.730386061666901343e-01
2.719775237300606774e-01
2.582287213079040855e-01
2.931405742056105712e-01
2.744445822917243039e-01
3.399056593886665145e-01
3.208691836981148460e-01
2.877350139058422185e-01
2.617282643268745157e-01
2.976284455157338082e-01
3.004070540544052648e-01
3.178454016621670153e-01
3.384821992272767366e-01
3.002621141426912721e-01
2.759866953989102978e-01
3.290027513823625127e-01
4.886377561775819278e-01
3.354365942652011712e-01
2.864619599306716946e-01
3.326270939093515788e-01
3.246502006998102652e-01
3.042903145118425745e-01
2.716370652759628190e-01
2.781520855458680663e-01
3.787099475657199066e-01
2.611267240754364671e-01
2.923883814618603583e-01
2.966270355313143092e-01
3.467784498572408225e-01
3.033817437143211393e-01
2.915184935158374180e-01
3.224972386660192591e-01
3.998437032539541303e-01
2.655107086239713587e-01
3.054960141652927064e-01
2.991529827643601980e-01
3.865834707767251133e-01
2.776730889824065018e-01
2.994948917375035990e-01
3.439146130474310947e-01
3.322239651692526774e-01
2.655490715291293768e-01
3.344125583816459080e-01
4.287000361720082475e-01
3.014039765997698628e-01
2.440921233410441038e-01
2.960488582995309814e-01
3.193174489313624909e-01
2.771473190014793198e-01
2.554602106835748843e-01
3.783490349355684290e-01
4.062416552313722340e-01
2.791806869768903021e-01
3.235511444197485265e-01
2.989413946091733498e-01
2.750403911098497911e-01
3.208596760083774480e-01
4.527911897153064080e-01
3.699301548545517737e-01
3.772653595089664469e-01
3.445025620459278293e-01
3.438968039355577155e-01
2.783108989425783775e-01
2.408421805255414605e-01
3.387324328944479879e-01
2.835517070481062829e-01
3.041585466002350024e-01
3.219440996223258411e-01
3.104985544676569509e-01
2.817300289025065907e-01
2.872316276185294392e-01
3.198372880338336555e-01
3.252007243880473131e-01
2.881279716934572188e-01
3.114272581700184284e-01
3.048546662493035186e-01
3.182050451480740727e-01
2.668381957434352025e-01
3.260299068303681991e-01
4.841293895565544347e-01
2.427605273394365104e-01
2.989678583388012401e-01
2.366467050154770491e-01
3.356368994968975117e-01
2.700028958385077282e-01
2.880427092149748236e-01
5.017792941490472058e-01
2.810694628793309890e-01
2.806063756494397432e-01
3.216602829085256632e-01
2.438101919184317845e-01
3.190887085975870896e-01
2.611224178231709714e-01
3.269285902505564279e-01
3.245521255776527836e-01
3.350925400561017287e-01
5.014813112954772389e-01
3.005515035493860343e-01
2.961775047778116288e-01
2.772443725492024780e-01
2.681333845178978659e-01
3.245710225623411604e-01
2.953129255006927689e-01
3.650224557888709920e-01
2.818644488814979754e-01
2.619618442535724956e-01
3.663681232794003817e-01
4.469119322655519810e-01
2.838414598756818230e-01
2.719830428793550969e-01
2.779552356963355675e-01
3.387645405340991567e-01
3.396746716873443317e-01
3.352454529184316079e-01
3.026736031273288274e-01
2.919658042703962009e-01
2.910182310032337627e-01
3.870888626377443353e-01
3.416908308339702272e-01
2.970601693851049885e-01
2.948695364200695779e-01
3.118590153186175939e-01
2.755069803637795744e-01
3.373759996604426825e-01
3.106575937892082084e-01
3.123465096270696684e-01
4.923296293931317957e-01
2.957519829486693341e-01
4.461831743168125364e-01
2.598019899812928357e-01
2.443828975380563095e-01
2.459419416243395495e-01
2.763865192177478169e-01
4.820544665542423335e-01
4.360826673257380826e-01
2.779356652047590970e-01
4.158755490256476617e-01
4.169582439700552645e-01
3.041440700161479049e-01
2.988583787767661870e-01
3.021940234188110197e-01
3.562305477084706240e-01
4.551906799981719765e-01
3.348668955591360130e-01
2.968771487067058401e-01
3.142717200147046586e-01
2.901126416338478675e-01
3.357790245506018234e-01
3.492166068880359076e-01
2.958920387080474224e-01
2.749180603726280037e-01
3.032845223772209775e-01
3.366184237724559880e-01
3.191062762807695408e-01
3.231511088469921633e-01
3.341010768454969471e-01
2.890736085729563309e-01
2.549617801951780116e-01
4.006620364684939650e-01
3.182352583542424895e-01
2.917471877493878485e-01
3.762256202719348464e-01
4.995231534523373318e-01
3.002121696942712803e-01
2.624851403388359650e-01
4.446765077426525492e-01
3.964081359581044239e-01
3.409672770255052221e-01
3.011672898015168021e-01
2.553849171417351127e-01
2.877524608889009960e-01
2.853455595108683740e-01
3.317381893140392002e-01
2.735245365457533162e-01
2.783831790569586406e-01
2.889435006914093385e-01
2.756209036428726722e-01
3.754393763416582486e-01
3.025288962395261683e-01
2.798917025010864701e-01
3.154509202248211852e-01
2.802103006538518848e-01
2.919736732099470489e-01
3.512194715470304263e-01
4.543256327050447241e-01
3.447404367857319629e-01
4.170126856649880032e-01
3.634093281961451316e-01
3.041299682351557010e-01
3.748425262308366923e-01
3.097417737199819610e-01
3.383285392982921524e-01
3.081439657473026839e-01
2.722286211992319127e-01
3.120022475543502427e-01
3.443497143508186809e-01
3.614548657711030843e-01
2.554678098222012417e-01
2.584998254082996327e-01
3.478375869212405047e-01
2.543363759188820850e-01
3.531486187556662770e-01
2.978608375363905880e-01
3.619551213066818374e-01
4.853250994717905331e-01
2.768164433545394765e-01
3.163401323578463042e-01
2.767881624212935598e-01
3.711655179710713903e-01
4.362147977670500221e-01
4.026104749937463589e-01
2.944795771143638996e-01
2.911978342082229831e-01
2.714064034081072330e-01
3.203243303716093449e-01
2.597553466539767597e-01
4.030079370337839029e-01
2.977975712047388757e-01
2.807694521258798370e-01
2.758810462465138280e-01
3.210153840498432554e-01
3.610728664243807451e-01
3.456233163902311945e-01
2.701124665757156373e-01
2.892288400563337025e-01
3.512231874475015281e-01
3.636325811752937898e-01
3.748803812443128325e-01
2.996212991359836764e-01
3.094737626472851000e-01
3.191094026315701715e-01
4.074866672537914569e-01
3.249656969813938812e-01
4.723875793729334083e-01
2.738173449205642540e-01
3.244386235893816361e-01
2.848938475233526169e-01
3.087340273773966359e-01
3.543353960107489264e-01
2.863137989876595180e-01
3.100044845790003167e-01
2.773882844268592551e-01
3.352157282685946371e-01
2.951458891469248558e-01
3.489316898748033302e-01
2.723068387349833475e-01
2.933844878598781958e-01
3.569018809722946384e-01
2.994620783205858561e-01
2.966489534907718606e-01
5.054574950694851188e-01
3.320725395568676630e-01
3.969780068801480599e-01
2.675696827774959874e-01
3.835176405898187424e-01
4.789040640966376605e-01
3.589287525927238320e-01
3.938181746323284327e-01
3.965251322420915159e-01
3.283481164821502318e-01
3.664948240464871443e-01
2.806437050726634519e-01
2.711933545649662936e-01
2.879677149559833893e-01
3.220988999550208898e-01
4.943318315423351206e-01
3.375158505598800374e-01
3.139978933965163477e-01
3.321337177050485701e-01
3.117773319484623551e-01
2.999051010977564768e-01
2.927364640153997111e-01
3.460814575991897901e-01
2.987955742907338896e-01
2.801890608497163426e-01
3.079247850606890990e-01
2.627259528635157437e-01
2.727888509253644234e-01
2.802003908001019505e-01
2.930948345536609767e-01
2.599109209914925445e-01
2.702918585882092550e-01
3.332181504615688294e-01
2.782365967542559382e-01
3.191276138152420727e-01
2.398875121771641972e-01
2.718377734371444920e-01
3.211401850840075456e-01
3.127856116632207750e-01
2.971106077803845058e-01
2.393081358992361907e-01
3.453001683348524420e-01
4.326454238113772721e-01
2.435156215489413245e-01
2.503190405597237045e-01
2.531344716631201419e-01
4.710912794774878010e-01
2.646179411026705619e-01
3.126545842280746834e-01
3.237368105685817232e-01
2.761704975441285903e-01
2.754329919359855827e-01
2.999133882280377583e-01
3.405413362133276056e-01
3.155210403910414518e-01
2.526609587842928439e-01
3.090171545909146666e-01
3.108456476706404348e-01
2.954750857167258715e-01
3.152957650746879836e-01
2.723980742590823567e-01
2.971307097501607597e-01
3.599634122938227265e-01
4.179158200985539917e-01
2.532700303652815621e-01
3.078185607146100011e-01
3.933669661193404110e-01
3.204477658493746772e-01
2.689245061006089177e-01
2.727122713106306384e-01
3.103542233174363396e-01
2.893651201444571441e-01
3.994050431929235812e-01
3.010498434954306246e-01
3.886370629556122336e-01
2.913857807796450539e-01
3.954714314318761303e-01
3.273790097974156876e-01
3.522547916891155539e-01
2.816342933013437078e-01
2.904701026393927688e-01
3.197147623353360779e-01
4.600509325305638941e-01
2.452083003232796987e-01
2.614964473431588554e-01
3.518967019058234502e-01
3.324284362967568351e-01
2.937449411711793301e-01
3.775598308402873249e-01
2.887470142110715177e-01
3.856997779543857030e-01
3.203631314837820376e-01
2.859471798874911874e-01
3.054726646713643579e-01
2.796669704187770833e-01
2.740392866605402822e-01
2.737680170852685446e-01
3.122552238257251811e-01
2.804814852858758534e-01
2.623490584300798290e-01
2.937447123583413200e-01
3.321134121778926418e-01
2.810596461234387000e-01
2.559005544442543023e-01
2.810573954900251747e-01
3.281332238906425336e-01
2.657995992066752300e-01
2.850774488148591912e-01
2.947713528246245773e-01
2.758137868346670074e-01
2.805885703805338083e-01
3.249820833636122286e-01
4.325217272896993426e-01
2.946761596655400606e-01
4.246599039730595271e-01
4.505307217056959690e-01
4.272040880255358331e-01
2.641658541278555927e-01
2.949311280217037923e-01
2.384314637488939570e-01
2.664063106661394009e-01
3.441907997509364159e-01
4.756076048886467844e-01
2.905217695559118019e-01
3.568860966168561077e-01
2.870779475128026337e-01
3.444853857843239164e-01
3.325746743362205105e-01
3.224049094914713809e-01
4.489434161785911814e-01
3.026242018492745767e-01
5.035917492440904475e-01
3.019925679123246498e-01
2.951582823946800604e-01
3.307332048477169550e-01
3.122669234021602791e-01
3.430890424015645146e-01
2.844233095286378132e-01
3.179890729040584785e-01
3.389388177792645451e-01
2.927201679858262295e-01
3.516359517675163859e-01
2.773466125580432706e-01
3.606171294544907036e-01
2.948656132870845492e-01
2.983749321210654171e-01
2.504826509290407066e-01
3.431749323115235728e-01
2.876247032878559984e-01
2.700376050581784204e-01
2.923440277919427399e-01
3.423370950990795580e-01
3.604682829979673486e-01
4.177225103047317312e-01
4.358157245192358364e-01
2.667435781806223316e-01
2.707348505391685145e-01
2.539882708938066003e-01
2.889516928664920270e-01
3.250759533709084437e-01
3.259291668320971613e-01
2.616941659493137728e-01
3.306658330005526336e-01
2.371984484974994922e-01
2.707208709008309677e-01
3.129107067305111345e-01
2.774745271819319958e-01
2.736706895177861143e-01
3.134016800406986825e-01
3.574023806901833189e-01
3.400901072050349083e-01
2.878263530401742321e-01
2.925430358002468201e-01
3.038000059188922797e-01
2.920521976430681121e-01
3.056123869130723536e-01
3.134310087641685727e-01
4.573919274236507571e-01
4.354905209278199241e-01
5.012626095576132590e-01
3.025594277958053024e-01
3.804063628155909815e-01
2.648452946001679797e-01
2.607336565942147688e-01
2.660371257680384516e-01
2.682986517511598001e-01
2.859115617598178560e-01
3.321583196709904096e-01
3.131274029843540418e-01
4.807987983136486343e-01
3.464788513935157521e-01
3.200872860995533919e-01
2.579328340365605321e-01
3.082882258076596882e-01
2.662043996827759273e-01
3.065069726044672427e-01
2.938320088860339463e-01
2.844655036713258922e-01
2.699932779173522812e-01
3.219241308382118083e-01
2.986312365267985713e-01
3.307521153694141236e-01
2.930779810401824004e-01
2.537802694154707162e-01
2.932217285733434431e-01
2.605998705341771582e-01
2.912000695077486268e-01
2.372469928193749189e-01
3.364566673363980631e-01
3.259949486358068027e-01
3.506869450468381721e-01
3.862743299674757935e-01
3.101412873077567522e-01
3.246248048790854601e-01
3.042064760408882407e-01
3.332793651017761372e-01
3.828843347893705618e-01
2.377432450584302526e-01
3.052307677883937531e-01
3.005794666819042726e-01
3.078365830816426341e-01
2.807879699411731655e-01
4.185953010411436748e-01
2.703803950762574404e-01
2.966654570392182610e-01
3.700304768021052126e-01
3.059027586646095309e-01
2.874598520877730823e-01
3.388860752448247249e-01
2.652778448781277221e-01
3.782162667746280516e-01
2.640093126070814922e-01
2.866067177355111628e-01
3.357603792067604953e-01
2.971699093778610856e-01
3.069127392847809110e-01
3.059229649807758133e-01
2.974637663798465059e-01
2.811155691134568091e-01
2.680476159748341192e-01
2.562472651121642242e-01
3.168434014319608805e-01
2.574834387453334705e-01
3.175120696035005352e-01
2.533102908119846952e-01
2.777172887230961451e-01
2.921213680931407097e-01
2.610998013475713253e-01
3.453048249012520832e-01
4.462975898038897271e-01
3.267963903282433136e-01
2.703571599662445979e-01
2.717845999989235706e-01
3.025586168000168330e-01
3.903820382636694619e-01
2.999896230995702240e-01
2.917044237885295654e-01
2.754722989128176591e-01
2.947833677212968184e-01
3.247290373913722661e-01
4.455081790566858269e-01
3.369381379995162740e-01
2.865554974608454097e-01
3.320753621252252596e-01
2.817231047932904353e-01
3.047867582872220149e-01
2.942822059198697549e-01
2.565103223262861776e-01
2.551721326496264597e-01
2.632940906457086339e-01
3.327151062835904116e-01
2.907281994410189085e-01
3.341814259749015248e-01
3.191476273417159781e-01
2.713037491165350423e-01
2.690399997855247860e-01
3.261110135461620096e-01
3.350843480927058748e-01
3.319859544153060948e-01
3.105965885112464409e-01
2.489961767768278100e-01
3.117618600089909209e-01
3.391654633762935522e-01
2.704827119752963305e-01
2.589812399015390398e-01
2.930616923409232744e-01
3.264333921329090060e-01
3.422501693693257852e-01
3.129523713665329776e-01
2.845278961188089095e-01
2.754074453916689480e-01
2.496531779343620916e-01
2.364221708530198640e-01
3.071919555109041133e-01
3.437331325971056395e-01
3.388623549305478933e-01
3.075367326416396652e-01
2.854172611740779519e-01
3.353817594316833017e-01
2.560597876910184478e-01
2.662346900677002304e-01
3.406073509371986829e-01
2.742254524120745773e-01
3.029118878488159528e-01
3.460708018411499665e-01
3.007869996495964870e-01
4.690468827457373036e-01
2.711829202891616331e-01
2.937077899266165026e-01
4.587157985713498642e-01
2.885639245128198693e-01
3.384932225058125410e-01
2.915474602075004418e-01
2.652607431445941355e-01
2.875199844474006783e-01
2.670232022304774300e-01
3.889737438962599381e-01
3.294487513492947994e-01
3.125246326997739854e-01
3.056826887618294131e-01
3.654326807714718406e-01
2.690715523032628509e-01
4.322561497445238099e-01
3.007250683590794726e-01
2.997833569586714764e-01
2.388783135504257138e-01
3.488802269158043923e-01
2.780422013449161400e-01
2.546763203220824279e-01
2.919967229596809322e-01
3.270610945828435479e-01
3.394674202743805380e-01
2.802545497160510157e-01
2.901089654532013618e-01
2.862981689804993679e-01
2.977586900595188268e-01
3.906756112691727179e-01
3.998083684818584116e-01
2.758632298528236326e-01
2.673042268667626398e-01
2.745795912364707436e-01
2.610947583509830028e-01
3.290056978868470816e-01
2.998474255627550655e-01
2.899557408042953699e-01
3.217543548600368397e-01
2.520013063406638665e-01
3.273786727603695268e-01
2.756421372238050949e-01
3.333002323553005408e-01
3.012544032650013026e-01
2.684575548302804981e-01
3.192297763795624022e-01
2.696632057430124463e-01
3.462054253061688236e-01
3.435777324594359583e-01
2.722869594205707955e-01
3.106059587027730773e-01
3.129036514205342234e-01
2.915087459839975081e-01
3.439912877321148477e-01
3.343396331244936626e-01
2.840067722653259463e-01
2.903695837437177962e-01
3.362137119567657484e-01
3.050016852795578437e-01
3.015791485416132733e-01
2.725229575866388587e-01
3.009627146348308746e-01
3.224559518834117511e-01
3.378558172844486895e-01
2.570072374064421572e-01
2.823388626978326488e-01
2.778057067884473486e-01
3.021396657964771637e-01
4.569309159068309922e-01
3.643012092632665899e-01
3.356257557748165143e-01
2.663533845084596341e-01
4.968098965151406810e-01
3.505447891378344338e-01
2.778821299624158470e-01
2.826811451033107159e-01
4.324692605119856426e-01
2.561951432932984551e-01
2.557434222481720365e-01
3.955847441715537038e-01
2.952541923493017806e-01
2.906411354015703830e-01
4.437362437204049326e-01
2.910719966136282588e-01
3.009312834137228831e-01
3.806427095714543518e-01
2.892280803041252235e-01
2.815284110510108406e-01
2.449479644716682780e-01
3.394782035204508275e-01
2.852054138909573822e-01
3.257560187513591776e-01
3.186716035169488426e-01
4.968775001651757894e-01
3.807800895774777761e-01
3.225533007819551545e-01
2.814882490982414387e-01
4.124141518892574521e-01
2.795853739928871873e-01
2.824631434495178950e-01
3.974032245797649021e-01
2.928467809628660934e-01
2.952240747469268012e-01
2.601962673869629428e-01
4.007816791843946680e-01
3.561722652729109595e-01
2.655413821542125241e-01
2.461138142370806192e-01
2.997159048108907209e-01
2.432919550663937558e-01
3.057453963229789795e-01
3.390394211496191579e-01
3.366632611915453266e-01
2.762168069004919957e-01
2.889513613400944703e-01
2.742671536835572521e-01
3.095908768810417544e-01
2.954672004739234414e-01
3.410610852514691649e-01
3.964214431017295537e-01
2.805345567132415119e-01
2.958623818179885734e-01
2.590274296762684059e-01
3.369325036726499301e-01
4.108078809084123040e-01
2.920496655619125859e-01
2.880669412591579381e-01
2.903365679058687587e-01
2.532335010446379875e-01
4.423331798584470564e-01
2.881848531869322660e-01
3.170289342311674030e-01
3.041972445919709500e-01
3.370822173381901599e-01
2.974740972039934261e-01
2.659202336234139930e-01
3.417531731879451806e-01
2.914724860174879306e-01
2.631182582158352878e-01
3.034216356585364149e-01
2.965848979924751716e-01
2.959344569876115050e-01
3.857848156428402286e-01
2.666801325544290724e-01
2.571521285328212669e-01
3.781045450123765583e-01
2.624908753881313728e-01
2.638736579334051702e-01
3.328208347895271757e-01
4.444751774374173792e-01
2.853618547177828035e-01
2.458960766796777220e-01
3.183645526268192305e-01
3.056489072792164530e-01
3.186788102880814266e-01
4.573539207888743796e-01
2.752017632771984745e-01
2.546564990639367809e-01
4.280898715165102342e-01
2.843483797304785510e-01
2.566242564839998352e-01
3.291385811355324043e-01
2.871008385067290170e-01
3.623611796856045508e-01
3.290695654949427618e-01
2.979607301198434754e-01
2.658816552123492438e-01
2.739809776312955858e-01
2.811919467252395610e-01
3.874314163518604026e-01
3.202977288576503434e-01
3.608770578656703143e-01
2.567802870914399072e-01
3.771711772736492940e-01
3.471625494135162082e-01
2.935381394580294789e-01
2.882013696396374391e-01
4.349964481784238668e-01
2.545609944603717811e-01
2.784907064177668534e-01
2.656155300192447610e-01
2.716473938297750967e-01
2.907981369452294351e-01
2.890309411881556989e-01
2.787026476445205736e-01
3.655801022329285832e-01
3.150220241518733033e-01
2.394884191726291967e-01
2.642367407149180947e-01
2.701502143687596336e-01
3.662433640068842311e-01
3.998801025332552883e-01
2.765752639683411451e-01
2.910937130238182013e-01
2.899970471143712425e-01
3.165156270123014037e-01
2.877355855804946683e-01
4.388225597582982584e-01
2.867931894467283249e-01
3.418071430794641374e-01
2.875174615078463503e-01
2.979956268020971244e-01
3.035662476324245129e-01
2.736779557915301475e-01
2.940929814210036519e-01
3.750214404529990664e-01
3.767550811133935640e-01
3.478039065999788404e-01
2.942972911570383987e-01
3.071830898869090110e-01
3.795176746054498840e-01
2.802354707437969550e-01
2.954340354357993803e-01
3.102087599047451683e-01
4.271551681919906751e-01
2.755571131327465562e-01
3.808723955217161450e-01
3.590375266505436147e-01
2.999235235880161610e-01
2.880396485072413970e-01
2.925727189571474818e-01
3.096072246770281144e-01
2.384424498922009805e-01
4.482429081780893720e-01
4.350031961722840568e-01
2.906876967924617583e-01
3.677574044215062288e-01
2.940710073963295756e-01
3.200905201963607505e-01
2.678184424928604090e-01
2.896673179982824364e-01
2.680130896302086452e-01
3.506644009434507492e-01
4.669860666988006059e-01
3.420347352479475300e-01
2.887937648264122248e-01
4.069616389016744717e-01
2.760172536007217126e-01
2.810916196933426203e-01
2.991490906529237770e-01
4.033744413982912058e-01
2.926723823147390213e-01
3.438628510792597348e-01
3.633377476472468004e-01
3.518625635882101643e-01
2.840881129373019620e-01
3.267323542335790476e-01
3.218587683601594196e-01
3.347128561181934026e-01
3.801739554886691130e-01
2.469881029015821849e-01
3.509272345391912795e-01
2.956240249613439341e-01
2.649341618936346121e-01
2.730311678267237085e-01
3.358367838347471879e-01
2.608186735514066434e-01
2.761070534652967923e-01
3.086165366433762935e-01
2.404097094796183165e-01
3.270971917513780802e-01
3.255307342452467001e-01
2.628879676208447091e-01
2.497842157269878627e-01
2.419799461242836680e-01
3.099045313664808288e-01
2.920453285341799710e-01
2.794447262792821296e-01
3.405512829707904032e-01
2.953889775585992750e-01
2.725812874488364734e-01
3.378753494421575798e-01
3.992928881729790325e-01
2.718745061502786942e-01
2.724647729619819603e-01
3.691817211920995212e-01
2.643675699288136616e-01
2.767447955534115267e-01
3.141571769593736185e-01
2.905664873761167333e-01
3.317105040191875021e-01
3.365407642393629106e-01
2.868477779875973632e-01
2.977274420653637788e-01
2.921679776327842926e-01
2.970023621393492186e-01
3.977391941974209866e-01
3.052393148420598501e-01
3.095362653128019836e-01
2.850516163741471098e-01
3.065257634533234965e-01
2.930085366554017190e-01
2.725935468677810891e-01
3.845093764337068065e-01
3.072490497265993326e-01
2.717339960211425653e-01
2.843439761027164447e-01
4.449318311495132350e-01
3.452720760136762101e-01
2.937230780795656582e-01
3.622099098790313443e-01
3.323694384531930002e-01
4.695878814665358503e-01
2.957528414839026842e-01
3.029818236538784904e-01
3.352985653407618560e-01
3.171718484081343381e-01
3.019135997936003846e-01
3.202070381884720152e-01
2.958056168949401155e-01
2.883629623219597371e-01
2.386757670306131618e-01
3.336989362015385652e-01
3.216989445937973313e-01
2.930609540245915912e-01
3.404658892735706321e-01
2.868441260241302304e-01
3.459108532414794657e-01
2.936143989912285979e-01
3.093343439656865423e-01
3.816196599872118678e-01
2.629646436523155328e-01
2.889456818149824247e-01
3.213341190175588724e-01
3.041105315745614157e-01
2.903151527778293772e-01
3.545496249386220766e-01
2.571478763163518866e-01
2.654756141358661226e-01
2.754634687897570822e-01
2.999557398034696787e-01
2.931048482694301183e-01
2.829782902202897521e-01
3.867752484120089429e-01
3.159156259643608466e-01
3.167595106545403882e-01
3.193630659864555854e-01
3.346830354033160648e-01
3.291705262562572565e-01
2.879730458351086320e-01
2.983242273166081815e-01
3.492254556106546559e-01
3.152221592227666958e-01
3.854964286439034882e-01
2.584825629941004954e-01
3.020535071334823352e-01
3.303646531852355572e-01
3.034964529986654003e-01
2.972430075750926437e-01
3.055301606841622220e-01
2.913323328108335941e-01
2.958449346784235989e-01
3.272507479608171566e-01
2.803207670036185761e-01
3.136420196208740685e-01
3.216227232172449435e-01
2.914002388952449119e-01
3.373600243450507463e-01
3.396432481192578345e-01
3.024754502865747985e-01
3.456335248117955450e-01
3.077714847109406793e-01
3.017571609391477838e-01
2.901280317379104634e-01
3.253384041933422566e-01
2.689224941405325975e-01
2.691227937069374798e-01
3.399894381509411256e-01
2.978352900445020435e-01
2.421771019735036445e-01
3.334905687469626456e-01
3.015543462754349813e-01
2.871600514544621618e-01
2.350294012609689953e-01
2.909634216260715833e-01
2.783326186066303332e-01
2.528673896878950722e-01
2.706654040502803338e-01
2.580267963540751608e-01
3.100832077065244774e-01
2.759122242559787774e-01
2.905760927775739022e-01
2.621018456444282330e-01
3.721483410217836796e-01
2.425198697586115060e-01
2.584716008010248256e-01
2.675048615696342669e-01
2.646629972833394184e-01
3.011261832758041490e-01
2.821785902752177999e-01
3.029030380370363873e-01
5.005042342135723743e-01
3.202434723239576120e-01
3.008121374774778700e-01
2.739129203679135927e-01
3.235226788569043888e-01
2.889027859404133536e-01
3.187337422351596561e-01
3.278573490734341123e-01
3.224015402096596650e-01
2.687816410485140417e-01
4.229689487436386064e-01
3.575089894960397086e-01
4.075169779562948791e-01
3.102389537692458177e-01
2.862281696386059227e-01
3.007186887559515909e-01
3.225523686003247681e-01
2.598840081108396705e-01
4.107412689383031501e-01
3.570031766353403690e-01
2.447159130853815978e-01
2.923376596469483557e-01
2.787774975150997814e-01
3.224715559498119166e-01
4.142300654333835319e-01
3.774889131058797864e-01
2.976171985916945539e-01
3.082293649374648337e-01
2.692381893849639107e-01
2.550184818394096165e-01
3.119572013323884119e-01
3.167462994909072127e-01
3.015985363156021837e-01
3.405522039257151690e-01
3.015602951799842280e-01
2.938142094544527461e-01
2.505613200179838129e-01
4.196942378690838305e-01
2.770219173268597124e-01
3.432940697435533650e-01
2.895082234193031567e-01
4.776145593865486760e-01
2.919279729221466724e-01
3.636728801522602361e-01
3.308653187298998821e-01
3.654967402147313860e-01
2.911396994232621771e-01
3.106960314209522012e-01
2.885983734971100390e-01
3.535074609345884578e-01
3.741711801026402218e-01
2.688297950047406903e-01
2.453436348736864614e-01
2.669031272389583709e-01
2.896028411507357014e-01
2.442188631018753497e-01
2.613122097525080179e-01
3.382455431726063555e-01
2.716489789904554808e-01
3.048897243551199066e-01
3.236343378424543782e-01
2.484231848844731805e-01
2.943305627920499989e-01
2.984681597084446469e-01
2.904632680515185084e-01
2.930811501823510357e-01
2.941666705853374086e-01
3.164587213318926229e-01
2.552799596540268889e-01
3.156967480651917124e-01
2.965319574532754299e-01
4.047032309754911017e-01
4.009911805274058993e-01
2.411836185587373782e-01
2.526461049427780048e-01
2.702161678407459799e-01
4.349350038067170687e-01
3.208058456105243872e-01
4.922384566406968198e-01
3.787605569429782770e-01
2.634054510522051418e-01
3.156948613890000477e-01
2.923628841652556876e-01
2.989194960978000526e-01
3.375398495504239316e-01
2.793240638490544492e-01
2.557801160958539377e-01
2.671384976404920786e-01
2.902851821208631833e-01
2.423206102359809211e-01
3.800719645241771860e-01
3.339985086676570125e-01
2.944634055829292163e-01
3.224099573280608255e-01
3.708968707469287307e-01
4.129324732276213883e-01
2.966842573878103462e-01
2.999185740761549090e-01
2.609675175770548861e-01
2.680586425918803917e-01
2.599181784971730247e-01
2.420185794796335388e-01
2.721178796656814058e-01
2.843891083952831411e-01
3.131799109215397947e-01
2.683014073516805653e-01
4.195740733605354822e-01
3.873413526036398324e-01
2.693585510699697538e-01
2.817752428489966321e-01
3.003823070680410323e-01
3.807359164801261131e-01
2.719596326567559341e-01
2.866974986326022989e-01
2.588239001794274130e-01
2.474950560603187688e-01
2.802932468933080901e-01
2.867098873804995174e-01
3.098697775419201883e-01
3.534689918908375250e-01
3.320887747627483955e-01
3.123272267875949471e-01
2.847562744367730936e-01
3.150163053783349154e-01
3.061421713129198197e-01
2.570484459450532166e-01
2.785623184846581779e-01
2.503052295011580219e-01
2.964601678904696946e-01
4.810737559232389216e-01
4.554254617342052280e-01
3.708827358644971040e-01
2.377964961186252446e-01
4.801498732770929090e-01
2.959693773033467146e-01
2.894559431924000892e-01
2.892852492536135967e-01
3.090663142178288192e-01
2.585378865702033235e-01
2.953622792247668771e-01
2.896956740772999028e-01
2.427803967277465114e-01
3.328950413892605709e-01
3.343274718659882683e-01
3.402860112046927621e-01
3.067122910768728672e-01
3.759449992507740701e-01
2.987039785930955538e-01
2.792932654685091332e-01
3.382394968412414937e-01
2.763703240384396409e-01
2.809631275759409408e-01
2.578665061475580722e-01
3.198479156837641391e-01
2.898798370784146927e-01
4.314356890053035465e-01
3.238398212340185545e-01
3.273771999743132488e-01
2.912749759761548152e-01
3.393289054646936309e-01
2.868981822398521953e-01
3.673603001236640520e-01
3.135269527860240490e-01
3.693276847321402268e-01
2.807294375620366655e-01
2.871353055430033163e-01
3.515723686391526437e-01
2.986888932828983267e-01
2.905614240066966558e-01
2.363052812805406522e-01
2.952457471540978484e-01
3.554834500329934754e-01
2.894894798991919371e-01
3.749826056073648495e-01
4.650286091280218526e-01
3.102866870932799448e-01
2.499177802740500387e-01
2.464603963161754452e-01
4.441597695784996747e-01
3.657444375317921437e-01
3.637461170779076602e-01
2.790949600596481783e-01
2.621302750849907048e-01
3.251487877760485534e-01
3.090991906837591285e-01
2.368754035334075525e-01
3.358939267205074408e-01
3.596316132687948919e-01
3.438617752067742450e-01
2.947844003330841178e-01
2.970665060588598694e-01
3.318667811954280622e-01
2.506467594565092716e-01
4.931433987480007275e-01
2.463593136655562454e-01
2.448654837823686092e-01
2.590776737782722883e-01
3.267124610917969130e-01
2.793099653140554417e-01
3.141131158556812464e-01
2.916338036156186919e-01
3.790244942954044127e-01
2.647299883596050396e-01
3.263897363405273699e-01
3.111217360094775120e-01
2.969929063074254194e-01
2.879768704391824641e-01
3.299293401979183638e-01
2.611895583027304402e-01
3.264893852586122081e-01
3.007173369301290866e-01
2.941571749708965511e-01
4.121777832528629171e-01
3.343641102818382671e-01
2.899205974926369889e-01
2.907548513171377413e-01
2.996763546016738555e-01
2.884282307125504707e-01
3.020840494479076210e-01
3.575345017412678295e-01
2.497956124411263579e-01
2.757896439425416291e-01
2.934380261946339941e-01
3.690653030079964481e-01
2.808432910736565202e-01
2.475840602891847819e-01
4.259282999216340571e-01
2.665411035931664618e-01
4.375242961337322267e-01
3.015640098316785256e-01
3.339843238050154706e-01
2.617783495045788444e-01
2.565043999837969269e-01
4.151254138521287551e-01
3.782539993821583124e-01
2.942811048082600855e-01
2.490626003945753675e-01
2.526080438574487275e-01
2.526147720912675920e-01
3.062170516844078816e-01
3.093544386864047757e-01
3.216120101934714093e-01
3.619979895854971708e-01
2.807367214418986512e-01
2.907060020202906214e-01
3.220203550042920471e-01
3.143774657621949409e-01
3.101334966170213314e-01
3.315806923656069438e-01
2.979880000842646814e-01
2.781298219684307238e-01
2.896285787750678131e-01
2.828416941702573406e-01
2.375554686229698620e-01
3.551764842746747974e-01
3.035425802941399964e-01
3.152279243332964942e-01
2.616562502156243308e-01
4.322089454729558522e-01
4.432518395888585538e-01
2.910118190730810461e-01
3.253672040773727958e-01
2.704760066229557336e-01
3.146627054279098612e-01
3.324492603265353230e-01
3.684624210641136433e-01
3.229731242664550250e-01
4.671311331681389234e-01
2.991307355005118351e-01
2.993991284274380993e-01
2.942017263964441520e-01
3.699374013099399061e-01
2.695324162186011341e-01
2.878291879773350326e-01
2.762869692090726970e-01
2.982314770925963421e-01
3.473947083419630655e-01
2.882279932094153341e-01
2.755190781814215173e-01
3.551589622599085616e-01
2.921905736484740057e-01
4.746796664224816054e-01
3.340599633192576356e-01
2.827843868564495211e-01
2.723365429418970751e-01
2.415950389694390965e-01
4.560427946353661222e-01
2.936496681389970664e-01
2.420478919863767453e-01
2.881508493974346830e-01
3.324453043571001243e-01
2.819671679218836990e-01
2.834611736363285006e-01
3.682167631165115251e-01
3.726682961705530261e-01
2.800853369616483346e-01
2.514456926027860972e-01
2.617782004081759539e-01
3.273650823337113658e-01
3.352499257013355494e-01
2.622232189378574385e-01
2.923832008896691259e-01
3.053736197451210610e-01
2.895121789740711660e-01
3.454357326671340100e-01
2.799401670440021528e-01
2.857590395422950347e-01
2.863273988468905684e-01
2.376680515295400975e-01
2.905351338153298602e-01
3.559906550648992973e-01
3.608531467597165809e-01
2.651539036347035916e-01
4.196607253796845738e-01
3.420698154936634983e-01
3.112137449744419859e-01
2.871671334248037666e-01
3.005268630351041192e-01
2.913937931622141431e-01
4.195762613661220275e-01
3.235854917667819741e-01
3.534271876832322801e-01
4.740997038074235004e-01
2.556338456238522738e-01
3.519176374685283881e-01
3.096725265565665741e-01
2.912338766078491070e-01
3.255564272064863651e-01
2.647466082603188164e-01
2.960804015990177174e-01
2.706530360150702919e-01
2.909145969290862777e-01
2.481421628881134156e-01
3.219329124388173868e-01
2.902630242115258885e-01
2.612169353347455480e-01
3.513283036982275953e-01
3.409928719735143554e-01
3.003909481577201057e-01
2.786847908207465974e-01
3.562551798646401702e-01
3.280317555279562702e-01
3.129834035519825641e-01
3.009592505723943101e-01
3.218593362252483159e-01
4.142647469675327376e-01
2.954231896393561541e-01
4.289300739892399905e-01
2.534063203965259969e-01
2.641512844367413515e-01
2.644566675748428741e-01
3.206557160193841405e-01
2.360504024707326398e-01
3.064899581688828034e-01
3.800253728404158760e-01
3.655756750609697736e-01
2.991939478963290822e-01
2.796085102893559604e-01
2.573489399676129885e-01
2.896572975906909764e-01
3.005960887599188891e-01
2.936778432851575027e-01
3.870647139005096715e-01
2.639417902634692559e-01
2.836242243283151332e-01
3.097726347182547246e-01
2.773501438926584406e-01
4.950465803855808034e-01
2.849389465263083010e-01
4.878586493841297056e-01
4.218740164928284075e-01
2.847806798475895906e-01
2.866186857546471067e-01
3.674074913100167650e-01
3.251301928667252317e-01
2.369009380544017385e-01
3.622908383730975013e-01
2.942597509370021847e-01
2.837163161146506463e-01
2.551373963986099946e-01
2.932652960032172684e-01
3.007418707422306881e-01
2.948820589766257827e-01
4.645567936886932370e-01
3.696599994098855868e-01
2.650696227858658216e-01
2.746389995089008607e-01
3.031881918746007210e-01
2.544830206587463395e-01
2.786355899627937505e-01
2.817726694009395905e-01
2.754939045918095020e-01
2.957525384981364303e-01
2.931676985981593875e-01
2.756806658737828708e-01
3.316796365074264341e-01
4.878287721806844890e-01
2.960311753744656604e-01
4.713942359717534503e-01
3.023417762119117169e-01
2.815835493032250447e-01
2.612725053897222427e-01
2.901148454894905693e-01
3.169646294086974070e-01
3.218437265556505777e-01
3.475127288564064942e-01
2.634443765879033172e-01
2.751041887110795559e-01
3.906773457067645450e-01
2.695323414808916684e-01
2.934457389808513006e-01
3.332651086058955880e-01
2.749470516662188557e-01
2.437879071541077525e-01
3.241301619368345266e-01
2.871209509174349472e-01
2.843730840110555991e-01
2.760832999916742470e-01
2.657483930470861955e-01
3.002406582433090332e-01
2.532373974407464146e-01
2.850777488730250608e-01
2.727340102711420244e-01
4.233906108670116297e-01
2.887322879233993889e-01
3.395929456343892983e-01
3.313837746938919637e-01
2.772536220926705153e-01
3.124164879817462603e-01
4.417679459783490081e-01
2.930712399385344558e-01
3.023745409269594786e-01
3.868812510310017383e-01
3.089688073731363671e-01
2.815658693635514354e-01
3.514380345558482110e-01
3.179140510319309332e-01
2.913645665855173483e-01
3.043401356055085993e-01
2.649754697221060051e-01
2.656061420483902813e-01
4.701554957959783176e-01
2.753788251214439597e-01
2.863603245341849179e-01
2.796199788327483615e-01
2.927657638277007535e-01
3.489484494723008590e-01
2.639908669031938993e-01
2.847450819079528905e-01
2.762707341568169661e-01
2.806121338201775228e-01
2.819792181102026007e-01
2.913050444415634099e-01
3.181694430633776882e-01
2.941479764027826738e-01
2.893194073300485170e-01
4.938180167484655936e-01
3.799393725780845776e-01
2.673203078288879930e-01
3.460623653709069547e-01
2.781910033930646842e-01
2.988128316367743009e-01
3.715358916580172588e-01
3.237697077189309880e-01
4.720699869305587382e-01
2.734012931187671525e-01
2.963662732798705290e-01
2.946501757435399660e-01
3.631084987133190722e-01
3.457544593191650417e-01
3.669684464471346663e-01
2.771306817736066130e-01
3.604230146323324502e-01
2.529985850814838733e-01
2.549763871380930080e-01
2.876153709662317981e-01
2.605293327686160620e-01
3.344059997006529894e-01
2.774584486023172203e-01
2.457921838388333891e-01
4.590810844682790548e-01
2.903154500964214568e-01
3.321230685064200938e-01
2.767287909142454594e-01
3.883412851525031018e-01
3.019838466947478706e-01
3.272273770158091732e-01
3.244275598181402542e-01
3.371367791440624262e-01
4.878132402921896427e-01
3.281812646456791493e-01
2.687238635532818165e-01
3.024546543734092374e-01
4.844391415294150294e-01
2.970824452914476166e-01
3.067374451074044717e-01
2.599925051742779103e-01
3.172799838812239703e-01
3.661176012911311894e-01
2.784609546260412571e-01
3.246507963036182054e-01
2.699711411891257962e-01
2.333180832422973028e-01
2.960693945090041024e-01
2.962339835299602764e-01
2.971363743802977742e-01
3.219978862956359156e-01
3.115986305334880191e-01
3.272679981777197877e-01
2.799249645381128859e-01
2.658216866377224874e-01
2.630325069213579336e-01
3.283258391517966945e-01
2.916955458664863277e-01
2.942481320375918696e-01
2.469058505300791850e-01
2.776846251102711438e-01
2.797387474865999923e-01
2.579677624156768156e-01
2.736773769201513162e-01
3.228850116689338523e-01
2.713966508307750769e-01
2.903243669185060494e-01
3.213531597704138987e-01
3.419923391144765734e-01
2.915953366337962760e-01
2.928982330975899440e-01
2.494921986387514945e-01
2.613303914552035367e-01
2.894343635469779907e-01
4.632462968972509421e-01
2.651974895518129927e-01
3.192825517978680194e-01
3.577726936498599186e-01
3.971870632505698495e-01
3.434878701309976856e-01
2.863978664544070130e-01
2.550093331345186787e-01
2.907033205075547633e-01
3.061337992629005189e-01
2.627212729377883527e-01
2.755227543514743305e-01
3.494534477577364573e-01
3.931568598955567650e-01
2.789023860154676848e-01
2.586445653388628196e-01
2.634919006381608586e-01
3.395219766134459083e-01
2.694092313758081336e-01
3.170217569661313850e-01
3.352527887649936478e-01
3.499325502494068929e-01
2.981532938434020563e-01
3.754366336149022043e-01
3.372847772632187047e-01
2.578011608330770810e-01
2.928257949250314129e-01
2.836228968866361111e-01
4.324849190088713713e-01
2.606742582295660249e-01
2.917573378772597148e-01
2.629889192718463109e-01
4.702274956035013553e-01
2.652247945321092870e-01
2.869426617474677421e-01
2.508387526883763541e-01
3.184956431146849232e-01
3.357196761813120989e-01
2.736342865369533195e-01
2.864627919566755665e-01
3.497830100424904609e-01
2.650247064577671008e-01
2.515510970433779692e-01
3.147423004478818176e-01
2.884977640325764314e-01
3.086069884951645470e-01
3.597514246888016132e-01
3.435079267232415967e-01
2.661200354249275146e-01
2.627664160602106724e-01
3.224750680883210485e-01
3.405557742832949208e-01
2.761060239338268829e-01
2.650614565157033420e-01
2.368214146786578878e-01
2.980311422955841949e-01
3.474766821871022038e-01
3.347497897068830164e-01
2.753954525378676244e-01
3.639239768822805643e-01
2.973408024934836025e-01
2.822268107930825942e-01
4.160334738011914335e-01
2.815547896928844995e-01
2.537433638691239390e-01
3.330066014659016083e-01
3.348156372854608209e-01
2.629631007365437201e-01
2.801433200892785580e-01
2.924544160581110108e-01
2.761153543045667957e-01
2.780271608081216206e-01
3.081669645596299967e-01
2.962214865247770890e-01
2.572846925077076907e-01
2.860898927723080076e-01
2.752787450381848910e-01
4.928254987933997633e-01
2.903132445293601926e-01
3.634723875844262375e-01
2.938299908643863256e-01
3.286095749033253188e-01
4.679826735697161233e-01
3.110990620334647683e-01
3.256185788631842937e-01
3.965936485047223958e-01
2.863423794094291930e-01
3.279775853786833228e-01
2.882536829111858601e-01
4.636256624663696591e-01
3.022014498381965786e-01
2.921972977024713258e-01
4.912003651558884965e-01
3.919393725510128546e-01
2.953220923885345739e-01
2.942774107851704457e-01
3.210552941981232866e-01
2.906743904561169267e-01
3.450612528534673373e-01
3.431568189174645789e-01
2.970714866129350873e-01
2.618940671280571841e-01
2.407017495873298163e-01
2.710567329611940912e-01
3.818936049461332249e-01
2.734784806645995658e-01
3.228842977068202003e-01
2.909445933068708912e-01
2.557638342719728008e-01
3.137091100845560976e-01
3.369434448264001514e-01
2.793785307599457313e-01
3.436530652913511452e-01
2.917591365770276779e-01
2.621780904814390301e-01
3.238783075019828761e-01
3.064276069813794412e-01
2.645035696875900344e-01
2.907470251655034921e-01
2.496527013767358139e-01
2.916770654808309438e-01
3.061376160408909031e-01
2.663067936670983626e-01
4.676861736591627627e-01
2.905285037516421864e-01
2.925680490735478312e-01
2.910506126703850671e-01
2.565450122669310495e-01
2.854263470569154415e-01
2.795206431996339336e-01
2.986329671783932160e-01
2.915903098942423943e-01
3.246077591542664287e-01
2.867029953081686178e-01
3.371037364130651248e-01
3.689365751967960683e-01
2.899784720565823926e-01
2.446559679222269634e-01
3.350041203766845888e-01
3.347132984975008663e-01
2.924724144497665712e-01
2.832293097049362052e-01
2.926411850826194372e-01
2.763930317652657509e-01
3.115813698135168064e-01
3.250655503537371316e-01
2.617457422823113999e-01
2.545317013609343926e-01
2.795156652653333351e-01
4.010628582878728032e-01
2.678427597316380138e-01
2.978300886711461315e-01
3.189292708931770748e-01
2.699281020502012352e-01
2.456337417333609996e-01
3.316768825135050225e-01
3.836931752753443003e-01
3.949420699278278213e-01
4.545870805545740301e-01
2.820439810157670535e-01
3.010310477842019217e-01
3.483140972041515737e-01
2.930578253612859951e-01
2.909816063108561779e-01
2.945197665098092110e-01
3.444320134022419433e-01
3.658277293074639891e-01
3.339338417719539542e-01
2.902686700997122449e-01
3.329360599483704442e-01
3.535649515467121362e-01
2.600670281788729499e-01
3.425861109821118911e-01
3.266599793662519624e-01
2.888540510622727431e-01
3.247815626617826523e-01
2.976692726883412576e-01
2.892401600972372422e-01
2.759344087094517950e-01
2.559713276299032114e-01
2.587433103049182059e-01
2.332911915488896926e-01
2.627195474173910639e-01
3.250538462051463240e-01
3.253098573685363482e-01
3.978181479464288350e-01
2.737184965669575698e-01
3.319983405099836138e-01
2.892017122826902598e-01
2.792015754346182654e-01
3.410183597474800710e-01
2.863090183403288469e-01
2.497972118637834249e-01
3.709393005027421530e-01
2.905090298048963460e-01
2.854545692350046737e-01
4.616795681408692453e-01
3.580326533468261019e-01
2.619571649088525134e-01
2.906107897578023569e-01
3.121596391226240108e-01
2.859793085302149707e-01
3.205155874079516631e-01
2.900044455502702734e-01
3.177437365385720747e-01
2.905417283862678501e-01
2.419966251861321860e-01
3.188741284725593594e-01
3.144573237943062427e-01
2.795208635884553483e-01
4.837557770295281001e-01
2.702323002678378994e-01
2.764816388627868715e-01
3.037294743930819552e-01
2.766455518227624588e-01
2.505330533500678136e-01
2.855783024011802063e-01
4.603976337978882838e-01
3.394230641304449847e-01
4.440038797864436781e-01
2.808637801368847331e-01
2.614483279493237111e-01
2.749688664650292158e-01
2.889915677483135270e-01
2.577882661498384631e-01
2.931278255509398578e-01
2.834424418200087725e-01
3.794429100896148377e-01
3.552478429016715511e-01
2.793086933745330680e-01
2.724630132184597264e-01
3.544693436119663588e-01
2.620012184334936101e-01
3.672391090970816285e-01
2.618848599791061549e-01
2.769414056661081425e-01
2.722477634894816534e-01
3.731702465341058539e-01
2.858645108500190157e-01
2.616942803952221897e-01
4.472836642844075228e-01
4.339370769452883247e-01
2.505109745233988217e-01
2.733130769940412264e-01
3.375877066672585136e-01
3.237333460821655295e-01
2.575911863847549776e-01
2.579068941474098042e-01
2.657377180078980272e-01
2.647263947250915739e-01
3.220341378374760311e-01
2.905691677856964694e-01
3.230773566122093210e-01
2.807516581159545943e-01
2.885830732422491329e-01
3.544379533539991356e-01
3.032666700038993968e-01
2.884377234558676562e-01
4.584292790376594540e-01
3.623909700236973563e-01
2.861239424843805002e-01
3.749717590196577910e-01
2.610989796984193312e-01
2.813013225922608163e-01
3.788525020527600540e-01
4.604610064186184792e-01
4.594114910249457173e-01
2.720711129024529495e-01
2.908490721679241608e-01
3.677640369620038263e-01
3.105640170823266710e-01
2.598050345631093272e-01
2.828595092454960214e-01
2.607273684851904583e-01
2.735186538469305817e-01
2.705181749107541389e-01
3.685786496427055359e-01
2.898268358608290796e-01
4.783863873384442411e-01
3.854282310629121300e-01
3.039990029979016684e-01
2.402615413585755255e-01
2.609790754979131044e-01
2.857727085115465138e-01
2.725329827916947445e-01
2.877012165481854788e-01
3.046502080899421983e-01
2.947575462054831119e-01
2.987477962580073476e-01
3.550557234980759591e-01
2.672491106448489084e-01
2.469576722120171430e-01
2.599000026437620070e-01
3.252994480313571302e-01
2.806505471540701735e-01
2.599192761490322079e-01
2.830454047858461664e-01
3.061354843256249292e-01
4.514598549016748952e-01
3.658491576775984022e-01
3.393471284703974411e-01
3.336509446490355524e-01
3.451409451532176931e-01
2.935063265627752549e-01
2.824399278500847599e-01
3.203294437426538188e-01
3.018227491394837592e-01
2.777618000997321701e-01
2.690787119173063680e-01
2.410984089261571095e-01
2.616782607755815393e-01
2.958107545014176942e-01
2.846068995087916997e-01
2.943834689633149093e-01
3.213883970812510538e-01
2.814020619256979439e-01
3.114232350353228207e-01
2.987201743231420736e-01
4.548318969131962541e-01
3.359844001593643159e-01
2.876730177612303319e-01
3.520504391104452013e-01
3.306027488721254848e-01
2.932766305670380658e-01
2.803684956298919118e-01
2.989377468751524547e-01
3.623797971400712359e-01
2.891407945264514723e-01
3.923286119912138825e-01
2.665473079846512605e-01
3.817546904896019222e-01
3.061716896450674130e-01
2.885623844910589209e-01
2.856061108053270514e-01
2.411113892089035704e-01
3.407741022082056981e-01
3.277635559895322181e-01
4.036707821479581515e-01
3.021679531116321371e-01
2.550905090456431212e-01
2.374446925496615235e-01
3.674747900098762066e-01
2.492619700526850501e-01
3.380421133805427969e-01
3.031274105285640674e-01
4.801558245548980253e-01
4.756156034202771443e-01
2.911326910448568950e-01
3.161532757567362961e-01
2.985437668240845110e-01
2.650329653824363696e-01
2.482116634714239545e-01
3.291175003736725446e-01
3.196213147947092326e-01
2.803074006509657101e-01
3.352678322006439893e-01
2.783784441339147708e-01
3.322029859234038596e-01
2.525982134766182052e-01
2.517268671866628726e-01
2.935116332003291362e-01
2.605998037856356864e-01
2.894430932031512582e-01
3.747412741848613060e-01
4.698346903303305400e-01
2.454205966157334551e-01
3.750465626508939776e-01
3.106915505165229185e-01
3.184126695547965791e-01
2.984746259384256639e-01
2.691476706342036396e-01
2.801834018149899075e-01
2.914004759508525000e-01
2.445492159544181421e-01
2.755414840728491743e-01
4.257046794472140738e-01
4.031237545414086410e-01
2.678867351340529779e-01
2.488573064181828220e-01
3.207102476423234760e-01
2.653406701210701546e-01
3.562057946923351537e-01
2.981890691455789666e-01
2.783930980395332710e-01
2.959636401111790383e-01
2.586201599778524818e-01
2.799340124964928567e-01
4.482413040079982758e-01
3.119167505835184206e-01
2.995229926719662483e-01
2.947491503451418748e-01
3.169912835897343850e-01
2.806337646797226193e-01
2.865819732430123778e-01
2.838850108269750927e-01
2.441670081029126138e-01
3.253982689176674881e-01
2.748662285767075053e-01
2.766149147609222037e-01
2.739086652147027512e-01
2.873508003199323757e-01
3.639427973300492503e-01
3.302603663828647118e-01
3.419526495625569429e-01
2.765393178698630217e-01
2.959657837935698033e-01
2.627104695334127049e-01
2.430478499425907102e-01
4.626498040224369390e-01
2.788557427213934625e-01
3.084437354137058440e-01
3.134769969845868087e-01
3.452564761228692491e-01
4.579901307137149713e-01
2.858969054777240615e-01
2.860043060533259962e-01
3.158171781781847209e-01
3.491992657292132818e-01
2.851284777862838626e-01
3.341265531989529580e-01
2.821917620562813811e-01
3.806240750300675657e-01
3.683649857710173392e-01
2.656158958050436891e-01
2.458174931116522410e-01
2.604683088619226261e-01
4.122967676789962010e-01
2.599331992875267283e-01
3.096364385553417864e-01
2.652859211505211867e-01
3.051457762374585880e-01
2.822187871076441978e-01
3.125055378214162127e-01
2.571182301221858202e-01
3.338088947167254239e-01
2.397495963297964217e-01
2.848294538671636289e-01
2.869064179180066954e-01
2.872652750925463461e-01
2.449990601584603189e-01
3.379511142168198923e-01
2.802257806787744054e-01
3.475498014270105296e-01
2.543532325987911680e-01
2.764917925618183281e-01
3.593394553448641671e-01
3.046305092680069992e-01
2.924470299253102978e-01
4.269284857666474364e-01
2.598297399201069391e-01
3.369577469971669625e-01
3.258213934032286319e-01
3.785001895818258522e-01
2.706070219602755844e-01
2.939090317852031120e-01
3.318901389947409575e-01
2.874299939567790951e-01
2.769930573986605360e-01
3.966878734210824153e-01
3.037131346321341185e-01
2.622409297822699270e-01
3.646482480328151476e-01
2.978756048020170799e-01
3.335713019464441875e-01
4.956227525306282078e-01
3.507490208618352368e-01
2.332948471149361991e-01
2.733139326662255564e-01
3.326076599935252620e-01
2.824802821375576589e-01
2.828688804309592020e-01
4.448084382756468669e-01
3.360154637957972201e-01
3.811941002616240359e-01
3.336331549892155857e-01
2.674020566126403264e-01
3.401428647267141780e-01
3.110363827054123953e-01
4.757046625572590171e-01
2.904069170973119229e-01
2.834316170069509089e-01
3.179998738451227935e-01
3.444411347527440714e-01
3.027357120320555706e-01
2.892157078848813789e-01
2.911046746289340792e-01
3.850608062586317604e-01
3.244893785378583084e-01
2.722559167034327987e-01
3.425570157679587724e-01
4.141427029291737671e-01
2.908326648619591892e-01
3.232394591726117095e-01
2.722880042001853962e-01
3.383447108080119281e-01
3.769386141855085581e-01
2.889376143252411766e-01
3.249137322141117390e-01
4.821078411990351587e-01
3.744776672065347478e-01
2.977584603251198225e-01
2.767125375602326187e-01
2.579140570063152005e-01
2.903124987323353889e-01
3.384658914817607056e-01
3.335422277100133504e-01
2.732007153194477844e-01
3.937568405130065785e-01
4.770619107390644542e-01
2.901507938371341577e-01
4.587500123650444794e-01
2.808691231836205615e-01
3.324132404360342075e-01
2.448097512547023069e-01
2.870301018979807828e-01
3.095369993589257573e-01
3.113504955026565879e-01
2.826222548377759769e-01
4.620431031284431556e-01
2.610238408320895709e-01
3.328593683729558772e-01
3.072587304988097512e-01
3.193080579860152479e-01
3.255712908896261637e-01
2.547343976422088985e-01
2.346331314915074406e-01
2.849693601364834961e-01
2.436541716708378047e-01
2.860530273051905548e-01
2.491007983665785575e-01
3.427743390874001816e-01
2.976728233954191172e-01
2.806349120737911540e-01
2.543323568585604266e-01
2.957946752258263645e-01
3.272798296773207771e-01
3.017503202256601180e-01
3.031767455506750308e-01
2.948765430026767942e-01
2.837665558214190198e-01
2.793989437533103692e-01
3.498806753707572326e-01
2.726981100902282074e-01
2.909175723414158532e-01
3.327181013967510093e-01
2.790405955570611218e-01
2.569105289461793284e-01
2.969260070886701186e-01
2.907789896507425031e-01
3.159999516237327888e-01
3.368411522696831417e-01
2.932093535023856945e-01
2.532544434854607229e-01
2.524695753316455460e-01
2.603918632842150416e-01
2.733568650576633785e-01
3.094681390105069041e-01
3.180917992949964246e-01
3.132101410718041157e-01
2.924174315862042572e-01
2.775556168149457825e-01
3.062024086503739029e-01
3.852421046939272231e-01
2.759578811585788882e-01
3.347808701842087675e-01
3.543805732054044477e-01
2.725579105116320844e-01
3.381968554035252872e-01
2.396554837554303874e-01
2.840604107330386152e-01
3.078426986198622428e-01
3.525607366568006551e-01
3.001364808345516333e-01
3.173942432971071370e-01
4.095162894946348664e-01
3.210922841734236699e-01
3.643287541019233911e-01
2.558038218866667268e-01
2.905179028268222718e-01
3.342845556303628007e-01
2.689254095474933326e-01
2.472173823883304922e-01
2.885842441268235414e-01
2.796097133711764604e-01
3.215154207860536073e-01
2.788083678643675234e-01
2.782940499608261287e-01
2.817158646515454112e-01
2.368740545719402735e-01
2.866052305721741855e-01
2.689836541869523590e-01
3.412564043464305641e-01
3.120723273295664679e-01
2.430493167284245859e-01
2.451449521663289499e-01
2.702657375042420429e-01
3.632321046883901783e-01
2.525304657231653982e-01
2.796163746809065542e-01
3.171768603978543655e-01
3.044666336059123624e-01
3.232851613472303431e-01
2.958176918893440921e-01
3.018665877745863590e-01
2.650998466985436397e-01
3.460518900557433830e-01
3.277199762640766734e-01
3.438113799951610372e-01
2.588801648173799652e-01
3.139882461882638753e-01
2.544450072541991625e-01
3.942579923559172972e-01
3.046874063421545209e-01
3.870666330029324254e-01
2.748047591447104199e-01
2.671314836566910378e-01
3.032260005868799291e-01
2.345935103625479967e-01
3.814343366825980741e-01
3.500001863312618422e-01
2.920428545218372030e-01
3.085096591759161067e-01
2.597965383027716624e-01
3.006102120687806356e-01
3.186267756009881769e-01
3.181561987050870455e-01
4.744653526844608837e-01
3.250413804566820719e-01
2.808907008053014298e-01
3.102464408147173058e-01
2.833254899939593452e-01
3.081835965126688004e-01
2.888514862591851085e-01
3.596202836902238076e-01
2.893379117399694778e-01
2.995180276289721721e-01
2.842876799486347972e-01
2.747113870125182933e-01
2.967752172127698373e-01
2.626980704859618321e-01
2.809568418864580308e-01
3.053041965496324228e-01
2.756023433300287540e-01
2.828497204965569889e-01
2.983520144019209397e-01
2.842528222474266508e-01
2.967703624177149280e-01
2.994521233117735104e-01
3.518279781053750832e-01
3.271207181290827215e-01
3.018926143269011764e-01
2.414714180080831385e-01
2.678174200816001993e-01
2.891851568245926707e-01
2.822802751233448038e-01
2.797779600174745140e-01
2.368409270232341712e-01
2.441467409594980098e-01
3.331030167032465461e-01
3.316903913173293583e-01
4.933263534634992897e-01
2.425980408406919753e-01
2.931264057328956674e-01
2.888134568764864074e-01
2.775658652604116594e-01
3.068650890657179109e-01
3.913465834772444363e-01
2.817747430556555299e-01
3.682066088285828598e-01
4.070508407750600410e-01
3.004773086276874006e-01
3.376462397269386351e-01
2.600628265549953522e-01
3.898031212685921787e-01
3.316905105552125921e-01
3.024479340774853808e-01
3.260043646014349483e-01
2.429505220850226854e-01
3.372204435673432643e-01
2.677509585174366880e-01
3.074138666601543002e-01
5.034185743029890858e-01
2.841489284250732772e-01
2.761232205076303847e-01
2.816925447723875320e-01
2.964116714544102749e-01
3.458006317042773281e-01
2.637224380186304340e-01
2.668172522696439786e-01
2.789136393848502538e-01
2.878296243456209269e-01
3.500138676467013377e-01
2.593623853196986850e-01
2.973498469686070012e-01
2.553179512605522894e-01
2.493035264604525347e-01
2.924434888000540522e-01
2.929994592108360885e-01
3.038370520277115516e-01
3.814068187767483131e-01
3.129610324251100306e-01
3.027598226615145216e-01
2.655973501632379330e-01
3.998477662843370473e-01
4.680068305231176451e-01
2.999351263416695224e-01
3.517553258568369978e-01
2.920021472623670622e-01
2.650959673731174693e-01
2.948115161139954754e-01
3.420873293518709168e-01
3.143957415804968236e-01
4.458518005836007991e-01
2.823890582588360343e-01
3.083604600289121533e-01
2.851566316081309282e-01
2.937338461322615002e-01
2.857031764605573732e-01
2.921242410637144293e-01
2.669230281874256927e-01
2.965679826400003383e-01
2.392998089390721561e-01
3.370368494216568478e-01
2.816197098989195458e-01
2.916434302525083844e-01
3.404520969667795827e-01
2.955780101500326551e-01
2.935432233114299572e-01
3.334948656116417665e-01
2.537849360989325453e-01
2.941424647542741355e-01
2.860853066248004728e-01
3.343846912749254274e-01
4.533840500479077162e-01
3.285499012388311546e-01
2.409082719488701563e-01
3.011551639985271533e-01
2.871617954202981271e-01
2.966175296388571248e-01
3.720303954822969383e-01
2.370310545101875777e-01
2.863248219184302834e-01
2.945840493370459057e-01
3.682066578775125554e-01
3.644516423238338132e-01
3.142688685005918803e-01
2.977606541428983733e-01
2.942683074323977910e-01
3.453931388542236802e-01
3.341306000953687128e-01
2.865442219957942127e-01
2.628114558667716816e-01
3.256297012642912492e-01
2.787890877991845429e-01
2.541760802115509144e-01
2.932742928152664574e-01
2.641604226966318691e-01
2.959194021901655480e-01
3.332429332805351696e-01
2.542992141612603896e-01
3.318075781849212369e-01
2.926031423212315241e-01
2.360639569304055219e-01
3.430231297941161439e-01
2.998239053431898116e-01
3.931575411924974062e-01
2.794330990276628901e-01
3.312832674070541050e-01
2.829994482483813578e-01
2.919891415817564839e-01
2.930370114020506844e-01
3.328198730374357095e-01
3.657403726589300019e-01
3.760853257019583507e-01
2.819709301166741788e-01
2.685199453835920846e-01
3.528937524023676442e-01
2.988139122100519351e-01
2.841208064480878481e-01
2.916991435977948077e-01
2.584957712393696760e-01
2.957856194906866576e-01
3.203277299794508592e-01
2.587603841931643833e-01
2.944091343514520509e-01
2.906739702671143899e-01
3.065385430897763497e-01
2.596525006024709703e-01
3.360773882076942276e-01
2.932312354587051084e-01
2.820635040879846955e-01
2.898660592831344696e-01
2.802872826526966454e-01
2.439012129462709566e-01
2.951314447505317129e-01
2.920968228651608656e-01
2.486975573872288181e-01
2.968084972084855666e-01
2.917376024862782802e-01
2.450202889885250146e-01
3.197941447452329333e-01
2.918058514330588160e-01
2.734374845287034228e-01
2.911521526294092443e-01
2.726017381639423975e-01
4.892879924128216707e-01
3.144223342978200719e-01
5.039519964426667498e-01
2.646896519840560291e-01
2.877948720504069913e-01
2.627331876178042869e-01
2.922587254136701507e-01
3.163611772819458490e-01
3.236872133755013814e-01
2.348358974513373998e-01
2.851627233520038218e-01
3.208606352798757388e-01
2.585831923132933530e-01
2.957479022956204795e-01
2.947142191871450212e-01
2.950148150796153557e-01
2.700526790457064563e-01
3.842636290250472375e-01
2.937889416483298044e-01
2.776556586349499534e-01
2.353049974250801812e-01
2.916780532490824140e-01
3.968697746348769928e-01
2.967132696917777479e-01
2.748848909952170128e-01
2.432889790118744622e-01
2.937565262194180016e-01
2.653315269055952497e-01
2.678221982465672779e-01
2.616965983878970503e-01
2.436208277984303616e-01
3.011552217082306693e-01
2.766115389987805484e-01
3.135215173719937409e-01
2.434005832052799356e-01
5.133911542490957602e-01
2.791901735717757793e-01
3.506502379231150601e-01
3.245609839031959321e-01
3.981573635314148984e-01
2.842732246662520446e-01
2.424395368469123846e-01
3.450914163401327950e-01
2.918747609010008959e-01
3.942190276376955627e-01
4.751866825841998265e-01
2.936315728832945560e-01
2.812219363783475257e-01
2.858686917644567838e-01
3.165750805769519949e-01
3.739731189139067213e-01
2.835448773017181234e-01
4.537691244373446287e-01
2.795591656497576905e-01
2.672223751460275909e-01
2.630482648192421502e-01
2.435231911586684672e-01
2.755453182324698602e-01
2.760595940502786338e-01
2.598854697086727672e-01
2.687175957166089146e-01
3.232938752611211886e-01
4.325655857727437326e-01
2.809042071485211012e-01
2.788977670643979501e-01
3.450042164622353358e-01
3.734212963177405142e-01
2.948298181539413809e-01
2.777648361438871949e-01
2.401931507701687285e-01
3.240203504505654863e-01
2.620215730452645775e-01
4.119634607342422816e-01
2.421217871567903634e-01
4.723696851311099953e-01
4.081561480452080559e-01
2.906703418686923390e-01
2.904775492621197719e-01
3.127915539808388545e-01
3.460467292180098298e-01
2.927789212837477728e-01
2.390404809330688718e-01
2.908766499617204682e-01
3.337787018812670148e-01
2.490129466337897557e-01
3.377866445940229112e-01
2.828906706437498420e-01
4.584416737660805263e-01
3.670993287903961955e-01
4.061043982396992380e-01
3.106638010365629921e-01
2.598172326512631081e-01
4.061088585076878532e-01
2.436799602471590165e-01
2.418086412223037218e-01
3.172597856598762811e-01
2.986012589340331647e-01
3.323687811735541175e-01
3.477966263926500212e-01
2.895700384419711559e-01
2.591496245896266482e-01
2.898629972235144958e-01
2.743701044099791098e-01
2.646678801065885378e-01
3.202567607311511688e-01
4.534386260870861829e-01
4.327404033788452287e-01
2.431520476711410694e-01
3.149690282540653641e-01
2.979688542989231692e-01
4.324886917267095066e-01
2.683359697516662368e-01
3.412323538269077527e-01
3.547734941230413774e-01
2.742584169262101690e-01
2.863219615053650968e-01
3.391571152054520533e-01
3.355453218378676161e-01
2.709827847348190710e-01
2.512380876178559874e-01
2.603095197032352370e-01
3.381161772984260239e-01
3.425998002248386021e-01
2.846328929220768300e-01
2.587144930028475454e-01
3.234009085633604563e-01
2.675671255347195077e-01
2.534482576697454914e-01
2.894322421253301414e-01
4.221370436453967812e-01
2.513354294944123435e-01
3.287733288446741398e-01
3.383041397060170263e-01
2.801223235490492569e-01
2.955456156891169694e-01
2.751819653022473666e-01
2.864750877601611734e-01
3.170019292316940129e-01
2.786013718121509442e-01
2.494936395657637029e-01
2.852934736255843262e-01
2.705863062450304946e-01
3.040057884591114701e-01
2.862748024346230546e-01
2.672383979820833755e-01
2.432103390001288112e-01
2.844773780712053224e-01
3.850876449453192185e-01
3.291469264436108766e-01
3.787837359080810651e-01
2.844302420169726453e-01
2.444416334859946804e-01
4.647518647306176920e-01
3.341568517197696098e-01
2.698074038024684818e-01
2.456064456827155296e-01
2.747210771005424990e-01
2.954208405565572626e-01
2.834906623797679437e-01
2.590144921421834723e-01
2.936343875636252543e-01
2.648269527835176440e-01
2.323779090077388587e-01
2.640570843852680927e-01
2.712616936941742440e-01
2.352408480479235842e-01
3.569297104792111819e-01
2.932218448693886259e-01
3.127069653119695092e-01
2.757287503541349105e-01
2.859570072091061621e-01
2.810976374408638567e-01
3.479803952408270784e-01
2.835331064348815544e-01
2.434642972380672565e-01
3.151783370685063979e-01
2.422594307231431821e-01
2.692607041396638534e-01
3.902080419867131056e-01
4.961716488478949971e-01
3.070824633252056679e-01
3.400449252772053677e-01
2.880670710067599338e-01
2.880481278145198831e-01
3.412183137351150752e-01
2.916541638028652406e-01
3.628689296176157986e-01
3.663107461406529541e-01
3.064989712489488705e-01
2.856355705748344076e-01
4.707718908097952570e-01
2.741684542748082931e-01
3.436880926829170568e-01
2.377623578679731176e-01
2.566400702636745246e-01
4.319787115244562159e-01
2.599324697681907326e-01
2.989296822405860810e-01
2.868089169637560998e-01
3.179396100632873035e-01
2.623607077026599566e-01
2.775681471449489846e-01
2.369412334477297155e-01
2.954419567727696871e-01
3.201665507130765920e-01
2.932228799900018501e-01
3.081508959706875106e-01
2.871667509918488514e-01
2.649396407469838399e-01
2.844505400692869945e-01
3.291039389619633271e-01
3.857597646688336046e-01
2.553252065109894997e-01
3.298912764874600834e-01
2.704057758614618057e-01
2.565407106912958035e-01
2.616860226866362660e-01
3.395627188202733349e-01
2.974148198131957299e-01
3.404551321692423915e-01
3.173962939254111326e-01
3.016526797142995431e-01
2.596213583164658223e-01
2.873398107753485919e-01
3.339096273446707230e-01
2.940703889619736278e-01
4.666044561316345374e-01
3.045870253385005721e-01
2.964545971353292897e-01
4.431411077002072041e-01
2.897057755763030595e-01
4.958558962211336296e-01
2.818446316521523443e-01
2.927793268011874561e-01
3.483460830803970509e-01
4.817787787786138587e-01
3.436280784513136566e-01
2.989902236570692318e-01
2.827392584785541896e-01
2.538643780704569197e-01
2.675501957591811530e-01
2.864234763061400124e-01
2.892438448322568467e-01
3.172285726984212517e-01
2.322178755688422136e-01
2.643303079023375246e-01
2.581195661690481313e-01
3.186052534927847901e-01
2.887271477410926490e-01
2.454297379694479475e-01
2.533217040591854707e-01
3.281415040599229838e-01
3.250685400957655236e-01
3.013153120231980564e-01
2.940516496481825892e-01
2.843105311466419538e-01
3.247487259712321106e-01
2.913353402589872743e-01
2.355299691713462762e-01
2.962586374150512070e-01
2.439141953238107008e-01
2.637788955004820579e-01
2.441794637113509914e-01
2.683513342407622959e-01
2.365686664018147312e-01
2.800014063275602649e-01
3.590246734800144890e-01
2.649960086694168049e-01
3.234614469233916823e-01
2.977526999942632924e-01
3.087630739561119664e-01
3.062246927950064146e-01
2.733865410434113685e-01
3.679296741836770024e-01
2.895668528144808018e-01
2.366053106566342878e-01
2.643228227142196962e-01
3.009780693272761098e-01
2.529964588973114270e-01
3.280136471316873470e-01
3.023788077851188860e-01
3.659589506212425625e-01
3.431354244112858609e-01
3.415853277571645474e-01
2.458298025972939227e-01
4.552769391649477693e-01
2.880889525221065894e-01
3.328477054972138749e-01
3.367075660104918988e-01
2.975526499988117024e-01
2.715661270697037888e-01
2.989338507049565385e-01
2.876371720489759864e-01
2.796239802028551158e-01
2.863468352757995161e-01
2.883051549699753857e-01
2.930125603226775843e-01
3.078789426005343333e-01
3.670659821912361509e-01
2.863024578283724364e-01
4.696741199008381829e-01
2.618036209001520787e-01
3.490765014662355337e-01
2.581571279903077665e-01
2.423997239689304473e-01
2.923595494578077880e-01
2.855408746623950833e-01
2.749988663952513401e-01
2.619194569423327068e-01
2.644696955221122470e-01
3.146078905732128672e-01
2.400966008749394198e-01
4.656401050359581517e-01
4.032505497424300756e-01
2.321872308163411558e-01
4.140835959980929126e-01
2.678846894496086373e-01
3.329340016133751079e-01
2.945536802305426805e-01
2.344264850757113439e-01
3.171818467452707235e-01
3.415421519162691322e-01
3.330420727594776698e-01
2.344688176323344031e-01
4.126050032715838922e-01
2.350228182221554829e-01
3.214437752425877703e-01
3.422630169413053425e-01
2.445603076403046472e-01
2.911382150445708805e-01
4.090756581945519388e-01
2.443647675552429455e-01
3.318890366572277428e-01
3.014806236271688755e-01
2.932076197856573474e-01
2.829873949396093935e-01
2.426897980623239082e-01
2.955844790545250067e-01
4.584699738292429272e-01
2.796297759928793591e-01
2.753905515906445167e-01
2.405749063142758326e-01
2.546842804564635743e-01
2.572853049823862204e-01
3.258352125508760522e-01
3.202913321821394543e-01
2.602042423873204835e-01
2.916665518510311306e-01
2.335714897493591513e-01
2.642069143799976594e-01
3.383417082214820737e-01
2.620133816697777229e-01
3.117208775364884166e-01
2.685814990979665251e-01
2.664121235235008545e-01
2.967674585954332422e-01
3.717380035112946568e-01
2.867629488801617943e-01
2.666797932392426795e-01
3.099456843643119686e-01
2.890040873071808014e-01
2.831589195471586606e-01
3.019536478689441861e-01
2.793950061619416281e-01
2.802780680518089373e-01
2.927956693576919123e-01
3.968470122210160933e-01
3.094873579723220192e-01
2.902152319012220039e-01
3.272102615233002387e-01
2.703892994702583596e-01
2.634775515176520644e-01
3.412531779840184409e-01
2.588893111366707411e-01
3.039053893057941380e-01
2.598314125819645160e-01
2.540957516394521942e-01
3.341056045387205131e-01
2.536726646917042416e-01
2.792057195773495759e-01
2.931239397243223799e-01
2.998137907416150161e-01
2.908215215910740503e-01
2.832451321282532519e-01
2.794388281722964829e-01
2.908978110077172219e-01
2.731311581170196012e-01
4.690733424373866867e-01
2.862854597507483168e-01
2.903290954717325234e-01
2.534048906090410891e-01
3.127014674828805241e-01
2.569506557730028562e-01
2.851931177569919651e-01
3.940567557002218058e-01
3.840478777815579670e-01
2.884504450075563997e-01
2.942169484115255140e-01
3.262546073656347190e-01
3.199641796133197436e-01
3.195431059578009436e-01
2.342111569622928879e-01
2.317597082714962786e-01
2.548298492428309192e-01
2.597107881412270003e-01
2.357633434235973657e-01
4.069903045084045656e-01
2.801455102833764199e-01
2.392016043661385205e-01
3.498843188449602959e-01
3.623078368063088472e-01
2.972472307711694350e-01
2.955236792754509789e-01
2.502362656165969534e-01
3.381760525290262165e-01
2.412689521823679351e-01
3.007385359650976420e-01
2.835904109679637242e-01
2.513118198636214440e-01
2.891402065566234247e-01
4.048280182459391696e-01
4.327149164979378626e-01
2.730364697677420405e-01
2.995122544590012592e-01
2.518196408028322564e-01
2.593971183951388482e-01
2.698079188229129399e-01
2.944543254677725597e-01
2.585244037197377831e-01
2.778324886306920982e-01
2.869843185682509068e-01
3.156801445465315381e-01
3.497367441636802798e-01
3.899968074974802801e-01
3.017525891281961359e-01
2.883614043571204322e-01
3.196454198201845731e-01
3.177666076699690034e-01
2.701318555937956001e-01
2.501090903186190539e-01
2.976377312341105252e-01
3.633701372036702848e-01
2.652463608093038050e-01
2.997427567056515363e-01
3.036897699191897226e-01
2.841907449665544427e-01
3.640207954466624374e-01
2.751145168668226448e-01
2.576371835097766572e-01
4.615906573863364226e-01
2.437744382368235985e-01
2.901684812475406328e-01
2.997639677754878051e-01
2.754452384201254156e-01
2.807255930449452652e-01
2.405768358472666346e-01
2.709080051782465359e-01
2.900078244308045838e-01
2.894938569837269271e-01
3.410822523032350784e-01
2.393838845524445536e-01
3.067356978493698261e-01
2.443890769513527017e-01
3.603942573016322148e-01
2.664558898788073060e-01
2.947696565654272516e-01
2.864566536864783242e-01
3.632669579362954870e-01
2.905798264050808433e-01
3.689330933005320334e-01
2.952231249111938460e-01
2.671624365068802076e-01
3.426659373769013195e-01
4.514428064418473663e-01
3.869046445854230076e-01
2.358711587574704727e-01
3.272289785185139577e-01
2.491169169387891513e-01
2.930225931990975696e-01
3.124347143054164722e-01
2.643198110874803164e-01
2.403950741811218816e-01
3.408450828897967022e-01
2.870408124938404471e-01
2.895856605661052408e-01
2.433777124839155426e-01
3.320060057686658461e-01
4.307374727632409805e-01
2.739518833829844846e-01
2.393336563209501056e-01
3.096881087416644140e-01
2.909305626207946971e-01
3.012435891194827908e-01
4.554839441025793079e-01
2.859893367664654296e-01
3.104192281313559176e-01
2.891120510286538381e-01
3.325545777673925008e-01
4.691661397747767248e-01
2.978753193381095676e-01
2.980576940816005438e-01
2.847451413931386122e-01
2.658048291122012130e-01
2.567230357249402628e-01
2.606995659721548231e-01
2.906772961564845770e-01
2.589866854260818863e-01
3.436381987210146427e-01
2.858535341044591838e-01
2.478975333737539755e-01
4.689694790083633325e-01
2.919443853923273102e-01
2.448980462143290904e-01
2.615866819483602113e-01
3.787859933665377321e-01
3.783276367108284188e-01
2.797633625677815594e-01
2.376322136028776177e-01
4.786465427709908349e-01
3.082106929332010803e-01
3.261490499889735384e-01
2.436026291729861404e-01
3.414335205931734452e-01
2.665044952661403399e-01
2.678353563756769029e-01
2.473359017237416468e-01
2.794079949734689650e-01
4.150888824005362632e-01
2.908987439738326963e-01
3.547933870667339673e-01
2.905160243036884471e-01
2.887027395733865465e-01
2.476457271215199152e-01
4.651197193307107236e-01
2.988140155466430525e-01
2.383595014969271675e-01
3.984157648186247846e-01
2.448007511846397311e-01
4.458137494792249744e-01
3.517068080649109474e-01
3.981076360162162930e-01
2.368596898649115157e-01
4.588606707771975546e-01
2.431756962539957656e-01
2.985560303474770749e-01
2.892030554506493378e-01
3.370817193842416404e-01
2.894263949931147883e-01
3.745150276509682241e-01
3.209490226546065639e-01
2.458611423263273588e-01
3.431038790518347037e-01
3.684267020828249639e-01
2.832242032199546733e-01
2.547733941376953415e-01
2.545813823176721336e-01
3.172487496029894882e-01
2.853023713329340127e-01
3.115460510058563059e-01
2.471904945656749064e-01
2.889299874347910357e-01
2.611906898020341927e-01
3.024361859424956056e-01
3.460543476496615312e-01
3.295584451017081196e-01
3.216173612581381125e-01
2.887794635843454194e-01
3.278912522001208862e-01
4.693549066678516790e-01
2.703161804357984144e-01
3.266972040798312160e-01
3.550249597635659615e-01
3.456423251562861787e-01
2.631645274895865194e-01
4.323138642392485576e-01
2.587179789895585058e-01
2.959828638949306145e-01
2.962385778971447503e-01
2.733261885521235945e-01
2.680356336270296458e-01
2.349831727575212303e-01
2.375144349331705651e-01
2.470953721526818192e-01
2.724665002115062573e-01
3.208337182424104150e-01
3.359484180154606592e-01
2.550286902554922408e-01
3.680707408197566033e-01
2.361265862430224627e-01
2.398995624615612721e-01
3.208507633838845186e-01
4.128394194760641733e-01
2.703627906890504473e-01
3.211425914651884761e-01
3.885880241166416171e-01
2.634531768539734586e-01
2.431687972574527734e-01
2.600296468571960395e-01
3.207790047883921081e-01
2.482661715050433204e-01
3.081782654375956887e-01
4.098067782116467939e-01
2.757675496376111868e-01
2.464266279646425140e-01
4.702279296892419302e-01
3.231113935012552285e-01
3.450750747265066143e-01
3.035267256089835275e-01
2.608245887766111881e-01
2.363981243094627760e-01
2.823055134204885963e-01
4.715914333011144155e-01
2.967362422737848671e-01
2.831556190259612582e-01
3.459424855259036757e-01
3.053210250790573954e-01
3.569530663365053647e-01
2.827779532483841729e-01
3.246517877658482987e-01
2.825698247629308546e-01
2.604984924351374520e-01
3.048628384442438333e-01
2.875858621589724717e-01
3.842510930461808805e-01
4.734438837732403704e-01
3.663413239740332394e-01
2.874637084746049509e-01
2.972869655898419117e-01
3.259797421772694936e-01
2.834199617095841117e-01
2.915435631380862702e-01
2.812951517602705898e-01
3.125782688851112545e-01
4.819316582283316719e-01
2.861646339068028566e-01
2.998507736234111154e-01
3.341825635553648532e-01
2.534538241751608245e-01
2.472224213796801462e-01
2.853847346703217713e-01
3.043670760152115684e-01
2.433574407968648878e-01
2.907517409276056952e-01
4.661686140643708232e-01
2.801229840720720898e-01
3.287402260707532609e-01
3.458353201000687882e-01
3.115472153640838626e-01
4.558404839722813295e-01
4.757953072225936109e-01
3.024052426267553328e-01
2.602220984894928479e-01
2.360389359924937869e-01
2.922357618613560248e-01
2.957862497979724670e-01
3.457734718328629442e-01
2.361339020378249165e-01
2.506413312144148975e-01
2.409574355611277252e-01
3.034344544585426684e-01
2.669174980852077605e-01
2.550810175367749233e-01
2.551246453458195229e-01
4.852111818438648583e-01
3.871987699628337554e-01
2.460971104844265900e-01
2.593067775664871788e-01
2.498696183869976162e-01
4.250931220766878127e-01
2.892504950493059446e-01
3.963160875635290403e-01
2.699666779642211911e-01
2.655411651099779946e-01
2.597179919926336789e-01
2.599860755175792959e-01
2.848675433941445512e-01
2.310782584533595807e-01
2.824467377733972384e-01
2.575496497101263937e-01
2.517827629788844668e-01
2.566625269458602254e-01
2.399684585656470526e-01
4.223093048163027996e-01
3.093484315703640686e-01
3.196259284151017899e-01
2.949935771171618981e-01
2.424395161081092931e-01
3.049957548885699476e-01
2.832578488255490523e-01
3.339520993059120757e-01
2.862318023338544237e-01
2.997199851753046818e-01
2.614209279333138958e-01
2.932038102934510504e-01
3.107750252692472737e-01
2.338230255312105654e-01
2.622928972936443004e-01
3.529362936159455288e-01
2.721060763587731524e-01
3.018092302957113282e-01
2.607422381925625920e-01
2.833556267849762778e-01
2.437419591200104263e-01
2.480247995434169128e-01
2.464404311354348731e-01
3.002829332270317009e-01
3.668648656672786057e-01
2.936521339264893671e-01
3.201180056930792439e-01
2.440623988176318926e-01
3.553278154242497933e-01
3.325420922664301115e-01
4.423226044343661623e-01
3.044527525123313372e-01
4.455493079214039032e-01
2.816238591638119959e-01
2.671954049997325997e-01
2.599338983762447541e-01
3.089307660124854249e-01
2.387885083215088577e-01
4.165634112293385982e-01
3.184690072646541026e-01
3.078846304902219111e-01
2.850767690680060529e-01
2.613582045925504915e-01
4.427980029264195760e-01
2.882860256837650459e-01
2.892482362210045954e-01
2.334760441305101242e-01
3.481895850793719771e-01
2.924886304423324757e-01
4.856293971833479661e-01
4.482019957744688421e-01
2.889457519570122201e-01
2.935783601941056031e-01
2.438723891731301718e-01
3.521022362315035514e-01
3.333330873716915943e-01
2.396369437539470071e-01
2.632120681317898225e-01
2.420288998431558147e-01
3.048088899713727318e-01
4.944823486738966767e-01
2.844316606769057842e-01
2.638742334144199564e-01
2.817322693876404549e-01
2.678340396433619985e-01
3.375525227765819869e-01
3.147909634322491046e-01
3.240510337877443026e-01
3.389226870756231746e-01
2.917226033452131051e-01
2.980801007529985669e-01
2.657232577868967605e-01
2.437421066048542639e-01
2.966457962359497214e-01
3.081222161384656877e-01
2.482568414990559691e-01
2.985786182653989429e-01
2.817830335614513459e-01
3.131430976872571215e-01
3.227586847169374162e-01
3.302084646706408555e-01
2.443225683536666415e-01
2.816559789275438486e-01
2.747678772114151569e-01
3.326959499128875897e-01
4.350232618858080325e-01
2.621352325804135464e-01
3.757255438415202931e-01
2.967159526992688146e-01
2.901648797953417236e-01
2.306783072079299224e-01
3.075979194925085869e-01
2.794743987657775097e-01
2.723543533939051242e-01
3.353255967708846930e-01
3.393517584875580528e-01
3.492470930651905281e-01
4.740886711450281177e-01
2.433259918563148161e-01
3.741499118423263770e-01
2.769114033369673988e-01
3.787668913128784398e-01
2.899947629001911054e-01
2.610419758644747512e-01
2.518506070269967423e-01
2.682238111228237853e-01
2.927871022988528527e-01
3.422401866394073622e-01
2.585428416581931343e-01
2.992798772500687710e-01
4.595919534442183263e-01
2.709398388266383573e-01
2.606503429727421994e-01
2.912785833759164444e-01
3.326909169330416471e-01
2.856299042141696165e-01
2.623687024412471036e-01
2.609094226120615700e-01
3.219942737692753076e-01
3.164897971963612222e-01
3.107159526212949219e-01
3.054873742814198101e-01
2.838763236931628464e-01
2.682882245500860519e-01
3.365623718907681527e-01
3.320226750355217971e-01
3.016447466431859126e-01
4.844387608756107744e-01
3.179400560126770525e-01
2.709529263481211259e-01
2.763583380051035099e-01
2.381221499836193578e-01
2.924182982354414095e-01
3.554023986015824033e-01
3.853911338433306244e-01
2.658287969669918538e-01
2.572656246649120959e-01
3.332096089145408779e-01
3.041185916889847518e-01
4.654206533666317980e-01
2.716147279906518941e-01
4.650469810350502664e-01
2.748446388421206810e-01
2.646392877200680616e-01
3.196593731313410180e-01
2.930782562507211475e-01
3.330619606536432964e-01
2.333793551907328290e-01
2.869348784678676378e-01
2.641029539067220044e-01
2.947773601996561688e-01
2.782793707872218136e-01
2.515177377826958161e-01
2.721758314989533578e-01
3.067957217973678041e-01
2.747745723975765220e-01
2.611306672416429109e-01
2.577253872159659953e-01
3.329378131486482872e-01
4.896928950954870241e-01
2.781077554416022113e-01
4.130068486822146001e-01
2.923636478170867914e-01
2.501022352282687433e-01
2.648656824834284551e-01
2.376380437098971621e-01
3.136458305168450811e-01
3.314642888064232018e-01
2.709941592738302485e-01
4.688196041906554368e-01
2.896977051092171629e-01
2.795587001198948651e-01
2.337274069261534581e-01
3.188087751848418527e-01
3.590385802805845517e-01
3.220414394996798935e-01
3.018869415728192562e-01
3.330151360648973546e-01
3.148231485891927472e-01
2.890811570604064906e-01
2.803700181731246244e-01
2.607828336239293443e-01
2.978851086948897664e-01
2.907246825536963231e-01
3.191795962925048080e-01
4.939513364616886504e-01
2.698730127832819625e-01
2.880018286789589599e-01
3.034714054830376373e-01
2.710661497971678102e-01
2.487508311468003275e-01
2.756744257537810938e-01
2.334837333452700892e-01
2.641166629086119655e-01
2.341975829640306206e-01
2.688678342876267835e-01
3.089327287209079898e-01
2.872350329477457165e-01
4.662378405954775151e-01
2.915999132394552773e-01
5.020098939543484740e-01
2.438259762750384085e-01
4.104259272323952934e-01
4.528870735121991453e-01
2.709319475864453985e-01
2.601731978722559013e-01
3.026706105481009046e-01
2.712999371627466960e-01
3.923100575813291413e-01
3.210256634272861120e-01
2.985461607177580801e-01
3.604199346655958536e-01
3.308487178964891195e-01
2.546330032479180439e-01
3.270018585157600799e-01
3.053351979770994595e-01
3.353883112998638505e-01
3.269284132950679433e-01
2.986081233079017072e-01
4.691710798112043168e-01
2.884885150142368349e-01
2.524317641319921424e-01
2.537182483470096228e-01
2.939681537819053836e-01
4.981556638773342871e-01
2.373409157264622649e-01
4.636330760082826852e-01
3.014624691027475434e-01
2.573303068513771996e-01
2.898815746812113403e-01
3.043369434914519056e-01
2.606940866325248018e-01
3.587793458373566557e-01
3.183822743929166088e-01
4.358989547594768199e-01
2.582103772804116293e-01
3.003412167750433848e-01
2.559325175368584726e-01
3.342366250153527285e-01
3.050064152419135199e-01
2.555678277919194441e-01
2.451477549346380291e-01
3.146375609173938104e-01
5.052185453707076501e-01
3.339597550310111629e-01
2.801494365597764769e-01
2.702835074279233973e-01
2.901273822485915255e-01
4.772608847268630106e-01
3.333622581267857155e-01
3.137385036288384277e-01
3.131421512331608037e-01
3.373305947065324828e-01
2.689994448302520658e-01
2.686307443328549427e-01
2.939411892717839758e-01
2.546996472873937489e-01
4.613957313188410403e-01
2.635438302670624622e-01
2.647981911860490256e-01
2.714597205481033004e-01
2.431434349760502045e-01
2.967762962178016051e-01
2.920507947852825636e-01
2.853322004204048579e-01
2.473712460173370375e-01
4.447509650945488113e-01
3.224844970804606192e-01
2.911034310900431632e-01
2.710620612146453778e-01
2.818746160155945479e-01
2.740499182207404294e-01
3.362920691906173820e-01
3.103516288131408785e-01
4.646045922496421232e-01
3.164601372684297531e-01
4.238636222507067841e-01
3.478458697925084775e-01
3.083445096180074119e-01
2.948500166166057590e-01
3.145342977030803344e-01
2.961594555338578072e-01
3.500483943576131463e-01
2.636283926689260149e-01
3.172847865971207271e-01
2.970240373989297966e-01
2.760872930860664431e-01
3.255331693401765092e-01
3.508067381289187159e-01
3.621155694270965508e-01
2.343310531857459578e-01
2.902133390268404889e-01
3.821542702617097831e-01
3.831675937285726197e-01
3.111212270208107977e-01
2.925752589987765662e-01
2.954508292242038481e-01
2.553901530865609892e-01
2.957433541789186160e-01
2.999784374448162816e-01
2.798228475343209620e-01
2.531478645864006505e-01
2.655388323060485778e-01
3.645606660257733611e-01
3.042168447379136609e-01
4.518516529733779818e-01
2.912213030414533277e-01
4.905986904401761772e-01
2.976107590956065252e-01
2.972907606555578175e-01
2.736057618444119321e-01
2.372366489709480386e-01
3.164748588976799004e-01
3.929624476769963959e-01
2.436880570940466728e-01
3.476887842159417930e-01
2.994643944019127479e-01
2.879530514767367766e-01
2.851816775154093486e-01
2.804039691953301161e-01
3.407577050756696591e-01
3.004759411718605500e-01
2.391169381721772735e-01
2.994177587198163515e-01
3.691120766761374350e-01
2.927589075638650229e-01
3.256288000702334817e-01
3.005130943309958780e-01
2.376026141878239129e-01
3.005169975913770108e-01
3.313094475194160449e-01
2.545721157744355589e-01
2.711607612903269571e-01
3.233793300367339141e-01
2.506992504066827832e-01
4.522507373810325526e-01
2.792974387267395664e-01
3.462153851482837608e-01
3.132079113671920045e-01
3.104836509178555692e-01
2.905588944726981704e-01
2.841450263683696909e-01
4.674920250086739282e-01
2.692850835374599461e-01
2.596558915242462851e-01
2.653895082998221633e-01
2.965947460521093371e-01
2.624720694061503656e-01
2.732116259115125456e-01
2.601683325739395092e-01
3.019758497641066852e-01
2.925313282738210008e-01
3.048295434046688901e-01
4.131229807000728060e-01
3.252752819028090214e-01
3.281079949242974303e-01
2.738686489399013158e-01
2.541307129301008660e-01
2.426524416426625308e-01
2.373250394504709260e-01
4.712560527902188157e-01
2.339755185695766848e-01
2.989304251521103795e-01
2.595279661281481576e-01
4.325881755319432309e-01
2.380674638181418390e-01
2.746479669920415811e-01
2.746884765633714198e-01
2.460365123144216681e-01
3.417506103484088675e-01
3.254570545137632220e-01
2.691648227889904543e-01
2.759850244982304246e-01
3.826359058430709448e-01
4.324673786951723775e-01
3.442131786595743481e-01
2.599149896545213667e-01
2.930933169843530361e-01
3.080300940394224973e-01
2.773199017856693427e-01
2.423544521324969003e-01
2.616028524628728480e-01
2.988572021944416734e-01
3.288953162144086506e-01
2.812599536955481261e-01
4.498983798254774791e-01
3.479295552251682744e-01
2.718603785521933602e-01
3.382006745061608699e-01
4.909008063965654145e-01
2.800352348629258081e-01
3.523697809036250850e-01
2.782981674068952804e-01
3.107134709148450802e-01
3.437650806374122348e-01
4.713384057908833746e-01
3.191091960909081537e-01
2.391211272981501323e-01
3.910052899126061354e-01
2.942713570658707090e-01
2.545617635577077098e-01
3.822844751922807038e-01
3.005090857876906441e-01
3.484386740421048789e-01
2.877782278108321212e-01
2.916234735629776864e-01
5.027142161862806491e-01
3.865020134862392487e-01
4.490693024936275313e-01
3.347525609378920741e-01
2.681396257637438940e-01
2.584152142840241417e-01
4.391955814113558954e-01
2.616544913953922080e-01
2.903147693127084428e-01
4.992727544066106748e-01
2.395619800795866228e-01
2.485449201833498656e-01
2.387201176122263901e-01
2.975141201752067310e-01
2.651674563383186189e-01
3.516698929036668475e-01
2.335780774819265493e-01
2.909667873880564248e-01
2.692578164780183858e-01
2.772189768884056327e-01
2.895898559043779685e-01
3.251886360521350494e-01
2.935881098848259207e-01
2.422505621177296342e-01
3.256236537486829619e-01
4.973187865535683705e-01
2.847909912577571978e-01
3.618704895701526092e-01
4.575715877455029945e-01
4.271280072069754130e-01
2.955644424043692431e-01
2.611113480918653695e-01
2.880737782156336801e-01
2.698836581537985557e-01
3.213219008265272847e-01
3.236895577473826169e-01
2.929327105785115015e-01
3.572660207764343232e-01
2.649468563357033624e-01
2.416668830067559004e-01
3.151611487674664258e-01
2.929595644529326415e-01
3.851435979330627424e-01
2.578014155043725220e-01
3.146213261448622123e-01
3.520026900900412037e-01
2.908324501102143023e-01
3.605889420308445725e-01
3.467082644207252207e-01
2.800205942914745227e-01
3.368749382057523167e-01
2.689057663498162221e-01
3.386919154257550524e-01
4.404256204425476828e-01
2.860851632635885711e-01
2.772714085314949006e-01
3.542171525764844509e-01
2.423411882460310141e-01
2.913209937785149473e-01
3.099329480794370539e-01
2.448893266787634526e-01
2.426264012696719985e-01
2.910697523033288214e-01
3.064534541379788091e-01
2.531896260955566746e-01
2.478534025338983149e-01
2.731209061006278360e-01
2.949365172521659084e-01
2.482290172300149755e-01
2.476478476081925006e-01
3.115798597469530695e-01
2.804529644164086011e-01
2.508075143946016938e-01
2.604676788174534741e-01
3.612649517857629000e-01
3.172544596778939519e-01
2.426775681581047062e-01
4.459860785310524323e-01
2.381377890477529569e-01
3.140350060378847008e-01
3.107227055957202388e-01
3.132180687797578300e-01
3.218377776136792101e-01
2.950456981976510851e-01
3.436197407273955950e-01
3.184531428881420823e-01
2.877186116506944558e-01
2.907662839740301486e-01
2.891844765451862531e-01
3.157398372344284443e-01
2.711196113792873064e-01
3.332039317504595366e-01
2.518000411454952570e-01
4.865016765596913428e-01
2.476417677277477081e-01
2.478356530479012831e-01
2.597390307650572217e-01
2.996524444468657844e-01
2.954720740320270211e-01
3.170674177867751631e-01
2.518319452647823642e-01
3.004913659361992395e-01
3.177078942637368564e-01
3.168150232965050717e-01
3.043877593835959128e-01
3.013334646311108811e-01
3.249837440401982525e-01
3.502386134302754028e-01
2.638801339543488389e-01
2.900178237223591249e-01
2.853127706173477218e-01
2.836152365892358196e-01
2.901299045338873728e-01
4.737155194498597344e-01
2.733437493710627053e-01
4.516983606146395824e-01
2.995836970413689460e-01
2.967860661594067251e-01
3.384885218299834020e-01
2.591057921325383706e-01
3.489186127900861245e-01
2.998885451254593715e-01
2.973438040189059772e-01
3.408358909831815109e-01
2.986819277005718365e-01
2.628636812003862233e-01
2.431062522461843178e-01
4.329151364112912015e-01
2.947338520692829866e-01
2.777278988005242866e-01
3.343188482042949161e-01
2.320636150408080522e-01
2.951239657072010636e-01
2.864609456227925621e-01
3.228006727874488391e-01
2.505399667857219903e-01
2.494282812855102283e-01
2.626967259139381117e-01
2.465947725974388938e-01
3.048567672658253347e-01
2.506089237617145637e-01
2.496166048235308743e-01
2.543927058781195738e-01
2.748767440994088762e-01
2.672645722447080097e-01
2.783511836663231098e-01
2.515107256381223233e-01
3.066344057471699913e-01
3.555028737383105764e-01
4.232023985110263675e-01
3.358229146651236507e-01
2.488227976100591265e-01
3.640338104998814828e-01
2.902220632268275313e-01
2.371413183129446600e-01
3.115937311222818362e-01
2.913548420562578345e-01
3.150915770817865336e-01
2.517379444186740312e-01
3.476668476773749905e-01
2.917109800900685723e-01
3.736967014858840752e-01
4.019477352452597851e-01
3.683576070217958187e-01
3.036058011964703485e-01
2.598872402969600315e-01
2.364417931855808952e-01
2.931926367989915461e-01
2.644267989027367927e-01
2.539440981318314972e-01
2.937593500065731056e-01
2.860034113283896895e-01
2.923978273265425698e-01
3.210634437914271500e-01
2.942815904092987989e-01
2.499921923783710032e-01
2.959414168672275802e-01
2.574988292858630401e-01
3.054045595995842355e-01
3.315267921927377293e-01
3.148862827643161832e-01
4.563921341472911286e-01
2.766757622847028086e-01
4.131950212106343945e-01
2.706205894238884468e-01
2.753335745846356986e-01
4.691339755346580209e-01
2.925976379137643080e-01
2.794585351873342671e-01
2.529368151349961624e-01
2.824352487148201196e-01
4.826910819858412083e-01
2.872979814350614669e-01
3.371703453869724365e-01
3.326764366914620741e-01
3.223853233471722368e-01
3.272786397037567574e-01
2.437793273077806799e-01
2.912579115818942355e-01
2.913056674866739693e-01
3.054794310922733236e-01
2.873731927957056675e-01
3.109694994286639202e-01
2.923715368305722651e-01
3.083595127678443459e-01
3.807611510955909995e-01
3.025972648048936842e-01
3.032922293400027169e-01
3.107172713074030090e-01
3.560264934325660380e-01
2.920173839178401010e-01
2.706002921063970779e-01
4.057664734066001033e-01
2.535363657661272030e-01
3.126006809059185820e-01
2.468874650864430476e-01
2.925154208442091730e-01
2.439309867317210889e-01
2.517332509469676904e-01
3.986027110396405670e-01
3.501283772913659220e-01
2.489626440157680087e-01
3.455112885275768431e-01
3.413847402446293366e-01
2.797574356744212398e-01
3.274190028365148164e-01
3.002901930599323199e-01
3.375913993257700918e-01
2.493774259972381391e-01
2.919979663841464346e-01
3.433079161729366002e-01
2.436797723947753680e-01
3.782282636814237042e-01
2.942969401315472799e-01
2.536841509669219286e-01
3.249024369217924924e-01
3.186370733088726426e-01
3.099558418501674462e-01
3.089802659040396526e-01
3.018149862885819434e-01
3.157405787607348024e-01
2.637488137457441040e-01
3.774137554377189341e-01
3.076871794747611522e-01
2.855547393446129512e-01
2.947184791204833787e-01
2.948710962399747060e-01
2.915596526822120671e-01
3.926939178702529287e-01
2.932175106718905022e-01
2.772192446628138351e-01
2.902142156729551337e-01
3.032446918152026938e-01
3.029591532924540975e-01
3.390443596418677430e-01
3.363062215515595366e-01
3.598414823802120743e-01
3.543879325591800522e-01
3.081432144149813257e-01
2.722293892217915734e-01
2.991654283725461716e-01
3.573852714220137616e-01
2.918882144881769225e-01
3.072837453886672066e-01
3.717375443900941545e-01
2.968523723878480625e-01
2.809112437663843775e-01
2.786409128655073508e-01
4.606605729091962642e-01
2.384628106474224185e-01
2.813653498873311398e-01
2.491288278706492720e-01
2.958848743954361482e-01
3.048848805517697658e-01
2.730518561705242986e-01
2.661770209731711967e-01
2.542787691422656593e-01
2.856506142675959703e-01
3.064115595188663943e-01
3.439597388971576408e-01
2.814405733294102485e-01
2.908808031027063645e-01
3.374886819238027136e-01
3.437380227076980987e-01
3.463839027854320740e-01
2.743938179991253778e-01
3.092703634071595764e-01
3.057060449680184533e-01
3.229798686884952641e-01
3.228778003876096037e-01
3.921043299834071627e-01
3.321285421538724414e-01
3.363564813530853237e-01
2.384372925815212430e-01
2.564594250225827321e-01
2.892419130902705859e-01
3.918404008994555987e-01
2.448201592588375164e-01
2.767647009889439569e-01
2.621852972737477860e-01
2.871412066809405639e-01
2.839182952464727738e-01
3.241588543978231596e-01
2.665796078946303105e-01
3.692397341851240689e-01
2.600838794546833088e-01
3.449487499746329844e-01
3.205545310285493055e-01
3.139838724026963179e-01
2.486945816696232436e-01
2.860890139894921580e-01
3.473030989220967091e-01
2.967075236235036106e-01
3.130362738310919490e-01
2.595554215340234450e-01
2.752142100165671512e-01
4.827438124077874093e-01
3.422365381981675725e-01
4.132181765318068689e-01
4.518093418362086888e-01
2.600437552970647492e-01
3.193904355558646047e-01
2.557508125792357090e-01
3.562462744289694450e-01
2.627193631812961283e-01
3.695057463202628956e-01
2.651469985907533577e-01
3.328601095872317228e-01
2.875162728936492829e-01
2.631805523561042137e-01
3.118355218470018064e-01
3.229558303583298651e-01
4.098295897765605877e-01
2.688569377682054617e-01
3.243051078252718877e-01
2.519892707099656848e-01
2.667046491743245151e-01
2.888108260712246023e-01
2.853572838825199076e-01
3.133078839348444333e-01
3.041935133588737905e-01
4.795236202188277730e-01
2.550943540914479279e-01
3.096916775457144166e-01
2.431632941237183987e-01
3.027857186537576961e-01
2.769884712934906901e-01
3.217812110317871954e-01
2.487496654228391335e-01
2.718317364945477266e-01
2.535373726660422045e-01
2.834040405492245784e-01
3.811142678242215309e-01
3.744181484195234777e-01
2.678200936268381738e-01
3.644716394141666593e-01
2.884154749094365311e-01
2.638590538208310798e-01
3.956542169578634582e-01
3.152477316348165637e-01
3.014474763131692048e-01
3.171968963281009968e-01
3.002274512359356939e-01
3.322778541600043822e-01
2.394147596952568291e-01
3.350990432748950920e-01
3.142023799386560734e-01
3.048054006214294676e-01
3.435515151278110690e-01
2.505741323145045385e-01
2.903126586170769463e-01
4.180639583380397206e-01
3.970618871982388165e-01
3.331783475426225438e-01
2.660886788827982463e-01
2.546492987478223835e-01
2.421637942147354117e-01
2.487329489555324125e-01
3.390254621329110707e-01
2.760128057234888521e-01
3.014050739002124835e-01
2.651968318274967040e-01
2.871735172583616547e-01
3.192625384897006535e-01
2.431938707067066996e-01
3.182412491711186231e-01
3.683716143089545980e-01
2.662399832661920263e-01
2.921024125824423501e-01
2.489212429217620981e-01
3.444242605106564437e-01
3.056434661289850752e-01
3.536971887931446568e-01
3.304701652075365814e-01
3.339075598336137540e-01
2.452829030262841103e-01
2.740150970154053844e-01
3.234476977252945806e-01
3.406437669698914594e-01
3.267991703546888060e-01
2.838984787656977371e-01
2.936005076359370358e-01
3.372427465578750616e-01
2.589063946802518945e-01
2.990655324469497778e-01
2.463132294012449763e-01
3.401970561152628525e-01
2.559953576601924352e-01
2.921415163488393363e-01
2.919320442865999121e-01
2.470586350152964850e-01
2.746270950382933007e-01
2.824468370025882691e-01
3.809166892571718144e-01
2.865654262727806434e-01
2.544165182614205323e-01
2.920259374307936917e-01
3.256076983233467947e-01
2.420163498374758582e-01
2.980182632358240880e-01
2.905211054738985887e-01
2.671460404403719346e-01
2.556242242274809340e-01
2.543986770368150685e-01
2.499163319164308950e-01
4.764955056653968346e-01
2.682226863965965769e-01
2.983561304560671812e-01
4.146548516036998033e-01
2.667616869703901550e-01
3.004078679307843336e-01
2.547336732858914154e-01
2.646063279059923667e-01
2.562640814826434577e-01
2.550031542478436997e-01
2.701378753011094425e-01
2.939200954054692061e-01
2.880224647069600796e-01
2.545946069314365401e-01
2.493162912245663887e-01
2.745694581106482013e-01
3.006256164174750944e-01
3.186575621725312168e-01
2.757051422486649361e-01
4.324702326883904657e-01
2.901949996935965781e-01
2.664750520311215398e-01
2.851872573625786611e-01
3.322637749094682902e-01
3.366357289123079743e-01
2.970268959939997844e-01
2.339099003660179976e-01
4.323818956761720789e-01
2.529896840870179964e-01
2.971256533983848147e-01
2.429615438564605712e-01
3.529671812405086873e-01
2.740856628545412788e-01
2.963592230492999580e-01
3.603405269228110441e-01
2.749271597531730005e-01
3.109185736931863175e-01
2.666314094641221710e-01
2.914795621054709351e-01
2.605051120576124535e-01
3.249377555492262704e-01
3.067656630138589913e-01
3.047916539221769416e-01
2.662592653252957020e-01
2.961343619103205538e-01
2.942968315659284517e-01
2.929441538270605716e-01
3.331859873414978468e-01
2.948932913700020864e-01
4.124696258899911427e-01
2.912050617333769020e-01
2.540263978197418449e-01
3.324616373432569549e-01
2.971674152216336462e-01
3.987241436456703259e-01
3.302400000014404924e-01
2.945872343362060386e-01
3.446749541689881347e-01
2.425880117283138460e-01
3.899996800877779113e-01
2.845389110472346661e-01
2.533405884930263752e-01
2.904269555992956553e-01
3.212139810242060078e-01
4.105610548132448412e-01
2.726899588128280927e-01
2.885981860917939401e-01
2.490664941730768855e-01
2.607990023479518360e-01
2.953135931677280945e-01
3.326056347166692628e-01
3.355245431926910937e-01
2.642247205019219169e-01
2.913163668857101651e-01
3.105322609055556349e-01
4.605380544680093280e-01
3.346652178254794774e-01
2.670259252562174335e-01
2.379958950403728291e-01
3.111807398582346340e-01
3.033435986358579139e-01
3.239928272925162722e-01
3.093507705663831042e-01
2.752390134009842781e-01
4.544677635361982770e-01
4.978342933030440731e-01
2.391436519272749917e-01
3.321091353740131535e-01
2.895102406984809695e-01
3.325921642313146021e-01
4.627755557456150193e-01
3.681003934029058455e-01
3.159952030953451785e-01
3.788561428556158073e-01
2.900067353210069032e-01
2.445807584991833428e-01
2.893328908146426404e-01
3.194577563975717904e-01
2.716643667402334761e-01
2.856525431274284932e-01
2.560702481947365605e-01
2.385876553971597314e-01
2.687181846792915385e-01
3.066482083841378103e-01
2.410868034582986374e-01
2.866675774036122060e-01
2.933714276435114843e-01
2.928452859774137162e-01
2.899786808244922409e-01
2.660910792838089844e-01
2.939339149561598363e-01
5.075182446705325257e-01
3.529371407334744859e-01
3.490632935071244503e-01
4.331465564906938348e-01
3.021347036925706164e-01
2.867990700144243954e-01
3.322632946372819363e-01
2.829016768401269588e-01
2.914908267386577267e-01
2.804370532074532685e-01
3.270808569214210815e-01
2.772800774015926617e-01
2.644598898741816750e-01
3.237078687488175177e-01
3.981495879612483857e-01
4.141911753546953512e-01
3.222636673244185235e-01
2.919865622635781643e-01
2.882878272934998876e-01
3.675262782277210483e-01
4.557954169766678665e-01
2.507250213138229600e-01
2.936786746530163916e-01
3.224794975873913061e-01
3.436666538303826957e-01
2.978161761391898699e-01
2.402190430355574668e-01
2.684402567982451804e-01
2.422059350362456565e-01
2.924842224798467893e-01
2.889878536041021739e-01
4.529633685029935131e-01
2.661623103692445369e-01
2.490079675559050687e-01
3.366031278629061929e-01
2.348473285758564122e-01
2.548466406757602942e-01
2.383427011111916294e-01
3.226223726741405118e-01
3.514675768665077027e-01
3.782628409164576766e-01
3.564824766286170399e-01
3.334839798427768343e-01
3.340684324836559749e-01
3.253298475685028057e-01
2.928834600078855654e-01
2.924836111263351968e-01
3.319128649902230999e-01
3.660963976588927915e-01
2.955300276635449142e-01
4.619368311371357394e-01
3.095225895499661428e-01
3.004150268623603237e-01
2.657048833094854956e-01
3.253269366470027957e-01
3.084347804953126992e-01
2.767257531341938415e-01
4.346058733716801625e-01
2.904263475254272309e-01
4.149284071360331838e-01
2.834134804562841170e-01
3.129815651662524734e-01
4.326024911691961905e-01
2.919217035626970880e-01
2.921597264783526438e-01
2.604270407507962015e-01
2.938414136065690130e-01
2.641595403644179108e-01
4.741468759079594530e-01
3.361853097725971962e-01
2.887503266837773142e-01
2.814585862331197008e-01
4.684186555964381937e-01
3.312161691926803764e-01
2.975202321894868107e-01
2.827904057119269843e-01
2.936185823365383141e-01
3.100143750865891890e-01
2.995277988236572098e-01
3.316769854093049585e-01
4.506739116096744602e-01
3.103943008995274089e-01
2.929595744057031381e-01
2.998061633098194068e-01
2.928835692986539452e-01
2.524289805195095715e-01
3.082778753515082459e-01
2.916843857402572349e-01
2.491335171748751409e-01
2.664734305578939644e-01
2.917611932259359109e-01
2.734378362686176733e-01
3.137346038440975704e-01
2.533539096828318904e-01
2.611509727634850897e-01
2.645280193372553934e-01
3.107529025742272744e-01
3.586683572027067890e-01
3.046046242017623196e-01
3.226432840678877811e-01
2.624407502773433709e-01
2.919476780566660490e-01
3.067347208085900445e-01
3.711113325466446344e-01
2.642582217349073725e-01
2.971857330893896698e-01
2.405156111343644543e-01
2.858077398829275695e-01
2.635472093976271024e-01
2.804984236835427747e-01
2.377188842242660693e-01
3.162535693769512601e-01
3.153796883622422276e-01
2.589295449072723798e-01
4.322229195738995222e-01
4.586091742501476887e-01
2.632725956213095020e-01
2.341139475724879904e-01
2.791213548612646034e-01
2.784779466951330940e-01
3.183243723922420942e-01
2.867893309618875786e-01
2.882038079003932385e-01
3.219483122189113478e-01
2.812319728867682112e-01
3.211377519816135950e-01
2.917734381425037826e-01
2.916884600259791460e-01
2.890127788216398375e-01
3.069747685448711572e-01
2.903667989265423244e-01
2.932215298346443899e-01
2.719807163794668581e-01
2.990128836342680896e-01
2.967490785488144378e-01
2.604963836349156736e-01
4.456534767632115979e-01
2.888297712232633652e-01
4.243648248738092210e-01
2.709178096074036923e-01
2.919417557447700484e-01
2.936941206516797687e-01
2.932812156755877919e-01
2.983552712436344789e-01
2.877014048079414854e-01
2.948207003844182661e-01
3.834953822275359858e-01
4.620376171172275725e-01
3.291121321820714152e-01
2.995906261871454923e-01
4.546326268514042646e-01
4.858517029728102177e-01
2.921838612612936981e-01
2.941294336826109079e-01
2.892343763525105360e-01
2.934159485469229334e-01
3.438125898814575754e-01
3.256325653235299100e-01
2.933400073525874729e-01
2.414636050001338352e-01
3.166833963549586795e-01
3.477610779015600229e-01
3.015719517453457899e-01
3.031081178531349618e-01
3.043130476956901753e-01
3.319893341008953169e-01
3.090781865962743957e-01
2.937177456660292063e-01
3.381888137181726095e-01
2.928672770533730096e-01
3.126993392627056001e-01
2.799479160668006950e-01
2.991725319426049579e-01
2.915075414783392938e-01
2.946469684234828690e-01
3.221625600696918501e-01
3.251185122516111470e-01
3.597644484249893915e-01
2.953790043896449835e-01
3.074013840741742776e-01
2.939796592410328091e-01
2.325843224266879727e-01
3.037411480570610389e-01
2.971098165655171597e-01
3.132798467911753204e-01
4.407109583853262569e-01
2.963803872720919830e-01
3.058159885201687245e-01
3.108442127710611125e-01
2.692783675825274337e-01
4.004041083310220239e-01
3.188189983027977514e-01
3.146492496007182171e-01
3.016134503330625827e-01
2.939681210758599561e-01
2.907775539321107994e-01
3.487925259731702865e-01
2.638764271100025871e-01
3.029040265373165175e-01
3.088979251872451814e-01
3.087061454691218954e-01
2.996422648000347522e-01
3.254388400919187574e-01
3.671696671312691951e-01
3.355393224207147140e-01
3.154267545007071738e-01
3.611090543937920949e-01
3.388688204183697428e-01
3.343423979930725820e-01
2.636771943773529303e-01
3.003363237946357067e-01
3.145896711907619769e-01
2.686033949197053072e-01
2.726963071432736974e-01
2.962126261595608434e-01
2.549503293257788239e-01
2.674537258277434049e-01
3.413796653297205275e-01
2.981075772510666244e-01
2.914571738459432182e-01
2.939749078779270719e-01
2.926282780812760609e-01
3.201462216111640169e-01
5.116155709130849605e-01
3.059070669342284776e-01
3.254160350022228254e-01
2.929118107255726522e-01
3.010397364987358881e-01
2.871772626194009082e-01
2.896390328639160128e-01
4.929698589580349122e-01
2.544669090589163907e-01
3.615878183907900167e-01
3.565612448868350493e-01
3.946579176856809257e-01
2.963222010572827414e-01
3.073160807120968729e-01
2.740961963531031720e-01
2.812940952872680089e-01
2.922750079556209468e-01
3.903917114087235296e-01
2.921511596783539222e-01
3.287609805248898343e-01
3.745615668073567495e-01
3.006238615130716330e-01
2.409721381279955887e-01
3.022587855279230684e-01
2.730199749190543312e-01
4.002281082579026705e-01
2.518835378702342642e-01
2.509164882672370589e-01
3.607656409865732661e-01
2.987670278217787190e-01
2.795851363781901022e-01
2.836986130459929756e-01
2.620231582678204663e-01
2.724511440221810687e-01
2.799175849655731185e-01
2.985732406456327870e-01
4.880154511966237618e-01
3.140539713184708481e-01
4.333998895831106535e-01
2.324658170467850948e-01
2.497673718816035837e-01
2.952771592283041646e-01
3.340530545692429465e-01
3.162920282052276710e-01
3.045544872974041972e-01
4.056376202806762366e-01
2.751036148775205525e-01
2.699954094667454951e-01
3.891497845700555014e-01
2.522068688137744097e-01
3.075306422602345768e-01
2.944955722116486263e-01
3.595832230698811638e-01
2.741486461373731642e-01
3.259929428865893097e-01
3.176006757811096204e-01
2.430706166681081415e-01
3.042945654745994877e-01
2.903711087521721468e-01
3.542039705810832162e-01
2.503039598918474495e-01
4.535989305195312071e-01
3.028516277411228974e-01
4.428663447910086148e-01
3.116158703338111624e-01
2.987475349969300753e-01
2.919683898003804234e-01
2.591753311722667097e-01
2.754591843232739312e-01
3.158408675278310263e-01
2.706796448877436534e-01
2.866013742084027593e-01
2.992272773295728827e-01
2.893493051769306934e-01
2.322582645179091243e-01
4.756016436868122366e-01
2.970372760853497995e-01
2.511331351290843061e-01
2.973902648200285048e-01
2.907170018879544071e-01
2.491529902013577824e-01
2.582359056642647421e-01
2.841094138698296856e-01
2.716311278774498073e-01
2.665450206192982452e-01
3.294896285272765346e-01
3.283127316154192954e-01
2.816299412799012081e-01
3.477231252516675974e-01
2.530554316823706573e-01
3.216801457811090947e-01
3.030989276411643063e-01
2.929631834459093809e-01
4.318440833440938542e-01
2.909582520083922597e-01
3.337532361077490406e-01
2.813396336878754567e-01
2.887799560164009405e-01
2.895114421051914744e-01
3.074384816117320396e-01
3.645980449615893182e-01
4.305607229222775945e-01
3.051030360635271221e-01
2.909969847581937441e-01
3.167033042823574895e-01
3.313287592462773046e-01
2.964037585581942857e-01
2.534274069574602439e-01
3.058096159544128056e-01
2.964158781187622438e-01
2.826557226658057420e-01
3.054685464001535289e-01
4.921629543496635617e-01
3.665202279150235887e-01
2.510664377179311901e-01
3.149177029779399728e-01
3.420108804965491522e-01
2.558877676459948569e-01
3.072712715825470231e-01
3.501330086970506628e-01
2.900490599306385642e-01
2.914100326371908967e-01
3.648157790807448619e-01
2.416101328105620671e-01
2.475560824787598202e-01
2.834154461713855877e-01
2.996439392878762487e-01
2.321794253942564834e-01
3.095588971064362482e-01
2.838453571908801654e-01
3.912648420383603165e-01
2.755996910171369940e-01
2.585125483272197600e-01
2.898165745231497392e-01
2.705290131854840574e-01
3.396660592251404820e-01
3.345223767224296818e-01
4.521692092460117829e-01
4.320364627339045027e-01
2.874982920967623645e-01
2.484350880381396010e-01
3.119739943892206879e-01
3.159544485591000984e-01
2.791077041235232592e-01
3.718524774306531944e-01
3.856299476152058037e-01
2.958416596627729822e-01
2.875821016937057939e-01
2.881635917011889370e-01
3.555795657493464601e-01
2.455884078828403927e-01
2.449053211191481449e-01
2.983781478682621113e-01
3.923780720535394728e-01
2.304629423948848788e-01
2.949281431155481581e-01
4.996154394839165680e-01
2.438267679642966701e-01
4.636682672249234360e-01
2.822427006917830883e-01
2.913698739940041582e-01
2.583669152161418570e-01
2.616951004782997470e-01
3.313627409758060360e-01
3.134367821051690650e-01
4.527649363276867178e-01
3.708805649110866187e-01
2.999051197516322542e-01
3.317770890403514694e-01
3.432124300765025393e-01
3.334093923973781570e-01
3.529716505549595484e-01
3.161481036796743305e-01
2.655830574607813133e-01
2.787941826565844550e-01
2.432823629933149878e-01
2.893447201849425054e-01
2.871285437094992510e-01
3.709199500919372894e-01
4.063523893045780100e-01
2.961001944978650657e-01
3.488746386182758896e-01
2.443654308066505465e-01
3.507657889162272835e-01
2.653015226187374620e-01
3.221895848205321156e-01
2.744718134680894650e-01
3.393815131603526436e-01
2.726718632824531308e-01
2.865234157790867986e-01
3.060421649903972141e-01
2.950618406981077579e-01
2.910719400696999415e-01
2.528025810860755063e-01
3.615583161916071098e-01
4.803346473639281689e-01
3.655567367883613694e-01
2.925690048704874258e-01
4.606027461590266880e-01
2.847356875410799182e-01
3.580359075012682912e-01
3.079881757617934368e-01
2.878012221356596179e-01
3.195657169569112166e-01
4.275996988777518437e-01
2.874818280767496015e-01
2.882675832565710361e-01
3.309188035422304108e-01
3.152053456849989721e-01
2.956107860663968467e-01
2.735113840460516310e-01
3.037036630249301816e-01
2.663441658726102834e-01
3.041981874797924923e-01
2.840429313239578035e-01
2.923381928883657666e-01
2.970231269043703271e-01
3.256511009454376993e-01
3.220438923112430296e-01
2.896678419748384692e-01
2.835313201082961809e-01
2.652553648493904404e-01
3.257087518707127982e-01
3.236617904384480604e-01
2.360476200870336994e-01
2.852101778771256591e-01
2.731156784710103147e-01
2.938936096850882640e-01
3.202432347006449742e-01
2.631221144966514047e-01
3.372731210472751373e-01
2.654467180789307212e-01
2.358766526286929233e-01
2.940535442943035260e-01
2.602505100108067904e-01
2.666665634033913990e-01
2.922659836864684446e-01
2.922230546015420760e-01
2.943352417994916648e-01
3.829291094801174911e-01
2.727217523053546144e-01
2.608848421155125497e-01
3.634303745212706382e-01
3.032980547591336284e-01
2.715713480405868574e-01
3.734878430132707039e-01
3.795207674887530747e-01
2.869400345107182559e-01
3.001946886316276819e-01
2.858532859632021417e-01
3.238588888341974448e-01
3.143701202457898636e-01
2.658758603469229542e-01
3.255875651110872182e-01
4.194237381906668616e-01
2.869049849350932546e-01
2.955377773692063337e-01
2.948111176774871334e-01
2.988275079598830541e-01
3.423991173803347388e-01
2.906757589433169309e-01
2.702393326668425799e-01
2.675088582219267153e-01
3.380347012828166520e-01
2.953118877588839508e-01
2.825212392455386801e-01
3.862463154995571246e-01
2.647689484624994871e-01
4.638758488272063940e-01
3.619020482022431429e-01
2.632711809477593645e-01
5.087067707183657861e-01
3.558995060153555823e-01
2.775996614508546290e-01
3.182358290363762054e-01
2.746565056472057842e-01
3.081196878032624875e-01
3.497490542395912394e-01
2.889797546602521638e-01
3.005004173820848279e-01
2.575245522058180470e-01
4.659974468304098894e-01
2.776264017343371138e-01
3.320473667888467761e-01
2.651457197891514128e-01
2.918151844033938791e-01
2.999823706036842119e-01
2.453966234329705287e-01
2.701575696296567020e-01
2.868149653150744993e-01
2.711286719322709704e-01
4.316755061838500884e-01
3.319456780757361058e-01
2.995192908608674265e-01
4.077981113144941716e-01
2.687101549375110476e-01
3.401346139084835407e-01
3.153837306460448020e-01
3.428865563375242398e-01
2.565082642141950919e-01
4.415247789721865601e-01
2.995526866142697586e-01
2.801139171720515297e-01
2.548659366526035974e-01
2.737713128602534685e-01
2.985947678786282644e-01
3.232859916409694945e-01
3.059282828208192417e-01
2.594939343731350601e-01
2.963267407507925166e-01
2.360346771211831451e-01
2.659592227742108017e-01
2.457442761895872740e-01
3.266963742072784282e-01
3.165997363431813372e-01
2.978376587690341748e-01
3.169594652903066079e-01
3.448411915092445823e-01
2.723747130602934829e-01
2.798374013369830382e-01
2.854118636854447444e-01
2.760912032319739473e-01
2.460712212687830858e-01
2.403581778151972215e-01
2.409413993835491097e-01
2.718935753833699454e-01
2.714341690818067310e-01
2.880396660498760197e-01
2.807260444616455075e-01
3.249951257624648648e-01
2.970051307858890266e-01
2.362023552671016768e-01
2.535444852163959983e-01
4.647737111372162722e-01
3.186971025202969265e-01
2.885887129656139471e-01
2.917910535380606740e-01
3.119772406955955146e-01
2.710038770469883063e-01
2.738073345084576227e-01
2.906319905375487900e-01
3.734212549940429393e-01
3.923449356161151091e-01
3.197471474836107719e-01
2.966470879745347067e-01
2.854858459299408624e-01
2.986813216983771335e-01
2.916692854668255230e-01
4.305104071367005791e-01
2.875943579067404277e-01
2.809179476107400153e-01
2.713216254422018969e-01
2.484183380777215122e-01
2.322282383343477474e-01
2.320224470641577275e-01
3.996272133932674553e-01
2.931500257181355873e-01
2.765529740567476691e-01
3.184983975560861658e-01
2.904703486205276741e-01
3.388996718587795054e-01
3.228604773781044712e-01
3.761271757076165012e-01
2.600338589295937974e-01
2.546690472922433779e-01
3.400369049656419285e-01
2.919722457339314348e-01
2.722689805560707943e-01
2.351463753211244512e-01
2.636735420006064978e-01
2.703241735456598516e-01
2.853799220743696852e-01
2.779671593302679988e-01
3.007958844038263746e-01
2.612385192812585744e-01
2.966065346733921526e-01
3.000961501266300457e-01
2.872998037549138739e-01
3.141061040259791604e-01
2.927001610125334330e-01
2.893297605240286452e-01
2.709397667404765397e-01
3.511082453997684261e-01
3.014929183773988330e-01
2.724521143884536256e-01
2.907623564146800121e-01
3.013441648784835891e-01
2.644488243746818679e-01
3.428076504680304115e-01
2.767045436118196200e-01
2.840386634100519614e-01
2.854209785148125733e-01
2.901176778035124970e-01
3.172984921359531252e-01
2.565084508505313665e-01
3.507046022633588112e-01
3.239876324732341994e-01
3.930914410574581908e-01
3.398877594580248518e-01
2.457042029495865310e-01
3.405213133601410758e-01
2.940136477638691237e-01
3.056165799606671007e-01
3.567294361622239118e-01
2.333357427555400876e-01
2.855504743239807852e-01
3.063708607730715183e-01
2.362063805402420114e-01
2.880487361711932537e-01
3.688665987560945658e-01
3.107328297157635477e-01
3.256509930063914426e-01
2.815516032952586900e-01
3.014602013327440377e-01
3.015089919721239409e-01
3.465035072291045570e-01
3.772011810577494684e-01
4.314651573631629322e-01
2.568747461259288656e-01
2.533814434945146910e-01
3.118257301204516163e-01
3.322021203599128114e-01
3.354207408908386756e-01
2.970221866365136965e-01
2.341121573134502254e-01
2.347441672319333095e-01
2.994547350149826537e-01
2.973935445073840889e-01
3.475108154250930448e-01
3.001635370730140751e-01
3.043171329728421859e-01
2.975200973593730702e-01
2.852290899939243785e-01
3.586217246737127828e-01
3.021070992756731965e-01
2.700319289376868492e-01
2.934428117988841511e-01
2.856568416086011086e-01
2.661090612322244975e-01
2.890144057791902421e-01
3.073713312048974577e-01
3.472010261030846756e-01
2.599109674648332202e-01
3.356527332689221987e-01
2.953820325802493096e-01
2.834580640469300805e-01
3.514239414782455717e-01
2.560923509712844104e-01
3.282114245987792223e-01
3.092230268905297730e-01
3.018294723067124208e-01
3.019071707115659198e-01
3.256492125213611422e-01
2.831692292962089130e-01
2.407163676818933340e-01
3.141509436287672208e-01
4.619100298341696775e-01
3.334507470874967239e-01
2.846567567842965274e-01
2.890230568429388303e-01
3.268370464968985978e-01
2.707555596824173239e-01
3.183351882091278173e-01
3.102135112479610934e-01
2.992800668085344729e-01
2.483126641978493920e-01
4.315453797766291011e-01
3.566935508641847496e-01
2.935387613548106622e-01
2.995578059285478600e-01
4.655281280051875581e-01
3.256162174950105181e-01
2.822885056320608710e-01
2.751519867028644484e-01
3.909029549278236759e-01
3.348066670032580072e-01
3.291256964225091064e-01
3.047309940709526654e-01
2.834509273332164736e-01
3.158100403329130446e-01
2.338523452035708716e-01
2.334180461202472745e-01
3.100179948509715899e-01
3.123671846350007386e-01
3.063040755975992013e-01
3.008413889009398656e-01
2.565417252435578943e-01
2.343931442497803053e-01
2.336842672151451528e-01
3.153115700724936632e-01
2.971787075063856975e-01
3.116564904131393088e-01
2.360771250898585361e-01
3.007542643214290989e-01
3.090104159976911902e-01
2.724551835191270643e-01
3.917788560795241182e-01
2.322140391033102880e-01
2.323362709160801676e-01
3.048433548716618091e-01
2.785007226826721749e-01
2.368857172752510676e-01
2.444406981365312426e-01
3.366496283698354186e-01
3.263975282755390839e-01
3.083599623484214458e-01
4.428607689733510822e-01
2.930205473442803465e-01
2.892222209534097699e-01
3.035210920656533640e-01
3.270999125226091153e-01
2.861944929442462038e-01
2.716945003551335946e-01
3.680541509262954536e-01
3.025609290483738389e-01
2.335509355867733672e-01
3.089039408517219587e-01
2.331264416529692240e-01
4.479092872284970994e-01
2.990423848970445997e-01
2.522501335849970938e-01
3.783702309541583375e-01
3.119867815066304506e-01
3.148093816130941303e-01
2.982685597973137037e-01
2.360502040685432124e-01
4.914317755438178392e-01
3.316653507451454153e-01
3.468101208153601678e-01
3.633414752806704007e-01
2.951642605813936671e-01
3.645785806286246378e-01
3.588710781488639312e-01
2.589272644028435266e-01
4.789056391354080122e-01
2.914357735217931178e-01
2.961158403602591749e-01
3.389805700129198129e-01
2.819612862638705142e-01
3.138150041072216290e-01
2.377369092241749526e-01
3.282654518608490446e-01
3.073000310130521440e-01
3.441735761982520625e-01
3.034318010719409542e-01
2.386161393690857668e-01
2.380042032573549959e-01
4.462408119056388567e-01
3.035749909211578612e-01
2.542621614886187986e-01
2.767580024780045278e-01
2.333947968696474529e-01
2.341491976256232233e-01
2.928157421848146535e-01
2.602143891554521415e-01
2.608141729514498741e-01
2.785524783116793968e-01
2.354423365913848321e-01
2.351044529474806966e-01
2.810684202514107111e-01
2.978598216131555509e-01
2.821711149808585062e-01
3.057048061573770514e-01
2.531716944982914108e-01
3.355528016188877860e-01
3.127726239235267269e-01
3.289705497619841990e-01
2.944770211165331220e-01
2.598730025364834884e-01
5.065609460662003904e-01
2.974170652283775751e-01
2.434303300153697891e-01
2.728429190191906661e-01
3.174517325982562088e-01
2.382642528422991013e-01
2.861031027447011876e-01
2.847441548816905810e-01
2.901706211319743378e-01
2.969018716431708338e-01
2.976834252597642672e-01
4.934598955921077335e-01
2.884146904507502995e-01
4.412562125512270450e-01
3.194117900698620338e-01
3.727276204249033165e-01
2.984374873229245217e-01
2.949286343936963206e-01
2.919419404325113154e-01
2.607965253004085882e-01
2.705780094641768163e-01
2.389795455928538093e-01
2.910649050910726898e-01
3.144903979826874640e-01
2.366843917542923448e-01
4.594607459345479983e-01
3.751292485120887310e-01
2.818568738385793804e-01
2.990740492126383043e-01
2.362868902203937582e-01
3.646207404875390634e-01
2.972221990904844735e-01
2.831724841750394295e-01
3.024458989581966240e-01
2.432773738693614907e-01
2.314978299849543564e-01
2.314583446840153824e-01
2.604213563571078360e-01
2.807589492846708223e-01
3.141634352412597808e-01
2.843558542867107297e-01
4.364997602669453691e-01
2.857237802689638340e-01
2.943866094620072316e-01
2.303593910613284945e-01
2.303535173012765391e-01
2.983357784043318972e-01
2.660053117103055587e-01
2.631529740596662004e-01
2.872803247150287342e-01
2.621684022201923869e-01
2.851172262502515986e-01
3.187070916757064887e-01
3.543264313608247007e-01
2.600641391212410447e-01
4.570777936930453533e-01
4.669692356933048405e-01
3.066103907794929251e-01
3.014768516165826084e-01
3.024998811525310694e-01
2.372747697973897896e-01
2.614911065932817302e-01
4.222257969708035907e-01
3.086241055461669269e-01
2.368965901997436563e-01
2.365544535486311106e-01
2.782667949868883883e-01
2.956178161830334550e-01
3.191118030253252136e-01
3.740411455992340151e-01
2.798404863958815492e-01
2.519481672011581463e-01
3.561275294304854788e-01
3.192623324718439903e-01
3.406147093277151483e-01
2.325571166170141146e-01
2.597506107724245061e-01
3.309630084608560230e-01
2.855428822798991018e-01
2.998477750157239607e-01
2.702483976195345639e-01
2.334372755211264749e-01
2.336371842804872700e-01
2.380570400363229699e-01
2.737111035070499132e-01
2.379406308856374941e-01
2.393341338478314761e-01
2.385463923205928538e-01
2.750569836353283226e-01
3.355265020220365990e-01
2.565597789374566284e-01
3.322080219091448905e-01
2.924917077064878579e-01
3.004619668152269107e-01
2.929829062275796092e-01
2.792443633752167975e-01
2.956598700455276285e-01
2.914465525894772702e-01
2.390234695322691338e-01
2.754037764907996122e-01
2.903493350132744233e-01
3.024425426508413062e-01
2.925949249741706115e-01
3.959741721445689255e-01
4.468332925743486173e-01
3.773967441908090970e-01
2.937353545388082243e-01
2.966939321628420112e-01
2.521117506854145263e-01
2.375180527312132361e-01
2.804408083634512550e-01
2.764145638986375553e-01
2.904387555648917374e-01
2.400916291590846630e-01
2.845549934798806135e-01
3.893303308104779648e-01
2.926362008303594608e-01
2.990128677281241876e-01
3.518646214232862834e-01
2.858777111001811200e-01
4.978404945777251123e-01
2.786280821523682283e-01
2.401596948614915794e-01
2.342440063121376259e-01
2.346505582291345815e-01
2.815556986883450130e-01
2.960547392676857736e-01
3.059361352523246591e-01
3.916254405247929227e-01
2.942939148317087472e-01
2.971653924988624240e-01
2.792040634301727331e-01
2.859148814447761699e-01
2.906627382091838130e-01
2.871195865306924722e-01
3.956009794159416892e-01
3.253686184134026438e-01
2.858961602671964419e-01
2.594813928642538681e-01
3.327175527478446471e-01
2.372848545221767080e-01
3.022689390543737420e-01
3.031146684305094929e-01
3.307643393578630353e-01
3.007583615661329479e-01
3.920372160601426348e-01
3.225185753215425999e-01
3.234616018244774183e-01
3.292326967299959439e-01
2.761847290708762670e-01
2.316032474844649802e-01
2.592583575348101355e-01
3.085894316245850200e-01
3.211619061317215196e-01
4.888297740491714949e-01
2.372452364244327649e-01
2.994347797088173779e-01
3.080044615709654487e-01
2.741974586698220917e-01
3.105248198537979842e-01
2.676141885479806359e-01
3.987808741035632210e-01
2.913908989539575334e-01
3.164522954269279875e-01
2.864392689363862710e-01
3.331223142087055278e-01
3.186434723835890326e-01
2.922889458218780878e-01
2.928539723688566299e-01
3.617548913344312278e-01
3.673903595563951519e-01
2.373969427343882166e-01
3.933045525632156147e-01
3.473902369802272516e-01
3.330957367931197677e-01
4.208322493098668460e-01
2.580187154909026614e-01
3.013723253169386940e-01
3.952596469710738525e-01
2.920709723158255722e-01
3.060892669442583092e-01
3.097126975915503455e-01
3.041903769592613771e-01
3.248730670260541742e-01
2.585247696072462409e-01
3.095584596792191334e-01
3.671412946483644801e-01
4.474388958351785961e-01
3.233498591361205765e-01
3.014042816062473262e-01
2.886524879675870792e-01
3.863921147275613532e-01
2.433094566760633237e-01
3.198106327470544019e-01
2.630868786884500432e-01
3.002246684547713040e-01
3.337980387290218620e-01
2.870349201266872430e-01
3.613276652071474859e-01
3.652962896805477255e-01
2.807651491137229671e-01
2.770698530885916111e-01
2.776940388609006050e-01
2.959780576419171472e-01
2.345238063843479437e-01
2.778233723030357205e-01
2.823811460200305601e-01
3.366375307542151529e-01
2.838912314725229868e-01
3.355468049351120197e-01
3.289880590734984844e-01
2.766736482973863875e-01
3.130618516407536744e-01
2.869479840887845801e-01
4.260840249595336804e-01
4.176451470412123057e-01
3.374576215670023749e-01
4.256281128029488214e-01
2.855456960796682875e-01
2.578872447844426929e-01
4.716369929716582865e-01
3.594265493831266811e-01
2.933278764341425426e-01
3.397440153782380623e-01
2.894040217733889198e-01
2.908328069407801197e-01
2.948607825486159739e-01
3.730338457305146238e-01
2.431860472938092155e-01
4.336423102076171210e-01
2.840197650868328538e-01
3.084301234165243710e-01
2.974703067957865654e-01
2.970250491786602942e-01
2.969270495474386484e-01
3.154535594479153104e-01
2.945487160523810877e-01
3.744605173984206226e-01
2.829086393879039485e-01
2.896403078721309643e-01
3.022360588608108967e-01
2.844426802508783769e-01
2.976160295504849396e-01
2.958608050972416637e-01
2.665834461909479813e-01
3.487177297419223887e-01
2.552430186755260122e-01
2.479656359538766619e-01
3.419417423711429982e-01
2.940293479945921273e-01
2.803375839597240238e-01
2.442892426948044815e-01
3.011619072257683549e-01
2.878645561531992247e-01
3.857809018417407976e-01
3.460377701467336475e-01
3.039062073795697483e-01
2.949963696587003525e-01
2.804050368613510424e-01
2.836366197602615546e-01
2.831257029621831456e-01
3.212578105921189420e-01
2.416357571432974916e-01
2.950469838105617137e-01
2.788351260329839931e-01
2.427648633390448452e-01
3.076413101856483312e-01
2.947754988143126975e-01
3.097982499905350684e-01
3.124289501388557988e-01
2.979039132427782621e-01
3.204434388784268006e-01
3.525935473938526798e-01
2.910630936753140219e-01
2.800993178143976747e-01
2.435772812338309612e-01
3.412095369283327240e-01
2.476937514388140305e-01
2.715149891333320520e-01
2.814914910974942175e-01
2.829844863957792778e-01
2.315257734921284671e-01
3.347248749040609428e-01
4.495745506621033893e-01
3.268819060474977833e-01
2.677905068157968582e-01
4.608982484349264941e-01
3.015804503197656028e-01
2.925067171651509201e-01
2.424263819725023805e-01
2.480748424964651921e-01
3.810762905783018351e-01
3.085787828660238596e-01
3.636781710943421397e-01
3.894425834462590941e-01
2.562211441756979680e-01
3.085437143569085827e-01
2.788483997041179552e-01
2.997323705509087888e-01
2.861664739019439407e-01
3.321569421360678342e-01
3.217462467847769791e-01
2.782506792044576183e-01
2.919772185730732939e-01
2.424147246653575449e-01
3.474024058319185038e-01
3.125486148188280078e-01
3.155340626694940198e-01
2.932639305275304697e-01
2.422983125580375763e-01
5.052997478589171809e-01
2.339345531617151031e-01
2.422592354052851837e-01
3.240025945015921338e-01
2.428739328498227268e-01
3.001039456564443819e-01
2.429584753360632676e-01
3.214759778884843655e-01
3.219799012945020467e-01
2.878775485840904258e-01
3.094243440202215645e-01
2.746604697040551657e-01
4.299579207677607928e-01
2.425316707672909577e-01
2.760838776236061998e-01
2.645057332388489613e-01
3.172476514402780556e-01
3.094406000063119055e-01
2.779514624668692480e-01
2.887902666448163291e-01
2.859420393514962022e-01
2.900611635580712111e-01
2.923924390516609573e-01
2.829486039223093052e-01
2.567829239948309916e-01
2.785201781873248850e-01
3.212992241688198414e-01
2.476209359297521229e-01
4.432263432412381077e-01
3.479619298593570331e-01
3.919404453915141806e-01
3.045945223073201480e-01
2.895422085572124105e-01
2.533721721342884203e-01
2.923520452001189263e-01
3.182272688992030529e-01
2.927981631130626705e-01
2.868146310963798351e-01
3.215575846075237054e-01
2.477484662116021807e-01
3.012104902032111120e-01
3.602147585379262273e-01
2.792107511816686594e-01
2.830964860039559827e-01
3.073726748022148070e-01
2.897681212394003780e-01
2.660260873507225843e-01
3.740855006616010114e-01
3.175819272030946938e-01
2.772701837231036359e-01
3.107404791670452804e-01
3.113082220499877595e-01
3.139428115006311359e-01
3.004398747287856941e-01
4.950743347392559945e-01
4.696202255405272918e-01
4.451022746611697500e-01
3.089574955618252239e-01
3.718690667452688170e-01
2.799842049164455449e-01
3.395783248160620382e-01
3.099054390719253038e-01
3.309538650914646274e-01
3.502665073187724576e-01
2.717410609069946803e-01
2.705739934803509383e-01
2.954310367489209055e-01
3.851778914113163643e-01
3.327938794851393323e-01
2.984451557276662226e-01
4.597009453690355518e-01
4.848497277200157218e-01
2.953085226661684715e-01
3.204834113065098133e-01
3.650555293130244294e-01
2.801282336754182256e-01
2.729780529261560673e-01
2.788424572003290747e-01
3.156009846542296438e-01
2.834529576622248359e-01
2.484156446953702524e-01
3.111648082126361459e-01
2.892570831794251673e-01
2.888161115577276283e-01
2.862208135076504956e-01
4.688119395870081751e-01
3.226060448513833334e-01
3.297171791561264720e-01
3.339993396833929040e-01
3.204354178301716538e-01
3.449740836598993443e-01
3.202878294067657006e-01
2.539384708465827201e-01
3.481318171967056618e-01
5.067956520777707752e-01
2.939473714562458873e-01
2.711684833777942005e-01
3.662370974130143564e-01
2.907723980173101408e-01
2.720135576664202137e-01
3.630307138623954932e-01
2.870354755127141888e-01
2.982718646273228580e-01
2.788410755950725961e-01
2.844882529830321527e-01
3.253845017222225522e-01
3.245370048814481545e-01
3.610218180560821888e-01
3.120112926058427605e-01
3.256459498082903137e-01
3.263214512503662679e-01
3.316989206532122703e-01
3.420229369451524559e-01
2.549520189105723977e-01
3.198020932067328626e-01
2.855909517371429951e-01
3.514993790498819881e-01
3.859375378294867542e-01
2.873026343427109719e-01
2.787496407838701562e-01
2.563109179288339257e-01
3.500162200223614350e-01
3.354676121785552523e-01
2.916253928605234136e-01
4.326229224006071794e-01
2.789343614297309926e-01
2.934051291730626065e-01
2.727577859685387240e-01
2.330031074487629306e-01
2.327360542523444764e-01
2.868012420316619071e-01
3.208712724064300970e-01
3.182654043735763105e-01
2.747497936760004977e-01
2.339329773373861887e-01
3.209223769618044786e-01
3.227192604908351026e-01
2.695941208047878956e-01
3.171037292724248613e-01
2.928548126568102927e-01
2.510374147913060905e-01
2.935951111335733943e-01
3.174936940040755662e-01
2.800300658345618587e-01
2.805239665414993588e-01
3.014700225550875912e-01
4.361903039547723182e-01
4.138429385382065284e-01
3.943243602624860178e-01
2.753964126748087993e-01
2.771719959857753546e-01
3.231851045669392741e-01
2.677483971325725354e-01
3.763202140976191767e-01
2.379109558368369959e-01
3.445708826686830761e-01
2.499949690849479489e-01
2.752879945212051149e-01
2.532391245066475949e-01
3.815317499236051679e-01
2.986846499733913363e-01
2.667645757350169400e-01
3.267970078925015454e-01
2.447288564075393025e-01
2.835158375965808331e-01
3.332184030893501903e-01
3.476521364294821725e-01
3.214216021467368178e-01
2.861465884480722810e-01
2.898407241541237078e-01
3.005929106744605339e-01
3.583055562034141439e-01
2.800568207348747007e-01
3.103043852517776702e-01
2.787728789813427865e-01
2.671469210199146627e-01
2.811492077722759220e-01
2.878283077401091461e-01
4.675318311725932818e-01
2.533983666391372291e-01
3.272683172008302721e-01
2.975148144720844434e-01
3.990060905695574922e-01
3.266258859086404454e-01
4.594979287110407262e-01
3.252965026305671969e-01
2.593018007357789090e-01
3.047157320964543059e-01
2.928076173309753227e-01
3.079025525107683126e-01
3.358642124113055405e-01
3.246381381274414113e-01
2.965099186566050316e-01
4.354594015874613810e-01
2.807901341007046914e-01
3.026372229260279600e-01
2.836011539334935549e-01
4.109214288988089492e-01
2.937216951904216278e-01
2.977436560386125808e-01
2.722271369495152249e-01
2.304993165984816073e-01
2.306403330831323095e-01
3.665785884252633076e-01
2.738947127225241918e-01
2.829840458258705005e-01
2.908445001789956574e-01
3.187728476090057605e-01
2.538493270002374902e-01
3.334829041697021101e-01
3.878388353677713618e-01
3.060779347013133367e-01
3.076988492058159719e-01
2.984658438748702403e-01
2.791408322944052833e-01
2.902376549353835600e-01
3.037241628877819788e-01
3.644663236919624683e-01
3.198486815161949437e-01
3.196476179614399227e-01
2.517910612302997619e-01
2.746737399727925966e-01
3.020323893715008423e-01
2.636447279884386874e-01
3.294842865157202594e-01
3.501473195786031223e-01
3.216598057605197791e-01
3.267126902049407033e-01
3.050614345751113676e-01
3.997849007035900737e-01
2.393994486448097481e-01
3.208194209073765846e-01
2.817299481950962803e-01
4.163503283007922717e-01
2.735992986934407956e-01
2.840408696602066962e-01
2.939259100922055890e-01
2.691827233834733213e-01
2.501594836579393855e-01
3.216472237701477610e-01
2.650886048010650531e-01
4.484919518460409593e-01
4.314504373879441412e-01
3.248361059872638124e-01
2.992881266156463549e-01
2.826855773577939823e-01
2.931300600398825673e-01
2.978101053426345235e-01
3.260291509458097536e-01
4.584061490158831131e-01
2.740715480726113040e-01
3.186104517372087552e-01
3.040579571125437419e-01
3.588040239269469356e-01
2.973985295596645595e-01
2.741879633253622162e-01
3.668239245515307334e-01
2.741591463296174092e-01
2.558780667299778711e-01
2.464483330826138519e-01
2.662439677211402844e-01
3.008098466191356235e-01
2.872280504125481193e-01
3.169552134099896112e-01
3.224141199273953262e-01
2.978222627025552960e-01
3.532771311901108935e-01
3.237470094497024165e-01
3.002297605687760940e-01
4.020562014310550270e-01
2.698036027523839642e-01
3.117853717697237625e-01
3.124824996484510953e-01
3.416080781463576299e-01
2.706973013738867562e-01
2.490260421615749509e-01
3.321358083627870550e-01
3.309305003677932011e-01
2.777093240031917598e-01
2.861170725178986407e-01
4.101669716279804367e-01
3.025206532768430212e-01
4.461699229013018630e-01
2.991697369569862874e-01
2.494903458686629216e-01
3.120711504346825871e-01
3.202006274768346983e-01
3.073151706867673361e-01
3.795309316912519049e-01
2.687595538160014175e-01
2.487680826858337246e-01
2.874265070567124103e-01
3.905618936116292961e-01
4.582437810256845823e-01
2.937565691691927938e-01
2.573921150878022424e-01
2.643006299048047403e-01
2.794567151654473447e-01
3.758169704506171827e-01
2.488639763893626122e-01
3.071174291079830643e-01
3.257355225274276567e-01
3.178551695698237367e-01
3.297397039376795402e-01
2.789775241918071580e-01
2.551861446867902949e-01
2.653903493239260780e-01
2.650079271630464417e-01
2.935081716230744098e-01
4.097170837019029621e-01
2.808247560998037295e-01
2.638192061116594322e-01
3.142424987962733618e-01
2.741826379069710051e-01
3.866959165729876857e-01
2.764189629817914162e-01
2.654974166780807998e-01
3.044074363925653448e-01
2.910937033773787208e-01
3.187529025125093174e-01
2.730648190951469600e-01
2.486017978379726490e-01
2.487167182163755041e-01
3.401130686207206599e-01
2.616630736950694147e-01
3.307846195505139142e-01
2.900199540770824203e-01
2.345786200755359818e-01
5.018839519233446733e-01
3.065897426878027021e-01
2.890265474299564818e-01
3.126221198764607689e-01
3.402264721105309198e-01
3.070474909028580446e-01
2.970191369979273133e-01
2.764575782582190389e-01
2.748627198396649263e-01
2.533403483857705751e-01
2.492112030935497158e-01
3.688807571963366727e-01
2.886825820852460533e-01
2.589537435408111876e-01
3.364756882451901965e-01
3.218858115988508795e-01
3.087460187559237790e-01
2.858931750878365152e-01
2.709522513093903795e-01
2.367079692661811507e-01
3.290940992386393038e-01
3.186375163914889064e-01
4.448216896468881743e-01
3.224156901332432823e-01
2.573317947880285339e-01
3.057026804584571655e-01
2.780287220936068504e-01
2.923395997077110620e-01
3.193655714708085736e-01
2.628484188050918546e-01
3.397359779194145668e-01
3.509763972410661625e-01
2.547067659745328450e-01
2.967832903677788958e-01
3.220784440556369588e-01
2.799060732450108224e-01
2.917826759978894846e-01
3.172984782885784338e-01
2.493288361615837168e-01
3.357537816523461505e-01
3.531374973567867892e-01
2.766392733433831186e-01
2.965558685943106010e-01
3.421135798865020394e-01
2.483389629453838232e-01
3.203619167382415478e-01
2.736876953285827252e-01
2.825607968956367344e-01
3.102386459170335953e-01
2.840640996034179966e-01
2.497598859681330052e-01
3.542492165101762125e-01
2.595322238415961325e-01
3.062111690708430589e-01
2.505070254164880605e-01
3.363572723519977492e-01
4.514977841425857896e-01
2.705103238835149249e-01
2.868496048180220748e-01
3.352598355115096740e-01
4.061697054372630511e-01
2.917233787344580831e-01
3.191039900214274749e-01
4.122050598529175547e-01
3.170224319407072278e-01
2.949072755501140897e-01
3.179409507536227752e-01
2.921734117792275098e-01
2.792524317430313818e-01
4.726866222330191047e-01
2.794619924665643351e-01
3.401739115756654552e-01
3.638972607100707801e-01
4.664748458993829838e-01
2.690376448659369535e-01
2.657376597049961320e-01
3.548963903153423693e-01
2.544399861686054143e-01
2.655014233254784362e-01
2.514668669363009923e-01
2.989498310063258835e-01
2.707423939793272005e-01
3.433855322318055125e-01
3.247370267245857645e-01
2.600150664180814197e-01
2.695498153034505684e-01
2.698524548627945774e-01
3.232643768965723363e-01
2.623810541466443658e-01
3.148435248629352090e-01
2.657797921346950476e-01
2.540562903515518056e-01
3.055845040649129984e-01
4.682693168296816477e-01
2.711441776705187379e-01
3.333789085214362569e-01
3.327257644792220859e-01
3.025286472619542755e-01
3.641802862113958095e-01
2.793984234797796118e-01
3.043118408938508823e-01
2.686573668910406387e-01
3.260850403722885815e-01
2.682204075375457242e-01
2.678077553670253352e-01
3.010459538140696778e-01
3.850071277261595259e-01
3.146060831754936560e-01
3.287973449010292426e-01
2.754545379687410311e-01
4.274864575735022321e-01
2.928729215285853504e-01
4.350549186695666370e-01
3.405456685840121955e-01
4.569589514658473628e-01
2.578382003631573549e-01
2.701885403993248835e-01
3.423569386007056514e-01
3.312651555230005096e-01
2.704433203228348570e-01
2.901189690327265480e-01
2.502560160677840262e-01
3.220014963108076000e-01
2.812373235359647006e-01
2.543869731276598989e-01
2.802265751618938650e-01
4.454862995051767638e-01
3.066663198694323245e-01
2.931501390182641997e-01
3.184966614992807421e-01
3.319071395857988160e-01
3.036808687939058782e-01
3.119145170681513757e-01
3.350726953117603157e-01
3.033607324281061834e-01
2.966357399975421694e-01
2.708943815939874322e-01
2.701814520929818331e-01
3.639993381304424402e-01
3.189359188339241924e-01
2.600611014015079547e-01
2.696470933112704582e-01
4.303239807962365160e-01
3.702065406021797234e-01
2.850073000015048152e-01
2.759864100220443262e-01
2.986815720207679492e-01
3.133857168967522089e-01
2.649355064020837980e-01
3.245109986317710193e-01
3.171558430511713933e-01
3.315744588499175971e-01
3.311294710743329928e-01
3.134552811306645648e-01
3.218944935912063654e-01
2.837477553120212326e-01
3.389785285486283106e-01
3.006615937255813220e-01
4.084673675295443784e-01
3.110502150772963548e-01
2.873707353638818573e-01
2.486110150610097991e-01
2.753173151405974295e-01
3.203022571344802394e-01
3.336147752406111722e-01
3.087942870749280644e-01
3.502008542699973637e-01
3.663701018440001511e-01
3.129658902504524609e-01
2.632406850206175375e-01
2.545480240500977986e-01
2.462199252017421569e-01
3.122121196485215244e-01
3.312861984956703143e-01
2.919173253329032103e-01
2.915651436459341661e-01
3.342291412086867419e-01
2.513794208122903107e-01
3.150388189724095400e-01
2.842206183864062208e-01
3.315697703170132904e-01
2.637475874372803286e-01
3.349188687385146190e-01
2.967767112748476155e-01
4.232420760455666287e-01
4.816071101560858714e-01
3.319222526806070994e-01
3.445810354711937862e-01
3.058891413664514003e-01
2.328011565382573922e-01
3.147122901109921655e-01
2.861928122715813316e-01
2.549224433459401640e-01
2.729203770385712491e-01
3.237117255220076650e-01
2.909355990250168666e-01
3.230976391187696528e-01
3.261004924460738086e-01
3.323310064975937839e-01
2.608714673455709843e-01
3.124513867115211174e-01
3.940116693612296106e-01
2.604990392645377129e-01
3.010888533695965652e-01
3.455476849660588656e-01
2.385292065856083610e-01
2.979831255222673003e-01
3.458939648080563423e-01
3.310941924035380457e-01
2.857202052578788898e-01
2.920580106831262013e-01
2.986967034440948243e-01
3.541613777425790532e-01
2.801704893057624379e-01
3.217434382508110313e-01
3.172393226683416501e-01
2.819909225660584551e-01
2.993406285834609992e-01
4.689467686798016732e-01
2.898286041836475868e-01
2.959319441326135336e-01
2.315171223055903227e-01
3.542664692257136427e-01
2.775358330410352403e-01
3.317029576531442814e-01
2.739702290488738590e-01
3.394182396941992086e-01
3.129124844625543744e-01
2.542239407211659974e-01
2.341724276720564268e-01
2.619042906424304817e-01
2.961917049380255462e-01
3.112680995781862414e-01
3.138508686681637516e-01
3.964909594902796264e-01
4.478760091339691884e-01
2.668192767329078952e-01
2.905803438612663547e-01
3.135396041075866336e-01
3.315507974714884121e-01
2.555085454567360137e-01
3.874628124889211156e-01
2.877838809344719362e-01
3.219389339704409325e-01
3.198169505092184894e-01
3.319384509384923354e-01
3.270691561600440056e-01
3.234808832818905078e-01
2.696361572731418854e-01
3.749656240544028130e-01
3.745534932082532631e-01
3.346160902536585158e-01
2.378013685865933424e-01
3.167282583870567603e-01
2.504060188689399280e-01
3.523594321632910753e-01
2.377580380570050445e-01
2.573855477637950195e-01
3.828459392094897273e-01
2.748598397857281994e-01
2.537678459730560721e-01
3.274082133066945066e-01
2.664679480829686975e-01
3.070503936727440042e-01
2.578446442966161878e-01
3.499238887790306896e-01
4.000093704660575566e-01
3.463007969725080959e-01
2.732240469333149790e-01
2.483761961988694700e-01
3.521103494314208882e-01
3.467132183443144555e-01
3.163858655125041941e-01
3.205059944603846911e-01
3.241376154873129578e-01
2.538406223710769072e-01
2.527045420075570425e-01
3.158519673425019825e-01
3.197793400454700397e-01
3.412918227069436372e-01
2.863807251516452546e-01
3.262525195330812089e-01
2.753012725613789846e-01
3.407262260961103073e-01
2.851135687281893261e-01
3.012041324762164685e-01
3.332198037380599831e-01
3.375999979133175177e-01
3.424715305723520786e-01
2.801429276099109411e-01
4.417307873334938573e-01
3.236687048546515455e-01
3.179628509025638761e-01
3.337415461685766527e-01
3.400374679510697051e-01
4.163344600304745291e-01
2.956370849217384578e-01
3.010940698937854543e-01
2.771875266453834863e-01
3.458944741875952245e-01
2.924361011106419994e-01
3.253589518760361399e-01
4.433782579591475370e-01
2.759534251553590334e-01
2.700561128691651991e-01
3.359703717607011031e-01
3.001092456869834946e-01
2.906163914338179555e-01
2.688307685637210120e-01
3.854260239743774741e-01
2.639470719421101452e-01
3.482021768112661397e-01
2.543761937360761172e-01
3.482677657070217814e-01
3.445024282347004529e-01
3.235937768014196525e-01
3.392156865475801641e-01
3.426188445043075181e-01
3.441410998594521820e-01
3.389101506333483949e-01
2.448830223938305573e-01
3.221770441035762822e-01
3.175562538088059772e-01
3.640107474858548242e-01
3.417856587596823092e-01
3.427216395899732593e-01
3.486265606614357693e-01
2.869369972031311500e-01
3.227281315286686381e-01
3.323822416874066543e-01
3.394769577125741900e-01
3.170567342286010337e-01
3.478626165918942137e-01
3.268694206185949191e-01
3.167665306935360525e-01
3.210443031446064688e-01
3.156793811506948821e-01
2.594698248999643964e-01
2.551529518861708201e-01
3.174866091378273358e-01
2.388983024570034697e-01
3.393851804059104804e-01
2.618237304032690616e-01
2.921517727024406375e-01
3.185831296588007011e-01
2.783607416374058174e-01
3.408742803410488298e-01
2.848062851849036403e-01
3.182325394441127830e-01
3.103009289392619774e-01
2.720389552424258839e-01
3.154868137439071352e-01
3.220862199752024257e-01
2.456047966652606662e-01
2.591083667908989363e-01
2.606289352430153916e-01
2.673955336449802545e-01
2.715989710779468935e-01
2.812715365357245090e-01
3.344857936878501414e-01
3.396796440731447153e-01
3.231007558164349369e-01
2.699154010485556587e-01
3.409229788250722759e-01
2.915167058925656196e-01
2.894275491854555460e-01
3.379644320578026884e-01
3.332088373193887176e-01
3.239312067728818412e-01
3.187958636026240744e-01
3.321459233276419232e-01
3.249596720802662708e-01
2.951980104815122297e-01
2.879837989669604137e-01
3.312687195342954860e-01
3.378440631921883486e-01
2.936200630452392990e-01
2.965283177579866591e-01
3.175753620935177768e-01
2.898481180437489368e-01
3.233898948189053435e-01
3.319336816726999873e-01
3.258096601495827360e-01
3.198747478071135575e-01
3.182410596369435463e-01
3.269952181302914762e-01
3.270322205555585282e-01
3.199624398516286994e-01
3.267605911152250964e-01
3.321990650720592630e-01
3.219285608616814787e-01
3.301610597086805932e-01
3.270557955343746936e-01
3.210131633016721220e-01
3.303259345051391405e-01
3.301710576254663909e-01
3.186014211628796500e-01
2.309156582613137720e-01
2.343969340418633196e-01
2.316203335658605644e-01
2.385382338065268615e-01
2.303830183587121938e-01
2.315511436114549848e-01
2.318978135343545965e-01
2.362964046355083836e-01
2.302393472900040872e-01
2.316920873762885469e-01
2.337319807374053093e-01
2.312187886359386713e-01
2.306834956448179097e-01
2.305075038562019729e-01
2.375944283297830029e-01
2.314708880386880108e-01
2.315558435442491014e-01
2.302750384335103540e-01
2.317808599828532767e-01
2.389921759725149031e-01
2.333813053808100335e-01
2.371019766718792388e-01
2.305488464539628690e-01
2.310141674427248215e-01
2.347057859690942494e-01
2.302954581754823593e-01
2.317490912868424568e-01
2.369864349715447571e-01
2.321474328863808445e-01
2.302952793982538937e-01
2.303974890405234843e-01
2.338864266329204467e-01
2.373230619401997810e-01
2.400169595137123524e-01
2.322552040752960123e-01
2.359522624641925137e-01
2.329554961446025363e-01
2.307541429967337743e-01
2.340216875116293005e-01
2.313521165907300170e-01
2.380170461573958285e-01
2.365923600453249398e-01
2.319759265677499016e-01
2.409097244353895217e-01
2.414512250294294782e-01
2.320268336622289262e-01
2.413951926141871818e-01
2.452279126796415853e-01
2.329995054664616427e-01
2.361341372350276302e-01
2.331708131731055622e-01
2.385146685437271319e-01
2.383496929067006609e-01
2.365689929975296479e-01
2.349857475046475686e-01
2.389963884721477139e-01
2.316273042046108621e-01
2.461724740102448628e-01
2.425009169129384579e-01
2.348064883038233075e-01
2.403713451770271015e-01
2.419809368761121071e-01
2.317440713800063001e-01
2.354157700724305857e-01
2.362083446213455451e-01
2.394142907786614427e-01
2.324849562377976353e-01
2.317937355744885131e-01
2.357645736116080193e-01
2.319403980821883593e-01
2.399269476970558868e-01
2.327736933127521890e-01
2.320057273752648697e-01
2.322757110961465032e-01
2.302728557568348433e-01
2.312750938852200788e-01
2.307135809775427704e-01
3.167434836359991346e-01
3.270400473328116675e-01
2.474015991027082029e-01
3.080348333218244639e-01
2.903288268890060198e-01
2.882512077390683713e-01
3.038321954890028098e-01
2.590814855978679221e-01
2.740226263416483676e-01
3.267631333384572456e-01
2.507317164731899251e-01
4.192126616414581508e-01
3.243729726314228401e-01
3.053918462584016003e-01
3.256318575131794679e-01
3.116547768828172305e-01
3.092567470352576842e-01
3.231469320324458772e-01
3.329035515870357731e-01
2.907590464390155116e-01
3.205223348766566005e-01
3.563235431052060864e-01
2.721410518556782732e-01
2.927385295447831881e-01
2.743415405076018998e-01
3.366639191193212532e-01
2.596559464781630910e-01
3.631202020513381590e-01
3.319764366339121864e-01
2.663308498384437950e-01
2.875991674127331144e-01
3.402105238938149534e-01
2.760387043213449743e-01
3.553315229777138096e-01
2.818286375304552283e-01
2.789002532587249727e-01
2.883503192618492306e-01
3.136702133450990360e-01
2.730548634909180650e-01
2.631609117598220360e-01
3.925242251799616611e-01
3.338486542268316315e-01
2.958588102820184917e-01
3.125311656659005011e-01
3.916559503714329704e-01
2.919280965620671409e-01
3.229157574982361445e-01
4.437459632366474449e-01
3.115913872353213709e-01
2.783187602054981169e-01
2.904815459509780817e-01
2.678231693730390717e-01
3.078408021803559769e-01
2.720852177809029437e-01
2.834445706733778603e-01
2.615531095993088306e-01
2.840355323276229083e-01
2.942836885423213422e-01
2.597900366140196704e-01
2.589709415163962136e-01
2.905438248995942940e-01
3.685869915105703942e-01
2.966403432236769944e-01
3.444039392655945386e-01
2.913249319279032079e-01
2.917816434600698505e-01
3.569906945298710887e-01
4.672590610421233359e-01
3.321541156053171573e-01
2.589048084154402796e-01
4.671217655961317217e-01
3.820492899282952881e-01
2.542668878788599818e-01
4.851429199239011836e-01
4.718032898421018473e-01
4.696397466001115406e-01
2.924487916148880706e-01
3.205958783157694114e-01
2.878454239138351078e-01
3.069155776491103160e-01
2.811695000293824576e-01
3.106240052831745202e-01
3.344874725210823518e-01
4.260960683330344834e-01
2.702779679718167460e-01
3.336451721168576245e-01
3.219556487257978494e-01
2.866953168542490382e-01
2.861618649209738963e-01
4.115716189529750602e-01
4.003866531972627429e-01
2.472865462555599581e-01
2.688054638747978120e-01
3.266461338210415177e-01
2.701192849346417124e-01
2.912808633461140828e-01
2.840590913085576097e-01
4.302362762282170294e-01
2.729106610484151596e-01
3.046254393076631151e-01
2.819273399124130886e-01
2.961553283695639860e-01
2.705996281135800707e-01
3.034359650292566823e-01
2.874546828972549539e-01
2.742265716615621685e-01
2.920282249230523042e-01
3.156643989976361531e-01
2.683453964207431208e-01
2.660708226286463973e-01
2.918656261544472774e-01
3.724837472968185459e-01
3.188133562950460353e-01
2.676759164359252541e-01
2.513873219740518361e-01
2.634289547947462062e-01
3.112886811811738097e-01
2.901253174394158307e-01
2.444422393490126300e-01
3.525621868594492336e-01
2.608906458479940960e-01
3.271684579293411277e-01
3.383400071676143650e-01
3.228874969896517455e-01
2.754915420779553425e-01
2.489780933190745282e-01
2.590561351990728900e-01
4.524666761513881919e-01
3.441007039855665806e-01
3.153210836265507022e-01
2.613831237113756201e-01
3.456307619235197692e-01
4.729854672600005694e-01
2.583748238221839078e-01
3.720849432697457271e-01
3.254214437465434151e-01
3.232447462828916263e-01
3.540847476988043807e-01
3.878817648355868952e-01
2.499625824805113417e-01
3.166785023043870995e-01
2.432846206811237755e-01
3.581480521502555248e-01
3.180261895357986424e-01
3.437440313080809551e-01
2.956849440398431339e-01
3.417606937930272037e-01
2.526448487663596199e-01
3.125286173381054411e-01
2.606294509656956193e-01
2.515275124464267931e-01
3.654046970848463527e-01
2.804297907161278358e-01
3.366147785752635069e-01
5.061518302697216587e-01
2.583562556614756311e-01
2.355647948476345954e-01
4.068739969148279512e-01
3.078043290125234699e-01
3.209321799102548556e-01
2.983573103031161300e-01
2.557322083775381283e-01
3.153831075988277610e-01
2.890896219884126483e-01
2.941368582245699193e-01
4.274658047999111421e-01
2.656790506630314908e-01
2.685042557578110056e-01
3.355299638695397046e-01
3.187780001568000787e-01
2.713041284944636145e-01
2.769773730835469738e-01
2.737018408416363457e-01
4.202154878842386809e-01
3.573177415209412011e-01
2.756984366510451534e-01
3.510853834351608804e-01
3.329457254977312708e-01
3.020366710840012292e-01
4.089910061099832905e-01
2.756580886723531965e-01
2.818929843426087878e-01
2.807867675665474128e-01
2.539954916721637312e-01
4.967001217285487713e-01
3.630328725746074792e-01
4.442341970267495443e-01
2.593640377748919756e-01
2.990742892723023960e-01
2.887605642155469665e-01
2.659143623261703282e-01
4.947284421568827750e-01
2.753181529062498911e-01
3.277527119250940868e-01
2.645076331914529288e-01
3.472804242640525341e-01
3.563960394248948949e-01
2.896402926362002805e-01
2.815376098311287989e-01
2.772194117690337523e-01
2.886551977299083305e-01
3.246469603145061278e-01
3.128300824754842169e-01
2.550500110150060173e-01
3.008941925026292763e-01
3.450570116747726512e-01
4.556819460993297155e-01
2.623526133966845864e-01
2.683429737800512305e-01
3.329467930163699796e-01
2.800788206087541088e-01
3.435178195952275915e-01
3.608869228603303059e-01
2.414142157485497098e-01
3.561865118519043638e-01
2.878175104604699386e-01
2.770284338763251419e-01
3.601157648913250742e-01
3.090321118060873617e-01
2.724853561414811720e-01
2.772264789858314149e-01
3.152359611923784000e-01
3.346560000361141762e-01
3.519418543200248384e-01
2.982822190209233337e-01
2.696138245057720928e-01
2.908445070394419796e-01
3.532095979867357904e-01
3.194231237498672549e-01
2.467817161223659073e-01
2.925935398779102026e-01
2.773518342845297524e-01
2.655615489411661811e-01
2.576197520942435926e-01
3.097982033776761623e-01
3.104075898044103554e-01
3.196976302284994520e-01
3.103478091169810660e-01
4.626418621420845256e-01
3.066302784457926034e-01
4.023518966640916017e-01
3.000065861083571761e-01
2.987040852831780446e-01
4.338381384129532670e-01
3.949234328735242716e-01
3.307571665443899689e-01
2.884405673128779268e-01
4.302243667204138644e-01
2.824804726607660355e-01
3.435092906813295155e-01
3.452809172004650540e-01
2.568089252537461564e-01
3.331006212015503731e-01
2.905568446167457464e-01
3.649377253444012204e-01
3.388525543451185174e-01
2.923659443057975427e-01
3.305088107544766896e-01
2.782884767712049401e-01
2.793105578770980757e-01
2.627011508524963457e-01
2.580655667425501010e-01
3.317505378991618681e-01
3.346523233247835627e-01
3.291995451824625274e-01
2.598942203192871614e-01
3.675843548431291796e-01
2.629627806206097373e-01
2.634011411036072392e-01
4.168679832443472622e-01
3.470782893831799165e-01
3.463013111760908647e-01
3.210764295846834648e-01
3.385995316579318848e-01
2.513587818885636427e-01
3.470581996320422635e-01
2.913444471709027428e-01
3.141884902931469936e-01
2.652914657079702421e-01
2.755587969276879212e-01
3.451283832176851862e-01
3.337424654112730593e-01
3.131544353453335483e-01
3.127249845500998937e-01
2.942076079307492376e-01
3.578196282290034835e-01
3.280733391252227960e-01
3.385356294622170470e-01
2.858995297970384764e-01
4.709386595931295827e-01
2.694718395278794532e-01
4.219622977380282358e-01
2.946359828579648843e-01
2.668010821754977502e-01
2.713115138726228670e-01
2.516397894200623209e-01
2.622579333988827033e-01
3.023322276589183732e-01
2.816133256319423572e-01
3.066969050285502374e-01
2.968677010561350804e-01
2.879710418348980783e-01
3.338409860512191463e-01
2.532776430955436253e-01
3.420866741258368759e-01
2.790010893991513585e-01
2.995205295955272184e-01
2.798214472485254234e-01
4.093881276112732448e-01
3.423748469173004683e-01
2.633439902772806707e-01
3.046655578396893493e-01
2.928298705929696100e-01
3.621166625664811733e-01
3.140771855375127375e-01
3.125938388139211654e-01
2.980138024556667764e-01
4.724776509473643249e-01
2.414378607959128398e-01
3.075938430658629041e-01
2.531006500748562704e-01
2.917284215885806442e-01
4.547654088172337072e-01
3.206106322628768379e-01
3.374825807099784969e-01
3.465065834449863047e-01
2.930234937557701369e-01
2.652587995657252340e-01
3.001582457958419381e-01
3.496870029792781276e-01
2.600123551278936129e-01
3.301371600196214007e-01
3.784461284337195530e-01
2.884740438062847190e-01
3.547240185968424386e-01
2.883399873233110644e-01
3.236583590051598791e-01
2.963730183668567553e-01
2.921243435869367855e-01
2.895031881364872328e-01
2.493758881059915666e-01
3.445036428420980013e-01
3.462480295087806415e-01
3.194821388951280539e-01
2.828196881233951410e-01
4.648869833537531693e-01
4.380839123864008200e-01
2.900380808783919462e-01
5.069689479951020594e-01
3.021354646980247138e-01
3.235261974452340872e-01
3.362136234734055540e-01
2.661965944259651606e-01
3.207056502661255193e-01
2.806829551874281958e-01
3.261139731285677135e-01
2.887649186599494655e-01
3.105658897109518923e-01
3.140807540386844066e-01
3.433130256712041417e-01
3.481634693073420439e-01
4.064051420901012568e-01
4.089040384377021220e-01
3.250840578287105265e-01
3.139012450994857484e-01
2.398838419599728655e-01
3.550682301347201086e-01
3.345705610701578681e-01
2.897768046684079390e-01
3.314190092794933040e-01
2.654630118679636719e-01
3.203316010699900351e-01
3.667721179844983803e-01
2.942524372106833375e-01
2.729401598384154637e-01
3.631665029128648969e-01
3.124840654765349002e-01
3.144216183776711304e-01
2.756122732836696065e-01
4.315121393521192950e-01
2.606479425479128476e-01
2.696114912976361189e-01
3.210491383576994928e-01
2.614254014205705801e-01
3.320444531429421753e-01
3.069915428313623185e-01
2.869545364025575807e-01
2.575457937734441094e-01
2.816304113096828043e-01
3.634375215178367591e-01
3.320693545077061937e-01
3.358645345465779419e-01
3.232936920132464254e-01
3.075933539071095679e-01
2.603000000127165259e-01
2.745103483802224797e-01
3.004795491908164862e-01
2.519121483064492018e-01
3.966381696819060165e-01
3.090419344385118561e-01
3.037704919953789773e-01
2.704340909253301062e-01
2.472803138293370451e-01
2.527685618044613336e-01
2.840784560887836818e-01
3.214708093229673436e-01
2.387717291644665119e-01
3.119758820337750760e-01
3.470717325547002519e-01
2.835284753515637246e-01
3.001747033966633560e-01
4.098013101689748638e-01
3.626561938213031522e-01
3.341693684794947994e-01
3.071027107852675186e-01
2.579194260623117740e-01
4.784313121690539350e-01
3.398166812671199466e-01
3.500177553295337196e-01
3.764485040709278918e-01
3.346431840676855063e-01
3.117160419230146640e-01
2.988660432280101920e-01
2.564142917306151959e-01
2.611104824023443571e-01
2.717937673198411175e-01
3.264716290565540247e-01
2.379315970273410130e-01
2.443350657673805937e-01
3.775387411648958302e-01
3.195337993576413682e-01
2.939901546245399788e-01
2.903270225466037524e-01
2.579767801751718381e-01
2.599350432208121786e-01
3.254344282051083170e-01
3.290052822519247133e-01
2.795917683015087252e-01
2.634929669323252677e-01
2.587770652784182612e-01
2.914331677591777692e-01
3.879596569017503271e-01
2.540680843683973400e-01
3.429436708843162651e-01
3.014114699199639258e-01
2.630489320440521639e-01
3.207843787634765409e-01
2.907436039466349542e-01
3.243614930352413106e-01
4.690312751724469154e-01
2.756119503635159895e-01
2.864409273495250319e-01
2.418477519988219138e-01
3.901097179187704711e-01
3.161618889347543870e-01
3.318491331937321043e-01
2.922561815723542233e-01
4.431536435475819657e-01
2.524681705393246878e-01
3.768935138276441887e-01
2.339331408223963849e-01
3.673040897442443886e-01
2.740497854498288310e-01
3.411198518157843029e-01
4.500747125653349889e-01
4.411527508916933682e-01
2.904470877306259413e-01
2.476406188930143915e-01
3.083773502290351742e-01
3.210029049165227799e-01
5.029534599241044512e-01
2.565743496595822570e-01
3.676799937452284728e-01
2.837183437839358446e-01
2.858023008156789224e-01
2.823765721964185960e-01
3.161491872462516284e-01
2.862660973114827256e-01
2.876779743477512752e-01
2.856969881435031944e-01
2.528972310091183728e-01
3.490852304010700902e-01
2.694149965081648612e-01
3.175464437323636813e-01
2.792906794580558572e-01
2.768965438262574463e-01
2.457509274928082466e-01
4.660774211855031601e-01
2.339343609429509752e-01
2.563171587736624013e-01
3.253021576193479425e-01
3.060077445096433535e-01
2.627301501431609787e-01
3.090932158363851046e-01
2.897751747033676661e-01
3.223582753274729651e-01
3.443672572211038396e-01
2.884691838886061510e-01
3.119391904001244109e-01
2.616257228874061536e-01
3.274349725245028209e-01
3.953901458470076569e-01
3.374140114809273672e-01
2.531190484998221413e-01
2.787950887850256798e-01
2.859671142745957018e-01
3.389817952217574759e-01
4.717285431462255874e-01
2.871392468794655151e-01
3.889810467849473818e-01
3.144353965878541879e-01
2.926852351445418110e-01
3.073088865776518741e-01
2.788414032705896495e-01
4.271035352279410335e-01
2.512333315013273172e-01
2.634180389887745832e-01
2.523763581187963845e-01
3.050291100554127777e-01
2.910079986943381880e-01
2.854659772517054717e-01
4.316391855841409386e-01
3.168772113481636565e-01
3.846511906938676617e-01
2.828798927022949661e-01
3.516551010123496468e-01
2.879655975721365779e-01
2.930612188494521875e-01
2.546135041331830662e-01
3.310482972531446078e-01
3.371798674751211311e-01
2.993037312415361972e-01
3.034298206118788421e-01
3.123701199096729497e-01
3.290314719865886084e-01
3.226512488375646859e-01
3.067384874695269215e-01
3.158327489292202528e-01
2.755686358413425574e-01
3.270277454528544570e-01
2.971464443956740586e-01
4.994698295142690481e-01
3.513984205067591793e-01
2.920438309916734143e-01
2.445171168221509927e-01
3.539720243254259047e-01
2.789124092961165480e-01
3.056685976648913505e-01
2.883184233505717287e-01
2.567065608923735920e-01
2.416351862489096169e-01
2.898060857760539344e-01
4.314975530742638510e-01
3.150445603071646006e-01
2.907908171363549066e-01
2.913126496614937277e-01
2.721851268451331296e-01
3.217202905333740870e-01
2.714836157997471133e-01
3.502372785695954671e-01
2.823349772921415757e-01
2.916053419937123525e-01
3.878459659405014137e-01
4.678556514842880931e-01
2.956009281785116904e-01
2.753266909048037170e-01
3.669470139723350344e-01
3.748854277573426819e-01
2.561127705412096223e-01
3.142314960089938047e-01
3.393832499440522232e-01
2.755513504504049638e-01
2.994119350055169937e-01
2.903355660906484226e-01
2.917329532244103407e-01
2.769629485747854836e-01
3.457113873594763187e-01
3.215698025147343819e-01
2.581083240070471962e-01
2.614740669180073418e-01
2.873939784261666519e-01
2.919693767386331573e-01
2.887509780693136574e-01
2.656540200368064930e-01
2.386797879289815072e-01
2.433242279583116563e-01
3.027525573967715933e-01
2.753951878674874565e-01
3.046024184204394469e-01
3.053910257701288877e-01
3.054915918919694495e-01
2.755270165080230815e-01
3.418970498262636770e-01
2.868014455508352545e-01
3.670377150940933308e-01
3.022095590927953435e-01
2.915549982631992498e-01
2.908360679385006975e-01
3.183398739483365159e-01
2.854304448183797582e-01
2.806810543104524824e-01
2.720953762893750794e-01
2.902529285727584174e-01
2.525211433059121324e-01
4.260756477785926921e-01
2.911925529942483437e-01
3.060633803118219531e-01
2.434692958783951922e-01
2.647387971920670546e-01
3.451449790594757761e-01
2.710811061043004178e-01
3.391616692402696920e-01
3.449886545546898553e-01
3.918163702271001414e-01
3.813786283309071323e-01
4.205919448508129155e-01
2.951595407180734876e-01
3.053255109078492624e-01
3.129789631109783365e-01
5.117862435024276291e-01
2.628286553881485355e-01
2.937198787106687359e-01
3.581615081116576449e-01
2.806448677323939989e-01
3.353396050237522075e-01
4.095132527334587325e-01
3.189662985092996395e-01
3.858439860603733451e-01
2.945399730723918252e-01
2.897870420821240245e-01
3.876983711022853329e-01
4.470418028200849325e-01
4.670462144129605142e-01
3.148338971559759836e-01
3.347542601602653822e-01
2.790239361148337260e-01
3.518753812652897217e-01
3.331161701576159651e-01
2.453628410017552608e-01
2.489323290799319577e-01
3.390584577208512473e-01
3.331841917855169477e-01
2.429538451902475693e-01
2.428446562440859102e-01
3.330234797953180448e-01
3.137735944686683709e-01
2.571937238461477482e-01
3.187276466681520648e-01
2.887781359404332782e-01
2.890114870794325275e-01
2.426099142427491084e-01
3.782890452401475034e-01
4.096665860628800337e-01
2.344872299901944734e-01
2.966213285472918404e-01
3.494547881016153990e-01
3.774051454237252190e-01
2.827222075509315258e-01
3.251984737755611032e-01
5.039390242722884272e-01
4.360504924264422821e-01
2.727242861087945669e-01
3.406255690337288700e-01
3.224151819703883759e-01
4.185939314206444384e-01
3.848165327138532432e-01
2.682184842882732179e-01
3.532741783139931036e-01
3.571450392423343168e-01
3.166419442599602285e-01
4.186250313031623649e-01
3.252479477317037349e-01
3.001825781376180613e-01
4.145419253771363555e-01
3.140779508235250761e-01
3.087460943939648872e-01
2.961540715983170258e-01
4.124084526107835713e-01
2.881498794251991513e-01
2.457173125586560314e-01
2.845978131909953079e-01
2.739892152135208758e-01
2.419413109222298686e-01
4.720305656373710579e-01
3.134771976117363690e-01
2.684981819542679449e-01
4.738862981718574563e-01
2.452461188452402796e-01
2.937989084955409669e-01
3.321572265877864583e-01
3.047912149832518458e-01
3.172954316275549691e-01
3.054309724854237240e-01
3.344688256270348381e-01
4.900469197595461734e-01
3.578947838743119503e-01
2.722759421842658734e-01
3.091987815435301989e-01
2.729297571583670923e-01
3.599335232262294015e-01
3.160614068529229992e-01
3.702243493525880225e-01
2.709325026651449586e-01
2.919794707274693812e-01
3.749475031300760208e-01
3.658799026462290493e-01
3.424687762371246835e-01
3.369438541740676918e-01
3.442500046985663698e-01
2.690357729782617557e-01
3.096816457456910698e-01
4.273930174530574111e-01
3.175250601226798919e-01
2.642584076010320304e-01
3.526345235886793050e-01
2.710371731290941999e-01
2.524918821660541712e-01
2.785119364950516263e-01
2.600427108450609759e-01
3.645754696524028948e-01
3.634467631945922372e-01
3.094148364401642093e-01
3.200663975258664640e-01
2.755526973843544503e-01
4.260912198070357926e-01
3.118427362723885654e-01
3.316566224014490527e-01
4.502224650588445565e-01
2.411803812358683796e-01
2.596438535887816146e-01
2.946231949361042268e-01
3.153184107607737152e-01
4.660232934891988532e-01
3.728490947599887306e-01
4.754404354218481066e-01
4.655459880052437160e-01
2.620377402383753940e-01
3.430253196023698714e-01
3.032439883320447449e-01
3.118156844493167323e-01
2.910779511169556133e-01
2.641381426503798813e-01
3.310304913939461913e-01
2.545342139895332978e-01
3.020027466215398637e-01
2.825025845930260182e-01
2.362433192937275217e-01
2.414648231553724600e-01
3.143366659649721173e-01
3.441761727799889092e-01
4.699456282668184604e-01
3.577202656881107168e-01
3.939960881241619250e-01
2.709480477346815075e-01
2.787965165228650233e-01
3.321605162634521657e-01
3.350246386765202145e-01
4.947738738453376639e-01
3.009707241275876299e-01
2.551990420559323569e-01
2.671787440783607304e-01
2.603334335101763486e-01
2.713953859587558415e-01
3.618638859131676488e-01
3.877353351812890536e-01
2.563862739680995428e-01
4.677582662065319918e-01
3.164370375128232604e-01
2.659027480640534513e-01
2.500100194243727314e-01
4.523196330175297541e-01
2.552385819455694205e-01
2.678493962778961679e-01
2.683636676814677990e-01
2.871820823539618095e-01
2.369023321177255448e-01
3.649599679084081227e-01
3.134368591574984708e-01
2.584600829292374446e-01
2.535767704285289414e-01
4.430771914215394514e-01
2.384871073063346281e-01
2.999854685280531896e-01
3.153843648483183326e-01
3.309147487058072268e-01
2.517635441622850800e-01
2.784564075695438179e-01
4.178760361553925384e-01
2.771694533874545785e-01
3.767269310108492530e-01
3.111862955005560982e-01
3.818717550250623760e-01
3.099803937105168328e-01
4.189739385972215957e-01
3.433828723679665518e-01
3.758453849972797634e-01
4.544711510654952380e-01
3.253294369488456961e-01
2.413197677687453635e-01
3.326252010282436666e-01
2.477835076000766135e-01
3.212802876125450680e-01
3.203442977927453694e-01
2.720075600538575111e-01
3.134207630060688587e-01
3.089372527314862560e-01
2.942569757515535733e-01
2.375539629263065389e-01
2.754653606963167745e-01
3.355789967191086243e-01
3.381660588030651615e-01
2.727660352698242363e-01
2.788389815044590159e-01
3.001218241133200015e-01
2.905745700015465172e-01
3.011741824853370053e-01
4.731854398012736995e-01
2.829003596372541840e-01
3.944991898868358549e-01
3.643206054483757450e-01
3.271614236243599039e-01
2.722727041589171337e-01
2.407691850460638161e-01
2.653310527270851815e-01
3.748730499232155733e-01
2.914126326933134670e-01
4.630427704623931717e-01
2.340902074303544689e-01
2.449207971445339915e-01
3.499131159489287657e-01
4.986026465127103013e-01
4.507927230217943504e-01
3.207350308882926937e-01
3.361941609284918031e-01
2.943715020317257958e-01
2.491729954416092851e-01
2.722446370111350489e-01
2.896245912792496657e-01
2.731607769268190045e-01
4.718605509069024317e-01
4.268605338047260500e-01
3.328061643452032148e-01
2.960513411972876541e-01
2.954730373878852179e-01
4.316013425051692942e-01
2.486860797423740277e-01
3.125534668384855608e-01
3.433067039767067063e-01
2.917307699952296773e-01
2.700320455378257822e-01
4.727248435273345706e-01
3.435897485868665835e-01
2.659148197070946851e-01
3.906834703215711913e-01
2.952409582704348390e-01
3.796026468199150683e-01
2.400598382654331175e-01
2.906313057947124134e-01
3.432831370436289498e-01
4.651012220028818422e-01
2.804213006030139010e-01
2.519651058404069888e-01
2.607928957939904535e-01
3.704394497187844526e-01
4.400552300835197106e-01
2.628775321288343569e-01
2.902347035823606425e-01
3.215608146059740213e-01
3.150820374001573887e-01
3.124697705090294098e-01
3.638794329314798404e-01
2.445276484209943924e-01
2.925122139216740913e-01
2.830224367869386692e-01
4.410967140915128537e-01
3.054137327550544567e-01
2.942871090268148193e-01
3.347054049003413412e-01
2.489873739882106640e-01
4.259342430717013572e-01
4.453975621011097563e-01
3.188335203530823780e-01
2.850593473731752314e-01
4.729263468903351364e-01
2.989124839876811102e-01
3.125305942837856010e-01
4.261267392829850564e-01
2.342392021608391273e-01
3.652545002766994786e-01
2.386564006213004463e-01
3.316504944841202063e-01
3.630409199172036638e-01
2.815286596361517013e-01
3.758054987497082000e-01
2.725332910571487965e-01
3.393620713242725406e-01
3.225199823077258832e-01
2.571533522399893634e-01
3.037746644231299475e-01
3.253196075517760799e-01
2.888437580773012270e-01
3.227159829990024487e-01
3.522855937487995859e-01
3.048505257352999709e-01
3.204721406793984428e-01
4.673500685999262827e-01
2.946867952208705455e-01
2.926180282339121974e-01
2.712304020713184327e-01
2.378490455718637042e-01
3.371987807254888669e-01
3.875492152813410640e-01
2.505966277120934560e-01
3.257628182191814603e-01
2.795970019764380532e-01
2.372302018883920005e-01
2.970520006159262372e-01
3.619942838730834112e-01
2.758015576762044008e-01
3.567533954896984771e-01
3.266950519578861734e-01
2.865754625924099575e-01
3.351973484656178282e-01
3.677439651671732812e-01
3.070239420578376732e-01
2.997045721274964047e-01
2.336386592770702264e-01
2.927445370369067268e-01
2.829216811416234156e-01
2.846030264531185794e-01
3.102564576340705593e-01
3.121985260500446113e-01
2.974651862779690847e-01
2.711736407591459619e-01
4.095628902545551675e-01
2.768657571981626431e-01
2.862728752408693622e-01
2.331942512669998857e-01
4.235914737269665387e-01
2.846616527626888993e-01
3.065379025817230874e-01
3.609895070745947065e-01
3.380617924994627210e-01
3.383679116798589126e-01
3.472616883091487194e-01
3.618210397593641936e-01
3.142241073044371169e-01
2.952653910783067936e-01
3.322595186934349520e-01
2.873824886951100721e-01
2.381863603309768151e-01
3.261049258344266844e-01
2.912807364884997252e-01
2.579846251306693872e-01
2.904667974381244799e-01
4.188313484936176390e-01
2.860332723957569323e-01
2.521372277728749500e-01
4.919945106597023443e-01
3.020159490418101167e-01
4.219849173163210954e-01
2.382547747519086767e-01
3.177482616967359230e-01
2.619225070566857383e-01
3.168473852234066079e-01
4.331161017816929637e-01
3.315368800596196763e-01
3.475212988803558778e-01
2.576109010505048813e-01
2.760477489467647039e-01
2.637020602266718639e-01
2.384129464737211324e-01
2.866556435806716929e-01
2.978408663466723949e-01
2.797371883671808113e-01
2.830198574638227438e-01
4.216916593378401412e-01
2.913130364581631437e-01
2.832781564420472353e-01
2.318654082419710494e-01
3.036228459027029425e-01
2.731880763671610257e-01
3.682044902218109539e-01
4.865381436115176483e-01
3.121606190736814779e-01
2.977154962243979130e-01
2.471780981702123570e-01
2.409590858374446309e-01
2.790542842291527936e-01
3.179515017607149052e-01
2.963618684875075626e-01
2.922992709884548734e-01
4.670175208038803705e-01
3.754121537145687082e-01
3.192643721164047377e-01
3.314311909754875107e-01
3.193215024261737978e-01
4.528929491154246589e-01
2.805436419163892525e-01
2.580992261336471083e-01
2.847253043676633566e-01
2.860509745974347262e-01
2.824379116830229020e-01
2.872951122251762301e-01
2.339806064370993366e-01
3.014648418604225499e-01
3.043052655908493609e-01
2.796855630073603605e-01
2.858486421762522767e-01
2.329975711014486972e-01
2.466195321535406826e-01
2.843708203354907149e-01
2.545165979585514715e-01
2.704490006989807016e-01
3.142925887175793132e-01
2.317449919888492638e-01
3.655030785578122221e-01
2.547423447748035641e-01
2.924889011420767626e-01
2.329052123280623554e-01
3.265556623811882719e-01
2.461097603602949990e-01
2.330471175379855153e-01
2.859699640240588314e-01
2.697209692110381640e-01
2.937479729454791078e-01
3.654452310432013129e-01
2.937230200328503349e-01
2.592409928474890268e-01
2.652145476513581013e-01
2.833320111554843979e-01
2.823150497379757207e-01
2.677954114133941355e-01
3.277984680993286104e-01
3.255386674488510712e-01
2.974449787860603545e-01
2.842884098598289500e-01
3.640604715361722699e-01
2.791078122351104418e-01
3.661328165039593463e-01
2.472206621786165182e-01
2.427626113378079376e-01
2.793735517718334838e-01
3.629348152095016600e-01
2.787920361546916692e-01
2.871477221949350067e-01
2.772376616653952075e-01
2.834327741399347844e-01
2.487591790176936768e-01
3.234617000965852029e-01
2.773110977528546184e-01
4.321709872963162002e-01
3.133860316626967957e-01
2.843060980720870656e-01
2.367985707949420426e-01
2.970148703213759678e-01
2.816876799166270207e-01
2.797315410048515361e-01
2.788099445553041122e-01
4.132181091000228235e-01
3.238662953769676500e-01
3.143579632310476435e-01
3.172961961347308124e-01
2.528303356871515195e-01
2.804298332179825382e-01
2.410333595114023120e-01
2.984602521306711775e-01
3.202634680946482848e-01
2.801462181475135593e-01
3.302145060626590634e-01
3.919868166075064497e-01
2.679570455537467755e-01
3.031597496012861104e-01
4.132547945910279297e-01
2.645216264161368569e-01
2.648321523637989783e-01
2.437092923641385744e-01
3.014337096358816193e-01
2.903032300744330385e-01
2.975517007991431706e-01
3.761823147468659201e-01
2.818779012792234639e-01
3.052326280818654092e-01
3.036847037356236179e-01
2.717011274668020282e-01
2.334446279736553942e-01
3.366863110630611278e-01
3.134830340163764495e-01
3.127637976137138676e-01
4.632838033356417862e-01
2.751264375926702477e-01
2.841403769905980203e-01
3.640598395569066836e-01
2.590004818161293909e-01
2.449785499149038925e-01
2.604944404502526067e-01
3.224212901975777590e-01
2.356038393332605396e-01
2.780128510195670200e-01
3.477547744656735995e-01
3.451894074593284123e-01
3.221068161868250179e-01
3.577243267574002905e-01
4.922390761154472605e-01
3.332605673177466143e-01
2.563510525717953570e-01
2.826375677520140406e-01
2.696777174029325597e-01
2.416344595639744464e-01
3.245741109359797094e-01
3.014503579418103540e-01
4.940546783188050628e-01
4.767320292744323118e-01
2.762785294871367148e-01
3.183651068858642796e-01
3.329358291738429565e-01
2.896380146914879217e-01
3.480167462180803750e-01
2.779650626863804375e-01
2.554824132533006220e-01
2.926386099047610378e-01
2.851442935414756352e-01
3.556527315650320209e-01
3.198535122814641918e-01
3.154110565200253236e-01
2.907119053737579617e-01
2.589403124334627160e-01
3.578688372437522358e-01
3.328890200270360755e-01
2.365534638821833735e-01
4.290468930487265076e-01
3.552491345097196218e-01
3.286016100555493313e-01
3.596707063943714311e-01
3.463130707591412505e-01
3.519516062058879458e-01
2.942749101819333579e-01
2.790329522353352520e-01
2.911700856429164097e-01
3.019646029836640100e-01
2.744371265398393156e-01
2.568287480230929121e-01
4.189719136251918719e-01
4.849150898046213354e-01
3.256774503175905999e-01
2.750277829434139010e-01
3.207790488315203636e-01
2.934162180853926438e-01
2.786972209984764914e-01
2.421258556445616272e-01
4.703466216087868190e-01
3.545053633902032209e-01
2.679235995286058936e-01
2.356048232766808082e-01
3.057703708966713618e-01
4.530849716773635016e-01
3.441298362165153280e-01
2.841128236716251032e-01
2.912426324071912265e-01
2.800356019972148891e-01
2.704914006048623754e-01
2.927468041299574053e-01
2.688672034251724519e-01
4.736908850837582841e-01
3.036354315436145535e-01
2.714915537029127801e-01
3.398306433384124525e-01
2.620440698085624298e-01
2.790573746790070975e-01
3.319186638945432199e-01
3.549041491480516286e-01
2.364968835120750401e-01
2.737616984627919692e-01
2.659219146696295555e-01
2.547146850202096080e-01
2.864466294199109475e-01
2.531315336725404874e-01
2.317298889898139203e-01
2.322683553922078592e-01
2.661245222538511923e-01
2.759111834465112212e-01
2.833409366057165757e-01
3.216698781039205035e-01
3.709057365641104664e-01
4.652728619295908308e-01
3.460367566434229825e-01
2.959719597953414660e-01
3.589501723958840040e-01
3.042825964799832916e-01
3.764228517844888655e-01
2.564025838975675931e-01
4.540138543953664008e-01
2.863957617970400715e-01
2.515976132275111743e-01
3.377882042563111753e-01
3.352774436267432212e-01
4.339679486502581174e-01
2.895110981380457083e-01
2.896443499929469700e-01
4.108581398867451329e-01
3.395443057801665887e-01
3.627455071253808394e-01
3.402940647576596644e-01
2.640901651610457201e-01
3.490816311001276873e-01
3.218924042483105596e-01
3.942202651834655902e-01
3.285795482272301782e-01
3.087742912470725076e-01
2.968348450515063131e-01
2.908096494913741670e-01
2.832058964167117332e-01
2.996722192292674558e-01
2.582499596916871254e-01
3.187428585622678612e-01
2.456125153994536126e-01
2.599207783588229348e-01
2.349996826122077442e-01
3.352842926055404349e-01
2.931450238986617607e-01
2.880501296586095994e-01
2.787803457918098249e-01
2.366344088913590049e-01
3.363640585056430488e-01
4.065371663067470775e-01
2.431673021748506358e-01
2.890839148395327185e-01
2.352573319841302635e-01
2.891248208540269093e-01
2.921746323466175022e-01
2.728450356228733775e-01
2.947041654090878371e-01
2.899581495861789926e-01
2.416806966594595985e-01
3.352254028111302242e-01
3.103724565749008124e-01
2.787799020084468227e-01
3.105433655156292772e-01
4.112927173532797132e-01
3.139018555875643379e-01
3.329035305891843710e-01
3.131449820834813491e-01
3.156222781919401088e-01
2.698978062780456044e-01
2.374804989485967133e-01
3.206540578668642394e-01
2.361626946477414779e-01
2.892905106894230749e-01
3.013920381703784068e-01
4.591686955821989158e-01
4.892921470659989391e-01
3.333635538301665258e-01
2.353572410978522489e-01
4.244944666449183557e-01
2.790575693708568505e-01
2.499377007497600167e-01
2.528599695903255840e-01
2.369652094775447082e-01
3.377279021747077170e-01
3.846591520790403895e-01
3.421830768743137630e-01
2.675263782121167777e-01
2.952911922530592759e-01
2.744716681127488678e-01
2.885036867864562149e-01
2.991237826881104622e-01
2.797757201256491633e-01
2.346543445409334794e-01
4.583621245402864641e-01
3.590650328226270838e-01
4.114597220768851926e-01
4.317610049069785516e-01
4.681549075631115109e-01
3.916852911248127067e-01
2.995986833737067645e-01
2.647996003779250485e-01
3.404365360432340948e-01
3.194336077122371109e-01
3.021190360297230093e-01
2.922580099329913916e-01
2.488562436623799334e-01
4.602763120515310780e-01
3.076730006847454013e-01
3.089443504620487668e-01
3.106272297293369289e-01
3.506112818579324442e-01
2.414291013938161534e-01
2.350846951590420120e-01
3.315424387807655027e-01
2.487018023924816024e-01
3.102422314972277939e-01
2.745069888776561218e-01
3.053762244811561999e-01
2.352926442161336062e-01
4.433983933671898914e-01
3.125852555319623693e-01
3.334776074227000509e-01
3.061303355908348567e-01
4.895781291412799052e-01
2.954401275172106600e-01
2.559579811771640623e-01
3.011582091021225427e-01
2.381757610582611873e-01
4.129587126066006642e-01
3.004505198271937294e-01
3.141255332393425026e-01
2.974623315995507666e-01
3.528917287110219791e-01
3.109315079251134262e-01
2.426434584807738992e-01
3.152591123288026043e-01
2.698267112704440529e-01
3.405602766276353277e-01
4.344223276895948782e-01
3.518368401878583795e-01
3.443556989267688717e-01
4.316246089534094277e-01
2.734192911559886752e-01
3.304821666693348869e-01
3.311887291894751728e-01
2.795369595678176555e-01
3.156713426193999417e-01
3.029860710609241781e-01
3.025032394534226121e-01
2.580208715056047653e-01
2.553568674036533759e-01
2.935787292247238334e-01
2.871267533660399329e-01
2.459737686042919869e-01
2.866170184106676677e-01
2.377732870028592127e-01
2.354087970421417375e-01
3.484515128844259957e-01
2.356620845216930993e-01
2.413709947580387760e-01
3.277816974013511020e-01
3.092105210853220987e-01
3.811906469170442957e-01
3.231653528099979189e-01
2.773592591608999847e-01
2.393736529840450322e-01
3.310850583891277732e-01
2.746949267328046562e-01
2.595761056857163740e-01
2.636152607707276108e-01
2.850113335217833721e-01
3.356193737595819515e-01
4.533864570673905581e-01
3.324740985513848779e-01
2.811022682648843252e-01
2.740992200804959755e-01
2.881632176711934612e-01
3.087623765167304413e-01
3.548926117105318800e-01
2.965975202324004911e-01
3.329627528074585729e-01
2.774630460672806720e-01
3.378080407803262797e-01
2.451853187401816514e-01
2.924166662063633071e-01
2.984190922235048227e-01
2.597616462394349290e-01
2.957986926769682889e-01
3.101618403601594798e-01
2.482928577396116832e-01
3.242849877001198200e-01
4.616584163246316708e-01
2.740823079032794762e-01
3.417715446465281470e-01
4.119389979102929256e-01
2.860220801282883363e-01
2.985941349966886871e-01
3.002214236531399183e-01
2.355269307654540289e-01
2.479326743760988661e-01
3.530744964188639035e-01
3.325967415213261780e-01
2.893035209897497628e-01
2.942025856084215518e-01
2.664252404609098734e-01
3.938232215002257508e-01
2.681992941233296568e-01
2.650144173149201476e-01
3.159491575964022969e-01
3.117822966267137508e-01
2.994933084320589578e-01
2.931114290922176568e-01
2.968934564304066548e-01
3.051112304219455451e-01
2.637911322172814543e-01
3.115377313006618687e-01
2.741030332719537888e-01
3.174132743875669460e-01
3.185686991418298919e-01
2.468531677334798169e-01
4.130757295341185853e-01
2.332066446000478632e-01
2.341500987903906150e-01
2.415066903473195303e-01
2.840677258647120729e-01
2.756525936721816450e-01
2.447901364814209502e-01
2.728118130450483680e-01
2.778518850967416909e-01
2.700579740412588636e-01
2.928394390467384256e-01
2.816823167193720501e-01
3.691872172852203038e-01
3.310031839214585547e-01
2.657440419161615774e-01
2.739581275010756767e-01
2.496265802420833402e-01
2.369114485839934614e-01
2.835576708551544867e-01
3.620923295077227433e-01
2.924998851875771355e-01
2.717768488363487278e-01
3.766516740349935000e-01
3.025668623640938026e-01
2.403613971384702397e-01
3.344360158316205811e-01
3.004377039653757797e-01
2.434643666977457654e-01
2.747072312261037430e-01
3.564826936354229536e-01
2.954596044678096667e-01
3.211529581724423821e-01
2.340863977750595182e-01
2.802801186917032727e-01
2.647823552701021321e-01
3.066746195556346311e-01
2.594018169299179832e-01
4.164331836306318646e-01
2.561010626183923833e-01
2.726262794449999527e-01
3.799018608876397196e-01
3.165683626151597485e-01
2.477757268511032729e-01
2.723762477881239708e-01
2.922024977403506196e-01
3.467516440908752218e-01
3.015745931330965357e-01
3.052302021432289347e-01
3.157837834125098442e-01
3.141490270752910208e-01
2.698675045457690214e-01
3.102522404999186190e-01
2.881643517882296335e-01
2.952530348394689086e-01
2.884524020992130233e-01
2.419887484633117258e-01
2.801431283955429508e-01
3.157837630146118624e-01
2.922146376908938969e-01
2.993098130324328698e-01
2.357078306314611682e-01
4.084130479050386842e-01
4.123048304507951900e-01
2.980601899139042610e-01
2.735982827536227457e-01
2.418355270854569694e-01
3.344031241041887648e-01
2.885392613256052563e-01
2.661499483506081787e-01
4.125869726090833356e-01
2.608823700618868591e-01
2.466824404839627061e-01
2.518094901481765513e-01
5.008960427125999093e-01
2.390512456932951668e-01
2.764211657641929554e-01
3.024027322251783834e-01
3.117531091867732362e-01
2.590384625794475704e-01
2.465806473456034764e-01
4.701423366108404278e-01
2.874281100962450819e-01
2.361988671358571101e-01
3.910023882570065612e-01
2.545656626632714636e-01
2.929549351635410970e-01
3.156178181110308456e-01
2.864768763174425636e-01
4.703934136062979943e-01
4.001076971219780232e-01
2.864559754684742332e-01
3.147211140205670166e-01
2.720897454617108302e-01
2.796150345387471425e-01
2.526377309721646869e-01
3.030998064931862412e-01
4.131487630872663908e-01
2.749846359404699014e-01
3.578024067764503657e-01
3.553918837340329095e-01
2.816211788870189858e-01
2.852250098254411337e-01
3.220444936076374276e-01
2.907048726600812150e-01
2.910585574927970764e-01
2.368618179981044902e-01
2.591349388505283513e-01
3.004463956352368403e-01
2.381221548038687241e-01
3.570563622954377458e-01
3.218543328545444004e-01
2.423559070647559321e-01
3.393032772952553899e-01
2.589754138907394698e-01
2.921604670897692824e-01
3.194809031271353961e-01
2.642262436567601180e-01
2.595171134907592325e-01
2.864858726246760634e-01
3.450872518457503424e-01
2.694748017290965469e-01
2.329136703684793475e-01
2.390524102886105451e-01
2.932704367395731482e-01
3.098302910170545044e-01
3.040981891563780959e-01
2.812621119896792643e-01
4.683508222171501867e-01
3.593900703669002383e-01
2.368845908955046209e-01
3.855555415712282330e-01
2.539835677380367085e-01
2.389862116277425841e-01
2.710555959901788659e-01
3.311676734934769772e-01
3.256475773913345972e-01
3.031008444490605469e-01
2.647500288984077077e-01
2.445997538367889745e-01
2.711966381490114597e-01
3.429012050488234320e-01
2.478223412545094984e-01
3.127745420251965003e-01
4.796054163659050351e-01
3.101380395044227023e-01
2.923938004515406752e-01
3.335021556937038389e-01
4.131954115072513645e-01
2.601217475865314488e-01
3.321701778573549757e-01
3.254535298468447801e-01
3.316779861201545332e-01
2.485460250144603811e-01
2.972098946769232142e-01
4.861277431948020089e-01
3.470879206610903434e-01
2.889665249546146675e-01
2.467108626235289814e-01
2.956250137405263545e-01
3.337309006030027003e-01
3.598217647748830350e-01
2.866802706725395944e-01
2.788170122159750464e-01
3.482356710212791140e-01
4.829196537597710837e-01
3.495485265369134287e-01
2.720770072698612818e-01
3.113796725886431305e-01
3.595677257981575448e-01
2.962913809971055024e-01
2.469372382506460628e-01
2.927762186480056816e-01
3.154344592686502691e-01
2.821333637929407390e-01
4.578903477610362649e-01
2.933736990596031990e-01
2.693644088849051488e-01
3.320072999327806640e-01
2.899635290507124874e-01
4.128000157849914253e-01
3.199148558236958317e-01
3.386008093377652073e-01
2.598402282418534326e-01
3.324941217208037814e-01
5.032736522885645769e-01
3.256816757119954664e-01
3.263115519050525659e-01
3.023959344309283814e-01
2.928541150209560406e-01
2.905382546345701145e-01
3.337311794960980960e-01
3.014981120720214847e-01
2.593252316980850791e-01
2.687597385407760053e-01
3.609572312596167620e-01
2.923860713977419201e-01
3.036389513376033800e-01
3.215595831048138620e-01
2.480664003417175079e-01
2.860826712897046598e-01
3.426373784042070492e-01
2.655624731131526195e-01
2.755280127901873488e-01
3.544410255416098887e-01
3.244824195054781257e-01
2.971665901746801675e-01
2.790518662379642967e-01
2.377610106280534097e-01
2.338573050100357098e-01
2.902097613298685319e-01
2.735947218897158417e-01
3.137380608123773729e-01
2.389132818465914965e-01
4.815824880219344295e-01
3.164503113627576969e-01
4.887694141972808159e-01
3.333661237445366132e-01
2.536120787598910020e-01
4.741325910868946503e-01
3.125922216787115349e-01
3.646203495906448766e-01
3.245661687376547033e-01
2.577890811519919501e-01
2.426892500926245144e-01
4.853796017141520647e-01
2.317171491003088002e-01
3.473693493814882793e-01
3.929189518326911545e-01
3.170329934433382402e-01
2.819326274966489354e-01
2.495539550490849801e-01
2.944289961211957740e-01
2.633746637178897565e-01
2.404131666191102468e-01
2.676037142923763934e-01
2.700780409389848535e-01
2.882496816010053364e-01
2.605761721890694771e-01
3.039932022301288228e-01
2.804533699968804195e-01
2.840346589238488817e-01
2.884367542259002604e-01
2.576868710814477770e-01
3.214221327047477872e-01
3.010106750610611059e-01
3.512165168483905586e-01
3.355020194080267637e-01
2.983833309774959197e-01
2.421124460571183468e-01
2.722306213862831226e-01
2.609502042844495384e-01
2.924995634546366241e-01
2.680692947921361480e-01
2.326883838376795910e-01
3.145721947323675272e-01
2.352531674091315750e-01
3.325776378354160512e-01
4.115818432821312101e-01
2.806209158136310222e-01
3.228387911821825051e-01
3.200090919624768993e-01
2.850655157316663857e-01
3.973470448273722089e-01
4.061259606926792554e-01
4.652086718151886569e-01
2.986888213588853036e-01
2.438393767841015025e-01
2.403027768721676394e-01
2.582470689303648648e-01
3.114642741798053227e-01
2.848075526278028846e-01
2.545895153491544161e-01
2.831124701151864764e-01
2.485109173425482099e-01
2.886022309782129702e-01
3.084709594357387119e-01
3.075176937616589390e-01
3.510101058879921965e-01
2.414480351716487561e-01
2.844170100245859700e-01
3.024708793216032143e-01
3.399694847143709397e-01
4.782665806010012455e-01
4.406655648107478118e-01
2.715701585049460354e-01
2.610822925907296810e-01
4.754410071329851495e-01
3.433503399175015236e-01
3.321900173765581221e-01
2.430661022470514687e-01
2.907596250627781376e-01
2.823871229869419630e-01
3.085159630493061744e-01
2.587033896987078196e-01
3.436502851819757121e-01
2.802658311604075414e-01
2.615355321504151398e-01
2.884536687095259899e-01
2.473616502354335778e-01
2.716156932518312139e-01
2.975578459193897740e-01
2.534512809181324600e-01
3.407370091375297450e-01
2.978908847026910944e-01
2.935998436819083901e-01
3.138648151394548003e-01
3.420869525888595719e-01
2.409753135832167770e-01
2.388120023949731052e-01
2.910196531489619987e-01
2.920993486421352703e-01
3.126577588356822535e-01
4.722467108084822951e-01
2.826411363613763328e-01
2.607873945646779212e-01
3.208749256777346237e-01
3.015196151003594061e-01
3.216123574641738814e-01
3.288077597280124054e-01
3.330234221529398964e-01
3.112174831489010196e-01
2.418703463017702615e-01
3.506362801392525208e-01
2.815745240992151843e-01
3.174574657878665995e-01
3.835199201546320991e-01
2.580113696653161259e-01
4.293395488416140715e-01
3.915967956965583086e-01
2.370645640437961665e-01
2.401389604932239186e-01
3.077116227561463857e-01
2.904982190016690002e-01
2.906865858937257019e-01
2.593806805671816651e-01
3.157009245694857857e-01
2.850156836880439193e-01
2.806676977260880168e-01
2.621353142984020335e-01
3.460067918838668488e-01
3.082068276209775637e-01
2.602795770941990217e-01
2.491540879640785078e-01
2.417829218542771053e-01
3.846525636450402463e-01
3.319400391537674633e-01
2.627435890044156341e-01
3.317748084063144587e-01
2.633676027204684411e-01
2.580634399108890920e-01
2.365037409043114491e-01
3.373923541915908597e-01
3.306694807213512721e-01
3.226335485433046713e-01
4.362512174388111230e-01
3.650333510263115144e-01
3.193724003074041584e-01
3.105358725656546248e-01
2.362495455185419646e-01
2.898364710368916408e-01
2.547766803792242962e-01
3.013609766455617733e-01
3.160074842579824739e-01
2.558107713995775301e-01
3.268289268289596428e-01
3.043701914875832637e-01
4.651092464428897011e-01
2.566217131460591383e-01
2.635944880654535472e-01
2.526455007760628479e-01
2.650343252028572461e-01
3.155092736797056596e-01
3.234111456073669455e-01
4.911852418978715495e-01
3.551628727875886238e-01
3.322438928461392549e-01
2.620028114660475915e-01
2.538618894520959235e-01
3.422313627434992456e-01
3.231037307958478100e-01
2.424795354357334731e-01
2.763385123895297779e-01
2.714870949144261858e-01
2.948375897106276233e-01
2.856496721772055492e-01
3.271810950866119727e-01
2.777004133781058037e-01
2.779657680056334401e-01
2.901839744585874570e-01
2.774181207355062573e-01
2.444355714384311706e-01
3.316572391457817681e-01
2.983275970860891357e-01
2.381389142903510558e-01
2.649364521122179461e-01
2.535053953735539323e-01
3.184797997471049413e-01
2.607512567136274773e-01
3.385072741807264585e-01
3.003018531753377518e-01
2.614007602185677848e-01
4.577516045143901757e-01
3.028028541044918143e-01
3.237438344657746492e-01
3.730075212241940052e-01
3.579284725737562067e-01
3.215234820887556966e-01
2.469051731509986358e-01
3.085160406118349075e-01
2.443867755424217469e-01
4.731093213239039863e-01
2.487990634017299418e-01
3.340485489368920091e-01
3.669496799977040036e-01
4.387523237978400159e-01
3.183008933971291921e-01
2.427679155106437781e-01
2.948786057197914645e-01
3.113321364423558557e-01
3.014257807710594150e-01
3.233424980956389749e-01
2.500000569479918777e-01
2.829808736847649886e-01
2.835879488003585913e-01
3.280418090617354676e-01
2.782799697801333627e-01
3.689998631341091517e-01
2.632812504143170473e-01
2.650757522586325576e-01
2.787688795869622260e-01
3.086646756310801321e-01
3.240826326297443494e-01
2.878050558904752809e-01
3.042987766703468266e-01
2.897210130073287204e-01
2.479850880223331000e-01
2.694753903779250614e-01
2.868963890293308450e-01
2.986804541361245402e-01
3.034305371858741496e-01
2.861243757497500817e-01
3.318263771441883891e-01
3.396759308561997925e-01
3.040944056712902577e-01
2.976570881950976744e-01
3.426246252891927413e-01
2.968673041162113169e-01
3.005116067290539705e-01
2.692376447976340681e-01
3.225599687885291056e-01
2.956625301263588468e-01
4.319592130128500074e-01
3.245766238673568060e-01
2.672740635084140393e-01
3.145272445472550027e-01
2.703476101590763792e-01
2.622797007027080629e-01
2.980481755386187315e-01
2.836252922507134233e-01
2.579960958246295677e-01
2.991340005189395690e-01
3.316156328289683319e-01
3.440551413657589874e-01
3.341890634925816506e-01
2.786439921335175374e-01
2.999522198512991067e-01
3.658205871270621135e-01
3.342081848063273575e-01
3.450019947009254073e-01
2.537708945129965588e-01
4.459667689969374904e-01
2.828601495176379377e-01
4.667617507424496326e-01
2.728128367441555180e-01
3.343929750076421459e-01
3.161844448680813380e-01
3.532258826745535152e-01
4.052331764824911864e-01
2.928689211435573370e-01
2.647872327152487326e-01
2.977450452206691356e-01
2.446171044818946649e-01
3.058995695443116891e-01
3.237919755720355397e-01
3.569293366537508727e-01
3.125489441865770268e-01
3.225809137969768980e-01
3.323761274352521333e-01
4.424337974170036158e-01
3.507467972255597921e-01
2.803933554788161087e-01
2.544485658836712072e-01
2.682630597110055581e-01
3.119050137172295067e-01
3.327192988203369062e-01
2.633254625137821936e-01
2.560649815025767828e-01
3.070945667498954368e-01
3.187264979973052359e-01
2.846754413387660998e-01
3.217023656452505098e-01
2.849631696802896186e-01
2.905965589614833422e-01
3.525250048182816953e-01
3.067722306788676634e-01
2.905383521598456364e-01
4.339885203456066987e-01
3.330382924495219332e-01
2.537328712679894349e-01
3.176308148242096840e-01
3.441372149025894722e-01
2.594466469654532759e-01
2.545895410907089706e-01
2.755058517858804956e-01
2.766483224963369181e-01
3.130114191693506576e-01
3.049028827807079844e-01
3.286655500926697338e-01
3.181364392465779178e-01
2.665148967690879611e-01
2.954424426610428589e-01
2.709964727528318962e-01
3.355414758159215305e-01
2.740613802401816179e-01
3.569535156588442559e-01
3.221536397065317692e-01
4.117956469703451527e-01
3.508857215881209246e-01
3.343128699912233381e-01
2.985709761144857421e-01
2.551748574785441814e-01
2.488066390144170470e-01
2.833542405088369520e-01
2.524143148365752820e-01
3.216449965179982717e-01
2.815800018426006246e-01
2.913949228219194776e-01
2.645495904846228985e-01
2.485845647838208494e-01
3.098819816785680636e-01
2.506867225273612942e-01
2.784282350417791041e-01
3.423135871833892785e-01
4.415659757728729318e-01
2.530846590661000040e-01
2.812552049453107550e-01
4.079672414450105089e-01
2.549600223409445587e-01
3.762527241238396991e-01
2.582011196374315309e-01
3.051078777394960473e-01
2.698739788710925458e-01
2.926594016627422912e-01
3.386539904748523400e-01
3.315682108962784702e-01
4.712732522485803544e-01
3.837203304176156626e-01
2.526452895586882574e-01
2.897256416626262099e-01
5.097106765785999194e-01
2.666294498911857547e-01
2.542451694254960759e-01
4.579479667099156104e-01
2.793665790401692051e-01
2.457759291323803608e-01
2.920424285500256012e-01
2.496989986403443385e-01
3.001070623438777396e-01
2.523917873274827417e-01
3.326324293025230694e-01
3.709091281931874984e-01
2.442646889000950616e-01
2.400229979860760698e-01
4.990085601777939917e-01
2.650312242633473536e-01
4.321728005157309815e-01
2.667947830554108224e-01
3.762910080644106814e-01
2.810678537562252832e-01
2.559288212798805917e-01
2.918574192603344830e-01
2.782974175436239150e-01
3.543407836890613560e-01
2.843293848785702349e-01
3.578818016199891705e-01
2.968690388030740257e-01
2.825327412347438671e-01
2.926862395516476312e-01
2.885794601014799454e-01
2.589704777710314931e-01
4.526952146093178309e-01
2.377235575569528470e-01
3.053619741933329967e-01
3.139140282138819793e-01
2.822949608426597590e-01
2.511007258549148857e-01
3.107990403583052452e-01
3.202986152822140942e-01
2.529937222199962199e-01
3.746665254661007416e-01
2.628668172083492571e-01
2.513540830775460311e-01
4.739332278628336503e-01
3.596464075347337586e-01
4.335367190158022632e-01
3.274911925095074228e-01
2.791281880252763359e-01
2.808914947580175570e-01
2.606116388471160228e-01
2.510523055535627268e-01
4.338569243625480243e-01
2.665539017522446930e-01
3.127162715549923200e-01
2.704693758034881212e-01
2.620501725426395701e-01
2.680258975545350975e-01
3.369199225504621031e-01
3.489982135986758327e-01
2.955534435140450000e-01
2.941218624090594647e-01
2.524574969969430871e-01
2.684712602420155636e-01
2.866617833371490343e-01
2.856262350828054908e-01
2.598493761740670593e-01
2.798962797408283132e-01
3.469311654357671859e-01
2.964940095007301268e-01
3.619038481083293179e-01
2.774798568199824955e-01
2.434195243910017847e-01
3.461769725379586493e-01
4.747425226288944922e-01
3.150125120567409120e-01
3.931998461228060626e-01
2.866833425099697408e-01
4.584943240914716167e-01
3.177846600984354786e-01
2.900205557114154953e-01
2.830572816852695017e-01
3.602136424421833460e-01
2.539014730962367294e-01
2.831867033122581478e-01
2.976022521637765039e-01
2.712295684021543973e-01
3.016475082837051236e-01
4.510610402169780153e-01
2.826239473225294341e-01
3.093658466098066495e-01
2.554647401663946438e-01
3.024673753248855457e-01
2.510001673379848586e-01
2.643968098072901896e-01
3.361533240260006772e-01
3.272890911455638152e-01
2.470058368860754971e-01
3.323070917082219244e-01
3.079312038678229668e-01
2.544699569492495095e-01
4.750840593421269964e-01
4.655976111584817501e-01
2.739449595828457040e-01
2.924274099791642767e-01
2.894517608694760491e-01
2.973412261302016968e-01
2.887316830374850873e-01
3.135100456207006170e-01
3.227966460097598245e-01
2.422561033129535246e-01
2.407940295933684860e-01
2.971350893163336448e-01
2.440475463915580401e-01
3.355304379385705138e-01
2.521413725852872934e-01
3.169202299300749037e-01
3.398320746613542331e-01
4.699337675465490860e-01
3.585633287283974124e-01
2.825979611987436968e-01
3.586374329280961337e-01
3.396785155785200239e-01
2.930200630352189362e-01
3.040330055271858734e-01
2.685080070466099866e-01
3.417077298460639012e-01
2.341768913633337224e-01
2.788647375801241446e-01
2.414696080857300364e-01
3.318996239517228442e-01
2.498250784300575789e-01
3.389674308577904638e-01
3.217577148418163668e-01
2.861981533664185173e-01
2.924693487744928211e-01
2.580745158931699312e-01
2.457198705318563436e-01
3.161987171307857336e-01
2.749416648595948143e-01
2.373513134888218523e-01
2.683739076714993788e-01
2.719428560142225226e-01
2.589698594286367062e-01
2.572249214657383320e-01
3.206270716507037544e-01
2.902470893304250343e-01
2.702386997226492449e-01
2.691462865643303726e-01
2.749218253904214815e-01
2.383661027548930611e-01
2.881694896824248953e-01
3.358187481821375275e-01
3.138197793474781783e-01
3.553066208145131410e-01
3.218666692700343779e-01
3.163919344627875163e-01
3.223406907005119670e-01
2.844767674070141639e-01
3.210611476435344391e-01
2.521870720408412314e-01
2.654326237090738339e-01
2.706515390944103094e-01
2.404398545511758356e-01
2.805528560495346713e-01
3.331975611996281228e-01
3.665585663492947899e-01
2.482878729075979618e-01
3.917503703974363760e-01
3.478507559094117796e-01
3.185487847213001045e-01
3.068079406888138960e-01
2.740905616794870880e-01
3.855094462647593034e-01
2.898298060774913698e-01
2.748011500917651451e-01
2.510408167120002365e-01
3.253486288837068585e-01
3.426523101906569502e-01
2.864507410610279692e-01
4.435662150081910449e-01
2.469533169782101578e-01
3.195915723434363254e-01
2.701944468327916460e-01
3.182992062453706139e-01
2.899275132181792225e-01
3.112706394628707574e-01
2.376213941063073654e-01
2.781411371389129750e-01
2.863916565125325664e-01
2.852012541782281696e-01
4.529045634334797343e-01
2.387802307617192810e-01
2.524207541524200460e-01
2.920884065414631747e-01
2.474875946719460318e-01
3.082903446855935758e-01
3.206504657404054548e-01
3.340417686881744230e-01
2.768243580216263600e-01
2.545953959272237443e-01
2.526271066415395339e-01
3.347000861011289463e-01
2.644795625195643929e-01
2.804096665000013755e-01
3.271619253334212551e-01
4.119598316989487308e-01
4.714995155405015681e-01
2.539278699177018317e-01
2.340315334731807584e-01
3.039316123584831497e-01
2.788161324050678069e-01
3.367002172153818473e-01
2.802151400977204165e-01
2.370652372156795140e-01
3.373521330337926893e-01
2.815400179875611197e-01
2.705809958712516727e-01
2.942428468840619926e-01
2.603503942242508806e-01
3.200882397239748212e-01
2.502527934190527104e-01
2.576696155604324412e-01
2.596775426698677003e-01
3.526425135723403326e-01
3.835188856543048086e-01
2.563680113055378795e-01
4.690897396156388233e-01
2.923609022655894174e-01
3.320725240136293555e-01
3.328168559367273294e-01
2.982602782000852715e-01
2.549284169852725213e-01
3.972676607983496311e-01
2.580970958825943851e-01
3.390549188950412463e-01
2.334574421993287907e-01
2.414771731872800142e-01
2.444977715633992466e-01
3.795632231933545597e-01
2.768303580503455597e-01
2.475741481950866907e-01
2.744993291259966717e-01
2.903883878734880852e-01
3.047573930076971083e-01
2.495470469120268653e-01
2.919047529288876786e-01
2.848098049444747204e-01
2.914776933421438510e-01
2.889435899954274078e-01
3.067169795245206498e-01
3.724997530604526874e-01
3.500256401942521967e-01
4.524252052037739391e-01
2.865802942933480812e-01
2.425278016494891165e-01
3.135871042869544101e-01
3.510946112549187537e-01
2.919284908733513761e-01
2.739549102246677803e-01
2.486233331343311870e-01
3.914353967240271071e-01
5.066361593786179451e-01
2.749625173516395127e-01
2.671143271242044093e-01
2.914971085417875085e-01
3.037529271426791522e-01
2.523953852575381851e-01
2.856417793891195545e-01
2.769409136034091667e-01
2.632325888041510131e-01
3.471694562773028347e-01
4.235955495576975705e-01
2.565976729248990451e-01
2.331190155064526703e-01
3.377168425252712325e-01
2.927808203215173100e-01
4.648674022070477529e-01
2.860525339452579252e-01
3.263929564836154928e-01
2.913167068544353921e-01
2.727586015131258090e-01
2.880236559506073601e-01
2.662609020099381829e-01
3.542667895446445780e-01
2.916787714655739716e-01
2.411281056257792987e-01
2.957952256392189505e-01
3.511925598046403141e-01
3.111297415923225396e-01
2.604276599360895172e-01
2.696869537718796783e-01
3.649357382753226076e-01
3.018095616247615243e-01
3.060066911215942875e-01
3.235448997618301514e-01
3.366076808706263135e-01
3.081321474365959490e-01
3.116153294101707827e-01
3.138168759592801504e-01
3.921653277984972208e-01
2.634142770543414502e-01
2.458839117941848396e-01
2.505397793480649837e-01
2.678179195125959255e-01
4.091694836508149025e-01
2.430204706130748293e-01
3.343320685180932728e-01
3.259025715349385677e-01
3.166348784077597234e-01
2.998172046524869572e-01
2.472333578753939942e-01
2.989683166910933054e-01
2.524527375631964166e-01
2.330757831596118046e-01
2.625344938119453242e-01
4.862869371337890101e-01
2.560042802397562989e-01
2.417610669214507180e-01
3.097646539319205972e-01
3.258955794564067365e-01
3.205710966816036067e-01
3.404754037478411877e-01
5.028111523256484361e-01
2.423656332058762852e-01
2.694360846583164770e-01
2.393301365134773984e-01
2.736440156895966758e-01
2.603026692128326824e-01
3.948290211756335655e-01
3.088601436949623968e-01
2.431615724996696037e-01
2.441467500309352778e-01
2.487827120745078058e-01
4.687404172575812544e-01
3.230192103365240319e-01
2.740129426899483023e-01
2.974737834865370245e-01
2.588826223425836903e-01
3.086466306729568898e-01
2.842076456209982616e-01
2.701709147265302091e-01
2.865194524494221184e-01
2.751071989353944813e-01
2.630621317546414928e-01
3.054915962708953936e-01
3.328624223819361960e-01
4.679377412704628370e-01
2.838057022994266987e-01
4.186149561699196164e-01
2.345700687982594235e-01
3.001816848757322687e-01
2.578655365221939610e-01
2.837382841126429023e-01
3.760418063509325948e-01
3.439188856752525281e-01
2.493595825647952069e-01
2.329254983736911422e-01
3.073808714391582098e-01
2.730616272400668842e-01
2.614346141606467833e-01
3.373897689208412709e-01
2.413487858769272631e-01
2.501062288568289271e-01
2.660939478458557161e-01
2.716746341861194236e-01
2.419548553401439928e-01
3.507788324130265978e-01
2.698662543035104111e-01
3.381527506037111386e-01
2.976800036639415392e-01
2.329456092965485337e-01
3.153131047594678327e-01
3.677448330936129994e-01
2.693954011932449544e-01
4.529584122861693429e-01
2.724384356116871242e-01
2.611510725649885400e-01
3.403418853775218578e-01
2.647937106737447976e-01
3.374633440756731884e-01
2.475896106039649214e-01
2.913907435801094126e-01
2.703984776015623814e-01
3.576082717791556065e-01
2.539819372514972029e-01
2.964441405308628763e-01
2.486791115365622196e-01
2.985842961772235959e-01
2.563043501879770925e-01
3.316947593228335434e-01
2.962290646441009256e-01
2.800005149488543621e-01
2.473571742724493538e-01
2.453189590601182191e-01
3.332761075850769195e-01
3.198216472300905999e-01
3.842996670303409634e-01
2.676712498726196987e-01
3.464762471341100158e-01
2.407901005569260122e-01
2.493467996765841299e-01
3.729447538640448534e-01
2.365130874497517188e-01
3.198522996320578571e-01
2.366958206414762622e-01
3.128945498659052582e-01
4.120610112254422530e-01
3.459662129835210931e-01
2.743338727223043061e-01
2.830504171960478432e-01
3.444743342067788094e-01
3.349549751967907940e-01
2.714885124358906165e-01
2.453866122276354422e-01
2.486461812367927182e-01
3.267547957348630461e-01
3.368557188107646483e-01
2.621402245837347045e-01
3.897132809417990229e-01
2.861347804774473369e-01
3.179787998326861209e-01
2.532398333719324546e-01
4.688825273460185405e-01
2.772460650990652420e-01
4.866984917235582242e-01
2.582506048116290920e-01
2.677720534349147252e-01
3.403235712363653076e-01
3.490154218251477758e-01
2.681100857368282075e-01
2.951710370844511377e-01
2.999020697921251921e-01
2.331516508078420036e-01
2.436886203846193311e-01
2.834561615636744802e-01
3.018448082117840547e-01
3.513141787622832690e-01
3.149909731897324594e-01
2.508671777195752850e-01
2.708776411672864648e-01
2.983246211183578911e-01
2.868640796187411079e-01
3.703297088809619497e-01
2.750145539588436105e-01
2.841428700166767074e-01
3.383791233643230756e-01
2.693559165383920262e-01
3.648940221110994475e-01
2.863953274072342237e-01
2.607491921439167304e-01
4.536259778284343902e-01
4.985558714843840722e-01
2.844650384981791680e-01
2.486577095674382953e-01
2.418081678449602312e-01
3.053801283288321566e-01
3.397496495778403180e-01
3.218977290254248502e-01
2.453676790672080221e-01
3.196828373436503834e-01
2.760033706981661061e-01
2.894869408997681748e-01
3.765816823919968526e-01
2.892069723411269111e-01
2.731253995883060059e-01
2.929804341438352333e-01
3.093357394929671100e-01
2.790517871627992696e-01
3.014457445401936830e-01
2.915256162372000803e-01
4.593678719646480668e-01
3.204587051765050987e-01
2.415742055331740190e-01
2.755080453185411726e-01
4.726505269344383198e-01
2.875607817705494451e-01
3.410866953376069377e-01
2.365208955871009322e-01
2.421174737774174635e-01
2.987078371331379212e-01
2.749853277473396362e-01
2.900556039175432033e-01
2.481504797626167824e-01
2.738952233475620002e-01
4.786393773753871428e-01
4.141092136041674698e-01
4.072951661424034087e-01
3.493387630810955713e-01
4.662453858284503205e-01
2.901230943346195801e-01
2.625509338300663353e-01
2.849404679843877131e-01
4.719054253115597675e-01
2.572555004494292974e-01
2.733599759796133677e-01
3.824243348225794259e-01
2.917587040811385757e-01
2.446358635931673298e-01
2.601150935495299965e-01
2.890645849632804132e-01
2.558507918488288069e-01
3.075096634053750555e-01
3.373652176387291757e-01
2.919592953414302250e-01
2.888018702591607090e-01
3.462932840417199953e-01
3.095647611717164960e-01
4.791949478645693983e-01
2.572400260601504507e-01
2.881893922700335953e-01
2.669268920667350331e-01
2.783570882732639973e-01
2.550728160556324786e-01
4.570576934660267598e-01
2.466215181446782811e-01
2.853451700740384789e-01
2.653114311099064593e-01
2.831029544805098719e-01
3.442602172436340369e-01
4.695136191599200148e-01
3.349197569904985294e-01
2.497884207140542712e-01
4.146331317950814332e-01
3.036689643379850145e-01
3.176598493188199646e-01
2.359726050795736552e-01
3.342767079182726864e-01
4.941584707636732521e-01
2.524716629764225395e-01
2.742604663628478434e-01
3.333565361210457656e-01
2.825986393280472408e-01
3.010160642898422889e-01
2.446930096352178674e-01
2.902565950802477035e-01
2.577385242465636273e-01
2.336190166099087751e-01
3.159038422012725444e-01
4.124786926935740117e-01
4.329962592703802127e-01
3.369940302597050352e-01
2.824027938233580337e-01
2.543496828401960452e-01
2.659039425070507945e-01
2.849465962501768201e-01
2.803222677501903681e-01
3.343523692748311404e-01
3.383594358653916889e-01
2.413871026916314944e-01
3.180347932857834348e-01
2.864341561384963208e-01
2.478587473232649885e-01
2.724942227565499420e-01
2.850564144332260463e-01
2.777171141618759442e-01
4.616733549306979434e-01
4.456115611581911717e-01
2.348335008643963051e-01
4.323926001211284009e-01
3.359145077364765197e-01
2.493783032173261804e-01
2.630301293850935140e-01
2.771658323776984290e-01
2.749771455657033514e-01
3.137488323648757738e-01
3.408286333274964108e-01
2.612901021508890476e-01
2.887792204051215506e-01
2.812243530665056168e-01
2.317170562517262000e-01
4.556504683347594176e-01
2.558772657446845566e-01
3.239031055664216008e-01
4.706321839863254475e-01
2.367235548099599629e-01
2.525763986547077122e-01
4.645771301157706201e-01
3.154398246809742568e-01
2.515585216041718586e-01
3.238086010505848988e-01
2.512473712880122223e-01
2.318158040060881719e-01
2.896196068991888084e-01
4.612593243398054321e-01
2.494374736325563335e-01
4.160465321021550866e-01
2.470762880136214423e-01
3.006334276460600474e-01
3.058792873957206226e-01
3.268944214553201055e-01
2.380917827437479817e-01
3.187325778378005681e-01
2.876257319201890872e-01
4.519195606376569252e-01
3.593388636955363591e-01
2.854733204564905424e-01
3.435881787620528316e-01
2.355019395142925465e-01
2.973205709458778268e-01
2.979029933912454853e-01
2.320379744976514003e-01
3.876954231318521238e-01
2.411143207049078752e-01
3.095615732044914026e-01
2.749749178003667027e-01
4.546563848854349166e-01
3.448384349720291508e-01
2.413937105752086976e-01
3.110836341352336554e-01
2.908780445558283856e-01
2.378017868944412028e-01
3.222930831821794184e-01
2.586261938765280211e-01
2.876327974149771594e-01
3.600522219834446647e-01
2.538377720497120849e-01
4.121115914331365815e-01
2.916235081729088296e-01
2.354107028367433962e-01
4.624671985671996999e-01
2.658501785124474659e-01
3.848095863221906998e-01
2.339317115667249314e-01
3.057090276444611177e-01
2.379021814028184634e-01
2.730241401193242989e-01
3.747152528273570704e-01
2.734027724977868279e-01
3.313534893844904405e-01
3.090909834568890679e-01
3.442940439121113805e-01
2.746983378836162504e-01
3.201694555777286344e-01
3.312730649168119657e-01
2.740644138823703502e-01
2.407687278649492946e-01
3.224753560384750473e-01
2.477706784066774082e-01
2.670750265861612793e-01
2.508045434262357043e-01
2.492401199169030634e-01
4.722384068394417378e-01
3.325996798321219639e-01
2.881716029432665471e-01
3.247344821699667539e-01
2.371169496128534560e-01
2.467745125185091259e-01
2.861918888463214627e-01
2.482187263587797843e-01
2.472151770449531605e-01
2.970599620147593156e-01
2.935335197031284649e-01
3.220506601038366501e-01
2.553385620184975280e-01
2.626545823803961288e-01
2.745842248878881953e-01
2.823766627861801215e-01
3.359747815735767418e-01
2.888655581612419865e-01
3.405290267841465934e-01
2.376921300114316626e-01
3.543355772336647669e-01
2.854839619191583133e-01
3.822654286415149150e-01
2.911745994697554907e-01
2.886283890214187964e-01
3.251626974441509388e-01
5.095364008222570407e-01
2.975835312886380146e-01
2.415940018247753895e-01
2.689023975003253519e-01
2.884540025785077288e-01
3.149439671667591534e-01
2.353154641292491689e-01
3.364227152583329494e-01
2.562926133343497725e-01
3.902942251862284162e-01
2.907590636583349819e-01
2.826998585642441220e-01
2.898427800959085809e-01
3.322622149061956187e-01
2.536973258353552030e-01
2.588844980849639987e-01
3.078134156799744447e-01
3.645596708278994735e-01
2.441477142298904834e-01
2.555299400340776961e-01
4.226752090732147082e-01
3.640341905677032530e-01
2.647647615318186043e-01
2.535364936218354459e-01
2.669644901818190585e-01
3.347220705356067083e-01
2.860734278451610435e-01
3.324336293713247570e-01
2.918205610443874720e-01
3.204271569441202727e-01
2.872136665608419070e-01
2.466701307160893419e-01
3.274128654322826515e-01
3.426120892664093476e-01
3.190446262778316444e-01
3.401019930467897301e-01
3.624471594312453360e-01
2.860503853895249859e-01
3.100925488616415593e-01
2.475127771913717967e-01
2.324611347347166901e-01
3.180521128995471569e-01
3.070767782022683634e-01
3.203266720850959648e-01
2.820534806215373447e-01
2.640566521625869467e-01
3.018383152484723220e-01
4.265681537904666421e-01
2.573926456004250740e-01
4.517170544836612844e-01
3.097472703173219655e-01
2.478834883913720866e-01
3.072631974152644219e-01
4.798860085612878246e-01
2.353113697904467283e-01
2.716084703711281745e-01
2.651715689148633204e-01
4.743297310414018586e-01
2.625772068090464484e-01
4.512191554187662823e-01
4.647277199775848855e-01
3.310575891680346827e-01
2.986242223269414131e-01
2.820207523385243609e-01
2.944128529336729749e-01
3.147460967939574306e-01
3.228477340495511383e-01
2.935797172694625812e-01
4.212179684442773908e-01
3.175103409315551128e-01
2.892760119147107511e-01
4.273635930530979565e-01
3.425538200141190481e-01
3.575066950254551790e-01
4.769138352873793507e-01
2.470560961564669533e-01
4.593474671177814050e-01
4.113890298358172659e-01
2.498989741151226018e-01
3.081296448748104266e-01
2.751181101730598710e-01
3.122305000215039317e-01
2.350583201766689723e-01
2.851770954303078920e-01
2.419869758044645991e-01
4.231263976642699043e-01
2.450375058667200734e-01
3.816677190642456252e-01
2.798339183349584092e-01
3.883154806783629120e-01
2.467634658947232273e-01
2.885409864489572596e-01
2.751038431220053648e-01
3.484662304363961294e-01
3.086535531008093858e-01
2.964493744107129514e-01
4.169447136902008078e-01
2.480302200984814132e-01
2.384478251159365680e-01
2.421849320239383430e-01
2.972446586043995254e-01
3.204351164411117781e-01
2.510170107196166844e-01
2.673420640293259765e-01
2.732294997269481551e-01
2.593246456141685141e-01
3.250642446378057548e-01
2.474845776705961176e-01
2.735583189699817286e-01
2.538212826381611165e-01
3.067243726719861563e-01
2.916698520810882544e-01
2.789090825648842253e-01
2.683011533086775979e-01
2.531958075506481332e-01
2.643054588252627402e-01
4.653174860911744593e-01
3.603417173659920758e-01
3.312987553509079697e-01
2.395269656431798788e-01
2.534468237788818357e-01
2.484358773101451590e-01
3.343189198984249932e-01
2.758557313178050530e-01
2.816783138894253802e-01
3.973260143610731765e-01
3.070221298219868444e-01
2.883108799267222744e-01
3.346673927676337423e-01
2.328096711061430624e-01
2.960807139884759631e-01
2.703102990845685505e-01
2.918621230371516995e-01
3.101648309492520683e-01
3.183694674589689910e-01
3.607264192312032436e-01
2.959627719301418103e-01
2.729755738380827967e-01
2.708199156458326873e-01
2.861665204083754244e-01
2.826422922426007345e-01
2.998794590191591336e-01
2.901766251496413207e-01
2.847576960527493095e-01
3.318513864712856476e-01
3.636712093015942449e-01
3.665360483521362123e-01
3.397114482225842558e-01
2.425708614499606786e-01
3.894300692225850513e-01
3.529244871480434753e-01
2.513201774523294851e-01
2.644565300671695707e-01
2.488388990073979734e-01
2.574591538216700060e-01
4.799683466920224295e-01
2.802807568789599801e-01
3.486506058378071038e-01
3.706222432244173359e-01
3.314820328062997312e-01
3.212006515871988488e-01
2.783915021250691346e-01
3.732925047277135255e-01
2.719785586112061782e-01
2.527115515074413454e-01
3.350759047777965849e-01
2.752555644652304179e-01
4.485597414683538120e-01
2.994010082439803044e-01
2.962179530607720324e-01
3.078000893274118743e-01
2.901865630814032260e-01
3.228987771517642380e-01
2.354877113089270946e-01
3.967571642757276029e-01
2.776120937364924823e-01
2.965724048641533162e-01
2.506524820556529920e-01
2.774945591206166573e-01
2.748078480410091617e-01
2.780162969808133711e-01
2.657729704923235681e-01
3.308672249698307866e-01
2.571488725468885628e-01
3.587793595477719033e-01
3.910311127671410314e-01
3.631476109532263963e-01
2.514368351915484689e-01
4.605590806951918581e-01
2.683328950878373642e-01
3.314802891762738679e-01
2.806721922698927063e-01
2.746863074592754139e-01
3.164627763575305619e-01
3.352612368360352590e-01
3.200814379179073299e-01
2.613269979675960086e-01
2.843053145565628270e-01
2.903585088129135294e-01
2.474355905465484562e-01
2.774445285637719971e-01
2.656417630031736588e-01
3.081750109747541377e-01
2.866181426649502817e-01
2.679738939371997253e-01
3.098063251169469456e-01
2.504639531007472053e-01
2.811652894208690467e-01
2.552561344342199612e-01
2.481943458370339528e-01
2.921239745989582248e-01
3.343733682881173119e-01
3.219485316511088713e-01
2.852240822764204875e-01
4.509536343520263446e-01
2.647502984347956945e-01
2.327384467501775744e-01
2.326290752281222063e-01
2.537817458848525831e-01
2.539647090515601557e-01
2.800488099784469442e-01
2.515081971822061280e-01
2.723415885706672035e-01
2.900501894304554074e-01
2.505242827698057617e-01
2.442521617640109333e-01
3.201157688695675518e-01
3.228865121082439282e-01
3.067521072493846757e-01
2.470434181701452181e-01
3.028674797233527061e-01
2.709546201702950907e-01
2.717212957080970548e-01
3.472749490558268426e-01
3.143175468743194534e-01
2.704799637960063063e-01
3.570962323094603597e-01
3.332739615052326965e-01
3.177901283487770678e-01
3.005566622877285377e-01
3.373410623358791827e-01
2.835531176265077002e-01
2.949255586210455804e-01
2.537986840766702779e-01
2.808553460529875090e-01
2.617587738431137456e-01
3.537780463107146334e-01
3.449391997049270353e-01
2.943870565438082565e-01
2.535714048511277241e-01
2.545056862495602701e-01
2.487053315055535174e-01
2.969703479852071615e-01
2.916504032027994464e-01
4.236302146421285775e-01
3.645125265026154526e-01
2.974096899893907686e-01
3.107082259472735419e-01
3.567010378071134857e-01
2.695657338182576024e-01
2.358498314226200321e-01
2.895206642349338888e-01
2.710326199117613633e-01
2.399068750757761548e-01
3.159066670619176675e-01
2.679792674267365560e-01
2.700255891498669070e-01
2.683922568285974641e-01
2.832001703563029049e-01
3.186377289065689955e-01
3.120482042923584109e-01
2.469383747514007355e-01
3.598573563216795890e-01
2.771695785376958043e-01
2.906991827597541489e-01
2.514289754772101593e-01
2.558440888528925039e-01
2.794737968595296107e-01
3.046234137424064792e-01
3.390165940494017094e-01
2.755271697128065522e-01
3.686696026113367997e-01
2.879556464315565778e-01
3.465184048813412798e-01
2.897792595580079844e-01
2.870820965270718950e-01
3.177395511124411764e-01
2.676586724745944612e-01
2.977965085415560931e-01
2.948543264217957094e-01
2.491368809669070594e-01
4.280060482825228663e-01
3.210139736551221312e-01
2.912407375862956505e-01
3.197985490782545570e-01
4.663410754503540256e-01
4.585789900398252739e-01
2.468528583019519163e-01
2.948054585257158244e-01
4.432354625122573166e-01
2.401701239003810329e-01
3.316832818823104434e-01
2.643831568071989824e-01
2.740257600432077778e-01
2.769395156960983706e-01
2.808827252866638591e-01
3.238453829763215941e-01
3.472408115640331361e-01
2.741081827065238730e-01
3.079699085777802825e-01
2.828896044326740800e-01
2.351446734696023833e-01
2.563247985908106985e-01
3.874151995309135788e-01
3.530223418658154921e-01
3.443007262419496284e-01
3.426058444954190874e-01
2.594043007139320012e-01
4.075026465952776844e-01
2.344890673896569133e-01
4.697250767751230405e-01
3.405200635798219522e-01
2.488493895189076988e-01
2.334764264359389663e-01
3.256057839908530482e-01
2.996213168610726840e-01
2.512862564961688694e-01
2.734871540347060814e-01
3.010489581479749988e-01
3.008382971950489537e-01
2.713739208805436287e-01
3.229862178476846646e-01
2.364059093064833916e-01
3.248795070946584040e-01
2.640666810588464530e-01
2.887202510368280239e-01
3.196203028281228153e-01
2.668042658150566737e-01
2.774447908103082061e-01
2.463500606725179676e-01
2.571533538486923676e-01
2.539063887354868210e-01
2.358896700752566578e-01
3.197945862748490797e-01
2.991072296666205665e-01
3.235961635418328486e-01
2.458107280862643074e-01
3.087713537251630669e-01
2.840516804969432929e-01
2.679597898468217831e-01
2.874834110366455420e-01
2.855151974864753028e-01
3.486801665970601927e-01
3.732672357353403192e-01
2.707928149096570092e-01
2.870654597648250594e-01
3.269489315147572905e-01
3.359194247738407912e-01
2.371560214269492761e-01
2.494150878365265778e-01
3.103382686815654434e-01
2.654690624053321346e-01
2.897823014241170947e-01
2.475468292632801715e-01
2.799182830227280872e-01
2.774303161993929012e-01
2.782099939515311204e-01
3.407842351099300005e-01
2.455206000544798983e-01
2.851427672518207501e-01
2.492680523469804066e-01
3.214715996089310135e-01
2.996037942938399867e-01
2.943556355682010461e-01
2.806069084101371902e-01
3.416091450851811429e-01
2.453210703208628385e-01
4.152374895103664865e-01
5.018906363544848315e-01
2.918236388581712526e-01
2.849768534720427682e-01
2.860606537685158601e-01
4.677885128923935931e-01
2.827360737473588737e-01
2.527164715915877768e-01
2.663860683759009529e-01
2.450588051695060665e-01
2.721249177079982928e-01
3.252638374864764148e-01
3.244541895962021472e-01
2.406652192475779162e-01
4.834452098154486399e-01
2.409672414434693710e-01
2.787526850959492486e-01
2.934671800037458311e-01
2.648816945762086927e-01
2.435466931595759166e-01
3.190940578356261659e-01
2.428786105513985327e-01
3.253910330167413267e-01
2.901171602898347524e-01
2.418685295435024085e-01
2.555878411064934075e-01
2.616356719671358300e-01
3.404496811872901318e-01
2.703499098820000279e-01
2.860968106824763324e-01
3.238563516951865617e-01
2.335054400036819799e-01
3.194045012411247941e-01
3.587858447872321888e-01
2.675813260985095976e-01
2.959369565986125217e-01
3.996009579267214007e-01
2.678142986165242823e-01
3.373916144881771717e-01
4.061595510827156197e-01
3.536282301511143311e-01
2.329463035391788894e-01
2.591644084396563796e-01
2.884952515576349463e-01
3.316888593704047095e-01
3.984637353775481450e-01
2.735599799032572554e-01
2.756762978191908409e-01
2.510550618602611639e-01
2.544457305313604922e-01
3.711333795113872513e-01
3.196190746231031832e-01
2.361924391594242278e-01
2.809256200686938709e-01
3.510344088546221153e-01
3.333653119553582900e-01
2.795982508893559149e-01
4.230665313047718978e-01
3.039463111889951774e-01
2.518892166097313479e-01
2.804456353156644655e-01
3.397369873096660609e-01
3.021523633226904093e-01
4.620228533062194498e-01
3.216025446503368856e-01
3.066189937074321747e-01
2.851985237880519941e-01
2.645456869796367072e-01
4.696432238124370606e-01
3.467034335340879458e-01
2.842509500044147486e-01
2.843789450593898760e-01
3.534486280558146176e-01
2.744896134849708069e-01
3.528835677774939117e-01
2.468623228307383344e-01
3.027325982164116858e-01
3.072771761015062886e-01
2.845799072527763207e-01
2.533612647169687371e-01
2.793332318291080196e-01
2.795209294654200094e-01
3.407196103342866045e-01
2.412857697401169510e-01
3.286509065561477594e-01
2.380935514298496147e-01
2.938373928413083314e-01
2.639645512552111772e-01
3.524959715645915037e-01
2.782256577279116350e-01
2.317676895025242156e-01
2.711836290572573471e-01
2.879105430519813269e-01
3.345874574366892729e-01
3.400493399514179504e-01
2.690932675515849692e-01
2.482364126942417926e-01
2.609245042354279009e-01
3.446989660808826295e-01
2.545839270814290178e-01
2.544505178625016129e-01
2.366793553232119096e-01
2.962187909298998334e-01
2.350348230507400826e-01
3.014152652387547815e-01
2.327047909485959465e-01
3.218330513235030943e-01
3.356239096065382621e-01
2.910841671315181900e-01
3.139024963032625015e-01
2.486655725119049365e-01
2.923362013924614144e-01
2.992596132097850581e-01
2.594182073489360585e-01
2.560928591747718697e-01
3.085814600099827110e-01
2.612946257933928540e-01
3.244519008525840742e-01
2.626130821486366562e-01
2.881581511565332043e-01
3.303820343000220539e-01
3.095402117096685002e-01
3.134557358970213592e-01
2.964032964717050467e-01
3.282169637863334155e-01
3.892468816555856304e-01
3.206135239641738632e-01
2.622020158503178822e-01
3.109918086555539252e-01
3.065445692140507661e-01
2.347479755199601836e-01
2.630637682649525910e-01
2.540040341994297401e-01
2.847324302935939078e-01
3.319898918815376021e-01
2.524294155333133838e-01
3.191745070883811319e-01
2.479245166638901765e-01
2.883845190141541837e-01
3.309840842991586540e-01
3.338797875832367201e-01
3.790854544441234486e-01
2.971810882269443899e-01
4.891956611592279125e-01
2.503502657528025033e-01
2.820437004539202985e-01
2.349517235247466640e-01
2.924076204444693294e-01
3.433173624071129693e-01
4.263571913070585140e-01
2.511917739540198702e-01
2.751028824487692370e-01
2.711407001223233859e-01
3.390365671820069760e-01
4.509312149544602577e-01
3.534260432695777721e-01
2.706175732086986141e-01
2.727165801944634871e-01
2.503292296396692485e-01
2.733137095443240461e-01
2.345539002613908353e-01
3.633923440966638219e-01
2.995858109977499462e-01
3.253934667845195805e-01
2.337662926576808964e-01
2.349248914352579654e-01
2.531765153033376237e-01
3.084586326718408711e-01
2.756871953010333609e-01
3.974124107707961984e-01
2.498789472849510807e-01
2.738561575158111050e-01
2.340912072025161383e-01
2.823617167418460139e-01
3.376625850865773160e-01
2.923289312062707923e-01
2.866432057419265322e-01
2.323442858866774929e-01
2.418897170166886268e-01
2.432470431218615725e-01
2.796195777111452618e-01
2.564037568469402228e-01
3.341383217153516272e-01
3.346744899903406623e-01
3.127594586209697658e-01
3.583950987484865736e-01
3.768567744469745739e-01
3.377784690853091187e-01
3.150394335846887217e-01
2.930776950302537709e-01
2.976467991781983069e-01
3.107379383208334067e-01
2.829095240041102355e-01
2.373435034846685943e-01
3.333674867468831016e-01
2.617873473642086668e-01
3.451720860273506108e-01
2.701588408074299119e-01
2.778782452579046658e-01
3.407979980906359896e-01
4.548863316378694011e-01
3.967104922990385418e-01
2.919032292948195439e-01
2.324953757557199907e-01
3.361477465674299059e-01
2.681591603307474370e-01
3.440590795377838629e-01
2.962368582260170857e-01
2.755982170085686800e-01
2.642261990591779353e-01
3.798013695193512285e-01
2.877215070700328559e-01
2.529815195168922948e-01
2.897059701013686706e-01
3.343559657015087172e-01
2.592218607941367270e-01
3.328803311276938848e-01
3.627437546332225593e-01
2.883578574549681695e-01
2.700289276929877524e-01
3.025223804291871099e-01
3.987718253664033763e-01
3.724782186489588032e-01
2.799289795904699729e-01
3.140276737467481150e-01
4.193052022991692884e-01
2.767665873468191373e-01
3.858274142788423733e-01
3.176798551005097226e-01
3.673254859093163516e-01
3.260631925843768264e-01
3.547894726183930536e-01
2.852863354926056250e-01
3.698478000413562006e-01
3.175457813056563605e-01
2.605269154462942494e-01
2.650599763230807593e-01
2.816559763841758324e-01
2.952782221541375152e-01
2.426954439255404328e-01
2.553626665410572705e-01
2.699258213585551403e-01
3.169281588059972843e-01
3.330103084846287587e-01
3.269703590299737894e-01
2.366011633317061935e-01
2.883887379428357045e-01
2.322990328148656913e-01
2.841410207388659348e-01
2.949550864802654160e-01
2.629150622951057503e-01
2.902715270070677644e-01
3.560729913047140927e-01
2.577623510196526690e-01
4.614573108558445158e-01
4.873095976853285549e-01
3.510119130801075960e-01
2.391969541441657798e-01
4.193287333335083411e-01
4.377286419083188940e-01
3.153698470301041223e-01
3.160931140573336462e-01
2.491237571705347820e-01
2.538868624383543993e-01
4.280786695409742881e-01
3.255252570674414536e-01
2.902311311736079369e-01
2.369563347273533349e-01
3.597514559220326702e-01
3.410375242459922629e-01
3.635184385125900808e-01
3.198231265241054944e-01
3.144845319671497053e-01
2.566887035256307237e-01
3.644153577815470446e-01
4.295638178767978155e-01
2.881382674912025821e-01
3.277429298951570202e-01
2.582077178641739024e-01
3.203652759029966268e-01
4.553606136326986964e-01
2.691593538622925053e-01
3.149893919460484693e-01
2.909597019854022748e-01
3.325381039168544550e-01
3.239712908368096445e-01
2.447620681631609285e-01
4.112547135829869305e-01
3.632721874487401248e-01
2.367935033496265940e-01
2.846230166511780624e-01
2.634644451874175730e-01
2.358347283302318076e-01
2.437718385139561461e-01
3.656078554358124233e-01
2.856879658799768018e-01
3.275347064780709805e-01
2.671690209658113546e-01
2.638480064766067223e-01
2.530573121032522188e-01
2.381770168980189839e-01
3.768956907871076623e-01
3.756774560408621677e-01
2.738975408463152905e-01
3.617738776707339343e-01
2.802120357819976038e-01
3.641727508714842632e-01
3.142229114609234597e-01
2.536807286906798131e-01
2.936429901128535525e-01
2.488868200964520216e-01
2.904386907198817647e-01
3.638283272552252368e-01
3.087778066942951649e-01
3.662336277455354727e-01
3.098449868719823641e-01
3.331619916743717158e-01
2.312719164671114547e-01
3.926664788742790235e-01
3.376388679130892800e-01
4.160114797325747960e-01
3.204854053693069194e-01
2.873342586457043879e-01
2.482743500178591356e-01
3.086771827627051157e-01
3.105796958845539191e-01
4.637177092443687809e-01
2.983208307644929502e-01
3.204253816628637730e-01
2.822514847973788821e-01
2.529787935337668991e-01
2.987445484674821072e-01
2.346632468962172868e-01
3.015743374842134727e-01
2.739349405388669667e-01
4.058790213910193345e-01
4.718782640974856779e-01
2.801756826241411646e-01
3.202289908859364820e-01
2.702190875705179907e-01
2.544505247633302991e-01
2.800110768292791152e-01
2.684438106199673602e-01
3.650272274416841989e-01
3.822336253093400749e-01
3.205978752317125147e-01
3.060348932031078384e-01
2.757156932211809464e-01
2.945105526241391103e-01
3.268954982030444767e-01
2.902250386814852479e-01
3.317724968083403114e-01
2.830330769938979585e-01
3.223352210710083710e-01
2.813346399684887311e-01
2.927973724337992190e-01
2.333338183104453345e-01
3.260830770455294125e-01
2.557727089366578777e-01
2.417482483008522864e-01
2.555377308173274464e-01
2.823338671523016874e-01
2.588721805491903671e-01
3.412095527443214094e-01
2.961354290809594669e-01
3.292269762439196112e-01
2.673084187196114181e-01
3.297623026161484172e-01
3.245381469391306895e-01
2.879063397973607441e-01
2.681260469539525904e-01
2.313655974240714230e-01
2.586356430130296591e-01
2.954696698963293899e-01
4.277233673931505331e-01
4.450877339506958963e-01
3.138773821998546154e-01
3.188620908395814468e-01
2.476116963383323544e-01
2.345789245865821937e-01
3.620048571168026363e-01
2.882616738287510638e-01
3.135306400867841625e-01
3.774053221219634824e-01
2.393845029859897333e-01
3.247487103055833879e-01
2.945570266872429843e-01
2.326880163015273562e-01
3.091975915543033193e-01
2.972145094616170380e-01
4.325811745765670846e-01
3.461108794775281106e-01
3.209598856481028495e-01
2.657090371419200681e-01
2.334696258757301690e-01
2.943026832358338063e-01
3.731322597268402763e-01
4.693801900859853604e-01
2.668911722733562364e-01
3.207137428910611932e-01
3.216220480165410955e-01
2.983143494497446091e-01
2.728752614924648268e-01
3.134489021908187234e-01
2.824329503400899721e-01
2.905826411783576368e-01
3.285755515283904082e-01
2.641355608341760530e-01
3.301826039698315118e-01
2.815227547716503409e-01
3.318820517122362812e-01
2.372610493679379318e-01
3.947520415832389551e-01
2.742085241416318819e-01
2.568767832246628413e-01
3.562895773437493863e-01
3.515490070439821202e-01
3.534817405120309064e-01
3.399315728559146321e-01
3.930440168601248563e-01
2.370300809380362916e-01
2.421844098713930304e-01
2.942641144827782274e-01
4.553018418293515168e-01
2.446657149423920319e-01
3.331403755518461685e-01
3.486508675692130410e-01
2.334722660828384699e-01
3.895971981868137091e-01
2.959692731204343064e-01
3.377545058876866291e-01
2.773289863912783426e-01
2.502081366883228131e-01
4.943578653223874575e-01
2.471520364080802834e-01
2.423741803550157614e-01
2.561288356282838685e-01
3.044260401632163382e-01
2.778893149829055331e-01
2.632427710265799470e-01
2.755121468932064666e-01
3.153962129435836093e-01
3.354412096783904174e-01
2.921242902407813480e-01
2.614942226547451454e-01
3.245733149636949588e-01
2.601275893363622638e-01
2.854381140547778140e-01
2.590093154597932212e-01
3.158654815536037219e-01
3.203271540551220209e-01
2.386344453414863398e-01
3.400249545803306073e-01
2.543801504264482372e-01
2.914633905394954372e-01
3.390998737520692918e-01
2.440567896270865178e-01
3.540339271354244199e-01
3.020983834355548958e-01
2.433441223412423360e-01
2.955923129395279236e-01
2.731056861555953286e-01
2.374144002132543840e-01
3.565208197399437062e-01
2.671926626846861663e-01
3.685225749304204546e-01
2.394704935223470887e-01
2.900649200657257065e-01
3.382005435730248144e-01
2.349262448146910154e-01
2.714527035126004795e-01
2.756095491688701493e-01
4.914357856103129252e-01
2.701559706201420163e-01
2.611513183245476877e-01
2.431132249899476960e-01
3.332617294892001869e-01
3.449528844688394269e-01
2.926717668004972239e-01
2.704392792221018693e-01
3.333806916038813961e-01
3.073473178536746397e-01
3.269427249736732710e-01
2.593428222753271228e-01
3.347328297340889103e-01
2.812224847726644272e-01
2.335396516191354521e-01
2.705303296734563046e-01
2.364124333426829150e-01
3.114564907697148222e-01
2.883867036037767173e-01
3.457248621080460382e-01
2.735927484585837788e-01
2.684286428390139090e-01
2.449194189533203114e-01
3.024534226166039619e-01
3.079986136546575826e-01
3.147699577598265241e-01
3.056783391887578638e-01
3.513826940342468785e-01
2.604210919241591315e-01
2.514896985446643529e-01
3.334847158400578437e-01
2.699809183167302118e-01
3.432436860720440297e-01
3.284327644422721515e-01
3.182285413120784501e-01
2.799144751264110997e-01
2.358325766478541752e-01
3.419177067445270946e-01
2.960119656411143718e-01
2.353820463654452133e-01
2.712507876323110301e-01
2.779112220123445276e-01
4.127339098752673130e-01
2.592698633238651462e-01
2.573315730835595283e-01
3.113597465938162112e-01
3.068380051612177861e-01
2.673735606257447439e-01
2.344870046016881981e-01
2.681796394813850681e-01
2.505459822033099804e-01
3.347453608138746262e-01
3.096126352987132457e-01
3.353789172077025760e-01
3.051913384188822964e-01
2.964066668354068956e-01
4.127901322475768242e-01
2.553555637723906035e-01
3.004628632350318518e-01
3.311418743136146370e-01
2.877384103362170542e-01
3.166912277735188241e-01
3.335538186795261040e-01
2.408653716665089817e-01
2.696667005796786754e-01
2.673030021296970427e-01
3.915207973950508014e-01
3.203484112793413274e-01
3.118583927946393941e-01
2.338627838097171729e-01
2.468941502403134147e-01
3.231441125844684570e-01
3.065493370533709516e-01
2.618948609578622411e-01
2.665805333200883531e-01
3.011254259429064772e-01
2.570938929896214864e-01
2.849461243716084335e-01
2.997252374050967672e-01
3.592548770656429080e-01
2.590311797064395738e-01
2.604657612430058000e-01
2.557936962200811903e-01
2.551517133248765723e-01
2.615494660175355923e-01
2.544764945743159812e-01
2.400204603740212217e-01
3.358425664006120526e-01
2.326589246244224751e-01
3.769971400237950299e-01
2.593146258488796541e-01
2.591759814866642642e-01
2.717075080161313050e-01
2.827958656858885478e-01
4.388379189151720983e-01
3.331761220490440101e-01
2.382328854814020347e-01
3.460621136159003353e-01
3.238927981169874015e-01
2.623320343320220682e-01
3.051013270384180243e-01
3.143065262112607616e-01
4.479952838934683768e-01
4.679492684448204876e-01
3.256410669424808502e-01
2.577865866019837804e-01
2.643092167912260981e-01
3.068545619204550157e-01
3.123932417961917118e-01
2.707403978903464847e-01
3.024132743928001910e-01
3.883404463787267780e-01
2.610858642367061555e-01
3.243562934735647052e-01
2.802861829165109175e-01
2.710931795153095347e-01
3.208735708133181874e-01
3.221014651065835510e-01
3.736636692981037955e-01
2.925679461757805244e-01
3.315722991748689674e-01
3.331981989177326686e-01
2.770827780644194438e-01
2.345142860042110644e-01
3.083275806260867280e-01
3.733539365204379679e-01
3.057931639355066511e-01
3.354031405403692379e-01
3.374800702339050273e-01
2.366788085564725808e-01
3.321397242564613217e-01
4.629701299912176160e-01
2.856073734791412244e-01
2.919258202462326479e-01
2.514594991847813321e-01
2.467717933234873651e-01
3.390497664501973540e-01
3.474313338443063004e-01
2.744020037611981100e-01
2.786262176113276645e-01
2.434278728694986293e-01
2.387343970103637802e-01
3.594021735622495162e-01
2.805368342011284599e-01
2.381888288089483163e-01
2.718103864934044434e-01
2.665677590289949883e-01
2.843668304720626816e-01
2.738564267435641408e-01
3.109524669805763253e-01
3.167129100642220862e-01
3.463149444660997278e-01
3.826918519488416437e-01
2.980634727486634605e-01
4.655878211961794744e-01
3.326223025306499492e-01
2.851623556641737500e-01
2.802419824124101622e-01
3.365843140215729057e-01
3.471292158793437554e-01
2.705277037165752518e-01
2.446986405201362069e-01
2.918979957593023089e-01
2.832515965904495725e-01
3.909817085082298305e-01
2.680331801620525756e-01
2.327830533837471350e-01
2.360343035226890318e-01
2.915532139195542993e-01
2.360702917244319188e-01
2.729257747754426089e-01
2.618470868888688741e-01
2.733687201454556015e-01
2.483515242549701740e-01
2.393808767515789027e-01
3.558545053338367792e-01
3.464154577700294668e-01
3.477198296720088733e-01
2.893182861198759226e-01
2.877812878598578483e-01
2.653708125250515693e-01
3.639785529446729617e-01
3.006205857507218693e-01
2.528147279693961913e-01
3.106707278823368501e-01
3.061383371493764938e-01
3.217908972783816712e-01
2.844860435843357127e-01
2.405101103094990089e-01
3.341320212502402187e-01
2.562471916198120203e-01
2.698331552023175428e-01
2.837995766950329180e-01
2.917658555975339851e-01
3.085971645523595264e-01
5.029161843661789089e-01
2.624288256404493369e-01
2.920047696093458489e-01
3.524222283771230591e-01
3.105222015118104806e-01
3.723635625011328387e-01
2.357811816934528015e-01
2.470704998811162345e-01
2.819256846346811507e-01
3.335604027736881472e-01
2.883804163620640182e-01
2.679584014649397106e-01
3.359088788641355627e-01
3.115604858645074637e-01
3.697102819972699628e-01
2.662284538573220782e-01
4.694846601722043045e-01
2.758333913360714873e-01
2.408519283189298754e-01
2.468376483792675824e-01
3.386837574185445066e-01
3.359999545176879931e-01
3.532805920651896359e-01
2.514488468275303812e-01
2.916088162429508746e-01
2.423565232475302089e-01
3.393436854210032938e-01
2.834513652487862245e-01
2.753355769572102263e-01
2.921269092336712392e-01
3.253339893234188374e-01
3.163535742050353483e-01
2.360147765643557105e-01
2.643520123012352285e-01
2.571061950500876936e-01
4.269594103600961033e-01
3.004631973669942835e-01
2.368812582468220185e-01
2.828844883230292040e-01
3.225998905934270855e-01
3.026274406681021545e-01
3.220100741876010808e-01
4.511577975223391435e-01
3.222267158626013761e-01
2.529661409608174316e-01
2.886337921013644725e-01
3.368168490668431159e-01
2.856798176914202014e-01
2.860651916784265891e-01
3.233929998631526193e-01
2.990091925331573863e-01
2.917557329718917791e-01
2.737760236113889190e-01
4.744514600465719600e-01
2.963759713505712545e-01
3.381901888809723533e-01
3.227742881704089295e-01
4.956216390330007715e-01
3.253992621685338205e-01
2.415743347421378806e-01
2.909052857181003149e-01
2.570539526703224942e-01
3.173268389090999064e-01
3.359173106717246449e-01
3.102166486545443469e-01
3.063762495131426289e-01
3.358573369370165818e-01
2.432241609225455903e-01
2.726512576506660568e-01
2.695870454242140224e-01
3.188472784298647111e-01
2.649378795744279924e-01
3.245279379193254377e-01
4.644701440191538189e-01
2.779629577265005924e-01
2.919520511192207346e-01
2.592616919598411118e-01
2.742167122907541166e-01
3.219824662940232174e-01
2.966884016629231513e-01
2.902582774045116554e-01
3.385433781210119286e-01
2.913058326703399370e-01
2.567595264398992994e-01
2.961708267037244102e-01
2.874175957681387450e-01
2.891193444696992798e-01
2.863845356574591938e-01
3.390536818080179815e-01
2.364973840016257878e-01
4.260279338910095137e-01
3.795567132438337765e-01
3.320601517620243581e-01
2.678509057789070225e-01
2.889279809003245658e-01
3.551811407576999646e-01
3.734300323658117926e-01
2.667438012304947370e-01
3.198665960048977519e-01
2.884631822618623498e-01
2.371022153818743428e-01
4.395264348017807743e-01
3.166248023455395244e-01
3.660697757257214691e-01
3.732352079975495562e-01
3.005660173375239719e-01
3.358898225086019984e-01
3.647216027677662176e-01
2.514460593516535392e-01
4.115686761194192744e-01
3.341753127902777898e-01
2.379068795100005573e-01
2.356108494939232467e-01
2.842010403861138235e-01
3.220078848944906702e-01
2.844010744409390390e-01
2.969917652857441692e-01
3.173317037718353384e-01
3.352406814436988958e-01
2.734495501281427599e-01
2.890186031471004835e-01
3.832634296264673668e-01
2.766768110510989254e-01
3.332314569615794086e-01
2.736113260282720949e-01
2.547794005713586163e-01
2.579615665763138610e-01
2.937194860236895799e-01
2.864992482415618658e-01
3.340976056430086105e-01
2.546437160086328366e-01
2.993912309770027091e-01
2.545308317194708847e-01
2.950673370375604398e-01
2.327663946663510730e-01
3.072556107749344068e-01
2.948611887362197481e-01
2.601149327815279189e-01
3.271346089292698212e-01
3.093895998289883376e-01
3.344544319651792108e-01
2.943127363070252023e-01
2.848719115921337086e-01
2.461216450443195480e-01
2.863267260272256975e-01
2.565598906422698611e-01
3.957092520888264020e-01
2.900271992681513478e-01
3.163188476371627256e-01
2.895355803219873958e-01
2.416948944742622896e-01
3.318846769214993109e-01
4.803255715564548334e-01
2.548719680760717088e-01
2.579342305451245432e-01
3.045121470702151778e-01
3.482526891205235398e-01
2.940295996022416758e-01
2.920487305002424927e-01
2.417811845167009976e-01
2.358959385902753281e-01
3.887966967979184507e-01
2.925101290666154985e-01
4.542651361733239246e-01
2.877157135076344741e-01
4.879988136772362428e-01
2.759930140092181072e-01
2.836823177622996850e-01
3.383050206814889882e-01
3.262376457322608281e-01
3.048620957068774451e-01
2.559066099146894424e-01
2.786134193235553225e-01
2.915841664766332664e-01
2.522096313914726218e-01
2.902802695913101472e-01
2.785205830701717455e-01
3.089572940289406211e-01
4.216220545932437558e-01
3.195370857427077826e-01
2.954251587933334200e-01
2.611377497821750771e-01
3.577553501803750202e-01
3.361076735668104276e-01
4.041465843526313440e-01
3.152226704380974853e-01
3.035527890756520297e-01
3.477905520234274017e-01
2.585452100779854767e-01
3.405445497988701664e-01
3.020371115808008766e-01
2.855176632556962746e-01
3.067680580921675615e-01
3.574942362289003084e-01
2.921444203328129596e-01
3.156738269459331003e-01
2.754805020500849522e-01
3.196085154867836509e-01
2.809442801918876076e-01
2.914349300687313349e-01
2.333264490053438278e-01
3.123165202774096927e-01
2.568242513046826159e-01
3.171708014835086242e-01
2.661006557283810414e-01
2.915312702055418148e-01
3.425995634850057536e-01
3.048724412891596347e-01
2.914126710493657457e-01
2.874334747299356341e-01
3.045952988872291378e-01
2.803450751854826839e-01
2.760945005930767193e-01
3.883605944616200234e-01
2.635931289097105945e-01
2.737590133635555145e-01
4.772975759058036282e-01
2.552032691100835082e-01
3.008363083213571043e-01
3.984555227686860657e-01
2.406378524493427984e-01
3.034414616119749941e-01
3.151212773967876357e-01
2.928206694551933054e-01
3.578135880308847550e-01
2.578247537772663800e-01
3.229379482226971132e-01
2.856468907122824419e-01
3.730410039237215813e-01
3.072889571400520548e-01
3.321884062736735754e-01
3.773563623406702705e-01
2.984581691961883942e-01
2.641191578627343772e-01
3.867129864798739547e-01
2.366267590556029587e-01
3.827703404292268075e-01
3.111604501300133108e-01
2.579993264168054523e-01
2.876226625680227134e-01
3.947444149375703426e-01
3.098562635387451802e-01
3.245651145854328568e-01
3.962147926834151956e-01
4.081310048683126079e-01
2.824156940831749063e-01
3.444856124410715092e-01
3.499820313834732799e-01
2.737447150570998522e-01
3.078181095801317269e-01
2.623914486213700936e-01
2.879641430782825529e-01
2.894335338726622409e-01
3.609095869419415847e-01
4.996006452742193238e-01
3.933184276135963664e-01
3.013475472702526470e-01
3.176186969402146620e-01
3.370906911376846393e-01
3.417995953648089724e-01
2.431079696208997831e-01
2.346154605602362997e-01
3.497149249361832801e-01
3.469834607254229653e-01
2.967557705478620633e-01
2.807797321840116433e-01
2.392175190390507244e-01
4.531995191438761839e-01
2.520469931562572818e-01
2.982748517770221763e-01
3.244910080059640323e-01
3.830068202089871865e-01
2.627759889144096750e-01
2.585947119333519839e-01
2.639881669458499225e-01
2.469786338724899999e-01
2.762641860356472301e-01
3.212485342470292049e-01
2.498997832696325527e-01
2.571534845239005773e-01
2.543407923197725795e-01
3.189803146547486867e-01
4.440827515600307973e-01
2.354868360093679280e-01
5.072179557111725634e-01
2.806639100810012777e-01
2.345902572035315492e-01
2.559698252800718943e-01
3.084259062277597274e-01
2.993669787205288091e-01
3.186089722039665006e-01
3.496414704699598031e-01
3.867155938938549586e-01
3.248985283214986253e-01
2.862522837640669171e-01
2.673166061908534008e-01
2.958601409512535696e-01
2.946080976312879796e-01
3.760966851764426244e-01
3.091803998016473543e-01
3.046728142707779696e-01
3.205495004291919470e-01
3.084287360079798201e-01
2.718656168598123091e-01
2.959276225941699923e-01
2.834707027352026398e-01
2.682633838671351634e-01
4.258739225107869841e-01
2.792107177483287295e-01
2.449187215689140329e-01
3.622515400385873385e-01
3.080675703471418836e-01
3.127807024943206060e-01
2.597408253056303074e-01
2.609067538327747848e-01
3.627510134553069698e-01
2.901365362589372054e-01
3.432681836560044220e-01
3.350859997045034788e-01
3.107330736015109229e-01
2.682863463423218464e-01
2.549406685348874491e-01
3.336136874822467902e-01
3.345318606358688718e-01
2.871914400632863407e-01
3.622955133608349310e-01
2.937485473331754027e-01
2.955239113311130539e-01
2.890524598217921737e-01
3.284439558078938171e-01
2.566152601983292536e-01
2.664895487042241440e-01
3.397979074508592490e-01
2.751276543295809174e-01
2.629130649200267511e-01
3.097470789317836037e-01
3.390469420863059802e-01
3.438022967873844427e-01
4.522934755983071264e-01
3.446919349947522027e-01
4.245168126935640052e-01
2.620018393697802206e-01
3.249646666177073984e-01
3.345642427721006174e-01
2.468492494237980450e-01
3.066620361047431298e-01
2.894371694943509987e-01
2.564921879262865856e-01
3.516551305181498943e-01
2.346737995000140464e-01
2.312810735495577086e-01
3.069824519550006237e-01
3.138105793054852821e-01
3.740600054197214530e-01
2.573895765618993692e-01
3.429792140869599160e-01
2.872581430213534959e-01
3.567489742212584525e-01
2.990318389762267048e-01
2.799810605655219664e-01
3.868104736427899204e-01
3.026812671429376378e-01
3.120072127673489404e-01
2.784946640480407409e-01
2.993010421930609177e-01
2.728412462233947289e-01
2.474781428200705513e-01
2.915007218542342571e-01
2.777381111089446963e-01
3.333154274885334334e-01
2.873427098622337583e-01
2.918148808059121135e-01
3.212216628325382239e-01
2.506797817076124035e-01
2.526563401937073072e-01
2.802574682452237953e-01
2.600935326471035536e-01
2.442306078250423007e-01
2.716469469907705769e-01
3.752269551847504103e-01
4.516253222907147813e-01
4.069197783964251802e-01
3.278146522302978760e-01
2.681808796606032219e-01
3.269031793060095947e-01
4.182254572372595125e-01
2.860876979124614694e-01
2.452765195252578079e-01
2.927342222705058838e-01
2.401970575522398010e-01
2.932194356488568854e-01
2.399652824150445840e-01
2.331664862879409827e-01
2.558172845049772048e-01
4.475877474727980587e-01
2.634050977516156355e-01
3.526185985260733013e-01
4.327039604976301024e-01
2.560576364383431169e-01
2.314011856394752320e-01
4.118183181598414899e-01
2.342213778190968265e-01
2.963088517045173731e-01
3.311303581559324472e-01
4.709368201621629835e-01
3.165329419641809694e-01
2.950639596854431890e-01
2.348181804403507433e-01
4.076941889001787223e-01
2.916304773719570198e-01
4.007936951406942949e-01
2.552910835675644696e-01
3.652716576450732444e-01
2.346509621652775601e-01
3.468254957189510490e-01
3.072502995914652701e-01
3.762132363706591209e-01
3.236015656796823459e-01
2.615287877459787080e-01
2.404965655038866779e-01
2.933099619042950357e-01
2.776673501902054975e-01
4.668998863039299785e-01
3.337477196405518876e-01
2.652966739247227812e-01
2.907916497678945666e-01
2.890379759461210174e-01
3.576219313617928774e-01
3.322453906648291100e-01
2.839764853765013863e-01
3.165349430768773509e-01
3.189283871644574830e-01
3.182031166410642653e-01
2.742572195499367593e-01
3.111985898297616737e-01
3.285710219361441808e-01
3.406568803430123360e-01
2.624326514995771742e-01
3.005663223040568877e-01
3.057711147600440937e-01
3.467975391104289318e-01
2.851013048008410045e-01
3.261500057361191862e-01
3.078360235503296294e-01
2.621035210336476462e-01
2.988123966791002006e-01
2.340520256607576954e-01
2.318289530581895408e-01
2.740951732333938851e-01
4.789375416106006478e-01
3.541899276269347419e-01
2.804758286474817730e-01
3.335354479217954027e-01
3.314441635245316542e-01
3.067035869512071966e-01
2.915119749773622537e-01
3.489471075657509802e-01
3.435522642644400770e-01
2.741827112315378123e-01
3.338991944657624389e-01
2.313568114475616500e-01
2.734640067292510301e-01
2.441619607256987901e-01
2.864027975827035388e-01
2.558795099175817933e-01
2.388515109116772506e-01
3.253223728512200097e-01
3.795658285541610999e-01
2.432409397626809910e-01
2.344529918451547512e-01
2.332839041824535664e-01
2.610936854753863057e-01
2.534719982964139251e-01
3.773925709839516252e-01
3.410414981428658843e-01
2.857950296223609188e-01
2.995302176016030882e-01
2.352082773038477181e-01
2.808099076052534837e-01
2.886435020434215959e-01
3.000746750334689628e-01
2.447097771157895896e-01
2.324344901786149498e-01
2.757794402235909104e-01
3.007605200680815716e-01
2.989021324641395472e-01
2.781274596131353971e-01
2.936795113130567514e-01
3.077083423676353902e-01
3.390602365680096542e-01
2.592350152659197438e-01
2.738971702576318834e-01
2.527559600105203086e-01
2.448035358982458554e-01
3.526510767101315724e-01
3.073609487040953048e-01
2.839358030337885697e-01
2.934850988701354635e-01
2.456496460322164788e-01
2.928438204458012617e-01
2.404674083272346496e-01
2.815967118385597767e-01
2.605908122312672881e-01
2.911902943486245898e-01
2.761324796298735285e-01
3.101238544211837866e-01
2.417225235884511436e-01
3.435213787612482195e-01
4.231185786774601110e-01
2.464072439639500844e-01
2.635983451649557829e-01
3.199127271706188047e-01
4.942155291344645374e-01
3.038814746998885763e-01
2.932200502729819802e-01
3.259703308662291743e-01
2.576801642265357239e-01
3.162252638654254877e-01
2.724527997738752649e-01
2.434639147560610228e-01
3.733619515995265092e-01
2.993385047736505378e-01
3.240515808109366014e-01
3.351795840701108919e-01
3.125785585504393671e-01
3.425572910778516555e-01
2.761374303525026552e-01
3.366719555480579551e-01
3.033212686141852354e-01
2.778901345876096940e-01
3.223100063878698296e-01
4.747644427046792126e-01
2.964312570048007744e-01
2.815925600021415565e-01
2.810322742581851108e-01
3.159636528481880036e-01
3.617565791831560684e-01
3.588832160237394042e-01
2.419644023056340687e-01
3.475606576629329258e-01
3.461181108734853740e-01
3.615130225544278542e-01
3.461797526541108283e-01
3.362220845133165881e-01
2.979956701542116893e-01
2.464557245512261074e-01
2.950735846286373643e-01
2.952131780739941092e-01
3.191201937146667111e-01
2.876951333927770249e-01
3.430953783044676242e-01
2.887995171295552610e-01
5.030773591052158933e-01
2.779762953969134309e-01
2.979044292799756799e-01
2.934730851449372513e-01
4.834099028202216153e-01
3.837133759961237067e-01
3.022709913724470621e-01
2.916819443282085977e-01
2.522169283968601072e-01
3.537056938207011059e-01
2.499791282614718391e-01
3.172166671322063092e-01
3.652631420619454339e-01
2.894886153512231108e-01
3.334501948098750890e-01
2.936529574294196032e-01
3.757388748484224439e-01
2.347461849781354026e-01
2.867117396640410654e-01
2.918179866328753924e-01
2.598182846953098757e-01
3.330991323681793959e-01
4.307234575284180633e-01
3.288100432084203328e-01
2.334473495180666991e-01
3.511467865359376161e-01
2.650106220930555367e-01
2.360365264786430939e-01
3.281784384151467671e-01
4.075351188203009678e-01
2.642639210549126427e-01
2.656586071986323239e-01
2.672308647930829451e-01
2.377474683781401477e-01
3.354648156407082360e-01
2.789040898523299505e-01
3.184157882354669011e-01
2.860288454641101707e-01
2.482187998052374500e-01
2.734810750564910520e-01
2.771364593699780499e-01
2.664479488148525088e-01
3.158638378535315594e-01
3.220614308656489788e-01
2.839461363648721481e-01
3.079925768007492626e-01
3.234540607284740465e-01
2.461093812653206980e-01
2.812513468890252555e-01
2.793299561086736160e-01
2.773879643867162015e-01
2.793407231888541120e-01
3.358222687295248088e-01
2.899490048472409542e-01
2.424042875393579710e-01
3.024559725080246397e-01
2.890812298532005054e-01
2.481143550069367654e-01
2.922783331727808465e-01
2.416685562369317863e-01
3.328273056386898965e-01
3.073891415293478757e-01
4.209870238450068580e-01
3.142088296395373903e-01
2.390766559648310752e-01
3.932170838678973879e-01
3.081367099760467521e-01
3.764414686962561651e-01
3.009245336176844532e-01
5.153378379296196243e-01
2.773940205465482700e-01
2.712226354306426779e-01
3.328533016039150749e-01
2.403667635666282554e-01
3.622258277709376473e-01
2.812861181049543524e-01
3.365978986170892751e-01
3.650464963774476823e-01
4.229033386982706255e-01
3.318852797747868788e-01
2.779347294348263886e-01
3.091399888971892440e-01
2.719084152449322556e-01
3.298927535928280474e-01
2.894794922760897671e-01
3.191848767905275386e-01
2.396985504434905601e-01
2.873928939066555110e-01
2.803198949401625728e-01
2.955969995759205049e-01
3.045646155495685403e-01
3.533498533259412655e-01
3.269318471908771451e-01
2.586300208131621092e-01
4.079949403715398826e-01
3.208993319394846111e-01
3.027161447487364265e-01
3.344783849211069859e-01
2.480841963525346749e-01
3.101938554765129585e-01
2.545317363053615778e-01
2.835076669584880582e-01
3.537654324190383504e-01
3.493269255440588639e-01
2.803807755020881198e-01
3.393354237110753346e-01
2.560889092629284325e-01
3.697216843181037604e-01
2.777832881111930163e-01
2.357951539276870456e-01
3.872697598859266566e-01
2.473199443608788961e-01
3.554693104704700901e-01
3.133838874511190031e-01
4.675613693228558576e-01
3.845255934541289000e-01
2.659294483800792031e-01
3.086439714890484853e-01
2.369096651870745140e-01
3.481401789398693158e-01
2.406495900271007071e-01
2.365775139541209382e-01
4.830569926024067540e-01
3.525035885452118545e-01
2.600075818299207864e-01
3.478993271284049893e-01
2.982593418695633769e-01
3.209218628738575441e-01
4.661252647007949057e-01
3.426762470747890532e-01
2.899353740192172624e-01
2.660866815599065571e-01
2.336539901110025463e-01
2.954546066038372665e-01
2.977540653186202535e-01
2.778356785461743583e-01
3.374797950775901278e-01
3.111746824127019084e-01
3.703940188248434628e-01
2.315676229299364342e-01
2.860075176063548441e-01
2.981597182124443579e-01
4.312643682729824790e-01
2.579894141468473956e-01
3.155052042982008920e-01
2.408900618627545231e-01
3.197070620059092594e-01
4.016111905043263652e-01
2.399450754090708127e-01
2.705394237583213513e-01
3.006615773834999672e-01
3.569221257600225239e-01
2.593381555706448238e-01
2.878724480126817475e-01
2.689491041575440278e-01
4.989170633955801737e-01
4.007742483642490194e-01
2.765722816293357811e-01
4.371742385632875760e-01
2.435390642323904120e-01
3.338132352253853075e-01
3.094782328433889895e-01
3.744505667439518293e-01
2.330182277292913162e-01
2.346496601711436092e-01
2.526412627539174616e-01
3.555988933683559283e-01
2.481939764861559317e-01
2.927082051149484387e-01
3.224510996922442252e-01
4.290564421448567756e-01
3.344591413713949857e-01
2.338358886691521143e-01
3.422002184225533816e-01
2.487583736020162473e-01
3.155837417715182669e-01
3.037362044158618546e-01
3.472959329880473400e-01
3.618134698094566670e-01
3.333739302159300366e-01
2.964500959292629689e-01
3.342598852188042868e-01
2.592477044325003366e-01
2.606088662960527880e-01
4.844531152706553212e-01
2.957490741843423199e-01
2.613120000817996669e-01
3.217756844474116695e-01
2.608843646693058127e-01
3.451863801852361746e-01
2.487108212756483361e-01
3.048446139425692314e-01
3.155029724287763404e-01
3.073211576710840887e-01
3.033447338506236046e-01
3.154469212940151923e-01
2.375473895186649420e-01
2.685889495307776653e-01
2.644955974215783545e-01
3.808758042409220446e-01
3.380534608059655444e-01
2.597431781455303845e-01
3.324537512921282856e-01
2.682239086156744112e-01
2.837080903469643700e-01
2.740217033211819198e-01
2.829071340880642271e-01
3.395401748179959212e-01
2.325560088266413472e-01
2.732219939668837361e-01
2.727006571261465506e-01
2.856962556619249693e-01
2.712116586872820312e-01
3.487431656421863813e-01
3.098859445197468254e-01
4.554154356304634943e-01
4.902651890138373103e-01
2.912948781870338677e-01
2.688608075353746130e-01
2.792026013883746050e-01
3.633254325104721127e-01
3.122127366020114869e-01
3.053651388334488459e-01
3.472789174185911265e-01
2.648806751192288589e-01
2.975874494602412379e-01
3.158333814788388816e-01
3.235702141346568639e-01
2.845680613627577515e-01
3.493210543221587083e-01
3.608723278173252558e-01
2.502299073531121798e-01
3.239864589246889137e-01
3.603323520084692477e-01
2.424313264474606544e-01
3.429586627856072156e-01
2.793213547007540321e-01
3.325426863753855877e-01
3.056540429771028577e-01
2.962984910120673443e-01
2.916071339515304284e-01
2.817664988738831644e-01
2.384722618046244691e-01
3.868080245841916676e-01
3.093587725040135017e-01
2.413337225438696998e-01
3.456435951057960088e-01
3.375922240621894721e-01
2.335434237668594371e-01
2.665900255295308718e-01
2.896227772743473761e-01
2.993287504291090029e-01
2.713803810606140177e-01
3.389375407409088714e-01
3.536412539030204805e-01
2.476925158942583083e-01
2.929414847090083263e-01
2.478601869588238915e-01
3.318554081801761146e-01
2.359017284513566515e-01
2.365060334953179022e-01
2.641659709206199413e-01
3.092889705626812868e-01
2.375728091934430908e-01
3.083828434149389341e-01
3.179369788229076677e-01
2.901985602447773593e-01
3.578960348087025789e-01
2.500146667199228401e-01
2.468389081349751102e-01
4.084178880647477694e-01
2.746042955864905211e-01
4.630219181817674112e-01
2.660867621368810942e-01
3.255688871311375188e-01
2.840915594319736726e-01
4.266475048153620109e-01
3.176184613756548591e-01
2.380156700307672346e-01
3.227271779212323999e-01
3.327473443337698455e-01
2.776228875880156766e-01
4.311093270515993225e-01
2.892315614113784572e-01
3.139408614935741970e-01
2.722813593554010980e-01
2.702674900219700915e-01
2.635096347057696575e-01
3.574873306795219308e-01
3.582439950677102636e-01
2.814043584001845177e-01
3.125397101913756082e-01
2.970041756190497928e-01
4.056055976016669784e-01
2.719884766388598885e-01
3.058132001642980269e-01
2.440090490660286049e-01
2.910764596325811082e-01
3.160990768234658299e-01
2.767957704587520329e-01
2.599599868714939643e-01
2.493940112585699698e-01
2.874395519479588379e-01
2.511531008547019939e-01
2.368372904554433556e-01
3.344033997913317680e-01
3.219609144759316144e-01
3.400345058190668013e-01
2.553182424386150062e-01
2.920410474298492653e-01
5.057823814078792335e-01
2.776214215406413444e-01
3.494213095778015421e-01
2.660979771055667631e-01
2.939367362592518740e-01
2.588930249315909982e-01
3.615316397322876907e-01
4.197068191463930176e-01
4.866531922445500036e-01
3.246415972281801454e-01
2.937666894255934746e-01
3.511011424002193904e-01
3.451598480117970547e-01
3.601862227385911885e-01
3.191608841680296238e-01
4.563574965732014599e-01
4.088323891139497568e-01
2.833102464056798109e-01
2.901596458698597614e-01
3.525056425204218802e-01
2.847303637752318095e-01
3.946663607346773128e-01
2.976280959807086068e-01
3.185471660503610414e-01
3.584950844404472536e-01
2.456511521548073451e-01
2.380339977490887049e-01
3.135557088536173875e-01
2.821103372784052876e-01
2.716504164867664661e-01
2.914561817877833194e-01
3.562011038694137266e-01
2.760516055876051644e-01
4.670251948787749741e-01
2.378868138475874194e-01
2.840725969349209290e-01
3.234068843932380588e-01
3.015886195486565113e-01
3.352444890839766933e-01
3.549763924531376680e-01
2.751968805613603797e-01
3.291240773096167915e-01
3.457353298758086835e-01
2.954216404544278696e-01
3.468834513852789292e-01
2.699133988206894874e-01
3.346107298321779333e-01
2.553651146721667708e-01
2.911823556018018899e-01
3.286525609949460525e-01
2.750165124590456256e-01
2.970086973650057915e-01
2.944601087495378744e-01
4.188314727516519453e-01
3.867368558926209676e-01
3.602024503634194130e-01
3.063480451557656359e-01
2.945250313509313878e-01
2.663599472054569151e-01
3.323827792002158610e-01
2.471347895321425459e-01
2.785764713499524481e-01
2.876524960209918547e-01
3.326921691411899862e-01
3.263527365517629453e-01
4.747471637934782551e-01
2.401066886864312577e-01
3.336063927850938526e-01
2.564826858997217296e-01
2.992476177806643323e-01
3.120269457278500025e-01
3.976898016038802885e-01
2.627374340881820092e-01
3.003276036344562083e-01
2.457753077122268870e-01
4.025630386662673033e-01
3.513517862329351704e-01
2.792933590907156760e-01
3.454931503318754982e-01
3.035785050021995723e-01
2.983524072880819333e-01
2.501218364621269341e-01
2.845909153352066956e-01
2.657091436856329203e-01
2.887700308096075585e-01
2.700407632050971785e-01
2.849716243705768259e-01
2.760598937013583609e-01
3.280604091591653448e-01
2.871813034608537984e-01
4.911096033028428121e-01
2.881791790559106170e-01
3.454811508396758435e-01
3.374016495718237807e-01
4.136614338367262111e-01
3.069699331300472789e-01
3.482004592854157643e-01
3.186623117063522304e-01
2.450575959545683857e-01
3.141692122509917584e-01
3.093443433252715535e-01
3.667814754090539253e-01
3.097896938281042845e-01
3.274759271976084296e-01
3.072159344261840008e-01
3.599509044903538846e-01
3.529225694830049886e-01
2.928930297818892470e-01
3.082229076408573576e-01
2.640475220742454776e-01
2.746738812280605235e-01
2.899895806442552848e-01
5.071299431719284989e-01
2.899945255926839605e-01
3.713653924273122575e-01
3.555097251343944942e-01
3.019645715478620485e-01
2.565980125473153461e-01
3.474923393589531839e-01
2.953986565219904326e-01
2.584838191379635886e-01
3.327936095083792734e-01
3.604105034934078633e-01
2.404703549385558137e-01
2.921101260371914421e-01
4.079709984789389177e-01
2.829781630753702149e-01
4.494874148137454895e-01
3.414487663347027246e-01
3.674053696662294977e-01
3.516179504158207236e-01
2.713334577478780929e-01
3.273508021176286809e-01
3.084651870507676419e-01
2.791664616441568159e-01
3.947527593810113422e-01
3.324225755492414836e-01
2.858599101140951726e-01
2.775697627262099787e-01
2.957483916408623070e-01
3.246986822558302066e-01
3.525701069902857365e-01
2.753298693805568687e-01
2.733393251503817845e-01
4.874473170969404467e-01
3.436560881151859981e-01
4.165384540592808049e-01
2.353554244319791822e-01
3.647770964147296624e-01
2.403775523441672168e-01
2.456638730065546228e-01
4.695844719689121760e-01
3.558778150921538264e-01
3.438551579483148379e-01
3.319374042120420421e-01
2.474892614079360897e-01
2.856502140999471195e-01
2.749410731572840549e-01
2.877097908199129916e-01
2.808359007853153400e-01
2.674888240377891191e-01
3.463805031233422316e-01
2.713837990892080665e-01
3.485589610468989297e-01
2.495138717721872845e-01
3.612300231088103608e-01
3.417320087384499439e-01
3.368895875625654845e-01
3.524760415191867113e-01
3.152828540822826819e-01
2.867114675560941683e-01
2.443133727400207400e-01
2.812344664778671510e-01
2.878010758947314729e-01
2.709630468718781660e-01
2.550810793096587314e-01
2.580893085211019566e-01
4.390131803157156787e-01
2.744749083703045822e-01
2.830896369036138283e-01
3.123836674090241239e-01
2.428638594230905778e-01
2.365828042660161890e-01
2.735286018777695061e-01
2.483598745339795355e-01
2.433906455338986918e-01
2.790165704719551609e-01
3.965403584956694871e-01
3.831934493524565277e-01
2.839534537564593619e-01
2.809843518961059328e-01
2.845411327885723485e-01
2.829418288326416842e-01
3.375749147466388655e-01
5.055848610382281949e-01
3.086186954886865896e-01
2.519159785498223392e-01
2.689300521771175734e-01
2.918926502469274542e-01
2.898915245191808765e-01
3.054375757621023424e-01
3.444167688193905952e-01
3.193684335909131033e-01
3.527429827953704744e-01
3.600759682280497698e-01
2.956196238481276772e-01
2.581137236397671453e-01
2.476133491512413909e-01
2.444631386037636189e-01
3.231363291738980625e-01
3.538105508113469910e-01
2.821266776651403241e-01
3.643538646147438942e-01
3.059703240280326475e-01
2.558000453889252568e-01
3.691637937267266412e-01
2.480679159328633698e-01
2.486868837053116954e-01
3.025699348706650804e-01
2.332972799788778917e-01
4.445272365622892630e-01
3.181156648311231350e-01
2.974608107511733657e-01
3.113469591372139411e-01
2.912677451928299410e-01
3.041123232798652043e-01
3.255309803638518629e-01
2.967295967246663113e-01
4.550122503564978937e-01
2.710385888222223150e-01
3.204674408118681206e-01
3.468303025965667197e-01
2.667534693861085549e-01
2.780977562626456567e-01
4.623619862494592891e-01
3.239058419446842474e-01
3.058330516566918345e-01
2.635399617315472010e-01
2.942602695136737334e-01
3.183317898717216710e-01
2.943864238145579293e-01
3.436060363943047036e-01
2.513990700262750955e-01
3.496729317519320923e-01
2.997736879204787042e-01
3.795674013788173928e-01
2.838607137485482101e-01
3.625538703014207775e-01
2.439400159142706692e-01
4.066522486537469394e-01
2.872553646910709912e-01
3.263665557642112525e-01
4.336198801906929190e-01
3.229844454992359393e-01
3.544030802579174466e-01
2.942712082664659112e-01
2.825699818548985665e-01
3.541668378925518779e-01
3.129530428930827335e-01
2.533630399126243771e-01
4.141471977359685308e-01
2.863047294231901296e-01
3.176708659648197486e-01
3.053645487030363093e-01
3.649474991648358202e-01
2.439392344840945748e-01
2.556423241606385344e-01
3.192574939352083030e-01
3.845032406462258190e-01
2.929841890876814792e-01
2.466960320797204342e-01
3.674498515447111036e-01
3.795335148935244929e-01
3.560510936557896855e-01
2.626740428061160038e-01
3.284213278669750324e-01
2.667921397422156615e-01
2.848833279985633626e-01
3.572340330713515422e-01
2.839093300015110288e-01
2.973709872125332998e-01
2.996603898409149758e-01
3.286207305609488705e-01
2.399537484807514054e-01
3.453361248320553356e-01
3.345269732423912790e-01
2.577855774609840722e-01
3.673470328929904216e-01
3.441128573938662116e-01
3.429894989066410993e-01
3.278586743270550663e-01
3.268940440309044404e-01
2.795075440484054430e-01
2.542576443063757630e-01
2.989194194209578437e-01
3.515393497356607555e-01
3.708694647794572030e-01
3.104642536043519252e-01
3.245518471521884885e-01
4.359674383572136325e-01
2.883324019015722772e-01
3.893465775095867332e-01
3.210386480353041305e-01
2.717384636931401976e-01
3.468343582906537881e-01
3.318417478068818594e-01
2.579863170080992085e-01
3.549621309860194751e-01
2.780379114256548156e-01
2.832580446544765151e-01
2.806408543358172025e-01
2.593639063429786229e-01
2.838414687455032559e-01
3.173180175679383708e-01
4.612375392434259758e-01
2.522979583599174180e-01
3.095636720688196286e-01
2.893888762626696254e-01
3.865820913513611234e-01
2.574999315194568816e-01
3.331557327804861579e-01
3.642326170414735276e-01
3.075354085550771055e-01
2.493979367759232291e-01
2.814172743048978242e-01
2.816432027030668639e-01
2.750359501226560255e-01
3.808295018733376947e-01
3.046689336112525237e-01
3.573170521507648134e-01
2.648179261429662867e-01
3.234506201712633588e-01
2.590333542514226539e-01
3.052339181091892617e-01
3.583438863869368718e-01
3.323546714037918792e-01
2.687677248783927331e-01
3.387326585395438738e-01
2.482597146017668510e-01
3.415124001956981736e-01
3.643178759839811320e-01
3.535403441328970331e-01
3.742536838090740337e-01
3.360681801971557858e-01
2.975327226023856131e-01
3.840564682123630003e-01
3.638137211866183662e-01
3.585412818069215746e-01
3.189158904310241405e-01
3.791666690034068421e-01
3.399378601817806267e-01
3.211826019928028519e-01
3.139125220800440541e-01
2.825176228729923134e-01
2.858321865171956078e-01
2.576866697398361716e-01
2.519461521273652638e-01
3.112954356550307056e-01
3.082988190329374878e-01
3.528678416914799443e-01
3.345007567998576903e-01
3.863578054622909819e-01
3.038884385925462173e-01
3.543270591742961328e-01
3.158815319521834919e-01
3.323806163592539775e-01
2.882714689839659394e-01
2.702560172130102911e-01
2.719734193665111488e-01
3.679211040459330340e-01
2.974567740823378381e-01
3.029552354228622346e-01
3.254036462323733336e-01
2.402176052683179797e-01
2.722243495893802989e-01
3.421197192631269535e-01
3.322557315811631162e-01
3.062920520865552443e-01
2.786114353466107585e-01
3.084099792913389537e-01
3.204900407109004812e-01
3.171946932469922320e-01
3.975306181244009918e-01
3.093950735282907649e-01
2.918012381909647068e-01
2.909769998973404381e-01
2.608649485132027990e-01
4.291877704491254830e-01
2.494609992260081455e-01
4.121276212398933825e-01
3.583459970443997333e-01
3.591795218266715661e-01
2.994189646658684811e-01
3.166006919881152459e-01
3.359162947601850302e-01
3.530187256050205669e-01
2.911765381733388280e-01
2.916734247143549785e-01
2.746817190937754227e-01
3.393896222442766009e-01
3.970595323254060838e-01
3.190250695604183728e-01
2.843756351183138742e-01
3.584945715836460600e-01
2.896003214379457291e-01
3.723847916390192192e-01
2.586805095891889783e-01
2.393192022611929093e-01
2.681983052343467344e-01
3.806099207110766880e-01
3.169764006784538402e-01
3.640929742101642885e-01
2.558125482373355131e-01
3.912884945335125542e-01
2.682019524894984075e-01
3.229164745849127383e-01
3.545338641123915169e-01
3.470435885043121615e-01
2.994111546048877637e-01
3.554541547555034597e-01
3.098897767155867067e-01
3.315673967857675764e-01
2.961221046077554542e-01
3.098281399139320436e-01
3.133779571995638502e-01
2.909780715698969122e-01
2.893042129963478981e-01
3.698702956887783833e-01
4.052479198723353826e-01
2.862612808134216147e-01
3.102341241376135872e-01
4.421009552069909976e-01
3.104345626354202414e-01
2.559444226938891176e-01
2.882378662188377350e-01
3.345077465244277737e-01
3.543601496541511908e-01
2.425394872973498095e-01
2.850804628328206802e-01
2.813794155683281284e-01
3.571292397604797220e-01
2.896846401258535431e-01
3.009793970047964229e-01
2.969987719738893528e-01
2.835229222464180632e-01
3.697855406252100186e-01
3.369072726035326482e-01
3.545119403415558645e-01
2.887366702945181052e-01
3.134298473909070126e-01
3.016178448063333573e-01
3.078246089269024433e-01
2.422674529372019769e-01
2.616206998754080360e-01
4.327430986794575940e-01
2.665076052246107552e-01
3.339425196198876344e-01
2.938947492264067929e-01
2.521099077814709100e-01
3.155905023613716498e-01
3.212430183911128001e-01
4.492483217118707350e-01
2.460382695018762667e-01
3.107634359472823959e-01
2.692359083517160689e-01
4.860535169067779493e-01
4.605727312031927534e-01
3.256111984670946313e-01
2.927243291981617701e-01
2.880381631761804173e-01
2.949469991392476009e-01
2.927542061810200491e-01
2.882701323958520856e-01
2.497436424644263464e-01
3.025179148825344333e-01
2.873378051557345936e-01
2.891465783189224314e-01
2.429032798773757829e-01
3.068470939637025774e-01
3.090215439192531832e-01
4.846068096804412861e-01
3.966899236847968302e-01
3.180059364807768518e-01
3.510488119387876749e-01
3.253223077788997553e-01
3.758185875715419066e-01
3.059767006415105572e-01
2.998845634208223698e-01
2.572022485005507342e-01
3.033379182474278957e-01
2.558164018430942321e-01
2.867097277534870758e-01
2.634865220923559015e-01
2.609271933760476392e-01
3.584583914151355799e-01
3.131848315437870678e-01
3.344619508528129392e-01
3.270663856245066836e-01
2.957016225500371243e-01
3.261722552878199566e-01
3.619361400141961060e-01
3.020129414187518457e-01
3.195804967406199459e-01
2.936740717608741225e-01
2.996240194420856651e-01
3.190433873559400113e-01
3.193813330257334049e-01
3.722894065726015667e-01
2.788272423761968821e-01
3.793056641076680280e-01
4.048642353762721413e-01
2.650632649436377997e-01
3.166873777162423353e-01
2.962986556687119410e-01
3.655668620721046480e-01
2.542008331955668554e-01
3.507037762068704878e-01
3.375127771102722773e-01
3.385653491086400568e-01
2.449599720887805643e-01
2.596475532729950464e-01
3.628299309807657136e-01
2.642309244052566397e-01
3.318389513664379842e-01
3.337632424599638048e-01
3.479590082059383915e-01
2.930109831992120939e-01
3.059908319661507337e-01
3.201123234306691434e-01
2.979264775191825532e-01
3.263667205239415559e-01
3.391032361890097824e-01
2.820368564230714137e-01
2.760479836207297977e-01
2.418414615471136675e-01
2.518294158647482739e-01
3.351379946044952263e-01
2.762153099641536658e-01
3.476308797183412791e-01
2.476304738750107204e-01
3.374361050694197894e-01
3.342400451824663610e-01
2.636124004968383172e-01
2.978911562338776298e-01
2.894983864325743617e-01
2.371344648145909673e-01
3.093646476887477736e-01
3.287694044685781081e-01
3.435581085031290671e-01
4.293546796282599609e-01
3.071137696547585061e-01
2.712481639908059239e-01
2.924193691176292242e-01
3.006728112510804740e-01
3.513859625021709121e-01
3.325065379835955848e-01
3.076754089052368135e-01
3.714312740552078718e-01
3.819319685597818426e-01
3.031683589911662868e-01
3.118426447298405790e-01
4.500019013514909849e-01
3.080724095196031298e-01
2.953578111703011877e-01
3.155317389440903675e-01
2.455419982107086285e-01
3.955988594502661826e-01
2.628086204695935235e-01
2.385590608485298192e-01
3.089084307024341225e-01
2.902944419766405604e-01
3.334281005130579345e-01
3.817143442940055253e-01
2.535465891931028004e-01
3.171491878462542879e-01
2.577901627067586965e-01
3.509725372923587772e-01
2.908196611310195356e-01
2.475342572147219422e-01
3.405201767327336593e-01
2.860218965173002004e-01
2.984592355371248895e-01
2.374080877903158582e-01
3.209299406181235215e-01
2.574226210643066892e-01
4.031083523866419993e-01
3.636488130643132366e-01
3.726087859023132220e-01
2.501622179376497002e-01
2.520979759799439890e-01
3.606375417939675643e-01
2.694219903536644867e-01
3.102774199635617292e-01
2.495418266575404886e-01
4.287429796179615948e-01
3.124330947557291127e-01
2.479919739342780483e-01
3.335879970957597584e-01
2.437296934409790006e-01
4.715348510083094968e-01
2.849960386127760592e-01
2.936445933587490398e-01
3.189089469657352960e-01
2.757491218063721217e-01
3.370746780771588513e-01
3.661287802991413654e-01
3.081735646450097788e-01
2.828169017317507250e-01
2.673663975008031546e-01
2.500057730738757811e-01
2.433118739956166288e-01
3.067173457049619523e-01
3.413973775868195393e-01
2.419974030790786601e-01
3.747799682604415206e-01
2.608239813155693865e-01
3.323896357621650144e-01
3.576747793727380054e-01
3.015995898693301092e-01
4.225930824554276488e-01
2.377437729927609211e-01
2.606587477914769635e-01
2.427346818120330041e-01
3.583046549372676526e-01
3.388218835812208396e-01
2.433192952572848511e-01
2.983219706575317987e-01
3.155898936044793657e-01
2.512390854232303128e-01
3.274378943518401752e-01
3.444019496312261674e-01
3.523520717637709798e-01
3.052844155835329754e-01
3.420564466123657277e-01
4.601438782823125129e-01
3.604884652364058195e-01
3.435308485445445759e-01
2.998142663219944271e-01
3.364769195534928481e-01
3.116531600287122949e-01
3.309301334251089077e-01
2.735233306543559118e-01
3.396761982383937339e-01
3.484910930216339464e-01
2.540779006997962441e-01
3.091514231327924245e-01
3.012798453581045366e-01
3.326708719730370745e-01
2.921936709183922121e-01
2.398348255956800346e-01
2.730322718701793105e-01
3.342183855115811730e-01
4.292387300941271078e-01
2.999220628748341944e-01
2.987258885022139321e-01
2.873072505263523091e-01
2.944205894665264389e-01
3.660134199334492133e-01
2.377466884244240630e-01
2.977251849015759011e-01
3.151397311257967404e-01
3.562653087518617978e-01
3.215981625535293542e-01
2.873438322442999904e-01
3.267851707278453532e-01
4.291916638166123343e-01
3.513030678016125785e-01
2.613941476515030948e-01
2.962602495563794736e-01
3.193083504499040770e-01
2.784861804315493794e-01
2.647293567237539724e-01
4.863927875390616773e-01
2.564898240925972406e-01
2.979791294232627674e-01
3.576365566491462311e-01
2.473737535118299136e-01
3.846323658671371715e-01
3.732817319903617426e-01
2.390150202607762286e-01
3.366135954814447606e-01
2.640670367174413058e-01
4.208906080504714042e-01
2.423952520905322261e-01
3.103599352122452526e-01
2.665170229754286746e-01
2.538133468113131785e-01
3.416388628265381033e-01
2.526809996906208000e-01
3.423736273123149099e-01
3.029372880544999869e-01
3.200009508838568828e-01
3.179688325379795844e-01
3.058845763764435621e-01
3.447839198065710820e-01
2.669248025573988659e-01
3.171763447608699216e-01
3.398831535694590844e-01
3.426150223380765025e-01
2.553639112967471814e-01
3.117239343470100121e-01
4.326525017065350198e-01
3.533539701187500270e-01
3.840710978575048729e-01
2.923515447198178907e-01
2.481236528515331219e-01
2.468251958660729051e-01
3.321378778353255568e-01
3.478356266702081756e-01
2.924353232117761214e-01
3.322243134733975367e-01
3.389480218134011125e-01
2.465364277905541524e-01
2.602994963657305205e-01
3.022901906552002971e-01
3.489952239138252033e-01
3.786963838762748003e-01
3.056590462652961082e-01
4.686966206357943698e-01
3.629748667723430855e-01
3.122802070446564215e-01
3.837374454151358250e-01
3.110116746077807859e-01
3.445191909473721559e-01
3.131393433648309577e-01
2.757712625884098379e-01
3.318415131967973886e-01
3.071636756747083141e-01
3.200381833060544357e-01
2.470021751289292467e-01
2.521985867232401923e-01
3.700285639458920639e-01
4.566707413549143113e-01
2.733208881606443152e-01
3.570303751105338153e-01
2.719432804650022684e-01
3.000969414930964585e-01
3.334297697459654430e-01
4.880870017099769309e-01
3.773102059505026307e-01
3.291936396828617495e-01
3.474652956051981767e-01
3.672696428767550092e-01
2.941898874503343642e-01
3.018861120738697834e-01
3.117242239597436959e-01
3.349089033301863028e-01
2.973620449513426633e-01
3.150993119022449940e-01
3.653647689649300312e-01
2.789869355192404199e-01
2.879739187954137858e-01
3.271183898754440600e-01
2.863143058194314028e-01
3.775006505726715700e-01
3.318777039380778615e-01
3.337315630588011950e-01
3.440850745044988224e-01
2.463206468784087388e-01
3.085695144413405644e-01
2.879103658927718024e-01
2.886361804777329287e-01
2.557102646483027097e-01
2.625596675713167683e-01
4.293914303544416056e-01
2.992338714806048183e-01
3.400003249512636438e-01
2.555115251965818235e-01
2.941107049151816533e-01
3.060930810950394099e-01
2.922124974171715350e-01
4.323872738251601233e-01
2.555087610600328962e-01
2.898303803710980953e-01
2.492821268217789155e-01
3.044789160975596154e-01
3.233813945914570387e-01
2.907929949043478457e-01
3.012422013285231404e-01
3.083033018977583417e-01
2.567933103992625088e-01
4.471180159272707955e-01
4.408984058509411996e-01
2.474618028909869871e-01
3.241935852438790899e-01
4.319271608623859726e-01
3.300495630197941010e-01
2.446220985474505671e-01
2.946619219528852640e-01
2.881749468247944979e-01
2.937760693000298073e-01
3.073265081985021019e-01
3.524328057651318624e-01
2.938867284843978411e-01
4.804815785035451148e-01
3.180885775118965086e-01
3.328785697817301381e-01
2.416016319411969371e-01
3.474637760996170388e-01
3.668171349051383978e-01
2.921639848948738294e-01
3.104859143765786311e-01
2.817727250164904218e-01
2.921043570105846809e-01
2.509091079246546507e-01
2.915778264450916146e-01
2.649155881667645818e-01
3.387351484390874190e-01
2.498176945909128255e-01
2.688837302430364673e-01
2.386704020800921033e-01
3.201108524440601788e-01
2.524986895545293653e-01
3.431642582326699387e-01
4.245145241238708067e-01
3.584107483244712289e-01
3.420379687480711306e-01
2.985909669594101201e-01
2.944769007442267772e-01
2.536854115994604530e-01
2.918856668133622545e-01
3.636355343107440796e-01
2.506824413613204516e-01
3.644405714889409342e-01
2.420587314533323708e-01
2.919498802574911900e-01
2.539862973780966371e-01
3.541949523541810252e-01
2.802693254833117376e-01
3.936304772386095552e-01
3.150556230053934703e-01
3.291846372475328297e-01
3.186756712881923526e-01
3.179029046296981686e-01
2.603265636410997952e-01
3.826424150612091069e-01
3.068704549324159370e-01
3.677478298988623440e-01
3.177870187901326582e-01
3.470244244666491618e-01
2.912798945095887992e-01
3.598128215242836769e-01
2.451789714851263791e-01
2.856977119450498925e-01
3.743994397890599846e-01
2.579790240107679988e-01
4.590918036150311021e-01
3.276365433297819263e-01
2.726130433607029668e-01
2.595671963980459851e-01
2.572209608073661724e-01
3.113651815774983178e-01
3.167192703303190471e-01
3.361979798920858853e-01
2.862405036796505930e-01
3.399161401170585628e-01
3.269348317709465657e-01
2.469305027088136983e-01
3.282197218531653360e-01
3.267824119375795089e-01
3.998032082537036347e-01
3.262560143770377730e-01
2.560875012112881488e-01
3.323714432232583449e-01
4.084779944486745529e-01
3.808238597807607206e-01
2.704045391381527108e-01
3.652303855359105844e-01
4.293512799446575490e-01
2.634517274284224886e-01
4.709343765401980408e-01
2.767129577759682157e-01
3.271516187768599981e-01
3.602139765589340570e-01
3.457296127353774451e-01
3.747002421259197913e-01
2.887088933863769524e-01
2.792917422781802106e-01
3.348319974799267018e-01
2.487727248710399353e-01
3.231931577759427632e-01
2.882874527839605072e-01
3.031695403318472315e-01
3.424962570816958984e-01
3.129173405667718955e-01
3.972252482703526044e-01
3.232783800062896118e-01
3.036061066695351363e-01
2.665273316718597685e-01
3.338771026090926464e-01
4.660476920454519334e-01
3.192851998009488268e-01
2.544711383946051120e-01
2.583034091934600651e-01
3.033202283932399657e-01
2.466963438456462043e-01
3.434649183015813234e-01
3.282675970823183964e-01
2.452312642164590495e-01
2.592832515737560906e-01
3.085237748599547469e-01
3.459403702729907937e-01
3.201725901259708240e-01
2.963203299868609752e-01
2.961922222828885509e-01
2.996195788994634457e-01
2.487236340348482067e-01
3.347723264572310953e-01
2.660774062319076205e-01
2.737562731257131565e-01
2.599626049626486135e-01
3.525988089639328082e-01
2.534935962178574420e-01
2.557278973104231135e-01
2.844702633551043358e-01
3.063118593978662041e-01
3.031262263514691302e-01
3.496985348513488856e-01
3.798837433668739716e-01
4.975332458118938428e-01
2.706589482907181266e-01
3.425175175920440740e-01
4.579172769840273438e-01
3.513187764779536759e-01
3.407862016117772508e-01
3.740124552429635041e-01
2.794208275796189467e-01
3.272913670854328827e-01
3.618205486619729960e-01
3.117917805306663070e-01
3.120875531592479657e-01
3.286529001075160217e-01
2.915432636271487743e-01
3.045341262594918330e-01
3.902454644410672246e-01
2.969710762474389587e-01
3.516052515110443255e-01
3.804053775507403867e-01
2.958700774695221525e-01
3.446376301727059888e-01
3.212509908866905683e-01
3.765702424234927403e-01
2.845111288587077181e-01
2.599160281454248045e-01
3.395019623690796462e-01
3.698275821436649569e-01
3.504639068328603280e-01
2.931082504916683318e-01
3.344932679250266494e-01
2.983813826347722076e-01
3.176239546646734691e-01
2.482492041175424768e-01
2.552234107597599055e-01
2.862219129731728429e-01
2.817417117374157454e-01
3.798832948199307724e-01
3.048395257868593555e-01
2.783585480329406336e-01
3.321766357678088144e-01
3.152141360616013688e-01
3.868492194096891934e-01
4.176859060418044445e-01
3.471298922022658107e-01
3.518071206978040100e-01
3.060580713159865573e-01
2.874777532147831383e-01
4.358761024184995003e-01
3.085985797740675718e-01
2.625455751906645707e-01
4.828658843246232402e-01
3.013672142437467949e-01
2.977982130545978601e-01
3.361367072958704183e-01
2.926147234635239625e-01
2.337867982193173877e-01
3.171788798411687149e-01
3.375094887961910262e-01
3.824518066660022031e-01
3.425488765394563706e-01
2.620233198175723199e-01
3.920116071400050473e-01
2.470241480344983476e-01
3.124772800168466036e-01
2.701164274050542047e-01
4.684564499188039743e-01
3.324761303978165383e-01
2.644480707825216381e-01
3.112281594974336540e-01
2.628838667159724696e-01
3.264030645679485421e-01
2.764229796893427626e-01
2.423810048294512132e-01
3.454526124556989153e-01
2.945881789140827323e-01
3.114307285680947279e-01
3.466027348559485577e-01
2.997267655010282805e-01
3.356639185026281669e-01
3.470378024858338795e-01
3.814081755901516657e-01
4.523433983519872248e-01
3.819734762632529534e-01
4.732898513999559409e-01
2.819086074505825490e-01
2.742947075021235359e-01
2.932726178067209255e-01
3.483653493666773460e-01
2.947425689546707694e-01
3.701720856889845201e-01
3.200077087626185812e-01
2.854152555667565649e-01
4.660250261856777598e-01
3.311724138470361067e-01
2.864038456756572981e-01
3.527286655535816773e-01
2.995891194512384503e-01
3.151797140966610122e-01
3.096202006980778854e-01
3.170908281130264128e-01
2.793824508097874637e-01
3.637341089336543209e-01
4.019673659518814279e-01
2.917101037027671762e-01
3.734658204179017171e-01
3.493509998368347080e-01
2.615929869401637520e-01
2.376842799836422493e-01
3.840411824773938276e-01
2.954060258488203639e-01
3.562976559941518073e-01
3.487418849221219364e-01
3.558308616410280623e-01
2.911564025414490331e-01
3.670473743944615563e-01
3.094397032555208371e-01
3.449455465747321425e-01
3.491715852953620747e-01
2.968444401472448702e-01
3.221426886285678193e-01
3.026500080248357150e-01
2.955865688334666230e-01
2.806603478382213024e-01
3.515010184958268780e-01
3.597940799060421191e-01
3.094684119967870961e-01
2.523534169690069273e-01
3.326429133634546953e-01
3.323743884226255108e-01
2.790393121226089623e-01
2.590833176485530243e-01
3.077458102223236125e-01
2.855665552606025392e-01
4.890937973126056049e-01
4.569650794942526351e-01
3.850608545331353216e-01
4.420903343125067164e-01
2.915650903205317390e-01
2.508990185097783043e-01
3.055729576483571797e-01
3.578244045130445916e-01
3.267529403472416161e-01
2.559359848839330431e-01
3.726622960112662142e-01
2.887021723267295670e-01
2.932489553581257846e-01
2.595112139208622937e-01
2.690083441351172611e-01
3.333892355231174442e-01
3.745756937243808204e-01
2.996656307520068063e-01
2.615750735377621594e-01
2.817906295568742281e-01
3.268384535477130703e-01
3.629160933970791980e-01
2.538970888060806952e-01
3.257283238152646754e-01
2.544611049685158721e-01
2.791025103143108810e-01
2.883573686212779763e-01
3.718763752343945961e-01
2.876426157680065931e-01
2.558502177569769720e-01
3.219165299914105161e-01
3.222621967150861577e-01
4.306074810542109832e-01
3.535190437568597743e-01
4.155868900249989895e-01
2.951938257406205857e-01
3.278497883314187011e-01
3.378154190700538018e-01
3.150831815726853335e-01
2.650125575502275677e-01
4.169962548494789978e-01
2.620803123296409631e-01
4.063685494606179560e-01
3.845026750209656341e-01
2.617299618600382183e-01
2.341183706864044256e-01
3.874931151821281450e-01
3.014194014356508244e-01
3.460539268230165000e-01
3.139474392921933199e-01
3.093701489668972404e-01
3.177962137450179303e-01
3.402991973226983657e-01
2.544570686902650758e-01
3.136523980384920973e-01
3.355038233368426437e-01
3.749219732928054660e-01
2.585013697873208005e-01
2.524930210601000202e-01
3.287602972339470075e-01
2.844876568261163752e-01
4.657270789464515448e-01
3.508739134348203281e-01
4.858438772068887079e-01
3.148672914881861518e-01
3.202447242083757417e-01
2.974812190208601104e-01
3.208153547185001453e-01
3.500747593204769359e-01
3.189246535557615503e-01
3.061286317791984679e-01
2.599729286800054884e-01
2.669389467007919903e-01
2.976621493861940637e-01
3.877274958325693244e-01
3.480236711438025599e-01
3.206710295727565052e-01
3.166728600578241348e-01
2.529714736884691173e-01
3.152956224157065779e-01
4.323705728664323233e-01
3.084367566405995520e-01
3.093981175257725091e-01
3.762326933012762331e-01
3.170951649707572373e-01
2.683658866902783324e-01
2.852091046879659531e-01
4.476158468649858446e-01
2.585269200535890710e-01
3.005840021660870498e-01
3.201815023973860752e-01
2.597793627165242980e-01
2.544857649873565886e-01
2.860276592237895321e-01
3.085987037732886296e-01
2.579271995541166373e-01
4.512690585055513792e-01
2.598560928320990393e-01
3.245282487413414518e-01
3.510952553255133335e-01
3.110281087343155781e-01
2.392154756536894467e-01
2.578762719480120480e-01
3.209204001997156830e-01
3.177158023928864372e-01
3.526921976678187853e-01
2.827765959729796608e-01
2.948866699917057632e-01
2.590897850107196643e-01
2.422066910191480738e-01
3.295704569979829301e-01
3.698446622872390566e-01
3.517017637059868806e-01
3.496992079516019203e-01
2.584000570763856919e-01
4.699977941421093486e-01
4.718288675933119403e-01
3.547019246575311424e-01
2.570384484267556613e-01
3.173664269619291822e-01
2.855823783155553852e-01
4.833750003519899363e-01
2.522751428043600308e-01
3.751370480193910173e-01
3.319253821334238186e-01
2.994349600070107531e-01
3.591009727737801693e-01
4.725225946124190224e-01
2.951646248790811278e-01
3.109257518061107617e-01
3.629919155390684549e-01
3.071848368214685765e-01
4.701284084664994478e-01
3.566300729073792475e-01
5.074851713187252811e-01
2.394638539038312364e-01
3.705313409180092110e-01
4.913231113654250026e-01
3.390253700943348658e-01
2.571262077287614356e-01
3.823999640013120427e-01
3.078121426150330908e-01
2.994522141119895231e-01
3.381889988324430218e-01
4.754262143617962733e-01
3.023655653921231701e-01
2.871589253659795338e-01
3.741336995219013972e-01
3.333106371020070346e-01
4.681537306789478881e-01
4.295567311071738503e-01
3.524477327887873268e-01
4.238357170513092353e-01
4.707566841094891763e-01
2.834146648783725797e-01
3.272168236983003520e-01
2.576614821325433624e-01
2.639550145884355103e-01
3.536683842352106311e-01
3.352148796024979061e-01
3.879557352569265039e-01
3.378250542683756130e-01
4.805085990649073380e-01
3.118008229295340938e-01
3.898672436904125904e-01
3.549434233490830204e-01
2.511137640253337522e-01
2.560275622127897721e-01
3.205354389478771160e-01
3.671607385621593611e-01
3.888502472570231072e-01
3.420465047553259974e-01
2.703932888922718214e-01
2.568733405679098913e-01
2.856987415283522846e-01
4.718813555431266571e-01
2.724803753295534925e-01
2.927861152436712078e-01
2.910572189617702810e-01
2.936773988742618080e-01
3.579956719250185215e-01
3.134321824412665825e-01
3.167568485186195715e-01
2.499279267757536227e-01
3.034790811063091676e-01
4.921604199368233012e-01
2.858533617282010830e-01
3.717890335341086372e-01
4.703706530548970033e-01
3.427766217434248808e-01
2.668443149451883989e-01
4.270079806691012281e-01
3.166737609497489725e-01
4.370955333399260123e-01
3.161784519103998381e-01
3.244192724982895015e-01
3.428927686059395907e-01
4.735013199198205847e-01
2.943331910765110138e-01
2.397135736508336223e-01
3.586288647580352373e-01
4.254580680809590398e-01
2.714011208885312998e-01
3.121738638002101163e-01
3.631203223410782721e-01
4.350967316887741632e-01
3.597852310421886801e-01
4.116851359766616758e-01
3.724355967742088991e-01
2.935589513789672589e-01
3.027817552406736890e-01
3.671134448619268742e-01
3.699906689614803068e-01
2.931983257819536504e-01
3.361154944060031347e-01
3.346917874732963094e-01
3.677080201581611751e-01
3.070215630432705511e-01
3.669026179830318646e-01
3.431499960356300671e-01
3.605348816581354643e-01
4.259059088922911296e-01
4.756273624232454367e-01
4.312519577773723523e-01
3.754712980149689239e-01
2.979111979275209099e-01
2.928823762306115297e-01
3.465795390207960236e-01
3.348882569361249506e-01
2.660884298456083763e-01
3.562874139624760406e-01
3.328322851366045110e-01
2.644268411470827584e-01
3.196564317952677037e-01
2.491273587994350946e-01
3.133702373499427929e-01
3.129988621726314535e-01
3.153069095946912093e-01
2.928491534161374310e-01
2.678891912009567777e-01
3.541981233352805569e-01
3.733406281918539849e-01
3.318573707467534217e-01
3.234107505876405164e-01
2.586070630510817203e-01
3.071169416982501010e-01
4.782703386280718338e-01
3.410855871008037221e-01
2.615608856256825265e-01
3.229297950773084569e-01
2.971352505786179488e-01
2.988858725335472033e-01
3.026250548343450975e-01
3.689218387919861453e-01
3.333733203746397922e-01
3.241951898472056892e-01
2.955907476430510439e-01
2.854129707722101728e-01
4.787959522392525868e-01
3.489429208335256827e-01
4.833846120553444425e-01
2.541689775170544174e-01
2.524572117611368904e-01
3.185872393548151438e-01
3.401153345948894624e-01
4.508719112607521007e-01
3.026566065884727652e-01
3.531560201651322006e-01
3.103471581988569983e-01
2.999457248964766398e-01
3.936400728589443121e-01
4.635448384235849595e-01
4.732001627908422048e-01
4.712500550482053852e-01
3.392462689166599876e-01
3.384909487955942153e-01
2.761106254218302913e-01
2.826798310995621288e-01
2.909000308291115333e-01
2.964747101016574904e-01
2.996413936273706335e-01
2.880524070688679772e-01
4.161372769036260633e-01
3.795185356815438671e-01
3.053611879097959392e-01
3.097274566872882384e-01
2.599542263483353710e-01
3.741331210814343167e-01
3.117641608694911581e-01
3.417444811723790998e-01
3.226795965937623856e-01
3.352748770628016795e-01
2.596235857629865529e-01
2.959016134386828756e-01
3.115300215274982021e-01
2.658587408960195186e-01
3.649243119479234077e-01
3.557012847251544430e-01
2.990815071160582428e-01
4.296427627144089323e-01
3.342586471878103982e-01
3.272707356561945780e-01
3.464639149471375190e-01
3.681003786768554109e-01
2.915052198633726332e-01
4.891025661841906791e-01
3.175651625380317977e-01
3.207757735716477154e-01
4.468791572595121053e-01
2.744455077901560291e-01
2.709719299725880104e-01
2.692979447204438270e-01
2.599579032999728700e-01
2.699786280941043892e-01
3.222014776847835216e-01
2.899283741448154261e-01
3.644527487929181131e-01
3.063287360532127579e-01
3.566460434782339206e-01
3.417243407155651225e-01
3.452451299111815586e-01
2.619971349443973030e-01
2.564695685442972550e-01
2.538114167587131598e-01
3.419962316334403396e-01
2.836738900632756466e-01
2.690864535960793558e-01
2.527621357450947626e-01
4.258152100211278768e-01
3.572009150328002702e-01
3.655079079869173464e-01
3.903770970367712589e-01
3.324269509722959093e-01
3.363779184360268237e-01
3.877232921237186991e-01
2.788537741143052306e-01
3.321906950462317210e-01
2.771667026072444640e-01
2.668221910976000255e-01
4.254256163347398534e-01
3.555954038732311862e-01
4.744752592805960845e-01
3.051926581598736199e-01
4.253121340627368796e-01
3.540900710206740798e-01
3.005883058812089392e-01
3.151389651261036207e-01
3.689732259260985470e-01
3.504808965622687733e-01
4.585111833781221335e-01
3.799689167035258941e-01
3.502766868565065361e-01
4.585886684376214717e-01
3.930507335456520090e-01
3.352278249528963805e-01
2.683591106053034303e-01
2.655317297993217696e-01
3.776459915920289956e-01
2.703241414003112464e-01
3.432148205019389109e-01
3.522218094839472124e-01
4.349131030586390056e-01
4.301147254810515630e-01
3.127612166566836605e-01
4.855827848956889015e-01
2.537357729699238895e-01
4.937505815929250086e-01
3.250915378837808678e-01
3.466380229770645860e-01
2.439079232940283004e-01
3.965837230526281787e-01
2.928462098769752942e-01
3.226475859892589115e-01
2.671799923135522170e-01
2.980350282904725145e-01
3.641648316252870665e-01
3.124350259495320969e-01
3.646014156068657641e-01
3.213252579074387105e-01
3.005882923521916439e-01
3.361367547195188710e-01
3.532614010511987424e-01
3.264706202264587853e-01
3.531918013600772732e-01
2.553706376202707351e-01
3.223748041491835692e-01
3.626548178507782993e-01
3.565320382942142596e-01
2.557874363258370032e-01
3.218243982447646645e-01
2.989651833039548290e-01
3.502393809673046143e-01
2.702999948104800598e-01
3.792553452764124700e-01
2.922571130039639531e-01
3.119793027836318955e-01
3.565013789474132944e-01
3.001372378733838664e-01
3.002647971856782783e-01
3.508508879749126508e-01
3.599555006155176207e-01
4.745439575728503390e-01
4.761998596884604029e-01
2.512162864105768056e-01
3.049603483428901529e-01
2.682594108262125188e-01
3.331250139936323684e-01
3.461465820881982070e-01
4.785082604281035157e-01
3.627980034770884044e-01
2.797932042718811463e-01
3.003930388974791477e-01
2.959415676399237416e-01
2.932838196666708308e-01
3.132362807321695253e-01
2.949670328577104761e-01
3.202583412318700806e-01
2.961953886288084536e-01
3.381044144650423022e-01
3.579456118695479305e-01
3.923998359000650527e-01
2.927970232981771392e-01
2.741249112263743348e-01
3.544696112266017551e-01
3.257028680820045485e-01
3.725343676833541839e-01
3.253060417439355700e-01
3.458226052739044043e-01
4.507759571140231292e-01
2.892775700789290694e-01
3.957526267398159270e-01
3.667782814064880492e-01
4.935997572280932388e-01
3.023318175009728770e-01
3.688890644060122681e-01
3.614795839760099327e-01
3.417957249089945138e-01
2.392116848153710562e-01
3.274266651845896825e-01
2.754150355670157979e-01
4.609080060215904884e-01
2.799806397572376926e-01
3.802085804018834891e-01
2.825674629800765114e-01
3.375651362546805423e-01
3.286426015586159100e-01
3.233677853287646453e-01
2.948269912658719183e-01
2.942140253966494257e-01
5.022235848319592799e-01
3.065449690589364118e-01
3.324228700357729771e-01
2.876300637212556577e-01
2.879250605460605406e-01
3.919024908121507833e-01
3.257761584126389054e-01
3.314968701560345732e-01
3.029666033072100362e-01
2.804230965611516635e-01
3.169454434563708234e-01
3.194863257691339942e-01
3.416024121746388253e-01
3.044206895264208179e-01
3.041532579136444481e-01
3.039814262392292465e-01
3.084199238415593070e-01
3.347708485416358015e-01
2.980149228425427732e-01
3.145795440603902371e-01
2.599671495048000991e-01
4.030798388901577489e-01
3.216017980158158429e-01
3.473427542169127413e-01
4.219722926180241585e-01
2.582703037971555982e-01
3.174813354023752199e-01
2.370980053450384151e-01
3.217314758341552339e-01
3.182605002424758189e-01
3.326039698592422877e-01
3.807647117043452267e-01
3.709750736553941719e-01
2.907266808335661201e-01
4.566720554609768890e-01
2.586933257728349922e-01
3.496982196664033538e-01
2.969421235518072688e-01
2.649706242998643435e-01
4.232891887787831320e-01
3.266206562722740459e-01
3.265569490953781351e-01
3.222841668235524870e-01
3.425196468490441792e-01
3.704410561773693322e-01
3.100861264561128872e-01
2.939341586672435391e-01
2.886417633796954929e-01
2.957678835558457675e-01
3.366671547867647885e-01
3.747742562034748204e-01
3.261324299157369877e-01
2.993225398637633372e-01
3.827596064231396089e-01
4.811207608796162494e-01
4.799009113204810162e-01
2.669706589545073894e-01
4.310620516053355611e-01
3.622473864369095131e-01
3.260685607000641806e-01
3.668448681155430102e-01
3.403687955740671844e-01
3.002199129872329952e-01
3.114428513428484369e-01
2.933573986647586840e-01
3.048367428335496121e-01
3.998371197073029015e-01
3.910118500285549858e-01
2.708518504057189635e-01
3.369653858423065640e-01
3.389450582055011374e-01
3.481550270061307129e-01
3.052299190846555210e-01
2.586828059364538746e-01
3.667100473999807542e-01
2.620207579828064959e-01
3.319860944818475157e-01
3.965072583663802885e-01
3.344038344233111193e-01
4.703008204221221233e-01
4.809598274900295234e-01
4.126495949546649111e-01
3.139223010607940512e-01
2.655911452248405080e-01
2.924181996442031251e-01
4.905855050242000082e-01
4.105588021321535663e-01
3.483370334341580055e-01
3.552527754720658515e-01
2.780202362248600512e-01
3.145054406671159986e-01
2.685954818657892984e-01
4.983074800341488197e-01
2.659742657113178810e-01
3.604814337567175397e-01
3.085477045207717928e-01
4.244437329412603099e-01
3.661046528376339926e-01
3.071982899776732334e-01
3.516942730328891376e-01
2.845341119188107837e-01
2.511018164631481642e-01
2.903870088291086726e-01
2.828919875236722836e-01
2.899989988534532603e-01
2.572853035862304738e-01
2.665723734592729821e-01
3.095746765307837434e-01
2.948001080253898065e-01
3.178942135983730544e-01
4.181859877125447267e-01
3.451795892504632701e-01
3.125898608429614201e-01
3.183381782945065019e-01
2.899445500357843430e-01
3.533533728888166858e-01
4.218621745902084164e-01
2.971982274274437841e-01
3.128444169242736717e-01
3.062196126652333428e-01
2.984357904422980101e-01
3.413976012350244393e-01
4.201477759604789197e-01
4.286379531412670696e-01
3.432355113780505285e-01
2.939293411914998266e-01
4.799173705690378267e-01
2.933517568536086473e-01
2.932003406639587251e-01
3.812046500384961845e-01
3.221502726693898921e-01
2.896017087010026025e-01
2.897350137656919955e-01
3.120133692325968711e-01
2.972588097388687012e-01
3.984287568512689393e-01
3.391411312988708016e-01
2.366775727437753218e-01
2.723722990263923172e-01
3.094682144034320848e-01
3.100616633229599239e-01
4.450217318781712339e-01
3.395849505702427384e-01
3.586541481944170995e-01
3.865895929378190821e-01
3.516365843563002413e-01
2.704413849114399859e-01
2.367774227272443355e-01
2.586070991997198587e-01
2.488912562930258865e-01
3.061205911082167663e-01
2.910547524995087953e-01
2.883363744701454290e-01
2.427784006563987462e-01
3.757586163409425417e-01
2.809875192758364837e-01
2.739875603853296204e-01
3.433064184871895685e-01
3.520732035527353032e-01
3.482936130098681082e-01
2.977953409855269573e-01
3.374759545549830264e-01
2.900659277528431224e-01
4.515141400157298146e-01
2.451359618165541432e-01
4.114038438016782706e-01
4.529120970230730570e-01
3.203386077980591717e-01
3.025832219397843192e-01
3.358214606807882752e-01
3.853368459929175649e-01
2.956313556036299639e-01
3.636960805320615386e-01
3.947669001918396869e-01
3.355158873762763005e-01
3.888384953240561770e-01
3.461718189440515792e-01
2.848857309057669651e-01
3.716431461324914420e-01
3.448076651138859972e-01
3.193336698732492929e-01
4.928943312009999578e-01
3.878255857747082702e-01
4.059926648886441614e-01
2.924166217248178601e-01
4.783569264158010204e-01
3.170201881541528932e-01
3.723372450828176805e-01
3.667935791771521625e-01
2.602295919757528497e-01
3.015106765271797218e-01
3.427536383316482360e-01
2.586945897858496934e-01
3.264496810668156557e-01
2.825403052450204400e-01
2.714590773294784931e-01
2.894235113921171942e-01
3.071615683057981605e-01
3.616767254565178003e-01
2.885227451283165490e-01
2.859068815295741084e-01
2.896746425406481751e-01
4.203905105806388653e-01
3.653532246631766012e-01
3.560717725033370473e-01
2.657447232741437793e-01
4.412941330586899746e-01
3.362296296878889978e-01
4.101523013160703890e-01
2.798534403763252021e-01
3.698652338313179189e-01
4.064114477424396465e-01
2.672455657682483166e-01
3.686610705168550384e-01
3.053671323844339702e-01
3.706024741950330048e-01
3.752727517793135181e-01
3.202312004845992988e-01
3.895848809184684347e-01
3.339189952680701179e-01
5.028890419802053424e-01
3.108346895469845661e-01
3.065623325651033459e-01
3.088102843861355029e-01
3.555604351401721042e-01
4.521618216344173158e-01
2.972473014547143411e-01
3.552607901035128024e-01
3.320433795246330311e-01
3.133861274813458664e-01
3.609691229436233217e-01
4.299416649111330591e-01
4.011284958869417716e-01
2.713171193398363767e-01
3.369805637290536615e-01
5.113296601906842653e-01
3.746255541619006313e-01
3.651346142107374515e-01
3.019804341593907426e-01
4.438201726954933979e-01
4.160451932608748016e-01
3.055927320480215093e-01
3.540620020050483929e-01
3.002557359029592310e-01
3.161325387992843794e-01
3.326593308503049129e-01
2.916698668633921909e-01
4.922031222443956078e-01
4.918968013300564213e-01
4.137677187818014635e-01
2.629886837048432957e-01
3.229144039963727786e-01
2.653445689517573425e-01
2.402732622284355912e-01
3.399267779851691262e-01
4.300431139819833604e-01
3.384482064669606105e-01
4.547566027773353725e-01
3.491634738038892349e-01
3.655256868964471550e-01
3.177673830136776845e-01
3.150815853042187031e-01
3.325076272297273761e-01
3.182964302804545120e-01
3.253531910616676570e-01
2.759182889841154673e-01
4.102538389272019081e-01
3.655447815984501081e-01
4.628613598534259133e-01
2.385920471701605539e-01
3.500594175816033604e-01
3.407217420822682419e-01
2.972091516897725771e-01
2.852891509538003079e-01
3.401028939174172705e-01
3.654035048669044272e-01
2.505691500153604534e-01
2.436143113377520764e-01
4.297329210521862453e-01
3.825262594424063689e-01
3.175592411268828297e-01
2.856501198263666219e-01
3.349248913913542847e-01
3.733206061855133262e-01
3.398525721015435708e-01
3.625759025009099301e-01
3.372423424642338463e-01
2.800472889184188463e-01
3.387341303224573053e-01
3.292677780374705931e-01
2.535291235551306310e-01
2.963624707912959622e-01
2.709254319860789351e-01
2.796805160141086488e-01
3.696047592615873123e-01
3.118542587065770144e-01
3.375200268104499024e-01
3.126582624579109515e-01
3.161043562942443819e-01
3.323607609353538828e-01
3.006414853919447405e-01
3.569275347387267372e-01
3.184043146295368887e-01
2.990043842305450950e-01
2.961737561147477216e-01
3.571787567098158034e-01
3.346814825955435335e-01
2.969735675092641802e-01
2.937922687225189566e-01
3.523491976825279814e-01
2.390510955289896766e-01
2.496527876635459831e-01
4.239272540645506737e-01
4.513760386006196446e-01
3.123245875010043360e-01
2.557910888178618336e-01
2.746322607792283099e-01
2.955520696078658416e-01
3.644232819078876973e-01
4.551632458270170600e-01
3.509935416851302503e-01
2.720888575004890564e-01
2.930520678522914868e-01
3.440188476904673109e-01
2.890272188883424298e-01
2.709163490504851168e-01
3.205388194127025137e-01
3.150884602063216966e-01
3.348286227559748029e-01
2.548132755276117378e-01
3.209452295332169691e-01
2.319244010228201369e-01
3.352432379400042128e-01
3.154851370802287391e-01
2.910207053673313782e-01
2.790833052698278860e-01
2.861527227795449546e-01
3.373962322809055392e-01
3.320827043595764860e-01
5.069683412322215643e-01
3.096330086964788064e-01
3.879796698050334003e-01
3.195294963574923930e-01
2.866721470806747885e-01
2.921309759507634274e-01
5.047429348501567548e-01
3.039755381223359643e-01
3.195694257566892849e-01
3.867102086816902595e-01
3.020087889117867297e-01
3.421748212117583510e-01
2.975970838691388565e-01
4.414984595578638205e-01
3.796525348788463705e-01
4.515106448575433862e-01
3.347518523050881378e-01
3.105881938585194346e-01
3.731452412192043377e-01
2.904981172051018246e-01
4.078947257784710789e-01
4.576723774048397919e-01
3.278717864914635904e-01
3.854594638681808627e-01
2.961425284188207163e-01
3.440490959365678503e-01
4.612236437245771925e-01
4.968506112988439472e-01
2.689783791111594602e-01
3.023267207459925943e-01
3.731626108088523242e-01
3.456327655847024616e-01
2.674801557315739653e-01
3.155816207852772393e-01
2.819022349220334789e-01
3.355142159790900913e-01
3.028620887155881736e-01
3.344156243253569305e-01
3.866816759408056581e-01
3.332503436847797929e-01
2.779795850894271059e-01
2.647486528964990704e-01
3.037832188368820296e-01
2.698006933789673933e-01
2.879382939883781134e-01
4.004724667281408523e-01
3.897503554941546544e-01
3.522102976198100976e-01
3.326079699723626937e-01
3.336358132377912344e-01
4.726213134455153342e-01
2.697639718656704710e-01
2.649045492256723033e-01
3.961454639609994777e-01
3.674992103742604765e-01
2.738157378288610944e-01
4.038465178296529179e-01
2.355475455835663035e-01
2.832274231376186724e-01
2.917458539886327307e-01
2.735337502827508427e-01
2.760265502327775566e-01
2.740086124783519539e-01
3.384836654869639028e-01
2.399555766257496225e-01
2.987402769110384937e-01
3.366046886964855767e-01
3.251282193573237222e-01
2.922536695774849425e-01
3.535752139759576473e-01
3.808465917486355545e-01
4.379517387787268401e-01
3.651859342472520975e-01
4.064721293703007499e-01
3.823624343491301425e-01
3.369856743552340217e-01
4.613912779921843788e-01
2.694587375509618909e-01
3.358529191194974395e-01
3.311717049471109009e-01
3.634561128205137104e-01
3.318843922849385453e-01
2.779913388772837224e-01
3.360063538634094349e-01
3.102750682060848586e-01
3.146116896140320751e-01
3.245130578106127928e-01
4.124461078558890881e-01
4.029970623112603123e-01
3.586237903257048498e-01
3.140907703391875305e-01
4.462812721781022618e-01
3.209882683112844637e-01
3.371928542730077139e-01
3.748243371664581325e-01
4.540474211311930075e-01
2.678095374777956783e-01
3.136406869808310294e-01
3.280387213146350178e-01
2.542368278446199281e-01
3.375220361450240181e-01
2.317032613728945145e-01
3.144233254262741584e-01
3.091500115773745949e-01
3.170733893037365192e-01
4.739086085100094325e-01
5.101847394246180611e-01
3.393294797631967175e-01
2.625752424217392966e-01
3.553193860089772782e-01
5.167839251608239426e-01
3.147417058164001524e-01
3.405246898006713541e-01
3.037173551939485461e-01
3.872201893630798364e-01
2.900842182479212994e-01
2.802413863567251306e-01
3.009622561123955209e-01
3.708792631014745100e-01
3.561007943628622940e-01
2.943794598071935442e-01
3.607409091327671291e-01
3.438188094349157176e-01
3.084865789354798160e-01
3.380567763964649197e-01
2.782422772668698974e-01
3.561632075784493812e-01
4.302389751889112990e-01
4.575842111323868977e-01
3.616774737001776652e-01
3.142702350580030557e-01
3.906124012182898286e-01
3.168548375743578394e-01
3.078772252861078917e-01
2.320351287877277791e-01
3.077229149253281060e-01
3.584724810591313204e-01
5.021585847002105751e-01
5.017934619198282098e-01
3.770014279165966320e-01
3.094869312188079369e-01
3.087741278395927380e-01
3.654188530135203394e-01
3.133879883379634967e-01
3.255119089641175800e-01
3.000343735796927591e-01
2.890311077189330335e-01
3.325220636505477056e-01
3.092354586688437212e-01
4.434647095669249084e-01
3.529862678790843811e-01
3.221474313663021394e-01
3.985875326233788152e-01
3.111667804207499111e-01
3.687732754565425930e-01
3.087647822955868482e-01
3.766561359990469593e-01
3.222774091322568313e-01
3.849514085063995839e-01
3.567111600714723552e-01
3.634837032882431429e-01
3.685321227935582367e-01
3.932375219524493759e-01
2.824641114989751567e-01
5.006678068233578749e-01
3.715784243622595739e-01
3.314875466284393224e-01
2.703230077326489456e-01
3.081052239565897910e-01
3.184162281680572582e-01
2.859700268942984569e-01
3.359515591989570837e-01
3.058006507096814319e-01
3.013612717445742772e-01
3.474676951487769561e-01
3.158011929755319969e-01
2.356933440718456951e-01
4.264095786538456001e-01
3.153482657058235827e-01
3.879469419504913419e-01
3.570813688287780563e-01
3.070521087015492534e-01
3.633190979855031033e-01
2.964723558716690355e-01
3.113744374732740905e-01
3.286327301417016344e-01
2.715666668391882310e-01
3.079725816858708831e-01
2.459359185218701060e-01
4.090911554110992499e-01
3.109792317369957648e-01
3.419416293927961537e-01
3.361879550057600419e-01
3.607230638802217948e-01
2.599079476736220196e-01
2.766942428851650315e-01
2.817634841901642262e-01
3.142060350039724281e-01
4.151060541442085916e-01
2.941723951479928156e-01
2.913589902949434429e-01
3.147079141864912444e-01
3.072352814825959899e-01
2.744707055201710544e-01
3.655619822003298158e-01
2.358944514867283571e-01
3.354850029673129286e-01
3.281984953100669511e-01
2.931107591539690027e-01
2.978618624824315719e-01
3.324636706825091492e-01
3.959411228339981825e-01
3.076202225634555032e-01
2.983270843441722664e-01
3.463865485217004214e-01
3.821433520104723369e-01
3.359716109749336654e-01
5.175206214155713136e-01
3.107607780657130059e-01
3.556247308272773022e-01
4.121174899537781711e-01
3.334761289020805042e-01
5.122163266747244981e-01
4.137404159153623140e-01
3.415505838600512156e-01
2.917166700101452848e-01
2.806243953147380954e-01
2.940486965680996212e-01
3.225147282220494627e-01
3.320663585426078535e-01
3.385044664742124509e-01
4.297254508249026550e-01
3.359507705871326300e-01
4.042012891151040566e-01
2.732470960602474963e-01
3.410736157789088230e-01
3.713642576011635388e-01
2.736813102061655401e-01
2.962195332284633387e-01
4.284190485834449280e-01
3.021928613373904837e-01
2.967551290067468317e-01
3.351169726702112883e-01
3.058285255141507397e-01
4.539302452216116279e-01
2.885277900452128952e-01
3.164742977843965077e-01
3.219999932625278727e-01
3.008470139992969750e-01
3.451947278840129529e-01
3.531402100005690547e-01
3.380613811275876568e-01
3.218337447141638163e-01
3.729034808247154720e-01
2.699748007452781318e-01
3.801312995083661050e-01
2.767792578869422981e-01
3.099022211236014956e-01
3.650359350429962513e-01
3.625589396241561957e-01
2.598446560556219587e-01
2.817187705336772763e-01
3.263361272037612615e-01
2.866169781281564521e-01
3.127677647457586807e-01
2.953724400341968259e-01
2.927874199633606622e-01
3.085429366762619807e-01
3.136246543433629519e-01
2.571090131530410772e-01
3.253268392807553422e-01
2.786507293630778870e-01
2.972888525889911260e-01
3.561915808660589544e-01
3.122751393065410497e-01
2.804608512340328597e-01
3.509703181986952858e-01
2.701929828789245147e-01
2.948255795558398229e-01
3.099229126863621286e-01
3.119741038440700942e-01
2.732573866747114999e-01
2.806392634115576490e-01
3.498000050360223212e-01
3.207210686526106302e-01
2.649074552452299613e-01
3.419961771525530381e-01
3.713346627514058640e-01
2.881900818129330410e-01
3.419844773248680858e-01
3.089392762552870542e-01
2.997207737270058958e-01
3.108453276236791685e-01
3.980206234383811825e-01
3.406519592278553499e-01
4.788165761129029585e-01
3.083388500521156983e-01
2.815185576944016499e-01
3.368331673428092699e-01
2.848125848479971522e-01
4.809686824236618641e-01
2.396197237339549591e-01
3.043483666712858970e-01
4.242881606496251012e-01
2.666139461178380632e-01
2.918203611820412990e-01
4.828409350067348615e-01
3.721337273444851879e-01
3.203632608177668373e-01
2.998035034861445958e-01
2.675161988673780966e-01
3.102120797583140521e-01
2.890419396361052495e-01
2.790786868066367221e-01
4.119100173877471849e-01
4.120802497296438549e-01
3.422497861372033601e-01
2.721304763340284816e-01
4.120160259118852419e-01
3.164787146774639126e-01
3.313655750689020740e-01
2.853394437152778629e-01
2.578941072507049959e-01
2.955684850603225722e-01
3.133964975282034215e-01
3.065194335658630309e-01
3.332792420155108459e-01
3.050387685853147568e-01
3.621458062436341274e-01
3.204702071618429349e-01
5.054169545926839868e-01
3.518195518238599884e-01
4.041175918397388878e-01
2.791652389921115418e-01
3.237839749066933615e-01
3.545477213374157999e-01
2.790205714170049811e-01
3.959037091944793696e-01
3.554115120594230071e-01
3.617303136166454824e-01
5.166613774245304436e-01
2.563464665801587494e-01
2.542243374784823318e-01
3.273897161907660114e-01
2.917752111463275400e-01
2.731784399253116002e-01
2.683892989784424921e-01
2.879874002021412527e-01
2.585527727937913522e-01
4.523401257054022184e-01
5.127860867655261723e-01
3.653082883054195595e-01
2.807552431244784708e-01
3.752820947449425071e-01
3.699976784198145685e-01
2.849462544035586964e-01
2.964521921789722292e-01
2.701543680731894881e-01
3.087368737491829607e-01
2.750568569385644091e-01
3.853202083531826472e-01
2.566357315172991815e-01
3.489274571041103834e-01
2.985742775972738960e-01
3.756974922153129559e-01
3.102501934047945387e-01
2.796107362093849247e-01
2.704909789787856012e-01
2.766969524306435169e-01
3.502002537756043754e-01
3.195102244559455129e-01
2.830683822034198993e-01
3.543555488649011709e-01
3.153739073316850772e-01
3.477185863427779133e-01
3.097819290840328477e-01
2.806074029722653851e-01
2.947446982294232853e-01
3.144985415405513463e-01
4.427694441906284140e-01
3.818075259702793933e-01
3.369119144622894635e-01
3.721747891585833190e-01
2.849409367202272447e-01
2.314455326398555945e-01
5.109796428593038620e-01
5.119828858179683584e-01
2.349792848409985591e-01
3.517068782898541413e-01
3.682104981711548097e-01
3.310372014601498103e-01
3.230883268644425543e-01
3.367225195420376349e-01
3.001543718795566806e-01
3.991768085873114713e-01
2.945499224611637934e-01
3.032671939911160131e-01
4.740173785204567780e-01
3.146401786612323392e-01
3.712569067948837676e-01
4.495567045745860191e-01
2.824818726788612677e-01
3.865230115635018282e-01
3.387294937079928792e-01
2.985964905690355886e-01
3.334888189526865054e-01
2.778490231007827438e-01
2.579967821046836862e-01
3.093252167745401682e-01
3.079780017257265357e-01
2.686689105107398223e-01
2.942003053026480686e-01
2.721998497298663278e-01
3.237966641825417713e-01
3.420619419267295624e-01
2.952633228119968534e-01
3.164079704017822570e-01
3.455828885619524060e-01
3.774222046374482442e-01
2.935495432014380568e-01
3.489787650732028013e-01
3.062145359010455814e-01
3.659190363671990798e-01
3.652739117265996760e-01
2.705580095275975649e-01
3.351832732339768417e-01
3.422405804126559814e-01
3.442714019719850804e-01
3.370664511378748673e-01
3.421101149019374899e-01
3.334626690160200080e-01
3.671999426610933481e-01
2.629214793099119429e-01
2.787068701833190776e-01
3.792434731690403349e-01
3.100715136648306003e-01
2.952131048901388555e-01
3.896377662479314496e-01
2.667282197687411149e-01
3.061131783739435841e-01
3.146786223390594661e-01
2.599627660902896209e-01
3.927730022664058240e-01
3.608941247573629330e-01
3.581975580593190212e-01
3.985407773439343382e-01
2.579971055650091549e-01
3.959341737820092355e-01
3.142577901426660825e-01
3.441723974658317808e-01
2.447278718064956615e-01
5.117048020417320764e-01
2.527657959117421971e-01
3.670034960316518879e-01
3.071702082463276806e-01
2.418303644935223540e-01
3.386809803782957484e-01
2.869749705881045054e-01
3.157279308368264870e-01
3.883758664682432360e-01
3.334089185579081072e-01
4.098774418346442516e-01
3.527226397368006805e-01
3.066707840118683692e-01
3.832456243615839919e-01
2.925611927576344806e-01
3.624653715317353586e-01
3.680486940067683732e-01
2.872531354430418737e-01
2.823692486720195682e-01
3.866874812247525495e-01
3.042562247519366991e-01
3.991214026402254977e-01
3.055502682439098505e-01
3.648736238756841721e-01
3.613155085081564133e-01
4.117627239844256493e-01
4.309496926942610329e-01
3.326811841425632577e-01
2.940091303864368344e-01
3.659632820007939213e-01
3.950052361286880420e-01
3.325439050406548414e-01
3.843078196257059265e-01
2.553152361919657221e-01
4.691627433660729984e-01
2.850860401804072297e-01
3.033436356541549528e-01
3.444521039319120015e-01
2.492776676995290541e-01
3.517306878456553099e-01
2.935826413038175597e-01
3.417310219379619540e-01
3.387929281251399471e-01
3.102949305991322126e-01
3.227238337327115736e-01
3.566019044248175951e-01
3.130366689330715824e-01
3.879498460618956424e-01
3.072785973230563461e-01
2.902042764496788330e-01
3.008711809870013854e-01
3.047239842468731919e-01
2.612962026938855931e-01
2.890132364045848723e-01
2.613296972451792932e-01
3.389054261321277073e-01
2.724943658500113552e-01
3.049215030245691072e-01
3.745833649301001378e-01
4.936377424926747248e-01
3.263733326786520395e-01
3.016615565714130809e-01
4.487493880955975012e-01
3.705661858399925679e-01
3.435848715931163477e-01
3.196416746946534881e-01
2.520334005887669426e-01
3.183666284500840105e-01
3.290184305076788718e-01
4.402997013228912015e-01
2.574016489324395529e-01
2.908250750781075089e-01
2.693701354321467734e-01
3.187888258919510109e-01
3.744990184320802773e-01
3.433070880363528476e-01
3.812629862780942402e-01
2.475865492773010601e-01
3.236575938736800939e-01
2.779809719413978697e-01
3.111518520701707091e-01
4.292329623834297836e-01
4.614302641057329568e-01
2.707393982658665155e-01
4.074391239044284352e-01
3.562268481381855589e-01
2.693594423343330102e-01
3.029395870109760081e-01
3.097296563096845756e-01
3.023544558039393815e-01
3.347312555919774169e-01
2.868262765258103864e-01
2.912352179849534428e-01
2.423436363645756209e-01
3.441864024446488202e-01
4.400942534885561308e-01
3.928374508267397647e-01
3.335055651790240772e-01
2.869041716011540011e-01
3.802043083947009294e-01
2.955577531392063473e-01
4.000179200397211421e-01
2.463829790497801264e-01
3.272132230727566871e-01
4.684478522113966203e-01
3.855219171611540818e-01
2.439356193466442335e-01
3.033564074332006921e-01
2.897246552976797118e-01
3.583180855781125107e-01
3.436422162982089579e-01
2.581381401733082726e-01
2.587131207996749560e-01
2.444613809331935284e-01
2.562566211727909105e-01
2.882624133712736181e-01
3.003668092266550405e-01
2.473136705825627890e-01
3.605925609652716468e-01
2.914876079874076376e-01
2.812054002847588219e-01
2.868779075536702639e-01
3.594105365671768637e-01
2.935820185665569126e-01
3.284750509117854156e-01
3.810753605878005046e-01
2.922423056580160661e-01
4.011635875604395718e-01
2.734829531707611006e-01
3.761626511315738774e-01
4.089463504950628381e-01
4.202263148956346672e-01
3.223039723476268659e-01
3.466186589543311936e-01
3.153449199318809071e-01
3.366340903159795173e-01
3.485879715393764844e-01
2.338984265954427988e-01
3.619244611820132129e-01
4.112989555854038581e-01
3.650900987336047065e-01
2.691476860796694903e-01
3.629635649071341064e-01
3.164621956499308886e-01
3.485659225480514101e-01
5.183156727694343546e-01
5.169106118769315472e-01
3.126991160362726507e-01
2.817702929663722378e-01
2.676017171450424947e-01
2.725956700674075361e-01
3.602449415035531288e-01
4.115597924715155842e-01
3.046341668030057015e-01
3.098705747519299725e-01
4.092613834473962653e-01
3.461472206735450863e-01
3.070936907937633631e-01
3.944287209001620109e-01
4.099594345277704499e-01
3.062401716053785306e-01
2.894187122116471111e-01
2.916228860811977963e-01
4.105157001349335477e-01
3.273373518104975566e-01
2.918712829214112348e-01
3.408376622199650319e-01
2.557244389655919936e-01
2.422347519679012018e-01
2.786419957845375772e-01
3.844197722526025984e-01
3.331437973306566880e-01
2.795091519522029389e-01
3.232440048830831358e-01
3.463910101612787673e-01
3.254658630142681086e-01
3.015834675412673027e-01
3.030485066990982745e-01
3.407582504766177856e-01
2.947248976110189433e-01
2.912911663803397500e-01
2.722403218209233922e-01
2.734086386463427942e-01
3.043797983807250973e-01
4.531078352331627812e-01
2.962000062561401248e-01
2.991772157000823218e-01
4.313402357412675081e-01
4.109585532249387385e-01
3.329462232061226046e-01
2.992233499998233071e-01
2.675757823448928208e-01
3.065394978840039197e-01
2.558026088041520096e-01
3.651423290694700841e-01
3.132607196826180385e-01
2.771595353865355937e-01
3.546732383810857758e-01
2.959488485894823384e-01
3.309671987099856993e-01
4.098814305949376458e-01
3.364275362272762249e-01
2.913284607860254782e-01
2.925428256470916089e-01
4.657200273606618146e-01
3.200058876418528375e-01
3.109878027230886244e-01
4.419152896662910113e-01
3.178600842292849671e-01
3.111099612169735962e-01
4.514814463330941718e-01
2.530503309815008151e-01
3.362604512256114342e-01
3.454412917917802361e-01
2.836643680693992087e-01
2.565321925261487834e-01
3.305657268090973488e-01
2.408450813141888025e-01
3.843859013728454510e-01
3.513816111974678580e-01
4.444785002349095349e-01
3.139968050600770999e-01
3.952615495553235547e-01
3.941290771038983842e-01
2.949026545056724902e-01
3.067643614991382162e-01
4.576700787519081270e-01
2.336479052750449481e-01
3.647069645826098716e-01
3.017387856578948591e-01
4.038247754687919744e-01
3.401184198532897773e-01
3.777751834213993742e-01
3.019978689967165453e-01
2.533575189810291506e-01
2.634687439117038843e-01
4.589713166871665084e-01
4.635984696763637558e-01
2.801705289814875877e-01
3.199409244808698038e-01
2.695091527404072096e-01
2.847821759984271450e-01
3.688850918655532385e-01
3.117906912771845618e-01
2.995192549977177543e-01
2.704295040002788197e-01
3.084396592019583716e-01
3.616360716067393288e-01
3.531732392163655643e-01
3.503140007981320747e-01
2.902704026692168315e-01
3.797418889752621207e-01
3.960494284322285674e-01
3.587183278544085474e-01
4.479377543399701289e-01
3.804548180082896192e-01
2.335655647033019200e-01
3.089445169151099346e-01
3.589386331216533055e-01
3.874796561597832478e-01
3.070672253114281602e-01
3.424670461195516435e-01
3.177209008636718290e-01
2.811727201220294847e-01
2.908324802877678139e-01
3.122084784242289968e-01
3.440759636670233657e-01
3.705200343383359685e-01
4.094957923707397973e-01
3.127832091179104101e-01
3.307676711241370193e-01
2.686827727795347287e-01
2.735080290321957319e-01
3.320013528602774877e-01
2.945978260586696318e-01
3.561021960905227934e-01
2.902342387930972878e-01
2.480961023789176045e-01
4.657228357915103589e-01
3.309707907370840752e-01
2.409036014748293930e-01
2.857060960643424408e-01
2.766212932518144485e-01
4.456542817843300308e-01
3.340268346157552193e-01
4.063889036651823217e-01
2.918647576362675689e-01
3.617604846033927180e-01
3.577778815455474049e-01
4.089082701828883892e-01
2.698084509872973324e-01
3.419613545838953717e-01
3.025752915545809052e-01
4.168862371168182146e-01
2.809699155469005394e-01
3.620449466241306702e-01
3.415544116609682823e-01
2.654305122408424089e-01
3.875358214247009436e-01
2.695116645059170701e-01
3.605270756767814944e-01
4.238543451606485712e-01
3.569946776727832005e-01
2.569299101699633048e-01
3.810308466749198208e-01
2.699083159102799723e-01
3.792658053428099030e-01
4.638961806881948258e-01
3.121103416542346243e-01
3.657202160274218294e-01
3.846668728035992357e-01
2.983342920117091901e-01
4.706953791183932090e-01
3.633010481186227381e-01
3.225432873822291491e-01
3.208573527330105257e-01
2.433571608866998137e-01
3.565137979510479282e-01
3.670160594595152648e-01
3.456797676599032143e-01
2.974888247301761823e-01
2.917720340274795321e-01
3.127055241646413686e-01
3.501712949009406217e-01
3.046849276069286128e-01
2.863415585406631769e-01
5.040889293351711320e-01
2.643853480204159112e-01
3.731506303130983637e-01
3.639952522311132310e-01
4.186150951076308968e-01
3.532437190411881756e-01
2.390052554793440642e-01
2.988996680124134664e-01
3.003078728127105967e-01
3.150254641457466698e-01
3.719225487538046493e-01
3.645570300733609881e-01
5.185098225165055696e-01
5.174386764960561269e-01
4.456113468998662008e-01
2.662736986868363687e-01
3.325348155545303497e-01
3.905886188005526782e-01
4.438610009877879126e-01
4.508120052872829353e-01
4.420595657491792618e-01
3.394505495386017091e-01
4.454680927830801940e-01
3.522611279453377597e-01
2.858036032051419761e-01
2.692613910956505596e-01
2.887354796782392041e-01
4.644507883896377698e-01
4.206893717465581273e-01
4.790368739393678355e-01
2.416876152789907695e-01
3.446411742714365900e-01
4.725470737977631175e-01
3.004982755969690666e-01
3.097638584995194844e-01
3.887394924061807200e-01
3.273682289836108428e-01
2.664662486759064031e-01
3.430232509373558614e-01
3.417508163141742550e-01
4.590206853427236111e-01
4.023341186423322058e-01
2.886514520891371727e-01
4.705842406571746905e-01
4.615190680992693473e-01
3.747020578092959964e-01
2.381611739122106997e-01
5.028114557998781819e-01
3.164085222774922768e-01
3.205455066572650558e-01
3.019257693914470519e-01
2.880862997647006818e-01
2.394481442590281339e-01
3.504089717350568622e-01
2.506918781192777335e-01
3.827213358277773425e-01
2.497647338596732380e-01
2.612971188244134768e-01
3.478677825811783419e-01
4.389386123834543851e-01
2.599093326082260735e-01
3.084497583067219439e-01
2.551390022023636850e-01
3.415622871616295630e-01
2.666985099321615982e-01
3.902556633674004183e-01
2.963959092154108688e-01
2.923726483158471945e-01
3.543168189577404759e-01
2.751199026195974007e-01
3.504557203336495230e-01
4.016369758256371769e-01
2.995088551807729704e-01
4.694163520751204466e-01
3.007076670078296377e-01
3.008336187180474242e-01
3.379940711507192219e-01
2.607919676495583094e-01
4.994310475032566754e-01
2.880616274511519914e-01
3.167121448256922100e-01
2.683435597646356974e-01
2.925026462483151235e-01
3.623977899705175254e-01
2.942212115428561869e-01
3.937256302679338904e-01
3.542547823772406734e-01
2.935209412056706269e-01
2.572739638682348673e-01
3.103650186731751193e-01
3.394093514077536899e-01
2.912553324784682984e-01
2.564335618951772977e-01
3.594678111848313984e-01
4.009093005680982036e-01
2.987574795062412636e-01
3.461430811090867032e-01
2.793851028208781950e-01
3.466830238379110529e-01
3.579860020200921200e-01
3.635948255522213901e-01
3.528804579527685670e-01
5.099019875114895184e-01
3.775347390075353138e-01
2.928701017967944575e-01
3.408405257541360367e-01
2.718158901819524575e-01
4.986732096954304416e-01
4.700923839791681935e-01
3.025338309699172612e-01
3.192019666117305032e-01
2.983322873208544834e-01
4.055714490540923145e-01
2.813830607843550435e-01
4.386623137741148537e-01
2.552628123452728159e-01
3.803207504313768639e-01
3.976117540926424332e-01
3.235274424170960228e-01
4.968748304788871972e-01
3.964133169772617871e-01
3.038821045249766040e-01
3.403185603346251531e-01
2.946962906678535776e-01
3.333822998010078087e-01
3.457816376469123321e-01
4.192391113421032878e-01
3.943817590891594560e-01
3.314790119372632571e-01
2.594232835735203468e-01
2.332030514259596510e-01
3.474688076676735182e-01
4.722394145656133579e-01
4.682412388766495903e-01
4.776209879844349748e-01
2.637606256610928179e-01
2.975966629837205057e-01
4.637688559426696999e-01
3.370674314562281948e-01
3.634123573083909986e-01
3.645458895191713844e-01
3.232760237251822155e-01
3.851596111326284766e-01
2.981892772127356372e-01
2.615457346847819831e-01
2.431641076736155982e-01
4.937083634848756786e-01
3.127412953664263084e-01
2.669848917981242908e-01
4.135308740517680826e-01
3.791685952089847711e-01
4.752171615878816313e-01
3.695810197068838954e-01
3.099146457586083314e-01
3.136494933598268364e-01
3.349952961622215675e-01
2.827944963145553881e-01
3.512931361572569355e-01
2.576401992372910343e-01
2.592448533572777603e-01
3.221597763132553749e-01
3.780595517365875624e-01
3.434987055175039994e-01
3.949880464431503868e-01
2.460761252242799901e-01
2.961618291777267653e-01
4.494824582102919241e-01
3.968889921392019793e-01
4.105001820037760263e-01
3.603617847626067183e-01
4.127111496204082242e-01
2.584570765071281806e-01
3.311553897860352591e-01
4.077531320894713929e-01
3.280015953039868148e-01
3.608545936528634868e-01
3.739735994532955576e-01
5.141181527308321675e-01
3.107972528854159866e-01
3.402036493083923641e-01
3.018333099204867920e-01
3.367549725876359257e-01
3.585887513171696628e-01
3.551819922000913343e-01
3.693465832643630375e-01
3.364159982059798382e-01
3.133643131751698840e-01
3.033670282737105928e-01
2.951485813214210219e-01
4.098895388380013882e-01
2.391673308572100920e-01
4.690137837695270706e-01
3.650845608817345211e-01
2.698827455334500969e-01
3.135116166134450100e-01
4.915058183969601702e-01
3.561106313749252128e-01
2.554638470541971684e-01
3.740099878332418526e-01
3.735015125630770094e-01
3.435245539305515350e-01
4.680310791950919036e-01
2.958970254775741826e-01
4.884989195703470233e-01
3.397422157224612715e-01
4.101119581466861064e-01
3.611123269594940233e-01
4.486881721682449142e-01
3.865270999700815002e-01
2.711851155726888729e-01
2.578942922998805898e-01
3.580465072460973786e-01
3.519823713049269331e-01
2.831256872123006918e-01
4.276935347741273596e-01
4.573439693383195004e-01
3.449334102639216026e-01
3.036498299473859852e-01
3.117800964796572649e-01
3.774673087842153052e-01
3.648053812532942586e-01
3.359349864248853401e-01
2.867497562468243055e-01
3.072518599043853604e-01
3.643582984057309182e-01
2.948749222944793691e-01
4.955028940498017453e-01
3.348317052615524814e-01
3.827864350664733073e-01
4.009700161984930400e-01
3.409991816321960023e-01
3.426768367946759763e-01
3.002616909814205814e-01
3.919444708922509291e-01
4.042038319838119897e-01
2.592569905123311425e-01
5.068373822587018962e-01
3.065329490026199033e-01
4.321257929464039083e-01
3.152881692891394416e-01
2.419595041829493143e-01
4.027554699216983614e-01
3.043069762350488761e-01
3.143974840576143626e-01
3.105062112796583840e-01
2.385006131771067739e-01
2.833416659326706832e-01
3.651962106352616422e-01
3.590278017727428495e-01
3.171488332869601412e-01
3.098894581435505668e-01
3.239675452214015872e-01
3.331479184816451555e-01
3.217128749340800731e-01
3.077173411742659681e-01
2.471872885594048330e-01
3.619966886793274385e-01
4.444729224110917087e-01
3.857416504443260119e-01
3.344633930825843815e-01
2.706505169682884571e-01
3.406149153227607806e-01
3.427831126290930563e-01
3.215965786548865557e-01
2.394115900703243371e-01
3.476799320819772832e-01
4.065383312074781208e-01
3.319628967538258424e-01
2.798006610324057508e-01
3.070884163406336631e-01
3.923655241173023556e-01
3.585184486630861866e-01
3.795391934990339777e-01
3.897999582330644586e-01
4.052493574075463068e-01
3.141426717420645054e-01
3.333113411165927187e-01
4.364462716898812600e-01
3.880405262311634740e-01
3.433150175919544300e-01
3.182759865998161519e-01
2.805423750947697581e-01
4.886164433627381287e-01
2.951139792564059228e-01
3.814774125147134543e-01
2.850652219786166119e-01
3.065727920780124682e-01
2.698817653209517053e-01
3.376009417770891030e-01
4.717189602285027372e-01
3.624094883800444422e-01
2.554751957712691479e-01
3.807305633214328466e-01
3.144710583877391996e-01
3.525329154659626596e-01
3.420322002076899293e-01
3.681454970020474060e-01
3.448160172519059152e-01
3.110930496635705422e-01
2.396609727169686233e-01
4.631950963037853031e-01
3.181911595392007408e-01
2.909579098131502284e-01
3.080243697764694089e-01
3.037323476023623958e-01
2.583836471612803165e-01
2.439256410788779861e-01
3.773479317837234448e-01
2.813996032022479943e-01
3.589782316569334331e-01
4.501121985396595582e-01
3.219943443676564487e-01
3.865292991500756670e-01
2.430046364787677438e-01
3.924105775065838686e-01
2.672729588385635013e-01
2.755446075643260828e-01
3.558209971534718186e-01
2.781451888920489779e-01
3.248298688884267982e-01
3.363554601244863607e-01
3.330636391024299203e-01
2.559507898210351962e-01
3.078592509875342498e-01
4.792965935872454120e-01
3.383467560713335764e-01
3.330752296481639396e-01
4.833091434097399608e-01
3.681510657357496830e-01
3.677477491979890822e-01
4.653379405729085594e-01
2.963408061977216290e-01
3.433494617278345373e-01
2.615868356102090675e-01
3.819698191934108866e-01
4.108424991219762346e-01
3.530335261653074208e-01
3.446310361165845215e-01
3.404749888611431907e-01
2.850048934743169005e-01
3.990020861228745774e-01
2.544110669975794825e-01
2.897681713527441305e-01
3.616013431724802163e-01
2.948793866631803651e-01
3.257425655254950758e-01
3.579598283727224439e-01
2.891474863104092075e-01
3.501744399968880206e-01
2.984615397817614313e-01
3.393425986323227450e-01
2.855310613633873507e-01
2.832510057532537373e-01
3.587572602517410392e-01
2.907269195309040155e-01
2.915240834795188585e-01
2.875053573623404524e-01
3.386598110655507643e-01
3.226677349521402394e-01
3.237865308091631977e-01
4.363149380415443646e-01
3.375734209964837418e-01
2.908920443982995208e-01
3.236777033973863849e-01
3.942203930312280780e-01
3.407834393153910124e-01
2.821146947612038214e-01
3.052727867791535377e-01
4.059729469902355059e-01
2.972733528599479369e-01
3.546987396489166278e-01
3.601938138590515814e-01
3.434537738204443968e-01
4.097734344196607426e-01
3.014233109361174057e-01
5.058647622342541395e-01
5.061469228238671958e-01
3.731424587146607297e-01
4.448851569101864856e-01
2.945308800192266707e-01
3.196923884495130319e-01
2.874118897969216158e-01
3.488085301964831686e-01
3.108738195245563940e-01
4.000794846380374414e-01
3.460226823376105765e-01
4.763417053827730396e-01
2.958331919162485169e-01
3.112670840137365946e-01
3.312742941224744442e-01
3.359192052602349987e-01
3.935765437293753943e-01
2.338298056271269354e-01
3.104930936088236004e-01
3.313145780415320263e-01
2.950933992111058890e-01
3.600714415153143944e-01
2.884124443967476248e-01
2.572710371465444790e-01
3.476453318518566982e-01
3.593616464479790773e-01
4.439225547912792891e-01
3.560525806249993930e-01
3.601926450789996181e-01
4.001922742925199117e-01
2.881574570063301644e-01
4.597965756623441647e-01
3.974494202334283299e-01
3.210587467263739114e-01
4.826440635952368718e-01
3.108973634465310720e-01
4.513371902100201671e-01
3.591052517598010141e-01
3.598421937077815325e-01
3.986069475632804671e-01
2.695471595701302570e-01
3.270808312400316220e-01
2.718187871301126490e-01
3.079010217867677590e-01
3.096081071394691797e-01
2.811589049539845453e-01
2.724753486874140207e-01
4.118858063874480391e-01
3.268076345482275880e-01
3.628312000126274195e-01
2.807718020331781972e-01
3.413758215709980504e-01
2.890019462052973442e-01
2.862339515415313063e-01
3.135510311512675341e-01
3.629888550892980126e-01
3.998450935766171832e-01
4.972427171925152822e-01
2.518625965337706329e-01
3.379707120135386211e-01
3.400581764926811079e-01
3.528016615965436364e-01
3.868975155032883806e-01
3.731741182367222520e-01
3.197491053236918845e-01
2.584492580744334189e-01
2.435456881452404687e-01
4.485687865625487825e-01
4.152257199695748024e-01
4.343634945589172069e-01
3.186218690134061116e-01
2.816544527875611270e-01
3.752633388576678830e-01
4.051025128110881668e-01
2.928749038354109269e-01
3.375474803921453271e-01
2.722004719697158071e-01
2.921704472127982233e-01
4.122954176479010635e-01
3.862173822090724240e-01
4.697491692265755026e-01
2.892254599730307296e-01
3.478566643708218553e-01
2.537019216482240269e-01
3.370430507009367638e-01
3.881977454159275531e-01
3.257763421813140159e-01
2.662401381909929587e-01
2.786730626380761744e-01
4.647045974647831534e-01
4.056613961973499771e-01
4.743814551933701607e-01
3.063538196330704566e-01
3.507195589462725471e-01
3.005557243587335670e-01
2.930558217579695146e-01
4.777753226759567928e-01
3.838947835152018428e-01
3.561866262295901864e-01
4.427743485544238800e-01
2.614533424577520915e-01
2.919797316874137016e-01
4.928387604466782368e-01
3.848517692056834805e-01
3.535145979643411485e-01
3.400820147193510667e-01
3.179803100908224489e-01
3.181773173289020318e-01
2.941801639931682644e-01
2.930863319318779414e-01
3.525149391845882607e-01
2.963126072501151009e-01
3.773065559322231755e-01
3.194370377609662692e-01
2.859253610442962223e-01
3.655482889028832671e-01
2.869519231900989897e-01
2.321433288781200033e-01
3.390313815279478171e-01
2.419704536683194018e-01
3.952297897929750725e-01
2.690714201280607898e-01
3.138289782809071116e-01
4.871940918999368986e-01
4.092424859808983517e-01
3.147718024913989665e-01
2.885052181717773223e-01
4.255794515782665433e-01
3.168795560804217315e-01
3.912899327989784459e-01
3.562329337950354557e-01
3.651268884416863925e-01
3.421060618113279661e-01
3.792947401622054904e-01
2.889563397194251371e-01
4.621469483758923191e-01
3.940908202677801397e-01
3.035172626313731303e-01
2.424328173039889400e-01
4.044703390245175112e-01
2.691548931812280387e-01
4.520191571859343838e-01
3.400211310749855498e-01
4.556438939895667839e-01
3.438207925759664829e-01
3.895439144091000228e-01
3.675188669949954190e-01
2.934034194898136882e-01
3.061963903412877608e-01
3.092301656565887291e-01
3.374410390716090502e-01
4.067625174029002588e-01
3.531529295271205182e-01
2.917153106750950409e-01
3.154387204352222529e-01
3.777453675317095083e-01
4.035813805787639152e-01
3.216002912565728566e-01
3.213371597244846223e-01
3.845034687873101209e-01
4.706719257689634395e-01
4.111044059773806825e-01
3.548059554435779583e-01
3.697925472380187983e-01
2.906099980642100622e-01
2.341114740521771653e-01
3.060173173188463491e-01
3.588542745080574026e-01
4.230801579109613186e-01
3.067853276053970624e-01
2.506574961628815768e-01
3.083958009464649597e-01
2.910518919018625361e-01
3.514533732996831250e-01
3.920114135096667285e-01
2.524633869262857822e-01
4.025198012048686325e-01
4.085740282259242573e-01
2.996918452199395788e-01
3.060785018345095754e-01
3.385841611398431872e-01
3.548299812052980173e-01
4.651255691131557235e-01
2.478707193992149005e-01
3.713673804970243908e-01
3.500289462184906220e-01
3.812072955493495674e-01
2.583285350723460438e-01
4.037916698057344433e-01
2.834686251237823473e-01
3.146662923727782113e-01
3.660608975326234971e-01
3.826427243853722793e-01
3.374810441039463593e-01
2.834436345230663679e-01
4.149447394887803009e-01
3.629735774962519201e-01
3.595474867969000732e-01
3.633498146316753719e-01
2.486428643149077300e-01
5.094535765958773110e-01
2.370805330876269434e-01
3.542670844202857605e-01
3.195902132278736762e-01
2.489623221408383824e-01
2.769137744139228419e-01
3.100635139068177448e-01
3.055214872951066973e-01
3.322413099079291054e-01
3.041816183441056198e-01
2.895830546897688595e-01
4.051576371704221358e-01
4.590067076543229985e-01
3.111797527591670387e-01
3.078866763537454476e-01
3.298809461083075933e-01
3.152393210573483096e-01
4.796273183232686588e-01
3.614661368979815714e-01
3.143211572195789283e-01
4.895705850622028010e-01
4.907417862340163195e-01
2.505222361956070953e-01
2.711304250429582563e-01
2.538943007850992251e-01
3.613703855247754615e-01
2.924062080925715068e-01
4.606034962289774493e-01
3.315440833969103829e-01
4.270685745794439714e-01
3.016039557396391069e-01
3.969384663843399386e-01
2.928339395804426815e-01
3.438897534912242482e-01
3.037385769608376695e-01
4.593681224118662532e-01
4.847174479180992313e-01
2.643304349941492104e-01
4.374703076726844664e-01
2.908197758216482520e-01
2.561306817611557762e-01
4.764330446138939634e-01
3.740856158293194289e-01
2.552117001228278448e-01
2.819088595265183961e-01
2.729731016148387868e-01
2.902182861125597313e-01
2.738626344647909772e-01
3.798985181354101459e-01
4.442115180383768847e-01
4.432022527680438140e-01
2.467686499449016080e-01
3.635582593730055101e-01
3.113014190141257242e-01
3.241362541657494822e-01
3.769075504901127638e-01
4.163851712819363615e-01
4.608603269869556707e-01
4.758307788062762778e-01
3.071659536874048468e-01
2.732509443240444535e-01
4.395983285846397082e-01
2.952067264319257478e-01
3.917416490258874839e-01
3.576703183000091713e-01
3.623642471555268973e-01
3.251496414257232237e-01
4.340962796475996699e-01
2.893908056216885627e-01
3.089154207553366782e-01
2.498566044408188913e-01
3.284880700062222658e-01
2.516795513326198774e-01
3.784277337035302224e-01
2.849484994657099923e-01
3.278246363986133671e-01
2.974027181861979008e-01
3.439365460053331325e-01
3.848283444204803616e-01
3.634916489831252484e-01
2.877069121372475835e-01
4.468707747471977187e-01
4.318417276920024084e-01
4.555485699205659156e-01
4.865204753708450847e-01
3.425418461744309528e-01
3.807413082300147300e-01
3.423833758991352005e-01
3.200843577285273911e-01
2.845279813105882072e-01
3.034597710686303129e-01
2.430588242291036039e-01
2.948582591802270669e-01
3.489204754801575881e-01
3.608536490077346448e-01
2.339733737216159737e-01
3.636303368079150111e-01
2.993474029901495581e-01
3.908648036776602441e-01
2.941689860421072833e-01
2.917089935015871327e-01
4.593583141417735827e-01
2.505282355917077264e-01
3.108567093385557478e-01
3.198932480179536575e-01
2.587277009252939575e-01
2.708816581382834654e-01
2.460021049420376138e-01
3.573823709555696282e-01
2.505421862796662902e-01
2.576464845170715612e-01
4.101751892371023334e-01
2.624604539897890665e-01
3.266251314178165166e-01
2.517026651058639763e-01
2.666601602285572081e-01
4.800542921819403452e-01
3.263388357976839127e-01
4.646675433945628986e-01
3.769523021358152093e-01
2.871196860951470975e-01
2.740034854164643541e-01
3.693566351568912109e-01
3.366823227649659578e-01
2.567420241792859326e-01
4.117579106801391720e-01
2.563385323381530689e-01
3.165567751730287704e-01
2.962806187190605844e-01
3.100483259583585172e-01
3.235971934812868489e-01
3.347471505008423609e-01
2.482134097716934273e-01
2.916433378584187830e-01
4.346928653462839853e-01
2.563589709873507205e-01
4.193466791024642593e-01
3.290797327278984219e-01
3.636022848632281534e-01
2.775344322314586276e-01
2.969344573430029999e-01
2.491182916852109630e-01
4.363346495979675832e-01
3.316040811717475001e-01
2.698072000780614155e-01
3.449972100668985409e-01
4.087017991305427755e-01
3.721786337404500156e-01
4.032963101661424798e-01
3.512908420449839531e-01
5.049489766370239829e-01
3.672380319675139226e-01
2.847388585447962472e-01
2.573858036996497511e-01
3.699780418785544867e-01
2.934579998334011508e-01
3.730262353049310087e-01
3.637755391269361649e-01
2.963885363326501654e-01
2.499361996860642032e-01
2.858410680393176362e-01
3.953962061237135117e-01
3.936351986601316910e-01
3.359500781279791126e-01
3.186611988002331364e-01
3.337685974538924794e-01
4.493527411412617245e-01
2.884705522122895105e-01
3.786491264740360907e-01
2.887985814107992821e-01
2.892528956909429239e-01
2.980708711470526073e-01
3.121030674754492473e-01
4.537385474828077858e-01
4.147264454519121735e-01
2.570564386242967236e-01
3.236156116176654440e-01
4.772656494558947804e-01
2.343037505270027798e-01
3.197358951443747821e-01
2.451419687935499359e-01
3.249873585467101811e-01
2.561110543189988875e-01
4.514698349351196072e-01
2.558499887965955399e-01
3.562843336161223839e-01
3.151050548483564917e-01
3.121305151419911939e-01
4.649547311822271323e-01
3.621874415556803894e-01
3.908396734787387139e-01
3.270528799700573308e-01
4.602653017491081244e-01
3.172709050971839750e-01
3.054512141979418560e-01
3.318218596401067422e-01
3.892570704441407625e-01
2.768817225071836252e-01
2.588201771177538468e-01
4.014106375497069612e-01
3.277980308062001802e-01
3.091041934258635937e-01
4.196952078782326678e-01
3.825057265888858193e-01
3.145782601359543018e-01
4.464672789993018864e-01
4.537708031200722303e-01
4.699554029320534010e-01
4.720285565152487206e-01
3.203054019401960217e-01
4.073351768262626349e-01
3.347210129121546696e-01
2.561511583398674019e-01
2.481560012717687058e-01
3.055352489787928061e-01
2.543624331687119877e-01
3.457858950582808344e-01
3.277550189694953264e-01
4.135617994991325763e-01
2.922520036068232407e-01
3.408498054724758974e-01
2.989058586344914281e-01
4.484406712901018999e-01
4.665170861593295193e-01
3.503352084296483260e-01
2.908091682942959832e-01
4.524758604351724056e-01
3.632734172282093832e-01
3.380975684882993604e-01
3.769072253248100801e-01
2.706912237001867783e-01
3.367685899986797571e-01
2.368090566539419461e-01
3.858158757135321526e-01
4.400494611207483864e-01
2.992319110991399356e-01
2.457907395911222426e-01
3.700006613733929361e-01
3.968031271315580200e-01
3.017717046051321961e-01
2.474691356052795554e-01
3.935976420340693838e-01
3.117832372972218491e-01
3.270385637916423116e-01
3.461392145862667857e-01
2.964276590006632572e-01
3.242911154881196190e-01
3.219131713411704232e-01
3.744707486360630000e-01
2.965833282066195897e-01
3.609666656151512831e-01
3.053117500015696817e-01
3.626233508174397380e-01
3.055154607040585502e-01
2.862697851801260240e-01
3.610778769170738256e-01
4.588044341222560218e-01
4.095847984771854855e-01
4.556963947628928091e-01
2.478642028663429198e-01
3.391349590983512852e-01
4.862425255655445921e-01
2.871454556933485947e-01
2.970890079675999051e-01
2.638196969599802544e-01
2.524816077525698921e-01
3.406412460271193154e-01
3.170706515519105539e-01
3.602603142269867331e-01
2.635136582044892983e-01
3.063238176005949609e-01
2.887326599833063279e-01
3.287741669880763218e-01
3.318668092116514590e-01
3.841151523855568239e-01
4.034165431278797787e-01
3.011191346838516525e-01
2.577977628684180456e-01
2.782752994225428655e-01
4.272404092286344324e-01
3.125846131582570853e-01
4.531382650207904095e-01
3.557298745557280761e-01
3.020446898266548330e-01
4.262972298719123199e-01
2.869265217673139801e-01
3.150008911685648338e-01
4.563073412816796015e-01
3.429219124509519379e-01
3.141775222520452604e-01
3.871783801113728996e-01
2.533094300492800266e-01
2.644207624116729494e-01
2.590075839752340459e-01
4.743636564778960230e-01
2.818617438459220526e-01
3.286113650362488814e-01
4.815678507377332829e-01
3.273811358450100517e-01
3.889612193693590680e-01
2.624678056755436195e-01
3.894528770541889617e-01
2.996195673476172439e-01
3.140605858660114325e-01
3.028934653132213106e-01
3.895920051658818273e-01
2.485992817810312450e-01
2.644812945650356073e-01
3.576403975680255143e-01
3.014488163256038300e-01
3.581584399851022171e-01
2.924127610256800902e-01
3.585502355750025960e-01
2.862646081560343281e-01
2.543680442466481617e-01
4.945305252869268697e-01
2.463699133705460897e-01
3.598591667952233952e-01
3.618760145754461033e-01
2.937675124231142187e-01
3.570106774250130788e-01
3.407806573117421189e-01
3.101380764684271152e-01
3.199115688331668483e-01
4.934105562533092626e-01
3.516778897682756311e-01
3.363492229886921869e-01
2.552604700297427254e-01
2.658289201340337526e-01
3.923901195088601024e-01
2.884100378818834076e-01
3.381325746903374729e-01
3.902631682932598545e-01
3.333719835760232675e-01
4.574478932490047556e-01
3.007281059897443654e-01
2.992039376006291329e-01
2.989474895690489853e-01
3.459111170546800840e-01
2.613165101443482019e-01
3.030634975517657592e-01
4.237724596223291784e-01
4.544624529418652137e-01
3.339560565497293743e-01
3.251148496063763771e-01
4.177270421743039530e-01
3.379948451888238892e-01
4.204625840187192209e-01
3.816951237489051851e-01
2.826935450635726932e-01
3.740608194867271474e-01
2.945034399362190802e-01
2.625257435665683259e-01
3.068337635922995799e-01
4.615548370744260165e-01
3.392077619590270765e-01
4.338080422457228358e-01
3.740010112322129099e-01
3.726141420916341818e-01
2.998299089861339861e-01
3.236474785055653558e-01
3.543032473782195546e-01
3.170162762086169983e-01
4.756997244337290431e-01
2.951247501579356558e-01
3.280442646879312973e-01
2.917917811409728723e-01
3.933770884292476788e-01
2.693648260796133731e-01
3.769698820640748349e-01
2.775967581910995241e-01
3.606720390088308803e-01
3.623675178286909770e-01
3.545676308452360148e-01
2.606104434910255230e-01
3.122225240897401055e-01
4.477734822316619678e-01
2.339317725668897396e-01
3.167123242719844800e-01
3.072714420027036764e-01
5.051944197044380136e-01
3.387391607144991101e-01
3.185331963076974970e-01
3.988541947552515787e-01
3.746028838521739401e-01
4.643354352875011526e-01
3.629268170660164272e-01
4.527842117010170697e-01
3.685942655302571480e-01
3.108758340512876028e-01
2.500651820708056361e-01
2.508947300944445180e-01
3.898295459451590061e-01
3.297142814842486391e-01
3.010453546789611523e-01
3.361012472658276851e-01
3.495266489859145120e-01
2.910593316384802454e-01
3.655973001048603011e-01
3.168784154411971588e-01
2.450066614678211019e-01
3.421366500093434015e-01
4.091962187569771481e-01
3.048172964595133871e-01
3.920997990982185710e-01
3.341021059079091193e-01
4.188463391273488101e-01
3.026490753439186054e-01
2.516310582855586508e-01
3.139537513260849400e-01
3.864262839314527853e-01
3.505932227941277457e-01
3.534436793154507317e-01
4.675776668474692643e-01
4.204536425544943001e-01
3.431427358378962844e-01
3.279610903961152069e-01
4.635372473720048014e-01
3.213624359127761343e-01
2.330110463773810425e-01
3.394030522604073452e-01
3.661301772512524644e-01
3.674943462475439571e-01
3.243911955851138673e-01
3.273897573348898415e-01
3.285720568449412848e-01
3.344837361510981655e-01
4.643883081755435516e-01
3.321881036416083899e-01
4.717282890801909878e-01
2.775291208633377527e-01
2.503658437734059272e-01
3.425601441243268930e-01
3.083718038558417862e-01
2.417706254212101946e-01
3.333043362054062264e-01
2.820823888759129150e-01
3.259485049196039208e-01
4.698960767325806587e-01
2.497411016457126987e-01
4.484387209887490400e-01
2.920582888334763427e-01
3.802705594661369704e-01
3.380723455845814907e-01
3.568280432973862104e-01
3.269641702270590367e-01
3.566738381010555736e-01
3.188092544877756396e-01
2.744287224801728597e-01
4.923079398565347042e-01
2.608271920251409859e-01
2.841307509342325677e-01
3.308020514454653171e-01
4.788382182358052463e-01
2.334457428844955440e-01
3.818923638198728487e-01
2.630707726161766735e-01
4.434014680638843076e-01
2.403216920075738616e-01
3.033516724171483880e-01
4.539141995949710351e-01
2.782414243453809610e-01
4.137510317418794381e-01
3.181496164450445252e-01
3.064976243151036339e-01
2.747566853292754407e-01
3.187068701975001028e-01
2.425883923363314487e-01
3.219546758506487971e-01
2.366068341220538551e-01
2.910375481392667996e-01
3.660935187551805359e-01
2.970032577774743276e-01
3.722964051164393551e-01
3.354369620314671674e-01
4.813131044169953743e-01
3.011461164576825777e-01
2.866052205856865487e-01
3.261296155685237674e-01
2.967181491105143065e-01
3.619887446054145808e-01
2.525408416831180780e-01
3.401264520023984939e-01
3.561397450937943132e-01
3.458293374234917006e-01
4.129908406904621576e-01
3.525452951322997630e-01
3.139137576212954195e-01
3.418897431934785902e-01
4.872692380198870299e-01
4.791147614162865054e-01
3.380035124265878821e-01
3.421695676917914097e-01
3.107103178801544074e-01
3.965205586192441789e-01
3.160929671228813742e-01
2.750741518808448860e-01
4.566671205752333984e-01
4.211129300067578685e-01
3.307271742440603401e-01
3.064461560806089890e-01
3.996019893346400842e-01
3.669531312205671636e-01
4.690903777419361265e-01
2.787933925916300515e-01
3.329910528129980118e-01
3.350573913615529364e-01
3.357912901150308382e-01
4.950193664974841257e-01
3.093178254605276067e-01
3.586632466796332297e-01
4.778022438757306145e-01
4.166833486483591531e-01
3.489394676378313465e-01
3.395437162265051434e-01
4.868118367565970050e-01
3.550482704334270712e-01
4.763608420355698314e-01
2.711322443613146671e-01
2.540339359954549847e-01
3.926666537175610427e-01
3.554123132880460112e-01
2.564393102204224340e-01
3.095704822823854840e-01
3.577674117522540720e-01
2.914658291216200015e-01
3.381933342303104495e-01
4.454667034095447509e-01
2.764907572336856578e-01
4.695679642671453102e-01
4.028982739745906039e-01
3.418115125594998749e-01
4.177671636904518593e-01
2.944294299506760582e-01
3.770901492355056006e-01
3.597075355353812065e-01
2.518086213562898412e-01
2.377931681980780809e-01
2.457416108583486136e-01
3.368177569637448299e-01
3.725610153857671358e-01
2.874242653827631111e-01
4.238981938479899902e-01
3.417252591119048777e-01
2.937302917375732569e-01
3.182143734450293415e-01
4.599022366144924212e-01
2.925787923157089354e-01
3.083743860602080611e-01
3.416067245197954017e-01
3.354740309392461040e-01
2.944504340702317480e-01
2.452405779402154762e-01
3.885205586040849091e-01
2.441549340271227109e-01
2.835419545403564667e-01
2.534093616473865884e-01
2.968044273568970493e-01
3.133188801284059188e-01
4.038348066850423468e-01
2.803856960395494369e-01
2.892259583202472784e-01
3.128202680765335697e-01
5.016296926565988468e-01
4.622385809020804759e-01
3.410004660376176888e-01
2.669803855697185369e-01
3.129360810984610497e-01
2.972103203053648168e-01
3.403126340683373385e-01
3.051637779551605312e-01
2.333743177471071795e-01
3.095610604655558151e-01
3.113241422484143150e-01
2.616730428385689033e-01
3.597024086020482736e-01
2.895624543870059520e-01
2.647986877420764884e-01
3.481577289385666130e-01
2.621332465906685560e-01
2.911672856582855906e-01
2.682325896051440672e-01
3.168319472147654303e-01
3.171513479704542449e-01
4.831458017777120473e-01
3.024951290894724587e-01
4.476375206383715333e-01
3.609182342907641949e-01
2.596559633903587350e-01
3.359633659561336305e-01
3.311199449877637591e-01
3.145597691600885426e-01
3.119557174382677767e-01
2.467617909351671468e-01
2.773790316142514811e-01
3.468220400412100890e-01
2.487610821686700724e-01
3.781280013203243695e-01
3.062618948608544223e-01
3.368022919585813568e-01
3.339907844203960918e-01
2.703133531424313785e-01
2.764837322647534790e-01
3.459147652532597594e-01
3.168636088437107867e-01
2.524949270077185282e-01
3.909694700360766828e-01
4.710403727626625292e-01
4.776490475454221452e-01
3.947025997153675858e-01
2.837552445661934430e-01
4.643976155241225645e-01
2.694314731683513653e-01
3.483626040242648325e-01
3.026672139028458997e-01
2.833409351881984173e-01
3.259046494700879038e-01
4.420667989028652101e-01
2.442031606922246967e-01
4.703956700141204150e-01
3.375617929137022522e-01
3.996949832943117453e-01
3.075162145323610541e-01
3.019322090214473508e-01
3.261865703004578898e-01
2.952510602637140047e-01
2.794226265915268348e-01
2.998045789735825362e-01
2.864003297123565162e-01
3.387452340981434995e-01
3.501203868808466235e-01
3.250804595532672536e-01
3.248069948321041789e-01
3.056013860957322303e-01
2.382550341191880527e-01
2.642722614384112600e-01
3.966914743216998773e-01
2.693932637436794453e-01
3.456738415933907627e-01
3.859977603753437236e-01
3.390282292947627840e-01
3.447385726222597646e-01
4.546083030482308551e-01
3.665131316570420794e-01
3.524569505269368186e-01
4.737535082472997261e-01
4.695197600442339025e-01
4.211782144567277064e-01
4.433368435511097494e-01
3.623860005458190980e-01
2.412962049814663112e-01
4.684644524246251440e-01
3.017787264194921604e-01
3.061062601732631450e-01
3.058927883292609784e-01
2.735438959363493128e-01
3.508458913706054005e-01
3.232140596297799484e-01
4.645301496708690858e-01
4.793011751920124297e-01
2.491765219673110487e-01
5.016071918396601825e-01
2.467812970970471032e-01
3.950743214161303585e-01
3.067915854412455734e-01
2.654887095318049228e-01
5.018847842068627774e-01
3.059372794524014005e-01
4.307697710102308952e-01
2.764793580290499930e-01
4.788032332031436633e-01
4.579517095762952739e-01
3.633097847475738607e-01
3.872888925935545346e-01
4.438800861934893427e-01
3.186623125511551247e-01
4.548734953167526962e-01
2.697473577265285805e-01
3.659839343450532745e-01
3.439031815467821773e-01
4.280581582546955643e-01
2.799474805860668325e-01
3.037619907571558753e-01
3.691395386942054602e-01
2.563432888890167516e-01
2.882389405371013624e-01
3.053613093485906815e-01
2.534772761621399972e-01
4.579140630242248267e-01
3.048509657360060632e-01
4.062045372145319799e-01
2.524824474280319420e-01
2.891874643899202679e-01
3.378675746640634192e-01
2.733647763521963037e-01
4.615094735350053212e-01
4.491023350722255780e-01
2.908454981632175307e-01
3.869416193890521383e-01
2.562206945479744702e-01
3.861069771742526302e-01
4.605838402084239114e-01
2.977476645372612585e-01
3.348874787790337426e-01
3.202312844873798081e-01
4.574063958483373105e-01
3.429101711522017371e-01
3.112898874751152678e-01
3.358164022972097706e-01
3.125312213857098231e-01
4.008771208152273058e-01
3.314474287654344264e-01
4.920463928693564748e-01
3.149040327397668593e-01
4.160782140176048638e-01
4.745765007558327420e-01
3.365400793208804808e-01
3.421171577276433950e-01
4.974247596754441947e-01
3.001341311173693627e-01
4.293227915166802355e-01
4.478163124252936833e-01
4.432683975486678696e-01
4.179296187979283372e-01
2.992979633038755916e-01
4.699700825946878657e-01
3.148267700649538536e-01
2.692375179020258247e-01
3.260313904121395767e-01
2.681756582709281522e-01
3.071550455793811141e-01
2.374149072031272734e-01
3.273618769218358815e-01
3.783195467371678333e-01
3.088652226794292854e-01
3.515885853616071421e-01
3.156091036527017835e-01
3.804945658094766037e-01
2.735065016551040395e-01
4.110149204969093528e-01
2.691241884833095455e-01
4.773217134400677408e-01
3.594797460487442753e-01
4.587528375448183260e-01
4.399009181611954200e-01
4.703513385715342721e-01
4.119715398146593932e-01
4.187048595381535621e-01
3.879732347196901965e-01
2.537905619848452310e-01
4.700878023201083278e-01
3.425847725359573714e-01
2.842215163102436715e-01
3.372770571168141607e-01
3.617244574092466913e-01
3.505690511489786831e-01
2.594344135762502446e-01
3.120609223111561747e-01
3.607992661597574924e-01
4.093405919022468087e-01
4.122535512998263818e-01
4.712249029069093265e-01
4.064849414915880366e-01
2.476593926309416660e-01
2.480634870802136960e-01
2.759096470111137012e-01
3.883522745005231758e-01
3.854672742740888336e-01
2.982315817988514528e-01
4.725985377170165425e-01
3.533897379307293085e-01
2.625138072494664354e-01
2.751794528830866504e-01
4.081655986874375142e-01
3.510806170571418305e-01
4.822065982492063085e-01
3.903463774400030006e-01
4.813771602519182347e-01
3.740477152601526800e-01
3.377081148105863240e-01
3.829084136113242720e-01
4.025304009579993014e-01
3.065898287589220450e-01
3.433375573683561943e-01
2.670079580566525057e-01
4.744647684963203549e-01
3.265568721531035834e-01
2.984073007649560849e-01
2.998466551658416912e-01
3.818058121205325506e-01
4.896110060134145070e-01
3.826143984974548773e-01
3.213701429777745533e-01
2.572438560280431163e-01
3.805561418103797222e-01
3.034285319067966946e-01
3.413260977915056338e-01
5.016877138958076854e-01
3.174578909081299249e-01
4.768545264468447842e-01
4.707097325492680673e-01
3.356386145587765268e-01
3.228422582607832214e-01
2.569670454884440125e-01
4.554370617335725124e-01
3.573329996969834554e-01
4.510258561733037075e-01
3.467000177067423028e-01
3.074066903607596268e-01
3.394361914046611362e-01
3.591823001250796232e-01
4.851034034373377102e-01
3.882832370401175792e-01
3.115441604408497600e-01
2.902238556097315736e-01
2.492690663109468074e-01
2.435929143920736173e-01
3.347788934334351985e-01
3.127516845561859604e-01
2.917493488335680119e-01
3.906667226710681673e-01
3.616896737338922696e-01
2.846797802566111146e-01
4.644880537419241451e-01
5.051098354991915285e-01
4.471529254365329553e-01
3.401915793381766195e-01
3.210408466579566245e-01
3.460681713261039572e-01
2.977875704460520301e-01
4.517194431276100874e-01
2.782726711259732033e-01
3.622523000998967846e-01
3.400620162602149832e-01
3.403030041663722138e-01
4.737323919911110570e-01
3.066751868499116296e-01
2.802127412763911196e-01
5.004017650269939610e-01
2.894992929657146941e-01
3.524657334938684494e-01
2.762722804959402145e-01
2.517635645549962109e-01
2.943693565620504882e-01
3.327539061999088554e-01
3.025178583872109583e-01
3.660352975928872210e-01
4.137122833602442928e-01
3.627116295478248209e-01
3.152910885514466632e-01
3.344952792472370429e-01
2.821992769911382815e-01
5.057521053664827404e-01
4.603058948675157747e-01
3.880380841369075462e-01
2.465417059370168529e-01
3.433107514287410122e-01
2.675945144159545541e-01
2.987490480809569249e-01
3.862630944869873129e-01
5.059302541098288364e-01
2.625621174044701633e-01
3.202676518686977114e-01
4.815244373888749596e-01
3.020396828398640432e-01
3.544661436661920018e-01
3.547705396195476313e-01
5.099529556807841368e-01
4.539470981885753154e-01
3.143745133509590617e-01
2.669295999195496205e-01
3.757596788626367257e-01
3.125551067021001272e-01
4.629258177056820855e-01
2.890128935266054189e-01
2.848530965320803521e-01
3.811111471604432532e-01
5.091256446423784165e-01
2.958971302099825396e-01
5.010721545974615720e-01
3.366169396536395353e-01
3.701421303036738775e-01
4.912627063557918894e-01
4.751927733483867766e-01
2.983255128888386287e-01
3.026537659121141810e-01
2.841670269379628633e-01
3.489678220556626242e-01
2.525758931462840917e-01
4.735044832498830347e-01
4.717516551880809872e-01
3.803506802717394053e-01
3.418525850890676288e-01
3.350457817070157107e-01
3.653557552745363424e-01
3.282228962921454052e-01
3.068966125898633934e-01
3.124229551460615539e-01
2.690019420903241310e-01
3.137188406312415023e-01
3.606068515164234656e-01
2.413398107118241709e-01
2.619885078515825083e-01
3.437101691409142901e-01
3.331340003491359836e-01
3.942008189040569488e-01
3.114088024232851137e-01
3.433962954772958320e-01
3.186676198426254270e-01
3.652693817081520966e-01
3.250038557494613345e-01
4.019404465565100670e-01
3.318130096457247991e-01
4.011960213774026784e-01
2.557805380278956320e-01
2.622038984832619768e-01
4.773712282063750090e-01
2.883232827454945690e-01
2.775784099655740356e-01
2.537161658278956344e-01
3.489648180255079946e-01
2.940777345352789673e-01
2.921468139718609303e-01
4.625305418968446713e-01
2.431761905659733658e-01
4.095982948772722843e-01
4.299052318041580723e-01
4.217913392470393763e-01
4.102366909417730079e-01
3.049932334458999583e-01
2.732260802899036944e-01
3.108325269857853401e-01
3.084273302828509089e-01
2.520094567253007289e-01
4.367214413548959895e-01
3.334471503898295830e-01
3.326910092408115194e-01
3.697788124716034908e-01
3.684793778327622449e-01
3.376469246686526482e-01
3.886421844746990040e-01
2.879591388310946964e-01
2.889089174144940930e-01
2.781595756877071612e-01
3.598376032624711063e-01
4.571415899628856194e-01
2.485897128763633612e-01
3.410827890364881432e-01
3.343422070775879940e-01
3.322203538123102429e-01
3.190602182648215046e-01
3.109936474516579175e-01
4.655609056339661822e-01
3.978533040394593989e-01
3.369154350836543466e-01
2.697232780265608754e-01
4.215956774140687258e-01
3.471489184901696556e-01
3.361574607450711349e-01
2.995960935460041941e-01
3.140331938606623075e-01
3.924584841302401483e-01
3.131521444090636930e-01
4.958826754187329322e-01
2.985756007136891599e-01
3.687894272759696945e-01
3.569477988827113313e-01
2.675547803084337151e-01
3.620002132342902690e-01
2.373520629854945219e-01
3.917881075748312347e-01
3.614133037443019725e-01
2.396927694594349345e-01
4.258649693063860098e-01
2.517625605493472030e-01
3.056643180536057214e-01
3.425631135818008044e-01
4.201608702153392660e-01
2.797849936046339359e-01
2.980782252776644770e-01
3.506433270983073669e-01
3.402730790536904748e-01
2.582611711685682265e-01
2.926776967126346052e-01
4.902063892577054882e-01
2.762742423343549358e-01
3.599669684545177550e-01
3.707975204702136374e-01
2.885300082696090063e-01
2.671208272264111172e-01
3.395467903549286848e-01
4.916832638621045914e-01
2.329144636458241602e-01
2.815139006839919023e-01
3.181981194056482387e-01
2.965159170969422497e-01
4.088545814995138139e-01
2.914956959536322834e-01
2.544693143667691726e-01
3.772949456183714023e-01
2.985859525287364868e-01
2.872817748336959354e-01
4.674579155510811268e-01
4.246476752250225029e-01
2.896883888244137784e-01
3.721862265607002174e-01
3.758804155776690470e-01
3.006992748303759511e-01
4.361948243127599656e-01
3.436791016377299668e-01
3.860671500440693849e-01
3.037768311225823026e-01
2.917279907527134952e-01
2.963968395125418653e-01
3.720395655039976379e-01
2.609445852384491005e-01
3.898410690032784176e-01
4.225679303980202084e-01
2.538392416514075878e-01
3.512672106706117847e-01
3.228840305861308546e-01
3.677057256475326219e-01
2.930240209857854494e-01
3.203975189928318645e-01
2.371391410272215283e-01
4.069006927391252137e-01
2.674473886198668882e-01
2.641958984063458304e-01
2.565269339236044277e-01
4.523950628676808305e-01
3.140791412210041655e-01
3.613000200321164757e-01
4.094659051328872201e-01
2.429538444750869164e-01
2.891167109717081574e-01
2.773171082868283732e-01
5.005531477884153091e-01
3.674812240121836382e-01
4.530282002937296992e-01
3.311139299062243468e-01
3.006125298604566676e-01
4.144596221305155148e-01
3.180522053570072338e-01
4.148483673708649455e-01
3.941621898172110172e-01
3.740485589296660973e-01
4.648495426241156525e-01
3.829187243238995064e-01
4.045790299689009384e-01
3.018782234539056364e-01
2.528190252193218690e-01
2.941825371837044623e-01
4.741818694919744392e-01
2.998719346289271948e-01
3.757267947360919402e-01
3.793033509004543058e-01
3.445941735933010230e-01
2.988473201861970852e-01
2.875463121213788775e-01
2.571821404513803255e-01
3.393873865832759407e-01
3.156340676346564567e-01
3.405402867198444872e-01
2.897120506320065014e-01
4.028375725793943429e-01
2.984118335963232282e-01
3.089285317341950443e-01
4.970648099282275467e-01
4.937890657995674948e-01
3.965883117116330570e-01
3.527330428974934096e-01
3.062043981630485079e-01
2.654128401635035273e-01
2.625336192196351393e-01
3.549468531563809148e-01
3.662721265153452421e-01
3.846570840557635984e-01
3.360830993082221108e-01
3.681991914821421408e-01
3.874545973791995168e-01
3.280193229394522403e-01
2.916581877166629089e-01
2.944719004472883261e-01
4.624044135812603873e-01
4.365700116319736757e-01
4.505139797973229943e-01
2.625918992099947058e-01
2.913111923985485241e-01
3.075935609152359862e-01
2.680245687781706576e-01
2.934594612221856913e-01
3.061291502760193906e-01
3.107628741245636594e-01
3.525950940285034196e-01
2.579952298589713866e-01
3.421683111278117084e-01
3.493348891703925707e-01
4.130626620370387303e-01
4.465470356097618887e-01
4.691215245718303728e-01
3.889661753583410486e-01
5.049071391461326108e-01
3.610610663133804188e-01
4.667553734396376885e-01
3.719514327478564697e-01
2.970429244568645322e-01
4.766210785668768546e-01
4.611189817538705049e-01
2.670210128875066258e-01
3.466988555774350722e-01
3.741137529671342832e-01
2.803605278204993612e-01
3.276165346965029257e-01
3.049212265338024364e-01
4.229790199943389006e-01
3.202595060732398857e-01
2.885687854615210934e-01
4.639820759554442176e-01
4.942944737624404006e-01
2.363271365304490390e-01
2.926349506669445044e-01
3.706663192933897233e-01
3.731658468016720853e-01
3.003025372497446499e-01
4.438552447297350878e-01
3.404022118531064289e-01
3.029919040768888627e-01
3.492288275978636669e-01
3.875263346155941035e-01
4.078999151429948955e-01
3.742936607391681991e-01
3.040285981613143340e-01
2.668957131469972266e-01
4.430519212483349234e-01
4.631789098968387974e-01
4.351582899146062000e-01
5.037263994791943977e-01
2.995245891907731273e-01
3.007370999328228822e-01
2.508001672353094569e-01
3.784292012864046151e-01
2.781189468699552525e-01
3.494480768375831103e-01
3.472497193089150169e-01
2.945510131413580646e-01
3.407362408920134311e-01
3.347579087313969914e-01
2.932181583957778059e-01
4.676613506379787011e-01
3.067026440094319240e-01
3.416569231912489624e-01
3.401826754094757765e-01
4.581273131059633852e-01
4.433564420335415202e-01
4.476522513182521479e-01
3.684727039196090681e-01
3.747715618799420390e-01
3.582668387769443186e-01
3.833933651821827548e-01
2.834564368039514393e-01
3.398150000246050184e-01
2.813194719830214297e-01
3.420784046162225200e-01
3.190176702749162874e-01
2.610817725524577915e-01
3.039594012884988539e-01
3.736212973196599840e-01
2.583510207197184383e-01
3.176905540583273568e-01
3.383247511622788362e-01
4.278169471958536141e-01
3.768539447264239173e-01
3.412418675416385994e-01
2.557404712959349125e-01
3.839988232725521922e-01
4.502274675190098829e-01
5.085775906792782131e-01
2.643029887887698437e-01
3.834414668563097539e-01
4.205984173637247192e-01
2.570496472069488392e-01
2.637765751391455415e-01
3.906992317012847882e-01
3.086403194525627058e-01
3.521237288097544549e-01
3.569596691633171726e-01
3.149105168377389075e-01
2.641156863589463333e-01
2.958739413286551323e-01
4.464790265273272385e-01
4.393103835073938757e-01
4.991271391381901235e-01
3.672959638259573611e-01
3.755131539868352686e-01
2.942162921615916193e-01
3.074921616376097844e-01
3.170164014590075019e-01
3.975389284008153945e-01
3.458568752075802943e-01
3.619696797401084631e-01
2.889092259858165312e-01
3.186913859230188217e-01
4.254637272707467166e-01
4.300955465372438002e-01
4.273422567215416912e-01
3.409872322939086486e-01
4.207462172737658213e-01
3.547161448674596707e-01
2.813122128627041363e-01
4.509079699224522453e-01
4.869974500495597991e-01
3.544264500821528996e-01
3.338256851821347904e-01
4.559642543786253110e-01
4.630272979080832241e-01
3.519858885043288810e-01
4.080735985455700154e-01
2.587232700923032813e-01
3.351306666455205474e-01
2.788380865658895424e-01
3.263568694275641446e-01
2.873027067071418084e-01
2.633086029721010135e-01
2.842043147841225581e-01
4.796896111109441030e-01
3.908555187724954139e-01
4.412163973082218194e-01
2.991534023206246506e-01
4.850875257593936785e-01
3.491292983640661984e-01
3.191808081048803647e-01
4.466633195049883320e-01
3.638974013204169244e-01
3.052971100192755638e-01
2.876025715553791606e-01
3.971919045840501816e-01
3.167775815008677665e-01
3.956491063304611866e-01
2.669559751522198043e-01
3.803400832324536629e-01
4.535240702525483170e-01
3.363748444064795229e-01
2.447641865573527697e-01
4.162652426742324829e-01
3.437726097963910710e-01
2.924127945956684349e-01
2.668864324582651548e-01
3.075604537230755553e-01
2.920984597786266956e-01
5.171871360358525349e-01
3.499982146008635553e-01
3.692490909748769590e-01
4.896773379686043537e-01
5.112240511000440968e-01
3.019980938811225313e-01
4.075559013162695643e-01
2.922683219488056428e-01
4.151903431401054445e-01
2.896361902244964370e-01
3.987692571013238263e-01
4.058939192488211778e-01
3.355976369015910565e-01
2.919977633011229257e-01
2.841832288027003606e-01
3.862163934113057029e-01
2.992797296313615130e-01
3.756142534606360384e-01
3.078370015155999506e-01
3.028711665083465565e-01
4.456704171040991591e-01
4.177949966823239492e-01
3.381904814323551944e-01
2.959813665168904984e-01
3.344467075257924749e-01
3.030134197910899774e-01
3.170936275397628901e-01
3.775416739149815570e-01
3.586776046611811486e-01
3.086344782686366583e-01
3.143354413146036697e-01
3.789504322450559237e-01
3.158871619585231771e-01
3.496510523435275575e-01
4.607121830492763026e-01
3.166837352773412273e-01
4.656083000894054025e-01
2.339088889212611322e-01
4.282376850432040305e-01
4.747780742005945909e-01
3.136515215091394970e-01
4.061242710035658510e-01
3.151092747110479375e-01
2.830220876261944629e-01
4.419907554379355341e-01
3.050829873307472906e-01
3.598591297950006762e-01
3.602814888729302112e-01
2.489620735216653558e-01
3.883239395259877047e-01
4.666898220776322104e-01
2.888349031945444678e-01
3.729499925705532792e-01
4.032685823986426055e-01
5.013507582838008236e-01
4.151145217041034563e-01
2.482906683380874946e-01
3.148325146664820440e-01
2.976494531763904661e-01
2.584492791995922634e-01
3.205752639973365459e-01
3.003786239238547262e-01
4.698998149800944213e-01
4.450959895734011296e-01
3.395933641350125654e-01
4.485735030360838982e-01
3.640894438330521399e-01
2.577892503107457323e-01
3.117916125367538593e-01
3.607458190144244292e-01
4.716784060983679749e-01
3.064277512179764407e-01
3.043003855519751943e-01
3.782217855555708441e-01
3.367069010420866149e-01
3.772691299618822769e-01
4.578383742707842208e-01
3.796796218510761212e-01
2.967694354226467213e-01
3.007357728362316518e-01
3.808959548400581707e-01
2.944215468580098638e-01
4.087639777898356419e-01
5.171537225197998522e-01
4.179353164540015042e-01
4.584219747598612948e-01
2.535830680377119672e-01
3.639411788324172781e-01
3.572145327573700291e-01
5.125518754393958432e-01
4.537385291409294918e-01
4.233963839711417654e-01
4.344805163282580707e-01
3.754836819175554341e-01
4.330195573529422304e-01
3.135628352463727953e-01
2.864085306253249530e-01
2.696892050983649147e-01
3.937946493566457651e-01
3.063540077853213472e-01
3.388306761711295523e-01
4.602543386074626763e-01
4.647677928791305590e-01
2.662194036953433596e-01
3.466213490722755974e-01
3.079003313097291583e-01
2.828101999025559588e-01
4.649657551123402843e-01
3.837593333882522995e-01
3.060561557067948413e-01
3.404925262938436337e-01
2.678535776901940224e-01
4.751025346606180255e-01
3.009508083083423657e-01
4.974433894683721880e-01
3.255852685939860658e-01
3.320596844157386318e-01
4.769371305907720293e-01
3.063256001002068740e-01
3.485039815542111952e-01
3.050028680764388378e-01
3.552117873535372561e-01
4.674197133113063285e-01
2.407149122079886017e-01
2.565103881542628583e-01
2.655223566522930123e-01
3.664535266086847987e-01
3.944563648819615076e-01
3.018199907684185890e-01
2.922292194230985962e-01
3.612019068937314392e-01
2.955433437003087693e-01
3.437396505414055947e-01
3.033169330923412010e-01
3.733742588236447779e-01
4.531664868331019003e-01
4.692065126775596950e-01
4.224671655852252905e-01
3.640748301452917945e-01
4.622904619048081587e-01
3.710951286641478997e-01
3.620107215932261702e-01
5.123418787760317672e-01
2.587467106469351075e-01
2.649860678717015916e-01
3.489552411129684395e-01
3.176127981146786294e-01
3.492855212781857399e-01
3.904273225821222604e-01
3.197944638437704157e-01
3.604095787033081422e-01
3.541167134433362840e-01
2.733658164985625083e-01
4.172431944161553163e-01
3.302965485535365731e-01
4.665581530122860365e-01
2.931480640687201267e-01
3.579941596088168088e-01
4.495970257568738804e-01
3.207237300435467064e-01
3.068279698068652750e-01
2.933493603392939297e-01
4.282511212424593428e-01
3.020768425463750129e-01
3.811409079571003722e-01
3.390399417993011921e-01
2.368748356091304463e-01
2.881450713849255663e-01
4.151924166245293257e-01
3.331513655379386707e-01
3.375962197196948344e-01
3.135363102599258434e-01
3.468619880350782281e-01
4.885403460015477761e-01
3.826259141657383789e-01
2.406362617923644698e-01
3.640656531299715781e-01
3.072673025088546450e-01
3.768210901089200093e-01
3.222954247884273760e-01
4.621926065149656870e-01
3.856523181397358835e-01
2.715871324376818441e-01
2.904849825328622570e-01
3.544862715109838858e-01
4.721809530420247314e-01
3.136208202901827891e-01
3.927769476709496166e-01
3.231764421435929791e-01
3.155474112117526708e-01
3.509317360473256930e-01
2.980868634776345227e-01
3.038214302404937395e-01
4.238652433211485548e-01
2.571351673873229493e-01
2.761107698367354368e-01
2.722286156435194671e-01
3.186085840207098507e-01
3.054635682766292382e-01
3.543560788414801266e-01
3.142444046118634815e-01
3.596105243021966991e-01
2.554371076099149485e-01
4.035646536483495916e-01
4.676648243239689973e-01
2.774916707291535389e-01
2.544327415843188889e-01
3.268605461447437466e-01
3.016133843700697370e-01
3.891709011637238813e-01
2.856992933433762372e-01
2.799290736837786175e-01
4.366610872743386107e-01
2.480848799646322433e-01
2.899000742500443817e-01
3.560436188814936065e-01
3.149500019911668502e-01
4.148171246601047857e-01
2.514544660848185842e-01
3.253564802138531054e-01
2.655744660076066466e-01
2.955549712850284449e-01
3.192083314187220133e-01
2.916843150694814479e-01
3.533797317814132422e-01
3.483025409516261606e-01
2.922785594871045722e-01
2.785064613928122657e-01
4.801670467221418881e-01
3.167927590973493857e-01
2.686203842755264248e-01
2.648295141268406372e-01
4.533469679325065060e-01
4.397184943960467662e-01
2.404054525191533231e-01
3.577843558014280889e-01
4.690575715792957290e-01
4.714328633619906950e-01
2.873227702775122960e-01
3.398043904216525579e-01
3.765964504403727098e-01
3.389512888577202454e-01
3.600074804570352338e-01
4.425262036074109062e-01
3.485482373562904246e-01
2.896869178975236547e-01
3.588125865729097641e-01
4.505417805968202627e-01
2.920418521992281247e-01
4.185121784488548546e-01
2.941751583888976840e-01
3.868049670400344198e-01
3.352764070459947066e-01
3.350057707626456494e-01
3.171226547486826752e-01
2.843378911066934411e-01
3.705710622074713800e-01
3.675530397344079492e-01
2.733905434301261428e-01
2.842359367050611429e-01
4.355912630497825178e-01
4.556837906556022166e-01
3.161189169682875333e-01
4.530551495991004818e-01
2.716025848649487040e-01
4.852971401015084840e-01
4.655163121031312690e-01
3.007544307788365123e-01
3.868114754197091720e-01
3.673002208284614212e-01
2.722578277793963331e-01
2.983703578702497361e-01
3.724849128026636591e-01
2.601402693257758303e-01
4.568686642727458058e-01
2.796211307913717414e-01
2.870263573029208648e-01
3.885803693813461579e-01
2.823953405898559921e-01
4.611202154712870094e-01
2.324582637124623374e-01
3.774478343289473514e-01
4.673126846908455256e-01
3.543222749417157535e-01
3.714711795161059205e-01
2.732925697632528350e-01
2.366974535552165693e-01
3.765791021905680047e-01
2.727857235117295831e-01
3.035902403556993701e-01
5.154608468171778535e-01
3.030515057550802194e-01
2.901803733285389097e-01
4.000207700551950962e-01
3.152782408393076663e-01
2.927317574240647091e-01
3.348737586521886023e-01
3.736719842054521679e-01
3.546522707251578144e-01
2.886486634831431641e-01
2.465241807753518755e-01
3.165519584106312734e-01
3.540336068952972814e-01
3.618474554805865551e-01
3.593980137866606417e-01
2.467153447192247939e-01
4.127274192719284085e-01
2.566462480751259267e-01
2.842412429507151783e-01
3.537903158714886809e-01
2.918280545657729319e-01
2.952472691115985981e-01
3.359748288010689365e-01
2.668602219819643517e-01
4.127029500262852646e-01
2.673830881976152485e-01
4.371661269165877384e-01
4.604999788681736206e-01
2.980280193677718459e-01
4.579086546648158951e-01
3.335304861986031488e-01
2.782744932685016215e-01
2.886003321236514929e-01
3.437351411194597972e-01
3.823177275768729344e-01
2.387041495457794260e-01
2.486993573059170515e-01
3.267822918821163269e-01
3.065599740517416794e-01
3.126291910355231130e-01
3.016145332907529397e-01
3.810765666524265627e-01
3.618964687281662207e-01
2.935690226705800487e-01
3.879911328867468034e-01
3.765793218268207454e-01
3.322649959920866980e-01
4.843219373544896400e-01
4.176868762783245148e-01
2.858819228169717785e-01
2.956344371765922130e-01
4.649497920697776565e-01
3.166217117115376345e-01
4.800100689656149333e-01
4.904573565068944263e-01
2.908997919758848361e-01
2.805668831135316177e-01
3.799942363220512043e-01
2.490361504861411668e-01
3.485691738429098074e-01
2.763827445835283503e-01
4.767914301355817841e-01
2.533831317806267691e-01
3.369041669804490602e-01
2.718249318662062652e-01
2.812596928233252469e-01
2.970755893130162528e-01
4.828775313160426075e-01
4.064921495794161510e-01
3.408444607130505788e-01
4.629591467236247593e-01
3.152700872375100993e-01
4.607981415093329036e-01
3.831125254958139825e-01
4.301147707200659309e-01
3.504172376279674483e-01
3.563144157577708415e-01
3.722236780584572413e-01
5.070902018924766663e-01
2.934831235383918435e-01
4.761781643318811486e-01
3.872846540578764873e-01
2.894566776517423223e-01
3.105308796937666371e-01
4.051873427641975445e-01
3.621503253477602602e-01
3.187956641884556186e-01
3.580108699656959770e-01
4.461672876442144831e-01
3.353315786872069770e-01
4.628132001567989984e-01
5.005624780877082625e-01
3.525438142533956487e-01
2.358236362086095494e-01
2.629475388316689921e-01
3.240871801199987079e-01
3.192147425184995169e-01
4.867686422673725977e-01
4.683742559609588851e-01
2.886581685067738934e-01
3.369892023666666847e-01
3.828567187098769198e-01
3.375046949499918569e-01
3.362614703348197343e-01
3.876936550393343950e-01
2.909734930232928396e-01
4.127621400038782307e-01
4.883895084155790989e-01
3.900498597928221400e-01
2.689225049853350979e-01
3.008994716764729072e-01
2.505475824113153616e-01
2.575262305648094996e-01
4.383658302459484957e-01
4.063633638240897739e-01
2.962507937877876252e-01
2.532351143611746846e-01
3.169928217715548002e-01
3.548576050508309154e-01
3.342084478883915466e-01
2.915953934152900606e-01
4.695204043713532838e-01
3.486324124961686088e-01
3.910464271586167051e-01
3.390011454534626045e-01
3.854137146265221858e-01
3.665555501746928235e-01
2.877084511412671963e-01
2.967068133784479533e-01
2.925996509034066717e-01
2.673834856825994533e-01
3.636285102484734244e-01
2.836736230389143576e-01
3.536428670540572861e-01
2.606016545450794974e-01
2.866318909298600781e-01
4.667304710792298805e-01
3.591291187892703407e-01
4.471471851539246534e-01
4.047394868173264659e-01
3.826192793967402306e-01
2.578031796470570125e-01
3.405599656490621019e-01
3.356810264851927128e-01
3.222839648008520297e-01
2.727629212510941370e-01
5.121045154218490936e-01
2.608076237085270033e-01
3.155606331003876774e-01
2.518975444658628771e-01
2.836823884983824540e-01
3.217152896290954578e-01
3.646293701629191863e-01
3.821538753162012636e-01
2.575298927495641155e-01
2.792117904232388481e-01
3.185192229040068046e-01
3.470451113011435718e-01
3.120028977682933191e-01
3.665344117011749558e-01
2.371573773558092457e-01
2.887419086990438699e-01
3.831782288240460077e-01
4.311104512909342823e-01
2.518248724892833135e-01
3.794429889998419680e-01
3.488896271804551308e-01
4.949845916914752397e-01
3.733995321239056420e-01
4.927399605220206258e-01
3.598568798055352125e-01
2.947346719618055277e-01
4.601055992747026258e-01
2.751722064587767136e-01
3.686863262109376649e-01
3.836002103741188995e-01
4.098975841937161357e-01
4.173120787836521184e-01
4.551965336287483455e-01
3.953077425713486526e-01
3.867404692218380236e-01
4.486473653515500870e-01
3.640098652926010425e-01
4.709410466698876196e-01
2.880742991158839472e-01
2.919795338128303164e-01
3.529569328546783846e-01
3.841709158750973296e-01
4.002436662540522216e-01
3.450302722931749555e-01
3.063646416818376350e-01
3.352330552270960662e-01
2.383581844895743262e-01
2.460627652782851060e-01
3.374755292450787314e-01
4.828684795577402045e-01
2.846679134820782053e-01
3.795592568178828285e-01
3.839294233759757424e-01
2.816889321409409841e-01
4.506041087709385939e-01
3.924143799416205391e-01
3.049665521488178488e-01
3.037025076305591709e-01
4.940383509745727708e-01
4.546859557894159520e-01
4.475182784164130623e-01
2.745956855323312129e-01
4.528190938265691523e-01
3.368520658779782240e-01
2.586386141390663029e-01
3.411949671110258153e-01
3.694044509279377220e-01
2.929012154306708249e-01
2.784933287826421577e-01
3.011560468732756846e-01
4.493096826215076112e-01
2.681763448439782316e-01
3.418717072548855263e-01
4.071732303345317328e-01
2.884339113853917613e-01
4.472621496671090879e-01
2.736289463183642634e-01
3.901942916996729571e-01
2.581051039160760507e-01
2.959892955562832828e-01
4.626027083040101240e-01
3.874420846332347623e-01
2.562713376491610462e-01
2.733068912361902303e-01
3.816193180500594417e-01
3.895184630656089997e-01
4.255192658966052699e-01
2.457958064195943648e-01
2.917655464030802226e-01
3.349504354481230850e-01
3.797172852433702284e-01
3.262134404494636541e-01
3.558481231587523608e-01
4.449549697699488604e-01
2.990067358713594525e-01
3.274600266357575173e-01
4.499345415386222236e-01
4.550287719484114035e-01
4.872701878280214505e-01
4.838937938410780015e-01
2.396549481205292043e-01
4.985358584605482091e-01
3.698877177557360896e-01
3.363975834065212056e-01
2.870767117775651633e-01
2.332804341322499420e-01
3.348539064905374785e-01
2.913912807403031824e-01
3.645881756143964370e-01
2.357515034097009687e-01
3.692293587789973741e-01
2.475181190683197197e-01
4.099383705759295227e-01
3.180046151399680276e-01
4.204356821977671688e-01
3.271634665187946323e-01
4.029954492622451756e-01
3.592115997072704570e-01
3.859540017274502022e-01
3.028734048746739571e-01
3.198549943541638685e-01
3.183160517609120999e-01
3.883848366020038467e-01
2.976944956015848409e-01
2.816635721568708228e-01
3.713221228882795377e-01
2.655842498002272678e-01
2.628809416955187883e-01
3.663675852175434233e-01
3.105948641909612729e-01
2.552248092164418058e-01
2.799619800411471959e-01
2.835332999073764682e-01
3.532102172172638666e-01
3.555659973614203051e-01
3.881348844635599260e-01
2.556827519036097840e-01
4.635773476738755949e-01
3.167086531350976619e-01
2.506557988856173980e-01
2.869371708296684642e-01
3.870370676233055307e-01
2.401645422686588816e-01
4.638231792722288804e-01
4.561334634433298896e-01
2.570741940665395853e-01
3.697391432197281724e-01
2.553094629494908618e-01
4.527855592930144502e-01
3.412966973434474194e-01
4.882983310092777196e-01
3.362666790213480472e-01
3.547969464624507463e-01
3.074522422508422781e-01
4.144587030944576478e-01
3.774319892351006289e-01
2.790387201649033311e-01
3.247532635398195366e-01
3.588797092058494953e-01
3.180653686516445866e-01
3.040063757232173147e-01
3.376614742365139366e-01
4.744372549421477236e-01
4.823455359211028526e-01
4.787727237488501597e-01
3.709289856613761094e-01
2.661667527288340551e-01
3.604795892741540220e-01
3.353977017164620489e-01
2.948992891004917349e-01
3.535781222405733337e-01
3.384552340567781314e-01
2.905475184764330088e-01
3.517425172756353802e-01
3.371038647128949961e-01
2.770574009442393071e-01
3.061439423741849630e-01
3.198132961885586933e-01
2.768402870318971698e-01
4.557928229575003432e-01
3.560976016626511975e-01
3.536421175453664523e-01
2.896060810834181765e-01
2.983997696620164786e-01
3.362147343592068460e-01
5.016900510156895310e-01
2.867520846908442889e-01
2.930794532289805465e-01
4.869527723045670720e-01
2.824184857164158124e-01
3.174239739905256874e-01
4.330000861466366535e-01
4.810180234923954745e-01
3.232845217240265523e-01
2.643540860540299353e-01
3.403659143567913659e-01
2.923014118547810902e-01
3.973218564279363263e-01
2.399661744615633197e-01
4.077540289977681920e-01
2.666169634302329450e-01
4.362002863858303603e-01
3.552749753767765473e-01
4.121569425515976270e-01
3.888688911395799530e-01
2.783615294102926296e-01
5.053893296061932050e-01
3.138677900103243879e-01
2.787080110478601935e-01
3.447416812423930721e-01
3.750273512095862460e-01
4.123197701443989116e-01
4.448034805958507865e-01
3.874519232908840149e-01
4.461771740781324547e-01
2.995354107696830970e-01
2.949754301923721012e-01
2.604898488879563434e-01
2.743694069490748566e-01
3.296536063814828332e-01
3.927724710718583645e-01
4.493064902517462378e-01
4.650234103147385389e-01
4.228568602754439465e-01
5.080151279501561312e-01
3.034934758906849273e-01
2.559715621618969816e-01
2.568813023046390698e-01
4.295612683060044401e-01
4.592461159876077281e-01
3.055124410856535078e-01
4.224888143078582847e-01
4.225539467514250469e-01
4.791066159617367592e-01
3.058453672838904458e-01
2.893488840497749903e-01
3.482911546604877118e-01
3.838502027355719104e-01
4.457559451131251627e-01
4.527317378295457329e-01
4.548817260325870859e-01
2.705732888170329087e-01
2.478226706807011848e-01
4.697495538937329629e-01
3.274300990674094969e-01
3.573662278867218989e-01
3.212287537256204861e-01
2.659636485444674125e-01
2.800511318662551874e-01
3.758044199848715183e-01
2.421545116655288710e-01
2.976851888144046443e-01
3.809889158367229522e-01
4.121201564247258253e-01
2.574954986552638325e-01
3.720487478364972178e-01
2.474425736187191582e-01
4.215929131386016993e-01
3.575887172635821565e-01
2.340200005114899118e-01
3.229985278434639451e-01
3.360201267431072170e-01
3.387743253487371931e-01
2.624836382860913364e-01
4.523238506935188252e-01
3.799685520072930700e-01
4.664240342953616114e-01
2.685649093340696236e-01
4.158111498545105089e-01
3.803860413603107338e-01
2.980802730748822182e-01
2.488777352542133892e-01
2.745371231912352439e-01
5.023000318609063264e-01
3.273969791253870665e-01
4.179455455249131979e-01
4.042118610265122425e-01
3.332824251279004613e-01
2.898634195253608770e-01
4.294490097162237396e-01
3.857456703006002519e-01
3.672066463425713301e-01
3.577039557126443503e-01
4.476080106074620257e-01
3.416434570076500310e-01
3.008170333882048131e-01
3.598745047285403231e-01
4.147407068612391501e-01
2.894305012655777332e-01
3.919171928396520954e-01
3.731992018199616346e-01
2.468173906956439290e-01
4.091496199910513165e-01
3.122175970068499229e-01
3.249136424336574458e-01
2.399520289775613213e-01
4.119487773615663206e-01
3.721315062323631295e-01
3.789592653513861875e-01
3.956935735878758242e-01
4.135943138517894080e-01
4.524108214370063941e-01
3.917074490259162545e-01
3.352175862982461063e-01
2.773756193040129991e-01
2.501229009776170797e-01
2.886662748598970984e-01
2.659452470406868940e-01
3.561812549840904230e-01
3.386947928586802048e-01
2.361162903988382744e-01
2.577248141502579415e-01
3.743568506705010623e-01
2.404054987365393525e-01
3.824138097256331026e-01
2.520734893071981397e-01
3.581273035599806809e-01
4.169305654952430995e-01
3.777670436476951443e-01
4.848086630932770813e-01
2.520374300473836038e-01
2.898053019942661845e-01
4.218853860924861587e-01
2.809959217418424582e-01
4.657246131046324233e-01
3.829791043190206579e-01
3.682066584681275012e-01
2.916315290540417160e-01
3.223315294885151783e-01
2.505917923923661195e-01
3.971356470709346831e-01
2.861155727256898818e-01
4.610723244584271074e-01
3.997470709866409178e-01
3.700700250124656088e-01
3.569760801009584927e-01
4.414842169207588984e-01
4.484864416230839868e-01
3.376167519480691714e-01
2.362409652345513755e-01
3.354931365489181583e-01
3.608044682678401838e-01
3.064412891287000007e-01
2.510353390651312022e-01
4.929133304392348536e-01
2.392067174866979729e-01
2.808554588911463257e-01
4.572389026550381930e-01
3.493236509321712702e-01
4.901663787426614460e-01
2.967604762322206824e-01
4.226383554732892067e-01
3.564070486131574733e-01
2.441411160815786519e-01
2.635352263293818664e-01
2.496311077408592261e-01
2.885394879492686471e-01
4.533189130809699985e-01
3.495820382074424915e-01
2.391175605040584407e-01
3.284364039117331768e-01
3.807174749455322638e-01
4.758766840813850041e-01
3.086940205237792001e-01
2.889218340196437751e-01
3.185224372705250939e-01
2.983036840874713214e-01
3.697037549402802936e-01
3.975523272717760292e-01
2.736862894403991886e-01
4.225752913690909995e-01
2.661466530284503640e-01
4.749541859299163948e-01
2.881603997277291662e-01
2.782713576459921456e-01
2.562500807232483968e-01
2.915973726123129439e-01
2.391216773694708475e-01
4.134481019330855656e-01
2.753198811031579152e-01
2.849944784167335876e-01
2.902692781498538155e-01
2.578347912283167620e-01
2.352200125801817421e-01
4.944023283344932684e-01
4.426900884966220029e-01
2.949545244791881848e-01
4.500309088112011136e-01
3.934899948485895416e-01
4.147136875814739776e-01
2.924522862014838909e-01
2.580889613682843531e-01
3.895923032154925414e-01
4.472451578569601183e-01
2.522426001783346083e-01
2.847227830269460358e-01
2.856175895899655259e-01
2.420657435051508932e-01
2.411422717221857470e-01
3.682272354989034602e-01
2.808136509872050102e-01
2.757086232893200539e-01
3.827227197104105527e-01
3.047994679359956605e-01
3.827643029857978330e-01
2.680316026175896260e-01
3.532358989005051075e-01
3.693619303966866885e-01
2.814886418111783861e-01
3.964162782350376668e-01
2.410462111665232221e-01
2.765661080902099278e-01
2.783446122184123905e-01
2.884745814647202145e-01
3.580812426944148807e-01
3.347624274542214673e-01
4.819262807621543243e-01
3.178618749338609772e-01
3.568236829792338916e-01
4.351336235789924345e-01
3.827461753610988948e-01
4.703985445034651325e-01
3.325623463279903103e-01
2.339270330920600327e-01
4.848182497001397584e-01
2.553976137202140784e-01
2.958370495391763333e-01
3.633509283478430496e-01
4.335173363410290692e-01
2.863609799156629498e-01
2.794197616141453344e-01
4.032206099998666970e-01
2.907028003668968852e-01
2.405333008353277846e-01
3.791103506293872494e-01
4.179661997502970294e-01
4.124442165180690623e-01
2.357504879949845755e-01
3.623663349053337646e-01
2.952966362224076491e-01
2.818295656777001779e-01
3.835852260666227087e-01
4.164028356563679867e-01
4.827007871001876005e-01
2.703263299492615901e-01
4.796747515038166099e-01
2.614775306310827552e-01
4.063589600197522467e-01
4.528213053152879697e-01
2.907592561446818991e-01
3.362055177575960507e-01
3.890372702107707248e-01
4.099731416373655901e-01
4.800700015786038555e-01
4.601562830211446964e-01
3.639196571416835613e-01
3.245205633286866176e-01
2.371916379191945645e-01
3.423666542146494018e-01
3.757180102405338062e-01
2.920627440771454419e-01
2.598919404872086503e-01
3.861345535547020535e-01
2.577253689536985193e-01
4.205203478550068041e-01
2.882204625340854531e-01
4.689046309477081231e-01
2.987775881803229061e-01
4.287910574136513664e-01
2.934670249001223308e-01
4.014812443874379855e-01
3.424482591632374562e-01
4.884445910926135115e-01
3.254230446740027927e-01
2.580806066795995335e-01
2.879468927327418215e-01
2.386305733114182648e-01
4.814244683699295257e-01
4.256631263579033764e-01
3.451133997670418063e-01
4.924026273679748544e-01
3.322760575534791649e-01
2.803863750212156059e-01
2.678381917577011828e-01
3.653746909162753354e-01
2.870585297941753433e-01
4.615893010554008025e-01
2.738611615122866216e-01
2.476236400818757066e-01
2.985220286317162297e-01
2.591960294232790174e-01
4.919371969730473304e-01
2.769631081611965695e-01
3.970597742532801511e-01
3.567884928698483171e-01
3.128893964784646431e-01
3.150374530112091120e-01
2.866848261568268885e-01
4.150715293901197089e-01
2.980855126333045169e-01
3.694905004717409791e-01
3.591046364737878749e-01
3.365073655923027096e-01
4.041520585280464206e-01
3.014749936263913521e-01
2.622214342353037519e-01
3.001862373576147935e-01
2.853403875382696242e-01
2.569110532475467612e-01
2.512211744746620790e-01
3.264118636732234457e-01
2.701117769181998751e-01
3.109773939914337038e-01
2.353498386249820440e-01
2.472622556957902173e-01
3.802397604025954947e-01
4.558950907596685531e-01
3.224035714972590116e-01
2.635583776265685851e-01
4.406856668736364724e-01
4.169862675200033397e-01
2.915432779057329227e-01
2.801488653853090316e-01
2.778384232265704856e-01
3.239136915388230453e-01
3.686039153686291869e-01
4.297305417158009400e-01
4.932235574467109807e-01
4.448783285130214482e-01
3.626840279421121305e-01
3.053652880691546945e-01
4.087503963309102595e-01
3.530426757714307251e-01
3.215740191521412328e-01
4.912503749688340027e-01
2.763681669359866477e-01
3.316477381138288605e-01
2.955937281097859581e-01
3.377252378934931798e-01
2.890125921592035518e-01
4.197726301211874844e-01
2.537552045575038884e-01
4.977170682806937307e-01
4.219255833067325212e-01
3.151808460798540823e-01
2.926368161015412417e-01
2.481637951544111709e-01
2.891194176359631607e-01
4.676946764868455397e-01
2.497597985469111603e-01
2.963412812242732786e-01
2.704643321128087918e-01
2.333610639204112269e-01
3.893292282854586839e-01
3.444315961386614777e-01
3.154107853886180535e-01
4.899917019970019827e-01
2.771451623525328367e-01
3.329843644123123281e-01
3.030125711836053060e-01
2.937605333717727141e-01
3.850748463759988693e-01
2.990361961977550664e-01
2.679530330863906795e-01
3.884409186504499956e-01
2.803073222689741462e-01
2.991944108876116171e-01
4.141256637735368784e-01
3.345941883756348156e-01
4.818237874880625937e-01
3.498988085772794521e-01
4.244350730935616545e-01
2.758930112880935148e-01
3.136517991822263540e-01
3.139727566106543244e-01
2.736504335217556094e-01
2.994484589693313104e-01
2.391494484710923185e-01
2.700548380345543786e-01
2.962775692162065710e-01
2.496092245664859599e-01
2.687561394646703072e-01
3.892252578075481861e-01
3.704313128606814276e-01
2.580749028072232276e-01
3.833128267177369208e-01
4.510698633600284113e-01
2.592047617129220050e-01
4.188333165860592677e-01
3.059864473015289077e-01
4.593306179878510198e-01
2.732291511528432970e-01
3.374312244669854799e-01
2.884508171796107967e-01
2.865588152664644839e-01
2.889964954045644019e-01
2.926221900460511116e-01
2.382400030877198649e-01
3.735056292144021683e-01
4.422537720312598730e-01
4.024259305724606217e-01
3.835952480503087569e-01
2.975955585878206078e-01
3.362698488866757152e-01
3.345948438757672672e-01
3.153055923390541415e-01
3.747703416383236230e-01
2.770169055292971971e-01
3.057886129151027310e-01
2.761236025375303216e-01
3.489021977652518869e-01
3.321680815983729107e-01
2.415261097565452875e-01
2.564459817855254675e-01
2.595173922955285595e-01
2.735268951682084948e-01
2.399886973576582927e-01
3.185029850297969589e-01
4.172967337638797680e-01
2.836530006917580837e-01
2.351180393531999702e-01
4.470634423852882233e-01
4.008809337168340869e-01
3.589719929281730004e-01
4.767066674145745142e-01
5.028925608557385241e-01
2.363603962688594351e-01
2.770544873660484297e-01
2.482532820549122887e-01
2.894724924684570211e-01
2.862332394600534680e-01
2.705988597278181085e-01
4.263130455662318963e-01
4.390008542838759742e-01
3.998061130001387964e-01
3.380002379294326231e-01
3.768096028170093148e-01
2.481958637088644837e-01
2.790377895869303182e-01
3.001604120433074008e-01
2.911918092691932469e-01
2.557008280751054130e-01
5.057765537098417585e-01
3.287648201171874396e-01
3.587680614587583916e-01
4.575302980920605833e-01
4.052732288756749068e-01
3.180315818871857214e-01
4.315890007556638652e-01
3.159394937121568492e-01
2.408275400293900526e-01
2.768071857330257624e-01
2.347816367369678636e-01
3.533576599853299749e-01
3.838378413859299121e-01
2.463753298705160244e-01
2.357840164469497679e-01
2.979382095532466801e-01
2.643551790766295317e-01
2.687944496022405261e-01
4.622154601941322882e-01
2.703502066886449007e-01
2.459868432490237844e-01
3.156010222849451319e-01
4.341183480073790291e-01
3.348281967698533146e-01
2.524663471574229434e-01
4.529830941173585424e-01
4.400002171938648954e-01
4.527132018995808083e-01
2.904072214355161718e-01
3.133806173237598247e-01
3.364433748668755331e-01
3.362091027360830653e-01
4.899969781331685592e-01
2.894440541462855454e-01
2.929331521251368198e-01
4.875647330222777631e-01
2.772096906998292587e-01
2.737504538499459517e-01
2.903451609978756620e-01
4.799507772004582562e-01
2.479262897337737026e-01
3.443314933498725638e-01
4.599566432406396177e-01
3.694005235177125757e-01
3.238942049311180349e-01
3.367606509856918562e-01
3.420976585642511725e-01
2.464910840915967849e-01
4.702404615696078594e-01
4.193263099800149107e-01
4.157790746691972794e-01
3.678558960896197161e-01
3.321200624749898189e-01
3.707539771844484133e-01
2.774170642203684367e-01
2.343079220566472443e-01
3.565683513976909969e-01
2.687080725637666645e-01
4.586472736976885400e-01
2.916319544324065816e-01
3.208787216201742232e-01
4.772970185017786360e-01
3.357116833249889076e-01
4.475380009544395743e-01
3.102871381389484817e-01
4.907934375564060869e-01
2.380398362750874575e-01
2.775509784314547090e-01
3.329294712154681757e-01
4.753800436047040945e-01
3.939960322375722912e-01
3.483120747344711776e-01
4.178090483181349790e-01
4.230976112048177029e-01
2.588708150369214978e-01
2.512070038893488566e-01
3.354347571751329915e-01
2.572164575974685286e-01
2.628136238498306465e-01
5.081432194685698844e-01
4.093319165290549289e-01
3.824198633870564690e-01
3.511918720345445499e-01
2.463140707863391288e-01
3.118101569549833196e-01
3.045198503369435095e-01
2.732501602076636282e-01
3.985380787155394233e-01
2.788491316171264889e-01
2.621146094248458236e-01
3.151788913243536161e-01
2.416712063343274541e-01
2.352540357792532177e-01
3.335145294705537666e-01
2.692808472075751691e-01
3.291802429402049812e-01
4.616503018554233839e-01
3.524824799661177011e-01
3.352158789917134563e-01
2.934341741932832148e-01
4.890622962874484614e-01
4.420448809731276629e-01
2.876244185370919748e-01
3.389353010734811877e-01
3.803957869755030807e-01
4.661622752767430322e-01
4.842657620934228135e-01
3.524912039561808319e-01
3.026450650133478693e-01
3.047454065322529604e-01
2.972155219541139370e-01
2.800436967514955966e-01
3.033468146029164592e-01
2.785766155005489630e-01
4.536744209431702313e-01
2.731694417503299777e-01
4.189136175333578738e-01
3.513115555526444833e-01
2.971043719459595112e-01
2.768853385516001353e-01
2.926907227797581612e-01
3.179720436528287175e-01
4.485721404302382420e-01
4.201274573038116800e-01
2.842329468091559508e-01
3.785166370556458104e-01
3.404978280100042776e-01
3.028325969209220148e-01
2.555118338004037648e-01
2.826045048148656536e-01
2.582769251363046248e-01
3.816161137566642103e-01
4.416138177558795452e-01
4.603816753572508302e-01
3.186318173894668315e-01
3.383714717972235442e-01
3.674556012008720063e-01
4.884968385191318374e-01
4.676794460988210611e-01
2.729826736666095544e-01
2.888576362254741681e-01
4.194165801228358914e-01
2.572727354637455721e-01
3.814162610447640600e-01
2.495434323563281431e-01
2.890912684846900782e-01
2.675848071049413690e-01
2.740964577180207695e-01
3.891121378861051028e-01
3.797021596067022831e-01
4.066259438500604562e-01
3.225915427447810235e-01
4.858838188348929554e-01
3.696834139896889582e-01
2.568585580524143652e-01
3.934222325032225576e-01
2.840410962215385582e-01
3.941871509615991198e-01
2.453164919983294445e-01
3.116484086772944861e-01
3.947865072479452286e-01
2.892786091340164845e-01
2.582443384521035390e-01
2.633715446257264281e-01
3.073027849739102257e-01
2.831714630788707554e-01
3.767922560051317760e-01
3.843267935220448517e-01
2.380325791961536708e-01
3.370762302109274189e-01
4.901498690445165174e-01
3.442553892694175666e-01
4.142750841273047380e-01
2.865682071350308946e-01
2.863496377606175036e-01
4.071233524216568700e-01
2.677444132664913989e-01
4.068532877101755374e-01
3.790556266120170825e-01
3.913494071985488820e-01
2.467658068525023229e-01
3.266444578310624958e-01
3.324875459271690592e-01
2.562185679006103167e-01
3.095694601035055560e-01
3.983440658575179150e-01
2.537749747494004171e-01
2.505953716442292367e-01
3.100775300958197311e-01
2.707992182580223339e-01
2.732337168630763480e-01
2.350000700619327143e-01
4.018843415218645299e-01
3.640485575323367806e-01
3.065913749337587091e-01
2.896213065785064322e-01
4.206606384977519264e-01
2.626849129272477157e-01
2.505468326740870055e-01
4.435188279738795369e-01
4.891871858079623880e-01
2.960647749068640588e-01
3.335466418394152366e-01
4.488852940522836676e-01
3.790128365922733056e-01
3.314712995027895848e-01
2.515012154542346501e-01
2.418396936616081516e-01
3.748699985997639983e-01
2.678611483135011628e-01
4.262497732568817366e-01
3.407983642193389007e-01
2.961092736948816029e-01
2.655816321929500567e-01
2.691946928056100363e-01
3.100449945585208589e-01
2.808235243162284234e-01
3.074098378802999632e-01
3.379331467714528636e-01
2.473404385607517741e-01
3.711525084932981722e-01
3.891363961351582690e-01
4.918193266536132757e-01
2.768941041878981713e-01
2.856301226071389920e-01
4.660954388178603081e-01
3.443155682394581918e-01
4.570341716974293811e-01
2.824217688654891978e-01
4.745008578242685404e-01
3.765391826859461610e-01
3.069828066009360756e-01
3.354149629045316550e-01
2.818465256519283035e-01
2.831756824630315417e-01
3.227438435697091434e-01
2.781293999959397745e-01
2.900791797511804160e-01
3.331858023544466141e-01
3.443380582348721242e-01
4.892615311368591624e-01
2.351757737733174147e-01
2.497039493424639545e-01
4.180109427590082416e-01
4.675996256082637359e-01
2.760426123210397154e-01
3.312240178949949487e-01
3.282519856445528794e-01
2.850388322954356957e-01
3.051548604204026294e-01
3.560762394318258139e-01
2.336075830647884599e-01
2.878929802042001773e-01
4.478699383765899489e-01
2.330668297652473964e-01
2.800638040118193506e-01
2.499136275656362594e-01
2.382165030181407628e-01
2.481290375208399512e-01
2.560044299981556470e-01
3.437798597036932913e-01
2.861197842081672493e-01
3.468997105640699297e-01
2.444488682631755783e-01
3.984518026097954024e-01
3.489668204208912772e-01
4.937419991453900203e-01
3.926398297146398431e-01
4.338372339395376587e-01
2.765163356807582851e-01
3.521103023562995316e-01
2.884993431095307925e-01
2.862576210441280522e-01
3.334724205946311137e-01
2.697704867621334990e-01
2.900290294554720427e-01
3.551191638378472515e-01
4.269928243875547591e-01
2.530975995881402651e-01
2.933283258702479857e-01
2.892846042441859500e-01
3.899484920796484899e-01
3.077485252758455636e-01
3.891742843542103647e-01
2.833938601087397924e-01
2.457968750257635560e-01
3.703822153595824895e-01
2.846673376016728430e-01
3.160116093477833843e-01
2.894249082368835491e-01
3.331397756354869122e-01
3.965027815258096999e-01
3.956896436994965516e-01
3.782312248448320147e-01
3.119119767866832538e-01
3.468623447136002791e-01
2.545896901849015737e-01
2.852853699955463229e-01
3.954548516149082316e-01
3.690226545369297839e-01
4.596435814200520720e-01
2.826356395036395686e-01
3.844196247337179351e-01
2.358723027460469801e-01
2.574876456390589596e-01
2.628450579154863465e-01
2.919772885109745975e-01
2.881687028010133655e-01
2.906826866699916967e-01
4.438263532687332091e-01
2.953929416205359204e-01
2.385892715713361922e-01
3.396058407972343818e-01
3.706946270226705309e-01
2.888761354345633636e-01
3.515581778860633055e-01
2.830710377205006290e-01
4.208136000415080846e-01
2.598729025224464362e-01
4.113398652796944055e-01
2.578114046460334707e-01
3.091264339004591299e-01
4.418219415257204075e-01
3.997267253758425287e-01
2.819249198028175862e-01
2.569511113480802966e-01
2.531178717514277476e-01
2.900564884050397252e-01
3.182382980697355257e-01
3.422464348589545624e-01
4.075690082622900334e-01
4.157240127474327585e-01
4.504001756203618312e-01
3.029736518918355048e-01
3.323455447056981038e-01
2.984151574696628506e-01
3.231472986880040144e-01
4.030811360675256583e-01
2.355975454984451656e-01
4.671610468849784481e-01
4.161473654400489885e-01
2.430121762188064694e-01
3.881817834857341221e-01
4.068923732852433583e-01
4.026743497711477437e-01
2.437740203029616082e-01
3.090541262784748944e-01
2.454542897764359355e-01
2.582866177855869805e-01
3.280287900908840371e-01
4.598526670601004174e-01
3.863219724603488836e-01
2.636154686705189931e-01
2.874853599859201192e-01
3.389826256579796526e-01
2.988371615156800720e-01
2.644581663377819081e-01
3.550810922182473517e-01
3.070168558747158882e-01
2.603218225433894251e-01
4.595283196591898323e-01
2.761361050118003035e-01
4.250173121244033014e-01
2.518723648311750329e-01
2.866019853101784420e-01
3.817828480812252567e-01
4.295722699463194738e-01
3.719490164218854922e-01
2.407838481118661222e-01
4.037763000834099780e-01
2.739023702644728941e-01
3.174390490952322952e-01
4.697248698739304729e-01
2.893031896898166089e-01
2.586938507024428846e-01
3.516888268736146905e-01
2.847568174197951385e-01
4.762637460372186604e-01
3.913160729532490500e-01
3.020459276476166188e-01
3.682098382324616170e-01
2.982817463049893258e-01
2.450214581958286564e-01
3.567947494438808431e-01
4.238714684135749255e-01
2.757077529940406557e-01
2.922677632579601670e-01
2.934565927614223302e-01
2.604261263198828225e-01
3.978688507599678070e-01
4.661270404826282632e-01
2.511368239526208246e-01
3.635219567121042439e-01
2.717240326031851727e-01
3.057436836052012663e-01
2.951865369237093861e-01
3.358746878420829640e-01
2.830364123733523640e-01
2.416799017808931027e-01
2.685967857001314019e-01
4.699057144027597444e-01
3.646281547555310087e-01
4.578683639612176615e-01
3.070969737068073857e-01
4.860562407081327474e-01
2.882232085829958268e-01
3.697942295040081984e-01
2.391502121379691370e-01
3.308130098948200426e-01
2.592239928530931103e-01
3.964088598132549102e-01
2.463476716729719185e-01
2.344705045792526699e-01
4.404404378991979008e-01
3.011217539291465295e-01
2.460085511685094761e-01
2.433035652730645426e-01
2.907930323349455781e-01
3.497203198485912545e-01
3.336117157943161438e-01
2.323347907258387635e-01
3.351389940696380410e-01
2.519660933223921151e-01
3.312789666911012398e-01
3.400616939736735844e-01
4.866542490807719279e-01
3.189888056827833718e-01
4.326260394864716030e-01
4.774452706883104969e-01
2.432926651580732125e-01
4.411357062610563595e-01
3.111227264585140762e-01
3.454032785889643575e-01
2.698815577827366474e-01
2.757684610569469674e-01
3.364090955891740342e-01
2.775306034828856072e-01
4.066161543462518679e-01
4.620593157023944464e-01
4.105426572257749318e-01
3.328616993728123474e-01
2.918917504613025571e-01
3.888645675647041111e-01
4.612892262927710818e-01
2.571570954809609399e-01
3.783041762948673448e-01
2.582220509811221087e-01
4.725632015427161381e-01
3.382641628671153589e-01
2.879853942435139369e-01
2.678949545497149032e-01
3.824631344406701494e-01
3.753020242719239952e-01
3.017198370349934433e-01
2.444406691764481332e-01
2.500119208334186105e-01
3.159743479017649292e-01
2.919271350052918268e-01
3.431853371677148767e-01
3.550365465847822311e-01
3.282667690729089149e-01
2.583338251462843349e-01
2.732570429009388846e-01
2.922294117537966862e-01
3.436420619673995480e-01
2.956037806935570278e-01
2.578984623328690606e-01
3.117015216478307149e-01
3.330298169765979477e-01
2.862967897372920012e-01
3.680505167891768847e-01
4.708404055545084010e-01
2.556847950370779721e-01
2.513446215361513913e-01
2.480182460067031081e-01
2.354188192929640155e-01
2.719395915146771148e-01
3.209290631694733387e-01
2.907728748080764536e-01
3.856181316842546281e-01
3.320177957845301675e-01
4.477181679401839309e-01
3.009334974501632898e-01
3.909597794739116394e-01
2.984850725913329450e-01
2.430058335570060291e-01
2.989227689586541614e-01
4.047888927018751803e-01
3.510279593022474498e-01
4.321367433666058466e-01
3.018778381386105214e-01
3.971085967837467701e-01
3.394309398513586373e-01
2.387636163748100837e-01
2.683863093994095506e-01
4.567185872822052684e-01
2.340954558530295715e-01
4.783051661456509951e-01
2.935636459824420008e-01
3.765654643069265006e-01
2.616216054160582227e-01
2.932719252061313786e-01
2.834420409671988828e-01
4.410404613142940855e-01
3.667206687949545740e-01
2.723475076699110042e-01
3.751142931698739358e-01
4.806297338712428036e-01
2.892132586078960954e-01
3.910257137133238969e-01
2.429124898282945810e-01
2.440543073041434308e-01
3.135690739349868417e-01
3.089869107009676763e-01
2.493398714379226888e-01
2.508919743232240207e-01
2.980687683293003487e-01
3.699937375216760804e-01
2.393811230003536905e-01
4.631728071062263807e-01
2.936951237424432204e-01
3.016596842322608052e-01
2.571370480666260172e-01
2.518220588206011024e-01
2.574203559526491158e-01
3.113559854970275875e-01
3.318956353362769174e-01
2.459511323188534604e-01
3.225530919232065807e-01
4.882717389530291663e-01
3.762176237181574234e-01
4.639962191816924264e-01
4.013196219923728103e-01
2.543635338489453890e-01
2.878660662177795482e-01
2.958058430300813946e-01
2.461647347025507915e-01
3.009017606371681142e-01
2.967729468756530320e-01
3.104205916078402461e-01
4.750269337733779018e-01
4.732918327955037419e-01
3.429540321065676634e-01
4.611196065591740001e-01
3.063811495040742461e-01
2.874043408821359558e-01
2.503287383952313983e-01
3.916883091520110272e-01
2.774429455273340617e-01
2.374441082283642868e-01
3.886837680220711633e-01
3.559949400313583423e-01
2.894293209330047745e-01
3.412004477001719382e-01
2.841526620369058675e-01
2.590594479352322788e-01
2.457497562184692563e-01
4.936681689889659275e-01
4.766793656547489988e-01
3.560982199398325387e-01
3.102587543370834977e-01
3.567731721395616118e-01
4.472861620609500655e-01
4.123989787092389170e-01
2.593976304370009811e-01
3.108927715393361435e-01
4.177948025608090865e-01
4.239716716060270008e-01
4.717362574859140789e-01
2.534062056626086856e-01
2.761869410519802726e-01
2.361476334720201964e-01
3.025405081933096318e-01
4.443072867218428312e-01
3.264578615739394674e-01
3.120518796663026562e-01
2.438647001616198184e-01
2.887794903286690085e-01
3.911670793971994131e-01
2.395638814098688119e-01
3.549856016754971422e-01
2.635329211067200528e-01
4.875597454140336851e-01
2.867232614300302962e-01
3.896512977665347877e-01
2.781922257126214215e-01
3.150645588424788590e-01
2.427266841353159788e-01
3.235210450083050859e-01
3.410833156252846554e-01
2.748986238077829047e-01
2.883704969544843566e-01
2.378840045224195898e-01
2.888675260213222629e-01
3.053950616725037426e-01
3.722934514611706547e-01
4.077953610783170979e-01
3.070325311824998460e-01
2.413435249190857557e-01
2.503567643240432461e-01
3.647751291433724008e-01
4.988013328978196936e-01
3.146443915909516442e-01
2.677902672001337137e-01
2.871749901692401963e-01
3.044071903775714683e-01
3.013439699945162364e-01
3.391315652621629817e-01
3.320541659530053535e-01
2.593314352338341178e-01
4.107302826841862098e-01
2.454687683228780337e-01
2.897494113411138161e-01
3.816103610381896272e-01
2.896289810670181208e-01
4.017652056624194667e-01
3.664769912641400174e-01
2.823240289835062811e-01
2.913868702684762058e-01
2.909672954652830490e-01
2.866313269442564149e-01
2.576897136044515868e-01
2.984253604169009866e-01
3.212902853217790566e-01
5.025758516789120556e-01
4.050288454524105797e-01
3.071589600866523329e-01
3.267192785405001465e-01
3.253872382311060463e-01
3.798538526978850749e-01
2.439935270719167382e-01
3.106443264260876358e-01
3.426962916466346210e-01
2.631179468551970713e-01
3.701288091698344829e-01
2.668281958688960009e-01
3.104672355937503347e-01
2.583524459245866711e-01
4.358163256788267215e-01
3.032303050056561755e-01
2.379395516440684921e-01
4.135618799795791611e-01
2.527833417027473550e-01
2.380430229768412675e-01
3.621186440193044365e-01
4.029680976284688576e-01
2.826956295403546537e-01
2.813651704905597017e-01
3.432122082877414049e-01
2.838333124268045404e-01
2.451182879587664731e-01
3.267323755797503781e-01
3.049247260345018251e-01
3.565679835929180252e-01
2.642440071454510431e-01
3.496517961474089886e-01
2.845923471772598412e-01
3.288927399983068156e-01
3.799194168040430086e-01
3.945177976649028584e-01
2.994227189396188038e-01
2.466275166917918371e-01
2.629844650374035253e-01
3.860517378921828890e-01
4.190488582115733940e-01
2.544957470900954255e-01
2.666143146963954602e-01
3.099923392230294339e-01
4.788046256858083383e-01
3.235887344906332452e-01
2.488405254995577076e-01
3.144924293506290436e-01
3.397137035369211522e-01
3.320358774641982147e-01
2.358446532776828086e-01
2.354779946957892833e-01
2.580724216105462765e-01
2.749186534602732213e-01
3.345817848837741582e-01
2.931110500906498051e-01
2.749337093560126344e-01
2.761157981332893474e-01
2.682903743139232189e-01
3.013519015098603537e-01
3.119036036270746437e-01
3.369621896956035978e-01
2.376320171011108984e-01
3.122283746298699647e-01
3.241303209363940452e-01
2.906345456989111731e-01
3.713599860964362787e-01
3.369336127263535818e-01
3.862770830364529173e-01
2.819120828995927974e-01
3.775958421800707510e-01
2.764206345892190053e-01
2.606769886781026280e-01
2.858000817656444204e-01
4.128119918043802739e-01
3.460907054184824139e-01
2.568236960138440272e-01
4.026979026290452568e-01
3.134353285576728099e-01
2.924373485188819233e-01
2.776294008288598403e-01
4.804476272876833653e-01
3.596612338320787083e-01
2.614198403800756521e-01
2.902401443033621464e-01
4.094921147591122912e-01
2.520955348218789083e-01
3.787816681166685795e-01
2.875118326994342000e-01
3.005326398557117140e-01
2.708177021086956571e-01
2.434330071217088720e-01
2.638708576767690994e-01
2.405129109961735290e-01
3.428207286529380005e-01
3.876475702840626036e-01
2.459010417548997962e-01
4.025743836583764446e-01
4.683700491569513513e-01
3.707647764550114355e-01
3.195100298838523534e-01
4.137663872621975547e-01
3.461939560342895406e-01
3.234275803444506270e-01
3.984401850880785467e-01
2.588349337008871709e-01
2.826883046299788482e-01
3.776761655279001761e-01
3.449748292801299576e-01
3.619451953964785140e-01
4.536185812774802817e-01
2.703403454978258180e-01
4.859861549597444541e-01
2.919194203284838363e-01
2.832481889012924414e-01
2.819349466337828236e-01
2.502951331908055410e-01
3.053778650397378502e-01
2.359475383445395480e-01
3.039583027042207508e-01
2.885134545115071170e-01
2.427183104203768094e-01
2.636501332021882749e-01
3.126779048298105601e-01
3.020809454309819064e-01
2.790569020087271257e-01
2.817751857091326806e-01
2.768727712074847136e-01
4.154281444737530915e-01
3.116706993606540022e-01
3.625136018975832486e-01
4.041144744722836579e-01
2.694733203714634318e-01
3.556655844106599296e-01
3.236808031480756798e-01
3.240052750840407558e-01
2.573167552065324659e-01
3.419952497382719447e-01
2.875303383998249473e-01
3.379165953900827302e-01
2.882263518741040587e-01
3.221832158826742343e-01
4.760805851641091713e-01
2.662055416227417370e-01
4.607135575078937229e-01
3.357250714118453772e-01
2.538393122639052701e-01
2.912312446772538643e-01
4.576235466773214688e-01
2.518779869774538382e-01
3.323367175257792017e-01
2.403635653432920627e-01
2.761577787623242797e-01
2.945473454892069132e-01
3.347328012253464879e-01
3.691632082097363599e-01
3.028808877367843988e-01
4.782583082861397439e-01
3.099301133561328525e-01
3.512794601797126215e-01
2.685745770870215376e-01
2.713293836214500376e-01
4.218223565995672941e-01
4.027270630922805128e-01
3.026740331609508727e-01
2.840122761240047589e-01
3.352331551091570216e-01
2.453071867488042235e-01
2.863717041159323795e-01
2.611423303079752900e-01
3.220093477099549850e-01
2.364595992076150566e-01
2.350099813329471210e-01
3.861692222181473677e-01
2.919075309021536002e-01
2.366075710840712110e-01
4.473966878331080976e-01
2.469651590643639760e-01
2.862286439102441626e-01
3.082214227795567751e-01
4.088469952788854056e-01
3.361558216131362298e-01
4.472040198416954437e-01
3.802283602306070209e-01
2.877193319000294069e-01
2.717093777698115220e-01
4.725470994298044403e-01
3.360950528809920068e-01
4.888268146733089625e-01
2.601906148852585754e-01
3.034915398179875989e-01
3.600988966167559258e-01
2.738568039238905572e-01
2.780902484199547220e-01
3.100637413642185480e-01
4.090584412702870098e-01
2.949614125872934145e-01
2.989777125585507678e-01
4.609115658082509892e-01
3.397071396972184409e-01
2.651667635370341669e-01
3.911529869215962241e-01
2.955289674809440936e-01
3.075068359570298782e-01
3.232358265696487765e-01
3.158369315238730990e-01
3.299389000806413619e-01
2.451932181612409833e-01
3.422720737610522868e-01
3.031604605729494861e-01
2.871562592301667438e-01
2.467752585658330167e-01
2.752625156504467929e-01
3.201956950104803967e-01
3.008572178738484482e-01
3.198651060600728457e-01
4.616873084673473460e-01
2.571963073665034516e-01
3.228180590595368660e-01
3.005583392500315587e-01
2.887483773251020569e-01
3.011255876244983143e-01
4.045346900187479222e-01
2.519241844536322383e-01
2.785330045407923838e-01
3.655909991573104700e-01
4.716270079238785162e-01
4.159473155013432288e-01
3.254163205198386533e-01
2.352583392836977982e-01
2.997707170277919553e-01
3.825037475497933270e-01
2.465437141034227397e-01
2.328418809457220573e-01
4.551956653611850534e-01
2.689317075939861579e-01
2.932361868637398117e-01
2.932114310327368911e-01
4.673190441053725608e-01
4.739946102569893016e-01
3.878494827559768043e-01
2.696268573975880711e-01
2.875218797948699834e-01
2.454474293285748288e-01
3.081201911921880310e-01
4.042190251118821798e-01
4.651844729583261562e-01
2.852622898248765027e-01
2.915897300831143957e-01
4.669060601349898088e-01
3.234599650486195133e-01
3.798325498838290293e-01
2.920920124952047781e-01
3.513346866868014007e-01
2.769778113372122763e-01
4.449684990831518916e-01
3.560345965465508966e-01
2.486803042956519938e-01
2.369837225519208224e-01
2.498249370595043983e-01
3.103784301963102843e-01
2.758137715387525279e-01
2.740650197939497046e-01
2.378041158072167482e-01
5.014828420885422133e-01
3.407594410982952016e-01
3.877980550476582411e-01
3.211689148941905270e-01
2.595053827578389649e-01
4.061014664638957772e-01
2.449796259987205849e-01
2.557892159775490559e-01
3.365085368492520268e-01
2.887837412346443422e-01
4.779548519152337915e-01
2.788275086774483769e-01
3.327164684165598296e-01
3.325192727534171944e-01
2.918721813710007384e-01
3.333427535521786278e-01
2.499677397129661249e-01
2.438006938222139486e-01
2.452611933744213157e-01
2.827143096460416616e-01
2.960890128513312125e-01
3.868221398316155635e-01
3.540446285979200192e-01
3.889334761460359613e-01
4.557192388263029414e-01
4.137180247569640090e-01
3.457158061838503382e-01
2.861375097579066940e-01
2.463298558495784496e-01
4.635800134125194760e-01
4.751093131726573660e-01
3.772538040511238533e-01
2.498247203989163168e-01
3.038068550861640627e-01
3.531695504426983212e-01
2.994570465326398256e-01
2.948877944811938434e-01
3.793899681046030148e-01
4.540948550123244942e-01
2.851036753421434811e-01
3.223341844266781608e-01
3.322805477048264011e-01
2.425578536275475316e-01
2.720045575160550122e-01
3.878430275729530252e-01
2.898268787970159632e-01
4.710221284525304974e-01
2.871747832872529882e-01
2.420366003388454701e-01
4.845608076266587627e-01
3.439898644182510234e-01
3.022250844343529752e-01
4.571250085244382699e-01
2.439657789774737628e-01
3.233705393105435477e-01
2.831188216054131845e-01
4.230210711136351831e-01
3.357278108475797995e-01
4.118558083176780960e-01
3.328370692936356567e-01
2.798423206987554757e-01
4.585946281166456973e-01
3.622513151931679998e-01
2.832211631201152491e-01
2.459918252826802654e-01
3.173743859621371288e-01
3.421774826256010482e-01
2.776835203282370657e-01
3.078718207321792799e-01
2.953781273705541888e-01
2.637787424592230034e-01
2.844129904738253445e-01
3.374952674141761810e-01
3.530331764405767458e-01
4.698282376602978538e-01
3.520059080339106861e-01
3.282489370632595271e-01
3.397581385242196550e-01
2.824365872028828384e-01
3.869853360876747139e-01
2.811371282901128366e-01
3.069985917482846438e-01
2.763844741894700974e-01
3.321416703578446428e-01
3.507869756388811155e-01
2.871877829357654677e-01
2.896460612790487943e-01
2.524474196263847281e-01
2.911850893143827501e-01
2.520210146491908554e-01
4.128674512994368606e-01
2.950820028429103070e-01
2.372555379918466212e-01
2.687032141713039946e-01
2.734059320477220112e-01
2.525773848972849844e-01
3.031073611552669855e-01
2.459431521462343562e-01
3.987251162900410373e-01
4.598170344083084560e-01
3.770650832216791426e-01
4.169124311891488355e-01
2.680007861067353891e-01
2.633090636352298786e-01
2.612720086221345661e-01
4.819593645838626816e-01
3.029397815714702236e-01
3.651591747798612619e-01
2.637830908226270754e-01
2.839669837216495796e-01
3.317600673008874734e-01
2.413538334357972215e-01
3.512524589262742136e-01
2.576951221367822509e-01
2.348296957801670470e-01
3.391851326629917174e-01
2.925126364883258168e-01
2.820304678376515106e-01
3.202395008708411317e-01
2.867479423785687653e-01
2.928606704762469759e-01
2.583254674247673077e-01
3.537639908219825102e-01
2.842153801835536897e-01
3.441564353708513879e-01
3.049141804993912297e-01
2.912330090122521309e-01
2.880728451375613730e-01
2.551050851630234928e-01
2.344466320790110914e-01
3.281726339787426339e-01
2.471215298480880229e-01
2.859718621437539188e-01
4.844935279469678724e-01
3.894403474950994815e-01
2.850647597053601601e-01
3.883974677542489928e-01
2.698197579721568484e-01
3.474627983415954358e-01
4.096240434702334565e-01
4.282508134532623245e-01
3.970082637899872147e-01
3.327569849009829328e-01
3.051649350710400888e-01
3.685538230732753884e-01
2.562992777106249398e-01
3.273779550976877450e-01
3.262938857915232971e-01
4.150522322196993352e-01
3.366732014790576044e-01
2.754371840694400664e-01
3.542987658950818575e-01
2.467049079135661960e-01
4.652500423612118130e-01
2.500447539296749011e-01
2.659748159921985211e-01
2.412235930666472017e-01
4.675028960047321602e-01
3.447416841630882023e-01
3.701578999093012023e-01
3.973426138597779822e-01
3.205639685553235418e-01
2.415912844382101798e-01
4.113775025577220967e-01
2.948568762859093417e-01
3.842685036686980804e-01
4.574893382518157581e-01
2.396932296307851817e-01
3.847140741320500545e-01
2.748496455006139150e-01
2.880356973720867853e-01
2.581215103866613680e-01
2.848934205513010132e-01
2.985073715293645180e-01
3.251008579414990662e-01
4.435629905499640091e-01
2.652293260506836670e-01
4.808210734253817731e-01
4.201183804758238938e-01
4.618673467563174095e-01
2.538479051542953946e-01
3.862056524837825799e-01
2.739908461424053199e-01
2.457055172530187848e-01
2.791518093818199930e-01
2.756358319770864096e-01
2.450377522136561181e-01
3.216908294831151705e-01
4.417599135848909730e-01
3.494637463397752830e-01
3.318044818845946597e-01
3.409069550590819175e-01
2.596308551503263007e-01
2.895704399510666271e-01
4.008802614148264110e-01
3.530799940545114035e-01
4.742624528050604082e-01
3.108926044917130760e-01
2.623668280368334771e-01
3.030896141203799909e-01
3.006311481535294261e-01
2.561602053631237830e-01
3.260036643906590315e-01
2.875920205672783947e-01
4.731354482149692231e-01
3.938111192552549156e-01
2.923177088183868122e-01
2.435118259021613052e-01
2.776038587350145304e-01
3.801333630144436704e-01
2.815784745315481064e-01
3.900174558143275072e-01
4.572696423369196350e-01
2.923775950170620641e-01
2.533430578927413079e-01
4.542559805096383352e-01
2.971772109547012319e-01
2.369725132027348247e-01
3.912546532488754281e-01
3.007101191776688220e-01
2.475391260672410998e-01
2.622882699224436953e-01
2.532067010790680084e-01
2.473848896133543362e-01
3.576229699953811791e-01
2.788907735299507862e-01
2.785097924622710885e-01
3.420154311330708685e-01
2.525074615967013991e-01
4.777658311405728608e-01
2.783797900927393876e-01
3.768094977801390022e-01
3.332553543074576741e-01
2.732161217742762327e-01
3.200824378140947335e-01
2.892756373548213689e-01
2.571260501242537688e-01
4.733089749381166889e-01
2.794770434430106087e-01
2.541977181650248996e-01
2.734438573467540823e-01
4.168177962483156640e-01
2.685403376756920757e-01
3.562969906847689439e-01
3.306249430279482038e-01
2.636404761183611667e-01
2.546930817768809363e-01
2.529674024631409779e-01
3.258367814984290955e-01
3.641745183277858566e-01
3.852995216406760459e-01
4.876166317049450138e-01
2.846771744978627838e-01
2.527725414731343268e-01
4.758233205351586892e-01
4.719735194391702637e-01
3.603725333752835214e-01
4.413006681909780737e-01
2.848744782154691291e-01
3.836591383787444354e-01
3.037685029801946435e-01
4.594328583642149910e-01
2.462820339839073835e-01
3.329121120828142932e-01
3.462596058090200990e-01
3.032094411157399416e-01
3.311743601048691699e-01
4.110112460968147197e-01
2.461900351671804654e-01
3.155601504707005178e-01
3.558430852837162761e-01
2.965678616832148062e-01
3.873885578553657449e-01
2.851370507431283952e-01
2.620804744928679764e-01
4.110499901537970069e-01
2.786537447104851517e-01
2.813827788106628147e-01
2.757832419291632031e-01
3.551982549131893485e-01
2.525433152202122278e-01
2.874157990331649426e-01
2.757922599299308386e-01
4.186911398453139199e-01
2.347939497612578363e-01
2.709558051174292825e-01
2.960976040136594767e-01
3.393925741818909492e-01
2.476369058019510516e-01
2.887767047730636083e-01
3.001397690537195850e-01
2.482763170579581902e-01
2.452741320067672315e-01
2.854573267804946246e-01
2.833211646473017820e-01
2.755601385425827110e-01
2.821416041062948521e-01
3.710091064778933134e-01
2.389948015924103775e-01
2.525267099175544927e-01
2.639373272283195293e-01
2.976737971015307460e-01
2.851173744298650115e-01
3.282285055994104694e-01
4.086947090106684000e-01
3.387114569191506663e-01
4.447171404845526865e-01
4.759912673693036389e-01
3.588536129810128150e-01
2.680894356501070663e-01
2.865564486553184853e-01
2.454456566041722243e-01
2.624400074194151444e-01
4.631364559612907716e-01
3.644921391107089903e-01
2.661178654820111622e-01
4.478405398381207214e-01
3.257287950018470379e-01
4.244170166525962351e-01
2.527235084570005896e-01
3.976160950959367058e-01
2.680008875006035240e-01
3.739849895527900814e-01
2.757474403071837887e-01
2.485893273028435269e-01
3.374359437955790075e-01
2.582921583566251122e-01
2.687028883565811266e-01
4.060499203740258189e-01
2.780710975556680009e-01
3.519713814387641637e-01
3.550213493662080499e-01
2.531281476775205097e-01
2.452938068724956622e-01
3.357785918238677114e-01
3.805580429380611696e-01
2.975954634904812157e-01
3.353677921112522275e-01
2.811013107072284911e-01
4.169408356619641043e-01
3.028359234212132933e-01
3.873023105508567321e-01
2.686013456271292288e-01
4.963815488139591836e-01
2.537415016430605852e-01
2.803226731128767302e-01
3.031806470679314081e-01
2.646139098668641165e-01
2.965845607422014085e-01
2.944399841744319013e-01
4.813668862907783952e-01
2.732863432760754829e-01
3.673346890059126513e-01
3.534289813249445467e-01
2.557675936687620610e-01
3.686947699294961245e-01
2.982503048761011022e-01
4.947354655231213094e-01
4.617401246377236257e-01
2.697738050571265589e-01
2.411175434978592991e-01
3.027066751238919329e-01
2.709067171295547749e-01
2.952634507433951061e-01
3.094592441432857388e-01
3.669905611004685153e-01
4.171547853894041480e-01
2.357925596914280386e-01
4.145284494752971560e-01
2.462945870679876248e-01
2.621449562224107965e-01
2.839005200751741342e-01
3.002452761022640915e-01
2.823586397967451922e-01
3.336542554005543781e-01
3.248834446409775145e-01
4.482552729955813775e-01
2.815423765815806556e-01
2.673302749148628865e-01
3.338511491911512752e-01
3.849548444545360382e-01
2.923566029969347224e-01
3.123729046278257426e-01
4.623392296553887060e-01
2.626897417200340645e-01
3.616834514617288110e-01
2.751375604502141470e-01
3.107423364454398595e-01
2.492209042871611491e-01
3.019860511577091011e-01
4.011295845440802088e-01
2.909921165416478051e-01
2.723414492735191650e-01
4.522032529465885298e-01
3.489379028559252971e-01
3.166717971265016751e-01
4.109193894436501404e-01
4.556341109028989034e-01
3.095955636478184836e-01
2.384800840572559588e-01
2.928769572547080258e-01
2.977344522496762624e-01
3.808638634297352721e-01
3.916707377845823346e-01
2.646807634190248004e-01
2.914784118244499456e-01
4.248296198521035461e-01
2.875448458293438092e-01
2.597997918132636808e-01
3.114752329442175283e-01
2.686046947887329450e-01
3.493102732192835957e-01
2.803229182296937405e-01
4.503609021454365591e-01
2.436743128129301994e-01
3.326525513643249776e-01
3.926576799534657325e-01
2.467727133714537058e-01
2.891753278673904748e-01
2.777969380152363610e-01
2.826268782653164058e-01
2.435981982735103135e-01
2.854627019858422265e-01
3.055726854435408257e-01
3.379122095068612386e-01
2.474150325422801999e-01
2.477449148048439520e-01
3.048612636820862143e-01
3.062811207193458785e-01
4.000107136659174500e-01
2.877115793119626730e-01
2.591806787022690184e-01
4.042635574335868842e-01
2.790404420382354700e-01
3.860498495354208193e-01
2.569944930995086696e-01
2.789759087085968980e-01
2.643626265381609497e-01
2.861047296751538793e-01
4.227154114058808698e-01
4.241804406836015562e-01
4.808705967507935219e-01
3.273743122040241316e-01
3.027206412175905137e-01
2.457486671328126537e-01
3.950088142901430621e-01
3.132245173891568535e-01
3.350345576853580032e-01
4.408544383517705723e-01
3.068381966319768117e-01
4.534247919505553504e-01
3.831698487190696167e-01
4.844601112162518208e-01
2.966219824573039232e-01
2.797044841947571858e-01
3.391626734019719813e-01
2.646691653504451569e-01
2.968004647604776114e-01
3.405098627916931520e-01
3.263070691652380506e-01
2.504785173208242677e-01
2.793486600382980023e-01
2.657648088713219781e-01
2.525635899807514018e-01
3.036722369825177736e-01
2.572057818634217452e-01
2.327384731050483047e-01
2.583914240354148184e-01
2.953443316355874315e-01
2.825228806212786159e-01
3.129028550613844328e-01
4.523721087003836350e-01
4.184791751557295214e-01
3.661268159580621240e-01
4.112358471901619295e-01
2.944329043817374703e-01
2.477414423212932204e-01
4.822350225928969669e-01
2.923479435673702609e-01
2.422220527383081579e-01
2.813514693557629398e-01
2.789539114742519699e-01
2.510176094751920828e-01
3.034836455776898645e-01
2.739784374629827823e-01
3.725923324755026078e-01
2.484582774081755818e-01
3.789678516516958862e-01
2.488241911753768243e-01
4.412390969632088433e-01
2.768091643963944692e-01
2.819962605043275228e-01
3.012522504225470521e-01
3.225784715954181370e-01
3.892435210143730395e-01
3.450987822848860520e-01
2.794778913082530125e-01
3.053830185164389532e-01
2.488311778319501344e-01
4.840011146676283516e-01
2.591084405346062991e-01
2.381524716236045891e-01
2.438457306644611078e-01
2.498276667636213921e-01
2.903069600464397992e-01
2.469528225128172494e-01
3.232955688565908314e-01
3.476713041528832204e-01
2.425471958288168972e-01
2.575503383041332084e-01
3.030109069247309272e-01
4.191990111655494733e-01
2.838818832771298761e-01
4.089604955241061268e-01
4.787638949791790943e-01
3.671924795564450728e-01
3.224570080058661858e-01
3.042692730153769287e-01
2.504774073219693808e-01
4.800563215314011534e-01
3.965587216558543182e-01
2.804580114296384430e-01
2.749753690680589169e-01
4.815597657251192709e-01
2.783140322117533261e-01
3.082055360138511446e-01
3.285297205291729528e-01
4.141052100620622456e-01
3.195915513137868036e-01
3.709135676831540329e-01
2.493952538336149938e-01
3.761254379620330712e-01
2.836736928017737913e-01
3.034535255476513149e-01
4.563235956126067694e-01
4.560312609450488663e-01
4.270090407890353434e-01
2.797960525843576907e-01
2.636391495484650682e-01
3.608173483618179467e-01
2.845271246968350543e-01
4.403159097594917526e-01
3.347661214366894344e-01
3.562478272589218453e-01
3.651362893937827869e-01
3.313031910689644977e-01
3.036479646752144879e-01
2.840769758296310399e-01
2.645006478582568876e-01
2.464347240433049369e-01
3.130124574939894821e-01
2.746926681850626606e-01
2.478006654077798132e-01
2.421148256368972074e-01
3.355767660748127934e-01
2.740525042030668157e-01
2.929944426801147639e-01
3.857056074210841734e-01
4.125817763626416501e-01
2.876741407753066748e-01
3.083288855004708839e-01
3.334390319495704746e-01
4.602313549477510257e-01
2.579203661111582613e-01
2.740084845943149272e-01
3.337745274346132773e-01
3.039057556741264765e-01
2.786541522769821477e-01
2.507254647573151085e-01
3.341144192697145798e-01
2.853608803497323931e-01
3.457897588769455743e-01
2.524291965905197666e-01
4.238454351601483872e-01
4.764285313283848633e-01
3.489451801620609972e-01
2.856271219785659898e-01
4.659703463973215998e-01
4.557918692011776463e-01
3.957374796373835935e-01
4.563625838273848156e-01
3.257262099156967849e-01
3.500186965953801521e-01
2.798271439629035906e-01
4.550847006631101865e-01
2.814261992308176308e-01
3.233431411417064805e-01
4.792187574162089514e-01
2.380166173541934937e-01
2.733098544626056392e-01
4.712734281801467251e-01
4.697211131922426341e-01
2.979819599598866886e-01
3.249311856025584033e-01
2.937051301242075141e-01
2.459507377316538235e-01
3.311781399796179248e-01
4.667041389513530425e-01
2.786494011202518273e-01
4.580905015688598314e-01
4.796965881140194954e-01
2.950354986335332330e-01
2.921763376608330076e-01
2.551001458137942546e-01
3.738158171810305741e-01
2.696587904562840476e-01
3.777855740102680770e-01
2.795695689742278556e-01
2.773708698677076478e-01
4.111905185635057469e-01
2.972188127818873316e-01
3.271475862968723503e-01
4.612578204047275143e-01
3.018983043344426465e-01
3.365294600069304587e-01
2.820158012752426169e-01
2.438923330593454897e-01
2.768560879084583370e-01
2.659302428010894559e-01
2.822364855908928161e-01
2.453163642530086230e-01
3.044005480658187324e-01
3.277580048789948131e-01
2.546978432513244406e-01
4.076648446434489870e-01
2.891055332235291098e-01
3.515536642473787166e-01
2.820874228771508285e-01
2.626255511653988184e-01
3.542243482663148813e-01
2.614911099447932430e-01
3.345070635586677721e-01
2.808485474854202635e-01
2.853517264627641881e-01
2.828044479131736066e-01
3.061565030303766699e-01
3.125850923569469253e-01
4.539608074697681350e-01
2.462118588244088524e-01
2.688749615171449614e-01
4.007115439763182518e-01
4.779611344438023934e-01
2.579762011516194553e-01
2.856826600773234026e-01
3.251875578224990293e-01
3.316897390037162885e-01
3.799526957462744936e-01
2.842230117436904124e-01
3.120314947316276122e-01
2.601442033075828109e-01
3.826354082062797812e-01
4.001866829125670377e-01
2.359437865952892510e-01
4.328889986330295980e-01
3.357003666776020578e-01
2.868905587092617782e-01
3.081869551272412022e-01
3.062723172282999506e-01
3.358212135479381466e-01
2.849575116646900774e-01
3.520276706239361397e-01
2.782380543848749777e-01
3.263483466990355075e-01
3.270445492275738109e-01
2.800996029584242875e-01
2.601631977695879061e-01
2.998974806370925394e-01
2.958340921410512747e-01
4.281989633003882023e-01
2.380734034040308811e-01
2.639422576043859436e-01
3.589548664559097935e-01
2.612508740127387208e-01
2.873979712723539470e-01
3.189983975623491008e-01
2.510693005890528018e-01
3.977193993686599094e-01
3.660905676434998979e-01
4.242232898925136220e-01
2.602557740926707552e-01
2.840343217014833499e-01
2.774884211437815273e-01
3.343524258409585892e-01
4.773900792571129093e-01
2.946638522990572828e-01
3.418565098973094241e-01
3.068038599519876675e-01
3.094358987979410336e-01
2.736135146955673281e-01
2.980217947053053207e-01
2.833532418640086759e-01
3.990677518189885142e-01
4.629039737948016930e-01
3.614662651445606500e-01
2.588817720713411097e-01
2.599963824847999483e-01
2.439381613824833650e-01
2.853025851462074880e-01
2.765553067452880542e-01
4.437153518894561555e-01
3.600871057113343987e-01
3.829767200114927439e-01
4.015564498032459517e-01
3.485754937295807432e-01
2.518387848489033187e-01
4.082781989146055390e-01
2.975304030173686609e-01
3.425546117747610420e-01
4.565303086762864671e-01
3.893427017232410914e-01
4.035736886230631981e-01
3.389815184705649576e-01
2.903966745252972714e-01
2.884961177712976332e-01
4.725339554838022815e-01
3.740358517476295996e-01
2.756079086799698152e-01
3.523137383019345759e-01
2.470810810010734826e-01
2.356508914727832305e-01
4.489110883909083194e-01
3.572659035052833110e-01
2.391648246631131458e-01
4.008838628512072511e-01
4.196736688154961703e-01
3.836485223457903881e-01
4.663354821402434514e-01
2.982613094617647675e-01
3.807688731065908549e-01
2.588011821940339741e-01
4.193586870209466966e-01
2.997125794950448729e-01
3.641262985523916473e-01
3.659927619369675589e-01
4.912888114441577581e-01
3.412973765034318374e-01
2.855990661784238438e-01
2.817988931731633673e-01
2.504164020577494543e-01
2.827667074379856538e-01
4.096838548790961987e-01
2.795930521353444109e-01
2.383204805819357786e-01
2.988533427168306167e-01
2.780982834655788549e-01
2.603216454910976529e-01
4.843329896098771403e-01
2.937554700813682085e-01
3.508727650430230049e-01
2.487883063096109626e-01
2.806318772457722655e-01
2.730393275863778335e-01
3.654421055551224651e-01
2.875708204177205296e-01
4.541393703112074909e-01
4.106196563716156267e-01
3.078218060796701350e-01
2.644514614113767648e-01
2.512226060942647776e-01
2.602477467585003756e-01
4.601102751306749838e-01
2.867296276009713707e-01
3.309025663333408640e-01
4.701076706845837561e-01
2.452856528853842311e-01
3.225527056137023063e-01
4.848157030279389712e-01
3.061086746748713505e-01
3.045370546844863857e-01
3.669896723677361638e-01
3.965315173965260898e-01
2.800251980782416106e-01
2.750642486128289099e-01
3.837582465973143897e-01
2.427993620378880169e-01
3.478602891159076616e-01
4.123507435863774662e-01
3.200989389248484751e-01
2.695349382785612313e-01
2.724668406583882763e-01
2.509032197968543154e-01
2.808625732007299924e-01
3.854966893218105262e-01
3.102222885465957258e-01
3.360416378416693495e-01
3.468400174691289584e-01
4.421396989691346868e-01
2.833129421745803067e-01
3.665508222062586197e-01
3.575906822012363540e-01
2.450468974776732756e-01
2.638795243653890288e-01
3.058472231842000455e-01
4.614519817575072347e-01
4.646743806496466123e-01
3.620497457553220610e-01
3.542475350926500011e-01
2.523598681224727969e-01
2.499636667564531511e-01
4.103978262454715531e-01
3.375656522236764046e-01
4.459455667229407783e-01
3.519918411530279512e-01
2.387560372106941053e-01
3.199757078018677925e-01
2.755019894016250137e-01
2.531229765792968323e-01
2.517921894446326081e-01
2.960594311983724691e-01
2.598413745339316350e-01
3.819505593191280246e-01
2.711196049713879841e-01
2.423915749504266803e-01
3.173258252008749891e-01
3.318403028216709849e-01
2.469305836094822515e-01
2.625766207806297659e-01
2.627513096670534010e-01
3.039699771406586537e-01
2.618621544551729685e-01
2.473710266361063281e-01
2.730101755987929257e-01
2.782348505363698155e-01
3.380615200335492232e-01
2.939887940540080180e-01
3.714086933451090089e-01
2.866742054094854053e-01
2.829809498431948289e-01
2.933058057811703812e-01
3.574890995323389276e-01
2.449690669460330428e-01
2.438355084318002408e-01
4.114579320569876075e-01
2.641966583792913492e-01
3.405594529787365765e-01
2.403098737311301913e-01
3.001997840967771669e-01
2.744640085564293286e-01
3.995920487341308447e-01
2.497159426722633246e-01
4.074940096895513508e-01
3.210239335989883980e-01
2.693962443141842966e-01
2.666827252922291391e-01
3.342931609825262607e-01
2.807010429960546394e-01
3.184056209812042848e-01
2.443327138279181299e-01
2.459095356804134047e-01
2.675559319286819893e-01
3.243300561534724902e-01
2.393790295150231284e-01
3.881965351650187301e-01
3.072508626289576217e-01
3.440008545235846427e-01
2.568418147878910873e-01
2.347259367145834996e-01
3.932895734586143721e-01
4.619671945023468007e-01
3.490890938835394808e-01
2.362804372664634167e-01
2.430645173448286178e-01
3.654609111379936714e-01
2.959848075205361861e-01
3.410300455217661342e-01
3.113256299909739622e-01
3.102299608009481680e-01
3.413655485587404614e-01
4.671394159847643279e-01
3.374696662721732299e-01
4.686535899186723975e-01
4.136528749990438514e-01
4.208369700100020316e-01
2.772546233400831062e-01
4.680704986898367448e-01
3.035281800563285892e-01
3.433596332676764895e-01
2.595932351498922985e-01
2.828997322207197906e-01
3.133691347420127782e-01
2.884895375606916779e-01
2.480149447667091278e-01
3.330338637950662206e-01
3.628555480398999999e-01
3.024405895444181036e-01
3.408187891314897189e-01
2.710543050705061519e-01
4.662699772573111190e-01
3.342358002631949931e-01
4.428356490447804550e-01
3.000199252510986625e-01
4.269595449989286862e-01
4.192894121648624850e-01
4.542412882536085439e-01
3.113530166332615368e-01
4.544333289606388160e-01
2.798429279255947311e-01
2.742507857380516723e-01
3.702242186951017477e-01
3.384818912418474102e-01
2.559557762506584067e-01
3.680353185419279471e-01
4.932085827018222735e-01
4.377867884293528689e-01
3.441097758320407762e-01
2.588400165943747777e-01
2.888061957068470686e-01
3.122713924654272888e-01
2.340580191915779817e-01
2.679944690706441146e-01
2.405729604897495488e-01
2.806028538515743520e-01
2.405300304612225104e-01
2.725713402281376707e-01
2.540748143594476760e-01
3.080908376634079460e-01
3.513389467019834012e-01
2.821513697413129407e-01
4.440215199301983939e-01
3.389794239516805696e-01
2.895927361714050186e-01
4.616401935617198693e-01
3.603077387340554716e-01
4.711964762765737946e-01
2.966334849459570377e-01
3.326757698522815887e-01
2.838772948380146599e-01
4.285888077224223602e-01
2.710869621620913272e-01
2.777395739569352706e-01
2.703663970072580636e-01
2.501916635792447718e-01
4.775648127919007724e-01
2.853050107911779820e-01
4.737188286696121797e-01
3.685649067013092028e-01
2.332105901554914484e-01
3.283853159714775760e-01
2.467844560549652122e-01
3.434777546557777339e-01
3.319779871980290675e-01
2.450964473165766488e-01
2.880233046433967603e-01
3.692069189630532433e-01
2.624835417279455241e-01
3.028182847595024541e-01
2.778984626083358944e-01
3.319040610774224853e-01
2.745245739306588217e-01
3.117427064570158501e-01
4.510558555862309582e-01
4.058587096590400289e-01
2.822289382287878068e-01
2.560602073772083598e-01
2.845773895093501871e-01
2.762271914064293177e-01
3.371134297187513007e-01
3.693250697727641918e-01
2.721096292810348816e-01
2.997617946903952113e-01
2.403690866806256765e-01
3.815032158865380718e-01
2.799363807047737795e-01
2.946539678437372078e-01
3.547199628792614412e-01
3.004149612397694624e-01
3.364187020672087525e-01
2.926362615806523126e-01
2.904732641091765100e-01
2.996651106920966146e-01
2.607694319401273608e-01
2.927920326665390260e-01
2.788291829479307427e-01
4.748439153556235359e-01
3.823745965401123548e-01
3.228781222071065438e-01
2.504911877487700500e-01
3.042907471153114551e-01
2.941035968856853255e-01
3.544813763658793970e-01
3.012468014396990079e-01
2.701661303690296445e-01
3.097058755763500426e-01
2.876195351037444947e-01
3.019690080086274153e-01
3.335529546321165939e-01
2.531586909896637039e-01
3.132515726897450170e-01
2.504924525654174672e-01
2.549217606796890800e-01
3.345994668140230832e-01
3.597447009951701968e-01
4.455949748073985694e-01
3.631655065844509034e-01
4.136913313970433381e-01
2.576964814695272832e-01
3.785174901508201462e-01
3.903846762976631579e-01
2.511201552820037652e-01
3.577873187282943346e-01
4.514388679387695280e-01
3.230819575752599815e-01
3.245364863445210912e-01
4.614522128981073945e-01
2.903102355345333896e-01
2.607765917594884186e-01
3.515617330852260358e-01
3.709531904088743670e-01
3.002027364654966113e-01
2.469329506304092925e-01
3.227804299533163501e-01
3.533182139040689229e-01
3.452366015258822030e-01
2.849295401674971639e-01
4.449845487460569182e-01
2.654356577116299687e-01
4.559225993211739603e-01
3.337599996258901469e-01
2.872051451010420031e-01
2.466072433516902640e-01
3.630373404575555352e-01
2.833750283362793665e-01
3.387466108341099513e-01
3.983303775814807102e-01
2.772950711591755102e-01
2.555784747147071823e-01
2.768992166284464651e-01
3.491969588130962032e-01
2.495544832066586838e-01
2.875248923097984965e-01
4.604309398154191046e-01
2.393552897136120017e-01
3.819745636780189635e-01
2.571325535342897650e-01
3.640203598712521416e-01
2.445512020522341012e-01
2.472832152696327890e-01
3.741530249714011824e-01
2.786449155426967139e-01
2.734306965110447352e-01
3.583433518049930488e-01
3.432701507280535580e-01
2.515560447016814138e-01
4.501669924414683499e-01
2.481990514012540894e-01
2.440577692755748762e-01
2.605265406970834197e-01
3.162749946407004131e-01
4.354328705176763181e-01
3.025871148392102472e-01
2.368027848268765001e-01
2.467833553757958764e-01
2.554870856338440355e-01
2.820571370207700657e-01
4.058544753784036341e-01
2.763862851022183542e-01
3.270445807019413675e-01
3.433728903023556822e-01
2.790225626235809941e-01
2.396991717519470211e-01
2.546456376993542770e-01
3.027628941593838441e-01
3.042537329044499028e-01
2.771911079307715631e-01
2.460666425102474020e-01
2.639295851285577976e-01
2.871507835565665911e-01
2.456414484445097468e-01
4.605646145483040521e-01
2.498519618917957041e-01
4.438575243802229675e-01
3.902412883099046215e-01
2.505704668499469379e-01
2.746493724651967172e-01
3.139683840313429175e-01
2.992809565127987348e-01
4.640845319589401163e-01
2.788702170734663754e-01
3.429942457906756670e-01
3.543360222309017704e-01
3.465761500386602689e-01
2.917860909655688451e-01
4.607770573131564906e-01
2.688244134350381009e-01
3.584831322850755009e-01
3.416525619787641466e-01
2.897923093305962983e-01
3.635774237434952205e-01
2.682032245168299300e-01
2.832601275810198715e-01
3.865186951994641351e-01
4.273251681353672504e-01
2.915363299298459610e-01
3.223872089817672038e-01
2.522804368364132688e-01
3.325657599261897523e-01
3.454010621693067162e-01
2.505350606055044560e-01
3.615376692726342545e-01
4.429207456181476488e-01
3.491107305132546967e-01
2.478605904308094354e-01
2.711857149889566609e-01
2.606785146447244683e-01
4.724338164761998082e-01
3.565127684766541960e-01
3.042762095712003290e-01
3.362195412369498038e-01
3.534153428232854610e-01
2.624344001708900365e-01
2.954300449613699309e-01
3.373093041029093242e-01
3.804126612409111097e-01
4.104360401215633725e-01
4.679743405916486076e-01
4.452428576729550169e-01
3.315109569803205147e-01
2.441999336706792978e-01
4.683614644260989390e-01
4.163996027660267774e-01
2.551968107613952208e-01
4.111344449566236015e-01
2.875729215144247619e-01
2.682970892989905987e-01
4.617691927333324453e-01
2.733772690214107404e-01
3.076826777330620155e-01
3.628464329876457395e-01
2.969253584628603337e-01
2.979668688178290226e-01
2.512072836996939174e-01
3.355807896570300319e-01
2.513788196943425035e-01
2.895942050236726129e-01
2.792186855603815965e-01
3.801094797088722110e-01
4.208031657764778055e-01
2.392148895407427700e-01
2.370278845972277892e-01
2.379167208688103274e-01
3.174458942840684972e-01
2.463813188622198391e-01
2.618029247900574008e-01
2.612429563396710952e-01
4.683898255964675239e-01
2.607998720752277566e-01
2.769970949820564354e-01
2.927575760269974792e-01
2.910846223973520552e-01
2.987338845416694366e-01
3.242232227569527003e-01
2.629042749512964239e-01
3.142443272206561500e-01
2.757564429629152936e-01
2.840166741104983017e-01
3.094334977476322912e-01
2.668024739036553017e-01
2.723286277080468887e-01
2.805618911713970154e-01
3.472198560997719619e-01
2.851197098679068564e-01
2.993300182713901636e-01
4.467714155610943427e-01
4.196731443153714491e-01
2.890967594998771206e-01
3.023257643692508490e-01
2.494874126392510050e-01
3.110019181988247228e-01
3.253237791399608003e-01
2.825737728161397122e-01
2.771962815301805549e-01
3.717676504000697046e-01
3.695713313049380222e-01
3.498684547540789058e-01
3.854230829188683982e-01
2.724100860303192428e-01
3.109865976108103225e-01
3.439822568467912900e-01
3.518814427820953772e-01
3.317749325995185683e-01
4.606984097296051850e-01
3.393142757627062855e-01
4.205160953882214891e-01
2.486771449400007605e-01
4.148908855482780766e-01
3.039861194607750283e-01
3.243787450913250825e-01
2.783587402962888757e-01
3.325720437385071282e-01
3.530300952739120479e-01
4.219897484683229338e-01
2.902446637069526769e-01
3.153739911921584760e-01
2.430200750816853550e-01
2.492134194135184888e-01
2.573063019264657525e-01
2.537854821469138766e-01
4.824376432055431652e-01
3.090228088281053442e-01
2.616824823237520747e-01
2.676238789482503488e-01
3.727355507402899115e-01
4.140903593308320474e-01
2.360369450433708050e-01
2.691867914256234062e-01
4.603127928013729386e-01
2.815040021992584185e-01
2.375133556592558537e-01
4.031427188158185348e-01
3.191136465785704424e-01
2.943012814890985096e-01
4.099102056678609052e-01
4.731324992999270673e-01
2.928776986555012285e-01
2.978699711428356989e-01
2.945829274952060373e-01
2.660919339551567342e-01
2.522627566429763712e-01
3.069177001657831250e-01
3.066546525332465301e-01
3.187685403457922728e-01
2.677354740527919663e-01
2.504871579778951696e-01
3.405316274655765807e-01
3.013548807786970984e-01
2.543826530229449934e-01
2.724565622181955860e-01
3.998094278962615600e-01
2.454192546404943276e-01
3.736152153907176809e-01
2.917082668300039483e-01
4.026985227232093845e-01
3.929198741978267018e-01
2.501096317018561277e-01
4.412168641541754921e-01
2.389194236391511961e-01
2.745434756414686372e-01
3.876730208682498957e-01
3.486653019707952050e-01
4.160294557677776672e-01
2.352439572102457965e-01
2.617854832838159562e-01
4.025414734728365862e-01
4.689420765004193026e-01
2.447340307532115122e-01
3.018343958454624554e-01
2.409979776057625256e-01
2.745330009300960827e-01
3.525373055398851041e-01
4.365074047197627372e-01
3.477906797023966878e-01
3.355032224970255217e-01
3.421643707616940366e-01
2.464236306360978179e-01
2.735820013444447696e-01
3.490736108163445262e-01
2.639170847983855483e-01
2.511793096852990015e-01
3.718474822093668641e-01
2.540083310777544456e-01
3.028633863106821034e-01
2.934902624469608035e-01
3.826630509947086534e-01
2.961311708630078310e-01
2.665052200816360184e-01
2.777958983814449723e-01
3.608437857114284442e-01
2.536054137068765035e-01
2.905672747578640358e-01
3.090208484409199818e-01
3.911173373865786118e-01
3.214001000426560117e-01
4.205121253207020904e-01
3.944081012830792932e-01
3.346278026145668716e-01
3.745452867729294200e-01
3.413149502729334595e-01
3.646183229746782772e-01
3.072954178477310117e-01
3.183447754689427978e-01
3.376199475759364410e-01
2.491001884742007066e-01
4.093962015832628420e-01
4.763939512113036234e-01
4.060936069712710594e-01
3.856920182215965998e-01
2.476970282228241338e-01
4.087069473469413516e-01
4.542990742069754062e-01
3.320799341163007679e-01
4.126477618119279156e-01
2.777912349892515675e-01
3.200729922511668657e-01
2.955940480691860994e-01
4.163610548728065575e-01
3.327937127071396439e-01
3.755628408612668445e-01
2.530335260826830912e-01
4.205123096823196183e-01
3.216359316700254656e-01
3.719711998683806753e-01
2.918167918254813697e-01
2.992376513981246378e-01
4.470587117890141293e-01
2.388160434167142521e-01
3.684353789548092117e-01
2.811287944897396529e-01
4.786833360442664387e-01
3.671959909753368390e-01
2.908441766482930957e-01
3.661285267377586417e-01
3.438528003054837634e-01
4.143119572653547467e-01
3.907334261433653144e-01
2.992943306102234802e-01
2.797986567147821013e-01
2.501388984516048075e-01
2.739804828606709486e-01
2.526686017952071706e-01
2.350786903653217241e-01
2.518187397646960979e-01
3.544603233010599208e-01
2.980230260991416635e-01
3.230623231486191571e-01
2.812392480693101660e-01
2.652548826836718110e-01
2.440076719690695561e-01
2.955427498997056368e-01
3.727262188464907644e-01
3.536132706922052171e-01
3.562480669794229615e-01
3.559820441760495058e-01
3.634610883890603272e-01
3.740384951575090322e-01
2.972566862176002078e-01
2.957762438657696169e-01
2.419796626867279088e-01
2.528717952255105650e-01
2.982398988443302201e-01
4.654448415757194701e-01
3.815271027989090014e-01
2.984551102996221283e-01
2.988565632613532919e-01
2.525095406080645200e-01
2.830229299582325275e-01
3.028750846086924464e-01
4.756438996271259434e-01
4.692276942709856513e-01
2.844750289957119760e-01
4.783239875505973515e-01
4.705762815684743083e-01
2.771880344814471320e-01
3.463650450377698808e-01
2.939272886102878846e-01
2.972036919910898689e-01
3.373802586035067330e-01
3.601151605983314852e-01
3.542345097878691895e-01
2.479432555686290895e-01
2.525664672565743341e-01
3.606654873440638398e-01
3.110326729285547431e-01
3.571395267352620029e-01
4.707376226762504667e-01
2.775000311305987899e-01
3.382156606689941669e-01
2.389050003249503229e-01
2.469130015986913673e-01
4.722674362036843321e-01
3.791226763289095580e-01
2.847414163769321771e-01
4.175625086389868068e-01
4.500815485774596336e-01
2.906896212170735350e-01
4.287562150924627002e-01
3.266705488314135541e-01
2.756694763272224402e-01
2.944485946509284857e-01
2.528320375997834546e-01
4.509301395738702922e-01
3.456882608358651798e-01
3.437587692242086712e-01
2.465679399890225720e-01
4.199082592298805650e-01
2.634113634330523812e-01
3.402341019057998905e-01
4.057107588993320024e-01
2.507402601249401619e-01
3.015930661300104676e-01
3.394271135948990215e-01
2.397290742787257511e-01
2.479003650877642240e-01
2.533063263550019983e-01
3.029573105748212813e-01
2.469815604570512746e-01
2.853072777834664286e-01
2.938480974672375567e-01
2.756496338256212431e-01
4.600473164571131646e-01
2.486118998228855903e-01
2.966905598545096501e-01
4.144571707700875351e-01
3.406634975379419505e-01
3.375374979604560122e-01
2.882126813111430264e-01
3.472850461393213184e-01
3.511957059540919968e-01
4.118490421674257940e-01
2.539871666588906507e-01
2.767857900194525267e-01
2.757597304151653828e-01
3.433976140974022151e-01
3.722936230120648671e-01
2.521640919840666406e-01
3.490818695317227660e-01
2.898968069441530959e-01
2.799672592169934471e-01
3.735623633538789901e-01
3.037819195752461954e-01
3.333798898539710454e-01
2.861738545043362447e-01
3.503786399263255080e-01
3.074564986090606578e-01
2.966029004652128709e-01
2.700720246980473638e-01
3.107448742706017675e-01
3.161456656943111843e-01
2.391849897802922065e-01
2.564302597076902335e-01
3.182705094708516702e-01
2.768545093172595228e-01
3.088443538074789885e-01
2.609578326714527274e-01
3.345240852154384714e-01
3.002863250953682894e-01
3.664292745687314778e-01
3.578208366563878084e-01
2.713337294125431898e-01
3.240600665248737355e-01
2.873430697472390549e-01
2.463262933352372841e-01
3.373443113337022403e-01
3.476335522138943590e-01
2.486300582240816293e-01
2.321728639906678049e-01
2.774848502506753745e-01
4.731400129376515107e-01
3.119687124607529727e-01
2.795682436874672994e-01
4.585006918745982429e-01
2.781739693720433615e-01
2.575888774922687752e-01
2.919032787456604661e-01
3.494522993823664936e-01
2.341673316540855143e-01
4.063038573442588897e-01
3.115540421841342944e-01
3.808792306849502207e-01
3.299761729151340917e-01
2.325259970853873759e-01
2.964946245443551009e-01
3.258798324580587380e-01
3.563366248141806580e-01
2.888174113307797053e-01
3.620669530962829508e-01
3.445806740898020859e-01
4.122252457838080364e-01
2.507176058269040553e-01
3.741350615249569578e-01
4.685993827007708945e-01
3.560536972362310926e-01
3.316339232083438393e-01
3.604396265238529184e-01
2.396539316432932942e-01
2.556562058931264314e-01
2.957952003774805272e-01
2.994813671698074442e-01
3.011059566725619030e-01
2.722747458555485056e-01
3.491981464479715913e-01
3.389578190425347470e-01
2.469360759188128085e-01
2.468938689648796092e-01
3.648402860782293811e-01
4.700536410787987673e-01
2.509712354339936891e-01
2.502722807803918759e-01
2.474003816933686428e-01
2.960635784617425270e-01
3.361021932346826557e-01
3.000913531150860569e-01
2.823218219101057413e-01
2.905999889815952808e-01
2.797994444220618382e-01
2.788959134996040201e-01
2.468512098928768439e-01
3.358075926421530411e-01
2.648148695406344344e-01
2.961903068955613061e-01
2.420575838936261659e-01
4.725573598570027012e-01
2.735686723458244374e-01
3.180850197655217815e-01
3.788743913450823841e-01
2.767950753409831877e-01
2.858793333877251430e-01
2.790867719638854272e-01
3.259847961621584189e-01
3.723172291782669285e-01
3.605654006095214692e-01
2.818018565183960655e-01
3.918626779781832492e-01
2.479356758075102474e-01
2.756357350179080568e-01
2.459362771244391344e-01
3.793315274428707418e-01
2.766583317303913381e-01
2.926944938925344908e-01
2.743374951567104647e-01
3.532249678009642957e-01
3.587596276423723474e-01
3.236553828458473836e-01
4.502219266785393303e-01
2.777455802175616828e-01
2.830256593940611576e-01
2.549031520646460880e-01
2.514566025118557535e-01
2.761902078169742869e-01
4.723981587052438202e-01
4.067476168841350770e-01
2.491380708444833614e-01
4.746970617561791506e-01
2.993122368621201623e-01
2.780365979090955175e-01
2.792995559494011459e-01
3.095655325867822660e-01
4.628450996985895571e-01
2.888226255745385829e-01
3.547117417576020060e-01
4.634927479306603093e-01
3.692777821385647696e-01
3.688085132240578878e-01
3.854926253332576769e-01
3.773833412580360758e-01
2.502019073037834440e-01
3.920130055851631656e-01
4.750359429431045277e-01
2.829699878298647109e-01
4.642656936875814710e-01
2.967510644624965499e-01
3.050165282866851291e-01
2.813468401849060774e-01
2.744648704644847004e-01
2.921303063914281184e-01
3.352742196498731952e-01
4.500167646982397018e-01
2.951051673038278533e-01
2.644339913737858705e-01
4.489446983404771219e-01
2.800956521516438924e-01
3.200659090214000857e-01
3.158735686341496707e-01
2.765517073107163770e-01
3.604035587435525101e-01
4.384785381639624835e-01
2.762508954619694590e-01
3.155764551924400418e-01
4.007110263094570968e-01
4.532535358340293863e-01
4.572546839746526870e-01
3.075309250271223149e-01
2.613995920079949520e-01
3.171949879798226513e-01
4.510403506052106382e-01
2.460818251358014574e-01
2.413822563348397843e-01
2.978369450712354261e-01
2.745255406209456961e-01
2.487402319770134485e-01
3.368753260921434345e-01
3.836806669673534786e-01
3.516089166241241903e-01
3.865497835028798845e-01
3.031239463138214463e-01
3.647539642826255757e-01
2.838386012541039838e-01
3.214325483809730155e-01
3.390280431323145494e-01
3.709290501684559538e-01
2.338847664190827624e-01
3.641440620055842459e-01
2.457450103596660884e-01
3.538797151491456794e-01
3.392073821010959667e-01
2.770094400173007121e-01
2.663041266950046393e-01
3.011369149569558812e-01
4.846817150967829835e-01
3.785631236034581737e-01
3.057301617309887698e-01
3.543087674161141676e-01
2.664775908401807447e-01
3.370310215987156188e-01
2.784851934572122878e-01
2.782825279231479487e-01
2.973156125062770272e-01
3.038239984825703566e-01
3.001126879060197483e-01
3.228997853664189455e-01
3.251193987864341439e-01
3.718275747887425098e-01
4.684386671782764244e-01
3.029003885379037420e-01
2.987698375320151922e-01
3.498134974904122951e-01
3.449892286836707678e-01
4.597669732353675820e-01
3.397191049393452622e-01
3.624800677496828882e-01
4.558572800456032748e-01
3.494425492290304525e-01
2.347307826694637889e-01
4.016340937095192465e-01
4.224989163290819305e-01
4.035397949322465094e-01
2.515624602885144778e-01
2.758248919961703849e-01
2.450434258452016956e-01
2.764117773480802009e-01
3.515663688440117673e-01
3.581015939562841588e-01
2.819115842935135952e-01
4.358014741292879357e-01
2.626222136871408375e-01
2.777405280794074116e-01
2.790965154424256967e-01
2.820855284492205794e-01
3.522298292197250658e-01
2.514191823830547734e-01
3.766770324593107788e-01
2.408955215355034207e-01
3.334345299839239218e-01
2.949479513605553493e-01
3.250504453367986102e-01
2.454653812716426631e-01
3.569044299744293935e-01
2.516546117367038371e-01
4.079832504253452785e-01
2.746531733217172366e-01
2.619519748000408987e-01
4.808966433725320733e-01
2.761822416454913776e-01
4.442459123388349251e-01
4.508341118501513756e-01
3.263125726842369678e-01
3.756142299921470529e-01
4.767314567358006405e-01
3.592446112219738752e-01
3.600103914051754894e-01
2.806172946362545662e-01
3.472924483671135376e-01
3.047661509495769860e-01
2.774977856001716314e-01
3.447378383217800102e-01
3.269277810355731839e-01
2.815222397271027743e-01
2.448811716698579000e-01
3.559269270075431923e-01
4.685848181931642209e-01
3.400133264319855630e-01
2.469386049695479757e-01
4.479005235934502838e-01
2.519535291646759489e-01
3.989116148740436962e-01
2.873265581516764589e-01
2.778951578575400427e-01
2.926391710148606440e-01
4.517994364298892895e-01
3.748726975536499362e-01
2.781613011188989737e-01
3.017620744729478388e-01
2.880861162342429060e-01
4.062940341148739143e-01
4.231605001382969244e-01
2.870335351155575143e-01
2.907681297910330587e-01
3.601819780215054223e-01
3.032676210195065503e-01
2.435510246129787837e-01
3.245855184105919666e-01
2.524581562832525772e-01
3.218185645716040710e-01
2.952333844525668050e-01
4.774513663801837615e-01
2.782607337363806610e-01
3.391194364733440825e-01
4.731286563696764924e-01
3.296547483173419280e-01
3.054307680416124549e-01
3.200586097582929779e-01
2.610625683177996148e-01
2.405995488373455782e-01
4.403569865336068867e-01
3.364336282139763767e-01
3.332984266459841916e-01
3.214148271406105928e-01
3.222524804347233207e-01
2.830484950199902427e-01
2.531725953070333435e-01
3.436986654138455832e-01
2.450447265901666560e-01
3.559405586258824750e-01
4.631957410851629819e-01
2.600036154934673993e-01
4.843930808967461532e-01
4.631344849007053011e-01
2.777056455320136008e-01
3.605619249616777711e-01
2.607115842515965176e-01
2.604091874887292657e-01
3.474093111891137231e-01
3.330546806824963291e-01
3.247201225055241780e-01
3.995519022856767744e-01
3.334010378126747165e-01
3.389107839973533598e-01
2.967692367086718352e-01
3.026568101768032926e-01
3.054240589982825105e-01
2.817913991708456689e-01
3.278402303370226423e-01
4.113209286465185910e-01
2.507913522459811473e-01
2.863516531642905649e-01
3.022223178964036916e-01
2.516754747427206729e-01
3.980796013876269357e-01
2.981313229922513686e-01
3.554592484434020427e-01
2.507446734753024931e-01
3.468771116380862107e-01
2.832218772258303652e-01
2.357500863345123598e-01
4.263976573680970383e-01
3.040403234159788637e-01
2.755514228335995131e-01
3.323545627189255502e-01
2.848618798805440666e-01
4.229620437766741792e-01
3.515137240514302763e-01
2.787919191238831806e-01
3.509896579883875489e-01
2.781137517046639029e-01
2.766086082415439851e-01
4.665819403605502291e-01
3.492779397975531164e-01
2.451776639814174097e-01
3.015960549489357656e-01
2.404962699661471193e-01
4.531154965297707893e-01
2.878162590653210451e-01
3.157930114843979230e-01
2.636272274990806852e-01
2.413330311710314702e-01
3.055095392490629336e-01
3.605574404121619780e-01
3.704384511962948712e-01
3.597954062322325508e-01
2.992828210772011110e-01
3.413043578943298906e-01
2.841950139208194170e-01
2.448213036625515038e-01
2.709967706613214400e-01
4.841875788706341832e-01
2.529535503100123761e-01
4.494456455289045915e-01
3.016997437733930365e-01
3.680096039666309049e-01
3.562552380463773760e-01
3.186398109141728163e-01
2.418657818873216070e-01
2.995649092629710797e-01
4.467330788313880197e-01
3.235011404069777496e-01
4.609560926166046402e-01
2.609272294282731774e-01
2.869665284652465620e-01
3.045603474263895438e-01
2.506701583723815463e-01
3.207396463093081240e-01
2.456252314893634103e-01
4.698026411759113063e-01
4.520993872384494461e-01
3.492451216818434623e-01
3.386324359749974811e-01
4.736224178879107072e-01
2.601993964128254122e-01
3.683210030850394556e-01
4.685699704856723380e-01
3.447646329067579063e-01
2.396126498082352396e-01
2.370249161866005982e-01
2.505887207259840377e-01
4.736487086187203266e-01
2.456686761808454245e-01
3.596203236560563954e-01
2.893670383121470513e-01
2.405861573959701405e-01
4.831937080930537309e-01
3.571712593964487259e-01
3.024703460234471897e-01
3.321968709346035387e-01
4.462717484354279396e-01
4.876170632428435958e-01
2.801655120650918263e-01
3.291130106558948221e-01
2.992015111490659018e-01
2.853204971586981720e-01
2.989465351101838198e-01
2.901603069049099592e-01
3.093142650389849035e-01
2.783413813663681569e-01
2.994220378057360632e-01
3.124572414654208097e-01
3.665091055778135765e-01
3.552358465093124473e-01
3.242820980487532423e-01
2.406297453590522661e-01
3.573165019447412383e-01
3.513455248331001091e-01
3.531352191363793525e-01
4.279691069722980634e-01
2.920700646330735006e-01
3.197750772529434626e-01
2.761641242934577134e-01
2.658393642135965518e-01
3.561191236094030099e-01
3.448162624697845291e-01
4.262402675938681273e-01
2.604319434006108769e-01
4.054397219767911231e-01
2.873039224619634013e-01
4.195768698966167443e-01
3.275918947157884231e-01
3.554095326702947921e-01
3.535134560207155996e-01
3.442595705090755187e-01
3.611826705510128854e-01
2.973991083635904031e-01
3.608082711286902944e-01
2.408688454437782067e-01
3.187692500041119925e-01
2.846911978409728539e-01
2.837017585653435758e-01
2.638058058773742331e-01
3.467990859899453548e-01
4.588511527055671446e-01
3.038878787656402736e-01
2.403969726154245590e-01
3.245345454850623867e-01
4.645717387428417999e-01
4.636764442732332347e-01
3.696170180342139289e-01
2.395024833624528615e-01
3.205096024135025146e-01
4.506771064066896759e-01
2.893335815515416520e-01
2.439139335540081166e-01
3.051111282790734958e-01
3.528544400174698503e-01
4.731650134900353133e-01
3.406120716556019778e-01
4.783466816749259998e-01
3.608514513626823184e-01
3.511276235686661140e-01
2.621748005358238154e-01
3.129779364583839540e-01
3.614571947655279560e-01
3.451197098281801323e-01
2.409037732894636352e-01
3.543880121386885351e-01
4.735267986017466235e-01
3.126806908821561648e-01
2.811642120924502386e-01
3.359880132736307590e-01
2.742485117163215302e-01
3.574949194178043133e-01
3.041002708185053249e-01
2.903284645001311670e-01
2.803278362589634587e-01
3.509857893670109696e-01
3.146187055337326122e-01
2.403983271678330758e-01
2.830558202186215233e-01
3.199349330652813128e-01
2.504776613066229118e-01
3.501684619560468947e-01
3.956390191885680307e-01
3.845630907160145773e-01
3.039906302072047928e-01
2.771778141645383498e-01
3.513616438350379290e-01
3.422866885811440274e-01
2.327865078085975814e-01
3.094890680593852528e-01
2.620056757638993261e-01
3.341751616346339548e-01
2.401132214346494709e-01
2.413428865811446944e-01
3.124739090043822110e-01
3.131820805639377592e-01
4.477664419805482132e-01
3.761938601422942785e-01
3.692584994311691737e-01
2.390300954723582061e-01
3.369597492034638875e-01
3.841386830082902937e-01
4.683853994875558091e-01
3.169394746603917401e-01
3.741019659433335032e-01
3.258275744587666445e-01
3.696980553960637073e-01
2.797938894573521185e-01
4.048519872761940919e-01
2.774887732891314629e-01
4.880211802060921977e-01
2.802810630451451623e-01
2.836817269258133378e-01
3.723843636697063419e-01
4.919693711499060762e-01
2.969510350019175515e-01
3.608301265290467241e-01
2.663710131632646139e-01
3.163719537206838850e-01
3.729537282649345031e-01
3.528476851323485985e-01
4.759070698742405847e-01
2.812644828900535687e-01
3.228942536995264567e-01
2.419493022422796735e-01
3.314875577794215711e-01
3.163189699294206014e-01
3.130240963488803430e-01
2.963055114901314568e-01
4.028564021922654836e-01
3.243540494183979050e-01
2.714572262232343158e-01
3.264983386146093070e-01
3.142166677778268080e-01
2.843914421558881300e-01
3.540618366632055647e-01
3.004103863370943817e-01
2.441760378037193258e-01
2.750905338602062100e-01
2.782772601314055794e-01
3.088096651564956607e-01
4.140629538859537662e-01
3.167799982530213887e-01
3.458358790216002343e-01
2.450397435542781277e-01
2.831047473856230789e-01
3.773920329193581336e-01
3.464091495573396462e-01
3.428908750318225285e-01
3.449732782299338441e-01
4.211324969934125972e-01
4.635291210602621170e-01
2.483582462531158941e-01
3.666605431153556749e-01
2.468760920653444713e-01
4.146806632802294001e-01
3.684231835920873666e-01
5.166135211118979553e-01
3.309850027709528852e-01
2.846951506291757750e-01
3.684532971378988719e-01
2.397859810374693978e-01
3.222401278158185112e-01
3.971830632501456293e-01
2.756967363328508558e-01
3.103733175806474565e-01
4.091464313914043305e-01
4.936469695391978996e-01
3.042685156662993107e-01
3.782734284972646965e-01
3.367930803562670383e-01
3.165987887528960432e-01
3.344745622535874041e-01
3.832108021466226755e-01
2.934985219847368043e-01
3.601998214499175788e-01
2.713327436149376437e-01
3.422519284780034532e-01
4.101417659679934546e-01
4.260350835737138353e-01
3.453774406860894430e-01
2.446314958345584545e-01
3.100182481181685268e-01
3.536842679549643820e-01
4.664169308574822592e-01
2.768988597934300411e-01
2.377719919342229093e-01
3.345433664625501180e-01
4.261123749176995434e-01
3.226658553588533374e-01
2.782415073460363653e-01
2.323427295611515397e-01
4.685267755850014981e-01
3.700923497000322415e-01
2.861447639614540517e-01
2.516448849451687342e-01
4.125342502913738052e-01
2.690245982472348474e-01
4.675605781413738060e-01
4.692019382181943921e-01
4.658722880226222052e-01
2.676523316679340625e-01
4.004364673233427596e-01
2.382044318003613548e-01
4.827537694587646366e-01
2.494390251102623079e-01
4.569061609021257131e-01
2.851240607008085348e-01
3.259940496557982570e-01
3.018684654402654655e-01
2.852779434125477520e-01
3.152542215020596728e-01
4.117703987457957959e-01
2.396507118595124775e-01
4.626989147086478793e-01
4.376290163090844620e-01
3.729509354562163259e-01
3.666150797000439776e-01
3.015550355540077554e-01
3.088127206124594570e-01
4.829275236921625747e-01
4.291546663458048472e-01
3.264710727227704279e-01
2.513229299513281001e-01
2.692910085582157498e-01
2.424060279581341237e-01
3.072291326685164248e-01
2.690582359676716995e-01
3.655452138626883452e-01
2.426160926187451716e-01
2.337032071996907878e-01
3.440896735191931732e-01
4.248761255633137779e-01
3.333214381385222191e-01
2.931961720478298283e-01
3.891201247239083338e-01
2.507449847758309036e-01
3.872873054299273976e-01
3.219057120331067501e-01
3.488295985179336034e-01
2.781392731260698969e-01
2.393597335308605967e-01
4.670419886637826035e-01
3.690951441539138123e-01
2.508680126819185507e-01
2.937007775452044611e-01
3.367383193325887980e-01
3.353613376729279172e-01
4.958148417558577159e-01
2.707990769774714646e-01
3.199643198611498707e-01
4.430908370439832766e-01
3.762396256055127730e-01
4.042281650710904395e-01
4.149168557278992697e-01
3.251369941512762263e-01
4.036132626554373437e-01
4.045484221018834647e-01
4.992963707210945623e-01
3.093725013028272852e-01
3.830084918918867376e-01
3.131435687111667754e-01
4.698548084601689712e-01
4.568866764325523189e-01
2.397081691391430569e-01
2.671314796432545102e-01
3.248737988106591423e-01
2.375200236465745407e-01
4.760967634034028451e-01
3.343151048453853469e-01
4.200160359986319647e-01
3.638258376018698170e-01
3.700001236159322082e-01
3.762412787820113014e-01
2.771945317219020599e-01
3.200932702772635863e-01
2.870260915691437154e-01
4.162158577438497264e-01
4.670127234201082445e-01
3.009486994798687420e-01
3.172502157414091584e-01
2.457580256843547306e-01
4.667387520290245395e-01
2.619951016639482932e-01
2.483296873781378200e-01
2.740780489337243386e-01
3.960265168165083005e-01
3.030336960806043201e-01
3.250093385688239689e-01
2.620413592774702427e-01
3.671345458619971192e-01
2.990026790627399178e-01
4.639309300754332344e-01
3.777958431722505672e-01
3.217644816316794776e-01
4.891070687551090090e-01
2.613243985177347017e-01
2.374238961244333757e-01
3.165626703256522734e-01
4.701257005459498206e-01
4.769630561305627792e-01
3.280691809936130410e-01
3.046000035008497586e-01
2.481609311888344771e-01
3.638920243488051320e-01
2.403602705218536861e-01
4.442992521385510374e-01
4.118034755308297434e-01
3.580635554812965360e-01
2.777054817796933417e-01
2.399574867268911837e-01
2.513706659057482473e-01
3.340637629182388602e-01
3.122543684581745027e-01
4.973371670752735896e-01
3.359721603897850017e-01
2.776640266019135828e-01
2.715439730942295626e-01
2.747493868062269029e-01
3.489170914965831205e-01
4.225517084463842332e-01
3.468745260496301497e-01
4.463259196034080056e-01
3.339300388142780740e-01
4.565704052578192229e-01
3.807062617175976382e-01
3.778638374660577837e-01
4.719845138582536848e-01
4.696108743088456272e-01
4.258003663620251178e-01
3.256059802464409958e-01
3.078879634194295889e-01
3.033131692103256394e-01
3.160591376399960462e-01
2.773291329775074421e-01
2.579618788523617146e-01
2.764586568740763362e-01
3.930523904380726630e-01
3.125579769065708335e-01
3.456796979205655207e-01
3.668487398660443266e-01
3.602681525168209276e-01
4.679372118558973170e-01
3.741078356547750672e-01
2.774830973992307714e-01
2.913081246872161745e-01
3.687226956345756590e-01
2.403975855193418165e-01
3.502366986316733932e-01
3.217335319715092790e-01
2.958378425689499602e-01
3.667516673818730366e-01
3.751931907692943602e-01
3.193583517858406551e-01
3.046657785292703480e-01
3.246720231146895674e-01
4.260085543220842319e-01
3.179923836465708420e-01
2.907204593101694878e-01
2.700491673896202038e-01
3.424500450429527332e-01
3.867743654065612380e-01
4.336747556907807888e-01
3.288403421952432182e-01
4.680989980478903467e-01
3.453991860459613150e-01
3.048531046707890213e-01
4.389038599827321252e-01
3.869481364394379841e-01
3.581517410712516392e-01
2.520786654884013545e-01
2.437893379089136892e-01
2.908138600006864305e-01
4.630860458361810705e-01
2.474148757433492773e-01
4.380615761062239266e-01
4.025247377956433503e-01
3.149026686177579526e-01
3.815425342941690667e-01
4.037150095734298727e-01
2.800730562918624655e-01
2.700276792488897626e-01
5.021559373911094193e-01
3.725875397410710055e-01
3.768946569361793508e-01
2.774649045393635105e-01
2.684001503091447693e-01
5.041502588382299477e-01
4.629441899294146623e-01
2.453851320526158897e-01
2.844647074577593138e-01
3.611840898963896151e-01
3.146378088119736183e-01
4.113726598592262196e-01
3.213349511684673310e-01
2.815806057747846647e-01
3.121064793246561830e-01
3.439119974788912293e-01
2.604704425777188415e-01
3.056811172651108799e-01
2.896871956288861738e-01
3.448481824829872089e-01
3.844129822342628455e-01
2.845312371797097395e-01
2.938570799401740707e-01
2.810058193318471509e-01
4.161422914221092340e-01
3.172891762434783547e-01
2.413599923008076242e-01
4.492354928569501360e-01
3.308296073084429079e-01
4.602105341126268012e-01
4.038685571474189273e-01
3.930715303395092008e-01
4.019542963898881660e-01
3.717982441132018923e-01
3.062240135688000797e-01
3.423729704163807064e-01
3.330551337872615369e-01
2.889761127317696521e-01
2.911816537109225278e-01
2.894826181011552202e-01
3.406493653159441415e-01
4.391897559793480621e-01
3.619745981454594030e-01
3.356959090014475233e-01
2.848973428478401848e-01
3.813125653061100184e-01
3.656633429064046203e-01
2.443038345940971856e-01
3.662047908468042956e-01
4.265361224353163561e-01
3.036418238523049262e-01
3.332901470400464472e-01
3.111129203934784870e-01
3.184933401594522984e-01
3.814274442827073619e-01
4.085515031795771690e-01
2.439643590151910624e-01
4.739116453105924887e-01
2.894837304354130336e-01
4.762559616465394385e-01
4.088232177359121255e-01
2.976521560515721365e-01
4.163254837961062327e-01
3.507495804450223020e-01
2.855632504894527468e-01
3.515585313945804868e-01
4.552447647398789599e-01
3.009744227993454424e-01
2.466964907902955695e-01
4.485711422944989590e-01
2.775417501202870896e-01
3.783631339911292524e-01
4.746243404632860541e-01
2.831057059942644893e-01
3.444725059078301288e-01
4.541942181008933876e-01
3.557044938372370124e-01
3.013940652349840765e-01
3.975205427957053117e-01
3.793168492506212019e-01
4.097011797266592037e-01
3.480763493552136989e-01
3.666422918081706506e-01
4.699612516388689820e-01
3.547587259707054574e-01
4.763346498597879064e-01
3.438281255445636009e-01
2.865304198721687068e-01
3.509269326236185149e-01
4.739582967982590711e-01
3.134133559948907854e-01
3.076591905192008758e-01
3.548643347962033290e-01
3.795325277022617572e-01
3.228201455300586664e-01
2.943663815049809562e-01
3.297420003064052141e-01
3.673691064175846344e-01
2.373322609482903800e-01
2.723825566088160510e-01
3.390830011817278500e-01
4.737915140101814360e-01
3.972129783583317475e-01
2.429199120266528067e-01
2.665021223105914494e-01
3.771169678167677342e-01
2.381246673378025203e-01
3.548254479320706034e-01
3.208305534519691471e-01
3.181515510200856878e-01
2.878010113462808328e-01
2.851993034868062216e-01
3.992562099080987359e-01
3.765383952328700268e-01
2.588103128734957070e-01
4.760311867415484288e-01
3.077125697060771325e-01
3.994841003172471261e-01
2.758296564559361563e-01
4.643434072332359164e-01
4.849892731841112803e-01
2.426129076839149690e-01
3.964973942085234793e-01
2.730555999024815161e-01
3.234946803864345855e-01
3.495652283855893994e-01
3.098034919209432525e-01
4.803595926190855070e-01
3.263444123641389139e-01
3.553491199530432465e-01
2.931586250831182960e-01
2.391228607794016747e-01
3.254979858540888449e-01
3.537368415288145163e-01
2.826557232997451985e-01
2.893777037990090673e-01
5.068594913170141325e-01
2.504094472297631602e-01
3.655953524546886046e-01
2.644830015620437402e-01
3.627550415259455652e-01
2.461757404232813307e-01
3.638783701264876047e-01
2.778945520846870521e-01
3.589226102530070905e-01
3.101308790538598870e-01
3.279599432871340703e-01
3.337386169285886384e-01
3.785643540957713271e-01
3.148008542411726562e-01
4.072491297613639039e-01
4.134490934768006443e-01
2.941901973316448093e-01
4.351651217252152648e-01
4.153951554161735560e-01
3.425328259803133157e-01
3.316561300410048596e-01
3.341539881986990701e-01
2.912637944193136041e-01
3.277144227881621519e-01
2.627070458385260543e-01
2.788306456128656907e-01
3.371418802715435703e-01
3.182896135323761699e-01
4.715886784244741059e-01
3.760877524303854469e-01
3.455052862161441807e-01
3.095565937538061196e-01
2.717338448239556836e-01
4.025800612328804817e-01
3.583319298398269237e-01
4.525113219608918880e-01
3.259499002045475602e-01
2.597363817692605603e-01
2.940855593050429873e-01
3.440077724161171302e-01
3.371095675582156392e-01
3.330709318869384261e-01
3.359653201815228085e-01
3.262795226127209181e-01
3.780358269447444686e-01
4.773746192892943663e-01
2.986457550543321626e-01
3.673100127542425763e-01
3.808377286538272566e-01
3.120477308890426404e-01
3.448493998078594469e-01
2.934631788727497526e-01
3.953436317475510497e-01
3.098738450992466475e-01
3.073204335779941010e-01
2.418126750410311832e-01
4.609707295271460725e-01
3.096083048816494765e-01
3.500786865879008114e-01
2.589526330647843877e-01
3.046853927046114796e-01
2.820575345236576714e-01
3.641613078431397144e-01
3.590046969571849544e-01
4.024235743142036137e-01
2.768315253898834261e-01
2.482714346855137422e-01
3.252276104861813733e-01
2.458518010026154998e-01
3.544477288004331816e-01
2.959802171995438158e-01
2.785237978316139618e-01
3.858867617173251108e-01
3.613579162989254967e-01
4.351444034992277832e-01
3.038668802954977433e-01
4.534894601585949259e-01
3.041331135373631644e-01
2.968625203464679285e-01
3.733825994246918190e-01
3.557471722307559148e-01
2.860412736498785247e-01
2.742089433385530572e-01
2.459451796269201407e-01
3.345531511093239874e-01
3.003129311423651249e-01
3.244805276527196192e-01
3.308549999643229933e-01
2.855128396272638147e-01
3.275196243488625591e-01
2.970784481419634360e-01
3.172104403525792260e-01
2.496468256504054406e-01
3.084896542155103893e-01
2.988208174261401395e-01
3.700992283877752032e-01
2.344451114713361484e-01
4.087071435587833479e-01
3.198300542888130038e-01
3.155356843041574599e-01
2.738365034375287443e-01
3.321561868273361084e-01
4.561663621906980604e-01
4.497478176139910744e-01
2.892036174508714197e-01
3.215738878373829435e-01
3.156764651191760751e-01
4.569128822370327470e-01
4.385912587794467687e-01
3.186786827631636343e-01
2.725757632407774800e-01
2.412001032844967585e-01
2.966482997919085429e-01
3.215747831918587263e-01
2.794306589964765664e-01
4.793441066126560846e-01
3.996605468233009328e-01
4.404366898783441120e-01
3.804169257447068131e-01
2.457260205719841162e-01
3.195693739151511115e-01
2.870167365604692766e-01
3.042796400535553447e-01
3.405422101216656339e-01
3.076065590128335692e-01
4.291046174858835216e-01
3.677158686699111279e-01
3.042936237193510363e-01
4.025835446253338001e-01
4.347565623351067332e-01
3.095102964779455346e-01
3.054995682914748989e-01
4.090297655222839279e-01
3.180260825650371159e-01
2.949005334228847475e-01
3.438389445608650008e-01
2.911699022786152224e-01
3.274158688267477801e-01
4.028463256892800826e-01
3.571470036497869649e-01
5.163415277938351311e-01
4.016936351721462906e-01
4.520400742870589461e-01
3.065339415416540869e-01
3.107503732965842813e-01
4.636184233807087440e-01
3.269432700378030465e-01
3.018363627440512342e-01
3.590322559370134337e-01
2.646466348839248139e-01
2.846418646796219920e-01
3.289544547751189763e-01
3.046491653985062831e-01
3.944025741874800373e-01
3.018541483949218063e-01
4.008094506196292484e-01
2.378816902203316486e-01
2.407767953281408913e-01
4.217417701613991321e-01
3.780764858247819826e-01
3.054730790034578813e-01
4.406951162071801598e-01
3.172232912477521705e-01
3.575977405834632195e-01
2.743967014544494987e-01
4.029124347142686302e-01
4.806329576828003991e-01
3.200530770122653745e-01
3.972044301275808320e-01
4.242859949313811385e-01
2.529915160776309291e-01
3.590317533996368882e-01
3.380976535692738483e-01
3.001605217851512353e-01
3.783230505686717149e-01
3.982228492362925310e-01
3.269849819409128000e-01
3.156354071782798698e-01
4.827566809692963590e-01
3.407198945950882796e-01
3.455023037926963636e-01
2.996004777424484122e-01
3.015692185349389542e-01
3.130420357276524901e-01
2.908351901200428857e-01
2.602300443802403329e-01
3.966351830767116948e-01
4.633303950516205472e-01
2.366786980112273175e-01
3.052778238838451119e-01
3.578888601878829068e-01
3.307224011746323633e-01
3.216683769434205420e-01
3.456613695755101912e-01
2.820005196628453947e-01
2.999444321457539475e-01
4.317808856820021246e-01
2.897108879474318832e-01
2.894839722387753111e-01
2.904580858530693699e-01
2.447788571810209646e-01
3.068484300909498641e-01
3.572056632292986977e-01
3.089543637055000014e-01
4.536102330550695338e-01
3.697562824186278463e-01
3.171240591593537106e-01
3.151102304850122993e-01
3.803522528637494626e-01
3.952332888526554622e-01
3.528185996275992609e-01
3.121139752372387721e-01
4.603092081492235477e-01
4.804102222170857361e-01
3.074779098140888456e-01
4.788796481556797380e-01
3.836751279352931809e-01
3.228583234007464386e-01
3.215600319523521100e-01
4.467026821939717451e-01
3.538598500846767414e-01
3.607146004485308199e-01
2.885495925458952393e-01
2.405450176429146103e-01
3.232048949502989710e-01
4.192837344437757019e-01
2.328166501775222330e-01
2.701814698295082473e-01
3.023999775058138773e-01
3.186308489708396530e-01
2.836226839167643732e-01
3.306474431947697967e-01
3.141479064693397105e-01
3.126860099577080665e-01
3.904735434372486602e-01
3.391137336029751426e-01
2.845083410208673058e-01
3.233615944990291813e-01
4.798693562051329908e-01
3.506019057556170049e-01
4.029685266125444532e-01
2.687491220349606524e-01
3.042661748787787723e-01
4.274065627709455195e-01
3.263697125950189570e-01
3.455018505137661955e-01
3.257289021418170449e-01
3.201035477159160370e-01
2.590014744884276410e-01
2.961481888785411076e-01
4.063601463150240400e-01
3.745155094527124473e-01
5.054892872416582028e-01
3.071950386258298082e-01
3.769498219757475010e-01
2.890115239462325847e-01
2.913604545136465607e-01
4.029969457773320274e-01
4.208020715171305048e-01
2.858484344649485087e-01
3.228274012629371859e-01
3.114480675902102647e-01
3.112224528083977759e-01
3.472741115728639749e-01
3.819517916384508327e-01
3.180040692227440458e-01
3.098324955264007974e-01
2.855325762766112163e-01
3.654762743422032556e-01
3.030770591188832186e-01
2.405062727369351172e-01
3.555777023719365881e-01
3.322728223963716254e-01
2.628016983702456399e-01
3.084788031489453242e-01
2.893055288640147271e-01
3.134797509122861370e-01
2.971279781508098794e-01
4.653253975909773521e-01
3.223646248362760369e-01
3.108195190227467930e-01
3.028762141282228537e-01
4.064325020823137957e-01
4.106166650624276104e-01
2.541306615774029942e-01
3.211452599166542132e-01
3.052894240628901135e-01
3.596066739631809117e-01
4.519728198817041798e-01
4.741711064392098440e-01
3.108691445766623151e-01
3.522379511358038617e-01
2.673914862835178319e-01
4.389796524354707685e-01
4.645983811235620542e-01
3.055788192368142919e-01
2.876959257144281468e-01
3.583860007990368191e-01
4.356248543369939941e-01
4.630638483459637023e-01
3.158598535555029452e-01
2.811248508594173523e-01
3.790627301126318072e-01
2.877354149292766783e-01
3.129747469514786995e-01
2.908684157923923097e-01
2.652099526487361469e-01
3.175429030973533351e-01
3.494486085061520031e-01
2.330328445672500415e-01
3.185179589821208745e-01
3.242301290679119319e-01
2.955844838173455336e-01
3.522407402078451266e-01
2.406606701015462646e-01
3.278499094470279651e-01
4.548727866238480022e-01
2.866714291596210717e-01
2.961674792676783907e-01
3.174320130479051372e-01
2.765015830794161356e-01
3.416912656126693260e-01
2.421523987874693307e-01
2.902357951151769977e-01
2.667877057150471742e-01
2.447927044867108382e-01
3.996210211986556682e-01
3.070725274840385710e-01
4.905115174549325996e-01
3.176969495475052696e-01
3.077159262625363545e-01
4.321794769861386776e-01
3.024381268080233998e-01
3.436373043651310688e-01
3.163479991263285496e-01
3.343474746437430922e-01
3.151953534348065356e-01
3.619523933958760376e-01
3.276024938002851106e-01
3.469507292386063702e-01
2.537112662876784275e-01
3.112664640050705200e-01
3.720512590952085863e-01
3.420845341503709891e-01
2.541082988627887951e-01
4.737631462624288248e-01
4.930233424578955304e-01
2.888393378384311316e-01
3.321950726991335645e-01
2.891234931813294606e-01
2.656313576217506078e-01
3.359928178401201948e-01
4.036642666779393651e-01
3.047618280708877525e-01
3.599183252160408353e-01
2.930396097637687491e-01
3.722398271740215425e-01
2.927649876988746569e-01
2.937777319185743141e-01
3.874745144831769905e-01
3.604565033052261613e-01
4.611563678874297523e-01
4.240799493029055456e-01
3.092270804270769724e-01
3.031922157677607865e-01
3.364509312265111518e-01
3.907889190593088480e-01
3.103753946186597057e-01
3.866744490192949857e-01
3.687459723652697918e-01
2.410075618183609991e-01
4.338911773978063047e-01
2.389303066767279604e-01
3.818600307512937109e-01
3.434306444679888215e-01
3.578359486816373725e-01
2.851011824318808174e-01
3.525540065829977920e-01
4.047530379733848549e-01
3.700777873813031471e-01
4.697461585756073088e-01
3.356923339829853692e-01
3.537313647835477748e-01
3.290078451817272653e-01
3.439532503593131230e-01
3.174594114330043793e-01
2.449598559531939446e-01
3.551131018670431461e-01
2.826163262450260838e-01
4.867074630336062357e-01
3.170636897474363725e-01
2.999295681498320154e-01
3.155570635300809501e-01
2.838670658512649214e-01
4.834072993007962893e-01
4.159435126461881183e-01
4.035527669520445615e-01
2.898815056612321084e-01
3.137238507479011562e-01
3.212833891773701489e-01
3.589888478458478360e-01
3.007444401544674406e-01
3.002961436867985223e-01
5.164119146484524858e-01
2.485508798857541113e-01
2.918971366310416093e-01
3.120696290751736046e-01
3.881930956649439213e-01
2.815562593764823762e-01
4.271196120327760970e-01
2.820635278619519348e-01
3.676713395443311772e-01
3.049014352589157761e-01
4.751088579631527198e-01
3.263562172029796926e-01
2.838147811562429235e-01
2.415456097761556065e-01
4.505708555305762975e-01
3.925730030179239716e-01
3.168862166969342864e-01
4.410792526102702560e-01
3.141285115728430499e-01
2.882148458259777835e-01
2.614126953169875200e-01
2.872237898510887621e-01
3.440464213838181906e-01
3.379984832258581817e-01
3.425291579647586904e-01
3.706799026973913724e-01
4.452906700678049279e-01
3.271302538953748673e-01
2.895347759236283069e-01
3.667299663928834663e-01
3.183676943344480037e-01
3.159664147507192378e-01
3.983924001375557800e-01
3.951576695709582143e-01
3.559390109429921845e-01
2.458760800693057524e-01
2.977588580271687824e-01
3.590115955765006972e-01
4.206906066831728186e-01
2.742204470832692587e-01
3.371207954278428454e-01
2.714145677909978738e-01
2.828680458116787921e-01
3.219161567948254365e-01
3.241070489135504662e-01
4.030348434240136335e-01
3.683910756101099748e-01
3.576704720771424206e-01
3.077368336013235894e-01
3.152471458407152261e-01
3.045717633342989727e-01
4.037024757446051049e-01
3.722446566344497221e-01
4.672478642200720844e-01
3.546604058866322240e-01
2.427700910095199338e-01
2.969334144211126514e-01
3.688536790056998194e-01
3.770784991156316823e-01
3.057862847145244034e-01
2.827809504624244075e-01
3.567572196223790515e-01
3.011991100372148900e-01
2.631342340228328136e-01
3.101539414916838489e-01
2.453211925871525145e-01
4.920841673055841303e-01
4.444923807294191009e-01
3.602267561251529804e-01
3.157019756048857761e-01
2.398429893381590350e-01
4.742236377702108707e-01
3.212384842069977986e-01
4.242364527439774213e-01
3.239004400724236343e-01
4.715432643956971592e-01
3.920729492650447123e-01
3.102301611733573883e-01
2.855768905843381611e-01
2.959190245846496370e-01
2.730878567806335755e-01
2.816961824904464784e-01
4.414491566594057059e-01
3.021075930504818485e-01
3.976635295686699600e-01
3.145942681219398018e-01
4.171033011918337530e-01
3.137409672188781196e-01
4.983280949858734377e-01
2.434090232881146454e-01
4.464031189132233179e-01
3.129754612609111919e-01
4.195693924347826398e-01
4.109689753797622358e-01
2.705052329715041948e-01
3.837386416592419303e-01
4.051336408112559684e-01
3.126888400846895011e-01
3.625453379869832959e-01
2.686881043581892947e-01
3.882404089641108280e-01
4.387424250640090673e-01
3.720830944849664590e-01
2.607020525553466195e-01
3.201404928329274480e-01
3.214688507583771671e-01
3.151827977346516318e-01
4.651747074634987600e-01
3.554483185203881068e-01
3.588088053986671633e-01
3.137837233882150856e-01
3.168484439216024962e-01
4.634600738980537149e-01
3.417446905518696787e-01
3.212897371671819546e-01
3.406838657742430887e-01
3.127753402853474807e-01
2.677911899939527385e-01
3.119281140581876000e-01
2.832076832547825718e-01
3.535508045960464307e-01
2.403686012494739843e-01
3.061069276528278205e-01
3.184202724730632039e-01
3.185890278382955687e-01
3.808729471380992160e-01
2.850298509101375499e-01
4.276018107259648704e-01
3.112406133487481963e-01
2.672036072472898649e-01
3.830551827462612691e-01
2.629376677242289406e-01
3.245583690928403597e-01
3.102663818877128832e-01
3.894561706577040483e-01
2.377769279646803346e-01
3.124229416563000794e-01
2.544952131664190986e-01
3.165003935523902356e-01
4.932839026504518554e-01
3.252108400237341823e-01
3.993382163901632587e-01
3.120753056326696639e-01
3.778687705400273766e-01
3.784276103770444211e-01
2.718800760657212323e-01
3.790437976504006379e-01
3.703873600435784730e-01
3.918382360600500269e-01
3.503177449062929716e-01
3.162011514643102150e-01
2.971353974666612885e-01
3.852173762406096436e-01
3.069169339220126913e-01
3.474742442588893421e-01
3.555542377169642609e-01
3.979976814873685265e-01
2.694261323613618142e-01
3.553175104591666522e-01
3.112863529821885966e-01
3.627361888507588672e-01
3.078351870607343166e-01
3.652379915967755575e-01
3.234235280530179946e-01
3.085374225525658876e-01
4.476114244062051606e-01
3.088556077185030113e-01
4.470170142701991312e-01
3.138647502384191990e-01
3.099130931064712491e-01
3.400800167229220405e-01
3.345193585485604637e-01
3.750015142790031897e-01
3.076731916572085224e-01
3.093618252936232160e-01
3.182484184850326581e-01
3.257328569522142669e-01
4.375777590517744842e-01
2.608116770408518414e-01
2.868575060070607807e-01
4.202752747428921132e-01
3.733207284681303029e-01
3.531720485859742298e-01
4.714338879696386431e-01
3.141146127560309198e-01
3.845201266934943352e-01
2.626919401077443261e-01
2.871088088040004704e-01
3.234531048895973870e-01
2.752019899930192026e-01
4.718415426830777637e-01
4.081172376473692354e-01
4.734837497758357938e-01
3.936107951135033312e-01
2.397329307669840148e-01
4.254385193125048703e-01
3.744322117328010013e-01
3.535606806115454970e-01
3.800785836441660237e-01
3.037501750438904580e-01
3.837575989583034697e-01
3.756900341272335075e-01
3.072290511624894416e-01
3.785710762536890206e-01
3.774863791872544727e-01
3.014926172039560925e-01
2.867072600153219852e-01
3.576864216639330518e-01
3.001917826107344256e-01
2.410898876853220796e-01
3.148709036227727021e-01
3.164854333870185665e-01
3.815801238548856555e-01
2.586725860048912917e-01
3.986624489769237667e-01
4.004422123536737210e-01
4.270771443407987977e-01
3.040380390805760280e-01
4.025754368385401905e-01
3.693697073806296860e-01
5.041729368675479384e-01
2.737373011452119975e-01
4.181528881129433772e-01
3.232162687080059049e-01
3.232443895836434877e-01
3.773390289124271546e-01
2.741797511931599596e-01
4.810875802774771670e-01
3.558166055078468282e-01
2.882598718856312359e-01
4.145978147942248060e-01
3.535725318128964956e-01
3.317897742039945808e-01
3.738488378172948323e-01
3.381061370714036896e-01
2.594525298682284764e-01
3.136955514182887539e-01
2.381854322910355592e-01
3.937031998211459327e-01
4.242400823790677955e-01
3.483303014145019416e-01
3.332776372491842443e-01
4.426327838211919774e-01
4.636193066639422433e-01
3.077709116794695721e-01
4.672644232620152271e-01
3.143707463618530262e-01
2.807893131257408470e-01
2.786470666232503945e-01
2.860830273578447991e-01
3.112718352440899672e-01
3.722600337776134083e-01
4.109134099857828515e-01
3.528656013221304066e-01
3.709240027102342907e-01
3.985266025441259741e-01
3.857595341541718570e-01
3.374001932011878035e-01
3.017237106847825978e-01
2.687830592298773857e-01
2.918724681571522872e-01
2.389879764511490534e-01
2.918599903736907031e-01
2.685287898696860354e-01
4.020539094045686435e-01
2.905112458523352315e-01
3.097037559013767760e-01
4.080995868966313389e-01
2.735363262163262310e-01
4.771180364005846997e-01
4.979299544272383082e-01
3.135197415495939999e-01
2.723544930600965697e-01
3.113167930464824651e-01
3.625245400159468057e-01
3.058800761253147593e-01
2.901572845668492495e-01
3.046360999362787703e-01
3.442560265469011838e-01
3.160484274511877190e-01
3.688027408810699570e-01
2.993050076492136946e-01
3.001795612129282143e-01
3.176947814465690412e-01
3.126248429131856521e-01
2.995551310428521963e-01
3.148498021440460648e-01
2.822032312179020286e-01
4.521214738849782533e-01
2.708088473430858567e-01
3.095471533798226926e-01
2.383487806905711104e-01
3.056098906558681327e-01
2.386666169756933298e-01
3.787026307195157648e-01
2.747675976404168052e-01
2.380743343722855621e-01
3.422392420814838743e-01
4.020324994171121658e-01
3.045160685558356284e-01
3.955131285723756940e-01
4.009920745459594760e-01
3.440525163232067141e-01
2.769498936313081749e-01
3.710457505023059266e-01
3.415035101965617770e-01
3.161446854109421500e-01
4.768438994128029740e-01
3.445785570133043096e-01
2.599660382597346886e-01
2.624953700914484656e-01
3.046898527251087341e-01
3.117988331953649994e-01
4.164494616599288546e-01
3.185148520707880571e-01
3.009578415923340744e-01
4.559001607722367733e-01
4.517931700009768514e-01
4.242201010890072621e-01
2.617937791004274484e-01
3.079869454095218173e-01
2.881905614876238975e-01
3.149093446022690479e-01
3.065335052918682912e-01
3.431235509714518628e-01
3.140027470978616897e-01
2.770895752145611235e-01
4.015230723360518339e-01
3.708493994315026909e-01
3.442820088166478887e-01
4.237533458011244480e-01
2.989078188457814367e-01
2.365064371193173198e-01
4.084062334471237343e-01
3.653858951435110525e-01
2.992831364260452598e-01
3.695237535550340291e-01
3.656159205556988034e-01
2.952426506157293518e-01
3.056105028723951622e-01
2.955087616489802671e-01
2.889020162006076808e-01
2.422720358518447581e-01
3.962723132177691787e-01
3.506964670540178020e-01
3.090113178983728282e-01
2.998607491279091652e-01
3.924049852726620435e-01
2.985667118231838946e-01
4.406979583761393982e-01
3.506470887435338413e-01
3.924273197733766927e-01
3.503226333249771507e-01
4.325281854207383980e-01
3.431472772895728385e-01
3.673882517029812833e-01
4.774474421910044342e-01
4.365966327443851491e-01
3.233719360785921038e-01
2.596323247098195619e-01
2.869945017812366439e-01
3.412107161326167759e-01
3.481378678602725096e-01
2.435855881031586678e-01
3.828188507690694076e-01
3.548974011881415591e-01
3.410180345296057736e-01
4.798230587120675406e-01
3.409107320524999984e-01
4.084898902946954014e-01
2.864270605383355539e-01
3.915697892770702571e-01
4.481363987150905892e-01
3.463780384463282513e-01
3.259011801132016273e-01
2.900498474504160096e-01
3.449209934957503942e-01
5.088145234637838632e-01
3.514111286723236582e-01
3.513091095573388500e-01
3.518848937564300616e-01
3.639662583203210899e-01
4.476777199841153188e-01
3.540861821056311975e-01
2.355218243430078351e-01
3.195877136518636141e-01
3.057007008782806068e-01
2.618281702348965179e-01
3.017236491494795225e-01
3.338073720303217362e-01
2.991263909102530594e-01
2.719731104405784805e-01
3.214087962429650891e-01
3.392764588170674167e-01
3.027136050893858843e-01
2.688705340746265771e-01
2.810548684534457387e-01
4.707909953770718081e-01
4.131561908054616206e-01
2.874534598683927689e-01
2.980605138333927706e-01
2.547400793379768213e-01
4.526724170454271001e-01
4.096540194263954549e-01
3.237131520044226884e-01
2.570990083389161907e-01
4.206160096587010511e-01
2.768091663187275953e-01
3.521562870857602445e-01
3.896602032349757438e-01
2.952195199729338304e-01
3.476985818534673034e-01
3.946704184477577426e-01
2.525536898853331658e-01
2.376792468536257363e-01
2.739579848581578103e-01
3.333106830843644008e-01
2.668317962562856138e-01
2.498502465765305713e-01
3.320706806663997757e-01
2.946346581450301483e-01
3.009731129255893700e-01
3.196493285154414221e-01
2.844056910139252659e-01
4.857453659568703452e-01
3.394872297331605338e-01
2.384207585753601311e-01
3.174972418941530150e-01
3.207286393728067675e-01
4.739989301507673281e-01
2.950961479958861822e-01
2.505469329408265278e-01
3.893391314946693660e-01
4.698458647864882098e-01
4.924826376689625529e-01
4.116779191489919887e-01
2.944058300315221532e-01
3.246172924298064144e-01
2.750786727280123967e-01
3.820036284204572641e-01
3.429680435391360138e-01
2.822544244339235675e-01
4.118990689727911048e-01
4.369133828987578627e-01
3.405200174918367462e-01
3.155418502641386125e-01
2.719957436067868550e-01
2.590887539493529901e-01
3.869118461043016266e-01
3.220548258197762359e-01
3.801634540947519958e-01
4.201502952330056773e-01
2.487194072134130962e-01
2.806554771703006490e-01
3.612448439267383349e-01
3.143501642802515317e-01
3.077153597367079940e-01
3.092672300319846412e-01
2.798855734123006367e-01
3.127365129628847940e-01
4.418655999136478219e-01
2.431752276910188193e-01
3.374696962256120703e-01
3.608968541451837986e-01
5.172512688308886775e-01
3.365971366621561267e-01
3.001602729854037088e-01
3.085568298133923859e-01
3.605910491716349808e-01
3.339381690076441145e-01
3.097280170196690108e-01
3.106860581758531525e-01
3.153291236785351614e-01
2.849597419443071766e-01
4.748980353602238469e-01
4.893256801533745204e-01
3.125088872361276304e-01
3.563540675776578071e-01
5.045774041442248059e-01
4.039474655884651710e-01
5.091685966197644353e-01
3.099624895303342842e-01
2.843067666774532487e-01
3.631896254648085964e-01
4.757202926011868671e-01
2.932344342425554085e-01
3.083653049760862186e-01
3.863109991441397439e-01
3.338430061866068943e-01
3.353494567150896444e-01
2.929629022466348487e-01
3.199946850820787336e-01
3.372506707493798661e-01
3.317117317975996071e-01
3.072876786029721807e-01
4.360182464179989115e-01
3.957443292582272787e-01
3.959763801736201350e-01
2.837584982819304491e-01
3.077096305710627089e-01
2.466070772674515410e-01
2.358072006931562770e-01
3.497888499988546229e-01
3.020057793944204705e-01
2.365772713300051955e-01
2.907094834112603499e-01
2.831886699437980992e-01
4.720859338759177404e-01
2.565467762056361511e-01
3.091245245858220692e-01
3.211243354466040700e-01
2.770955424382646748e-01
3.106766683240957949e-01
2.656159726411042588e-01
3.854821546791142861e-01
3.063775761616461812e-01
3.130635385171477436e-01
3.623240480812403019e-01
2.860406307057586361e-01
3.260603832353293208e-01
3.972244690209028040e-01
2.923254812581202455e-01
3.596628816206808854e-01
2.541768531986676738e-01
3.658553439573739019e-01
3.040439876950874476e-01
3.347543495023863613e-01
3.291515648835623975e-01
3.423658974125660670e-01
3.531720619040854547e-01
4.578882341473566875e-01
3.678534548884266342e-01
3.093059176388527343e-01
3.427671736072898656e-01
3.978080251979144166e-01
3.145601093593822228e-01
2.979427037455945615e-01
2.867210571182832735e-01
4.702033015555537876e-01
3.426183133396707992e-01
3.181186236610579199e-01
2.514098350614644151e-01
3.329024882067633806e-01
3.885081863613042974e-01
2.844513597251155379e-01
5.088927553899952327e-01
2.519774331360051800e-01
3.475734662609148429e-01
3.856881218061836147e-01
3.549914609472072380e-01
3.009765793748911400e-01
2.358789281598099030e-01
4.388413084859688063e-01
2.354604449440938774e-01
4.724795354541141967e-01
3.290682336930341734e-01
2.849185130031200441e-01
2.347641359134811923e-01
4.852532489866774323e-01
3.518090908467345068e-01
3.128880619881135305e-01
3.073824009130142199e-01
2.927033928940050989e-01
4.895125484084766887e-01
2.951781994062552816e-01
3.197681680663452264e-01
3.282086160570103495e-01
2.499557008915032075e-01
3.117612649788640278e-01
3.883959079913257284e-01
2.904857571883368572e-01
3.343358375477514799e-01
3.831833901810606235e-01
2.547539892285887175e-01
4.372385318478988481e-01
4.579469056050785025e-01
3.771184752650406646e-01
3.205526322815437368e-01
4.065151120756392289e-01
3.032135171144385577e-01
3.825087344105863041e-01
3.870850207912389096e-01
3.057560811978949911e-01
3.066787898314860539e-01
2.816522516896954875e-01
3.743394384696770438e-01
3.604336389272834729e-01
4.105017254440078145e-01
2.408294017773026652e-01
3.645843508343710737e-01
2.481120351935284518e-01
2.960558701985573915e-01
3.972332839495084644e-01
2.898265784016995084e-01
2.911297177352620835e-01
4.282394383885215761e-01
2.695187247265259933e-01
3.201366844301987147e-01
3.323687525630753536e-01
2.425006729087665902e-01
4.290975300697458250e-01
3.501007580388303397e-01
3.201309354245182592e-01
2.382832247083691568e-01
2.491072518258086177e-01
3.073334956980561805e-01
3.992255934769078918e-01
2.662907271326995784e-01
3.610414383741053501e-01
2.713472613315316417e-01
3.590693868294890234e-01
2.852983405972636666e-01
4.165585288999220093e-01
3.705930693822064859e-01
3.061162920906998486e-01
2.717081675515065631e-01
4.428924267346090460e-01
3.930857081700263600e-01
3.956040410716266664e-01
2.717915622447202861e-01
3.051124499245644328e-01
3.028502650541866625e-01
2.428639207365858310e-01
3.369247325682276917e-01
3.595842026718633622e-01
3.131095464436945419e-01
3.791617397293836622e-01
3.004694798528825816e-01
2.846180192357334326e-01
3.824864528717608070e-01
4.485918923403995895e-01
2.827152998400095929e-01
2.362776496516405811e-01
3.560412449155190284e-01
2.692989145434618314e-01
2.631948227657535666e-01
3.059943768003753339e-01
3.182011995155969997e-01
3.083468286700066785e-01
4.493071462622177381e-01
4.002187856862707283e-01
2.933660192608344985e-01
3.389442842033304482e-01
4.554378387559167018e-01
4.581037807766388248e-01
3.282979747326487119e-01
3.345388505380734179e-01
3.080218120364242584e-01
3.245875427674727032e-01
3.831924656008506291e-01
3.234295620170181129e-01
3.727769656318348224e-01
3.340049885341611069e-01
2.841288182760596248e-01
2.853213180063718934e-01
3.818213634089057673e-01
2.963347095680792798e-01
3.405434160613728389e-01
3.885576713475295541e-01
3.276542363170004135e-01
3.784982960450077316e-01
3.764940236070468682e-01
4.092842576510603014e-01
3.322800997221901365e-01
3.622105437706548692e-01
3.095503708724568481e-01
3.050525538320696395e-01
3.002882129116132282e-01
3.196154922001788745e-01
2.887337386859385457e-01
3.130531552362555425e-01
2.848534990833215264e-01
5.165516992434300292e-01
2.387001663033055665e-01
3.164646442476176103e-01
4.580872775642217953e-01
3.725512677451899846e-01
3.949939058829373129e-01
3.754784099762620286e-01
2.804204846026863152e-01
4.302315490923491748e-01
2.612869522731223193e-01
4.198328092429339242e-01
2.905797046631045100e-01
3.317964495604616704e-01
4.028120901969636236e-01
2.685342713443772400e-01
3.039687880767932837e-01
3.490040747758922923e-01
2.408388521042372776e-01
3.119171975284640297e-01
4.118787260394912164e-01
3.151073234899035569e-01
2.536521888777697464e-01
3.083792206155925864e-01
2.995721575135320558e-01
3.920851995879161001e-01
2.664750772532003542e-01
2.609153581047805592e-01
3.274068906058940076e-01
4.603263506338475808e-01
3.354499675924213498e-01
3.155461066529264835e-01
2.600365416870986657e-01
2.646611328279130371e-01
3.040128827921163568e-01
4.555645139992917092e-01
4.502037114584769850e-01
4.487941246099979575e-01
3.379730303821228965e-01
2.980642815171011817e-01
2.995673426592223576e-01
4.019657306657146156e-01
3.825181803121756041e-01
3.872120978457948559e-01
3.257377428541176623e-01
3.426147186055754634e-01
3.983222921519619653e-01
2.607735427547162588e-01
3.036227623404398335e-01
2.845612359746202968e-01
3.728948786510786761e-01
4.225103698922346163e-01
4.446717728418859150e-01
4.329858157086577952e-01
5.126207656976710103e-01
3.126457217872138372e-01
2.989609505299543613e-01
3.336714639873590293e-01
3.131254768267189847e-01
4.164325675109733504e-01
2.608565981947978951e-01
5.095049600971706116e-01
3.806408514811905341e-01
4.556698763298516197e-01
3.805794791775373165e-01
4.436171483323760878e-01
2.947409482423453131e-01
4.367643469268624457e-01
3.746177451570822381e-01
3.754774106239509579e-01
2.961724707209363872e-01
2.899886860832913138e-01
3.204263167298646575e-01
4.290654325273284275e-01
3.042990153386944119e-01
2.611668272384489731e-01
3.001250259613960636e-01
3.268734967311492379e-01
4.015800982461027457e-01
2.794726989427967490e-01
4.747720041248685852e-01
2.806415517637876889e-01
4.399161597107114074e-01
4.123376381027217819e-01
2.372095382705828870e-01
2.686496197293015697e-01
2.901534195934374893e-01
3.357578738999999479e-01
4.522860582119855311e-01
3.812766292702303161e-01
2.617013526788870004e-01
3.838695491136271953e-01
4.299901026850215802e-01
2.872503266392381072e-01
4.458959786574681616e-01
2.799434503157405829e-01
3.555777165358049996e-01
4.305948366480422673e-01
4.857004521372029204e-01
4.171631339206129940e-01
2.516150868720067879e-01
2.761303282164792594e-01
2.539412590089251132e-01
2.624655348364503538e-01
2.584825940846121606e-01
4.899688794157566751e-01
3.325030075464943113e-01
4.704796592784361020e-01
3.752693454825034025e-01
4.016307232147118822e-01
3.244484060880935550e-01
3.558727342736840993e-01
2.518724313158645089e-01
4.529733276093796390e-01
3.582187396703763183e-01
3.015625613182404408e-01
3.636136059441276713e-01
2.544304645672447740e-01
4.444049993916620034e-01
5.027875096713555481e-01
4.625206212745187617e-01
3.886520539762564064e-01
3.565789325354651873e-01
3.466661368332246695e-01
4.180622572089719990e-01
3.419472913170497619e-01
2.634584029549650874e-01
4.484488343209686589e-01
2.905539780663009553e-01
2.523352300903343171e-01
4.479810685419379213e-01
2.538451325127268898e-01
2.556335473746375597e-01
3.525534606555419948e-01
3.769141390783012913e-01
4.549876275557125371e-01
3.351925792228294676e-01
2.934720469510040952e-01
2.328934125676141442e-01
2.885131697752481572e-01
3.509726771499567244e-01
3.064893557934206259e-01
3.015724089386283002e-01
2.530026064326929003e-01
3.529727609200403737e-01
4.517135474491243419e-01
3.106284312175389140e-01
2.646809536584101563e-01
3.068827773193346098e-01
3.529094938796545899e-01
4.498936275900005666e-01
4.569181320454900330e-01
3.429772701232071119e-01
3.361216056416767572e-01
2.885056016527798861e-01
2.512535145109646706e-01
2.934765467911712444e-01
2.949626936704534130e-01
2.548728582443985369e-01
4.275775876829014388e-01
2.871666376421296851e-01
2.956242655224876614e-01
2.872149659928778243e-01
4.809277484419668403e-01
3.749311920950624266e-01
3.466051964642119509e-01
2.878064142739372722e-01
2.505457965828044031e-01
2.945948113090021692e-01
2.678853246647902031e-01
2.661341615113310688e-01
3.694074379973847355e-01
3.983380726073711964e-01
2.858469208938837491e-01
3.508545880806814288e-01
4.280093176003586519e-01
3.028020127408823092e-01
3.624415700009063213e-01
4.158207977849998072e-01
3.418141025108717423e-01
3.457664493792910743e-01
2.500471300350889936e-01
3.066109483147753112e-01
5.152002764515714039e-01
2.882796629750112860e-01
2.983562367639822632e-01
4.431660150326061642e-01
3.512795116917401539e-01
3.721148934058835511e-01
3.744137713104734311e-01
4.073763382553001189e-01
2.414881902906061140e-01
3.728692108690044305e-01
2.991673417953865655e-01
2.718817794632213958e-01
3.479914410812096626e-01
2.497523838849724231e-01
2.851563665511551715e-01
2.966754247378490805e-01
2.843185938994690631e-01
3.448234479173029610e-01
2.432946455852297851e-01
2.678190689514901579e-01
2.658112583582167288e-01
3.935045475729039288e-01
4.203603938425314879e-01
2.742565996206989820e-01
4.578502863588260752e-01
2.496648444890773588e-01
2.412020197766818475e-01
3.245581175455012901e-01
2.768764834312131273e-01
2.899087037428847435e-01
2.845518636016967085e-01
4.599634276820512846e-01
2.436429922851499619e-01
2.639772418214661465e-01
3.565499793079707769e-01
4.465587722695421591e-01
2.839791221245673292e-01
3.024228486652615344e-01
2.697351364088820813e-01
3.557579653494936656e-01
2.972324222754333944e-01
3.650099416046094780e-01
3.483911731881695339e-01
2.613298372413560000e-01
2.675089030698151182e-01
2.439160149063758498e-01
2.395023558330356406e-01
2.852340780009268717e-01
4.414826822756703906e-01
4.471592028991209777e-01
3.051875032068246951e-01
3.482216572849579639e-01
4.068835936347889315e-01
2.874907123445998858e-01
4.599921371069152776e-01
2.776005957632341481e-01
2.980223514016875352e-01
4.105236994007048223e-01
4.078406819519704296e-01
4.458117709082341507e-01
3.016464359348576263e-01
3.028421295287301862e-01
2.958900362563290920e-01
3.740737382789679488e-01
3.596475061539420870e-01
5.154727489868923263e-01
3.646592134314785572e-01
3.210801522202245128e-01
3.468033662119058280e-01
2.971085471088333874e-01
2.506480515116008001e-01
2.800882547858922766e-01
3.712862740179880272e-01
2.465298974842838886e-01
2.943897483061509446e-01
4.189615986110335477e-01
3.960630677717265069e-01
4.201063206172974684e-01
3.070706709960269731e-01
3.813435717796644919e-01
3.688085887248804262e-01
4.551956502333632804e-01
2.508701254188390184e-01
4.102582497236421655e-01
3.951840044661121820e-01
2.360148788939802067e-01
3.211018724452541773e-01
3.206458178187634456e-01
2.925395735381568496e-01
3.440616898939162782e-01
4.037752857964870268e-01
2.724436396457025622e-01
3.929362543089365278e-01
2.512936337407628562e-01
3.923993445352766951e-01
2.819575450871308897e-01
2.519206756786381285e-01
2.594863689920522409e-01
3.816552070844879130e-01
3.042324537111310012e-01
2.788993327799648703e-01
3.589960889096334706e-01
2.953771087700685638e-01
2.871696352553869680e-01
3.708626889646102209e-01
3.051481187670201933e-01
3.023433221387003544e-01
4.410383682767892166e-01
2.914041822550703098e-01
4.397660304945628651e-01
4.405022429067254608e-01
3.475352428532547111e-01
2.540878279089693326e-01
4.505821577384208076e-01
2.520718368401503318e-01
4.241652054350682488e-01
2.794666638736394426e-01
2.969331323260292477e-01
2.513961194684751765e-01
2.669938956574674505e-01
2.795323644635335225e-01
3.920628360775040289e-01
2.509286927541038992e-01
4.369132889900896322e-01
2.404044960876020598e-01
2.926934969017395138e-01
2.506661030312510863e-01
4.226708637353869258e-01
2.393152357764201377e-01
3.899436103105874962e-01
3.847767651708724479e-01
3.454555824710178746e-01
2.423925397265344062e-01
2.506148243354855976e-01
4.398440779634892883e-01
3.801075792208221116e-01
3.244591526585932639e-01
4.622233863224362582e-01
3.178310870509838404e-01
3.181807260035696139e-01
4.210427846200887614e-01
4.484773117551351662e-01
3.803197249193733809e-01
4.351448460550281228e-01
2.917230629517177376e-01
3.162056568099052001e-01
4.217585635745842443e-01
5.156618857179432469e-01
4.685305695540084581e-01
3.514589514068152676e-01
3.227382872129564984e-01
3.147680541656150410e-01
4.449358520143600892e-01
3.599364103587847641e-01
2.619912769698720112e-01
4.121740352477007985e-01
3.569856896980209693e-01
2.919280344941806993e-01
2.407695020459401369e-01
4.110753968796217461e-01
3.800088125837979836e-01
3.064621334808842468e-01
3.670375225898792060e-01
3.270541975593228567e-01
3.184523869799785745e-01
4.483618042756451483e-01
3.393784894375923011e-01
4.404065568530719510e-01
4.040131454267129052e-01
2.904081087234999803e-01
2.985732650323699167e-01
3.707475134616238233e-01
3.203075570943322292e-01
4.274487458263999118e-01
2.998418008103868604e-01
4.281289954594311165e-01
3.103903180900071668e-01
2.846760048078901817e-01
3.898454029222508943e-01
3.777166780509970123e-01
4.066290454035391688e-01
2.850815155915106813e-01
3.028165706514558964e-01
3.684413537370194724e-01
3.889747956371698567e-01
3.185634555450033711e-01
2.858554257536548571e-01
3.355615467529118323e-01
4.222947834994717486e-01
2.829045557920831788e-01
3.518691053872666230e-01
3.139446438962659180e-01
3.867869001727608502e-01
2.903442887739588474e-01
2.740210489795919524e-01
4.726401150606212020e-01
2.869313403948368646e-01
4.722060248354416623e-01
2.708751959579540070e-01
3.003707906935229044e-01
3.405744568618981338e-01
2.469533372424476680e-01
2.891452404142086929e-01
2.883117630221355698e-01
3.650730286561189031e-01
4.638485844638078892e-01
2.889950554428205032e-01
4.285934668389874691e-01
4.288832269626486893e-01
3.087643905230517127e-01
2.899998661940306199e-01
3.165286373479486159e-01
3.566443826588617250e-01
3.289485462409857952e-01
3.029891950317765703e-01
4.013263476727366719e-01
2.919993680576138950e-01
3.188618036936506361e-01
4.171982417969860579e-01
3.866019658163113437e-01
3.083935210856523779e-01
3.811010079193045685e-01
2.943145306539775574e-01
3.782855526601600626e-01
3.911065950268853841e-01
4.231275604782876454e-01
3.129869174173646740e-01
4.322178424214689341e-01
3.764892997678270792e-01
3.713142878587566420e-01
3.859140264416999755e-01
2.976763944828313413e-01
3.808294587096397454e-01
3.191270691590732955e-01
3.777523173839575921e-01
2.969501442378343348e-01
3.032034128069572287e-01
3.890497678008809634e-01
3.496476239810933917e-01
3.118189695174712339e-01
2.943373311292269978e-01
3.135157987312197636e-01
3.677690987528793309e-01
2.999122118775852663e-01
4.040523544052877503e-01
3.445797656896736338e-01
3.619257015312523640e-01
2.603584133838695025e-01
2.640705683907315082e-01
3.981287435160066335e-01
5.129753449322406178e-01
3.110402791717716275e-01
5.157292064593753667e-01
3.602137645480967820e-01
3.079848404840065390e-01
4.394849742517842883e-01
4.007537477137672610e-01
4.290417125836377688e-01
4.230644188860732124e-01
4.455630306317370226e-01
3.714454243969496638e-01
3.106539053061463385e-01
2.867357081938969321e-01
3.094065027656769939e-01
2.640680588725324296e-01
3.122802283705641835e-01
3.507131140087444976e-01
3.991489008308792830e-01
3.488498209567488240e-01
3.461288561546690956e-01
2.369348215265997259e-01
4.290010053511459365e-01
4.230819679715951409e-01
2.916681995564209817e-01
4.024807352591800447e-01
4.303258881968781702e-01
2.619712690349483841e-01
3.762950801425197223e-01
4.089362514984646313e-01
4.071683313878902144e-01
3.216661856193109292e-01
3.122259284652031952e-01
2.958435118010774301e-01
3.086870134365625185e-01
3.931932559768939184e-01
4.004027813854611484e-01
3.819987709994832059e-01
2.995848930154709211e-01
3.096918231253067422e-01
2.858048738003758915e-01
2.634765681268086968e-01
3.052034328228617199e-01
2.899181583474580992e-01
3.022110976160474749e-01
2.834220530119475612e-01
3.498437408250864022e-01
2.731205055738684662e-01
3.396872491360964363e-01
3.031640444480279140e-01
4.253871282054626501e-01
3.452776858101063717e-01
3.108084556918286334e-01
3.060231916216979431e-01
3.635521050983246960e-01
3.107449967683627579e-01
3.798554160499264531e-01
2.714293544910420519e-01
2.704192677130589084e-01
4.129651148108698933e-01
4.289094558100963184e-01
4.231218362272333722e-01
2.903899066351764424e-01
3.082529902927384491e-01
3.149998612532261544e-01
3.227971920319068211e-01
2.535078679591295514e-01
3.536429660537399600e-01
3.310536436352423117e-01
4.256075062884711047e-01
3.141054474911955663e-01
4.115004423220044449e-01
2.987314815147280034e-01
3.562318243082459035e-01
2.357661149029130210e-01
2.367623047514976486e-01
2.669226794154828108e-01
3.785110798851284430e-01
4.501085624341015223e-01
3.526012635567687403e-01
3.487673343254069636e-01
3.007793813497953717e-01
3.156640238883188787e-01
3.522038965890797457e-01
3.540468011089734079e-01
4.286226593637755267e-01
3.100581390248083324e-01
3.192594382867058322e-01
2.911805981470730331e-01
3.120547980254825826e-01
2.882574034157854848e-01
3.517815424592961038e-01
3.172322771084062909e-01
4.487856757487333481e-01
3.227819770836106161e-01
2.716968582931308385e-01
3.700156203570637570e-01
4.790762174034184917e-01
3.470211417395940301e-01
3.167630020752548736e-01
3.718414187250133063e-01
3.161939958046956489e-01
5.145920417554685766e-01
3.152320708069520361e-01
2.922924415701802503e-01
4.119492416938129731e-01
3.916922162803415097e-01
3.886719170279036017e-01
3.120646564713071558e-01
2.966881764085361750e-01
2.750803099210002434e-01
3.347934022015914279e-01
4.854513065747395051e-01
2.644048559556242961e-01
4.330018797357059746e-01
3.675441909269375196e-01
2.910745530675706849e-01
4.496356447200816620e-01
3.383045263589899432e-01
3.473396963436537477e-01
2.638296074836796734e-01
4.979100866342492382e-01
4.147221139486100827e-01
3.340694992804825181e-01
4.131359517864692799e-01
3.248764365696907852e-01
3.463274922590564575e-01
2.937272604673957233e-01
4.093516895417705359e-01
2.875015667585482104e-01
3.389067167814965309e-01
2.603543049856576475e-01
2.723134697320847564e-01
3.451024844271537995e-01
4.353122861651230746e-01
3.432794507462695321e-01
2.753678266076146630e-01
3.326035565872896838e-01
4.285045106066168175e-01
2.928006621918266550e-01
2.953002873122155258e-01
4.229890197749310854e-01
4.230062055941394283e-01
2.587748035602848162e-01
4.229783337658453157e-01
2.954886191398412021e-01
3.133273262519926661e-01
3.756746807621785811e-01
4.283464666338992477e-01
3.532230974793574840e-01
4.391930053675311418e-01
4.094787143010586994e-01
3.144707748767556210e-01
4.344481604155954746e-01
4.166620614471107098e-01
3.413349186635416532e-01
3.339504706151379398e-01
3.945307437257118410e-01
2.665635177044774484e-01
2.740843445257818423e-01
4.086066985036389543e-01
2.975808248603880046e-01
3.392750860228188614e-01
3.711392630264139236e-01
2.933132596859445163e-01
4.196432905568140415e-01
3.112133193234656869e-01
2.919819683419404566e-01
2.562977555544684316e-01
2.616859342159625901e-01
3.056130725476907672e-01
2.949132259974693859e-01
3.833201375476935069e-01
3.772174374578873834e-01
3.632227378538567808e-01
3.123399374266070394e-01
3.555254043475178927e-01
4.067519067659429721e-01
3.056902895310457668e-01
3.242357462763379439e-01
3.181788898600677595e-01
3.968603411859127350e-01
5.148563288282823613e-01
3.240017714177074737e-01
3.000110286547623684e-01
2.539960064616187951e-01
3.756671825833152734e-01
2.625784073491832515e-01
3.400869101909707037e-01
2.725843980748323681e-01
3.123901003790390818e-01
2.885507542191767527e-01
2.997051307407505027e-01
3.076742798562673853e-01
3.212337268361976639e-01
2.962540800268609886e-01
3.851887928240542158e-01
4.832328711667019938e-01
4.283469817056952955e-01
3.447620851629457084e-01
4.490322759744213021e-01
2.518690896514502175e-01
3.027740238908461778e-01
2.847025699771653651e-01
3.673991237124273890e-01
4.706048234028025190e-01
2.876593953945380533e-01
2.900650609619632725e-01
3.246518646117176887e-01
2.832237512019806780e-01
4.442802832838687044e-01
3.044814987322886912e-01
2.855297924819223954e-01
4.067290427577711642e-01
3.292243412831545868e-01
3.142008353412495403e-01
3.110240149280655286e-01
2.937684067440336499e-01
2.499220303913460839e-01
3.058796815370896094e-01
3.401271616886318294e-01
4.284258843275448592e-01
3.265213739121902714e-01
5.071016407548769589e-01
4.420333496119951966e-01
4.797025025944123278e-01
3.345567988672777937e-01
2.939806884855084013e-01
3.133101360226335230e-01
4.229820129839010900e-01
2.719706507907493354e-01
4.537227997160563908e-01
4.048968652768038523e-01
2.306148139238129724e-01
3.016351523371046950e-01
3.853766586769554747e-01
4.229071797960420320e-01
2.915806426577974286e-01
2.481503288982326305e-01
4.230003495410157299e-01
3.496530845018342992e-01
4.044476902653313943e-01
2.823010023495341470e-01
3.357474985774546172e-01
3.651291406726878686e-01
3.375257556205726872e-01
3.457951084404957132e-01
3.164058810798612287e-01
3.235178353112650451e-01
3.741259849335636378e-01
4.472248239288869054e-01
2.825890660014387934e-01
2.802532881656479846e-01
2.991301468782764927e-01
3.020518795024977887e-01
3.487236818051335785e-01
2.914592649882815634e-01
3.406799689716416002e-01
4.542082239891341300e-01
4.931573569118917200e-01
2.832770429366605058e-01
4.508702869332401053e-01
3.389185557033549401e-01
4.229807363696505562e-01
3.569840616239424724e-01
4.126163250848003394e-01
3.527855665740005087e-01
2.929194739330723829e-01
2.924405199696308855e-01
3.735383305854684810e-01
2.969621467583532515e-01
4.697303556959098736e-01
3.762342285624631910e-01
2.914674775941496487e-01
3.322224567451197430e-01
3.055316555959731173e-01
2.988344181563858393e-01
3.473130786796556624e-01
4.897860340313172078e-01
3.372917445889191401e-01
4.566936431414828079e-01
3.087357628580815749e-01
2.959415475867384626e-01
3.020842759210042860e-01
4.163656306464296741e-01
4.403202166842166143e-01
2.927458467684690424e-01
2.951270164372133964e-01
3.009776137400824170e-01
4.308485857152353216e-01
3.001874495099358664e-01
3.479233104051614456e-01
3.247049599339384973e-01
4.726589811369131255e-01
2.933720939964410968e-01
4.426529413776674748e-01
2.989807666418349275e-01
4.106008810834628764e-01
3.714548474270830125e-01
4.460616980962992528e-01
4.873761389231737184e-01
2.924869165227811929e-01
3.669186435165519566e-01
2.996016527860903556e-01
3.330391525776358885e-01
3.134692114655421857e-01
3.272066070508390379e-01
3.546062839551492596e-01
2.936211291993348627e-01
4.285275764022056233e-01
2.911203500862745708e-01
2.962092829799569116e-01
3.279977271541049677e-01
3.699837389810819999e-01
3.317985823476358176e-01
2.834058225182969348e-01
3.210514473726387430e-01
3.620123868557121316e-01
4.915397653066693184e-01
2.823763544610553011e-01
4.952601866199887182e-01
2.746602560332337961e-01
2.891816414882330544e-01
4.711682832866652682e-01
3.997200869726381112e-01
2.937636400749157883e-01
5.158151650541894506e-01
3.117077847377076605e-01
2.631530294665945235e-01
2.875518228044295910e-01
2.811596453438867105e-01
2.794795662776033418e-01
3.282250498583767495e-01
2.916387635327381544e-01
4.167692297081725394e-01
4.350700210204012652e-01
2.954507157194662392e-01
3.679444368020449163e-01
2.811438074035406132e-01
2.862273024405484478e-01
3.245167682769694029e-01
3.206474926417701155e-01
4.287326669638765186e-01
2.784391570574124564e-01
3.211267225825354954e-01
2.898301941689672145e-01
2.924635357258995594e-01
3.664655472564046224e-01
4.167629732050134317e-01
4.863735191222630649e-01
3.736490105020968122e-01
2.852051175233715208e-01
4.769624766863270193e-01
3.197047845472101857e-01
3.531261260353736886e-01
4.185021620538112441e-01
2.440461789999718856e-01
2.883339774634297581e-01
2.458789784080925855e-01
3.767833858785171186e-01
4.228122646932288564e-01
2.837849907648307690e-01
4.162289477004796345e-01
2.451001756965942302e-01
4.771326905044377398e-01
2.844828570719820648e-01
3.267446676230135183e-01
4.784397783597540976e-01
2.828518122972175641e-01
3.227313296525312070e-01
2.839312085345969128e-01
2.871466855020098352e-01
2.802945593870654339e-01
2.853940828906488814e-01
3.644704228995552242e-01
4.229212331782757905e-01
2.841046927554788937e-01
3.181004180611385346e-01
3.737375846496951426e-01
2.370204156568866127e-01
2.862657209690464555e-01
3.487193893370287290e-01
4.064489786535845361e-01
3.265473213769986005e-01
2.468160814282479298e-01
2.919866185574633288e-01
4.545337166982030275e-01
3.305585834170297610e-01
4.438366092740894109e-01
2.552292224035490609e-01
2.767980750234528831e-01
2.849861354816803360e-01
3.166871619423754503e-01
2.856886129819899978e-01
2.742056171491839556e-01
4.713765949161368707e-01
4.163597695951644084e-01
3.193354623907223022e-01
3.151429587319171111e-01
2.854454912529697519e-01
3.629892009663265307e-01
3.997469289085647803e-01
4.175359481489143709e-01
2.758112151193140571e-01
4.226234523978356084e-01
3.030295350780788932e-01
4.288210179570684510e-01
4.288019328799101415e-01
3.496979746975719672e-01
2.732699057594146219e-01
3.175131903089132290e-01
3.075765283351827306e-01
2.520174036116570870e-01
2.697660704842107515e-01
2.912391476241440458e-01
2.857781519513102886e-01
2.828820236299782742e-01
3.180732272181164833e-01
4.416091642790332394e-01
3.513038322111047829e-01
2.690466737421521870e-01
3.163591933680919843e-01
4.564466191851907495e-01
4.810060564325865373e-01
2.943226450609316980e-01
3.614993794290994322e-01
3.158491805629433102e-01
4.423854874237673762e-01
3.201269151814243319e-01
4.811640143067206776e-01
4.490350446105662030e-01
2.684533373944569812e-01
2.660111622451446500e-01
2.910919908605655859e-01
4.065406311584103261e-01
4.223376771769499216e-01
3.500005875931213040e-01
2.669563431133248899e-01
2.809412911410138491e-01
3.104049789281760896e-01
2.919793876629567242e-01
2.919617179150403308e-01
4.497446546857731819e-01
2.645666143712393503e-01
2.661465327278303983e-01
4.060570389763337174e-01
4.285721090766557717e-01
3.080079019810072483e-01
4.287529274197725560e-01
2.817380776477209081e-01
2.368033117799746290e-01
2.494494795147082500e-01
3.572666802099838668e-01
2.935671621148852051e-01
2.879561158867356974e-01
2.930440356274973124e-01
2.898607810678232588e-01
2.656775182302573701e-01
4.261034375858173684e-01
3.777606633007298265e-01
2.902470260813920233e-01
4.031783954927260494e-01
2.893722189825200797e-01
4.068791661023030692e-01
2.983097786569094967e-01
3.266857812435852715e-01
4.126808975015906489e-01
3.308741656763200534e-01
4.263888100131296155e-01
3.941092430144613190e-01
3.599380630024596184e-01
3.554147712341977350e-01
3.178188251645016060e-01
2.629428190290062917e-01
2.624777876902387175e-01
2.754093545450432834e-01
2.921259118413721545e-01
3.539916201407509733e-01
4.707169498042190758e-01
4.441039762747922559e-01
4.482020772022724531e-01
3.738935154369220082e-01
5.152058464971224216e-01
2.613527672262450641e-01
3.950315164793172795e-01
3.655471725615965228e-01
3.521836355770664451e-01
3.199352314120172958e-01
2.886951486751812013e-01
2.911678494567243036e-01
2.678260486961885900e-01
4.719734160513473498e-01
4.538758422372661250e-01
2.974071960458552488e-01
3.034417593204107866e-01
2.858626809949373349e-01
4.587874821091397215e-01
3.114852115332517601e-01
2.611498166827002643e-01
3.055669529093580361e-01
3.236322771771612539e-01
3.507645367893874044e-01
3.733476106233895031e-01
2.794379142884743095e-01
2.329165321170815761e-01
4.236233421241340502e-01
2.658494708644331128e-01
3.051157081476331689e-01
2.913652343802823896e-01
3.194623644067737245e-01
4.448021450592423154e-01
5.132185879487726199e-01
2.451992488897848654e-01
2.635255694605299626e-01
3.457495229571849737e-01
4.215964689046854952e-01
2.837215948843432867e-01
3.586888176039306209e-01
2.641094272950892385e-01
2.928566145229076212e-01
2.608533958409192111e-01
2.628729436936788066e-01
2.831140131373872104e-01
3.020792883950177976e-01
2.859261989014336147e-01
3.900153160408967312e-01
2.623636416529706028e-01
2.792177470109400983e-01
2.611421398410908035e-01
2.454024695154885249e-01
3.401597109981839839e-01
2.446467366385225994e-01
5.115338632174959432e-01
2.914450879824200813e-01
3.049534385946504611e-01
2.770292488443583112e-01
2.607860393583815717e-01
3.807296902040248621e-01
3.821871351873981082e-01
2.989378483886158677e-01
2.742092034780532206e-01
2.472563604493963341e-01
2.775313201263651663e-01
3.765168714120852300e-01
2.848250841735591177e-01
2.458110797551723015e-01
4.584202720324758729e-01
2.609446099264595698e-01
2.993116885034928787e-01
3.808208873408420736e-01
2.961260672686223949e-01
4.508325945882339369e-01
2.894178306850542226e-01
3.588795486720536276e-01
3.229051048330496276e-01
3.993261642073926976e-01
2.791208340801691890e-01
3.015655032989096873e-01
4.714550839650416547e-01
2.738329159130524770e-01
4.048268863788843652e-01
3.896868238116781291e-01
2.613310394170509365e-01
3.438179918884294306e-01
3.505364151738719625e-01
3.402114500839278355e-01
3.013632640610996449e-01
2.936391274482549885e-01
5.170597043165152673e-01
5.106014053010188292e-01
2.693741609854879981e-01
3.702542390632861946e-01
4.611736934863524540e-01
4.575248040322883458e-01
4.902325466421373901e-01
4.159275964385812374e-01
2.798094369769742462e-01
3.488004433932055948e-01
2.619426139956028132e-01
2.606763835606459301e-01
3.601474435498898674e-01
3.632755574417882438e-01
2.572620991371328270e-01
4.177710208712432371e-01
2.982145692229521416e-01
2.659613206524965023e-01
4.346746490990045508e-01
2.914719993497312811e-01
2.983271873220867954e-01
2.543752209984934121e-01
4.737097017681757283e-01
5.025974536050569208e-01
4.950694654505107262e-01
5.165696467893196031e-01
3.092520376775758639e-01
3.755097232320610545e-01
4.443604318234563588e-01
2.568107489137303467e-01
2.627830566527334932e-01
2.689238508901292679e-01
3.077107500697384146e-01
4.700592689892095777e-01
3.184659759727231365e-01
3.993369434857123035e-01
2.896201425668798457e-01
4.976172679853191338e-01
2.547225111882591153e-01
4.488094478917394325e-01
3.691353928401953644e-01
4.117421672339686700e-01
3.483577103712806045e-01
4.801688444184052385e-01
4.720269558412529820e-01
2.945423371928665990e-01
2.829860078650939248e-01
2.915553210530037465e-01
2.638524677871326163e-01
3.584265309039115222e-01
4.729912559751453527e-01
3.446015037977619988e-01
2.551962937191128988e-01
2.556097391784907247e-01
4.565193334949092518e-01
3.053443136250202916e-01
2.540277592072937018e-01
2.914999470667558601e-01
2.880795366658173706e-01
2.928023941099476279e-01
2.441854934034800306e-01
4.713927451080634490e-01
2.976347988941902001e-01
2.545621683266082180e-01
2.968584556431306254e-01
2.897470235467548560e-01
3.038674727604381287e-01
2.651518960919739265e-01
2.878464373208334259e-01
2.435927132225265968e-01
2.987030482575496193e-01
2.872759798359627581e-01
2.515274589211380918e-01
3.930643122288478009e-01
3.434080143401475604e-01
4.529714657425379931e-01
2.868467020947293444e-01
2.880131371956611286e-01
2.974990702724096270e-01
3.893544279925872931e-01
2.978336916502389853e-01
2.884038139004272416e-01
2.507506066900682673e-01
3.732626846138396570e-01
2.327198291551428599e-01
3.922899886721028517e-01
5.042468058744989934e-01
2.666826537561197141e-01
2.501820604827050820e-01
3.015737103870910207e-01
3.439589566428763456e-01
2.887629918650217453e-01
2.859183309217707691e-01
2.498187219906164436e-01
2.726591113027719837e-01
3.324415309761852289e-01
2.418464261418396544e-01
4.483256964080101770e-01
5.070059295788613696e-01
2.411573748009822604e-01
2.684449756091259465e-01
2.751121789852266075e-01
4.360745419659333155e-01
2.496637072238042099e-01
4.078324264157783263e-01
2.778193891512838465e-01
2.793480279743852934e-01
3.499902695869957503e-01
2.819092893072073780e-01
2.803445591029762318e-01
2.443097472883434818e-01
2.852928723743340389e-01
3.595208316973786400e-01
2.829568670366958694e-01
2.783020955754502701e-01
2.657985523530132510e-01
4.598793665614822057e-01
4.148469691368281143e-01
3.127720947835738174e-01
4.834719935899994270e-01
3.458587459998210267e-01
2.405951383318972736e-01
3.501105314929723322e-01
2.704385693108540267e-01
2.961976415875098301e-01
3.543078911170809975e-01
2.390208674007432699e-01
3.611223247661464186e-01
2.951221973656553144e-01
4.702575335096789155e-01
2.954134144935787742e-01
4.467844468398081692e-01
3.369650634155286206e-01
3.442286355372051188e-01
2.923051670127074786e-01
2.866339294998251352e-01
2.415443925441505824e-01
4.738346417322341630e-01
2.527947812485628054e-01
3.698301222396143673e-01
3.214265503063962193e-01
2.419766022001000605e-01
3.356471753823022097e-01
3.845345989485215998e-01
4.331869899078306663e-01
2.840566504559768890e-01
3.488241255826574627e-01
2.457162963482497631e-01
2.321066976535306747e-01
2.846081244975514624e-01
3.636366086029784728e-01
4.799019013966569491e-01
4.698557692126124619e-01
2.390086892850227795e-01
3.378576580185018163e-01
3.511925117940278840e-01
3.533579295649122431e-01
2.403301194242467853e-01
2.918446513142155530e-01
2.382074865977134026e-01
2.516844768928129805e-01
2.372008602958429191e-01
2.770070567612539225e-01
3.334343173425912688e-01
3.571222211565635019e-01
3.922007734086416786e-01
4.182119972457453150e-01
2.520111557468829311e-01
3.421389771698777338e-01
3.339040069520082810e-01
3.374043702566902336e-01
4.161225653516411049e-01
2.910169915899465942e-01
2.613300473951595815e-01
3.375694172137896909e-01
3.614808058433274796e-01
2.395591201355563027e-01
2.847245087068870917e-01
2.897246528927743259e-01
2.907701731244118903e-01
2.525426541826293336e-01
3.571750558669506415e-01
3.041476519662012490e-01
2.665299252284258347e-01
3.617694799660585159e-01
2.926712611541013587e-01
3.429365122162444379e-01
2.532782459250619289e-01
3.160458417978490586e-01
3.732282263141986633e-01
3.999640851449918766e-01
3.192217049546258734e-01
4.042852826464123916e-01
2.925498009634333041e-01
2.833140366445633385e-01
3.314345518419642422e-01
2.748510757448561770e-01
4.154514155680320009e-01
4.266531550486735713e-01
2.813350903990746166e-01
3.618045265077136641e-01
2.794265813919218355e-01
3.965021067030782276e-01
3.615592829330778191e-01
2.825707548689114779e-01
2.418128004780417117e-01
2.337043832223894557e-01
4.680979892179313318e-01
3.378607632824840445e-01
4.421033011705247096e-01
3.179362403474031984e-01
2.904024049399159813e-01
2.403126987193180408e-01
2.394396650602390597e-01
3.940412923093546960e-01
2.806389415542297483e-01
2.526398917943737943e-01
2.397212520186763063e-01
2.457461507193111350e-01
3.157268784172141962e-01
2.390706725253458342e-01
4.201131732378485806e-01
5.087231894943217148e-01
4.224993174946165553e-01
4.291833063378527879e-01
2.770431061783756865e-01
3.398386447855612502e-01
3.829780869109129515e-01
2.582343850411436548e-01
2.549190715092978787e-01
2.741899779983946739e-01
2.930786590719293150e-01
2.690614986022917821e-01
3.083961319537714685e-01
3.605325220699523436e-01
2.849484401031625036e-01
2.447892329129414679e-01
3.661910851614880724e-01
2.974343485367024198e-01
3.460913223592153587e-01
4.507179567017725041e-01
2.726702807243012727e-01
2.989802055066702047e-01
3.464469723103224541e-01
2.847934497792565245e-01
2.816239902162626652e-01
4.579741388192826723e-01
4.797655874425614253e-01
2.884260579976022365e-01
2.438951529618051672e-01
4.751067762749009993e-01
4.300577637836183742e-01
2.852309212856077303e-01
2.854285354423941046e-01
2.334269525260081746e-01
4.709798384796027304e-01
2.968293283639443225e-01
2.831343814175403817e-01
3.210909444599250873e-01
2.963218659220920870e-01
4.690651073551433958e-01
3.256405069533860330e-01
4.172510379250390922e-01
3.542217477808976001e-01
2.677498050973699528e-01
4.212401947259981627e-01
3.946226956586089130e-01
4.414966207521819896e-01
4.694511457755977668e-01
2.816883789760319945e-01
2.954874670111551360e-01
3.474077990976772168e-01
2.843839901160807870e-01
2.671113693686458235e-01
2.885628574325300733e-01
3.752803443130691696e-01
2.527806414594677697e-01
4.487808941243395799e-01
2.933910437696186091e-01
5.146442517379427040e-01
2.367263001382269583e-01
2.921048241633998344e-01
2.898549976991801058e-01
2.921884200111494190e-01
4.302901802650234142e-01
2.896430886082249634e-01
4.256153831257812881e-01
3.529304678977746024e-01
5.164661871432901785e-01
4.219228833923518995e-01
3.325268745347796373e-01
4.437887020010718442e-01
4.489841586785494609e-01
3.124583266308376683e-01
5.129986644917714500e-01
2.989760690651181996e-01
2.900743853172597642e-01
4.047323065137746756e-01
4.290532712251071135e-01
4.336181627994156740e-01
2.541500044840724892e-01
4.110272637651061212e-01
3.591591002491821283e-01
4.850215749461534442e-01
2.829843634167306110e-01
2.922084422974823847e-01
4.302262983067307589e-01
4.055108140887722090e-01
2.479281245868615036e-01
3.949296705234984772e-01
4.761996519904937997e-01
2.659962774171291677e-01
3.086503306734921792e-01
4.299473958461079159e-01
3.116372836726980511e-01
2.888415510769568040e-01
2.655262531501457746e-01
4.242924740987862320e-01
2.673469029714092837e-01
3.395717452430709327e-01
3.568400899648399571e-01
3.823463352738810661e-01
3.442510737243119068e-01
2.821088651441962525e-01
5.152917706848277879e-01
2.879316122261444399e-01
3.888773212244859279e-01
3.880996442414014203e-01
3.485199718918909340e-01
3.321924867706533280e-01
2.900417911768685131e-01
3.157779593934900708e-01
4.974733236290500571e-01
2.868774918893687853e-01
2.935590748143374618e-01
4.924675523072019057e-01
4.782650541143418366e-01
2.856900011029216979e-01
5.099897544527447479e-01
4.694966004583756014e-01
3.664440702566938990e-01
2.837734840936944614e-01
2.669463660090174995e-01
3.256292093135857435e-01
2.839806872167919272e-01
4.299683650912816124e-01
2.633795767064154858e-01
2.828871191371050697e-01
4.082121980191120159e-01
3.043505829778856420e-01
4.219886089857284306e-01
2.988032241190987093e-01
2.826356633839875454e-01
3.896325319456698244e-01
2.489367312428779899e-01
2.820294387512612411e-01
2.328195016973441112e-01
4.287595641265933288e-01
2.906201177889178311e-01
2.363540121005096584e-01
4.263046820279310922e-01
2.516908174982962487e-01
4.910515725927846464e-01
4.795120274519362735e-01
2.637309072235467511e-01
4.297923686834602686e-01
3.480420422987903772e-01
3.731600961099789671e-01
2.804394800217810402e-01
3.326385033940913449e-01
4.125248969298219159e-01
2.807795176256672187e-01
3.389285697208008763e-01
2.987961769112811306e-01
3.173384530683753257e-01
2.796880313180392652e-01
2.982096485824751175e-01
2.499398602321194762e-01
5.064215369420629331e-01
2.850993090109361638e-01
3.029440934932400853e-01
2.915175698966489537e-01
2.778869634330268790e-01
2.464898217719616591e-01
2.962476010408298110e-01
2.820421777014883169e-01
2.492585543485592581e-01
2.567676299593208422e-01
3.454679188699006920e-01
2.768306938833082764e-01
2.619847183638472354e-01
2.323001796436192923e-01
3.564574923996942091e-01
2.927368440793585713e-01
3.334892902098595679e-01
4.808685206224559971e-01
3.189902255900325945e-01
3.601036422200331044e-01
3.184959120800651133e-01
2.655562252280715962e-01
2.936959530659330464e-01
2.366375923417236293e-01
4.670751159705445743e-01
2.617199067572628102e-01
2.638075898143100173e-01
3.354088628070890366e-01
2.924287352681103624e-01
5.083430301636633342e-01
3.229958707134847895e-01
5.174585066573511583e-01
5.177920405737311826e-01
4.945713738248098679e-01
2.635326133509466318e-01
5.144139051271074958e-01
2.905119565929297765e-01
4.295176307030397211e-01
2.509022002263378015e-01
3.065822187331234683e-01
3.738796581909556993e-01
2.942802582449084992e-01
4.693455928510684716e-01
2.634920419414698012e-01
3.042930501335145421e-01
3.317266317957761057e-01
2.892904357288310080e-01
4.702256348712448020e-01
3.484466433823702469e-01
3.190895005845996724e-01
2.800698211198241472e-01
2.636844899561296418e-01
3.421535281658832917e-01
2.982877879677310884e-01
3.034154207575691098e-01
2.616868244758802642e-01
2.747165876861203393e-01
4.283977825620303714e-01
2.568814163825814401e-01
2.706364945165675717e-01
2.641124803840892987e-01
4.897182928175787819e-01
3.254502500895011807e-01
3.361856609336443258e-01
2.647729798539298907e-01
4.294234731643690184e-01
2.920989711994479432e-01
3.564739931931845129e-01
2.693718038349395827e-01
2.656681660145863155e-01
3.032095816441228719e-01
2.564167347569806243e-01
2.835005703583952097e-01
2.961509884210070109e-01
2.667994742590460988e-01
4.343416418133680956e-01
2.999535813785299543e-01
2.969170225743069658e-01
3.222734762637487482e-01
2.962585556829230859e-01
3.479627240972873459e-01
4.742704535290829804e-01
3.282318742164564984e-01
2.976589204489020757e-01
2.766022741388866057e-01
2.970322996115243308e-01
2.681681247806877444e-01
2.551413297429425686e-01
4.725303373675495133e-01
3.084061572235824444e-01
2.618822094471163764e-01
5.157502219951328737e-01
2.944368773382328719e-01
2.697753238484408844e-01
2.819000593706048607e-01
3.137075412982110456e-01
2.912430093977446677e-01
3.266417022296113082e-01
3.209269029828664133e-01
3.189332879344416449e-01
2.921629106669543785e-01
2.716217965818748525e-01
2.883154178128439771e-01
4.219023675568642773e-01
2.902056634914119693e-01
2.919685326804549175e-01
2.885609391163840298e-01
3.224986655299076910e-01
5.147648922837056995e-01
3.206741274755007254e-01
3.356388934869038443e-01
2.872250791107307522e-01
3.033582847513552339e-01
3.246842710351358630e-01
4.351026401785010878e-01
2.903864608976935435e-01
2.633363447271155899e-01
2.855213302177594392e-01
4.281470400717668490e-01
2.983557397541279355e-01
2.861948844269255887e-01
3.213737932100708128e-01
3.204128930978443757e-01
3.079314799976429207e-01
2.854672882203145856e-01
3.101140435480004842e-01
2.516617116263242249e-01
3.042215406676766487e-01
2.623092576408409538e-01
3.537338921682261494e-01
2.680484730117845826e-01
3.506915754721933176e-01
2.378881797187345770e-01
3.470823436868851752e-01
3.259730266673832588e-01
4.128519671236034472e-01
4.218795225735999521e-01
2.674194360275694016e-01
4.703401677083448029e-01
2.624072500889741422e-01
3.167041920296386204e-01
2.760383015689315545e-01
3.008969001204395699e-01
3.107628926045441498e-01
2.649152081804590497e-01
4.294085659384895837e-01
2.949646089127016535e-01
3.132632771296025020e-01
3.228437950203735252e-01
3.215029555882615853e-01
4.458996531430008958e-01
2.933388245612356671e-01
2.786177450333846561e-01
3.093158573286278745e-01
2.629628487712105112e-01
2.786979872942233483e-01
2.894222359945118894e-01
2.878300022094637534e-01
3.198535851683886322e-01
3.183723120874337176e-01
2.855904411241131369e-01
2.912260842555132179e-01
3.072211374052537525e-01
2.992710180218189908e-01
4.199218274714041632e-01
4.630022996556162340e-01
4.210587557904660327e-01
4.283572180510637484e-01
3.037763003229775882e-01
3.167828311204905489e-01
4.582408358166205620e-01
3.445204343404441594e-01
4.675973699068716183e-01
2.877589244697638660e-01
2.638470437466325924e-01
3.418774475146569292e-01
4.294537119197085473e-01
3.040400503279331867e-01
3.153274722972015942e-01
3.447155349670370517e-01
2.725936138984678681e-01
3.338680043241686879e-01
3.911054506265471686e-01
3.108454582478427652e-01
2.871311081573105772e-01
2.383051912373402026e-01
2.354673004095702848e-01
2.845629137969841738e-01
2.829189300938222407e-01
5.152253674412690110e-01
3.012043230192505416e-01
3.070005050498591515e-01
3.262126969035973323e-01
3.163411415677881977e-01
4.481147772278357699e-01
3.109316785040016629e-01
3.457313032101303474e-01
2.843598227828362246e-01
2.854280331286870864e-01
2.649626505621329176e-01
2.682226439236963800e-01
4.831083515191993416e-01
3.475888885924311444e-01
3.109239183345144930e-01
3.467531686100214228e-01
2.816271088412838908e-01
2.987090267101061847e-01
2.813240588863532565e-01
3.416507243434327989e-01
4.018833918112001968e-01
3.056858616240214488e-01
3.069700898738040862e-01
3.095136547796882298e-01
3.229196234407766819e-01
5.126720330684012561e-01
5.156866626416299892e-01
2.864474708596860264e-01
2.844909178906919189e-01
2.915552359254350301e-01
2.789549974225694617e-01
3.081473249653466362e-01
3.547090125983530240e-01
2.904206391694614253e-01
3.426134514016317967e-01
2.965497140073265481e-01
2.797367392615773829e-01
2.471812697513976476e-01
2.663107404252123001e-01
3.507391037455773186e-01
3.095051215929481847e-01
3.506257185551939215e-01
3.494110104293523533e-01
2.788070807753681990e-01
2.765284323751377449e-01
2.724534341534002868e-01
3.166637445647031424e-01
2.947221652616752174e-01
2.743758749364711425e-01
4.639813022991063352e-01
4.190849404916450749e-01
3.483784392768406457e-01
2.310601421012185852e-01
3.380790432832672665e-01
2.308731874529748040e-01
2.678925377145113251e-01
3.043813236520995225e-01
4.418115178811760635e-01
3.149160176421614832e-01
3.869636644915080415e-01
2.932226273226909985e-01
2.740371111203978027e-01
3.454918352803140191e-01
3.840351990172284902e-01
4.258166045064459282e-01
2.765490890315260297e-01
2.717600861057529738e-01
4.507097995967674908e-01
4.787947200881864651e-01
2.918944917484210255e-01
5.124630933907838859e-01
5.091358375503097777e-01
3.702489141468288114e-01
3.009334102188087612e-01
3.043365961016447074e-01
2.920476365980297917e-01
2.697084588132042660e-01
2.707996984460312451e-01
2.312437694951121891e-01
4.184806010931446107e-01
3.011649053473898774e-01
2.910901933580092860e-01
4.337293610951110101e-01
2.978233440492326078e-01
3.413377576874827568e-01
2.911936857260563616e-01
3.010065208004336634e-01
3.582008068428163550e-01
2.871991514662868838e-01
2.968466583177474805e-01
2.682082937741631645e-01
2.950399582554489863e-01
4.296838937607476150e-01
4.963579914677187510e-01
4.368587509392558021e-01
2.737223133816211740e-01
2.980155764845246469e-01
3.096000294318455581e-01
2.925797728412709020e-01
2.916889267624679927e-01
2.552420345571144167e-01
2.877938663918304107e-01
4.273971560264914760e-01
2.672759775380709746e-01
2.409826983436631764e-01
2.925778855677648727e-01
3.062268838995600984e-01
2.921035798359410962e-01
2.953540426075791370e-01
2.394335711273329059e-01
2.721297878971518647e-01
2.665904789316475565e-01
3.032036872318311094e-01
4.286232372940287361e-01
2.791264334694430471e-01
2.904319051085790249e-01
3.145547492859170347e-01
2.819794334607532149e-01
3.255086024974267467e-01
4.816575093241975414e-01
2.930166090740672913e-01
2.658278973105498988e-01
2.661440379160235903e-01
3.005243113673190525e-01
2.664736481092435660e-01
2.616922698535010250e-01
2.885975109111656445e-01
4.298105781789484103e-01
2.784154255738310324e-01
3.947064137382264581e-01
2.608040732751795709e-01
2.659415397371037715e-01
2.981845554783019159e-01
3.231841044737032709e-01
2.909984091652662030e-01
3.467438562693442861e-01
2.916640372391849922e-01
2.652324047021542008e-01
4.878398224460203658e-01
5.142833000197398752e-01
2.915080402565430329e-01
2.870707371009804665e-01
4.235730448696846118e-01
2.916684019270149308e-01
2.961801276411525907e-01
3.313319501781721854e-01
2.906965852968950159e-01
2.659768621214151363e-01
2.594148122986056348e-01
2.910732078104245613e-01
4.297747702120480184e-01
2.892951462883932012e-01
3.162167949618156504e-01
2.870467399853283141e-01
2.595248741312325969e-01
3.174086933544416067e-01
2.570632442755105829e-01
2.858481814746963723e-01
2.917958238326203158e-01
3.163608603542427122e-01
2.662549545131056017e-01
2.945071864933280215e-01
5.040586670042034312e-01
5.086831883951911104e-01
2.703295820646171577e-01
4.531597262513284985e-01
2.667710067247223704e-01
2.879030498515391945e-01
2.597500394296135551e-01
2.849271966425092062e-01
4.597095614724784340e-01
2.924062365352247395e-01
2.956350088132010390e-01
4.217894523923056416e-01
2.999804587627138974e-01
2.854153469965692302e-01
2.868188789117143145e-01
2.843050858465787645e-01
2.806376821235324615e-01
2.663562885755730858e-01
2.839556292957232664e-01
2.806879051427702554e-01
2.689267206604321059e-01
4.502090615358680936e-01
3.131959991650938857e-01
2.933412563481436197e-01
2.823692131852221232e-01
3.264735195670483425e-01
4.493390309838850571e-01
2.860405847362016973e-01
2.845676422588296339e-01
2.742537336552087202e-01
3.043214919880592451e-01
2.931624159742917679e-01
2.842301046340764970e-01
2.775537247669687124e-01
3.307698018755446112e-01
5.079052137770642128e-01
2.576435419788066783e-01
3.227800626399285333e-01
2.748272665800436942e-01
2.630965635905611610e-01
2.918009115003005749e-01
2.650893011075317607e-01
5.050076286298375017e-01
4.300171225388228491e-01
2.946026494113133665e-01
2.855663354836108225e-01
3.876626419336481888e-01
2.750460088854518315e-01
3.165911542990126337e-01
2.572412337733351317e-01
3.440529651959547408e-01
2.843409983992762347e-01
2.540836565966466676e-01
2.850424913165405805e-01
2.820973918231006738e-01
4.486548307594992457e-01
2.820429007106688424e-01
3.043915891057083489e-01
2.835485014401165627e-01
2.855267867742546373e-01
2.897867758348605660e-01
2.698128081761500541e-01
2.917781288683111152e-01
2.568144528112432656e-01
3.130984756769626953e-01
2.961921419722797766e-01
2.937503869695208825e-01
3.503361129450395239e-01
2.823513932490255840e-01
2.410420333714259622e-01
2.405961575211131853e-01
2.855416760681254162e-01
2.734725847607843430e-01
2.738773039662918962e-01
2.750485195908580205e-01
2.553476796573124208e-01
2.859595865173221174e-01
2.833359181194023413e-01
2.760413795027430450e-01
2.778297515166309739e-01
4.456732896574572833e-01
2.317537775157677560e-01
4.871605516199767894e-01
2.742974521040147939e-01
3.232956018173487323e-01
3.198501296607167976e-01
2.921432112743042042e-01
3.199660076239448370e-01
2.925888524867528151e-01
4.215086249866463186e-01
3.569153470599830680e-01
2.891880678558291229e-01
4.361222504843815240e-01
2.510756664860481213e-01
2.990882508281325625e-01
3.120699242744057189e-01
3.009777881786327991e-01
4.861572658312270923e-01
2.502799704197165021e-01
3.306957937362791089e-01
2.911401409583500022e-01
4.439563149318938584e-01
3.303339952157713921e-01
5.143419449382563569e-01
3.335552218095948485e-01
3.667467721317442808e-01
2.324445951216041195e-01
2.327948173520931474e-01
3.637752584627238495e-01
4.607689577847400297e-01
3.654385892374472644e-01
2.494232117264387483e-01
3.307961546429726840e-01
4.711001811976711084e-01
3.243217612661236648e-01
3.015302896768606855e-01
3.308059781807625166e-01
3.255064825144002860e-01
2.783421419396722718e-01
3.048884693697177517e-01
2.753223656739846592e-01
2.979059686865663248e-01
4.299514239457036258e-01
2.396161458715080905e-01
4.048342138267734258e-01
2.692279293595247203e-01
2.365743472064510411e-01
3.709050687018929926e-01
2.702456155742951616e-01
2.931814645033487543e-01
3.145822577230478756e-01
2.902129746570933921e-01
3.209056984329572981e-01
4.409662877390551072e-01
3.270480830780094772e-01
4.895984345451449560e-01
4.868687746068300348e-01
3.782599930121919862e-01
2.988852766892010626e-01
3.026090436028819330e-01
3.059428828459752059e-01
2.951203348431928886e-01
2.410659873406754139e-01
3.041405514858412928e-01
3.799501960415560542e-01
2.951617224558523156e-01
3.582575541732278546e-01
5.078419462372126825e-01
4.391052166211601993e-01
2.995509638606881353e-01
4.208769400623148527e-01
4.028397281163566546e-01
3.186854888652277951e-01
2.776747873126228505e-01
2.796078275901152654e-01
3.858235032935846132e-01
2.799927905943827011e-01
3.416534383162050936e-01
4.361318846439694585e-01
3.305962094849178579e-01
2.647895422509654040e-01
3.108796750785223217e-01
2.899333090866849094e-01
3.005441858783406417e-01
2.607314142662211509e-01
4.012142142660405364e-01
3.744860642178098331e-01
3.238703642058146093e-01
3.942499234242876072e-01
2.927396924939199563e-01
2.319431480178353877e-01
3.812634543311604340e-01
2.965444295749147807e-01
3.934865188776064393e-01
3.986317366681053631e-01
3.879349318136379177e-01
2.327888509763406666e-01
2.974478331979995560e-01
4.852803740786110209e-01
2.897182767252426960e-01
2.629873796042334066e-01
3.129785316826414476e-01
2.927890291127974165e-01
3.483829998169756803e-01
4.341339281928160432e-01
2.696280807073060393e-01
2.702039189569094835e-01
3.966508212497200647e-01
4.902831641082876502e-01
4.770645130409909007e-01
2.908465067722926234e-01
3.371300931694498071e-01
2.906348514380169834e-01
3.677621292822079169e-01
4.010933294487325496e-01
2.893616505597427779e-01
2.626823318627439230e-01
2.893627894057898553e-01
3.496541499744820203e-01
2.861678105261448724e-01
3.200360256809722248e-01
2.626075535123107429e-01
4.290430889674631265e-01
2.878601398561005387e-01
4.796269103661930377e-01
3.202045570898963689e-01
4.311655639633916182e-01
3.954976436401249629e-01
4.883726082562362958e-01
2.969611100369793366e-01
2.832895260332840559e-01
4.083419060718381233e-01
4.716275495549476227e-01
2.888427590105972498e-01
2.837243288697275934e-01
3.427338193356495033e-01
3.925533734965763188e-01
3.486297809250988311e-01
4.458155428530366504e-01
5.065718813909669827e-01
3.437587305497514789e-01
2.627634350541911412e-01
2.806400986655877561e-01
3.863851447501959746e-01
2.359889985844895455e-01
3.547871196338546751e-01
2.846746858877424180e-01
3.059063461203616052e-01
3.611747857368384218e-01
2.782896761155179699e-01
3.354202381935224020e-01
5.126198552409457765e-01
2.631503218359808050e-01
3.882751815103265280e-01
2.873595129716842167e-01
4.424193018104485287e-01
4.705060888995877266e-01
4.456221907699489670e-01
2.761743012725216273e-01
2.637696450952446980e-01
4.203902342195813824e-01
4.181164506455867236e-01
2.549922460119677936e-01
2.830378891097824479e-01
2.743429362039798702e-01
4.818105062959177065e-01
2.766632761243985050e-01
2.861817573727194475e-01
2.904993061671376497e-01
2.646212239058770566e-01
2.735140183078778042e-01
2.886114478901768421e-01
2.324057390419967395e-01
4.902985654186771125e-01
3.153395831963910489e-01
2.823239771965962430e-01
2.727429292034089237e-01
4.265492295588637628e-01
2.869033486518359766e-01
2.828686833161257463e-01
2.314101358758650084e-01
2.657064372385772866e-01
3.906789713918372153e-01
3.032575174062884238e-01
2.719900648378274499e-01
2.811360861762112195e-01
2.786466675128870807e-01
2.804758638752041788e-01
4.683181867314439306e-01
4.844611159835825465e-01
2.853071255660916683e-01
3.359482612216024289e-01
2.670264298110016643e-01
2.421426274651009292e-01
4.806569355479518024e-01
3.193040126077854035e-01
2.522979794266139719e-01
2.822126491138451376e-01
2.310969482428527622e-01
5.031722415584878316e-01
2.714205494002438490e-01
4.618283630901071080e-01
2.685823815422009875e-01
4.899419481668104148e-01
2.770791286114130392e-01
2.759514777857297596e-01
2.703259826316238290e-01
2.847333888287071901e-01
3.179033579492187012e-01
3.198154418076612493e-01
2.703750199700266643e-01
4.724719606335320843e-01
2.695087079142363673e-01
3.840596230846077264e-01
2.408344823350412334e-01
2.849530119610664269e-01
2.689118550525682605e-01
2.727610555945890747e-01
2.721349879617542822e-01
2.571972117628931187e-01
2.790641349109099778e-01
2.685919228140827286e-01
3.848981152565018049e-01
3.722099416947439177e-01
4.733808561204218557e-01
3.859816488868301199e-01
3.013074764323630528e-01
2.684932648102709707e-01
2.917824972902881009e-01
2.311803252506237638e-01
5.103780044947722194e-01
3.790976783719205434e-01
3.926730880244105326e-01
2.686685456872305311e-01
3.405364372548769780e-01
3.046491031342379308e-01
3.787911922786679209e-01
3.463715739189036635e-01
2.746706368113350782e-01
3.735724927952109309e-01
2.774452036125839571e-01
3.809228687928006840e-01
2.309808481359027776e-01
2.710477342882903762e-01
3.404559504240199930e-01
2.690722501057162819e-01
3.884331708192226285e-01
2.384885285594286197e-01
2.590667786810794682e-01
3.524856221359698449e-01
3.959483488664493067e-01
2.771777692995783804e-01
3.465154865612584123e-01
4.825210805239249501e-01
2.710289040037769936e-01
3.306869718944895897e-01
3.512001912821421379e-01
3.588484858129419863e-01
3.326101252561471378e-01
2.544737086667561154e-01
4.029444977823186114e-01
2.721063703800441491e-01
3.528717621012602002e-01
4.927127630405199188e-01
4.032563732567229775e-01
2.829676379089040572e-01
4.794628045185507226e-01
4.177644027720786579e-01
3.595116025636254098e-01
5.093932283842022013e-01
3.012568886396826962e-01
2.358347362348020837e-01
4.834670801609849411e-01
2.922327893057943271e-01
2.830614807049283699e-01
3.017842718156784620e-01
3.065181802869286765e-01
4.036263579175596306e-01
3.302827168955092541e-01
4.803651854412462341e-01
3.949871947144760753e-01
3.664167697895719944e-01
2.319105869867509606e-01
2.552927771759465614e-01
2.321395171249758249e-01
4.161414790108513007e-01
4.201817448701193891e-01
4.554405827061416834e-01
3.118005037527089018e-01
4.593890652485825843e-01
3.306545703493069532e-01
2.877722500183344523e-01
4.989635893455610094e-01
3.241645496157764539e-01
2.324199879958160908e-01
2.615886889021438733e-01
3.988275739807202735e-01
2.824457408072903464e-01
3.367236404811004280e-01
2.660265610326927876e-01
2.400550432285047942e-01
4.137956870019667832e-01
3.947735417054170637e-01
2.956433447391814684e-01
2.475957257802272882e-01
4.017178542450359768e-01
3.733248535742647034e-01
2.733720627555727423e-01
4.135026887632379244e-01
4.732477260488457960e-01
3.149590351846162650e-01
5.015825201155400537e-01
2.930076817802988454e-01
3.451427813802143141e-01
3.155016276085504945e-01
5.026909625189662778e-01
2.374623111261174591e-01
4.118114872826076911e-01
3.129138322090782021e-01
2.844831658211644521e-01
2.526934604643165105e-01
4.946780555380890232e-01
3.090553222967106217e-01
3.270216020852688144e-01
2.535690696445726533e-01
2.324076173590527705e-01
2.778718880570152372e-01
2.574958432916827356e-01
4.152759427937198766e-01
2.597913428855957441e-01
2.582524224920492717e-01
3.272796382865351128e-01
3.087202405215663803e-01
3.174296356515707851e-01
4.092028903561610864e-01
3.740937543584428870e-01
4.777336155192671296e-01
2.848073548647144793e-01
2.338621924815285635e-01
2.724117970676029343e-01
4.771439575376864028e-01
4.795709986061859609e-01
4.698828977935410878e-01
3.670327008339197006e-01
2.941093240632579597e-01
2.894109003483820164e-01
2.458677287142311818e-01
2.408037732952623966e-01
3.717151474343231010e-01
3.559839359626952304e-01
3.166668344668939206e-01
3.392471301074242440e-01
4.096248980792985273e-01
3.313377345942296603e-01
3.306128101088552929e-01
4.191287285926966200e-01
3.171478844709771372e-01
2.669752299429672404e-01
3.248025816901327634e-01
3.232703698528038849e-01
3.409221356331063046e-01
3.365264447118332947e-01
2.770192476333674381e-01
2.437679417934739690e-01
2.726304440096653514e-01
4.245378580756307141e-01
5.000909599940992489e-01
2.622820328705902093e-01
2.857185352843587545e-01
2.486638154777812415e-01
3.654480417217769173e-01
3.253930821417956309e-01
4.743490352583050740e-01
2.955401861935690322e-01
3.162121035176785333e-01
3.475397658271012769e-01
2.341622312223506641e-01
2.786293780138120457e-01
3.909076458521252295e-01
4.644176624001564169e-01
2.638526843645260800e-01
2.353863787818707420e-01
2.933542416141742271e-01
3.713088593018805672e-01
2.387885249297793666e-01
3.206295072619941289e-01
4.714869809508585585e-01
3.912548307176720863e-01
2.696781556152691439e-01
2.401618276462933743e-01
2.390331383106417962e-01
4.971845967893577245e-01
3.029259016625821532e-01
2.827095041026198019e-01
2.771892441426033193e-01
2.344912166918015073e-01
3.890856454412484622e-01
2.452767507239062839e-01
4.462816756694307219e-01
2.805939422759581303e-01
4.598417609296707731e-01
4.961031458855865162e-01
2.973056995885228759e-01
3.180312475519063153e-01
3.192477734231894959e-01
3.389238248263343745e-01
4.130880722929630711e-01
2.590540386085791735e-01
3.190567823898283195e-01
2.316557455931701204e-01
3.645010880563712696e-01
2.868091022886264385e-01
2.841618297136698224e-01
2.306033233275704142e-01
2.321882271668928577e-01
4.002835446740751202e-01
3.591840651081619207e-01
2.402462664353206823e-01
3.263837291042266386e-01
3.221649671329204767e-01
3.576630369922812469e-01
5.006325260859812998e-01
2.815668882052942412e-01
3.308509521526916131e-01
4.066449969080386251e-01
4.990271768548465992e-01
3.210200566201260042e-01
2.962846969887053539e-01
3.004674486293999469e-01
3.005139016791032458e-01
4.753712564481575864e-01
4.306531703039616077e-01
2.501553692600845258e-01
3.593397564774543085e-01
3.156509602008072402e-01
2.866952199224775955e-01
3.557895104236870609e-01
3.093467987293356258e-01
3.066978062464200128e-01
2.348635555772419781e-01
3.194731780314761238e-01
3.977004988978120048e-01
3.328565868198221089e-01
3.610818081487793263e-01
2.417468176974493788e-01
3.320904172616614414e-01
2.844580400036667567e-01
2.535262945066202867e-01
2.490264716816539825e-01
2.972872151165070198e-01
3.151203648259469636e-01
2.922290469586071859e-01
3.608377384646793140e-01
2.630951329383544590e-01
2.615167478471025486e-01
4.049283039896898750e-01
3.263125364906370174e-01
2.532117399563770244e-01
2.309593773539924955e-01
2.545761042606222158e-01
3.093822520875289528e-01
2.329085695964258906e-01
3.517880641590545587e-01
3.204957043465153088e-01
3.023151441128262840e-01
3.461166205466734147e-01
2.445279821275364307e-01
2.377644556623390859e-01
4.782647422070364640e-01
4.499885185321502723e-01
4.854845677221534261e-01
2.403809236482593037e-01
3.335393615040790904e-01
3.727179627630300418e-01
3.440120136218736691e-01
3.208084473668622594e-01
3.744623733112567021e-01
2.994754258846064054e-01
3.067879213285784612e-01
3.405038422863129743e-01
2.460154333098014956e-01
3.622547743166568135e-01
3.561892954159449620e-01
3.050425804936979235e-01
3.722538917042795270e-01
3.505064603111288091e-01
3.947855485820508936e-01
3.066198770225081471e-01
3.176694524828957977e-01
3.677068247821422275e-01
3.602368121362017894e-01
3.190062481409531858e-01
3.303969886218742213e-01
3.266271202255793260e-01
3.490174256871677039e-01
3.593604006099627712e-01
3.631947170905924782e-01
4.696336564187046925e-01
3.780285318824868623e-01
2.327288723580516472e-01
2.551253762622999188e-01
2.456717189421643577e-01
3.616260058792860610e-01
3.366870986318883374e-01
2.402429211224976213e-01
3.046408511778285200e-01
2.348178172066732183e-01
3.130154641183120479e-01
2.537903958808320204e-01
2.955392006710505504e-01
4.767255875698515610e-01
3.205028991071419142e-01
5.014828605758839819e-01
3.215586530345312943e-01
4.811641802211024666e-01
2.958172456296961905e-01
3.042383089110897720e-01
3.433387029909061861e-01
2.892304229465050835e-01
3.660293127937461199e-01
2.571336543437480748e-01
2.411683973355056854e-01
4.958384345982503882e-01
3.625433276239586888e-01
3.385510050900902290e-01
3.331223176451761914e-01
3.380224645555403029e-01
2.435537292795656172e-01
3.027719443996126358e-01
3.389805063428591447e-01
2.450132163036225497e-01
2.937725316291746047e-01
3.616639918640986995e-01
2.311592247919972420e-01
2.309046467628664001e-01
3.083125673487425722e-01
3.626780194005622682e-01
3.098299245311324501e-01
3.305500583739612863e-01
2.336537852451347486e-01
2.332234435879376178e-01
3.347108349355472634e-01
3.081222810796240830e-01
2.731063782429675735e-01
2.714190625879434049e-01
3.710460055057246409e-01
3.562418879304247166e-01
3.192570350762372611e-01
3.077730192001162934e-01
3.276428500923454501e-01
2.566114164693412136e-01
3.247160633909861316e-01
2.318305859664087087e-01
2.314873740259666968e-01
3.638349508394597143e-01
3.312013580846006056e-01
3.480239917722823262e-01
3.460955856423408861e-01
3.658645877478393649e-01
5.030308595092249924e-01
3.634866122328723193e-01
4.923673654148518763e-01
2.334130127459408677e-01
3.627348179191855482e-01
3.247858078023683759e-01
3.316776650798499704e-01
4.232357914015398292e-01
2.330591291914163865e-01
3.562521585075227315e-01
4.455495500695839661e-01
3.115937115050090855e-01
3.205140877578918635e-01
2.348185764862619762e-01
3.478385932758177312e-01
3.617221916631495615e-01
4.300796119501472115e-01
4.285904720276560442e-01
3.108504610996394857e-01
3.320050403231128988e-01
3.919557261602761300e-01
3.842527795848916239e-01
3.510777909778539652e-01
3.626081565854925581e-01
3.509785911754531584e-01
2.605377447120641454e-01
3.952772862633987527e-01
4.917371075557085414e-01
5.113254763310942641e-01
2.366577076250140910e-01
4.470030393103627264e-01
3.492844791144351646e-01
2.338973748078649051e-01
3.884648265477008700e-01
3.204260565271846439e-01
3.203281001604434408e-01
3.268684033329692928e-01
3.267584556875270385e-01
3.302431476709198344e-01
3.302891236509973294e-01
3.187077423352768779e-01
3.187877736890709635e-01
2.517949883929841981e-01
3.130664058779547565e-01
3.177138271259259961e-01
3.521899268355698220e-01
3.309452801553863233e-01
3.301721237541068166e-01
3.164054658072010806e-01
2.343241898342146579e-01
3.130961902357083382e-01
2.353563523533662993e-01
3.490490339384026974e-01
2.459997105813633844e-01
4.213641154903657315e-01
2.824297183225306096e-01
3.427259134876414204e-01
3.129312418438983667e-01
4.173291903581101692e-01
2.737868932918951503e-01
3.347368160367114043e-01
2.992261532570737459e-01
3.387343680387231992e-01
3.405546270981692492e-01
3.350097887274495201e-01
2.550389144886415216e-01
2.418960751882925087e-01
3.871836140511374369e-01
2.517614952081453361e-01
3.166734429327628941e-01
3.239264399114696880e-01
2.504699882995023996e-01
2.766237663172453343e-01
5.118939101139042824e-01
2.418923453407264001e-01
3.216249769754098708e-01
2.399277608545867524e-01
3.654123376268156309e-01
3.781584262012165909e-01
3.503516860533892885e-01
2.502852772229099965e-01
3.255071423330405667e-01
3.403075981025315833e-01
3.088695746002170783e-01
2.349659235089912312e-01
4.240375788842751237e-01
3.584355545415691124e-01
2.754845935958464276e-01
2.530456522767555172e-01
2.358176015793058411e-01
2.352077337654082112e-01
2.468849366300243098e-01
3.321009630762055687e-01
3.386806671387113110e-01
2.836969050778455070e-01
3.390784790163933748e-01
3.225713779964276551e-01
3.215089689917254301e-01
3.444324681062265747e-01
4.844010243885182310e-01
3.367835578582770717e-01
2.946882138911403048e-01
3.521312412721258611e-01
2.554623169460036869e-01
5.052769764569344790e-01
3.479422588376499537e-01
3.330919851603768023e-01
3.775627192318801173e-01
2.916411766649890658e-01
3.776449793054473258e-01
4.814166120526757187e-01
3.185334819286314567e-01
3.470650639381844815e-01
4.366518500331338926e-01
2.760921168870057452e-01
2.726513467690734882e-01
3.192485993741541739e-01
3.364168596069478934e-01
3.487869749630424510e-01
3.383168831964633028e-01
3.145120082207198964e-01
3.732276609128057365e-01
5.099293893927190346e-01
3.454910863247602770e-01
2.454183637977280785e-01
2.446078483969655604e-01
3.461643038133166983e-01
3.176404424826863582e-01
2.960704708295763266e-01
5.134692059361457561e-01
2.566729259194943102e-01
4.196991593507986562e-01
3.451757843465374509e-01
4.150825779458567899e-01
3.212148731116936107e-01
5.063731587090068986e-01
4.170250625050052617e-01
2.652753064530351534e-01
2.827219634141532323e-01
4.152908588604539153e-01
3.195249844844504361e-01
4.280397918291023451e-01
2.452990540164429467e-01
3.570278578430283734e-01
4.126310365331297136e-01
3.560340513554526298e-01
2.585735174038106821e-01
2.886496790758777964e-01
4.108006203871560347e-01
3.474324137214753194e-01
2.414214025156221632e-01
3.541898479110711095e-01
3.212294839626601006e-01
3.481229571025581393e-01
2.849697734090830270e-01
2.790417538041200518e-01
2.364520504636123954e-01
3.646675467100671808e-01
3.602796037446581723e-01
5.152739201323346396e-01
2.556603920362339188e-01
3.551772017953060412e-01
2.671070412145843953e-01
2.619838502792095625e-01
2.914344547535252516e-01
3.415538864716435308e-01
3.145162807542993266e-01
2.616483590045244334e-01
2.839730642949649941e-01
3.412605995846869633e-01
3.490427816111875137e-01
4.034098447075477045e-01
5.082571947351767205e-01
3.318718287108162190e-01
4.007872797318347002e-01
5.045707846740059566e-01
3.434571945042552699e-01
2.756101546477392472e-01
4.020232704409081870e-01
2.943240103648456230e-01
3.306489458240300383e-01
4.823759857106174609e-01
3.511650046921362955e-01
4.869809468782956285e-01
2.534927075852279055e-01
2.532746673076446409e-01
2.473101325830782404e-01
3.060964341384538878e-01
2.850077113637782822e-01
3.409574434883813621e-01
2.613540365493360884e-01
5.087789064561260011e-01
3.986077810719861336e-01
3.331703860813389761e-01
2.788102249035755986e-01
3.393891155326408948e-01
3.137825412144007453e-01
3.701200241207268649e-01
3.389859961072838046e-01
5.098639008165096742e-01
3.799388924662067124e-01
3.374478003986259300e-01
2.913399616932780267e-01
3.538437997411688629e-01
3.370366101844412543e-01
3.800401158881338559e-01
2.327783839898767138e-01
4.693059747821600181e-01
4.387647736788256037e-01
3.410527144760078788e-01
2.803172209491928690e-01
3.777096195665530787e-01
3.426337894151484931e-01
2.485945278242762124e-01
4.253492785976036306e-01
5.022184312982759247e-01
3.586518460747924464e-01
4.929411739854799301e-01
3.568026964182139937e-01
3.114707057390755374e-01
3.366243750428901671e-01
3.577751712994354238e-01
3.380796736382629120e-01
2.316898315178536061e-01
3.557626135402721101e-01
2.963067275236583309e-01
3.357002658571215381e-01
5.101633744450801977e-01
3.491463002318523912e-01
2.758886149506049601e-01
5.138044310208825793e-01
3.125852516086095045e-01
3.872784920630445438e-01
3.643418685855054906e-01
4.244723075382418886e-01
3.343562531881437705e-01
2.963516430409093294e-01
2.644323370394748851e-01
2.659135641625437474e-01
2.745056202699547865e-01
2.826738521433129203e-01
2.904936969747803355e-01
3.295869363054513834e-01
4.753744445993080547e-01
4.732813307649275658e-01
2.478128076556198323e-01
5.100323258469533494e-01
2.821993000631432547e-01
3.239028296859933764e-01
3.277927456873556133e-01
3.235375835644945242e-01
4.983176925029307314e-01
3.469669734145953699e-01
2.945624420905532670e-01
2.603007184186489353e-01
3.218462049609918663e-01
3.708701682181677617e-01
2.927437701921339341e-01
2.708426080088721655e-01
3.301878537932290691e-01
4.219361375523006386e-01
3.514639788913719864e-01
2.842515406949214785e-01
2.491678165380149523e-01
2.683702273117721804e-01
2.576536935577570797e-01
2.726478767729691444e-01
2.401308536941073879e-01
2.502605125176013412e-01
2.476140483956902061e-01
3.431538958757918145e-01
5.107922157294527699e-01
3.019034455476949930e-01
2.905343611764762968e-01
2.322956246714723838e-01
4.952528829424504009e-01
3.361679172499192347e-01
3.653476174121109143e-01
3.441683477228158483e-01
3.352618919176839074e-01
3.039445321541907052e-01
3.327159994173412572e-01
3.458532491766071471e-01
3.385834861219154113e-01
4.887264451826108247e-01
3.300511851691918519e-01
2.753435563871764469e-01
2.653443517931530216e-01
2.792581572071352047e-01
3.287261015904434647e-01
2.674905654625415741e-01
5.179737076565108511e-01
2.705693813655645763e-01
2.981624260310484775e-01
3.020431413312863467e-01
2.664090223211435515e-01
2.661145053114181702e-01
2.753857914276637842e-01
4.167637495633869649e-01
2.637134140776579150e-01
2.643075309689941754e-01
2.635161321402429979e-01
2.339994783367316811e-01
3.195184048853143555e-01
2.641379112602261769e-01
2.635542443190956874e-01
3.463715139675562771e-01
2.638255021831050207e-01
4.910466738257605046e-01
4.908463280491571767e-01
3.542843559972962963e-01
2.564591732556485426e-01
2.643338360798054287e-01
2.460540200287416879e-01
2.924032416401169399e-01
2.531076835886321152e-01
2.650739458825996375e-01
3.027595401601140823e-01
2.704042714109137768e-01
2.822458072728480372e-01
2.660493703771439900e-01
2.672614192942130984e-01
3.308771157839576205e-01
3.090371594538544042e-01
2.324655772363926065e-01
2.687112956986175138e-01
3.304002749219785429e-01
2.624665533822798658e-01
2.704001649637888804e-01
4.185170442333917551e-01
3.579213686997658184e-01
2.983426923844061940e-01
2.723279784868132825e-01
2.396698347383530436e-01
3.195903742741932341e-01
3.465085663023892981e-01
2.540016537891368609e-01
3.241279780855625403e-01
3.106695188868765500e-01
4.931444774887135396e-01
3.193570414396156298e-01
3.217932633063432246e-01
3.089995254432128524e-01
3.198690322670547648e-01
3.095234245972461329e-01
3.230485264194826178e-01
2.949366330674889625e-01
2.548786298840610698e-01
3.183688801245349032e-01
3.018227255867306780e-01
5.147519120281724980e-01
4.367895949489259966e-01
2.325323051115011086e-01
4.709188546232564998e-01
4.071747899663732406e-01
3.666780699216650174e-01
4.661956683257322265e-01
2.976080102547533635e-01
2.768997900396885647e-01
3.015581713830353117e-01
3.800092692738658018e-01
4.956214020867883985e-01
2.795582199077887853e-01
4.667314228914117846e-01
2.510952203458828857e-01
3.099712857638442509e-01
2.369305577766848969e-01
3.095177087822204576e-01
2.936820515047449676e-01
3.115817301111583615e-01
3.183375934542275743e-01
3.385147973493330964e-01
2.933490700865493128e-01
2.744901962174492449e-01
3.350159818809536061e-01
3.065491480120605683e-01
3.321726463370598958e-01
2.425722113790625967e-01
3.715012278961715708e-01
3.497991010907228193e-01
4.652088091715619877e-01
3.178064338811789624e-01
3.061042110454193499e-01
4.955896222986634347e-01
2.900375914862793891e-01
2.913132192651821106e-01
2.900475848398073042e-01
2.906254680285308423e-01
4.618039442483018453e-01
3.369358566524408016e-01
2.403076487855500820e-01
4.023112563157932309e-01
3.144640800003210557e-01
3.034757164373280136e-01
4.835903445088606256e-01
3.336816675969118684e-01
2.839162517419885345e-01
3.313831079324743856e-01
3.498414915300707140e-01
3.264294976979280061e-01
4.561279535339695657e-01
3.289643916152734660e-01
4.977229453682228688e-01
3.326061631295704202e-01
2.866608893829769023e-01
2.993176905984721858e-01
3.030407192249616743e-01
3.007460192911325936e-01
3.401757254194764934e-01
4.675058509800106843e-01
2.719297543920866644e-01
3.191740957854644622e-01
3.271033216246628794e-01
3.121171178628424636e-01
3.652625969978622877e-01
2.835536955562343309e-01
2.983562661608023525e-01
3.003208139866966886e-01
3.443631788887333567e-01
3.461513921571239827e-01
3.081262856681987183e-01
3.043894626587930752e-01
5.145058010567153950e-01
2.963021360881472610e-01
2.807062520195144906e-01
3.457496877178029004e-01
2.979398952830570879e-01
2.699940140030376301e-01
3.062903815853273426e-01
3.104690585233297329e-01
5.002117720386859423e-01
3.508631314829566139e-01
2.689322902090365841e-01
4.544583407627065252e-01
4.510693363988137472e-01
2.945796642321341641e-01
3.500257586198276538e-01
3.490152033794189923e-01
3.492431568256492702e-01
4.532517057606424427e-01
2.781212601613393676e-01
3.000560103457116656e-01
2.958935486116285873e-01
4.498724816734630538e-01
2.594074891199357191e-01
2.854328096427373174e-01
2.893849595477304137e-01
3.505738350969825334e-01
4.637130760785687089e-01
2.757859585764794730e-01
2.960244063819450488e-01
2.465712483424155888e-01
2.896650533870869237e-01
3.151679978469949517e-01
4.538668118819386144e-01
3.159190692284855606e-01
2.941777103061338217e-01
2.931853919426505306e-01
3.484965726295575217e-01
3.137753564570244791e-01
3.129008916091478576e-01
2.922949679885979424e-01
2.335255766734511129e-01
4.398417874407062889e-01
2.308368479480384095e-01
5.021360465414890228e-01
4.292986121284824153e-01
2.737119801613575598e-01
4.504375703677011011e-01
2.634580740962785272e-01
2.981173326026345105e-01
3.834375153811599990e-01
2.927887840228333149e-01
3.469320877285867466e-01
2.888339983545875622e-01
4.487497016578053666e-01
4.475535758792233976e-01
3.521691687269520865e-01
2.718797976455570864e-01
3.625365427209276681e-01
2.921154942955794254e-01
2.626630140649895973e-01
2.943750160057707621e-01
2.856579566367912770e-01
2.917234341638276773e-01
3.775580646332848400e-01
2.801470783799793196e-01
3.489976005745303311e-01
2.678297055409327165e-01
2.671279202990514134e-01
3.141566327116707136e-01
3.435633592501873279e-01
3.394194079494187721e-01
2.703031528267433869e-01
3.232491462510256319e-01
2.510748293000122366e-01
3.133373512739666689e-01
5.102967920425279802e-01
2.827426433367312697e-01
2.584813150257774250e-01
3.173041448759869043e-01
3.707768619871136817e-01
3.120152737029289747e-01
5.044774172314747673e-01
2.305188946960378127e-01
2.689643558328473905e-01
2.909807587440388366e-01
4.552667872421256590e-01
2.801023903379846192e-01
4.250020812828921302e-01
4.345739870214828104e-01
2.907866222980319826e-01
2.960445117220348310e-01
2.884249629280176697e-01
2.917304899064934731e-01
3.285795179690216283e-01
3.315629502669261708e-01
3.084179754754954317e-01
2.678773495643703706e-01
2.777148730898524875e-01
2.915563676369295476e-01
2.916090597639834914e-01
3.602357988671823774e-01
3.051645563805150396e-01
2.670303597093856007e-01
3.754448150680079199e-01
2.755990196746089804e-01
4.457726262303557951e-01
3.022582999786340707e-01
2.332139766227703803e-01
2.536040582998061454e-01
2.654087905259694957e-01
5.060553609643611006e-01
2.664246653958811661e-01
3.453693331904627573e-01
2.737271134209404155e-01
3.249313192768827907e-01
2.996945563099873144e-01
2.721197598565714415e-01
3.307229767602145043e-01
3.630491184706294283e-01
2.660629389461389160e-01
3.449839281903321897e-01
3.951944839943303256e-01
2.916863899595424914e-01
3.207985289178367783e-01
4.475786126412642507e-01
2.916317382802593450e-01
2.974690009114493994e-01
4.473096737452914584e-01
2.916586911326406462e-01
3.672288312555514467e-01
3.148148366153073474e-01
2.659393168614900826e-01
2.707543166531880541e-01
3.536600612412789668e-01
2.955774511531306659e-01
2.915713736261475453e-01
5.080693165948882983e-01
3.322591252751391777e-01
4.624416593835284917e-01
5.066302281844596855e-01
2.696461988910007768e-01
3.701829540865645973e-01
3.139329972103143684e-01
2.660597142520614855e-01
4.483793268698699208e-01
2.425190753378440867e-01
2.940162919304935008e-01
2.687813481269311633e-01
3.476072575592860647e-01
3.193824400692424903e-01
2.915499641589568980e-01
2.919681210503963231e-01
3.006777145631747694e-01
4.192991304118501850e-01
2.431909184295406312e-01
2.664149575234581735e-01
2.708722929415546821e-01
2.927822356806604187e-01
3.917876648170602882e-01
2.681653731967147958e-01
2.685965101964881141e-01
2.932013458576591680e-01
2.706522446790636249e-01
2.670066012549535128e-01
3.008428300266537958e-01
3.372618927617138662e-01
3.356879377103364481e-01
2.677961836724654932e-01
2.680444559283193251e-01
2.918715070752423424e-01
2.926890719149062292e-01
4.080501960367308723e-01
3.000376069719817296e-01
3.500196038421471978e-01
3.394135133036169649e-01
2.683189720482851426e-01
4.503956621761490697e-01
2.373475150919416299e-01
5.091294354232447361e-01
2.676716360881676859e-01
2.960754566385229714e-01
3.453068676348836075e-01
3.339687584392471154e-01
3.327472379708483752e-01
2.579451055526956194e-01
2.622611767267201133e-01
2.746846703209842588e-01
4.508255925488486304e-01
2.673872277338422143e-01
2.677950195573474690e-01
2.731096132634651674e-01
2.693104462248187003e-01
3.294211480887424548e-01
2.690823223508914674e-01
2.937352740050650501e-01
4.480595561271515370e-01
4.511250647375681377e-01
3.502475176920811228e-01
2.701465788770273102e-01
4.500549456950784788e-01
3.710250960310872426e-01
3.515159901656097485e-01
3.673857101656132218e-01
2.681560340180101920e-01
2.719032670894838133e-01
3.274647524166252599e-01
2.729620780679965497e-01
2.917029318143277705e-01
3.444575434422599836e-01
2.637418295163790893e-01
3.466587118541324397e-01
2.749494186496629355e-01
2.951085749317798324e-01
2.700637552298391086e-01
3.915694271920563407e-01
2.919004125885408807e-01
3.118907478468164740e-01
3.579998940823284070e-01
5.106592843423012340e-01
2.762064442845522660e-01
2.970099456081944922e-01
2.711487232509443013e-01
2.826512463378477724e-01
2.710750640277051482e-01
2.795948624535850580e-01
3.416890327578364639e-01
3.507130307847970974e-01
2.911606421271377143e-01
2.412374414922895671e-01
2.924607723644941371e-01
5.022181664709481907e-01
3.476676818073670128e-01
2.752427892585752045e-01
3.013498952417393850e-01
2.968057089415089833e-01
3.143557999395066860e-01
3.647404531586867504e-01
2.951401176998190712e-01
2.696205007192126191e-01
2.836204869235326997e-01
2.933468487547351011e-01
2.743422785395949748e-01
4.847250268129654760e-01
2.921020485854444182e-01
3.539344934059389658e-01
2.761095906193454796e-01
4.722571795435656639e-01
3.717130789631661325e-01
3.572583764167172049e-01
3.028127880496734869e-01
2.912143542345381197e-01
2.945604674914437116e-01
3.320000241986633127e-01
3.082007936707257256e-01
3.095603072111233756e-01
3.057200274329730516e-01
3.208008918514811403e-01
2.747262412336509696e-01
2.694042588688860818e-01
3.604604210374974249e-01
3.033197711827720910e-01
2.837107926686302517e-01
3.431824139036088739e-01
5.110873476823849515e-01
3.741917036337673585e-01
3.270343553545199122e-01
2.998810562227279819e-01
2.961043999877521204e-01
3.022385271492329384e-01
4.594107884055210200e-01
4.148926036711396703e-01
2.594463530410374141e-01
3.788618377960825678e-01
3.325250849204333115e-01
3.640754979206552999e-01
3.208431712927544699e-01
5.003369323169829519e-01
3.226378865674481844e-01
2.928249072366762018e-01
2.979756129770626538e-01
2.980054331936443091e-01
3.678870860884356220e-01
2.325787128138100956e-01
2.764643632196003842e-01
3.812983699508852853e-01
3.238828859113962455e-01
3.094105689880500831e-01
2.990029666862770719e-01
3.110800139901945816e-01
3.583130968262306371e-01
2.724432531334272656e-01
2.478826120950872458e-01
3.024498681503851594e-01
2.702879273047865682e-01
3.884372416278205620e-01
4.621679720901438748e-01
3.861354481154559704e-01
2.973807091077692588e-01
3.033940492940744860e-01
3.030221813071984904e-01
3.711534931347792443e-01
2.369882047027373762e-01
2.982575487061484010e-01
2.754187076638166531e-01
3.039866228941686677e-01
5.120060842808543677e-01
3.013779905409236792e-01
3.521152034551481846e-01
2.754511801826945994e-01
3.954236448944687954e-01
3.784405563442283515e-01
3.127426324481411002e-01
3.150502977945680017e-01
2.938739968730988972e-01
3.056670562014343617e-01
3.265087146438996890e-01
2.787903587556646023e-01
2.323831661965400364e-01
3.933765247679979482e-01
3.303272971981907613e-01
2.318334131160259270e-01
3.070128506501105248e-01
4.975845130498338098e-01
3.096001606796196515e-01
3.089133627591708620e-01
4.003626405546558131e-01
3.106371850806842749e-01
2.406950546833117044e-01
2.822764933613005622e-01
3.156893163985943218e-01
3.457697387577183812e-01
3.033193512252883028e-01
4.102913435460827096e-01
2.788757156897359590e-01
3.859105126137824526e-01
3.311866083546670669e-01
2.941720488950465562e-01
2.310847786075171384e-01
3.163742276649504359e-01
3.144195849560760814e-01
3.094020287331026298e-01
2.367503276364263942e-01
2.346958845775942715e-01
2.982692896935765781e-01
3.168954540879406756e-01
4.803191969638271330e-01
4.781199489449490247e-01
3.183897728877867483e-01
2.952513638181619160e-01
5.117353135986367763e-01
2.450509041904264385e-01
3.000962286733945272e-01
2.991733289868928614e-01
3.204518439058940404e-01
2.510346540739840093e-01
3.121353478463311792e-01
4.019653825485084431e-01
2.790490714787069448e-01
3.188985049741140387e-01
4.323128638561397619e-01
3.003910210549747828e-01
2.343382230045404635e-01
2.435675417393979580e-01
2.344691970674496473e-01
3.407968718093990490e-01
3.934383795248245774e-01
2.308229769794237496e-01
3.209549835815916907e-01
3.225707715463050351e-01
3.045467744572246671e-01
2.893613291213517069e-01
2.952531573219461247e-01
3.149518603358317792e-01
3.169527961114093073e-01
3.230689458022825700e-01
3.247472959125772829e-01
2.318994507181585396e-01
4.041843941533061479e-01
3.252404980060759621e-01
2.331497490063436651e-01
3.266260828398210858e-01
3.107099289035735179e-01
4.054986671955544408e-01
3.269827820927819206e-01
3.274739631842766285e-01
2.916137150195271532e-01
2.597977887590384172e-01
2.969572747410023639e-01
4.722340543269563651e-01
5.118512933114841568e-01
3.292655919708141199e-01
2.319868180669355240e-01
4.008432841457993945e-01
3.969063976894212087e-01
3.904934566186196165e-01
4.234172134013807209e-01
3.290050131317987514e-01
2.443343899615528780e-01
3.837129069069099008e-01
2.882623120094724989e-01
2.663257832371418443e-01
3.768067548833641811e-01
3.699531192322593753e-01
3.323762891355450111e-01
3.321514649680106790e-01
3.334900992212202486e-01
3.303783208435683849e-01
3.337396685064877855e-01
2.851799707186732369e-01
2.420403701663336737e-01
4.078197668582193014e-01
3.353718386835693455e-01
3.971356488512099991e-01
3.200173366533955455e-01
3.204628919255860242e-01
3.350735984849294025e-01
2.981075219981144664e-01
3.522154842996845225e-01
3.519614294113102004e-01
2.823753070797656028e-01
3.000736032097024997e-01
2.978661502842057662e-01
3.180949626514533168e-01
3.386676913633210884e-01
3.134493523000180804e-01
4.500107993839463361e-01
3.444024968950978871e-01
3.504761196540172041e-01
2.700757584206244233e-01
4.030408359946432983e-01
3.321568507486216126e-01
2.688289513477895576e-01
2.798341773406508581e-01
2.698274151753568550e-01
3.504311781613559384e-01
3.333057518151983367e-01
2.705807287725679466e-01
2.708007058790823374e-01
4.043489890115133378e-01
2.323829953693214434e-01
2.807860579621921926e-01
2.633896591692495015e-01
2.696353716301952974e-01
2.703941621111428106e-01
2.775584778596722479e-01
2.631992822844872459e-01
3.567137823552964937e-01
2.636436442055744012e-01
3.388619710026724019e-01
2.640043862872056835e-01
3.317390083374409659e-01
3.632367433331700757e-01
3.917827019460701221e-01
4.867743470131598582e-01
2.859227214728604638e-01
3.667683547224728779e-01
2.755454769768228562e-01
4.011397149820331576e-01
3.301405738354568631e-01
4.167933947425554453e-01
2.650980340772161603e-01
2.641951555280414032e-01
2.825291416624645113e-01
2.733385511396985712e-01
3.333416357273170649e-01
2.737880164748069944e-01
3.221223301631980784e-01
3.104565866897965321e-01
3.041370845447388671e-01
4.103985235105030438e-01
3.043423493121620305e-01
4.060560018247272862e-01
3.777303846421558586e-01
2.470166411516586669e-01
2.893062723669699299e-01
2.722885455857329551e-01
2.354874098661030868e-01
4.451372508985824150e-01
2.737773979796210289e-01
3.421427785379090314e-01
2.739630118767208966e-01
3.953164588648157007e-01
2.313670670836122656e-01
2.713161812660853656e-01
3.092202984401615784e-01
2.700341786854652537e-01
2.895502778504361330e-01
2.450903502162941339e-01
2.408397290906381938e-01
2.693567988221112208e-01
3.087778392409424311e-01
3.027138088340173283e-01
2.830140052087810609e-01
3.655568740573984510e-01
2.719169367410536053e-01
2.501468822573312267e-01
3.344240028908330720e-01
2.818729207315054386e-01
2.835172573203708635e-01
2.842379794928518999e-01
2.680767158558848284e-01
3.071927228929635656e-01
3.376265402871359012e-01
2.977742554497596061e-01
2.428526883537400483e-01
3.150881166012288181e-01
4.880314188453568902e-01
4.317985737957269476e-01
3.162782682705769788e-01
2.673807136792532568e-01
2.803957529222420586e-01
2.710390967725971323e-01
2.759489693278732170e-01
3.146628474299871803e-01
2.746975582666814630e-01
2.815116634193577938e-01
2.534272455417198033e-01
3.644910592677260697e-01
3.845072371126613264e-01
3.160750672278313522e-01
2.827070113775928539e-01
2.700439071923138035e-01
3.165360750621668551e-01
2.951585562550445574e-01
3.141902634967976282e-01
2.995485998199021171e-01
3.180178610835300290e-01
3.218368795953249206e-01
3.184710980791493062e-01
2.692982910936288499e-01
3.200165308473101877e-01
3.204645942979705286e-01
3.220732052967137937e-01
2.688007874816144560e-01
3.123828772126761022e-01
3.038271389851527338e-01
3.225163787892424971e-01
2.784100579170925571e-01
4.859346839644876903e-01
2.931747821160174405e-01
2.438580919416496462e-01
3.126088446543060506e-01
2.660251482400759482e-01
3.241881599693277605e-01
2.313286059561486252e-01
2.525903140797958746e-01
5.089405727129628909e-01
2.685527831440890911e-01
3.246266095621117009e-01
3.263613762570006793e-01
3.156882382980208401e-01
3.267959373081554264e-01
4.151264488094054128e-01
3.005447747007958248e-01
3.123940218883635711e-01
2.685527943409994900e-01
2.357900482351019122e-01
4.062508057347613000e-01
2.366327291263499721e-01
4.057626271410852969e-01
3.325664460658077637e-01
3.997139950202655001e-01
3.339948065215841422e-01
3.328418043097108869e-01
3.722431136611097369e-01
3.343097225307217757e-01
3.408367446906344633e-01
4.064267418576356095e-01
2.688004885647977682e-01
2.767142901920386922e-01
3.757844285646200211e-01
4.064796267230964544e-01
3.832770807206230534e-01
3.815368477597551045e-01
4.013747246187226447e-01
3.790176724709227174e-01
2.309492766071768732e-01
3.909305789748794835e-01
3.048619220605203184e-01
3.356533483617652469e-01
3.857424718212978942e-01
3.273700889728497487e-01
2.655225280215474104e-01
3.985818634111866210e-01
3.375082866484647171e-01
3.360060052782480322e-01
3.420258278547650410e-01
4.842828387045514660e-01
3.050489694983082867e-01
2.693180787619602334e-01
3.466402119887554978e-01
3.273865497330429308e-01
2.377796707735716220e-01
2.737528971309207138e-01
3.922138343343358202e-01
2.321254422313251686e-01
2.897588735270992810e-01
3.979923485646407189e-01
4.050406058780850471e-01
4.087202522561537710e-01
3.482058047603850959e-01
2.410308050114326750e-01
2.427519990065474531e-01
3.231878656826858154e-01
2.713884764595163035e-01
4.024902602115166816e-01
3.527137948332094708e-01
2.378656903190850547e-01
3.311503176351524025e-01
3.305335136724943390e-01
4.083089432630592763e-01
4.059991818704908884e-01
4.088568371874260476e-01
4.731416045006786031e-01
3.334641014659520675e-01
3.546889504902591694e-01
4.110237137549187514e-01
2.725633239586007783e-01
3.118947439278780820e-01
3.229659080549392991e-01
2.843848710820064407e-01
3.590270604847407565e-01
5.068079475911173581e-01
3.580071300777289967e-01
3.262901925908595069e-01
3.614579347849949942e-01
3.136081561114383853e-01
2.902526098612460137e-01
2.718610929203962301e-01
4.066975917609414459e-01
4.006898640104513687e-01
4.172458378728388095e-01
2.987850763398282039e-01
4.075984268268709187e-01
2.535337624068643159e-01
3.244126877567389822e-01
2.335973638892133164e-01
3.684952417185056173e-01
2.723803614071027557e-01
4.057803202240916063e-01
3.344228646131739424e-01
4.085790739222458501e-01
4.038497361683241471e-01
2.943026074279853632e-01
2.716680943320272101e-01
2.870550060604168952e-01
2.321033386195156811e-01
2.722377191533358887e-01
2.715120258702944378e-01
2.377197965110101618e-01
4.165671382421968771e-01
3.002285643385809166e-01
2.721109464481925588e-01
3.187914424413260672e-01
4.815799973341547413e-01
3.257752989401040411e-01
3.236448511600157341e-01
3.678002881194094020e-01
3.354573935354791536e-01
2.344442438233893811e-01
5.045624227828791053e-01
2.483181010454379167e-01
2.849886318221397929e-01
3.606108453262932834e-01
4.260490951875938181e-01
2.310872725991276189e-01
2.535651246567715567e-01
4.140676552786666798e-01
2.620120975785275586e-01
2.715674823394569892e-01
3.122592303127894042e-01
3.162305610271647915e-01
4.031023899178174941e-01
2.708842836138090071e-01
4.070137766300294668e-01
4.063440094091587129e-01
4.121870838607935017e-01
4.148289918578629831e-01
3.272256708261476743e-01
4.113654312120563206e-01
2.691089619428332358e-01
4.022631239711012552e-01
4.126957703702845426e-01
2.660389863805181498e-01
4.152272663502450389e-01
2.326696429598830440e-01
2.667256688359651018e-01
2.652281187779446658e-01
2.787765850302619808e-01
3.444725820077227940e-01
3.135424059699719601e-01
3.084284689846084615e-01
3.989917302616452499e-01
2.658971517778201399e-01
3.515670187275788949e-01
2.684278421695835415e-01
2.584869391858187759e-01
4.129050052040212360e-01
2.762601768480625331e-01
2.886935272467573421e-01
4.152370814573796420e-01
2.653957990344824047e-01
2.328378626597824019e-01
2.347875167445420685e-01
2.351032561194878745e-01
2.365624701208687564e-01
4.688853254802753945e-01
2.346840179556202999e-01
4.784062994890930787e-01
2.589765769041562082e-01
2.324707214779705711e-01
4.991250089721783190e-01
3.185186257399895693e-01
3.260037852624867449e-01
2.460092011431838088e-01
2.334721895155703331e-01
2.771765429914093137e-01
3.377758880450867363e-01
4.211331692417507599e-01
3.191154966051412689e-01
2.563318387857040359e-01
3.172233186517985359e-01
2.761814572836935877e-01
3.243317224078749450e-01
2.552841356663292927e-01
4.850329735571737855e-01
2.491265943335171928e-01
4.966139022838352846e-01
3.309200240335244403e-01
4.763668524683706829e-01
3.309497676744692640e-01
4.521317303096632489e-01
2.781052835686280145e-01
3.174341412717266997e-01
2.431483514647593824e-01
3.183554155159780685e-01
3.424149045977886718e-01
3.677690948135285409e-01
4.281293004694878834e-01
2.384816652376098300e-01
3.656660894653265825e-01
3.041178377755758833e-01
3.177718127268423509e-01
3.147260106074289410e-01
2.866767863331566857e-01
2.660336469609824728e-01
2.527572514181152252e-01
2.859368914615846857e-01
3.441341912602153830e-01
2.797273563485692116e-01
2.872487461466107228e-01
2.838104155897029912e-01
2.387744879576300383e-01
4.925612669810658373e-01
2.339034819283378752e-01
2.384428934402983979e-01
3.159057499645382960e-01
3.623527329030679089e-01
2.498748651198324788e-01
2.370302808082968560e-01
4.116069648027245176e-01
4.755585166022467392e-01
3.188998374014198056e-01
2.846299775982722435e-01
3.603133132149070050e-01
2.355846411720470268e-01
3.458100037639997293e-01
3.572132233165645765e-01
3.506899377658581063e-01
4.100360547712239567e-01
2.656142585851585247e-01
2.407832317126593069e-01
2.396904915191331586e-01
3.018748552059243306e-01
2.783717462008862831e-01
4.245128616813230171e-01
2.925057790099558352e-01
2.759928720622129017e-01
2.991632845097775273e-01
2.818437007290973684e-01
2.342194805253034751e-01
3.181732212653466396e-01
4.744750758528935020e-01
3.479468167583799065e-01
2.854692749842923094e-01
3.185944969091690782e-01
3.376058341679700203e-01
2.858553537927914778e-01
4.189670281463866441e-01
2.845815608107258310e-01
4.116626361953154012e-01
3.023822433196240445e-01
2.322800107347005871e-01
3.026331401562458168e-01
2.307625319126418439e-01
2.600254034786924628e-01
2.741787434014991698e-01
2.859304655408468898e-01
2.756315957062347999e-01
2.380349628368174653e-01
4.149273412334659739e-01
2.888350212641649928e-01
3.091775777623468890e-01
2.977599131904276053e-01
2.981472642290500796e-01
2.352332419480827608e-01
3.058161841313885021e-01
4.894561805134675092e-01
3.325402746246908237e-01
2.963383327367151709e-01
3.099405831548673329e-01
2.942173779556144231e-01
3.328117793426599857e-01
3.160073155627132202e-01
3.202358509658044250e-01
2.936840299728160630e-01
2.545572605735121341e-01
2.673318916387477095e-01
3.083937598568381455e-01
2.509369620430498271e-01
3.169197341328970907e-01
3.020020959640533631e-01
3.028032816111723147e-01
2.856516252921309507e-01
2.704715806269651912e-01
2.310268860976167071e-01
4.295957328773895023e-01
4.726721857553293216e-01
2.905712171573148206e-01
3.190480139620491817e-01
3.261503371442233679e-01
3.354138447182200555e-01
3.037704342503937949e-01
2.572765637085472346e-01
2.622647292079192116e-01
2.538709052785684261e-01
3.001333464634937664e-01
2.428429328507409890e-01
3.060805550721788504e-01
3.082028845419531593e-01
2.872022307554515930e-01
3.027169817751212411e-01
3.119587956589273681e-01
2.379170960104856070e-01
3.716651657230680694e-01
2.408144533828577571e-01
2.840166288041338083e-01
3.024790924012142890e-01
4.108011420210562203e-01
3.009857596714020089e-01
3.517596903431267630e-01
4.366367258572488863e-01
4.786301608572604560e-01
2.978021230932011432e-01
3.003747762720155867e-01
3.041664321563451456e-01
3.070373024005249585e-01
3.643451910866671306e-01
2.840999184672227118e-01
4.516205881191271976e-01
2.371894382504360355e-01
3.185431380757179909e-01
2.581529081679015958e-01
2.464577072510618361e-01
3.725999702412816084e-01
4.068796922468176924e-01
2.329310490928131749e-01
3.085571510934367323e-01
2.958052844917408164e-01
3.380127132123977307e-01
3.057889820515412582e-01
3.148262890053276641e-01
3.669980404368153315e-01
2.812664890841539145e-01
2.403856863506645680e-01
3.670058945075513890e-01
2.450636926325787113e-01
2.498438179708955265e-01
3.267188742432971527e-01
4.739319347046748732e-01
3.303968210677614703e-01
4.028309932807431215e-01
3.190083015405857370e-01
4.113662500517950571e-01
2.407040810296160183e-01
2.941388831278515803e-01
3.598719082493964661e-01
3.304959846769904286e-01
3.209924035363914130e-01
4.738893583352238870e-01
4.554373750498512674e-01
2.786939664122328186e-01
3.336930771325327116e-01
4.695622774264815447e-01
2.542967206607951725e-01
2.360524725891114950e-01
4.602360002321306265e-01
2.629776029389628289e-01
3.327208259417155367e-01
3.643259016059819388e-01
2.576135838194276162e-01
2.969546867472689367e-01
2.382820896335878791e-01
3.336844311479930103e-01
3.392087654578339051e-01
2.927993528718171312e-01
2.444309241542615418e-01
3.629875166179125090e-01
3.165044993412920449e-01
3.618393972513705981e-01
2.763784123547840532e-01
3.336357660543712855e-01
3.048671024485029579e-01
3.193445446287848655e-01
3.313056627018476363e-01
2.309996068895439902e-01
2.580948216211124691e-01
3.914738074028538684e-01
3.027884553884525598e-01
2.917831914221254430e-01
2.334081850533857305e-01
3.090442202378632097e-01
3.697163904503841803e-01
3.594700340997744603e-01
2.743208908830407355e-01
2.650383811509500753e-01
2.452167353630554103e-01
3.576512305590154872e-01
3.231811771588804505e-01
3.168284876628485458e-01
4.538597045470316171e-01
2.316306900727117535e-01
3.572209403711457121e-01
2.725134326322657952e-01
2.722245852937563160e-01
3.193912739981537019e-01
3.030158172252959137e-01
3.323324352993681230e-01
4.647431738396228806e-01
3.570198096347022010e-01
3.807320097000502224e-01
3.034933886524040503e-01
2.520277288542150940e-01
3.173972508439236173e-01
2.332711999359375066e-01
3.156414604862630702e-01
2.709577608379335478e-01
3.200979562379365762e-01
3.307650939244959898e-01
2.373625598532424774e-01
4.265726123831968808e-01
4.509139506449042489e-01
3.267590048693658766e-01
3.313811978872172048e-01
2.559694283522466196e-01
2.696490210794330600e-01
3.546230999185944199e-01
3.203203467468963006e-01
3.336985992997615336e-01
3.490945915165772906e-01
3.305687373206578905e-01
3.114728301997052862e-01
3.304883065335556536e-01
3.462845594413583861e-01
3.133490403879989894e-01
3.500783658620708616e-01
3.320277656476404160e-01
3.353098876414028484e-01
2.685860147302668866e-01
3.096547889002216891e-01
2.563406551141272915e-01
3.445958241793690702e-01
3.553506249778312087e-01
3.524575160180303812e-01
2.932940025766426761e-01
3.134319370304226582e-01
2.629897544079318195e-01
2.325680586273358441e-01
3.529458413583526633e-01
2.677735154163067843e-01
3.206691150328276896e-01
3.301141922050160327e-01
3.302379760139602105e-01
3.187064550770928317e-01
2.772710994406227814e-01
2.360921076797355689e-01
4.545559776632611682e-01
2.817149936515904729e-01
3.535832478880350793e-01
3.429614483421382087e-01
2.497562977893846570e-01
2.357060221492757179e-01
3.170045451912471002e-01
2.737015431454265513e-01
3.512825133991585580e-01
2.461576290062834904e-01
2.916865112956746886e-01
2.671982149672377793e-01
3.302730311556479337e-01
4.504612087377473095e-01
3.517939482582003730e-01
2.414177643556629227e-01
2.776384795840858843e-01
2.608579378096154699e-01
3.121981049528967378e-01
2.820763030995522835e-01
2.668753772309529482e-01
3.276189278150417605e-01
2.414488555432247607e-01
2.404755751886023252e-01
2.921362597287318064e-01
4.509401465528078967e-01
2.990229795910117616e-01
3.092228412109147007e-01
2.684115835286411955e-01
4.261232508985157708e-01
3.195886757980204718e-01
2.510797804180232573e-01
3.263378559214461516e-01
2.917331605609003731e-01
2.667865291436308794e-01
3.665790863644816655e-01
4.129884471140273794e-01
4.131934734824746491e-01
2.630280643742314295e-01
2.929099593293169046e-01
2.979633229477462453e-01
4.083129399205842058e-01
2.370912313957021511e-01
2.669504185821277020e-01
3.480770563252048033e-01
3.640768121918325773e-01
4.088864120340389707e-01
2.908614658138772291e-01
3.188450293141252279e-01
2.940096296353272853e-01
4.091527762832894988e-01
2.673451130223253314e-01
3.613969423132731840e-01
3.316557871615992692e-01
2.354786788857844704e-01
3.365917966598873656e-01
3.694696795324654559e-01
3.182621391967441760e-01
3.355403294467183550e-01
3.592977407998854678e-01
4.051406148629284609e-01
2.839270455914292279e-01
2.551166651835771737e-01
2.524814950178373429e-01
3.751427805847732944e-01
2.954373251641239095e-01
3.346978974638654680e-01
2.693138057935927643e-01
3.188170059618757879e-01
3.568253872857271025e-01
3.339484058544199274e-01
2.703652427620643062e-01
4.122246422596262949e-01
2.971897303988318417e-01
3.432963304885212064e-01
2.959674269916283684e-01
3.744713485071858861e-01
2.675464794553126802e-01
3.265340995645837907e-01
3.191935503413223518e-01
3.494053801355165301e-01
2.555971221409458760e-01
3.003629052797330834e-01
2.527685907349045413e-01
2.982217032503955423e-01
2.951895104577897389e-01
2.522734032946238325e-01
3.459813359572683211e-01
3.510796429903401128e-01
2.746726110083516081e-01
3.499446743752076538e-01
2.781819381763838694e-01
3.444565954421523468e-01
3.557993443255094701e-01
2.641047233804772465e-01
4.192990849414121590e-01
2.772448643987873718e-01
2.607882256425371192e-01
2.717552201611095897e-01
3.174773142650351709e-01
3.427530367168063474e-01
3.981751058860225068e-01
3.220083828323687669e-01
2.997789657894040505e-01
2.757734093108548667e-01
3.871454531321494308e-01
2.779877203711250688e-01
2.746958389625628327e-01
3.200095419382480433e-01
3.376348521984249285e-01
2.329677061163989704e-01
2.345337564822944920e-01
3.045399753557331279e-01
2.736693366341932387e-01
2.676814840656179251e-01
2.814369655991014740e-01
3.365224750228750783e-01
3.242901837142901922e-01
2.393044753947222714e-01
3.301757955593729865e-01
3.353395261002846128e-01
3.228228222724287555e-01
3.159927997322402593e-01
3.624543654794789016e-01
3.346076640073604169e-01
3.268781880900472614e-01
2.503058027509635353e-01
2.347218630678643836e-01
3.445069745256245097e-01
3.337222394491795030e-01
3.146013595085486170e-01
2.813904965493573274e-01
2.854466909806823161e-01
2.520882955878471221e-01
2.922807522888697940e-01
2.932362998043315239e-01
3.749307466513239206e-01
2.902515256694542245e-01
2.991209162673715283e-01
3.076270747796924776e-01
4.015659628724713159e-01
3.455466242302200897e-01
3.397714428705215783e-01
2.972934812327109322e-01
3.693542569743511472e-01
2.464476361114184833e-01
3.456462322245048013e-01
3.034723176017435353e-01
3.764491277181021278e-01
3.128520737006351693e-01
2.612437899681433473e-01
3.269563770290089821e-01
3.303467110264247664e-01
3.518228307957000367e-01
3.188862312388126563e-01
3.478401520566619110e-01
3.836953815903599296e-01
2.370006941837493608e-01
3.718621518827365802e-01
3.180177280912340199e-01
3.582652522548019913e-01
3.268073770051390103e-01
3.789251798665944637e-01
3.909652840375568150e-01
3.649568079518009656e-01
3.860745693361343212e-01
3.514047553872506890e-01
3.980648189817294069e-01
4.090813785823786408e-01
3.260995071299236936e-01
3.931386234153292358e-01
3.998735387391820217e-01
4.046219586312362892e-01
3.309100054595325302e-01
4.296714932318649316e-01
3.260615934540584404e-01
3.323507709246342201e-01
2.854946671313424167e-01
3.156239020752693025e-01
4.129700915063584388e-01
2.668777839865616452e-01
3.036885735454902258e-01
4.285084358182737474e-01
2.661478698682945843e-01
2.769016096911208757e-01
4.320519527746641275e-01
2.751508815176899603e-01
3.917797026740856836e-01
4.130668118020778268e-01
3.485698731737651990e-01
3.182446823639912825e-01
2.852573840489013302e-01
2.559404766080141669e-01
3.192393366708430880e-01
3.813210407295909432e-01
2.398226275681779041e-01
3.324196275673232392e-01
2.996513245059456154e-01
2.917405387076950629e-01
4.824608399079016174e-01
3.035789987708510940e-01
4.816310559370047262e-01
3.211837692583764947e-01
2.563369364363028424e-01
2.730904226334112117e-01
3.542823936030955467e-01
2.328017166414226846e-01
3.168168976877981380e-01
4.730482619370214303e-01
3.192497465393543954e-01
3.751047595473148699e-01
2.526694977663814790e-01
2.784774842700646347e-01
2.602597624571165169e-01
2.684845482023970331e-01
3.550247400751501692e-01
3.307737436525065022e-01
3.721530290005033992e-01
3.375910054728822329e-01
2.766398916886337322e-01
3.302217849530491023e-01
3.143125172587659111e-01
4.086147862210739445e-01
3.493735588853811858e-01
4.728407967130348610e-01
4.051977080766519523e-01
