$MeshFormat
2.2 0 8
$EndMeshFormat
$PhysicalNames
4
1 2 "Inlet"
1 3 "Outlet"
1 4 "Walls"
2 1 "Fluid"
$EndPhysicalNames
$Nodes
9681
1 0.139 0 0
2 -0.139 0 0
3 0.111 0 0
4 -0.111 0 0
5 0 -0.139 0
6 0 -0.111 0
7 0.139 0.84 0
8 0.111 0.84 0
9 -0.139 0.84 0
10 -0.111 0.84 0
11 -0.139 0.8372000000000114 0
12 -0.139 0.8344000000000228 0
13 -0.139 0.8316000000000282 0
14 -0.139 0.8288000000000304 0
15 -0.139 0.8260000000000325 0
16 -0.139 0.8232000000000347 0
17 -0.139 0.8204000000000369 0
18 -0.139 0.8176000000000481 0
19 -0.139 0.8148000000000595 0
20 -0.139 0.8120000000000709 0
21 -0.139 0.8092000000000823 0
22 -0.139 0.8064000000000912 0
23 -0.139 0.8036000000000934 0
24 -0.139 0.8008000000000954 0
25 -0.139 0.7980000000000976 0
26 -0.139 0.7952000000000998 0
27 -0.139 0.7924000000001075 0
28 -0.139 0.789600000000119 0
29 -0.139 0.7868000000001304 0
30 -0.139 0.7840000000001418 0
31 -0.139 0.7812000000001532 0
32 -0.139 0.7784000000001563 0
33 -0.139 0.7756000000001585 0
34 -0.139 0.7728000000001607 0
35 -0.139 0.7700000000001628 0
36 -0.139 0.767200000000167 0
37 -0.139 0.7644000000001785 0
38 -0.139 0.7616000000001899 0
39 -0.139 0.7588000000002013 0
40 -0.139 0.7560000000002127 0
41 -0.139 0.7532000000002192 0
42 -0.139 0.7504000000002214 0
43 -0.139 0.7476000000002219 0
44 -0.139 0.7448000000002148 0
45 -0.139 0.7420000000002077 0
46 -0.139 0.7392000000002085 0
47 -0.139 0.7364000000002107 0
48 -0.139 0.7336000000002174 0
49 -0.139 0.7308000000002288 0
50 -0.139 0.7280000000002389 0
51 -0.139 0.725200000000241 0
52 -0.139 0.7224000000002432 0
53 -0.139 0.7196000000002454 0
54 -0.139 0.7168000000002476 0
55 -0.139 0.7140000000002541 0
56 -0.139 0.7112000000002655 0
57 -0.139 0.7084000000002769 0
58 -0.139 0.7056000000002884 0
59 -0.139 0.7028000000002999 0
60 -0.139 0.7000000000003113 0
61 -0.139 0.6972000000003227 0
62 -0.139 0.6944000000003301 0
63 -0.139 0.6916000000003322 0
64 -0.139 0.6888000000003344 0
65 -0.139 0.6860000000003366 0
66 -0.139 0.6832000000003388 0
67 -0.139 0.6804000000003478 0
68 -0.139 0.6776000000003592 0
69 -0.139 0.674800000000367 0
70 -0.139 0.6720000000003692 0
71 -0.139 0.6692000000003713 0
72 -0.139 0.6664000000003735 0
73 -0.139 0.6636000000003757 0
74 -0.139 0.6608000000003845 0
75 -0.139 0.6580000000003959 0
76 -0.139 0.6552000000004073 0
77 -0.139 0.6524000000004189 0
78 -0.139 0.6496000000004302 0
79 -0.139 0.6468000000004417 0
80 -0.139 0.6440000000004531 0
81 -0.139 0.6412000000004645 0
82 -0.139 0.6384000000004759 0
83 -0.139 0.6356000000004873 0
84 -0.139 0.6328000000004987 0
85 -0.139 0.6300000000005102 0
86 -0.139 0.6272000000005217 0
87 -0.139 0.6244000000005331 0
88 -0.139 0.6216000000005445 0
89 -0.139 0.618800000000556 0
90 -0.139 0.6160000000005674 0
91 -0.139 0.6132000000005788 0
92 -0.139 0.6104000000005902 0
93 -0.139 0.6076000000006017 0
94 -0.139 0.6048000000006131 0
95 -0.139 0.6020000000006245 0
96 -0.139 0.599200000000636 0
97 -0.139 0.5964000000006473 0
98 -0.139 0.5936000000006588 0
99 -0.139 0.5908000000006702 0
100 -0.139 0.5880000000006816 0
101 -0.139 0.5852000000006932 0
102 -0.139 0.582400000000699 0
103 -0.139 0.5796000000007011 0
104 -0.139 0.5768000000007034 0
105 -0.139 0.5740000000007056 0
106 -0.139 0.5712000000007078 0
107 -0.139 0.5684000000007099 0
108 -0.139 0.5656000000007121 0
109 -0.139 0.5628000000007143 0
110 -0.139 0.5600000000007165 0
111 -0.139 0.5572000000007207 0
112 -0.139 0.5544000000007321 0
113 -0.139 0.5516000000007435 0
114 -0.139 0.5488000000007549 0
115 -0.139 0.5460000000007663 0
116 -0.139 0.5432000000007777 0
117 -0.139 0.5404000000007891 0
118 -0.139 0.5376000000008007 0
119 -0.139 0.5348000000008122 0
120 -0.139 0.5320000000008236 0
121 -0.139 0.529200000000835 0
122 -0.139 0.5264000000008464 0
123 -0.139 0.5236000000008578 0
124 -0.139 0.5208000000008692 0
125 -0.139 0.5180000000008806 0
126 -0.139 0.5152000000008921 0
127 -0.139 0.5124000000009036 0
128 -0.139 0.509600000000915 0
129 -0.139 0.5068000000009263 0
130 -0.139 0.5040000000009378 0
131 -0.139 0.5012000000009493 0
132 -0.139 0.4984000000009601 0
133 -0.139 0.4956000000009669 0
134 -0.139 0.4928000000009737 0
135 -0.139 0.4900000000009805 0
136 -0.139 0.4872000000009873 0
137 -0.139 0.4844000000009941 0
138 -0.139 0.4816000000010009 0
139 -0.139 0.4788000000010078 0
140 -0.139 0.4760000000010146 0
141 -0.139 0.4732000000010213 0
142 -0.139 0.4704000000010281 0
143 -0.139 0.467600000001035 0
144 -0.139 0.4648000000010417 0
145 -0.139 0.4620000000010485 0
146 -0.139 0.4592000000010553 0
147 -0.139 0.4564000000010621 0
148 -0.139 0.4536000000010689 0
149 -0.139 0.4508000000010757 0
150 -0.139 0.4480000000010825 0
151 -0.139 0.4452000000010893 0
152 -0.139 0.4424000000010961 0
153 -0.139 0.4396000000011029 0
154 -0.139 0.4368000000011097 0
155 -0.139 0.4340000000011165 0
156 -0.139 0.4312000000011232 0
157 -0.139 0.4284000000011301 0
158 -0.139 0.4256000000011352 0
159 -0.139 0.4228000000011374 0
160 -0.139 0.4200000000011396 0
161 -0.139 0.4172000000011324 0
162 -0.139 0.4144000000011254 0
163 -0.139 0.4116000000011152 0
164 -0.139 0.4088000000011036 0
165 -0.139 0.4060000000010933 0
166 -0.139 0.4032000000010862 0
167 -0.139 0.4004000000010792 0
168 -0.139 0.397600000001072 0
169 -0.139 0.394800000001065 0
170 -0.139 0.3920000000010579 0
171 -0.139 0.3892000000010508 0
172 -0.139 0.3864000000010436 0
173 -0.139 0.3836000000010366 0
174 -0.139 0.3808000000010295 0
175 -0.139 0.3780000000010225 0
176 -0.139 0.3752000000010153 0
177 -0.139 0.3724000000010082 0
178 -0.139 0.3696000000010012 0
179 -0.139 0.366800000000994 0
180 -0.139 0.364000000000987 0
181 -0.139 0.3612000000009799 0
182 -0.139 0.3584000000009727 0
183 -0.139 0.3556000000009656 0
184 -0.139 0.3528000000009585 0
185 -0.139 0.3500000000009515 0
186 -0.139 0.3472000000009443 0
187 -0.139 0.3444000000009373 0
188 -0.139 0.3416000000009302 0
189 -0.139 0.3388000000009231 0
190 -0.139 0.336000000000916 0
191 -0.139 0.3332000000009089 0
192 -0.139 0.3304000000009019 0
193 -0.139 0.3276000000008947 0
194 -0.139 0.3248000000008877 0
195 -0.139 0.3220000000008806 0
196 -0.139 0.3192000000008735 0
197 -0.139 0.3164000000008663 0
198 -0.139 0.3136000000008592 0
199 -0.139 0.3108000000008522 0
200 -0.139 0.3080000000008452 0
201 -0.139 0.305200000000838 0
202 -0.139 0.3024000000008309 0
203 -0.139 0.2996000000008239 0
204 -0.139 0.2968000000008167 0
205 -0.139 0.2940000000008096 0
206 -0.139 0.2912000000008026 0
207 -0.139 0.2884000000007956 0
208 -0.139 0.2856000000007883 0
209 -0.139 0.2828000000007812 0
210 -0.139 0.2800000000007742 0
211 -0.139 0.2772000000007671 0
212 -0.139 0.2744000000007599 0
213 -0.139 0.2716000000007529 0
214 -0.139 0.2688000000007459 0
215 -0.139 0.2660000000007386 0
216 -0.139 0.2632000000007316 0
217 -0.139 0.2604000000007246 0
218 -0.139 0.2576000000007175 0
219 -0.139 0.2548000000007103 0
220 -0.139 0.2520000000007033 0
221 -0.139 0.2492000000006962 0
222 -0.139 0.2464000000006891 0
223 -0.139 0.2436000000006819 0
224 -0.139 0.2408000000006749 0
225 -0.139 0.2380000000006678 0
226 -0.139 0.2352000000006607 0
227 -0.139 0.2324000000006536 0
228 -0.139 0.2296000000006465 0
229 -0.139 0.2268000000006395 0
230 -0.139 0.2240000000006324 0
231 -0.139 0.2212000000006189 0
232 -0.139 0.2184000000006027 0
233 -0.139 0.2156000000005862 0
234 -0.139 0.2128000000005699 0
235 -0.139 0.2100000000005535 0
236 -0.139 0.2072000000005464 0
237 -0.139 0.2044000000005394 0
238 -0.139 0.2016000000005324 0
239 -0.139 0.1988000000005252 0
240 -0.139 0.1960000000005181 0
241 -0.139 0.1932000000005111 0
242 -0.139 0.1904000000005039 0
243 -0.139 0.1876000000004968 0
244 -0.139 0.1848000000004898 0
245 -0.139 0.1820000000004827 0
246 -0.139 0.1792000000004756 0
247 -0.139 0.1764000000004684 0
248 -0.139 0.1736000000004614 0
249 -0.139 0.1708000000004543 0
250 -0.139 0.1680000000004472 0
251 -0.139 0.1652000000004401 0
252 -0.139 0.162400000000433 0
253 -0.139 0.159600000000426 0
254 -0.139 0.1568000000004188 0
255 -0.139 0.1540000000004117 0
256 -0.139 0.1512000000004047 0
257 -0.139 0.1484000000003977 0
258 -0.139 0.1456000000003905 0
259 -0.139 0.1428000000003834 0
260 -0.139 0.1400000000003763 0
261 -0.139 0.1372000000003692 0
262 -0.139 0.134400000000362 0
263 -0.139 0.131600000000355 0
264 -0.139 0.128800000000348 0
265 -0.139 0.1260000000003407 0
266 -0.139 0.1232000000003337 0
267 -0.139 0.1204000000003267 0
268 -0.139 0.1176000000003196 0
269 -0.139 0.1148000000003124 0
270 -0.139 0.1120000000003054 0
271 -0.139 0.1092000000002983 0
272 -0.139 0.1064000000002912 0
273 -0.139 0.1036000000002841 0
274 -0.139 0.1008000000002771 0
275 -0.139 0.09800000000026998 0
276 -0.139 0.09520000000026285 0
277 -0.139 0.09240000000025583 0
278 -0.139 0.0896000000002487 0
279 -0.139 0.08680000000024146 0
280 -0.139 0.08400000000023433 0
281 -0.139 0.08120000000022731 0
282 -0.139 0.07840000000022018 0
283 -0.139 0.07560000000021316 0
284 -0.139 0.07280000000020603 0
285 -0.139 0.0700000000001989 0
286 -0.139 0.06720000000019188 0
287 -0.139 0.06440000000018475 0
288 -0.139 0.06160000000017762 0
289 -0.139 0.0588000000001706 0
290 -0.139 0.05600000000016359 0
291 -0.139 0.05320000000015646 0
292 -0.139 0.05040000000014933 0
293 -0.139 0.04760000000014231 0
294 -0.139 0.04480000000013518 0
295 -0.139 0.04200000000012805 0
296 -0.139 0.03920000000012103 0
297 -0.139 0.03640000000011401 0
298 -0.139 0.03360000000010677 0
299 -0.139 0.03080000000009975 0
300 -0.139 0.02800000000009273 0
301 -0.139 0.02520000000008549 0
302 -0.139 0.02240000000007847 0
303 -0.139 0.01960000000007145 0
304 -0.139 0.01680000000006432 0
305 -0.139 0.01400000000005708 0
306 -0.139 0.01120000000004995 0
307 -0.139 0.008400000000042929 0
308 -0.139 0.00560000000003269 0
309 -0.139 0.002800000000016345 0
310 0.139 0.002799999999994956 0
311 0.139 0.005599999999989913 0
312 0.139 0.008399999999984822 0
313 0.139 0.01119999999997971 0
314 0.139 0.01399999999997455 0
315 0.139 0.01679999999996929 0
316 0.139 0.01959999999996404 0
317 0.139 0.02239999999995878 0
318 0.139 0.02519999999995352 0
319 0.139 0.02799999999994808 0
320 0.139 0.03079999999994253 0
321 0.139 0.0335999999999369 0
322 0.139 0.03639999999993106 0
323 0.139 0.03919999999992523 0
324 0.139 0.04199999999991939 0
325 0.139 0.04479999999991355 0
326 0.139 0.04759999999990773 0
327 0.139 0.05039999999990189 0
328 0.139 0.05319999999989619 0
329 0.139 0.05599999999989093 0
330 0.139 0.05879999999988568 0
331 0.139 0.06159999999988094 0
332 0.139 0.06439999999987626 0
333 0.139 0.06719999999987158 0
334 0.139 0.0699999999998669 0
335 0.139 0.07279999999986222 0
336 0.139 0.07559999999985753 0
337 0.139 0.07839999999985287 0
338 0.139 0.08119999999984819 0
339 0.139 0.08399999999984349 0
340 0.139 0.08679999999983942 0
341 0.139 0.08959999999983591 0
342 0.139 0.0923999999998326 0
343 0.139 0.09519999999983024 0
344 0.139 0.09799999999982785 0
345 0.139 0.1007999999998245 0
346 0.139 0.103599999999821 0
347 0.139 0.1063999999998163 0
348 0.139 0.1091999999998105 0
349 0.139 0.1119999999998045 0
350 0.139 0.1147999999997975 0
351 0.139 0.1175999999997905 0
352 0.139 0.1203999999997835 0
353 0.139 0.1231999999997765 0
354 0.139 0.1259999999997695 0
355 0.139 0.1287999999997625 0
356 0.139 0.1315999999997555 0
357 0.139 0.1343999999997485 0
358 0.139 0.1371999999997415 0
359 0.139 0.1399999999997345 0
360 0.139 0.1427999999997275 0
361 0.139 0.1455999999997205 0
362 0.139 0.1483999999997135 0
363 0.139 0.1511999999997065 0
364 0.139 0.1539999999996995 0
365 0.139 0.1567999999996925 0
366 0.139 0.1595999999996855 0
367 0.139 0.1623999999996786 0
368 0.139 0.1651999999996716 0
369 0.139 0.1679999999996646 0
370 0.139 0.1707999999996576 0
371 0.139 0.1735999999996506 0
372 0.139 0.1763999999996436 0
373 0.139 0.1791999999996366 0
374 0.139 0.1819999999996296 0
375 0.139 0.1847999999996218 0
376 0.139 0.1875999999996124 0
377 0.139 0.1903999999996031 0
378 0.139 0.1931999999995914 0
379 0.139 0.1959999999995798 0
380 0.139 0.1987999999995682 0
381 0.139 0.2015999999995566 0
382 0.139 0.2043999999995449 0
383 0.139 0.2071999999995333 0
384 0.139 0.2099999999995217 0
385 0.139 0.2127999999995101 0
386 0.139 0.2155999999994985 0
387 0.139 0.2183999999994868 0
388 0.139 0.2211999999994753 0
389 0.139 0.2239999999994636 0
390 0.139 0.226799999999452 0
391 0.139 0.2295999999994404 0
392 0.139 0.232399999999431 0
393 0.139 0.2351999999994217 0
394 0.139 0.2379999999994138 0
395 0.139 0.2407999999994068 0
396 0.139 0.2435999999993999 0
397 0.139 0.2463999999993929 0
398 0.139 0.2491999999993859 0
399 0.139 0.2519999999993767 0
400 0.139 0.2547999999993674 0
401 0.139 0.2575999999993595 0
402 0.139 0.2603999999993525 0
403 0.139 0.2631999999993455 0
404 0.139 0.2659999999993385 0
405 0.139 0.2687999999993315 0
406 0.139 0.2715999999993245 0
407 0.139 0.2743999999993176 0
408 0.139 0.2771999999993106 0
409 0.139 0.2799999999993036 0
410 0.139 0.2827999999992966 0
411 0.139 0.2855999999992896 0
412 0.139 0.2883999999992826 0
413 0.139 0.2911999999992756 0
414 0.139 0.2939999999992686 0
415 0.139 0.2967999999992592 0
416 0.139 0.2995999999992476 0
417 0.139 0.3023999999992359 0
418 0.139 0.3051999999992244 0
419 0.139 0.3079999999992127 0
420 0.139 0.3107999999992011 0
421 0.139 0.3135999999991895 0
422 0.139 0.3163999999991778 0
423 0.139 0.3191999999991663 0
424 0.139 0.3219999999991546 0
425 0.139 0.3247999999991431 0
426 0.139 0.3275999999991314 0
427 0.139 0.3303999999991197 0
428 0.139 0.3331999999991082 0
429 0.139 0.3359999999990965 0
430 0.139 0.3387999999990849 0
431 0.139 0.3415999999990739 0
432 0.139 0.3443999999990668 0
433 0.139 0.3471999999990599 0
434 0.139 0.3499999999990529 0
435 0.139 0.3527999999990459 0
436 0.139 0.355599999999039 0
437 0.139 0.3583999999990319 0
438 0.139 0.361199999999025 0
439 0.139 0.3639999999990179 0
440 0.139 0.366799999999011 0
441 0.139 0.369599999999004 0
442 0.139 0.372399999998997 0
443 0.139 0.37519999999899 0
444 0.139 0.377999999998983 0
445 0.139 0.3807999999989761 0
446 0.139 0.383599999998969 0
447 0.139 0.3863999999989621 0
448 0.139 0.3891999999989551 0
449 0.139 0.3919999999989481 0
450 0.139 0.3947999999989411 0
451 0.139 0.3975999999989341 0
452 0.139 0.4003999999989271 0
453 0.139 0.4031999999989201 0
454 0.139 0.4059999999989132 0
455 0.139 0.4087999999989061 0
456 0.139 0.4115999999988992 0
457 0.139 0.4143999999988938 0
458 0.139 0.4171999999988914 0
459 0.139 0.419999999998889 0
460 0.139 0.4227999999988959 0
461 0.139 0.4255999999989027 0
462 0.139 0.4283999999989127 0
463 0.139 0.4311999999989242 0
464 0.139 0.4339999999989343 0
465 0.139 0.4367999999989411 0
466 0.139 0.4395999999989481 0
467 0.139 0.4423999999989551 0
468 0.139 0.4451999999989619 0
469 0.139 0.4479999999989688 0
470 0.139 0.4507999999989758 0
471 0.139 0.4535999999989825 0
472 0.139 0.4563999999989895 0
473 0.139 0.4591999999989964 0
474 0.139 0.4619999999990033 0
475 0.139 0.4647999999990102 0
476 0.139 0.4675999999990171 0
477 0.139 0.4703999999990241 0
478 0.139 0.473199999999031 0
479 0.139 0.4759999999990378 0
480 0.139 0.4787999999990448 0
481 0.139 0.4815999999990516 0
482 0.139 0.4843999999990585 0
483 0.139 0.4871999999990655 0
484 0.139 0.4899999999990723 0
485 0.139 0.4927999999990793 0
486 0.139 0.4955999999990862 0
487 0.139 0.498399999999093 0
488 0.139 0.5011999999990999 0
489 0.139 0.5039999999991068 0
490 0.139 0.5067999999991137 0
491 0.139 0.5095999999991206 0
492 0.139 0.5123999999991276 0
493 0.139 0.5151999999991345 0
494 0.139 0.5179999999991414 0
495 0.139 0.5207999999991483 0
496 0.139 0.5235999999991552 0
497 0.139 0.526399999999162 0
498 0.139 0.529199999999169 0
499 0.139 0.5319999999991759 0
500 0.139 0.5347999999991827 0
501 0.139 0.5375999999991896 0
502 0.139 0.5403999999991966 0
503 0.139 0.5431999999992034 0
504 0.139 0.5459999999992103 0
505 0.139 0.5487999999992172 0
506 0.139 0.5515999999992242 0
507 0.139 0.5543999999992311 0
508 0.139 0.557199999999238 0
509 0.139 0.5599999999992449 0
510 0.139 0.5627999999992518 0
511 0.139 0.5655999999992587 0
512 0.139 0.5683999999992656 0
513 0.139 0.5711999999992725 0
514 0.139 0.5739999999992794 0
515 0.139 0.5767999999992863 0
516 0.139 0.5795999999992931 0
517 0.139 0.5823999999993001 0
518 0.139 0.5851999999993071 0
519 0.139 0.5879999999993138 0
520 0.139 0.5907999999993208 0
521 0.139 0.5935999999993277 0
522 0.139 0.5963999999993346 0
523 0.139 0.5991999999993415 0
524 0.139 0.6019999999993484 0
525 0.139 0.6047999999993553 0
526 0.139 0.6075999999993622 0
527 0.139 0.6103999999993691 0
528 0.139 0.613199999999376 0
529 0.139 0.6159999999993829 0
530 0.139 0.6187999999993962 0
531 0.139 0.6215999999994124 0
532 0.139 0.6243999999994284 0
533 0.139 0.6271999999994445 0
534 0.139 0.6299999999994608 0
535 0.139 0.6327999999994677 0
536 0.139 0.6355999999994745 0
537 0.139 0.6383999999994815 0
538 0.139 0.6411999999994883 0
539 0.139 0.6439999999994952 0
540 0.139 0.6467999999995022 0
541 0.139 0.649599999999509 0
542 0.139 0.6523999999995159 0
543 0.139 0.6551999999995228 0
544 0.139 0.6579999999995297 0
545 0.139 0.6607999999995366 0
546 0.139 0.6635999999995436 0
547 0.139 0.6663999999995505 0
548 0.139 0.6691999999995574 0
549 0.139 0.6719999999995642 0
550 0.139 0.6747999999995712 0
551 0.139 0.6775999999995781 0
552 0.139 0.6803999999995849 0
553 0.139 0.6831999999995919 0
554 0.139 0.6859999999995987 0
555 0.139 0.6887999999996056 0
556 0.139 0.6915999999996126 0
557 0.139 0.6943999999996194 0
558 0.139 0.6971999999996263 0
559 0.139 0.6999999999996334 0
560 0.139 0.7027999999996402 0
561 0.139 0.7055999999996471 0
562 0.139 0.708399999999654 0
563 0.139 0.7111999999996609 0
564 0.139 0.7139999999996678 0
565 0.139 0.7167999999996746 0
566 0.139 0.7195999999996816 0
567 0.139 0.7223999999996885 0
568 0.139 0.7251999999996954 0
569 0.139 0.7279999999997022 0
570 0.139 0.7307999999997091 0
571 0.139 0.733599999999716 0
572 0.139 0.7363999999997231 0
573 0.139 0.7391999999997299 0
574 0.139 0.7419999999997369 0
575 0.139 0.7447999999997437 0
576 0.139 0.7475999999997505 0
577 0.139 0.7503999999997575 0
578 0.139 0.7531999999997644 0
579 0.139 0.7559999999997713 0
580 0.139 0.7587999999997783 0
581 0.139 0.7615999999997851 0
582 0.139 0.7643999999997919 0
583 0.139 0.7671999999997989 0
584 0.139 0.7699999999998057 0
585 0.139 0.7727999999998127 0
586 0.139 0.7755999999998197 0
587 0.139 0.7783999999998266 0
588 0.139 0.7811999999998334 0
589 0.139 0.7839999999998403 0
590 0.139 0.7867999999998472 0
591 0.139 0.7895999999998542 0
592 0.139 0.792399999999861 0
593 0.139 0.795199999999868 0
594 0.139 0.7979999999998748 0
595 0.139 0.8007999999998816 0
596 0.139 0.8035999999998886 0
597 0.139 0.8063999999998955 0
598 0.139 0.8091999999999024 0
599 0.139 0.8119999999999095 0
600 0.139 0.8147999999999163 0
601 0.139 0.8175999999999231 0
602 0.139 0.8203999999999301 0
603 0.139 0.8231999999999369 0
604 0.139 0.8259999999999439 0
605 0.139 0.8287999999999508 0
606 0.139 0.8315999999999577 0
607 0.139 0.8343999999999676 0
608 0.139 0.8371999999999837 0
609 0.111 0.8372000000000114 0
610 0.111 0.8344000000000228 0
611 0.111 0.8316000000000282 0
612 0.111 0.8288000000000304 0
613 0.111 0.8260000000000325 0
614 0.111 0.8232000000000347 0
615 0.111 0.8204000000000369 0
616 0.111 0.8176000000000481 0
617 0.111 0.8148000000000595 0
618 0.111 0.8120000000000709 0
619 0.111 0.8092000000000823 0
620 0.111 0.8064000000000912 0
621 0.111 0.8036000000000934 0
622 0.111 0.8008000000000954 0
623 0.111 0.7980000000000976 0
624 0.111 0.7952000000000998 0
625 0.111 0.7924000000001075 0
626 0.111 0.789600000000119 0
627 0.111 0.7868000000001304 0
628 0.111 0.7840000000001418 0
629 0.111 0.7812000000001532 0
630 0.111 0.7784000000001563 0
631 0.111 0.7756000000001585 0
632 0.111 0.7728000000001607 0
633 0.111 0.7700000000001628 0
634 0.111 0.767200000000167 0
635 0.111 0.7644000000001785 0
636 0.111 0.7616000000001899 0
637 0.111 0.7588000000002013 0
638 0.111 0.7560000000002127 0
639 0.111 0.7532000000002192 0
640 0.111 0.7504000000002214 0
641 0.111 0.7476000000002219 0
642 0.111 0.7448000000002148 0
643 0.111 0.7420000000002077 0
644 0.111 0.7392000000002085 0
645 0.111 0.7364000000002107 0
646 0.111 0.7336000000002174 0
647 0.111 0.7308000000002288 0
648 0.111 0.7280000000002389 0
649 0.111 0.725200000000241 0
650 0.111 0.7224000000002432 0
651 0.111 0.7196000000002454 0
652 0.111 0.7168000000002476 0
653 0.111 0.7140000000002541 0
654 0.111 0.7112000000002655 0
655 0.111 0.7084000000002769 0
656 0.111 0.7056000000002884 0
657 0.111 0.7028000000002999 0
658 0.111 0.7000000000003113 0
659 0.111 0.6972000000003227 0
660 0.111 0.6944000000003301 0
661 0.111 0.6916000000003322 0
662 0.111 0.6888000000003344 0
663 0.111 0.6860000000003366 0
664 0.111 0.6832000000003388 0
665 0.111 0.6804000000003478 0
666 0.111 0.6776000000003592 0
667 0.111 0.674800000000367 0
668 0.111 0.6720000000003692 0
669 0.111 0.6692000000003713 0
670 0.111 0.6664000000003735 0
671 0.111 0.6636000000003757 0
672 0.111 0.6608000000003845 0
673 0.111 0.6580000000003959 0
674 0.111 0.6552000000004073 0
675 0.111 0.6524000000004189 0
676 0.111 0.6496000000004302 0
677 0.111 0.6468000000004417 0
678 0.111 0.6440000000004531 0
679 0.111 0.6412000000004645 0
680 0.111 0.6384000000004759 0
681 0.111 0.6356000000004873 0
682 0.111 0.6328000000004987 0
683 0.111 0.6300000000005102 0
684 0.111 0.6272000000005217 0
685 0.111 0.6244000000005331 0
686 0.111 0.6216000000005445 0
687 0.111 0.618800000000556 0
688 0.111 0.6160000000005674 0
689 0.111 0.6132000000005788 0
690 0.111 0.6104000000005902 0
691 0.111 0.6076000000006017 0
692 0.111 0.6048000000006131 0
693 0.111 0.6020000000006245 0
694 0.111 0.599200000000636 0
695 0.111 0.5964000000006473 0
696 0.111 0.5936000000006588 0
697 0.111 0.5908000000006702 0
698 0.111 0.5880000000006816 0
699 0.111 0.5852000000006932 0
700 0.111 0.582400000000699 0
701 0.111 0.5796000000007011 0
702 0.111 0.5768000000007034 0
703 0.111 0.5740000000007056 0
704 0.111 0.5712000000007078 0
705 0.111 0.5684000000007099 0
706 0.111 0.5656000000007121 0
707 0.111 0.5628000000007143 0
708 0.111 0.5600000000007165 0
709 0.111 0.5572000000007207 0
710 0.111 0.5544000000007321 0
711 0.111 0.5516000000007435 0
712 0.111 0.5488000000007549 0
713 0.111 0.5460000000007663 0
714 0.111 0.5432000000007777 0
715 0.111 0.5404000000007891 0
716 0.111 0.5376000000008007 0
717 0.111 0.5348000000008122 0
718 0.111 0.5320000000008236 0
719 0.111 0.529200000000835 0
720 0.111 0.5264000000008464 0
721 0.111 0.5236000000008578 0
722 0.111 0.5208000000008692 0
723 0.111 0.5180000000008806 0
724 0.111 0.5152000000008921 0
725 0.111 0.5124000000009036 0
726 0.111 0.509600000000915 0
727 0.111 0.5068000000009263 0
728 0.111 0.5040000000009378 0
729 0.111 0.5012000000009493 0
730 0.111 0.4984000000009601 0
731 0.111 0.4956000000009669 0
732 0.111 0.4928000000009737 0
733 0.111 0.4900000000009805 0
734 0.111 0.4872000000009873 0
735 0.111 0.4844000000009941 0
736 0.111 0.4816000000010009 0
737 0.111 0.4788000000010078 0
738 0.111 0.4760000000010146 0
739 0.111 0.4732000000010213 0
740 0.111 0.4704000000010281 0
741 0.111 0.467600000001035 0
742 0.111 0.4648000000010417 0
743 0.111 0.4620000000010485 0
744 0.111 0.4592000000010553 0
745 0.111 0.4564000000010621 0
746 0.111 0.4536000000010689 0
747 0.111 0.4508000000010757 0
748 0.111 0.4480000000010825 0
749 0.111 0.4452000000010893 0
750 0.111 0.4424000000010961 0
751 0.111 0.4396000000011029 0
752 0.111 0.4368000000011097 0
753 0.111 0.4340000000011165 0
754 0.111 0.4312000000011232 0
755 0.111 0.4284000000011301 0
756 0.111 0.4256000000011352 0
757 0.111 0.4228000000011374 0
758 0.111 0.4200000000011396 0
759 0.111 0.4172000000011324 0
760 0.111 0.4144000000011254 0
761 0.111 0.4116000000011152 0
762 0.111 0.4088000000011036 0
763 0.111 0.4060000000010933 0
764 0.111 0.4032000000010862 0
765 0.111 0.4004000000010792 0
766 0.111 0.397600000001072 0
767 0.111 0.394800000001065 0
768 0.111 0.3920000000010579 0
769 0.111 0.3892000000010508 0
770 0.111 0.3864000000010436 0
771 0.111 0.3836000000010366 0
772 0.111 0.3808000000010295 0
773 0.111 0.3780000000010225 0
774 0.111 0.3752000000010153 0
775 0.111 0.3724000000010082 0
776 0.111 0.3696000000010012 0
777 0.111 0.366800000000994 0
778 0.111 0.364000000000987 0
779 0.111 0.3612000000009799 0
780 0.111 0.3584000000009727 0
781 0.111 0.3556000000009656 0
782 0.111 0.3528000000009585 0
783 0.111 0.3500000000009515 0
784 0.111 0.3472000000009443 0
785 0.111 0.3444000000009373 0
786 0.111 0.3416000000009302 0
787 0.111 0.3388000000009231 0
788 0.111 0.336000000000916 0
789 0.111 0.3332000000009089 0
790 0.111 0.3304000000009019 0
791 0.111 0.3276000000008947 0
792 0.111 0.3248000000008877 0
793 0.111 0.3220000000008806 0
794 0.111 0.3192000000008735 0
795 0.111 0.3164000000008663 0
796 0.111 0.3136000000008592 0
797 0.111 0.3108000000008522 0
798 0.111 0.3080000000008452 0
799 0.111 0.305200000000838 0
800 0.111 0.3024000000008309 0
801 0.111 0.2996000000008239 0
802 0.111 0.2968000000008167 0
803 0.111 0.2940000000008096 0
804 0.111 0.2912000000008026 0
805 0.111 0.2884000000007956 0
806 0.111 0.2856000000007883 0
807 0.111 0.2828000000007812 0
808 0.111 0.2800000000007742 0
809 0.111 0.2772000000007671 0
810 0.111 0.2744000000007599 0
811 0.111 0.2716000000007529 0
812 0.111 0.2688000000007459 0
813 0.111 0.2660000000007386 0
814 0.111 0.2632000000007316 0
815 0.111 0.2604000000007246 0
816 0.111 0.2576000000007175 0
817 0.111 0.2548000000007103 0
818 0.111 0.2520000000007033 0
819 0.111 0.2492000000006962 0
820 0.111 0.2464000000006891 0
821 0.111 0.2436000000006819 0
822 0.111 0.2408000000006749 0
823 0.111 0.2380000000006678 0
824 0.111 0.2352000000006607 0
825 0.111 0.2324000000006536 0
826 0.111 0.2296000000006465 0
827 0.111 0.2268000000006395 0
828 0.111 0.2240000000006324 0
829 0.111 0.2212000000006189 0
830 0.111 0.2184000000006027 0
831 0.111 0.2156000000005862 0
832 0.111 0.2128000000005699 0
833 0.111 0.2100000000005535 0
834 0.111 0.2072000000005464 0
835 0.111 0.2044000000005394 0
836 0.111 0.2016000000005324 0
837 0.111 0.1988000000005252 0
838 0.111 0.1960000000005181 0
839 0.111 0.1932000000005111 0
840 0.111 0.1904000000005039 0
841 0.111 0.1876000000004968 0
842 0.111 0.1848000000004898 0
843 0.111 0.1820000000004827 0
844 0.111 0.1792000000004756 0
845 0.111 0.1764000000004684 0
846 0.111 0.1736000000004614 0
847 0.111 0.1708000000004543 0
848 0.111 0.1680000000004472 0
849 0.111 0.1652000000004401 0
850 0.111 0.162400000000433 0
851 0.111 0.159600000000426 0
852 0.111 0.1568000000004188 0
853 0.111 0.1540000000004117 0
854 0.111 0.1512000000004047 0
855 0.111 0.1484000000003977 0
856 0.111 0.1456000000003905 0
857 0.111 0.1428000000003834 0
858 0.111 0.1400000000003763 0
859 0.111 0.1372000000003692 0
860 0.111 0.134400000000362 0
861 0.111 0.131600000000355 0
862 0.111 0.128800000000348 0
863 0.111 0.1260000000003407 0
864 0.111 0.1232000000003337 0
865 0.111 0.1204000000003267 0
866 0.111 0.1176000000003196 0
867 0.111 0.1148000000003124 0
868 0.111 0.1120000000003054 0
869 0.111 0.1092000000002983 0
870 0.111 0.1064000000002912 0
871 0.111 0.1036000000002841 0
872 0.111 0.1008000000002771 0
873 0.111 0.09800000000026998 0
874 0.111 0.09520000000026285 0
875 0.111 0.09240000000025583 0
876 0.111 0.0896000000002487 0
877 0.111 0.08680000000024146 0
878 0.111 0.08400000000023433 0
879 0.111 0.08120000000022731 0
880 0.111 0.07840000000022018 0
881 0.111 0.07560000000021316 0
882 0.111 0.07280000000020603 0
883 0.111 0.0700000000001989 0
884 0.111 0.06720000000019188 0
885 0.111 0.06440000000018475 0
886 0.111 0.06160000000017762 0
887 0.111 0.0588000000001706 0
888 0.111 0.05600000000016359 0
889 0.111 0.05320000000015646 0
890 0.111 0.05040000000014933 0
891 0.111 0.04760000000014231 0
892 0.111 0.04480000000013518 0
893 0.111 0.04200000000012805 0
894 0.111 0.03920000000012103 0
895 0.111 0.03640000000011401 0
896 0.111 0.03360000000010677 0
897 0.111 0.03080000000009975 0
898 0.111 0.02800000000009273 0
899 0.111 0.02520000000008549 0
900 0.111 0.02240000000007847 0
901 0.111 0.01960000000007145 0
902 0.111 0.01680000000006432 0
903 0.111 0.01400000000005708 0
904 0.111 0.01120000000004995 0
905 0.111 0.008400000000042929 0
906 0.111 0.00560000000003269 0
907 0.111 0.002800000000016345 0
908 -0.111 0.002799999999994956 0
909 -0.111 0.005599999999989913 0
910 -0.111 0.008399999999984822 0
911 -0.111 0.01119999999997971 0
912 -0.111 0.01399999999997455 0
913 -0.111 0.01679999999996929 0
914 -0.111 0.01959999999996404 0
915 -0.111 0.02239999999995878 0
916 -0.111 0.02519999999995352 0
917 -0.111 0.02799999999994808 0
918 -0.111 0.03079999999994253 0
919 -0.111 0.0335999999999369 0
920 -0.111 0.03639999999993106 0
921 -0.111 0.03919999999992523 0
922 -0.111 0.04199999999991939 0
923 -0.111 0.04479999999991355 0
924 -0.111 0.04759999999990773 0
925 -0.111 0.05039999999990189 0
926 -0.111 0.05319999999989619 0
927 -0.111 0.05599999999989093 0
928 -0.111 0.05879999999988568 0
929 -0.111 0.06159999999988094 0
930 -0.111 0.06439999999987626 0
931 -0.111 0.06719999999987158 0
932 -0.111 0.0699999999998669 0
933 -0.111 0.07279999999986222 0
934 -0.111 0.07559999999985753 0
935 -0.111 0.07839999999985287 0
936 -0.111 0.08119999999984819 0
937 -0.111 0.08399999999984349 0
938 -0.111 0.08679999999983942 0
939 -0.111 0.08959999999983591 0
940 -0.111 0.0923999999998326 0
941 -0.111 0.09519999999983024 0
942 -0.111 0.09799999999982785 0
943 -0.111 0.1007999999998245 0
944 -0.111 0.103599999999821 0
945 -0.111 0.1063999999998163 0
946 -0.111 0.1091999999998105 0
947 -0.111 0.1119999999998045 0
948 -0.111 0.1147999999997975 0
949 -0.111 0.1175999999997905 0
950 -0.111 0.1203999999997835 0
951 -0.111 0.1231999999997765 0
952 -0.111 0.1259999999997695 0
953 -0.111 0.1287999999997625 0
954 -0.111 0.1315999999997555 0
955 -0.111 0.1343999999997485 0
956 -0.111 0.1371999999997415 0
957 -0.111 0.1399999999997345 0
958 -0.111 0.1427999999997275 0
959 -0.111 0.1455999999997205 0
960 -0.111 0.1483999999997135 0
961 -0.111 0.1511999999997065 0
962 -0.111 0.1539999999996995 0
963 -0.111 0.1567999999996925 0
964 -0.111 0.1595999999996855 0
965 -0.111 0.1623999999996786 0
966 -0.111 0.1651999999996716 0
967 -0.111 0.1679999999996646 0
968 -0.111 0.1707999999996576 0
969 -0.111 0.1735999999996506 0
970 -0.111 0.1763999999996436 0
971 -0.111 0.1791999999996366 0
972 -0.111 0.1819999999996296 0
973 -0.111 0.1847999999996218 0
974 -0.111 0.1875999999996124 0
975 -0.111 0.1903999999996031 0
976 -0.111 0.1931999999995914 0
977 -0.111 0.1959999999995798 0
978 -0.111 0.1987999999995682 0
979 -0.111 0.2015999999995566 0
980 -0.111 0.2043999999995449 0
981 -0.111 0.2071999999995333 0
982 -0.111 0.2099999999995217 0
983 -0.111 0.2127999999995101 0
984 -0.111 0.2155999999994985 0
985 -0.111 0.2183999999994868 0
986 -0.111 0.2211999999994753 0
987 -0.111 0.2239999999994636 0
988 -0.111 0.226799999999452 0
989 -0.111 0.2295999999994404 0
990 -0.111 0.232399999999431 0
991 -0.111 0.2351999999994217 0
992 -0.111 0.2379999999994138 0
993 -0.111 0.2407999999994068 0
994 -0.111 0.2435999999993999 0
995 -0.111 0.2463999999993929 0
996 -0.111 0.2491999999993859 0
997 -0.111 0.2519999999993767 0
998 -0.111 0.2547999999993674 0
999 -0.111 0.2575999999993595 0
1000 -0.111 0.2603999999993525 0
1001 -0.111 0.2631999999993455 0
1002 -0.111 0.2659999999993385 0
1003 -0.111 0.2687999999993315 0
1004 -0.111 0.2715999999993245 0
1005 -0.111 0.2743999999993176 0
1006 -0.111 0.2771999999993106 0
1007 -0.111 0.2799999999993036 0
1008 -0.111 0.2827999999992966 0
1009 -0.111 0.2855999999992896 0
1010 -0.111 0.2883999999992826 0
1011 -0.111 0.2911999999992756 0
1012 -0.111 0.2939999999992686 0
1013 -0.111 0.2967999999992592 0
1014 -0.111 0.2995999999992476 0
1015 -0.111 0.3023999999992359 0
1016 -0.111 0.3051999999992244 0
1017 -0.111 0.3079999999992127 0
1018 -0.111 0.3107999999992011 0
1019 -0.111 0.3135999999991895 0
1020 -0.111 0.3163999999991778 0
1021 -0.111 0.3191999999991663 0
1022 -0.111 0.3219999999991546 0
1023 -0.111 0.3247999999991431 0
1024 -0.111 0.3275999999991314 0
1025 -0.111 0.3303999999991197 0
1026 -0.111 0.3331999999991082 0
1027 -0.111 0.3359999999990965 0
1028 -0.111 0.3387999999990849 0
1029 -0.111 0.3415999999990739 0
1030 -0.111 0.3443999999990668 0
1031 -0.111 0.3471999999990599 0
1032 -0.111 0.3499999999990529 0
1033 -0.111 0.3527999999990459 0
1034 -0.111 0.355599999999039 0
1035 -0.111 0.3583999999990319 0
1036 -0.111 0.361199999999025 0
1037 -0.111 0.3639999999990179 0
1038 -0.111 0.366799999999011 0
1039 -0.111 0.369599999999004 0
1040 -0.111 0.372399999998997 0
1041 -0.111 0.37519999999899 0
1042 -0.111 0.377999999998983 0
1043 -0.111 0.3807999999989761 0
1044 -0.111 0.383599999998969 0
1045 -0.111 0.3863999999989621 0
1046 -0.111 0.3891999999989551 0
1047 -0.111 0.3919999999989481 0
1048 -0.111 0.3947999999989411 0
1049 -0.111 0.3975999999989341 0
1050 -0.111 0.4003999999989271 0
1051 -0.111 0.4031999999989201 0
1052 -0.111 0.4059999999989132 0
1053 -0.111 0.4087999999989061 0
1054 -0.111 0.4115999999988992 0
1055 -0.111 0.4143999999988938 0
1056 -0.111 0.4171999999988914 0
1057 -0.111 0.419999999998889 0
1058 -0.111 0.4227999999988959 0
1059 -0.111 0.4255999999989027 0
1060 -0.111 0.4283999999989127 0
1061 -0.111 0.4311999999989242 0
1062 -0.111 0.4339999999989343 0
1063 -0.111 0.4367999999989411 0
1064 -0.111 0.4395999999989481 0
1065 -0.111 0.4423999999989551 0
1066 -0.111 0.4451999999989619 0
1067 -0.111 0.4479999999989688 0
1068 -0.111 0.4507999999989758 0
1069 -0.111 0.4535999999989825 0
1070 -0.111 0.4563999999989895 0
1071 -0.111 0.4591999999989964 0
1072 -0.111 0.4619999999990033 0
1073 -0.111 0.4647999999990102 0
1074 -0.111 0.4675999999990171 0
1075 -0.111 0.4703999999990241 0
1076 -0.111 0.473199999999031 0
1077 -0.111 0.4759999999990378 0
1078 -0.111 0.4787999999990448 0
1079 -0.111 0.4815999999990516 0
1080 -0.111 0.4843999999990585 0
1081 -0.111 0.4871999999990655 0
1082 -0.111 0.4899999999990723 0
1083 -0.111 0.4927999999990793 0
1084 -0.111 0.4955999999990862 0
1085 -0.111 0.498399999999093 0
1086 -0.111 0.5011999999990999 0
1087 -0.111 0.5039999999991068 0
1088 -0.111 0.5067999999991137 0
1089 -0.111 0.5095999999991206 0
1090 -0.111 0.5123999999991276 0
1091 -0.111 0.5151999999991345 0
1092 -0.111 0.5179999999991414 0
1093 -0.111 0.5207999999991483 0
1094 -0.111 0.5235999999991552 0
1095 -0.111 0.526399999999162 0
1096 -0.111 0.529199999999169 0
1097 -0.111 0.5319999999991759 0
1098 -0.111 0.5347999999991827 0
1099 -0.111 0.5375999999991896 0
1100 -0.111 0.5403999999991966 0
1101 -0.111 0.5431999999992034 0
1102 -0.111 0.5459999999992103 0
1103 -0.111 0.5487999999992172 0
1104 -0.111 0.5515999999992242 0
1105 -0.111 0.5543999999992311 0
1106 -0.111 0.557199999999238 0
1107 -0.111 0.5599999999992449 0
1108 -0.111 0.5627999999992518 0
1109 -0.111 0.5655999999992587 0
1110 -0.111 0.5683999999992656 0
1111 -0.111 0.5711999999992725 0
1112 -0.111 0.5739999999992794 0
1113 -0.111 0.5767999999992863 0
1114 -0.111 0.5795999999992931 0
1115 -0.111 0.5823999999993001 0
1116 -0.111 0.5851999999993071 0
1117 -0.111 0.5879999999993138 0
1118 -0.111 0.5907999999993208 0
1119 -0.111 0.5935999999993277 0
1120 -0.111 0.5963999999993346 0
1121 -0.111 0.5991999999993415 0
1122 -0.111 0.6019999999993484 0
1123 -0.111 0.6047999999993553 0
1124 -0.111 0.6075999999993622 0
1125 -0.111 0.6103999999993691 0
1126 -0.111 0.613199999999376 0
1127 -0.111 0.6159999999993829 0
1128 -0.111 0.6187999999993962 0
1129 -0.111 0.6215999999994124 0
1130 -0.111 0.6243999999994284 0
1131 -0.111 0.6271999999994445 0
1132 -0.111 0.6299999999994608 0
1133 -0.111 0.6327999999994677 0
1134 -0.111 0.6355999999994745 0
1135 -0.111 0.6383999999994815 0
1136 -0.111 0.6411999999994883 0
1137 -0.111 0.6439999999994952 0
1138 -0.111 0.6467999999995022 0
1139 -0.111 0.649599999999509 0
1140 -0.111 0.6523999999995159 0
1141 -0.111 0.6551999999995228 0
1142 -0.111 0.6579999999995297 0
1143 -0.111 0.6607999999995366 0
1144 -0.111 0.6635999999995436 0
1145 -0.111 0.6663999999995505 0
1146 -0.111 0.6691999999995574 0
1147 -0.111 0.6719999999995642 0
1148 -0.111 0.6747999999995712 0
1149 -0.111 0.6775999999995781 0
1150 -0.111 0.6803999999995849 0
1151 -0.111 0.6831999999995919 0
1152 -0.111 0.6859999999995987 0
1153 -0.111 0.6887999999996056 0
1154 -0.111 0.6915999999996126 0
1155 -0.111 0.6943999999996194 0
1156 -0.111 0.6971999999996263 0
1157 -0.111 0.6999999999996334 0
1158 -0.111 0.7027999999996402 0
1159 -0.111 0.7055999999996471 0
1160 -0.111 0.708399999999654 0
1161 -0.111 0.7111999999996609 0
1162 -0.111 0.7139999999996678 0
1163 -0.111 0.7167999999996746 0
1164 -0.111 0.7195999999996816 0
1165 -0.111 0.7223999999996885 0
1166 -0.111 0.7251999999996954 0
1167 -0.111 0.7279999999997022 0
1168 -0.111 0.7307999999997091 0
1169 -0.111 0.733599999999716 0
1170 -0.111 0.7363999999997231 0
1171 -0.111 0.7391999999997299 0
1172 -0.111 0.7419999999997369 0
1173 -0.111 0.7447999999997437 0
1174 -0.111 0.7475999999997505 0
1175 -0.111 0.7503999999997575 0
1176 -0.111 0.7531999999997644 0
1177 -0.111 0.7559999999997713 0
1178 -0.111 0.7587999999997783 0
1179 -0.111 0.7615999999997851 0
1180 -0.111 0.7643999999997919 0
1181 -0.111 0.7671999999997989 0
1182 -0.111 0.7699999999998057 0
1183 -0.111 0.7727999999998127 0
1184 -0.111 0.7755999999998197 0
1185 -0.111 0.7783999999998266 0
1186 -0.111 0.7811999999998334 0
1187 -0.111 0.7839999999998403 0
1188 -0.111 0.7867999999998472 0
1189 -0.111 0.7895999999998542 0
1190 -0.111 0.792399999999861 0
1191 -0.111 0.795199999999868 0
1192 -0.111 0.7979999999998748 0
1193 -0.111 0.8007999999998816 0
1194 -0.111 0.8035999999998886 0
1195 -0.111 0.8063999999998955 0
1196 -0.111 0.8091999999999024 0
1197 -0.111 0.8119999999999095 0
1198 -0.111 0.8147999999999163 0
1199 -0.111 0.8175999999999231 0
1200 -0.111 0.8203999999999301 0
1201 -0.111 0.8231999999999369 0
1202 -0.111 0.8259999999999439 0
1203 -0.111 0.8287999999999508 0
1204 -0.111 0.8315999999999577 0
1205 -0.111 0.8343999999999676 0
1206 -0.111 0.8371999999999837 0
1207 -0.1137999999999935 0.84 0
1208 -0.1165999999999886 0.84 0
1209 -0.1193999999999832 0.84 0
1210 -0.1221999999999767 0.84 0
1211 -0.1249999999999675 0.84 0
1212 -0.1277999999999783 0.84 0
1213 -0.1305999999999751 0.84 0
1214 -0.1333999999999816 0.84 0
1215 -0.1361999999999935 0.84 0
1216 0.1362000000000038 0.84 0
1217 0.1334 0.84 0
1218 0.130600000000006 0.84 0
1219 0.1278000000000206 0.84 0
1220 0.1250000000000298 0.84 0
1221 0.122200000000033 0.84 0
1222 0.1194000000000303 0.84 0
1223 0.1166000000000222 0.84 0
1224 0.1138000000000146 0.84 0
1225 -0.1389718148287596 -0.002799050410580323 0
1226 -0.1388872707453055 -0.005596965688675848 0
1227 -0.1387464020358456 -0.0083926111614629 0
1228 -0.138549265828554 -0.01118485307765301 0
1229 -0.1382959420705298 -0.0139725590649914 0
1230 -0.137986533495088 -0.01675459859289262 0
1231 -0.1376211655804529 -0.01952984342685752 0
1232 -0.1371999864984506 -0.02229716808980408 0
1233 -0.1367231670547457 -0.02505545031565218 0
1234 -0.1361909006196966 -0.02780357150432162 0
1235 -0.1356034030503463 -0.03054041717405532 0
1236 -0.1349609126011714 -0.03326487742137326 0
1237 -0.1342636898294409 -0.03597584736157998 0
1238 -0.1335120174879488 -0.03867222758385736 0
1239 -0.1327062004111873 -0.04135292459338032 0
1240 -0.1318465653922345 -0.04401685125348294 0
1241 -0.1309334610491333 -0.04666292723024464 0
1242 -0.1299672576835375 -0.04929007943005333 0
1243 -0.1289483471313179 -0.0518972424325334 0
1244 -0.1278771426053959 -0.05448335891884093 0
1245 -0.1267540785234442 -0.05704738011225888 0
1246 -0.1255796103350756 -0.05958826619470129 0
1247 -0.1243542143370267 -0.06210498672909307 0
1248 -0.123078387476344 -0.06459652108452067 0
1249 -0.1217526471556251 -0.06706185883643433 0
1250 -0.1203775310209461 -0.06950000018202269 0
1251 -0.1189535967349118 -0.07190995636090998 0
1252 -0.1174814217668901 -0.0742907500273761 0
1253 -0.1159616031436137 -0.07664141567300964 0
1254 -0.1143947572155487 -0.07896100000377197 0
1255 -0.1127815194061256 -0.0812485623284851 0
1256 -0.1111225439499141 -0.08350317494622232 0
1257 -0.1094185036304751 -0.08572392351769548 0
1258 -0.1076700895101542 -0.08790990743298156 0
1259 -0.1058780106449915 -0.09006024018321891 0
1260 -0.1040429937913309 -0.09217404972624937 0
1261 -0.1021657831309121 -0.09425047881707251 0
1262 -0.1002471399540146 -0.09628868537393277 0
1263 -0.09828784234608597 -0.09828784282377426 0
1264 -0.09628868489480165 -0.1002471404142263 0
1265 -0.09425047834113913 -0.1021657835699725 0
1266 -0.09217404925500891 -0.1040429942088135 0
1267 -0.09006023972128653 -0.1058780110379129 0
1268 -0.08790990697371558 -0.1076700898851333 0
1269 -0.08572392306328555 -0.1094185039864826 0
1270 -0.08350317450238837 -0.1111225442834337 0
1271 -0.0812485618911072 -0.1127815197212155 0
1272 -0.07896099957374436 -0.1143947575123753 0
1273 -0.07664141525532031 -0.1159616034196732 0
1274 -0.07429074961936785 -0.1174814220248989 0
1275 -0.07190995596235901 -0.1189535969758443 0
1276 -0.06949999979658913 -0.1203775312434763 0
1277 -0.0670618584632694 -0.1217526473611659 0
1278 -0.06459652071516744 -0.1230783876701956 0
1279 -0.06210498637044169 -0.1243542145161444 0
1280 -0.05958826585049082 -0.1255796104984055 0
1281 -0.05704737977669173 -0.1267540786744707 0
1282 -0.05448335859557011 -0.1278771427431287 0
1283 -0.05189724212384255 -0.1289483472555553 0
1284 -0.04929007913927097 -0.1299672577938167 0
1285 -0.04666292695280761 -0.1309334611480081 0
1286 -0.04401685099172369 -0.1318465654796225 0
1287 -0.04135292434717124 -0.1327062004879091 0
1288 -0.03867222734202963 -0.133512017557995 0
1289 -0.03597584713620739 -0.1342636898898293 0
1290 -0.03326487721484629 -0.1349609126520757 0
1291 -0.03054041698125289 -0.135603403093769 0
1292 -0.02780357133155857 -0.1361909006549664 0
1293 -0.02505545016675037 -0.1367231670820329 0
1294 -0.02229716795477074 -0.1371999865203957 0
1295 -0.01952984330894707 -0.1376211655971856 0
1296 -0.01675459849360926 -0.1379865335071432 0
1297 -0.01397255898191788 -0.138295942078923 0
1298 -0.01118485300822779 -0.1385492658341586 0
1299 -0.00839261110981899 -0.1387464020389695 0
1300 -0.005596965655520901 -0.1388872707466416 0
1301 -0.002799050391712438 -0.1389718148291396 0
1302 0.002799050410580323 -0.1389718148287596 0
1303 0.005596965688675848 -0.1388872707453055 0
1304 0.0083926111614629 -0.1387464020358456 0
1305 0.01118485307765301 -0.138549265828554 0
1306 0.0139725590649914 -0.1382959420705298 0
1307 0.01675459859289262 -0.137986533495088 0
1308 0.01952984342685752 -0.1376211655804529 0
1309 0.02229716808980408 -0.1371999864984506 0
1310 0.02505545031565218 -0.1367231670547457 0
1311 0.02780357150432162 -0.1361909006196966 0
1312 0.03054041717405532 -0.1356034030503463 0
1313 0.03326487742137326 -0.1349609126011714 0
1314 0.03597584736157998 -0.1342636898294409 0
1315 0.03867222758385736 -0.1335120174879488 0
1316 0.04135292459338032 -0.1327062004111873 0
1317 0.04401685125348294 -0.1318465653922345 0
1318 0.04666292723024464 -0.1309334610491333 0
1319 0.04929007943005333 -0.1299672576835375 0
1320 0.0518972424325334 -0.1289483471313179 0
1321 0.05448335891884093 -0.1278771426053959 0
1322 0.05704738011225888 -0.1267540785234442 0
1323 0.05958826619470129 -0.1255796103350756 0
1324 0.06210498672909307 -0.1243542143370267 0
1325 0.06459652108452067 -0.123078387476344 0
1326 0.06706185883643433 -0.1217526471556251 0
1327 0.06950000018202269 -0.1203775310209461 0
1328 0.07190995636090998 -0.1189535967349118 0
1329 0.0742907500273761 -0.1174814217668901 0
1330 0.07664141567300964 -0.1159616031436137 0
1331 0.07896100000377197 -0.1143947572155487 0
1332 0.0812485623284851 -0.1127815194061256 0
1333 0.08350317494622232 -0.1111225439499141 0
1334 0.08572392351769548 -0.1094185036304751 0
1335 0.08790990743298156 -0.1076700895101542 0
1336 0.09006024018321891 -0.1058780106449915 0
1337 0.09217404972624937 -0.1040429937913309 0
1338 0.09425047881707251 -0.1021657831309121 0
1339 0.09628868537393277 -0.1002471399540146 0
1340 0.09828784282377426 -0.09828784234608597 0
1341 0.1002471404142263 -0.09628868489480165 0
1342 0.1021657835699725 -0.09425047834113913 0
1343 0.1040429942088135 -0.09217404925500891 0
1344 0.1058780110379129 -0.09006023972128653 0
1345 0.1076700898851333 -0.08790990697371558 0
1346 0.1094185039864826 -0.08572392306328555 0
1347 0.1111225442834337 -0.08350317450238837 0
1348 0.1127815197212155 -0.0812485618911072 0
1349 0.1143947575123753 -0.07896099957374436 0
1350 0.1159616034196732 -0.07664141525532031 0
1351 0.1174814220248989 -0.07429074961936785 0
1352 0.1189535969758443 -0.07190995596235901 0
1353 0.1203775312434763 -0.06949999979658913 0
1354 0.1217526473611659 -0.0670618584632694 0
1355 0.1230783876701956 -0.06459652071516744 0
1356 0.1243542145161444 -0.06210498637044169 0
1357 0.1255796104984055 -0.05958826585049082 0
1358 0.1267540786744707 -0.05704737977669173 0
1359 0.1278771427431287 -0.05448335859557011 0
1360 0.1289483472555553 -0.05189724212384255 0
1361 0.1299672577938167 -0.04929007913927097 0
1362 0.1309334611480081 -0.04666292695280761 0
1363 0.1318465654796225 -0.04401685099172369 0
1364 0.1327062004879091 -0.04135292434717124 0
1365 0.133512017557995 -0.03867222734202963 0
1366 0.1342636898898293 -0.03597584713620739 0
1367 0.1349609126520757 -0.03326487721484629 0
1368 0.135603403093769 -0.03054041698125289 0
1369 0.1361909006549664 -0.02780357133155857 0
1370 0.1367231670820329 -0.02505545016675037 0
1371 0.1371999865203957 -0.02229716795477074 0
1372 0.1376211655971856 -0.01952984330894707 0
1373 0.1379865335071432 -0.01675459849360926 0
1374 0.138295942078923 -0.01397255898191788 0
1375 0.1385492658341586 -0.01118485300822779 0
1376 0.1387464020389695 -0.00839261110981899 0
1377 0.1388872707466416 -0.005596965655520901 0
1378 0.1389718148291396 -0.002799050391712438 0
1379 0.1109654992019318 -0.002767306789295205 0
1380 0.110862018254676 -0.005532893320848807 0
1381 0.1106896214857532 -0.0082950404062114 0
1382 0.1104484160632429 -0.01105203099528718 0
1383 0.1101385519289292 -0.01380215124531539 0
1384 0.1097602217054751 -0.01654369158213957 0
1385 0.1093136605765498 -0.01927494776529506 0
1386 0.1087991461406652 -0.02199422194718806 0
1387 0.1082169982386981 -0.02469982372822952 0
1388 0.1075675787543253 -0.02739007121078763 0
1389 0.1068512913907902 -0.03006329203730769 0
1390 0.1060685814173242 -0.03271782444045544 0
1391 0.1052199353945594 -0.03535201826720416 0
1392 0.1043058808726097 -0.03796423600428363 0
1393 0.1033269860590271 -0.0405528538078101 0
1394 0.1022838594712679 -0.04311626249643999 0
1395 0.101177149554311 -0.04565286856337263 0
1396 0.1000075442782952 -0.04816109516430061 0
1397 0.09877577071278019 -0.05063938309355945 0
1398 0.09748259457109372 -0.05308619176101981 0
1399 0.09612881973984075 -0.05550000013896581 0
1400 0.09471528777163012 -0.05787930772164863 0
1401 0.09324287736920368 -0.0602226354447532 0
1402 0.09171250383886592 -0.06252852660670973 0
1403 0.09012511851739394 -0.06479554778089076 0
1404 0.08848170817598019 -0.0670222897121598 0
1405 0.08678329441928362 -0.06920736817518736 0
1406 0.08503093304510796 -0.07134942484336063 0
1407 0.08322571337749747 -0.07344712814539886 0
1408 0.08136875761082196 -0.07549917406747775 0
1409 0.07946122009198496 -0.07750428698783782 0
1410 0.07750428662141694 -0.07946122044938179 0
1411 0.07549917370777424 -0.08136875794457803 0
1412 0.07344712779162826 -0.08322571368970186 0
1413 0.0713494244973841 -0.08503093333541675 0
1414 0.06920736783380717 -0.08678329469152525 0
1415 0.06702228937579867 -0.08848170843076385 0
1416 0.06479554745072366 -0.09012511875476792 0
1417 0.06252852628046654 -0.09171250406129475 0
1418 0.06022263512992691 -0.09324287757254006 0
1419 0.05787930741492178 -0.09471528795906699 0
1420 0.05549999984640332 -0.09612881990875177 0
1421 0.05308619147978926 -0.09748259472424371 0
1422 0.05063938282012023 -0.09877577085296431 0
1423 0.04816109490442181 -0.1000075444034463 0
1424 0.04565286831516071 -0.1011771496663085 0
1425 0.04311626226005383 -0.102283859570913 0
1426 0.04055285358546228 -0.1033269861462922 0
1427 0.03796423579586965 -0.1043058809484662 0
1428 0.03535201807315524 -0.1052199354597564 0
1429 0.03271782426298669 -0.1060685814720661 0
1430 0.0300632918684759 -0.1068512914382921 0
1431 0.02739007106070215 -0.1075675787925418 0
1432 0.02469982359082066 -0.1082169982700608 0
1433 0.02199422182735369 -0.1087991461648903 0
1434 0.01927494766588422 -0.1093136605940787 0
1435 0.01654369149329333 -0.1097602217188665 0
1436 0.01380215117754012 -0.1101385519374226 0
1437 0.01105203093999593 -0.1104484160687756 0
1438 0.008295040361054272 -0.1106896214891373 0
1439 0.005532893293474182 -0.1108620182560422 0
1440 0.002767306770823435 -0.1109654992023924 0
1441 -0.002767306789295205 -0.1109654992019318 0
1442 -0.005532893320848807 -0.110862018254676 0
1443 -0.0082950404062114 -0.1106896214857532 0
1444 -0.01105203099528718 -0.1104484160632429 0
1445 -0.01380215124531539 -0.1101385519289292 0
1446 -0.01654369158213957 -0.1097602217054751 0
1447 -0.01927494776529506 -0.1093136605765498 0
1448 -0.02199422194718806 -0.1087991461406652 0
1449 -0.02469982372822952 -0.1082169982386981 0
1450 -0.02739007121078763 -0.1075675787543253 0
1451 -0.03006329203730769 -0.1068512913907902 0
1452 -0.03271782444045544 -0.1060685814173242 0
1453 -0.03535201826720416 -0.1052199353945594 0
1454 -0.03796423600428363 -0.1043058808726097 0
1455 -0.0405528538078101 -0.1033269860590271 0
1456 -0.04311626249643999 -0.1022838594712679 0
1457 -0.04565286856337263 -0.101177149554311 0
1458 -0.04816109516430061 -0.1000075442782952 0
1459 -0.05063938309355945 -0.09877577071278019 0
1460 -0.05308619176101981 -0.09748259457109372 0
1461 -0.05550000013896581 -0.09612881973984075 0
1462 -0.05787930772164863 -0.09471528777163012 0
1463 -0.0602226354447532 -0.09324287736920368 0
1464 -0.06252852660670973 -0.09171250383886592 0
1465 -0.06479554778089076 -0.09012511851739394 0
1466 -0.0670222897121598 -0.08848170817598019 0
1467 -0.06920736817518736 -0.08678329441928362 0
1468 -0.07134942484336063 -0.08503093304510796 0
1469 -0.07344712814539886 -0.08322571337749747 0
1470 -0.07549917406747775 -0.08136875761082196 0
1471 -0.07750428698783782 -0.07946122009198496 0
1472 -0.07946122044938179 -0.07750428662141694 0
1473 -0.08136875794457803 -0.07549917370777424 0
1474 -0.08322571368970186 -0.07344712779162826 0
1475 -0.08503093333541675 -0.0713494244973841 0
1476 -0.08678329469152525 -0.06920736783380717 0
1477 -0.08848170843076385 -0.06702228937579867 0
1478 -0.09012511875476792 -0.06479554745072366 0
1479 -0.09171250406129475 -0.06252852628046654 0
1480 -0.09324287757254006 -0.06022263512992691 0
1481 -0.09471528795906699 -0.05787930741492178 0
1482 -0.09612881990875177 -0.05549999984640332 0
1483 -0.09748259472424371 -0.05308619147978926 0
1484 -0.09877577085296431 -0.05063938282012023 0
1485 -0.1000075444034463 -0.04816109490442181 0
1486 -0.1011771496663085 -0.04565286831516071 0
1487 -0.102283859570913 -0.04311626226005383 0
1488 -0.1033269861462922 -0.04055285358546228 0
1489 -0.1043058809484662 -0.03796423579586965 0
1490 -0.1052199354597564 -0.03535201807315524 0
1491 -0.1060685814720661 -0.03271782426298669 0
1492 -0.1068512914382921 -0.0300632918684759 0
1493 -0.1075675787925418 -0.02739007106070215 0
1494 -0.1082169982700608 -0.02469982359082066 0
1495 -0.1087991461648903 -0.02199422182735369 0
1496 -0.1093136605940787 -0.01927494766588422 0
1497 -0.1097602217188665 -0.01654369149329333 0
1498 -0.1101385519374226 -0.01380215117754012 0
1499 -0.1104484160687756 -0.01105203093999593 0
1500 -0.1106896214891373 -0.008295040361054272 0
1501 -0.1108620182560422 -0.005532893293474182 0
1502 -0.1109654992023924 -0.002767306770823435 0
1503 -0.08434089057686803 -0.07608944344834037 0
1504 0.07608985017163106 -0.08405589238890801 0
1505 -0.1108356590446584 -0.02392989811700571 0
1506 0.02367773736610434 -0.1109987814915938 0
1507 -0.1078991241469081 -0.03464620145349011 0
1508 0.03475140548873897 -0.1078499076325305 0
1509 -0.03475036915944386 -0.107864239140748 0
1510 0.1080615612765681 -0.03461770628063103 0
1511 -0.02382193112164919 -0.1106028569578382 0
1512 0.1108109444952218 -0.02383253968645548 0
1513 -0.07606060633309764 -0.08409423387967085 0
1514 0.08400300943351509 -0.07613593567889687 0
1515 -0.09104848252922505 -0.06711473361279691 0
1516 0.06731699755248799 -0.09128494810545965 0
1517 -0.1130300638342991 -0.01280213189565257 0
1518 0.01286470931305029 -0.1126021936173216 0
1519 -0.04549336660798355 -0.1040492383428551 0
1520 0.1039272698061469 -0.0453430044326111 0
1521 -0.1037540712969897 -0.04518519927937333 0
1522 0.0453416556028516 -0.1039276817437865 0
1523 -0.01253222088781923 -0.1127064550424976 0
1524 0.112537104327791 -0.01308335581251187 0
1525 -0.06730792511687796 -0.09143888681924152 0
1526 0.09106342748114823 -0.06728719761947793 0
1527 -0.09756718550498752 -0.05836830967556178 0
1528 0.05799233228978555 -0.09749472295913467 0
1529 -0.001219093577244703 -0.1133439113529978 0
1530 -0.1133856570336649 -0.001451995424659993 0
1531 -0.05545405663914825 -0.0988968505095453 0
1532 0.09889685195724132 -0.05545405575857624 0
1533 0.1133786984226327 -0.001420920883481924 0
1534 -0.1370038637202159 0.8191798173083034 0
1535 0.1136309870211034 0.8193503622256399 0
1536 -0.1368809429358699 0.8106871503933561 0
1537 0.1129482887593065 0.8108724188746429 0
1538 0.1134248711305905 0.7910000000001137 0
1539 -0.136647368184956 0.7910071729173634 0
1540 -0.1366328350351375 0.7826411448978796 0
1541 0.1134557191611724 0.7826677601758811 0
1542 -0.1364188651914178 0.7659107813377128 0
1543 0.1132681192104067 0.7655345912824586 0
1544 -0.136266942596014 0.757477998497145 0
1545 0.113345146229001 0.7571647904354486 0
1546 -0.1133319315508126 0.009971821174348292 0
1547 0.1365824962262714 0.009783740373683739 0
1548 -0.1366773033621592 0.7325211694890671 0
1549 0.1135861871707726 0.7315879349269969 0
1550 0.1367921712892378 0.01843880589978819 0
1551 -0.1138063229146752 0.01879480217590561 0
1552 -0.113100104095078 0.02679200216250705 0
1553 0.1365736168966703 0.02683592946927546 0
1554 0.1365379700634205 0.03506421928317022 0
1555 -0.1132193020014306 0.03519868594398654 0
1556 0.1372186250407909 0.04323733860701041 0
1557 -0.1130402582548016 0.04309235306225834 0
1558 -0.136410341162196 0.7125769788669865 0
1559 0.1132502595254272 0.7126015275475144 0
1560 -0.1131427453404693 0.05149426223312468 0
1561 0.1365303506626513 0.05157791181432897 0
1562 -0.1365211487156123 0.704223780963548 0
1563 0.1131391300884052 0.7043166915772145 0
1564 0.1369351380350551 0.05997033882545514 0
1565 -0.1132467971614554 0.05989371452587139 0
1566 -0.1365751288694135 0.6790000000003539 0
1567 0.1137495528350581 0.6792660194234093 0
1568 0.1367735702530706 0.06839103866615076 0
1569 -0.1133837617421035 0.06860000005794131 0
1570 0.1368507411798873 0.1136787232015067 0
1571 -0.1131108292904188 0.1135253725356493 0
1572 -0.113424871140907 0.07700000001828312 0
1573 0.1366032177078438 0.07700000000298524 0
1574 -0.1366734185029421 0.8022602261510783 0
1575 0.1131119020459656 0.8024546929623442 0
1576 -0.1365751288694117 0.6958000000003256 0
1577 0.1134248711305888 0.6958000000003272 0
1578 -0.1132970815924477 0.121975729325401 0
1579 0.1366031019581131 0.122075397571722 0
1580 -0.1367232553430106 0.6594444673978715 0
1581 0.1131589110210086 0.659119097812644 0
1582 0.1366626271221672 0.08534831668993774 0
1583 -0.1132494118673194 0.08538027924632169 0
1584 0.1366692947198137 0.1052742597440046 0
1585 -0.1132130533759576 0.1051264941992512 0
1586 -0.1132561533769791 0.130360709927801 0
1587 0.1365307314679671 0.1302701957224151 0
1588 -0.1130969131589129 0.1920175182830069 0
1589 0.1365751288694137 0.1917999999995972 0
1590 -0.1369697081527589 0.6511614028310295 0
1591 0.1132127188205529 0.6507206532615561 0
1592 0.1365751288694134 0.1385999999997357 0
1593 -0.1133234172939223 0.1387708604195787 0
1594 0.1366826111806596 0.2005144409778439 0
1595 -0.1129420818318573 0.1999007673781945 0
1596 0.1138908678637346 0.7741622244708924 0
1597 -0.1366077496689771 0.7742290773641323 0
1598 -0.1368857104933383 0.6427335319264881 0
1599 0.1134806381514638 0.6422757794053543 0
1600 0.1363074466777851 0.1467215291932158 0
1601 -0.1133148922755539 0.1471719356210656 0
1602 0.1360208268443853 0.09390675319032335 0
1603 -0.1135105026227149 0.0936815131464451 0
1604 0.1366435458413828 0.2084131655374475 0
1605 -0.1130390621737153 0.2083107270664392 0
1606 0.1370253391536025 0.1552837843392746 0
1607 -0.1134186024220188 0.155571367816755 0
1608 -0.1367785623234032 0.6342624368395213 0
1609 0.1134248711305866 0.6342000000004939 0
1610 -0.1133228241527444 0.1829521846781376 0
1611 0.1363768094191699 0.1832727263453436 0
1612 -0.1134513251336511 0.1638461749708776 0
1613 0.1368157424930826 0.1636172248770507 0
1614 0.1366505054029619 0.1720315026416862 0
1615 -0.1132625075296501 0.1718941869742217 0
1616 -0.1366677563095466 0.7405137415467934 0
1617 0.1134141188923828 0.7404805386919123 0
1618 -0.1365167515167618 0.7490744269392773 0
1619 0.1132414116996118 0.748933784405726 0
1620 -0.1365751288694045 0.723800000000244 0
1621 0.1134467539189103 0.7235804365533195 0
1622 0.1365547001929975 0.2257159969651258 0
1623 -0.1132417268558054 0.2251174351097358 0
1624 -0.136598861814945 0.614629482863288 0
1625 0.1132826047294531 0.6146437937188377 0
1626 -0.1366316434982158 0.6062036279989433 0
1627 0.1131349181662455 0.6063884345302873 0
1628 -0.1365260889021482 0.5978816810326664 0
1629 0.1132823420265886 0.5978821730181593 0
1630 -0.1365751288694055 0.6874000000003359 0
1631 0.1134118367508629 0.6874225762082754 0
1632 -0.1362601636728469 0.5894866855116582 0
1633 0.1134293342993764 0.5894678269359779 0
1634 -0.113345530954799 0.2335168824717122 0
1635 0.1364968465444217 0.2339209052951547 0
1636 -0.1365945158568893 0.625800000000528 0
1637 0.1133800122110151 0.6260048879660901 0
1638 -0.1131377609143861 0.2167179823790045 0
1639 0.1367311681732365 0.21731757878264 0
1640 -0.1365779337126232 0.6706917689016578 0
1641 0.1133892943788415 0.6706713891692528 0
1642 0.1370098308339164 0.2504085842414529 0
1643 -0.1134875696150373 0.2503561122248766 0
1644 -0.1365751288694135 0.5558000000007276 0
1645 0.113432301197814 0.5559863112849484 0
1646 -0.1365370239230298 0.5474305735578607 0
1647 0.1133321877248632 0.5470817995788324 0
1648 -0.1133693938889499 0.2983918258054383 0
1649 0.1365751288694137 0.2981999999992532 0
1650 0.1368880423744726 0.2419093698074658 0
1651 -0.1134248711305904 0.2421999999994034 0
1652 0.1134248711305865 0.5390000000007951 0
1653 -0.1365232558364152 0.539015853263084 0
1654 0.1366404216211932 0.3064645155340686 0
1655 -0.1132369820193265 0.3067959300593589 0
1656 0.1368908653901467 0.2589048552334741 0
1657 -0.1133409522024686 0.2597216943730358 0
1658 -0.1365751288694135 0.5306000000008294 0
1659 0.1134248711305866 0.5306000000008294 0
1660 0.1365147722495878 0.3149634509770549 0
1661 -0.1133408981371609 0.3151953682370268 0
1662 0.1366977230389794 0.2672668456420345 0
1663 -0.1135399002551367 0.267215877425154 0
1664 -0.1365751288694135 0.5222000000008622 0
1665 0.1134559614070917 0.5223814662040051 0
1666 0.1365524656383619 0.3237559328602432 0
1667 -0.1134248711305863 0.3233999999991488 0
1668 0.1365469816692781 0.27574885019434 0
1669 -0.1132477580605201 0.2759606672906155 0
1670 -0.1365763384915049 0.5137439682480915 0
1671 0.113043017344263 0.513974232797462 0
1672 -0.1134594101708891 0.3318529960701335 0
1673 0.1365188573530559 0.331896568738748 0
1674 0.1363265762656274 0.2840912717939323 0
1675 -0.1133254052919432 0.2843425646734122 0
1676 -0.1365762579454884 0.505480787426952 0
1677 0.1131737795949126 0.5054968686423597 0
1678 0.136886580565613 0.3399761463868336 0
1679 -0.113409830020239 0.3404792044945965 0
1680 -0.1364686874749388 0.5809917383705698 0
1681 0.113628443316474 0.5812092790296026 0
1682 0.1133192866167472 0.4971792811530477 0
1683 -0.1367275328777488 0.4970449253767809 0
1684 -0.1366452230055689 0.5724998661197239 0
1685 0.1134248711305945 0.5726000000007075 0
1686 -0.1366569730746614 0.564513399122861 0
1687 0.1134122457614508 0.5643882620857132 0
1688 -0.1133316799788981 0.3481680635884026 0
1689 0.1369890467794564 0.3484279364358112 0
1690 0.1135154395235802 0.4887487021888377 0
1691 -0.1369912305751878 0.4887604417922646 0
1692 -0.1133613367964474 0.3567439249315207 0
1693 0.1368449535140168 0.3568763268099535 0
1694 -0.1369077930254121 0.480333488215552 0
1695 0.1136603698555226 0.4803821654552328 0
1696 -0.1130792711181465 0.3651992934808301 0
1697 0.1366863529783768 0.3653012540031935 0
1698 0.1130821202269221 0.4719303513038018 0
1699 -0.136824388499428 0.4719043299234436 0
1700 0.1365352870781923 0.37369743252946 0
1701 -0.1130379371240456 0.3735291271302373 0
1702 -0.136741028943951 0.4634730773999947 0
1703 0.1132944009878077 0.4635331026665475 0
1704 0.1363465154849432 0.3820808921869056 0
1705 -0.1131338447290299 0.3819404582553557 0
1706 0.113484034729029 0.4550915716546066 0
1707 -0.1366623697152395 0.4550316167968846 0
1708 0.1368789348006424 0.3909738727211464 0
1709 -0.1132368542779527 0.3903411632402998 0
1710 -0.1365404166036237 0.4466354856878963 0
1711 0.1131347773094182 0.4465791538973616 0
1712 0.1366842748382366 0.3986814683621197 0
1713 -0.1133405674983822 0.3987406085960164 0
1714 -0.1365544192524871 0.4381235864996693 0
1715 0.1135156008140978 0.4383635569458496 0
1716 0.1365751288694052 0.4073999999989069 0
1717 -0.1134248711305903 0.4073999999989097 0
1718 -0.136663091272606 0.4297605118602202 0
1719 0.1133949521012965 0.4299230959897486 0
1720 0.1365751288694047 0.4157999999988931 0
1721 -0.1134934217060649 0.4157268003958468 0
1722 -0.07412932168825009 -0.1147511107741185 0
1723 0.1149041581030664 -0.07427411493979469 0
1724 -0.1215340766527842 -0.06224334740641762 0
1725 0.0624400665144474 -0.1215282859454058 0
1726 0.006723375102579181 -0.136222086058122 0
1727 -0.1365972723029183 0.4213555967911068 0
1728 0.1130131359404382 0.4215042939459939 0
1729 -0.1365751288693981 0.2898000000008 0
1730 0.1134248711306023 0.2898000000007998 0
1731 -0.1134248711306024 0.8245999999999403 0
1732 0.1362654984214402 0.8245374072089556 0
1733 -0.1365739631240323 0.004202128301989162 0
1734 0.1366172269333798 0.7967216389682296 0
1735 -0.1134248711306023 0.7965999999998699 0
1736 -0.1365751288693975 0.09940000000027356 0
1737 0.1134248711306026 0.09940000000027356 0
1738 -0.1131949694572704 0.7179860682669403 0
1739 0.1365751288693977 0.71819999999968 0
1740 -0.1134248711306024 0.6649999999995476 0
1741 0.1365751288693976 0.6649999999995476 0
1742 -0.1365751288693973 0.1778000000004707 0
1743 0.1134248711306028 0.177800000000471 0
1744 -0.1134248711306081 0.6201999999994036 0
1745 0.1365935734754228 0.6201999999994041 0
1746 -0.009691369046625459 -0.1363656415069484 0
1747 0.1362180677226952 -0.009706411706847906 0
1748 -0.136162633310135 -0.009772693890372474 0
1749 -0.05956978204775977 -0.1228954719315215 0
1750 0.1229380006944062 -0.05979290201576277 0
1751 -0.1131602171385041 -0.07630885004013221 0
1752 0.0764442794615286 -0.1131693612238952 0
1753 -0.0875378135628756 -0.1047111786504536 0
1754 0.1051436687236603 -0.08721766930195805 0
1755 -0.02307161378416333 -0.134211770720001 0
1756 0.1345096867315075 -0.02327410247808701 0
1757 -0.1282866161707028 -0.04720049561840028 0
1758 0.04714144827212292 -0.1283387483052472 0
1759 -0.04712819305893734 -0.1281010536649248 0
1760 0.1282623953386164 -0.04700726089499983 0
1761 -0.1346366338042774 -0.02308087565757162 0
1762 0.02333857687563824 -0.1344242545788712 0
1763 -0.1047760399162971 -0.08747371204234394 0
1764 0.08753510386757253 -0.1049630253726389 0
1765 -0.09764222940757766 -0.09552420786842342 0
1766 0.09559146260112927 -0.09753617001672657 0
1767 -0.03667306990472059 -0.1315527199684573 0
1768 0.131733802180631 -0.03659109141330371 0
1769 -0.1322645323781911 -0.03401654975906106 0
1770 0.03418304806974784 -0.1321794536706227 0
1771 0.1365726247154023 0.001406466240157547 0
1772 -0.1132575649782088 0.4269995870698738 0
1773 0.1364797077134738 0.4271036714437108 0
1774 0.1365751288693968 0.4353999999989396 0
1775 -0.1132499701082486 0.4356174404274732 0
1776 -0.1366930247281532 0.4020945631587006 0
1777 0.1134248711306061 0.401800000001073 0
1778 -0.1134160682463568 0.4437847529561916 0
1779 0.1365751288694002 0.4437999999989646 0
1780 -0.1363965318416172 0.4098354672899102 0
1781 0.1134248711306078 0.4102000000011125 0
1782 -0.1365751288693975 0.3934000000010613 0
1783 0.1134763598119031 0.3934978761821248 0
1784 0.1367096672286201 0.4520848184711294 0
1785 -0.1131334609308065 0.4523001431504011 0
1786 -0.1367264217183707 0.3851257659011005 0
1787 0.1134976902099381 0.3853113307070637 0
1788 0.1367442740681642 0.4605568179012006 0
1789 -0.1134248711306024 0.4605999999989993 0
1790 -0.1363955742799026 0.3769147647398172 0
1791 0.1135971637572451 0.3762850665498341 0
1792 -0.1134248711306059 0.4689999999990191 0
1793 0.1365561153420872 0.4689516162705143 0
1794 -0.1365751288693936 0.3682000000009952 0
1795 0.1133192550813121 0.3685186253722561 0
1796 0.1365115990167481 0.4773513532517782 0
1797 -0.113424871130612 0.4773999999990322 0
1798 -0.1365751288693973 0.3598000000009767 0
1799 0.1132707786237745 0.3599371696983573 0
1800 0.1134248711306021 0.3430000000009339 0
1801 -0.1365751288693978 0.3430000000009337 0
1802 0.1364474775053366 0.4861571932149842 0
1803 -0.1134378979094567 0.4858567601544884 0
1804 0.136645261749264 0.4941922025976558 0
1805 -0.1133897949892494 0.4942831717340176 0
1806 -0.1136942120703888 0.5024190283958957 0
1807 0.1366326419919543 0.5025672903805344 0
1808 -0.1365751288693962 0.351400000000952 0
1809 0.1134248711306025 0.3514000000009551 0
1810 -0.1365751288693971 0.3346000000009133 0
1811 0.1134248711306026 0.3346000000009124 0
1812 -0.1134248711306011 0.5109999999991234 0
1813 0.1365751288693976 0.5109999999991233 0
1814 0.1134248711306012 0.3262000000008877 0
1815 -0.1365751288693901 0.3262000000008884 0
1816 0.1365751288693976 0.5193999999991453 0
1817 -0.1133748512636729 0.5193096881635086 0
1818 0.1134248711306105 0.3178000000008655 0
1819 -0.1365751288693886 0.3178000000008671 0
1820 -0.1131460270196348 0.5277977088701993 0
1821 0.1366592190897202 0.5277999548754297 0
1822 0.1134248711306085 0.3094000000008444 0
1823 -0.1365751288693905 0.3094000000008458 0
1824 -0.1130454165672812 0.5360625927215303 0
1825 0.1367259442336353 0.5361583952990225 0
1826 0.1134248711306037 0.3010000000008253 0
1827 -0.1365751288693939 0.3010000000008248 0
1828 0.1368261741491898 0.5445395721286884 0
1829 -0.1134248711306044 0.5445999999992068 0
1830 0.1366046688785303 0.5529999999992284 0
1831 -0.1133297555091319 0.5529434153817703 0
1832 0.1136275661379818 0.278269637089613 0
1833 -0.1365751288693973 0.2786000000007713 0
1834 0.1368694479867451 0.587093827766908 0
1835 -0.1133265894516363 0.5867707962496208 0
1836 -0.1366432398208751 0.2702098340475023 0
1837 0.113317895673666 0.270498359529984 0
1838 0.1366348404099756 0.594877205651878 0
1839 -0.1134248711306041 0.5949999999993303 0
1840 0.1366080915583767 0.561397107932228 0
1841 -0.1133012678109494 0.5611645263785809 0
1842 -0.1366482692918107 0.2616843215270996 0
1843 0.1134248711306027 0.2618000000007277 0
1844 -0.1134248711306035 0.5781999999992882 0
1845 0.1365291832446109 0.5781874430692867 0
1846 0.1134248711306019 0.2534000000007077 0
1847 -0.1366174168604403 0.2535197286352735 0
1848 0.1365751288693976 0.5697999999992692 0
1849 -0.1133981143362483 0.5697999999992707 0
1850 -0.113264605566201 0.6036409862971237 0
1851 0.1367983031187902 0.6036394479252303 0
1852 -0.1366338579472336 0.2448342611760346 0
1853 0.1134248711306035 0.2450000000006858 0
1854 0.1365751288693976 0.6117999999993726 0
1855 -0.113424871130602 0.6117999999993731 0
1856 0.1134248711306018 0.2366000000006634 0
1857 -0.1367002784947008 0.2368814008181608 0
1858 -0.136575128869397 0.2282000000006419 0
1859 0.1134248711306025 0.2282000000006428 0
1860 0.1365751288693962 0.6313999999994627 0
1861 -0.1133408508675756 0.6314615545464526 0
1862 -0.1133295861117263 0.6398604701461126 0
1863 0.1367407831624611 0.6396840627923643 0
1864 0.1134248711306017 0.2030000000005357 0
1865 -0.136575128869397 0.2030000000005361 0
1866 0.1368081056382046 0.6482040715380826 0
1867 -0.1134248711306023 0.6481999999995062 0
1868 0.1130662724393639 0.1950707187347099 0
1869 -0.1365751288693982 0.1946000000005151 0
1870 -0.1365751288693899 0.2114000000005624 0
1871 0.1134248711306092 0.211400000000563 0
1872 0.1134248711306086 0.2198000000006135 0
1873 -0.1365751288693923 0.2198000000006131 0
1874 -0.1134248711306024 0.6565999999995253 0
1875 0.1366289057757114 0.6566313977407512 0
1876 -0.1365751288693963 0.1862000000004907 0
1877 0.1133917335620186 0.1861426040480645 0
1878 0.1363141037472713 0.6762342969894239 0
1879 -0.1130746196756231 0.6757949487943061 0
1880 0.1134248711306026 0.1666000000004437 0
1881 -0.1365751288693975 0.1666000000004437 0
1882 0.1365218702423572 0.693042611635165 0
1883 -0.1134974856820813 0.692689123063879 0
1884 0.136585687605992 0.7014086372270192 0
1885 -0.1131240432546865 0.7012302461184768 0
1886 -0.1365751288693975 0.1582000000004233 0
1887 0.1134248711306028 0.1582000000004232 0
1888 -0.1365751288693966 0.1498000000004042 0
1889 0.1134248711306019 0.1498000000003974 0
1890 0.1365751288693976 0.7097999999996577 0
1891 -0.1130997919302304 0.7095736184898347 0
1892 0.136502201585936 0.6846158172605128 0
1893 -0.1133867836589986 0.6842684861449841 0
1894 -0.1365751288693054 0.1414000000003512 0
1895 0.1134248711306045 0.1414000000003852 0
1896 -0.1365751288693673 0.1330000000003149 0
1897 0.1134248711306046 0.1330000000003361 0
1898 0.1366631896946373 0.7294256987709496 0
1899 -0.1133312023073782 0.7291880774195525 0
1900 -0.1365751288693953 0.124600000000355 0
1901 0.1134248711306059 0.1246000000003643 0
1902 -0.1137116737968333 0.7540333181095722 0
1903 0.1366164430558506 0.7546709030100187 0
1904 0.1134248711306496 0.1162000000004468 0
1905 -0.136575128869298 0.1162000000004444 0
1906 0.1365553719216386 0.7630354849995948 0
1907 -0.1135175484171173 0.7630323715832923 0
1908 -0.1365751288693975 0.1078000000002947 0
1909 0.1134248711307283 0.1078000000006394 0
1910 -0.1133792712779426 0.779534100813599 0
1911 0.1361971553873625 0.7798598045070223 0
1912 0.1367804698808153 0.7378216513650411 0
1913 -0.1134248711306023 0.7377999999997272 0
1914 0.1367902247843568 0.746257274103257 0
1915 -0.1134851228105056 0.7461408733795705 0
1916 -0.1365751288693974 0.08820000000024508 0
1917 0.1134099355115009 0.08807213601940519 0
1918 -0.1131503915587617 0.7882974816112057 0
1919 0.1366763298009464 0.788238824803276 0
1920 -0.1365751288623484 0.07980000001687745 0
1921 0.1134248711306025 0.07980000000022373 0
1922 0.1133724909300437 0.07166547486388955 0
1923 -0.1368022839314822 0.07148406718653463 0
1924 0.1363791321992786 0.7718452130315518 0
1925 -0.1131685404183333 0.7716508350647604 0
1926 -0.136620456359528 0.06328544748621583 0
1927 0.1134248719423905 0.06299999910285614 0
1928 0.1366974577285383 0.8074248380621959 0
1929 -0.1134248711306132 0.8077999999998982 0
1930 0.1134248711279594 0.05459999977057989 0
1931 -0.1365751285709926 0.05460000066368837 0
1932 0.1368343389674153 0.816187275709103 0
1933 -0.1134383659416848 0.8162690197808723 0
1934 -0.1365750985341218 0.04619999271599702 0
1935 0.1134248678702327 0.04619998874936747 0
1936 -0.1365751119875012 0.03779998126050829 0
1937 0.1134248674215705 0.03779999785869563 0
1938 -0.1365751289010033 0.0293999952639649 0
1939 0.1134249608731104 0.02940005911431354 0
1940 0.113424215553429 0.02100119410324138 0
1941 -0.136575080391535 0.02100002045821016 0
1942 0.1135029467627094 0.01258357406570715 0
1943 -0.1365751392872636 0.01259992036536344 0
1944 -0.001484790992481765 -0.136386428134309 0
1945 -0.06709004363885659 -0.1189535969696494 0
1946 0.1190698890129691 -0.06691843802684672 0
1947 -0.1175700085107005 -0.06940249424957046 0
1948 0.06936246890380826 -0.1177712096273177 0
1949 -0.08125198981623119 -0.1102909506536368 0
1950 0.1101653368010842 -0.08088466075188137 0
1951 0.01551849918502661 -0.1356352302132918 0
1952 -0.1253601232215769 -0.05489197193749037 0
1953 0.05452729489811135 -0.1253519964886894 0
1954 0.1236855889801725 0.8376245436901338 0
1955 -0.1262613949261004 0.8373171922981392 0
1956 0.1135249337204591 0.8273460854613279 0
1957 -0.1367993259638395 0.8274680865148971 0
1958 0.09603518727530179 -0.06028404467835016 0
1959 -0.06030227884767706 -0.09602446751071791 0
1960 0.004280417091901111 -0.1130078940655662 0
1961 0.05297473525631863 -0.1002781948621777 0
1962 -0.1004274983479242 -0.05263089818526819 0
1963 -0.1131672002744557 -0.007083639869781446 0
1964 0.08816442217880223 -0.07209515642333297 0
1965 -0.07184035899266315 -0.0876183614368336 0
1966 0.1122752758616581 -0.01799061827750412 0
1967 -0.01829605295566539 -0.1119022783795998 0
1968 0.101536539550449 -0.05048848245260355 0
1969 -0.05050108101286063 -0.1015445404376989 0
1970 0.01828857209205384 -0.1117929077182206 0
1971 -0.1117523602138006 -0.0183942296014986 0
1972 0.1131929853222108 -0.007046526404651678 0
1973 -0.007114543564656275 -0.1130310503211361 0
1974 0.06268094383882492 -0.09447836787060396 0
1975 -0.09471917850694379 -0.06275405769197738 0
1976 0.02936162729443591 -0.1098373000580348 0
1977 -0.1095119966337568 -0.02936300644203044 0
1978 0.1097648512118096 -0.02962976917651646 0
1979 -0.02922857798560137 -0.1095036403878015 0
1980 0.1062599793662546 -0.04061031554382451 0
1981 -0.03998692427532721 -0.1061962238760405 0
1982 0.08015866554784509 -0.08018510856928858 0
1983 -0.08011964690087475 -0.08017476497071824 0
1984 0.0400764951434076 -0.1061448828537297 0
1985 -0.1059685991548171 -0.0401420889528933 0
1986 0.07179598561659579 -0.08776218950047433 0
1987 -0.08764145890883017 -0.07188001470528958 0
1988 0.1134749977348545 0.004148216795971249 0
1989 -0.1206770319596356 0.8376297826771563 0
1990 -0.1365751288693993 0.4158000000011293 0
1991 0.1134248711306006 0.4158000000011298 0
1992 0.1133147944071979 0.7966868399552773 0
1993 -0.1366026862364199 0.7966000000000998 0
1994 0.1291107204994498 0.8375760513915776 0
1995 0.1365751288693935 0.6257999999994341 0
1996 -0.1135051296545372 0.421579884477203 0
1997 0.136334503256667 0.4214205665517707 0
1998 -0.1134248711306084 0.6257999999994299 0
1999 -0.1132187475796764 0.09957040580575433 0
2000 0.1367097535798589 0.099674517136029 0
2001 -0.136575128869397 0.2954000000008126 0
2002 0.1134248711306024 0.295400000000813 0
2003 -0.1365751288694068 0.7182000000002438 0
2004 0.113298429718271 0.7182084001454374 0
2005 -0.1365751288694084 0.6650000000003743 0
2006 0.1133123275712674 0.6647241535504747 0
2007 -0.1134248711306024 0.8301999999999513 0
2008 0.1367802021191181 0.8303099740855435 0
2009 0.1365681040288724 0.2923120944562011 0
2010 -0.1132416320411772 0.292794255789238 0
2011 -0.1365751288693978 0.2842000000007845 0
2012 0.11336713094853 0.2841994570191877 0
2013 -0.1365751288693979 0.1722000000004582 0
2014 0.1134248711306023 0.1722000000004582 0
2015 0.1134248711344134 0.09380000000393086 0
2016 -0.1365751288671455 0.09380000000242729 0
2017 -0.1134248711306024 0.8021999999998871 0
2018 0.1365751288693977 0.8021999999998871 0
2019 -0.1134113045191128 0.6708242848234018 0
2020 0.1364656465745225 0.6706145582253171 0
2021 -0.1133940676204107 0.004066628071277971 0
2022 0.1365623574106657 0.1777558553187227 0
2023 -0.1132462066941027 0.1782008438902176 0
2024 -0.13661555860992 0.6202360238422928 0
2025 0.1133517021352638 0.6202000000005501 0
2026 -0.1132622161402163 0.7235884509753303 0
2027 0.1364433229127502 0.7237531439884985 0
2028 -0.1365618586523439 -0.001375116130985805 0
2029 -0.1319999999999785 0.8375751288694021 0
2030 0.1179249983711856 0.8376184310800041 0
2031 -0.101420276049985 -0.09164019825980496 0
2032 0.09158655215273458 -0.1013061481206957 0
2033 -0.09346169352596305 -0.09927354277682256 0
2034 0.09939556187862897 -0.09369677880809242 0
2035 -0.0313462340551827 -0.1329227061046622 0
2036 0.1329227061046622 -0.0313462340551827 0
2037 -0.1336987199146986 -0.02855645683154117 0
2038 0.02850007056455495 -0.1334822346266433 0
2039 -0.1310967367241194 -0.03896648587545142 0
2040 0.03936583508397495 -0.13094464655105 0
2041 -0.01825841673355853 -0.1354199224057122 0
2042 0.1357365148150542 -0.01782070700987382 0
2043 -0.1084644650965657 -0.08294864438028486 0
2044 0.08295013916652992 -0.1084860073967227 0
2045 -0.05218751131257779 -0.1261156473514471 0
2046 0.1264942567422922 -0.05232018380126303 0
2047 -0.04188500440105091 -0.1298376535020597 0
2048 0.1299737250781459 -0.04211271758971107 0
2049 -0.1354004170098454 -0.01782580311407485 0
2050 0.1358814814835227 -0.004282846179701192 0
2051 -0.1366542514556393 0.8329930944577492 0
2052 0.1134301635066488 0.8326716690966 0
2053 0.1368352038882133 0.835853747532049 0
2054 -0.1134138492923386 0.8358259188127608 0
2055 0.06034747983970808 -0.09599441986340768 0
2056 0.0628171702064567 -0.09726180915777692 0
2057 0.0651564297003759 -0.09576729438897535 0
2058 0.06527504012084417 -0.09853833224782889 0
2059 0.06761191019427026 -0.09704118362573556 0
2060 0.06773488434723951 -0.09982195960704593 0
2061 0.06539644708295814 -0.1013126615160113 0
2062 0.07007695963218656 -0.09833016980486189 0
2063 0.06785548879327773 -0.1025988371579166 0
2064 0.06551235856017802 -0.1040900457693004 0
2065 0.06797488093218355 -0.1053773879258952 0
2066 0.06562680811295098 -0.1068696049621525 0
2067 0.06315967100066473 -0.1055808741657936 0
2068 0.06327707140629181 -0.1083612680517242 0
2069 0.06080849732498408 -0.1070765231912049 0
2070 0.06092742919827644 -0.1098537486276665 0
2071 0.05845633989757763 -0.1085582086879716 0
2072 0.05857748699152333 -0.1113440378204372 0
2073 0.05610620143172993 -0.1100480481050533 0
2074 0.05622763680496399 -0.112835326707374 0
2075 0.05387573762439128 -0.1115416215093867 0
2076 0.07032180288377837 -0.1038842957513611 0
2077 0.05389781595097004 -0.11432792046337 0
2078 0.05127096100350931 -0.1126404776090377 0
2079 0.05150855167308009 -0.1157548145137531 0
2080 0.04906112490737504 -0.1145320852133284 0
2081 0.0491750025545441 -0.1173031465428258 0
2082 0.04671011940381656 -0.1160229030061584 0
2083 0.0468269207768724 -0.1188051197686738 0
2084 0.04435919004945419 -0.117516840888592 0
2085 0.04447622457971543 -0.1202993627263777 0
2086 0.04200782149391907 -0.1190096841151616 0
2087 0.0418912356558331 -0.1162282668482218 0
2088 0.03953986333676852 -0.1177203411820395 0
2089 0.03965655433977573 -0.1205019894559028 0
2090 0.0371885486530449 -0.1192117916569522 0
2091 0.03730478725804464 -0.1219932346980175 0
2092 0.03483760910211928 -0.1207022812281497 0
2093 0.06809330844134087 -0.1081578258641942 0
2094 0.03472169071108294 -0.1179212465660922 0
2095 0.03237031593476743 -0.1194113930150043 0
2096 0.03248606983903812 -0.1221927049318401 0
2097 0.03001869489118579 -0.120901246706503 0
2098 0.03013424925639443 -0.1236827941358188 0
2099 0.02766781132943114 -0.1223908120623135 0
2100 0.04651896842128268 -0.1134460654120996 0
2101 0.02755271755160956 -0.1196102002811859 0
2102 0.02520284538983775 -0.1210990456523006 0
2103 0.02531610832037976 -0.1238803393715516 0
2104 0.02285038852856333 -0.1225873626032385 0
2105 0.02296316640472648 -0.1253698635653449 0
2106 0.02049745456584208 -0.1240761227234392 0
2107 0.02038757578922635 -0.1212948173824467 0
2108 0.01803277240242933 -0.1227827222460801 0
2109 0.01814434179581428 -0.1255639140365765 0
2110 0.0156796938110126 -0.124270001373897 0
2111 0.06104449525871289 -0.1126340857497338 0
2112 0.01552747201363807 -0.1215665933799973 0
2113 0.01320864126937366 -0.1229887863092937 0
2114 0.01332533270539897 -0.1257587259593782 0
2115 0.01086123829163402 -0.1244641306664835 0
2116 0.01075070684483824 -0.1216843421556293 0
2117 0.008399099132387686 -0.1231675353276638 0
2118 0.008508785374590485 -0.1259478838222448 0
2119 0.006045374970449231 -0.1246519087517268 0
2120 0.006154256681377771 -0.1274341049961975 0
2121 0.003690203177095886 -0.1261369417364966 0
2122 0.003583302200114499 -0.1233555246911062 0
2123 0.001226677008805255 -0.1248397677937141 0
2124 0.0013346604555748 -0.1276217740946961 0
2125 -0.001129084711621721 -0.1263240892724629 0
2126 -0.001239609542401043 -0.1235416987082453 0
2127 -0.003594008451439489 -0.1250255457221366 0
2128 -0.003485510001696254 -0.1278081973996573 0
2129 -0.005949175059843466 -0.1265091321478501 0
2130 -0.006056757841214036 -0.1237270202977186 0
2131 -0.008411728185236243 -0.1252097210681275 0
2132 -0.008517070633638324 -0.1224287152756934 0
2133 -0.01087285247550695 -0.1239105143146785 0
2134 -0.01076769212206129 -0.1266922013571724 0
2135 -0.01322972164234261 -0.1253923950008369 0
2136 -0.01333438446415159 -0.1226110320811828 0
2137 -0.01569097382361918 -0.1240922046408995 0
2138 -0.01579501612395173 -0.1213117092292834 0
2139 -0.01815144147217675 -0.1227921108591624 0
2140 -0.01804757491268209 -0.1255733793248325 0
2141 -0.02050880690825879 -0.124272676131806 0
2142 -0.0206121631835631 -0.1214914770160387 0
2143 -0.02296936934582104 -0.1229714369581267 0
2144 -0.02307301723245897 -0.1201907103966665 0
2145 -0.02543027482380088 -0.1216698813973427 0
2146 -0.02532692428728711 -0.124451520404627 0
2147 -0.02778776604801987 -0.1231498101810857 0
2148 -0.02789063997779952 -0.1203679801048418 0
2149 -0.03024789868827945 -0.1218470758026519 0
2150 -0.03035019247494761 -0.1190661744731499 0
2151 -0.03270726398071729 -0.1205448188282364 0
2152 -0.03299655941092312 -0.1173911997916214 0
2153 -0.03516609439185561 -0.1192425906277873 0
2154 -0.03506482729708298 -0.1220244422610115 0
2155 -0.03752497389706382 -0.1207210528967506 0
2156 -0.03768025926538129 -0.1180412029373665 0
2157 -0.03999387792969344 -0.1194343450684917 0
2158 -0.0401646239568273 -0.1167844812277248 0
2159 -0.04245879210994956 -0.1181413276048221 0
2160 -0.04257030011520313 -0.1153802246715507 0
2161 -0.04490965707859164 -0.1168228400093166 0
2162 -0.04501887356607005 -0.1140578886789716 0
2163 -0.0473651013145809 -0.1155139178529222 0
2164 -0.04740515495035866 -0.1128287363964539 0
2165 -0.04981074356047702 -0.1142222529417034 0
2166 -0.0498491241247684 -0.1117386590716443 0
2167 -0.05220957849939724 -0.1130447646832583 0
2168 -0.05216475025543697 -0.1157096851195164 0
2169 -0.05462374535925846 -0.1144069151825244 0
2170 -0.05472150763960385 -0.1118139161567447 0
2171 -0.05709512710445712 -0.1130884422458815 0
2172 -0.05724700565783529 -0.1104304106512647 0
2173 -0.05956450385000654 -0.1117942959793051 0
2174 -0.0596662523782768 -0.1090137572931871 0
2175 -0.06201884414828771 -0.1104723939117931 0
2176 -0.06211817386350864 -0.1076873396014267 0
2177 -0.06447641472264129 -0.1091613234901162 0
2178 -0.06454705898807823 -0.1064235293407042 0
2179 -0.06693062441989703 -0.1078621806529356 0
2180 -0.06704915451503804 -0.1051300305380756 0
2181 -0.06939635793164696 -0.1065595748464249 0
2182 -0.06955160287309971 -0.1038050742915502 0
2183 -0.0718646253732626 -0.1052517898014153 0
2184 -0.07195455092394804 -0.1024603539495157 0
2185 -0.07431698878622164 -0.1039398353465127 0
2186 -0.07441569637771703 -0.1011550681093708 0
2187 -0.0767761481558272 -0.1026331132475285 0
2188 -0.07687505466216785 -0.09984951329998638 0
2189 -0.07455070479377147 -0.09839106467423771 0
2190 -0.07699596247205132 -0.09707073723094378 0
2191 -0.07933784021423697 -0.0985444102835874 0
2192 -0.07943717007021135 -0.0957617259004957 0
2193 -0.0817945780676307 -0.09723772297072056 0
2194 -0.08189289834057549 -0.09445465939141769 0
2195 -0.08425247716351128 -0.09593112108776618 0
2196 -0.08435052719140404 -0.09314818691301918 0
2197 -0.06969446510155772 -0.1011345674051579 0
2198 -0.0819815611594967 -0.0916621413066398 0
2199 -0.08441125272709682 -0.0903159191508537 0
2200 -0.08680263354708395 -0.09183318659834069 0
2201 -0.08683521156586035 -0.08895390206178973 0
2202 -0.08925432466220237 -0.09051533568891543 0
2203 -0.08928682069934885 -0.08763525580645162 0
2204 -0.0917111766441422 -0.08920444642637328 0
2205 -0.09180731340747356 -0.08642043979981473 0
2206 -0.08940808793446953 -0.08480909325339345 0
2207 -0.09190780711456344 -0.0836304077485976 0
2208 -0.0942781174913003 -0.08513043251186207 0
2209 -0.09437351960153385 -0.08234672305113572 0
2210 -0.09201316690710398 -0.0808732611525049 0
2211 -0.09447018579980407 -0.07956917561845971 0
2212 -0.09683215965304449 -0.08104266864149745 0
2213 -0.09692684625268791 -0.0782614226188976 0
2214 -0.09928972044992827 -0.07973423867393803 0
2215 -0.09938365590764558 -0.07695155729998832 0
2216 -0.09702104386594151 -0.07547890298014999 0
2217 -0.09947706940466371 -0.07416952450107828 0
2218 -0.1018399243238908 -0.07564099088425534 0
2219 -0.1019327351791152 -0.07285878598907365 0
2220 -0.09957039655629288 -0.07138763458190209 0
2221 -0.1020254319930083 -0.07007606877901747 0
2222 -0.1043886589159116 -0.07154770265902992 0
2223 -0.1044807780222498 -0.06876402109686702 0
2224 -0.1068450209269659 -0.0702358304938013 0
2225 -0.1069362342165366 -0.06745231308174063 0
2226 -0.1045725689365094 -0.06598128790905912 0
2227 -0.1070270708432054 -0.06466947589122871 0
2228 -0.1046636280445263 -0.06320012918772865 0
2229 -0.1071178059095569 -0.06188818152550481 0
2230 -0.1094812602028936 -0.06335724596598723 0
2231 -0.1095717042042176 -0.06057522085258119 0
2232 -0.1072070997225617 -0.05910788281973879 0
2233 -0.1096609809017123 -0.05779369772485572 0
2234 -0.1120256871466769 -0.05926159126914132 0
2235 -0.1121148274546122 -0.05647925493795981 0
2236 -0.109750970881199 -0.05500895628633985 0
2237 -0.1122036122796692 -0.0536955173772361 0
2238 -0.1145686257198405 -0.0551643403752594 0
2239 -0.1146564621095642 -0.05238128447010387 0
2240 -0.1122913865329713 -0.05091353549702766 0
2241 -0.1147434396794516 -0.04959904598823398 0
2242 -0.1123781885724056 -0.04813369748430535 0
2243 -0.1148299005285387 -0.04681789978746329 0
2244 -0.1171964722190298 -0.04828378730504401 0
2245 -0.1172824592929472 -0.0455011957734445 0
2246 -0.1149162386865454 -0.0440361376067289 0
2247 -0.1173680469909815 -0.04271919434285502 0
2248 -0.1150022715057245 -0.04125430324829098 0
2249 -0.1174537535683359 -0.03993759243063216 0
2250 -0.119820126356027 -0.04140198304725098 0
2251 -0.1199054250658267 -0.03861963872902421 0
2252 -0.1175378579169657 -0.03715530153981661 0
2253 -0.1199895480941909 -0.03583759029157402 0
2254 -0.1176971062810857 -0.03437595798492561 0
2255 -0.1200860571703295 -0.03305662365959068 0
2256 -0.1177074097533382 -0.03159256076855242 0
2257 -0.1201267568335278 -0.03027371225597094 0
2258 -0.1225228618546391 -0.03173863218132526 0
2259 -0.1226032644263939 -0.0289561243168824 0
2260 -0.1202022478912934 -0.02749168294070512 0
2261 -0.122684556874521 -0.02617387911706723 0
2262 -0.1203170033296869 -0.02471136797528319 0
2263 -0.1227747784061429 -0.02339238312363268 0
2264 -0.1204068099833965 -0.02193029805434184 0
2265 -0.1228576587948313 -0.02061136654219767 0
2266 -0.1204911497459654 -0.019149360368449 0
2267 -0.1229409898911523 -0.01783027533441189 0
2268 -0.1253089393630549 -0.01929294982071213 0
2269 -0.1253914746866888 -0.01651024397467682 0
2270 -0.1230233645362586 -0.01504769421411526 0
2271 -0.1254735973549172 -0.01372738648913817 0
2272 -0.1231050201604035 -0.01226470601011868 0
2273 -0.1255553460524748 -0.01094471199887777 0
2274 -0.1231621000177452 -0.009481742872384825 0
2275 -0.1256328912835959 -0.008162034641083366 0
2276 -0.1232389211373799 -0.006698986970999144 0
2277 -0.125713770409968 -0.005379112122802275 0
2278 -0.1233215125394681 -0.003915583912141429 0
2279 -0.1257961737553296 -0.002595106418822145 0
2280 -0.123402551022281 -0.001130761967857479 0
2281 -0.1258789510875034 0.0001908400788216846 0
2282 -0.1233823504985949 0.001647432042614424 0
2283 -0.1259450889937054 0.002977910162456029 0
2284 -0.1234432911826015 0.004435634763900963 0
2285 -0.1260217978008645 0.005768700465884718 0
2286 -0.1236937283177517 0.007231085325752571 0
2287 -0.1259930937141958 0.008552301635712817 0
2288 -0.1238379036400527 0.010111007489357 0
2289 -0.1264084732298546 0.01140153750296356 0
2290 -0.1239344682348487 0.01293503774195521 0
2291 -0.1262978121355191 0.01415563270915308 0
2292 -0.1239331561914832 0.0156429036920057 0
2293 -0.1269190926089248 0.01721593577235973 0
2294 -0.1240905755754112 0.01846920972068273 0
2295 -0.1265877156917524 0.02012573586764066 0
2296 -0.1241159348404958 0.02129066696742119 0
2297 -0.1265152540272592 0.02272649395331645 0
2298 -0.124162902752729 0.02406007867475445 0
2299 -0.1266068145525353 0.02538398296172879 0
2300 -0.1242404412378579 0.02683014490021539 0
2301 -0.1266791574828083 0.02815220707285448 0
2302 -0.1243199474993233 0.02961892669717427 0
2303 -0.1267622182178278 0.03094637595489139 0
2304 -0.1244017056010072 0.03241523553387246 0
2305 -0.1268295281512512 0.03374433587626162 0
2306 -0.1244811097543147 0.03521339463140619 0
2307 -0.1269305210150967 0.0365421163419961 0
2308 -0.1245657558770361 0.03801187648859949 0
2309 -0.1269867348670146 0.0393415866594933 0
2310 -0.1246438509250539 0.04081071953453595 0
2311 -0.1270488328306726 0.04214091571866899 0
2312 -0.1247218068130969 0.04360959025202718 0
2313 -0.1271632645633112 0.04493872922661044 0
2314 -0.1248084679520136 0.04640822509805365 0
2315 -0.1272074294076797 0.04773861433317134 0
2316 -0.1248848798887727 0.04920717341669967 0
2317 -0.1273487383235789 0.05053566347523195 0
2318 -0.1249757664125674 0.05200569968483488 0
2319 -0.1273528657268386 0.05333673134557444 0
2320 -0.1250462034838653 0.05480482894887206 0
2321 -0.1274198982234937 0.05613596162909586 0
2322 -0.1251237196072842 0.05760375476960592 0
2323 -0.1275877706860688 0.05893224331630138 0
2324 -0.1252192204114411 0.06040215501480185 0
2325 -0.1276862702224658 0.0617305564394201 0
2326 -0.1253061567244822 0.06320080706736894 0
2327 -0.1277717799671719 0.06452925057474188 0
2328 -0.1253895012592909 0.0659995651451848 0
2329 -0.122924816473071 0.06467109377595609 0
2330 -0.1230069781639818 0.06746988691341829 0
2331 -0.1254718060214634 0.06879835411529492 0
2332 -0.1230889925485919 0.07026868460954819 0
2333 -0.1255537961555627 0.07159715268166349 0
2334 -0.1231947401004839 0.07306678804226788 0
2335 -0.1256396892961311 0.07439583725079778 0
2336 -0.1232977598474288 0.07586497150234478 0
2337 -0.1255713393819702 0.07719903581617404 0
2338 -0.1233343313804348 0.07866509967105401 0
2339 -0.125799537620711 0.07999355618116989 0
2340 -0.123418443676835 0.08146383668071705 0
2341 -0.1257194004180275 0.08279709990495113 0
2342 -0.1234737096203041 0.08426341793116834 0
2343 -0.1259408071857086 0.08559181917423539 0
2344 -0.1235725683390638 0.08706172351052836 0
2345 -0.1260487882309977 0.08838985781115551 0
2346 -0.1236620013148375 0.08986030495464514 0
2347 -0.1262252327721108 0.0911858929290206 0
2348 -0.1237605614380305 0.09265861931656366 0
2349 -0.1263256703408937 0.09398415236082663 0
2350 -0.1238483311652282 0.09545724947318351 0
2351 -0.1264068931058221 0.09677002336054959 0
2352 -0.123931100039106 0.09825386753305206 0
2353 -0.1265659710816128 0.0995473665176235 0
2354 -0.1240260112986105 0.1010487289324474 0
2355 -0.1264547791341972 0.1023839701523849 0
2356 -0.1240779013028029 0.1038531743030517 0
2357 -0.1265892947238877 0.1051907304183106 0
2358 -0.1241635723541027 0.1066542431090856 0
2359 -0.1266776813207322 0.107996644148412 0
2360 -0.1242471854147194 0.1094546080657857 0
2361 -0.1267004946759467 0.1107803755518818 0
2362 -0.124319526602914 0.1122511586601874 0
2363 -0.1267822332901425 0.1135792665984429 0
2364 -0.1243998100226768 0.1150496001359044 0
2365 -0.1268638404159008 0.116378023221015 0
2366 -0.1244814241643253 0.1178483120255298 0
2367 -0.1269461327795748 0.119176788304919 0
2368 -0.1245633164377243 0.1206471150530793 0
2369 -0.1270171463236486 0.121957831672701 0
2370 -0.1246434041936939 0.1234429573217557 0
2371 -0.1271100205761395 0.1247743845689135 0
2372 -0.1247268346484779 0.1262442243855496 0
2373 -0.1271839440898534 0.1275878187185738 0
2374 -0.1248076637630203 0.1290458757906499 0
2375 -0.1272407269697773 0.130358364796322 0
2376 -0.1248852025486079 0.131840443240769 0
2377 -0.1273010146905243 0.1331827410395866 0
2378 -0.1249627770862727 0.1346428017260403 0
2379 -0.1274101386885982 0.1360028528942894 0
2380 -0.1250484969620956 0.13744574798571 0
2381 -0.1274620205013992 0.1387593515075804 0
2382 -0.1251260340300814 0.1402381900009121 0
2383 -0.1275133098162242 0.1415962114655251 0
2384 -0.1252021085471277 0.1430422748661656 0
2385 -0.1276410388709619 0.1444177929622708 0
2386 -0.1252906792623146 0.1458457537962213 0
2387 -0.1276842065015338 0.1471605411198709 0
2388 -0.1253672391065021 0.1486359928472283 0
2389 -0.1277263380045404 0.1500087363593026 0
2390 -0.1254416244509365 0.1514415997653718 0
2391 -0.127872730668548 0.152831365721744 0
2392 -0.1255330242389074 0.1542455070152066 0
2393 -0.1226772809802316 0.05627474982417385 0
2394 -0.1279063539037322 0.1555617376960723 0
2395 -0.1256084648626649 0.1570337547556396 0
2396 -0.1279413495577803 0.1583404515341217 0
2397 -0.1256814743621986 0.1598274495551271 0
2398 -0.1232394825564334 0.1585017901479061 0
2399 -0.1233214108632116 0.1613001770365095 0
2400 -0.1257862007705754 0.1626285768196973 0
2401 -0.123407123435636 0.164099297265113 0
2402 -0.1258725440539412 0.1654278192716344 0
2403 -0.1234904028648329 0.1668982255816117 0
2404 -0.1259554179592675 0.1682267156027823 0
2405 -0.1234555505786907 0.169700492487607 0
2406 -0.1260180250156974 0.1710261106787151 0
2407 -0.1235147798269709 0.1724999706876709 0
2408 -0.126092934519715 0.173825124094457 0
2409 -0.1237425544732611 0.1752945069947475 0
2410 -0.1261979853313323 0.1766232502513357 0
2411 -0.123852628836145 0.1780924852751493 0
2412 -0.1262884429803152 0.1794218021939583 0
2413 -0.123906987518807 0.1808920934190547 0
2414 -0.1269098322783074 0.1824655213434119 0
2415 -0.1240742156354797 0.1837318491710255 0
2416 -0.1265789521773669 0.1853733550492717 0
2417 -0.1241015437580035 0.1865556486170689 0
2418 -0.126504549280123 0.187986032188363 0
2419 -0.1241483014154511 0.189327595917666 0
2420 -0.1265941353757452 0.1906519722955892 0
2421 -0.1242256288275281 0.1920997783553791 0
2422 -0.1266561178969493 0.1934247920822142 0
2423 -0.1243034506029756 0.1948898132625094 0
2424 -0.1267471162384748 0.196217419208177 0
2425 -0.1243861907423714 0.197686124804433 0
2426 -0.1268159316893773 0.1990152083419834 0
2427 -0.1244660534606537 0.2004843427867963 0
2428 -0.1269162322155541 0.2018130492415315 0
2429 -0.1245506841212963 0.203282887136857 0
2430 -0.1269733395873055 0.2046125593820758 0
2431 -0.1246289105799271 0.2060817640883666 0
2432 -0.1270356357584527 0.2074119267212092 0
2433 -0.1247069344714546 0.2088806726732148 0
2434 -0.1271490021053022 0.2102098046399878 0
2435 -0.1247934362977516 0.2116793382935639 0
2436 -0.1271940761046546 0.2130096841513735 0
2437 -0.1248699690552615 0.214478297018599 0
2438 -0.1272539456195071 0.2158091307434439 0
2439 -0.1249473062205554 0.2172772324411937 0
2440 -0.1274300106383159 0.2186051769887927 0
2441 -0.1250441433711392 0.2200755972555948 0
2442 -0.1274239640792658 0.2214065526464132 0
2443 -0.1251138785896282 0.2228747552040082 0
2444 -0.1274740165416093 0.2242062866005043 0
2445 -0.1251884466563335 0.2256737717241692 0
2446 -0.1276757261778646 0.2270015824026391 0
2447 -0.1252890963933932 0.2284720249809623 0
2448 -0.1276467574117718 0.2298036288637632 0
2449 -0.1253556466751208 0.2312712761370254 0
2450 -0.1278178735783123 0.2325998199647892 0
2451 -0.1254498612030647 0.2340697177162837 0
2452 -0.1279166988139596 0.2353981266145797 0
2453 -0.1255366379502297 0.2368683769575347 0
2454 -0.1280022359309952 0.2381968221328298 0
2455 -0.1256199603808298 0.2396671372871943 0
2456 -0.1231552752150951 0.2383386653989397 0
2457 -0.1232374334179272 0.2411374597989949 0
2458 -0.1257022616413025 0.2424659275007573 0
2459 -0.1233194467817109 0.2439362584376737 0
2460 -0.1257842508652443 0.2452647268458735 0
2461 -0.1234013839995636 0.2467350593047156 0
2462 -0.1258661753921094 0.2480635280843089 0
2463 -0.1234832977435823 0.2495338608587046 0
2464 -0.1260711567774012 0.2508515147181828 0
2465 -0.123585717051701 0.2523308600930907 0
2466 -0.126300845991708 0.2536374028245961 0
2467 -0.1236956719253385 0.2551272091862993 0
2468 -0.126202248193137 0.2564520380512179 0
2469 -0.1237408284721956 0.2579292329837721 0
2470 -0.1263163047616269 0.2592719962140569 0
2471 -0.1238333071968729 0.2607311059724751 0
2472 -0.1265386845930616 0.2620890741274698 0
2473 -0.1238529019844878 0.2635924619335069 0
2474 -0.1265281418929711 0.2648865984729094 0
2475 -0.1239124499129342 0.2664587629344635 0
2476 -0.1263902587736768 0.2676840609292721 0
2477 -0.1240574524348661 0.2691837582509648 0
2478 -0.1263854685192805 0.2705827365518749 0
2479 -0.1241160189631917 0.271955455052282 0
2480 -0.1265163349660805 0.2733918046116383 0
2481 -0.1242021945789451 0.2747514503988725 0
2482 -0.1266676923711404 0.2760794515917252 0
2483 -0.124302352489242 0.2775218788185997 0
2484 -0.1267642150435988 0.2788549986947706 0
2485 -0.1243837704193368 0.280321455779933 0
2486 -0.1268392740474619 0.281650323176407 0
2487 -0.124464453361562 0.2831198072235049 0
2488 -0.126919834491709 0.2844484703670184 0
2489 -0.1245459307125405 0.2859184248656125 0
2490 -0.1270106454606068 0.2872468631077176 0
2491 -0.1246292488857522 0.2887171277991554 0
2492 -0.1270942704375245 0.2900455802565002 0
2493 -0.1247116761973395 0.291515899015951 0
2494 -0.1271765492721751 0.292844362853839 0
2495 -0.1247937306749461 0.2943146925213832 0
2496 -0.127258541610784 0.2956431600740434 0
2497 -0.1248756752642152 0.297113492178733 0
2498 -0.1273066322051928 0.2984139159944119 0
2499 -0.1249519512480607 0.2999076193114282 0
2500 -0.1273650741313694 0.3012386000599322 0
2501 -0.1250290076862958 0.3027099557142077 0
2502 -0.1274760963254736 0.3040703494366904 0
2503 -0.1251149575782509 0.3055148378805401 0
2504 -0.1275264147150327 0.3068172117355528 0
2505 -0.1251922724117366 0.3083059964944797 0
2506 -0.1275775483920165 0.3096519883323521 0
2507 -0.1252682839500481 0.3111095202326781 0
2508 -0.1277073457492465 0.3124846813990548 0
2509 -0.1253571888858712 0.3139147575699037 0
2510 -0.1277488599235755 0.3152183531652157 0
2511 -0.1254335288574623 0.3167037769568768 0
2512 -0.1277911631768739 0.3180639344543058 0
2513 -0.125507906181509 0.3195087449392982 0
2514 -0.1279394950341659 0.3208975064652793 0
2515 -0.1255996278316315 0.3223143694746072 0
2516 -0.1229061556449715 0.2299423596019245 0
2517 -0.123064472948692 0.318175589315775 0
2518 -0.1229995002690715 0.1501054647422343 0
2519 -0.1226612251006482 0.2215459312162905 0
2520 -0.1279712945304834 0.3236195047170889 0
2521 -0.125674818142605 0.325101507808868 0
2522 -0.1280055073398215 0.3263922467831131 0
2523 -0.125747655449223 0.3278940224119896 0
2524 -0.1233037075600848 0.3265707939361555 0
2525 -0.1233875744550189 0.3293694212838552 0
2526 -0.1258526874604093 0.3306978611435578 0
2527 -0.1234736610592717 0.3321690335001418 0
2528 -0.1259391440162153 0.3334976375046087 0
2529 -0.1235570217058478 0.33496813279944 0
2530 -0.1260220503365127 0.3362966513177416 0
2531 -0.1236393363202274 0.3377670195212533 0
2532 -0.1259752321059393 0.3390630356634466 0
2533 -0.1236998558374288 0.3405604325689147 0
2534 -0.1264600694713883 0.341891322305868 0
2535 -0.123845352104437 0.3433632503870037 0
2536 -0.1262680768056232 0.3446931221293223 0
2537 -0.1238922061578776 0.3461632211970025 0
2538 -0.1269005784357023 0.3477203698414147 0
2539 -0.1240600355583653 0.349000292153761 0
2540 -0.126570650198475 0.3506234879872475 0
2541 -0.1240876225388102 0.3518228582072706 0
2542 -0.1264939055357064 0.3532470353683551 0
2543 -0.1241340330449885 0.3545964116494507 0
2544 -0.1265816014242404 0.3559210032677589 0
2545 -0.1242109875640086 0.3573701997427919 0
2546 -0.1266450093523686 0.3586953758773438 0
2547 -0.1242889847584383 0.3601607610630223 0
2548 -0.1267344822207157 0.361488401992528 0
2549 -0.1243714998888028 0.3629572268386664 0
2550 -0.1268030277849526 0.3642862826904306 0
2551 -0.1244512801244724 0.3657554857873333 0
2552 -0.1269020472047849 0.3670841864055513 0
2553 -0.1245356835202935 0.3685540474343758 0
2554 -0.1269601371561512 0.369883668831647 0
2555 -0.1246140358647273 0.3713529226496443 0
2556 -0.1270782297783719 0.3726814038206022 0
2557 -0.1247013801457404 0.3741515588867587 0
2558 -0.1271670727154812 0.3754800002280232 0
2559 -0.1247853481353313 0.3769502988639228 0
2560 -0.1272504779898349 0.3782787574951978 0
2561 -0.1248678471325573 0.3797490829410551 0
2562 -0.1273327321550007 0.3810775489223269 0
2563 -0.1249499094461923 0.3825478800615087 0
2564 -0.1274147216880361 0.3838763482166675 0
2565 -0.1250318548738737 0.3853466806670507 0
2566 -0.1274966476347252 0.3866751494030574 0
2567 -0.1251137702228378 0.3881454821687823 0
2568 -0.1275785579705707 0.3894739510541536 0
2569 -0.1251956779568748 0.3909442838973302 0
2570 -0.1276604644354549 0.3922727528205035 0
2571 -0.1252775837765988 0.3937430856828903 0
2572 -0.1277423699361266 0.395071554615566 0
2573 -0.1253594891165677 0.3965418874827384 0
2574 -0.1278242751961364 0.3978703564177952 0
2575 -0.1254413943364669 0.3993406892861611 0
2576 -0.1279061803960245 0.4006691582218137 0
2577 -0.1255232995263359 0.4021394910904781 0
2578 -0.1279880855808874 0.4034679600262803 0
2579 -0.1256052047086942 0.4049382928950196 0
2580 -0.1231404186559519 0.4036098239591632 0
2581 -0.1232223238362455 0.4064086257637656 0
2582 -0.1256871098892017 0.4077370946996156 0
2583 -0.1233042290162824 0.4092074275683759 0
2584 -0.1257690150691958 0.4105358965042268 0
2585 -0.1233861341961931 0.4120062293729892 0
2586 -0.1259762581594569 0.4133310303734855 0
2587 -0.123488929027792 0.4148044198550425 0
2588 -0.1260825345996703 0.4161291189684472 0
2589 -0.123578377692996 0.4176030009042888 0
2590 -0.1261773109520838 0.4189422043383895 0
2591 -0.1236636853158346 0.4204041465105651 0
2592 -0.1260966357886576 0.4217311037226856 0
2593 -0.1237190608456394 0.4232016885454041 0
2594 -0.1260201695210092 0.4245346080398522 0
2595 -0.1237701491759028 0.426001064140481 0
2596 -0.1262297990871845 0.4273296287080762 0
2597 -0.1238682056118793 0.428799331387441 0
2598 -0.1263356835407802 0.430127711230349 0
2599 -0.1239567992133781 0.4315979242187238 0
2600 -0.1264227000032005 0.4329263583256849 0
2601 -0.1240406710106032 0.4343966654095704 0
2602 -0.1265057848330453 0.4357251242431256 0
2603 -0.1241231005683519 0.4371954511306941 0
2604 -0.1265618291941966 0.438524682497824 0
2605 -0.1242007830080719 0.4399943763297408 0
2606 -0.1266387204475801 0.4413236309431907 0
2607 -0.124281148743494 0.4427932231402206 0
2608 -0.1267456782223071 0.4441216995770452 0
2609 -0.124366972781759 0.4455919102506865 0
2610 -0.1268324119777123 0.4469203600708406 0
2611 -0.1244503358672787 0.4483906693878061 0
2612 -0.1269153649044386 0.4497191312124024 0
2613 -0.1245326586558941 0.4511894589706625 0
2614 -0.1269975143102363 0.452517925869548 0
2615 -0.1246146741415367 0.4539882575470715 0
2616 -0.1270794785787164 0.4553167259448834 0
2617 -0.1246966075537976 0.4567870585254384 0
2618 -0.1271613983120813 0.458115527323576 0
2619 -0.1247785198646435 0.4595858601213579 0
2620 -0.1272433071060269 0.4609143290224202 0
2621 -0.1248604268353504 0.4623846618735606 0
2622 -0.1273252131867115 0.4637131308006704 0
2623 -0.1250096630770642 0.4651814932768681 0
2624 -0.1274183403603514 0.4665116042006718 0
2625 -0.1250753132220686 0.4679807707748841 0
2626 -0.1274994067000326 0.4693104305534169 0
2627 -0.1251761143571616 0.4707790196012156 0
2628 -0.1275843213990702 0.4721091442863383 0
2629 -0.1252477081999013 0.4735781231606446 0
2630 -0.1276650096092738 0.4749079817048066 0
2631 -0.125319107564449 0.4763772324113561 0
2632 -0.1277449609916379 0.4777068406860802 0
2633 -0.1254003581170804 0.4791760533732243 0
2634 -0.127826431434044 0.4805056552130125 0
2635 -0.1254434781047808 0.4819759902021664 0
2636 -0.1279017999589695 0.483304648308734 0
2637 -0.1255178296434593 0.4847750130593532 0
2638 -0.1228947030725949 0.3952134185466225 0
2639 -0.1279813567561452 0.4861035188372949 0
2640 -0.1255980844860075 0.4875738631600532 0
2641 -0.128062595482672 0.4889023401452469 0
2642 -0.1256796035340929 0.4903726762645707 0
2643 -0.1232147989686175 0.4890442078704831 0
2644 -0.1232966083416688 0.4918430124788234 0
2645 -0.1257614067928315 0.4931714810518418 0
2646 -0.1233785089329524 0.49464181441772 0
2647 -0.1258432942210755 0.495970283375945 0
2648 -0.1234604091538004 0.4974406163674555 0
2649 -0.1259251956158308 0.4987690852913278 0
2650 -0.1235687842415127 0.5002386435468126 0
2651 -0.1260115118161478 0.5015677580101932 0
2652 -0.1236220348844326 0.5030278762960426 0
2653 -0.1260893764099283 0.5043649434579496 0
2654 -0.1236699239210926 0.5058156585513969 0
2655 -0.1261649388015773 0.5071616392782092 0
2656 -0.1237982121169485 0.5085996879822015 0
2657 -0.1262535173527362 0.5099576280231279 0
2658 -0.123757698490884 0.511311399169079 0
2659 -0.1263161316268274 0.5127414458815015 0
2660 -0.123798774065699 0.5141251217137457 0
2661 -0.1263880167215484 0.5155402371517515 0
2662 -0.1241608961317036 0.517005961165851 0
2663 -0.1265149547015693 0.5183527101418846 0
2664 -0.12439394214466 0.5198178777722775 0
2665 -0.1266295554869677 0.5211559762777231 0
2666 -0.1243490564335831 0.522624216531334 0
2667 -0.1266957781192569 0.5239567782966172 0
2668 -0.1243102834883058 0.5254274445344216 0
2669 -0.1267549565203301 0.5267566511700196 0
2670 -0.1243682878508403 0.5282271625502454 0
2671 -0.1268290904341676 0.529555784187965 0
2672 -0.1244449143501384 0.5310261722589484 0
2673 -0.1269088206229252 0.5323546758454806 0
2674 -0.1245255772513791 0.5338250236897278 0
2675 -0.1269901562578266 0.5351535008966042 0
2676 -0.1246071804606382 0.536623837639787 0
2677 -0.1270719161850878 0.5379523085998762 0
2678 -0.1246890111032991 0.5394226424517478 0
2679 -0.1271537847333107 0.5407511118888226 0
2680 -0.1248673811444044 0.5422186214790794 0
2681 -0.1272517612847676 0.5435494434779422 0
2682 -0.1249059560314461 0.5450186913818451 0
2683 -0.127329123311086 0.5463483782629975 0
2684 -0.1250344562529925 0.5478161296144293 0
2685 -0.1274180371389673 0.5491469749690119 0
2686 -0.1250363243739486 0.5506172736546728 0
2687 -0.127487770917011 0.5519461329631286 0
2688 -0.1251028614770167 0.5534165251968078 0
2689 -0.1275650861837672 0.5547450690889109 0
2690 -0.1251814403252226 0.5562154243445361 0
2691 -0.1276456719894966 0.5575439095042383 0
2692 -0.1252625712207834 0.5590142488081193 0
2693 -0.1277272282262786 0.5603427215204662 0
2694 -0.125344289196074 0.5618130560911625 0
2695 -0.1278090440481931 0.5631415259400877 0
2696 -0.1254261482821737 0.5646118592446835 0
2697 -0.1278909266527664 0.5659403284053548 0
2698 -0.1255080420171906 0.5674106613842262 0
2699 -0.1230432553372141 0.5660821924667231 0
2700 -0.1231251576449904 0.5688809943553887 0
2701 -0.1255899440792841 0.5702094632800816 0
2702 -0.1232070626866277 0.5716797961640505 0
2703 -0.1256718487164727 0.573008265100578 0
2704 -0.1232889677152908 0.5744785979730929 0
2705 -0.1257537537806848 0.5758070669085781 0
2706 -0.1233737611123648 0.5772773152558425 0
2707 -0.1258361403108031 0.578605854626779 0
2708 -0.1234562278867981 0.580076100625743 0
2709 -0.1259182193148002 0.5814046513445384 0
2710 -0.1236237823386781 0.5828723959581166 0
2711 -0.1260144283440118 0.5842030345559719 0
2712 -0.123715079590139 0.585670922909646 0
2713 -0.1261002828440176 0.5870017207862088 0
2714 -0.1238825620072903 0.5884672203500705 0
2715 -0.1261971091167753 0.5898000859343987 0
2716 -0.1238912082549398 0.5911321345095337 0
2717 -0.1262692913234121 0.5925765003554183 0
2718 -0.1236324120719046 0.5938572723752623 0
2719 -0.1263270900138604 0.5953986795416351 0
2720 -0.1240678440389201 0.5968287833338719 0
2721 -0.1265401352841737 0.5982469894618148 0
2722 -0.1240685768187706 0.5996693607215116 0
2723 -0.1265882009692175 0.6010240529082127 0
2724 -0.1241313133494857 0.6024715020635913 0
2725 -0.126651653144624 0.6038181361495121 0
2726 -0.1242069482537398 0.6052700740305627 0
2727 -0.1267253127614834 0.6066237666044734 0
2728 -0.1242864341271614 0.6080699756372974 0
2729 -0.1267392387871386 0.6093962268541184 0
2730 -0.1243566062302434 0.6108645704831048 0
2731 -0.1268187594512928 0.6121917110819914 0
2732 -0.1244361584780178 0.6136621181984586 0
2733 -0.1269005523755496 0.6149903781194328 0
2734 -0.1245176527932581 0.6164606885269996 0
2735 -0.1269823314526683 0.617789093978535 0
2736 -0.1245994684785506 0.6192594374280174 0
2737 -0.127064239615672 0.6205878975466017 0
2738 -0.1246813592398343 0.6220582307092739 0
2739 -0.1271461423619905 0.6233866979126624 0
2740 -0.1247632616110039 0.6248570308535683 0
2741 -0.1272280471376231 0.6261854994783214 0
2742 -0.1248451662553727 0.6276558323416357 0
2743 -0.1273099521720752 0.6289843011969892 0
2744 -0.1249270713217469 0.6304546340791661 0
2745 -0.1273918573557105 0.6317831030038366 0
2746 -0.1250089764833177 0.6332534358729696 0
2747 -0.1274737625324794 0.6345819048066237 0
2748 -0.1250908816596104 0.6360522376754768 0
2749 -0.127555667711822 0.6373807066109326 0
2750 -0.1251727868387855 0.6388510394796889 0
2751 -0.1276375728914922 0.6401795084154357 0
2752 -0.1252546920184972 0.6416498412842151 0
2753 -0.1277194780713545 0.6429783102200494 0
2754 -0.1253716989792446 0.644447615857205 0
2755 -0.1278072335480268 0.645776940819391 0
2756 -0.1254683934568204 0.6472459848622882 0
2757 -0.1278925786603032 0.6485756419565353 0
2758 -0.12553819149224 0.6500451409748877 0
2759 -0.1279730393048225 0.6513744860345676 0
2760 -0.1255899176759089 0.6528448259488984 0
2761 -0.1280496738960888 0.6541734420796494 0
2762 -0.1256659145916344 0.6556438006551537 0
2763 -0.1231291191162085 0.6513661752580359 0
2764 -0.1230316560851961 0.4805303784869812 0
2765 -0.1227977485186188 0.5576857809447846 0
2766 -0.1229322287628048 0.6429706200738223 0
2767 -0.1226489847468145 0.3868170132157565 0
2768 -0.1281297159338207 0.6569722984079458 0
2769 -0.1257465245371085 0.6584426403639854 0
2770 -0.1282110947175908 0.6597711156172078 0
2771 -0.1258281261118818 0.6612414510534086 0
2772 -0.1233633254368913 0.6599129825454602 0
2773 -0.1234451552590705 0.6627117865553677 0
2774 -0.1259099510721457 0.664040255205598 0
2775 -0.1235270568291798 0.6655105884656201 0
2776 -0.1259918422804401 0.6668390574190808 0
2777 -0.12360895810634 0.6683093903844441 0
2778 -0.1260737444812447 0.6696378593108742 0
2779 -0.1236908631117071 0.6711081921941663 0
2780 -0.1261556491355072 0.6724366611308688 0
2781 -0.1237727681371065 0.6739069940032986 0
2782 -0.1262375542020182 0.6752354629387989 0
2783 -0.123854673310097 0.6767057958081104 0
2784 -0.1263194593618351 0.678034264744 0
2785 -0.1239365784840191 0.6795045976128988 0
2786 -0.1264013645373575 0.6808330665487423 0
2787 -0.1240184836636069 0.6823033994175196 0
2788 -0.1264832697164426 0.683631868353378 0
2789 -0.1241003888432354 0.6851022012221408 0
2790 -0.1265651748961272 0.6864306701579956 0
2791 -0.1241822940230592 0.6879010030267589 0
2792 -0.1266470800759447 0.6892294719626115 0
2793 -0.1242641992029127 0.6906998048313699 0
2794 -0.1267289852557921 0.6920282737672262 0
2795 -0.1243461043827516 0.6934986066359772 0
2796 -0.1268108904356379 0.6948270755718401 0
2797 -0.1244280095625985 0.6962974084405928 0
2798 -0.1268927956154874 0.6976258773764545 0
2799 -0.1245099147424638 0.6990962102452087 0
2800 -0.1269747007953422 0.7004246791810653 0
2801 -0.1245918199223011 0.7018950120498137 0
2802 -0.1270566059751931 0.7032234809856754 0
2803 -0.1246737251021435 0.7046938138544273 0
2804 -0.1271385111550368 0.7060222827902901 0
2805 -0.1247556302820055 0.7074926156590495 0
2806 -0.1272204163348783 0.7088210845949094 0
2807 -0.1248375354618307 0.7102914174636483 0
2808 -0.1273023215147187 0.7116198863995223 0
2809 -0.1249194406416869 0.7130902192682725 0
2810 -0.1273842266945593 0.7144186882041371 0
2811 -0.1250013458215233 0.7158890210728845 0
2812 -0.1273774860833742 0.7172200841722396 0
2813 -0.1250684767028564 0.7186882552380799 0
2814 -0.1274421545816238 0.7200193903975316 0
2815 -0.1251450467193422 0.7214872131729035 0
2816 -0.1275051941072932 0.7228187442936888 0
2817 -0.1252229184295904 0.7242861330144766 0
2818 -0.1275832827665023 0.7256176577863869 0
2819 -0.1253035152777248 0.7270849731065977 0
2820 -0.1277680832753098 0.7284134484237167 0
2821 -0.1254023516237725 0.7298832794312485 0
2822 -0.1278699595376777 0.7312116657871204 0
2823 -0.1254904071784019 0.7326819012490009 0
2824 -0.1279562182937465 0.7340103401870519 0
2825 -0.1255740630167518 0.7354806518216936 0
2826 -0.1231093978965446 0.734152179346812 0
2827 -0.1231916150082525 0.7369509720229395 0
2828 -0.12565645304978 0.7382794394373831 0
2829 -0.1232736529856096 0.7397497699413211 0
2830 -0.1257384611714085 0.7410782382294698 0
2831 -0.1233555974553457 0.7425485705961428 0
2832 -0.1258203900565362 0.7438770393403662 0
2833 -0.1234375131343908 0.7453473720935042 0
2834 -0.1259023009371305 0.7466758409781546 0
2835 -0.1235194210142229 0.7481461738191053 0
2836 -0.1259842075170951 0.7494746427417995 0
2837 -0.1236013268774154 0.7509449756037223 0
2838 -0.1260661130441806 0.7522734445362558 0
2839 -0.1236832322290221 0.753743777403313 0
2840 -0.1261480183105208 0.755072246338338 0
2841 -0.1237651374519098 0.7565425792066702 0
2842 -0.1262299235119541 0.7578710481423193 0
2843 -0.1238470426425302 0.7593413810109688 0
2844 -0.1263118286972016 0.7606698499467726 0
2845 -0.1239289478250766 0.7621401828155037 0
2846 -0.1263937338784064 0.7634686517513419 0
2847 -0.1240108530056035 0.7649389846200975 0
2848 -0.1264756390585982 0.7662674535559427 0
2849 -0.1240927581856237 0.7677377864247071 0
2850 -0.1265575442385451 0.7690662553605575 0
2851 -0.1241746633655176 0.7705365882293218 0
2852 -0.1266455425274239 0.7718683412254841 0
2853 -0.1242575840635486 0.7733359373773223 0
2854 -0.1267425122362429 0.7746834856647956 0
2855 -0.1243421692512647 0.7761375541782836 0
2856 -0.1268039675513112 0.7774728643618276 0
2857 -0.1244211127883002 0.7789352546310222 0
2858 -0.1268854052340443 0.7802635400082247 0
2859 -0.1245024464448318 0.781732518517287 0
2860 -0.1269671372438334 0.7830607311334086 0
2861 -0.1245842275091274 0.7845307955556093 0
2862 -0.1270489928760869 0.7858591770304024 0
2863 -0.1246661037451259 0.7873294505812384 0
2864 -0.1271308849740296 0.7886578950539148 0
2865 -0.124748001920688 0.7901282139591661 0
2866 -0.1272127868061863 0.7914566764905628 0
2867 -0.1249121446102784 0.7929245992850209 0
2868 -0.1273083976797177 0.7942550721540578 0
2869 -0.1249567921213898 0.7957244883132337 0
2870 -0.1273863775303946 0.797053987472421 0
2871 -0.1250774154740865 0.7985221569269347 0
2872 -0.1274740815175279 0.7998526193308408 0
2873 -0.1251525065162713 0.8013211580804113 0
2874 -0.1275558174756458 0.8026514260358999 0
2875 -0.1252332478028885 0.8041199939265771 0
2876 -0.1276375004696617 0.8054502343308464 0
2877 -0.1253004067454122 0.8069192272654427 0
2878 -0.1277169109123178 0.8082491091395531 0
2879 -0.1253794384295123 0.8097181131597799 0
2880 -0.1277979213866965 0.8110479371264645 0
2881 -0.1254148913960791 0.8125182743589456 0
2882 -0.1278719354134266 0.813846969860553 0
2883 -0.1254877393481992 0.8153173412175627 0
2884 -0.1279510158631365 0.816645854329088 0
2885 -0.1255676642017393 0.8181162009751649 0
2886 -0.1280321202002615 0.8194446795698622 0
2887 -0.1256491058534216 0.8209150163446379 0
2888 -0.1231842975549042 0.8195865480597844 0
2889 -0.1232660877151467 0.8223853532303727 0
2890 -0.1257308886553987 0.8237138217305617 0
2891 -0.1233479873860499 0.8251841551962059 0
2892 -0.1258127725207686 0.8265126241589275 0
2893 -0.1230096929827812 0.8110395371550945 0
2894 -0.1228170991001201 0.3097789502980921 0
2895 -0.1224311949585431 0.04787837882463878 0
2896 -0.1229278124015759 0.4720690359933697 0
2897 -0.1227857820601523 0.5493604680159969 0
2898 -0.1226260956067566 0.6347237687396421 0
2899 -0.1224159942719519 0.2131495116719969 0
2900 -0.1227537847295634 0.1417090593284689 0
2901 -0.1225365597686014 0.714560552137006 0
2902 -0.122403102748968 0.3784206127680546 0
2903 -0.1234298866117001 0.8279829571750612 0
2904 -0.1225720240380775 0.3013816572426075 0
2905 -0.1281624330696957 0.07610714615579162 0
2906 -0.1221864154129282 0.0394820268890857 0
2907 -0.1226544155383529 0.46374853176238 0
2908 -0.1225510381693351 0.5410235887167372 0
2909 -0.1225339676738058 0.7915650310462105 0
2910 -0.1221711859261344 0.2047530856320555 0
2911 -0.1225054315781487 0.1333126207597543 0
2912 -0.1222908442290704 0.7061641467231633 0
2913 -0.1221560016724797 0.3700242534239315 0
2914 -0.1284399244249649 0.08369592978455531 0
2915 -0.1219405889991441 0.0310864733443461 0
2916 -0.128348517422197 0.2492922462917366 0
2917 -0.1222318231422639 0.4554585895415574 0
2918 -0.1281761622266836 0.5772143079621275 0
2919 -0.1228641804879921 0.7257557593554707 0
2920 -0.1220607307820676 0.5324965572497938 0
2921 -0.1221194032119297 0.7832021283165432 0
2922 -0.1219250639189816 0.1963573846564953 0
2923 -0.1222619977530051 0.1249156732741612 0
2924 -0.1220451286895277 0.6977677413093253 0
2925 -0.12296645085833 0.8053676109723995 0
2926 -0.1219100302594411 0.3616285065657117 0
2927 -0.1221647102159034 0.2873886475004127 0
2928 -0.1282430008176665 0.7452837695024206 0
2929 -0.1220528636221678 0.615132215847618 0
2930 -0.1251432718296704 -0.02485502026180585 0
2931 -0.1226974038221622 0.7201582425533337 0
2932 -0.1216974119542432 0.02269045807801401 0
2933 -0.1289427304077073 0.2577759606744475 0
2934 -0.1284663124063307 0.5855318810604933 0
2935 -0.1219856839414881 0.4470621965266569 0
2936 -0.1216500076523553 0.5237712440729968 0
2937 -0.121874088271351 0.774806055358749 0
2938 -0.1228736458642943 0.7997653268280569 0
2939 -0.121683096298629 0.187964761988172 0
2940 -0.122016686617457 0.1165198580745896 0
2941 -0.1217994131499893 0.6893713358954857 0
2942 -0.1286433270213924 0.4258583744631528 0
2943 -0.1216696745535682 0.3532397546425229 0
2944 -0.128530899212339 0.7536019134687496 0
2945 -0.1219193904079208 0.2789923408801432 0
2946 -0.1218123151140653 0.6067374860621194 0
2947 -0.1224108916324141 0.2957850231155302 0
2948 -0.1225518798099005 0.6291320381119268 0
2949 0.008619816898472448 -0.1287311041771597 0
2950 -0.1216796832514683 0.01440683001923517 0
2951 -0.1288827290282201 0.2664403074722475 0
2952 -0.04726151192620058 -0.1182455216820583 0
2953 -0.1288025060542398 0.5940057876600031 0
2954 -0.1291087439029338 0.103695794615138 0
2955 -0.06222671049895445 -0.1049490250589498 0
2956 -0.1217396360696735 0.43866580088775 0
2957 -0.1213015569352823 0.5158028814063451 0
2958 -0.1216279721328008 0.7664093174888523 0
2959 -0.1217744635234083 0.1081240776377245 0
2960 -0.1215536976105796 0.6809749304816379 0
2961 -0.1222984748864648 0.6235285615206744 0
2962 -0.1288890425609585 0.4342547798769945 0
2963 -0.1215019012130592 0.3449557038838678 0
2964 -0.1287766147515034 0.7619983188825776 0
2965 -0.1217442773515926 0.2707308700743219 0
2966 -0.1214813428736981 0.5981592889516857 0
2967 0.05368847878243261 -0.108838600894346 0
2968 -0.129127814318095 0.2746573332031865 0
2969 -0.1291778437432052 0.6023852342157754 0
2970 -0.1291747353224982 0.1121022227624676 0
2971 -0.1214926792514335 0.4302694353028058 0
2972 -0.1210919547337329 0.5070537277596662 0
2973 -0.1213822565902513 0.7580129120750946 0
2974 -0.1281712258639265 -0.004058326641430634 0
2975 -0.1279251533682112 -0.01240693624131187 0
2976 -0.1290939112024911 0.4425456249417987 0
2977 -0.05737652796339135 -0.1078109010514734 0
2978 -0.1290863647790248 0.7704434071385055 0
2979 -0.1211746943401681 0.3364385806483875 0
2980 -0.1207461656499717 0.1685386851664617 0
2981 -0.1214280405371196 0.26219940085967 0
2982 -0.1283907162761285 0.5000975327293476 0
2983 -0.1212299288935018 0.5896444897356714 0
2984 -0.1281999545050242 0.1639500590185958 0
2985 -0.128226174966638 0.4944999505109068 0
2986 -0.1293911783955325 0.1204822862383245 0
2987 -0.1282790935431188 0.001509953910238183 0
2988 -0.1291855382138738 0.6106781498779875 0
2989 -0.1281956532407802 0.8250422912946607 0
2990 -0.1282775548426931 0.827841093203976 0
2991 -0.1212026663584067 0.4988805683647192 0
2992 -0.128265926774686 0.3320139232576459 0
2993 -0.1211365410537157 0.7496165066611507 0
2994 -0.1285361990121656 0.3376096519517211 0
2995 -0.1293804067835016 0.4510475926612874 0
2996 -0.128356273139035 0.1695479236194782 0
2997 -0.1286204350770517 0.6737651300699792 0
2998 -0.1292565538858234 0.778814791385692 0
2999 -0.0668358204217163 -0.1106391839750495 0
3000 -0.1209289788006193 0.3280421752345496 0
3001 -0.1208457149351768 0.3252431986916663 0
3002 -0.1208618384680741 0.159972178081543 0
3003 -0.1207793914691185 0.1571733837282965 0
3004 -0.1285234556245455 0.007134727639992438 0
3005 -0.1211938370069042 0.2538019858326016 0
3006 -0.127936679000453 0.07012681994864024 0
3007 -0.1211574076760205 0.5815788469202667 0
3008 -0.122357674875419 -0.03730205501507235 0
3009 -0.1286352482649541 0.5084930654511652 0
3010 -0.120980376529363 0.6613833174052028 0
3011 -0.1208984725700463 0.6585845155648711 0
3012 -0.1211975863880966 0.08853182517517615 0
3013 -0.0423440283452988 -0.1208959809612014 0
3014 -0.1295369278984559 0.1289193620360422 0
3015 -0.05937211526899023 -0.1146402930696337 0
3016 -0.1284566254079537 0.6681675264405422 0
3017 -0.1216141157570966 0.102524517247207 0
3018 -0.1208318316016297 0.4905145432704403 0
3019 -0.1207499279739144 0.4877157414204024 0
3020 -0.1285127302773525 0.1751457499495941 0
3021 -0.006164118053560299 -0.1209470202221584 0
3022 -0.1208908142619549 0.7412201015766011 0
3023 -0.03014586675681941 -0.1246299371262228 0
3024 -0.0844106562253478 -0.08750690643442635 0
3025 -0.01312425322624007 -0.1281760491103562 0
3026 -0.128835692744114 0.3457983106301727 0
3027 -0.1296261881771328 0.4594439961478559 0
3028 -0.1283658632549201 0.5714027782342305 0
3029 -0.1295137650430669 0.7871875581079572 0
3030 -0.1288661505894722 0.6821615354846156 0
3031 -0.1209213481433117 0.4106777604371342 0
3032 -0.1288123742470295 0.1806180172242412 0
3033 -0.1209366002812411 0.2454065903005442 0
3034 -0.1208241816491363 0.5731501290376309 0
3035 -0.1208013128420284 0.8210568839673483 0
3036 -0.1207194095254777 0.8182580821082046 0
3037 -0.1288793809940946 0.516885423946488 0
3038 -0.1282338011221199 0.4118643654400776 0
3039 -0.1287912252096137 0.01542176399777485 0
3040 -0.1296941768486299 0.1373541081706452 0
3041 -0.1249769225928516 -0.03042019311258572 0
3042 -0.1284429260992533 0.2436142802434257 0
3043 -0.1284205176030119 0.7394543019679772 0
3044 -0.1196506955939656 -0.04696724181972001 0
3045 -0.1214508286129781 0.09692765047364185 0
3046 -0.1209518710253613 0.08013542008156867 0
3047 -0.07678546005704663 -0.09402979368944878 0
3048 0.05399645342938821 -0.1171005977929983 0
3049 -0.1206415875679396 -0.01099363048101994 0
3050 0.03942183260421833 -0.1149408310644045 0
3051 -0.1297747382255924 0.6303127701332236 0
3052 -0.129871904719279 0.4678404015323519 0
3053 -0.1297489875243865 0.3053949669516631 0
3054 -0.1290108862102915 0.3548047253220699 0
3055 -0.1288344614883736 0.4174222151498546 0
3056 -0.1291118661288184 0.6905579408984639 0
3057 -0.1290193223314706 0.1895562891116362 0
3058 -0.1213131764506655 0.4245515095398152 0
3059 -0.1298522945462007 0.1457868541517419 0
3060 0.03977375916204602 -0.1232855665818272 0
3061 -0.1291344852232122 0.5252864412512241 0
3062 -0.1290275791378978 0.02430865926722771 0
3063 -0.1215557855619042 0.1795579823716835 0
3064 -0.1204177693709252 0.07170378605911938 0
3065 -0.1093021481099284 -0.068923705234019 0
3066 -0.07421783531865789 -0.1067227788878866 0
3067 -0.1210147504894223 0.6723792177734079 0
3068 -0.1300204537645466 0.6387091755466912 0
3069 -0.1301185919464021 0.4762367785103698 0
3070 -0.1286470894131907 0.08970057875000208 0
3071 -0.1299077302265779 0.3138270660284471 0
3072 -0.03992575718374139 -0.1138412305402539 0
3073 -0.1212036166189807 0.4190250970056242 0
3074 0.008290377135778456 -0.1203882640299168 0
3075 -0.1292135096351016 0.3632354364068975 0
3076 -0.1300104455987666 0.1542172513277804 0
3077 -0.1293575816683671 0.6989543463123045 0
3078 -0.1211292036521667 0.174104831549812 0
3079 -0.1170236948404612 -0.05384972379490997 0
3080 -0.1300870976295549 0.8067791477563876 0
3081 -0.1292395552523945 0.1975432314877329 0
3082 -0.120899305806438 -0.00523772124448052 0
3083 -0.121144172475749 0.6669809214362319 0
3084 -0.121136372546518 0.006072791683643866 0
3085 -0.1293730026231116 0.5336831694063486 0
3086 -0.1292546372512219 0.03227243235237006 0
3087 -0.02040558697741557 -0.1270561670348927 0
3088 -0.1289869462033357 0.09528971398518439 0
3089 -0.102210243817756 -0.06451277825285803 0
3090 -0.1302679717476632 0.6471055282131265 0
3091 -0.1303640278058017 0.4846331921088754 0
3092 -0.1300665643293482 0.32225677695627 0
3093 -0.1207503898208673 0.0001310088814083854 0
3094 -0.1294700094771815 0.3712108073067006 0
3095 -0.1209651012031152 0.8266544882203604 0
3096 -0.1210470054979853 0.8294532900508662 0
3097 -0.02801238689600884 -0.1175846814537086 0
3098 -0.1067530042405559 -0.07302004335138791 0
3099 -0.130333645146553 0.8151755288229575 0
3100 -0.1296032972079152 0.707350751726156 0
3101 -0.1099280007582192 -0.04944700978548584 0
3102 0.02508961966885678 -0.1183195443493774 0
3103 -0.03742424727830559 -0.1235048027307389 0
3104 -0.1294852707919446 0.2059396369015729 0
3105 -0.005842114545495242 -0.1292933999832713 0
3106 -0.1296212411723716 0.5420795027863539 0
3107 -0.1207727063500708 0.2398089891369793 0
3108 -0.1206908110010576 0.2370101870446732 0
3109 -0.1305124326883984 0.6555019703420094 0
3110 -0.1295004749027782 0.04066858112601266 0
3111 -0.008624170845008649 -0.1196497422666082 0
3112 -0.05453316249819973 -0.1171715607295013 0
3113 0.05823348358423923 -0.1057958024338885 0
3114 -0.120757537783461 0.4050801568279101 0
3115 -0.1206756326036235 0.4022813550232959 0
3116 -0.08169590124631422 -0.10002101035062 0
3117 -0.09919558116998994 -0.08251854284224089 0
3118 0.03225359617885905 -0.1166321848196319 0
3119 -0.129715629522956 0.3796072155611319 0
3120 -0.1207269010994614 0.7356225009758255 0
3121 -0.1206450079436352 0.7328236988193307 0
3122 -0.09211011822794504 -0.07809848363097828 0
3123 -0.1206603718690029 0.5675525254114332 0
3124 -0.120578466735294 0.5647537236054664 0
3125 -0.1297309863314964 0.2143360423154165 0
3126 0.03260129215559995 -0.1249758611493141 0
3127 -0.1205422526013699 0.06614141665367315 0
3128 -0.1204603574981117 0.06334261553919107 0
3129 -0.129868428538397 0.5504758651564671 0
3130 -0.12776174551077 -0.01797333111017433 0
3131 -0.1298033619523827 0.04906347422458846 0
3132 0.02542976974976966 -0.1266634790326621 0
3133 -0.08916724401031309 -0.09331320158143953 0
3134 0.04929503886894107 -0.1200953946570302 0
3135 -0.1292319245949993 0.2801788166903136 0
3136 -0.1177492584303404 -0.02614206857164292 0
3137 -0.1299614405563095 0.388003618134391 0
3138 -0.1299225578354284 0.2227015870067657 0
3139 -0.1293652333428159 0.6163187754340218 0
3140 -0.1100154245123491 -0.04666784572740151 0
3141 -0.1299995070751894 0.5588756253505893 0
3142 -0.1301915621947116 0.7267223467687663 0
3143 -0.1299919563397275 0.05746128799293991 0
3144 -0.123511791403365 0.830781758991028 0
3145 -0.1293689667516074 0.28574163161373 0
3146 -0.1300161682201246 0.7159851551940569 0
3147 -0.04501269987654702 -0.1115803667762443 0
3148 -0.1153489553405754 -0.03556118094422119 0
3149 -0.1169363919910511 -0.05663492751834177 0
3150 -0.1295290232742031 0.6219163650670539 0
3151 -0.02071687759212455 -0.1187119948862607 0
3152 -0.1300869305913365 0.3964035418722503 0
3153 -0.1302260029633052 0.23103046999782 0
3154 -0.1299390621069152 0.7212230625929524 0
3155 -0.1295262912678675 0.2913396651549153 0
3156 -0.129679856388833 0.7927850732741538 0
3157 -0.1296016354973611 0.2969426840193565 0
3158 -0.101655431461578 -0.08120800545394183 0
3159 -0.1298444013511896 0.7983826540312605 0
3160 -0.08965633150589347 -0.07940570165969084 0
3161 0.0230753952292594 -0.1281545610017577 0
3162 -0.118042954658489 -0.02046775532019508 0
3163 -0.1181264745890156 -0.01768964848243355 0
3164 0.006262863920819293 -0.1302188832936656 0
3165 -0.1185236450098457 0.6600546127584769 0
3166 -0.1183080054242476 0.238480517709934 0
3167 0.01064039394708891 -0.1189044872859396 0
3168 -0.1183619510257591 0.8197276710071467 0
3169 -0.1183145165534743 0.4037510509581642 0
3170 -0.1180622657629956 0.06496573320887461 0
3171 -0.1184730542949578 0.3267134112211795 0
3172 -0.1183865167450969 0.4891855045222376 0
3173 -0.1181750016260206 0.5663416582596597 0
3174 -0.1182622197267669 0.7342940289765605 0
3175 -0.1023024270508213 -0.06173345829221364 0
3176 -0.1301547989624871 0.0630589142687244 0
3177 -0.1183973661738822 0.1586437290371476 0
3178 -0.00337681392291572 -0.1305940777728057 0
3179 -0.1302738062454111 0.5644699955740615 0
3180 0.06995335941167921 -0.09554870233636051 0
3181 0.07242017280001843 -0.09683903293438686 0
3182 0.07230062954794492 -0.09406576969841292 0
3183 0.074765687674545 -0.09535127324083459 0
3184 0.07488898516401693 -0.09812163434211674 0
3185 0.0772328165056777 -0.09663214778278101 0
3186 0.0771107646043994 -0.0938571122458691 0
3187 0.07957768439336874 -0.09514104039889398 0
3188 0.07942298662787559 -0.09242752312373539 0
3189 0.08191798663132892 -0.09365826056071261 0
3190 0.08179821868468123 -0.09095228353726853 0
3191 0.08426868157941653 -0.0921645375068139 0
3192 0.08418382037367891 -0.08939639292848579 0
3193 0.08662238143855924 -0.09066449379747696 0
3194 0.0864607038573474 -0.08781794300267301 0
3195 0.08895919745777837 -0.08915487880302297 0
3196 0.08879460158987362 -0.0863061461317958 0
3197 0.09130312916362263 -0.08765457321376742 0
3198 0.09118187516348421 -0.08487222075765677 0
3199 0.09366022503376396 -0.08617334068396944 0
3200 0.09353838182808077 -0.0833886490228205 0
3201 0.07952613542674029 -0.09791123579048301 0
3202 0.08443307605485108 -0.09485299730404791 0
3203 0.09600880693574172 -0.08467689312052562 0
3204 0.09588748587121494 -0.08189458094110615 0
3205 0.09341798914660088 -0.08060920287964607 0
3206 0.09576554662767942 -0.07911362996780208 0
3207 0.09823588559641136 -0.08039860098735552 0
3208 0.09811291333239021 -0.07761691089300909 0
3209 0.1005845384533546 -0.07890139817164427 0
3210 0.1004611215758055 -0.0761191428793367 0
3211 0.09799051710414458 -0.07483514189469841 0
3212 0.1003380971119279 -0.07333762285451141 0
3213 0.1028082287262508 -0.07462097228491799 0
3214 0.1026840881125629 -0.07183978241958594 0
3215 0.1002145881898548 -0.07055699383473249 0
3216 0.1025591741890845 -0.06905946844556653 0
3217 0.1050302283333837 -0.0703416518643409 0
3218 0.1049046335058558 -0.06756063810528073 0
3219 0.1073770464356123 -0.06884258888134404 0
3220 0.1072511145148984 -0.06606083486233062 0
3221 0.1047780255584534 -0.06478087547377692 0
3222 0.107123910879104 -0.06328014724061577 0
3223 0.1095967685355215 -0.06456060897122939 0
3224 0.1094701860620994 -0.06177927926013153 0
3225 0.1069703806845134 -0.06016886832550149 0
3226 0.1095016490080046 -0.05893579474726777 0
3227 0.1118421684635318 -0.06026779423279961 0
3228 0.1117182090889769 -0.05748489194124038 0
3229 0.1092868692877749 -0.05618683488574089 0
3230 0.1114901266250722 -0.05462521182608099 0
3231 0.1140256501192277 -0.05597824526304197 0
3232 0.1138900648646739 -0.05319603486530231 0
3233 0.1114293695907391 -0.05193557798919127 0
3234 0.1137383580253819 -0.05043045495876858 0
3235 0.1162382619580769 -0.05170752173045981 0
3236 0.1161087696784493 -0.04892864460029425 0
3237 0.1136039600641105 -0.04764948768730283 0
3238 0.115977538295791 -0.04614679520746573 0
3239 0.1184571852564103 -0.04742532134664589 0
3240 0.1183258967048102 -0.04464347274138382 0
3241 0.1158527146278691 -0.04336726501548359 0
3242 0.1181947481791673 -0.04186273747183634 0
3243 0.1157211592285828 -0.04058758201967425 0
3244 0.1180622245546799 -0.03908249387037532 0
3245 0.1205368876137259 -0.04035779824434627 0
3246 0.1204040192799442 -0.03757685249694719 0
3247 0.1179294437329007 -0.03630209719035394 0
3248 0.1202704550889009 -0.03479639675362751 0
3249 0.1177962413310458 -0.033522046275247 0
3250 0.1201363421005803 -0.03201617765860604 0
3251 0.1226119658207624 -0.03329064889618469 0
3252 0.1224774113015857 -0.03050963043433336 0
3253 0.1200021188806935 -0.02923592297808421 0
3254 0.1223425102017122 -0.02772915481531234 0
3255 0.1198678396102595 -0.02645614737550805 0
3256 0.1222077735363493 -0.02494902413428209 0
3257 0.1246837011221509 -0.02622228509487468 0
3258 0.1245479430511572 -0.02344094592544093 0
3259 0.1220712119636622 -0.02216806337529444 0
3260 0.1244116256601965 -0.02065991167081362 0
3261 0.1219358774669122 -0.0193879043157987 0
3262 0.1242753347463302 -0.01787968066290662 0
3263 0.1218001668467081 -0.01660800139264993 0
3264 0.1241390503664421 -0.01510005150660935 0
3265 0.1216642100695586 -0.01382848141804483 0
3266 0.1240030095374337 -0.01232038656905148 0
3267 0.1264792041356934 -0.01359235598528386 0
3268 0.1263423430893867 -0.01081127122192354 0
3269 0.1238652575589695 -0.009539667298458156 0
3270 0.1262049205822564 -0.008030199229149351 0
3271 0.1236370968825295 -0.006763337009164126 0
3272 0.1260523389577224 -0.0052501814142036 0
3273 0.1234817657930737 -0.003983460316054154 0
3274 0.1259096689514287 -0.002469410300272733 0
3275 0.1234308376005502 -0.001197576041128442 0
3276 0.12579290890336 0.000313332522294187 0
3277 0.1233100909314297 0.001586102475200046 0
3278 0.1256556255720923 0.003097719257621066 0
3279 0.1231754046384129 0.004370489910601739 0
3280 0.1254738576185512 0.005795662375798355 0
3281 0.1230278738122161 0.007144384191146273 0
3282 0.125307993306801 0.008598617997691595 0
3283 0.1229027805798674 0.009903192586400435 0
3284 0.1252138293719434 0.01147576122713142 0
3285 0.1227958614048962 0.01273692873810915 0
3286 0.1251067796954365 0.01425795611968629 0
3287 0.1226625124859667 0.01556505214461599 0
3288 0.1249763236481144 0.01705681855363548 0
3289 0.1225460394965142 0.01833486264129772 0
3290 0.1248431843918363 0.01984847253071113 0
3291 0.1224411352802883 0.02118249955946104 0
3292 0.1247109045549863 0.02265239608886692 0
3293 0.1222508143078539 0.0239887564576386 0
3294 0.1245648876337682 0.02545130057481693 0
3295 0.1221668965010916 0.02673271249482966 0
3296 0.1244342596451762 0.02823917676657964 0
3297 0.1219810415896136 0.02951439146032424 0
3298 0.1242890673245681 0.03103165529562501 0
3299 0.1267726772892621 0.02975335663145533 0
3300 0.1266317404677788 0.03254904595749936 0
3301 0.1241403241606299 0.03382706477631192 0
3302 0.1264910471515006 0.03534516946057044 0
3303 0.1239996244959551 0.03662327038578966 0
3304 0.1263517416124211 0.03814152777030844 0
3305 0.1238605101203419 0.03941967842903321 0
3306 0.1262129305628593 0.04093798209262732 0
3307 0.1238754409969135 0.0422071639701664 0
3308 0.1260998692212033 0.04373297835760916 0
3309 0.1234335839570538 0.04504747667809655 0
3310 0.1259149604853306 0.04653655053561494 0
3311 0.1234689220748077 0.04791897671147703 0
3312 0.1257975956463764 0.04934675938669386 0
3313 0.1233057463658445 0.05060573552433098 0
3314 0.1256584131786915 0.05212728430251249 0
3315 0.1231971055231695 0.05340404525789415 0
3316 0.1255246799756977 0.05492146059751253 0
3317 0.1230699283470001 0.05620103853129356 0
3318 0.1253887592147214 0.05771769647968626 0
3319 0.1229587926742901 0.05899886285786594 0
3320 0.1252551520786579 0.06051441264768027 0
3321 0.1227896396638775 0.06179387005698702 0
3322 0.1251122601215274 0.06331074129760336 0
3323 0.1226937981271739 0.06459255264218564 0
3324 0.1249800376444495 0.06610761909642236 0
3325 0.1224898893343531 0.06738587928296412 0
3326 0.1248315831422265 0.06890369550349684 0
3327 0.1223387288655124 0.07018182234291633 0
3328 0.1246892145762089 0.07170007481777663 0
3329 0.1221973742092798 0.07297825218782997 0
3330 0.1245494943367882 0.07449658601054995 0
3331 0.127040639810829 0.07321837396364324 0
3332 0.1269017993606315 0.07601492902433546 0
3333 0.1244105468252742 0.07729313576638182 0
3334 0.1267630684310989 0.07881148963699527 0
3335 0.1242718340039184 0.08008969735342132 0
3336 0.126616613157904 0.08159288672352828 0
3337 0.1241318729465015 0.08288373371409855 0
3338 0.126550213007904 0.08435343173735035 0
3339 0.1239976987921379 0.08567350962279281 0
3340 0.1264321326908726 0.08715802837392461 0
3341 0.12386322335408 0.08847028170585504 0
3342 0.126223838189051 0.0899890369995157 0
3343 0.1236511397767773 0.09126952207809061 0
3344 0.1260613421908449 0.09279178851427497 0
3345 0.1234962768294544 0.09406756409049107 0
3346 0.125916016036342 0.09558963080990968 0
3347 0.1233764568488409 0.09685335835417616 0
3348 0.1257793919958584 0.09838461362610097 0
3349 0.1232228560953652 0.09962388794650279 0
3350 0.1256538397288608 0.1011840078185878 0
3351 0.1231311228361626 0.1024312791646896 0
3352 0.1255099409267756 0.1039754166995379 0
3353 0.1230288351045602 0.1052357374067413 0
3354 0.1253764768288866 0.1067724379426968 0
3355 0.1228853195383274 0.1080553465199155 0
3356 0.1252378805422202 0.1095729197260955 0
3357 0.1227546334722196 0.1108673052280194 0
3358 0.1251005671408793 0.1123727031993976 0
3359 0.1226518223437433 0.1136309443290181 0
3360 0.1249681133761712 0.1151643170213803 0
3361 0.1225420270100258 0.1164637791303601 0
3362 0.1248353055155821 0.1179661018524281 0
3363 0.1223669064482105 0.1192877629393421 0
3364 0.1246915511016234 0.1207681066859743 0
3365 0.1222762577599201 0.1220293686508803 0
3366 0.1245600509075898 0.1235564185040268 0
3367 0.1222338233436372 0.1247965740336422 0
3368 0.1244386287953076 0.1263467147649476 0
3369 0.1269052222650351 0.1250738035860017 0
3370 0.1267585657499039 0.1278714501515801 0
3371 0.1242727836963245 0.1291485955546124 0
3372 0.126628121155094 0.1306610442253062 0
3373 0.1241309690700903 0.1319448847594139 0
3374 0.1264915500431507 0.1334588152028683 0
3375 0.1239921384364815 0.1347416048507738 0
3376 0.1263239950838136 0.1362196726344191 0
3377 0.1239836563735446 0.1375018101537557 0
3378 0.1263262185922677 0.1389082153068372 0
3379 0.1234738366250534 0.1403120510497988 0
3380 0.1266886287283506 0.1417584365386548 0
3381 0.1236842121497386 0.1432022809855732 0
3382 0.1260489062729594 0.1446465003276492 0
3383 0.123448374398347 0.1459320301703939 0
3384 0.1258105465612854 0.1474471792176879 0
3385 0.1233369981293922 0.1487277734953366 0
3386 0.1256598242206358 0.150244292981262 0
3387 0.1231899474466349 0.1515237509515079 0
3388 0.1255177623728547 0.1530408515789696 0
3389 0.1230743282815153 0.1543214564478595 0
3390 0.1253823825268227 0.1558376056557314 0
3391 0.1229121268212951 0.1571168597285685 0
3392 0.1252403526318956 0.1586340086097301 0
3393 0.122809510643455 0.1599152115716086 0
3394 0.1251071452758832 0.1614308444703249 0
3395 0.1227031498520693 0.1627133776944555 0
3396 0.1249747842407658 0.164227721528654 0
3397 0.1225183032790575 0.1655076524895757 0
3398 0.124829483295527 0.1670239568986527 0
3399 0.122436275236704 0.1683070247927906 0
3400 0.1246991621203776 0.16982093490528 0
3401 0.1223343277383421 0.1711054095175588 0
3402 0.124568017664241 0.1726178720882702 0
3403 0.1222030460687075 0.1739023398966097 0
3404 0.124431846966061 0.1754145600763686 0
3405 0.1220923462816601 0.1767002906941765 0
3406 0.1242982688746383 0.1782113766017374 0
3407 0.1217716532946816 0.1794878303427624 0
3408 0.1240119676555475 0.1810006213427186 0
3409 0.1271738953589158 0.1685419089160776 0
3410 0.127182218236603 0.02136461968263349 0
3411 0.1266026356393077 0.1797273432241328 0
3412 0.1264559519751295 0.1825235099947088 0
3413 0.1238452354176578 0.183795794134987 0
3414 0.1263112829808999 0.1853197766496063 0
3415 0.1237014108533234 0.1865921026554556 0
3416 0.1261707677105872 0.1881162492399246 0
3417 0.1235615878703308 0.1893886095683434 0
3418 0.1260316116578189 0.1909127892182156 0
3419 0.1235938942486502 0.1921921679261752 0
3420 0.1259213703681931 0.1937105156686588 0
3421 0.1235365515150159 0.1950837986548949 0
3422 0.1258010066870981 0.1965231185929423 0
3423 0.1233609125844152 0.1978977066408568 0
3424 0.125659239907932 0.1993252471390731 0
3425 0.1231821971115496 0.2006051116251822 0
3426 0.1255133931887091 0.2021078794552391 0
3427 0.1230359465285169 0.2033850327380789 0
3428 0.1253722772944483 0.2048993484211748 0
3429 0.1228809211869689 0.2061772457781713 0
3430 0.1252304874112624 0.2076943388166044 0
3431 0.1227653803444317 0.2089310122435744 0
3432 0.1250951659464241 0.2104835083545001 0
3433 0.1226321409027884 0.2117530739198366 0
3434 0.1249516519301477 0.2132867594482465 0
3435 0.1224801690685486 0.2145901438506156 0
3436 0.1248162921324889 0.2160875205164655 0
3437 0.1223861187930188 0.2173276537298686 0
3438 0.1246856241097391 0.2188749424021358 0
3439 0.1222827306574141 0.2201644967227028 0
3440 0.1245541817394614 0.2216766966096459 0
3441 0.1220906596844379 0.2230074143094352 0
3442 0.1244078298383673 0.2244818519697784 0
3443 0.1270318828146138 0.2203974619564611 0
3444 0.1220099818031347 0.2257259115209212 0
3445 0.1242775585307498 0.227266837459472 0
3446 0.1219861972171582 0.2284698683669472 0
3447 0.1241594495379328 0.2300527045765157 0
3448 0.1266207841528722 0.2287852426437638 0
3449 0.1264805769649356 0.231581815841323 0
3450 0.1239890961823103 0.2328600257352001 0
3451 0.1263363838637913 0.2343801749617877 0
3452 0.1238442387622982 0.2356586825094824 0
3453 0.1261957757663809 0.2371773876720036 0
3454 0.1237042281655098 0.238455704151323 0
3455 0.1260565729734764 0.2399741367917712 0
3456 0.1235651567718768 0.241252410364618 0
3457 0.1259177609318355 0.2427707560750394 0
3458 0.1234350933612086 0.2440505761181216 0
3459 0.125780515345886 0.2455675969755916 0
3460 0.1233002007770452 0.2468463806188507 0
3461 0.1256427259736565 0.2483640812702298 0
3462 0.1231871582175287 0.2496440368824945 0
3463 0.1255084876411519 0.2511608147577015 0
3464 0.1230437071150211 0.2524403184159662 0
3465 0.1253697730580916 0.2539573606556155 0
3466 0.1229265472538414 0.2552379460757093 0
3467 0.1252346943068302 0.2567540996429819 0
3468 0.1228172460162453 0.2580359652120531 0
3469 0.1251015312981364 0.2595509360580253 0
3470 0.1226403351003117 0.2608306330059836 0
3471 0.1249574193001471 0.2623472301539461 0
3472 0.1225511525054719 0.2636296505787684 0
3473 0.1248261038574583 0.2651441588264884 0
3474 0.1223361050323739 0.2664224279661968 0
3475 0.1246759436942766 0.267940153230908 0
3476 0.1221828040824428 0.2692182666592627 0
3477 0.12453293383154 0.2707365021415805 0
3478 0.1220409859364465 0.2720146746543103 0
3479 0.1243930294862003 0.2735330050202921 0
3480 0.1268841626393031 0.2722547921136069 0
3481 0.1267452893156405 0.2750513461091229 0
3482 0.1242540308437275 0.2763295528026616 0
3483 0.1266065443107343 0.2778479064665281 0
3484 0.1241787690016255 0.2790277852894642 0
3485 0.126478443492349 0.2806280820016549 0
3486 0.1236074373886193 0.2818458741858387 0
3487 0.1262694384098998 0.2834255028013289 0
3488 0.1238379856892624 0.2847192432879159 0
3489 0.1261805959357145 0.2862350111793782 0
3490 0.1236463102460189 0.2875128303024291 0
3491 0.1260367480298991 0.2890241511050879 0
3492 0.1234979566772914 0.2903076615202236 0
3493 0.1259909710318746 0.2917953546789926 0
3494 0.123422037141783 0.2931089385628233 0
3495 0.1258140797798708 0.2946164602350168 0
3496 0.1232899661231741 0.2959036978417 0
3497 0.1256436341941568 0.2974217534216529 0
3498 0.1231671048530336 0.2987024077795813 0
3499 0.1255023167076302 0.3002201306701625 0
3500 0.1230306420497051 0.3014996323717368 0
3501 0.1253635869821033 0.3030171077046969 0
3502 0.1228723524432141 0.304295384904736 0
3503 0.1252216507495495 0.3058136060270431 0
3504 0.1227602432663025 0.3070447607744556 0
3505 0.1250868768374206 0.3086022951201439 0
3506 0.1226376221976395 0.3098535075984333 0
3507 0.1249515446634041 0.3113995778340815 0
3508 0.1224718355064942 0.3126992652497705 0
3509 0.1248089251753255 0.3142044612893849 0
3510 0.1223733424115358 0.3154252458825284 0
3511 0.1246763067342675 0.3169906486984841 0
3512 0.1223089098171419 0.3181489451290019 0
3513 0.1245510318844741 0.3197733398688352 0
3514 0.127023844790505 0.3185128043577957 0
3515 0.1268843563415884 0.321310002634523 0
3516 0.1243929953488008 0.3225883167082606 0
3517 0.1267406852930724 0.3241113025766665 0
3518 0.1242502777408851 0.3253887395662783 0
3519 0.1266021713803151 0.3269077390760884 0
3520 0.1241109728102215 0.3281859261869409 0
3521 0.1264633862614185 0.3297044327599349 0
3522 0.1240849016725845 0.330910422902999 0
3523 0.1263435261758867 0.3324889614515985 0
3524 0.1235308624226618 0.3336803677326868 0
3525 0.1261387766094271 0.3352790837662465 0
3526 0.1236948660591601 0.3365757714860926 0
3527 0.1260395526105586 0.3380910481720122 0
3528 0.1235562165433347 0.3393723365777279 0
3529 0.1259074740142264 0.3408901798160027 0
3530 0.1234242769354138 0.3421708526710927 0
3531 0.1257710379696254 0.3436874978333187 0
3532 0.1232901235999957 0.3449663245695048 0
3533 0.125633506729073 0.3464840062136983 0
3534 0.1231771632160763 0.3477639252464244 0
3535 0.1254993251144443 0.3492807344510066 0
3536 0.1230435398724343 0.3505606901265533 0
3537 0.12536225794418 0.3520773600316699 0
3538 0.1228713004978324 0.3533555786560637 0
3539 0.1252182738428165 0.3548736557777896 0
3540 0.1227261635746199 0.35615181942976 0
3541 0.1250776539948365 0.3576701219255166 0
3542 0.1225861044355372 0.3589483139777551 0
3543 0.1249384411531101 0.3604666587692282 0
3544 0.1224471260948527 0.3617448626041313 0
3545 0.1247996429454932 0.3632632164086678 0
3546 0.1223083969929202 0.3645414237095271 0
3547 0.1246609553833527 0.3660597795938986 0
3548 0.1221697278716922 0.3673379878190573 0
3549 0.1245222962589077 0.3688563442041168 0
3550 0.1220310734868642 0.3701345526667734 0
3551 0.1243836443301465 0.3716529091748638 0
3552 0.1268748653655024 0.3703747006251959 0
3553 0.12673621542498 0.3731712656955549 0
3554 0.1242449941835916 0.3744494742349007 0
3555 0.1265975657332514 0.3759678307783783 0
3556 0.1241063445333279 0.3772460393198016 0
3557 0.1264589161657045 0.3787643958674237 0
3558 0.1239676949864777 0.3800426044098847 0
3559 0.1263202666360949 0.3815609609583696 0
3560 0.1238290454631875 0.3828391695011485 0
3561 0.1261816171167312 0.3843575260498283 0
3562 0.1236903959455319 0.3856357345926938 0
3563 0.1260429676000119 0.38715409114142 0
3564 0.1235517464292561 0.3884322996843079 0
3565 0.1259043180839674 0.3899506562330451 0
3566 0.1234130969133229 0.3912288647759395 0
3567 0.1257656685680905 0.3927472213246788 0
3568 0.1232744473974727 0.3940254298675752 0
3569 0.1256270190522555 0.3955437864163157 0
3570 0.1231357978816478 0.3968219949592123 0
3571 0.1254883695364324 0.398340351507953 0
3572 0.1230340874319036 0.3996203914345149 0
3573 0.1253558765316256 0.4011372218302008 0
3574 0.1229026205122655 0.402417312628532 0
3575 0.1251295389048728 0.4039294394764104 0
3576 0.1227198493341882 0.4052116902341262 0
3577 0.1249801665266368 0.4067254729445635 0
3578 0.1225658240746462 0.4080074930193813 0
3579 0.1248385142547502 0.4095218891640462 0
3580 0.1224241114755298 0.4108039062479307 0
3581 0.1247238497068994 0.4123196433945345 0
3582 0.1222889489404907 0.4136006442188634 0
3583 0.1245803281881508 0.4151159669395529 0
3584 0.1221500685876479 0.416397197865948 0
3585 0.124462693407194 0.4179135739103246 0
3586 0.1270582748934397 0.4107154841225167 0
3587 0.1220148830548041 0.4191939346966827 0
3588 0.1243680320400849 0.4207123198686043 0
3589 0.1218841422275999 0.4219908918892763 0
3590 0.1242380319971531 0.4235093137881759 0
3591 0.121748252405363 0.4247875938023947 0
3592 0.1241012840090786 0.4263059731547166 0
3593 0.1274363243025083 0.3101259882390142 0
3594 0.1273166444945097 0.1166852210046826 0
3595 0.1274436838508301 0.2120074365716731 0
3596 0.1265925818378393 0.4250277684124172 0
3597 0.1264543981328442 0.42782435659826 0
3598 0.123963118484199 0.4291025622419012 0
3599 0.1263157708041425 0.4306209227899015 0
3600 0.1238245533313889 0.4318991315161311 0
3601 0.1261447967396612 0.4333544537897885 0
3602 0.1236805304512959 0.4346851916229093 0
3603 0.126383732997689 0.4362968923342738 0
3604 0.1236039163370668 0.4375043181258778 0
3605 0.1258645655714739 0.4391007135980074 0
3606 0.1234111693734102 0.4403009885484029 0
3607 0.1257557418165987 0.4418242269186428 0
3608 0.1232953460607894 0.4430502073109679 0
3609 0.1256258676281362 0.4446007256602676 0
3610 0.1226917392440139 0.4459928624204535 0
3611 0.1254111877833849 0.4474182946965428 0
3612 0.1229926782516956 0.448678523157438 0
3613 0.1253331312999959 0.45019987638651 0
3614 0.1228604152293022 0.4514625628685474 0
3615 0.125205645038488 0.4529918566811138 0
3616 0.1227153792200635 0.4542716533407123 0
3617 0.1250677916494869 0.4557897452033327 0
3618 0.1225888557024617 0.4570918595410123 0
3619 0.1249312958211754 0.4585904710515109 0
3620 0.122440433598487 0.4598693730538336 0
3621 0.1247908404743509 0.4613835082179528 0
3622 0.1222998543461408 0.4626621748948013 0
3623 0.1246521043781758 0.4641799042350954 0
3624 0.1221608687775122 0.4654580845989103 0
3625 0.1245133610404224 0.466976286306704 0
3626 0.1220221476159052 0.468254509955954 0
3627 0.1243747073297254 0.4697728432155928 0
3628 0.1218834854599766 0.4710510503947009 0
3629 0.1242360540996393 0.4725694010627995 0
3630 0.1217448332184289 0.473847610170119 0
3631 0.1240974044189239 0.4753659658328212 0
3632 0.1265886255138135 0.47408775714225 0
3633 0.126449975957892 0.4768843221556732 0
3634 0.1239587547806038 0.4781625306855345 0
3635 0.1263113264061846 0.4796808871773152 0
3636 0.1238201052383856 0.4809590957256851 0
3637 0.1261726768887707 0.4824774522658426 0
3638 0.1236814557179017 0.4837556608082237 0
3639 0.1259822618882438 0.4852714509001644 0
3640 0.1235341786205226 0.4865517981554582 0
3641 0.1258335468613822 0.4880675169581824 0
3642 0.1233924135892716 0.4893482087840918 0
3643 0.1257444659914831 0.4908665395889943 0
3644 0.1232615062618686 0.4921451577217564 0
3645 0.125615368281392 0.4936635782448292 0
3646 0.1231257390784019 0.4949418657150951 0
3647 0.1254787911219215 0.4964602460807838 0
3648 0.1229879153440317 0.4977384717477322 0
3649 0.1253406246290653 0.4992568351199754 0
3650 0.122849483962288 0.500535047654128 0
3651 0.1252020919727506 0.5020534060053288 0
3652 0.122710890278736 0.5033316155138445 0
3653 0.1250634712388951 0.5048499725239293 0
3654 0.122572254865291 0.5061281813046535 0
3655 0.1249248288704689 0.5076465379699214 0
3656 0.1224336088910999 0.5089247465718756 0
3657 0.1247861811361524 0.5104431031498807 0
3658 0.1222949602624666 0.5117213117074941 0
3659 0.1246475320651146 0.5132396682635667 0
3660 0.1221563109686387 0.5145178768101334 0
3661 0.1245088826604213 0.5160362333607098 0
3662 0.1270001038371931 0.5147580248181218 0
3663 0.1268614543492923 0.517554589911141 0
3664 0.1243702331749695 0.5188327984538504 0
3665 0.1267228048348151 0.5203511550028438 0
3666 0.1242315836644343 0.5216293635457478 0
3667 0.1265841553204651 0.5231477200945513 0
3668 0.1240929341497381 0.5244259286374388 0
3669 0.1264455058047068 0.5259442851861906 0
3670 0.1239542846341065 0.5272224937290801 0
3671 0.1263068562889415 0.5287408502778272 0
3672 0.123815635118328 0.5300190588207122 0
3673 0.1261682067731225 0.5315374153694582 0
3674 0.1236769856025179 0.5328156239123472 0
3675 0.1260295572573092 0.5343339804610947 0
3676 0.1235383360867037 0.5356121890039902 0
3677 0.1258909077414908 0.5371305455527308 0
3678 0.1233996865708871 0.5384087540956257 0
3679 0.1257522582256744 0.5399271106443638 0
3680 0.1232610370550732 0.5412053191872611 0
3681 0.1256136087098574 0.5427236757359987 0
3682 0.1231223875392569 0.544001884278897 0
3683 0.1254749591940422 0.5455202408276332 0
3684 0.1229837380234418 0.5467984493705285 0
3685 0.1253363096782279 0.5483168059192677 0
3686 0.1228450885076276 0.5495950144621623 0
3687 0.1251976601624156 0.5511133710109011 0
3688 0.1227064389918126 0.5523915795537978 0
3689 0.1250590106466 0.5539099361025351 0
3690 0.1225677894759943 0.5551881446454313 0
3691 0.1249203611307833 0.5567065011941703 0
3692 0.1224291399601838 0.5579847097370703 0
3693 0.124781711614969 0.5595030662858049 0
3694 0.1222904904443708 0.560781274828708 0
3695 0.1246430620991547 0.5622996313774418 0
3696 0.1221518409285558 0.5635778399203444 0
3697 0.1245044125833424 0.5650961964690815 0
3698 0.1220131914127403 0.5663744050119845 0
3699 0.1243657630675273 0.5678927615607225 0
3700 0.1274160504328018 0.5063683294464428 0
3701 0.1268569842381303 0.5666145530178184 0
3702 0.1267183347223165 0.5694111181094579 0
3703 0.1242271135517126 0.5706893266523624 0
3704 0.126579685206503 0.5722076832010965 0
3705 0.1240884640358972 0.5734858917440001 0
3706 0.1264410356906926 0.5750042482927348 0
3707 0.123949814520085 0.5762824568356391 0
3708 0.1263023861748807 0.5778008133843751 0
3709 0.123811165004273 0.579079021927276 0
3710 0.1261637366590641 0.5805973784760141 0
3711 0.1236725154884616 0.5818755870189142 0
3712 0.1260250871432511 0.5833939435676508 0
3713 0.1235338659726464 0.5846721521105496 0
3714 0.1258864376274357 0.586190508659287 0
3715 0.12339521645683 0.5874687172021873 0
3716 0.1257477881116162 0.5889870737509242 0
3717 0.123256566941017 0.5902652822938226 0
3718 0.1256091385957992 0.5917836388425599 0
3719 0.1231179174252013 0.5930618473854589 0
3720 0.1254704890799842 0.5945802039341965 0
3721 0.1229792679093829 0.5958584124770925 0
3722 0.1253318395641644 0.5973767690258323 0
3723 0.1228406183935625 0.5986549775687253 0
3724 0.1251931900483421 0.6001733341174664 0
3725 0.1227019688777397 0.6014515426603589 0
3726 0.1250545405325204 0.6029698992091006 0
3727 0.1225633193619132 0.6042481077519926 0
3728 0.1249158910166968 0.6057664643007353 0
3729 0.1224246698460889 0.6070446728436242 0
3730 0.1247772415008715 0.6085630293923682 0
3731 0.1222860203302689 0.6098412379352591 0
3732 0.12463859198505 0.6113595944840031 0
3733 0.1221473708144466 0.6126378030268955 0
3734 0.1244999424692268 0.614156159575638 0
3735 0.1272684626714776 0.607284820849478 0
3736 0.1220087212986228 0.615434368118531 0
3737 0.1243612929534053 0.6169527246672728 0
3738 0.1268525141240111 0.6156745161243775 0
3739 0.1267138646081903 0.6184710812160137 0
3740 0.1242226434375866 0.6197492897589103 0
3741 0.1265752150923705 0.6212676463076509 0
3742 0.1240839939217664 0.6225458548505449 0
3743 0.1264365655765515 0.6240642113992891 0
3744 0.123945344405947 0.6253424199421813 0
3745 0.1262979160607309 0.626860776490926 0
3746 0.1238066948901266 0.6281389850338176 0
3747 0.126118081054768 0.6295770712968308 0
3748 0.1236611811259486 0.6309221717444993 0
3749 0.1263508365299058 0.6324504074121422 0
3750 0.1235832884005596 0.6337293022765875 0
3751 0.1258337863098444 0.6352835334356378 0
3752 0.1233909941273873 0.636529992640798 0
3753 0.1257353290943359 0.6380527658577778 0
3754 0.123250806640453 0.6393264189557598 0
3755 0.1256031219667165 0.6408447523750527 0
3756 0.1231132750138218 0.6421219516473264 0
3757 0.1254657324971273 0.643640382304284 0
3758 0.1229747213342308 0.644918434986776 0
3759 0.1253273089617168 0.6464367779101543 0
3760 0.1228361482793911 0.6477149406752639 0
3761 0.1251887098527932 0.6492333048536364 0
3762 0.1226974970833377 0.6505115070385008 0
3763 0.1250500684580812 0.6520298637991778 0
3764 0.1225588489381802 0.6533080710928116 0
3765 0.1249114205242214 0.6548264276935771 0
3766 0.1224201996500329 0.6561046360121395 0
3767 0.1247727713100043 0.6576229925569552 0
3768 0.1222815502160987 0.6589012010417978 0
3769 0.1246341218580966 0.6604195576002173 0
3770 0.1221429006981445 0.6616977661350468 0
3771 0.1244954723525689 0.6632161226840585 0
3772 0.1220042511840581 0.6644943312253665 0
3773 0.1243568228387515 0.6660126877741748 0
3774 0.1270045923621221 0.4656980975666708 0
3775 0.1276122825534347 0.5988915495431845 0
3776 0.1269866935231159 0.6619379141412147 0
3777 0.1273030640708528 0.2638652432439441 0
3778 0.1274590826988529 0.06482880645415522 0
3779 0.1218656016685232 0.6672908963167852 0
3780 0.1242181733233141 0.6688092528655216 0
3781 0.1217269521528076 0.6700874614083423 0
3782 0.1240795238075734 0.6716058179570972 0
3783 0.1216045704816973 0.6728848330353983 0
3784 0.1239435855992128 0.6744025174712944 0
3785 0.1264325473469442 0.673124196909595 0
3786 0.1262939731452148 0.6759207657351904 0
3787 0.1238027645269569 0.6771989749004084 0
3788 0.126154974255667 0.6787173135053994 0
3789 0.1236636948561057 0.6799955191613876 0
3790 0.1260951671939348 0.6815875420247421 0
3791 0.1235381157234597 0.6828043580191998 0
3792 0.125935864553826 0.6843463604638438 0
3793 0.1233982024174547 0.6855966776297786 0
3794 0.1258804476169919 0.6871643432408747 0
3795 0.1232732143664365 0.6883961047554729 0
3796 0.1254825852334462 0.6899077257431108 0
3797 0.1230936396167955 0.691184283087884 0
3798 0.1253126664628637 0.6926938764744641 0
3799 0.1229915395997656 0.6939801232782351 0
3800 0.1251774475930907 0.6954897940633724 0
3801 0.1228595534414198 0.6967764596358702 0
3802 0.1251646537422235 0.698292369443642 0
3803 0.1226944085157818 0.6995715797013105 0
3804 0.1250425642689258 0.7010896954123496 0
3805 0.1225542383028619 0.7023680323339664 0
3806 0.1249064213106779 0.703886368573667 0
3807 0.1224156178996658 0.7051645951281726 0
3808 0.1247681944065575 0.7066829512940098 0
3809 0.1222770436712419 0.7079611627750244 0
3810 0.12462962787392 0.7094795197496288 0
3811 0.1271849862861766 0.7054010525542451 0
3812 0.1221384205338527 0.7107577288531957 0
3813 0.124490996585039 0.7122760855663511 0
3814 0.121999778452266 0.7135542942301019 0
3815 0.124352351346088 0.7150726508263832 0
3816 0.1268435727231901 0.7137944422914062 0
3817 0.1267049242691506 0.7165910074247668 0
3818 0.1242137029609651 0.7178692159622813 0
3819 0.1265662748041902 0.7193875725184022 0
3820 0.1240750536420611 0.7206657810616244 0
3821 0.1264276253433652 0.7221841376121954 0
3822 0.1239364041682146 0.7234623461549012 0
3823 0.1262889758299882 0.7249807027039283 0
3824 0.1237977546597845 0.7262589112468247 0
3825 0.1261503263163214 0.7277772677956523 0
3826 0.123659105145538 0.7290554763385214 0
3827 0.1260116768005772 0.7305738328872902 0
3828 0.1235204556299766 0.7318520414301659 0
3829 0.1258730272848211 0.7333703979789286 0
3830 0.123381806114199 0.734648606521804 0
3831 0.1257343777689895 0.7361669630705653 0
3832 0.1232431565983733 0.7374451716134415 0
3833 0.1255957282531514 0.7389635281622016 0
3834 0.1231045070825355 0.740241736705081 0
3835 0.1254570787373112 0.7417600932538392 0
3836 0.1229658575666941 0.7430383017967195 0
3837 0.1253184292214664 0.7445566583454802 0
3838 0.1228272080508502 0.7458348668883557 0
3839 0.1251797797056202 0.7473532234371192 0
3840 0.1226885585350015 0.748631431979991 0
3841 0.1250411301897693 0.7501497885287576 0
3842 0.1225499090191502 0.751427997071626 0
3843 0.1249024806739175 0.7529463536203944 0
3844 0.1224112595032966 0.7542245621632633 0
3845 0.1247638311580676 0.7557429187120281 0
3846 0.1222726099874423 0.7570211272548975 0
3847 0.1246251816422185 0.7585394838036585 0
3848 0.1221339604716009 0.7598176923465303 0
3849 0.1244865321263726 0.7613360488952932 0
3850 0.1267093944939213 0.6675310443226287 0
3851 0.1272671583247692 0.6968246369535807 0
3852 0.1219953109557673 0.7626142574381658 0
3853 0.1243478826105277 0.7641326139869286 0
3854 0.1218566614399214 0.7654108225298011 0
3855 0.124209233094691 0.7669291790785591 0
3856 0.1217180119240836 0.7682073876214375 0
3857 0.1240705835788589 0.7697257441701916 0
3858 0.1265618047494662 0.7684475356273096 0
3859 0.1264231552336401 0.7712441007189439 0
3860 0.1239319340630315 0.7725223092618294 0
3861 0.1262845057178142 0.7740406658105794 0
3862 0.1237932845472035 0.7753188743534715 0
3863 0.1261458562019832 0.7768372309022071 0
3864 0.1236546350313776 0.7781154394451077 0
3865 0.1260072066862473 0.7796337959938306 0
3866 0.1235159855155711 0.7809120045367411 0
3867 0.1258685571704409 0.7824303610854728 0
3868 0.1233773359997486 0.7837085696283742 0
3869 0.1257299076545217 0.7852269261771143 0
3870 0.1232386864838967 0.7865051347200069 0
3871 0.1255912581387089 0.7880234912687391 0
3872 0.1231389689322507 0.7893036300002123 0
3873 0.1254590972835798 0.7908203780584731 0
3874 0.123007889520566 0.7921005704062904 0
3875 0.1253227908951827 0.7936170593188697 0
3876 0.1228319602458127 0.7948952872232168 0
3877 0.1251783186074735 0.7964133357261752 0
3878 0.122686126974849 0.7976914961550134 0
3879 0.1250375013371435 0.7992097933437874 0
3880 0.1225459188740831 0.8004879839743412 0
3881 0.1248982307647084 0.8020063276443731 0
3882 0.1224069060846649 0.8032845310554209 0
3883 0.1247594171938484 0.8048028846024073 0
3884 0.1222681686807369 0.806081091789701 0
3885 0.1246207256874992 0.8075994476122172 0
3886 0.1221294975184685 0.8088776558081394 0
3887 0.1244820655655103 0.8103960121780149 0
3888 0.1219908426272124 0.8116742206332737 0
3889 0.1243434133860892 0.8131925771375974 0
3890 0.1268346344073761 0.8119143685873039 0
3891 0.1266959844227269 0.8147109336556955 0
3892 0.1242047631739892 0.8159891421947121 0
3893 0.1265573347127172 0.8175074987377016 0
3894 0.1240661135097467 0.8187857072789854 0
3895 0.1264186851397901 0.8203040638265073 0
3896 0.1239274639596636 0.8215822723689223 0
3897 0.1262800356087341 0.8231006289173918 0
3898 0.1237888144355841 0.8243788374601471 0
3899 0.1261413860889885 0.8258971940088325 0
3900 0.1236501649177242 0.8271754025516806 0
3901 0.1278064830369448 0.7923384774979813 0
3902 0.1269777532969799 0.7600578403524257 0
3903 0.1275303400369192 0.4025853433731186 0
3904 0.1272908549820779 0.361985007408411 0
3905 0.1278318687380637 0.4979786277143162 0
3906 0.1277663944598733 0.6892479803117775 0
3907 0.1272729327855658 0.5582248577429059 0
3908 0.1268927451517235 0.1741348481653465 0
3909 0.1275882909774542 0.1601521364775954 0
3910 0.1280830483166936 0.5904716903827697 0
3911 0.127420828402433 0.4573089716689047 0
3912 0.1275570501680057 0.0130332415311105 0
3913 0.1268092576911225 0.4192727283065738 0
3914 0.1278498814196885 0.3017387818435854 0
3915 0.1277290999357692 0.1082945806259685 0
3916 0.1274026416833698 0.6535482191593581 0
3917 0.1282211288253809 0.7839487176341992 0
3918 0.1278607916502478 0.2036204664006783 0
3919 0.1278730006564387 0.05643906527445681 0
3920 0.1216600866153571 0.0841574519264114 0
3921 0.1277177087031431 0.2554754839056984 0
3922 0.1273937018445429 0.751668145077524 0
3923 0.1281182402228601 0.394265577873419 0
3924 0.1277085619617918 0.3535954006637334 0
3925 0.128139720383834 0.4894671534885255 0
3926 0.1286805685938308 0.6804018954852833 0
3927 0.1276888813330152 0.5498351624680056 0
3928 0.128003429106739 0.1517623816586018 0
3929 0.1285163083138564 0.5821157350247518 0
3930 0.1277967034091702 0.00452622882533483 0
3931 0.1271119444167951 0.806321238948288 0
3932 0.1277542022931992 0.4489805501237966 0
3933 0.1286370773725942 0.7755590223593255 0
3934 0.1282775417772542 0.1952317372816044 0
3935 0.1278185327944384 0.6451585670963678 0
3936 0.1260027365721638 0.8286937591004168 0
3937 0.1282848388274326 0.04805345330245679 0
3938 0.1281318773035748 0.2470857158341307 0
3939 0.1215799923350803 0.3813259452461766 0
3940 0.1278096503920851 0.7432784498026019 0
3941 0.1285341887705766 0.3858758825985243 0
3942 0.128489754693454 0.4811622461812486 0
3943 0.1211400434802122 0.1908544241247905 0
3944 0.1281230575811173 0.3452056650667593 0
3945 0.1285086421187838 0.2876912312448641 0
3946 0.1273894086413821 0.8007281169550239 0
3947 0.1214362427803789 0.8228604809113793 0
3948 0.1289293512175507 0.5737258956923583 0
3949 0.1281048298804606 0.541445467193106 0
3950 0.1283176823427624 0.1438795910452645 0
3951 0.1214585933494601 0.577560665378538 0
3952 0.1216017129793201 0.5257041371803306 0
3953 0.1278793275350048 0.4406250658636178 0
3954 0.1286392675286377 0.1867551455339143 0
3955 0.1211887966162171 0.485033798058788 0
3956 0.12130653349074 0.7275371197897573 0
3957 0.1287040104430096 0.03965978498509828 0
3958 0.1284275365652261 0.636840226767962 0
3959 0.1215044835355577 0.3293298066013775 0
3960 0.1210605252585304 0.3897105082271977 0
3961 0.1288702668201358 0.2385229045251661 0
3962 0.128953475707746 0.3774727879600178 0
3963 0.1210305588865475 0.1991749150898305 0
3964 0.1282255989396046 0.7348887545276852 0
3965 0.1218522906681461 0.130414626916675 0
3966 0.1220632849219689 0.3237532275696517 0
3967 0.1289015993256405 0.08859441054886381 0
3968 0.121314329678132 0.6294149638465489 0
3969 0.1206590977379102 0.1036836392911423 0
3970 0.1288893558822049 0.3366796120475925 0
3971 0.1280055365012806 0.1027015049876319 0
3972 0.121709969480953 0.03510624151550668 0
3973 0.1289608484689449 0.2793635301526698 0
3974 0.08872173681174497 -0.08360288363570909 0
3975 0.1218790120096823 0.5201110069970043 0
3976 0.1289359903904974 0.1347780049746339 0
3977 0.1213324512768764 0.4331755899558677 0
3978 0.1285207784279084 0.533055771918202 0
3979 0.121042644802045 0.5859503606534469 0
3980 0.1206139840860794 0.008344669920403268 0
3981 0.1214862353392868 0.1360215253654106 0
3982 0.1211857644319061 0.5340938324552278 0
3983 0.1211634138607749 0.7793936479880065 0
3984 0.1289313437964457 0.4321234285739535 0
3985 0.08908585841001637 -0.09194456899197073 0
3986 0.1267659923912925 -0.01907641459420713 0
3987 0.1210378906017095 0.6840736725182133 0
3988 0.1285913287259595 -0.001133427840712607 0
3989 0.1281271804513413 0.2961456516603156 0
3990 0.1207742859986162 0.4934235646236264 0
3991 0.120890584943602 0.7359268150646782 0
3992 0.1206895483773224 0.3980710260871502 0
3993 0.1284939577427195 0.8274155505575367 0
3994 0.1291211342195246 0.03127075165206158 0
3995 0.1292594512601231 0.02847434113231889 0
3996 0.1204363947054313 0.2073879962588069 0
3997 0.1282790070912694 0.09710855485912319 0
3998 0.1211054720094795 0.3381570993113806 0
3999 0.1289635476605705 0.2303062980039305 0
4000 0.1291038318675773 0.2275092831103934 0
4001 0.1216626442550536 0.2340879490749304 0
4002 0.1204080035940756 0.1121582578407443 0
4003 0.1219192605955222 0.078571340812539 0
4004 0.1290788326243828 0.08042429224131424 0
4005 0.121030476231694 0.6376041296357448 0
4006 0.1213691982541354 0.04069781804060435 0
4007 0.1286415474867015 0.726499059252765 0
4008 0.1210783179629585 0.2397675963739114 0
4009 0.1289546300325374 0.3284262027850086 0
4010 0.1283265102096793 0.6283190820252749 0
4011 0.1217135418495736 0.8172673507299779 0
4012 0.1204246962904145 0.3054739145899044 0
4013 0.1075023726238164 -0.07162580166116855 0
4014 0.1215927727511634 0.6238240633934418 0
4015 0.1000900577953671 -0.06777865472801735 0
4016 0.121206996228149 0.7220495631926762 0
4017 0.1292498829846277 0.1265906476595474 0
4018 0.1293897869464982 0.1237960639469082 0
4019 0.1206501818955796 0.5943412203113204 0
4020 0.129190653238331 0.819248600605481 0
4021 0.1204774703223176 0.4415048866937989 0
4022 0.1289367269753434 0.524666076643302 0
4023 0.1195965877046402 -0.02089528686679074 0
4024 0.1203954700190143 0.01688777511390652 0
4025 0.1285425837409999 -0.00652045418854144 0
4026 0.1207698158844738 0.5424835277301631 0
4027 0.1207494467484546 0.7877649783444414 0
4028 0.1213232197745863 -0.008278606093736056 0
4029 0.1210462338852822 0.1447956071207724 0
4030 0.1217507794001676 0.2776064499872586 0
4031 0.1206840400881849 0.692402377623915 0
4032 0.1216592862222961 0.3758472238364315 0
4033 0.1289188465080294 0.7209059290690623 0
4034 0.1203583218700471 0.5018132591260424 0
4035 0.1202725753279075 0.4063664968016256 0
4036 0.1202038922268576 0.2158509439350366 0
4037 0.1289330520974408 0.6227020457085198 0
4038 0.120505234766085 0.7443180273610315 0
4039 0.1217358923811057 0.571967535195265 0
4040 0.1201405066179999 0.1206135989493107 0
4041 0.1207875427590086 0.3466051460516618 0
4042 0.09329678571535116 -0.07783016068022747 0
4043 0.1235115154013907 0.8299719676432905 0
4044 0.1204835638811159 0.6461965940270439 0
4045 0.1209416326358812 0.04951600466230026 0
4046 0.1201805807875128 0.3139056399046017 0
4047 0.120794670123394 0.248525275615144 0
4048 0.1293723696459158 0.3200348451277913 0
4049 0.1295104845173625 0.3172387885421859 0
4050 0.1175290965350975 -0.02796222818206573 0
4051 0.1211019294494849 0.1850326164554568 0
4052 0.1292050857787952 0.6171928726731182 0
4053 0.1293437352946194 0.6143963075814818 0
4054 0.1228802055400404 -0.03885305508868006 0
4055 0.1212865778960688 0.2860309398688052 0
4056 0.1202107477071304 0.6027297512032475 0
4057 0.120517091266732 0.450084237306343 0
4058 0.1200797895107324 0.02536150885270282 0
4059 0.1291961453365864 0.7153127988778076 0
4060 0.1293347948352026 0.7125162337854885 0
4061 0.1212196615803941 0.08973562416530989 0
4062 0.1293526755172067 0.5162763813681148 0
4063 0.1294913250325819 0.5134798162764566 0
4064 0.1214413127638019 0.479327518638605 0
4065 0.1203538673370286 0.550873223005055 0
4066 0.1291872054903107 0.8134327251077085 0
4067 0.120666927282359 0.1528003879693134 0
4068 0.1202121700247313 0.7007278088045921 0
4069 0.1199346810345333 0.2243016772981978 0
4070 0.1214407128924211 0.7738005178047189 0
4071 0.1199423886571723 0.510202955161205 0
4072 0.1200586878485269 0.7527062056144934 0
4073 0.1289624085898692 0.1812460568023599 0
4074 0.1249541535915219 -0.03178470801394963 0
4075 0.1208975795725578 -0.002751356234065051 0
4076 0.1287847095943869 0.6746425331605368 0
4077 0.1288208617930693 -0.01208344505899504 0
4078 0.1203734437369068 0.3546334553991922 0
4079 0.1200676280118968 0.6545862794507965 0
4080 0.1213010184092793 0.6784922471074865 0
4081 0.1208833262367526 0.2914970807178939 0
4082 0.1289411971091949 0.4756061135751293 0
4083 0.1290798466217975 0.472809548477215 0
4084 0.120537226828212 0.05747704408277998 0
4085 0.1203806880221341 0.256513444365691 0
4086 0.1208932990948351 0.0953279982853035 0
4087 0.1133808788958453 -0.04209071500658775 0
4088 0.1289143764042492 0.7699658921760553 0
4089 0.1290530259200736 0.7671693270844205 0
4090 0.119794799159667 0.61111944647815 0
4091 0.1211589437465851 0.8284536110945383 0
4092 0.1200954071116324 0.4583820487449948 0
4093 0.1270260316534595 -0.02471419441620346 0
4094 0.1199379187895797 0.559262918279972 0
4095 0.1197858511841569 0.7092393723979007 0
4096 0.1292364585153563 0.2737731349895798 0
4097 0.1293750993693684 0.270976569468503 0
4098 0.1202509787348675 0.1611900832442011 0
4099 0.12922743650226 0.3718930571479877 0
4100 0.1293660860025314 0.3690964920555729 0
4101 0.1196427393009873 0.7610959008894154 0
4102 0.1208322217942264 0.00285777798136023 0
4103 0.1293929756764474 0.07473671847034626 0
4104 0.1295316177075167 0.07194015347107355 0
4105 0.1283553082267033 0.830212115649161 0
4106 0.1207921664553494 0.2971837121973478 0
4107 0.1289455736017715 0.4265461457895444 0
4108 0.1230131866340385 -0.04163591865878066 0
4109 0.119776924697283 0.8073592992015654 0
4110 0.1154571635894333 -0.03502717118403764 0
4111 0.1292095558929213 0.5681329095665523 0
4112 0.1293482054087309 0.5653363444749121 0
4113 0.120007444913537 0.3630256263716057 0
4114 0.1205426085169375 0.7930933976089087 0
4115 0.08396068002004563 -0.08656245172945876 0
4116 0.1193269751992312 -0.01533575222055325 0
4117 0.09378076700133199 -0.08895294463824935 0
4118 0.1198807166640441 0.2647199218747354 0
4119 0.1201212726451096 0.06586672736247889 0
4120 0.1196695772521319 0.4667361559249431 0
4121 0.1201932870038913 0.7989696244401975 0
4122 0.1199144717361795 0.1695637589160915 0
4123 0.1316359918979957 0.6157971104385307 0
4124 0.100707341904705 -0.08168535062503172 0
4125 0.1098514095384249 -0.07012529923758247 0
4126 0.131687366646896 0.7140345903403924 0
4127 0.1030562545603998 -0.08018710089502221 0
4128 0.1210202942306307 0.8312501761861665 0
4129 0.09774786352850204 -0.06927440466728529 0
4130 0.1317936675191872 0.5149956825381459 0
4131 0.1196379534526169 0.1751662254801605 0
4132 0.1314550412797043 0.2290280144940585 0
4133 0.1200361622068541 0.4119617680649415 0
4134 0.1318122871753534 0.3187553646847134 0
4135 0.1196516795292474 0.6629759746766442 0
4136 0.1196740301003126 0.4176761591435835 0
4137 0.1317059328974252 0.1253127477171942 0
4138 0.09760151306668469 -0.06633661113742037 0
4139 0.1315900672941398 0.02999134919591493 0
4140 0.1193743804980045 0.6685691048596185 0
4141 0.07698494806620287 -0.09116740858283912 0
4142 0.1198447000254653 0.07145989084459714 0
4143 0.1193959210137155 0.4232692491655402 0
4144 0.1192577714906788 0.4260658390460702 0
4145 0.1318978307164788 0.07356236387228365 0
4146 0.1314932962367949 0.474353528081675 0
4147 0.1196606197579538 0.564856048463247 0
4148 0.1196882931609172 0.2704963121005357 0
4149 0.1196785015651747 0.3686161961046562 0
4150 0.1313161647234359 0.2318246420581771 0
4151 -0.1303392700105163 0.7325400023186637 0
4152 0.131727604482427 0.2724949227181923 0
4153 -0.1303709664541941 0.401997627157507 0
4154 -0.1304528716353078 0.4047964289620864 0
4155 -0.1303852521253394 0.2367264853039771 0
4156 0.008731272252853323 -0.1315283748030159 0
4157 0.1317186575326154 0.3706148485980709 0
4158 -0.1185475748521294 0.3295124589237172 0
4159 0.1314689997040547 0.03278862510084449 0
4160 0.1314055975748547 0.7686876836331644 0
4161 0.1315442470906829 0.765891118541529 0
4162 -0.1306604350939057 0.826370760353436 0
4163 -0.1307423395737756 0.829169562178529 0
4164 -0.1184793408664983 0.1614425308943845 0
4165 0.1193654402693106 0.7666890310726847 0
4166 0.1193922616118772 0.4723292537154508 0
4167 0.1317007770635227 0.5668547010236427 0
4168 -0.118457250619734 0.4919846332480949 0
4169 0.008181257190706424 -0.117611498732903 0
4170 0.1315812141081329 0.4715356104222033 0
4171 0.09095242503126547 -0.07932406543019645 0
4172 0.0417424280122205 -0.1135079059604713 0
4173 0.03930121118194825 -0.1121729684975053 0
4174 0.03460413654254631 -0.1151433962746018 0
4175 0.02743721948717896 -0.1168319557932853 0
4176 -0.01344032950851928 -0.1198315675433392 0
4177 -0.1125522497779783 -0.04257081726195226 0
4178 0.113249995333442 -0.03931190598885283 0
4179 -0.01590069592172044 -0.1185330555835325 0
4180 0.1153245132483811 -0.03224808298441448 0
4181 -0.1126385844192782 -0.03979220938070335 0
4182 -0.02321978272991648 -0.1173431167934217 0
4183 0.1315832147962188 0.1280781611716693 0
4184 0.1173952125894898 -0.02518539735512735 0
4185 -0.09966362500387443 -0.06860660615781351 0
4186 -0.09721125497204193 -0.06991678037292919 0
4187 0.1191914475257915 -0.01255915655929214 0
4188 0.09996483656171337 -0.0650025243579887 0
4189 0.005865717235508064 -0.1191483374773277 0
4190 0.130846529397282 0.8289339071062897 0
4191 0.1307078798813961 0.8317304721979257 0
4192 0.1309851789131194 0.8261373420146514 0
4193 -0.1305785298104457 0.8235719585518557 0
4194 0.1315377861690551 0.7168306134910095 0
4195 0.1192267907534773 0.7694855961643189 0
4196 0.1289233990266158 0.6718459700478951 0
4197 0.1312609223899202 0.6733635805248535 0
4198 0.1313970705099038 0.6705668914177477 0
4199 0.1316059841848977 0.5696386980029291 0
4200 -0.1302743031464446 0.5671368703916961 0
4201 0.1293258549889835 0.8106361600152219 0
4202 0.1316082543874718 0.8120177514225887 0
4203 0.1290842155006458 0.4237495803202685 0
4204 -0.1185988279600013 0.6628536112849268 0
4205 0.1195219702421379 0.5676526135548861 0
4206 0.1291035973463841 0.1784496176024832 0
4207 0.1195488701717835 0.27329283884436 0
4208 0.1315889630112762 0.2752914882086706 0
4209 0.1315722500381152 0.3733962934050014 0
4210 -0.1303813554438937 0.2393851972080464 0
4211 0.1311994629122475 0.7714595822002883 0
4212 0.1313424640271013 0.4771510503153334 0
4213 0.1195398508274259 0.3714127611350796 0
4214 0.1192757594786651 0.4750915016528339 0
4215 -0.1303378064519772 0.7352024492326521 0
4216 0.1314917952566459 0.6182306824080237 0
4217 0.1311555639430527 0.6762005376823088 0
4218 0.1316659438534976 0.8148999709002298 0
4219 -0.1283594585840853 0.8306398950506783 0
4220 0.1197053899990768 0.07425642236862223 0
4221 -0.1302375853160231 0.06585768862896978 0
4222 -0.1184335610978316 0.822526774091648 0
4223 0.1186902170557517 0.8297756612506086 0
4224 0.1187319392889415 0.8270835867616715 0
4225 0.03742077300185425 -0.124778039641291 0
4226 0.03024876045398513 -0.1264673913684827 0
4227 0.1208030141838499 -0.04592111641583658 0
4228 0.1209352241515723 -0.0487052031671278 0
4229 0.01108706387949478 -0.1300297692605623 0
4230 -0.01066054939315378 -0.1294768094226167 0
4231 -0.01302018338375398 -0.1309621143379464 0
4232 -0.1195635865794468 -0.04975231360942019 0
4233 -0.1220206984141031 -0.04843496513625685 0
4234 -0.1221062894784765 -0.04564852414650333 0
4235 0.1250887651633352 -0.03456698699375459 0
4236 -0.01794196902648807 -0.128357914919868 0
4237 0.1271614884573668 -0.02749739234344104 0
4238 0.1295062724796847 -0.02598891596503231 0
4239 0.1293998956003927 -0.02315224311692908 0
4240 -0.1248937121849935 -0.03320394030818112 0
4241 -0.03496280254956093 -0.1248084962000526 0
4242 -0.05207372331130591 -0.1184733007105553 0
4243 -0.0544362818467851 -0.1199513067475378 0
4244 -0.0568452485523003 -0.1186419908242901 0
4245 -0.1276774918144022 -0.0207564772479417 0
4246 0.1289413767082708 -0.01484224689439321 0
4247 0.1312989576951526 -0.01335305961805951 0
4248 0.1311628702970312 -0.01057304828624302 0
4249 -0.1308242443972093 0.8319683639935676 0
4250 0.1274334732486483 -0.03305947231444303 0
4251 -0.1184044297724199 0.2412788946201915 0
4252 -0.1184513187375737 0.6572555306331384 0
4253 -0.1184145490380728 0.4065493222785679 0
4254 -0.1183580198097892 0.7370924241555527 0
4255 -0.1184012931690483 0.3239143185155084 0
4256 -0.005736598367287862 -0.1320802841789393 0
4257 0.1314551442011916 0.1799679233431782 0
4258 0.1315940461238041 0.1771713707654964 0
4259 0.1313049764304905 0.1827373337657961 0
4260 -0.1193938126528427 -0.05531800560911938 0
4261 0.1316901303835832 0.3215528702350656 0
4262 0.09083529220614367 -0.07655301731852143 0
4263 0.09318980464160065 -0.07507579332950347 0
4264 0.1316716945313786 0.5177930744271058 0
4265 0.1315694819030129 0.2262302344159697 0
4266 0.1318023023965991 0.0766053936532841 0
4267 -0.1183354964442772 0.1558443415937524 0
4268 -0.1185822194049919 0.8281248211161852 0
4269 -0.1186641243662081 0.8309236229271951 0
4270 -0.1182144947093949 0.56940758515032 0
4271 -0.03730854098781792 -0.1262634288669158 0
4272 -0.03986596974984829 -0.1249900812169153 0
4273 0.1318254684205157 0.5640614240974005 0
4274 -0.1301333567412534 -0.0194381922875563 0
4275 -0.1302159775383551 -0.01665125347814215 0
4276 -0.1183031411587683 0.4863867457481447 0
4277 -0.02030183918353447 -0.1298422587337423 0
4278 -0.0227661813601298 -0.1285386624339579 0
4279 0.1318286260454428 0.3678168615451975 0
4280 -0.1182773436451579 0.8169289482807407 0
4281 -0.1182625241942695 0.2356806499812689 0
4282 -0.1182508146723779 0.4009517164454288 0
4283 -0.1182158981229649 0.7314941858409002 0
4284 0.1317198236123211 0.02719447232561282 0
4285 0.1318321418766613 0.2696966663985759 0
4286 -0.1273348631325469 -0.03188519788839379 0
4287 -0.1274312033877971 -0.02909918447902906 0
4288 -0.1272484081108749 -0.03466924552028563 0
4289 0.1313886028327173 0.4251738953160862 0
4290 0.1312847326902359 0.4276788428900629 0
4291 0.1315421135875437 0.4224544442276648 0
4292 0.1150129978433767 -0.02667431097754092 0
4293 -0.1181594663386823 0.06761174623585944 0
4294 -0.00624906610243533 -0.1182043768717379 0
4295 -0.003809839958607925 -0.1194711623188093 0
4296 0.04184109200223782 -0.1108448534288723 0
4297 -0.09985136064215895 -0.06304438260821624 0
4298 -0.1181535982017189 0.563443586408555 0
4299 0.131758679063109 0.8093328418806475 0
4300 0.131777624944225 0.7112356260842524 0
4301 0.1317753365348446 0.6130960492779778 0
4302 0.109927966886349 -0.07290843582994508 0
4303 0.107618698911296 -0.07441011968366307 0
4304 0.1102496650066163 -0.07608336227446109 0
4305 0.1318473510778566 0.1225167918058346 0
4306 -0.09730534568432432 -0.06713689763269945 0
4307 -0.08966702090153679 -0.07658997604141836 0
4308 -0.09221133063622623 -0.07535482663502638 0
4309 0.1319693135500435 0.0706764876432391 0
4310 0.1182789512949574 0.8328286041044579 0
4311 -0.05194385100176421 -0.1216706632666547 0
4312 -0.1180515463097075 0.06203789885489557 0
4313 0.1129881183175112 -0.03375298743431564 0
4314 0.03214174043935254 -0.1138545132770454 0
4315 -0.1299944643865172 -0.02221870473006862 0
4316 0.1319509334277194 0.5122000404194227 0
4317 0.02554043898996346 -0.1295258821731352 0
4318 0.1319690312375061 0.315960123245316 0
4319 0.1282540840534593 0.832825944198362 0
4320 0.03990809714166756 -0.1260102847006109 0
4321 0.04224769134508555 -0.1245672550381249 0
4322 0.1339574229375372 0.7673310110204155 0
4323 0.1253021412120266 -0.04013278408945016 0
4324 0.1077485773180105 -0.07720058782647651 0
4325 0.1340492469595567 0.4730903783100501 0
4326 -0.1160813118747208 0.3281840391674479 0
4327 -0.1159953727849252 0.1600633065150132 0
4328 0.08863159070028546 -0.07803858850350975 0
4329 0.1169392400502828 0.424613592339002 0
4330 0.125426879122061 -0.04291586253625992 0
4331 -0.03485033357631515 -0.1275015920730512 0
4332 0.1109414143914545 -0.04081427282885253 0
4333 0.1110480087953219 -0.04359020867558895 0
4334 0.01117745655325164 -0.1327814850776934 0
4335 0.01351821203045007 -0.131270882494905 0
4336 0.02500542838489608 -0.1155894711176503 0
4337 0.02263439979593345 -0.1170370369385309 0
4338 0.02744046652867818 -0.1142347337493889 0
4339 0.1236027248678323 0.8329806320924324 0
4340 -0.1159841453804397 0.4906564077680187 0
4341 0.1232793765076911 -0.04719932561697977 0
4342 -0.1161326944256206 0.6615251817822647 0
4343 -0.1015357073516705 -0.08394758526995307 0
4344 -0.09909613576233225 -0.08529665899004715 0
4345 0.1292371297334225 0.2247128778614398 0
4346 0.1317032046617566 0.2234334934670412 0
4347 -0.1207681095935132 0.3224444448391882 0
4348 -0.1183203095502018 0.3211155077824502 0
4349 0.1296428356100925 0.3144429308637746 0
4350 0.132070438947278 0.3131617381904329 0
4351 -0.1206150443071689 0.2342112056011185 0
4352 -0.1181877127537255 0.2328816405828251 0
4353 0.1294999552388869 0.3662996899647715 0
4354 0.1319559239897981 0.3650087651201728 0
4355 -0.1206003887774673 0.3994823582783434 0
4356 -0.1181730536012639 0.3981527933660733 0
4357 -0.1205691168231595 0.7300247210170362 0
4358 -0.1181409258823555 0.7286951811481694 0
4359 0.1295080035909173 0.268179719533752 0
4360 0.1319613684901336 0.2668943537581584 0
4361 -0.1207016603183522 0.1543744980518413 0
4362 -0.1182576261776503 0.1530454282040387 0
4363 0.1296247057565484 0.5106829899659977 0
4364 0.1320522058359273 0.5094016222266736 0
4365 0.1292201871792659 0.4700136951121545 0
4366 0.1317116901901496 0.4687356051903556 0
4367 -0.1205032140581764 0.5619579771028802 0
4368 -0.1180828853982401 0.5606287488131944 0
4369 -0.1206528324241048 0.4848873949143809 0
4370 -0.1182563285819271 0.4833449415283385 0
4371 0.1294845285647361 0.5625403274108381 0
4372 0.1319359669516194 0.5612682713215565 0
4373 0.1294724481553763 0.6115960675297449 0
4374 0.1321840002046125 0.6100215013607162 0
4375 0.1294653793281213 0.7097192688401819 0
4376 0.1319190525299521 0.7086521346177294 0
4377 -0.1207878117492519 0.6557342806626736 0
4378 -0.1183281151903691 0.6541655886064801 0
4379 -0.1206174267408004 0.8154205215683694 0
4380 -0.1182362992034091 0.8138289095005674 0
4381 0.1291916754359 0.7643727619927947 0
4382 0.1316664423875306 0.7630578773473139 0
4383 0.1295219266150781 0.1209997299698878 0
4384 0.1319643507667851 0.1197191944540905 0
4385 0.1296613043429388 0.06914601081803917 0
4386 0.132094583188797 0.06786409417144074 0
4387 -0.1203878380276632 0.06054777234152462 0
4388 -0.1179830701467297 0.05921825239633908 0
4389 0.12939204911493 0.02567768327535846 0
4390 0.1318487115206992 0.02439767962142226 0
4391 -0.115806797745624 0.7331521807915348 0
4392 0.1339632860325993 0.0315105197939714 0
4393 0.103157791548516 -0.08293734982689593 0
4394 0.1008008177623943 -0.08442601630655588 0
4395 -0.1218593923544461 -0.05121765257042749 0
4396 -0.124572447304774 -0.04991391181281585 0
4397 0.04225370868913923 -0.1273574201502163 0
4398 0.1341662504447296 0.5655461471634105 0
4399 -0.02083895104412264 -0.1159415314043323 0
4400 0.1341789670187672 0.3693827430798705 0
4401 0.1341889803347513 0.2713024779111315 0
4402 -0.1157601736996622 0.5652457364988385 0
4403 -0.1076123061962295 -0.04806748639367666 0
4404 -0.1074866463922915 -0.05077251280770363 0
4405 -0.1051775436355087 -0.04940243889244204 0
4406 -0.1050698661628499 -0.05204440505197255 0
4407 0.03268162749655132 -0.1277059050780379 0
4408 -0.1158743315873767 0.4026565004653812 0
4409 -0.1191481220856522 -0.05810385983147813 0
4410 -0.1168142543687103 -0.0594181133027431 0
4411 -0.1159435288855333 0.8209075933829554 0
4412 0.1343184650902281 0.07238556123609403 0
4413 -0.1158367824921826 0.2374098113227386 0
4414 0.1338404789856184 0.2304539009119096 0
4415 0.1150490340162576 -0.02402775795150182 0
4416 0.03028099541745496 -0.1291235920733933 0
4417 -0.008656630924943216 -0.1170179847717384 0
4418 -0.1283665295405507 0.8333297809288137 0
4419 0.1340676430569511 0.1265522068153565 0
4420 0.03444512588191832 -0.1124532765071624 0
4421 -0.05475567270418279 -0.1227913503830949 0
4422 -0.1329426638027375 0.8248649485880057 0
4423 -0.1329120432943706 0.8221561811189477 0
4424 -0.01358339652939687 -0.1171270958600518 0
4425 -0.01611184285538748 -0.1159401839516617 0
4426 0.1169528593749926 -0.0140596226415878 0
4427 0.117044001827079 -0.01676643906632782 0
4428 0.1167199476923484 -0.01129038089612878 0
4429 0.1055467515942099 -0.08153684479859238 0
4430 0.1313946219751248 -0.01609602656097743 0
4431 -0.01778053024750624 -0.1310349602062766 0
4432 -0.1156904558631772 0.06394650734051856 0
4433 -0.1330521889185352 0.83044395989769 0
4434 0.1109417963055371 -0.03802750068581075 0
4435 0.1274546009584248 -0.03584791624743626 0
4436 -0.1039225099434247 -0.08247326915967525 0
4437 -0.1040872285502503 -0.07984491353231878 0
4438 -0.1102815768355106 -0.04110928013448157 0
4439 -0.1102185486153885 -0.03840389347486908 0
4440 -0.1297214254671528 -0.03056421923031033 0
4441 -0.1297217904859404 -0.02777303771547258 0
4442 0.1341696476628315 0.8108763080136109 0
4443 0.1172937226273382 0.566140420806162 0
4444 0.1172002120919653 0.568939223820954 0
4445 0.1174015195190112 0.563342326087551 0
4446 0.1333377505678331 0.8276556985634095 0
4447 -0.1077906743897552 -0.04545054873549446 0
4448 0.1341428225872598 0.3198732102739174 0
4449 -0.1325516324997046 0.06451490703340761 0
4450 -0.1325836200591256 0.06161117494154447 0
4451 -0.1326909589494379 0.0672074135756241 0
4452 0.1295792381455476 -0.02867571382965703 0
4453 0.1318064213244303 -0.02720548403779279 0
4454 -0.1326383931918564 0.5658662648683092 0
4455 -0.1325887514442343 0.5689524398480866 0
4456 -0.1326611810253202 0.5628420845893313 0
4457 0.1168912632224575 0.4273223834981114 0
4458 0.1191401141667026 0.4288588037041761 0
4459 -0.004001399052447226 -0.1166849806885638 0
4460 -0.001189747834395723 -0.1178422767898657 0
4461 -0.1326944615114894 0.7339212519634547 0
4462 -0.1326407898241777 0.7370011294113095 0
4463 -0.1327262928551454 0.7309394395004483 0
4464 0.1172800594949755 0.3699746906667181 0
4465 0.1170640929580229 0.3727043506870723 0
4466 0.1173215058538247 0.3669144239750915 0
4467 0.1170198565316351 0.7679744601017364 0
4468 0.1169263194595517 0.7707732618008818 0
4469 0.1170916599675454 0.765174580881409 0
4470 0.1174232059658593 0.07287512662238656 0
4471 0.1174415073880885 0.06998127047114715 0
4472 0.1172258551802379 0.07555747177417134 0
4473 0.09525643878498753 -0.06811695176317922 0
4474 0.09530365965846951 -0.07088641539062085 0
4475 0.09514939292138085 -0.06525815306402605 0
4476 0.1342664248274395 0.7127293808643647 0
4477 0.1172847260353087 0.2718711040640945 0
4478 0.1173122761494675 0.2689497143521788 0
4479 0.1170723340911496 0.2745871483960998 0
4480 -0.01062135929138334 -0.1321600791180291 0
4481 -0.01289052900299967 -0.133675386149136 0
4482 0.01036659815382177 -0.1160928088459395 0
4483 0.0132018706460852 -0.1173142832820808 0
4484 0.007872818800770967 -0.1150022018555821 0
4485 -0.1327396317795452 0.4034180317352852 0
4486 -0.132917657688326 0.4061248978979349 0
4487 -0.132723034552527 0.4003959233926165 0
4488 -0.1305375945632457 0.4075997973229465 0
4489 -0.1327404001301433 0.23813188993537 0
4490 -0.1326715471475154 0.2411833572700436 0
4491 -0.1327646239482475 0.2352328207315014 0
4492 0.03753578292828623 -0.1273773252542927 0
4493 0.1337038983818758 -0.0144242354254503 0
4494 -0.1216738073632165 -0.05700810363298533 0
4495 0.1344392301580106 0.6144637148381676 0
4496 0.02252622288440888 -0.1138979594381628 0
4497 0.02017066006482063 -0.1157390974158322 0
4498 0.1170564967345331 0.473609266184583 0
4499 0.1167146167685819 0.4763823006387227 0
4500 0.1172173644021236 0.4708187212730276 0
4501 0.1341964683482318 0.516516529374245 0
4502 0.117193079513988 0.4218374570681918 0
4503 -0.1333583639838345 0.408851027623661 0
4504 -0.023277115505813 -0.1146366298530692 0
4505 0.1338887798925774 0.4234427598660778 0
4506 -0.1157484799848927 -0.0190080590339543 0
4507 -0.1157165536440634 -0.02178949865127737 0
4508 -0.115832980244123 -0.01623268576210803 0
4509 -0.118250879920264 -0.01496897729228039 0
4510 0.1121821511177915 -0.07131027135235946 0
4511 0.1121765120327621 -0.06860686746768457 0
4512 0.1148236743974942 -0.06974496049242369 0
4513 0.1144857947942333 -0.06694320457100124 0
4514 -0.0950329361551274 -0.06845297149610337 0
4515 -0.09484998684013599 -0.07127092859032111 0
4516 0.1128544487712371 -0.03097909377740239 0
4517 -0.0873010259007229 -0.07793408198699529 0
4518 -0.08722940980696581 -0.08067050852477421 0
4519 0.1148346321585749 0.5673639910304545 0
4520 0.1144507006461439 -0.01549906317299478 0
4521 -0.1017518760146531 -0.08698713233564211 0
4522 -0.09894845635358146 -0.08808240379842343 0
4523 -0.02006087810405627 -0.1328261000272049 0
4524 -0.003089512234463948 -0.1338294246744142 0
4525 -0.0009069663621003431 -0.1318934410866815 0
4526 -0.005613094227178879 -0.134562275163772 0
4527 0.02318793737223053 -0.1309415022483612 0
4528 0.02071913775284101 -0.1296451017111475 0
4529 0.03920467935407551 -0.1092834461580119 0
4530 -0.0847388470568657 -0.07924662542891878 0
4531 -0.08475432406784399 -0.08201166093205976 0
4532 0.09073641285961977 -0.07382461080341304 0
4533 0.1233112414761947 -0.04984740321640317 0
4534 0.121039752415542 -0.05146527979850331 0
4535 0.02080304289626238 -0.1325356161648111 0
4536 0.01836129331162153 -0.1311515607270273 0
4537 0.01822645494471069 -0.1338625381987332 0
4538 0.1104561092416724 -0.03263203487137642 0
4539 -0.1350080395334478 0.8234978601107109 0
4540 -0.08735827962788914 -0.07496634074831962 0
4541 -0.1028211043206212 -0.05085306670179671 0
4542 -0.1331096715297115 0.8331825750418959 0
4543 0.006412291604468649 -0.1330905428299435 0
4544 0.003913435098118893 -0.1317202075787656 0
4545 0.004064703130536008 -0.1345237924537714 0
4546 -0.135257940660785 0.7352986484416032 0
4547 0.114689957565186 0.4743504575181666 0
4548 0.1087527749269981 -0.04222586068178232 0
4549 0.1087947722700327 -0.04496814716112708 0
4550 0.1304785758031207 0.834968690366202 0
4551 0.1330604515361297 0.8332488287467003 0
4552 0.1329218020202629 0.836045393838334 0
4553 0.116176501405234 0.8310100281803036 0
4554 0.1145493509960652 0.7695321403243086 0
4555 0.04507275876398962 -0.1261607258767121 0
4556 -0.09994286166359333 -0.06026684688766674 0
4557 -0.1024865736215333 -0.05913327737313892 0
4558 0.114672337466857 0.3712606584886442 0
4559 0.1124328192770514 -0.02807371474692061 0
4560 -0.1352190163346836 0.5672749570716806 0
4561 0.1148915699137592 0.4259318123659031 0
4562 0.1338527223685303 0.1815616333879266 0
4563 0.1163255691765777 0.4301493843992517 0
4564 -0.1158449934245589 -0.01345596718129659 0
4565 0.02578161704143771 -0.1323222172610672 0
4566 0.1056567529202494 -0.08426209213941591 0
4567 -0.134986924515924 0.4043615735317655 0
4568 -0.09750706622032196 -0.06152572072747395 0
4569 0.1150339044547682 0.2727736156314536 0
4570 0.1336594465172515 0.6748265525341828 0
4571 0.1336560655093753 0.6776839126536914 0
4572 0.136270939754085 0.6790543333382555 0
4573 0.1336202077052103 0.68052067377472 0
4574 0.1336036100104374 0.1843635877630648 0
4575 0.1362559482906489 0.1864277070994323 0
4576 0.1332828884017367 0.1871517353191134 0
4577 -0.1324351987714888 -0.02118385348266019 0
4578 -0.1349493983840297 0.06560610819706031 0
4579 -0.1350245881176331 0.06811166359784572 0
4580 -0.1327333659337108 0.06989658099002632 0
4581 0.1334764000836854 0.8248591334717765 0
4582 0.1310351343871556 0.8234782012248065 0
4583 0.133529554762473 0.8221796300670267 0
4584 0.1352171241770996 0.1889772979670205 0
4585 0.1326048777508253 0.1897964354230547 0
4586 -0.1349319599641348 0.2391608759254451 0
4587 -0.03959560927706871 -0.1278282955880829 0
4588 -0.04216564541714652 -0.1265338587586902 0
4589 0.03195519691207607 -0.1112245744620653 0
4590 0.06047199627982859 -0.09876817260332556 0
4591 0.05812707904985548 -0.1002756036499858 0
4592 0.06051681434572491 -0.1015389657344553 0
4593 -0.1354801837403155 0.2418840823160015 0
4594 -0.1332552568716455 0.2443235033768467 0
4595 -0.1346152229988912 0.2471241473788193 0
4596 -0.1322213726026255 0.2468041904647373 0
4597 -0.1328899894646631 0.248960375378849 0
4598 -0.1357627322593164 0.249505554968464 0
4599 -0.1310850930353248 0.2431911919662769 0
4600 -0.1340980926603704 0.2516842127503979 0
4601 -0.1340925089553451 0.2547840441162204 0
4602 -0.1314929788321575 0.2533248653763136 0
4603 -0.1316194129666673 0.2562405934411803 0
4604 -0.1341585359441336 0.2575944013348791 0
4605 -0.1316779004191508 0.2590967405092508 0
4606 -0.1291463853337812 0.2605998278169998 0
4607 -0.132120095411466 0.262326397413123 0
4608 0.1150042780851847 0.07393594203354503 0
4609 0.1147679335016244 0.0768933369302439 0
4610 0.1172353758411638 0.07835587554208505 0
4611 -0.09506363010786691 -0.06575718079944352 0
4612 -0.1289515864182257 0.2549261281340479 0
4613 0.0698121052521295 -0.09265603685746196 0
4614 0.0720967644316641 -0.09097399771338158 0
4615 0.1337248124810549 0.233215592338877 0
4616 0.1311153232755619 0.2344606130459841 0
4617 0.1335300414542988 0.2361395761930494 0
4618 0.1365722441716125 0.2369104263973094 0
4619 0.1344319528093565 0.2387312959008093 0
4620 0.1317524352201816 0.2385251209931526 0
4621 0.132805422022477 0.2406304741013013 0
4622 0.1146249690927045 0.2752996682781218 0
4623 0.116578170615484 0.2773471458569735 0
4624 0.115978474605748 0.2802705990728706 0
4625 0.1191959397401709 0.279285285537305 0
4626 0.1179630158151688 0.2822689942255188 0
4627 0.1206861621249087 0.2816000615493314 0
4628 -0.1351206846310333 0.5701687128898961 0
4629 -0.1332346425936583 0.5721924150447063 0
4630 -0.1347575737920132 0.5748756502118566 0
4631 -0.1323008127642576 0.5746855816010499 0
4632 -0.1330268179366893 0.5769102731856606 0
4633 -0.1310246233804037 0.5710189364561882 0
4634 -0.1361667190328122 0.5776750427006141 0
4635 -0.02089383784837176 -0.1132294876938626 0
4636 -0.08993165841898484 -0.07380196800222992 0
4637 -0.09035174409714321 -0.07149661082226107 0
4638 0.1365658389309202 0.8215442633951278 0
4639 0.1345585333347956 0.819547395500682 0
4640 0.1319925791983721 0.8195520218516178 0
4641 0.05549455572877533 -0.09891735264590962 0
4642 0.05531676337738634 -0.1017883654981186 0
4643 0.05276002834156769 -0.10302325619152 0
4644 0.05514520916492437 -0.1045658894379219 0
4645 0.05271256258357761 -0.1060414572098262 0
4646 0.05024534090304998 -0.1042396553648973 0
4647 0.04992796728521369 -0.1070423820423886 0
4648 0.09749974397476886 -0.05788747996495772 0
4649 0.1002807018581414 -0.05786531934710149 0
4650 0.1016622258024757 -0.05541893593596384 0
4651 0.1030778547669918 -0.05772615958328763 0
4652 0.1043919268464022 -0.05534977476328491 0
4653 0.1019500658405726 -0.06052469510018386 0
4654 0.098860263814357 -0.06030708597382018 0
4655 0.09745463039545754 -0.06318695461828475 0
4656 0.1056200615435492 -0.05763127707488909 0
4657 0.103022143640357 -0.0530077171275583 0
4658 0.1057414877152512 -0.0529377417483073 0
4659 0.1043249792936898 -0.05051151527238777 0
4660 0.107054510331771 -0.0505728266344456 0
4661 0.105669173509078 -0.04813357276669557 0
4662 0.1085097069576675 -0.0480682122209496 0
4663 0.1087127597466347 -0.05310534651967442 0
4664 -0.0578896508183625 -0.09749846766378761 0
4665 -0.06034134020268594 -0.09881967664920641 0
4666 -0.06275019646117617 -0.09735911293943735 0
4667 -0.06276367133646128 -0.1000677458474048 0
4668 -0.06512145887038531 -0.0986865741459865 0
4669 -0.06511765451581975 -0.09587271789842824 0
4670 -0.06746797471034224 -0.09721199753943977 0
4671 -0.0602312574899414 -0.1014398228067815 0
4672 -0.06495815005573632 -0.1012651223401115 0
4673 -0.06746178202899213 -0.09439321341490171 0
4674 -0.06987130656996188 -0.09573375953100091 0
4675 -0.06979455585708955 -0.09284513310832394 0
4676 -0.07219408364831745 -0.09437357645042077 0
4677 -0.07225598071695989 -0.09187924127849437 0
4678 -0.06498539323804499 -0.09300284856925298 0
4679 -0.05784614000020478 -0.1003120360566583 0
4680 -0.05541574801261906 -0.1016674368582436 0
4681 -0.05776754857258255 -0.1028424383379214 0
4682 -0.05529752350760664 -0.1043088627438312 0
4683 -0.05295914156165957 -0.1029904933791873 0
4684 -0.05287365434183366 -0.1057684196238808 0
4685 -0.05058670219364397 -0.1043775025073177 0
4686 -0.05050725291187222 -0.107043978389257 0
4687 -0.05264174707584857 -0.1082324758452313 0
4688 -0.0480742991167773 -0.1056620450012529 0
4689 -0.0477758155155065 -0.108115386061905 0
4690 -0.04585587191639331 -0.1065412027987286 0
4691 -0.04310827903777766 -0.1057204999224241 0
4692 -0.04182839916866389 -0.1083259346205635 0
4693 -0.0391021939696443 -0.1087533556150776 0
4694 -0.04073249688744711 -0.1108616907321044 0
4695 -0.03816963443861401 -0.1114553494535094 0
4696 -0.03691844230896343 -0.1141472049599919 0
4697 -0.03548360057874242 -0.1120580535130841 0
4698 -0.03451932477278358 -0.1147263104861339 0
4699 -0.03288282687197931 -0.1128520808604604 0
4700 -0.04803285515092954 -0.1028531649844046 0
4701 -0.09890665389231661 -0.05547429404880662 0
4702 -0.101684316521148 -0.05513222819832098 0
4703 0.01554496487882215 -0.1122828113548585 0
4704 0.01761066930645351 -0.1146347455371764 0
4705 0.01463285254110787 -0.114791758304002 0
4706 0.01621741381414358 -0.117130668261011 0
4707 -0.112157647697408 -0.01565108876357365 0
4708 -0.01528821461611432 -0.1121883690027939 0
4709 0.1049606298340884 -0.04290163428829508 0
4710 0.04276931447965807 -0.1050253319694653 0
4711 0.04503422374887353 -0.1066798731998942 0
4712 0.0422177670866857 -0.1079803035914055 0
4713 0.04441681474887424 -0.1095907967004779 0
4714 0.04719299187797098 -0.1082935122665554 0
4715 -0.1048110081027264 -0.04267535867559742 0
4716 0.1113538132629089 -0.02100352450641797 0
4717 0.114019584471245 -0.0201047291190494 0
4718 0.02114470548956478 -0.1114341275513255 0
4719 -0.1112898854760879 -0.02117264196230314 0
4720 0.07814035785801154 -0.08213743239488598 0
4721 0.07875953787182503 -0.08485360201856798 0
4722 0.07663238326789162 -0.08676632923430617 0
4723 0.07917972948831152 -0.08737051264520534 0
4724 0.08082318720164366 -0.08288973468046977 0
4725 0.08283084268363361 -0.08094023954645109 0
4726 0.0834461468558588 -0.08373721607659523 0
4727 0.08592805691285754 -0.08176151282518361 0
4728 0.08471029658094337 -0.07887170365299301 0
4729 -0.08215146791704336 -0.07815370609352897 0
4730 0.03744972136173358 -0.1070251551121979 0
4731 -0.107378960863648 -0.0374759104005031 0
4732 -0.1133103405243272 -0.004270994912882078 0
4733 -0.1157560165446206 -0.00290374256439168 0
4734 -0.1158234705358505 -0.0001139215424623948 0
4735 -0.1182000491506887 -0.00156442504726247 0
4736 -0.1156346637719987 -0.005793679144322631 0
4737 -0.1154554938004541 -0.008563731972574477 0
4738 -0.1179941121595363 -0.007278287388086661 0
4739 -0.1180718982558565 -0.009732646698193907 0
4740 -0.118276822956602 0.001212978610803407 0
4741 -0.1203960100282792 0.003070384784431789 0
4742 -0.1184568110092789 0.005389801815424992 0
4743 -0.1191414318260834 0.007946143087509466 0
4744 -0.1165086354460956 0.007136411986797781 0
4745 -0.117328340874479 0.009814774308494964 0
4746 -0.119602835764392 0.01066319337375468 0
4747 -0.1179422795292066 0.01253853875880975 0
4748 -0.1181348910934159 -0.004386089161506779 0
4749 -0.115844436035993 0.002589976276668501 0
4750 -0.004125813665057151 -0.1137184127234236 0
4751 -0.009787334542337912 -0.1128628434506007 0
4752 0.1027711356763047 -0.04801169929045004 0
4753 0.1132996969538496 -0.004238153405007003 0
4754 0.1156403280764662 -0.005758485092106251 0
4755 0.1157412195947694 -0.002895383550398189 0
4756 0.1158195127298871 -0.0001125006157475395 0
4757 0.1181173292832328 -0.004383107059230919 0
4758 0.1180215764287546 -0.00719935643767944 0
4759 0.1156893647173567 -0.008531973025854175 0
4760 0.1181881327454983 -0.001575945439692351 0
4761 0.1183422885707044 0.001327701653448453 0
4762 0.115900768810886 0.002687182774687994 0
4763 0.1134633706406285 -0.01029506448495152 0
4764 0.1069219286971757 -0.03746679110204011 0
4765 0.08593976934067629 -0.07406117789142627 0
4766 -0.07395042450277299 -0.08592244961696335 0
4767 -0.07658606144041309 -0.08683310183444823 0
4768 -0.07870303600613901 -0.08498320667502959 0
4769 -0.07922775793687074 -0.08769373522439292 0
4770 -0.07707480952728001 -0.08948944682696543 0
4771 -0.08169638438749462 -0.08567030827407097 0
4772 -0.08076813492490545 -0.08305480904911479 0
4773 -0.074522936453239 -0.0884889413654263 0
4774 -0.07504921899517381 -0.09135680405809291 0
4775 0.08952483475444596 -0.06958569840199795 0
4776 0.09261724893226334 -0.06957111756763469 0
4777 -0.07000035683465818 -0.08980926502694293 0
4778 0.06959656544272574 -0.08958781308493084 0
4779 0.07476265682513901 -0.08915645706532112 0
4780 -0.1087361573565175 -0.03204568834148751 0
4781 -0.111451210736127 -0.03135750848237393 0
4782 -0.1122056431043447 -0.02867829704334296 0
4783 -0.1139612586993525 -0.03077773145619218 0
4784 -0.1150937845873847 -0.02793155188991422 0
4785 -0.1129291107820893 -0.02591250870848878 0
4786 -0.1106403733850697 -0.03410834783637252 0
4787 -0.1133465502939093 -0.03342118996916885 0
4788 0.02631053325121794 -0.1102829329381203 0
4789 -0.02657879000355434 -0.1101608423055086 0
4790 -0.02856920659162021 -0.1121983348043557 0
4791 -0.02561636435638058 -0.1130135142290948 0
4792 -0.03190594199768635 -0.1086285486534531 0
4793 0.001499054502585364 -0.1133187142673345 0
4794 0.003265285086872294 -0.1154687805510552 0
4795 0.07401290469504496 -0.08599958586902136 0
4796 0.06503675286576409 -0.092882109331138 0
4797 0.120705369287926 -0.005514577224883759 0
4798 -0.04437140289547402 -0.1285861460592242 0
4799 -0.04503736123658792 -0.1258750381179006 0
4800 -0.04778274884731434 -0.1252687720238801 0
4801 -0.0459796131283261 -0.1233372668705835 0
4802 -0.04906821755329884 -0.122830720131352 0
4803 -0.08187617957862021 -0.08860076940146547 0
4804 -0.08414209797019362 -0.08470703504228193 0
4805 -0.08688945528163956 -0.08614309805170417 0
4806 -0.02565707045242023 -0.1161039075313571 0
4807 0.1362688334035869 0.6734186980480812 0
4808 -0.1161826884818267 0.6642550075291294 0
4809 -0.0428029951375214 -0.1236467434548013 0
4810 0.1297115321044653 -0.03471435386836655 0
4811 -0.1351549057772986 0.7381884520488694 0
4812 -0.1332654726831763 0.740211879086339 0
4813 -0.1347798502181605 0.7428864524491595 0
4814 -0.1323313681120973 0.7427052790843998 0
4815 -0.1330533098413247 0.7452574570717413 0
4816 -0.1310631098900708 0.7390432757177605 0
4817 -0.1362932240180671 0.7457489914254847 0
4818 -0.1161632170545688 0.3309828409720558 0
4819 -0.1185602161986899 0.3324074866643181 0
4820 -0.1160890393082984 0.33373278847695 0
4821 -0.1133932159131412 0.3347855858359172 0
4822 -0.1156180565830084 0.336450679555729 0
4823 -0.1184332555253065 0.3356261566901947 0
4824 -0.1172850673897585 0.3382888063816443 0
4825 0.008843747037228214 -0.134372342490824 0
4826 0.01119768357240251 -0.1354306153579637 0
4827 0.1149501639392247 0.373907522097945 0
4828 0.1169099800122245 0.3754875347631655 0
4829 0.1159070687961478 0.3783542224173413 0
4830 0.1188190480586121 0.3776505562056255 0
4831 0.1176962398085867 0.3804318827587448 0
4832 0.1154485314309583 0.3813828294944653 0
4833 0.1172862102639866 0.3829524675489522 0
4834 -0.1129857191023826 -0.009944376658019685 0
4835 -0.1102142920775555 -0.02664657994968089 0
4836 0.082088798658124 -0.07818940808382419 0
4837 -0.1286397726454513 0.2520352119163645 0
4838 -0.0626511141856968 -0.09453575468765102 0
4839 -0.07812187866190617 -0.08217863267348542 0
4840 0.1134289962830434 0.001350329678574354 0
4841 0.1159352489715152 0.005482670350097323 0
4842 0.1135304455292601 0.006946362628185006 0
4843 0.1160059051354189 0.00826818156271112 0
4844 0.1338538309725139 0.03423802099081577 0
4845 0.1314245115198196 0.03569303663852918 0
4846 0.133958956925885 0.03700414832940199 0
4847 0.136630047378995 0.03801532483712006 0
4848 0.134304565812313 0.03997685308026712 0
4849 0.1315695057796871 0.03898543172319227 0
4850 0.1323946482093104 0.04172340065181018 0
4851 -0.1134111071689689 0.001334544421920033 0
4852 -0.1161679572216806 0.8295200042312755 0
4853 -0.1162812434705011 0.8323939557966167 0
4854 -0.1188340825574248 0.8335870059419153 0
4855 -0.1160946366795192 0.8267177550217155 0
4856 -0.1163631486503508 0.8351927576012312 0
4857 0.1136231761334313 0.009759993522833242 0
4858 0.1159811402618667 0.01113373983601593 0
4859 0.1159673056113792 0.01395911311811686 0
4860 0.1182379082470044 0.01251380368420963 0
4861 0.1135536692736623 0.015410490648307 0
4862 0.1159080655583475 0.01678654657243728 0
4863 0.04758118939742255 -0.1055527352447446 0
4864 0.04965639201060447 -0.1099224150452447 0
4865 0.05780458309824985 -0.1030471203843873 0
4866 0.1311632782230752 0.6790405331466718 0
4867 0.1312179874879467 0.6819253828972232 0
4868 0.1337472265781298 0.6833105686248231 0
4869 0.1313328298121389 0.6847585407122994 0
4870 0.1338498524961568 0.686105895905036 0
4871 0.131597636121046 0.6875568852783693 0
4872 0.1339539663276211 0.6889033770813918 0
4873 0.1317057890138241 0.6903791665490266 0
4874 0.128711965292373 0.6831914354766171 0
4875 0.1340648072410454 0.69170667885912 0
4876 0.1316329100071218 0.6931877630085049 0
4877 0.1291107545932733 0.6918696022426821 0
4878 0.1340949348809631 0.6945094373626981 0
4879 0.1317128502296266 0.6961617426525737 0
4880 0.1341498680035595 0.6973215139182267 0
4881 0.1319409742453283 0.6991280931411104 0
4882 0.1364144470181794 0.6874393196708121 0
4883 0.1365564302915895 0.6958375336095615 0
4884 0.03676248808417946 -0.1110893642943986 0
4885 -0.09740316857965083 -0.06434833792329754 0
4886 0.02972939534087752 -0.112754135094393 0
4887 -0.1206679874908159 -0.008237169275860831 0
4888 -0.116073865755379 0.1628620135661815 0
4889 -0.1184972445114262 0.1643202127911275 0
4890 -0.1159826591101467 0.1656438035967172 0
4891 -0.1133764617763161 0.1667595820913966 0
4892 -0.115591123475841 0.1683459827588307 0
4893 -0.118263294775481 0.1671216411956228 0
4894 -0.1177461681233097 0.1702607806614327 0
4895 -0.1208278839452592 0.1713608009535082 0
4896 -0.1184852321100261 0.1731099675595484 0
4897 -0.119056735294054 0.1758316022789768 0
4898 -0.1163916493926794 0.1750576042635043 0
4899 -0.1170367526000599 0.177556508781866 0
4900 -0.1208445552687583 -0.002449555134279359 0
4901 -0.1292427577379657 0.2635859826787609 0
4902 -0.1314662300112505 0.2654406580859499 0
4903 -0.1308764123806141 0.2682148611886063 0
4904 -0.1333815791581632 0.2673946033828684 0
4905 -0.1325848723308731 0.2700803300236621 0
4906 -0.1304090638482755 0.2706157512716476 0
4907 -0.131577506747311 0.2728715508225465 0
4908 -0.1340795992797774 0.2647787711349713 0
4909 -0.1362250556475725 0.2672338878942122 0
4910 0.08860807116619028 -0.08081419762577072 0
4911 -0.01107717713001938 -0.118388228390609 0
4912 -0.01115244129102876 -0.1153638621793961 0
4913 0.1131466387989281 -0.03653045662409396 0
4914 0.05596788779193296 -0.1072337669014134 0
4915 -0.1101447955662551 -0.04392889463311931 0
4916 -0.01838421311972467 -0.1172690254818966 0
4917 0.1151918345711051 -0.02946408170721265 0
4918 0.08134425637351662 -0.0855904859099875 0
4919 0.08612365495330565 -0.08470478347569839 0
4920 -0.1137413369811087 0.00700717435082798 0
4921 0.1189731770266715 -0.009793956842703152 0
4922 0.06747708148140762 -0.09420519256610302 0
4923 -0.1124242123390456 -0.03656066438834462 0
4924 0.1173544244136322 -0.02253827494281301 0
4925 0.03693436208395202 -0.1137053196743115 0
4926 0.02990249063537938 -0.1181217493385761 0
4927 0.1176619085973988 -0.03074217167262621 0
4928 0.04419293293290684 -0.1148384072595321 0
4929 -0.01826006790221021 -0.1200182288426957 0
4930 -0.1124727996073454 -0.04535921541682843 0
4931 -0.05985130356391517 -0.1064425688293698 0
4932 0.1155944375396611 -0.03780695114623132 0
4933 0.02980030027873269 -0.1153748232030267 0
4934 -0.1021179864534921 -0.06729075690944213 0
4935 -0.07212416456245671 -0.09975297532196488 0
4936 -0.1073923475276309 -0.05353422791573477 0
4937 -0.1045641963132729 -0.05496986232127281 0
4938 0.1111721408141925 -0.0463638075704258 0
4939 0.1113168510697093 -0.04920102826308318 0
4940 -0.03037655663590709 -0.1163406562362247 0
4941 -0.02554719535206748 -0.1188767129462231 0
4942 -0.01097766417614069 -0.1211366333120185 0
4943 -0.07953896798894511 -0.09302047609828042 0
4944 -0.001305488576824857 -0.1207391335144457 0
4945 0.001218408625213038 -0.1194446365755407 0
4946 -0.1179581631586914 -0.02325061547781001 0
4947 -0.1154662691166644 -0.02468895676347346 0
4948 -0.1175926848732106 -0.02880525321453304 0
4949 -0.1135449802128352 0.8329999999999651 0
4950 0.1194705667892798 -0.01810117519601 0
4951 0.1167997623083423 -0.01973422582492584 0
4952 -0.120677776037039 -0.01368792576522354 0
4953 0.1364642298754604 0.1805319330107789 0
4954 0.005782294595114867 -0.1166172356725421 0
4955 -0.09975739673490366 -0.06582508124985846 0
4956 0.02038989484567083 -0.1185128993092442 0
4957 0.09564584312572014 -0.07633764662149216 0
4958 0.09552287029612834 -0.07360005841338201 0
4959 -0.09456586303914299 -0.07679613938955329 0
4960 -0.09469798086213613 -0.0740633790586909 0
4961 0.1024340598265975 -0.0662806496378313 0
4962 0.1023076313491108 -0.06350173671635757 0
4963 0.104604238737177 -0.06198799857460666 0
4964 0.005944077717468036 -0.1218810116569806 0
4965 0.0035313604546713 -0.1206419913512922 0
4966 -0.0530092670134778 -0.1002262810780915 0
4967 0.1002293543723995 -0.05301579435488019 0
4968 0.01309023066377228 -0.1202716539493769 0
4969 0.07464306861554032 -0.09257630025010624 0
4970 -0.09713795541686868 -0.07271452501417858 0
4971 0.1365756180162124 0.004200032783893607 0
4972 0.1341529830799934 0.002800755802384621 0
4973 0.1341528212751865 0.005596823104925605 0
4974 0.1341497664635524 8.264546196709305e-06 0
4975 0.1318858241791102 0.001570020465775247 0
4976 0.1317315531360605 -0.001393046345164558 0
4977 0.1318923240757341 0.004389483241790713 0
4978 0.131819450868317 0.007106556689215228 0
4979 0.1341742326638946 0.008399262432175338 0
4980 0.1317271839672835 0.00979008417218274 0
4981 0.1296160344025255 0.008592097186747397 0
4982 -0.1047693921344214 -0.06045109373130099 0
4983 -0.1048734753553066 -0.05783114784352485 0
4984 0.09785293264817119 -0.0720817728425384 0
4985 0.1208335252024945 4.111739918714751e-05 0
4986 -0.08957811009393557 -0.0821058946751405 0
4987 0.01775029752681402 -0.1196650918137301 0
4988 0.09107007985789442 -0.08210186989196658 0
4989 0.03706840565526883 -0.1164404877364003 0
4990 0.001169108361596365 -0.122093792105724 0
4991 -0.1150676058483209 -0.03837687532200149 0
4992 -0.1072415117836139 -0.05637429581857779 0
4993 0.1197488416363389 -0.02369869900830261 0
4994 0.1295278492969337 0.02288146988193331 0
4995 0.1320185504837165 0.02160296378749093 0
4996 0.1343670786348699 0.02283890653929466 0
4997 0.1344169801300651 0.02003256878705041 0
4998 0.1320762886235754 0.01875483250960554 0
4999 0.1296740193138093 0.02008524334888523 0
5000 0.1297971696082863 0.01728105322820476 0
5001 0.1322151532674061 0.01599770059770637 0
5002 0.1299113211658234 0.01452118628132157 0
5003 0.1324408936795006 0.01321578288206569 0
5004 0.134552052640473 0.01442765706616756 0
5005 0.1273216250364054 0.0185683674893937 0
5006 0.1269111871387258 0.02695935632985032 0
5007 -0.120309363787369 0.05774616903839938 0
5008 -0.1178455224584781 0.05641722129362896 0
5009 -0.1155591485802926 0.05811544583725129 0
5010 -0.115490262911444 0.05540425086598502 0
5011 -0.1178535152305459 0.05366819018360328 0
5012 0.1297966965852297 0.06634723547421922 0
5013 0.1322862162834652 0.06506728768593539 0
5014 0.1299436343370392 0.06355026242024391 0
5015 0.1323427424281781 0.06226735075610072 0
5016 0.1300695099044759 0.06075304607433656 0
5017 0.132453447901689 0.05944648098855952 0
5018 0.1346138659031479 0.06394668200979305 0
5019 0.1302015009274241 0.05795233842760653 0
5020 0.1326793562212464 0.05664978914817259 0
5021 0.1303535866076667 0.05515506368604809 0
5022 0.1327743287892103 0.05397441177958355 0
5023 0.1304870625953245 0.05237857074532874 0
5024 0.1334041421520166 0.05121888607457121 0
5025 0.1349123750007624 0.05554394593251705 0
5026 0.1307061522361214 0.04959288909140098 0
5027 0.1331613762524103 0.04828129038086086 0
5028 0.130787482719131 0.04678572618445787 0
5029 0.1336133816864509 0.0458176668214724 0
5030 0.1358379656590136 0.0474435165675355 0
5031 0.1284212710580176 0.04526767222084827 0
5032 0.1280077069493177 0.05364455321963289 0
5033 0.1275949341121961 0.06203210154155406 0
5034 -0.1202360179863685 0.05495493800793712 0
5035 -0.1201536357164213 0.05215727875464466 0
5036 -0.1177695311072754 0.05082663556196763 0
5037 -0.1200708722662492 0.0493515610170067 0
5038 -0.1176063797802732 0.04802192280704456 0
5039 -0.1153844711845212 0.04971826614375969 0
5040 -0.1153172660916123 0.04700604892634703 0
5041 -0.1176435513544039 0.04527102529590511 0
5042 -0.1226007703725031 0.05347909846724393 0
5043 -0.1199984991254762 0.04655890437626457 0
5044 -0.119915256601561 0.04376083389608983 0
5045 -0.1175548650916556 0.04242700336408489 0
5046 -0.1198317250088916 0.04095464624723684 0
5047 -0.1173682804255076 0.03962247273880355 0
5048 -0.1197320889742938 0.03815367221986174 0
5049 -0.1173907330651871 0.03682114472584618 0
5050 -0.1196649356960575 0.03535412156349538 0
5051 -0.1173355908014904 0.03400903965054205 0
5052 -0.1148536222567319 0.03808515685242167 0
5053 -0.1195896612611472 0.03255315457162682 0
5054 -0.1171331887882718 0.03121140003922954 0
5055 -0.1194887174612486 0.0297542251375782 0
5056 -0.1171703154723886 0.02842127634438692 0
5057 -0.1194238880646754 0.0269568740307551 0
5058 -0.1171229063885155 0.02560243188917316 0
5059 -0.1146883926788272 0.02967427835063776 0
5060 -0.1193507330700921 0.02415523521082429 0
5061 -0.1168990643566095 0.02280434328009139 0
5062 -0.1192464063989468 0.02135619969559667 0
5063 -0.1166952651260591 0.02004270785218043 0
5064 -0.1191406784589414 0.01856395136826888 0
5065 -0.1166740914739132 0.01723008437538499 0
5066 -0.1139597458902697 0.01561522254788062 0
5067 -0.1144814735199631 0.02176875874350505 0
5068 -0.1136292919092907 0.01286894334666445 0
5069 -0.1190944956242265 0.0153657391924498 0
5070 -0.1216376848088319 0.01991076834330644 0
5071 -0.1218639960608624 0.02828857334556161 0
5072 -0.1221091311252855 0.03668326926285644 0
5073 -0.1223575453653261 0.04508278022286658 0
5074 -0.1228433014724152 0.06187298776633876 0
5075 0.1271786652202244 0.07042225657211783 0
5076 0.129656462965382 0.1182030365573341 0
5077 0.1321464184944485 0.1169248014243933 0
5078 0.1344660435047495 0.11811953193471 0
5079 0.1345080673832555 0.1153128398703226 0
5080 0.1321852655643029 0.1140687427105802 0
5081 0.129804384982899 0.1154069812440437 0
5082 0.1299246443993065 0.1126004111558484 0
5083 0.1323275680592898 0.1113163094132086 0
5084 0.1300608356573302 0.109809381549946 0
5085 0.1324411580597811 0.1085267699175674 0
5086 0.1345314956842096 0.1097149467881639 0
5087 0.1301948988763041 0.1070149099750388 0
5088 0.1326438569374865 0.1057355711507831 0
5089 0.1303433151583985 0.1042195972826196 0
5090 0.1327789981558604 0.1029389605035825 0
5091 0.1304830077504878 0.1014232333383883 0
5092 0.1329888537263689 0.1001459472583587 0
5093 0.130633060714355 0.09862732375793101 0
5094 0.1331275032404561 0.09734938217548818 0
5095 0.1307739881783984 0.0958309129819577 0
5096 0.1332661527544995 0.09455281709588387 0
5097 0.130967949498188 0.09296214494544464 0
5098 0.1335870317071985 0.09181420201989332 0
5099 0.1363867055628662 0.09080638299171698 0
5100 0.1340706479668716 0.08901767002395583 0
5101 0.1313508674462822 0.09016314191262581 0
5102 0.1316231405900596 0.08738004203248023 0
5103 0.1292146983301125 0.08574185329418602 0
5104 0.1319567716106467 0.08427319341744739 0
5105 0.1284265520556278 0.09429985603261337 0
5106 0.1274518133294194 0.1138886246961652 0
5107 -0.1304884431186493 0.8207822479624182 0
5108 -0.1327569993706429 0.8193367546487036 0
5109 -0.130393303820225 0.8179815145731953 0
5110 -0.1326934286877925 0.8164737208468646 0
5111 -0.1326725985967768 0.8137481685215656 0
5112 -0.1348429536981645 0.8150715985575961 0
5113 -0.1302464820358789 0.8123838287315692 0
5114 -0.1325186892092066 0.8109604969819078 0
5115 -0.1307154087403445 0.8349903301492243 0
5116 0.1340563364242227 0.7156493981829344 0
5117 0.1294547735074405 0.8078354100834547 0
5118 0.1318976692727091 0.8065541885739451 0
5119 0.1295918579726864 0.8050411328159532 0
5120 0.1320109058286403 0.8037597402642283 0
5121 0.1345075809496324 0.8052044394959921 0
5122 0.1297260386856026 0.8022453031903272 0
5123 0.132144575050694 0.8009636505472409 0
5124 0.1298631133520305 0.7994489399054621 0
5125 0.1322566384949761 0.7981659343871963 0
5126 0.1299970398958381 0.7966522151417179 0
5127 0.1323900698369057 0.7953691508388095 0
5128 0.134729665387408 0.7995401361445754 0
5129 0.1301342496805508 0.7938555977934142 0
5130 0.1326250137695309 0.792577369776303 0
5131 0.1347143030712293 0.7944388366037717 0
5132 0.1351159083072803 0.7911857519502942 0
5133 0.1326432638056093 0.7897559387907886 0
5134 0.1275257326260619 0.797931428935345 0
5135 0.1302646485084601 0.7910554784917508 0
5136 0.1304056990054067 0.7882585087900844 0
5137 0.1327780327763362 0.7869526303092444 0
5138 0.1305441019272674 0.7854607523651291 0
5139 0.1330649216509803 0.7841888656401089 0
5140 0.1307074169040157 0.782669455455018 0
5141 0.1333479321746037 0.7813294329257851 0
5142 0.1308633178529303 0.7798802095701971 0
5143 0.1333917253919403 0.7784879304308614 0
5144 0.1362632884679431 0.7766330635533472 0
5145 0.133404956851121 0.7755942174699434 0
5146 0.1362380483435608 0.7830800372683393 0
5147 0.1353720632203481 0.7742505895583927 0
5148 0.1351258204109401 0.786053932444403 0
5149 0.1279415168043107 0.7895414369612127 0
5150 0.1283610092159606 0.7811530211982715 0
5151 0.1287145715544151 0.822019872947034 0
5152 0.1200542794699729 0.8017661717818353 0
5153 0.1177854097662887 0.8002519650506634 0
5154 0.1176653249279228 0.8030583284624184 0
5155 0.1178920241958682 0.7972627472197675 0
5156 0.1155229963429525 0.7984884714090763 0
5157 0.1199326584847134 0.8045650607744235 0
5158 0.1174489251739239 0.8058527650740098 0
5159 0.1174114877825473 0.8086455113017209 0
5160 0.1151865609757283 0.8069379060228724 0
5161 0.1276710008762386 0.7460750148942443 0
5162 0.1301622220468578 0.7447968063513689 0
5163 0.1303008715627027 0.7420002412597261 0
5164 0.1300235725310115 0.7475933714430083 0
5165 0.1326167746572027 0.7434471309933391 0
5166 0.1326808622336326 0.7407049099345225 0
5167 0.1304209826619291 0.7392008223710281 0
5168 0.1328668551281756 0.7379217126456201 0
5169 0.1347365202322885 0.7420335301933633 0
5170 0.1270405086886138 0.1222793129286334 0
5171 0.119924482464472 0.7064428066670807 0
5172 0.1174416184218565 0.707737264249541 0
5173 0.1176103910255584 0.7048423914743263 0
5174 0.1173581800696979 0.7104239848995868 0
5175 0.1151330092903067 0.7087465604279102 0
5176 -0.1217920185120262 0.7720070677313235 0
5177 -0.11940890161947 0.7734772539668469 0
5178 -0.1194908735658287 0.7762761111808049 0
5179 -0.1193925627675787 0.7707846722917046 0
5180 -0.1171670042694762 0.7749434706017487 0
5181 -0.1172607667814165 0.7777419270024054 0
5182 -0.1195981965827946 0.7790741232046632 0
5183 -0.1172624240878287 0.7805430670361058 0
5184 -0.1149523723033218 0.7765831889536865 0
5185 0.1189336387779907 0.431659549492701 0
5186 0.1164895613506001 0.4329371931446498 0
5187 0.1188341252316628 0.4344553519761122 0
5188 0.1158242416815095 0.4359802251399892 0
5189 0.1186727939830336 0.4372026371524548 0
5190 0.1139311738726504 0.4340667415262267 0
5191 0.1164625202192862 0.4388216857208681 0
5192 0.1147589511902964 0.4410728462560103 0
5193 0.1174445228867721 0.4413217623855971 0
5194 0.1157295005121446 0.4434023393306594 0
5195 0.1184739401531408 0.4437542201733254 0
5196 0.1168440094323371 0.4458874656748927 0
5197 0.1196294205179547 0.4460161085168916 0
5198 0.1180792926871093 0.4484592226334658 0
5199 0.1180464186438817 0.4513810216293002 0
5200 0.1156228265283624 0.4503623785152558 0
5201 0.1156594641559885 0.4529167555346476 0
5202 0.1179946995781899 0.4541377968725721 0
5203 0.1331991010520023 0.8304522636550677 0
5204 -0.1282935714868343 0.5799474607924187 0
5205 -0.1306833258606696 0.5784640047810229 0
5206 -0.1309046299975775 0.5812796089608434 0
5207 -0.1158724780075675 0.7358760270601754 0
5208 -0.1281124568131595 0.822245002575666 0
5209 -0.1294394868482247 0.7017531481169128 0
5210 -0.1318223677212458 0.7002828152481483 0
5211 -0.1317100382357216 0.6974849037917696 0
5212 -0.131851645348283 0.7030831571651055 0
5213 -0.1342052485942657 0.6988124823793834 0
5214 -0.1295126207692672 0.7045522066069251 0
5215 -0.1319233173928536 0.7058822584360209 0
5216 -0.1320576064794347 0.7086795272584581 0
5217 -0.1344509641338138 0.707208887793275 0
5218 -0.1343690856611764 0.7104271801790053 0
5219 -0.1320459204425986 0.711550184210556 0
5220 -0.1305940309193407 0.6583007811292864 0
5221 -0.1306757662805115 0.6610995879035326 0
5222 -0.1328779062944805 0.6568063214030739 0
5223 -0.1328450920225327 0.6540894198084082 0
5224 -0.1349517534676358 0.6554584577000532 0
5225 -0.1297642756160639 0.7955838006791311 0
5226 -0.1320966633853378 0.7940326815486318 0
5227 -0.132014138691203 0.7912300580527543 0
5228 -0.1321578683766401 0.7968183912562659 0
5229 -0.1322223336193032 0.7996154337529743 0
5230 -0.1299149832893605 0.8011654153642899 0
5231 -0.132203217932167 0.8024210512713067 0
5232 -0.1204243183408009 0.559157010849981 0
5233 -0.1179599985490317 0.5578281822062489 0
5234 -0.1156434115930512 0.5594683023111913 0
5235 -0.1155311599244237 0.5567123646699179 0
5236 -0.1179123704123217 0.5551112425878791 0
5237 0.1198037392851226 0.5129995202599646 0
5238 0.119665089842596 0.5157960853552306 0
5239 0.1175084234791471 0.5114224312675264 0
5240 0.1176106823512527 0.5086968774063669 0
5241 0.1153222995057252 0.5099062384487953 0
5242 -0.128702340239229 0.6765639318751117 0
5243 -0.1310852211087623 0.6750935990064512 0
5244 -0.13116712628509 0.6778924008111679 0
5245 -0.1310033159283281 0.6722947972018557 0
5246 -0.1334212163713984 0.6737102557429799 0
5247 -0.133689478933527 0.6708704786675703 0
5248 0.1275323513603911 0.7488715799858837 0
5249 0.1298849230151635 0.7503899365346496 0
5250 0.1297462734993171 0.7531865016262909 0
5251 0.1323423815543898 0.7491100540909927 0
5252 -0.1283600579892693 0.7480173534454391 0
5253 -0.1307499697256933 0.7465339769907556 0
5254 -0.131075406643153 0.7494471900198987 0
5255 0.1173359162608116 0.514271605383225 0
5256 0.1172008558879333 0.5171182707686033 0
5257 0.1195309382155158 0.5185999799262397 0
5258 0.1171312141203 0.5198238982244411 0
5259 0.1150479335757436 0.5183580445107732 0
5260 0.1194045396391837 0.5213826103251364 0
5261 0.1165271736114499 0.5226263585397203 0
5262 0.1191903667813188 0.5241778355052639 0
5263 0.116757920153989 0.5254639891744719 0
5264 -0.1287145456638022 0.5112878936064035 0
5265 -0.1310998984205746 0.5098214682551429 0
5266 -0.1310184052213302 0.5070233177034481 0
5267 -0.1311817809508949 0.5126202590377855 0
5268 -0.133433232576303 0.5084446608235789 0
5269 -0.1336943497586215 0.5056237865599282 0
5270 -0.1309854586628423 0.5042365222487073 0
5271 -0.1333195529304801 0.5027544921235664 0
5272 -0.1287906914556803 0.5140825486391223 0
5273 -0.1312623839728564 0.515417544354584 0
5274 -0.1313455413377776 0.5182175958505321 0
5275 -0.1336741367118293 0.516849024168873 0
5276 -0.134288404976129 0.5198276341817413 0
5277 -0.1314973885896692 0.5210644491038943 0
5278 -0.1359435272880889 0.5181292025479265 0
5279 -0.1338123255256314 0.5139962261072906 0
5280 -0.1334298849554238 0.511166718467862 0
5281 -0.1359481493430984 0.5096805646686143 0
5282 -0.1292473698969019 0.8375867299583177 0
5283 0.1202196814131563 0.5046098246668052 0
5284 0.1178979964546756 0.5030436161986347 0
5285 0.118010909895206 0.5002869278472508 0
5286 0.1155647300677024 0.5014720385731838 0
5287 0.1156531941415862 0.4987765468010751 0
5288 0.1180658526494629 0.4975683821973097 0
5289 -0.1211418118684265 0.832230531875185 0
5290 -0.1236711687961325 0.8334146076197718 0
5291 -0.1284073829616555 0.5827380408507605 0
5292 -0.1308748843554018 0.5840652156524506 0
5293 -0.1309340089325381 0.5868610013721783 0
5294 -0.1334479982885723 0.5853696067607614 0
5295 -0.133614883142935 0.5881592851682902 0
5296 -0.1310625334384661 0.5896769315548885 0
5297 -0.1336566699974392 0.5910158209400245 0
5298 -0.1362180219724378 0.5923321246428126 0
5299 -0.1338185239612053 0.5938341628657779 0
5300 -0.1312229430042071 0.5925083421394581 0
5301 -0.1313885909273061 0.5953498645951059 0
5302 -0.1339953878009253 0.596619442222211 0
5303 -0.1315890573714915 0.5981581518415831 0
5304 -0.1341190322549422 0.5994070148835444 0
5305 -0.1317283776737414 0.6009280524558871 0
5306 -0.1342550320944386 0.6021942214725038 0
5307 -0.1317930789662642 0.603694967195201 0
5308 -0.1293454883430157 0.6052169604961826 0
5309 -0.1317194187089521 0.6064172341507802 0
5310 -0.1290046518601839 0.5968426496291879 0
5311 -0.1333168854060455 0.5825894718415537 0
5312 -0.136126374698972 0.5838749676312246 0
5313 -0.1337038613648889 0.5797635960233465 0
5314 -0.136241569967221 0.5866817575122181 0
5315 -0.1217400543225204 0.7692569795118132 0
5316 -0.1186742918454076 0.6656409499371905 0
5317 -0.1162625774420958 0.6670504234693813 0
5318 -0.1135783664859989 0.6679900351769624 0
5319 -0.1188324310273424 0.668293220219804 0
5320 -0.1164345070808092 0.6698903813610539 0
5321 -0.1155279650566411 0.6725669961698348 0
5322 -0.1181838689977353 0.6723291739884735 0
5323 -0.1171118416797137 0.6744312147410098 0
5324 0.1217333582039462 0.5229051470318202 0
5325 -0.1218927401145031 0.6095360592354764 0
5326 -0.1195607211698629 0.6082026718228537 0
5327 -0.1193658960115138 0.6054070023621693 0
5328 -0.1195805037811524 0.6110028025965552 0
5329 -0.117190152576845 0.6068716281482558 0
5330 -0.1168774717015931 0.6040788128212731 0
5331 -0.119292621523655 0.6026543448972363 0
5332 -0.1168970627158553 0.6009856938819065 0
5333 0.1191199328837578 0.7722837374382401 0
5334 0.1165969200670377 0.7735603697988351 0
5335 0.1202152178212076 0.5536697880966894 0
5336 0.1178626461664291 0.5521514315479462 0
5337 0.1180495112898805 0.5493572569140494 0
5338 0.1178099325629724 0.5549522572136305 0
5339 0.1155437969131276 0.5509981968680507 0
5340 0.1200908909574545 0.5564670632840061 0
5341 0.117687992807899 0.5577496507502326 0
5342 0.1155632850707579 0.553889994257009 0
5343 0.1199334486754861 0.6083228813865146 0
5344 0.1174541552875159 0.609624337109824 0
5345 0.1176694972759126 0.606835350286107 0
5346 0.1173700541473024 0.6123236093605282 0
5347 0.1152058090422061 0.6107808628436787 0
5348 0.1191006960515404 0.5269810215354948 0
5349 0.1167425402691633 0.5282093434510988 0
5350 0.1189767653230002 0.5297766315994668 0
5351 0.1142282603215928 0.5267327118387403 0
5352 0.1162042515274223 0.5310082822693981 0
5353 0.1187879516829757 0.532566956522521 0
5354 0.1163419716065176 0.5338536844493611 0
5355 0.1290590686654478 0.669049257218423 0
5356 0.1315497931899088 0.6677710240525473 0
5357 0.1339425553037856 0.6692211855562574 0
5358 0.134071799299172 0.6663944728073699 0
5359 0.1316828155594869 0.6649417363954728 0
5360 -0.1348068315356683 0.8373185459327568 0
5361 0.1208222508820077 0.8371637905305128 0
5362 -0.1288585199316604 0.7647971206871764 0
5363 -0.1312414008046835 0.7633267878184078 0
5364 -0.1311594956248177 0.7605279860138008 0
5365 -0.1313409058216529 0.7661538765702527 0
5366 -0.1337110321986529 0.7618355768472223 0
5367 -0.1336137824555566 0.7590359531647726 0
5368 -0.1310775904450242 0.7577291842091903 0
5369 -0.133504691493706 0.7562009243740141 0
5370 -0.1362946961427553 0.754267927749757 0
5371 -0.1333335381942447 0.753443519832009 0
5372 -0.1362641093128797 0.7603256996160224 0
5373 -0.1350512508072231 0.7515793456908227 0
5374 -0.133747441254715 0.7494215337275241 0
5375 -0.1338516444849981 0.764623456067242 0
5376 -0.1339320366190759 0.767457379275007 0
5377 -0.1364755767587859 0.768708190504134 0
5378 -0.1340866855138325 0.7702529290266602 0
5379 -0.1315265480047188 0.7689644902646389 0
5380 -0.1316410914939187 0.771760438708843 0
5381 -0.1292135381067853 0.7732615453105391 0
5382 -0.1316763342844834 0.7746497088832557 0
5383 0.1196592367187252 0.8101571980951985 0
5384 0.1195031145571271 0.8129526514522475 0
5385 0.1173083474647988 0.811470085287874 0
5386 0.1170504286627866 0.8142650628268445 0
5387 0.1213020633765896 0.7765970828963715 0
5388 0.1188108422059935 0.7778752914392673 0
5389 0.1186721926901706 0.780671856530903 0
5390 0.116319621035392 0.7791534999821665 0
5391 0.1161638519151241 0.7819011673810796 0
5392 0.118530689906935 0.783460272007079 0
5393 0.1159591734214098 0.7845532521234175 0
5394 0.1164344271204057 0.776305231657385 0
5395 0.1136322988705246 0.7771197584616513 0
5396 0.1189494917218131 0.7750787263476184 0
5397 -0.121300351400938 0.755214110270754 0
5398 -0.1189174705377903 0.7566844431392252 0
5399 -0.1189993757192891 0.7594832449437937 0
5400 -0.1189095378198746 0.754005524096011 0
5401 -0.1164062414998034 0.7582142619212489 0
5402 -0.1164757592262746 0.7610649022817579 0
5403 -0.1190751637507895 0.7622684311604966 0
5404 -0.1166826884752194 0.7639218294143955 0
5405 -0.114664843878911 0.766059637947839 0
5406 -0.1170521943447221 0.766866955975115 0
5407 -0.1154217882825834 0.7684326310765703 0
5408 -0.1136165439593261 0.7599824597229722 0
5409 0.1209084654002857 0.5396869626385267 0
5410 0.1184282434270598 0.5409657165051881 0
5411 0.1182804279134357 0.5437618271603506 0
5412 0.1185687261424263 0.5381692423008265 0
5413 0.1159260230590941 0.5422433797243217 0
5414 0.1158042996629987 0.5453493600804928 0
5415 -0.1222013083917936 0.7860009301211798 0
5416 -0.1197365223389099 0.7846724611853194 0
5417 -0.1198184275187662 0.7874712629899422 0
5418 -0.11744202246322 0.786104754511612 0
5419 -0.1176458382725499 0.7887254779965389 0
5420 -0.1293480869170142 0.7815942991572584 0
5421 -0.1317328318838843 0.7801195986460766 0
5422 -0.1318207959629234 0.7828777837941405 0
5423 -0.133393949456353 0.6764177070140602 0
5424 -0.1359328880285001 0.674951735073728 0
5425 -0.1338590382359753 0.679254116160746 0
5426 -0.1312868857795543 0.6806967436847845 0
5427 -0.1337066780625412 0.6821213212564997 0
5428 -0.1313360557862944 0.6835078695494203 0
5429 -0.1342891641690374 0.685085599135136 0
5430 -0.1314875482672549 0.6863365501497536 0
5431 -0.1359544517665305 0.6833683356893994 0
5432 -0.1289515189784549 0.6849631837183975 0
5433 -0.1206867961159599 0.3196456749324941 0
5434 -0.1182223872110346 0.3183171859189938 0
5435 -0.1158355963351718 0.3197876337536276 0
5436 -0.1157790780524474 0.3168003440775814 0
5437 -0.1181793431675225 0.3154859564960372 0
5438 -0.1294325700477562 0.7843827919130835 0
5439 -0.1318977716483939 0.7857094464088059 0
5440 -0.1342795231166315 0.7842468693865547 0
5441 -0.1343342632331286 0.7869812122880198 0
5442 -0.1303496848892721 0.6499043356376157 0
5443 -0.1326531527539562 0.6484083555961424 0
5444 -0.1326101426214807 0.6456796431226672 0
5445 -0.1347920818224753 0.647030229961171 0
5446 0.1203449247048325 0.6489931510801725 0
5447 0.1179923529294348 0.6474747946298279 0
5448 0.1177728118828352 0.6444862161983365 0
5449 0.117925483708095 0.6502749170733488 0
5450 0.1154232985399507 0.6463734932189176 0
5451 0.1155495889525731 0.6490026166010616 0
5452 0.1202182398114506 0.6517903080980514 0
5453 0.1178007916675538 0.6530721737195705 0
5454 0.1175906961031952 0.6558651964303552 0
5455 0.1153372977483096 0.6546751641655477 0
5456 0.1153280119204572 0.6574820669719985 0
5457 0.1175902973022953 0.658723170999131 0
5458 0.1201973373643841 0.7499096405228581 0
5459 0.1177492102608382 0.7512433847184382 0
5460 0.1179417676541915 0.7485796392447854 0
5461 0.1176692020418876 0.753998357896805 0
5462 0.115503758286626 0.7528236796539668 0
5463 0.1199369942266642 0.7555050946627017 0
5464 0.117486516935146 0.7567842903878009 0
5465 -0.1205202845006047 0.3966835037714368 0
5466 -0.118055798605636 0.3953550260516551 0
5467 -0.1157132827577815 0.397015546298075 0
5468 -0.115644766159831 0.3942908037556821 0
5469 -0.1180353423432498 0.3925987292672465 0
5470 0.1218700717828002 0.6182309332101643 0
5471 0.1195175001280206 0.6167125766614217 0
5472 0.1193788506121988 0.619509141753054 0
5473 0.1171854922432584 0.6178338814707027 0
5474 0.1170944153875627 0.6206054409095212 0
5475 0.119274665420708 0.6222753886136158 0
5476 0.1169903075254723 0.6233939303232898 0
5477 0.1173413591423056 0.614999070247239 0
5478 -0.1326802072424393 0.6512743028184882 0
5479 0.128780196999903 0.7237024941610138 0
5480 0.1311327686571594 0.725220850709877 0
5481 0.1309941191418084 0.7280174158015466 0
5482 0.1334853403125151 0.7267392072586791 0
5483 0.1333466907966624 0.7295357723503196 0
5484 0.1308554696260361 0.7308139808931839 0
5485 0.1331368298231103 0.7323288068843561 0
5486 0.1336239898283561 0.7239426421670357 0
5487 0.1312714181711852 0.7224242856181606 0
5488 0.1337626393442397 0.7211460770753925 0
5489 0.1365269230053905 0.7208891729743192 0
5490 -0.1210349554682923 0.3337417278902737 0
5491 -0.1282928763459223 0.6625699210374767 0
5492 -0.1307576225653401 0.6638983911390242 0
5493 -0.1330847452478199 0.662414424989342 0
5494 -0.1331017105555405 0.6651991828248996 0
5495 -0.130819396732982 0.6666925804979054 0
5496 -0.1332487841283496 0.6680128320333744 0
5497 0.1204846867006334 0.4990270363812861 0
5498 0.129635923069549 0.363501163833 0
5499 0.1321209156449068 0.3622113732614763 0
5500 0.1271521637262969 0.3647815704083127 0
5501 0.1214708109203049 0.43038056744461 0
5502 -0.1206211232955561 0.1515756636710758 0
5503 -0.1181565652688559 0.1502471893058605 0
5504 -0.1157583832956678 0.151520736499539 0
5505 -0.1157286262827164 0.148716857047491 0
5506 -0.1181192441376473 0.1474136192026112 0
5507 -0.128790554465423 0.6793636571914036 0
5508 0.1211678839751386 0.7303336848813987 0
5509 0.1188823909760161 0.728818653992084 0
5510 0.1187549212361451 0.7316157733602899 0
5511 0.1190312704214087 0.7261482021900998 0
5512 0.1165113411478048 0.7275821175659363 0
5513 0.1166013901815784 0.7245004066922557 0
5514 0.1293748925582962 0.2219161793967342 0
5515 0.131865139570185 0.2206380793289739 0
5516 0.1342561748286313 0.2217963098854988 0
5517 0.1343106769314109 0.2189898473576196 0
5518 0.1319382624549788 0.2177769979878645 0
5519 0.1211844715790865 0.6322106884930746 0
5520 0.1188253364379207 0.6306945188020234 0
5521 0.1187336956065374 0.6334190474439316 0
5522 0.1189628994550584 0.6278987019693183 0
5523 0.1165056431676539 0.6292427168845885 0
5524 0.1158025524929902 0.6321425981736211 0
5525 0.1138323788524647 0.6300425874260812 0
5526 0.1163619300165519 0.6349851019558025 0
5527 0.1138455005307254 0.6371342060262964 0
5528 0.1168467854214579 0.6376481326738083 0
5529 0.1151833467052091 0.6397481811815178 0
5530 0.1177188927209654 0.6401246852375161 0
5531 0.1211249506064705 0.6348913546136773 0
5532 0.1297785159943918 0.3607041341068312 0
5533 0.1322307641044017 0.3594667738336501 0
5534 0.1299130156123363 0.3579161521714525 0
5535 0.1323448347326921 0.3566430996372204 0
5536 0.1344792696904654 0.3609802462734273 0
5537 0.1300471770259596 0.3551165145253875 0
5538 0.1325182630890016 0.3538005782116298 0
5539 0.1193685576697744 0.8157547687730804 0
5540 0.1169680205708245 0.8169186882914872 0
5541 0.114886427709474 0.8153381388065474 0
5542 0.1192399638293357 0.8185284359650807 0
5543 0.1165317959379086 0.8191700031544206 0
5544 -0.1205347097003916 0.2314123578346717 0
5545 -0.1180708202075001 0.2300838626615537 0
5546 -0.1157241021918458 0.2317641464572474 0
5547 -0.1156540279453495 0.2290466484197939 0
5548 -0.1180497231082414 0.2273320578802969 0
5549 -0.1301790549883592 0.6443141410022766 0
5550 -0.1324754904149614 0.642866862468412 0
5551 0.1207519354277615 0.738723380156318 0
5552 0.1183993637729877 0.7372050236075447 0
5553 0.1183099472692072 0.7401234002856599 0
5554 0.1159081426023762 0.7384832321504187 0
5555 0.1160219801149072 0.7357589812806653 0
5556 -0.1227080007860491 0.6375225705439239 0
5557 -0.1202432147330479 0.6361941016080042 0
5558 -0.1203399759163012 0.6389653402008902 0
5559 -0.1201664582710792 0.6334036440237053 0
5560 -0.1177792867996799 0.63486702337546 0
5561 -0.1176965235001148 0.6320668308674183 0
5562 -0.1154116858196466 0.6333411696586178 0
5563 -0.1154385816053072 0.636076400677006 0
5564 0.1297746269927784 0.3116457655338896 0
5565 0.1322643065694754 0.3103678717645444 0
5566 0.1346302973523636 0.3118869816731107 0
5567 0.1345599598522673 0.3086592224609329 0
5568 0.132278639810603 0.3074950778313447 0
5569 0.128654957829671 0.5793191699331145 0
5570 0.1310885140722959 0.580830559734778 0
5571 0.1308823773999518 0.5836329304489779 0
5572 0.1312456574477227 0.5780102373014742 0
5573 0.1333601011392473 0.5823558830305897 0
5574 0.133057475228449 0.5851440133665811 0
5575 0.1307051506255521 0.586429057351769 0
5576 0.1328850667703767 0.5879390996341362 0
5577 0.1358329012858429 0.5840187977584169 0
5578 0.136327300438758 0.581032700861572 0
5579 0.1338424194930659 0.5795123934728579 0
5580 0.1338412037104221 0.5766731012365678 0
5581 0.1363561797264499 0.5753025926921774 0
5582 0.1339449896411681 0.5738853592000415 0
5583 0.1288068549750449 0.5765173189588978 0
5584 -0.1218283729688395 0.3588315857926243 0
5585 -0.1194464926543601 0.3602998780179192 0
5586 -0.1195285645939748 0.3630983397152873 0
5587 -0.1193647955491363 0.3575010496113101 0
5588 -0.1170768320345684 0.3617460062031615 0
5589 -0.117286441337209 0.3645371011931791 0
5590 -0.1196341930377588 0.3658917396503488 0
5591 -0.1173807667893007 0.3673574995068499 0
5592 -0.1217483787696001 0.3560372844829979 0
5593 -0.1192832445462375 0.3547017243448237 0
5594 -0.119201930888777 0.3519043164012868 0
5595 -0.1168364080822456 0.3533403677122596 0
5596 -0.1168347805445252 0.3506926441337777 0
5597 -0.1191600010957003 0.3491631042289601 0
5598 -0.116419316163468 0.347910036517549 0
5599 -0.1145299932342046 0.3454930672215984 0
5600 -0.1171018324578057 0.3449447945059698 0
5601 -0.1142183117990433 0.3523200565937501 0
5602 -0.1151197647403615 0.3429979444558999 0
5603 -0.1177278050598105 0.3422411210997622 0
5604 -0.1164785520428975 0.3563276204184335 0
5605 -0.1169822688530587 0.3589708590182082 0
5606 -0.1147703254009691 0.3606742358066459 0
5607 -0.128481956815654 0.7508138946308264 0
5608 -0.1134248711306055 0.6173999999993882 0
5609 -0.1157350602353834 0.6187999999993932 0
5610 -0.1158306285902424 0.6215999999994037 0
5611 -0.1156548516096886 0.6161039745236805 0
5612 -0.1180410807219266 0.6203942109355449 0
5613 -0.1181485028984967 0.6232266117676988 0
5614 -0.1158255382338307 0.6244377686274659 0
5615 -0.1181781506472634 0.6260383377371674 0
5616 0.1279569250014575 0.6423621933639059 0
5617 0.1303097496310164 0.6438803614420769 0
5618 0.1301711422776583 0.6466768951219534 0
5619 0.1303948383826233 0.6411667838196458 0
5620 0.1326289400953466 0.64533352761281 0
5621 0.1324191184144745 0.6481159748635045 0
5622 0.1300150735073258 0.6494602374232374 0
5623 0.1322851931145429 0.6509765614200314 0
5624 0.1326858558378003 0.6426001055232955 0
5625 0.1323615550286967 0.6397995812070802 0
5626 0.1347610063774783 0.6439361378740678 0
5627 -0.1294471216037281 0.6191175656536756 0
5628 -0.1318096418872376 0.6176478287319922 0
5629 -0.1317629303062578 0.6147772434415332 0
5630 -0.1341976342082227 0.6161259978926876 0
5631 -0.1318738188772871 0.620423789359853 0
5632 -0.1319554877300887 0.6231893042376482 0
5633 -0.1296045412445365 0.6247059117472267 0
5634 -0.132026309816992 0.625975270263046 0
5635 -0.129938548584813 0.6359103737421532 0
5636 -0.1323848196864013 0.6372731945488501 0
5637 -0.1322791197068544 0.6344484640986042 0
5638 -0.1324088172905112 0.6400215429874364 0
5639 -0.1346306873113805 0.6386022529454829 0
5640 0.1362539972625544 0.6170844876234159 0
5641 -0.1299552539726799 0.4706391610770583 0
5642 -0.1322877386801935 0.4691531785381763 0
5643 -0.1322310549658944 0.466396344880415 0
5644 -0.1323376509494632 0.4719935860583224 0
5645 -0.1345241468276242 0.4677478534251944 0
5646 -0.1222165697066019 0.6207297597160633 0
5647 0.1296446768406711 0.2653821764001947 0
5648 0.1321322368671898 0.2640983592899919 0
5649 -0.1208111737710583 0.7384212334972817 0
5650 -0.1184426335134213 0.7398911466969234 0
5651 -0.1185107084411294 0.7426903532351986 0
5652 -0.1160431585882472 0.7413619651802139 0
5653 -0.1161039849047457 0.7442074131544024 0
5654 -0.1186102105201149 0.7454535569059468 0
5655 -0.1163441852574926 0.7470720246774993 0
5656 -0.1137505930916446 0.7491901756869549 0
5657 -0.1165568267193776 0.7500478951685825 0
5658 -0.1148656734487281 0.7516344638018484 0
5659 -0.1134480120322426 0.7433424032462304 0
5660 0.1195130300138383 0.6657725397679691 0
5661 0.1170956659176564 0.6670544100341852 0
5662 0.117073567914791 0.6698731335464883 0
5663 0.117258912947721 0.6642590644505317 0
5664 0.1272550523286882 0.7544647101691593 0
5665 0.1296076239834653 0.7559830667179266 0
5666 0.1320688960203886 0.7547033733417856 0
5667 0.131892658238465 0.7574832748855177 0
5668 -0.1289742536390334 0.7676154339295123 0
5669 0.1365751288693941 0.628599999999451 0
5670 0.1341502577387917 0.6299999999994625 0
5671 0.1341502577388 0.6327999999994705 0
5672 0.1318767400614566 0.6313999999994757 0
5673 0.131806630320804 0.6341029737399557 0
5674 0.134206951892498 0.6355090848412016 0
5675 0.1293760842271233 0.6326206372911445 0
5676 0.1317253866081822 0.628599999999474 0
5677 0.1315877468038721 0.6368580501568343 0
5678 0.1341502577387886 0.6271999999994473 0
5679 0.1341502577387871 0.6243999999994316 0
5680 0.1317253866081833 0.6257999999994305 0
5681 0.131659924114041 0.623128487639202 0
5682 0.1186891418117687 0.5353707271359693 0
5683 0.1157105218929734 0.5368525401844101 0
5684 0.1138507504359198 0.5351318929922507 0
5685 0.1211812943178563 0.5831537955618125 0
5686 0.1186900731472567 0.5844320041047115 0
5687 0.1185530372460632 0.5872286491969468 0
5688 0.1188287226630568 0.5816354390130758 0
5689 0.1161527219579168 0.5856566872961588 0
5690 0.120904264222003 0.5887469390785187 0
5691 0.1184028541760497 0.5899829722674612 0
5692 -0.1222412457524641 0.6179278622993669 0
5693 -0.1199612815015536 0.6164783659607361 0
5694 -0.1134095896669791 0.628608045379928 0
5695 -0.1158258061354975 0.6272451449131264 0
5696 -0.1182099417473885 0.6286939913592504 0
5697 0.1278275308488312 0.5470385973763705 0
5698 0.1301078952607181 0.5485757743892812 0
5699 0.1300294184473204 0.5513566557607714 0
5700 0.130202081118421 0.5457191418761161 0
5701 0.1322754136711091 0.5500394892488315 0
5702 0.1322845322299393 0.5528699013250864 0
5703 0.1298825489797986 0.5541502778589835 0
5704 0.1321789310377411 0.5556709632986188 0
5705 0.1196577963974218 0.7120203382635167 0
5706 0.1195103239603277 0.71482990293771 0
5707 0.1173017994592949 0.7131004835790803 0
5708 0.1171943287631581 0.7158777884987525 0
5709 0.1194369424571095 0.7175321141921153 0
5710 0.1170541787055696 0.7190822570682163 0
5711 0.1212759056233248 0.4821395180345791 0
5712 0.1187802248474248 0.4834202989592191 0
5713 0.1186892007131822 0.4862961970365043 0
5714 0.116253785197576 0.484746724935205 0
5715 0.1163969644652046 0.481952272491712 0
5716 0.1137217785469102 0.4831956053006786 0
5717 0.1160757440167715 0.4875313608009216 0
5718 0.1185086942179897 0.4891352959288533 0
5719 0.1159078092748226 0.4903545545725921 0
5720 0.1161819865899162 0.4791181340718744 0
5721 0.1188873738642882 0.4806123711848865 0
5722 0.1134016084359324 0.4915065397253383 0
5723 0.1157315611333959 0.4932185034249148 0
5724 0.1182662180257383 0.4919887630180095 0
5725 -0.1365751288693946 0.2226000000006262 0
5726 -0.1342453916294135 0.2212000000006225 0
5727 -0.13416611338722 0.218400000000612 0
5728 -0.1342612472778555 0.2240000000006316 0
5729 -0.1317253866081801 0.2198000000006226 0
5730 -0.1318777391931505 0.2165808197085618 0
5731 -0.1342507753582122 0.215530136618581 0
5732 0.1134248711306054 0.2226000000006262 0
5733 0.1157533887458172 0.2212000000006223 0
5734 0.1157982940050742 0.2184612961301871 0
5735 0.1156878111932474 0.2240857687894849 0
5736 0.1178924846446161 0.2199637231874176 0
5737 0.1134162964212549 0.2170102160221963 0
5738 0.1157432472740976 0.2156732148220299 0
5739 0.1134056928478636 0.2142139051410847 0
5740 0.1157676948936093 0.2128145199942262 0
5741 0.1157980135700747 0.2100024199994958 0
5742 0.1180926944779417 0.2114514697531587 0
5743 -0.1283081998825508 0.4972987488115194 0
5744 -0.1306909779744389 0.4958284189505756 0
5745 -0.1306090556643882 0.4930296176472678 0
5746 -0.1329626401551516 0.4943464683414097 0
5747 -0.1329349900611947 0.4916286128038015 0
5748 -0.1329804042171697 0.4971370449547149 0
5749 -0.135001493450687 0.4930366569151937 0
5750 -0.1307437854964202 0.49862390982547 0
5751 -0.1330432144200404 0.4999327531974818 0
5752 0.1279795907070373 0.3970621429650554 0
5753 0.1304708118776396 0.3957839344221597 0
5754 0.1306094613934613 0.392987369330524 0
5755 0.1329620330482417 0.3945057258792644 0
5756 0.1303321623618198 0.3985804995137943 0
5757 0.1329338750453671 0.3917008907202649 0
5758 0.1307203096561689 0.3901894258943282 0
5759 0.133040089765891 0.3889027175599793 0
5760 0.1350298748219654 0.3928309839313609 0
5761 0.1352897600976627 0.3958952378933878 0
5762 0.1308489198306331 0.3873923630671613 0
5763 0.1334576389176508 0.3861384740681218 0
5764 0.1359082557985707 0.3878923990464121 0
5765 0.1310323793955552 0.3846011019529009 0
5766 0.1337066839147809 0.3833547857755225 0
5767 0.1311986668203895 0.381788442195056 0
5768 0.1338203202669597 0.380506967807783 0
5769 0.1363902484068715 0.3792648542386303 0
5770 0.1339507152480876 0.377699541706419 0
5771 0.1313562179834208 0.3789805021263027 0
5772 0.1327250824821388 0.3972017416472217 0
5773 0.1327115841186957 0.4002217783399843 0
5774 -0.1163209024439965 0.7555300560047723 0
5775 -0.1232516545452874 0.8375761329224606 0
5776 0.1215778328420068 0.8200610619361453 0
5777 0.1305342483849286 0.5891859397048731 0
5778 0.1328376076400755 0.5905909261755435 0
5779 0.13536622197392 0.5894507939822777 0
5780 0.1347525524379824 0.5924408732645687 0
5781 0.1336359763429882 0.594782948507469 0
5782 0.1347772049450503 0.5972756510379861 0
5783 0.1322682103243522 0.5970590695588578 0
5784 0.1335244772453302 0.599599730049166 0
5785 0.1307121296818034 0.5946655607262445 0
5786 0.1360009755544169 0.5996489042853332 0
5787 -0.1291937713086666 0.6933567427030779 0
5788 -0.1315766521816956 0.6918864098343136 0
5789 -0.1314947470018382 0.6890876080297013 0
5790 -0.1339595330547196 0.6904160769655521 0
5791 -0.1340414382345764 0.6932148787701636 0
5792 0.1368361680332157 0.8331373385446714 0
5793 -0.1365751288693941 0.2086000000005513 0
5794 -0.1341502577387889 0.2100000000005546 0
5795 -0.1342003183051921 0.2072000000005462 0
5796 -0.1318015788162654 0.2081813604408291 0
5797 -0.1317253866081861 0.2114000000005567 0
5798 0.1203493972229606 0.5999331861116163 0
5799 0.1178581760523555 0.601211394654503 0
5800 0.1179956161235229 0.5983320840606272 0
5801 0.115515714739198 0.5996391120635453 0
5802 0.1154917484937552 0.6023611428635931 0
5803 0.1178298000232019 0.6039953910030758 0
5804 -0.129291581472619 0.5308843476683556 0
5805 -0.131723613472643 0.5322137811575738 0
5806 -0.1318323039120001 0.5350118001127839 0
5807 -0.1316363299555437 0.5294151367896274 0
5808 -0.1342205099089017 0.5335413119743234 0
5809 -0.1342351268005283 0.5367879823468067 0
5810 -0.1318529487889593 0.5378867117037246 0
5811 -0.1292063928503665 0.5280856000827404 0
5812 -0.1315864517106893 0.5266153717789721 0
5813 -0.1340566995491999 0.5279437083651013 0
5814 -0.1339747943693428 0.5251449065604916 0
5815 -0.1204893694764159 0.7272258560647897 0
5816 -0.1180750668494384 0.7258959097631262 0
5817 -0.1157496196106339 0.7275166716662019 0
5818 -0.1204104982932446 0.7244269654721635 0
5819 -0.117996341693524 0.7230970148971034 0
5820 -0.1203291343991403 0.7216281478271603 0
5821 -0.1179296540380678 0.7202977677611788 0
5822 -0.115649828696853 0.721917295591437 0
5823 -0.1202498556876496 0.7188292691605949 0
5824 -0.1178522073810794 0.7174961246000608 0
5825 -0.1201696257240232 0.7160299665183888 0
5826 -0.1177066033979036 0.7146986597853023 0
5827 -0.1200773832796417 0.713231304072476 0
5828 -0.1176976329926644 0.7119003194257743 0
5829 -0.120005911018152 0.7104326024018262 0
5830 -0.1176381153326151 0.7090858538359879 0
5831 -0.1153882450139797 0.7135525189848304 0
5832 -0.1199294759113388 0.7076312066553477 0
5833 -0.1174740944415671 0.706286548014162 0
5834 -0.1198347964584446 0.7048318885242193 0
5835 -0.1174768762076987 0.7035001438680668 0
5836 -0.1197648767240988 0.7020350669416071 0
5837 -0.1174259474835529 0.7006761596045756 0
5838 -0.1152175528531639 0.7051380155060959 0
5839 -0.1222114443221829 0.7033648688722762 0
5840 -0.1196901318611236 0.6992323980975154 0
5841 -0.1172414035848065 0.6978757058827736 0
5842 -0.1195923136142564 0.6964326764667872 0
5843 -0.1171958839350109 0.6952059222563928 0
5844 -0.1195138205115927 0.6936552243875275 0
5845 -0.1166206371810754 0.6924362056758954 0
5846 -0.115037416910404 0.6967421991135172 0
5847 -0.1219677825151027 0.6949702991567206 0
5848 -0.1224582632631507 0.7117615073118341 0
5849 -0.1193502604156007 0.6908648284078249 0
5850 -0.1169093674577173 0.6895035081306864 0
5851 -0.1193165186591373 0.6880451116172612 0
5852 -0.1169497781864883 0.6868132731812998 0
5853 -0.1192630267013001 0.6852609184575282 0
5854 -0.1164139633044792 0.684027804906667 0
5855 -0.1143034967929145 0.6883902964476754 0
5856 -0.1217171694109555 0.686573362650168 0
5857 -0.1191102054414525 0.6824667736820538 0
5858 -0.1167060306844937 0.6811167944144838 0
5859 -0.1190824181183558 0.6796558945902907 0
5860 -0.1162821797114913 0.6786520067980381 0
5861 -0.1139859829891767 0.6804108498468949 0
5862 -0.1214743186353631 0.6781835488403386 0
5863 0.1291970057879143 0.420763798891203 0
5864 0.1317956360059206 0.4197614868336664 0
5865 -0.1365750288094063 0.007000300288181553 0
5866 -0.1341502577387876 0.005600000000034702 0
5867 -0.1341506150176048 0.008399591467386227 0
5868 -0.1341496522855668 0.002801976781564966 0
5869 -0.1317266395273237 0.00420000005901587 0
5870 -0.1318779835441292 0.001447542260115316 0
5871 -0.1314352066114471 0.007105123514376531 0
5872 -0.1317265015765413 0.009798721922070158 0
5873 -0.1341506304026721 0.01119945732319028 0
5874 -0.1318857290972699 0.01259938316881259 0
5875 -0.129371469975552 0.01130723530676364 0
5876 0.1213176942703743 0.5312954675970392 0
5877 0.1297562472920024 0.5078860724713202 0
5878 0.1322462841296711 0.506607805210967 0
5879 0.1344583918110245 0.5085740669458003 0
5880 0.1347510664115306 0.5053302690076921 0
5881 0.1322951185705229 0.5038067872222011 0
5882 0.13644435017113 0.7687303773722102 0
5883 -0.1296835346158038 0.6275010316804882 0
5884 -0.1320925490707959 0.6287717185244176 0
5885 0.1210422775313112 0.7331308966290364 0
5886 0.1290753764909059 0.5218695115516536 0
5887 0.1314279481459286 0.5233878681004116 0
5888 0.1312892986301469 0.5261844331920505 0
5889 0.1337805198007655 0.5249062246491601 0
5890 0.1339191693165921 0.5221096595575214 0
5891 0.1335598376785966 0.5277007607436286 0
5892 0.1311369770132734 0.5289806601174891 0
5893 0.1334230026158598 0.5304975663052697 0
5894 -0.1227165620907112 0.5548869581063275 0
5895 0.1198157523636636 0.6601897625788753 0
5896 -0.1134323544264231 0.8190595278500549 0
5897 -0.1296661115911922 0.710161631587499 0
5898 -0.1218216303592232 0.4414646000420053 0
5899 -0.1194215501828613 0.4400168728468135 0
5900 -0.1192861584292973 0.4373174401973074 0
5901 -0.119641365695085 0.4427920780045181 0
5902 -0.1172658222862078 0.4386548857795283 0
5903 -0.1169088652620317 0.4359989693524831 0
5904 -0.1192118057035111 0.4345335509746154 0
5905 -0.1167536815935989 0.4329746378516426 0
5906 -0.1208460916513023 0.4078787640628385 0
5907 -0.1184788187272617 0.4093486401747582 0
5908 -0.1185421767097681 0.412147984751474 0
5909 -0.1160736812174158 0.4108196243700423 0
5910 -0.116132090298885 0.4136769076909556 0
5911 -0.1186170746736717 0.4149566239374872 0
5912 -0.1162374915771319 0.4164172279792693 0
5913 -0.1142344763424064 0.4185054501308524 0
5914 -0.1161624440261651 0.4208114488562473 0
5915 -0.1155472587985855 0.4233611827709515 0
5916 -0.1186016624729471 0.4231875862835878 0
5917 -0.1173451410131217 0.4251931599244975 0
5918 -0.1365751288694089 0.7266000000002454 0
5919 -0.134261913790242 0.7252000000002528 0
5920 -0.13426530901287 0.722400000000248 0
5921 -0.1342237274948609 0.7283231164251661 0
5922 -0.1318327770976376 0.7239010269851224 0
5923 0.1136249804895752 0.7267964160715685 0
5924 0.1155352608621363 0.7217822126266883 0
5925 0.1182736674461103 0.7220819168941877 0
5926 0.1144888145129269 0.7292017681125423 0
5927 -0.1134248711306048 0.7993999999998774 0
5928 -0.1158497422612089 0.797999999999866 0
5929 -0.1158497422611951 0.7951999999998622 0
5930 -0.1182729252620549 0.7965970760733591 0
5931 -0.1182046388561117 0.7993965887522825 0
5932 -0.1182746133917919 0.7937999999998491 0
5933 -0.1206252545040286 0.7953940657341469 0
5934 -0.1156978830486642 0.7924869826690932 0
5935 -0.115838079838594 0.8007994314586111 0
5936 -0.1158477985241132 0.8035999052430043 0
5937 -0.1181926782249184 0.8021993209089204 0
5938 -0.1182072687000584 0.8049998710252406 0
5939 -0.1205153205283163 0.8037583248476899 0
5940 -0.1158381941897472 0.8063999627113012 0
5941 -0.1182080997235298 0.8077999722893419 0
5942 -0.1158367319712774 0.809199989166706 0
5943 -0.1182071410218534 0.8107429099563911 0
5944 -0.1158497422612636 0.8119999999999015 0
5945 -0.1205580353937161 0.8094657177742273 0
5946 -0.120608159255483 0.812414424020319 0
5947 -0.1134227027489684 0.8105999981943703 0
5948 -0.113422622495846 0.8049999779923125 0
5949 -0.1174183850975577 0.7833337919725076 0
5950 -0.1153349382022243 0.7844583682727855 0
5951 0.1211723540894963 0.6812737217748946 0
5952 0.1186845231955422 0.6825577424654862 0
5953 0.1184970176009358 0.6852949674994919 0
5954 0.1160536030511408 0.6837197397681989 0
5955 0.1162381167477138 0.6809454516488802 0
5956 0.1135557051546185 0.6820599484295023 0
5957 0.116320424525128 0.6780490664985196 0
5958 0.1136890248065638 0.6759751347905015 0
5959 0.1166083440842274 0.675225792863152 0
5960 0.1147042538173124 0.6732856953950774 0
5961 0.1189516777901708 0.6769002707961255 0
5962 -0.1365945244140326 0.2169883561035966 0
5963 -0.1365951143967366 0.214186415454076 0
5964 0.1323955843098705 0.7462279956935112 0
5965 -0.1281467802728974 0.7425236449163588 0
5966 0.1366094840756062 0.418474460163917 0
5967 0.1341927006460958 0.4171236218238783 0
5968 0.1341573315566879 0.4143872703030598 0
5969 0.1318165027256737 0.415641625189565 0
5970 0.1318069880556778 0.4129714825813741 0
5971 0.1341650369496941 0.411593125480004 0
5972 0.131806686509507 0.4101941013428347 0
5973 0.1293698817604771 0.4146442172931361 0
5974 0.1297114920686865 0.4177784203646848 0
5975 0.1341662709241718 0.40879787113641 0
5976 0.1317416054559824 0.4073986620791473 0
5977 0.1294266826838329 0.4090222751259771 0
5978 0.1293612154920203 0.4062088407041903 0
5979 0.1317595700423626 0.4046624298600221 0
5980 -0.1227308915754309 0.389615814971263 0
5981 -0.1202661060357166 0.3882873460201319 0
5982 -0.1201842009413936 0.3854885442129682 0
5983 -0.1178013205972964 0.3869588770659753 0
5984 -0.1177999141529016 0.3841577195163725 0
5985 -0.120115712694435 0.3826893497699839 0
5986 -0.1177343377186312 0.3813572051765828 0
5987 -0.1154629370559068 0.3858605463930092 0
5988 -0.1155444826467084 0.3886560058466858 0
5989 -0.1203597134645453 0.3910931892462944 0
5990 -0.1228147478183742 0.3924157903256416 0
5991 -0.1204467649675008 0.3938932762014827 0
5992 0.1292275461217447 0.3228316883803297 0
5993 0.1315532006537105 0.3243496384299707 0
5994 0.1290873436806693 0.3256290978203689 0
5995 0.1314396339140625 0.3271476165258821 0
5996 0.1313061504054622 0.3299445106690674 0
5997 0.1338322580419068 0.3285634046356761 0
5998 0.1337016298415182 0.331360007477089 0
5999 0.1311087942825566 0.3325942859259242 0
6000 0.1335211012257574 0.3342595024061552 0
6001 0.1366023240176712 0.3349390010204096 0
6002 0.1344718467397991 0.3368364915814502 0
6003 0.1318169122890476 0.3366881221397238 0
6004 0.132833816799174 0.3387984581008966 0
6005 0.1339652787228378 0.3256881353367855 0
6006 -0.1302837188001017 0.481834343593227 0
6007 -0.132715248876826 0.4832212428679727 0
6008 -0.1327327938521572 0.4859581153111285 0
6009 -0.132558422618281 0.4804175510330578 0
6010 -0.1348441602772358 0.484611380850567 0
6011 -0.1304296578476896 0.4874314109120498 0
6012 -0.1327533594516665 0.4888293173528902 0
6013 0.1287953088922085 0.1839965690514253 0
6014 0.1283821289120942 0.5358523370098357 0
6015 0.1308733500826956 0.5345741284669393 0
6016 0.1307347005668849 0.5373706935585744 0
6017 0.1331611552425468 0.5360905558198141 0
6018 0.1329565710115078 0.5388836967881241 0
6019 0.1305742675160405 0.5401663664303453 0
6020 0.1329236171097665 0.5416495020553708 0
6021 0.1349695562610363 0.5402135600572111 0
6022 -0.1228973019188652 0.3125795656443932 0
6023 -0.1204375477215254 0.3112493644068692 0
6024 -0.1203550876259368 0.3084505490622556 0
6025 -0.1179726691826931 0.3099208932143535 0
6026 -0.1179503825699336 0.3071203458825558 0
6027 -0.1202835658893904 0.3056514672436741 0
6028 -0.1178801443918155 0.3043212064877538 0
6029 -0.1156071199821034 0.3084019252198934 0
6030 -0.1156325309981908 0.311137648864118 0
6031 -0.1205257427819777 0.3140430311643996 0
6032 -0.1202048876142269 0.3028524010247557 0
6033 -0.1178150025872363 0.3015218864228644 0
6034 -0.115603683062308 0.3027657162577918 0
6035 0.1195605291929339 0.4695340036761894 0
6036 0.1172128906640647 0.4680158600259764 0
6037 0.1174353362886082 0.465223608053303 0
6038 0.114825767160806 0.466495974244321 0
6039 0.1150644295518986 0.4697325261859147 0
6040 0.1198280222549029 0.4639407026914384 0
6041 0.1175912510703656 0.4624279471245193 0
6042 0.1340890142846405 0.3721676373739831 0
6043 0.1281418822869171 0.1980323320754389 0
6044 0.1306287640485848 0.196749047496674 0
6045 0.1304898896355191 0.1995454381993598 0
6046 0.1307354234959013 0.1940000818493299 0
6047 0.1331185630210923 0.1954693083613998 0
6048 0.132864752205725 0.1926378681783464 0
6049 0.1197938314280077 0.7583002749803396 0
6050 0.1173523869928327 0.7595806626091179 0
6051 0.1288125262953633 0.2821570511099241 0
6052 0.1313106273990014 0.2808831999842361 0
6053 0.131163577007835 0.2836645178655751 0
6054 0.1337494594247448 0.2824541805333559 0
6055 0.1338311827638579 0.2796414188275146 0
6056 0.1335321160764591 0.2852670262687971 0
6057 0.1362567572001755 0.2872762174883541 0
6058 0.1332712639183856 0.2880860835092308 0
6059 0.1353401362691569 0.2897720126600083 0
6060 0.1327563425377594 0.2904769173481049 0
6061 0.1363675341642877 0.2812801451404162 0
6062 0.1283725094010915 0.192489368935451 0
6063 0.1293571456369827 0.4672164182618324 0
6064 0.1318486956239849 0.4659383481155682 0
6065 0.1341930911444834 0.4674564503518023 0
6066 0.1343270553747921 0.4646690110772889 0
6067 0.1319669323225643 0.4631711364267656 0
6068 0.1290556741294059 0.7181092736512718 0
6069 -0.1220829143106477 0.2845898574588384 0
6070 -0.1197004011028823 0.2860601481653473 0
6071 -0.1197822267927554 0.2888589550364933 0
6072 -0.1196184346454885 0.2832613533877715 0
6073 -0.117425713439136 0.287527315284393 0
6074 -0.1175136654824219 0.2903259402074578 0
6075 -0.1198832382263702 0.2916571955137817 0
6076 -0.1175352916272929 0.2931265055541753 0
6077 -0.1153633756067141 0.2887469527924217 0
6078 -0.1199582794322032 0.294456197787608 0
6079 -0.1176104592362296 0.2959255044911043 0
6080 0.1282522561965083 0.3914687830576902 0
6081 -0.122001054547462 0.2817911656746465 0
6082 -0.1195365132874457 0.2804625926231978 0
6083 -0.1194546855633377 0.2776637427514987 0
6084 -0.1172010324244626 0.2791303014850454 0
6085 -0.1169898995104641 0.2763352738156405 0
6086 -0.1193727803834916 0.2748649409468858 0
6087 -0.1171896419157309 0.2735092100562689 0
6088 -0.1172936538023799 0.2819287918313759 0
6089 -0.115286317187146 0.2804453080409782 0
6090 -0.1174270304312058 0.2847260794198634 0
6091 0.1366458052588496 0.7518826881541405 0
6092 -0.1229775268767969 0.3980121934682528 0
6093 -0.1365453626981007 0.4129392445492535 0
6094 -0.1341452967102471 0.4143898740924822 0
6095 -0.1341553238519282 0.4171881054587743 0
6096 -0.1317253866081989 0.4158000000011336 0
6097 -0.131679256584125 0.4186865588682226 0
6098 -0.1317253866081932 0.4130000000011312 0
6099 -0.1288466244139834 0.4206328021803734 0
6100 -0.1318000968694834 0.4215331780886257 0
6101 -0.1290677337642171 0.4146411596325599 0
6102 -0.1299503837261108 0.4234618274411732 0
6103 -0.132206400978528 0.4242310046826748 0
6104 -0.1314322781423345 0.4272503905376271 0
6105 -0.1306335884829802 0.4104214319087942 0
6106 -0.1341502577387922 0.4116000000011144 0
6107 -0.1354350780264341 0.4068621610575767 0
6108 0.1134248711306037 0.4130000000011223 0
6109 0.1158022655868895 0.4144000000011282 0
6110 0.1154790512280544 0.4173072355006081 0
6111 0.1157650952461815 0.4116000000011218 0
6112 0.1157743372217268 0.4088000000011136 0
6113 0.1134123036240318 0.407400000001104 0
6114 0.1157864193787175 0.4060000000011012 0
6115 0.1134122227324289 0.4046000000010868 0
6116 0.1157884050133833 0.4032000000010725 0
6117 0.1158347925919271 0.4004194407677119 0
6118 0.118144201689587 0.4020018432034316 0
6119 0.1134415482289039 0.8245910142435828 0
6120 0.1158497422611877 0.8260000000000282 0
6121 0.1160157412965482 0.8231896852085283 0
6122 0.1134063116623902 0.8219995574781098 0
6123 -0.1209151097958716 0.4933133048946502 0
6124 -0.118140854048578 0.4951618849672569 0
6125 -0.1294623688174362 0.4538463928020192 0
6126 -0.1318356803982531 0.4523605561833698 0
6127 -0.1317617468212401 0.449574674252486 0
6128 -0.1319271648728496 0.4551748614451321 0
6129 -0.1342131601910819 0.4508842149097002 0
6130 -0.1341462353861539 0.4481069249671457 0
6131 -0.131679601783443 0.4467809561604473 0
6132 -0.1340545099701268 0.4453046333640095 0
6133 -0.1364728662242151 0.44384164849261 0
6134 -0.133986513069774 0.4423386498460846 0
6135 -0.1365063991899066 0.4409446001783779 0
6136 -0.1340937087327261 0.4393739884285182 0
6137 -0.134279394974177 0.4365624730238721 0
6138 -0.13170022092789 0.4378524217274515 0
6139 -0.1315747727497195 0.4349266273712753 0
6140 -0.1344100597548486 0.433774912750168 0
6141 -0.1322817955292777 0.4321628112345395 0
6142 -0.1315600674099609 0.4409941496143764 0
6143 0.1365787710408661 0.4129967326297745 0
6144 0.1152073091414934 0.8376316683886631 0
6145 0.1165568095897743 0.835384793495798 0
6146 -0.1211057565249329 0.2510037249727232 0
6147 -0.11872034706412 0.2524742801296885 0
6148 -0.1188018308126724 0.255273118982334 0
6149 -0.1186369912359501 0.2496756055305676 0
6150 -0.1162284509170209 0.2540183899109398 0
6151 -0.1164788030576107 0.2566083002039747 0
6152 -0.1189204933862768 0.2579968929831391 0
6153 -0.116317745796924 0.2594453162680483 0
6154 -0.1146436262103793 0.2620232461396451 0
6155 -0.1172345885837292 0.2623184717397594 0
6156 -0.115472627909769 0.2646773522202305 0
6157 -0.1180417031008561 0.2650217411048369 0
6158 -0.1137409383232556 0.2555688710730393 0
6159 -0.1163111951698496 0.2670376950009742 0
6160 -0.1153118754873244 0.2694315565555706 0
6161 -0.1189619714261299 0.2673812139496849 0
6162 -0.1210398184490116 0.2650991804431275 0
6163 -0.1187688505558354 0.4176248422065672 0
6164 0.120631471901918 0.5452801079696727 0
6165 -0.1316230623382606 0.6946862503785308 0
6166 -0.1220090074534617 0.1991554282893935 0
6167 -0.1195438816748147 0.1978270857154907 0
6168 -0.1194619198740021 0.1950283049712065 0
6169 -0.1196260699594734 0.2006257822184739 0
6170 -0.1170891701843478 0.1964802468240183 0
6171 -0.1171480347357979 0.1936923137102126 0
6172 -0.1194054290777509 0.192228151164222 0
6173 -0.1171086378653163 0.1908676183864722 0
6174 -0.1146774819748533 0.1949134618840045 0
6175 -0.1193351292741566 0.1894255652588988 0
6176 -0.1168868034801162 0.1880682291861893 0
6177 -0.1192318367894557 0.1866260348715579 0
6178 -0.1168548904131451 0.1854326692645717 0
6179 -0.1191544141501803 0.1838535617974561 0
6180 -0.1163363496827075 0.1826864248626323 0
6181 -0.114224605088252 0.1870935007227844 0
6182 -0.1144763701222861 0.1805870165573462 0
6183 -0.119123855432604 0.1811324991389571 0
6184 0.1211947046601813 0.4359739062421449 0
6185 0.1210560551443306 0.4387704713337826 0
6186 -0.1367091814052858 0.8078145250656312 0
6187 -0.1366486241487979 0.8050726846871614 0
6188 -0.1344973247949016 0.8065637425048453 0
6189 0.1275741735657998 0.3073302013968345 0
6190 0.1277125915583746 0.3045350898080765 0
6191 0.1302026796835516 0.303257095537809 0
6192 0.1303411403584751 0.3004605661582804 0
6193 0.1326937183079472 0.3019789215166234 0
6194 0.1328323237608992 0.2991823647578178 0
6195 0.134846147017273 0.300353938398466 0
6196 0.1340881273518699 0.2963457532245503 0
6197 0.1350462458998433 0.3034972863981922 0
6198 0.1304797521061263 0.2976640082090707 0
6199 0.1312669481019521 0.2949545077489574 0
6200 0.1288802701965461 0.2931905140940816 0
6201 0.1300413772317316 0.3060405380151263 0
6202 0.1279885309355154 0.2989422167519519 0
6203 -0.1300268881681294 0.4734421876190547 0
6204 -0.1324618668656368 0.474815706419157 0
6205 -0.1324888366247229 0.4775677681224809 0
6206 -0.1346787450681956 0.4761838428614576 0
6207 -0.1217632919139064 0.190759022875561 0
6208 0.1285089511967266 0.1896292918140255 0
6209 -0.1161639028473065 0.2512356262364962 0
6210 -0.1160911938678441 0.248515016036169 0
6211 -0.1185406776600258 0.2469048631274885 0
6212 -0.1160889425321141 0.2455484539649038 0
6213 -0.1184865935880735 0.2440822819059265 0
6214 -0.1210174512408826 0.2482099506824573 0
6215 -0.1205444728494448 0.148771132310196 0
6216 -0.1204626548042766 0.1459713988077611 0
6217 -0.1180394807618279 0.1446415572645307 0
6218 -0.1203811211142235 0.1431768983646171 0
6219 -0.1179724206647783 0.1418475068242181 0
6220 -0.1156998818578712 0.143119072568874 0
6221 -0.1203017520297957 0.1403796053476418 0
6222 -0.1178586926117459 0.1390510218363516 0
6223 -0.1202149657203385 0.1375814411437882 0
6224 -0.1178126247434287 0.1362512272515285 0
6225 -0.1201377803021791 0.1347825746168064 0
6226 -0.1177509410549543 0.1334518552401382 0
6227 -0.1155579217822553 0.1347112626100388 0
6228 -0.1200600319977965 0.1319836669906904 0
6229 -0.1176252647776987 0.1306543456418119 0
6230 -0.1199719640496795 0.1291850684428068 0
6231 -0.1175912117878566 0.1278541441285938 0
6232 -0.1198969477905674 0.1263859713584681 0
6233 -0.1175306574636336 0.1250547020006617 0
6234 -0.1154154910270361 0.1262996143290067 0
6235 -0.119819749239964 0.1235870136200661 0
6236 -0.1173327815447568 0.1222593106295636 0
6237 -0.1197193593583176 0.1207888501035688 0
6238 -0.117358523714437 0.1194573553482657 0
6239 -0.1196523227042393 0.1179896315988454 0
6240 -0.1173081747967527 0.1166576325986033 0
6241 -0.1153304433168441 0.1179871341591753 0
6242 -0.1195781549885812 0.1151906068535066 0
6243 -0.1172923845070223 0.1137481239853723 0
6244 -0.1195085504508212 0.1123733142605872 0
6245 -0.1171053804402853 0.1109312473650992 0
6246 -0.1194117690556783 0.1095685248495174 0
6247 -0.1170833624201125 0.108234870433009 0
6248 -0.1145320200015924 0.1095017824010429 0
6249 -0.1193373657004506 0.1067857959245701 0
6250 -0.1169254194639671 0.1054625642975117 0
6251 -0.1192446149608609 0.1039937627487517 0
6252 -0.1167594452865611 0.1026676980041041 0
6253 -0.1191468906890645 0.1011967449715915 0
6254 -0.1166775401069815 0.09986889620299132 0
6255 -0.1190624361964615 0.09839836331327852 0
6256 -0.1165956349276716 0.0970700944037006 0
6257 -0.1189801061256972 0.09559963153507023 0
6258 -0.1165137297483199 0.09427129260637263 0
6259 -0.1188015324365325 0.09268867897491363 0
6260 -0.1161402300593871 0.09157386272380882 0
6261 -0.1133667622306312 0.09071105129060045 0
6262 -0.1154845045445952 0.08881093187384281 0
6263 -0.1183864269854977 0.08943825178151735 0
6264 -0.117310885179018 0.0866865106202933 0
6265 -0.1213534752234259 0.09411040944926222 0
6266 -0.1219347329299182 0.1137210412838028 0
6267 -0.1221843950458356 0.1221167090443259 0
6268 -0.1224269262231505 0.1305138353145913 0
6269 -0.1226718795496354 0.1389102575238292 0
6270 -0.1229167060335023 0.1473062672727811 0
6271 0.1278468019045176 0.3507988166516827 0
6272 0.130191106764685 0.3523117899026136 0
6273 0.1303366324760292 0.3495205364072462 0
6274 0.1326091571910435 0.351070440653271 0
6275 0.1327103615577389 0.3482261305947441 0
6276 0.1347503359270606 0.3525272230397647 0
6277 0.130455757851053 0.3467212801539936 0
6278 0.1329130351780972 0.3453829132123752 0
6279 0.130601824027502 0.3439164911536332 0
6280 0.1328205282475406 0.3430733809936478 0
6281 0.1350576639303249 0.3440555616568311 0
6282 0.1311178452655571 0.3410129518721654 0
6283 0.1279825136093724 0.3480018398240645 0
6284 0.1272822878414984 0.4601057431042203 0
6285 0.1297732143011698 0.4588269591211096 0
6286 0.1299118146984966 0.4560302981227689 0
6287 0.1322509041919465 0.4575223768101538 0
6288 0.1323453113695258 0.4547677596121996 0
6289 0.1300407961322105 0.4532362512181977 0
6290 0.132252177598737 0.4518947432814323 0
6291 0.134547209729219 0.4562182907490258 0
6292 0.1296311864925385 0.4616283779965696 0
6293 -0.129787914667374 0.4650459243660353 0
6294 -0.1321241576269684 0.4635886947955388 0
6295 -0.1220891932144339 0.2019543144347549 0
6296 -0.119707883908396 0.2034245698667614 0
6297 -0.1197896403169774 0.2062233748736089 0
6298 -0.1173292788130747 0.2048871024411268 0
6299 -0.1175150906557899 0.2076815842879947 0
6300 -0.1198897984475635 0.209020149364997 0
6301 -0.117613153766246 0.2104871244395357 0
6302 -0.1199770155941778 0.2118197487351499 0
6303 -0.1175954432290696 0.2132902021382332 0
6304 -0.1152984192563569 0.2122141452906158 0
6305 -0.115389389714942 0.2150097821698785 0
6306 -0.1177131784257709 0.2161099051921263 0
6307 0.1271688272675612 0.2176014251758667 0
6308 0.1273054491960459 0.2148055869520157 0
6309 0.1297957841490675 0.213526800224326 0
6310 0.1299342859619621 0.2107301387685591 0
6311 0.1322867544401612 0.2122486471072658 0
6312 0.132325799283866 0.2094471550755956 0
6313 0.1300561897092706 0.2079329135478538 0
6314 0.1324450570595854 0.2066496588057789 0
6315 0.1345522841200529 0.2105700552317356 0
6316 0.1345399870512949 0.2133348755659125 0
6317 0.129645747533642 0.2163126853300532 0
6318 0.1301891446406619 0.205136351700045 0
6319 0.1325538401845321 0.2038516656178152 0
6320 0.1349374468504679 0.2054549942931366 0
6321 0.1270127203292463 0.367578096141978 0
6322 0.1272639924165145 0.656344784062573 0
6323 0.1297552136394914 0.6550665754800489 0
6324 0.1296165641738923 0.6578631405336753 0
6325 0.132081292015235 0.6565836184665227 0
6326 0.1319074915476494 0.6593790354507472 0
6327 0.1294688187415939 0.6606593051991765 0
6328 0.1194115645630529 0.5704505789337196 0
6329 0.1168920995557061 0.5717273871894153 0
6330 0.1192493785166111 0.5732459771193591 0
6331 0.1169178582647592 0.5745321033950164 0
6332 0.1191342076164941 0.5760437062456567 0
6333 0.11651868361271 0.5772760313000305 0
6334 0.1139426167392949 0.5752263806688401 0
6335 0.1218792492030461 0.5691712034848232 0
6336 0.1189560503472647 0.5788316924786321 0
6337 0.1162706141951122 0.5800313917211863 0
6338 0.1161955498232141 0.5828112473951419 0
6339 0.1136027236594683 0.5839026832061166 0
6340 0.1216027250699422 0.5747643720864097 0
6341 0.1286587370152557 0.2357042532839232 0
6342 -0.1289840476558446 0.4370023495467517 0
6343 0.1280025399146946 0.2008286683928898 0
6344 0.1303229116691832 0.2023408381425743 0
6345 0.1327650969584739 0.2010587868549818 0
6346 0.1209218757426856 0.3925070733188341 0
6347 0.1185693040878996 0.3909887167700934 0
6348 0.1184344975163855 0.3937854723891633 0
6349 0.1187079536037187 0.3881921516784546 0
6350 0.1161612661820607 0.3894548817951996 0
6351 0.1161057885458272 0.3868291962353352 0
6352 0.1136227910192855 0.3879685614001542 0
6353 0.1185154152799871 0.3851849475300745 0
6354 -0.1296996259994661 0.4622464233644804 0
6355 -0.1320525949499057 0.4607594102111144 0
6356 -0.1319959480731292 0.4579839649160869 0
6357 -0.1343630972140116 0.4593144916153691 0
6358 0.1216151233217791 0.3785242478606418 0
6359 0.1163077859350668 0.6262994634801284 0
6360 -0.122313732902893 0.4582573912121114 0
6361 -0.1199348575789738 0.4569119161750262 0
6362 -0.1197813615601825 0.4541272860794413 0
6363 -0.1201362200920322 0.4595915978839535 0
6364 -0.1175717899450664 0.4553563453974708 0
6365 -0.1174912670843586 0.4526364430980963 0
6366 -0.1197190272484752 0.4513033114643694 0
6367 -0.117367249284419 0.4499585931274571 0
6368 -0.1196332931866318 0.4485204749352615 0
6369 -0.1174723077649982 0.447045859335664 0
6370 -0.1151794663598549 0.4483419508104483 0
6371 -0.1224983850949973 0.2159482992190015 0
6372 -0.1225780133810413 0.2187471676513959 0
6373 -0.1201988374887864 0.2202173920914485 0
6374 -0.1202807598288631 0.2230161933935627 0
6375 -0.1178165819663536 0.2216877066592136 0
6376 -0.117825374236173 0.2188898456356588 0
6377 -0.1154745870769648 0.2206136419972925 0
6378 -0.1155548115618639 0.2234086438936918 0
6379 -0.1179886169061317 0.2245343583931764 0
6380 -0.1203897485910376 0.2258307466229696 0
6381 -0.1201175576595286 0.2174185719858394 0
6382 -0.1342167478479045 0.7020369270698553 0
6383 -0.1229427540894551 0.7285546586566396 0
6384 -0.1300948409724757 0.6415089177811649 0
6385 -0.1231572381490653 0.1557055333742882 0
6386 -0.1224914151678635 0.2985828840700864 0
6387 -0.1201260820298219 0.300053312066116 0
6388 -0.1177109813645691 0.2987237370577424 0
6389 -0.1200513514771836 0.2972544430980311 0
6390 -0.1212530812072538 0.7524714393868956 0
6391 -0.1292982126935051 0.613459376325926 0
6392 0.1214663842236673 0.6756743195943467 0
6393 -0.1366943742905948 0.8302037160455009 0
6394 0.1134162496820814 0.2086004033337073 0
6395 0.1157753521817911 0.2072004705558941 0
6396 -0.1365855567450601 0.4185804101514845 0
6397 0.1131862401132227 0.4186352549085231 0
6398 -0.1299308602920315 0.8039118384019052 0
6399 0.113423079090892 0.7433800897821647 0
6400 0.1158737072925082 0.7416793469103116 0
6401 0.1158024722718721 0.7445462142678571 0
6402 -0.1223381700979164 0.2103504179393948 0
6403 -0.1133696012269025 0.4297524980221304 0
6404 -0.1156528405331823 0.4284547734343593 0
6405 -0.1137665322935943 0.4327303179872621 0
6406 -0.1230597767961071 0.4008109851842825 0
6407 -0.1299482325784823 0.5532747284497848 0
6408 -0.1322380882483837 0.551807117905308 0
6409 -0.1321557646857293 0.5490083283444164 0
6410 -0.1324109652948647 0.5546032574753478 0
6411 -0.1347141055926349 0.5503062752431638 0
6412 -0.1300103889327534 0.5560741081914747 0
6413 -0.1324807435991422 0.5576727740097703 0
6414 0.1365592253434064 0.4298172785730487 0
6415 0.1341502577387932 0.4283999999989067 0
6416 0.1340128764963899 0.4313009251025076 0
6417 0.136549581407997 0.4326197006118832 0
6418 0.1341502577387891 0.4339999999989444 0
6419 0.1341502577388026 0.4367999999989507 0
6420 0.1318875952355082 0.4353999999989515 0
6421 0.1318176782448399 0.4380869717925264 0
6422 0.1341656396782471 0.4395811619645547 0
6423 0.131937225127811 0.440864994085724 0
6424 0.1294091263017761 0.4365797360897868 0
6425 0.1317253866081876 0.4325999999989282 0
6426 0.1134248711305871 0.6986000000003185 0
6427 0.1157890020399055 0.6972000000003249 0
6428 0.1158044278195062 0.694460952724077 0
6429 0.1156085445742973 0.7001213143268055 0
6430 0.1181130206454795 0.696158463389521 0
6431 0.1134173187236437 0.6930101587876225 0
6432 0.115831402952278 0.6917977591491766 0
6433 -0.1134089902941246 0.6426100783572588 0
6434 -0.1158128012962627 0.6412647033578777 0
6435 -0.1158409386276342 0.6440124636188489 0
6436 -0.1181773788674831 0.6427161312452461 0
6437 -0.1182143980812454 0.6454214324770129 0
6438 -0.1158382391038499 0.6468056493489721 0
6439 -0.1182685148826237 0.6482023028759392 0
6440 -0.1206656831860835 0.6469749038745118 0
6441 -0.1206809366197577 0.6498225142102516 0
6442 -0.118266955240901 0.65105279601632 0
6443 -0.1134248711306092 0.6453999999994859 0
6444 0.1132781537114011 0.7627196428815799 0
6445 0.1132873051791885 0.7598778330852697 0
6446 0.130073375743668 0.4012836624851907 0
6447 0.1195172216773191 0.7638931170406316 0
6448 0.1366146751269358 0.6594372218002571 0
6449 0.1365911228530772 0.662222490004122 0
6450 0.1341521173747414 0.663605372079751 0
6451 0.1365091883411463 0.6678050360979332 0
6452 -0.1134248711306055 0.65939999999953 0
6453 -0.1295260130730306 0.539293476857155 0
6454 0.1274408900656369 0.2610686373396808 0
6455 0.1297887813022174 0.2625855639601083 0
6456 0.129929624157082 0.2597903054690405 0
6457 0.1322425460377527 0.2613652468491012 0
6458 0.1323611976989429 0.2585489926555831 0
6459 0.1345590024257289 0.262930674049623 0
6460 0.1300586668489606 0.2569999063451524 0
6461 0.1325323124144758 0.2556922264736194 0
6462 0.1302011260940879 0.254194335399755 0
6463 0.1326235594433301 0.2529729049123453 0
6464 0.1303321757028115 0.2514091265747144 0
6465 0.1327263090542303 0.2501390043020771 0
6466 0.1347754403859539 0.2544726751928237 0
6467 0.130463613039627 0.2486082361544703 0
6468 0.1329268615514926 0.2472772000252998 0
6469 0.1306113776891877 0.2458000769772102 0
6470 0.1328130260607691 0.2449378602332089 0
6471 0.1350625855602675 0.2459523920981042 0
6472 0.1310880704441537 0.2428497904312399 0
6473 0.1279888718658006 0.2498844655547117 0
6474 -0.1208547042781761 0.2426077882273748 0
6475 0.1193412427667855 0.2761550100143762 0
6476 0.1366771435345219 0.5501401602678468 0
6477 -0.1134090185270274 0.5501905692296454 0
6478 -0.1158145091537378 0.5515526022913706 0
6479 -0.1158412279760404 0.5487905285863204 0
6480 -0.1181611096814155 0.5499224269255264 0
6481 -0.1182010259914824 0.5472888155907076 0
6482 -0.1158360586469644 0.5459798906956481 0
6483 -0.1182600682227296 0.544578117713882 0
6484 -0.1205852016431951 0.5456061110248066 0
6485 -0.120625737740477 0.543070449435072 0
6486 -0.1181935961036803 0.5417256616589571 0
6487 -0.1365834722971296 0.2058000000005428 0
6488 -0.1342100523042173 0.2044000000005383 0
6489 -0.1341602234997 0.2016000000005328 0
6490 -0.1317253866081955 0.2030000000005331 0
6491 -0.1317253866081971 0.2002000000005299 0
6492 -0.1341797512275954 0.1988000000005257 0
6493 -0.1365800444508644 0.197400000000522 0
6494 -0.1341838251124893 0.1960000000005188 0
6495 -0.1341558523010793 0.1932000000005133 0
6496 -0.1317253866081968 0.1946000000005149 0
6497 -0.131679101908712 0.1916217870877177 0
6498 -0.1341492470719135 0.1903702978483712 0
6499 0.1274071121873025 0.6044882557578436 0
6500 0.1296910546486552 0.6060032097737902 0
6501 0.1298757953895933 0.6032266783283221 0
6502 0.1322509050126936 0.604728403763705 0
6503 0.1278052185877426 0.5960685899106855 0
6504 0.113406525010027 0.79381447332597 0
6505 0.1157954596083177 0.792402412221085 0
6506 0.115827700475497 0.7896342031031395 0
6507 0.118167471909986 0.7913577064801103 0
6508 0.1156498438599198 0.7954091573552119 0
6509 -0.1366304361777078 0.7938006099420528 0
6510 0.1267275575351013 0.4712913119691239 0
6511 0.1366011442582843 0.5142369253216363 0
6512 -0.1296334002475002 0.3768084233824346 0
6513 -0.1320382030899462 0.3782487919701253 0
6514 -0.1321704280206943 0.3809543341495529 0
6515 -0.1319078631362099 0.3757956757281054 0
6516 -0.134618230262713 0.3795048637340221 0
6517 -0.134136843646985 0.3821496553494033 0
6518 -0.1323609380347354 0.3840026365989324 0
6519 0.1272744611453089 0.509164748788597 0
6520 0.1298857209097127 0.5050890524523721 0
6521 0.130025101624846 0.5022925236125041 0
6522 0.1324153286610084 0.5010093079314277 0
6523 0.1301607777321859 0.499495811103718 0
6524 0.132651525372216 0.498217579083884 0
6525 0.1347349943250415 0.5001730626604902 0
6526 0.1351299723949957 0.4969867661082761 0
6527 0.1326640181876481 0.4954227641467355 0
6528 0.1302901186930677 0.4967001186436859 0
6529 0.1304312835565928 0.4939039006151998 0
6530 0.1327827173319504 0.4926187986815879 0
6531 0.1305048742948148 0.4909672555758005 0
6532 0.1330032905236354 0.4896859979593471 0
6533 0.1349960068887563 0.4917583631548724 0
6534 0.1354587461900457 0.4891056793727442 0
6535 0.1334609599769843 0.4869339512343945 0
6536 0.13406431945099 0.4841409550755055 0
6537 0.1311859085710513 0.4849099674790801 0
6538 0.1322464273818295 0.4820679197688399 0
6539 0.134726957939815 0.4814170021547851 0
6540 0.1307284599790947 0.4881235501514605 0
6541 0.1279706504788124 0.4951820691781946 0
6542 -0.1134248711306038 0.5137999999991275 0
6543 -0.1158497422612036 0.5123999999991191 0
6544 -0.1158497422611974 0.5095999999991156 0
6545 -0.1158339766585497 0.5151726931743068 0
6546 -0.1184094353853917 0.5110524262431086 0
6547 -0.1184973174195386 0.5083034519105327 0
6548 -0.1159394725545939 0.5067415506669831 0
6549 -0.1185894266436665 0.50544271308268 0
6550 -0.1211393235573708 0.5043102645958571 0
6551 -0.1188215286137214 0.5026541054265135 0
6552 -0.1161933901935725 0.5039084786163237 0
6553 -0.1163141062947183 0.5011212124616816 0
6554 -0.1137421765035919 0.4996226750381128 0
6555 -0.1163659541463443 0.4980229301292097 0
6556 -0.1183948015257748 0.5139046668035173 0
6557 -0.1182855756113838 0.5167702294369758 0
6558 -0.1203944631213376 0.5188320004185559 0
6559 -0.1178827005009629 0.51946156120516 0
6560 -0.1200002113745071 0.5212463599323696 0
6561 -0.1175243526976745 0.5221134148210103 0
6562 -0.1209523566102061 0.5125454976865434 0
6563 -0.1133981412830135 0.5165530900642418 0
6564 -0.1134248711305975 0.5921999999993256 0
6565 -0.1158497422611999 0.5935999999993231 0
6566 -0.1158158312377577 0.5908587356148496 0
6567 -0.115826520116322 0.5963597780645228 0
6568 -0.1182400931507926 0.5949402091879977 0
6569 -0.1182884909002487 0.597938608964857 0
6570 -0.1133977786282379 0.5977530744087287 0
6571 -0.1188505957628231 0.5919937010144398 0
6572 -0.1182245907218073 0.5892135655417685 0
6573 -0.1200276566646644 0.5869372402689068 0
6574 -0.1175087314902564 0.5866005791113178 0
6575 -0.1190461383049586 0.5849069900664612 0
6576 -0.1169573202916599 0.5838201956958214 0
6577 -0.1208586964652864 0.5939210999348545 0
6578 -0.1365751288694133 0.499800000000957 0
6579 0.1294627963701602 0.7587786834161236 0
6580 0.1292441647595406 0.1756531475973296 0
6581 0.131708831320646 0.1743736225166045 0
6582 0.134088195746254 0.1760131286595585 0
6583 0.1320562227472518 0.2149575488783384 0
6584 0.1286673946984764 0.2849425475638675 0
6585 0.136660528840194 0.732227280352064 0
6586 0.1368211791020393 0.7350787817556865 0
6587 0.1283202080377998 0.3423875450542441 0
6588 0.1284000093687705 0.3396124845835854 0
6589 0.1339740284624757 0.2275861872236272 0
6590 0.1277263039590386 0.1573555393171265 0
6591 0.1300775506326599 0.1588738307860514 0
6592 0.1299390035485965 0.1616704009879464 0
6593 0.1302161964912082 0.1560772654598715 0
6594 0.132421758104345 0.1603762796117559 0
6595 0.1322182280724929 0.1631670458511903 0
6596 0.1297878367356452 0.1644633329773066 0
6597 0.1320748356887277 0.1659779364439813 0
6598 -0.1301052132428388 0.3936018081336081 0
6599 -0.1322712519581814 0.3953809735511747 0
6600 -0.1325081317890502 0.3921308888748538 0
6601 0.1270345551662412 0.1713384397662512 0
6602 0.1295229200375445 0.1700600896124931 0
6603 0.1293797339881052 0.1728564297895981 0
6604 0.1318430407686627 0.1715768372930212 0
6605 0.131995588115302 0.1687803754617314 0
6606 0.134311326828543 0.1703968610259949 0
6607 0.134388585197078 0.167640563315713 0
6608 0.1133978826192768 0.2254142947987774 0
6609 0.1157687370313245 0.2269024460539915 0
6610 0.1158362413895569 0.2296170743428697 0
6611 0.1180473238112063 0.2282773911684595 0
6612 0.1181915122185161 0.231004098358537 0
6613 0.1158336419203805 0.2324035287840015 0
6614 0.1182746133918036 0.2338000000006497 0
6615 0.1158470588710657 0.2352005881312159 0
6616 0.1182746133918025 0.2366000000006536 0
6617 0.113596952738787 0.8299840492510163 0
6618 0.1283230918853301 0.2442610824439485 0
6619 0.1284089495973433 0.2414925583704794 0
6620 0.1202332707134072 0.3574299442988352 0
6621 0.1178808380194764 0.3559115946964851 0
6622 0.1180454744075722 0.3531661038280048 0
6623 0.1175688742791169 0.3589590222848225 0
6624 0.1155470769347106 0.3547892340946296 0
6625 0.1158693695168274 0.35717657385243 0
6626 0.127022454439001 0.2694582092868397 0
6627 -0.1286290674827469 0.43143699324253 0
6628 -0.1365751288693982 0.2926000000008064 0
6629 -0.1341676162027526 0.2940000000008091 0
6630 -0.1342115122635263 0.2968373402647905 0
6631 -0.1365853379568511 0.2982062233781477 0
6632 -0.134183726752282 0.2996446008716807 0
6633 -0.1342129412184911 0.3024074334793023 0
6634 -0.131951250097823 0.3011059136556876 0
6635 -0.1365855761160085 0.3038012389139106 0
6636 -0.1342504215950785 0.3052549139656841 0
6637 -0.1365935640532089 0.3066093588138262 0
6638 -0.1342008943365924 0.3080641806967402 0
6639 -0.1342365032000608 0.3108106967834961 0
6640 -0.1320419358911997 0.3095401567932939 0
6641 -0.1365895031129339 0.3122017827979602 0
6642 -0.1342843561381608 0.3136705347707602 0
6643 -0.1365998743098755 0.3150120529286945 0
6644 -0.1342162541323623 0.3164822194571021 0
6645 -0.1342599668421791 0.3192137032435757 0
6646 -0.132132388465449 0.3179719746057273 0
6647 -0.1365934137199527 0.3206022838746582 0
6648 -0.1343177578227008 0.3220848642806967 0
6649 -0.136606093025135 0.3234145246931478 0
6650 -0.1342307931658554 0.3248987645899739 0
6651 -0.1341636803099674 0.327616460765741 0
6652 -0.1319369202989463 0.326273957690024 0
6653 -0.1317253866081895 0.3290000000008995 0
6654 -0.1341524948339911 0.3304027434617109 0
6655 -0.1317253866082006 0.3318000000009027 0
6656 -0.1200387369128281 0.3798901979448544 0
6657 -0.117575476775348 0.3785604153592259 0
6658 -0.1199448273387785 0.3770916731346985 0
6659 -0.1175809435691715 0.3757602389563107 0
6660 -0.1198755116370024 0.3742926875543716 0
6661 -0.1175227748767669 0.3729480484508934 0
6662 -0.1152858175598858 0.3774605115859844 0
6663 -0.119799401647083 0.3714916321903627 0
6664 -0.1173683805751147 0.3701480226819102 0
6665 -0.1224870800376461 0.3812193413540341 0
6666 -0.1228280592519565 0.2271434463355431 0
6667 -0.1218754260298304 0.5268439031300614 0
6668 -0.1194209990833312 0.5256626460749942 0
6669 -0.119508374084316 0.5283754807556167 0
6670 -0.1172254509789596 0.5273437056730779 0
6671 -0.1172003866675932 0.5299561384440103 0
6672 -0.1196063680946299 0.531188547359891 0
6673 -0.1172256593962852 0.5326387528159475 0
6674 -0.1149714522357925 0.5316252003512382 0
6675 -0.1196795534542152 0.5339686682046632 0
6676 -0.1173577821752415 0.5355307868961912 0
6677 -0.1197732675728897 0.53677604960986 0
6678 -0.1174942156468202 0.53837076833457 0
6679 -0.1221450849808533 0.5352973851512248 0
6680 -0.1209888268056702 0.3308737172494759 0
6681 0.1210483534073296 0.5368902846050276 0
6682 -0.1214460303418631 0.3391670302592595 0
6683 -0.1208857273713373 0.8238556123374323 0
6684 -0.1220784874568248 0.4498543164651868 0
6685 0.1134248711306026 0.292600000000807 0
6686 0.1158497422612032 0.2940000000008101 0
6687 0.1158418330912913 0.2968000000008152 0
6688 0.1182909307625721 0.2954468209010459 0
6689 0.1182933334795224 0.2926317163309067 0
6690 0.113423552935617 0.298200000000819 0
6691 0.1158402951971421 0.2996000000008208 0
6692 0.1158164713812817 0.3024000000008264 0
6693 0.1182094485895135 0.301127177744688 0
6694 0.1134193259839511 0.3038000000008314 0
6695 0.115819936787707 0.305200000000831 0
6696 0.1134189793605802 0.3066000000008375 0
6697 0.1158001722083416 0.3080000000008378 0
6698 0.1157748883314994 0.3108000000008449 0
6699 0.1180841063945522 0.3094693345042529 0
6700 0.1134123954756578 0.3122000000008514 0
6701 0.1157293516886244 0.3136679715420042 0
6702 0.1134027267593529 0.3150113285910501 0
6703 0.1157867430496606 0.3164811882305711 0
6704 0.1158392423926193 0.3192135313724866 0
6705 0.1181499174878169 0.3178433124688979 0
6706 0.1182119778625411 0.3206024661538477 0
6707 0.1158375530282293 0.3220026662549728 0
6708 0.1182081852411967 0.3234002226688197 0
6709 0.115836639363938 0.3248004814878889 0
6710 0.1182015385669415 0.3262000305504321 0
6711 0.1158528622758234 0.291205286055821 0
6712 0.1158502622636428 0.2884008810099688 0
6713 0.1183091914652218 0.2898606888806987 0
6714 0.1183706749676106 0.2867670045556964 0
6715 0.1208999208466558 0.2887787371169895 0
6716 0.1156233527789862 0.2855495390465024 0
6717 0.1133776028536269 0.2869916461796738 0
6718 -0.1226571610368236 0.3041817581398809 0
6719 -0.117134172418388 0.7721950106450833 0
6720 -0.1365751288693994 0.3570000000009705 0
6721 -0.1341502577387968 0.3584000000009728 0
6722 -0.1341542461626717 0.355600000000965 0
6723 -0.1341762859325317 0.3612000000009768 0
6724 -0.1317253866081955 0.3598000000009761 0
6725 -0.1316769551823481 0.3568319309585329 0
6726 -0.136579466901684 0.3626000000009817 0
6727 -0.1341813469701995 0.3640000000009829 0
6728 -0.136581033413344 0.3654000000009882 0
6729 -0.134156423368017 0.3668000000009924 0
6730 -0.1341995170136764 0.3696000000009994 0
6731 -0.1317253866081894 0.3682000000009978 0
6732 -0.131725386608183 0.3654000000009934 0
6733 -0.1365833387485423 0.3710000000010026 0
6734 -0.1341991770077464 0.3723463627150135 0
6735 -0.1366144833285704 0.3738435212431458 0
6736 0.1134248711306021 0.1750000000004646 0
6737 0.1157112190266399 0.1736000000004614 0
6738 0.1157143089462898 0.1708000000004548 0
6739 0.1180669052779063 0.1722776445014532 0
6740 0.1156881318208796 0.1764000000004672 0
6741 0.1158228071878176 0.1792000000004724 0
6742 0.1178656509295061 0.1773967848048507 0
6743 0.1186907797729333 0.1802497636908423 0
6744 0.1159146141458308 0.181941627282205 0
6745 0.1184065258056702 0.1834087208059998 0
6746 0.1158014362703606 0.184651249517382 0
6747 0.1179746816188593 0.1866140841050758 0
6748 0.1211182575924014 0.1822050179804391 0
6749 0.1210059096236086 0.1880360748904927 0
6750 0.1185737671738907 0.1897318325673711 0
6751 0.1190630828441091 0.1925014532272466 0
6752 0.1164747740167529 0.1914528893334772 0
6753 0.1170863902021947 0.1941697402464025 0
6754 0.1192747926250812 0.1952805900253619 0
6755 0.1174754878890321 0.1970680667617769 0
6756 0.1158875216225798 0.1889532533248344 0
6757 0.1137911012350111 0.1906436676871735 0
6758 0.1134221091848027 0.1833559134748502 0
6759 0.1134022989114498 0.1694000000004509 0
6760 0.1157110618963725 0.1680000000004478 0
6761 0.115826628867065 0.1652000000004422 0
6762 0.1182746133918041 0.1666000000004441 0
6763 0.1181106675512273 0.1634004014833804 0
6764 0.1157447635755257 0.1623334002475912 0
6765 -0.136575128869398 0.1750000000004646 0
6766 -0.1341502577387969 0.1736000000004612 0
6767 -0.1341502577387965 0.1708000000004563 0
6768 -0.131725386608196 0.1722000000004586 0
6769 -0.1317253866081959 0.1694000000004547 0
6770 -0.1317253866081966 0.1750000000004627 0
6771 -0.1341502577387964 0.1680000000004487 0
6772 -0.1317253866081949 0.1666000000004509 0
6773 -0.1341502577387966 0.1764000000004668 0
6774 -0.134150257738795 0.1792000000004718 0
6775 -0.1317253866081958 0.1778000000004689 0
6776 -0.1316443075826349 0.1806365321028589 0
6777 -0.1341367445678664 0.1820060886842069 0
6778 -0.1317754094776415 0.1835210520313075 0
6779 -0.1341563426885462 0.1848211901195747 0
6780 -0.1316230610887391 0.186112792765473 0
6781 -0.1293005154775926 0.1848000000004764 0
6782 -0.1365738908325338 0.1834045464676201 0
6783 -0.1341398202220161 0.1875840467891519 0
6784 0.1367581469533568 0.7266478067769211 0
6785 -0.1366758077882396 0.7994071697799717 0
6786 0.1321780359707426 0.751905345210012 0
6787 -0.1197357325067127 0.368689757992091 0
6788 -0.1151220629374538 0.3690466511255917 0
6789 -0.1134248711306046 0.4633999999990051 0
6790 -0.1157612043808791 0.461999999999 0
6791 -0.1158349859478221 0.4647999999990041 0
6792 -0.1180519193912291 0.4634711447165468 0
6793 -0.1181599824148884 0.4662118574519248 0
6794 -0.1155955979029873 0.4592828697813474 0
6795 -0.1158281777128284 0.4676019762411628 0
6796 -0.1182492964595854 0.468997771663529 0
6797 -0.120550894777501 0.4677444184109967 0
6798 -0.1158419286811144 0.4703999579834592 0
6799 -0.1182131903167792 0.4717950876558492 0
6800 -0.1158382028186987 0.4731991742725637 0
6801 -0.1182091693272581 0.4745990436540786 0
6802 -0.1158369116767059 0.4759997029871231 0
6803 -0.1182615676169758 0.4773997911062134 0
6804 -0.1206247436952489 0.476147204381332 0
6805 -0.1206508424512256 0.4789501183287567 0
6806 -0.11822421031193 0.48033937424504 0
6807 -0.1134233909297556 0.474599931805489 0
6808 -0.1134232953608892 0.4662000857376883 0
6809 -0.115837029021343 0.4788231447225806 0
6810 -0.1158579856221731 0.481793595749106 0
6811 -0.1206444587790077 0.4819164691434351 0
6812 -0.113424126150789 0.4802361234113112 0
6813 -0.1134501022065076 0.4831567655522658 0
6814 0.1134210896136764 0.32060269960516 0
6815 -0.136575128869407 0.4242000000011357 0
6816 -0.136593627125907 0.2254000000006351 0
6817 -0.134171839038057 0.2268000000006392 0
6818 -0.1342719110260728 0.2296000000006451 0
6819 -0.1317253866081946 0.2282000000006427 0
6820 -0.1365954044172771 0.2310000000006493 0
6821 -0.1342507089510545 0.2326985892238765 0
6822 -0.1138029836202426 0.6007516152616303 0
6823 -0.1210616468164619 0.6641801958474232 0
6824 0.136636140906402 0.4493139650086555 0
6825 0.1365852975422322 0.4465856608339139 0
6826 0.1341519525176047 0.4451976101381266 0
6827 0.1341751406565945 0.4479579193276021 0
6828 0.1318624439471261 0.4465557941212027 0
6829 -0.1365751288693979 0.1694000000004519 0
6830 -0.1365751288693979 0.2814000000007779 0
6831 -0.1341524833998619 0.2828000000007813 0
6832 -0.1341666761373598 0.2856000000007888 0
6833 -0.1317511934463343 0.2842534776197964 0
6834 -0.1341528543433724 0.2800000000007751 0
6835 -0.1341604509655067 0.2772169056121513 0
6836 -0.1317024171858907 0.2786447306181356 0
6837 -0.1316892224480993 0.2758401334026528 0
6838 -0.1365865881997976 0.2758197232140437 0
6839 -0.1366337517898945 0.2730866997501431 0
6840 0.1133251479415091 0.7461433480760684 0
6841 -0.1215691233088624 0.182388234194086 0
6842 0.1220184111453039 0.5173156634838613 0
6843 0.1199748759574245 0.461151147004624 0
6844 0.117618541627331 0.4596402874955017 0
6845 0.1153682847277099 0.4613400861022197 0
6846 0.1152417157082299 0.4581062789694308 0
6847 0.1288114878019544 0.3802827524152402 0
6848 -0.1366003443442259 0.3878209609843912 0
6849 -0.1342078850584446 0.3863415607794011 0
6850 -0.1341502577387941 0.389200000001051 0
6851 -0.1229799322456805 0.3153772814445762 0
6852 0.1366343505723265 0.7068974250012701 0
6853 0.1365867589426525 0.7041843437044775 0
6854 0.134247882470356 0.7028072225554305 0
6855 0.1341502577387976 0.7055999999996455 0
6856 0.1316543266306456 0.7040668665426598 0
6857 -0.1300636765296064 0.5616487050793217 0
6858 0.1286545047953845 0.3338373806323801 0
6859 -0.1365751288693974 0.3402000000009274 0
6860 -0.1341502577387965 0.3416000000009314 0
6861 -0.1341502577387965 0.3444000000009358 0
6862 -0.1341502577387963 0.3388000000009261 0
6863 -0.131888182863426 0.3430000000009342 0
6864 -0.1316556637800758 0.3458369628593562 0
6865 -0.1341386372674416 0.3472061604773429 0
6866 -0.1317803100574402 0.3487257992159574 0
6867 -0.134157474901775 0.350021993282848 0
6868 -0.1316229747347934 0.3513195787130928 0
6869 -0.1293005154775929 0.3500000000009416 0
6870 -0.1318152875929919 0.3403087178433578 0
6871 -0.1314582241607252 0.3375386681220389 0
6872 -0.1294217261964877 0.3417847305912445 0
6873 -0.1341057306642162 0.3360231113544401 0
6874 -0.1318074285353566 0.334609826256669 0
6875 -0.1341390451149144 0.352790261999964 0
6876 -0.1365677076903012 0.3374038518931743 0
6877 -0.1365743949846686 0.3486046922939961 0
6878 -0.1208914118921291 0.1656248444715593 0
6879 -0.1132471869231217 0.5389888768702785 0
6880 -0.1133884570160413 0.541809924228411 0
6881 -0.1158275445628845 0.5431957455711407 0
6882 0.1134248711306031 0.3402000000009281 0
6883 0.115849742261204 0.341600000000931 0
6884 0.1158497422612054 0.3388000000009235 0
6885 0.1158273381390673 0.3444000000009376 0
6886 0.1182746133918036 0.3430000000009343 0
6887 0.1134248711306029 0.3374000000009192 0
6888 0.1158497422612036 0.336000000000915 0
6889 0.1158497422612014 0.3332000000009077 0
6890 0.1184163603199985 0.3345103609795912 0
6891 0.118229255301451 0.3319045414946094 0
6892 0.1158421825794753 0.3304174235831857 0
6893 0.1206994845223998 0.3332000000008993 0
6894 0.1183595390468373 0.3373228392964273 0
6895 0.1185389501371155 0.3291669557451207 0
6896 0.1183744193786043 0.340002350811927 0
6897 0.1210226167975557 0.3407549880185236 0
6898 -0.1229624692352842 0.5632838995768854 0
6899 0.1200944487619413 0.3602265007620705 0
6900 0.1280048478308236 0.5932318385239146 0
6901 0.1366121523950518 0.5585997540751775 0
6902 0.1366268472106489 0.5557999790873269 0
6903 0.1134055457788827 0.200233472491581 0
6904 0.1158257169443185 0.201641613070045 0
6905 0.1132597143177903 0.1975248720960888 0
6906 -0.1341900699431165 0.2912000000008044 0
6907 -0.1341986397305319 0.2884000000007966 0
6908 0.113267303805622 0.6674902154323596 0
6909 -0.136679393732729 0.6678055739132277 0
6910 -0.1230737747915029 0.2355398517493874 0
6911 -0.1365751288685109 0.09660000000151395 0
6912 -0.134150257739112 0.09800000000177535 0
6913 -0.1341502577401954 0.1007999999991185 0
6914 -0.1317273916369918 0.09940347280690831 0
6915 -0.1316754642601239 0.09661900394151736 0
6916 -0.1316937588525512 0.1022165445686141 0
6917 -0.13414905433712 0.1035957116334286 0
6918 -0.1317119512969637 0.105040432142998 0
6919 -0.1293111297809756 0.1065601204033618 0
6920 -0.1317716333370369 0.1078321884644368 0
6921 -0.1291438650407764 0.1008779975834138 0
6922 -0.1341419373466485 0.09520316732712777 0
6923 -0.1340780755345395 0.09229645232713099 0
6924 -0.1316308394419639 0.09381807360091379 0
6925 -0.1313790405608611 0.09089957200015938 0
6926 -0.1289547812874541 0.09248550395800353 0
6927 -0.1309942571341677 0.08802329662077368 0
6928 -0.1338146873851994 0.08900795587882712 0
6929 -0.1330159763393165 0.08615806216879855 0
6930 -0.1284490268984618 0.08680257082899348 0
6931 -0.1365071701093803 0.09088406803485582 0
6932 0.1134248711321028 0.09660000000237778 0
6933 0.1158497422607198 0.0980000000028001 0
6934 0.1158497422591107 0.1007999999983047 0
6935 0.1182689234533386 0.09940985525475035 0
6936 0.118300277563207 0.09663283084912579 0
6937 0.1182662078826253 0.1022079502131896 0
6938 0.1158395460061467 0.103601325034488 0
6939 0.1207014661605064 0.1008733027849878 0
6940 0.1158540196244578 0.09520547181401545 0
6941 0.1159135192323887 0.09230700377412265 0
6942 0.1183081869646296 0.09381757527455925 0
6943 0.1185652196517024 0.09092651753658551 0
6944 0.1209607199880718 0.09252677551848454 0
6945 0.1189282637724241 0.08805959165787498 0
6946 0.1159902022434543 0.08907324235806539 0
6947 0.1167955933591139 0.08628540708543631 0
6948 0.1140450343227851 0.08509563461062397 0
6949 0.1214775298545578 0.08693826788748107 0
6950 0.1134564213536262 0.09087539702600475 0
6951 -0.1367228729485318 0.3990490938606795 0
6952 -0.1367124414481148 0.396208182311002 0
6953 -0.1343036293784675 0.3977119679345466 0
6954 0.1324277085074752 0.3047554708435044 0
6955 -0.1367689093636537 0.5525758924880426 0
6956 -0.1367459306039902 0.2338966650074438 0
6957 0.1275779549199593 0.2582722819082311 0
6958 -0.1366257506619579 0.7155314127749236 0
6959 -0.1341502577388184 0.7168000000002405 0
6960 -0.1342658748833113 0.7196000000002406 0
6961 -0.1317417693968084 0.7183487137146074 0
6962 -0.1365751288694004 0.7210000000002416 0
6963 0.113263707186915 0.7154008441917857 0
6964 -0.1219363551582691 0.4442396204875614 0
6965 0.1366567145571486 0.530599998041491 0
6966 0.1366898747249522 0.533397472869813 0
6967 0.1265703511106361 0.6703275898868601 0
6968 0.1291980635165044 0.6662473019846705 0
6969 -0.1159137068999666 0.2400608614533754 0
6970 0.1365782029703997 0.6229999999994229 0
6971 -0.129705514830203 0.5448782352960035 0
6972 -0.1320846335383719 0.5434080125295228 0
6973 -0.1319347471902111 0.5406256505578456 0
6974 -0.1344662254484655 0.5419377173881681 0
6975 -0.1344022914509743 0.5451886637914638 0
6976 -0.1365755017185967 0.331800457244375 0
6977 -0.1132740074960331 0.5249998051752626 0
6978 0.1340865888213839 0.2740379175150038 0
6979 0.1339636189383748 0.2768673928123204 0
6980 0.1271633744155295 0.2666616100870211 0
6981 0.1134248711306032 0.2506000000007015 0
6982 0.115849742261204 0.2520000000007062 0
6983 0.1158265865610227 0.2492000000006986 0
6984 0.1157889344582994 0.2548000000007122 0
6985 0.118347494972606 0.253436275120089 0
6986 0.1134210118472392 0.2478000000006931 0
6987 0.115822084063764 0.2464000000006895 0
6988 0.1158451325616311 0.2436000000006827 0
6989 0.1182746133918054 0.245000000000684 0
6990 0.1182746133918045 0.2422000000006801 0
6991 0.1158489739779416 0.2408000000006776 0
6992 0.1182746133918044 0.2394000000006761 0
6993 0.121029227842653 0.2426402532571736 0
6994 0.1158491669823029 0.2380000980224267 0
6995 0.1182746133918067 0.2506000000007071 0
6996 0.1134239748001296 0.2422000000006794 0
6997 0.1175908246522371 0.5605482724256861 0
6998 0.1151911465917405 0.5589126412685207 0
6999 -0.1365859289344479 0.2870000000007922 0
7000 -0.1206097790784778 0.3168407865453793 0
7001 -0.1181078249604141 0.3126700452703636 0
7002 -0.1134248711306028 0.5753999999992827 0
7003 -0.1158396225909109 0.5767999999992841 0
7004 -0.1158288998150036 0.5739999999992803 0
7005 -0.1158026152440825 0.5795212949083999 0
7006 -0.1182746133918066 0.5781999999992782 0
7007 -0.1183115210503199 0.5809184285606634 0
7008 -0.1133715762223386 0.5809081773932597 0
7009 -0.1134169379238434 0.5725999999992768 0
7010 -0.1157863371358903 0.5711345975244493 0
7011 -0.1138137291603486 0.5838427575141808 0
7012 0.1282223886440466 0.5876960949943346 0
7013 -0.1133689279900935 0.5894969909258224 0
7014 0.1134248711306025 0.1274000000003444 0
7015 0.1158497422611498 0.1260000000003788 0
7016 0.1158497422611327 0.1288000000002764 0
7017 0.1158135178662935 0.1232627424928816 0
7018 0.1182181462964395 0.1274000000003446 0
7019 0.1182095069464275 0.1302000000001697 0
7020 0.118100429757118 0.124653387946197 0
7021 0.1134188337314627 0.1218104570825086 0
7022 0.1157393461766589 0.1204749424219816 0
7023 0.1134054655499993 0.11901423325099 0
7024 0.1157609805929206 0.1176148626124613 0
7025 0.1158136891710273 0.1148392995997992 0
7026 0.1180121889259325 0.1163095842373167 0
7027 0.1134188622822971 0.1134065499338181 0
7028 0.1157894199041713 0.1120444640866503 0
7029 0.1134138159297475 0.1106085023370117 0
7030 0.1158057934460383 0.1092088277376969 0
7031 0.1158319227464016 0.1064016921283286 0
7032 0.1181637390935869 0.107845339862637 0
7033 0.1134236556751069 0.1050001308994001 0
7034 0.115838891186943 0.1316000000002606 0
7035 0.1182746133916991 0.1330000000000424 0
7036 0.1366400311188969 0.6088875860057105 0
7037 0.1367046077454872 0.6062211723213967 0
7038 0.1340941071643141 0.6074126761638391 0
7039 -0.1133545246615001 0.6091218436579815 0
7040 -0.1156327722982032 0.6107597397105715 0
7041 -0.1132389426284662 0.606502820972623 0
7042 -0.1365751288693983 0.1274000000003317 0
7043 -0.1341781385870303 0.1260000000003393 0
7044 -0.134169098381509 0.1232000000003866 0
7045 -0.1341998287884977 0.1288295200236925 0
7046 -0.1318341428874578 0.1246314462016564 0
7047 -0.1365782689765127 0.1218000000004058 0
7048 -0.1341754523160263 0.1204000000004297 0
7049 -0.1365798513167713 0.1190000000003825 0
7050 -0.1341625811939126 0.1176000000004362 0
7051 -0.1341523116479728 0.1148000000006759 0
7052 -0.1317305090944094 0.116235696601301 0
7053 -0.1316637039000306 0.1134415208331324 0
7054 -0.1341126852051683 0.1120159990039136 0
7055 -0.1365692090984937 0.1134026665011186 0
7056 -0.1365742756144198 0.1106042313280257 0
7057 -0.1365833907110106 0.1302049200042178 0
7058 -0.134176939947465 0.1316352600282151 0
7059 -0.1342031790313022 0.1344058766715856 0
7060 -0.1319156100314589 0.1330841967339716 0
7061 -0.1365839490847467 0.135800979445536 0
7062 -0.1342353612943729 0.1372467632533659 0
7063 -0.1365907828311587 0.1386079571167055 0
7064 -0.1341933897048625 0.1400547406289105 0
7065 -0.1342266218522619 0.1428091234384367 0
7066 -0.1320056247527583 0.141518964881688 0
7067 -0.1365878562215917 0.144201520573379 0
7068 -0.134269270489836 0.1456623762444477 0
7069 0.1134248711306017 0.3486000000009477 0
7070 0.1159004475481103 0.3498154342392184 0
7071 0.1158320549998623 0.3471692390406554 0
7072 0.1183118457549939 0.3483279331884785 0
7073 -0.1365825246745928 0.2002000000005291 0
7074 -0.1365751288693979 0.1890000000005002 0
7075 -0.1134176515142149 0.6230062947707573 0
7076 -0.1209097283394959 0.1627932067567061 0
7077 0.1134248711306026 0.1442000000003872 0
7078 0.1158497422611997 0.1428000000003841 0
7079 0.1158497422612026 0.1400000000003895 0
7080 0.1158497422611998 0.1456000000003842 0
7081 0.1184076685672814 0.1412921026148177 0
7082 0.1182338273846749 0.1386910702600548 0
7083 0.11584294459336 0.1372151783770242 0
7084 0.1206994845223542 0.140000000000387 0
7085 0.1185541678759242 0.1359402989924375 0
7086 0.1158497422612277 0.1344000000004498 0
7087 0.1183832983910592 0.1440673746110477 0
7088 0.1183397310429362 0.1468191745101346 0
7089 0.1134237381859684 0.1358025297298236 0
7090 0.1158605952030569 0.1483698624186806 0
7091 0.1183790831131359 0.1498152728840782 0
7092 -0.1365751288693977 0.1610000000004293 0
7093 -0.1341502577387967 0.1596000000004265 0
7094 -0.1341502577387971 0.1624000000004308 0
7095 -0.1341931952219298 0.1568743699027586 0
7096 -0.1317253866081965 0.1610000000004287 0
7097 -0.1317253866081972 0.1638000000004319 0
7098 -0.1318601094489317 0.1582452149404914 0
7099 -0.134150257738797 0.1652000000004401 0
7100 -0.1365822851165863 0.1554123949841408 0
7101 -0.1342915885373691 0.1540888307170955 0
7102 -0.1365998767103578 0.1526168709504771 0
7103 -0.1342679818724386 0.1512176169448653 0
7104 -0.1342247026071127 0.1484739344407233 0
7105 -0.13210114665099 0.1499524521227525 0
7106 0.1134397785800392 0.3962820091115421 0
7107 0.113407374682989 0.1609889000416229 0
7108 0.1157555275924297 0.1595870500484854 0
7109 0.1158340398164083 0.1567978416750985 0
7110 0.1182746133918029 0.1582000000004229 0
7111 0.1182504666181718 0.1550015945260921 0
7112 0.1158071758900344 0.1539332393671387 0
7113 0.1288104514923922 0.331193795972952 0
7114 -0.1365751277040698 0.02660000602915331 0
7115 -0.1341502736578958 0.0280000002155887 0
7116 -0.1341576030879465 0.02520000892319553 0
7117 -0.1341797155365968 0.03079998657975411 0
7118 -0.1316812473817647 0.02641177956905438 0
7119 -0.1317254194210737 0.02940000000004767 0
7120 -0.1365763435436242 0.02380000590182817 0
7121 -0.1341590435063825 0.02240001321089594 0
7122 -0.1341516982336368 0.01960011880730301 0
7123 -0.1316163932755012 0.02088340648066528 0
7124 -0.1317707705757583 0.01829020459961878 0
7125 -0.1341580037685117 0.01681533336291154 0
7126 -0.1293010372116329 0.0196000924662481 0
7127 -0.1316534956907576 0.01544115686970838 0
7128 -0.1341663580464757 0.0140092367460169 0
7129 -0.1365766554043438 0.01820260700244594 0
7130 -0.1365793594177658 0.0154045162461432 0
7131 -0.1365800377845384 0.03219998875421928 0
7132 -0.1341854360580046 0.03359997212214137 0
7133 -0.1365818056950913 0.03499998245406898 0
7134 -0.1341572280510743 0.03639996263062768 0
7135 -0.1342030951795126 0.0391999564838057 0
7136 -0.1317254029755975 0.03499994896700165 0
7137 -0.1365839010099184 0.04059997926225401 0
7138 -0.1342121712520778 0.04199994663603084 0
7139 -0.1317253820168756 0.03779993702065226 0
7140 -0.136586882946151 0.04339997673564739 0
7141 -0.1341624907919019 0.04479996936671886 0
7142 -0.1342263978950511 0.04759998763879053 0
7143 -0.1318106066781004 0.04295769416627829 0
7144 -0.131725298482601 0.04620002602371704 0
7145 -0.1365877998962845 0.04899999323002253 0
7146 -0.1341946124081417 0.0503999811232322 0
7147 0.1134248832275367 0.03500000029752149 0
7148 0.115849733824385 0.0364000054628565 0
7149 0.115849727037814 0.03919999041720362 0
7150 0.1158497609587606 0.03360003520746264 0
7151 0.1182745892074516 0.03780000000009187 0
7152 0.11846620206653 0.04067469820321601 0
7153 0.1158816613044135 0.04201242908021392 0
7154 0.1182507978763535 0.04352022591018734 0
7155 0.1182098731199442 0.03500003424874189 0
7156 0.1181885262120306 0.03220008557865184 0
7157 0.1158354458202706 0.0308000952660259 0
7158 0.1180931911551335 0.0294466208410903 0
7159 0.1157808036608302 0.02807101365124494 0
7160 0.1134135375363419 0.02661192023946563 0
7161 0.115728214487154 0.02526223346604515 0
7162 0.1134026598723538 0.02381249461257207 0
7163 0.1157537551590646 0.02239775701518306 0
7164 0.1158198304838407 0.01963787438338224 0
7165 0.1179865440881214 0.02108851678416887 0
7166 0.1134225084799464 0.03220003164758834 0
7167 0.1158510872418142 0.04482209433781864 0
7168 0.1183783941947959 0.04610857240909839 0
7169 0.1206890820960715 0.04475050716049042 0
7170 0.1218881564341851 0.2748219218872097 0
7171 -0.1280704603866005 0.4062675229235684 0
7172 -0.1223326788733296 0.2929861138767957 0
7173 -0.1213867320418666 0.2593355849114288 0
7174 -0.1133923893553495 0.6146173290867631 0
7175 0.1134248711306021 0.2590000000007215 0
7176 0.1158497422612038 0.260400000000725 0
7177 0.1157506822471253 0.2632000000007291 0
7178 0.1183338988786114 0.2618571294779504 0
7179 0.1181674905032358 0.2586503919274132 0
7180 0.1134083611282577 0.2646000000007334 0
7181 0.1157982781182553 0.2663293239091531 0
7182 0.1132763021768196 0.2675046139070171 0
7183 0.1157609460097205 0.2575417319885 0
7184 0.1134248710625661 0.05180000007896846 0
7185 0.1158497413387864 0.0531999999750289 0
7186 0.1158014813844909 0.0559999993458489 0
7187 0.1158390039358863 0.05039999998073403 0
7188 0.1183104094621005 0.05161350574319458 0
7189 0.1182746118012306 0.05460000000015859 0
7190 0.1134230806843004 0.04899999813491732 0
7191 0.1158544370739293 0.04758844224031687 0
7192 0.1134168276871506 0.05739999945680847 0
7193 0.1157920977112389 0.05879999865584118 0
7194 0.1134139233439235 0.06019999915612333 0
7195 0.1158383104771828 0.06159999820457205 0
7196 0.1157615033045738 0.06439999794929828 0
7197 0.1181984398079041 0.05976145409726234 0
7198 0.113410166278694 0.06579999902356616 0
7199 0.1158610765597421 0.06749672440994617 0
7200 0.1182746136315969 0.06299999698096422 0
7201 0.1133102166899083 0.06869370024332455 0
7202 -0.1133439635232113 0.441104591486339 0
7203 -0.1155083002988576 0.4425685172884247 0
7204 -0.1285608855608685 0.5056959740326605 0
7205 -0.1367451578840077 0.08537369695467104 0
7206 -0.1366186531090955 0.08256931311651169 0
7207 -0.1341726978632582 0.08116858247205574 0
7208 -0.1341539977572859 0.07839476379618261 0
7209 -0.1317297500157446 0.07979389105496815 0
7210 -0.1312640070138457 0.07668214143151682 0
7211 -0.1340739844350802 0.07554615098846663 0
7212 -0.1319048164084093 0.07390241066748637 0
7213 -0.1316462190555867 0.083038941429638 0
7214 -0.129277079362605 0.08080493880269231 0
7215 -0.1343346275298613 0.07289220384755972 0
7216 -0.1295378108453362 0.07838769164058067 0
7217 -0.1366310041192311 0.07422040368407076 0
7218 0.1134022504857891 0.5922517730018263 0
7219 0.1206624492918814 0.7415422778093849 0
7220 0.1132882373606624 0.3654531042295356 0
7221 0.1133764167511415 0.3626317123219744 0
7222 0.115860204715899 0.3640321382669003 0
7223 0.1157852003840431 0.3611616206424293 0
7224 -0.113342812236123 0.5669409560825251 0
7225 -0.1365751288860283 0.05740000002354774 0
7226 -0.1342470816493975 0.05600000009531742 0
7227 -0.1341647598968493 0.05910360046074888 0
7228 -0.1342554653033078 0.05320000499542125 0
7229 -0.1317456299722952 0.05462902632909535 0
7230 -0.1366933339821663 0.06029817464982726 0
7231 -0.1367114598387404 0.6314104061403409 0
7232 0.1269716664289341 0.8091171062374167 0
7233 -0.1365739248360636 0.3541983770007959 0
7234 -0.1365789961926585 0.1049922394786648 0
7235 0.1314563910195415 0.2780985776388701 0
7236 0.1278530238441811 0.2526802644746994 0
7237 -0.1292983421998866 0.4482487875140283 0
7238 0.1283912708270757 0.3886722360678973 0
7239 0.1134177767354077 0.1525888732281959 0
7240 0.1158247610759084 0.1511845413164835 0
7241 -0.1365959476810756 0.777004846227483 0
7242 -0.1366024793134479 0.7798076651876575 0
7243 -0.1341685462703101 0.7785240605748781 0
7244 0.1199340197111054 0.4147392948826003 0
7245 0.1134181892333555 0.345794873174226 0
7246 -0.1341569452049597 0.3332060230531685 0
7247 0.1134110358759463 0.2058001456486267 0
7248 0.120352211755419 0.7959520921078665 0
7249 -0.1134494986140171 0.8135440693912546 0
7250 0.1365840128641133 0.7602270050361867 0
7251 0.1341352158227019 0.7616923498750174 0
7252 0.1365240665954617 0.4745736219263273 0
7253 0.1339861017906491 0.4759187503633449 0
7254 0.1338030451267436 0.4790804335196978 0
7255 0.1365319529739424 0.4717447913107113 0
7256 0.1134139772620755 0.1553866590452811 0
7257 -0.1209435634040621 0.3420861484218675 0
7258 -0.1366096776857531 0.4270278663909831 0
7259 -0.134150257738815 0.428400000001128 0
7260 -0.1232233378961592 0.3237747589178431 0
7261 -0.1134185293801061 0.5473934980848746 0
7262 0.1158047562264407 0.2044070382126963 0
7263 0.1182148781739445 0.2030981484536694 0
7264 -0.1320498475149273 0.5462848753504377 0
7265 -0.1304016883405923 0.6527196594534563 0
7266 -0.1231417084279108 0.3209772637365342 0
7267 -0.1132183445643062 0.4384695369837244 0
7268 0.1279467352144751 0.5442351577918449 0
7269 -0.1217606188195386 0.2734270442495637 0
7270 0.134061333410422 0.7645093840214756 0
7271 0.1365030797401213 0.7658677095688812 0
7272 -0.1308257689650817 0.5014235943635095 0
7273 -0.1173698135866132 0.2020911149958375 0
7274 -0.1151148335391007 0.2038070308524126 0
7275 -0.1173197630748408 0.1992714723374563 0
7276 0.13654294701063 0.2310776759047722 0
7277 -0.1159327628298326 0.157315265153098 0
7278 -0.1281443304331306 0.4917011469315163 0
7279 -0.1132805116321096 0.4578138116293862 0
7280 -0.1132219523636685 0.4550135660444421 0
7281 0.1367842027589924 0.8275177869028629 0
7282 0.1134075391630508 0.1637907500347649 0
7283 -0.1134354083006219 0.4886593221912707 0
7284 0.1134307336081756 0.1805829234598261 0
7285 -0.1131612831093451 0.1024199319048485 0
7286 0.1367275573467081 0.1025661184916261 0
7287 0.1278667645649602 0.1545590546085517 0
7288 0.1303553952172294 0.1532807227640448 0
7289 0.1304935574676668 0.1504841343909428 0
7290 0.1328265201161155 0.1519646216238485 0
7291 0.1328941334917218 0.1492757925286936 0
7292 0.1306168361132151 0.1476992034117273 0
7293 0.1331230331353004 0.1464093452548589 0
7294 0.1349857698143316 0.1507841239088694 0
7295 0.1326317721107854 0.1548368202510014 0
7296 0.1325017708839634 0.1576812015831697 0
7297 0.1347526974197997 0.1593136124524766 0
7298 0.1278844325372148 0.4434620207520155 0
7299 -0.1292066686553605 0.4454357778081955 0
7300 0.1366599121454296 0.09693791258283548 0
7301 -0.1138645359933163 0.09661492252138859 0
7302 0.1212851877961155 0.8256817680389286 0
7303 0.1188372320582989 0.8242514027669215 0
7304 -0.1365751288694072 0.6622000000003815 0
7305 0.1277932858195837 0.3998315369458854 0
7306 0.1367133606685421 0.6510320456196255 0
7307 0.1366837297241857 0.6538419567638365 0
7308 0.127581522616581 0.2092119858137209 0
7309 0.1208757838539558 0.490645237419449 0
7310 -0.1134248711306027 0.6509999999995045 0
7311 -0.1134600240309109 0.6539208154025508 0
7312 0.1201742972698695 0.4091232773560196 0
7313 0.1132697788117357 0.6618312338388785 0
7314 -0.1298495917805439 0.6331129758088599 0
7315 0.1133999371215373 0.2561902886653449 0
7316 -0.1133186981227456 0.2956586332917517 0
7317 -0.1133956279204445 0.08259671321120134 0
7318 -0.1160207118083561 0.08428933178003406 0
7319 -0.1158642203174605 0.08124767417394869 0
7320 -0.1183337022847086 0.08249962800413094 0
7321 -0.1134224102728361 0.07980739790427863 0
7322 -0.1158446421626188 0.07840655621873673 0
7323 -0.1158488922525891 0.07560109277124326 0
7324 -0.1182746133339064 0.07700000003646315 0
7325 -0.1182349877544509 0.07383975260378491 0
7326 -0.1158118920322494 0.07274014101097677 0
7327 -0.1134184211274458 0.07419020565131627 0
7328 -0.1134106362287721 0.07138839116007542 0
7329 -0.1161685296971093 0.06977963674418401 0
7330 0.1366221954112908 0.08259138611642684 0
7331 0.136587654772001 0.07979856435470074 0
7332 0.1337832242773775 0.08155178661107808 0
7333 0.1341491488486221 0.07839262410478749 0
7334 0.1216135585793878 0.4275835565656448 0
7335 -0.1226184649484898 0.7173593539416326 0
7336 -0.1294410568066693 0.5364968279294153 0
7337 0.126755901526739 0.2259918173861271 0
7338 0.1200652637802745 0.7036373948628749 0
7339 0.1177430685963034 0.7020040760536279 0
7340 0.1198194732235216 0.5620604850532296 0
7341 -0.1212709119671591 0.2565954301714867 0
7342 0.1208113411813816 0.6896581418053922 0
7343 0.1366107050054132 0.7574728681399355 0
7344 -0.1220418948398562 0.7804037014595862 0
7345 0.129894908078816 0.3088342404634589 0
7346 0.1365563102097075 0.02950047853301748 0
7347 -0.1365995909500702 0.6230044274092235 0
7348 0.1130987661167163 0.6230341479948003 0
7349 -0.1365790843603336 0.6118049138110383 0
7350 -0.1341741718166366 0.6132562730016217 0
7351 -0.1341384478081658 0.6104423188069206 0
7352 0.1365852653064746 0.3180836496567118 0
7353 0.1366790377979301 0.07413092687308673 0
7354 0.1290815975769567 0.37467229261004 0
7355 0.1365751288694144 0.1357999999997469 0
7356 0.1341502577388301 0.1371999999997414 0
7357 0.1341502577388367 0.1399999999997205 0
7358 0.1341502577388364 0.13439999999977 0
7359 0.1316038140171931 0.1386562690638243 0
7360 0.1317618188836064 0.1413302031519716 0
7361 0.1341900920626288 0.1427307144969586 0
7362 0.1291254558457841 0.1400205951417374 0
7363 0.1316726510629759 0.1358334881480688 0
7364 0.1315345778891542 0.1332228633604829 0
7365 0.1289947579606106 0.1320102747059675 0
7366 0.1339684147597101 0.1317799715686125 0
7367 0.1365374221393214 0.1330416945483414 0
7368 0.1280838596876653 0.7376848439864789 0
7369 0.1365751288694098 0.4045999999989159 0
7370 -0.1134248711305904 0.4045999999989166 0
7371 -0.1227531401333716 0.5520976777986373 0
7372 -0.1203951921095656 0.5536374482240518 0
7373 -0.1132994466456843 0.06572441789965963 0
7374 0.1365696663011608 0.1247968956352592 0
7375 -0.1366843698500609 0.3906034934982788 0
7376 0.1222344438157191 0.3209106382129162 0
7377 -0.1136446249000451 0.1749098005176811 0
7378 -0.1218474640358575 0.1935604092142289 0
7379 0.1134199375951903 0.2310034338549111 0
7380 -0.1133218484505842 0.141567091720738 0
7381 -0.1225696237900592 0.384018134880217 0
7382 -0.1366123833764288 0.6090084767697821 0
7383 0.1288155344108255 0.2330600795981519 0
7384 -0.1179450120586613 0.8377172972769602 0
7385 -0.1196675395433339 0.6137950662661467 0
7386 0.1272952833563838 0.3129250422101349 0
7387 0.1134236111836462 0.3290029039312784 0
7388 -0.1130956148797293 0.2731374733171151 0
7389 0.113361888669828 0.5950223243370995 0
7390 0.1157768675257202 0.5938606430934235 0
7391 -0.1212407389022201 0.4217699056478026 0
7392 0.136607332630464 0.1440204880505898 0
7393 -0.1365758928519648 0.1917950496418191 0
7394 -0.1134248711305847 0.3261999999991369 0
7395 -0.1365751288693984 0.1638000000004355 0
7396 -0.1279297106090746 0.5685626897404613 0
7397 0.1367226242769296 0.1949141320157999 0
7398 0.1367971540331599 0.2032753538871833 0
7399 -0.1366508518324069 0.5587311560199187 0
7400 -0.1367198332741139 0.5614740925242702 0
7401 -0.1342357282114818 0.5601762572207445 0
7402 -0.1297744403472772 0.7130020616445082 0
7403 -0.1321413276559949 0.7140731956614467 0
7404 -0.1365778009553242 0.3290032769124186 0
7405 0.1367452335791191 0.1978190545903674 0
7406 0.1132607184276246 0.7014396676508754 0
7407 0.1286797677568836 0.3830777776949865 0
7408 -0.1215787089117067 0.4330673764204319 0
7409 -0.1283713857341306 0.6653679552899378 0
7410 0.1271596133639895 0.3157191126602933 0
7411 0.1280639169303242 0.6396753048290489 0
7412 -0.1298123307996454 0.3824538166297315 0
7413 -0.1366094930313228 0.1470229718766237 0
7414 0.1184269145960376 0.8213324790190445 0
7415 -0.1229891987203701 0.2327411281067352 0
7416 -0.1222506298652417 0.2901873231237649 0
7417 0.1274277656684189 0.3591889915858069 0
7418 0.1263993849132862 0.8376397262893831 0
7419 0.1250715385722248 0.8354478940994411 0
7420 0.1204527019736406 0.640463218406778 0
7421 0.1366685206785647 0.547320115667523 0
7422 0.1346296011668972 0.5457587202729335 0
7423 0.1134234011924876 0.3318033879196824 0
7424 -0.1279309019018883 0.1611244228214 0
7425 -0.1295689827525642 0.2941283120172952 0
7426 -0.1280883808299011 0.5744668582592023 0
7427 -0.1280300331999986 0.2408021659295006 0
7428 -0.1219773501986371 0.5296929705507594 0
7429 -0.1365730698100507 0.3458018087958483 0
7430 0.128372958292349 0.5849097116744618 0
7431 0.1134244978151626 0.2394000163376316 0
7432 -0.1227455117002579 0.2243453810864813 0
7433 -0.1133995612618423 0.7938144971114005 0
7434 0.1329799135052629 0.1982658734530285 0
7435 0.1181993742157247 0.5466126771153288 0
7436 0.113176172958772 0.5610922315244955 0
7437 -0.1319700181863905 0.2249751425272044 0
7438 0.1367133066684908 0.4017469113927881 0
7439 0.1341255610498579 0.4028682951561365 0
7440 0.1296439616058893 0.1672614660503372 0
7441 0.1199610206078637 0.6573950410855158 0
7442 0.1174410661377898 0.6614700684344739 0
7443 0.1216198614441423 0.2368616553518272 0
7444 0.1275299839308203 0.6016938665132044 0
7445 0.129730404494407 0.6003833388972623 0
7446 0.1133185254603776 0.6174026599688707 0
7447 -0.1200356524796662 0.2146197701811952 0
7448 -0.1284718860045788 0.502896356056484 0
7449 0.1205658397559129 0.3026970556160185 0
7450 0.1213378242901394 0.3841173780439216 0
7451 0.1273107249142966 0.7026038507614906 0
7452 0.1276914016495553 0.5007751026934292 0
7453 0.127447343215026 0.1629485877988022 0
7454 -0.1156501985510222 0.6134929532051757 0
7455 0.1134266799542435 0.1469949770701063 0
7456 0.1259923946521104 0.8313654382715644 0
7457 -0.1220844395000658 0.3672236471637676 0
7458 0.1196966341150608 0.6138711456487941 0
7459 0.1219202829809481 0.2312450912924811 0
7460 -0.1285626533921499 0.1779333430104106 0
7461 0.1267540956358958 0.1769314132569869 0
7462 0.1204582282735301 0.4035841832940887 0
7463 0.119582194948653 0.4205351841602089 0
7464 0.1285028979711471 0.7292956243444144 0
7465 -0.128152688088128 0.2465838529283352 0
7466 -0.1132479566100519 0.7910331602318765 0
7467 0.1271373848288165 0.5119613918771033 0
7468 -0.1219966679007526 0.3644258242868524 0
7469 -0.1304889981567902 0.490253740965462 0
7470 -0.1281552615855573 0.4090710181332048 0
7471 0.1133771501492065 0.7882659037108309 0
7472 -0.1179336924691629 0.637498871475106 0
7473 0.1290070922826135 0.6254801830118977 0
7474 -0.1295420911385576 0.4566469114299256 0
7475 0.1315358244377737 0.5205897773183399 0
7476 -0.1367283958667709 0.7295073809858608 0
7477 0.1271428011169118 0.4629025807151175 0
7478 0.127718843715777 0.2064155456859731 0
7479 0.1158779654936196 0.3276312992164655 0
7480 -0.1283977974327178 0.1723431319168824 0
7481 -0.1218353370404127 0.2762035663409272 0
7482 0.1210463596653695 0.4878316461204295 0
7483 -0.1301995254387196 0.4790356087508115 0
7484 -0.129754452669885 0.5476904428965557 0
7485 0.1208816447147837 0.834046741277802 0
7486 -0.1209887268198361 0.496169028426855 0
7487 -0.1204632027506831 0.2286241384894932 0
7488 -0.1365726703347654 0.1806017725256213 0
7489 -0.1285385301288297 0.6709663282585879 0
7490 0.1267196801202343 0.4221893403193762 0
7491 -0.1192821210355055 0.4316947489614369 0
7492 -0.1193704970969255 0.4289042786564377 0
7493 -0.121006803542296 0.4134780637334142 0
7494 0.1287667066775454 0.4783718383072046 0
7495 -0.1231664409195115 0.6542303489378515 0
7496 0.1211439768011939 0.3868788366261083 0
7497 -0.1291972143269706 0.2773759107001307 0
7498 -0.1279941568149622 0.3291663422663535 0
7499 -0.1302159048386741 0.2340075044075065 0
7500 0.113420918252873 0.2338012584620177 0
7501 0.1207911371842496 0.5915378245023288 0
7502 0.1275383829750162 0.6507494540396708 0
7503 0.1204266537805469 0.6978508850794156 0
7504 0.1268936363684833 0.2231961475300311 0
7505 0.1362364232278001 0.8131594094297722 0
7506 -0.1287252322012432 0.4286571762677631 0
7507 0.1218521913256244 0.8144707856363814 0
7508 0.1275574495803966 0.4545120598582053 0
7509 -0.13665684196081 0.6286012388266861 0
7510 -0.1230756951203148 0.1529080444366696 0
7511 -0.1282107673876284 0.1667405993658531 0
7512 -0.1194449354831502 0.2722427262082462 0
7513 0.1275654080176933 0.3563934727749477 0
7514 -0.1209060868289923 0.575948930842249 0
7515 0.121953862269704 0.3265096166543366 0
7516 -0.1225319154625761 0.4609991518596076 0
7517 -0.1223803800663129 0.626327363325287 0
7518 -0.121613596615798 0.3504606855834391 0
7519 0.1217371663210372 0.6210224452632884 0
7520 -0.122324938614011 0.3756216392193655 0
7521 -0.1215209248181712 0.4274498664662563 0
7522 0.121876675038858 0.3729510412113853 0
7523 0.1290990824402489 0.2765709972609068 0
7524 -0.1227385234146998 0.3069802297335004 0
7525 -0.1230265059258281 0.7313534064200113 0
7526 0.1205724315840671 0.6434181147575551 0
7527 0.1305639180487637 0.7364059303415345 0
7528 0.120878678587851 0.2943403005000533 0
7529 -0.1212667054591903 0.669576109670788 0
7530 0.1200845138237888 0.5074084364406609 0
7531 -0.1215623862155729 0.7635760767534979 0
7532 -0.1214658621239182 0.7608037047932257 0
7533 0.1134236097791162 0.3234002536862116 0
7534 0.1207913619952963 0.3952988072625496 0
7535 0.1206056594583992 0.3519401079097134 0
7536 0.1292140260070206 0.5190729464600307 0
7537 -0.121568308724839 0.3477137737579491 0
7538 0.1199306201358579 0.3657947239348061 0
7539 0.1272494283716804 0.803524541581517 0
7540 0.120089010924453 0.6055278687358048 0
7541 -0.1282857970771112 0.3347974349481885 0
7542 0.1193041436934212 0.6713744753667351 0
7543 0.1198797366355845 0.2677603659935209 0
7544 0.1276800445126928 0.4517262703299727 0
7545 -0.130959355209995 0.6695007571833058 0
7546 0.1134183834479927 0.6902384156910144 0
7547 0.1158695619518928 0.6890440330099464 0
7548 0.130387335991987 0.1449153797458129 0
7549 0.1276765250614915 0.6479525394075032 0
7550 0.126989507530655 0.6128773385393921 0
7551 -0.1294475014135875 0.2885289566890764 0
7552 0.1273095507419615 0.1657444956949717 0
7553 -0.1216633467821906 0.4358627141700616 0
7554 -0.1366770962443173 0.5026049069145762 0
7555 -0.1132456856237611 0.5221219105450792 0
7556 0.1271238270038696 0.6591412823489686 0
7557 0.1281405907941373 0.1489657623406606 0
7558 0.1290776737366577 0.5709273530972855 0
7559 -0.1228293670180338 0.6402419149947122 0
7560 0.1204880467387888 0.5971366210199878 0
7561 -0.130143662740887 0.3991810349143641 0
7562 -0.1222547229930009 0.2075518337032272 0
7563 -0.122780194551567 0.7229570184428959 0
7564 -0.1231307260526277 0.4862404712969642 0
7565 -0.1298795353764503 0.385204816329778 0
7566 0.1216276522594135 0.4765852686488738 0
7567 0.128608377382522 0.8246747982783754 0
7568 -0.1222394616782458 0.3728230041083873 0
7569 0.1340563712671708 0.6217342437800684 0
7570 -0.1221596720341962 0.4526535366780481 0
7571 0.1288081369508699 0.4291969947813359 0
7572 -0.1179762166002583 0.3898019861598677 0
7573 -0.1294753068658807 0.3741909226639349 0
7574 0.1268661630717736 0.468494732948028 0
7575 0.1321158786179709 0.4603459160166339 0
7576 0.1271278810282819 0.6100806713655331 0
7577 -0.1216745693375059 0.6011627654555973 0
7578 -0.1295883298878013 0.7899722108398796 0
7579 0.1273548374270839 0.6997742500741866 0
7580 0.1298956162116846 0.7013687091035289 0
7581 -0.1207002738491544 0.57054517168635 0
7582 0.1159994387369622 0.3922412131521916 0
7583 0.128795798776022 0.5274625853739039 0
7584 0.1205384812369818 0.496251695760848 0
7585 -0.1315100083164708 0.5238164376246479 0
7586 0.1295041253665462 0.2191071381959923 0
7587 0.1193114888529066 0.3743422446397933 0
7588 0.1208859695237499 0.7849823590822844 0
7589 -0.11974803602169 0.4456738593905547 0
7590 0.1177798755015613 0.5058566610938163 0
7591 -0.1225651296955598 0.6319356806913385 0
7592 -0.1211033372046269 0.4162563001611528 0
7593 0.1367089826819295 0.7490941639171442 0
7594 -0.129942700029566 0.3908053652726906 0
7595 -0.1201123995872326 0.7901613468048965 0
7596 0.1341038851197254 0.4702524086426061 0
7597 0.1298738233030456 0.6522649023987636 0
7598 0.1287055112925379 0.6774872631192317 0
7599 0.1268476186508826 0.6647335569324631 0
7600 -0.1158983945861759 0.6526106820736792 0
7601 -0.1207265631393333 0.6527286172819353 0
7602 0.1365772203761931 0.4101992546909236 0
7603 0.1313970112088124 0.7196270732060435 0
7604 0.1287537176076256 0.7727373715784652 0
7605 -0.1292728165981434 0.6961556282005976 0
7606 0.1182993105938649 0.7860911361966735 0
7607 0.1271070842340195 0.708200628882532 0
7608 -0.1328954479196237 0.6595887471888652 0
7609 0.1285252485420515 0.4839958088116556 0
7610 0.1290023927938122 0.6197902172261478 0
7611 0.1277654676426138 0.4462753918087902 0
7612 -0.134242824510445 0.2127860920124837 0
7613 0.1366553404787867 0.6368907804902225 0
7614 -0.1134213989266958 0.4717998440097643 0
7615 -0.1290429892247397 0.6877675708194873 0
7616 0.129491892259184 0.464425826513754 0
7617 0.1341572108685316 0.4059545430382565 0
7618 0.1213180568617288 0.5803560335630416 0
7619 0.1275502318172142 0.5526317275596344 0
7620 -0.1196961376931461 0.7818715455291209 0
7621 0.1209185288851956 0.6868615117625623 0
7622 0.1214613905292824 0.7249086081264553 0
7623 0.1274082065526888 0.5554283249430407 0
7624 0.1282398488071075 0.5386487533981592 0
7625 -0.1217409519399944 0.6039466490718267 0
7626 0.1365751288694019 0.6341999999994656 0
7627 -0.1232714149674073 0.6570914281216658 0
7628 -0.1209765799478029 0.7440129432106555 0
7629 -0.121082083321529 0.7467673251730875 0
7630 0.1269952460273066 0.5638180792641037 0
7631 -0.1228824350949562 0.5604853288956355 0
7632 0.1215846610159384 0.7710042154101228 0
7633 -0.1279907626251829 0.7366244595473732 0
7634 0.1269785759299154 0.7109976965192646 0
7635 -0.130133175549974 0.809625108742229 0
7636 -0.1230701635148627 0.4833876195172134 0
7637 0.1275547019313179 0.503571764453107 0
7638 0.1365776925259753 0.4381968603265489 0
7639 0.1183029100837194 0.3965233353487332 0
7640 0.1299401081475793 0.4504604040601744 0
7641 -0.132947735132667 0.8276361195628886 0
7642 0.1320287361636663 0.4437697330569921 0
7643 0.1214539321268313 0.6266202343536019 0
7644 0.1204053573770114 0.7471471057266227 0
7645 -0.1230994829269098 0.8167812736827252 0
7646 0.121024264582825 0.7821881182955647 0
7647 0.1271338309220132 0.561021529395456 0
7648 0.1205105085459368 0.5480861214727994 0
7649 0.1282203163460577 0.1462589360148004 0
7650 -0.1134398261794982 0.5081902584437594 0
7651 -0.1286947095704429 0.7591995170780025 0
7652 -0.1158536410124593 0.6496452383856536 0
7653 -0.1135444834996756 0.5053432193535304 0
7654 0.1365871352168905 0.1413585337577444 0
7655 0.1217224820386465 0.7191474245148926 0
7656 0.1218725968692338 0.7163342671105806 0
7657 -0.1286085178737511 0.7564086682900358 0
7658 -0.121442740086999 0.6753483346817905 0
7659 -0.1219778515451951 0.6123330378895313 0
7660 0.1280984782458209 0.4923741143952945 0
7661 -0.122270803851496 0.5381124600764686 0
7662 -0.1219613892165659 0.7776054666688514 0
7663 0.1286567694796296 0.5302591410720329 0
7664 0.1279446952158075 0.7404813298059791 0
7665 0.1172530020397499 0.7623791428891372 0
7666 -0.1319463217606845 0.7884567897004048 0
7667 -0.1216357049901017 0.1851866817732277 0
7668 -0.1230395654417088 0.8139152286671694 0
7669 0.1297474749011815 0.5569471073139889 0
7670 -0.1301722095936924 0.7297582130455369 0
7671 0.1321603663963859 0.6537823851758968 0
7672 0.136578119802071 0.440996337047825 0
7673 0.129615243289344 0.5597445164889145 0
7674 -0.1289633170837367 0.519689166884147 0
7675 0.1341347299720136 0.5683242951710459 0
7676 0.129328195379261 0.6634492716164473 0
7677 0.1283642484553995 0.7320921894360526 0
7678 0.1267004542652939 0.7656509705356843 0
7679 0.1303944882205738 0.5428864317739993 0
7680 0.1134159622007656 0.3990274993809192 0
7681 0.1298231044172716 0.7066355980862389 0
7682 -0.1228345090818347 0.1445086087393359 0
7683 0.1296210343262612 0.6088031773982127 0
7684 0.1134235493618559 0.1386029513513947 0
7685 0.1191015515805606 0.6251022719363036 0
7686 -0.1290717554698855 0.5224948749063755 0
7687 0.1337775241943616 0.7701723868324915 0
7688 -0.1203327505700369 0.5563573182099356 0
7689 -0.1258946735474852 0.8293114260850764 0
7690 0.1271153731299299 0.7572611171952204 0
7691 -0.1285647187408588 0.5883335275960756 0
7692 -0.1216271619451883 0.683780264318508 0
7693 -0.122346701472902 0.7887760392504388 0
7694 0.1290485558057552 0.8162292901909688 0
7695 0.1309959081454418 0.5317771979673309 0
7696 -0.1321518444372348 0.6315743214276844 0
7697 0.1342394670264667 0.4423683060486978 0
7698 0.1181604579957796 0.5954832090272308 0
7699 0.1329694250747335 0.7351238818504182 0
7700 0.1214630634635177 0.5285007022719603 0
7701 0.1306859149946079 0.7336089239888717 0
7702 0.1185380132888058 0.7344084585158824 0
7703 0.1161761680276606 0.7329873831842699 0
7704 0.1320300942716947 0.5584718097369278 0
7705 0.1268391037811327 0.76285440544405 0
7706 -0.1286865169463265 0.5911501958733737 0
7707 -0.1218735966963249 0.692176683219151 0
7708 0.1332134895150475 0.5332928526632872 0
7709 0.1276665307617729 0.795134978000745 0
7710 -0.1185054443393871 0.8253191290213873 0
7711 -0.1221270338694531 0.7005665431139491 0
7712 -0.1223727494089916 0.7089629485277752 0
7713 0.1293220343401706 0.7615726819178094 0
7714 -0.1259765773222993 0.8321102279307874 0
7715 0.1134230626182138 0.1302000000003201 0
7716 0.1280824793092635 0.7867452827258357 0
7717 0.1284897664146164 0.7783736956023235 0
7718 0.1218099220200875 0.1331977713667347 0
7719 -0.122590221866445 0.1361125739593214 0
7720 0.1221491585982851 0.1275844185451016 0
7721 -0.1293273174114425 0.1177029153741203 0
7722 -0.12234744707402 0.1277150915833856 0
7723 0.1271770665634648 0.1194835848331567 0
7724 -0.1221029173879831 0.1193184126499898 0
7725 -0.1365755728565619 0.1021979918520078 0
7726 -0.121702005599787 0.1053225951617318 0
7727 0.1134229691784945 0.1022002426555046 0
7728 0.1278637395031152 0.1054976429495929 0
7729 -0.1218660379962432 0.1109154541262675 0
7730 -0.1215385637655529 0.09972497874520306 0
7731 0.1275872369857366 0.1110908915227984 0
7732 0.1281407130836673 0.09990513769885287 0
7733 -0.1212756548565121 0.0858088616964143 0
7734 -0.1211935972977367 0.09121468160867968 0
7735 -0.1365751288189628 0.0770000000814445 0
7736 0.1286553581176057 0.09146672982555638 0
7737 0.1217805938680606 0.08136790476885947 0
7738 0.1193407834638034 0.08260429905213705 0
7739 -0.1278866321227965 0.07299357208303678 0
7740 0.1292897802798878 0.07773213717218252 0
7741 0.1220581230935274 0.07577478675979872 0
7742 -0.1206563896422507 0.06878544981920522 0
7743 0.1195953379374603 0.07706090759748607 0
7744 -0.1278544888192985 0.06732802746294636 0
7745 0.127317894938987 0.06762593731974177 0
7746 0.1194680257108145 0.07984801399148647 0
7747 0.1200419017513153 0.06879523249677126 0
7748 -0.1303090941519608 0.06864530307144812 0
7749 -0.1227601207144007 0.0590745981258074 0
7750 0.1170722878530289 0.0811169967729365 0
7751 -0.1303978411851593 0.0715382918121379 0
7752 -0.130011798124083 0.06038470089908785 0
7753 -0.1366021676964544 0.05179999666877835 0
7754 0.1277335732829799 0.05923554371944133 0
7755 -0.129640172998347 0.05234051491776609 0
7756 -0.1225195199358428 0.05067986502751143 0
7757 0.1134301862181829 0.04060206679238079 0
7758 0.1281569615722107 0.05085725167467096 0
7759 -0.1134465516178271 0.2477227571070089 0
7760 0.1134313004391072 0.04340609649334067 0
7761 0.1284416961227408 0.042463647017534 0
7762 -0.1222743705126067 0.04228266599739801 0
7763 0.1215799149927174 0.0379030311383193 0
7764 0.120707415207524 0.00559142270033294 0
7765 0.128996661081544 0.03408499123411288 0
7766 0.1219090823065994 0.03231094341502346 0
7767 0.1215159573198752 -0.01105212171974132 0
7768 -0.1220244810370831 0.03388452378469016 0
7769 -0.1134478763194734 0.4129315967493904 0
7770 0.1289229129313303 0.03698499030196858 0
7771 -0.1205851057866158 -0.0163956469094856 0
7772 -0.1365752355861578 0.009799878240702393 0
7773 -0.09418376066006846 -0.08791688614820461 0
7774 -0.09408546774213072 -0.09069944613468794 0
7775 -0.1217792517286828 0.02548869248902503 0
7776 0.1270481826626578 0.02416447097224324 0
7777 0.1315006543553007 0.572419181054574 0
7778 0.1365808613635941 0.006996643115775504 0
7779 0.0157917141544367 -0.1270501830276757 0
7780 0.1119470453928156 -0.06305738182069123 0
7781 0.114290086626712 -0.06155821356346122 0
7782 0.1293247956313334 0.6949919418593845 0
7783 0.1163749245367153 -0.05449060594518656 0
7784 0.1165056167514371 -0.0572724976395021 0
7785 0.1188523315597557 -0.05577301914921943 0
7786 0.1188492824810097 -0.05856366387531682 0
7787 0.1214616320395303 -0.05738103426795722 0
7788 -0.1119365368094803 -0.06204465777457872 0
7789 -0.111846618812641 -0.06482896125345351 0
7790 -0.1143037720803992 -0.06351636802801898 0
7791 -0.1141809658652173 -0.06623535717340071 0
7792 -0.1166323645793285 -0.06490948639599817 0
7793 -0.1215786330726488 0.01706967862947633 0
7794 0.02275912066968142 -0.1198084510391897 0
7795 -0.1222736779129719 -0.04008491594828692 0
7796 -0.1247286139040776 -0.03876627897662248 0
7797 -0.1246446641223758 -0.0415514412210351 0
7798 -0.127052754511488 -0.04027329206118127 0
7799 -0.1270171531816271 -0.04302342500838259 0
7800 -0.02768521160693738 -0.1259330848906309 0
7801 -0.0300455169923275 -0.1274150819875194 0
7802 -0.02758289893759537 -0.1287193246735311 0
7803 -0.02997346534654646 -0.1304936822231519 0
7804 -0.02701689003504806 -0.131565062636064 0
7805 -0.1098421607286635 -0.05222862661158796 0
7806 0.1106997273894913 -0.03530056148173429 0
7807 0.1135058735821884 -0.04486804652714244 0
7808 -0.003694970404007941 -0.1222419301305857 0
7809 0.06574390549920604 -0.1096511581194897 0
7810 0.06821266169398475 -0.1109412310871078 0
7811 0.07056505261258543 -0.109446511142769 0
7812 0.07068485422311752 -0.1122331058223169 0
7813 0.06585991906720276 -0.1124356270388822 0
7814 0.07297480481733556 -0.1106342676381488 0
7815 0.07290846610870694 -0.1079318897665941 0
7816 0.07531704729324237 -0.1091166612958666 0
7817 0.07526004272114689 -0.1064267741506016 0
7818 0.07757144023919725 -0.1077228534051132 0
7819 0.07743349385218988 -0.1049521729130044 0
7820 0.07511835410355813 -0.1036620035068063 0
7821 0.07739778661815234 -0.1021721033953102 0
7822 0.07988712802983976 -0.1036794117165431 0
7823 0.07339693065038466 -0.1132921906319185 0
7824 0.07730787622042809 -0.1104508957300336 0
7825 0.07981542094528733 -0.1088906088464156 0
7826 0.08130817327454107 -0.1062387646432482 0
7827 0.0828009598552169 -0.1039959994376225 0
7828 0.08194380072915099 -0.1014123934333255 0
7829 0.08452440860281143 -0.1017872411665204 0
7830 0.08365863506774239 -0.09922511622771152 0
7831 0.08648348459529798 -0.09919880991593716 0
7832 0.0705905508124083 -0.1150985420318187 0
7833 0.07280198182031714 -0.1051592586481082 0
7834 0.07267118770104722 -0.1023827842982143 0
7835 0.1274568350197834 0.01577399759229214 0
7836 0.1029309969728208 -0.07740336709333169 0
7837 0.1365769043541742 0.3289999999991255 0
7838 -0.109391525860814 -0.06614015133182083 0
7839 0.02060979650878439 -0.1268586521478889 0
7840 -0.008305195551144251 -0.1279926878722546 0
7841 -0.1017430778387281 -0.07841527523960326 0
7842 0.1206701566173388 -0.0431397031159779 0
7843 0.1365771756572453 0.5249999999991516 0
7844 -0.1171103265075807 -0.05106686703354169 0
7845 0.1227464263353972 -0.03607203068678373 0
7846 0.1097201813177306 -0.06733950049526793 0
7847 -0.1197352288515043 -0.04418397273024245 0
7848 -0.01558609929942234 -0.1268746738797515 0
7849 -0.02286687425077236 -0.1257537917215143 0
7850 0.1248192444894426 -0.02900367646445967 0
7851 0.0682305538642405 -0.1136390131921335 0
7852 0.06589657479223707 -0.1151023359795822 0
7853 0.003799929701902735 -0.1289223025341419 0
7854 -0.0792366598652223 -0.1013275929346956 0
7855 -0.08159874721262482 -0.1028066634638464 0
7856 -0.08403345762462036 -0.1014513097965427 0
7857 -0.08440124284607899 -0.1044157976265651 0
7858 -0.08162773754788126 -0.105527698819611 0
7859 -0.08386615891424652 -0.1070775386000482 0
7860 0.1269271247029216 -0.02185897312994825 0
7861 -0.1224430901549255 -0.03452076177270376 0
7862 -0.1144748164283441 -0.05794803040770422 0
7863 0.03495302086470768 -0.1234850019182919 0
7864 -0.08671007760579126 -0.09462269874995943 0
7865 -0.0866144721118878 -0.09740947665010644 0
7866 -0.03260514757273896 -0.1233273986861161 0
7867 0.04212610781078674 -0.1217908872878274 0
7868 0.02778202532306905 -0.1251735640126032 0
7869 -0.001019925944054912 -0.1291072471885556 0
7870 -0.03999268205628856 -0.1221988343881498 0
7871 -0.1250595665447037 -0.02763694546970763 0
7872 0.09835298907908502 -0.08317425528735478 0
7873 -0.1042963023270652 -0.07433064657233848 0
7874 -0.1066619474922277 -0.07580425613956704 0
7875 -0.109023140502478 -0.07448943547446193 0
7876 -0.1089177611408905 -0.07727575558936262 0
7877 0.105153421047828 -0.07312380360642658 0
7878 0.01097333693864706 -0.1272446189166713 0
7879 0.1185828875518043 -0.05020347598747278 0
7880 -0.09673596035386844 -0.08382397636267015 0
7881 -0.124376180996245 -0.04693537839918619 0
7882 -0.02266348204572394 -0.1313262094990447 0
7883 0.1286822567438175 -0.009301522058784342 0
7884 0.1265994907638121 -0.01633262853721042 0
7885 -0.1252244328871508 -0.02207362042755693 0
7886 -0.04474582252220744 -0.1194318379687414 0
7887 -0.05692940890055337 -0.1158787039046059 0
7888 -0.1278437426328531 -0.01518948784190325 0
7889 -0.04971888418811726 -0.1169840208824632 0
7890 -0.06437588209076078 -0.111944941629276 0
7891 -0.06673655756647179 -0.1134229527893002 0
7892 -0.06423046793346486 -0.1148118568530794 0
7893 -0.06920048941700824 -0.112116941560061 0
7894 -0.06914115666753601 -0.1148965916242482 0
7895 -0.07165954679063277 -0.113488456764267 0
7896 -0.07166148356647106 -0.1107728088135677 0
7897 -0.1283285417141044 0.004301005550894053 0
7898 0.0633941127584635 -0.1111414159407981 0
7899 0.05634846109264885 -0.115617013313868 0
7900 0.05646740758335 -0.1184005599519751 0
7901 0.05881782399559336 -0.1169065695911003 0
7902 0.05409962521026469 -0.1198699443436386 0
7903 0.0566485616828061 -0.1211984786398946 0
7904 0.05886057881202725 -0.1195521293495238 0
7905 0.0612001770622841 -0.1180501839788969 0
7906 0.05967124607249567 -0.1223643628528112 0
7907 0.1318599932317899 -0.02453033297446993 0
7908 0.1317821643921866 -0.02170571048418903 0
7909 0.1345848768874571 -0.02010807122537429 0
7910 0.1315806323736024 -0.01879248299819359 0
7911 0.1292419659492065 -0.02034847431722157 0
7912 -0.1280057201476199 -0.00962440663744585 0
7913 -0.1303788417380303 -0.01108489461120643 0
7914 -0.1304598096881077 -0.008299516405040508 0
7915 -0.1331918159967834 -0.009775970082375249 0
7916 -0.1327604805595737 -0.006902986398146786 0
7917 -0.1327544034640502 -0.01255117809930604 0
7918 -0.0692964709498948 -0.1093292246563227 0
7919 0.08219416635196464 -0.09674184616591003 0
7920 -0.07667634785648464 -0.1054166608933435 0
7921 -0.07653589944170959 -0.1081335197668822 0
7922 0.1141696470812685 -0.05876994717309795 0
7923 0.1336650940232312 -0.01171217406207452 0
7924 0.1283907222574334 -0.00389394398535039 0
7925 0.1308515723248949 -0.00508478609576922 0
7926 0.05163953498260643 -0.1185853507971177 0
7927 -0.129257056572404 0.1149066075650799 0
7928 -0.1315643027360058 0.1106192910629794 0
7929 0.08674566339258227 -0.09342988374319341 0
7930 0.08920602016875209 -0.09472837795319262 0
7931 0.09155684922697412 -0.09323308678749723 0
7932 0.09147431029331016 -0.09603708885860136 0
7933 0.08932413437198942 -0.09751631546216549 0
7934 0.09427089421884838 -0.09492961296340442 0
7935 -0.1326102397556279 -0.01821625166231642 0
7936 0.04694482805182361 -0.1215896258614066 0
7937 0.04941485267840202 -0.1228833078362086 0
7938 0.1279650980352458 0.001784335615175736 0
7939 -0.05696131777666825 -0.1214170931058456 0
7940 -0.08415167731311342 -0.09870703471554605 0
7941 0.09143176875656146 -0.0904460720541084 0
7942 0.09613129122972948 -0.08745938533033111 0
7943 0.09622402912167444 -0.09019467551583484 0
7944 0.09856783384923375 -0.08869101932414332 0
7945 -0.09162420124144179 -0.09200269961042445 0
7946 -0.09153209670262377 -0.09479342004167235 0
7947 0.0704404174251147 -0.1066639545077419 0
7948 0.07019878397473685 -0.1011054156418848 0
7949 -0.1091941083695918 -0.07170683922823406 0
7950 -0.1116653084711317 -0.07039612439288866 0
7951 -0.1274843837280591 -0.02631652156520769 0
7952 -0.1281294136788229 -0.001278005589734084 0
7953 -0.1302070328201557 -0.002650964005480878 0
7954 -0.07915851990718152 -0.1041007060581439 0
7955 0.1205726221842997 0.2046188577516555 0
7956 0.1367947740479083 0.1080689621000775 0
7957 -0.08907311161054744 -0.09610101966908459 0
7958 -0.08890078250485096 -0.09874210905294617 0
7959 -0.1365981085210954 0.2589797918311982 0
7960 0.05869594401567877 -0.1141244102119166 0
7961 -0.06185245450141691 -0.1133663985571441 0
7962 0.1183292646210822 0.004102250945408009 0
7963 0.1134204960117912 0.2814000000007781 0
7964 -0.1280869610203881 -0.006841897513774051 0
7965 -0.1134478221595672 0.6622598790999237 0
7966 0.01825586906439487 -0.1283448220052683 0
7967 -0.1042000923264568 -0.07710367864506874 0
7968 0.08685796270389828 -0.09622432690565845 0
7969 0.1120568546488212 -0.06580752577849391 0
7970 -0.07175688179668824 -0.1080237259816384 0
7971 -0.1221889711772752 -0.04286716329990278 0
7972 0.1251940992471137 -0.03734900451116567 0
7973 -0.1143859141108805 -0.0607323332895817 0
7974 -0.01547130501472392 -0.1296421574306373 0
7975 0.06349735182712976 -0.1139036570578559 0
7976 -0.04961644787826227 -0.1197719658330011 0
7977 -0.02522479988194557 -0.1272352513444925 0
7978 0.1231348489087596 -0.04441722272675878 0
7979 0.1166145006887674 -0.06005835009687614 0
7980 0.1189612070772082 -0.06129456744538213 0
7981 0.1187181318507747 -0.0529888852818057 0
7982 -0.1194666525551177 -0.05253503189867818 0
7983 -0.008209556806658479 -0.1307616909448569 0
7984 -0.1117526407556839 -0.06760190637436667 0
7985 0.02788180647134086 -0.1279476975262881 0
7986 0.03506759383158989 -0.1262678898611391 0
7987 0.04465513873359118 -0.1231293802210102 0
7988 0.01343382046268923 -0.1285302858059879 0
7989 0.1272873136637956 -0.03026285588167244 0
7990 0.1052764753196104 -0.0759076575165003 0
7991 -0.09663090432555761 -0.08660762628171409 0
7992 0.1310187370388999 -0.007805314259239528 0
7993 0.1333691062003991 -0.006283115777746089 0
7994 -0.1302978831294829 -0.01386955800622672 0
7995 0.09846672784391043 -0.08594515978679991 0
7996 0.001445495239003554 -0.130409906426027 0
7997 -0.1248086036508722 -0.03598593729484885 0
7998 0.1132366722797827 0.7543798699290419 0
7999 -0.03250147165544042 -0.1260965613900084 0
8000 0.09393854194652601 -0.09179572790202606 0
8001 0.05174592436947956 -0.1213577499666342 0
8002 0.05196355362056847 -0.1240607136897151 0
8003 0.04958681922995641 -0.1255840718664668 0
8004 -0.1153946103421905 0.3802560103701327 0
8005 -0.08647520315543689 -0.1001125346973408 0
8006 -0.08880801041071927 -0.1015334845993399 0
8007 0.1143920642465792 -0.06428512562226713 0
8008 0.1167615445412949 -0.06283978194794926 0
8009 0.1190535670262713 -0.06399241603322078 0
8010 -0.0666325431174063 -0.1162062192377666 0
8011 -0.064237322491294 -0.1175762011143844 0
8012 -0.06456202792042558 -0.1204115633300978 0
8013 -0.06188745792265363 -0.1190574981350219 0
8014 -0.06178114545632233 -0.1161292115175113 0
8015 0.1134509634782132 0.01820601761791728 0
8016 -0.07906876683905142 -0.1067198776669379 0
8017 0.1344879011534976 0.0667393749853739 0
8018 -0.008281152638624951 -0.133855831364186 0
8019 0.1212064462578347 -0.05432074105459528 0
8020 0.1237656240018928 -0.05563297281177119 0
8021 -0.121577500874065 -0.05403195274935031 0
8022 -0.1167403966606007 -0.06218887902515173 0
8023 -0.1190030147994356 -0.06361527861206676 0
8024 0.1160362870864518 0.5884631344720723 0
8025 -0.1245014861148203 -0.04422774670455189 0
8026 -0.01527503095619977 -0.1323955709760507 0
8027 -0.02499698965969374 -0.1299388379751489 0
8028 -0.09650937384487125 -0.08939165372841329 0
8029 -0.09657078076240778 -0.09264960999251451 0
8030 -0.09399324813549126 -0.0934882345603147 0
8031 -0.09376367240747949 -0.09629494142394329 0
8032 -0.09143652049805374 -0.09757859143091209 0
8033 -0.133215772298637 -0.01557030894659596 0
8034 -0.1353000402181685 -0.01377032843052486 0
8035 0.130168219654683 -0.03165754417243672 0
8036 -0.1303411252591553 -0.005489531172686268 0
8037 0.136733257105116 0.01265543578723847 0
8038 -0.1118161802670794 -0.07358433311225776 0
8039 -0.1137653479179801 -0.07182518195763643 0
8040 -0.1145435028499279 -0.06921868927644162 0
8041 -0.106572073426579 -0.07858598950232959 0
8042 -0.1087347317035451 -0.08003949442787466 0
8043 -0.1114004188839342 -0.0787573581370294 0
8044 -0.1210602603129139 0.08317521804820777 0
8045 0.1053630967809946 -0.07870190888459105 0
8046 -0.1342201756979386 0.0001022520776243121 0
8047 0.1365357731938534 0.6902296685216205 0
8048 -0.1134414616676052 0.3290529239636313 0
8049 -0.1275813639461368 -0.02353681019793452 0
8050 0.04706322185014621 -0.1243684245356127 0
8051 0.001594831288690138 -0.1331354872810346 0
8052 0.001502019490684299 -0.136175964271996 0
8053 -0.1270335731513915 -0.03745328593075301 0
8054 -0.1296391697055278 -0.03613713441030323 0
8055 -0.03241621944420507 -0.1287592010268198 0
8056 -0.07409617551874823 -0.109456254086464 0
8057 -0.07643953078824524 -0.1107678400706146 0
8058 -0.1365842749599803 0.00142187350503483 0
8059 -0.134353187740244 -0.002602332038909446 0
8060 -0.1317231837717823 0.281438797537091 0
8061 -0.1365777617135024 0.2562129943198331 0
8062 0.07254676948598569 -0.09961225783786606 0
8063 0.0611475068824885 -0.1153863260231093 0
8064 0.01589568992749907 -0.1298294430494042 0
8065 0.1365808709621102 0.5670022117324093 0
8066 0.1256164803875783 -0.04569141001671791 0
8067 0.1277889275075577 -0.04399837855372435 0
8068 0.1274177596440073 -0.03865612217827587 0
8069 -0.1157042112760884 0.6301648642011455 0
8070 0.0280088488938029 -0.1307322764974521 0
8071 0.1335040329262569 -0.00906895914835306 0
8072 0.03518729179371444 -0.1292908054960469 0
8073 0.1339832935234918 0.1787923519745936 0
8074 0.04788570641918494 -0.1027744970514385 0
8075 0.07499639857008353 -0.1008919187056008 0
8076 0.1290815240233646 0.1292961956512845 0
8077 0.06303662431337212 -0.1028106243761253 0
8078 -0.1152068037749762 0.04128362270398463 0
8079 0.01583443717631007 -0.1325951893813401 0
8080 0.1313781185578682 0.5752051822406523 0
8081 0.1340269129931028 0.3749383848482087 0
8082 -0.1132833230727211 0.3011900974531133 0
8083 -0.1209813595412451 0.5788130083964853 0
8084 -0.1365965239466349 0.600657490165726 0
8085 -0.1189440824965759 -0.06669777353322426 0
8086 0.1183466719918562 0.1999264885035405 0
8087 -0.1297841077050253 -0.02499354205574702 0
8088 0.1363358625203936 0.3849319904784733 0
8089 0.09647367448409153 -0.09298129347540335 0
8090 -0.1154858127517461 0.7163489263744689 0
8091 0.1330663716120913 0.817340431707427 0
8092 0.07725267282974438 -0.09939987735656676 0
8093 -0.1075881150023511 -0.04251455456761802 0
8094 -0.1315968786818594 0.443899965289152 0
8095 0.1008330381078765 -0.0870269316033891 0
8096 0.101186954696272 -0.08993291015798933 0
8097 -0.1205407143406117 0.7981893501213456 0
8098 0.1255818294759978 -0.04834601273738576 0
8099 0.06291901539153077 -0.1000384276059205 0
8100 0.06059327894453914 -0.1043083183809758 0
8101 -0.1134028171734534 0.8273999999999591 0
8102 0.06352390071452627 -0.1165372512535976 0
8103 0.06606789905266984 -0.1178643845340396 0
8104 0.1159046556999054 0.3950099085164093 0
8105 -0.1316394683060446 0.3540568177531538 0
8106 -0.1290844218881105 0.09808459636586614 0
8107 0.1365856826146422 0.698626131918702 0
8108 -0.1365940957522151 0.4494269792345898 0
8109 0.1366003519603762 0.5641908538680049 0
8110 0.1341382512222719 0.2938111268969689 0
8111 0.1365866621311188 0.3709342634497526 0
8112 -0.1160173965754035 0.4933889427985236 0
8113 -0.131663369262992 0.6119676812468444 0
8114 -0.1205534505915788 0.4705414040971406 0
8115 -0.1316449025879803 0.1888452149698754 0
8116 -0.113390165466179 0.1609999999996825 0
8117 0.1187780191262217 0.6797030833818987 0
8118 0.1343918255015789 0.2657000386929068 0
8119 -0.1291007972887163 0.1093353697797357 0
8120 -0.03922128596467356 -0.1306603741973204 0
8121 -0.1200083236580947 0.5396920933260995 0
8122 0.08838968190694667 -0.07529967150963086 0
8123 0.136450200526383 -0.001402453623051638 0
8124 -0.1027339002031487 -0.04804931335478902 0
8125 -0.1134244094001709 0.7405189194654096 0
8126 -0.1186543620544755 0.6766539937319469 0
8127 -0.134193207992158 0.2604000281230534 0
8128 -0.1134134568761496 0.410129261145161 0
8129 -0.1134146781182648 0.2449227020102247 0
8130 -0.1292157565955324 0.7760491081656362 0
8131 -0.131604769933204 0.02357427036485169 0
8132 -0.1317671634262893 0.1190262974066833 0
8133 0.1363567626038935 0.681850232166248 0
8134 0.1317881504032146 0.6621654025196477 0
8135 -0.1366057570610615 -0.004064539237061941 0
8136 0.118250554135704 0.2982573332687974 0
8137 -0.1160991759367407 0.6587249639714946 0
8138 -0.1341610776826162 0.1064185951312364 0
8139 0.1134748235942284 0.7347778927848894 0
8140 -0.1338928969714921 0.6877408040396306 0
8141 0.134204870713751 -0.002277035056231136 0
8142 -0.1365663267165377 0.7714866790733419 0
8143 0.1178490833064074 0.4568748015428558 0
8144 0.0003304103816621149 -0.1154734733843227 0
8145 -0.1290947466882217 0.6079682759989889 0
8146 -0.04968026111847954 -0.127268370682122 0
8147 0.1182242354587456 0.1050148610281497 0
8148 -0.1190025887290609 -0.06085679305157033 0
8149 -0.06946359732801896 -0.1176221056088619 0
8150 -0.115235368650735 0.2066053926167213 0
8151 -0.09946673624878585 -0.09353574910126246 0
8152 0.09367055847139882 -0.0995072197769023 0
8153 0.1310517355560084 -0.03933282822230219 0
8154 -0.1331854670975847 -0.03127357545783753 0
8155 0.03152443211418035 -0.1329650485166546 0
8156 -0.1031717299283041 -0.08956429583194622 0
8157 0.08960043153483704 -0.1031036585071095 0
8158 -0.1341953441794861 -0.02576875540581422 0
8159 0.03668794863515697 -0.1316060916893867 0
8160 -0.03403922053550062 -0.1323545996928792 0
8161 0.09757574153838125 -0.09563024421799338 0
8162 -0.1066887969356263 -0.08543008451183831 0
8163 0.08542716104037729 -0.1067995980642595 0
8164 0.136323517343052 -0.007001760658312877 0
8165 0.113668057321691 0.4770904368124343 0
8166 0.1365556604700998 0.03232867675174381 0
8167 -0.1309793621576678 0.7549427629802417 0
8168 0.1117052330115536 -0.07872034437320571 0
8169 0.1132152750706352 -0.07647529299937773 0
8170 0.1082473958842915 -0.08313188803817009 0
8171 -0.1263101660819547 -0.05226529676157202 0
8172 -0.1274010616595757 -0.04975109760298633 0
8173 0.1176966196700642 -0.06960562312403193 0
8174 -0.02597909011359853 -0.1341314870770943 0
8175 0.04451936341711288 -0.1291155405969132 0
8176 -0.1230252104711411 -0.0596567233793133 0
8177 -0.1296650606402557 -0.04158702181358453 0
8178 -0.09159053050815508 -0.1016914409045373 0
8179 -0.01527430864965606 -0.1353308031505102 0
8180 -0.1160321083132477 0.3253269594362057 0
8181 -0.1182596407097395 0.07970555169284604 0
8182 0.1134482199660031 0.5866964629865635 0
8183 -0.1292708848254229 0.2829721238871075 0
8184 0.1130478773873457 0.5694695447021627 0
8185 0.1133951385514402 0.7855247779966742 0
8186 0.1365789188169003 0.5725498682756346 0
8187 -0.1365873893997384 -0.006846298438170322 0
8188 -0.120155083880773 0.6306090647870353 0
8189 -0.1341417129041303 0.1092253217563233 0
8190 0.1209266633636444 0.3436077992351351 0
8191 0.1366227512169601 0.2729691641332981 0
8192 -0.1182382084423436 0.5753262052211248 0
8193 -0.1338984341424755 0.5224765738483566 0
8194 0.1284139489515205 0.2904376107531726 0
8195 0.115330568563999 0.8041424344392496 0
8196 0.05044438144077721 -0.1015164864544073 0
8197 0.1364170339074892 0.278478714159014 0
8198 0.1136307991195692 0.7799715517277457 0
8199 -0.126080017211872 0.8345644321272571 0
8200 -0.1365411986794378 0.5950756881922836 0
8201 0.120936976897956 0.2455053061233503 0
8202 0.1135433092917019 0.3907270887552964 0
8203 0.1183353456619131 0.04884147087920714 0
8204 0.1366336207342206 0.4661615568683651 0
8205 -0.1160470158621229 0.8238679287263529 0
8206 0.1338722158177493 0.7184445168278416 0
8207 0.1209619709949414 0.1474518001236337 0
8208 0.1160431070790592 0.539591629290566 0
8209 0.1238300714310777 -0.0526379566063598 0
8210 -0.129023664969685 0.3573384903069369 0
8211 0.1207938798693489 0.09812020557914104 0
8212 -0.1366377904304395 0.4522066949771691 0
8213 -0.1364415025288723 0.7630998436332113 0
8214 0.1342933086676397 0.7001150216330607 0
8215 -0.1132448659043189 0.1331640917285677 0
8216 -0.1341856154461149 0.4199387586556245 0
8217 0.1365644597410591 0.2283729388606413 0
8218 0.1364838606210423 0.3764667022201151 0
8219 -0.05945816026686235 -0.1201919839942296 0
8220 -0.1308750564878871 0.7520688235728161 0
8221 -0.1133822086918402 0.491460211217298 0
8222 0.1315206861527279 0.07945093269261852 0
8223 0.1317731547435902 0.7602640091214403 0
8224 0.00997154731254514 -0.1131970781214202 0
8225 0.1343722298770657 0.3637721969748416 0
8226 0.13660875958538 0.326295770547662 0
8227 0.137014294768647 0.5221819319108244 0
8228 0.1366061383824546 0.2953208311710254 0
8229 0.1365785317066484 0.4242602624994933 0
8230 -0.1133868111622846 0.1582698456924606 0
8231 -0.1131627677429259 0.7827644922814982 0
8232 -0.1290286769760791 0.1920744063234076 0
8233 0.08919712837071384 -0.1003318225905138 0
8234 0.1310886096997464 0.04386288581510521 0
8235 0.06515977885723483 -0.1204403382706285 0
8236 -0.1365974458335379 0.6174617964392606 0
8237 -0.115681496341195 0.5403743220443841 0
8238 0.09445272869082169 -0.0626889401082973 0
8239 0.1342802781496275 0.01125256583906096 0
8240 -0.1159849476953999 0.7386607346339736 0
8241 0.1314901949245715 0.3761933004426649 0
8242 -0.1343405263526777 0.4565446231084454 0
8243 -0.1318105496161074 0.1218000000003887 0
8244 -0.1342061685970558 0.781369520414531 0
8245 -0.1160787750431723 0.4080182765940731 0
8246 -0.1160436712910679 0.2428449259511113 0
8247 -0.1150943201359185 0.03296130506255558 0
8248 0.136561262025544 0.1748148799890149 0
8249 -0.1290349804946147 0.02681091124983221 0
8250 0.1340914347509459 0.5711004233986541 0
8251 0.1207362407263003 0.2018195107185184 0
8252 0.04193637998086187 -0.1300769299369233 0
8253 -0.115242388987625 0.3718481644830759 0
8254 0.1184607610407017 0.6881149389880885 0
8255 0.1338324124498284 0.6720019110510732 0
8256 -0.1160302010708966 0.655826332190246 0
8257 -0.1296338942172579 -0.0333501291581288 0
8258 -0.1341934733564896 0.7756977741482438 0
8259 0.1204051795337131 0.4528382075398636 0
8260 -0.07465929719094228 -0.09562746303315156 0
8261 -0.136669561517176 0.6902000000003331 0
8262 -0.1317993567841383 0.2870540109874986 0
8263 0.1342421342019576 0.5627439673969741 0
8264 -0.115947672506518 0.3224681831496121 0
8265 0.119158335559776 0.6741243449580218 0
8266 -0.1209688234905561 0.07733372548905802 0
8267 0.1366047373737308 0.368091633953765 0
8268 0.1162897224025553 0.6421545853847268 0
8269 -0.1295163831531583 0.1261524929327507 0
8270 0.1214443116317796 -0.06239490024921563 0
8271 0.1289302674148164 0.08303541015691564 0
8272 -0.1133737266118085 0.4969114150940148 0
8273 -0.1316401232574084 0.7773746878797829 0
8274 0.118197063300617 0.4947916748563439 0
8275 -0.1181951102529355 0.5725116552394326 0
8276 0.1309867376421016 0.2863849512979141 0
8277 0.120462412224755 0.1093757535182214 0
8278 -0.1366803248210155 0.5250000000008604 0
8279 0.1365888384385329 0.08802134262851333 0
8280 0.1345816245977553 0.1620270616258995 0
8281 -0.1153276831209155 0.7079406579252321 0
8282 -0.1342612191955169 0.4536568741143879 0
8283 -0.1134291531726244 0.8219470297570267 0
8284 0.1151804753307563 0.7061569285530769 0
8285 0.1340579081332176 0.618974667294196 0
8286 0.1344164400863188 0.8153271707145997 0
8287 -0.1290937465260536 0.3602037892849375 0
8288 -0.1291047111503355 0.5995975217520767 0
8289 0.1342218163397984 0.6608172894484015 0
8290 -0.1366618810074007 0.6034243039820274 0
8291 -0.0571337000366734 -0.1241218946546615 0
8292 0.1135293362341733 0.4859505838039294 0
8293 -0.1159936698977184 0.4877966457052431 0
8294 -0.1342088204944843 0.2745014336690557 0
8295 -0.1291399962180334 -0.04461395794118633 0
8296 -0.01852725877544177 -0.114564592647084 0
8297 0.1206692926398697 0.2999112198296949 0
8298 -0.1158272459096889 0.1543161898778144 0
8299 0.130975095314735 0.7770083402730417 0
8300 0.1129705549442123 0.08250283039550479 0
8301 -0.04270543792431611 -0.1126772292865299 0
8302 0.1205786301515446 0.1065064575799219 0
8303 -0.1342307994680547 0.6189220508802455 0
8304 -0.1286793705944189 0.1947719698204093 0
8305 0.1318629764334829 0.6015602417387119 0
8306 0.1133876139114191 0.7376554970161182 0
8307 -0.1150345687508706 0.1981185774589931 0
8308 -0.1294370716431283 0.1232496813192067 0
8309 -0.1132986971513776 0.7349999999997253 0
8310 0.1339750173304381 0.02870782930509489 0
8311 -0.1063917263839306 -0.08125009938537543 0
8312 -0.07186005557996346 -0.116248080220323 0
8313 -0.1132943915248998 0.2393999999994095 0
8314 -0.1159800138519679 0.4053598620272957 0
8315 0.1366103684483133 0.2700580811839018 0
8316 -0.1367065227991388 0.7854000000001273 0
8317 -0.1286912825735093 0.02951638532599916 0
8318 -0.1366586570226253 0.4352717857802352 0
8319 -0.1215664788205923 0.835120279577932 0
8320 0.1182353354663403 0.3456563025104786 0
8321 0.1367097472198603 0.4633999999990098 0
8322 -0.1318497767766112 0.2898384086709319 0
8323 -0.1366507428930593 0.692856107613004 0
8324 0.1365973455666391 0.1275054823560231 0
8325 0.1182684731532679 0.2476131644932069 0
8326 0.1209047919170586 0.05207822855694443 0
8327 0.1366638943953591 0.715194113864288 0
8328 0.1213069853932927 0.150063797084774 0
8329 0.1183087932744588 0.00689228008460047 0
8330 0.1132840218659206 0.5418000000007795 0
8331 0.1183716894646279 0.5927972997188391 0
8332 0.1137267263105985 0.5783571804535106 0
8333 0.1310415815715741 0.7742231646030638 0
8334 -0.1132833720293183 0.3205999999991603 0
8335 -0.1207314489829585 0.07480150395550635 0
8336 0.120245733174445 0.3111098485317015 0
8337 -0.07952225039066742 -0.09039280320712974 0
8338 -0.1130211756238384 0.7745380648508549 0
8339 -0.135159694597339 -0.02057092789163561 0
8340 0.1341423052096559 0.2245603703261219 0
8341 0.1342060336886586 0.7588920437722583 0
8342 0.1153809026502099 0.507113805185778 0
8343 -0.1149262866594445 0.02464029282698354 0
8344 0.1167305533019775 -0.06543388745310877 0
8345 -0.1366601196375311 0.527647462034603 0
8346 0.1158241178524941 0.3977385272369289 0
8347 0.1341174882006684 0.3226366311891904 0
8348 0.1299513966083428 0.01176343367528451 0
8349 -0.1366726180337687 0.4578757598950608 0
8350 0.1335796571006748 0.5192818081352716 0
8351 -0.114998277798977 0.5342309980665648 0
8352 0.1339146000058825 0.4211856244343191 0
8353 -0.1159642859246442 0.8182352145666437 0
8354 -0.1341772656100503 0.7729721685257259 0
8355 -0.1317418328725906 0.3623903840116773 0
8356 0.1153431173989536 0.6079895625811028 0
8357 -0.1290897994729938 0.4397071432118989 0
8358 -0.1131855400668127 0.1247646507788409 0
8359 0.09301204259777819 -0.07241184299371906 0
8360 0.1181346389150655 0.2058610132422097 0
8361 -0.113165027864272 0.2871787549995237 0
8362 -0.115195292043757 0.8377810385716218 0
8363 -0.1369090834689697 0.8357066724729908 0
8364 0.1135965007891994 0.8355358390884211 0
8365 -0.1212320755519937 0.5015537293745385 0
8366 0.1347568464213257 0.05832948731553068 0
8367 0.1202747674087447 0.4555993945970017 0
8368 -0.1159552453741329 0.4849678118710029 0
8369 -0.1157794889572232 0.5681450889191773 0
8370 0.1341938603487686 0.1732011386876467 0
8371 -0.1150633853533749 0.3634622326624988 0
8372 -0.1342808178288716 0.6216670035083696 0
8373 0.1287514913183483 0.6864720312353914 0
8374 0.1182867623629073 0.6907304944865534 0
8375 -0.09897014960651868 -0.09077411667185477 0
8376 -0.1133005622302465 0.1526490946422569 0
8377 0.134302452158809 0.5599468184103512 0
8378 -0.1322107809617746 0.1974286462979644 0
8379 -0.1318488447139251 0.1274849902225119 0
8380 -0.1231350233342734 0.6486045753015668 0
8381 0.1342416670929503 0.07534614495708686 0
8382 -0.1133942986143907 0.7319834610952649 0
8383 0.1192218967769337 0.08532721342331274 0
8384 0.1342711395471969 0.3665622424461735 0
8385 -0.136748356198522 0.788200000000132 0
8386 0.1088136446678464 -0.03931111278339464 0
8387 -0.1134339791034531 0.4015358575485926 0
8388 -0.1134094358825402 0.2363122572805725 0
8389 -0.134143327842686 0.6076824764900226 0
8390 0.1101622246417296 -0.0265446708935712 0
8391 0.1290873466935515 -0.01758137898370055 0
8392 -0.1322141222484989 0.03221446800426297 0
8393 0.134495819557057 0.4590306958626482 0
8394 -0.07220946403583563 -0.09704195697960358 0
8395 0.05436139641493434 -0.1226744231183242 0
8396 -0.1318894442394788 0.2926260532185557 0
8397 -0.1131699447012379 0.4466219615001719 0
8398 -0.1343969672490272 0.08401696963187266 0
8399 -0.1336309832544472 0.6959997030640346 0
8400 0.1342889030281216 0.6580582833309438 0
8401 0.1310875381482111 0.1854734424729795 0
8402 -0.1133731574256831 0.31799722434429 0
8403 -0.1178712115369375 0.07151609897233559 0
8404 0.1202411758445265 0.2130914027504485 0
8405 -0.1148766410918375 0.1898986555015815 0
8406 -0.1151880783111056 0.6995473187732169 0
8407 -0.1366932359882139 0.4606441467393341 0
8408 -0.115741883183544 0.5179161921070234 0
8409 0.1181252294697775 0.3038831128517953 0
8410 0.1150606141262239 0.8125496036495617 0
8411 0.1181294041303309 0.110708929671661 0
8412 -0.03707423603361241 -0.1289708872746906 0
8413 -0.0512023505153909 -0.123767795003026 0
8414 0.1341706758715104 -0.02610324933928021 0
8415 -0.1336424563511404 0.5307427876574911 0
8416 0.1344699455085833 0.08402335050286575 0
8417 -0.1133398570845858 -0.02305790895521771 0
8418 0.1309223648609504 0.4799186268693884 0
8419 0.1132560029688253 0.4998703968142577 0
8420 -0.115926525221732 0.8153601748423396 0
8421 0.1133764061575971 0.4944339107364327 0
8422 -0.1344754353847695 0.4649012536709426 0
8423 0.1343866138836688 0.4619105416527977 0
8424 -0.1315898861785384 0.6091926998853014 0
8425 -0.1291805919324381 0.3658665696063994 0
8426 0.1342226428115012 0.02562913621010937 0
8427 -0.1214904418390596 0.1768227025501693 0
8428 -0.1343302012263307 0.6244370752910202 0
8429 0.1366634997926263 0.4829376164647767 0
8430 0.136183978943806 -0.01245937281825174 0
8431 -0.1318712512263263 0.1302591761626813 0
8432 0.1365219360135502 0.8101210676747646 0
8433 0.1342804012817363 0.2684864105977848 0
8434 0.1347296969944078 0.2572761039627637 0
8435 -0.1342007303529929 0.6049361385482463 0
8436 -0.1133504106806974 0.1499431039682954 0
8437 0.1207281258001525 0.3493453436542494 0
8438 0.1163345662000845 -0.07193602594860551 0
8439 -0.02064358397709919 -0.1354557890540999 0
8440 -0.1311606896150683 0.4299558954812104 0
8441 -0.1230028764226968 0.6457072833281492 0
8442 -0.1291497576886682 0.2004623361169953 0
8443 0.1342714016959309 0.7561363975019284 0
8444 -0.1296477547320347 0.1345042711283858 0
8445 -0.1305090807704995 0.08554376016655181 0
8446 0.1341103687463943 0.1238265799413147 0
8447 0.1156821478467729 0.5967032576000142 0
8448 0.1207792300448555 0.2512632347041678 0
8449 -0.1297019455541799 0.3025353318089353 0
8450 -0.1157731237138912 0.7303382929936039 0
8451 0.1211967328833342 0.05475207128581414 0
8452 -0.1342723504500236 0.4228442041167195 0
8453 0.1371010896184393 0.7125846989455278 0
8454 -0.05478860996605721 -0.1253318234904295 0
8455 0.1182376414638516 0.7429697158328264 0
8456 -0.1133855399342564 0.563973398880915 0
8457 0.1177856827959219 0.1525470072126212 0
8458 0.1133391194875151 0.544370778498551 0
8459 -0.1343296620605131 0.7896602525050128 0
8460 -0.1210844957927836 0.5098110317918552 0
8461 -0.1157976715367725 0.3998421704532611 0
8462 -0.1157943480782271 0.2345942313493941 0
8463 -0.1192267926484467 0.7651848426162211 0
8464 -0.1193603509715753 0.7680664449049701 0
8465 0.1182538553644551 0.3992769882566156 0
8466 -0.1318823213387703 0.2954930718509135 0
8467 0.1275606935318555 0.01014558872443645 0
8468 -0.1291558030718122 0.03519779285600128 0
8469 0.1367549018471844 0.2226638916582547 0
8470 -0.1215896695744268 0.268073693823908 0
8471 0.1205804236081773 0.4008286241507221 0
8472 0.1370536712579925 0.614509640491943 0
8473 -0.1189486795304752 0.4976171930769296 0
8474 0.1205512757322653 0.01121083345965232 0
8475 -0.1154275496258288 0.4454576614907611 0
8476 -0.07401752914003527 -0.1121126626220119 0
8477 -0.1146834511964467 0.3545863939310011 0
8478 0.1365663402887941 0.3209249039963972 0
8479 0.1370745482951828 0.5166706909386605 0
8480 -0.1371254321069272 0.6986424964761293 0
8481 -0.115698726396734 0.3139148938240536 0
8482 0.1303752096178761 0.5918250670290021 0
8483 0.1180773851929854 0.2086260017146373 0
8484 -0.1132005819139537 0.1693661093677654 0
8485 -0.1230177452862042 0.4777038588383059 0
8486 0.1156711263374665 0.1988676469914266 0
8487 -0.1132703987253729 0.2785310480633261 0
8488 0.1367342316753059 0.1692891579739965 0
8489 -0.1344082583513034 0.4621135124053823 0
8490 0.1207808590877545 0.7905349194103763 0
8491 -0.1345823847159162 0.6357310580722377 0
8492 -0.1132521798610612 0.1161681158709636 0
8493 0.1343677271892864 0.5571482207679389 0
8494 0.11954376537061 0.284081785691163 0
8495 0.132496722996673 -0.03407626564515969 0
8496 -0.1370399702868775 0.5334201874256042 0
8497 -0.1342695882336905 0.4258066864811497 0
8498 0.113136685819843 0.771717180024303 0
8499 0.1367113416329067 0.3624641851553427 0
8500 0.1269612348784246 0.4164251459632382 0
8501 0.08716428224273214 -0.1022009116227718 0
8502 -0.1131838935414372 0.3373999999990906 0
8503 0.08160007664577718 -0.08830727988002496 0
8504 -0.1147627636392777 -0.07414600684485412 0
8505 -0.00639103454588593 -0.1155748862057881 0
8506 -0.1343750048655171 0.6272327638528241 0
8507 -0.128847634475749 0.3684490464302592 0
8508 0.1191889154806541 0.4777519816402064 0
8509 0.1307383621089522 0.2891012429664838 0
8510 -0.1157394441999035 0.06689381446270584 0
8511 0.1133603841892237 0.3795658468216339 0
8512 0.1346865503060682 0.8375890156467187 0
8513 -0.1156720738309571 0.1458771736173828 0
8514 -0.1295855475914295 0.1317180186494982 0
8515 -0.1136758936166599 0.7570933492930192 0
8516 0.0320801925718243 -0.1085916446414296 0
8517 0.1346682178660958 0.3554071939550215 0
8518 -0.02871647545094004 -0.1337751270869496 0
8519 -0.1323452651711731 0.8080220419396931 0
8520 0.1170408973085464 0.6725370524409526 0
8521 0.1343613511112495 0.6552624315958905 0
8522 -0.1343732871564903 0.7924631874959738 0
8523 -0.1188914995760109 0.7512047216452349 0
8524 0.02035184467203523 -0.1352881588576741 0
8525 0.1180871711956817 0.1134773663018083 0
8526 -0.1205935138510131 0.6442137415640792 0
8527 0.1349925318969044 0.153507640568612 0
8528 -0.1288499973783336 0.2031655163285417 0
8529 -0.1133659180482897 0.726342258894298 0
8530 0.1169764108405565 0.0838080113851102 0
8531 -0.09240529334466266 -0.06966483109654908 0
8532 0.1366584215492887 0.07117911235901836 0
8533 -0.1319054487871473 0.2982709619018739 0
8534 0.1127686938318346 -0.02544542336173834 0
8535 -0.05937892272794702 -0.1174232802408821 0
8536 0.1030847127710288 -0.08556616961095417 0
8537 -0.114790664490764 0.6906438266635488 0
8538 -0.115721146106313 0.5623207165485458 0
8539 -0.1132633521076749 0.3960389236480999 0
8540 -0.01233036877548081 -0.1361537581200357 0
8541 -0.06977572707685084 -0.09848569046224609 0
8542 0.1180636162088559 0.3066437141592447 0
8543 -0.11326599294148 0.2308247234935378 0
8544 0.1134503938025946 0.6847823595390002 0
8545 0.1077122454935935 -0.08000800327079403 0
8546 -0.1288597831747155 0.03791000280083112 0
8547 -0.1367128168205428 0.4325334231906997 0
8548 -0.09242268688923749 -0.07278132660611011 0
8549 0.1132091790771724 0.5026443765867782 0
8550 0.1131558528162258 0.4522000000010747 0
8551 0.1181220656886617 0.01831421917419943 0
8552 -0.1367262924565487 0.7011756770107447 0
8553 0.1289980208320886 0.1374027075449201 0
8554 -0.1132262364783327 0.3122721012685511 0
8555 0.1367862499979555 0.2645163759977401 0
8556 -0.1367444318784732 0.466297244420018 0
8557 0.1367544635094654 0.4576868573301687 0
8558 -0.122919483299995 0.4748459091306693 0
8559 -0.1229322199475957 0.8081517010544644 0
8560 -0.07886080266831604 -0.1117741673012852 0
8561 -0.1191821117082338 0.3465396355006647 0
8562 -0.1005839310339595 -0.05756231347293266 0
8563 0.1367896619051025 0.02386705370615248 0
8564 -0.1156425671961813 0.5987577541163291 0
8565 0.09263527986835396 -0.06503224791383912 0
8566 0.1158083606399655 0.5910910069103907 0
8567 0.1341929024523197 0.808199014881527 0
8568 -0.03733888873775795 -0.1068429070535416 0
8569 0.1343446386694896 0.7533454357872947 0
8570 -0.1366698104721205 0.5358608891685719 0
8571 0.1131725646284408 0.6452627033162959 0
8572 0.1182831677895156 0.009727251424598789 0
8573 -0.08712446455544585 -0.0833287865459009 0
8574 0.1368123524181167 0.04073182346915082 0
8575 0.1352675334642502 0.04950432096744029 0
8576 0.1209135832596433 0.4440636570230876 0
8577 -0.1344235347500204 0.6300332014264769 0
8578 0.1343216268156185 0.1208762492845765 0
8579 -0.1157505967929375 0.1726048740598682 0
8580 0.1202172992497449 0.1177463979385845 0
8581 0.1210955334816916 0.2537782437363247 0
8582 -0.06212933058087347 -0.121708274785733 0
8583 0.1180627330199484 0.7458601170722249 0
8584 -0.1322378711894666 0.370905279108291 0
8585 0.1177207715066153 0.0573276992363782 0
8586 0.1156646180883256 0.5482665484262512 0
8587 0.05707658479043817 -0.1240951569818834 0
8588 0.1206556243529867 0.1559753242460673 0
8589 0.1338087638254751 0.7100403383150747 0
8590 -0.1319299171375748 0.1359114898933813 0
8591 0.1205230457530669 0.6950890042249598 0
8592 0.1180378497112315 0.4047133956315511 0
8593 -0.1242429734688554 -0.05738467489294533 0
8594 -0.1133347827358277 0.1443558789212514 0
8595 0.1203946213781271 0.2100769058890928 0
8596 0.1162689596088902 0.8285054527591436 0
8597 0.1132834892586993 0.4435506994582784 0
8598 -0.1187702244080401 0.7483603383719168 0
8599 0.1366754869634105 0.2200612712804959 0
8600 -0.1344186154737357 0.795243781483317 0
8601 0.1340287731049381 0.6118251456237318 0
8602 0.1131620683785141 0.6006535974218729 0
8603 -0.132284521365163 0.2057441994688039 0
8604 0.134190069635885 0.3170501222344158 0
8605 -0.1156831651731592 0.7247262669645826 0
8606 -0.1346304376052463 0.4733167825578708 0
8607 -0.1367665479008695 0.4690587763090902 0
8608 0.1342023420078624 0.5133089804806326 0
8609 -0.08256977282270353 -0.08093641594209673 0
8610 -0.113219972970322 0.5584506182566177 0
8611 -0.1296386643788456 0.2997512345733662 0
8612 0.1150765312367699 0.5155608742647052 0
8613 0.136700224691266 0.1664058588548896 0
8614 -0.113332551176582 0.3931147766924737 0
8615 -0.1133530482295433 0.06270667529092062 0
8616 0.1344313702260784 0.5543481774129045 0
8617 -0.1133380499191706 0.2278892296924294 0
8618 -0.1130080473290152 0.1074281247916729 0
8619 0.1131190013391558 0.7210000000002437 0
8620 0.1180382205327168 0.7941187515468071 0
8621 0.1367603835931147 0.3597194490448833 0
8622 -0.1322903460058689 0.04052522308655595 0
8623 0.1282408963861675 0.4867067027872085 0
8624 -0.129858956870313 0.3109513460739458 0
8625 0.1118856199749181 -0.01540512308545413 0
8626 0.1270642506090796 0.4134700762853156 0
8627 -0.1298042750101594 0.1429205581748929 0
8628 -0.1337927646876935 0.7044870022855609 0
8629 -0.1132338456999328 0.3095199530248134 0
8630 -0.1319552354149082 0.138681598735979 0
8631 -0.1027504351837018 -0.05310977107770264 0
8632 0.11245855607246 -0.0738620634036713 0
8633 -0.1215174848000328 0.009007340394410101 0
8634 0.118190637942799 0.01525335321233375 0
8635 -0.120574641605406 0.4733329474854065 0
8636 -0.1205645658585911 0.8065905329938939 0
8637 -0.06480920986656616 -0.1037828142966817 0
8638 -0.1145970683009045 0.682324787062524 0
8639 -0.004104188716786537 -0.1366208406848405 0
8640 -0.1195268174701926 0.6001801404302566 0
8641 0.134447775800002 0.6524315761905568 0
8642 0.1174302636434938 0.4189690746511919 0
8643 -0.104117038110571 -0.08494147405197863 0
8644 -0.1338024608129159 0.5392507830519258 0
8645 -0.1348269512267849 0.8122764738235682 0
8646 0.1213060995809327 0.1937903156747576 0
8647 -0.1344878176286949 0.6329099813341442 0
8648 -0.115433721610126 0.4308589632761871 0
8649 0.1367556776370617 0.454869212029932 0
8650 0.02532725325488414 -0.1128983677772529 0
8651 0.106933590389019 -0.0553419745193641 0
8652 0.09875928431716242 -0.09128107578000813 0
8653 0.1203197520532006 0.1149643882963053 0
8654 -0.1347386846294603 0.6441525006458021 0
8655 0.1274866319004999 -0.04132144472054108 0
8656 0.1366967894571766 0.4800152079248114 0
8657 -0.1321451534819205 -0.02394727881144794 0
8658 0.1343837091308209 0.06953927817688614 0
8659 -0.08625114551994623 -0.1024448610740484 0
8660 -0.1188585571850642 0.4202032943485236 0
8661 0.1203940224484584 0.3081785992810749 0
8662 -0.1157137320232304 0.1404269365996086 0
8663 0.1159571956996881 0.6863964358355 0
8664 0.127590383772109 0.8353277528817815 0
8665 -0.06741299921975441 -0.09987290472493185 0
8666 -0.04692761495998084 -0.1208580803247239 0
8667 -0.1344692437826422 0.7980294446230272 0
8668 0.1155304928878927 0.2828419180049117 0
8669 0.1368512090576982 0.7406984615318302 0
8670 -0.1204992726170194 0.6415392150314621 0
8671 0.1155182546625316 0.5042173239734175 0
8672 -0.1132020040890783 0.4242878781830821 0
8673 -0.09263591229791361 -0.06491990929471833 0
8674 -0.1319626921908114 0.3039365618766113 0
8675 -0.1133138763338074 0.7207420002405163 0
8676 0.1131798970848181 0.4493503315545273 0
8677 0.1332791793711217 0.7729804537373191 0
8678 0.1204839841587984 0.01411316412939127 0
8679 -0.1294094135182463 0.2091152278218219 0
8680 0.1368821162799579 0.2394568167535064 0
8681 0.1368328223679611 0.2617440526381817 0
8682 0.1306601108659991 0.1910952286317871 0
8683 -0.1132255667689808 0.555677010785645 0
8684 0.1200151009437021 0.2214074008650917 0
8685 -0.1156431400948501 -0.01116353211449163 0
8686 0.01340796258797312 -0.1340239402598457 0
8687 -0.1156283688674303 0.3914672441603759 0
8688 -0.1156473443818176 0.06098641570763275 0
8689 -0.1156378260494271 0.226221395564854 0
8690 0.136784440472753 0.02114015892048999 0
8691 0.1349616866538561 0.248927952188328 0
8692 0.1344241845796038 0.7505500353818432 0
8693 -0.07645964986179628 -0.1133478302670701 0
8694 0.1371560335095137 0.8049658555115718 0
8695 -0.1294188577317246 0.04386396067809585 0
8696 -0.1130694674214351 0.6733999999995715 0
8697 -0.115549903866772 0.3055341873177641 0
8698 0.1131807769048002 0.6480285079047328 0
8699 -0.1345618184104708 0.470529084468683 0
8700 -0.122935837410928 0.469365916805451 0
8701 -0.134244415771968 0.3749866136109841 0
8702 0.1000322491904511 -0.06252876229974172 0
8703 -0.1191249904724325 0.2606170431428826 0
8704 -0.1131683341755488 0.08805523070104412 0
8705 -0.1163414865254996 0.01436719155046071 0
8706 -0.1371906199322532 0.7070465337515294 0
8707 -0.1228387709644253 0.8025220691091636 0
8708 0.1202528216621005 0.01975884810048571 0
8709 0.1368640590434086 0.1190772095959759 0
8710 0.1179820766102106 0.6990104246090478 0
8711 0.11794591870937 0.407468296751614 0
8712 0.1176891107931992 0.2561883686804811 0
8713 0.1205765707751664 0.06068720776142116 0
8714 0.115664273588097 0.7473443015833183 0
8715 0.1209805707888815 0.1584794957581737 0
8716 0.1131093861574215 0.5501369422848212 0
8717 0.1180184970145653 0.2143748880054944 0
8718 -0.1367937881684056 0.6371225284273409 0
8719 -0.1202639495511191 0.5960942628570665 0
8720 0.1344331959544008 0.2160961414286467 0
8721 -0.1319886482871444 0.3066991606956132 0
8722 0.1132442112428803 0.6035852609221859 0
8723 -0.1371963171247111 0.5418307141307187 0
8724 0.1131220810105723 0.3541395902811191 0
8725 -0.09583607363119019 -0.09753498414156664 0
8726 0.1063466039019908 -0.04578392086933444 0
8727 -0.1297391070573465 0.1401384654893851 0
8728 0.1344384461981767 0.5514731149774786 0
8729 0.115723893999901 0.4959947165281873 0
8730 0.1338749218845241 0.314604483264066 0
8731 0.1308192376954614 0.188231578644299 0
8732 0.07947391469379553 -0.1006702241231088 0
8733 0.1340967096243542 0.5109047052312233 0
8734 0.1345547372501311 0.3581821815923593 0
8735 -0.1155442615082645 0.1375018847861419 0
8736 -0.1366710134121242 0.2642558576345472 0
8737 -0.1344338181451714 0.8009491137473926 0
8738 -0.1180735076067317 0.6401245136983059 0
8739 0.1344632067900671 0.1648059484947874 0
8740 0.1314246100134715 0.1305911989498052 0
8741 0.103833567246027 -0.08938236538475061 0
8742 0.1201424406593435 0.02251531115799499 0
8743 0.03240422882226242 -0.1303744496954143 0
8744 0.003580248828002646 -0.1181258479304747 0
8745 -0.1309248680671179 0.2505395215061345 0
8746 -0.115571058109804 0.7191313638057669 0
8747 -0.1290417729335771 0.2116141517858313 0
8748 -0.1163350118689546 -0.07174484312691742 0
8749 0.129422127418669 0.411836272791859 0
8750 -0.1368186410359162 0.6398771749493132 0
8751 -0.113155918177259 0.3876402042231401 0
8752 0.1368610972305694 0.6426197343763916 0
8753 -0.113158572032417 0.2224261572616505 0
8754 -0.1131615052985801 0.05721112038434639 0
8755 -0.02814778312013703 -0.1149383092467748 0
8756 0.1345813217984326 0.6495477220835892 0
8757 -0.1134192927869632 0.253026636776563 0
8758 -0.1181883792167513 -0.01233377992208433 0
8759 0.04418695589814353 -0.1121983782493371 0
8760 -0.1347922769700939 0.4817316139960597 0
8761 -0.1368186636191283 0.4747261749218032 0
8762 0.08643337950535332 -0.07698399288868658 0
8763 -0.1345450928731772 0.4311933287513351 0
8764 0.1180089689071626 0.3123934372885299 0
8765 -0.1291210785719239 0.04633720572867979 0
8766 -0.113080371538103 0.6370390328548855 0
8767 0.1349411013658217 0.346980450654641 0
8768 0.1179879314309598 0.1191559735191154 0
8769 0.1163999705118877 0.7302989385236864 0
8770 -0.1132789820035213 0.3039809885144147 0
8771 -0.130016376321141 0.31936629284281 0
8772 -0.1227458788334568 0.4664701885049288 0
8773 -0.1285005021881281 0.2689947807556531 0
8774 0.1369220916406401 0.0657317963836021 0
8775 0.1131772829180619 0.5083882349143203 0
8776 -0.1367368351482399 0.709476596765223 0
8777 -0.1368390879012114 0.4774749211681737 0
8778 -0.1156261014177349 0.5881974790611159 0
8779 -0.1205276281297796 0.8009718300945764 0
8780 -0.1299620238906883 0.1513360511123193 0
8781 0.1368358222504543 0.3375676890234258 0
8782 0.04863181104268349 -0.1122478828535767 0
8783 0.119538853375117 0.7199786551724177 0
8784 -0.1349509850430209 0.8205967051140327 0
8785 0.1315682202713073 0.6073937936920526 0
8786 0.1343650522422865 0.08650057877110946 0
8787 0.1345873549486409 0.2601996968937316 0
8788 0.1344878675776817 0.5486872114336442 0
8789 0.1338350206552125 -0.02874745462827324 0
8790 -0.1320155675974381 0.1443435817241713 0
8791 0.1344986391941273 0.4533722992881069 0
8792 -0.1367669763245301 0.5442646114782925 0
8793 0.1157296881303133 0.7871379789083002 0
8794 -0.1344404914132965 0.8037117623357475 0
8795 0.05217138084364051 -0.1265975100204808 0
8796 -0.03045023223121543 -0.1138043332037871 0
8797 -0.1320431352570583 0.1471042833042936 0
8798 -0.1348941690101933 0.6525653393440316 0
8799 0.1182071166035704 0.6934398419330338 0
8800 -0.1154917519294834 0.520753794473489 0
8801 -0.1156114234378823 0.6386439987015488 0
8802 0.1345215176504526 0.01717526081004833 0
8803 -0.115629327102175 0.5540717223886596 0
8804 0.1132770363894545 0.7996634864067758 0
8805 0.004137222764611133 -0.1369561856715909 0
8806 0.1179749954178299 0.217121859958722 0
8807 -0.1172475218125904 0.524704234755582 0
8808 0.1282285534154059 0.4344709021573501 0
8809 0.1345745602367925 0.7476412794421835 0
8810 -0.1132784110814602 0.1359580165906362 0
8811 0.1325877034545711 0.544286857812492 0
8812 -0.1372122049296656 0.3794839256953846 0
8813 0.1160457994955689 0.4554254409148226 0
8814 -0.1130597960521117 0.7153324291558363 0
8815 -0.06724593027195871 -0.1024984189327515 0
8816 0.1194071703460597 0.3825392540387087 0
8817 -0.1297904152800154 0.3081758050970701 0
8818 0.1133106105352528 0.3825548716661831 0
8819 0.115456848102264 0.6519242541369171 0
8820 -0.1130162912846719 0.2642805328311288 0
8821 0.1339935712171545 0.8023335932903848 0
8822 0.1359539143468109 -0.01535785268298365 0
8823 0.1147121895728476 0.5244409051515596 0
8824 0.1297428603964792 0.5975954608433534 0
8825 0.03975438521738493 -0.1285732768882306 0
8826 0.1179905424171102 0.1218949844378575 0
8827 -0.132365542400298 0.2141266181311199 0
8828 0.07930128296629034 -0.08988818097167534 0
8829 -0.1132483870175807 0.384709780119017 0
8830 -0.1343841680782951 0.2717508984486858 0
8831 0.1179435552231828 0.02664413094545237 0
8832 -0.1161442116391415 0.340579785284456 0
8833 0.1178891755355896 0.4102896835926934 0
8834 -0.1132542023311477 0.2194840069664792 0
8835 -0.1132607048228199 0.05426412134135332 0
8836 -0.1321552292250456 -0.03675364899805061 0
8837 0.1368479644489827 0.1163652743573344 0
8838 0.1346958277239707 0.6467902806273722 0
8839 0.1204930393747961 0.2596699468042272 0
8840 -0.03456383868297935 -0.130028062594795 0
8841 0.1208911789685849 0.06318807096080739 0
8842 0.1131316999054357 0.5529159391752129 0
8843 0.1176273101691706 0.1609421870048162 0
8844 0.1369158223807419 0.1608997498754426 0
8845 -0.1156125846461287 0.3000494606425699 0
8846 0.1144873232994057 0.6280379311514804 0
8847 -0.1130985987359222 0.6342950814398668 0
8848 -0.1157015940109296 -0.03273869062311981 0
8849 -0.1324330250383269 0.04901270267854513 0
8850 0.1149890884428028 0.4230145259535603 0
8851 0.129173751692015 0.7040152154096326 0
8852 -0.1229046052320385 0.7970878072297125 0
8853 0.1369094577801524 0.2143146765112988 0
8854 0.1154522154334915 0.6051925236977251 0
8855 0.1368476673489837 0.3540303816668189 0
8856 0.113597696939552 0.357037940873388 0
8857 -0.05517590122113128 -0.1068086365733765 0
8858 -0.1204352114162689 0.4650121681918433 0
8859 -0.1339170902246584 0.7126878073399129 0
8860 0.09137440034086675 -0.09878584659914968 0
8861 -0.11637418486035 -0.06729276012572705 0
8862 -0.1190381156565183 0.500210918017286 0
8863 0.1372499675695855 0.3121300865295528 0
8864 0.1368150323691452 0.5077840559916595 0
8865 -0.1136538687230038 -0.02021343886206092 0
8866 -0.1346430971139598 0.6413268134848144 0
8867 -0.1171516174820835 0.2710550143176036 0
8868 0.1212529242404803 0.335519431482616 0
8869 -0.09555031915277207 -0.06015000612797236 0
8870 -0.1204175110238615 0.5510105210379597 0
8871 -0.0004768837619343241 -0.1342841490896871 0
8872 0.1154145908924815 0.703047746385316 0
8873 0.1340286599434929 0.1291295360973136 0
8874 -0.115602707493124 0.1320505704073788 0
8875 -0.1339718066334591 0.5476437432574685 0
8876 0.134380730174666 0.4504494612096398 0
8877 -0.1238165954652518 -0.05295997330695897 0
8878 -0.1322507095388541 0.8052349307016474 0
8879 -0.1180550032471795 0.5525509939092411 0
8880 0.1270709070395221 0.4080190502390704 0
8881 -0.1320486672426832 0.3123684215817489 0
8882 0.1155046645047191 0.7501207982677413 0
8883 -0.1191656023139106 0.178504709390695 0
8884 0.1180024970297488 0.3151163925352117 0
8885 -0.1364685177362933 0.3821455437261959 0
8886 -0.11320176441104 0.7123697463892484 0
8887 -0.007142047861220813 -0.1365883754764774 0
8888 -0.1320733997152091 0.3151212968363668 0
8889 0.007034163863573765 -0.1127016210191832 0
8890 0.1131410135260146 0.5111126139576957 0
8891 -0.1344700118869608 0.7473497321541838 0
8892 0.1305299018875331 0.3385116933581453 0
8893 0.1368071466510325 0.0627691977028665 0
8894 -0.1295646901737655 0.2175133619002453 0
8895 0.1368738061400817 0.255997171195849 0
8896 0.1346752214979163 0.7448883739605991 0
8897 -0.1154623385027068 0.3830469533050783 0
8898 -0.1347108603679861 0.4789515308994635 0
8899 -0.1154657487832308 0.2178041940567399 0
8900 -0.115483538432846 0.0525626210549656 0
8901 -0.1156512636967557 0.01140915764575088 0
8902 -0.1349429037622633 0.4901442400104661 0
8903 -0.03570322333404202 -0.1167322552087729 0
8904 -0.1348583857725695 -0.01166179466169298 0
8905 0.1348691301432202 0.6049135098595116 0
8906 -0.1156046109940879 0.2973008080434505 0
8907 -0.1320120446121336 0.0514409507114414 0
8908 0.118193454402544 0.7887167011845894 0
8909 0.1179390498545998 0.02387824303692454 0
8910 -0.1368731085839767 0.6455573597033727 0
8911 0.1149178650228937 -0.0180190150921604 0
8912 -0.1228620860418838 0.794339364099071 0
8913 -0.1368934019170193 0.6482929075670394 0
8914 0.08512021044404658 -0.1043072959434928 0
8915 0.1368877269066369 0.3512959505282521 0
8916 -0.01412614083716959 -0.1145894837348833 0
8917 0.1275796820367453 -0.04988879095346309 0
8918 -0.1188728978274425 0.3400409165577007 0
8919 0.1132477511284566 0.7516430220428193 0
8920 -0.07759414139182259 -0.09165786477598345 0
8921 -0.1202588446683848 0.4622370990688887 0
8922 -0.134629725790537 0.8093874051181669 0
8923 -0.1370023626410883 0.2474127927049407 0
8924 -0.1298948574751685 0.1485581530283801 0
8925 0.1368550598297594 0.01553061423370464 0
8926 -0.1168484753657548 0.1799485518573863 0
8927 0.1349129701406565 0.542969703973135 0
8928 0.1154488730060972 0.8013432297884213 0
8929 -0.1369475529795253 0.4858637056405808 0
8930 0.1371844042380371 0.7994523550224898 0
8931 -0.120457176525225 0.6277432307007994 0
8932 0.1131360314486005 0.609244255277298 0
8933 -0.1372040077758637 0.5501425482581132 0
8934 -0.03655176731285473 -0.1094154097136894 0
8935 -0.1154506713823147 0.4956048800167258 0
8936 0.1369102562044778 0.8188574510547157 0
8937 0.1129974700660635 0.6537222589631695 0
8938 0.1177964721287159 0.4130480288238238 0
8939 -0.115392977672433 0.1291032307390596 0
8940 0.1201258871139064 0.2186393463998066 0
8941 0.134594968695865 0.1124485936639316 0
8942 -0.134563759105096 -0.005452608565231259 0
8943 -0.0789808084479347 -0.1092581500663792 0
8944 -0.133135014377885 0.8354889433403797 0
8945 -0.1320897537081049 0.1554728008779638 0
8946 0.120779828504647 0.262141456348333 0
8947 0.1188330158252261 0.6360594415364682 0
8948 0.1159369316462367 0.5562981709548683 0
8949 0.1343961580239029 0.638092831679147 0
8950 0.1176067556780771 0.0657318502758423 0
8951 -0.0625557870146643 -0.1025207370620403 0
8952 -0.1130389589959792 0.2702567186382578 0
8953 0.1204043537687248 0.1643707023614419 0
8954 0.1323817603748997 0.5471778658388829 0
8955 0.1189351372343353 0.8354096547944294 0
8956 -0.1153922054669075 0.7107371191751511 0
8957 0.01515745693289063 -0.1191896581372392 0
8958 0.1369609852530652 0.1581412140340507 0
8959 0.1323616603367965 0.7014689964359346 0
8960 -0.1369152972087112 0.4830900314507924 0
8961 0.1127099228208709 0.457879570125441 0
8962 0.1369807694669882 0.2114627291569698 0
8963 -0.1129554826062063 0.3793417334873944 0
8964 -0.1083531335308596 -0.03965999234770749 0
8965 -0.1292133218669912 0.220005335708568 0
8966 -0.1130075658371383 0.2140760127410862 0
8967 -0.113008841633936 0.04886552528081664 0
8968 -0.06003429305424807 -0.1038991853876881 0
8969 0.1304087124084622 0.2402449586468358 0
8970 -0.1318321728287167 -0.02663201183260137 0
8971 0.1153526775376065 0.196044206402361 0
8972 -0.1172908634027587 0.769530318921821 0
8973 0.1371047682459758 0.3093999999992076 0
8974 0.1082404789076329 -0.03193212536125741 0
8975 0.137239748154526 0.5052963230756212 0
8976 -0.1215863872844572 0.5843821201758538 0
8977 0.130576378058312 0.2911998481158648 0
8978 -0.1303915867257803 0.5732750252791992 0
8979 -0.1179011235877001 0.4607523726357657 0
8980 0.1313230405609991 0.4302657195543806 0
8981 -0.03371576952570159 -0.1103653852802699 0
8982 -0.1293033280777693 0.7185592812142776 0
8983 0.1346346728672667 0.04297083377249185 0
8984 -0.1155262489132771 0.2944746644877844 0
8985 -0.1304270335739428 0.7441318331265471 0
8986 0.113636974116741 0.5328989766189125 0
8987 0.1044590625422028 -0.05962604797726821 0
8988 -0.1228877413925275 0.5465639398141511 0
8989 -0.1292301046521404 0.05478070444289432 0
8990 0.1368543394950371 0.6453917040691519 0
8991 -0.130396592464969 0.575983849125897 0
8992 0.1129278399021504 0.7070442602285504 0
8993 0.1320614708161582 0.4491369429891413 0
8994 -0.1319924670654089 0.3868832739891714 0
8995 -0.1304299228389654 0.7412954395090998 0
8996 0.1271572626555162 0.4053147289152303 0
8997 -0.1321204900430595 0.1527141671837961 0
8998 -0.1266267317649534 -0.04556641414283019 0
8999 0.1281299426766178 0.6306221929798163 0
9000 0.1369523877640265 0.5389721650348565 0
9001 -0.08919347737959547 -0.06929392572188779 0
9002 -0.1369000538758363 0.8135850674824168 0
9003 0.1369056521529041 0.253278160515419 0
9004 0.1185489396472842 0.6421968894302634 0
9005 0.1201444709505026 0.1232964453729436 0
9006 0.1201713939268618 0.3165087361560124 0
9007 -0.1156513523937499 0.5818021708144651 0
9008 -0.1369212201577052 0.8163076834743188 0
9009 -0.115747784003421 0.004952044859538663 0
9010 0.1217923856938938 0.2836555809166109 0
9011 -0.1205063952987724 0.5482920470681913 0
9012 -0.1204269963637974 0.6249459057085288 0
9013 -0.1129479604304945 0.7069302898394361 0
9014 0.1152566138909549 0.5126219931333901 0
9015 0.1129018970774797 0.6397516333228218 0
9016 -0.04301058488907869 -0.1105029010357651 0
9017 -0.1344975659078785 0.5535069594242559 0
9018 -0.1299449863048044 0.3165948196554788 0
9019 -0.1130897458628587 0.7685839141927626 0
9020 0.1179759735813309 0.3618351355811987 0
9021 -0.1132083603572101 0.1275547009623733 0
9022 0.1310444912941354 0.08181919140935762 0
9023 0.1346515312234047 0.06112158959971759 0
9024 -0.120419653899839 0.7928846808556302 0
9025 0.1145235251355951 0.4319352830121995 0
9026 0.02001162999634519 -0.113440436139694 0
9027 0.13684219592871 0.7434462732980883 0
9028 0.1129650028368217 0.8051135232504456 0
9029 0.1370957274982683 0.5975663535881389 0
9030 -0.03112542586730071 -0.1112253871983546 0
9031 0.1308343696948224 0.8177195477371018 0
9032 -0.02097611296703297 -0.1108614228280212 0
9033 0.1155552521729743 0.7554180968596069 0
9034 -0.1192914427685943 0.3441534806824265 0
9035 -0.1321405925549979 0.3234878640318387 0
9036 0.1240997891817411 -0.05788851094453475 0
9037 -0.1131508999957162 0.3763247516187354 0
9038 -0.1324249203074536 0.2225353459071694 0
9039 -0.1131647311101333 0.2110911326916647 0
9040 0.120077198874196 0.02806280029297214 0
9041 0.1094475709661643 -0.05075862915186106 0
9042 -0.1131709255884559 0.04587311291261005 0
9043 0.1295199256736819 0.6982685396763157 0
9044 -0.1282525716453178 0.3437134971315084 0
9045 0.1132056552658398 -0.02270726022220241 0
9046 -0.1153299378392031 0.2915447198050596 0
9047 0.117876828025621 0.222812197145762 0
9048 -0.1324089584995085 0.7210945606586341 0
9049 -0.1229071091441713 0.5437378480412103 0
9050 -0.1054781004393066 -0.04696983083900337 0
9051 0.0847485554951492 -0.09722818366270274 0
9052 -0.1324431600665785 0.0573415886627397 0
9053 -0.1177295531225373 0.4580491836454263 0
9054 -0.1321737061297144 -0.00131081862562142 0
9055 -0.1348137868164737 0.6497887563529836 0
9056 -0.1222838093877365 0.5211058060077886 0
9057 -0.1108635435865772 -0.07608314647064879 0
9058 0.1148247965363808 -0.01284549740163495 0
9059 0.1314950926311088 0.8378666372747414 0
9060 0.1176873845784492 0.4159594991673408 0
9061 -0.1154932804023853 0.1236687723825119 0
9062 -0.1317109994358257 0.3894046292544316 0
9063 0.1131372885342522 0.6119128757102361 0
9064 0.1341415807447797 0.7968471393885165 0
9065 0.1347772944089016 0.156631327232733 0
9066 0.1131369484593065 0.6563664313190271 0
9067 -0.1193940482943202 0.6741320524554619 0
9068 -0.1369526382733514 0.6566528448307474 0
9069 0.03426746225991484 -0.110061075966926 0
9070 -0.1166807763969166 0.7530595662106065 0
9071 -0.1369709289855292 0.4942497380808529 0
9072 -0.1303551587569698 0.2453586781634881 0
9073 0.136795329934645 0.1108518709588824 0
9074 0.04650264355026479 -0.1109590131783376 0
9075 -0.132155607722636 0.3207302459934863 0
9076 0.1301952992648449 0.6388443086229245 0
9077 -0.1354230793533544 0.6727248476772613 0
9078 0.1228127496034042 0.8354527203380644 0
9079 0.1178829889698454 0.2255325721895841 0
9080 0.1175283601264596 0.2645723856541569 0
9081 -0.1203394144536086 0.6221071329147763 0
9082 0.1127599241496653 0.5586382368158803 0
9083 0.1343676063139166 0.2429114665028016 0
9084 0.120709603482494 0.1668698277120688 0
9085 0.009268453990265163 -0.1366641423542618 0
9086 0.134814621621293 0.3497546886510806 0
9087 -0.1371276993613695 0.5752318243393738 0
9088 -0.1341607707635343 0.5559240505559904 0
9089 0.134180826631071 0.2081070057887388 0
9090 0.1128238636670956 0.4606000000010502 0
9091 0.1275737577007925 0.007289803990647219 0
9092 -0.1178983819985201 0.7912764147209754 0
9093 0.1346344092768181 0.641122075575391 0
9094 0.1341905951382764 0.3061743146136086 0
9095 0.1212978544898697 0.1421983957076503 0
9096 -0.1371757099288332 0.7433937491210055 0
9097 -0.1128188467594976 0.7041999999996466 0
9098 0.1341658299920115 0.5025773434404691 0
9099 -0.1348686668163393 0.4873612001596495 0
9100 -0.1155235830109043 0.7898674011496134 0
9101 -0.1217478936473843 0.01168462047799437 0
9102 -0.1153368821918629 0.4564608653478966 0
9103 0.1369216252774193 0.05710618302929855 0
9104 0.1201263729095106 0.1260631935594764 0
9105 -0.1297077871360032 0.2259056680176238 0
9106 0.113044437350952 0.5168428885112855 0
9107 0.1201526192783792 0.3192969164432913 0
9108 -0.1153034603522018 0.3746451403708728 0
9109 -0.1369613781506565 0.6539063407844479 0
9110 -0.1153109709354961 0.2093983510654952 0
9111 -0.1153222783593176 0.04415886104419833 0
9112 0.1131917422112843 0.1884529159726188 0
9113 0.1129453355006261 0.7098348904899652 0
9114 -0.1194331079501512 0.426118752987966 0
9115 -0.129410375654612 0.7240565676853834 0
9116 -0.0815419642159195 -0.1079282036648985 0
9117 -0.1008915361483083 -0.08936188654305283 0
9118 0.09081099226458189 -0.07149768523801955 0
9119 0.1183961098313735 0.3508555047358823 0
9120 -0.1288583542018347 0.352257568083314 0
9121 -0.1193627548730325 0.269736484100454 0
9122 -0.1131833288918944 0.2899774472308002 0
9123 0.1299032478769197 0.4478317745467669 0
9124 -0.129929249169479 0.1568358948219332 0
9125 -0.05248869092830193 -0.110591868504538 0
9126 -0.1349488554758538 0.392026876475262 0
9127 0.1347371463620755 0.7393312322311711 0
9128 0.1213174237355835 0.1964774073346101 0
9129 0.1348337464206985 0.2516998802254076 0
9130 0.1150814808887472 0.06997584413332074 0
9131 -0.1354272084191798 0.5074859598959989 0
9132 0.133620159000027 0.4261668112239524 0
9133 -0.1303671728700696 0.2479280221796225 0
9134 0.1182191498400899 0.3643204096259205 0
9135 -0.1128540710411773 0.3432355625989743 0
9136 -0.1348383964098068 0.8177654002314041 0
9137 0.1343805997640539 0.341056914976141 0
9138 -0.1203910414403256 0.6193825833019058 0
9139 -0.1097051753898201 -0.0362172718520933 0
9140 0.1200448673519221 0.03083991054553471 0
9141 -0.0322450999845617 -0.1150229161156455 0
9142 -0.1369926788231828 0.82466366159288 0
9143 -0.1154597116598838 0.1208887752216773 0
9144 -0.02473421901766354 -0.1322434721900667 0
9145 0.1155406027046383 0.7581418930308746 0
9146 0.1369435147191515 0.5417158335320484 0
9147 -0.1152549994656041 0.537426389874902 0
9148 0.1189153748615674 0.4395055448947835 0
9149 -0.1323712999984687 -0.004153485329004417 0
9150 -0.1128657450902317 0.3709164202335672 0
9151 0.113104081052702 0.8080792940415902 0
9152 -0.1363492161557434 0.6812239621846141 0
9153 0.1152151431469999 0.4202113070046781 0
9154 -0.1282673173071613 0.01325703602135632 0
9155 -0.1349306259043505 0.06159614176786272 0
9156 -0.1153646593704782 0.2859840138238925 0
9157 -0.002014757195883604 -0.1154933629088477 0
9158 -0.1369844261289445 0.4914985128001218 0
9159 0.1131061358185105 0.5195330659690596 0
9160 -0.1154614563854902 0.7022174889269651 0
9161 -0.1128349683754714 0.2057359273274306 0
9162 0.1369199542911235 0.3427057726248943 0
9163 0.1369888924065702 0.1523268983484874 0
9164 -0.1153231571098767 0.4537866930884963 0
9165 0.1152214860184297 0.6133282537604403 0
9166 0.1154943607601656 0.6601051010177842 0
9167 0.1369599580360307 0.7934910379203123 0
9168 -0.1153704921055864 0.4258484729913002 0
9169 -0.1129695539449054 0.0402435221030729 0
9170 -0.1154709150859778 0.6763711007248654 0
9171 -0.1293963320594279 0.2283882698564978 0
9172 0.1369846277277877 0.3456282868950507 0
9173 -0.05758384964714584 -0.1053520988206101 0
9174 0.1344977782272299 0.1070882803812867 0
9175 -0.131888167288148 0.5602430892499515 0
9176 -0.1288591219864331 0.1870252115018997 0
9177 0.01848465456098035 -0.1171965108340106 0
9178 -0.129899358398807 0.159657664019801 0
9179 -0.1151810383072848 0.5235999999991536 0
9180 0.1257442347185724 -0.05442437031833117 0
9181 -0.1369925945199779 0.8219230073543329 0
9182 0.1153891134426163 0.5621561027749102 0
9183 -0.1325296140532491 0.7265737731307628 0
9184 -0.08996875457714733 -0.1036376387107233 0
9185 0.1297795974674894 0.634919766680047 0
9186 0.1175362722497105 0.1694482806837783 0
9187 0.129725291811784 0.005927801940469289 0
9188 0.1296379963610115 0.4037845340355761 0
9189 -0.1130678266448228 0.6983138870648169 0
9190 -0.1345532398198442 0.39447648152465 0
9191 0.1157030080470595 0.4638041436381821 0
9192 0.1346263821685744 0.6022230108646039 0
9193 0.1372756293450021 0.2057487027433691 0
9194 -0.1131558465943329 0.1193744932108687 0
9195 -0.1139025411755871 -0.01738290327874636 0
9196 0.1293966315471229 -0.03754251921758495 0
9197 -0.04736832824901331 -0.1104805429744018 0
9198 -0.1128477341611767 0.5333080604704202 0
9199 -0.05494189674768538 -0.1092813681304381 0
9200 -0.1299922763931587 0.3248585827079482 0
9201 0.1374048500704009 0.3037123603859927 0
9202 0.109424843957395 -0.07866918874866266 0
9203 0.1369727218209949 0.499387853191097 0
9204 0.1200828584453764 0.1288770398369712 0
9205 -0.1192073838691103 0.523424787244115 0
9206 0.1151772716659865 0.7112786879255284 0
9207 -0.1179485598620632 0.6177304969777366 0
9208 -0.1130615251107771 0.7855553847419998 0
9209 -0.1153597164364062 0.7871681447139591 0
9210 -0.1363343880028424 0.5159864035123256 0
9211 0.01791598179893851 -0.1360853921247256 0
9212 0.1200981978346285 0.3220908894108936 0
9213 0.07290345615982588 -0.1156008974391832 0
9214 0.05203155836044059 -0.110227490862552 0
9215 -0.1151282118347169 0.3386396951431033 0
9216 0.1369939864281021 0.2475457655375798 0
9217 0.1011101157341699 -0.09226705846844759 0
9218 -0.1193733774677563 0.2630549805011734 0
9219 0.1212142736959344 0.04695338920245405 0
9220 -0.04477389058841931 -0.1090692837633832 0
9221 0.1129953801726703 0.4270801706644788 0
9222 -0.1281265073922627 0.8355805603325765 0
9223 -0.1297316491195386 0.009025639661653564 0
9224 0.1299419469013976 0.4450922278907424 0
9225 0.0497901116353351 -0.1277313593714883 0
9226 0.1158096978078117 0.3523202259106009 0
9227 0.01231546975554897 -0.1148426839540024 0
9228 0.1368791200170558 0.05443642089771199 0
9229 0.131746551318989 -0.02946791361257563 0
9230 -0.1208862036638472 -0.06495174579920936 0
9231 -0.1151969229577216 0.4510706372123122 0
9232 0.121918393724606 0.2798563075247508 0
9233 -0.112720545536466 0.3681999999990074 0
9234 -0.1288554701953524 0.02178659798329973 0
9235 -0.1130709712038696 0.2026982069813084 0
9236 -0.1126084956406136 0.03782547297986748 0
9237 -0.1325317974303016 0.2309172726110712 0
9238 -0.1299220100137754 0.1624553576435162 0
9239 0.1156244538095389 0.8332771523144813 0
9240 0.1312550487451343 0.6208343665519908 0
9241 0.1368888505321361 0.149507548061782 0
9242 -0.134857328840426 0.6580430370205321 0
9243 -0.1152122812231814 0.1149929530771213 0
9244 0.1369182460162571 0.2444726512735001 0
9245 -0.1349424650352475 0.5627818133836326 0
9246 0.134426660976893 0.7078100357150707 0
9247 -0.1153843933324809 0.2833127446238988 0
9248 0.1199968338307868 0.03364287251294733 0
9249 0.1347922589649202 0.7365425899206898 0
9250 0.115036118325594 0.3667552112643617 0
9251 -0.1316804321082932 0.3731874604557284 0
9252 0.1150492949474682 0.2688168344994744 0
9253 -0.1371815724782192 0.0659459681294743 0
9254 0.07722380556136041 -0.08890398632161407 0
9255 -0.1153431377171504 0.7816379721471767 0
9256 0.134940868185015 0.4003806641944392 0
9257 0.1303370012982857 0.04114242079890013 0
9258 0.1154615575412222 0.7609547580839137 0
9259 -0.1319185268188008 0.3977960923590509 0
9260 -0.1194569672322714 0.08718216396783592 0
9261 -0.1189087330857256 0.08490206145753064 0
9262 0.1348927650064141 0.537558448945699 0
9263 -0.1299741520455356 0.3276584677918357 0
9264 0.1144881390356661 0.193224256172829 0
9265 0.1129815290782784 0.4243218004887014 0
9266 -0.1178786475930898 0.6151679070346167 0
9267 0.07508818768858384 -0.1113326753039725 0
9268 0.1199710440703511 0.2269019819720088 0
9269 0.1151771389863608 0.6160856853035612 0
9270 -0.08600448321569773 -0.1065791225895114 0
9271 -0.1300596494425506 4.553374740698611e-05 0
9272 0.1151698966935511 0.8097591365297103 0
9273 0.1155061211347181 0.4477547160674435 0
9274 0.06802960948507279 -0.1158950970729783 0
9275 0.1202277572805796 0.04262177396064334 0
9276 0.08139181853800587 -0.09919365263236746 0
9277 -0.1131132585128461 0.6956231253203567 0
9278 -0.1348861904523677 0.4956391353635112 0
9279 -0.137036051156294 0.511603823836083 0
9280 -0.07418880812168802 -0.09345337570192168 0
9281 0.1154238753515105 0.6629304414748443 0
9282 0.1373504392288515 0.7909831229347195 0
9283 -0.117419882887684 0.2689283927848575 0
9284 -0.112991481392197 0.4494874634129542 0
9285 0.134508758985224 0.1043669840454024 0
9286 -0.1127760923439318 0.7517446895506843 0
9287 0.112957935078965 0.0746491256380524 0
9288 -0.1349647667775633 0.7308203409977065 0
9289 0.1298162305677958 0.003169001217592571 0
9290 -0.1128469119154278 0.5305584799490906 0
9291 0.1347587771143987 0.8346811821854607 0
9292 0.1272121210726847 0.6938747496328685 0
9293 0.1090639743196585 -0.03672193585805764 0
9294 0.1156662467017983 0.5646782205569582 0
9295 0.1319395413308469 0.4024896554946523 0
9296 0.1072356121786964 -0.08577019053318451 0
9297 -0.01084195325106253 -0.134425455637964 0
9298 -0.1131324387722772 0.2818053123463871 0
9299 0.1130497422612172 0.8379502577387825 0
9300 -0.1369502577387886 0.8379502577387858 0
9301 -0.1130497422612089 0.8379502577387791 0
9302 -0.1348730311708659 0.6608417242006408 0
9303 -0.129979423637496 0.1652576693382168 0
9304 0.1204463730623091 0.1724135271120885 0
9305 0.1345386252154414 0.2024607583394084 0
9306 -0.1297687126694186 0.3394822240565906 0
9307 -0.1150363443531085 0.1123120260545305 0
9308 -0.1345293746642234 0.2625543655033442 0
9309 -0.1154101383419556 0.3660906096936814 0
9310 0.09334970447668073 -0.09733820374590405 0
9311 0.1202287962525296 0.1378575702117138 0
9312 -0.05010515980088515 -0.1093671518078295 0
9313 -0.115142005331192 0.2009811950007004 0
9314 -0.01738589064032841 -0.1332718194988311 0
9315 0.1125419083741423 0.466285815382796 0
9316 -0.1155787136521517 0.0354150664470704 0
9317 -0.1296850425494877 0.01726891206652621 0
9318 0.1199951560639323 0.131658266442967 0
9319 0.11511931179804 0.7140459587909248 0
9320 -0.008547260575019325 -0.1147280060428776 0
9321 -0.1192365057466684 0.8358327192980077 0
9322 0.1335010577186013 -0.01718254728278915 0
9323 0.1372068050656087 0.3011071176611066 0
9324 -0.1339773770169772 0.3772115439628406 0
9325 0.02610466001564271 -0.134725827618606 0
9326 -0.1175263038201767 0.4440714910901238 0
9327 -0.1372003785726858 0.06869998187621129 0
9328 0.1069413273771678 -0.04371642643252117 0
9329 0.1373495911930509 0.4969133643790416 0
9330 0.136967724525111 0.8379677245250993 0
9331 0.120027051948709 0.3248897603401353 0
9332 -0.1177974172721391 0.6123809070061668 0
9333 -0.1286565816233813 0.2722994505262791 0
9334 -0.1370786341316513 0.6768167583145406 0
9335 -0.1299659020524382 0.3304731222197575 0
9336 -0.1349177929634013 0.826066711632976 0
9337 0.1349000633243393 0.05335031529974255 0
9338 -0.1349888747609787 0.4003512750607188 0
9339 0.1209912366509355 0.4478445170842856 0
9340 0.1298939541558628 0.442122645401575 0
9341 -0.1300714083393586 0.002826250659577546 0
9342 -0.1167468222801585 0.4185998491986346 0
9343 -0.1129162530066087 0.3623892936578407 0
9344 0.1180798735387622 0.266466342356749 0
9345 -0.1154464943623272 0.5858463615264113 0
9346 0.1150707280514307 0.520677511945246 0
9347 -0.04434422640010433 -0.1216959256358394 0
9348 0.1324626951441451 0.5928610751405655 0
9349 -0.1153824624980891 0.2777829138060472 0
9350 -0.1348634227353046 0.4984589764824 0
9351 -0.115639594433532 0.7792080511905946 0
9352 -0.1150883322715649 0.6944976658273433 0
9353 0.1345825535912234 0.6097942024684125 0
9354 -0.1349775130754672 0.2351893762126441 0
9355 0.1129813560101219 0.8137514201691115 0
9356 -0.1128725472900413 0.1970554677866543 0
9357 0.1199366908570228 0.03644202824748462 0
9358 -0.1105641236691765 -0.08135027040532669 0
9359 -0.1374560630414197 0.5671176712393352 0
9360 0.115606978541356 0.3844384349100897 0
9361 0.1297590174511851 0.4392702249980741 0
9362 0.08336117712137581 -0.1060490893192738 0
9363 0.1348434980902197 0.7337453942129621 0
9364 -0.1129302312484357 0.0319390448928341 0
9365 0.08692592906975308 -0.07949688009566273 0
9366 -0.1150754415115544 0.529095520441011 0
9367 0.07917350379284467 -0.112116212989246 0
9368 -0.1151565216550479 0.08668167547872029 0
9369 -0.1296904184063934 0.1824869293572832 0
9370 0.1198894359604029 0.3799073708246609 0
9371 -0.1369679289910413 0.5200080634673655 0
9372 -0.1300220480755729 0.1680576987208184 0
9373 0.1336869882957379 0.6167276985287948 0
9374 -0.1349037710948491 0.6636387187090311 0
9375 -0.0854715250593322 -0.0735192148629578 0
9376 0.06748039064907142 -0.1196456985041188 0
9377 0.1349494628402766 0.5347496209328018 0
9378 0.11539658816625 0.7637588720508661 0
9379 0.1129061188925941 0.5284331067895904 0
9380 0.1199903115408748 0.2297164051931802 0
9381 0.1343972724008395 0.1913049575892096 0
9382 -0.112918329393152 0.6904246492348642 0
9383 0.1321267388962646 0.7063048374449709 0
9384 -0.1324660460786788 0.7478168648424652 0
9385 0.1151149195449546 0.6188788833041623 0
9386 -0.131523264613895 -0.02940103917480738 0
9387 -0.1349298413888158 0.8288526015012095 0
9388 -0.1319686812383319 0.7284633777741361 0
9389 0.1148556522773344 0.7195527254893923 0
9390 -0.1300557696026337 0.3332588460340796 0
9391 -0.03232995260352226 -0.1310293755328719 0
9392 -0.1176882881137983 0.6096214613641705 0
9393 -0.1346985459054245 -0.008020755628138386 0
9394 0.1206574933229453 -0.0598787202658993 0
9395 -0.130091331120347 0.005473167705717577 0
9396 -0.1174560736307159 0.4413911068292423 0
9397 0.1153870735249764 0.6656913177301714 0
9398 0.1348721542336841 0.148495429338073 0
9399 0.1166204601905168 -0.06762435851736759 0
9400 0.1373913128538866 0.1889999999996083 0
9401 -0.1129358387290239 0.1113078361981675 0
9402 0.11302618013288 0.4360385146339753 0
9403 -0.1374749179158565 0.7351239635862631 0
9404 -0.1349147544810775 0.5012585214533198 0
9405 0.1345939872769903 0.1015492566539419 0
9406 0.1344609362087586 0.7884632366456041 0
9407 0.1299028370203808 0.0006584654327801833 0
9408 0.07473536639442498 -0.1151010948411001 0
9409 0.134905403762262 0.8318265647634679 0
9410 -0.09325928600271918 -0.06713190555975246 0
9411 -0.1296993656342887 0.3477006837800392 0
9412 0.1126029079569369 0.07700000000021674 0
9413 -0.1347055513361367 0.269183600491065 0
9414 -0.1319040056336586 0.05927577283260782 0
9415 0.1152856920950634 -0.0218224496120985 0
9416 0.09334435759762678 -0.06705313358563141 0
9417 -0.1369813434073591 0.6852352994472145 0
9418 -0.1125990719561301 0.7769999999998276 0
9419 -0.1150845214486185 0.5263478240345872 0
9420 0.1202258757407557 0.3310857986626042 0
9421 0.137127169957183 0.04930514986982287 0
9422 0.1125957790513614 0.5670000000007104 0
9423 -0.1373182085647512 0.5697072091200805 0
9424 0.1199101655170458 0.134286394323731 0
9425 0.1345575630107441 0.199682496126014 0
9426 -0.08278614283462825 -0.08327604584792485 0
9427 0.1173939721015098 0.1749681309574786 0
9428 0.1127970965773945 0.5247935833139614 0
9429 -0.1300673351379533 0.170858125709759 0
9430 0.115130934741548 0.7170279956974182 0
9431 0.1127575695538311 0.4688677438031341 0
9432 -0.1349408634612136 0.6664543223193058 0
9433 0.1128211394531731 0.2732823385051967 0
9434 -0.1151905237233013 0.1068146287146651 0
9435 0.137040931451481 0.5917614788161142 0
9436 0.1124997676099887 0.3711158567727837 0
9437 -0.1153285380049599 0.008939020123252314 0
9438 -0.1129270891002637 0.6866890819330331 0
9439 -0.09552927113690145 -0.09493644762291063 0
9440 0.1199080993622951 0.3275008834810528 0
9441 -0.1372585309555212 0.4047971341630612 0
9442 -0.1128845153389449 0.3596807146983627 0
9443 0.03002964534106168 -0.1313383689685864 0
9444 0.1344827907269702 0.1446568372209563 0
9445 0.1344435953105229 0.4941957789378255 0
9446 -0.1060272985017544 -0.08333706099241921 0
9447 -0.1287690707000839 -0.03888668631153539 0
9448 -0.1125293884847615 0.1946372895905674 0
9449 0.1374945555295867 0.3960753412504656 0
9450 0.1181575912172941 0.06766620205274768 0
9451 -0.1154244339630349 0.6082622605869574 0
9452 0.1278811171343475 0.6343526374965156 0
9453 0.03752650748037985 -0.129673054736291 0
9454 -0.1125437456044682 0.0294410650811739 0
9455 -0.115219438170223 0.2748053103701116 0
9456 -0.1152148026692442 0.7734968148765421 0
9457 0.1151811869354337 0.6440580960097103 0
9458 -0.1370972132545454 0.2398210598436046 0
9459 0.1198688402301107 0.03907075356801026 0
9460 -0.1349390319507266 0.8316540575777073 0
9461 0.1155257530212815 0.6709480720812792 0
9462 -0.1301206803484473 0.3358862155000972 0
9463 0.1304753056807169 -0.003164059589286356 0
9464 0.06321077767786354 -0.1190917682939913 0
9465 0.1348852321227922 0.7309610091666001 0
9466 -0.1297341039627242 0.07426662442279183 0
9467 -0.1350101116869094 0.5040000000009386 0
9468 0.137384437456231 0.2897979344331996 0
9469 0.1350026564433184 0.5319562518019718 0
9470 0.1130695517326265 0.8164090076820597 0
9471 -0.1373490814010148 0.7377099683130137 0
9472 0.1194258123247112 0.7239744541562887 0
9473 -0.1344563609675855 0.06349886466028383 0
9474 0.1367759593494356 0.04537734313206311 0
9475 -0.1151338969438737 0.2719324205474782 0
9476 -0.1347246361982095 0.3840677647368318 0
9477 -0.1153559230927615 0.4399401720653098 0
9478 -0.1328399922210282 0.7513314685425232 0
9479 -0.1142396454789506 -0.01487784208883725 0
9480 0.1269769043644282 0.6915187868809806 0
9481 0.1199652069972452 0.2325089239867384 0
9482 0.1306742236403538 0.3347731470189668 0
9483 0.1151464203754674 0.766588391100071 0
9484 -0.1360791575251014 -0.01575855448816874 0
9485 -0.13010798010444 0.1736578345962704 0
9486 -0.1366332534399913 -0.01207244582504695 0
9487 -0.03813709021116769 -0.1159305731688082 0
9488 -0.1350285149519207 0.6692000000003684 0
9489 -0.1149791268419231 0.3583905490745191 0
9490 0.08141621082232324 -0.1106979769941568 0
9491 0.1150307407897308 0.621677585249663 0
9492 -0.1344236057323538 0.564655703807163 0
9493 0.1149654975629263 0.4283363753518097 0
9494 -0.1152469398827972 0.1767951924831322 0
9495 0.02769494110204691 -0.1120301736039777 0
9496 -0.1207756678071825 -0.05957128013156471 0
9497 0.1152897764271948 0.668621422998956 0
9498 0.05163416596452472 -0.1083066504568503 0
9499 0.1298951163758328 -0.04481931271742758 0
9500 0.1209989617804428 -0.06506360500610928 0
9501 -0.1153868620965021 0.6055230339308624 0
9502 0.1344880063216018 0.4192412685460967 0
9503 0.1151303854587447 0.5705257359630993 0
9504 0.1349780755924828 0.8290153044549617 0
9505 -0.1154264330327042 0.1923450664314278 0
9506 0.1142721202503016 -0.07212090302608981 0
9507 0.1155258552445126 0.3686847219534143 0
9508 -0.1154432460429645 0.02707422088666842 0
9509 -0.1374708573281215 0.242200000000678 0
9510 0.1346584238011421 0.098746797299434 0
9511 -0.1319978076263166 0.2327773313943551 0
9512 -0.1344641530334285 0.732700170078456 0
9513 -0.1195133376692253 0.3379038151908025 0
9514 0.1344703139443498 0.3984761780874306 0
9515 0.001493972156582602 -0.1172871426698462 0
9516 -0.1127583420450196 0.3543500536360628 0
9517 0.1155766675188187 0.07971694532234075 0
9518 -0.1176564969108628 0.427396537924869 0
9519 -0.1161483801216636 -0.03026071523667172 0
9520 0.1153962595862242 0.1868145449670609 0
9521 0.1301153060255939 0.6299248003091111 0
9522 -0.1127472953129212 0.1892870963579721 0
9523 -0.1347589163299399 0.5577540157198615 0
9524 -0.137274245807506 0.5079210445707498 0
9525 0.1201017478871979 0.1778614088152752 0
9526 -0.1278862510123385 0.009652420127775597 0
9527 0.1346461730718105 0.1968598675289421 0
9528 -0.1151412417668241 0.1040083309681703 0
9529 0.1154401899929056 0.4721107881376184 0
9530 -0.1350431600837219 0.8343781367086194 0
9531 -0.1370317248532427 0.2513908474432546 0
9532 -0.1127350268166684 0.02368107782532906 0
9533 0.112967524364462 0.536992147836404 0
9534 -0.1241661428599969 0.8355985289091121 0
9535 -0.115297344501627 0.4373685073023824 0
9536 0.1125087235216513 0.2758000000007624 0
9537 0.1374919738870081 0.5893999999993128 0
9538 -0.1147962222086289 0.6860377885227319 0
9539 0.1127347931006408 0.3735762843466872 0
9540 -0.1301492615821627 0.1764561545929459 0
9541 -0.1372745229337035 0.6731383359505891 0
9542 -0.08327937616574407 -0.1091213370736457 0
9543 0.1322396163863678 0.1435349881585137 0
9544 0.1277774992164624 0.4381780829257313 0
9545 0.03655226335703857 -0.1089128853346312 0
9546 0.1373012644979032 0.4912347147208481 0
9547 0.1336193418435839 0.8132561220961603 0
9548 0.1372250128284213 0.3936589804513951 0
9549 0.1155458270471937 0.07186076544695016 0
9550 -0.02290046184271134 -0.1125787587868773 0
9551 -0.1008388860371535 -0.0500636323063379 0
9552 0.1125928784036671 0.6733804824605536 0
9553 0.132769182647799 -0.003909656413636019 0
9554 0.1261638285831712 0.8335497014370465 0
9555 -0.1274346771125031 0.07876639975287378 0
9556 0.1155996194521357 0.2705819256154371 0
9557 -0.1178399647453133 0.003272250752532521 0
9558 0.1125748998782132 0.4409990599615103 0
9559 -0.1124960881784777 0.2617999999993474 0
9560 -0.1350351328031793 0.0867352709619871 0
9561 -0.1299491845038419 0.5692760367471792 0
9562 0.1349870847097331 0.7281462235280478 0
9563 -0.1303405717565762 0.4328117024310737 0
9564 -0.1132191609964855 0.6781990422413435 0
9565 -0.112793966989816 0.682120824610716 0
9566 -0.1028764560047016 -0.05696159872947703 0
9567 0.1350757917683518 0.5291589152804839 0
9568 0.1189152285846469 0.638299621322743 0
9569 -0.1344827305271986 0.7147550727574967 0
9570 -0.1153510290395031 0.6027228838544685 0
9571 0.1129552233823924 0.7677865462386508 0
9572 0.1306554808369574 0.2366047222811117 0
9573 -0.1218049338292637 0.5919638227700893 0
9574 0.11298331675333 0.6320228838612544 0
9575 -0.1152199855090277 0.7706482541295899 0
9576 -0.1124812265875143 0.7657999999997921 0
9577 0.1320929664967817 0.2927929554174811 0
9578 0.1149442625151513 0.8175680803108493 0
9579 -0.1150431930209064 0.1704466402918022 0
9580 -0.1225631892036742 0.5184887626063179 0
9581 0.1350750279600361 0.2407278846131769 0
9582 -0.1279646489111365 0.3400413337317774 0
9583 0.1199124669004678 0.2353097547359105 0
9584 0.1126860556376062 0.4323321600760936 0
9585 0.115317652468269 0.3590887059713366 0
9586 -0.1347499538317798 0.07050440269365316 0
9587 -0.07263223761236537 -0.08969559608845895 0
9588 -0.1128785162626704 0.3506549483721845 0
9589 0.1350541821796423 0.33885449515368 0
9590 -0.1150917201982282 0.1012135112056542 0
9591 -0.1277617754243293 0.4231672334276243 0
9592 -0.1301238903786653 0.01379809545251482 0
9593 0.1301165832663534 0.4826027350948635 0
9594 0.1149103088364914 0.6243172227728825 0
9595 0.1373649518476015 0.7742131496063237 0
9596 -0.1372760417242575 0.7517316714829607 0
9597 -0.1344262980674256 0.4021242733758174 0
9598 -0.1302614325026417 0.1792000000004686 0
9599 -0.1375362198269042 0.4074000000010986 0
9600 -0.1299995173358303 0.7373195746374819 0
9601 -0.115307044135015 0.4346522485444925 0
9602 0.1373689934942579 0.7855196729096907 0
9603 -0.1200134375633355 0.01293178436444875 0
9604 -0.1263215355851672 -0.04793955956254316 0
9605 0.1344541822430201 0.2916857414553516 0
9606 0.01312741787122004 -0.1364081776625315 0
9607 0.1348617932946885 0.8263295387594199 0
9608 0.1151931253054257 0.08220842504388912 0
9609 -0.04984484096916697 -0.1251677869431478 0
9610 -0.1221723562474383 0.5956978459920879 0
9611 0.1302119788798393 0.4340611238444412 0
9612 -0.1272902823175269 0.08135052973168468 0
9613 -0.1129372196180877 0.1853553628035774 0
9614 0.1346444263616292 0.09602286939752123 0
9615 -0.1300869176067675 0.3441333573164407 0
9616 -0.1175283846409666 0.4302604076953375 0
9617 0.1302805654552325 0.6271999999994566 0
9618 0.1307303136942009 0.8213687576421298 0
9619 -0.1192667301461844 0.6704138044657659 0
9620 0.0791260445948032 -0.106283560465042 0
9621 0.1153511090271827 0.5730199219942193 0
9622 -0.1124829408318697 0.02106479793544951 0
9623 0.1077828032047466 -0.05766621864524339 0
9624 0.1148646837501837 0.445200556720633 0
9625 0.1174062603640537 0.2843018483047585 0
9626 0.1219744018225537 0.1383385913562132 0
9627 -0.1222207184460356 0.5871152538056807 0
9628 -0.1300314597037171 0.2414836312047504 0
9629 -0.05301801003446684 -0.1240484191094573 0
9630 0.1346926472998777 0.1939199147797908 0
9631 -0.1352872279005762 0.5121522235939229 0
9632 -0.11243537320139 0.3457999999990649 0
9633 -0.1344229551225387 0.2369192727246243 0
9634 -0.1147435228361603 0.6745014141389388 0
9635 -0.1305999658467625 0.425428069452321 0
9636 0.1313634656181151 0.5990524084066748 0
9637 0.1194889870256201 0.197585493543024 0
9638 0.005727408613698661 -0.114498746877107 0
9639 0.1221572052072544 0.3318276894710143 0
9640 0.1029162075634762 -0.08752695848751027 0
9641 0.1322225665878099 0.4177388590137462 0
9642 -0.1324690427159046 0.071887838698764 0
9643 0.1253593403348662 -0.05055968025311639 0
9644 0.1125613870798394 0.474556249555239 0
9645 -0.1153049295438881 0.1787049764556308 0
9646 -0.09086536842240597 -0.09959309959047323 0
9647 0.1346353813389577 0.5866494573344936 0
9648 0.1151618759106365 0.7720396038237505 0
9649 0.1155301339099371 0.8210820933524883 0
9650 -0.1152131370748315 0.09851115168778943 0
9651 0.07169082213636296 -0.1169944506839582 0
9652 0.1297768117117173 0.142259550036876 0
9653 0.135153320225467 0.5263989599151132 0
9654 0.1346519724067411 0.3904100639671066 0
9655 0.1375779269050932 0.4885999999990694 0
9656 0.1147012084282718 0.5289966888699315 0
9657 0.1349735416802839 0.7254112704936619 0
9658 0.129010358839201 -0.04011280337582514 0
9659 -0.1322280337854944 0.7162706104495679 0
9660 0.1370805405060043 0.6014239849991564 0
9661 -0.1141756878760518 0.2577888363834915 0
9662 0.1351571880410197 0.8174519449373054 0
9663 -0.1057670174365337 -0.04463571849403263 0
9664 0.1219857871377635 0.04317221134848542 0
9665 0.1125326871103592 0.7293552564951662 0
9666 -0.1352986148485659 0.6773878685670458 0
9667 -0.1124641555042956 0.1805968786505493 0
9668 -0.01661946811063891 -0.1138882449360054 0
9669 0.1125787282398836 0.628425041484403 0
9670 -0.1194101876773982 0.5829819880405609 0
9671 0.1299445986495523 0.6890628932658134 0
9672 -0.1232199429546942 -0.05543905401009777 0
9673 0.1150601913592135 0.08713160501838271 0
9674 -0.1186880800989469 0.06970195656735159 0
9675 0.06087284386601875 -0.1201301657813793 0
9676 0.1345918824345666 0.2982650577196673 0
9677 -0.114736520949721 0.3499491498411328 0
9678 0.04764145369363661 -0.1262609470083424 0
9679 -0.1311583096593898 -0.03196023020795158 0
9680 0.1196778619227593 0.2380000000006637 0
9681 -0.1147351777909874 0.1847040284663407 0
$EndNodes
$Elements
19360
1 1 2 4 1 9 11
2 1 2 4 1 11 12
3 1 2 4 1 12 13
4 1 2 4 1 13 14
5 1 2 4 1 14 15
6 1 2 4 1 15 16
7 1 2 4 1 16 17
8 1 2 4 1 17 18
9 1 2 4 1 18 19
10 1 2 4 1 19 20
11 1 2 4 1 20 21
12 1 2 4 1 21 22
13 1 2 4 1 22 23
14 1 2 4 1 23 24
15 1 2 4 1 24 25
16 1 2 4 1 25 26
17 1 2 4 1 26 27
18 1 2 4 1 27 28
19 1 2 4 1 28 29
20 1 2 4 1 29 30
21 1 2 4 1 30 31
22 1 2 4 1 31 32
23 1 2 4 1 32 33
24 1 2 4 1 33 34
25 1 2 4 1 34 35
26 1 2 4 1 35 36
27 1 2 4 1 36 37
28 1 2 4 1 37 38
29 1 2 4 1 38 39
30 1 2 4 1 39 40
31 1 2 4 1 40 41
32 1 2 4 1 41 42
33 1 2 4 1 42 43
34 1 2 4 1 43 44
35 1 2 4 1 44 45
36 1 2 4 1 45 46
37 1 2 4 1 46 47
38 1 2 4 1 47 48
39 1 2 4 1 48 49
40 1 2 4 1 49 50
41 1 2 4 1 50 51
42 1 2 4 1 51 52
43 1 2 4 1 52 53
44 1 2 4 1 53 54
45 1 2 4 1 54 55
46 1 2 4 1 55 56
47 1 2 4 1 56 57
48 1 2 4 1 57 58
49 1 2 4 1 58 59
50 1 2 4 1 59 60
51 1 2 4 1 60 61
52 1 2 4 1 61 62
53 1 2 4 1 62 63
54 1 2 4 1 63 64
55 1 2 4 1 64 65
56 1 2 4 1 65 66
57 1 2 4 1 66 67
58 1 2 4 1 67 68
59 1 2 4 1 68 69
60 1 2 4 1 69 70
61 1 2 4 1 70 71
62 1 2 4 1 71 72
63 1 2 4 1 72 73
64 1 2 4 1 73 74
65 1 2 4 1 74 75
66 1 2 4 1 75 76
67 1 2 4 1 76 77
68 1 2 4 1 77 78
69 1 2 4 1 78 79
70 1 2 4 1 79 80
71 1 2 4 1 80 81
72 1 2 4 1 81 82
73 1 2 4 1 82 83
74 1 2 4 1 83 84
75 1 2 4 1 84 85
76 1 2 4 1 85 86
77 1 2 4 1 86 87
78 1 2 4 1 87 88
79 1 2 4 1 88 89
80 1 2 4 1 89 90
81 1 2 4 1 90 91
82 1 2 4 1 91 92
83 1 2 4 1 92 93
84 1 2 4 1 93 94
85 1 2 4 1 94 95
86 1 2 4 1 95 96
87 1 2 4 1 96 97
88 1 2 4 1 97 98
89 1 2 4 1 98 99
90 1 2 4 1 99 100
91 1 2 4 1 100 101
92 1 2 4 1 101 102
93 1 2 4 1 102 103
94 1 2 4 1 103 104
95 1 2 4 1 104 105
96 1 2 4 1 105 106
97 1 2 4 1 106 107
98 1 2 4 1 107 108
99 1 2 4 1 108 109
100 1 2 4 1 109 110
101 1 2 4 1 110 111
102 1 2 4 1 111 112
103 1 2 4 1 112 113
104 1 2 4 1 113 114
105 1 2 4 1 114 115
106 1 2 4 1 115 116
107 1 2 4 1 116 117
108 1 2 4 1 117 118
109 1 2 4 1 118 119
110 1 2 4 1 119 120
111 1 2 4 1 120 121
112 1 2 4 1 121 122
113 1 2 4 1 122 123
114 1 2 4 1 123 124
115 1 2 4 1 124 125
116 1 2 4 1 125 126
117 1 2 4 1 126 127
118 1 2 4 1 127 128
119 1 2 4 1 128 129
120 1 2 4 1 129 130
121 1 2 4 1 130 131
122 1 2 4 1 131 132
123 1 2 4 1 132 133
124 1 2 4 1 133 134
125 1 2 4 1 134 135
126 1 2 4 1 135 136
127 1 2 4 1 136 137
128 1 2 4 1 137 138
129 1 2 4 1 138 139
130 1 2 4 1 139 140
131 1 2 4 1 140 141
132 1 2 4 1 141 142
133 1 2 4 1 142 143
134 1 2 4 1 143 144
135 1 2 4 1 144 145
136 1 2 4 1 145 146
137 1 2 4 1 146 147
138 1 2 4 1 147 148
139 1 2 4 1 148 149
140 1 2 4 1 149 150
141 1 2 4 1 150 151
142 1 2 4 1 151 152
143 1 2 4 1 152 153
144 1 2 4 1 153 154
145 1 2 4 1 154 155
146 1 2 4 1 155 156
147 1 2 4 1 156 157
148 1 2 4 1 157 158
149 1 2 4 1 158 159
150 1 2 4 1 159 160
151 1 2 4 1 160 161
152 1 2 4 1 161 162
153 1 2 4 1 162 163
154 1 2 4 1 163 164
155 1 2 4 1 164 165
156 1 2 4 1 165 166
157 1 2 4 1 166 167
158 1 2 4 1 167 168
159 1 2 4 1 168 169
160 1 2 4 1 169 170
161 1 2 4 1 170 171
162 1 2 4 1 171 172
163 1 2 4 1 172 173
164 1 2 4 1 173 174
165 1 2 4 1 174 175
166 1 2 4 1 175 176
167 1 2 4 1 176 177
168 1 2 4 1 177 178
169 1 2 4 1 178 179
170 1 2 4 1 179 180
171 1 2 4 1 180 181
172 1 2 4 1 181 182
173 1 2 4 1 182 183
174 1 2 4 1 183 184
175 1 2 4 1 184 185
176 1 2 4 1 185 186
177 1 2 4 1 186 187
178 1 2 4 1 187 188
179 1 2 4 1 188 189
180 1 2 4 1 189 190
181 1 2 4 1 190 191
182 1 2 4 1 191 192
183 1 2 4 1 192 193
184 1 2 4 1 193 194
185 1 2 4 1 194 195
186 1 2 4 1 195 196
187 1 2 4 1 196 197
188 1 2 4 1 197 198
189 1 2 4 1 198 199
190 1 2 4 1 199 200
191 1 2 4 1 200 201
192 1 2 4 1 201 202
193 1 2 4 1 202 203
194 1 2 4 1 203 204
195 1 2 4 1 204 205
196 1 2 4 1 205 206
197 1 2 4 1 206 207
198 1 2 4 1 207 208
199 1 2 4 1 208 209
200 1 2 4 1 209 210
201 1 2 4 1 210 211
202 1 2 4 1 211 212
203 1 2 4 1 212 213
204 1 2 4 1 213 214
205 1 2 4 1 214 215
206 1 2 4 1 215 216
207 1 2 4 1 216 217
208 1 2 4 1 217 218
209 1 2 4 1 218 219
210 1 2 4 1 219 220
211 1 2 4 1 220 221
212 1 2 4 1 221 222
213 1 2 4 1 222 223
214 1 2 4 1 223 224
215 1 2 4 1 224 225
216 1 2 4 1 225 226
217 1 2 4 1 226 227
218 1 2 4 1 227 228
219 1 2 4 1 228 229
220 1 2 4 1 229 230
221 1 2 4 1 230 231
222 1 2 4 1 231 232
223 1 2 4 1 232 233
224 1 2 4 1 233 234
225 1 2 4 1 234 235
226 1 2 4 1 235 236
227 1 2 4 1 236 237
228 1 2 4 1 237 238
229 1 2 4 1 238 239
230 1 2 4 1 239 240
231 1 2 4 1 240 241
232 1 2 4 1 241 242
233 1 2 4 1 242 243
234 1 2 4 1 243 244
235 1 2 4 1 244 245
236 1 2 4 1 245 246
237 1 2 4 1 246 247
238 1 2 4 1 247 248
239 1 2 4 1 248 249
240 1 2 4 1 249 250
241 1 2 4 1 250 251
242 1 2 4 1 251 252
243 1 2 4 1 252 253
244 1 2 4 1 253 254
245 1 2 4 1 254 255
246 1 2 4 1 255 256
247 1 2 4 1 256 257
248 1 2 4 1 257 258
249 1 2 4 1 258 259
250 1 2 4 1 259 260
251 1 2 4 1 260 261
252 1 2 4 1 261 262
253 1 2 4 1 262 263
254 1 2 4 1 263 264
255 1 2 4 1 264 265
256 1 2 4 1 265 266
257 1 2 4 1 266 267
258 1 2 4 1 267 268
259 1 2 4 1 268 269
260 1 2 4 1 269 270
261 1 2 4 1 270 271
262 1 2 4 1 271 272
263 1 2 4 1 272 273
264 1 2 4 1 273 274
265 1 2 4 1 274 275
266 1 2 4 1 275 276
267 1 2 4 1 276 277
268 1 2 4 1 277 278
269 1 2 4 1 278 279
270 1 2 4 1 279 280
271 1 2 4 1 280 281
272 1 2 4 1 281 282
273 1 2 4 1 282 283
274 1 2 4 1 283 284
275 1 2 4 1 284 285
276 1 2 4 1 285 286
277 1 2 4 1 286 287
278 1 2 4 1 287 288
279 1 2 4 1 288 289
280 1 2 4 1 289 290
281 1 2 4 1 290 291
282 1 2 4 1 291 292
283 1 2 4 1 292 293
284 1 2 4 1 293 294
285 1 2 4 1 294 295
286 1 2 4 1 295 296
287 1 2 4 1 296 297
288 1 2 4 1 297 298
289 1 2 4 1 298 299
290 1 2 4 1 299 300
291 1 2 4 1 300 301
292 1 2 4 1 301 302
293 1 2 4 1 302 303
294 1 2 4 1 303 304
295 1 2 4 1 304 305
296 1 2 4 1 305 306
297 1 2 4 1 306 307
298 1 2 4 1 307 308
299 1 2 4 1 308 309
300 1 2 4 1 309 2
301 1 2 4 2 1 310
302 1 2 4 2 310 311
303 1 2 4 2 311 312
304 1 2 4 2 312 313
305 1 2 4 2 313 314
306 1 2 4 2 314 315
307 1 2 4 2 315 316
308 1 2 4 2 316 317
309 1 2 4 2 317 318
310 1 2 4 2 318 319
311 1 2 4 2 319 320
312 1 2 4 2 320 321
313 1 2 4 2 321 322
314 1 2 4 2 322 323
315 1 2 4 2 323 324
316 1 2 4 2 324 325
317 1 2 4 2 325 326
318 1 2 4 2 326 327
319 1 2 4 2 327 328
320 1 2 4 2 328 329
321 1 2 4 2 329 330
322 1 2 4 2 330 331
323 1 2 4 2 331 332
324 1 2 4 2 332 333
325 1 2 4 2 333 334
326 1 2 4 2 334 335
327 1 2 4 2 335 336
328 1 2 4 2 336 337
329 1 2 4 2 337 338
330 1 2 4 2 338 339
331 1 2 4 2 339 340
332 1 2 4 2 340 341
333 1 2 4 2 341 342
334 1 2 4 2 342 343
335 1 2 4 2 343 344
336 1 2 4 2 344 345
337 1 2 4 2 345 346
338 1 2 4 2 346 347
339 1 2 4 2 347 348
340 1 2 4 2 348 349
341 1 2 4 2 349 350
342 1 2 4 2 350 351
343 1 2 4 2 351 352
344 1 2 4 2 352 353
345 1 2 4 2 353 354
346 1 2 4 2 354 355
347 1 2 4 2 355 356
348 1 2 4 2 356 357
349 1 2 4 2 357 358
350 1 2 4 2 358 359
351 1 2 4 2 359 360
352 1 2 4 2 360 361
353 1 2 4 2 361 362
354 1 2 4 2 362 363
355 1 2 4 2 363 364
356 1 2 4 2 364 365
357 1 2 4 2 365 366
358 1 2 4 2 366 367
359 1 2 4 2 367 368
360 1 2 4 2 368 369
361 1 2 4 2 369 370
362 1 2 4 2 370 371
363 1 2 4 2 371 372
364 1 2 4 2 372 373
365 1 2 4 2 373 374
366 1 2 4 2 374 375
367 1 2 4 2 375 376
368 1 2 4 2 376 377
369 1 2 4 2 377 378
370 1 2 4 2 378 379
371 1 2 4 2 379 380
372 1 2 4 2 380 381
373 1 2 4 2 381 382
374 1 2 4 2 382 383
375 1 2 4 2 383 384
376 1 2 4 2 384 385
377 1 2 4 2 385 386
378 1 2 4 2 386 387
379 1 2 4 2 387 388
380 1 2 4 2 388 389
381 1 2 4 2 389 390
382 1 2 4 2 390 391
383 1 2 4 2 391 392
384 1 2 4 2 392 393
385 1 2 4 2 393 394
386 1 2 4 2 394 395
387 1 2 4 2 395 396
388 1 2 4 2 396 397
389 1 2 4 2 397 398
390 1 2 4 2 398 399
391 1 2 4 2 399 400
392 1 2 4 2 400 401
393 1 2 4 2 401 402
394 1 2 4 2 402 403
395 1 2 4 2 403 404
396 1 2 4 2 404 405
397 1 2 4 2 405 406
398 1 2 4 2 406 407
399 1 2 4 2 407 408
400 1 2 4 2 408 409
401 1 2 4 2 409 410
402 1 2 4 2 410 411
403 1 2 4 2 411 412
404 1 2 4 2 412 413
405 1 2 4 2 413 414
406 1 2 4 2 414 415
407 1 2 4 2 415 416
408 1 2 4 2 416 417
409 1 2 4 2 417 418
410 1 2 4 2 418 419
411 1 2 4 2 419 420
412 1 2 4 2 420 421
413 1 2 4 2 421 422
414 1 2 4 2 422 423
415 1 2 4 2 423 424
416 1 2 4 2 424 425
417 1 2 4 2 425 426
418 1 2 4 2 426 427
419 1 2 4 2 427 428
420 1 2 4 2 428 429
421 1 2 4 2 429 430
422 1 2 4 2 430 431
423 1 2 4 2 431 432
424 1 2 4 2 432 433
425 1 2 4 2 433 434
426 1 2 4 2 434 435
427 1 2 4 2 435 436
428 1 2 4 2 436 437
429 1 2 4 2 437 438
430 1 2 4 2 438 439
431 1 2 4 2 439 440
432 1 2 4 2 440 441
433 1 2 4 2 441 442
434 1 2 4 2 442 443
435 1 2 4 2 443 444
436 1 2 4 2 444 445
437 1 2 4 2 445 446
438 1 2 4 2 446 447
439 1 2 4 2 447 448
440 1 2 4 2 448 449
441 1 2 4 2 449 450
442 1 2 4 2 450 451
443 1 2 4 2 451 452
444 1 2 4 2 452 453
445 1 2 4 2 453 454
446 1 2 4 2 454 455
447 1 2 4 2 455 456
448 1 2 4 2 456 457
449 1 2 4 2 457 458
450 1 2 4 2 458 459
451 1 2 4 2 459 460
452 1 2 4 2 460 461
453 1 2 4 2 461 462
454 1 2 4 2 462 463
455 1 2 4 2 463 464
456 1 2 4 2 464 465
457 1 2 4 2 465 466
458 1 2 4 2 466 467
459 1 2 4 2 467 468
460 1 2 4 2 468 469
461 1 2 4 2 469 470
462 1 2 4 2 470 471
463 1 2 4 2 471 472
464 1 2 4 2 472 473
465 1 2 4 2 473 474
466 1 2 4 2 474 475
467 1 2 4 2 475 476
468 1 2 4 2 476 477
469 1 2 4 2 477 478
470 1 2 4 2 478 479
471 1 2 4 2 479 480
472 1 2 4 2 480 481
473 1 2 4 2 481 482
474 1 2 4 2 482 483
475 1 2 4 2 483 484
476 1 2 4 2 484 485
477 1 2 4 2 485 486
478 1 2 4 2 486 487
479 1 2 4 2 487 488
480 1 2 4 2 488 489
481 1 2 4 2 489 490
482 1 2 4 2 490 491
483 1 2 4 2 491 492
484 1 2 4 2 492 493
485 1 2 4 2 493 494
486 1 2 4 2 494 495
487 1 2 4 2 495 496
488 1 2 4 2 496 497
489 1 2 4 2 497 498
490 1 2 4 2 498 499
491 1 2 4 2 499 500
492 1 2 4 2 500 501
493 1 2 4 2 501 502
494 1 2 4 2 502 503
495 1 2 4 2 503 504
496 1 2 4 2 504 505
497 1 2 4 2 505 506
498 1 2 4 2 506 507
499 1 2 4 2 507 508
500 1 2 4 2 508 509
501 1 2 4 2 509 510
502 1 2 4 2 510 511
503 1 2 4 2 511 512
504 1 2 4 2 512 513
505 1 2 4 2 513 514
506 1 2 4 2 514 515
507 1 2 4 2 515 516
508 1 2 4 2 516 517
509 1 2 4 2 517 518
510 1 2 4 2 518 519
511 1 2 4 2 519 520
512 1 2 4 2 520 521
513 1 2 4 2 521 522
514 1 2 4 2 522 523
515 1 2 4 2 523 524
516 1 2 4 2 524 525
517 1 2 4 2 525 526
518 1 2 4 2 526 527
519 1 2 4 2 527 528
520 1 2 4 2 528 529
521 1 2 4 2 529 530
522 1 2 4 2 530 531
523 1 2 4 2 531 532
524 1 2 4 2 532 533
525 1 2 4 2 533 534
526 1 2 4 2 534 535
527 1 2 4 2 535 536
528 1 2 4 2 536 537
529 1 2 4 2 537 538
530 1 2 4 2 538 539
531 1 2 4 2 539 540
532 1 2 4 2 540 541
533 1 2 4 2 541 542
534 1 2 4 2 542 543
535 1 2 4 2 543 544
536 1 2 4 2 544 545
537 1 2 4 2 545 546
538 1 2 4 2 546 547
539 1 2 4 2 547 548
540 1 2 4 2 548 549
541 1 2 4 2 549 550
542 1 2 4 2 550 551
543 1 2 4 2 551 552
544 1 2 4 2 552 553
545 1 2 4 2 553 554
546 1 2 4 2 554 555
547 1 2 4 2 555 556
548 1 2 4 2 556 557
549 1 2 4 2 557 558
550 1 2 4 2 558 559
551 1 2 4 2 559 560
552 1 2 4 2 560 561
553 1 2 4 2 561 562
554 1 2 4 2 562 563
555 1 2 4 2 563 564
556 1 2 4 2 564 565
557 1 2 4 2 565 566
558 1 2 4 2 566 567
559 1 2 4 2 567 568
560 1 2 4 2 568 569
561 1 2 4 2 569 570
562 1 2 4 2 570 571
563 1 2 4 2 571 572
564 1 2 4 2 572 573
565 1 2 4 2 573 574
566 1 2 4 2 574 575
567 1 2 4 2 575 576
568 1 2 4 2 576 577
569 1 2 4 2 577 578
570 1 2 4 2 578 579
571 1 2 4 2 579 580
572 1 2 4 2 580 581
573 1 2 4 2 581 582
574 1 2 4 2 582 583
575 1 2 4 2 583 584
576 1 2 4 2 584 585
577 1 2 4 2 585 586
578 1 2 4 2 586 587
579 1 2 4 2 587 588
580 1 2 4 2 588 589
581 1 2 4 2 589 590
582 1 2 4 2 590 591
583 1 2 4 2 591 592
584 1 2 4 2 592 593
585 1 2 4 2 593 594
586 1 2 4 2 594 595
587 1 2 4 2 595 596
588 1 2 4 2 596 597
589 1 2 4 2 597 598
590 1 2 4 2 598 599
591 1 2 4 2 599 600
592 1 2 4 2 600 601
593 1 2 4 2 601 602
594 1 2 4 2 602 603
595 1 2 4 2 603 604
596 1 2 4 2 604 605
597 1 2 4 2 605 606
598 1 2 4 2 606 607
599 1 2 4 2 607 608
600 1 2 4 2 608 7
601 1 2 4 3 8 609
602 1 2 4 3 609 610
603 1 2 4 3 610 611
604 1 2 4 3 611 612
605 1 2 4 3 612 613
606 1 2 4 3 613 614
607 1 2 4 3 614 615
608 1 2 4 3 615 616
609 1 2 4 3 616 617
610 1 2 4 3 617 618
611 1 2 4 3 618 619
612 1 2 4 3 619 620
613 1 2 4 3 620 621
614 1 2 4 3 621 622
615 1 2 4 3 622 623
616 1 2 4 3 623 624
617 1 2 4 3 624 625
618 1 2 4 3 625 626
619 1 2 4 3 626 627
620 1 2 4 3 627 628
621 1 2 4 3 628 629
622 1 2 4 3 629 630
623 1 2 4 3 630 631
624 1 2 4 3 631 632
625 1 2 4 3 632 633
626 1 2 4 3 633 634
627 1 2 4 3 634 635
628 1 2 4 3 635 636
629 1 2 4 3 636 637
630 1 2 4 3 637 638
631 1 2 4 3 638 639
632 1 2 4 3 639 640
633 1 2 4 3 640 641
634 1 2 4 3 641 642
635 1 2 4 3 642 643
636 1 2 4 3 643 644
637 1 2 4 3 644 645
638 1 2 4 3 645 646
639 1 2 4 3 646 647
640 1 2 4 3 647 648
641 1 2 4 3 648 649
642 1 2 4 3 649 650
643 1 2 4 3 650 651
644 1 2 4 3 651 652
645 1 2 4 3 652 653
646 1 2 4 3 653 654
647 1 2 4 3 654 655
648 1 2 4 3 655 656
649 1 2 4 3 656 657
650 1 2 4 3 657 658
651 1 2 4 3 658 659
652 1 2 4 3 659 660
653 1 2 4 3 660 661
654 1 2 4 3 661 662
655 1 2 4 3 662 663
656 1 2 4 3 663 664
657 1 2 4 3 664 665
658 1 2 4 3 665 666
659 1 2 4 3 666 667
660 1 2 4 3 667 668
661 1 2 4 3 668 669
662 1 2 4 3 669 670
663 1 2 4 3 670 671
664 1 2 4 3 671 672
665 1 2 4 3 672 673
666 1 2 4 3 673 674
667 1 2 4 3 674 675
668 1 2 4 3 675 676
669 1 2 4 3 676 677
670 1 2 4 3 677 678
671 1 2 4 3 678 679
672 1 2 4 3 679 680
673 1 2 4 3 680 681
674 1 2 4 3 681 682
675 1 2 4 3 682 683
676 1 2 4 3 683 684
677 1 2 4 3 684 685
678 1 2 4 3 685 686
679 1 2 4 3 686 687
680 1 2 4 3 687 688
681 1 2 4 3 688 689
682 1 2 4 3 689 690
683 1 2 4 3 690 691
684 1 2 4 3 691 692
685 1 2 4 3 692 693
686 1 2 4 3 693 694
687 1 2 4 3 694 695
688 1 2 4 3 695 696
689 1 2 4 3 696 697
690 1 2 4 3 697 698
691 1 2 4 3 698 699
692 1 2 4 3 699 700
693 1 2 4 3 700 701
694 1 2 4 3 701 702
695 1 2 4 3 702 703
696 1 2 4 3 703 704
697 1 2 4 3 704 705
698 1 2 4 3 705 706
699 1 2 4 3 706 707
700 1 2 4 3 707 708
701 1 2 4 3 708 709
702 1 2 4 3 709 710
703 1 2 4 3 710 711
704 1 2 4 3 711 712
705 1 2 4 3 712 713
706 1 2 4 3 713 714
707 1 2 4 3 714 715
708 1 2 4 3 715 716
709 1 2 4 3 716 717
710 1 2 4 3 717 718
711 1 2 4 3 718 719
712 1 2 4 3 719 720
713 1 2 4 3 720 721
714 1 2 4 3 721 722
715 1 2 4 3 722 723
716 1 2 4 3 723 724
717 1 2 4 3 724 725
718 1 2 4 3 725 726
719 1 2 4 3 726 727
720 1 2 4 3 727 728
721 1 2 4 3 728 729
722 1 2 4 3 729 730
723 1 2 4 3 730 731
724 1 2 4 3 731 732
725 1 2 4 3 732 733
726 1 2 4 3 733 734
727 1 2 4 3 734 735
728 1 2 4 3 735 736
729 1 2 4 3 736 737
730 1 2 4 3 737 738
731 1 2 4 3 738 739
732 1 2 4 3 739 740
733 1 2 4 3 740 741
734 1 2 4 3 741 742
735 1 2 4 3 742 743
736 1 2 4 3 743 744
737 1 2 4 3 744 745
738 1 2 4 3 745 746
739 1 2 4 3 746 747
740 1 2 4 3 747 748
741 1 2 4 3 748 749
742 1 2 4 3 749 750
743 1 2 4 3 750 751
744 1 2 4 3 751 752
745 1 2 4 3 752 753
746 1 2 4 3 753 754
747 1 2 4 3 754 755
748 1 2 4 3 755 756
749 1 2 4 3 756 757
750 1 2 4 3 757 758
751 1 2 4 3 758 759
752 1 2 4 3 759 760
753 1 2 4 3 760 761
754 1 2 4 3 761 762
755 1 2 4 3 762 763
756 1 2 4 3 763 764
757 1 2 4 3 764 765
758 1 2 4 3 765 766
759 1 2 4 3 766 767
760 1 2 4 3 767 768
761 1 2 4 3 768 769
762 1 2 4 3 769 770
763 1 2 4 3 770 771
764 1 2 4 3 771 772
765 1 2 4 3 772 773
766 1 2 4 3 773 774
767 1 2 4 3 774 775
768 1 2 4 3 775 776
769 1 2 4 3 776 777
770 1 2 4 3 777 778
771 1 2 4 3 778 779
772 1 2 4 3 779 780
773 1 2 4 3 780 781
774 1 2 4 3 781 782
775 1 2 4 3 782 783
776 1 2 4 3 783 784
777 1 2 4 3 784 785
778 1 2 4 3 785 786
779 1 2 4 3 786 787
780 1 2 4 3 787 788
781 1 2 4 3 788 789
782 1 2 4 3 789 790
783 1 2 4 3 790 791
784 1 2 4 3 791 792
785 1 2 4 3 792 793
786 1 2 4 3 793 794
787 1 2 4 3 794 795
788 1 2 4 3 795 796
789 1 2 4 3 796 797
790 1 2 4 3 797 798
791 1 2 4 3 798 799
792 1 2 4 3 799 800
793 1 2 4 3 800 801
794 1 2 4 3 801 802
795 1 2 4 3 802 803
796 1 2 4 3 803 804
797 1 2 4 3 804 805
798 1 2 4 3 805 806
799 1 2 4 3 806 807
800 1 2 4 3 807 808
801 1 2 4 3 808 809
802 1 2 4 3 809 810
803 1 2 4 3 810 811
804 1 2 4 3 811 812
805 1 2 4 3 812 813
806 1 2 4 3 813 814
807 1 2 4 3 814 815
808 1 2 4 3 815 816
809 1 2 4 3 816 817
810 1 2 4 3 817 818
811 1 2 4 3 818 819
812 1 2 4 3 819 820
813 1 2 4 3 820 821
814 1 2 4 3 821 822
815 1 2 4 3 822 823
816 1 2 4 3 823 824
817 1 2 4 3 824 825
818 1 2 4 3 825 826
819 1 2 4 3 826 827
820 1 2 4 3 827 828
821 1 2 4 3 828 829
822 1 2 4 3 829 830
823 1 2 4 3 830 831
824 1 2 4 3 831 832
825 1 2 4 3 832 833
826 1 2 4 3 833 834
827 1 2 4 3 834 835
828 1 2 4 3 835 836
829 1 2 4 3 836 837
830 1 2 4 3 837 838
831 1 2 4 3 838 839
832 1 2 4 3 839 840
833 1 2 4 3 840 841
834 1 2 4 3 841 842
835 1 2 4 3 842 843
836 1 2 4 3 843 844
837 1 2 4 3 844 845
838 1 2 4 3 845 846
839 1 2 4 3 846 847
840 1 2 4 3 847 848
841 1 2 4 3 848 849
842 1 2 4 3 849 850
843 1 2 4 3 850 851
844 1 2 4 3 851 852
845 1 2 4 3 852 853
846 1 2 4 3 853 854
847 1 2 4 3 854 855
848 1 2 4 3 855 856
849 1 2 4 3 856 857
850 1 2 4 3 857 858
851 1 2 4 3 858 859
852 1 2 4 3 859 860
853 1 2 4 3 860 861
854 1 2 4 3 861 862
855 1 2 4 3 862 863
856 1 2 4 3 863 864
857 1 2 4 3 864 865
858 1 2 4 3 865 866
859 1 2 4 3 866 867
860 1 2 4 3 867 868
861 1 2 4 3 868 869
862 1 2 4 3 869 870
863 1 2 4 3 870 871
864 1 2 4 3 871 872
865 1 2 4 3 872 873
866 1 2 4 3 873 874
867 1 2 4 3 874 875
868 1 2 4 3 875 876
869 1 2 4 3 876 877
870 1 2 4 3 877 878
871 1 2 4 3 878 879
872 1 2 4 3 879 880
873 1 2 4 3 880 881
874 1 2 4 3 881 882
875 1 2 4 3 882 883
876 1 2 4 3 883 884
877 1 2 4 3 884 885
878 1 2 4 3 885 886
879 1 2 4 3 886 887
880 1 2 4 3 887 888
881 1 2 4 3 888 889
882 1 2 4 3 889 890
883 1 2 4 3 890 891
884 1 2 4 3 891 892
885 1 2 4 3 892 893
886 1 2 4 3 893 894
887 1 2 4 3 894 895
888 1 2 4 3 895 896
889 1 2 4 3 896 897
890 1 2 4 3 897 898
891 1 2 4 3 898 899
892 1 2 4 3 899 900
893 1 2 4 3 900 901
894 1 2 4 3 901 902
895 1 2 4 3 902 903
896 1 2 4 3 903 904
897 1 2 4 3 904 905
898 1 2 4 3 905 906
899 1 2 4 3 906 907
900 1 2 4 3 907 3
901 1 2 4 4 4 908
902 1 2 4 4 908 909
903 1 2 4 4 909 910
904 1 2 4 4 910 911
905 1 2 4 4 911 912
906 1 2 4 4 912 913
907 1 2 4 4 913 914
908 1 2 4 4 914 915
909 1 2 4 4 915 916
910 1 2 4 4 916 917
911 1 2 4 4 917 918
912 1 2 4 4 918 919
913 1 2 4 4 919 920
914 1 2 4 4 920 921
915 1 2 4 4 921 922
916 1 2 4 4 922 923
917 1 2 4 4 923 924
918 1 2 4 4 924 925
919 1 2 4 4 925 926
920 1 2 4 4 926 927
921 1 2 4 4 927 928
922 1 2 4 4 928 929
923 1 2 4 4 929 930
924 1 2 4 4 930 931
925 1 2 4 4 931 932
926 1 2 4 4 932 933
927 1 2 4 4 933 934
928 1 2 4 4 934 935
929 1 2 4 4 935 936
930 1 2 4 4 936 937
931 1 2 4 4 937 938
932 1 2 4 4 938 939
933 1 2 4 4 939 940
934 1 2 4 4 940 941
935 1 2 4 4 941 942
936 1 2 4 4 942 943
937 1 2 4 4 943 944
938 1 2 4 4 944 945
939 1 2 4 4 945 946
940 1 2 4 4 946 947
941 1 2 4 4 947 948
942 1 2 4 4 948 949
943 1 2 4 4 949 950
944 1 2 4 4 950 951
945 1 2 4 4 951 952
946 1 2 4 4 952 953
947 1 2 4 4 953 954
948 1 2 4 4 954 955
949 1 2 4 4 955 956
950 1 2 4 4 956 957
951 1 2 4 4 957 958
952 1 2 4 4 958 959
953 1 2 4 4 959 960
954 1 2 4 4 960 961
955 1 2 4 4 961 962
956 1 2 4 4 962 963
957 1 2 4 4 963 964
958 1 2 4 4 964 965
959 1 2 4 4 965 966
960 1 2 4 4 966 967
961 1 2 4 4 967 968
962 1 2 4 4 968 969
963 1 2 4 4 969 970
964 1 2 4 4 970 971
965 1 2 4 4 971 972
966 1 2 4 4 972 973
967 1 2 4 4 973 974
968 1 2 4 4 974 975
969 1 2 4 4 975 976
970 1 2 4 4 976 977
971 1 2 4 4 977 978
972 1 2 4 4 978 979
973 1 2 4 4 979 980
974 1 2 4 4 980 981
975 1 2 4 4 981 982
976 1 2 4 4 982 983
977 1 2 4 4 983 984
978 1 2 4 4 984 985
979 1 2 4 4 985 986
980 1 2 4 4 986 987
981 1 2 4 4 987 988
982 1 2 4 4 988 989
983 1 2 4 4 989 990
984 1 2 4 4 990 991
985 1 2 4 4 991 992
986 1 2 4 4 992 993
987 1 2 4 4 993 994
988 1 2 4 4 994 995
989 1 2 4 4 995 996
990 1 2 4 4 996 997
991 1 2 4 4 997 998
992 1 2 4 4 998 999
993 1 2 4 4 999 1000
994 1 2 4 4 1000 1001
995 1 2 4 4 1001 1002
996 1 2 4 4 1002 1003
997 1 2 4 4 1003 1004
998 1 2 4 4 1004 1005
999 1 2 4 4 1005 1006
1000 1 2 4 4 1006 1007
1001 1 2 4 4 1007 1008
1002 1 2 4 4 1008 1009
1003 1 2 4 4 1009 1010
1004 1 2 4 4 1010 1011
1005 1 2 4 4 1011 1012
1006 1 2 4 4 1012 1013
1007 1 2 4 4 1013 1014
1008 1 2 4 4 1014 1015
1009 1 2 4 4 1015 1016
1010 1 2 4 4 1016 1017
1011 1 2 4 4 1017 1018
1012 1 2 4 4 1018 1019
1013 1 2 4 4 1019 1020
1014 1 2 4 4 1020 1021
1015 1 2 4 4 1021 1022
1016 1 2 4 4 1022 1023
1017 1 2 4 4 1023 1024
1018 1 2 4 4 1024 1025
1019 1 2 4 4 1025 1026
1020 1 2 4 4 1026 1027
1021 1 2 4 4 1027 1028
1022 1 2 4 4 1028 1029
1023 1 2 4 4 1029 1030
1024 1 2 4 4 1030 1031
1025 1 2 4 4 1031 1032
1026 1 2 4 4 1032 1033
1027 1 2 4 4 1033 1034
1028 1 2 4 4 1034 1035
1029 1 2 4 4 1035 1036
1030 1 2 4 4 1036 1037
1031 1 2 4 4 1037 1038
1032 1 2 4 4 1038 1039
1033 1 2 4 4 1039 1040
1034 1 2 4 4 1040 1041
1035 1 2 4 4 1041 1042
1036 1 2 4 4 1042 1043
1037 1 2 4 4 1043 1044
1038 1 2 4 4 1044 1045
1039 1 2 4 4 1045 1046
1040 1 2 4 4 1046 1047
1041 1 2 4 4 1047 1048
1042 1 2 4 4 1048 1049
1043 1 2 4 4 1049 1050
1044 1 2 4 4 1050 1051
1045 1 2 4 4 1051 1052
1046 1 2 4 4 1052 1053
1047 1 2 4 4 1053 1054
1048 1 2 4 4 1054 1055
1049 1 2 4 4 1055 1056
1050 1 2 4 4 1056 1057
1051 1 2 4 4 1057 1058
1052 1 2 4 4 1058 1059
1053 1 2 4 4 1059 1060
1054 1 2 4 4 1060 1061
1055 1 2 4 4 1061 1062
1056 1 2 4 4 1062 1063
1057 1 2 4 4 1063 1064
1058 1 2 4 4 1064 1065
1059 1 2 4 4 1065 1066
1060 1 2 4 4 1066 1067
1061 1 2 4 4 1067 1068
1062 1 2 4 4 1068 1069
1063 1 2 4 4 1069 1070
1064 1 2 4 4 1070 1071
1065 1 2 4 4 1071 1072
1066 1 2 4 4 1072 1073
1067 1 2 4 4 1073 1074
1068 1 2 4 4 1074 1075
1069 1 2 4 4 1075 1076
1070 1 2 4 4 1076 1077
1071 1 2 4 4 1077 1078
1072 1 2 4 4 1078 1079
1073 1 2 4 4 1079 1080
1074 1 2 4 4 1080 1081
1075 1 2 4 4 1081 1082
1076 1 2 4 4 1082 1083
1077 1 2 4 4 1083 1084
1078 1 2 4 4 1084 1085
1079 1 2 4 4 1085 1086
1080 1 2 4 4 1086 1087
1081 1 2 4 4 1087 1088
1082 1 2 4 4 1088 1089
1083 1 2 4 4 1089 1090
1084 1 2 4 4 1090 1091
1085 1 2 4 4 1091 1092
1086 1 2 4 4 1092 1093
1087 1 2 4 4 1093 1094
1088 1 2 4 4 1094 1095
1089 1 2 4 4 1095 1096
1090 1 2 4 4 1096 1097
1091 1 2 4 4 1097 1098
1092 1 2 4 4 1098 1099
1093 1 2 4 4 1099 1100
1094 1 2 4 4 1100 1101
1095 1 2 4 4 1101 1102
1096 1 2 4 4 1102 1103
1097 1 2 4 4 1103 1104
1098 1 2 4 4 1104 1105
1099 1 2 4 4 1105 1106
1100 1 2 4 4 1106 1107
1101 1 2 4 4 1107 1108
1102 1 2 4 4 1108 1109
1103 1 2 4 4 1109 1110
1104 1 2 4 4 1110 1111
1105 1 2 4 4 1111 1112
1106 1 2 4 4 1112 1113
1107 1 2 4 4 1113 1114
1108 1 2 4 4 1114 1115
1109 1 2 4 4 1115 1116
1110 1 2 4 4 1116 1117
1111 1 2 4 4 1117 1118
1112 1 2 4 4 1118 1119
1113 1 2 4 4 1119 1120
1114 1 2 4 4 1120 1121
1115 1 2 4 4 1121 1122
1116 1 2 4 4 1122 1123
1117 1 2 4 4 1123 1124
1118 1 2 4 4 1124 1125
1119 1 2 4 4 1125 1126
1120 1 2 4 4 1126 1127
1121 1 2 4 4 1127 1128
1122 1 2 4 4 1128 1129
1123 1 2 4 4 1129 1130
1124 1 2 4 4 1130 1131
1125 1 2 4 4 1131 1132
1126 1 2 4 4 1132 1133
1127 1 2 4 4 1133 1134
1128 1 2 4 4 1134 1135
1129 1 2 4 4 1135 1136
1130 1 2 4 4 1136 1137
1131 1 2 4 4 1137 1138
1132 1 2 4 4 1138 1139
1133 1 2 4 4 1139 1140
1134 1 2 4 4 1140 1141
1135 1 2 4 4 1141 1142
1136 1 2 4 4 1142 1143
1137 1 2 4 4 1143 1144
1138 1 2 4 4 1144 1145
1139 1 2 4 4 1145 1146
1140 1 2 4 4 1146 1147
1141 1 2 4 4 1147 1148
1142 1 2 4 4 1148 1149
1143 1 2 4 4 1149 1150
1144 1 2 4 4 1150 1151
1145 1 2 4 4 1151 1152
1146 1 2 4 4 1152 1153
1147 1 2 4 4 1153 1154
1148 1 2 4 4 1154 1155
1149 1 2 4 4 1155 1156
1150 1 2 4 4 1156 1157
1151 1 2 4 4 1157 1158
1152 1 2 4 4 1158 1159
1153 1 2 4 4 1159 1160
1154 1 2 4 4 1160 1161
1155 1 2 4 4 1161 1162
1156 1 2 4 4 1162 1163
1157 1 2 4 4 1163 1164
1158 1 2 4 4 1164 1165
1159 1 2 4 4 1165 1166
1160 1 2 4 4 1166 1167
1161 1 2 4 4 1167 1168
1162 1 2 4 4 1168 1169
1163 1 2 4 4 1169 1170
1164 1 2 4 4 1170 1171
1165 1 2 4 4 1171 1172
1166 1 2 4 4 1172 1173
1167 1 2 4 4 1173 1174
1168 1 2 4 4 1174 1175
1169 1 2 4 4 1175 1176
1170 1 2 4 4 1176 1177
1171 1 2 4 4 1177 1178
1172 1 2 4 4 1178 1179
1173 1 2 4 4 1179 1180
1174 1 2 4 4 1180 1181
1175 1 2 4 4 1181 1182
1176 1 2 4 4 1182 1183
1177 1 2 4 4 1183 1184
1178 1 2 4 4 1184 1185
1179 1 2 4 4 1185 1186
1180 1 2 4 4 1186 1187
1181 1 2 4 4 1187 1188
1182 1 2 4 4 1188 1189
1183 1 2 4 4 1189 1190
1184 1 2 4 4 1190 1191
1185 1 2 4 4 1191 1192
1186 1 2 4 4 1192 1193
1187 1 2 4 4 1193 1194
1188 1 2 4 4 1194 1195
1189 1 2 4 4 1195 1196
1190 1 2 4 4 1196 1197
1191 1 2 4 4 1197 1198
1192 1 2 4 4 1198 1199
1193 1 2 4 4 1199 1200
1194 1 2 4 4 1200 1201
1195 1 2 4 4 1201 1202
1196 1 2 4 4 1202 1203
1197 1 2 4 4 1203 1204
1198 1 2 4 4 1204 1205
1199 1 2 4 4 1205 1206
1200 1 2 4 4 1206 10
1201 1 2 2 5 10 1207
1202 1 2 2 5 1207 1208
1203 1 2 2 5 1208 1209
1204 1 2 2 5 1209 1210
1205 1 2 2 5 1210 1211
1206 1 2 2 5 1211 1212
1207 1 2 2 5 1212 1213
1208 1 2 2 5 1213 1214
1209 1 2 2 5 1214 1215
1210 1 2 2 5 1215 9
1211 1 2 3 6 7 1216
1212 1 2 3 6 1216 1217
1213 1 2 3 6 1217 1218
1214 1 2 3 6 1218 1219
1215 1 2 3 6 1219 1220
1216 1 2 3 6 1220 1221
1217 1 2 3 6 1221 1222
1218 1 2 3 6 1222 1223
1219 1 2 3 6 1223 1224
1220 1 2 3 6 1224 8
1221 1 2 4 7 2 1225
1222 1 2 4 7 1225 1226
1223 1 2 4 7 1226 1227
1224 1 2 4 7 1227 1228
1225 1 2 4 7 1228 1229
1226 1 2 4 7 1229 1230
1227 1 2 4 7 1230 1231
1228 1 2 4 7 1231 1232
1229 1 2 4 7 1232 1233
1230 1 2 4 7 1233 1234
1231 1 2 4 7 1234 1235
1232 1 2 4 7 1235 1236
1233 1 2 4 7 1236 1237
1234 1 2 4 7 1237 1238
1235 1 2 4 7 1238 1239
1236 1 2 4 7 1239 1240
1237 1 2 4 7 1240 1241
1238 1 2 4 7 1241 1242
1239 1 2 4 7 1242 1243
1240 1 2 4 7 1243 1244
1241 1 2 4 7 1244 1245
1242 1 2 4 7 1245 1246
1243 1 2 4 7 1246 1247
1244 1 2 4 7 1247 1248
1245 1 2 4 7 1248 1249
1246 1 2 4 7 1249 1250
1247 1 2 4 7 1250 1251
1248 1 2 4 7 1251 1252
1249 1 2 4 7 1252 1253
1250 1 2 4 7 1253 1254
1251 1 2 4 7 1254 1255
1252 1 2 4 7 1255 1256
1253 1 2 4 7 1256 1257
1254 1 2 4 7 1257 1258
1255 1 2 4 7 1258 1259
1256 1 2 4 7 1259 1260
1257 1 2 4 7 1260 1261
1258 1 2 4 7 1261 1262
1259 1 2 4 7 1262 1263
1260 1 2 4 7 1263 1264
1261 1 2 4 7 1264 1265
1262 1 2 4 7 1265 1266
1263 1 2 4 7 1266 1267
1264 1 2 4 7 1267 1268
1265 1 2 4 7 1268 1269
1266 1 2 4 7 1269 1270
1267 1 2 4 7 1270 1271
1268 1 2 4 7 1271 1272
1269 1 2 4 7 1272 1273
1270 1 2 4 7 1273 1274
1271 1 2 4 7 1274 1275
1272 1 2 4 7 1275 1276
1273 1 2 4 7 1276 1277
1274 1 2 4 7 1277 1278
1275 1 2 4 7 1278 1279
1276 1 2 4 7 1279 1280
1277 1 2 4 7 1280 1281
1278 1 2 4 7 1281 1282
1279 1 2 4 7 1282 1283
1280 1 2 4 7 1283 1284
1281 1 2 4 7 1284 1285
1282 1 2 4 7 1285 1286
1283 1 2 4 7 1286 1287
1284 1 2 4 7 1287 1288
1285 1 2 4 7 1288 1289
1286 1 2 4 7 1289 1290
1287 1 2 4 7 1290 1291
1288 1 2 4 7 1291 1292
1289 1 2 4 7 1292 1293
1290 1 2 4 7 1293 1294
1291 1 2 4 7 1294 1295
1292 1 2 4 7 1295 1296
1293 1 2 4 7 1296 1297
1294 1 2 4 7 1297 1298
1295 1 2 4 7 1298 1299
1296 1 2 4 7 1299 1300
1297 1 2 4 7 1300 1301
1298 1 2 4 7 1301 5
1299 1 2 4 8 5 1302
1300 1 2 4 8 1302 1303
1301 1 2 4 8 1303 1304
1302 1 2 4 8 1304 1305
1303 1 2 4 8 1305 1306
1304 1 2 4 8 1306 1307
1305 1 2 4 8 1307 1308
1306 1 2 4 8 1308 1309
1307 1 2 4 8 1309 1310
1308 1 2 4 8 1310 1311
1309 1 2 4 8 1311 1312
1310 1 2 4 8 1312 1313
1311 1 2 4 8 1313 1314
1312 1 2 4 8 1314 1315
1313 1 2 4 8 1315 1316
1314 1 2 4 8 1316 1317
1315 1 2 4 8 1317 1318
1316 1 2 4 8 1318 1319
1317 1 2 4 8 1319 1320
1318 1 2 4 8 1320 1321
1319 1 2 4 8 1321 1322
1320 1 2 4 8 1322 1323
1321 1 2 4 8 1323 1324
1322 1 2 4 8 1324 1325
1323 1 2 4 8 1325 1326
1324 1 2 4 8 1326 1327
1325 1 2 4 8 1327 1328
1326 1 2 4 8 1328 1329
1327 1 2 4 8 1329 1330
1328 1 2 4 8 1330 1331
1329 1 2 4 8 1331 1332
1330 1 2 4 8 1332 1333
1331 1 2 4 8 1333 1334
1332 1 2 4 8 1334 1335
1333 1 2 4 8 1335 1336
1334 1 2 4 8 1336 1337
1335 1 2 4 8 1337 1338
1336 1 2 4 8 1338 1339
1337 1 2 4 8 1339 1340
1338 1 2 4 8 1340 1341
1339 1 2 4 8 1341 1342
1340 1 2 4 8 1342 1343
1341 1 2 4 8 1343 1344
1342 1 2 4 8 1344 1345
1343 1 2 4 8 1345 1346
1344 1 2 4 8 1346 1347
1345 1 2 4 8 1347 1348
1346 1 2 4 8 1348 1349
1347 1 2 4 8 1349 1350
1348 1 2 4 8 1350 1351
1349 1 2 4 8 1351 1352
1350 1 2 4 8 1352 1353
1351 1 2 4 8 1353 1354
1352 1 2 4 8 1354 1355
1353 1 2 4 8 1355 1356
1354 1 2 4 8 1356 1357
1355 1 2 4 8 1357 1358
1356 1 2 4 8 1358 1359
1357 1 2 4 8 1359 1360
1358 1 2 4 8 1360 1361
1359 1 2 4 8 1361 1362
1360 1 2 4 8 1362 1363
1361 1 2 4 8 1363 1364
1362 1 2 4 8 1364 1365
1363 1 2 4 8 1365 1366
1364 1 2 4 8 1366 1367
1365 1 2 4 8 1367 1368
1366 1 2 4 8 1368 1369
1367 1 2 4 8 1369 1370
1368 1 2 4 8 1370 1371
1369 1 2 4 8 1371 1372
1370 1 2 4 8 1372 1373
1371 1 2 4 8 1373 1374
1372 1 2 4 8 1374 1375
1373 1 2 4 8 1375 1376
1374 1 2 4 8 1376 1377
1375 1 2 4 8 1377 1378
1376 1 2 4 8 1378 1
1377 1 2 4 9 3 1379
1378 1 2 4 9 1379 1380
1379 1 2 4 9 1380 1381
1380 1 2 4 9 1381 1382
1381 1 2 4 9 1382 1383
1382 1 2 4 9 1383 1384
1383 1 2 4 9 1384 1385
1384 1 2 4 9 1385 1386
1385 1 2 4 9 1386 1387
1386 1 2 4 9 1387 1388
1387 1 2 4 9 1388 1389
1388 1 2 4 9 1389 1390
1389 1 2 4 9 1390 1391
1390 1 2 4 9 1391 1392
1391 1 2 4 9 1392 1393
1392 1 2 4 9 1393 1394
1393 1 2 4 9 1394 1395
1394 1 2 4 9 1395 1396
1395 1 2 4 9 1396 1397
1396 1 2 4 9 1397 1398
1397 1 2 4 9 1398 1399
1398 1 2 4 9 1399 1400
1399 1 2 4 9 1400 1401
1400 1 2 4 9 1401 1402
1401 1 2 4 9 1402 1403
1402 1 2 4 9 1403 1404
1403 1 2 4 9 1404 1405
1404 1 2 4 9 1405 1406
1405 1 2 4 9 1406 1407
1406 1 2 4 9 1407 1408
1407 1 2 4 9 1408 1409
1408 1 2 4 9 1409 1410
1409 1 2 4 9 1410 1411
1410 1 2 4 9 1411 1412
1411 1 2 4 9 1412 1413
1412 1 2 4 9 1413 1414
1413 1 2 4 9 1414 1415
1414 1 2 4 9 1415 1416
1415 1 2 4 9 1416 1417
1416 1 2 4 9 1417 1418
1417 1 2 4 9 1418 1419
1418 1 2 4 9 1419 1420
1419 1 2 4 9 1420 1421
1420 1 2 4 9 1421 1422
1421 1 2 4 9 1422 1423
1422 1 2 4 9 1423 1424
1423 1 2 4 9 1424 1425
1424 1 2 4 9 1425 1426
1425 1 2 4 9 1426 1427
1426 1 2 4 9 1427 1428
1427 1 2 4 9 1428 1429
1428 1 2 4 9 1429 1430
1429 1 2 4 9 1430 1431
1430 1 2 4 9 1431 1432
1431 1 2 4 9 1432 1433
1432 1 2 4 9 1433 1434
1433 1 2 4 9 1434 1435
1434 1 2 4 9 1435 1436
1435 1 2 4 9 1436 1437
1436 1 2 4 9 1437 1438
1437 1 2 4 9 1438 1439
1438 1 2 4 9 1439 1440
1439 1 2 4 9 1440 6
1440 1 2 4 10 6 1441
1441 1 2 4 10 1441 1442
1442 1 2 4 10 1442 1443
1443 1 2 4 10 1443 1444
1444 1 2 4 10 1444 1445
1445 1 2 4 10 1445 1446
1446 1 2 4 10 1446 1447
1447 1 2 4 10 1447 1448
1448 1 2 4 10 1448 1449
1449 1 2 4 10 1449 1450
1450 1 2 4 10 1450 1451
1451 1 2 4 10 1451 1452
1452 1 2 4 10 1452 1453
1453 1 2 4 10 1453 1454
1454 1 2 4 10 1454 1455
1455 1 2 4 10 1455 1456
1456 1 2 4 10 1456 1457
1457 1 2 4 10 1457 1458
1458 1 2 4 10 1458 1459
1459 1 2 4 10 1459 1460
1460 1 2 4 10 1460 1461
1461 1 2 4 10 1461 1462
1462 1 2 4 10 1462 1463
1463 1 2 4 10 1463 1464
1464 1 2 4 10 1464 1465
1465 1 2 4 10 1465 1466
1466 1 2 4 10 1466 1467
1467 1 2 4 10 1467 1468
1468 1 2 4 10 1468 1469
1469 1 2 4 10 1469 1470
1470 1 2 4 10 1470 1471
1471 1 2 4 10 1471 1472
1472 1 2 4 10 1472 1473
1473 1 2 4 10 1473 1474
1474 1 2 4 10 1474 1475
1475 1 2 4 10 1475 1476
1476 1 2 4 10 1476 1477
1477 1 2 4 10 1477 1478
1478 1 2 4 10 1478 1479
1479 1 2 4 10 1479 1480
1480 1 2 4 10 1480 1481
1481 1 2 4 10 1481 1482
1482 1 2 4 10 1482 1483
1483 1 2 4 10 1483 1484
1484 1 2 4 10 1484 1485
1485 1 2 4 10 1485 1486
1486 1 2 4 10 1486 1487
1487 1 2 4 10 1487 1488
1488 1 2 4 10 1488 1489
1489 1 2 4 10 1489 1490
1490 1 2 4 10 1490 1491
1491 1 2 4 10 1491 1492
1492 1 2 4 10 1492 1493
1493 1 2 4 10 1493 1494
1494 1 2 4 10 1494 1495
1495 1 2 4 10 1495 1496
1496 1 2 4 10 1496 1497
1497 1 2 4 10 1497 1498
1498 1 2 4 10 1498 1499
1499 1 2 4 10 1499 1500
1500 1 2 4 10 1500 1501
1501 1 2 4 10 1501 1502
1502 1 2 4 10 1502 4
1503 2 2 1 1 1984 4529 4712
1504 2 2 1 1 5063 1551 5067
1505 2 2 1 1 4138 4188 4655
1506 2 2 1 1 4786 4787 4923
1507 2 2 1 1 3058 5916 9114
1508 2 2 1 1 7782 4879 9043
1509 2 2 1 1 912 913 5066
1510 2 2 1 1 1907 5402 5408
1511 2 2 1 1 6196 6198 6199
1512 2 2 1 1 2293 2295 7126
1513 2 2 1 1 2293 7126 9317
1514 2 2 1 1 6556 2957 6562
1515 2 2 1 1 1551 5063 5065
1516 2 2 1 1 2957 6556 6557
1517 2 2 1 1 4428 4763 9058
1518 2 2 1 1 6000 1673 6001
1519 2 2 1 1 6894 6890 8868
1520 2 2 1 1 125 126 9210
1521 2 2 1 1 1680 103 4634
1522 2 2 1 1 1732 4581 4583
1523 2 2 1 1 4607 4902 4908
1524 2 2 1 1 6096 3055 6097
1525 2 2 1 1 5998 1673 6000
1526 2 2 1 1 6256 6258 7301
1527 2 2 1 1 5864 5863 5974
1528 2 2 1 1 5889 5890 7843
1529 2 2 1 1 4848 8574 8983
1530 2 2 1 1 7843 5890 8227
1531 2 2 1 1 4428 4759 4763
1532 2 2 1 1 4032 4830 7587
1533 2 2 1 1 7087 7081 9095
1534 2 2 1 1 5681 5680 7473
1535 2 2 1 1 66 67 9152
1536 2 2 1 1 1618 43 4817
1537 2 2 1 1 5402 1907 5404
1538 2 2 1 1 1602 5096 5098
1539 2 2 1 1 7831 7933 7968
1540 2 2 1 1 4602 4600 8745
1541 2 2 1 1 680 681 5527
1542 2 2 1 1 6555 6124 8935
1543 2 2 1 1 7993 2050 9553
1544 2 2 1 1 717 718 8986
1545 2 2 1 1 6415 6416 8980
1546 2 2 1 1 6258 1603 7301
1547 2 2 1 1 1455 1456 4691
1548 2 2 1 1 2414 2416 6781
1549 2 2 1 1 4475 4138 4655
1550 2 2 1 1 4037 5681 7473
1551 2 2 1 1 2414 6781 9369
1552 2 2 1 1 1911 5141 5143
1553 2 2 1 1 6124 6555 8473
1554 2 2 1 1 7703 1549 8769
1555 2 2 1 1 1951 4537 8079
1556 2 2 1 1 1732 4583 4638
1557 2 2 1 1 2980 4894 4895
1558 2 2 1 1 1179 1907 5408
1559 2 2 1 1 7259 8440 8763
1560 2 2 1 1 1056 1057 5913
1561 2 2 1 1 1549 5926 8769
1562 2 2 1 1 4629 4455 4633
1563 2 2 1 1 2980 4893 4894
1564 2 2 1 1 2957 2660 6562
1565 2 2 1 1 101 102 5312
1566 2 2 1 1 3170 4432 8510
1567 2 2 1 1 4532 1964 8122
1568 2 2 1 1 1621 5513 5923
1569 2 2 1 1 8203 7168 9219
1570 2 2 1 1 702 703 6334
1571 2 2 1 1 4845 4849 7770
1572 2 2 1 1 6263 6259 7734
1573 2 2 1 1 5278 125 9210
1574 2 2 1 1 6929 7213 8445
1575 2 2 1 1 1664 8193 8278
1576 2 2 1 1 8193 5814 8278
1577 2 2 1 1 1527 4556 4568
1578 2 2 1 1 8131 7123 9234
1579 2 2 1 1 6196 6194 6198
1580 2 2 1 1 7213 6929 8398
1581 2 2 1 1 2027 5486 5488
1582 2 2 1 1 7332 5104 9022
1583 2 2 1 1 517 518 5577
1584 2 2 1 1 2538 2540 6869
1585 2 2 1 1 2538 6869 9411
1586 2 2 1 1 3136 4784 4947
1587 2 2 1 1 4517 1503 4540
1588 2 2 1 1 4045 8203 9219
1589 2 2 1 1 4516 1978 4538
1590 2 2 1 1 5104 7332 8416
1591 2 2 1 1 5863 3913 5974
1592 2 2 1 1 7934 1766 8161
1593 2 2 1 1 1503 4517 4530
1594 2 2 1 1 4030 4625 6475
1595 2 2 1 1 839 6757 9264
1596 2 2 1 1 447 448 5764
1597 2 2 1 1 5068 8705 8901
1598 2 2 1 1 3851 7782 9043
1599 2 2 1 1 3380 7362 9652
1600 2 2 1 1 4617 1635 4618
1601 2 2 1 1 7414 6121 9649
1602 2 2 1 1 2027 5488 5489
1603 2 2 1 1 1978 4516 4559
1604 2 2 1 1 8115 6780 9176
1605 2 2 1 1 2660 2658 6562
1606 2 2 1 1 2050 7993 8164
1607 2 2 1 1 5205 5206 5313
1608 2 2 1 1 4727 3974 4910
1609 2 2 1 1 5513 5512 5923
1610 2 2 1 1 1603 6258 6260
1611 2 2 1 1 703 1685 6334
1612 2 2 1 1 7377 4898 8579
1613 2 2 1 1 7210 2905 7216
1614 2 2 1 1 5068 5066 8705
1615 2 2 1 1 2905 7210 9466
1616 2 2 1 1 4615 1635 4617
1617 2 2 1 1 4537 1951 9211
1618 2 2 1 1 1806 6553 6554
1619 2 2 1 1 6547 6546 8460
1620 2 2 1 1 4008 6990 6992
1621 2 2 1 1 3062 8131 9234
1622 2 2 1 1 4645 2967 4914
1623 2 2 1 1 1602 5098 5099
1624 2 2 1 1 5141 1911 5146
1625 2 2 1 1 8285 7569 9240
1626 2 2 1 1 5916 3058 7391
1627 2 2 1 1 5431 66 9152
1628 2 2 1 1 3081 6496 8304
1629 2 2 1 1 6496 3081 8378
1630 2 2 1 1 7119 7118 8249
1631 2 2 1 1 4812 4462 4816
1632 2 2 1 1 8105 6868 9120
1633 2 2 1 1 7119 8249 8317
1634 2 2 1 1 2983 6571 9573
1635 2 2 1 1 3062 7118 8131
1636 2 2 1 1 6747 6750 6756
1637 2 2 1 1 7118 3062 8249
1638 2 2 1 1 6724 8287 8355
1639 2 2 1 1 6571 2983 6572
1640 2 2 1 1 4216 8285 9240
1641 2 2 1 1 8287 3075 8355
1642 2 2 1 1 6745 4051 6747
1643 2 2 1 1 1178 1179 5408
1644 2 2 1 1 3380 3378 7362
1645 2 2 1 1 7303 6121 7414
1646 2 2 1 1 6990 4008 6993
1647 2 2 1 1 4628 4455 4629
1648 2 2 1 1 1630 8140 8261
1649 2 2 1 1 1673 5998 7837
1650 2 2 1 1 4594 4490 4599
1651 2 2 1 1 3794 3792 8373
1652 2 2 1 1 5029 8983 9474
1653 2 2 1 1 8140 5790 8261
1654 2 2 1 1 4029 7087 9095
1655 2 2 1 1 5401 5774 8515
1656 2 2 1 1 1603 6260 6261
1657 2 2 1 1 1832 4623 4624
1658 2 2 1 1 1596 5334 5394
1659 2 2 1 1 5188 1715 9402
1660 2 2 1 1 5102 3967 5103
1661 2 2 1 1 4067 7091 8328
1662 2 2 1 1 8229 1773 9132
1663 2 2 1 1 7091 4067 8457
1664 2 2 1 1 1715 5188 5191
1665 2 2 1 1 7248 5155 8620
1666 2 2 1 1 1664 5276 8193
1667 2 2 1 1 5213 1576 8399
1668 2 2 1 1 7803 2035 8518
1669 2 2 1 1 2472 2474 4901
1670 2 2 1 1 1576 5213 8480
1671 2 2 1 1 1836 214 4909
1672 2 2 1 1 5276 1664 9371
1673 2 2 1 1 7087 4029 7088
1674 2 2 1 1 2590 2592 6099
1675 2 2 1 1 6333 6337 8332
1676 2 2 1 1 4503 1780 6107
1677 2 2 1 1 5998 5997 7837
1678 2 2 1 1 3974 4727 4919
1679 2 2 1 1 8278 5814 8345
1680 2 2 1 1 7088 4029 8207
1681 2 2 1 1 5294 5295 5314
1682 2 2 1 1 1285 1286 4798
1683 2 2 1 1 5814 5813 8345
1684 2 2 1 1 1780 4503 6106
1685 2 2 1 1 1966 4520 8625
1686 2 2 1 1 7581 4270 8275
1687 2 2 1 1 4520 1966 8911
1688 2 2 1 1 4045 7188 8203
1689 2 2 1 1 1944 4524 8639
1690 2 2 1 1 3057 6497 8115
1691 2 2 1 1 6139 2962 6342
1692 2 2 1 1 8574 1556 8983
1693 2 2 1 1 1615 7377 8579
1694 2 2 1 1 5944 7249 8420
1695 2 2 1 1 7188 4045 8326
1696 2 2 1 1 5489 5488 8206
1697 2 2 1 1 6497 3057 8232
1698 2 2 1 1 7189 7188 8326
1699 2 2 1 1 1755 4523 7882
1700 2 2 1 1 6496 6497 8232
1701 2 2 1 1 7189 8326 8451
1702 2 2 1 1 4677 4675 4777
1703 2 2 1 1 586 587 5144
1704 2 2 1 1 1739 5489 8206
1705 2 2 1 1 3057 8115 9176
1706 2 2 1 1 6496 8232 8304
1707 2 2 1 1 411 412 6057
1708 2 2 1 1 2036 8035 8495
1709 2 2 1 1 3950 3380 9652
1710 2 2 1 1 4476 1890 8453
1711 2 2 1 1 2473 2981 6162
1712 2 2 1 1 3998 6894 8868
1713 2 2 1 1 1890 4476 8589
1714 2 2 1 1 1791 4828 4829
1715 2 2 1 1 5543 7414 9649
1716 2 2 1 1 5295 1632 5314
1717 2 2 1 1 4496 1506 4718
1718 2 2 1 1 1630 5429 8140
1719 2 2 1 1 7740 4266 8222
1720 2 2 1 1 5890 1816 8227
1721 2 2 1 1 6098 3038 6101
1722 2 2 1 1 5684 717 8986
1723 2 2 1 1 7363 7359 8553
1724 2 2 1 1 8397 6370 8475
1725 2 2 1 1 4290 6415 8980
1726 2 2 1 1 839 840 6757
1727 2 2 1 1 6370 6369 8475
1728 2 2 1 1 5193 4021 5195
1729 2 2 1 1 6894 3998 6896
1730 2 2 1 1 1816 5890 8350
1731 2 2 1 1 6532 6531 6540
1732 2 2 1 1 1371 1372 7909
1733 2 2 1 1 5429 1630 9417
1734 2 2 1 1 6743 3407 6748
1735 2 2 1 1 1174 1175 5656
1736 2 2 1 1 6928 6923 6931
1737 2 2 1 1 2586 2588 6101
1738 2 2 1 1 1765 8029 8151
1739 2 2 1 1 1762 4527 4535
1740 2 2 1 1 3086 7119 8317
1741 2 2 1 1 1596 5394 5395
1742 2 2 1 1 1666 8347 8478
1743 2 2 1 1 4548 1980 9328
1744 2 2 1 1 7119 3086 8392
1745 2 2 1 1 6989 8201 8325
1746 2 2 1 1 1751 8038 8504
1747 2 2 1 1 4527 1762 4565
1748 2 2 1 1 8347 4448 8478
1749 2 2 1 1 375 376 4575
1750 2 2 1 1 4593 4490 4594
1751 2 2 1 1 4603 2933 4605
1752 2 2 1 1 2466 2468 4612
1753 2 2 1 1 7993 8071 8164
1754 2 2 1 1 7837 5997 8226
1755 2 2 1 1 2914 7213 7214
1756 2 2 1 1 2466 4612 4837
1757 2 2 1 1 8201 4047 8325
1758 2 2 1 1 2284 2282 4741
1759 2 2 1 1 4811 4462 4812
1760 2 2 1 1 7600 7311 8256
1761 2 2 1 1 7609 6537 8623
1762 2 2 1 1 2464 2466 4837
1763 2 2 1 1 4779 4722 4795
1764 2 2 1 1 1324 1725 7906
1765 2 2 1 1 8261 5790 8323
1766 2 2 1 1 3054 6725 8105
1767 2 2 1 1 7804 7803 8518
1768 2 2 1 1 5924 5710 5925
1769 2 2 1 1 5030 5029 9474
1770 2 2 1 1 6485 2908 8121
1771 2 2 1 1 5332 6569 8564
1772 2 2 1 1 5790 5791 8323
1773 2 2 1 1 6569 5332 8640
1774 2 2 1 1 5997 6005 8226
1775 2 2 1 1 1680 5311 5312
1776 2 2 1 1 4432 7373 8510
1777 2 2 1 1 4644 4645 4914
1778 2 2 1 1 6725 3054 8210
1779 2 2 1 1 3055 6096 6101
1780 2 2 1 1 4692 4691 9220
1781 2 2 1 1 1635 4615 7276
1782 2 2 1 1 1680 4634 5313
1783 2 2 1 1 6486 6485 8121
1784 2 2 1 1 7091 7088 8207
1785 2 2 1 1 4529 4296 4712
1786 2 2 1 1 4606 2472 4901
1787 2 2 1 1 6896 3998 6897
1788 2 2 1 1 6120 6121 7303
1789 2 2 1 1 5916 5917 9114
1790 2 2 1 1 1567 5955 5956
1791 2 2 1 1 1980 4709 9328
1792 2 2 1 1 7139 7136 8468
1793 2 2 1 1 7091 8207 8328
1794 2 2 1 1 6199 3989 6200
1795 2 2 1 1 5763 5766 8088
1796 2 2 1 1 7139 8468 8546
1797 2 2 1 1 1806 6552 6553
1798 2 2 1 1 2049 8033 9484
1799 2 2 1 1 40 41 5370
1800 2 2 1 1 6724 6725 8210
1801 2 2 1 1 5808 1658 8415
1802 2 2 1 1 6539 6538 7254
1803 2 2 1 1 4759 4428 4921
1804 2 2 1 1 1632 5295 5297
1805 2 2 1 1 4505 8229 9132
1806 2 2 1 1 1658 5808 8496
1807 2 2 1 1 4474 4473 4776
1808 2 2 1 1 6724 8210 8287
1809 2 2 1 1 1832 4622 4623
1810 2 2 1 1 3229 3230 4663
1811 2 2 1 1 3094 6731 8507
1812 2 2 1 1 1726 4543 4545
1813 2 2 1 1 2050 8141 9553
1814 2 2 1 1 6731 3094 8584
1815 2 2 1 1 3054 8105 9120
1816 2 2 1 1 3408 3413 6748
1817 2 2 1 1 4085 6985 8581
1818 2 2 1 1 6985 4085 8712
1819 2 2 1 1 4600 4597 8745
1820 2 2 1 1 3415 3417 6749
1821 2 2 1 1 4615 4414 7276
1822 2 2 1 1 6503 5785 8824
1823 2 2 1 1 4503 6105 6106
1824 2 2 1 1 8089 7934 8161
1825 2 2 1 1 4819 4823 5490
1826 2 2 1 1 6150 6209 8757
1827 2 2 1 1 2407 2405 4895
1828 2 2 1 1 7687 1924 8677
1829 2 2 1 1 6158 999 9661
1830 2 2 1 1 2475 2473 6162
1831 2 2 1 1 1986 4614 4779
1832 2 2 1 1 3082 4738 4748
1833 2 2 1 1 1981 1455 4691
1834 2 2 1 1 998 999 6158
1835 2 2 1 1 8440 6141 8763
1836 2 2 1 1 5101 3967 5102
1837 2 2 1 1 8496 5808 8570
1838 2 2 1 1 4758 4028 4797
1839 2 2 1 1 6547 2972 6549
1840 2 2 1 1 3173 4402 8369
1841 2 2 1 1 4501 1816 8350
1842 2 2 1 1 5121 2018 8694
1843 2 2 1 1 8432 4442 8567
1844 2 2 1 1 2018 5121 8821
1845 2 2 1 1 6989 6990 6993
1846 2 2 1 1 5808 5809 8570
1847 2 2 1 1 2203 2201 4805
1848 2 2 1 1 2972 6547 8460
1849 2 2 1 1 7213 2914 8445
1850 2 2 1 1 1928 8432 8567
1851 2 2 1 1 1057 1996 5913
1852 2 2 1 1 4270 7010 8275
1853 2 2 1 1 1816 4501 8479
1854 2 2 1 1 7254 6538 8418
1855 2 2 1 1 8040 1947 8748
1856 2 2 1 1 4787 3148 4923
1857 2 2 1 1 4849 3957 7770
1858 2 2 1 1 4830 4032 6358
1859 2 2 1 1 6537 6540 8623
1860 2 2 1 1 3012 6263 7734
1861 2 2 1 1 5785 6503 6900
1862 2 2 1 1 6138 6139 6342
1863 2 2 1 1 5311 1680 5313
1864 2 2 1 1 3024 4771 4804
1865 2 2 1 1 448 1708 5764
1866 2 2 1 1 6989 6993 8201
1867 2 2 1 1 6105 6098 6106
1868 2 2 1 1 102 1680 5312
1869 2 2 1 1 2049 7935 8033
1870 2 2 1 1 4758 4759 4921
1871 2 2 1 1 4675 1525 4777
1872 2 2 1 1 1802 6535 6536
1873 2 2 1 1 6946 6941 6950
1874 2 2 1 1 4224 6120 7303
1875 2 2 1 1 6198 3989 6199
1876 2 2 1 1 1617 5554 6400
1877 2 2 1 1 4714 4647 4863
1878 2 2 1 1 6490 6491 8442
1879 2 2 1 1 4653 4962 4963
1880 2 2 1 1 6490 8442 8528
1881 2 2 1 1 5860 9170 9564
1882 2 2 1 1 6676 8351 9147
1883 2 2 1 1 4614 1986 4778
1884 2 2 1 1 1323 1324 7906
1885 2 2 1 1 4499 5720 8165
1886 2 2 1 1 103 104 4634
1887 2 2 1 1 1639 8720 8853
1888 2 2 1 1 913 1551 5066
1889 2 2 1 1 4505 1997 8229
1890 2 2 1 1 8720 6316 8853
1891 2 2 1 1 680 5527 9015
1892 2 2 1 1 4068 7339 8710
1893 2 2 1 1 4644 3113 4865
1894 2 2 1 1 5367 1544 5369
1895 2 2 1 1 6337 1681 8332
1896 2 2 1 1 4521 1763 8156
1897 2 2 1 1 5955 1567 5957
1898 2 2 1 1 1647 8586 8716
1899 2 2 1 1 588 589 5146
1900 2 2 1 1 8035 4810 8495
1901 2 2 1 1 3049 4739 4887
1902 2 2 1 1 8487 1007 9298
1903 2 2 1 1 7276 4414 8217
1904 2 2 1 1 8181 3046 8266
1905 2 2 1 1 4266 7333 8222
1906 2 2 1 1 8586 5339 8716
1907 2 2 1 1 4771 3024 4803
1908 2 2 1 1 1997 4505 8352
1909 2 2 1 1 6886 8190 8320
1910 2 2 1 1 1652 8208 8330
1911 2 2 1 1 5774 1902 8515
1912 2 2 1 1 4495 1854 8472
1913 2 2 1 1 6156 1663 6159
1914 2 2 1 1 4051 6745 6748
1915 2 2 1 1 1813 6511 8608
1916 2 2 1 1 665 1567 5956
1917 2 2 1 1 7324 8181 8266
1918 2 2 1 1 1622 8340 8469
1919 2 2 1 1 5766 1704 8088
1920 2 2 1 1 1813 8608 8733
1921 2 2 1 1 1854 4495 8601
1922 2 2 1 1 4378 7600 8256
1923 2 2 1 1 6549 2972 6550
1924 2 2 1 1 5524 1609 9574
1925 2 2 1 1 912 5066 5068
1926 2 2 1 1 1791 4827 4828
1927 2 2 1 1 3038 6098 6105
1928 2 2 1 1 4414 6589 8217
1929 2 2 1 1 4524 1944 8871
1930 2 2 1 1 6471 9083 9244
1931 2 2 1 1 6089 8487 9298
1932 2 2 1 1 6810 6813 8368
1933 2 2 1 1 1515 8531 9001
1934 2 2 1 1 8190 4041 8320
1935 2 2 1 1 8208 5413 8330
1936 2 2 1 1 4757 4075 4760
1937 2 2 1 1 1609 5524 5526
1938 2 2 1 1 6678 6486 8121
1939 2 2 1 1 8340 5516 8469
1940 2 2 1 1 4804 4531 8573
1941 2 2 1 1 8480 5213 8552
1942 2 2 1 1 43 44 4817
1943 2 2 1 1 8071 1747 8164
1944 2 2 1 1 8818 4832 9360
1945 2 2 1 1 1695 5715 5716
1946 2 2 1 1 3792 4874 8373
1947 2 2 1 1 666 667 5958
1948 2 2 1 1 3104 6490 8528
1949 2 2 1 1 4380 5943 5944
1950 2 2 1 1 5213 6382 8552
1951 2 2 1 1 4380 5944 8420
1952 2 2 1 1 1527 4568 8869
1953 2 2 1 1 8037 5004 8239
1954 2 2 1 1 6490 3104 8603
1955 2 2 1 1 6486 6678 8237
1956 2 2 1 1 4607 4908 9308
1957 2 2 1 1 6097 3055 6099
1958 2 2 1 1 4889 4893 6878
1959 2 2 1 1 4738 3082 4887
1960 2 2 1 1 2470 2472 4606
1961 2 2 1 1 3407 6743 9525
1962 2 2 1 1 3088 6915 6924
1963 2 2 1 1 1506 4496 8650
1964 2 2 1 1 7144 7143 8695
1965 2 2 1 1 5861 5860 9564
1966 2 2 1 1 6617 1956 8596
1967 2 2 1 1 3086 7136 8392
1968 2 2 1 1 7144 8695 8765
1969 2 2 1 1 5116 1739 8206
1970 2 2 1 1 8812 6516 8885
1971 2 2 1 1 6516 6517 8885
1972 2 2 1 1 4378 6442 7600
1973 2 2 1 1 2047 4587 4588
1974 2 2 1 1 517 5577 5578
1975 2 2 1 1 7136 3086 8468
1976 2 2 1 1 5004 5003 8239
1977 2 2 1 1 3790 3926 4874
1978 2 2 1 1 6731 6732 8425
1979 2 2 1 1 5155 6508 8620
1980 2 2 1 1 7933 7831 8233
1981 2 2 1 1 5217 1562 8628
1982 2 2 1 1 5554 5553 6400
1983 2 2 1 1 4695 3072 4696
1984 2 2 1 1 1562 5217 8706
1985 2 2 1 1 6731 8425 8507
1986 2 2 1 1 1739 5116 8327
1987 2 2 1 1 1250 1947 8085
1988 2 2 1 1 6471 6470 9083
1989 2 2 1 1 5658 1902 9070
1990 2 2 1 1 1681 6337 6338
1991 2 2 1 1 8849 3131 8907
1992 2 2 1 1 3131 7755 8907
1993 2 2 1 1 5116 4476 8327
1994 2 2 1 1 1883 5845 8537
1995 2 2 1 1 4632 5205 5313
1996 2 2 1 1 4647 4714 4864
1997 2 2 1 1 2054 4856 4949
1998 2 2 1 1 3046 7320 8044
1999 2 2 1 1 5813 1658 8345
2000 2 2 1 1 7200 7197 8713
2001 2 2 1 1 5155 5156 6508
2002 2 2 1 1 5845 1883 9352
2003 2 2 1 1 7200 8713 8841
2004 2 2 1 1 6886 6896 6897
2005 2 2 1 1 8327 4476 8453
2006 2 2 1 1 1658 5813 8415
2007 2 2 1 1 4145 4412 8381
2008 2 2 1 1 7320 3046 8181
2009 2 2 1 1 6142 2976 8094
2010 2 2 1 1 4084 7189 8451
2011 2 2 1 1 1632 5297 5298
2012 2 2 1 1 1924 5147 8677
2013 2 2 1 1 4594 4599 9072
2014 2 2 1 1 5566 1660 8730
2015 2 2 1 1 1652 5683 8208
2016 2 2 1 1 8492 949 9194
2017 2 2 1 1 8723 6974 8792
2018 2 2 1 1 1660 5566 8863
2019 2 2 1 1 5 1302 8052
2020 2 2 1 1 6134 6142 8094
2021 2 2 1 1 4570 1878 4571
2022 2 2 1 1 6974 6975 8792
2023 2 2 1 1 4691 4690 9220
2024 2 2 1 1 4596 4594 9072
2025 2 2 1 1 7189 4084 8585
2026 2 2 1 1 1975 4568 4885
2027 2 2 1 1 4846 1554 4847
2028 2 2 1 1 1759 4799 4800
2029 2 2 1 1 5640 4495 8472
2030 2 2 1 1 2968 4907 9333
2031 2 2 1 1 4832 4833 9360
2032 2 2 1 1 3055 2590 6099
2033 2 2 1 1 1663 6156 8820
2034 2 2 1 1 6886 6897 8190
2035 2 2 1 1 735 736 5716
2036 2 2 1 1 5683 1652 9533
2037 2 2 1 1 5879 5880 8864
2038 2 2 1 1 4852 2007 4853
2039 2 2 1 1 2041 4523 8439
2040 2 2 1 1 6054 1674 6056
2041 2 2 1 1 8864 5880 8975
2042 2 2 1 1 8096 1343 8741
2043 2 2 1 1 1561 5024 8575
2044 2 2 1 1 4629 4633 8978
2045 2 2 1 1 1343 8096 9217
2046 2 2 1 1 3081 6491 8378
2047 2 2 1 1 4739 4738 4887
2048 2 2 1 1 2347 2349 6926
2049 2 2 1 1 3070 6925 6927
2050 2 2 1 1 4784 3136 4948
2051 2 2 1 1 7324 8266 8335
2052 2 2 1 1 4907 2968 6837
2053 2 2 1 1 1861 5562 8069
2054 2 2 1 1 1802 6534 6535
2055 2 2 1 1 4853 2007 4949
2056 2 2 1 1 6491 3081 8442
2057 2 2 1 1 5173 8284 8872
2058 2 2 1 1 5318 2019 5320
2059 2 2 1 1 4830 4828 7587
2060 2 2 1 1 1704 5766 5768
2061 2 2 1 1 4812 4816 8995
2062 2 2 1 1 3976 7363 8553
2063 2 2 1 1 5024 1561 9337
2064 2 2 1 1 1456 1519 4691
2065 2 2 1 1 38 39 5372
2066 2 2 1 1 4694 3072 4695
2067 2 2 1 1 4805 4804 8573
2068 2 2 1 1 6005 1666 8226
2069 2 2 1 1 4523 2041 9314
2070 2 2 1 1 3230 3233 4663
2071 2 2 1 1 7325 7324 8335
2072 2 2 1 1 4304 8168 8169
2073 2 2 1 1 8724 6624 8856
2074 2 2 1 1 5925 5710 8783
2075 2 2 1 1 5797 5796 8679
2076 2 2 1 1 4495 5640 9373
2077 2 2 1 1 1911 5143 5144
2078 2 2 1 1 4625 4030 9232
2079 2 2 1 1 3495 3493 6200
2080 2 2 1 1 7903 8395 8587
2081 2 2 1 1 1570 8941 9073
2082 2 2 1 1 5791 1576 8323
2083 2 2 1 1 5797 8679 8747
2084 2 2 1 1 4808 1740 5317
2085 2 2 1 1 6624 6625 8856
2086 2 2 1 1 1519 4688 4690
2087 2 2 1 1 4523 1755 8439
2088 2 2 1 1 1758 4555 8175
2089 2 2 1 1 8351 1824 9147
2090 2 2 1 1 4605 2933 4606
2091 2 2 1 1 8941 5086 9073
2092 2 2 1 1 8219 8013 8582
2093 2 2 1 1 4631 4629 8978
2094 2 2 1 1 1749 8219 8582
2095 2 2 1 1 1964 4765 8122
2096 2 2 1 1 3110 7139 8546
2097 2 2 1 1 7799 7798 8177
2098 2 2 1 1 9042 5040 9111
2099 2 2 1 1 4784 4785 4947
2100 2 2 1 1 1591 8819 8937
2101 2 2 1 1 5156 1992 6508
2102 2 2 1 1 8038 1751 9057
2103 2 2 1 1 6282 6004 9137
2104 2 2 1 1 1576 5791 8399
2105 2 2 1 1 5562 5561 8069
2106 2 2 1 1 4786 4923 9139
2107 2 2 1 1 3610 5197 8576
2108 2 2 1 1 1557 9042 9111
2109 2 2 1 1 4844 1554 4846
2110 2 2 1 1 1666 6005 8347
2111 2 2 1 1 4402 7224 8369
2112 2 2 1 1 6280 6282 9137
2113 2 2 1 1 7363 3976 7364
2114 2 2 1 1 7139 3110 8622
2115 2 2 1 1 8531 4637 9001
2116 2 2 1 1 587 1911 5144
2117 2 2 1 1 5715 1695 5720
2118 2 2 1 1 6747 6749 6750
2119 2 2 1 1 4814 4812 8995
2120 2 2 1 1 2351 2353 8106
2121 2 2 1 1 8819 5455 8937
2122 2 2 1 1 7110 7111 8588
2123 2 2 1 1 7961 7892 8014
2124 2 2 1 1 6531 3925 6540
2125 2 2 1 1 1902 5774 9070
2126 2 2 1 1 736 1695 5716
2127 2 2 1 1 1643 6209 6210
2128 2 2 1 1 4540 1987 4636
2129 2 2 1 1 5973 8626 8749
2130 2 2 1 1 5711 5712 5721
2131 2 2 1 1 1579 8578 8709
2132 2 2 1 1 5317 1740 5318
2133 2 2 1 1 4607 4901 4902
2134 2 2 1 1 7110 8588 8715
2135 2 2 1 1 4529 1984 4730
2136 2 2 1 1 3271 3273 4797
2137 2 2 1 1 4856 4853 4949
2138 2 2 1 1 6548 6552 7653
2139 2 2 1 1 6138 6342 8357
2140 2 2 1 1 1911 588 5146
2141 2 2 1 1 4501 6511 8479
2142 2 2 1 1 4021 5193 9148
2143 2 2 1 1 8835 5010 8900
2144 2 2 1 1 2007 4852 8101
2145 2 2 1 1 1681 6338 6339
2146 2 2 1 1 6998 1645 8948
2147 2 2 1 1 8013 8219 8535
2148 2 2 1 1 4571 1878 4572
2149 2 2 1 1 8330 5413 8458
2150 2 2 1 1 4028 4758 4921
2151 2 2 1 1 1944 5 8052
2152 2 2 1 1 5197 3610 9339
2153 2 2 1 1 3075 6732 8355
2154 2 2 1 1 4141 4779 4969
2155 2 2 1 1 1645 6998 9082
2156 2 2 1 1 8626 3586 8749
2157 2 2 1 1 4791 4790 8755
2158 2 2 1 1 1560 8835 8900
2159 2 2 1 1 6974 1653 8644
2160 2 2 1 1 518 1834 5577
2161 2 2 1 1 8706 5217 8776
2162 2 2 1 1 8578 5078 8709
2163 2 2 1 1 3792 3790 4874
2164 2 2 1 1 4307 4540 4636
2165 2 2 1 1 5101 5097 7736
2166 2 2 1 1 8324 1587 8873
2167 2 2 1 1 6511 4501 8608
2168 2 2 1 1 8615 4432 8688
2169 2 2 1 1 5217 5218 8776
2170 2 2 1 1 4625 4623 6475
2171 2 2 1 1 1653 6974 8723
2172 2 2 1 1 2957 6557 6558
2173 2 2 1 1 6732 3075 8425
2174 2 2 1 1 7935 2049 8339
2175 2 2 1 1 1544 5367 5372
2176 2 2 1 1 7295 8527 9065
2177 2 2 1 1 7007 3007 8083
2178 2 2 1 1 1721 1056 5913
2179 2 2 1 1 2047 4588 4798
2180 2 2 1 1 681 1609 5527
2181 2 2 1 1 1994 4550 9059
2182 2 2 1 1 3084 2284 4741
2183 2 2 1 1 1916 6928 6931
2184 2 2 1 1 1565 8615 8688
2185 2 2 1 1 5413 5414 8458
2186 2 2 1 1 1643 6210 7759
2187 2 2 1 1 101 5312 5314
2188 2 2 1 1 4852 4855 8101
2189 2 2 1 1 6925 3070 6926
2190 2 2 1 1 7257 5603 9034
2191 2 2 1 1 4311 4802 7976
2192 2 2 1 1 5603 7257 8918
2193 2 2 1 1 6241 8492 9194
2194 2 2 1 1 1551 5065 5066
2195 2 2 1 1 4075 4757 4797
2196 2 2 1 1 5366 5375 8213
2197 2 2 1 1 5943 4380 5946
2198 2 2 1 1 552 553 8133
2199 2 2 1 1 6846 1706 8813
2200 2 2 1 1 4564 8685 8758
2201 2 2 1 1 2933 4603 4612
2202 2 2 1 1 6985 6995 8448
2203 2 2 1 1 8467 3282 9091
2204 2 2 1 1 2468 2933 4612
2205 2 2 1 1 3113 4644 4914
2206 2 2 1 1 6260 6259 6263
2207 2 2 1 1 7006 7007 8083
2208 2 2 1 1 1740 4808 7965
2209 2 2 1 1 4845 4846 4849
2210 2 2 1 1 9235 7274 9313
2211 2 2 1 1 5128 1734 8930
2212 2 2 1 1 1595 9235 9313
2213 2 2 1 1 549 550 4807
2214 2 2 1 1 1674 6054 6061
2215 2 2 1 1 4823 2979 5490
2216 2 2 1 1 1731 8205 8283
2217 2 2 1 1 1618 4817 8891
2218 2 2 1 1 1674 411 6057
2219 2 2 1 1 1549 7703 8139
2220 2 2 1 1 1734 5128 9064
2221 2 2 1 1 8685 4739 8758
2222 2 2 1 1 7364 3976 7365
2223 2 2 1 1 1759 1285 4798
2224 2 2 1 1 1286 2047 4798
2225 2 2 1 1 1706 6846 8961
2226 2 2 1 1 1692 5604 8477
2227 2 2 1 1 6985 8448 8581
2228 2 2 1 1 4577 7935 8339
2229 2 2 1 1 4370 6810 8368
2230 2 2 1 1 5910 1721 5912
2231 2 2 1 1 4370 6806 6810
2232 2 2 1 1 946 6248 8618
2233 2 2 1 1 5052 1555 9236
2234 2 2 1 1 1555 5052 9316
2235 2 2 1 1 214 215 4909
2236 2 2 1 1 6209 1643 8757
2237 2 2 1 1 877 878 6948
2238 2 2 1 1 1554 4844 8166
2239 2 2 1 1 8701 6734 9251
2240 2 2 1 1 4098 7110 8715
2241 2 2 1 1 1544 40 5370
2242 2 2 1 1 8205 4411 8283
2243 2 2 1 1 1964 4532 9118
2244 2 2 1 1 2353 6921 8106
2245 2 2 1 1 5317 5318 5320
2246 2 2 1 1 3926 4867 4874
2247 2 2 1 1 5206 5311 5313
2248 2 2 1 1 5714 5717 8292
2249 2 2 1 1 5784 5786 9192
2250 2 2 1 1 8129 6212 8246
2251 2 2 1 1 8724 1809 9226
2252 2 2 1 1 4611 1975 4885
2253 2 2 1 1 6142 6138 8357
2254 2 2 1 1 6555 6553 8862
2255 2 2 1 1 7110 4098 8843
2256 2 2 1 1 5184 1910 9351
2257 2 2 1 1 1910 5184 9418
2258 2 2 1 1 4429 8170 8545
2259 2 2 1 1 551 552 4572
2260 2 2 1 1 1986 4779 4795
2261 2 2 1 1 1704 5768 5769
2262 2 2 1 1 2588 3055 6101
2263 2 2 1 1 3038 2586 6101
2264 2 2 1 1 5561 5696 8069
2265 2 2 1 1 4182 4806 4941
2266 2 2 1 1 4864 4714 9074
2267 2 2 1 1 1610 6180 6182
2268 2 2 1 1 1917 877 6948
2269 2 2 1 1 9039 6304 9110
2270 2 2 1 1 4808 4342 7965
2271 2 2 1 1 2206 2203 4805
2272 2 2 1 1 4661 1520 4752
2273 2 2 1 1 8983 1556 9474
2274 2 2 1 1 4547 4499 8165
2275 2 2 1 1 6589 1622 8217
2276 2 2 1 1 6571 6577 9573
2277 2 2 1 1 5720 4499 8508
2278 2 2 1 1 1605 9039 9110
2279 2 2 1 1 8473 6555 8862
2280 2 2 1 1 3093 4735 4740
2281 2 2 1 1 1599 5529 8268
2282 2 2 1 1 1651 8129 8246
2283 2 2 1 1 4809 4272 7870
2284 2 2 1 1 6281 9137 9162
2285 2 2 1 1 5656 1175 9286
2286 2 2 1 1 5404 1907 5405
2287 2 2 1 1 3154 6961 8982
2288 2 2 1 1 1868 839 9264
2289 2 2 1 1 4776 4473 9416
2290 2 2 1 1 39 1544 5372
2291 2 2 1 1 3990 7584 8274
2292 2 2 1 1 4307 4517 4540
2293 2 2 1 1 4572 552 8133
2294 2 2 1 1 4047 6995 8325
2295 2 2 1 1 7703 5555 8139
2296 2 2 1 1 1759 4798 4799
2297 2 2 1 1 6961 3154 9048
2298 2 2 1 1 5696 5561 8188
2299 2 2 1 1 8388 4413 8462
2300 2 2 1 1 664 665 5956
2301 2 2 1 1 4538 1510 7806
2302 2 2 1 1 6515 8701 9251
2303 2 2 1 1 4292 4559 4917
2304 2 2 1 1 6248 946 9401
2305 2 2 1 1 8029 1765 9439
2306 2 2 1 1 8834 6377 8899
2307 2 2 1 1 1721 5910 7769
2308 2 2 1 1 4820 1672 4821
2309 2 2 1 1 1756 1371 7909
2310 2 2 1 1 5570 5572 5579
2311 2 2 1 1 1372 2042 7909
2312 2 2 1 1 5102 5104 8786
2313 2 2 1 1 8469 5516 8599
2314 2 2 1 1 4844 4392 8166
2315 2 2 1 1 8617 5547 8689
2316 2 2 1 1 8072 1770 8159
2317 2 2 1 1 447 5764 8088
2318 2 2 1 1 1622 6589 8340
2319 2 2 1 1 1638 8834 8899
2320 2 2 1 1 6210 6212 7759
2321 2 2 1 1 1634 8388 8462
2322 2 2 1 1 5729 5730 8894
2323 2 2 1 1 7254 1796 8656
2324 2 2 1 1 6747 4051 6749
2325 2 2 1 1 2933 2470 4606
2326 2 2 1 1 4673 1525 4675
2327 2 2 1 1 3989 3495 6200
2328 2 2 1 1 7831 7968 9051
2329 2 2 1 1 4613 4614 4778
2330 2 2 1 1 6995 4047 8448
2331 2 2 1 1 1989 5775 8319
2332 2 2 1 1 1623 8617 8689
2333 2 2 1 1 5729 8894 8965
2334 2 2 1 1 4067 7111 8457
2335 2 2 1 1 1085 1086 6554
2336 2 2 1 1 6174 1588 9448
2337 2 2 1 1 1588 6174 9505
2338 2 2 1 1 3194 3196 4919
2339 2 2 1 1 8006 1753 8659
2340 2 2 1 1 5604 1692 9489
2341 2 2 1 1 5516 5517 8599
2342 2 2 1 1 4084 7197 8585
2343 2 2 1 1 5003 4980 8239
2344 2 2 1 1 1917 6946 6950
2345 2 2 1 1 8179 8026 9314
2346 2 2 1 1 4562 1611 4574
2347 2 2 1 1 5305 2969 5307
2348 2 2 1 1 6442 4378 7601
2349 2 2 1 1 8782 4864 9074
2350 2 2 1 1 2353 2355 6921
2351 2 2 1 1 7759 6212 8129
2352 2 2 1 1 1688 5598 5599
2353 2 2 1 1 3082 4748 4900
2354 2 2 1 1 6624 8724 9226
2355 2 2 1 1 5953 8254 8663
2356 2 2 1 1 1611 375 4575
2357 2 2 1 1 3125 5797 8747
2358 2 2 1 1 2474 2951 4901
2359 2 2 1 1 6320 1604 9089
2360 2 2 1 1 6472 4621 9083
2361 2 2 1 1 4459 4750 8505
2362 2 2 1 1 4760 4075 4985
2363 2 2 1 1 617 9355 9470
2364 2 2 1 1 6470 6472 9083
2365 2 2 1 1 4061 6943 6945
2366 2 2 1 1 3413 4051 6748
2367 2 2 1 1 3407 3408 6748
2368 2 2 1 1 4818 1672 4820
2369 2 2 1 1 1604 6320 9193
2370 2 2 1 1 9355 5541 9470
2371 2 2 1 1 6281 6280 9137
2372 2 2 1 1 6925 6923 6928
2373 2 2 1 1 5104 8416 8786
2374 2 2 1 1 5797 3125 8827
2375 2 2 1 1 4748 4735 4900
2376 2 2 1 1 7111 4067 8588
2377 2 2 1 1 4981 4980 8348
2378 2 2 1 1 4855 1731 8101
2379 2 2 1 1 3417 3943 6749
2380 2 2 1 1 4051 3415 6749
2381 2 2 1 1 6714 4055 6715
2382 2 2 1 1 5312 5294 5314
2383 2 2 1 1 7197 4084 8713
2384 2 2 1 1 2916 2464 4837
2385 2 2 1 1 1553 8426 8563
2386 2 2 1 1 2078 4864 8782
2387 2 2 1 1 2405 2980 4895
2388 2 2 1 1 3078 2407 4895
2389 2 2 1 1 5800 5801 8447
2390 2 2 1 1 7857 1753 9270
2391 2 2 1 1 1787 6351 6352
2392 2 2 1 1 4980 5003 8348
2393 2 2 1 1 5529 1599 9015
2394 2 2 1 1 1516 4613 4778
2395 2 2 1 1 4575 376 9400
2396 2 2 1 1 1550 8802 8925
2397 2 2 1 1 4559 4516 4917
2398 2 2 1 1 3088 6924 6926
2399 2 2 1 1 4711 4713 4714
2400 2 2 1 1 7339 6429 8710
2401 2 2 1 1 4543 1726 4825
2402 2 2 1 1 1753 7857 8659
2403 2 2 1 1 7514 7006 8083
2404 2 2 1 1 5369 1544 5370
2405 2 2 1 1 4779 4614 4969
2406 2 2 1 1 4893 2980 6878
2407 2 2 1 1 6057 412 9468
2408 2 2 1 1 8128 5909 8245
2409 2 2 1 1 4735 3093 4900
2410 2 2 1 1 4027 8490 8908
2411 2 2 1 1 1660 7352 8604
2412 2 2 1 1 1731 4855 8205
2413 2 2 1 1 98 99 5298
2414 2 2 1 1 5307 2969 5308
2415 2 2 1 1 3110 7143 8622
2416 2 2 1 1 8682 6208 8731
2417 2 2 1 1 6465 8691 9129
2418 2 2 1 1 4981 8348 8467
2419 2 2 1 1 8014 8013 8535
2420 2 2 1 1 1086 1806 6554
2421 2 2 1 1 2282 3093 4741
2422 2 2 1 1 8139 5555 8306
2423 2 2 1 1 1915 1174 5656
2424 2 2 1 1 3340 3338 5103
2425 2 2 1 1 769 770 6352
2426 2 2 1 1 4481 8026 8179
2427 2 2 1 1 9233 6788 9309
2428 2 2 1 1 8802 5004 8925
2429 2 2 1 1 8426 4996 8563
2430 2 2 1 1 1753 8006 9184
2431 2 2 1 1 7143 3110 8695
2432 2 2 1 1 4412 7353 8381
2433 2 2 1 1 6535 6532 6540
2434 2 2 1 1 7006 7514 8192
2435 2 2 1 1 4136 8642 9060
2436 2 2 1 1 1696 9233 9309
2437 2 2 1 1 1717 8128 8245
2438 2 2 1 1 4688 1519 4700
2439 2 2 1 1 1660 8604 8730
2440 2 2 1 1 5375 1542 8213
2441 2 2 1 1 4864 2078 9214
2442 2 2 1 1 4342 6452 7965
2443 2 2 1 1 8177 7798 9447
2444 2 2 1 1 4118 7178 8946
2445 2 2 1 1 8981 4699 9030
2446 2 2 1 1 4751 1523 4912
2447 2 2 1 1 1763 4521 8643
2448 2 2 1 1 6145 8364 9239
2449 2 2 1 1 8421 5723 8729
2450 2 2 1 1 6850 6849 8994
2451 2 2 1 1 5578 5573 5579
2452 2 2 1 1 6525 6526 9203
2453 2 2 1 1 8039 8040 8748
2454 2 2 1 1 7485 5361 8955
2455 2 2 1 1 8387 4408 8461
2456 2 2 1 1 7178 4118 9080
2457 2 2 1 1 9203 6526 9329
2458 2 2 1 1 6850 8994 9062
2459 2 2 1 1 1153 5855 9438
2460 2 2 1 1 5855 1153 9382
2461 2 2 1 1 7505 4442 8432
2462 2 2 1 1 5910 5909 7769
2463 2 2 1 1 5394 5390 5395
2464 2 2 1 1 9037 6662 9108
2465 2 2 1 1 5809 1653 8570
2466 2 2 1 1 1845 5580 5581
2467 2 2 1 1 5361 7485 9078
2468 2 2 1 1 6943 4061 6944
2469 2 2 1 1 4553 2052 6617
2470 2 2 1 1 6452 4342 8137
2471 2 2 1 1 7514 3034 8192
2472 2 2 1 1 5555 5554 8306
2473 2 2 1 1 6099 2592 9591
2474 2 2 1 1 4317 4565 8070
2475 2 2 1 1 3967 3340 5103
2476 2 2 1 1 1644 6955 9017
2477 2 2 1 1 8822 4493 9322
2478 2 2 1 1 9126 6600 9190
2479 2 2 1 1 4553 6617 8596
2480 2 2 1 1 4750 4459 9157
2481 2 2 1 1 5653 1915 5655
2482 2 2 1 1 8614 5468 8687
2483 2 2 1 1 1701 9037 9108
2484 2 2 1 1 6600 6599 9190
2485 2 2 1 1 5255 8612 9014
2486 2 2 1 1 1713 8387 8461
2487 2 2 1 1 4592 4865 8100
2488 2 2 1 1 1644 9017 9088
2489 2 2 1 1 1653 5809 8644
2490 2 2 1 1 8829 5987 8897
2491 2 2 1 1 1836 4909 9413
2492 2 2 1 1 2042 8822 9322
2493 2 2 1 1 4792 8981 9030
2494 2 2 1 1 1805 8112 8221
2495 2 2 1 1 5721 5720 8508
2496 2 2 1 1 8527 1606 9065
2497 2 2 1 1 3064 7325 8335
2498 2 2 1 1 1672 4818 8048
2499 2 2 1 1 3343 3345 6944
2500 2 2 1 1 7769 5909 8128
2501 2 2 1 1 4850 4848 8983
2502 2 2 1 1 2152 4698 8903
2503 2 2 1 1 4868 1892 4870
2504 2 2 1 1 1542 5375 5376
2505 2 2 1 1 7351 8389 8424
2506 2 2 1 1 8192 3034 8275
2507 2 2 1 1 1705 8829 8897
2508 2 2 1 1 1709 8614 8687
2509 2 2 1 1 1665 5261 8823
2510 2 2 1 1 9326 5901 9396
2511 2 2 1 1 772 8511 8818
2512 2 2 1 1 4081 6689 6713
2513 2 2 1 1 6947 6948 8530
2514 2 2 1 1 4801 4799 4809
2515 2 2 1 1 1790 6516 8812
2516 2 2 1 1 7923 1747 8071
2517 2 2 1 1 6747 6756 9520
2518 2 2 1 1 2721 2723 8288
2519 2 2 1 1 586 5144 9595
2520 2 2 1 1 4429 4566 8170
2521 2 2 1 1 8863 5566 8973
2522 2 2 1 1 7259 6104 8440
2523 2 2 1 1 7325 3064 8403
2524 2 2 1 1 999 1657 9661
2525 2 2 1 1 2029 5115 5282
2526 2 2 1 1 8112 4340 8221
2527 2 2 1 1 4041 7072 8320
2528 2 2 1 1 1845 5579 5580
2529 2 2 1 1 1510 4538 8974
2530 2 2 1 1 4705 4483 4706
2531 2 2 1 1 6943 6941 6946
2532 2 2 1 1 3104 5796 8603
2533 2 2 1 1 633 4554 8498
2534 2 2 1 1 1541 5391 5393
2535 2 2 1 1 4317 4527 4565
2536 2 2 1 1 2201 3024 4805
2537 2 2 1 1 1874 6452 8137
2538 2 2 1 1 7203 9326 9396
2539 2 2 1 1 4698 2152 9141
2540 2 2 1 1 5882 1924 7687
2541 2 2 1 1 6134 6136 6142
2542 2 2 1 1 6806 4370 6811
2543 2 2 1 1 8319 5775 9534
2544 2 2 1 1 5566 5567 8973
2545 2 2 1 1 5764 5763 8088
2546 2 2 1 1 4819 4820 4823
2547 2 2 1 1 5796 3104 8679
2548 2 2 1 1 4890 1612 4891
2549 2 2 1 1 5059 1552 9454
2550 2 2 1 1 1503 4530 4729
2551 2 2 1 1 8773 2478 9333
2552 2 2 1 1 5299 5302 8200
2553 2 2 1 1 7038 4374 8785
2554 2 2 1 1 3142 5922 9115
2555 2 2 1 1 8284 1563 8872
2556 2 2 1 1 1552 5059 9508
2557 2 2 1 1 4549 4662 4938
2558 2 2 1 1 5879 1813 8733
2559 2 2 1 1 3131 7144 8765
2560 2 2 1 1 8669 574 9027
2561 2 2 1 1 5513 1621 5924
2562 2 2 1 1 4818 4326 8048
2563 2 2 1 1 1915 5653 5659
2564 2 2 1 1 5922 3142 9183
2565 2 2 1 1 3958 5677 9076
2566 2 2 1 1 1878 551 4572
2567 2 2 1 1 1567 666 5958
2568 2 2 1 1 4086 6936 6942
2569 2 2 1 1 5261 1665 9346
2570 2 2 1 1 6516 1790 9324
2571 2 2 1 1 1874 8137 8256
2572 2 2 1 1 4520 1524 8625
2573 2 2 1 1 6762 6763 8953
2574 2 2 1 1 4981 8467 9091
2575 2 2 1 1 7072 4041 8437
2576 2 2 1 1 4004 7740 8222
2577 2 2 1 1 7144 3131 8849
2578 2 2 1 1 3034 7581 8275
2579 2 2 1 1 6382 1562 8552
2580 2 2 1 1 5677 3958 9185
2581 2 2 1 1 4502 8850 9153
2582 2 2 1 1 1813 5879 8864
2583 2 2 1 1 1717 8245 8314
2584 2 2 1 1 1600 7293 9444
2585 2 2 1 1 4763 1524 9058
2586 2 2 1 1 9151 5160 9272
2587 2 2 1 1 6762 8953 9084
2588 2 2 1 1 6423 9340 9361
2589 2 2 1 1 9340 3953 9361
2590 2 2 1 1 6916 2954 6918
2591 2 2 1 1 4565 2038 8070
2592 2 2 1 1 7907 1756 7908
2593 2 2 1 1 5577 5573 5578
2594 2 2 1 1 1525 4673 4678
2595 2 2 1 1 5370 41 9596
2596 2 2 1 1 6411 1646 8875
2597 2 2 1 1 1947 8040 8861
2598 2 2 1 1 6819 7437 9105
2599 2 2 1 1 1562 6382 8628
2600 2 2 1 1 7293 1600 9398
2601 2 2 1 1 3015 7961 8014
2602 2 2 1 1 99 1632 5298
2603 2 2 1 1 4976 3988 9463
2604 2 2 1 1 6819 9105 9171
2605 2 2 1 1 1541 5393 8185
2606 2 2 1 1 702 6334 8332
2607 2 2 1 1 770 1787 6352
2608 2 2 1 1 2893 5945 5946
2609 2 2 1 1 1646 6411 8933
2610 2 2 1 1 4212 4146 7253
2611 2 2 1 1 1611 4562 4953
2612 2 2 1 1 4442 7505 9547
2613 2 2 1 1 6334 6333 8332
2614 2 2 1 1 8716 5339 8842
2615 2 2 1 1 8456 4402 8538
2616 2 2 1 1 4293 3170 8510
2617 2 2 1 1 8804 5156 8928
2618 2 2 1 1 6552 1806 7653
2619 2 2 1 1 7370 1717 8314
2620 2 2 1 1 4888 1612 4890
2621 2 2 1 1 1537 9151 9272
2622 2 2 1 1 3988 4976 9407
2623 2 2 1 1 4064 5711 5721
2624 2 2 1 1 6822 5332 8564
2625 2 2 1 1 3906 3794 8373
2626 2 2 1 1 6458 8434 8787
2627 2 2 1 1 7007 6576 9670
2628 2 2 1 1 5357 2020 8255
2629 2 2 1 1 8395 1953 8587
2630 2 2 1 1 1542 5376 5377
2631 2 2 1 1 4802 4311 8413
2632 2 2 1 1 1300 8639 8887
2633 2 2 1 1 6969 4413 8313
2634 2 2 1 1 7311 1874 8256
2635 2 2 1 1 4448 7352 8478
2636 2 2 1 1 3070 2347 6926
2637 2 2 1 1 2349 3088 6926
2638 2 2 1 1 8238 1402 8565
2639 2 2 1 1 5139 5141 5146
2640 2 2 1 1 4774 3047 9280
2641 2 2 1 1 4711 4712 4713
2642 2 2 1 1 1933 5896 8353
2643 2 2 1 1 1519 4690 4691
2644 2 2 1 1 8151 8029 8375
2645 2 2 1 1 1841 8456 8538
2646 2 2 1 1 4567 6107 9441
2647 2 2 1 1 8961 6846 9090
2648 2 2 1 1 3967 5101 7736
2649 2 2 1 1 5339 5342 8842
2650 2 2 1 1 4655 4188 8702
2651 2 2 1 1 3190 8503 8828
2652 2 2 1 1 4711 4714 4863
2653 2 2 1 1 4419 8324 8873
2654 2 2 1 1 5689 8024 8182
2655 2 2 1 1 6401 8583 8714
2656 2 2 1 1 2199 2198 4803
2657 2 2 1 1 4377 7495 7601
2658 2 2 1 1 5785 5783 8824
2659 2 2 1 1 5717 1690 8292
2660 2 2 1 1 1769 8054 8257
2661 2 2 1 1 1575 8804 8928
2662 2 2 1 1 6576 7007 9007
2663 2 2 1 1 4374 7038 9353
2664 2 2 1 1 1667 8264 8334
2665 2 2 1 1 9441 6107 9599
2666 2 2 1 1 1893 5854 8638
2667 2 2 1 1 4906 8773 9333
2668 2 2 1 1 8691 1642 9129
2669 2 2 1 1 6546 6562 8460
2670 2 2 1 1 4761 4760 4985
2671 2 2 1 1 8313 4413 8388
2672 2 2 1 1 6056 1674 6057
2673 2 2 1 1 4392 7346 8166
2674 2 2 1 1 6275 8767 9086
2675 2 2 1 1 4081 6713 6715
2676 2 2 1 1 8125 5652 8240
2677 2 2 1 1 4889 4890 4893
2678 2 2 1 1 4475 4655 8238
2679 2 2 1 1 7860 4239 7911
2680 2 2 1 1 9243 6243 9307
2681 2 2 1 1 6502 7038 8785
2682 2 2 1 1 2355 2954 6921
2683 2 2 1 1 1747 7923 8430
2684 2 2 1 1 6846 6845 9090
2685 2 2 1 1 1933 8353 8420
2686 2 2 1 1 6856 7681 8851
2687 2 2 1 1 4907 4906 9333
2688 2 2 1 1 8168 4304 9202
2689 2 2 1 1 4589 1976 4886
2690 2 2 1 1 7352 4448 8604
2691 2 2 1 1 2725 2727 5308
2692 2 2 1 1 6969 1651 8246
2693 2 2 1 1 4806 4791 8755
2694 2 2 1 1 6197 1654 9094
2695 2 2 1 1 5958 667 9552
2696 2 2 1 1 5579 5572 5580
2697 2 2 1 1 4550 4552 9059
2698 2 2 1 1 1249 1250 8085
2699 2 2 1 1 7178 7179 8839
2700 2 2 1 1 4722 4779 9254
2701 2 2 1 1 4824 8832 8918
2702 2 2 1 1 8264 5435 8334
2703 2 2 1 1 1980 4548 8386
2704 2 2 1 1 4556 1527 8562
2705 2 2 1 1 1770 8072 8743
2706 2 2 1 1 8033 8034 9484
2707 2 2 1 1 4028 3271 4797
2708 2 2 1 1 7038 6502 8905
2709 2 2 1 1 3273 4075 4797
2710 2 2 1 1 7547 8254 8374
2711 2 2 1 1 1612 4888 8116
2712 2 2 1 1 8571 5450 8698
2713 2 2 1 1 1654 6197 9201
2714 2 2 1 1 5395 5390 8198
2715 2 2 1 1 1524 4520 9058
2716 2 2 1 1 7908 1756 7909
2717 2 2 1 1 974 6181 9613
2718 2 2 1 1 8583 5460 8714
2719 2 2 1 1 4322 5882 7687
2720 2 2 1 1 1913 8125 8240
2721 2 2 1 1 5108 8784 9136
2722 2 2 1 1 4554 633 9571
2723 2 2 1 1 1726 4545 8805
2724 2 2 1 1 5573 5570 5579
2725 2 2 1 1 3047 4774 8920
2726 2 2 1 1 3080 8519 8878
2727 2 2 1 1 5653 5652 5659
2728 2 2 1 1 1651 6969 8313
2729 2 2 1 1 6181 974 9522
2730 2 2 1 1 1156 9189 9277
2731 2 2 1 1 1579 7374 8446
2732 2 2 1 1 4555 4397 8175
2733 2 2 1 1 1661 8481 8554
2734 2 2 1 1 4653 4963 8987
2735 2 2 1 1 6350 7582 8202
2736 2 2 1 1 7253 1796 7254
2737 2 2 1 1 6753 8971 9264
2738 2 2 1 1 4326 7394 8048
2739 2 2 1 1 7178 8839 8946
2740 2 2 1 1 7346 4392 8310
2741 2 2 1 1 4411 5896 8283
2742 2 2 1 1 6689 4081 7528
2743 2 2 1 1 1785 9231 9284
2744 2 2 1 1 1571 9243 9307
2745 2 2 1 1 4569 4622 9433
2746 2 2 1 1 2763 6441 7601
2747 2 2 1 1 5945 8559 8636
2748 2 2 1 1 9433 4622 9536
2749 2 2 1 1 8850 1728 9153
2750 2 2 1 1 8857 4682 9173
2751 2 2 1 1 8382 4391 8450
2752 2 2 1 1 5864 5974 9641
2753 2 2 1 1 7249 1933 8420
2754 2 2 1 1 341 342 5099
2755 2 2 1 1 342 1602 5099
2756 2 2 1 1 4519 1687 9294
2757 2 2 1 1 5450 5451 8698
2758 2 2 1 1 6915 3088 8106
2759 2 2 1 1 9359 4560 9423
2760 2 2 1 1 3439 8684 8940
2761 2 2 1 1 8523 5657 9070
2762 2 2 1 1 4888 4327 8116
2763 2 2 1 1 554 555 4882
2764 2 2 1 1 4560 4628 9423
2765 2 2 1 1 4591 4641 4642
2766 2 2 1 1 8481 6030 8554
2767 2 2 1 1 1553 7346 8310
2768 2 2 1 1 1655 8697 8770
2769 2 2 1 1 8642 6110 9060
2770 2 2 1 1 5939 8707 8779
2771 2 2 1 1 1687 4519 9422
2772 2 2 1 1 5659 5652 8125
2773 2 2 1 1 5691 8331 8566
2774 2 2 1 1 5612 9138 9207
2775 2 2 1 1 3013 4809 7870
2776 2 2 1 1 6432 7547 8374
2777 2 2 1 1 6351 1787 9360
2778 2 2 1 1 2953 2719 5310
2779 2 2 1 1 5896 4411 8353
2780 2 2 1 1 6104 2942 7506
2781 2 2 1 1 7394 4326 8180
2782 2 2 1 1 1690 5717 5719
2783 2 2 1 1 4591 4642 4865
2784 2 2 1 1 8523 2993 8598
2785 2 2 1 1 4439 4731 9139
2786 2 2 1 1 4146 4325 7253
2787 2 2 1 1 2010 9046 9122
2788 2 2 1 1 1579 8446 8578
2789 2 2 1 1 1942 4858 4859
2790 2 2 1 1 8559 2925 8636
2791 2 2 1 1 9189 5846 9277
2792 2 2 1 1 4659 4661 4752
2793 2 2 1 1 5408 5401 8515
2794 2 2 1 1 4466 7222 9134
2795 2 2 1 1 4119 7200 8841
2796 2 2 1 1 6103 6104 8497
2797 2 2 1 1 4564 1517 8685
2798 2 2 1 1 9231 6370 9284
2799 2 2 1 1 8529 5817 8605
2800 2 2 1 1 1899 8382 8450
2801 2 2 1 1 4419 7374 8324
2802 2 2 1 1 2020 549 4807
2803 2 2 1 1 550 1878 4807
2804 2 2 1 1 363 9163 9241
2805 2 2 1 1 5973 5974 8500
2806 2 2 1 1 9138 5693 9207
2807 2 2 1 1 1878 4570 4807
2808 2 2 1 1 8038 8039 8504
2809 2 2 1 1 7580 6856 8851
2810 2 2 1 1 397 9216 9244
2811 2 2 1 1 4578 4579 9253
2812 2 2 1 1 481 8429 8656
2813 2 2 1 1 4837 4602 8745
2814 2 2 1 1 8697 6034 8770
2815 2 2 1 1 5712 5715 5721
2816 2 2 1 1 4550 1994 8664
2817 2 2 1 1 8707 2938 8779
2818 2 2 1 1 7222 4466 9250
2819 2 2 1 1 4541 1962 9551
2820 2 2 1 1 8853 6316 8962
2821 2 2 1 1 3138 5729 8965
2822 2 2 1 1 9046 6077 9122
2823 2 2 1 1 9253 4579 9327
2824 2 2 1 1 7439 5773 9256
2825 2 2 1 1 329 9103 9228
2826 2 2 1 1 5067 1551 9622
2827 2 2 1 1 7681 6856 9383
2828 2 2 1 1 7892 8011 8014
2829 2 2 1 1 2954 6916 6921
2830 2 2 1 1 6548 6549 6552
2831 2 2 1 1 7200 4119 8950
2832 2 2 1 1 1033 5601 9588
2833 2 2 1 1 8646 3421 9128
2834 2 2 1 1 4031 8591 8799
2835 2 2 1 1 2357 2359 6919
2836 2 2 1 1 3490 3492 6715
2837 2 2 1 1 8675 5822 8746
2838 2 2 1 1 2288 8633 9101
2839 2 2 1 1 4689 9197 9220
2840 2 2 1 1 5729 3138 9038
2841 2 2 1 1 5773 7439 9295
2842 2 2 1 1 4182 4504 4806
2843 2 2 1 1 5114 8645 8922
2844 2 2 1 1 5098 5097 5101
2845 2 2 1 1 2052 4553 9239
2846 2 2 1 1 7915 1748 8904
2847 2 2 1 1 4524 4526 8639
2848 2 2 1 1 6856 7580 8959
2849 2 2 1 1 1358 8020 9036
2850 2 2 1 1 1553 8310 8426
2851 2 2 1 1 1607 8298 8376
2852 2 2 1 1 1667 7394 8180
2853 2 2 1 1 5029 8234 8983
2854 2 2 1 1 2026 8529 8605
2855 2 2 1 1 8752 539 8990
2856 2 2 1 1 8971 1868 9264
2857 2 2 1 1 8116 4327 8230
2858 2 2 1 1 9221 756 9265
2859 2 2 1 1 1287 1288 8120
2860 2 2 1 1 8011 1945 8012
2861 2 2 1 1 4806 3097 4941
2862 2 2 1 1 4561 9221 9265
2863 2 2 1 1 7910 4430 8391
2864 2 2 1 1 9097 5838 9160
2865 2 2 1 1 8886 5831 8956
2866 2 2 1 1 326 5030 9474
2867 2 2 1 1 6316 6315 8962
2868 2 2 1 1 4586 4593 9458
2869 2 2 1 1 5973 8500 8626
2870 2 2 1 1 4690 4689 9220
2871 2 2 1 1 1803 7283 8293
2872 2 2 1 1 7374 4419 8446
2873 2 2 1 1 5414 1647 8458
2874 2 2 1 1 9458 4593 9509
2875 2 2 1 1 8020 1358 9180
2876 2 2 1 1 3229 4663 8651
2877 2 2 1 1 5724 3990 8274
2878 2 2 1 1 5332 6822 9570
2879 2 2 1 1 1962 4541 8631
2880 2 2 1 1 5535 8517 8734
2881 2 2 1 1 1738 8675 8746
2882 2 2 1 1 5132 1919 9282
2883 2 2 1 1 4962 4653 8702
2884 2 2 1 1 5955 5957 8117
2885 2 2 1 1 8010 1945 8011
2886 2 2 1 1 4987 4706 8957
2887 2 2 1 1 5601 1033 9516
2888 2 2 1 1 5391 1541 8198
2889 2 2 1 1 8532 4412 8658
2890 2 2 1 1 3088 2351 8106
2891 2 2 1 1 4270 3173 8369
2892 2 2 1 1 8103 1948 9274
2893 2 2 1 1 7210 7212 9466
2894 2 2 1 1 2969 2725 5308
2895 2 2 1 1 1885 9097 9160
2896 2 2 1 1 8298 5504 8376
2897 2 2 1 1 1667 8180 8264
2898 2 2 1 1 4421 7939 8291
2899 2 2 1 1 4340 7283 8221
2900 2 2 1 1 6405 5905 8648
2901 2 2 1 1 4086 6942 6944
2902 2 2 1 1 8234 4850 8983
2903 2 2 1 1 5945 5943 5946
2904 2 2 1 1 8490 6507 8908
2905 2 2 1 1 1919 5132 9406
2906 2 2 1 1 514 515 5581
2907 2 2 1 1 1891 8886 8956
2908 2 2 1 1 4327 7277 8230
2909 2 2 1 1 4709 1520 8726
2910 2 2 1 1 8612 1671 9014
2911 2 2 1 1 2180 8637 8815
2912 2 2 1 1 6440 8441 8526
2913 2 2 1 1 3347 3349 8211
2914 2 2 1 1 3926 4866 4867
2915 2 2 1 1 4677 4777 9587
2916 2 2 1 1 4115 3194 4919
2917 2 2 1 1 904 905 4857
2918 2 2 1 1 5724 5718 7309
2919 2 2 1 1 9216 6471 9244
2920 2 2 1 1 4585 8682 8731
2921 2 2 1 1 3196 3974 4919
2922 2 2 1 1 1803 8293 8368
2923 2 2 1 1 9208 1918 9209
2924 2 2 1 1 4938 4662 4939
2925 2 2 1 1 6533 6534 9546
2926 2 2 1 1 7590 8342 8671
2927 2 2 1 1 6890 6893 8868
2928 2 2 1 1 9546 6534 9655
2929 2 2 1 1 2020 4807 8255
2930 2 2 1 1 5854 1893 9538
2931 2 2 1 1 9103 5025 9228
2932 2 2 1 1 4634 4632 5313
2933 2 2 1 1 2764 6805 6811
2934 2 2 1 1 5380 2978 5381
2935 2 2 1 1 2039 8054 8836
2936 2 2 1 1 1601 8513 8594
2937 2 2 1 1 6339 5689 8182
2938 2 2 1 1 1948 8103 9376
2939 2 2 1 1 8943 8016 9116
2940 2 2 1 1 5390 5391 8198
2941 2 2 1 1 1647 5414 8586
2942 2 2 1 1 6038 1703 9191
2943 2 2 1 1 4114 7248 8620
2944 2 2 1 1 7923 4493 8430
2945 2 2 1 1 4757 4758 4797
2946 2 2 1 1 6815 8452 8497
2947 2 2 1 1 8709 5078 8837
2948 2 2 1 1 5310 2721 8288
2949 2 2 1 1 4706 4987 9177
2950 2 2 1 1 6338 5689 6339
2951 2 2 1 1 8512 1217 9059
2952 2 2 1 1 6153 1657 6154
2953 2 2 1 1 4626 4627 8494
2954 2 2 1 1 8054 1769 8836
2955 2 2 1 1 2166 9197 9312
2956 2 2 1 1 7283 4340 8293
2957 2 2 1 1 1968 4659 4752
2958 2 2 1 1 4747 5069 9603
2959 2 2 1 1 3506 8336 8661
2960 2 2 1 1 9163 7294 9241
2961 2 2 1 1 5030 326 9421
2962 2 2 1 1 3433 8404 8595
2963 2 2 1 1 5478 8798 9055
2964 2 2 1 1 8893 5018 9023
2965 2 2 1 1 6562 2658 8460
2966 2 2 1 1 7329 4293 8510
2967 2 2 1 1 6539 7254 8656
2968 2 2 1 1 4662 4549 8726
2969 2 2 1 1 5069 4747 8705
2970 2 2 1 1 8110 2009 8228
2971 2 2 1 1 5923 5512 5926
2972 2 2 1 1 6688 6689 7528
2973 2 2 1 1 8441 2766 8526
2974 2 2 1 1 7422 8811 8927
2975 2 2 1 1 1703 6038 9315
2976 2 2 1 1 5860 8126 9170
2977 2 2 1 1 4484 4482 8224
2978 2 2 1 1 1535 5543 9649
2979 2 2 1 1 152 153 6135
2980 2 2 1 1 6145 6144 8364
2981 2 2 1 1 6560 2936 9056
2982 2 2 1 1 8024 1633 8182
2983 2 2 1 1 4772 1983 8609
2984 2 2 1 1 9436 4558 9539
2985 2 2 1 1 1568 8532 8658
2986 2 2 1 1 5946 4379 7668
2987 2 2 1 1 5192 5194 8597
2988 2 2 1 1 8268 5448 9457
2989 2 2 1 1 3906 4877 9480
2990 2 2 1 1 5169 8669 9027
2991 2 2 1 1 7359 7362 8553
2992 2 2 1 1 8085 1947 8861
2993 2 2 1 1 4588 4272 4809
2994 2 2 1 1 8254 7547 8663
2995 2 2 1 1 1766 7934 9310
2996 2 2 1 1 8031 2033 8032
2997 2 2 1 1 8513 6220 8594
2998 2 2 1 1 5301 2953 5310
2999 2 2 1 1 4217 4866 7598
3000 2 2 1 1 4558 4827 9539
3001 2 2 1 1 1749 7939 8219
3002 2 2 1 1 4870 1892 4882
3003 2 2 1 1 2512 8771 9018
3004 2 2 1 1 8126 5323 9170
3005 2 2 1 1 6183 8883 8926
3006 2 2 1 1 7822 7826 7827
3007 2 2 1 1 1593 8735 8810
3008 2 2 1 1 723 9106 9159
3009 2 2 1 1 9162 432 9172
3010 2 2 1 1 4877 3906 9671
3011 2 2 1 1 2966 6569 8640
3012 2 2 1 1 9197 4689 9312
3013 2 2 1 1 9449 5761 9548
3014 2 2 1 1 9000 502 9146
3015 2 2 1 1 8949 1863 9093
3016 2 2 1 1 5139 5146 5148
3017 2 2 1 1 5882 4322 7271
3018 2 2 1 1 5801 1629 8447
3019 2 2 1 1 7939 1749 8291
3020 2 2 1 1 5078 5079 8837
3021 2 2 1 1 6975 1646 8792
3022 2 2 1 1 4642 4644 4865
3023 2 2 1 1 6391 5629 8113
3024 2 2 1 1 5921 4463 9288
3025 2 2 1 1 1690 5719 5722
3026 2 2 1 1 4709 8726 9328
3027 2 2 1 1 4937 4702 8631
3028 2 2 1 1 7777 4199 8250
3029 2 2 1 1 2719 2721 5310
3030 2 2 1 1 5761 5760 9548
3031 2 2 1 1 4788 1506 8650
3032 2 2 1 1 5554 1617 8306
3033 2 2 1 1 6813 1803 8368
3034 2 2 1 1 1828 7422 8927
3035 2 2 1 1 5974 3913 8500
3036 2 2 1 1 7222 7223 9020
3037 2 2 1 1 1586 8939 9021
3038 2 2 1 1 8334 5435 8402
3039 2 2 1 1 553 1892 8133
3040 2 2 1 1 8563 4996 8690
3041 2 2 1 1 4592 4591 4865
3042 2 2 1 1 5546 5547 8543
3043 2 2 1 1 4474 4776 8359
3044 2 2 1 1 5543 1535 9578
3045 2 2 1 1 444 445 5769
3046 2 2 1 1 6569 2966 8719
3047 2 2 1 1 1981 4691 4692
3048 2 2 1 1 6200 3493 8194
3049 2 2 1 1 1748 7915 9393
3050 2 2 1 1 1564 8893 9023
3051 2 2 1 1 5657 5658 9070
3052 2 2 1 1 1646 6975 8875
3053 2 2 1 1 5302 1628 8200
3054 2 2 1 1 9142 16 9181
3055 2 2 1 1 5770 8081 8218
3056 2 2 1 1 5096 1602 9614
3057 2 2 1 1 5720 1695 8165
3058 2 2 1 1 8735 6227 8810
3059 2 2 1 1 445 1704 5769
3060 2 2 1 1 515 1845 5581
3061 2 2 1 1 4122 6762 9084
3062 2 2 1 1 4833 6353 9360
3063 2 2 1 1 38 5372 8213
3064 2 2 1 1 8530 6948 9608
3065 2 2 1 1 2977 8857 9173
3066 2 2 1 1 2041 8179 9314
3067 2 2 1 1 9201 6197 9323
3068 2 2 1 1 5700 8811 8954
3069 2 2 1 1 6600 6850 9062
3070 2 2 1 1 4731 4439 8964
3071 2 2 1 1 6572 2983 6573
3072 2 2 1 1 3024 2199 4803
3073 2 2 1 1 8767 1689 9086
3074 2 2 1 1 1942 4857 4858
3075 2 2 1 1 8054 2039 9447
3076 2 2 1 1 7825 7824 9367
3077 2 2 1 1 6096 6098 6101
3078 2 2 1 1 6918 2954 6919
3079 2 2 1 1 1252 8504 8748
3080 2 2 1 1 2958 8463 8464
3081 2 2 1 1 4061 3343 6944
3082 2 2 1 1 3345 4086 6944
3083 2 2 1 1 8784 1534 9136
3084 2 2 1 1 7222 9020 9134
3085 2 2 1 1 6895 3959 9420
3086 2 2 1 1 7010 4270 8369
3087 2 2 1 1 6196 8110 8228
3088 2 2 1 1 8939 6234 9021
3089 2 2 1 1 4421 8291 8454
3090 2 2 1 1 2170 9125 9199
3091 2 2 1 1 4325 7252 7253
3092 2 2 1 1 8543 5547 8617
3093 2 2 1 1 6850 6600 9126
3094 2 2 1 1 5950 9208 9209
3095 2 2 1 1 6762 4122 9186
3096 2 2 1 1 5121 1928 8567
3097 2 2 1 1 5435 5436 8402
3098 2 2 1 1 408 409 8197
3099 2 2 1 1 8560 1272 8693
3100 2 2 1 1 4875 4872 8047
3101 2 2 1 1 5372 5366 8213
3102 2 2 1 1 1682 8421 8729
3103 2 2 1 1 3143 7229 8989
3104 2 2 1 1 629 630 8198
3105 2 2 1 1 8511 4832 8818
3106 2 2 1 1 8248 6582 8370
3107 2 2 1 1 6713 6714 6715
3108 2 2 1 1 3125 5730 8827
3109 2 2 1 1 6197 6195 9323
3110 2 2 1 1 4408 7370 8314
3111 2 2 1 1 6745 6743 6748
3112 2 2 1 1 4463 5921 9388
3113 2 2 1 1 7251 1906 7270
3114 2 2 1 1 7911 7910 8391
3115 2 2 1 1 4538 1978 8974
3116 2 2 1 1 6012 8902 9099
3117 2 2 1 1 8010 7894 8149
3118 2 2 1 1 4996 4997 8690
3119 2 2 1 1 7825 9367 9490
3120 2 2 1 1 4953 4562 8073
3121 2 2 1 1 5422 5440 8244
3122 2 2 1 1 7229 3143 9052
3123 2 2 1 1 9381 1589 9630
3124 2 2 1 1 8464 5406 8972
3125 2 2 1 1 5550 8654 8866
3126 2 2 1 1 9403 4546 9471
3127 2 2 1 1 1945 8010 8149
3128 2 2 1 1 7755 7229 8907
3129 2 2 1 1 5730 3125 8894
3130 2 2 1 1 3026 2538 9411
3131 2 2 1 1 4613 1516 4922
3132 2 2 1 1 4698 4696 8903
3133 2 2 1 1 4456 7401 9175
3134 2 2 1 1 8364 2052 9239
3135 2 2 1 1 6920 6919 8119
3136 2 2 1 1 4546 4811 9471
3137 2 2 1 1 2022 4953 8073
3138 2 2 1 1 8934 4697 8981
3139 2 2 1 1 4102 4761 4985
3140 2 2 1 1 6424 3603 8808
3141 2 2 1 1 5934 9092 9100
3142 2 2 1 1 4865 3113 8100
3143 2 2 1 1 6162 2981 9218
3144 2 2 1 1 6104 7259 8497
3145 2 2 1 1 6794 9053 9102
3146 2 2 1 1 7243 8258 8273
3147 2 2 1 1 7401 4456 9245
3148 2 2 1 1 2506 8624 8817
3149 2 2 1 1 1505 4785 4835
3150 2 2 1 1 4728 1514 4836
3151 2 2 1 1 7370 4408 8387
3152 2 2 1 1 2034 8089 8161
3153 2 2 1 1 1928 5121 8694
3154 2 2 1 1 1520 4661 8726
3155 2 2 1 1 4266 4145 8381
3156 2 2 1 1 6156 6154 8820
3157 2 2 1 1 7229 7755 8989
3158 2 2 1 1 8018 1746 8887
3159 2 2 1 1 5525 5524 9574
3160 2 2 1 1 5207 4391 8309
3161 2 2 1 1 4879 4881 9043
3162 2 2 1 1 9170 1879 9564
3163 2 2 1 1 6804 8558 8635
3164 2 2 1 1 6554 6553 6555
3165 2 2 1 1 6054 6055 6061
3166 2 2 1 1 5298 5299 8200
3167 2 2 1 1 1420 1421 4641
3168 2 2 1 1 8389 5309 8424
3169 2 2 1 1 8170 1950 8545
3170 2 2 1 1 905 4842 4857
3171 2 2 1 1 6805 6806 6811
3172 2 2 1 1 4706 4483 8957
3173 2 2 1 1 7582 1783 8202
3174 2 2 1 1 690 8932 9063
3175 2 2 1 1 5218 1558 8776
3176 2 2 1 1 2936 6560 9205
3177 2 2 1 1 1983 4772 4839
3178 2 2 1 1 6281 9162 9172
3179 2 2 1 1 1178 5408 8515
3180 2 2 1 1 5735 9047 9079
3181 2 2 1 1 5913 1996 5914
3182 2 2 1 1 1754 4566 8536
3183 2 2 1 1 2954 2357 6919
3184 2 2 1 1 1852 4593 4594
3185 2 2 1 1 7318 6264 9261
3186 2 2 1 1 8081 1700 8218
3187 2 2 1 1 6134 6135 6136
3188 2 2 1 1 2020 5357 6451
3189 2 2 1 1 3986 7860 7911
3190 2 2 1 1 1892 554 4882
3191 2 2 1 1 4624 4623 4625
3192 2 2 1 1 4504 4791 4806
3193 2 2 1 1 5102 5103 5104
3194 2 2 1 1 1614 8248 8370
3195 2 2 1 1 5207 1913 8240
3196 2 2 1 1 4801 4809 9347
3197 2 2 1 1 6416 6425 8980
3198 2 2 1 1 6353 6351 9360
3199 2 2 1 1 4679 4671 4681
3200 2 2 1 1 6180 1610 9681
3201 2 2 1 1 5780 5779 9435
3202 2 2 1 1 718 1659 8986
3203 2 2 1 1 4912 1523 8916
3204 2 2 1 1 2654 2652 6550
3205 2 2 1 1 2972 2654 6550
3206 2 2 1 1 7928 6920 8119
3207 2 2 1 1 4212 7253 7254
3208 2 2 1 1 7333 4266 8381
3209 2 2 1 1 6755 8086 8486
3210 2 2 1 1 1558 5218 8859
3211 2 2 1 1 5602 1679 9135
3212 2 2 1 1 8430 4493 8822
3213 2 2 1 1 735 5716 8292
3214 2 2 1 1 8309 4391 8382
3215 2 2 1 1 6133 152 6135
3216 2 2 1 1 8831 7161 8909
3217 2 2 1 1 409 410 6061
3218 2 2 1 1 410 1674 6061
3219 2 2 1 1 8558 2896 8635
3220 2 2 1 1 9068 76 9109
3221 2 2 1 1 9071 134 9158
3222 2 2 1 1 631 1596 5395
3223 2 2 1 1 630 631 5395
3224 2 2 1 1 5146 589 9602
3225 2 2 1 1 9435 5779 9537
3226 2 2 1 1 7495 2763 7601
3227 2 2 1 1 4378 4377 7601
3228 2 2 1 1 8832 5603 8918
3229 2 2 1 1 7575 8393 8423
3230 2 2 1 1 3959 6895 9440
3231 2 2 1 1 7909 2042 9322
3232 2 2 1 1 5379 2978 5380
3233 2 2 1 1 9019 1925 9575
3234 2 2 1 1 3032 2414 9369
3235 2 2 1 1 9106 5259 9159
3236 2 2 1 1 6797 8772 8858
3237 2 2 1 1 5467 5468 8539
3238 2 2 1 1 5637 8491 8647
3239 2 2 1 1 6811 4369 7636
3240 2 2 1 1 4114 6507 8490
3241 2 2 1 1 9315 6038 9431
3242 2 2 1 1 7181 4478 9252
3243 2 2 1 1 4829 4828 4830
3244 2 2 1 1 4627 3486 9010
3245 2 2 1 1 4539 9142 9181
3246 2 2 1 1 5198 4057 5199
3247 2 2 1 1 3078 4896 4897
3248 2 2 1 1 1913 5207 8309
3249 2 2 1 1 5009 5010 8754
3250 2 2 1 1 1421 1961 4641
3251 2 2 1 1 4555 1758 9678
3252 2 2 1 1 6582 2022 8073
3253 2 2 1 1 8224 4482 9227
3254 2 2 1 1 9125 4687 9199
3255 2 2 1 1 4574 1611 4575
3256 2 2 1 1 8639 4526 8887
3257 2 2 1 1 2260 2257 4948
3258 2 2 1 1 2389 8780 8924
3259 2 2 1 1 4475 8238 8565
3260 2 2 1 1 4322 7270 7271
3261 2 2 1 1 1969 4685 4700
3262 2 2 1 1 7910 7909 9322
3263 2 2 1 1 6021 9000 9146
3264 2 2 1 1 4712 4296 4713
3265 2 2 1 1 5320 2019 5321
3266 2 2 1 1 2500 8449 8611
3267 2 2 1 1 5379 5365 5668
3268 2 2 1 1 9054 8059 9149
3269 2 2 1 1 9035 6648 9075
3270 2 2 1 1 6837 2968 7497
3271 2 2 1 1 5675 3749 8999
3272 2 2 1 1 7362 3378 8553
3273 2 2 1 1 6038 6039 9431
3274 2 2 1 1 4702 4937 9566
3275 2 2 1 1 7584 5288 8274
3276 2 2 1 1 5190 5188 9402
3277 2 2 1 1 3078 4895 4896
3278 2 2 1 1 5716 5714 8292
3279 2 2 1 1 4016 5925 8783
3280 2 2 1 1 8613 6607 8739
3281 2 2 1 1 4106 6688 7528
3282 2 2 1 1 4761 4102 7962
3283 2 2 1 1 3234 3237 4939
3284 2 2 1 1 5629 7350 8113
3285 2 2 1 1 8503 4723 8828
3286 2 2 1 1 8434 1656 8787
3287 2 2 1 1 6009 8760 8898
3288 2 2 1 1 8539 5468 8614
3289 2 2 1 1 3361 8580 8653
3290 2 2 1 1 7277 1607 8230
3291 2 2 1 1 4568 1975 8869
3292 2 2 1 1 4085 7179 8712
3293 2 2 1 1 9053 6364 9102
3294 2 2 1 1 8772 2907 8858
3295 2 2 1 1 5407 9019 9575
3296 2 2 1 1 4587 2047 8120
3297 2 2 1 1 400 8895 9003
3298 2 2 1 1 4098 6763 8843
3299 2 2 1 1 8754 5010 8835
3300 2 2 1 1 8551 4862 8634
3301 2 2 1 1 8376 5504 8436
3302 2 2 1 1 5517 1639 8599
3303 2 2 1 1 1892 4868 8133
3304 2 2 1 1 1882 4875 8047
3305 2 2 1 1 8474 3285 8678
3306 2 2 1 1 5780 1838 5781
3307 2 2 1 1 7799 8177 8295
3308 2 2 1 1 393 394 4618
3309 2 2 1 1 1635 393 4618
3310 2 2 1 1 409 6061 8197
3311 2 2 1 1 4239 7908 7911
3312 2 2 1 1 5905 6405 9601
3313 2 2 1 1 6145 4310 8955
3314 2 2 1 1 1949 8943 9116
3315 2 2 1 1 630 5395 8198
3316 2 2 1 1 6507 4114 8620
3317 2 2 1 1 19 9002 9008
3318 2 2 1 1 4785 1505 8417
3319 2 2 1 1 8258 5382 8273
3320 2 2 1 1 3039 2293 9317
3321 2 2 1 1 5880 1807 8975
3322 2 2 1 1 3486 4627 9232
3323 2 2 1 1 1783 7582 8104
3324 2 2 1 1 7823 1752 9267
3325 2 2 1 1 6441 6442 7601
3326 2 2 1 1 8684 5736 8940
3327 2 2 1 1 8722 5802 8854
3328 2 2 1 1 5407 5405 9019
3329 2 2 1 1 4653 4649 4654
3330 2 2 1 1 5282 5115 9222
3331 2 2 1 1 4727 4726 4919
3332 2 2 1 1 1751 1254 8043
3333 2 2 1 1 6575 6573 8976
3334 2 2 1 1 428 429 6001
3335 2 2 1 1 1673 428 6001
3336 2 2 1 1 5957 5961 8117
3337 2 2 1 1 6536 6535 6537
3338 2 2 1 1 98 5298 8200
3339 2 2 1 1 1942 904 4857
3340 2 2 1 1 7906 1725 9675
3341 2 2 1 1 1628 5302 5304
3342 2 2 1 1 699 700 6339
3343 2 2 1 1 700 1681 6339
3344 2 2 1 1 1607 7277 8298
3345 2 2 1 1 4804 4771 9426
3346 2 2 1 1 5192 8597 9558
3347 2 2 1 1 7081 7084 9095
3348 2 2 1 1 7179 4085 8839
3349 2 2 1 1 6763 4098 8953
3350 2 2 1 1 6754 8646 9128
3351 2 2 1 1 8494 4627 9010
3352 2 2 1 1 3351 3969 6939
3353 2 2 1 1 4695 4697 8934
3354 2 2 1 1 769 6352 8202
3355 2 2 1 1 8932 5347 9063
3356 2 2 1 1 5625 8949 9093
3357 2 2 1 1 7214 7216 9555
3358 2 2 1 1 8903 4696 9487
3359 2 2 1 1 5309 5308 8145
3360 2 2 1 1 3153 6819 9171
3361 2 2 1 1 8519 6188 8878
3362 2 2 1 1 5504 5505 8436
3363 2 2 1 1 2475 6162 8470
3364 2 2 1 1 6558 6560 9056
3365 2 2 1 1 5957 1567 5958
3366 2 2 1 1 6792 8921 8979
3367 2 2 1 1 8305 5784 9192
3368 2 2 1 1 1807 5880 9098
3369 2 2 1 1 8136 4106 8297
3370 2 2 1 1 2022 6582 8248
3371 2 2 1 1 6978 1668 6979
3372 2 2 1 1 3492 4081 6715
3373 2 2 1 1 4055 3490 6715
3374 2 2 1 1 1951 8079 8686
3375 2 2 1 1 1987 4540 9375
3376 2 2 1 1 5099 5098 5100
3377 2 2 1 1 4726 4115 4919
3378 2 2 1 1 9092 5419 9100
3379 2 2 1 1 2976 6142 8357
3380 2 2 1 1 7214 9555 9612
3381 2 2 1 1 4382 7251 7270
3382 2 2 1 1 5626 8752 8990
3383 2 2 1 1 1639 5517 8720
3384 2 2 1 1 1902 5658 9286
3385 2 2 1 1 3990 5724 7309
3386 2 2 1 1 8633 4746 9101
3387 2 2 1 1 6199 6200 9577
3388 2 2 1 1 6334 1685 9621
3389 2 2 1 1 5771 5767 6847
3390 2 2 1 1 1613 8613 8739
3391 2 2 1 1 6819 3153 9237
3392 2 2 1 1 7928 7054 8189
3393 2 2 1 1 8937 5455 9066
3394 2 2 1 1 7252 4325 7255
3395 2 2 1 1 1516 4796 4922
3396 2 2 1 1 1762 4535 8524
3397 2 2 1 1 4478 7181 9344
3398 2 2 1 1 6401 6400 8455
3399 2 2 1 1 4710 1984 4712
3400 2 2 1 1 8066 1760 8067
3401 2 2 1 1 7825 2044 7826
3402 2 2 1 1 6849 6518 8994
3403 2 2 1 1 5546 1634 8462
3404 2 2 1 1 1381 1382 4763
3405 2 2 1 1 6097 6099 6100
3406 2 2 1 1 3349 6939 8211
3407 2 2 1 1 36 1542 5377
3408 2 2 1 1 35 36 5377
3409 2 2 1 1 4310 6145 9239
3410 2 2 1 1 4665 4671 4679
3411 2 2 1 1 4767 4770 4773
3412 2 2 1 1 5629 5630 7350
3413 2 2 1 1 4115 4726 4918
3414 2 2 1 1 2039 8177 9447
3415 2 2 1 1 2897 8988 9011
3416 2 2 1 1 4695 4696 4697
3417 2 2 1 1 939 940 6261
3418 2 2 1 1 940 1603 6261
3419 2 2 1 1 1845 5578 5579
3420 2 2 1 1 4647 4646 4863
3421 2 2 1 1 4685 4688 4700
3422 2 2 1 1 4293 7329 9674
3423 2 2 1 1 1956 6120 8596
3424 2 2 1 1 6048 9381 9630
3425 2 2 1 1 4794 4954 9638
3426 2 2 1 1 2383 8627 8727
3427 2 2 1 1 5598 1688 9677
3428 2 2 1 1 4704 4497 9026
3429 2 2 1 1 4608 4609 9287
3430 2 2 1 1 8305 7445 9636
3431 2 2 1 1 1150 5861 9564
3432 2 2 1 1 8645 1536 8922
3433 2 2 1 1 6411 6955 8933
3434 2 2 1 1 905 906 4842
3435 2 2 1 1 4882 555 8047
3436 2 2 1 1 1637 6359 8846
3437 2 2 1 1 8945 7101 8997
3438 2 2 1 1 4800 4799 4801
3439 2 2 1 1 5298 5297 5299
3440 2 2 1 1 435 8855 8915
3441 2 2 1 1 1627 8722 8854
3442 2 2 1 1 6836 6837 7497
3443 2 2 1 1 5785 6900 8482
3444 2 2 1 1 5644 8606 8699
3445 2 2 1 1 6440 6441 8380
3446 2 2 1 1 6196 6199 8110
3447 2 2 1 1 1382 1524 4763
3448 2 2 1 1 8798 1590 9055
3449 2 2 1 1 5300 5296 7706
3450 2 2 1 1 6948 878 8300
3451 2 2 1 1 5527 5529 9015
3452 2 2 1 1 8820 6154 9559
3453 2 2 1 1 1649 6196 8228
3454 2 2 1 1 6688 4106 8136
3455 2 2 1 1 1755 7882 9144
3456 2 2 1 1 6042 1700 8081
3457 2 2 1 1 4771 4772 9426
3458 2 2 1 1 1634 5546 8543
3459 2 2 1 1 720 5351 9379
3460 2 2 1 1 1085 6554 8272
3461 2 2 1 1 4057 5198 9339
3462 2 2 1 1 221 4598 9531
3463 2 2 1 1 4678 4669 4838
3464 2 2 1 1 5455 5456 9066
3465 2 2 1 1 726 8775 8890
3466 2 2 1 1 8809 5964 8896
3467 2 2 1 1 1457 1458 4700
3468 2 2 1 1 6554 6555 8272
3469 2 2 1 1 6927 6925 6928
3470 2 2 1 1 6955 6411 9017
3471 2 2 1 1 1960 4794 9638
3472 2 2 1 1 6003 3970 9482
3473 2 2 1 1 153 1714 6135
3474 2 2 1 1 5406 5407 8972
3475 2 2 1 1 6158 6150 8757
3476 2 2 1 1 5784 8305 9636
3477 2 2 1 1 8149 7894 8312
3478 2 2 1 1 8929 137 8960
3479 2 2 1 1 4497 4704 9177
3480 2 2 1 1 9287 4609 9412
3481 2 2 1 1 67 1566 9152
3482 2 2 1 1 4380 4379 5946
3483 2 2 1 1 2893 5946 7668
3484 2 2 1 1 6701 8764 8884
3485 2 2 1 1 1832 4624 7963
3486 2 2 1 1 4866 3926 7598
3487 2 2 1 1 8176 4494 8593
3488 2 2 1 1 5144 5143 5145
3489 2 2 1 1 1619 8882 8919
3490 2 2 1 1 8315 4401 8433
3491 2 2 1 1 5719 5718 5724
3492 2 2 1 1 79 8910 8913
3493 2 2 1 1 902 903 4861
3494 2 2 1 1 2276 2274 4887
3495 2 2 1 1 4605 4606 4607
3496 2 2 1 1 8042 2043 8311
3497 2 2 1 1 5599 5602 9135
3498 2 2 1 1 1145 1146 5318
3499 2 2 1 1 4875 1882 4878
3500 2 2 1 1 4793 1529 8144
3501 2 2 1 1 6378 6377 8753
3502 2 2 1 1 1254 1255 8043
3503 2 2 1 1 1288 1767 8120
3504 2 2 1 1 4217 4571 4866
3505 2 2 1 1 2047 1287 8120
3506 2 2 1 1 8591 6430 8799
3507 2 2 1 1 4862 7164 8015
3508 2 2 1 1 8331 7390 8566
3509 2 2 1 1 7373 4432 8615
3510 2 2 1 1 6525 1807 9098
3511 2 2 1 1 4673 4669 4678
3512 2 2 1 1 8554 6030 8629
3513 2 2 1 1 4661 4662 8726
3514 2 2 1 1 4736 4733 4748
3515 2 2 1 1 4762 1988 4840
3516 2 2 1 1 1679 5602 8832
3517 2 2 1 1 6401 8455 8583
3518 2 2 1 1 6693 8136 8297
3519 2 2 1 1 5657 8523 8598
3520 2 2 1 1 6919 2359 8119
3521 2 2 1 1 8766 5563 8847
3522 2 2 1 1 1684 4628 4629
3523 2 2 1 1 1976 4589 8516
3524 2 2 1 1 5200 5201 8550
3525 2 2 1 1 151 152 6133
3526 2 2 1 1 5749 9071 9158
3527 2 2 1 1 5300 2953 5301
3528 2 2 1 1 2723 2969 8288
3529 2 2 1 1 7503 4068 8710
3530 2 2 1 1 4571 4572 4573
3531 2 2 1 1 7894 7895 8312
3532 2 2 1 1 2969 5305 8288
3533 2 2 1 1 6440 8380 8441
3534 2 2 1 1 6936 4086 8211
3535 2 2 1 1 3084 4741 4742
3536 2 2 1 1 5380 5382 8354
3537 2 2 1 1 1847 4600 4601
3538 2 2 1 1 6558 6557 6559
3539 2 2 1 1 1845 516 5578
3540 2 2 1 1 516 517 5578
3541 2 2 1 1 126 1670 9210
3542 2 2 1 1 7388 9455 9475
3543 2 2 1 1 477 478 7255
3544 2 2 1 1 8299 3933 8333
3545 2 2 1 1 1969 4683 4685
3546 2 2 1 1 1968 4657 4659
3547 2 2 1 1 1668 6978 8191
3548 2 2 1 1 5373 1618 5374
3549 2 2 1 1 7919 7830 9051
3550 2 2 1 1 1761 4577 8339
3551 2 2 1 1 5925 4016 9472
3552 2 2 1 1 8883 4899 8926
3553 2 2 1 1 5103 3338 8271
3554 2 2 1 1 6642 8881 8888
3555 2 2 1 1 1548 4546 9403
3556 2 2 1 1 8902 1691 9099
3557 2 2 1 1 5916 7391 8660
3558 2 2 1 1 8771 6646 9018
3559 2 2 1 1 8429 6539 8656
3560 2 2 1 1 2978 2852 5381
3561 2 2 1 1 2852 2854 5381
3562 2 2 1 1 8171 4396 8172
3563 2 2 1 1 4863 4646 8074
3564 2 2 1 1 1807 6525 9203
3565 2 2 1 1 8465 3992 8471
3566 2 2 1 1 9047 4069 9079
3567 2 2 1 1 1784 8791 8876
3568 2 2 1 1 8753 6377 8834
3569 2 2 1 1 5195 4021 8576
3570 2 2 1 1 4636 1987 4637
3571 2 2 1 1 1752 7823 9408
3572 2 2 1 1 5308 2727 8145
3573 2 2 1 1 8259 3616 8367
3574 2 2 1 1 2280 2278 4900
3575 2 2 1 1 6352 6350 8202
3576 2 2 1 1 2377 8444 8514
3577 2 2 1 1 4683 1969 4966
3578 2 2 1 1 4657 1968 4967
3579 2 2 1 1 5563 5562 8847
3580 2 2 1 1 2021 4749 4851
3581 2 2 1 1 6030 6029 8629
3582 2 2 1 1 6484 8988 9049
3583 2 2 1 1 5104 5103 8271
3584 2 2 1 1 1741 5358 6450
3585 2 2 1 1 5978 5977 8880
3586 2 2 1 1 7106 1783 8104
3587 2 2 1 1 5224 9068 9109
3588 2 2 1 1 8637 4672 8815
3589 2 2 1 1 8921 6363 8979
3590 2 2 1 1 8766 1862 8801
3591 2 2 1 1 6294 8422 8489
3592 2 2 1 1 6400 5553 8455
3593 2 2 1 1 5769 5768 5770
3594 2 2 1 1 4567 4486 6107
3595 2 2 1 1 4486 4503 6107
3596 2 2 1 1 7953 9054 9149
3597 2 2 1 1 5582 7777 8250
3598 2 2 1 1 8756 5621 8838
3599 2 2 1 1 5404 5405 5406
3600 2 2 1 1 9019 5405 9576
3601 2 2 1 1 4609 1921 9412
3602 2 2 1 1 5440 1540 8244
3603 2 2 1 1 3970 6003 8892
3604 2 2 1 1 7372 8870 8879
3605 2 2 1 1 8517 1693 8734
3606 2 2 1 1 5630 1624 7350
3607 2 2 1 1 5357 5358 6451
3608 2 2 1 1 7270 1906 7271
3609 2 2 1 1 4552 8512 9059
3610 2 2 1 1 4566 1754 9296
3611 2 2 1 1 6924 6925 6926
3612 2 2 1 1 1719 4563 9025
3613 2 2 1 1 5738 8717 8806
3614 2 2 1 1 6743 6742 9525
3615 2 2 1 1 1988 4762 4841
3616 2 2 1 1 4487 6953 9259
3617 2 2 1 1 7224 4402 8456
3618 2 2 1 1 6871 2994 9306
3619 2 2 1 1 6558 9056 9580
3620 2 2 1 1 6485 6484 9049
3621 2 2 1 1 7022 8768 8826
3622 2 2 1 1 4788 8650 9495
3623 2 2 1 1 1921 4609 9517
3624 2 2 1 1 4803 2198 8337
3625 2 2 1 1 4055 6714 8494
3626 2 2 1 1 1978 4559 8390
3627 2 2 1 1 5467 1713 8461
3628 2 2 1 1 1662 8315 8433
3629 2 2 1 1 5599 5598 5600
3630 2 2 1 1 3349 3351 6939
3631 2 2 1 1 9455 6087 9475
3632 2 2 1 1 5234 5235 8610
3633 2 2 1 1 6124 8112 8935
3634 2 2 1 1 6945 6943 6946
3635 2 2 1 1 322 323 4847
3636 2 2 1 1 1554 322 4847
3637 2 2 1 1 5200 8550 8676
3638 2 2 1 1 8708 3291 8742
3639 2 2 1 1 5131 5132 9167
3640 2 2 1 1 3355 8277 8302
3641 2 2 1 1 4861 4862 8015
3642 2 2 1 1 6953 4487 9338
3643 2 2 1 1 2371 8269 8308
3644 2 2 1 1 8895 6466 9003
3645 2 2 1 1 4715 1985 8093
3646 2 2 1 1 1204 1205 4949
3647 2 2 1 1 8976 6573 9627
3648 2 2 1 1 5369 5370 5371
3649 2 2 1 1 4872 4882 8047
3650 2 2 1 1 8811 7422 8954
3651 2 2 1 1 3603 6424 9544
3652 2 2 1 1 4766 4767 4773
3653 2 2 1 1 5307 5308 5309
3654 2 2 1 1 4664 4665 4679
3655 2 2 1 1 4649 4648 4654
3656 2 2 1 1 4732 4733 4736
3657 2 2 1 1 5582 5580 8080
3658 2 2 1 1 4131 6739 9304
3659 2 2 1 1 3135 6836 7497
3660 2 2 1 1 1574 8737 8794
3661 2 2 1 1 6476 8728 8788
3662 2 2 1 1 5978 8880 8996
3663 2 2 1 1 2988 6391 8113
3664 2 2 1 1 6893 3524 8868
3665 2 2 1 1 8342 1677 8671
3666 2 2 1 1 5581 5582 8186
3667 2 2 1 1 1519 1457 4700
3668 2 2 1 1 1458 1969 4700
3669 2 2 1 1 6441 2763 8380
3670 2 2 1 1 1700 6042 8111
3671 2 2 1 1 2764 6811 7636
3672 2 2 1 1 4370 4369 6811
3673 2 2 1 1 3233 3234 4939
3674 2 2 1 1 3237 4938 4939
3675 2 2 1 1 3093 4740 4741
3676 2 2 1 1 602 603 4638
3677 2 2 1 1 603 1732 4638
3678 2 2 1 1 4860 4858 8572
3679 2 2 1 1 7227 4450 9155
3680 2 2 1 1 5581 5580 5582
3681 2 2 1 1 6549 6550 6551
3682 2 2 1 1 6942 6943 6944
3683 2 2 1 1 3136 2260 4948
3684 2 2 1 1 3072 4694 8301
3685 2 2 1 1 2257 2256 4948
3686 2 2 1 1 4627 4625 9232
3687 2 2 1 1 2033 8031 8725
3688 2 2 1 1 3092 9035 9075
3689 2 2 1 1 8452 6103 8497
3690 2 2 1 1 7085 3981 9311
3691 2 2 1 1 1713 5467 8539
3692 2 2 1 1 6739 4131 9427
3693 2 2 1 1 4024 8551 8634
3694 2 2 1 1 7068 8790 8797
3695 2 2 1 1 4641 1961 4642
3696 2 2 1 1 3969 6937 6939
3697 2 2 1 1 8336 6699 8661
3698 2 2 1 1 8610 5235 8683
3699 2 2 1 1 6061 6055 8197
3700 2 2 1 1 2978 5379 5668
3701 2 2 1 1 1686 4560 9359
3702 2 2 1 1 8404 5742 8595
3703 2 2 1 1 8081 5770 8241
3704 2 2 1 1 3070 6927 6930
3705 2 2 1 1 5376 5365 5379
3706 2 2 1 1 1786 8885 9476
3707 2 2 1 1 4750 1973 8505
3708 2 2 1 1 7698 5800 8447
3709 2 2 1 1 7777 5582 8080
3710 2 2 1 1 5448 8268 9004
3711 2 2 1 1 9167 5132 9282
3712 2 2 1 1 4311 4421 9629
3713 2 2 1 1 4738 4736 4748
3714 2 2 1 1 7830 7919 9276
3715 2 2 1 1 4547 1698 9529
3716 2 2 1 1 7980 8009 8270
3717 2 2 1 1 4878 1882 4883
3718 2 2 1 1 5871 3004 9223
3719 2 2 1 1 1795 4558 9436
3720 2 2 1 1 4768 1513 4839
3721 2 2 1 1 4666 1959 4838
3722 2 2 1 1 373 374 4953
3723 2 2 1 1 1528 1420 4641
3724 2 2 1 1 3749 5675 9452
3725 2 2 1 1 4086 3347 8211
3726 2 2 1 1 140 8761 8777
3727 2 2 1 1 1712 5761 9449
3728 2 2 1 1 5513 5924 5925
3729 2 2 1 1 1698 4547 9644
3730 2 2 1 1 7053 7054 7928
3731 2 2 1 1 6128 8242 8282
3732 2 2 1 1 8086 3963 8251
3733 2 2 1 1 911 912 5068
3734 2 2 1 1 1546 911 5068
3735 2 2 1 1 4722 1504 4795
3736 2 2 1 1 4703 1518 4705
3737 2 2 1 1 2055 1528 4590
3738 2 2 1 1 1974 2057 4796
3739 2 2 1 1 4782 1977 4835
3740 2 2 1 1 1982 4725 4836
3741 2 2 1 1 1963 4737 4834
3742 2 2 1 1 4785 4782 4835
3743 2 2 1 1 4725 4728 4836
3744 2 2 1 1 4773 4770 4774
3745 2 2 1 1 82 8718 8750
3746 2 2 1 1 1444 1523 4751
3747 2 2 1 1 1415 1516 4778
3748 2 2 1 1 1407 1514 4765
3749 2 2 1 1 1452 1509 4792
3750 2 2 1 1 1469 1513 4766
3751 2 2 1 1 1432 1506 4788
3752 2 2 1 1 1502 1530 4732
3753 2 2 1 1 6 1529 4793
3754 2 2 1 1 1426 1984 4710
3755 2 2 1 1 1496 1971 4719
3756 2 2 1 1 1434 1970 4718
3757 2 2 1 1 1488 1985 4715
3758 2 2 1 1 1446 1967 4708
3759 2 2 1 1 5599 9135 9632
3760 2 2 1 1 1400 1958 4648
3761 2 2 1 1 1462 1959 4664
3762 2 2 1 1 1483 1962 4701
3763 2 2 1 1 1500 1963 4834
3764 2 2 1 1 5137 5139 5148
3765 2 2 1 1 1464 1465 4678
3766 2 2 1 1 7011 6576 9007
3767 2 2 1 1 4590 1528 4591
3768 2 2 1 1 6200 8977 9577
3769 2 2 1 1 4766 1513 4767
3770 2 2 1 1 4664 1959 4665
3771 2 2 1 1 4648 1958 4654
3772 2 2 1 1 4701 1962 4702
3773 2 2 1 1 8186 5582 8250
3774 2 2 1 1 1323 7906 8587
3775 2 2 1 1 4577 1761 8657
3776 2 2 1 1 4732 1530 4733
3777 2 2 1 1 1026 1027 4821
3778 2 2 1 1 1672 1026 4821
3779 2 2 1 1 1640 5247 9077
3780 2 2 1 1 5861 1150 9565
3781 2 2 1 1 8089 2034 8652
3782 2 2 1 1 4669 4666 4838
3783 2 2 1 1 1465 1525 4678
3784 2 2 1 1 1628 5304 8084
3785 2 2 1 1 4772 4768 4839
3786 2 2 1 1 9002 5112 9008
3787 2 2 1 1 4617 4618 4619
3788 2 2 1 1 5988 5987 8751
3789 2 2 1 1 7053 2970 7927
3790 2 2 1 1 4920 4744 9009
3791 2 2 1 1 4786 4781 4787
3792 2 2 1 1 7698 7390 8331
3793 2 2 1 1 903 1942 4861
3794 2 2 1 1 6978 4401 8191
3795 2 2 1 1 4755 4754 4757
3796 2 2 1 1 5382 8258 8354
3797 2 2 1 1 514 5581 8186
3798 2 2 1 1 4947 4785 8417
3799 2 2 1 1 4779 4141 9254
3800 2 2 1 1 5039 5040 8967
3801 2 2 1 1 3138 7437 9038
3802 2 2 1 1 8676 1711 9273
3803 2 2 1 1 1799 8856 9585
3804 2 2 1 1 1517 4564 9479
3805 2 2 1 1 6000 6001 6002
3806 2 2 1 1 8318 155 8547
3807 2 2 1 1 6056 6057 6058
3808 2 2 1 1 4598 221 8923
3809 2 2 1 1 3962 5771 6847
3810 2 2 1 1 5768 5767 5771
3811 2 2 1 1 4597 4596 9133
3812 2 2 1 1 7199 4471 9130
3813 2 2 1 1 6636 8674 8721
3814 2 2 1 1 4494 8176 9496
3815 2 2 1 1 8775 5241 8890
3816 2 2 1 1 5436 1661 8402
3817 2 2 1 1 4717 4951 8911
3818 2 2 1 1 1848 7675 8065
3819 2 2 1 1 5658 5656 9286
3820 2 2 1 1 8764 4046 8884
3821 2 2 1 1 4526 8018 8887
3822 2 2 1 1 7437 3138 9105
3823 2 2 1 1 906 1988 4842
3824 2 2 1 1 4733 4735 4748
3825 2 2 1 1 8222 7332 9022
3826 2 2 1 1 8413 4311 9629
3827 2 2 1 1 8800 7555 9179
3828 2 2 1 1 8463 5406 8464
3829 2 2 1 1 4670 8541 8665
3830 2 2 1 1 5377 5376 5378
3831 2 2 1 1 4521 8156 9117
3832 2 2 1 1 6868 6869 9120
3833 2 2 1 1 8967 5040 9042
3834 2 2 1 1 6261 6260 6262
3835 2 2 1 1 8751 5987 8829
3836 2 2 1 1 6120 4224 8596
3837 2 2 1 1 5297 5296 5300
3838 2 2 1 1 2953 5300 7706
3839 2 2 1 1 1972 1381 4763
3840 2 2 1 1 4061 6945 6949
3841 2 2 1 1 6836 3135 8060
3842 2 2 1 1 8267 4400 8384
3843 2 2 1 1 4859 4858 4860
3844 2 2 1 1 2274 3049 4887
3845 2 2 1 1 1668 408 8197
3846 2 2 1 1 8654 1598 8866
3847 2 2 1 1 3082 2276 4887
3848 2 2 1 1 472 8557 8649
3849 2 2 1 1 5358 1741 6451
3850 2 2 1 1 1541 629 8198
3851 2 2 1 1 1942 4859 4861
3852 2 2 1 1 438 8499 8621
3853 2 2 1 1 1423 8074 8196
3854 2 2 1 1 1921 9517 9608
3855 2 2 1 1 4720 4721 4724
3856 2 2 1 1 4789 4790 4791
3857 2 2 1 1 4780 4781 4786
3858 2 2 1 1 5770 5771 8241
3859 2 2 1 1 4753 4754 4755
3860 2 2 1 1 1529 4750 9157
3861 2 2 1 1 6920 7928 8189
3862 2 2 1 1 5307 5309 8435
3863 2 2 1 1 5351 720 9428
3864 2 2 1 1 1146 2019 5318
3865 2 2 1 1 1740 1145 5318
3866 2 2 1 1 8474 4860 8572
3867 2 2 1 1 1710 151 6133
3868 2 2 1 1 7320 7318 9261
3869 2 2 1 1 8060 3135 8183
3870 2 2 1 1 8002 1953 8395
3871 2 2 1 1 1914 8809 8896
3872 2 2 1 1 5201 1706 8550
3873 2 2 1 1 1661 5436 8481
3874 2 2 1 1 5205 4632 8991
3875 2 2 1 1 3024 4804 4805
3876 2 2 1 1 1676 5269 9131
3877 2 2 1 1 6749 3943 6750
3878 2 2 1 1 2278 3082 4900
3879 2 2 1 1 1793 477 7255
3880 2 2 1 1 478 7252 7255
3881 2 2 1 1 4199 7675 8250
3882 2 2 1 1 4895 4894 4896
3883 2 2 1 1 1687 7436 9182
3884 2 2 1 1 4058 8831 8909
3885 2 2 1 1 4304 8169 8632
3886 2 2 1 1 4080 5961 6392
3887 2 2 1 1 8531 4515 8548
3888 2 2 1 1 1760 8066 8098
3889 2 2 1 1 4796 2057 4922
3890 2 2 1 1 3093 2280 4900
3891 2 2 1 1 4724 4721 4918
3892 2 2 1 1 6780 6781 9176
3893 2 2 1 1 8624 6640 8817
3894 2 2 1 1 4620 3961 9572
3895 2 2 1 1 5655 1915 5656
3896 2 2 1 1 7390 7698 8447
3897 2 2 1 1 6153 6154 6155
3898 2 2 1 1 8504 8039 8748
3899 2 2 1 1 4584 4575 9400
3900 2 2 1 1 5380 5381 5382
3901 2 2 1 1 6576 7011 9345
3902 2 2 1 1 8052 1302 8805
3903 2 2 1 1 5684 5683 9533
3904 2 2 1 1 7822 7827 7828
3905 2 2 1 1 6979 1668 8197
3906 2 2 1 1 1464 4678 4838
3907 2 2 1 1 7062 8590 8630
3908 2 2 1 1 966 967 4891
3909 2 2 1 1 1612 966 4891
3910 2 2 1 1 902 4861 8015
3911 2 2 1 1 5912 1721 5913
3912 2 2 1 1 8191 4401 8315
3913 2 2 1 1 8057 8560 8693
3914 2 2 1 1 8856 6625 9585
3915 2 2 1 1 6577 2718 9573
3916 2 2 1 1 7168 7169 9219
3917 2 2 1 1 8737 5231 8794
3918 2 2 1 1 1616 4811 4812
3919 2 2 1 1 2944 8167 8220
3920 2 2 1 1 6159 1663 6160
3921 2 2 1 1 4881 7580 9043
3922 2 2 1 1 1981 4692 4693
3923 2 2 1 1 1531 4680 4966
3924 2 2 1 1 1532 4650 4967
3925 2 2 1 1 5358 5359 6450
3926 2 2 1 1 341 5099 8279
3927 2 2 1 1 143 8556 8607
3928 2 2 1 1 6572 6573 6574
3929 2 2 1 1 4727 4910 9365
3930 2 2 1 1 1847 4601 8061
3931 2 2 1 1 6918 6919 6920
3932 2 2 1 1 5128 2018 8821
3933 2 2 1 1 5421 5422 8244
3934 2 2 1 1 4759 1972 4763
3935 2 2 1 1 7263 8086 8251
3936 2 2 1 1 7906 7903 8587
3937 2 2 1 1 8885 6517 9476
3938 2 2 1 1 2007 1204 4949
3939 2 2 1 1 1205 2054 4949
3940 2 2 1 1 7243 5421 8244
3941 2 2 1 1 4907 6837 8294
3942 2 2 1 1 6059 6057 9468
3943 2 2 1 1 1759 4800 8146
3944 2 2 1 1 444 5769 8218
3945 2 2 1 1 8300 1921 9608
3946 2 2 1 1 7123 7126 9234
3947 2 2 1 1 8780 7105 8924
3948 2 2 1 1 4846 4847 4848
3949 2 2 1 1 7028 8411 8525
3950 2 2 1 1 8393 1788 8423
3951 2 2 1 1 2059 3180 4922
3952 2 2 1 1 8988 6484 9011
3953 2 2 1 1 5956 5954 8544
3954 2 2 1 1 1687 9182 9294
3955 2 2 1 1 7052 7053 7927
3956 2 2 1 1 6055 6979 8197
3957 2 2 1 1 5431 5429 9417
3958 2 2 1 1 5309 8389 8435
3959 2 2 1 1 6833 8060 8183
3960 2 2 1 1 1988 907 4840
3961 2 2 1 1 1923 9327 9586
3962 2 2 1 1 4638 4583 4639
3963 2 2 1 1 8855 6276 8915
3964 2 2 1 1 4546 1548 9512
3965 2 2 1 1 6561 8800 9179
3966 2 2 1 1 5914 1996 5915
3967 2 2 1 1 1589 4584 9400
3968 2 2 1 1 1852 4594 4595
3969 2 2 1 1 908 2021 4851
3970 2 2 1 1 4624 4625 4626
3971 2 2 1 1 4756 4762 4840
3972 2 2 1 1 4951 4717 9415
3973 2 2 1 1 1908 8138 8189
3974 2 2 1 1 4781 4783 4787
3975 2 2 1 1 6518 6849 9476
3976 2 2 1 1 6821 4491 9354
3977 2 2 1 1 8086 6755 9637
3978 2 2 1 1 6804 6805 8485
3979 2 2 1 1 374 1611 4953
3980 2 2 1 1 2022 373 4953
3981 2 2 1 1 6042 4400 8111
3982 2 2 1 1 4334 4156 4825
3983 2 2 1 1 4156 4543 4825
3984 2 2 1 1 5198 5197 9339
3985 2 2 1 1 6630 8466 8533
3986 2 2 1 1 4755 4757 4760
3987 2 2 1 1 5580 5572 8080
3988 2 2 1 1 1975 4611 8673
3989 2 2 1 1 547 548 6451
3990 2 2 1 1 8760 1694 8898
3991 2 2 1 1 2073 2071 4914
3992 2 2 1 1 7503 6430 8591
3993 2 2 1 1 8157 2032 8233
3994 2 2 1 1 1697 8267 8384
3995 2 2 1 1 4829 4830 4831
3996 2 2 1 1 5198 5199 5200
3997 2 2 1 1 4897 4896 4898
3998 2 2 1 1 4574 4575 4576
3999 2 2 1 1 4754 1972 4759
4000 2 2 1 1 2343 2345 6930
4001 2 2 1 1 4798 4588 4799
4002 2 2 1 1 5320 5321 5322
4003 2 2 1 1 4749 4734 4851
4004 2 2 1 1 4820 4821 4822
4005 2 2 1 1 8491 1608 8647
4006 2 2 1 1 8236 5630 8303
4007 2 2 1 1 6392 5961 8265
4008 2 2 1 1 3374 3372 7365
4009 2 2 1 1 3976 3374 7365
4010 2 2 1 1 5769 5770 8218
4011 2 2 1 1 5009 1565 8688
4012 2 2 1 1 5781 1838 5782
4013 2 2 1 1 2018 5128 8930
4014 2 2 1 1 4720 1504 4721
4015 2 2 1 1 1974 2055 2056
4016 2 2 1 1 1526 4775 4776
4017 2 2 1 1 1511 4789 4791
4018 2 2 1 1 1982 4720 4724
4019 2 2 1 1 1507 4780 4786
4020 2 2 1 1 4753 1972 4754
4021 2 2 1 1 4789 1979 4790
4022 2 2 1 1 4780 1977 4781
4023 2 2 1 1 1970 4703 4704
4024 2 2 1 1 1966 4716 4717
4025 2 2 1 1 1533 4753 4755
4026 2 2 1 1 4923 4439 9139
4027 2 2 1 1 5723 8274 8729
4028 2 2 1 1 6130 1710 6132
4029 2 2 1 1 3076 8945 8997
4030 2 2 1 1 7223 6623 9020
4031 2 2 1 1 8035 2036 9229
4032 2 2 1 1 4643 1961 8196
4033 2 2 1 1 6536 6537 6538
4034 2 2 1 1 6537 6535 6540
4035 2 2 1 1 8705 4747 8901
4036 2 2 1 1 8449 6634 8611
4037 2 2 1 1 5957 5958 5959
4038 2 2 1 1 5100 5098 5101
4039 2 2 1 1 5715 5720 5721
4040 2 2 1 1 3339 3341 6949
4041 2 2 1 1 6872 2534 9044
4042 2 2 1 1 6100 6099 6102
4043 2 2 1 1 4726 4724 4918
4044 2 2 1 1 2970 7053 7928
4045 2 2 1 1 4721 4723 4918
4046 2 2 1 1 8910 5445 8913
4047 2 2 1 1 6305 6304 8966
4048 2 2 1 1 4800 4801 4802
4049 2 2 1 1 4697 4696 4698
4050 2 2 1 1 4762 4761 7962
4051 2 2 1 1 6102 6099 9591
4052 2 2 1 1 1773 6415 9132
4053 2 2 1 1 7045 8379 8431
4054 2 2 1 1 8074 4646 8196
4055 2 2 1 1 6927 6928 6929
4056 2 2 1 1 6804 8485 8558
4057 2 2 1 1 1967 4635 8296
4058 2 2 1 1 5144 5147 9595
4059 2 2 1 1 8580 7026 8653
4060 2 2 1 1 5278 5276 9371
4061 2 2 1 1 5960 5958 9552
4062 2 2 1 1 699 6339 8182
4063 2 2 1 1 5144 5145 5147
4064 2 2 1 1 9327 4579 9586
4065 2 2 1 1 5817 1899 8450
4066 2 2 1 1 1565 5009 8754
4067 2 2 1 1 1684 4629 4630
4068 2 2 1 1 146 8349 8407
4069 2 2 1 1 4571 4573 4866
4070 2 2 1 1 5373 5370 9596
4071 2 2 1 1 4601 4600 4602
4072 2 2 1 1 4860 8474 8678
4073 2 2 1 1 6558 6559 6560
4074 2 2 1 1 5451 1591 8698
4075 2 2 1 1 8791 6290 8876
4076 2 2 1 1 5334 1596 9648
4077 2 2 1 1 35 5377 8142
4078 2 2 1 1 8544 5954 8663
4079 2 2 1 1 1802 6536 8429
4080 2 2 1 1 6010 8929 8960
4081 2 2 1 1 1514 4728 8762
4082 2 2 1 1 7675 4398 8065
4083 2 2 1 1 4890 4891 4892
4084 2 2 1 1 3084 4742 4743
4085 2 2 1 1 4680 4683 4966
4086 2 2 1 1 4102 7764 7962
4087 2 2 1 1 4650 4657 4967
4088 2 2 1 1 4601 4604 8061
4089 2 2 1 1 7908 7909 7910
4090 2 2 1 1 1443 1444 4751
4091 2 2 1 1 1414 1415 4778
4092 2 2 1 1 1406 1407 4765
4093 2 2 1 1 1451 1452 4792
4094 2 2 1 1 1468 1469 4766
4095 2 2 1 1 1431 1432 4788
4096 2 2 1 1 1440 6 4793
4097 2 2 1 1 1501 1502 4732
4098 2 2 1 1 1425 1426 4710
4099 2 2 1 1 1495 1496 4719
4100 2 2 1 1 1433 1434 4718
4101 2 2 1 1 1487 1488 4715
4102 2 2 1 1 1445 1446 4708
4103 2 2 1 1 1399 1400 4648
4104 2 2 1 1 1461 1462 4664
4105 2 2 1 1 1482 1483 4701
4106 2 2 1 1 1946 8009 8344
4107 2 2 1 1 1499 1500 4834
4108 2 2 1 1 4886 1976 9495
4109 2 2 1 1 4607 4606 4901
4110 2 2 1 1 1831 8683 8803
4111 2 2 1 1 3180 4613 4922
4112 2 2 1 1 2057 2059 4922
4113 2 2 1 1 8882 5462 8919
4114 2 2 1 1 5406 5405 5407
4115 2 2 1 1 5299 5297 5300
4116 2 2 1 1 6430 7503 8710
4117 2 2 1 1 6105 4488 7470
4118 2 2 1 1 1504 1412 4795
4119 2 2 1 1 1514 1408 4836
4120 2 2 1 1 1494 1505 4835
4121 2 2 1 1 1516 1416 4796
4122 2 2 1 1 1460 1531 4966
4123 2 2 1 1 1419 1528 2055
4124 2 2 1 1 1498 1517 4707
4125 2 2 1 1 1529 1441 4750
4126 2 2 1 1 1411 1504 4720
4127 2 2 1 1 1428 1508 4730
4128 2 2 1 1 1526 1404 4775
4129 2 2 1 1 1525 1466 4777
4130 2 2 1 1 1394 1520 4709
4131 2 2 1 1 1507 1491 4780
4132 2 2 1 1 1510 1391 4764
4133 2 2 1 1 1490 1507 4731
4134 2 2 1 1 1520 1395 4752
4135 2 2 1 1 1473 1503 4729
4136 2 2 1 1 1436 1518 4703
4137 2 2 1 1 1386 1512 4716
4138 2 2 1 1 1511 1449 4789
4139 2 2 1 1 1513 1470 4839
4140 2 2 1 1 1533 1379 4753
4141 2 2 1 1 1398 1532 4967
4142 2 2 1 1 1413 1986 4795
4143 2 2 1 1 1409 1982 4836
4144 2 2 1 1 1977 1493 4835
4145 2 2 1 1 1417 1974 4796
4146 2 2 1 1 1969 1459 4966
4147 2 2 1 1 1974 1418 2055
4148 2 2 1 1 1971 1497 4707
4149 2 2 1 1 1442 1973 4750
4150 2 2 1 1 1982 1410 4720
4151 2 2 1 1 1984 1427 4730
4152 2 2 1 1 1405 1964 4775
4153 2 2 1 1 1467 1965 4777
4154 2 2 1 1 1980 1393 4709
4155 2 2 1 1 1492 1977 4780
4156 2 2 1 1 1392 1980 4764
4157 2 2 1 1 1985 1489 4731
4158 2 2 1 1 1396 1968 4752
4159 2 2 1 1 1983 1472 4729
4160 2 2 1 1 1966 1385 4716
4161 2 2 1 1 1970 1435 4703
4162 2 2 1 1 1450 1979 4789
4163 2 2 1 1 1471 1983 4839
4164 2 2 1 1 1380 1972 4753
4165 2 2 1 1 1968 1397 4967
4166 2 2 1 1 1945 1277 8012
4167 2 2 1 1 1959 1463 4838
4168 2 2 1 1 2024 8236 8303
4169 2 2 1 1 5599 5600 5602
4170 2 2 1 1 6945 6946 6947
4171 2 2 1 1 2994 6871 9462
4172 2 2 1 1 4020 4640 9618
4173 2 2 1 1 8966 6304 9039
4174 2 2 1 1 5371 5370 5373
4175 2 2 1 1 1277 1278 8012
4176 2 2 1 1 8881 3071 8888
4177 2 2 1 1 2071 3113 4914
4178 2 2 1 1 1882 557 4883
4179 2 2 1 1 557 558 4883
4180 2 2 1 1 4880 4878 4883
4181 2 2 1 1 2967 2073 4914
4182 2 2 1 1 4734 1530 4851
4183 2 2 1 1 1533 4756 4840
4184 2 2 1 1 5381 2854 8130
4185 2 2 1 1 6549 6551 6552
4186 2 2 1 1 5770 5768 5771
4187 2 2 1 1 8717 4036 8806
4188 2 2 1 1 5145 8299 8333
4189 2 2 1 1 8034 1229 9484
4190 2 2 1 1 548 2020 6451
4191 2 2 1 1 1741 547 6451
4192 2 2 1 1 2067 8077 8100
4193 2 2 1 1 4739 3049 8758
4194 2 2 1 1 1423 1424 8074
4195 2 2 1 1 5202 8259 8367
4196 2 2 1 1 4642 1961 4643
4197 2 2 1 1 2914 2343 6930
4198 2 2 1 1 2345 3070 6930
4199 2 2 1 1 5309 8145 8424
4200 2 2 1 1 4591 1528 4641
4201 2 2 1 1 1988 4841 4842
4202 2 2 1 1 4334 4825 4826
4203 2 2 1 1 5253 4815 8985
4204 2 2 1 1 4617 4619 4620
4205 2 2 1 1 4924 4023 4951
4206 2 2 1 1 1793 7255 7596
4207 2 2 1 1 4965 4945 4990
4208 2 2 1 1 732 733 5722
4209 2 2 1 1 733 1690 5722
4210 2 2 1 1 4983 4937 4992
4211 2 2 1 1 1899 5817 8529
4212 2 2 1 1 6000 6002 6003
4213 2 2 1 1 8111 4400 8267
4214 2 2 1 1 1609 5526 5527
4215 2 2 1 1 1512 8390 8534
4216 2 2 1 1 4665 1959 4666
4217 2 2 1 1 4654 1958 4655
4218 2 2 1 1 4767 1513 4768
4219 2 2 1 1 6058 6057 6059
4220 2 2 1 1 907 3 4840
4221 2 2 1 1 1944 8052 8871
4222 2 2 1 1 4757 4754 4758
4223 2 2 1 1 6065 1793 7596
4224 2 2 1 1 4590 4591 4592
4225 2 2 1 1 4 908 4851
4226 2 2 1 1 5234 1841 8538
4227 2 2 1 1 3920 3339 6949
4228 2 2 1 1 3341 4061 6949
4229 2 2 1 1 1761 8158 8657
4230 2 2 1 1 5378 5376 5379
4231 2 2 1 1 6262 6260 6263
4232 2 2 1 1 6425 3984 8980
4233 2 2 1 1 4306 4611 4885
4234 2 2 1 1 4861 4859 4862
4235 2 2 1 1 5342 1645 8842
4236 2 2 1 1 511 8065 8109
4237 2 2 1 1 5322 3067 9619
4238 2 2 1 1 1710 6130 8108
4239 2 2 1 1 8277 7032 8302
4240 2 2 1 1 8269 7046 8308
4241 2 2 1 1 6132 1710 6133
4242 2 2 1 1 4559 4292 8534
4243 2 2 1 1 8499 5536 8621
4244 2 2 1 1 4733 1530 4734
4245 2 2 1 1 7255 4325 7596
4246 2 2 1 1 5421 7243 8273
4247 2 2 1 1 1659 5352 8986
4248 2 2 1 1 6750 3943 6751
4249 2 2 1 1 6961 3146 8982
4250 2 2 1 1 4960 4515 4970
4251 2 2 1 1 5655 5656 5657
4252 2 2 1 1 6155 6154 6156
4253 2 2 1 1 1591 5451 8819
4254 2 2 1 1 3998 3528 6897
4255 2 2 1 1 3528 3530 6897
4256 2 2 1 1 8174 7804 8518
4257 2 2 1 1 7828 7827 7829
4258 2 2 1 1 1616 4812 4813
4259 2 2 1 1 4841 4762 7962
4260 2 2 1 1 6574 6573 6575
4261 2 2 1 1 4632 4631 8991
4262 2 2 1 1 3038 6105 7470
4263 2 2 1 1 4503 4488 6105
4264 2 2 1 1 7721 7052 7927
4265 2 2 1 1 1866 8756 8838
4266 2 2 1 1 566 567 5489
4267 2 2 1 1 5505 1601 8436
4268 2 2 1 1 4846 4848 4849
4269 2 2 1 1 7251 4382 8223
4270 2 2 1 1 4799 4588 4809
4271 2 2 1 1 3050 4173 4925
4272 2 2 1 1 8242 1707 8282
4273 2 2 1 1 3118 4314 4933
4274 2 2 1 1 4590 4592 8099
4275 2 2 1 1 100 101 5314
4276 2 2 1 1 1632 100 5314
4277 2 2 1 1 4639 4583 4640
4278 2 2 1 1 4592 8077 8099
4279 2 2 1 1 4474 4958 4984
4280 2 2 1 1 5914 5915 5916
4281 2 2 1 1 4595 4594 4596
4282 2 2 1 1 4626 4625 4627
4283 2 2 1 1 4693 4692 4694
4284 2 2 1 1 4434 4913 7806
4285 2 2 1 1 5945 2893 8559
4286 2 2 1 1 3111 4417 4911
4287 2 2 1 1 5382 5381 8130
4288 2 2 1 1 6606 6607 8488
4289 2 2 1 1 7366 7364 8740
4290 2 2 1 1 4434 4178 4913
4291 2 2 1 1 4884 4420 4925
4292 2 2 1 1 4936 2236 4992
4293 2 2 1 1 4829 4831 4832
4294 2 2 1 1 2076 7833 7834
4295 2 2 1 1 3140 4447 4915
4296 2 2 1 1 5200 5199 5201
4297 2 2 1 1 4179 4425 4916
4298 2 2 1 1 4897 4898 4899
4299 2 2 1 1 4576 4575 4584
4300 2 2 1 1 4944 2126 4990
4301 2 2 1 1 8113 7351 8424
4302 2 2 1 1 4306 4885 4955
4303 2 2 1 1 8627 7066 8727
4304 2 2 1 1 5322 5321 5323
4305 2 2 1 1 4516 4180 4917
4306 2 2 1 1 4297 3089 4955
4307 2 2 1 1 1791 4829 8511
4308 2 2 1 1 4820 4822 4823
4309 2 2 1 1 4886 4338 4933
4310 2 2 1 1 6359 1637 9594
4311 2 2 1 1 7353 4412 8532
4312 2 2 1 1 2076 7834 7948
4313 2 2 1 1 5781 5782 5783
4314 2 2 1 1 4910 3974 4988
4315 2 2 1 1 5722 5719 5723
4316 2 2 1 1 3456 3458 6993
4317 2 2 1 1 4008 3456 6993
4318 2 2 1 1 6135 1714 6136
4319 2 2 1 1 4937 4936 4992
4320 2 2 1 1 6536 6538 6539
4321 2 2 1 1 4697 4698 4699
4322 2 2 1 1 2107 4956 4987
4323 2 2 1 1 7815 7833 7947
4324 2 2 1 1 8745 4597 9133
4325 2 2 1 1 5957 5959 5961
4326 2 2 1 1 5959 5958 5960
4327 2 2 1 1 4424 4911 4912
4328 2 2 1 1 4945 4944 4990
4329 2 2 1 1 5100 5101 5102
4330 2 2 1 1 4507 4946 4947
4331 2 2 1 1 1594 7398 9305
4332 2 2 1 1 1593 7380 8662
4333 2 2 1 1 3050 4925 4989
4334 2 2 1 1 6100 6102 6103
4335 2 2 1 1 4911 4417 4912
4336 2 2 1 1 4926 3118 4933
4337 2 2 1 1 1837 4569 9433
4338 2 2 1 1 4509 4952 7771
4339 2 2 1 1 4173 4884 4925
4340 2 2 1 1 2056 2055 4590
4341 2 2 1 1 1974 2056 2057
4342 2 2 1 1 4721 1504 4722
4343 2 2 1 1 4704 4703 4705
4344 2 2 1 1 4781 1977 4782
4345 2 2 1 1 1982 4724 4725
4346 2 2 1 1 906 907 1988
4347 2 2 1 1 2232 4983 4992
4348 2 2 1 1 4923 3148 4991
4349 2 2 1 1 1517 4834 8685
4350 2 2 1 1 1776 4567 9441
4351 2 2 1 1 7787 1750 9036
4352 2 2 1 1 4314 4886 4933
4353 2 2 1 1 5567 1654 8973
4354 2 2 1 1 4023 4924 4993
4355 2 2 1 1 2216 4960 4970
4356 2 2 1 1 5304 5306 8084
4357 2 2 1 1 4630 4629 4631
4358 2 2 1 1 8067 2048 8655
4359 2 2 1 1 4560 1686 9492
4360 2 2 1 1 4866 4573 4867
4361 2 2 1 1 8606 1699 8699
4362 2 2 1 1 4179 4916 4929
4363 2 2 1 1 3140 4915 4930
4364 2 2 1 1 4601 4602 4603
4365 2 2 1 1 6560 6559 6561
4366 2 2 1 1 1378 1 8123
4367 2 2 1 1 1841 5234 8610
4368 2 2 1 1 3222 3225 4963
4369 2 2 1 1 7365 3372 8076
4370 2 2 1 1 3981 7085 9424
4371 2 2 1 1 1533 4755 4756
4372 2 2 1 1 3111 4911 4942
4373 2 2 1 1 4890 4892 4893
4374 2 2 1 1 4450 7227 9414
4375 2 2 1 1 4028 4921 7767
4376 2 2 1 1 908 909 2021
4377 2 2 1 1 4913 4178 4932
4378 2 2 1 1 4917 4180 4927
4379 2 2 1 1 8077 4592 8100
4380 2 2 1 1 2095 3118 4926
4381 2 2 1 1 4885 4297 4955
4382 2 2 1 1 4958 3211 4984
4383 2 2 1 1 567 2027 5489
4384 2 2 1 1 1739 566 5489
4385 2 2 1 1 309 2 8058
4386 2 2 1 1 4957 3211 4958
4387 2 2 1 1 5602 5600 5603
4388 2 2 1 1 2122 4965 4990
4389 2 2 1 1 4172 2087 4928
4390 2 2 1 1 4023 4950 4951
4391 2 2 1 1 7833 2076 7947
4392 2 2 1 1 4176 2136 4942
4393 2 2 1 1 4177 2246 4930
4394 2 2 1 1 3151 2142 4929
4395 2 2 1 1 910 1546 4920
4396 2 2 1 1 4743 4742 4744
4397 2 2 1 1 2221 4185 4934
4398 2 2 1 1 3208 3211 4957
4399 2 2 1 1 2236 4936 7805
4400 2 2 1 1 6552 6551 6553
4401 2 2 1 1 4938 3237 7807
4402 2 2 1 1 4573 4572 8133
4403 2 2 1 1 4961 3221 4962
4404 2 2 1 1 4758 4754 4759
4405 2 2 1 1 2126 4944 7808
4406 2 2 1 1 3263 4116 4950
4407 2 2 1 1 4507 3162 4946
4408 2 2 1 1 3218 3221 4961
4409 2 2 1 1 3162 2264 4946
4410 2 2 1 1 4774 4677 9587
4411 2 2 1 1 4952 2270 7771
4412 2 2 1 1 4116 4427 4950
4413 2 2 1 1 7908 7910 7911
4414 2 2 1 1 2021 909 4920
4415 2 2 1 1 3974 3198 4988
4416 2 2 1 1 8167 5371 8220
4417 2 2 1 1 4620 4619 4621
4418 2 2 1 1 3237 3238 7807
4419 2 2 1 1 2127 2126 7808
4420 2 2 1 1 2237 2236 7805
4421 2 2 1 1 2174 2977 4931
4422 2 2 1 1 3247 4110 4932
4423 2 2 1 1 4916 3151 4929
4424 2 2 1 1 4915 4177 4930
4425 2 2 1 1 2144 4182 4941
4426 2 2 1 1 3186 4141 4969
4427 2 2 1 1 1756 7907 8414
4428 2 2 1 1 6003 6002 6004
4429 2 2 1 1 5527 5526 5528
4430 2 2 1 1 1715 5191 5192
4431 2 2 1 1 2184 2197 4935
4432 2 2 1 1 6058 6059 6060
4433 2 2 1 1 4901 2951 4902
4434 2 2 1 1 2088 3050 4989
4435 2 2 1 1 7828 7829 7830
4436 2 2 1 1 4911 4176 4942
4437 2 2 1 1 2192 3047 4943
4438 2 2 1 1 3253 4050 4927
4439 2 2 1 1 4956 2107 7794
4440 2 2 1 1 2087 2084 4928
4441 2 2 1 1 3089 4934 4955
4442 2 2 1 1 5378 5379 5380
4443 2 2 1 1 6262 6263 6264
4444 2 2 1 1 3004 5871 9395
4445 2 2 1 1 2223 2221 4934
4446 2 2 1 1 4915 4447 8093
4447 2 2 1 1 2097 2095 4926
4448 2 2 1 1 6132 6133 6134
4449 2 2 1 1 3148 2252 4991
4450 2 2 1 1 3259 4023 4993
4451 2 2 1 1 2107 2104 7794
4452 2 2 1 1 1645 5342 8948
4453 2 2 1 1 3244 3247 4932
4454 2 2 1 1 3250 3253 4927
4455 2 2 1 1 3269 4028 7767
4456 2 2 1 1 6750 6751 6752
4457 2 2 1 1 2145 2144 4941
4458 2 2 1 1 5657 5656 5658
4459 2 2 1 1 2150 3097 4940
4460 2 2 1 1 6155 6156 6157
4461 2 2 1 1 4263 4957 4958
4462 2 2 1 1 2136 2133 4942
4463 2 2 1 1 4950 4427 4951
4464 2 2 1 1 8138 6920 8189
4465 2 2 1 1 6118 8465 8471
4466 2 2 1 1 5002 5000 7835
4467 2 2 1 1 4075 3275 4985
4468 2 2 1 1 8011 8012 8013
4469 2 2 1 1 4813 4812 4814
4470 2 2 1 1 4483 3167 4968
4471 2 2 1 1 2246 2243 4930
4472 2 2 1 1 2142 2139 4929
4473 2 2 1 1 4169 4484 4954
4474 2 2 1 1 6574 6575 6576
4475 2 2 1 1 4515 4186 4970
4476 2 2 1 1 4642 4643 4644
4477 2 2 1 1 4110 4913 4932
4478 2 2 1 1 3175 4557 4982
4479 2 2 1 1 4849 4848 4850
4480 2 2 1 1 5299 5300 5301
4481 2 2 1 1 3167 2116 4968
4482 2 2 1 1 4186 2220 4970
4483 2 2 1 1 1172 1173 5659
4484 2 2 1 1 1173 1915 5659
4485 2 2 1 1 2216 4959 4960
4486 2 2 1 1 4129 4474 4984
4487 2 2 1 1 4188 4961 4962
4488 2 2 1 1 582 583 7271
4489 2 2 1 1 6937 3969 8147
4490 2 2 1 1 3221 3222 4963
4491 2 2 1 1 2228 3175 4982
4492 2 2 1 1 4518 3160 4986
4493 2 2 1 1 4050 4917 4927
4494 2 2 1 1 3215 4129 4984
4495 2 2 1 1 1961 1422 8196
4496 2 2 1 1 5916 5915 5917
4497 2 2 1 1 4595 4596 4597
4498 2 2 1 1 2216 2213 4959
4499 2 2 1 1 2232 4982 4983
4500 2 2 1 1 3160 2210 4986
4501 2 2 1 1 5069 5064 7793
4502 2 2 1 1 8011 8013 8014
4503 2 2 1 1 3261 3263 4950
4504 2 2 1 1 4504 4399 4635
4505 2 2 1 1 4314 4420 4589
4506 2 2 1 1 4313 4516 4538
4507 2 2 1 1 2038 4565 9325
4508 2 2 1 1 3140 3101 4403
4509 2 2 1 1 4171 4910 4988
4510 2 2 1 1 4473 4138 4475
4511 2 2 1 1 4050 4184 4292
4512 2 2 1 1 4116 4187 4426
4513 2 2 1 1 4173 4296 4529
4514 2 2 1 1 4179 4176 4424
4515 2 2 1 1 4110 4180 4313
4516 2 2 1 1 4832 4831 4833
4517 2 2 1 1 4665 4666 4667
4518 2 2 1 1 4181 4177 4438
4519 2 2 1 1 4306 4514 4611
4520 2 2 1 1 4182 3151 4399
4521 2 2 1 1 3111 3021 4294
4522 2 2 1 1 4946 3136 4947
4523 2 2 1 1 3102 4175 4336
4524 2 2 1 1 3122 3160 4307
4525 2 2 1 1 5201 5199 5202
4526 2 2 1 1 4087 4178 4332
4527 2 2 1 1 3050 4172 4173
4528 2 2 1 1 3175 4297 4556
4529 2 2 1 1 4934 4185 4955
4530 2 2 1 1 3163 3162 4506
4531 2 2 1 1 4171 4042 4262
4532 2 2 1 1 4169 4482 4484
4533 2 2 1 1 3118 4174 4314
4534 2 2 1 1 2264 2262 4946
4535 2 2 1 1 4576 4584 4585
4536 2 2 1 1 3249 3250 4927
4537 2 2 1 1 4129 4015 4138
4538 2 2 1 1 4185 4186 4306
4539 2 2 1 1 4556 4297 4568
4540 2 2 1 1 4306 4186 4514
4541 2 2 1 1 4925 4174 4989
4542 2 2 1 1 4767 4768 4769
4543 2 2 1 1 3175 3089 4297
4544 2 2 1 1 4169 3167 4482
4545 2 2 1 1 3205 4171 4988
4546 2 2 1 1 2228 3089 3175
4547 2 2 1 1 3074 3167 4169
4548 2 2 1 1 4823 4822 4824
4549 2 2 1 1 4174 2094 4989
4550 2 2 1 1 3111 4294 4417
4551 2 2 1 1 1547 4979 7778
4552 2 2 1 1 4129 4138 4473
4553 2 2 1 1 4332 4178 4434
4554 2 2 1 1 4307 3160 4517
4555 2 2 1 1 3140 4403 4447
4556 2 2 1 1 4181 4923 4991
4557 2 2 1 1 2132 3021 3111
4558 2 2 1 1 4179 4424 4425
4559 2 2 1 1 5781 5783 5785
4560 2 2 1 1 5783 5782 5784
4561 2 2 1 1 2242 2240 3101
4562 2 2 1 1 3247 3249 4110
4563 2 2 1 1 5723 5719 5724
4564 2 2 1 1 3241 3243 4087
4565 2 2 1 1 312 1547 7778
4566 2 2 1 1 2242 3101 3140
4567 2 2 1 1 2132 2130 3021
4568 2 2 1 1 2144 2142 3151
4569 2 2 1 1 4181 4438 4439
4570 2 2 1 1 2950 5069 7793
4571 2 2 1 1 2248 2246 4177
4572 2 2 1 1 4087 3243 4178
4573 2 2 1 1 2254 2252 3148
4574 2 2 1 1 4336 4175 4338
4575 2 2 1 1 4313 4180 4516
4576 2 2 1 1 2228 2226 3089
4577 2 2 1 1 4182 4399 4504
4578 2 2 1 1 2150 2148 3097
4579 2 2 1 1 4185 2220 4186
4580 2 2 1 1 7833 7820 7834
4581 2 2 1 1 3253 3255 4050
4582 2 2 1 1 2138 2136 4176
4583 2 2 1 1 4102 3279 7764
4584 2 2 1 1 4427 4426 4520
4585 2 2 1 1 3074 2116 3167
4586 2 2 1 1 6136 1714 6137
4587 2 2 1 1 5874 7127 7128
4588 2 2 1 1 2152 2150 4940
4589 2 2 1 1 3259 3261 4023
4590 2 2 1 1 3263 3265 4116
4591 2 2 1 1 2262 2260 3136
4592 2 2 1 1 2248 4181 4991
4593 2 2 1 1 4171 4262 4328
4594 2 2 1 1 4314 4174 4420
4595 2 2 1 1 3215 4015 4129
4596 2 2 1 1 4110 3249 4180
4597 2 2 1 1 2122 2119 4964
4598 2 2 1 1 2160 2158 3072
4599 2 2 1 1 4292 4184 4415
4600 2 2 1 1 2138 4176 4179
4601 2 2 1 1 2266 2264 3162
4602 2 2 1 1 2248 4177 4181
4603 2 2 1 1 3122 2210 3160
4604 2 2 1 1 3269 3271 4028
4605 2 2 1 1 2144 3151 4182
4606 2 2 1 1 3912 5002 7835
4607 2 2 1 1 2164 2162 3147
4608 2 2 1 1 2274 2272 3049
4609 2 2 1 1 2088 2087 3050
4610 2 2 1 1 3102 2101 4175
4611 2 2 1 1 2112 2108 4987
4612 2 2 1 1 4050 3255 4184
4613 2 2 1 1 4173 4172 4296
4614 2 2 1 1 3205 4042 4171
4615 2 2 1 1 4924 4184 4993
4616 2 2 1 1 3243 3244 4932
4617 2 2 1 1 2174 2172 2977
4618 2 2 1 1 3118 2094 4174
4619 2 2 1 1 4262 4263 4532
4620 2 2 1 1 4023 3261 4950
4621 2 2 1 1 3205 3206 4042
4622 2 2 1 1 2122 4964 4965
4623 2 2 1 1 4337 4336 4496
4624 2 2 1 1 4184 3255 4993
4625 2 2 1 1 3180 3182 4613
4626 2 2 1 1 2095 2094 3118
4627 2 2 1 1 3050 2087 4172
4628 2 2 1 1 1943 5873 7128
4629 2 2 1 1 2126 2123 4990
4630 2 2 1 1 2194 2192 4943
4631 2 2 1 1 4426 4187 4428
4632 2 2 1 1 2178 2176 2955
4633 2 2 1 1 3163 4506 4508
4634 2 2 1 1 2262 3136 4946
4635 2 2 1 1 5961 4080 8117
4636 2 2 1 1 2071 2069 3113
4637 2 2 1 1 2186 2184 4935
4638 2 2 1 1 4116 3265 4187
4639 2 2 1 1 2102 2101 3102
4640 2 2 1 1 4308 4307 4636
4641 2 2 1 1 7817 7819 7820
4642 2 2 1 1 2198 2194 4943
4643 2 2 1 1 5875 2289 9154
4644 2 2 1 1 4403 4404 4405
4645 2 2 1 1 2176 2174 4931
4646 2 2 1 1 2184 2182 2197
4647 2 2 1 1 4333 4332 4548
4648 2 2 1 1 2075 2073 2967
4649 2 2 1 1 2266 3162 3163
4650 2 2 1 1 4982 4557 4983
4651 2 2 1 1 2211 2210 3122
4652 2 2 1 1 4294 4295 4459
4653 2 2 1 1 3186 3188 4141
4654 2 2 1 1 2272 2270 4952
4655 2 2 1 1 2188 2186 2189
4656 2 2 1 1 7815 7817 7833
4657 2 2 1 1 2236 2233 4992
4658 2 2 1 1 4405 4406 4541
4659 2 2 1 1 3215 3216 4015
4660 2 2 1 1 2082 2080 2100
4661 2 2 1 1 2189 2186 4935
4662 2 2 1 1 4974 4975 4976
4663 2 2 1 1 2192 2190 3047
4664 2 2 1 1 3192 3194 4115
4665 2 2 1 1 4313 4538 7806
4666 2 2 1 1 4693 4694 4695
4667 2 2 1 1 2086 2084 2087
4668 2 2 1 1 2196 2194 2198
4669 2 2 1 1 3196 3198 3974
4670 2 2 1 1 4189 4169 4954
4671 2 2 1 1 2201 2199 3024
4672 2 2 1 1 2221 2220 4185
4673 2 2 1 1 5866 5869 5871
4674 2 2 1 1 2108 2107 4987
4675 2 2 1 1 4974 4972 4975
4676 2 2 1 1 2148 2145 4941
4677 2 2 1 1 4180 3249 4927
4678 2 2 1 1 3206 3208 4957
4679 2 2 1 1 2092 2090 2094
4680 2 2 1 1 2117 2116 3074
4681 2 2 1 1 4630 4631 4632
4682 2 2 1 1 2955 2176 4931
4683 2 2 1 1 3200 3204 3205
4684 2 2 1 1 2123 2122 4990
4685 2 2 1 1 2227 2226 2228
4686 2 2 1 1 3273 3275 4075
4687 2 2 1 1 4867 4573 4868
4688 2 2 1 1 4603 4602 4612
4689 2 2 1 1 4601 4603 4604
4690 2 2 1 1 4185 4306 4955
4691 2 2 1 1 2205 2203 2206
4692 2 2 1 1 2099 2097 2101
4693 2 2 1 1 5873 5874 7128
4694 2 2 1 1 3410 3290 5005
4695 2 2 1 1 3208 3210 3211
4696 2 2 1 1 2209 2207 2210
4697 2 2 1 1 4187 3265 7767
4698 2 2 1 1 3049 2272 4952
4699 2 2 1 1 2233 2232 4992
4700 2 2 1 1 4893 4892 4894
4701 2 2 1 1 3212 3214 3215
4702 2 2 1 1 7817 7820 7833
4703 2 2 1 1 2106 2104 2107
4704 2 2 1 1 4921 4187 7767
4705 2 2 1 1 4959 4308 4960
4706 2 2 1 1 2266 3163 7771
4707 2 2 1 1 4506 3162 4507
4708 2 2 1 1 5869 5868 5870
4709 2 2 1 1 4613 3182 4614
4710 2 2 1 1 2215 2213 2216
4711 2 2 1 1 4558 1795 9507
4712 2 2 1 1 4178 3243 4932
4713 2 2 1 1 2110 2108 2112
4714 2 2 1 1 2278 2276 3082
4715 2 2 1 1 7820 7819 7821
4716 2 2 1 1 2131 2130 2132
4717 2 2 1 1 4116 4426 4427
4718 2 2 1 1 3163 4509 7771
4719 2 2 1 1 3241 3242 3243
4720 2 2 1 1 2219 2217 2220
4721 2 2 1 1 4999 3410 5005
4722 2 2 1 1 3222 3224 3225
4723 2 2 1 1 3216 3218 4961
4724 2 2 1 1 2241 2240 2242
4725 2 2 1 1 3218 3220 3221
4726 2 2 1 1 2115 2113 2116
4727 2 2 1 1 4962 3221 4963
4728 2 2 1 1 1771 4971 4972
4729 2 2 1 1 2226 2223 4934
4730 2 2 1 1 4517 4518 4530
4731 2 2 1 1 3122 4308 4959
4732 2 2 1 1 4173 4529 4884
4733 2 2 1 1 1 310 1771
4734 2 2 1 1 3198 3200 4988
4735 2 2 1 1 2137 2136 2138
4736 2 2 1 1 583 5882 7271
4737 2 2 1 1 1906 582 7271
4738 2 2 1 1 5866 5868 5869
4739 2 2 1 1 2232 2229 4982
4740 2 2 1 1 2188 2189 2190
4741 2 2 1 1 3226 3228 3229
4742 2 2 1 1 2225 2223 2226
4743 2 2 1 1 2090 2088 4989
4744 2 2 1 1 3247 3248 3249
4745 2 2 1 1 2113 2112 4968
4746 2 2 1 1 2247 2246 2248
4747 2 2 1 1 2125 2123 2126
4748 2 2 1 1 2082 2100 4928
4749 2 2 1 1 4050 4292 4917
4750 2 2 1 1 2217 2216 4970
4751 2 2 1 1 2121 2119 2122
4752 2 2 1 1 3230 3232 3233
4753 2 2 1 1 2084 2082 4928
4754 2 2 1 1 4314 4589 4886
4755 2 2 1 1 2143 2142 2144
4756 2 2 1 1 1771 4972 4974
4757 2 2 1 1 2932 2296 5070
4758 2 2 1 1 3097 2148 4941
4759 2 2 1 1 2231 2229 2232
4760 2 2 1 1 4964 4189 4965
4761 2 2 1 1 3211 3212 4984
4762 2 2 1 1 4399 3151 4916
4763 2 2 1 1 3234 3236 3237
4764 2 2 1 1 2207 2206 4986
4765 2 2 1 1 4438 4177 4915
4766 2 2 1 1 2235 2233 2236
4767 2 2 1 1 2086 2087 2088
4768 2 2 1 1 4262 4042 4263
4769 2 2 1 1 4110 4313 4913
4770 2 2 1 1 3253 3254 3255
4771 2 2 1 1 2129 2127 2130
4772 2 2 1 1 3102 4336 4337
4773 2 2 1 1 3183 3186 4969
4774 2 2 1 1 2196 2198 2199
4775 2 2 1 1 3238 3240 3241
4776 2 2 1 1 2253 2252 2254
4777 2 2 1 1 2239 2237 2240
4778 2 2 1 1 4424 4176 4911
4779 2 2 1 1 1270 1271 1949
4780 2 2 1 1 1347 1348 1950
4781 2 2 1 1 1244 1245 1952
4782 2 2 1 1 1321 1322 1953
4783 2 2 1 1 1306 1307 1951
4784 2 2 1 1 1250 1251 1947
4785 2 2 1 1 1327 1328 1948
4786 2 2 1 1 1301 5 1944
4787 2 2 1 1 1276 1277 1945
4788 2 2 1 1 1353 1354 1946
4789 2 2 1 1 2255 2254 2256
4790 2 2 1 1 1262 1263 1765
4791 2 2 1 1 1339 1340 1766
4792 2 2 1 1 1236 1237 1769
4793 2 2 1 1 1313 1314 1770
4794 2 2 1 1 1288 1289 1767
4795 2 2 1 1 1365 1366 1768
4796 2 2 1 1 1293 1294 1755
4797 2 2 1 1 1370 1371 1756
4798 2 2 1 1 1284 1285 1759
4799 2 2 1 1 1361 1362 1760
4800 2 2 1 1 1232 1233 1761
4801 2 2 1 1 1309 1310 1762
4802 2 2 1 1 1241 1242 1757
4803 2 2 1 1 1318 1319 1758
4804 2 2 1 1 1258 1259 1763
4805 2 2 1 1 1335 1336 1764
4806 2 2 1 1 1267 1268 1753
4807 2 2 1 1 1344 1345 1754
4808 2 2 1 1 2116 2113 4968
4809 2 2 1 1 1253 1254 1751
4810 2 2 1 1 1330 1331 1752
4811 2 2 1 1 1227 1228 1748
4812 2 2 1 1 1298 1299 1746
4813 2 2 1 1 1375 1376 1747
4814 2 2 1 1 1279 1280 1749
4815 2 2 1 1 1356 1357 1750
4816 2 2 1 1 3290 3288 5005
4817 2 2 1 1 1247 1248 1724
4818 2 2 1 1 1324 1325 1725
4819 2 2 1 1 1303 1304 1726
4820 2 2 1 1 1273 1274 1722
4821 2 2 1 1 1350 1351 1723
4822 2 2 1 1 2149 2148 2150
4823 2 2 1 1 2296 2294 5070
4824 2 2 1 1 2135 2133 2136
4825 2 2 1 1 3074 4189 4964
4826 2 2 1 1 2151 2150 2152
4827 2 2 1 1 2220 2217 4970
4828 2 2 1 1 3205 3204 3206
4829 2 2 1 1 2101 2097 4926
4830 2 2 1 1 2282 2280 3093
4831 2 2 1 1 5062 2932 5070
4832 2 2 1 1 4403 3101 4404
4833 2 2 1 1 1260 1261 2031
4834 2 2 1 1 1337 1338 2032
4835 2 2 1 1 1234 1235 2037
4836 2 2 1 1 1311 1312 2038
4837 2 2 1 1 1286 1287 2047
4838 2 2 1 1 1363 1364 2048
4839 2 2 1 1 2092 2094 2095
4840 2 2 1 1 3122 4307 4308
4841 2 2 1 1 5527 5528 5529
4842 2 2 1 1 5192 5191 5193
4843 2 2 1 1 1601 5505 8513
4844 2 2 1 1 3259 3260 3261
4845 2 2 1 1 4087 4332 4333
4846 2 2 1 1 4902 2951 4903
4847 2 2 1 1 1290 1291 2035
4848 2 2 1 1 1367 1368 2036
4849 2 2 1 1 1238 1239 2039
4850 2 2 1 1 1315 1316 2040
4851 2 2 1 1 1264 1265 2033
4852 2 2 1 1 1341 1342 2034
4853 2 2 1 1 1256 1257 2043
4854 2 2 1 1 1333 1334 2044
4855 2 2 1 1 1230 1231 2049
4856 2 2 1 1 1282 1283 2045
4857 2 2 1 1 1359 1360 2046
4858 2 2 1 1 1295 1296 2041
4859 2 2 1 1 1372 1373 2042
4860 2 2 1 1 3277 4102 4985
4861 2 2 1 1 664 5956 8544
4862 2 2 1 1 3261 3262 3263
4863 2 2 1 1 3244 3246 3247
4864 2 2 1 1 4138 4015 4188
4865 2 2 1 1 4294 3021 4295
4866 2 2 1 1 2205 2206 2207
4867 2 2 1 1 6378 1623 8689
4868 2 2 1 1 2245 2243 2246
4869 2 2 1 1 1377 1378 2050
4870 2 2 1 1 3275 3277 4985
4871 2 2 1 1 1771 310 4971
4872 2 2 1 1 4337 4496 4497
4873 2 2 1 1 2261 2260 2262
4874 2 2 1 1 2141 2139 2142
4875 2 2 1 1 2099 2101 2102
4876 2 2 1 1 2211 3122 4959
4877 2 2 1 1 3263 3264 3265
4878 2 2 1 1 2263 2262 2264
4879 2 2 1 1 3211 3210 3212
4880 2 2 1 1 3212 3215 4984
4881 2 2 1 1 4460 4945 9515
4882 2 2 1 1 2209 2210 2211
4883 2 2 1 1 2157 2156 2158
4884 2 2 1 1 2 2028 8058
4885 2 2 1 1 3250 3252 3253
4886 2 2 1 1 4994 3410 4999
4887 2 2 1 1 5060 2932 5062
4888 2 2 1 1 6134 6133 6135
4889 2 2 1 1 4333 4548 4549
4890 2 2 1 1 2159 2158 2160
4891 2 2 1 1 2265 2264 2266
4892 2 2 1 1 2251 2249 2252
4893 2 2 1 1 4509 4508 4564
4894 2 2 1 1 4405 4404 4406
4895 2 2 1 1 2161 2160 2162
4896 2 2 1 1 2147 2145 2148
4897 2 2 1 1 3215 3214 3216
4898 2 2 1 1 3074 4169 4189
4899 2 2 1 1 2210 2207 4986
4900 2 2 1 1 6752 6751 6753
4901 2 2 1 1 6750 6752 6756
4902 2 2 1 1 3269 3270 3271
4903 2 2 1 1 5866 1733 5868
4904 2 2 1 1 2163 2162 2164
4905 2 2 1 1 2106 2107 2108
4906 2 2 1 1 5867 5866 5871
4907 2 2 1 1 6157 6156 6159
4908 2 2 1 1 4459 4295 4460
4909 2 2 1 1 3256 3258 3259
4910 2 2 1 1 2252 2249 4991
4911 2 2 1 1 3175 4556 4557
4912 2 2 1 1 2215 2216 2217
4913 2 2 1 1 4568 4297 4885
4914 2 2 1 1 4482 3167 4483
4915 2 2 1 1 909 910 4920
4916 2 2 1 1 2165 2164 2166
4917 2 2 1 1 4813 4814 4815
4918 2 2 1 1 2110 2112 2113
4919 2 2 1 1 2259 2257 2260
4920 2 2 1 1 5060 5057 7775
4921 2 2 1 1 3089 2226 4934
4922 2 2 1 1 2117 3074 4964
4923 2 2 1 1 7811 7815 7947
4924 2 2 1 1 2219 2220 2221
4925 2 2 1 1 2271 2270 2272
4926 2 2 1 1 2133 2132 4942
4927 2 2 1 1 5299 5301 5302
4928 2 2 1 1 8422 1702 8489
4929 2 2 1 1 4975 4972 4977
4930 2 2 1 1 3200 3205 4988
4931 2 2 1 1 3221 3220 3222
4932 2 2 1 1 4514 4186 4515
4933 2 2 1 1 2155 2153 2156
4934 2 2 1 1 4645 4643 4646
4935 2 2 1 1 2229 2228 4982
4936 2 2 1 1 2115 2116 2117
4937 2 2 1 1 2094 2090 4989
4938 2 2 1 1 3225 3224 3226
4939 2 2 1 1 2273 2272 2274
4940 2 2 1 1 4994 4389 7776
4941 2 2 1 1 4595 4597 4598
4942 2 2 1 1 2171 2170 2172
4943 2 2 1 1 2932 5060 7775
4944 2 2 1 1 3256 3259 4993
4945 2 2 1 1 2240 2237 7805
4946 2 2 1 1 5873 1943 7772
4947 2 2 1 1 7830 7829 7831
4948 2 2 1 1 3238 3241 7807
4949 2 2 1 1 2227 2228 2229
4950 2 2 1 1 2225 2226 2227
4951 2 2 1 1 4733 4734 4735
4952 2 2 1 1 2132 3111 4942
4953 2 2 1 1 3102 4337 7794
4954 2 2 1 1 3266 3268 3269
4955 2 2 1 1 2130 2127 7808
4956 2 2 1 1 2173 2172 2174
4957 2 2 1 1 5784 5782 5786
4958 2 2 1 1 2121 2122 2123
4959 2 2 1 1 3229 3228 3230
4960 2 2 1 1 4129 4473 4474
4961 2 2 1 1 6136 6137 6138
4962 2 2 1 1 5064 5070 7793
4963 2 2 1 1 3233 3232 3234
4964 2 2 1 1 4668 4666 4669
4965 2 2 1 1 2269 2267 2270
4966 2 2 1 1 2243 2242 4930
4967 2 2 1 1 311 312 7778
4968 2 2 1 1 2139 2138 4929
4969 2 2 1 1 2175 2174 2176
4970 2 2 1 1 5865 5867 7772
4971 2 2 1 1 1943 7128 7130
4972 2 2 1 1 4670 4669 4673
4973 2 2 1 1 4771 4768 4772
4974 2 2 1 1 4517 3160 4518
4975 2 2 1 1 2242 3140 4930
4976 2 2 1 1 8065 4398 8109
4977 2 2 1 1 2177 2176 2178
4978 2 2 1 1 2125 2126 2127
4979 2 2 1 1 3281 3283 3980
4980 2 2 1 1 4657 4658 4659
4981 2 2 1 1 4659 4660 4661
4982 2 2 1 1 4685 4686 4688
4983 2 2 1 1 3410 4994 7776
4984 2 2 1 1 4683 4684 4685
4985 2 2 1 1 2231 2232 2233
4986 2 2 1 1 5865 5866 5867
4987 2 2 1 1 2138 4179 4929
4988 2 2 1 1 2068 2067 2069
4989 2 2 1 1 2179 2178 2180
4990 2 2 1 1 4972 4971 4973
4991 2 2 1 1 4842 4841 4843
4992 2 2 1 1 4630 4632 4634
4993 2 2 1 1 2070 2069 2071
4994 2 2 1 1 7815 7816 7817
4995 2 2 1 1 4867 4868 4869
4996 2 2 1 1 2131 2132 2133
4997 2 2 1 1 4674 4673 4675
4998 2 2 1 1 4612 4602 4837
4999 2 2 1 1 4604 4603 4605
5000 2 2 1 1 3237 3236 3238
5001 2 2 1 1 4688 4689 4690
5002 2 2 1 1 4338 4175 4933
5003 2 2 1 1 4181 4439 4923
5004 2 2 1 1 5867 5871 5872
5005 2 2 1 1 7817 7818 7819
5006 2 2 1 1 4978 4980 4981
5007 2 2 1 1 3180 3181 3182
5008 2 2 1 1 2169 2167 2170
5009 2 2 1 1 2072 2071 2073
5010 2 2 1 1 899 900 7162
5011 2 2 1 1 7161 7162 7163
5012 2 2 1 1 4784 4782 4785
5013 2 2 1 1 4725 4727 4728
5014 2 2 1 1 4175 2101 4926
5015 2 2 1 1 2275 2274 2276
5016 2 2 1 1 2235 2236 2237
5017 2 2 1 1 2129 2130 2131
5018 2 2 1 1 2915 2302 5071
5019 2 2 1 1 2181 2180 2182
5020 2 2 1 1 5865 1733 5866
5021 2 2 1 1 4998 4999 5000
5022 2 2 1 1 3243 3242 3244
5023 2 2 1 1 5001 5000 5002
5024 2 2 1 1 3271 3272 3273
5025 2 2 1 1 310 311 4971
5026 2 2 1 1 4171 4328 4910
5027 2 2 1 1 3277 3279 4102
5028 2 2 1 1 3281 3980 7764
5029 2 2 1 1 2074 2073 2075
5030 2 2 1 1 2239 2240 2241
5031 2 2 1 1 3241 3240 3242
5032 2 2 1 1 2302 2300 5071
5033 2 2 1 1 4972 4973 4977
5034 2 2 1 1 2183 2182 2184
5035 2 2 1 1 5055 2915 5071
5036 2 2 1 1 4420 4174 4925
5037 2 2 1 1 4676 4675 4677
5038 2 2 1 1 5065 5064 5069
5039 2 2 1 1 5867 5873 7772
5040 2 2 1 1 4404 3101 7805
5041 2 2 1 1 3184 8062 8075
5042 2 2 1 1 900 1940 7162
5043 2 2 1 1 2241 2242 2243
5044 2 2 1 1 2077 2075 2078
5045 2 2 1 1 5529 5528 5530
5046 2 2 1 1 4087 4333 7807
5047 2 2 1 1 5192 5193 5194
5048 2 2 1 1 5874 5872 5875
5049 2 2 1 1 2185 2184 2186
5050 2 2 1 1 5000 4999 5005
5051 2 2 1 1 4415 4184 4924
5052 2 2 1 1 4902 4903 4904
5053 2 2 1 1 5053 2915 5055
5054 2 2 1 1 2286 2284 3084
5055 2 2 1 1 3186 3187 3188
5056 2 2 1 1 7160 899 7162
5057 2 2 1 1 303 304 7129
5058 2 2 1 1 2213 2211 4959
5059 2 2 1 1 7896 7893 7918
5060 2 2 1 1 4680 4682 4683
5061 2 2 1 1 5000 5005 7835
5062 2 2 1 1 2135 2136 2137
5063 2 2 1 1 2137 2138 2139
5064 2 2 1 1 4998 4995 4999
5065 2 2 1 1 2 1225 2028
5066 2 2 1 1 7163 7164 7165
5067 2 2 1 1 4998 5000 5001
5068 2 2 1 1 4650 4652 4657
5069 2 2 1 1 7811 7814 7815
5070 2 2 1 1 3266 3269 7767
5071 2 2 1 1 2079 2078 2080
5072 2 2 1 1 2066 2064 2067
5073 2 2 1 1 898 899 7160
5074 2 2 1 1 6753 6751 6754
5075 2 2 1 1 6756 6752 6757
5076 2 2 1 1 3249 3248 3250
5077 2 2 1 1 5053 5050 7768
5078 2 2 1 1 3188 3189 3190
5079 2 2 1 1 2187 2186 2188
5080 2 2 1 1 4295 3021 7808
5081 2 2 1 1 3279 3281 7764
5082 2 2 1 1 6157 6159 6161
5083 2 2 1 1 2191 2190 2192
5084 2 2 1 1 2247 2248 2249
5085 2 2 1 1 4977 4973 4978
5086 2 2 1 1 4530 4518 4531
5087 2 2 1 1 7128 7125 7130
5088 2 2 1 1 4813 4815 4817
5089 2 2 1 1 5064 5062 5070
5090 2 2 1 1 5063 5062 5064
5091 2 2 1 1 4175 4926 4933
5092 2 2 1 1 7123 7122 7124
5093 2 2 1 1 3247 3246 3248
5094 2 2 1 1 5063 5064 5065
5095 2 2 1 1 2081 2080 2082
5096 2 2 1 1 2915 5053 7768
5097 2 2 1 1 3190 3191 3192
5098 2 2 1 1 5302 5301 5303
5099 2 2 1 1 7125 7129 7130
5100 2 2 1 1 5001 5002 5003
5101 2 2 1 1 2143 2144 2145
5102 2 2 1 1 305 1943 7130
5103 2 2 1 1 4997 4995 4998
5104 2 2 1 1 7163 1940 7164
5105 2 2 1 1 7123 7124 7126
5106 2 2 1 1 3299 3296 5006
5107 2 2 1 1 4337 4956 7794
5108 2 2 1 1 4598 4597 4600
5109 2 2 1 1 2059 2062 3180
5110 2 2 1 1 2245 2246 2247
5111 2 2 1 1 7162 1940 7163
5112 2 2 1 1 8444 7060 8514
5113 2 2 1 1 5057 5071 7775
5114 2 2 1 1 7129 304 7130
5115 2 2 1 1 7124 7125 7127
5116 2 2 1 1 7121 7122 7123
5117 2 2 1 1 2270 2267 7771
5118 2 2 1 1 4995 4994 4999
5119 2 2 1 1 3296 3294 5006
5120 2 2 1 1 6136 6138 6142
5121 2 2 1 1 6138 6137 6139
5122 2 2 1 1 3192 3193 3194
5123 2 2 1 1 2083 2082 2084
5124 2 2 1 1 2249 2248 4991
5125 2 2 1 1 7121 1941 7122
5126 2 2 1 1 1941 303 7129
5127 2 2 1 1 7895 7893 7896
5128 2 2 1 1 2141 2142 2143
5129 2 2 1 1 5061 5060 5062
5130 2 2 1 1 4867 4869 4874
5131 2 2 1 1 4869 4868 4870
5132 2 2 1 1 2906 2308 5072
5133 2 2 1 1 1939 898 7160
5134 2 2 1 1 1934 7141 7142
5135 2 2 1 1 5048 2906 5072
5136 2 2 1 1 2308 2306 5072
5137 2 2 1 1 4284 3995 4389
5138 2 2 1 1 7115 7118 7119
5139 2 2 1 1 294 295 7140
5140 2 2 1 1 5058 5057 5060
5141 2 2 1 1 3183 3185 3186
5142 2 2 1 1 4287 7871 7951
5143 2 2 1 1 4390 4389 4994
5144 2 2 1 1 7157 1939 7159
5145 2 2 1 1 7155 7150 7156
5146 2 2 1 1 5046 2906 5048
5147 2 2 1 1 5194 5193 5195
5148 2 2 1 1 4902 4904 4908
5149 2 2 1 1 4904 4903 4905
5150 2 2 1 1 7141 7143 7144
5151 2 2 1 1 1934 7140 7141
5152 2 2 1 1 896 897 7166
5153 2 2 1 1 5056 5055 5057
5154 2 2 1 1 3255 3254 3256
5155 2 2 1 1 295 7137 7140
5156 2 2 1 1 7116 7120 7121
5157 2 2 1 1 2085 2084 2086
5158 2 2 1 1 7115 7116 7118
5159 2 2 1 1 5057 5055 5071
5160 2 2 1 1 5046 5044 7762
5161 2 2 1 1 2089 2088 2090
5162 2 2 1 1 304 305 7130
5163 2 2 1 1 2193 2192 2194
5164 2 2 1 1 6753 6754 6755
5165 2 2 1 1 7159 7160 7161
5166 2 2 1 1 6157 6161 6162
5167 2 2 1 1 7120 1941 7121
5168 2 2 1 1 3194 3195 3196
5169 2 2 1 1 2906 5046 7762
5170 2 2 1 1 7148 7150 7155
5171 2 2 1 1 1934 294 7140
5172 2 2 1 1 3253 3252 3254
5173 2 2 1 1 292 293 7145
5174 2 2 1 1 7146 7228 7753
5175 2 2 1 1 7156 7157 7158
5176 2 2 1 1 5302 5303 5304
5177 2 2 1 1 5303 5301 5310
5178 2 2 1 1 2200 2199 2201
5179 2 2 1 1 295 296 7137
5180 2 2 1 1 1939 7157 7166
5181 2 2 1 1 5026 3937 5028
5182 2 2 1 1 5050 5072 7768
5183 2 2 1 1 5028 3937 5031
5184 2 2 1 1 2057 2056 2058
5185 2 2 1 1 7147 896 7166
5186 2 2 1 1 7117 7115 7119
5187 2 2 1 1 7145 7146 7753
5188 2 2 1 1 5026 5023 7758
5189 2 2 1 1 1935 7167 7191
5190 2 2 1 1 6139 6137 6140
5191 2 2 1 1 7159 1939 7160
5192 2 2 1 1 5054 5053 5055
5193 2 2 1 1 4971 311 7778
5194 2 2 1 1 7124 7122 7125
5195 2 2 1 1 5061 5062 5063
5196 2 2 1 1 7167 7168 7191
5197 2 2 1 1 5056 5057 5058
5198 2 2 1 1 4284 4389 4390
5199 2 2 1 1 7115 7114 7116
5200 2 2 1 1 3937 5026 7758
5201 2 2 1 1 293 1934 7145
5202 2 2 1 1 4869 4870 4871
5203 2 2 1 1 2895 2314 5073
5204 2 2 1 1 7148 7147 7150
5205 2 2 1 1 7142 7141 7144
5206 2 2 1 1 1936 7134 7135
5207 2 2 1 1 1936 7133 7134
5208 2 2 1 1 2253 2254 2255
5209 2 2 1 1 7151 7148 7155
5210 2 2 1 1 3310 3308 5031
5211 2 2 1 1 897 1939 7166
5212 2 2 1 1 2314 2312 5073
5213 2 2 1 1 3995 3299 5006
5214 2 2 1 1 5051 5050 5053
5215 2 2 1 1 5043 2895 5073
5216 2 2 1 1 3937 3310 5031
5217 2 2 1 1 292 7145 7753
5218 2 2 1 1 302 1941 7120
5219 2 2 1 1 1934 7142 7145
5220 2 2 1 1 5037 2895 5043
5221 2 2 1 1 7156 7150 7157
5222 2 2 1 1 7134 7136 7139
5223 2 2 1 1 296 1936 7137
5224 2 2 1 1 5049 5048 5050
5225 2 2 1 1 5050 5048 5072
5226 2 2 1 1 3919 3316 5032
5227 2 2 1 1 5194 5195 5196
5228 2 2 1 1 5037 5035 7756
5229 2 2 1 1 4905 4903 4906
5230 2 2 1 1 4908 4904 4909
5231 2 2 1 1 1936 297 7133
5232 2 2 1 1 1938 7114 7115
5233 2 2 1 1 1938 7115 7117
5234 2 2 1 1 7149 7148 7151
5235 2 2 1 1 7134 7132 7136
5236 2 2 1 1 2195 2194 2196
5237 2 2 1 1 3316 3314 5032
5238 2 2 1 1 7135 7134 7139
5239 2 2 1 1 5021 3919 5032
5240 2 2 1 1 1937 7147 7148
5241 2 2 1 1 2895 5037 7756
5242 2 2 1 1 7158 7157 7159
5243 2 2 1 1 298 7131 7133
5244 2 2 1 1 7167 1935 7760
5245 2 2 1 1 7131 7132 7133
5246 2 2 1 1 5019 3919 5021
5247 2 2 1 1 298 299 7131
5248 2 2 1 1 5044 5073 7762
5249 2 2 1 1 5054 5055 5056
5250 2 2 1 1 7133 7132 7134
5251 2 2 1 1 301 302 7120
5252 2 2 1 1 5304 5303 5305
5253 2 2 1 1 4389 3995 5006
5254 2 2 1 1 5049 5050 5051
5255 2 2 1 1 5047 5046 5048
5256 2 2 1 1 5019 5016 7754
5257 2 2 1 1 297 298 7133
5258 2 2 1 1 1937 7148 7149
5259 2 2 1 1 1935 892 7760
5260 2 2 1 1 6139 6140 6141
5261 2 2 1 1 1937 7149 7757
5262 2 2 1 1 3919 5019 7754
5263 2 2 1 1 319 320 7346
5264 2 2 1 1 1553 319 7346
5265 2 2 1 1 5041 5043 5044
5266 2 2 1 1 7131 7117 7132
5267 2 2 1 1 5023 5032 7758
5268 2 2 1 1 2393 2320 5042
5269 2 2 1 1 4871 4870 4872
5270 2 2 1 1 2320 2318 5042
5271 2 2 1 1 5045 5044 5046
5272 2 2 1 1 7127 7125 7128
5273 2 2 1 1 7145 7142 7146
5274 2 2 1 1 5058 5060 5061
5275 2 2 1 1 5034 2393 5042
5276 2 2 1 1 7187 7190 7191
5277 2 2 1 1 5007 2393 5034
5278 2 2 1 1 5041 5038 5043
5279 2 2 1 1 7149 7153 7757
5280 2 2 1 1 5044 5043 5073
5281 2 2 1 1 5196 5195 5197
5282 2 2 1 1 4905 4906 4907
5283 2 2 1 1 3778 3322 5033
5284 2 2 1 1 7168 7154 7169
5285 2 2 1 1 5047 5048 5049
5286 2 2 1 1 7122 1941 7129
5287 2 2 1 1 883 884 7201
5288 2 2 1 1 1936 7135 7137
5289 2 2 1 1 7141 7138 7143
5290 2 2 1 1 5027 5026 5028
5291 2 2 1 1 7149 7151 7152
5292 2 2 1 1 7185 7188 7189
5293 2 2 1 1 5007 4387 7749
5294 2 2 1 1 5041 5044 5045
5295 2 2 1 1 5024 5023 5026
5296 2 2 1 1 5040 5038 5041
5297 2 2 1 1 5014 3778 5033
5298 2 2 1 1 3322 3320 5033
5299 2 2 1 1 5035 5042 7756
5300 2 2 1 1 7137 7135 7138
5301 2 2 1 1 2393 5007 7749
5302 2 2 1 1 1943 306 7772
5303 2 2 1 1 307 5865 7772
5304 2 2 1 1 7185 7187 7188
5305 2 2 1 1 884 7198 7201
5306 2 2 1 1 5304 5305 5306
5307 2 2 1 1 5022 5021 5023
5308 2 2 1 1 5023 5021 5032
5309 2 2 1 1 7187 7184 7190
5310 2 2 1 1 7190 1935 7191
5311 2 2 1 1 5012 3778 5014
5312 2 2 1 1 5051 5053 5054
5313 2 2 1 1 5011 5034 5035
5314 2 2 1 1 1922 883 7201
5315 2 2 1 1 7185 7184 7187
5316 2 2 1 1 5038 5037 5043
5317 2 2 1 1 884 885 7198
5318 2 2 1 1 5036 5035 5037
5319 2 2 1 1 291 292 7753
5320 2 2 1 1 5016 5033 7754
5321 2 2 1 1 5012 4385 7745
5322 2 2 1 1 7186 7185 7189
5323 2 2 1 1 4871 4872 4873
5324 2 2 1 1 4872 4870 4882
5325 2 2 1 1 5020 5019 5021
5326 2 2 1 1 3778 5012 7745
5327 2 2 1 1 5011 5008 5034
5328 2 2 1 1 5022 5023 5024
5329 2 2 1 1 5035 5034 5042
5330 2 2 1 1 7757 7153 7760
5331 2 2 1 1 7226 7228 7229
5332 2 2 1 1 1927 7195 7196
5333 2 2 1 1 1927 7194 7195
5334 2 2 1 1 5011 5035 5036
5335 2 2 1 1 5017 5016 5019
5336 2 2 1 1 5010 5008 5011
5337 2 2 1 1 5196 5197 5198
5338 2 2 1 1 7184 890 7190
5339 2 2 1 1 891 1935 7190
5340 2 2 1 1 890 891 7190
5341 2 2 1 1 885 1927 7198
5342 2 2 1 1 7195 7197 7200
5343 2 2 1 1 5015 5014 5016
5344 2 2 1 1 7226 1931 7228
5345 2 2 1 1 4388 4387 5007
5346 2 2 1 1 5016 5014 5033
5347 2 2 1 1 1927 886 7194
5348 2 2 1 1 1930 7184 7185
5349 2 2 1 1 7153 7167 7760
5350 2 2 1 1 1930 7185 7186
5351 2 2 1 1 7195 7193 7197
5352 2 2 1 1 5306 5305 5307
5353 2 2 1 1 7196 7195 7200
5354 2 2 1 1 887 7192 7194
5355 2 2 1 1 5008 5007 5034
5356 2 2 1 1 7192 7193 7194
5357 2 2 1 1 2329 2326 5074
5358 2 2 1 1 887 888 7192
5359 2 2 1 1 7194 7193 7195
5360 2 2 1 1 5020 5021 5022
5361 2 2 1 1 5013 5012 5014
5362 2 2 1 1 2326 2324 5074
5363 2 2 1 1 5015 5016 5017
5364 2 2 1 1 4387 5074 7749
5365 2 2 1 1 3196 3197 3198
5366 2 2 1 1 4312 3128 4387
5367 2 2 1 1 4312 4387 4388
5368 2 2 1 1 886 887 7194
5369 2 2 1 1 5027 5028 5029
5370 2 2 1 1 4873 4872 4875
5371 2 2 1 1 7225 1931 7226
5372 2 2 1 1 7225 7226 7227
5373 2 2 1 1 4386 4385 5012
5374 2 2 1 1 7225 7227 7230
5375 2 2 1 1 5045 5046 5047
5376 2 2 1 1 7192 7186 7193
5377 2 2 1 1 3331 3328 5075
5378 2 2 1 1 4387 3128 5074
5379 2 2 1 1 5024 5026 5027
5380 2 2 1 1 1569 7328 7329
5381 2 2 1 1 3328 3326 5075
5382 2 2 1 1 4309 4104 4385
5383 2 2 1 1 4385 5075 7745
5384 2 2 1 1 4309 4385 4386
5385 2 2 1 1 1926 288 7230
5386 2 2 1 1 5013 5014 5015
5387 2 2 1 1 4388 5007 5008
5388 2 2 1 1 289 7225 7230
5389 2 2 1 1 284 1923 7217
5390 2 2 1 1 1923 7215 7217
5391 2 2 1 1 1927 7196 7198
5392 2 2 1 1 5036 5037 5038
5393 2 2 1 1 932 933 7328
5394 2 2 1 1 1569 932 7328
5395 2 2 1 1 7198 7196 7199
5396 2 2 1 1 283 284 7217
5397 2 2 1 1 288 289 7230
5398 2 2 1 1 3128 2329 5074
5399 2 2 1 1 5017 5019 5020
5400 2 2 1 1 4385 4104 5075
5401 2 2 1 1 4873 4875 4876
5402 2 2 1 1 290 1931 7225
5403 2 2 1 1 289 290 7225
5404 2 2 1 1 4386 5012 5013
5405 2 2 1 1 933 7327 7328
5406 2 2 1 1 7209 7210 7216
5407 2 2 1 1 7323 7324 7325
5408 2 2 1 1 7323 7322 7324
5409 2 2 1 1 3997 3346 5105
5410 2 2 1 1 7209 7208 7210
5411 2 2 1 1 933 934 7327
5412 2 2 1 1 7328 7326 7329
5413 2 2 1 1 283 7217 7735
5414 2 2 1 1 5095 3997 5105
5415 2 2 1 1 7214 7209 7216
5416 2 2 1 1 7331 7332 7333
5417 2 2 1 1 1572 7322 7323
5418 2 2 1 1 930 931 7373
5419 2 2 1 1 931 1569 7373
5420 2 2 1 1 7210 7211 7212
5421 2 2 1 1 4104 3331 5075
5422 2 2 1 1 282 283 7735
5423 2 2 1 1 3346 3344 5105
5424 2 2 1 1 1573 7331 7333
5425 2 2 1 1 7207 7208 7209
5426 2 2 1 1 5093 3997 5095
5427 2 2 1 1 3045 2350 6265
5428 2 2 1 1 6257 3045 6265
5429 2 2 1 1 7207 1920 7208
5430 2 2 1 1 2350 2348 6265
5431 2 2 1 1 3997 5093 7732
5432 2 2 1 1 335 336 7353
5433 2 2 1 1 336 1573 7353
5434 2 2 1 1 6255 3045 6257
5435 2 2 1 1 5093 5091 7732
5436 2 2 1 1 1572 7323 7327
5437 2 2 1 1 4876 4875 4878
5438 2 2 1 1 4873 4876 4877
5439 2 2 1 1 7319 7318 7320
5440 2 2 1 1 7213 7209 7214
5441 2 2 1 1 7331 7330 7332
5442 2 2 1 1 3045 6255 7730
5443 2 2 1 1 7323 7326 7327
5444 2 2 1 1 6255 6253 7730
5445 2 2 1 1 5089 3971 5091
5446 2 2 1 1 1572 7321 7322
5447 2 2 1 1 5097 5105 7736
5448 2 2 1 1 5091 3971 7732
5449 2 2 1 1 7317 7318 7319
5450 2 2 1 1 934 1572 7327
5451 2 2 1 1 7210 7208 7211
5452 2 2 1 1 7323 7325 7326
5453 2 2 1 1 5089 5087 7728
5454 2 2 1 1 6251 3017 6253
5455 2 2 1 1 7206 1920 7207
5456 2 2 1 1 6942 6941 6943
5457 2 2 1 1 6259 6265 7734
5458 2 2 1 1 3971 5089 7728
5459 2 2 1 1 6253 3017 7730
5460 2 2 1 1 1572 935 7321
5461 2 2 1 1 6940 2015 6941
5462 2 2 1 1 338 339 7330
5463 2 2 1 1 339 1582 7330
5464 2 2 1 1 7317 1583 7318
5465 2 2 1 1 6251 6249 7726
5466 2 2 1 1 3017 6251 7726
5467 2 2 1 1 1573 337 7331
5468 2 2 1 1 875 876 6950
5469 2 2 1 1 7321 7319 7322
5470 2 2 1 1 5097 5095 5105
5471 2 2 1 1 7327 7326 7328
5472 2 2 1 1 6940 6941 6942
5473 2 2 1 1 338 7330 7331
5474 2 2 1 1 6924 6923 6925
5475 2 2 1 1 5096 5095 5097
5476 2 2 1 1 5087 3915 7728
5477 2 2 1 1 876 1917 6950
5478 2 2 1 1 5084 3915 5087
5479 2 2 1 1 6932 2015 6940
5480 2 2 1 1 4876 4878 4879
5481 2 2 1 1 7207 7209 7213
5482 2 2 1 1 6922 2016 6923
5483 2 2 1 1 6249 2959 7726
5484 2 2 1 1 6246 2959 6249
5485 2 2 1 1 5084 5082 7731
5486 2 2 1 1 935 936 7321
5487 2 2 1 1 277 278 6931
5488 2 2 1 1 6259 6257 6265
5489 2 2 1 1 6246 6244 7729
5490 2 2 1 1 6922 6923 6924
5491 2 2 1 1 6935 6933 6936
5492 2 2 1 1 6938 7031 7033
5493 2 2 1 1 6258 6257 6259
5494 2 2 1 1 5094 5093 5095
5495 2 2 1 1 278 1916 6931
5496 2 2 1 1 6911 2016 6922
5497 2 2 1 1 3915 5084 7731
5498 2 2 1 1 2959 6246 7729
5499 2 2 1 1 1916 279 7205
5500 2 2 1 1 279 280 7205
5501 2 2 1 1 5092 5091 5093
5502 2 2 1 1 7212 7211 7215
5503 2 2 1 1 281 1920 7206
5504 2 2 1 1 3594 3360 5106
5505 2 2 1 1 2940 2364 6266
5506 2 2 1 1 6934 6933 6935
5507 2 2 1 1 5096 5097 5098
5508 2 2 1 1 1737 6932 6933
5509 2 2 1 1 6936 6940 6942
5510 2 2 1 1 6256 6255 6257
5511 2 2 1 1 6914 6912 6915
5512 2 2 1 1 6242 2940 6266
5513 2 2 1 1 5081 3594 5106
5514 2 2 1 1 7205 280 7206
5515 2 2 1 1 6937 6935 6939
5516 2 2 1 1 7033 871 7727
5517 2 2 1 1 6938 7033 7727
5518 2 2 1 1 2364 2362 6266
5519 2 2 1 1 5090 5089 5091
5520 2 2 1 1 2015 875 6950
5521 2 2 1 1 3360 3358 5106
5522 2 2 1 1 6254 6253 6255
5523 2 2 1 1 6239 2940 6242
5524 2 2 1 1 6913 6912 6914
5525 2 2 1 1 6933 6932 6940
5526 2 2 1 1 5088 5087 5089
5527 2 2 1 1 5094 5095 5096
5528 2 2 1 1 6258 6259 6260
5529 2 2 1 1 5076 3594 5081
5530 2 2 1 1 6239 6237 7724
5531 2 2 1 1 6917 7234 7725
5532 2 2 1 1 4879 4878 4880
5533 2 2 1 1 1736 6911 6912
5534 2 2 1 1 6916 6914 6921
5535 2 2 1 1 6915 6922 6924
5536 2 2 1 1 1737 6933 6934
5537 2 2 1 1 6252 6251 6253
5538 2 2 1 1 337 338 7331
5539 2 2 1 1 2016 277 6931
5540 2 2 1 1 7030 7031 7032
5541 2 2 1 1 7234 273 7725
5542 2 2 1 1 2940 6239 7724
5543 2 2 1 1 5076 4383 7723
5544 2 2 1 1 6256 6257 6258
5545 2 2 1 1 6250 6249 6251
5546 2 2 1 1 1736 6912 6913
5547 2 2 1 1 7029 1909 7030
5548 2 2 1 1 7028 7029 7030
5549 2 2 1 1 6912 6911 6922
5550 2 2 1 1 5085 5084 5087
5551 2 2 1 1 6941 2015 6950
5552 2 2 1 1 2923 2370 6267
5553 2 2 1 1 5090 5091 5092
5554 2 2 1 1 7030 1909 7031
5555 2 2 1 1 271 1908 7056
5556 2 2 1 1 6235 2923 6267
5557 2 2 1 1 3594 5076 7723
5558 2 2 1 1 869 1909 7029
5559 2 2 1 1 6244 6266 7729
5560 2 2 1 1 2370 2368 6267
5561 2 2 1 1 6936 6933 6940
5562 2 2 1 1 270 271 7056
5563 2 2 1 1 870 871 7033
5564 2 2 1 1 5080 5081 5082
5565 2 2 1 1 6247 6246 6249
5566 2 2 1 1 6232 2923 6235
5567 2 2 1 1 5085 5087 5088
5568 2 2 1 1 6923 2016 6931
5569 2 2 1 1 6252 6253 6254
5570 2 2 1 1 269 270 7055
5571 2 2 1 1 6232 6230 7722
5572 2 2 1 1 5082 5081 5106
5573 2 2 1 1 6913 6914 6916
5574 2 2 1 1 5092 5093 5094
5575 2 2 1 1 5082 5106 7731
5576 2 2 1 1 5083 5082 5084
5577 2 2 1 1 5080 5077 5081
5578 2 2 1 1 7024 7025 7026
5579 2 2 1 1 280 281 7206
5580 2 2 1 1 7055 270 7056
5581 2 2 1 1 868 869 7029
5582 2 2 1 1 4879 4880 4881
5583 2 2 1 1 5088 5089 5090
5584 2 2 1 1 3867 3865 5150
5585 2 2 1 1 6244 6242 6266
5586 2 2 1 1 2923 6232 7722
5587 2 2 1 1 6915 6912 6922
5588 2 2 1 1 6934 6935 6937
5589 2 2 1 1 7023 1904 7024
5590 2 2 1 1 6247 6249 6250
5591 2 2 1 1 5138 3917 5140
5592 2 2 1 1 7052 7051 7053
5593 2 2 1 1 7022 7023 7024
5594 2 2 1 1 7024 1904 7025
5595 2 2 1 1 6243 6242 6244
5596 2 2 1 1 7049 1905 7050
5597 2 2 1 1 5138 5136 7716
5598 2 2 1 1 3917 5138 7716
5599 2 2 1 1 5079 5077 5080
5600 2 2 1 1 7050 7051 7052
5601 2 2 1 1 867 868 7027
5602 2 2 1 1 7050 1905 7051
5603 2 2 1 1 6245 6244 6246
5604 2 2 1 1 7048 7049 7050
5605 2 2 1 1 2911 2376 6268
5606 2 2 1 1 6254 6255 6256
5607 2 2 1 1 3369 3366 5170
5608 2 2 1 1 7025 7027 7028
5609 2 2 1 1 7035 7085 7086
5610 2 2 1 1 866 1904 7023
5611 2 2 1 1 3917 3867 5150
5612 2 2 1 1 6237 6267 7724
5613 2 2 1 1 6228 2911 6268
5614 2 2 1 1 5077 5076 5081
5615 2 2 1 1 1897 7034 7086
5616 2 2 1 1 5140 3917 5150
5617 2 2 1 1 7031 1909 7033
5618 2 2 1 1 5129 3901 5135
5619 2 2 1 1 6250 6251 6252
5620 2 2 1 1 3366 3364 5170
5621 2 2 1 1 2376 2374 6268
5622 2 2 1 1 1908 272 7234
5623 2 2 1 1 272 273 7234
5624 2 2 1 1 268 1905 7049
5625 2 2 1 1 7034 7035 7086
5626 2 2 1 1 1894 7064 7065
5627 2 2 1 1 7015 7017 7020
5628 2 2 1 1 5135 3901 5149
5629 2 2 1 1 5129 5126 7709
5630 2 2 1 1 5142 5150 7717
5631 2 2 1 1 5080 5082 5083
5632 2 2 1 1 6225 2911 6228
5633 2 2 1 1 6240 6239 6242
5634 2 2 1 1 3901 5129 7709
5635 2 2 1 1 5136 5149 7716
5636 2 2 1 1 260 261 7063
5637 2 2 1 1 3873 3871 5149
5638 2 2 1 1 6225 6223 7719
5639 2 2 1 1 5150 3865 7717
5640 2 2 1 1 3879 3877 5134
5641 2 2 1 1 1894 7063 7064
5642 2 2 1 1 4305 4018 4383
5643 2 2 1 1 4384 4383 5076
5644 2 2 1 1 7027 868 7029
5645 2 2 1 1 7068 7104 7413
5646 2 2 1 1 1905 269 7055
5647 2 2 1 1 3901 3873 5149
5648 2 2 1 1 865 866 7023
5649 2 2 1 1 6237 6235 6267
5650 2 2 1 1 5122 3946 5124
5651 2 2 1 1 261 7061 7063
5652 2 2 1 1 2911 6225 7719
5653 2 2 1 1 7018 7015 7020
5654 2 2 1 1 258 259 7067
5655 2 2 1 1 7016 7015 7018
5656 2 2 1 1 5840 5836 7711
5657 2 2 1 1 7025 1904 7027
5658 2 2 1 1 7015 1901 7017
5659 2 2 1 1 6236 6235 6237
5660 2 2 1 1 1894 260 7063
5661 2 2 1 1 3946 5122 7539
5662 2 2 1 1 6240 6242 6243
5663 2 2 1 1 3946 3879 5134
5664 2 2 1 1 5832 5829 7712
5665 2 2 1 1 7043 7044 7046
5666 2 2 1 1 5832 2912 5834
5667 2 2 1 1 5840 2924 5842
5668 2 2 1 1 7067 7068 7413
5669 2 2 1 1 6238 6237 6239
5670 2 2 1 1 5136 5135 5149
5671 2 2 1 1 5842 2924 5847
5672 2 2 1 1 5122 5119 7539
5673 2 2 1 1 5849 5844 7707
5674 2 2 1 1 5834 2912 5839
5675 2 2 1 1 2924 5840 7711
5676 2 2 1 1 3099 5110 5111
5677 2 2 1 1 7034 1897 7715
5678 2 2 1 1 864 865 7021
5679 2 2 1 1 7017 7021 7022
5680 2 2 1 1 5124 3946 5134
5681 2 2 1 1 267 268 7049
5682 2 2 1 1 261 262 7061
5683 2 2 1 1 6230 6268 7722
5684 2 2 1 1 5126 5134 7709
5685 2 2 1 1 5113 5114 7635
5686 2 2 1 1 2912 5832 7712
5687 2 2 1 1 2880 2882 5113
5688 2 2 1 1 3925 6531 7660
5689 2 2 1 1 3099 5109 5110
5690 2 2 1 1 6531 6529 7660
5691 2 2 1 1 2809 2807 5848
5692 2 2 1 1 7043 1900 7044
5693 2 2 1 1 7044 7047 7048
5694 2 2 1 1 5119 3931 7539
5695 2 2 1 1 2900 2382 6269
5696 2 2 1 1 5849 2941 5851
5697 2 2 1 1 5851 2941 5856
5698 2 2 1 1 2884 2886 5109
5699 2 2 1 1 266 267 7047
5700 2 2 1 1 2941 5849 7707
5701 2 2 1 1 7014 1901 7015
5702 2 2 1 1 7014 7015 7016
5703 2 2 1 1 259 1894 7067
5704 2 2 1 1 3099 2884 5109
5705 2 2 1 1 6221 2900 6269
5706 2 2 1 1 2382 2380 6269
5707 2 2 1 1 2901 2809 5848
5708 2 2 1 1 1909 870 7033
5709 2 2 1 1 5825 2901 5827
5710 2 2 1 1 2901 5825 7335
5711 2 2 1 1 2803 2801 5839
5712 2 2 1 1 5857 5853 7692
5713 2 2 1 1 5117 3931 5119
5714 2 2 1 1 6233 6232 6235
5715 2 2 1 1 6243 6244 6245
5716 2 2 1 1 5134 3877 7709
5717 2 2 1 1 860 1897 7089
5718 2 2 1 1 5827 2901 5848
5719 2 2 1 1 1897 7086 7089
5720 2 2 1 1 3457 3455 6619
5721 2 2 1 1 258 7067 7413
5722 2 2 1 1 5836 5839 7711
5723 2 2 1 1 7065 7064 7066
5724 2 2 1 1 5825 5823 7335
5725 2 2 1 1 2912 2803 5839
5726 2 2 1 1 2886 5107 5109
5727 2 2 1 1 5857 2960 5859
5728 2 2 1 1 6218 2900 6221
5729 2 2 1 1 1896 7057 7058
5730 2 2 1 1 5844 5847 7707
5731 2 2 1 1 1896 263 7057
5732 2 2 1 1 5149 3871 7716
5733 2 2 1 1 6529 6541 7660
5734 2 2 1 1 2797 2795 5847
5735 2 2 1 1 5859 2960 5862
5736 2 2 1 1 2924 2797 5847
5737 2 2 1 1 4305 4383 4384
5738 2 2 1 1 7053 7051 7054
5739 2 2 1 1 5682 5412 5683
5740 2 2 1 1 7366 1587 7367
5741 2 2 1 1 2882 3099 5113
5742 2 2 1 1 2960 5857 7692
5743 2 2 1 1 6472 6469 6618
5744 2 2 1 1 7356 7359 7363
5745 2 2 1 1 1894 7065 7067
5746 2 2 1 1 5385 5384 5386
5747 2 2 1 1 6469 3938 6618
5748 2 2 1 1 5853 5856 7692
5749 2 2 1 1 6332 3951 6336
5750 2 2 1 1 5412 5682 6681
5751 2 2 1 1 1896 7058 7059
5752 2 2 1 1 6218 6216 7682
5753 2 2 1 1 1897 861 7715
5754 2 2 1 1 3982 5353 5876
5755 2 2 1 1 3674 3982 5876
5756 2 2 1 1 5844 5842 5847
5757 2 2 1 1 6528 3905 6541
5758 2 2 1 1 859 860 7089
5759 2 2 1 1 6230 6228 6268
5760 2 2 1 1 7044 1900 7047
5761 2 2 1 1 6523 3905 6528
5762 2 2 1 1 1196 1197 5947
5763 2 2 1 1 5853 5851 5856
5764 2 2 1 1 6336 3951 7618
5765 2 2 1 1 1197 1198 7249
5766 2 2 1 1 5665 6579 7690
5767 2 2 1 1 6467 3938 6469
5768 2 2 1 1 5823 2931 7335
5769 2 2 1 1 4018 3369 5170
5770 2 2 1 1 2741 2743 5883
5771 2 2 1 1 3931 5117 7232
5772 2 2 1 1 5107 2886 5208
5773 2 2 1 1 262 1896 7061
5774 2 2 1 1 3529 3527 6588
5775 2 2 1 1 6233 6235 6236
5776 2 2 1 1 6229 6228 6230
5777 2 2 1 1 3846 3848 6049
5778 2 2 1 1 6337 5688 6338
5779 2 2 1 1 7358 7363 7364
5780 2 2 1 1 7042 7043 7045
5781 2 2 1 1 5236 5233 7688
5782 2 2 1 1 5394 5334 5396
5783 2 2 1 1 6306 6376 6381
5784 2 2 1 1 6529 6528 6541
5785 2 2 1 1 5247 5496 7545
5786 2 2 1 1 2900 6218 7682
5787 2 2 1 1 3991 5552 7702
5788 2 2 1 1 5464 6049 6050
5789 2 2 1 1 5947 1197 7249
5790 2 2 1 1 5383 5384 5385
5791 2 2 1 1 1904 867 7027
5792 2 2 1 1 7021 865 7023
5793 2 2 1 1 5820 2931 5823
5794 2 2 1 1 5836 5834 5839
5795 2 2 1 1 3670 3672 7700
5796 2 2 1 1 5231 5230 6398
5797 2 2 1 1 5311 5294 5312
5798 2 2 1 1 2872 2874 5230
5799 2 2 1 1 5486 5480 5487
5800 2 2 1 1 6679 6677 7661
5801 2 2 1 1 3463 3461 6473
5802 2 2 1 1 6231 6230 6232
5803 2 2 1 1 7016 7018 7019
5804 2 2 1 1 7059 7058 7060
5805 2 2 1 1 5829 5848 7712
5806 2 2 1 1 7042 1900 7043
5807 2 2 1 1 5117 4201 7232
5808 2 2 1 1 5206 5292 5311
5809 2 2 1 1 6336 5688 6337
5810 2 2 1 1 6618 3457 6619
5811 2 2 1 1 3455 3961 6619
5812 2 2 1 1 7017 1901 7021
5813 2 2 1 1 2880 5113 7635
5814 2 2 1 1 6079 6388 6389
5815 2 2 1 1 5292 5294 5311
5816 2 2 1 1 5496 5495 7545
5817 2 2 1 1 7358 7356 7363
5818 2 2 1 1 6483 6486 6881
5819 2 2 1 1 5232 4367 7631
5820 2 2 1 1 5480 5479 5487
5821 2 2 1 1 263 264 7057
5822 2 2 1 1 5633 2741 5883
5823 2 2 1 1 5228 3159 5229
5824 2 2 1 1 2941 2791 5856
5825 2 2 1 1 3905 6523 7452
5826 2 2 1 1 3805 3807 7338
5827 2 2 1 1 3951 6332 6340
5828 2 2 1 1 6306 6381 7447
5829 2 2 1 1 2920 6672 6675
5830 2 2 1 1 5267 5273 5279
5831 2 2 1 1 6223 6269 7719
5832 2 2 1 1 2791 2789 5856
5833 2 2 1 1 7355 7358 7367
5834 2 2 1 1 5634 5883 5884
5835 2 2 1 1 3646 3648 7584
5836 2 2 1 1 5268 5265 5280
5837 2 2 1 1 5976 5979 7617
5838 2 2 1 1 2920 6675 6679
5839 2 2 1 1 3604 3606 6185
5840 2 2 1 1 3463 6473 7236
5841 2 2 1 1 5422 5439 5440
5842 2 2 1 1 6381 6371 7447
5843 2 2 1 1 5488 5487 7603
5844 2 2 1 1 5981 5983 7572
5845 2 2 1 1 7674 2665 7686
5846 2 2 1 1 5707 5706 5708
5847 2 2 1 1 5678 5676 5680
5848 2 2 1 1 6023 6025 7001
5849 2 2 1 1 6282 6279 6587
5850 2 2 1 1 6472 6618 6619
5851 2 2 1 1 3029 7578 7666
5852 2 2 1 1 5940 1929 5942
5853 2 2 1 1 5353 3982 5682
5854 2 2 1 1 7372 5236 7688
5855 2 2 1 1 5273 5275 5279
5856 2 2 1 1 3099 5111 5113
5857 2 2 1 1 1198 1933 7249
5858 2 2 1 1 5518 6317 6583
5859 2 2 1 1 6523 6521 7452
5860 2 2 1 1 3672 3674 5876
5861 2 2 1 1 6236 6237 6238
5862 2 2 1 1 5154 5152 5157
5863 2 2 1 1 5206 5291 5292
5864 2 2 1 1 2887 2890 5208
5865 2 2 1 1 5463 3846 6049
5866 2 2 1 1 5979 7439 7617
5867 2 2 1 1 3848 4101 6049
5868 2 2 1 1 1929 5940 5948
5869 2 2 1 1 2709 2711 5291
5870 2 2 1 1 3938 6467 6473
5871 2 2 1 1 7356 7357 7359
5872 2 2 1 1 2802 2804 5214
5873 2 2 1 1 3828 3830 5885
5874 2 2 1 1 1929 1196 5947
5875 2 2 1 1 5225 3159 5228
5876 2 2 1 1 6521 6520 7637
5877 2 2 1 1 6307 6317 7586
5878 2 2 1 1 2743 3051 5883
5879 2 2 1 1 6279 3944 6587
5880 2 2 1 1 2804 3100 5214
5881 2 2 1 1 3886 3888 5383
5882 2 2 1 1 5333 4070 5396
5883 2 2 1 1 4068 7338 7339
5884 2 2 1 1 3063 6183 6841
5885 2 2 1 1 1213 2029 5282
5886 2 2 1 1 2739 2741 5633
5887 2 2 1 1 5111 5110 5112
5888 2 2 1 1 2931 5820 7563
5889 2 2 1 1 2676 2674 6679
5890 2 2 1 1 7358 7366 7367
5891 2 2 1 1 2413 3063 6841
5892 2 2 1 1 5705 5706 5707
5893 2 2 1 1 5152 3882 5157
5894 2 2 1 1 1815 6650 6651
5895 2 2 1 1 6587 3529 6588
5896 2 2 1 1 2860 2862 5438
5897 2 2 1 1 6226 6225 6228
5898 2 2 1 1 5682 3982 6681
5899 2 2 1 1 7355 7356 7358
5900 2 2 1 1 763 764 6115
5901 2 2 1 1 6379 5548 6380
5902 2 2 1 1 5568 6201 6954
5903 2 2 1 1 5937 5936 5938
5904 2 2 1 1 5651 5654 7628
5905 2 2 1 1 5334 5333 5396
5906 2 2 1 1 5789 5430 7615
5907 2 2 1 1 3844 3846 5463
5908 2 2 1 1 3527 3970 6588
5909 2 2 1 1 6579 3902 7690
5910 2 2 1 1 2765 5232 7631
5911 2 2 1 1 4126 4476 5116
5912 2 2 1 1 6675 6677 6679
5913 2 2 1 1 3561 3559 7407
5914 2 2 1 1 5688 6336 7618
5915 2 2 1 1 6319 6344 6345
5916 2 2 1 1 6318 3918 6344
5917 2 2 1 1 5212 5214 5215
5918 2 2 1 1 5267 5272 5273
5919 2 2 1 1 5430 5432 7615
5920 2 2 1 1 3465 3463 7236
5921 2 2 1 1 6666 6380 7487
5922 2 2 1 1 5230 2874 6398
5923 2 2 1 1 2711 2934 5291
5924 2 2 1 1 4060 3816 7634
5925 2 2 1 1 7047 267 7049
5926 2 2 1 1 1819 6644 6645
5927 2 2 1 1 3461 3938 6473
5928 2 2 1 1 194 195 6649
5929 2 2 1 1 6380 5548 7487
5930 2 2 1 1 2388 2386 6270
5931 2 2 1 1 5810 6453 6973
5932 2 2 1 1 5260 3975 5324
5933 2 2 1 1 3016 5495 7409
5934 2 2 1 1 5154 5157 5158
5935 2 2 1 1 3727 3729 7540
5936 2 2 1 1 5989 5469 5991
5937 2 2 1 1 2886 2887 5208
5938 2 2 1 1 5686 5689 6338
5939 2 2 1 1 7081 7079 7082
5940 2 2 1 1 4190 4446 5203
5941 2 2 1 1 5420 2860 5438
5942 2 2 1 1 5151 4582 7567
5943 2 2 1 1 4007 3823 5479
5944 2 2 1 1 1797 6802 6807
5945 2 2 1 1 4269 4854 5289
5946 2 2 1 1 1889 7090 7240
5947 2 2 1 1 3750 3752 5531
5948 2 2 1 1 197 198 6643
5949 2 2 1 1 2661 3037 5272
5950 2 2 1 1 3692 4094 5340
5951 2 2 1 1 5495 3016 7545
5952 2 2 1 1 5430 5428 5432
5953 2 2 1 1 6482 6483 6881
5954 2 2 1 1 7078 7081 7087
5955 2 2 1 1 2659 2661 5272
5956 2 2 1 1 5971 5975 7602
5957 2 2 1 1 2674 2920 6679
5958 2 2 1 1 6114 6115 6116
5959 2 2 1 1 7090 7091 7240
5960 2 2 1 1 2774 2776 7409
5961 2 2 1 1 6031 5437 7000
5962 2 2 1 1 1077 1797 6807
5963 2 2 1 1 5820 5818 7563
5964 2 2 1 1 5688 5686 6338
5965 2 2 1 1 6976 6654 7246
5966 2 2 1 1 5271 5751 7272
5967 2 2 1 1 4033 6068 7603
5968 2 2 1 1 6416 6418 6425
5969 2 2 1 1 5265 5267 5280
5970 2 2 1 1 7643 5522 7685
5971 2 2 1 1 859 7089 7684
5972 2 2 1 1 5268 5280 5281
5973 2 2 1 1 6317 5518 7586
5974 2 2 1 1 6277 3944 6279
5975 2 2 1 1 1076 1077 6807
5976 2 2 1 1 5591 6664 6787
5977 2 2 1 1 5422 5438 5439
5978 2 2 1 1 6319 6318 6344
5979 2 2 1 1 2518 2388 6270
5980 2 2 1 1 5935 5936 5937
5981 2 2 1 1 7081 7082 7084
5982 2 2 1 1 7014 7016 7715
5983 2 2 1 1 4109 3886 5383
5984 2 2 1 1 5428 3030 5432
5985 2 2 1 1 7082 7083 7085
5986 2 2 1 1 6810 6812 6813
5987 2 2 1 1 6783 6498 7074
5988 2 2 1 1 5189 5187 6184
5989 2 2 1 1 2825 2828 7633
5990 2 2 1 1 3648 5497 7584
5991 2 2 1 1 6664 5591 6788
5992 2 2 1 1 3752 4005 5531
5993 2 2 1 1 2808 2810 7402
5994 2 2 1 1 1818 6703 6704
5995 2 2 1 1 5942 1929 5947
5996 2 2 1 1 5885 3991 7702
5997 2 2 1 1 6482 1829 7261
5998 2 2 1 1 3159 2872 5230
5999 2 2 1 1 6664 6663 6787
6000 2 2 1 1 5751 5750 7272
6001 2 2 1 1 1823 6638 6639
6002 2 2 1 1 6184 3604 6185
6003 2 2 1 1 6418 6420 6425
6004 2 2 1 1 6851 6031 7000
6005 2 2 1 1 3830 3991 5885
6006 2 2 1 1 5171 4095 5172
6007 2 2 1 1 5975 1716 7602
6008 2 2 1 1 5762 3941 5765
6009 2 2 1 1 3705 3707 6340
6010 2 2 1 1 5539 5384 7507
6011 2 2 1 1 2850 2978 5668
6012 2 2 1 1 4383 4018 5170
6013 2 2 1 1 5486 5487 5488
6014 2 2 1 1 3807 5171 7338
6015 2 2 1 1 5262 3952 5348
6016 2 2 1 1 3647 3645 6541
6017 2 2 1 1 1815 6649 6650
6018 2 2 1 1 6113 763 6115
6019 2 2 1 1 5949 5416 7620
6020 2 2 1 1 3606 4021 6185
6021 2 2 1 1 3905 3647 6541
6022 2 2 1 1 858 859 7684
6023 2 2 1 1 7355 1592 7356
6024 2 2 1 1 5392 5389 7646
6025 2 2 1 1 5204 2709 5291
6026 2 2 1 1 3878 4121 7248
6027 2 2 1 1 5881 5878 6520
6028 2 2 1 1 7392 7361 7654
6029 2 2 1 1 5187 3977 6184
6030 2 2 1 1 3860 4070 7632
6031 2 2 1 1 1222 2030 5361
6032 2 2 1 1 5670 5676 5678
6033 2 2 1 1 5587 5593 5604
6034 2 2 1 1 2889 3035 6683
6035 2 2 1 1 6067 6064 7616
6036 2 2 1 1 6201 5568 7345
6037 2 2 1 1 4251 6213 6474
6038 2 2 1 1 3823 3821 5479
6039 2 2 1 1 3156 2868 5225
6040 2 2 1 1 7356 1592 7357
6041 2 2 1 1 233 234 5963
6042 2 2 1 1 3944 6277 6283
6043 2 2 1 1 2862 3029 5438
6044 2 2 1 1 5426 3030 5428
6045 2 2 1 1 6302 2899 6402
6046 2 2 1 1 6960 5920 6962
6047 2 2 1 1 7078 7079 7081
6048 2 2 1 1 3096 4269 5289
6049 2 2 1 1 5627 3150 5631
6050 2 2 1 1 195 6647 6649
6051 2 2 1 1 5931 5935 5937
6052 2 2 1 1 6802 1797 6809
6053 2 2 1 1 3809 4095 5171
6054 2 2 1 1 5631 3150 5632
6055 2 2 1 1 1819 6643 6644
6056 2 2 1 1 3690 3692 5340
6057 2 2 1 1 5219 7402 7403
6058 2 2 1 1 3620 3622 6843
6059 2 2 1 1 4101 3852 6447
6060 2 2 1 1 353 354 7374
6061 2 2 1 1 1989 1210 5775
6062 2 2 1 1 7452 6521 7637
6063 2 2 1 1 7067 7065 7068
6064 2 2 1 1 4070 3862 5387
6065 2 2 1 1 2899 2435 6402
6066 2 2 1 1 1075 1076 7614
6067 2 2 1 1 4375 4060 7634
6068 2 2 1 1 3876 3878 7248
6069 2 2 1 1 6033 6032 6387
6070 2 2 1 1 5931 5928 5935
6071 2 2 1 1 795 796 6702
6072 2 2 1 1 1829 6482 6881
6073 2 2 1 1 265 1900 7042
6074 2 2 1 1 5185 3977 5187
6075 2 2 1 1 1579 353 7374
6076 2 2 1 1 3676 3678 6681
6077 2 2 1 1 4582 4192 7567
6078 2 2 1 1 3650 4034 5497
6079 2 2 1 1 6189 6201 7345
6080 2 2 1 1 5338 5340 5341
6081 2 2 1 1 5502 2518 6215
6082 2 2 1 1 234 1870 5963
6083 2 2 1 1 832 1871 5739
6084 2 2 1 1 5738 5739 5740
6085 2 2 1 1 5257 3975 5260
6086 2 2 1 1 6215 2518 6270
6087 2 2 1 1 3952 5262 5324
6088 2 2 1 1 264 265 7042
6089 2 2 1 1 6594 6591 7296
6090 2 2 1 1 7357 1592 7654
6091 2 2 1 1 6032 2904 6387
6092 2 2 1 1 5415 2921 5416
6093 2 2 1 1 5691 5690 7501
6094 2 2 1 1 3030 5426 5507
6095 2 2 1 1 6226 6228 6229
6096 2 2 1 1 1998 5614 7075
6097 2 2 1 1 198 6641 6643
6098 2 2 1 1 7691 2715 7706
6099 2 2 1 1 6282 6587 6588
6100 2 2 1 1 5491 2774 7409
6101 2 2 1 1 5211 6165 7605
6102 2 2 1 1 2891 2889 6683
6103 2 2 1 1 6460 3921 6462
6104 2 2 1 1 5209 2802 5214
6105 2 2 1 1 6025 6030 7001
6106 2 2 1 1 5614 1998 5695
6107 2 2 1 1 6330 4039 6340
6108 2 2 1 1 1818 6702 6703
6109 2 2 1 1 3922 5248 5249
6110 2 2 1 1 5384 3888 7507
6111 2 2 1 1 764 1777 6115
6112 2 2 1 1 6328 4039 6330
6113 2 2 1 1 5747 6012 7469
6114 2 2 1 1 2417 2415 7667
6115 2 2 1 1 624 625 6504
6116 2 2 1 1 5588 5585 5605
6117 2 2 1 1 4249 4418 5115
6118 2 2 1 1 5550 5638 6384
6119 2 2 1 1 200 201 6637
6120 2 2 1 1 6165 5787 7605
6121 2 2 1 1 5416 2921 7620
6122 2 2 1 1 1210 1211 5775
6123 2 2 1 1 2861 2921 5415
6124 2 2 1 1 6223 6221 6269
6125 2 2 1 1 1120 1121 6570
6126 2 2 1 1 5161 3940 5162
6127 2 2 1 1 6663 2913 6787
6128 2 2 1 1 4092 6843 6844
6129 2 2 1 1 6078 6079 6389
6130 2 2 1 1 3672 5876 7700
6131 2 2 1 1 7310 7600 7652
6132 2 2 1 1 5848 2807 7712
6133 2 2 1 1 5214 3100 5215
6134 2 2 1 1 5254 5252 5607
6135 2 2 1 1 1219 1220 7418
6136 2 2 1 1 26 27 6509
6137 2 2 1 1 3156 5225 5226
6138 2 2 1 1 1735 1192 5927
6139 2 2 1 1 1823 6637 6638
6140 2 2 1 1 3950 7548 7649
6141 2 2 1 1 3898 3900 7302
6142 2 2 1 1 5777 3910 7012
6143 2 2 1 1 1856 6615 6994
6144 2 2 1 1 4072 3844 5463
6145 2 2 1 1 1212 1213 5282
6146 2 2 1 1 6875 6722 7233
6147 2 2 1 1 5731 5963 7612
6148 2 2 1 1 6222 6221 6223
6149 2 2 1 1 6710 6895 7479
6150 2 2 1 1 4367 6898 7631
6151 2 2 1 1 5508 3828 5885
6152 2 2 1 1 3714 3712 7430
6153 2 2 1 1 5439 3029 7666
6154 2 2 1 1 1138 1867 6443
6155 2 2 1 1 3648 3650 5497
6156 2 2 1 1 6031 6023 7001
6157 2 2 1 1 4070 5333 7632
6158 2 2 1 1 625 1538 6504
6159 2 2 1 1 6847 5767 7407
6160 2 2 1 1 5519 3750 5531
6161 2 2 1 1 3709 3711 7618
6162 2 2 1 1 3975 5257 6842
6163 2 2 1 1 195 196 6647
6164 2 2 1 1 5262 5260 5324
6165 2 2 1 1 6388 6387 6389
6166 2 2 1 1 6416 6417 6418
6167 2 2 1 1 1814 6709 7479
6168 2 2 1 1 6709 6710 7479
6169 2 2 1 1 1815 194 6649
6170 2 2 1 1 6616 6992 6994
6171 2 2 1 1 6332 6330 6340
6172 2 2 1 1 1819 197 6643
6173 2 2 1 1 7016 7034 7715
6174 2 2 1 1 5130 5129 5135
6175 2 2 1 1 7078 1895 7079
6176 2 2 1 1 1076 6807 7614
6177 2 2 1 1 5940 5936 5948
6178 2 2 1 1 27 1539 6509
6179 2 2 1 1 6615 6616 6994
6180 2 2 1 1 762 763 6113
6181 2 2 1 1 3698 3699 6335
6182 2 2 1 1 2890 2989 5208
6183 2 2 1 1 5615 5614 5695
6184 2 2 1 1 3941 5762 7238
6185 2 2 1 1 3150 2739 5633
6186 2 2 1 1 3598 3600 5501
6187 2 2 1 1 3100 2806 5897
6188 2 2 1 1 5818 2919 7563
6189 2 2 1 1 2947 6078 6389
6190 2 2 1 1 5340 4094 5341
6191 2 2 1 1 5815 2919 5818
6192 2 2 1 1 2545 2543 5592
6193 2 2 1 1 5242 2784 5507
6194 2 2 1 1 6371 2899 7447
6195 2 2 1 1 1211 1212 1955
6196 2 2 1 1 5989 5981 7572
6197 2 2 1 1 5335 3690 5340
6198 2 2 1 1 1132 1861 5694
6199 2 2 1 1 1995 5679 6970
6200 2 2 1 1 6292 6067 7616
6201 2 2 1 1 2935 6368 6684
6202 2 2 1 1 5383 3888 5384
6203 2 2 1 1 2415 2413 6841
6204 2 2 1 1 5660 5661 5663
6205 2 2 1 1 3686 4065 7648
6206 2 2 1 1 1223 1224 6144
6207 2 2 1 1 3837 3940 5161
6208 2 2 1 1 534 1860 5669
6209 2 2 1 1 5593 5595 5604
6210 2 2 1 1 4191 4190 5203
6211 2 2 1 1 2698 2701 7396
6212 2 2 1 1 3895 4020 5151
6213 2 2 1 1 3764 4079 5452
6214 2 2 1 1 4007 5479 5480
6215 2 2 1 1 1818 795 6702
6216 2 2 1 1 5739 1871 5740
6217 2 2 1 1 6033 6387 6388
6218 2 2 1 1 7097 6772 7099
6219 2 2 1 1 5983 5988 7572
6220 2 2 1 1 1214 1215 5360
6221 2 2 1 1 5375 5365 5376
6222 2 2 1 1 6457 6456 6458
6223 2 2 1 1 1102 1103 7261
6224 2 2 1 1 5252 2836 5607
6225 2 2 1 1 198 199 6641
6226 2 2 1 1 5881 6520 6521
6227 2 2 1 1 6224 6223 6225
6228 2 2 1 1 7112 7239 7240
6229 2 2 1 1 5524 5521 5526
6230 2 2 1 1 2904 6032 6718
6231 2 2 1 1 3622 6040 6843
6232 2 2 1 1 463 464 6417
6233 2 2 1 1 6672 2920 7428
6234 2 2 1 1 5635 5637 7314
6235 2 2 1 1 6810 6809 6812
6236 2 2 1 1 2848 2850 5668
6237 2 2 1 1 796 6700 6702
6238 2 2 1 1 5839 2801 7711
6239 2 2 1 1 5400 5397 6390
6240 2 2 1 1 5233 5232 7688
6241 2 2 1 1 6504 6505 6508
6242 2 2 1 1 1088 7650 7653
6243 2 2 1 1 6594 7296 7297
6244 2 2 1 1 5551 3834 7219
6245 2 2 1 1 5264 2659 5272
6246 2 2 1 1 5216 3100 5897
6247 2 2 1 1 3812 3814 5705
6248 2 2 1 1 2501 2904 6718
6249 2 2 1 1 3900 4091 7302
6250 2 2 1 1 5272 3037 5273
6251 2 2 1 1 3990 3646 7584
6252 2 2 1 1 6213 3033 6474
6253 2 2 1 1 5387 5388 5396
6254 2 2 1 1 1815 6651 7404
6255 2 2 1 1 3977 5185 5501
6256 2 2 1 1 6654 6655 7246
6257 2 2 1 1 3022 5651 7628
6258 2 2 1 1 5575 5777 7012
6259 2 2 1 1 4014 5475 7519
6260 2 2 1 1 3862 3864 5387
6261 2 2 1 1 5189 6184 6185
6262 2 2 1 1 2824 2825 7633
6263 2 2 1 1 5587 5592 5593
6264 2 2 1 1 2737 3150 5627
6265 2 2 1 1 1822 6697 6698
6266 2 2 1 1 5343 4090 5344
6267 2 2 1 1 3121 2826 7525
6268 2 2 1 1 3083 5316 5319
6269 2 2 1 1 4068 3805 7338
6270 2 2 1 1 2689 2691 6412
6271 2 2 1 1 1131 1132 5694
6272 2 2 1 1 3947 7302 7303
6273 2 2 1 1 4377 3011 7627
6274 2 2 1 1 2543 2943 5592
6275 2 2 1 1 5437 6031 7001
6276 2 2 1 1 4080 3789 5951
6277 2 2 1 1 5388 5394 5396
6278 2 2 1 1 2517 6851 7000
6279 2 2 1 1 6795 1792 6798
6280 2 2 1 1 7548 7292 7649
6281 2 2 1 1 831 832 5739
6282 2 2 1 1 5553 5551 7219
6283 2 2 1 1 3742 4014 7519
6284 2 2 1 1 1777 765 7680
6285 2 2 1 1 6410 6412 6413
6286 2 2 1 1 533 534 5669
6287 2 2 1 1 1540 31 7242
6288 2 2 1 1 3941 3561 7407
6289 2 2 1 1 6772 6771 7099
6290 2 2 1 1 4201 3890 7232
6291 2 2 1 1 4101 6447 7665
6292 2 2 1 1 2707 2709 5204
6293 2 2 1 1 5878 5877 6520
6294 2 2 1 1 7090 1889 7455
6295 2 2 1 1 3918 6318 7478
6296 2 2 1 1 6368 6366 6684
6297 2 2 1 1 2858 2860 5420
6298 2 2 1 1 1192 1193 5927
6299 2 2 1 1 3689 3687 7619
6300 2 2 1 1 6771 1881 7099
6301 2 2 1 1 5648 5647 6455
6302 2 2 1 1 464 1774 6417
6303 2 2 1 1 5669 5670 5678
6304 2 2 1 1 3731 4090 5343
6305 2 2 1 1 1990 6095 6396
6306 2 2 1 1 2939 6175 6207
6307 2 2 1 1 3880 3882 5152
6308 2 2 1 1 6016 6019 7624
6309 2 2 1 1 5363 5365 5375
6310 2 2 1 1 201 6635 6637
6311 2 2 1 1 3559 6847 7407
6312 2 2 1 1 1822 6696 6697
6313 2 2 1 1 5765 3941 7407
6314 2 2 1 1 1823 200 6637
6315 2 2 1 1 1221 1222 5361
6316 2 2 1 1 5417 7595 7693
6317 2 2 1 1 6216 6270 7682
6318 2 2 1 1 4039 3705 6340
6319 2 2 1 1 3921 3465 7236
6320 2 2 1 1 5178 5182 7662
6321 2 2 1 1 5975 5976 7617
6322 2 2 1 1 6655 6874 7246
6323 2 2 1 1 2771 2774 5491
6324 2 2 1 1 6012 6011 7469
6325 2 2 1 1 2517 5433 7266
6326 2 2 1 1 3708 3706 5583
6327 2 2 1 1 7361 7357 7654
6328 2 2 1 1 5542 4011 5776
6329 2 2 1 1 5537 3924 6272
6330 2 2 1 1 1818 6704 6814
6331 2 2 1 1 5647 3777 6455
6332 2 2 1 1 5750 2982 7272
6333 2 2 1 1 3083 5319 7529
6334 2 2 1 1 3845 3843 5664
6335 2 2 1 1 2419 2939 6207
6336 2 2 1 1 3600 3977 5501
6337 2 2 1 1 6593 7288 7295
6338 2 2 1 1 2513 2517 7266
6339 2 2 1 1 5897 2808 7402
6340 2 2 1 1 5588 5605 5606
6341 2 2 1 1 7080 7078 7087
6342 2 2 1 1 3921 6460 6957
6343 2 2 1 1 3952 3670 7700
6344 2 2 1 1 6229 6230 6231
6345 2 2 1 1 4009 5995 5996
6346 2 2 1 1 2937 5178 7662
6347 2 2 1 1 5316 3083 6823
6348 2 2 1 1 1994 1219 7418
6349 2 2 1 1 2608 2610 7299
6350 2 2 1 1 5520 5521 5524
6351 2 2 1 1 3022 5649 5650
6352 2 2 1 1 2435 2433 6402
6353 2 2 1 1 5469 5989 7572
6354 2 2 1 1 6455 6456 6457
6355 2 2 1 1 5709 5706 7656
6356 2 2 1 1 3922 3841 5248
6357 2 2 1 1 5549 5550 6384
6358 2 2 1 1 1839 1120 6570
6359 2 2 1 1 3746 3968 7643
6360 2 2 1 1 4070 5387 5396
6361 2 2 1 1 5920 1620 6962
6362 2 2 1 1 6453 3106 6973
6363 2 2 1 1 5237 3660 5238
6364 2 2 1 1 5999 6858 7113
6365 2 2 1 1 5908 5911 7493
6366 2 2 1 1 6422 7672 7697
6367 2 2 1 1 3031 5907 5908
6368 2 2 1 1 3989 6198 6202
6369 2 2 1 1 2691 3141 6412
6370 2 2 1 1 796 797 6700
6371 2 2 1 1 5325 2946 5326
6372 2 2 1 1 5291 2934 5292
6373 2 2 1 1 2960 2785 5862
6374 2 2 1 1 6327 3776 7556
6375 2 2 1 1 3852 3854 6447
6376 2 2 1 1 5442 2759 7265
6377 2 2 1 1 3533 3944 6283
6378 2 2 1 1 3688 3690 5335
6379 2 2 1 1 6088 6084 6089
6380 2 2 1 1 2785 2783 5862
6381 2 2 1 1 3661 3664 6842
6382 2 2 1 1 3766 3768 7441
6383 2 2 1 1 3707 3951 6340
6384 2 2 1 1 3390 3388 7287
6385 2 2 1 1 4011 5539 7507
6386 2 2 1 1 4135 3772 5660
6387 2 2 1 1 3826 3828 5508
6388 2 2 1 1 4111 4199 7558
6389 2 2 1 1 5847 2795 7707
6390 2 2 1 1 2800 2802 5209
6391 2 2 1 1 6072 6082 6088
6392 2 2 1 1 5465 2638 5991
6393 2 2 1 1 1735 5927 5928
6394 2 2 1 1 3535 3533 6283
6395 2 2 1 1 5935 2017 5936
6396 2 2 1 1 4009 5996 7113
6397 2 2 1 1 2518 5502 7510
6398 2 2 1 1 5918 5921 7476
6399 2 2 1 1 3789 3791 5951
6400 2 2 1 1 3031 5906 5907
6401 2 2 1 1 578 1903 6091
6402 2 2 1 1 1141 1874 7311
6403 2 2 1 1 2012 6716 6717
6404 2 2 1 1 5426 5244 5507
6405 2 2 1 1 3922 5249 5250
6406 2 2 1 1 6806 6803 6809
6407 2 2 1 1 5167 7368 7527
6408 2 2 1 1 543 1875 7307
6409 2 2 1 1 6019 6020 7679
6410 2 2 1 1 5937 5938 5939
6411 2 2 1 1 7061 7059 7062
6412 2 2 1 1 1991 6110 6397
6413 2 2 1 1 6462 3921 7236
6414 2 2 1 1 7012 3714 7430
6415 2 2 1 1 4092 3620 6843
6416 2 2 1 1 3622 3624 6040
6417 2 2 1 1 3762 3764 5452
6418 2 2 1 1 2728 2946 5325
6419 2 2 1 1 3022 5650 5651
6420 2 2 1 1 3729 5343 7540
6421 2 2 1 1 4064 3636 5711
6422 2 2 1 1 2555 2913 7568
6423 2 2 1 1 6605 6597 6607
6424 2 2 1 1 3783 3784 6392
6425 2 2 1 1 1073 1074 6808
6426 2 2 1 1 6605 6602 7440
6427 2 2 1 1 7359 7360 7362
6428 2 2 1 1 5685 3979 5686
6429 2 2 1 1 3700 5877 6519
6430 2 2 1 1 2868 2870 5225
6431 2 2 1 1 2947 2495 7172
6432 2 2 1 1 5644 6203 6204
6433 2 2 1 1 457 1720 6143
6434 2 2 1 1 6779 1876 6782
6435 2 2 1 1 5452 4079 5453
6436 2 2 1 1 5538 5537 6272
6437 2 2 1 1 1876 244 6782
6438 2 2 1 1 6063 4365 7574
6439 2 2 1 1 3507 3593 7386
6440 2 2 1 1 2639 2641 6011
6441 2 2 1 1 4819 5490 6680
6442 2 2 1 1 5477 5346 7458
6443 2 2 1 1 1092 1817 6563
6444 2 2 1 1 6211 3033 6213
6445 2 2 1 1 5584 2545 5592
6446 2 2 1 1 5669 1860 5670
6447 2 2 1 1 6581 6603 6604
6448 2 2 1 1 6884 6888 6894
6449 2 2 1 1 5615 5695 5696
6450 2 2 1 1 31 32 7242
6451 2 2 1 1 6082 6084 6088
6452 2 2 1 1 3443 5514 7504
6453 2 2 1 1 1199 1200 5896
6454 2 2 1 1 2776 3016 7409
6455 2 2 1 1 2846 2848 5362
6456 2 2 1 1 3565 3563 7238
6457 2 2 1 1 3593 5564 7386
6458 2 2 1 1 3713 3979 5685
6459 2 2 1 1 6888 6890 6894
6460 2 2 1 1 1822 798 6696
6461 2 2 1 1 1574 24 6785
6462 2 2 1 1 6078 2947 7172
6463 2 2 1 1 2620 2622 6354
6464 2 2 1 1 3658 3660 5237
6465 2 2 1 1 1794 6729 6730
6466 2 2 1 1 4373 7550 7576
6467 2 2 1 1 3768 5895 7441
6468 2 2 1 1 5532 3904 7417
6469 2 2 1 1 5244 5242 5507
6470 2 2 1 1 5267 5279 5280
6471 2 2 1 1 6580 3908 6603
6472 2 2 1 1 179 180 6728
6473 2 2 1 1 6597 6605 7440
6474 2 2 1 1 3947 7303 7414
6475 2 2 1 1 5962 233 5963
6476 2 2 1 1 5502 4361 7510
6477 2 2 1 1 7102 1888 7103
6478 2 2 1 1 5648 6455 6457
6479 2 2 1 1 5457 5895 7442
6480 2 2 1 1 2919 5815 6383
6481 2 2 1 1 5469 5466 5991
6482 2 2 1 1 2735 2737 5627
6483 2 2 1 1 5355 3850 6968
6484 2 2 1 1 5220 2770 5221
6485 2 2 1 1 5158 4109 5159
6486 2 2 1 1 4095 3812 5705
6487 2 2 1 1 4009 5994 5995
6488 2 2 1 1 5664 5665 7690
6489 2 2 1 1 2899 6302 7447
6490 2 2 1 1 5522 6359 7685
6491 2 2 1 1 5466 5465 5991
6492 2 2 1 1 5585 5587 5605
6493 2 2 1 1 2638 2571 5990
6494 2 2 1 1 5229 3159 5230
6495 2 2 1 1 5328 7385 7659
6496 2 2 1 1 798 799 6696
6497 2 2 1 1 196 1819 6647
6498 2 2 1 1 6324 6327 7556
6499 2 2 1 1 6072 6081 6082
6500 2 2 1 1 5569 3708 5583
6501 2 2 1 1 2421 2419 6207
6502 2 2 1 1 2630 3069 6203
6503 2 2 1 1 6055 6052 7235
6504 2 2 1 1 6789 1073 6808
6505 2 2 1 1 6803 6802 6809
6506 2 2 1 1 5397 2839 6390
6507 2 2 1 1 3027 6355 6356
6508 2 2 1 1 3031 5908 7493
6509 2 2 1 1 1900 266 7047
6510 2 2 1 1 2946 2726 7625
6511 2 2 1 1 7585 5277 7686
6512 2 2 1 1 5255 5238 5256
6513 2 2 1 1 6669 6672 7428
6514 2 2 1 1 3428 3918 7478
6515 2 2 1 1 5277 7674 7686
6516 2 2 1 1 3678 5409 6681
6517 2 2 1 1 256 1888 7102
6518 2 2 1 1 3517 5992 5994
6519 2 2 1 1 3784 3787 6392
6520 2 2 1 1 456 457 6143
6521 2 2 1 1 5798 4056 5799
6522 2 2 1 1 6219 6218 6221
6523 2 2 1 1 6814 6707 7533
6524 2 2 1 1 3061 5811 5812
6525 2 2 1 1 6651 6654 7404
6526 2 2 1 1 1827 6632 6633
6527 2 2 1 1 1792 6795 6808
6528 2 2 1 1 3850 5355 6967
6529 2 2 1 1 6746 1877 6758
6530 2 2 1 1 6979 6055 7235
6531 2 2 1 1 3982 3676 6681
6532 2 2 1 1 2826 2823 7525
6533 2 2 1 1 4034 5285 5497
6534 2 2 1 1 2753 2755 5549
6535 2 2 1 1 6704 6707 6814
6536 2 2 1 1 5386 5384 5539
6537 2 2 1 1 201 202 6635
6538 2 2 1 1 5635 3068 5636
6539 2 2 1 1 6570 1121 6822
6540 2 2 1 1 2768 2770 5220
6541 2 2 1 1 2753 5549 6384
6542 2 2 1 1 2433 2431 7562
6543 2 2 1 1 6591 6593 7296
6544 2 2 1 1 2571 2569 5990
6545 2 2 1 1 2649 2982 5743
6546 2 2 1 1 2794 2796 5787
6547 2 2 1 1 5083 5084 5085
6548 2 2 1 1 6764 7107 7108
6549 2 2 1 1 5877 4363 6519
6550 2 2 1 1 5992 5993 5994
6551 2 2 1 1 3061 2669 5811
6552 2 2 1 1 7358 7364 7366
6553 2 2 1 1 1867 6438 6443
6554 2 2 1 1 5409 4026 5410
6555 2 2 1 1 5904 5900 7553
6556 2 2 1 1 5356 5355 6968
6557 2 2 1 1 5690 3717 7501
6558 2 2 1 1 5996 5999 7113
6559 2 2 1 1 5440 5439 5441
6560 2 2 1 1 3033 6211 6214
6561 2 2 1 1 2921 2859 7344
6562 2 2 1 1 3706 3948 5583
6563 2 2 1 1 5433 2517 7000
6564 2 2 1 1 6098 6094 6106
6565 2 2 1 1 6127 6131 7237
6566 2 2 1 1 5558 5557 7472
6567 2 2 1 1 6175 2939 6177
6568 2 2 1 1 7628 5654 7629
6569 2 2 1 1 6073 6070 6090
6570 2 2 1 1 5537 5534 7513
6571 2 2 1 1 7518 2539 7537
6572 2 2 1 1 3916 7502 7597
6573 2 2 1 1 7101 7102 7103
6574 2 2 1 1 1808 185 6877
6575 2 2 1 1 1877 842 6758
6576 2 2 1 1 3027 2620 6354
6577 2 2 1 1 6867 1808 6877
6578 2 2 1 1 3987 3793 7621
6579 2 2 1 1 6651 6650 6652
6580 2 2 1 1 5990 5989 5991
6581 2 2 1 1 2749 3068 5635
6582 2 2 1 1 3725 4056 5798
6583 2 2 1 1 1794 179 6728
6584 2 2 1 1 6019 3949 7624
6585 2 2 1 1 5743 2982 5750
6586 2 2 1 1 3748 3750 5519
6587 2 2 1 1 5237 5238 5255
6588 2 2 1 1 2646 2644 6123
6589 2 2 1 1 2913 6663 7568
6590 2 2 1 1 6809 1797 6812
6591 2 2 1 1 5447 5449 5451
6592 2 2 1 1 4011 3894 5776
6593 2 2 1 1 6069 2487 6081
6594 2 2 1 1 4135 5663 7442
6595 2 2 1 1 5171 5172 5173
6596 2 2 1 1 3598 5501 7334
6597 2 2 1 1 5614 5610 7075
6598 2 2 1 1 6501 7444 7445
6599 2 2 1 1 3031 2583 5906
6600 2 2 1 1 2503 2501 6718
6601 2 2 1 1 5787 2796 7605
6602 2 2 1 1 1794 6728 6729
6603 2 2 1 1 3022 2829 5649
6604 2 2 1 1 6449 1741 6450
6605 2 2 1 1 5359 5356 6968
6606 2 2 1 1 6380 6666 7432
6607 2 2 1 1 1808 6875 7233
6608 2 2 1 1 6832 6907 6999
6609 2 2 1 1 5534 7417 7513
6610 2 2 1 1 2516 5544 7415
6611 2 2 1 1 2697 2698 7396
6612 2 2 1 1 24 25 6785
6613 2 2 1 1 1095 1820 6977
6614 2 2 1 1 6581 6580 6603
6615 2 2 1 1 3440 3443 7504
6616 2 2 1 1 5737 831 5739
6617 2 2 1 1 3680 4026 5409
6618 2 2 1 1 2676 6679 7661
6619 2 2 1 1 6709 1814 7533
6620 2 2 1 1 6009 6205 7483
6621 2 2 1 1 6399 6401 6840
6622 2 2 1 1 3835 3833 7664
6623 2 2 1 1 1827 6631 6632
6624 2 2 1 1 5705 3814 5706
6625 2 2 1 1 1781 762 6113
6626 2 2 1 1 6593 7287 7288
6627 2 2 1 1 4193 5107 5208
6628 2 2 1 1 2779 2777 7529
6629 2 2 1 1 6645 6644 6646
6630 2 2 1 1 1130 1998 7075
6631 2 2 1 1 5799 4056 5803
6632 2 2 1 1 5215 3100 5216
6633 2 2 1 1 1876 6783 7074
6634 2 2 1 1 199 1823 6641
6635 2 2 1 1 4135 5660 5663
6636 2 2 1 1 4056 3727 7540
6637 2 2 1 1 6407 2689 6412
6638 2 2 1 1 5539 4011 5542
6639 2 2 1 1 1137 1138 6443
6640 2 2 1 1 6356 6128 7474
6641 2 2 1 1 7221 1799 7223
6642 2 2 1 1 2770 2771 5491
6643 2 2 1 1 3630 3631 7566
6644 2 2 1 1 5458 4072 5459
6645 2 2 1 1 7288 7290 7295
6646 2 2 1 1 6050 4101 7665
6647 2 2 1 1 6666 2445 7432
6648 2 2 1 1 4033 3819 6068
6649 2 2 1 1 1790 176 6735
6650 2 2 1 1 3027 6354 6355
6651 2 2 1 1 3737 3740 5470
6652 2 2 1 1 6453 5810 7336
6653 2 2 1 1 812 813 7182
6654 2 2 1 1 7502 5622 7597
6655 2 2 1 1 1091 1092 6563
6656 2 2 1 1 6654 6976 7404
6657 2 2 1 1 5226 5225 5228
6658 2 2 1 1 2575 2573 6092
6659 2 2 1 1 3772 3779 5660
6660 2 2 1 1 6049 4101 6050
6661 2 2 1 1 2738 2736 5646
6662 2 2 1 1 180 181 6726
6663 2 2 1 1 6556 6545 6557
6664 2 2 1 1 3711 5685 7618
6665 2 2 1 1 2583 2581 5906
6666 2 2 1 1 5453 4079 5454
6667 2 2 1 1 607 608 2053
6668 2 2 1 1 6519 4363 7467
6669 2 2 1 1 3547 3545 5500
6670 2 2 1 1 6143 5971 7602
6671 2 2 1 1 4203 3596 7490
6672 2 2 1 1 5534 5532 7417
6673 2 2 1 1 5856 2789 7692
6674 2 2 1 1 1901 864 7021
6675 2 2 1 1 2792 3056 7615
6676 2 2 1 1 6366 6362 7570
6677 2 2 1 1 3073 2589 7592
6678 2 2 1 1 853 7239 7256
6679 2 2 1 1 6274 6273 6275
6680 2 2 1 1 6271 3535 6283
6681 2 2 1 1 5895 5457 7441
6682 2 2 1 1 5592 2943 5593
6683 2 2 1 1 5438 3029 5439
6684 2 2 1 1 5446 3762 5452
6685 2 2 1 1 3567 3565 6080
6686 2 2 1 1 546 1741 6449
6687 2 2 1 1 2759 2761 7265
6688 2 2 1 1 4120 6036 6037
6689 2 2 1 1 2657 2659 5264
6690 2 2 1 1 3434 3595 6308
6691 2 2 1 1 2463 2461 6214
6692 2 2 1 1 842 843 6758
6693 2 2 1 1 3842 4072 5458
6694 2 2 1 1 6884 6887 6888
6695 2 2 1 1 3388 3928 7287
6696 2 2 1 1 6094 6093 6106
6697 2 2 1 1 3843 3922 5664
6698 2 2 1 1 3699 3703 6335
6699 2 2 1 1 1837 812 7182
6700 2 2 1 1 2777 3083 7529
6701 2 2 1 1 1101 1829 6880
6702 2 2 1 1 1213 1214 2029
6703 2 2 1 1 2810 3146 7402
6704 2 2 1 1 3903 3573 7305
6705 2 2 1 1 3593 6189 7345
6706 2 2 1 1 5994 5993 5995
6707 2 2 1 1 1205 1206 2054
6708 2 2 1 1 3682 3684 6164
6709 2 2 1 1 7077 7078 7080
6710 2 2 1 1 3888 3889 7507
6711 2 2 1 1 6504 1538 6505
6712 2 2 1 1 3636 3638 5711
6713 2 2 1 1 7239 7112 7256
6714 2 2 1 1 2622 2624 6293
6715 2 2 1 1 6308 3595 6309
6716 2 2 1 1 6590 3390 7287
6717 2 2 1 1 6203 3069 6204
6718 2 2 1 1 2415 6841 7667
6719 2 2 1 1 1140 1141 7311
6720 2 2 1 1 1195 1929 5948
6721 2 2 1 1 4166 4500 6035
6722 2 2 1 1 3924 5537 7513
6723 2 2 1 1 6524 6523 6528
6724 2 2 1 1 1829 1102 7261
6725 2 2 1 1 2551 2549 7468
6726 2 2 1 1 176 177 6735
6727 2 2 1 1 572 1912 6586
6728 2 2 1 1 1103 6477 7261
6729 2 2 1 1 2461 3033 6214
6730 2 2 1 1 6704 6703 6705
6731 2 2 1 1 7103 7104 7105
6732 2 2 1 1 542 543 7307
6733 2 2 1 1 6417 1774 6418
6734 2 2 1 1 3975 3666 5324
6735 2 2 1 1 5540 5542 5543
6736 2 2 1 1 830 831 5737
6737 2 2 1 1 2834 2836 5252
6738 2 2 1 1 500 1825 6966
6739 2 2 1 1 5490 2527 6680
6740 2 2 1 1 5557 5560 7472
6741 2 2 1 1 6052 3973 7235
6742 2 2 1 1 3774 6063 7574
6743 2 2 1 1 6477 1831 6478
6744 2 2 1 1 2995 6127 7237
6745 2 2 1 1 1867 7310 7652
6746 2 2 1 1 6886 6883 6896
6747 2 2 1 1 5168 5167 7527
6748 2 2 1 1 2421 6207 7378
6749 2 2 1 1 6707 6709 7533
6750 2 2 1 1 5731 5727 5962
6751 2 2 1 1 2423 2421 7378
6752 2 2 1 1 3894 3896 5776
6753 2 2 1 1 7588 5392 7646
6754 2 2 1 1 7077 1895 7078
6755 2 2 1 1 5995 5993 6005
6756 2 2 1 1 5423 5244 5425
6757 2 2 1 1 6639 6638 6640
6758 2 2 1 1 3009 5266 7204
6759 2 2 1 1 2628 2630 6203
6760 2 2 1 1 3563 3941 7238
6761 2 2 1 1 3857 3860 7632
6762 2 2 1 1 6414 463 6417
6763 2 2 1 1 244 245 6782
6764 2 2 1 1 5355 4196 6967
6765 2 2 1 1 3904 5498 5500
6766 2 2 1 1 3973 3483 7523
6767 2 2 1 1 615 1535 6122
6768 2 2 1 1 7588 4027 7606
6769 2 2 1 1 2782 2784 5242
6770 2 2 1 1 5564 3593 7345
6771 2 2 1 1 6492 6493 6494
6772 2 2 1 1 779 1799 7221
6773 2 2 1 1 7103 1888 7104
6774 2 2 1 1 3945 3489 6584
6775 2 2 1 1 799 6694 6696
6776 2 2 1 1 506 1830 6476
6777 2 2 1 1 7655 5709 7656
6778 2 2 1 1 536 7613 7626
6779 2 2 1 1 6219 6221 6222
6780 2 2 1 1 4205 3698 6335
6781 2 2 1 1 1104 1831 6477
6782 2 2 1 1 4373 4053 7550
6783 2 2 1 1 5815 4357 6383
6784 2 2 1 1 2696 2694 6898
6785 2 2 1 1 2622 6293 6354
6786 2 2 1 1 6968 3850 7599
6787 2 2 1 1 7457 2551 7468
6788 2 2 1 1 788 1811 6887
6789 2 2 1 1 2638 5465 6092
6790 2 2 1 1 5459 4072 5461
6791 2 2 1 1 6036 4500 6039
6792 2 2 1 1 6729 6727 6732
6793 2 2 1 1 5608 1744 5609
6794 2 2 1 1 357 7355 7367
6795 2 2 1 1 6272 6273 6274
6796 2 2 1 1 6072 6069 6081
6797 2 2 1 1 7433 5934 7466
6798 2 2 1 1 2788 2790 5432
6799 2 2 1 1 3091 2639 6011
6800 2 2 1 1 1991 760 6108
6801 2 2 1 1 1998 1131 5694
6802 2 2 1 1 1808 6867 6875
6803 2 2 1 1 5632 3150 5633
6804 2 2 1 1 4458 4144 7334
6805 2 2 1 1 3954 3414 6013
6806 2 2 1 1 3918 6343 6344
6807 2 2 1 1 3664 3975 6842
6808 2 2 1 1 820 1853 6986
6809 2 2 1 1 2669 2671 5811
6810 2 2 1 1 5341 4094 6997
6811 2 2 1 1 1062 1775 6405
6812 2 2 1 1 4121 5155 7248
6813 2 2 1 1 7057 7045 7058
6814 2 2 1 1 180 6726 6728
6815 2 2 1 1 5748 5750 5751
6816 2 2 1 1 2644 3018 6123
6817 2 2 1 1 3443 6307 7586
6818 2 2 1 1 5359 6968 7676
6819 2 2 1 1 1819 6645 6647
6820 2 2 1 1 6080 3565 7238
6821 2 2 1 1 5895 4135 7442
6822 2 2 1 1 3675 3978 6014
6823 2 2 1 1 1990 162 6093
6824 2 2 1 1 4120 6035 6036
6825 2 2 1 1 1995 533 5669
6826 2 2 1 1 3426 3424 6343
6827 2 2 1 1 5343 5344 5345
6828 2 2 1 1 6501 6499 7444
6829 2 2 1 1 5740 1871 5741
6830 2 2 1 1 6402 2433 7562
6831 2 2 1 1 5543 5542 7414
6832 2 2 1 1 2493 2491 7416
6833 2 2 1 1 6879 1100 6880
6834 2 2 1 1 5243 5244 5423
6835 2 2 1 1 257 258 7413
6836 2 2 1 1 1136 1137 6433
6837 2 2 1 1 5587 5604 5605
6838 2 2 1 1 3545 3904 5500
6839 2 2 1 1 1080 1803 6813
6840 2 2 1 1 2832 2928 5965
6841 2 2 1 1 3832 3834 5551
6842 2 2 1 1 6064 6063 7616
6843 2 2 1 1 2910 2429 6295
6844 2 2 1 1 1876 6779 6783
6845 2 2 1 1 584 1924 5882
6846 2 2 1 1 1587 356 7367
6847 2 2 1 1 4616 6341 7383
6848 2 2 1 1 6146 2463 6214
6849 2 2 1 1 5506 6215 6216
6850 2 2 1 1 2701 3028 7396
6851 2 2 1 1 5449 5452 5453
6852 2 2 1 1 6615 1856 7500
6853 2 2 1 1 3923 3567 6080
6854 2 2 1 1 5390 5389 5391
6855 2 2 1 1 6543 6545 6556
6856 2 2 1 1 4371 7630 7647
6857 2 2 1 1 6014 3978 6015
6858 2 2 1 1 4079 3766 7441
6859 2 2 1 1 6341 3451 7383
6860 2 2 1 1 799 800 6694
6861 2 2 1 1 6984 7183 7315
6862 2 2 1 1 5498 3904 5532
6863 2 2 1 1 2806 2808 5897
6864 2 2 1 1 5346 4090 7458
6865 2 2 1 1 7359 7357 7360
6866 2 2 1 1 6111 1781 6112
6867 2 2 1 1 6376 6373 6381
6868 2 2 1 1 6006 3091 6007
6869 2 2 1 1 5164 5162 5964
6870 2 2 1 1 2910 6295 6296
6871 2 2 1 1 1074 1792 6808
6872 2 2 1 1 6035 4500 6036
6873 2 2 1 1 1100 1101 6880
6874 2 2 1 1 52 53 6962
6875 2 2 1 1 6412 3141 6413
6876 2 2 1 1 7291 7292 7293
6877 2 2 1 1 4157 4400 6042
6878 2 2 1 1 2699 2696 6898
6879 2 2 1 1 2495 2493 7172
6880 2 2 1 1 3760 3762 5446
6881 2 2 1 1 3660 3661 6842
6882 2 2 1 1 2638 5990 5991
6883 2 2 1 1 5538 6272 6274
6884 2 2 1 1 530 1745 5640
6885 2 2 1 1 6123 6124 7486
6886 2 2 1 1 2989 4162 4193
6887 2 2 1 1 5183 5949 7620
6888 2 2 1 1 6307 6308 6317
6889 2 2 1 1 5732 1872 5733
6890 2 2 1 1 1720 5968 6143
6891 2 2 1 1 2748 2898 5556
6892 2 2 1 1 6479 6482 7261
6893 2 2 1 1 4196 3785 6967
6894 2 2 1 1 7080 7087 7088
6895 2 2 1 1 7291 7289 7292
6896 2 2 1 1 6848 1786 6849
6897 2 2 1 1 1792 1075 7614
6898 2 2 1 1 6983 6986 6987
6899 2 2 1 1 5725 1873 5726
6900 2 2 1 1 5391 5389 5392
6901 2 2 1 1 177 6733 6735
6902 2 2 1 1 2610 7237 7299
6903 2 2 1 1 3918 3426 6343
6904 2 2 1 1 5327 2946 7625
6905 2 2 1 1 787 788 6887
6906 2 2 1 1 5556 2898 5557
6907 2 2 1 1 2573 2638 6092
6908 2 2 1 1 5762 5758 7238
6909 2 2 1 1 5918 1620 5919
6910 2 2 1 1 185 186 6877
6911 2 2 1 1 5495 5492 7409
6912 2 2 1 1 2516 6666 7487
6913 2 2 1 1 1099 1100 6879
6914 2 2 1 1 3624 4120 6040
6915 2 2 1 1 7107 6764 7282
6916 2 2 1 1 6454 3469 6957
6917 2 2 1 1 5113 5111 5114
6918 2 2 1 1 5748 5744 5750
6919 2 2 1 1 3689 7619 7623
6920 2 2 1 1 2515 2513 7266
6921 2 2 1 1 2600 2962 6627
6922 2 2 1 1 6190 3914 6191
6923 2 2 1 1 797 1822 6700
6924 2 2 1 1 6684 6366 7570
6925 2 2 1 1 671 672 7313
6926 2 2 1 1 1785 1069 7280
6927 2 2 1 1 5325 5328 7659
6928 2 2 1 1 181 1798 6726
6929 2 2 1 1 172 1786 6848
6930 2 2 1 1 2519 6372 6373
6931 2 2 1 1 3414 3412 6013
6932 2 2 1 1 852 853 7256
6933 2 2 1 1 6022 2894 6023
6934 2 2 1 1 5624 5619 5625
6935 2 2 1 1 1856 824 7500
6936 2 2 1 1 7099 1881 7395
6937 2 2 1 1 1716 5975 7617
6938 2 2 1 1 6464 6462 7236
6939 2 2 1 1 1810 6976 7246
6940 2 2 1 1 2636 3091 6006
6941 2 2 1 1 5487 4033 7603
6942 2 2 1 1 3777 5647 6980
6943 2 2 1 1 6880 1829 6881
6944 2 2 1 1 4299 4201 5117
6945 2 2 1 1 3501 3914 6190
6946 2 2 1 1 6722 6720 7233
6947 2 2 1 1 1889 855 7455
6948 2 2 1 1 7074 6498 7393
6949 2 2 1 1 6368 2935 7589
6950 2 2 1 1 499 500 6966
6951 2 2 1 1 1991 6108 6109
6952 2 2 1 1 2976 2608 7299
6953 2 2 1 1 1881 6771 6829
6954 2 2 1 1 1990 6093 6094
6955 2 2 1 1 576 577 7593
6956 2 2 1 1 7650 6548 7653
6957 2 2 1 1 6667 6669 7428
6958 2 2 1 1 6373 6372 6381
6959 2 2 1 1 203 204 6631
6960 2 2 1 1 6806 6809 6810
6961 2 2 1 1 6698 6697 6699
6962 2 2 1 1 5336 5338 5342
6963 2 2 1 1 6006 6009 7483
6964 2 2 1 1 4083 3632 6510
6965 2 2 1 1 532 1995 6970
6966 2 2 1 1 3628 4166 6035
6967 2 2 1 1 2505 2503 7524
6968 2 2 1 1 649 1621 5923
6969 2 2 1 1 73 74 7304
6970 2 2 1 1 1830 507 6902
6971 2 2 1 1 6070 6072 6090
6972 2 2 1 1 819 820 6986
6973 2 2 1 1 2784 2786 5507
6974 2 2 1 1 1114 1115 7008
6975 2 2 1 1 2449 2516 7415
6976 2 2 1 1 227 6820 6956
6977 2 2 1 1 1823 6639 6641
6978 2 2 1 1 1827 203 6631
6979 2 2 1 1 231 1873 5725
6980 2 2 1 1 6043 3934 6044
6981 2 2 1 1 1128 1744 5608
6982 2 2 1 1 3854 4165 6447
6983 2 2 1 1 2672 2670 7428
6984 2 2 1 1 2646 6123 7486
6985 2 2 1 1 4140 3781 7542
6986 2 2 1 1 5941 5943 5945
6987 2 2 1 1 829 1872 5732
6988 2 2 1 1 1810 6873 6876
6989 2 2 1 1 5727 1873 5962
6990 2 2 1 1 7645 2883 7668
6991 2 2 1 1 5877 3700 6520
6992 2 2 1 1 1222 1223 2030
6993 2 2 1 1 3480 3477 6626
6994 2 2 1 1 3517 3515 5992
6995 2 2 1 1 3083 2775 6823
6996 2 2 1 1 3404 3908 7461
6997 2 2 1 1 6853 6852 6855
6998 2 2 1 1 2647 2649 5743
6999 2 2 1 1 5617 5619 5624
7000 2 2 1 1 5362 2848 5668
7001 2 2 1 1 6812 1079 6813
7002 2 2 1 1 6198 6192 6202
7003 2 2 1 1 6163 3073 7592
7004 2 2 1 1 6885 7071 7245
7005 2 2 1 1 5172 4095 5174
7006 2 2 1 1 6117 1777 7680
7007 2 2 1 1 6222 6223 6224
7008 2 2 1 1 3537 3535 6271
7009 2 2 1 1 3174 4391 5207
7010 2 2 1 1 234 235 1870
7011 2 2 1 1 2519 2441 6372
7012 2 2 1 1 6758 843 7284
7013 2 2 1 1 813 7180 7182
7014 2 2 1 1 6713 6712 6714
7015 2 2 1 1 6108 1781 6111
7016 2 2 1 1 832 833 1871
7017 2 2 1 1 5251 5164 5964
7018 2 2 1 1 4065 5337 7648
7019 2 2 1 1 3420 3418 6062
7020 2 2 1 1 161 1990 6396
7021 2 2 1 1 5552 5555 7702
7022 2 2 1 1 51 1620 5918
7023 2 2 1 1 6887 1811 6888
7024 2 2 1 1 5649 4254 5650
7025 2 2 1 1 7077 7080 7455
7026 2 2 1 1 5883 3051 5884
7027 2 2 1 1 6460 6456 6957
7028 2 2 1 1 1735 5928 5929
7029 2 2 1 1 2910 6296 6297
7030 2 2 1 1 4433 4249 4542
7031 2 2 1 1 2507 2894 6022
7032 2 2 1 1 5132 5130 5133
7033 2 2 1 1 7595 2909 7693
7034 2 2 1 1 1620 52 6962
7035 2 2 1 1 6128 6125 7474
7036 2 2 1 1 3861 3859 7604
7037 2 2 1 1 6986 1853 6987
7038 2 2 1 1 6798 1792 7614
7039 2 2 1 1 6067 6292 7575
7040 2 2 1 1 6564 6566 7013
7041 2 2 1 1 2841 2839 5397
7042 2 2 1 1 5461 4072 5463
7043 2 2 1 1 6216 6215 6270
7044 2 2 1 1 5409 5410 5412
7045 2 2 1 1 177 178 6733
7046 2 2 1 1 5930 5928 5931
7047 2 2 1 1 6602 3409 7440
7048 2 2 1 1 5501 4458 7334
7049 2 2 1 1 6166 2922 6167
7050 2 2 1 1 6217 6216 6218
7051 2 2 1 1 759 1991 6397
7052 2 2 1 1 239 6493 7073
7053 2 2 1 1 5635 5636 5637
7054 2 2 1 1 2581 3114 5906
7055 2 2 1 1 6787 2913 7457
7056 2 2 1 1 6477 6478 6479
7057 2 2 1 1 2497 2947 6386
7058 2 2 1 1 4367 3124 6898
7059 2 2 1 1 6859 189 6876
7060 2 2 1 1 1211 1955 5775
7061 2 2 1 1 6115 1777 6116
7062 2 2 1 1 6951 168 6952
7063 2 2 1 1 1686 109 7400
7064 2 2 1 1 5217 5216 5218
7065 2 2 1 1 6907 1729 6999
7066 2 2 1 1 1078 1079 6812
7067 2 2 1 1 5752 3923 5753
7068 2 2 1 1 7237 6131 7299
7069 2 2 1 1 6062 3418 6208
7070 2 2 1 1 5670 1860 5671
7071 2 2 1 1 5732 5733 5735
7072 2 2 1 1 202 1827 6635
7073 2 2 1 1 1826 6690 6691
7074 2 2 1 1 3035 4222 6683
7075 2 2 1 1 6820 6821 6956
7076 2 2 1 1 2913 2553 7457
7077 2 2 1 1 7172 2493 7416
7078 2 2 1 1 3602 3604 6184
7079 2 2 1 1 3652 3654 5283
7080 2 2 1 1 3666 3668 5324
7081 2 2 1 1 2624 3052 6293
7082 2 2 1 1 1859 827 6608
7083 2 2 1 1 843 844 7284
7084 2 2 1 1 1870 235 5793
7085 2 2 1 1 2547 2545 5584
7086 2 2 1 1 3409 3398 7552
7087 2 2 1 1 3422 3934 6043
7088 2 2 1 1 1856 6994 7431
7089 2 2 1 1 7239 1889 7240
7090 2 2 1 1 6730 6729 6731
7091 2 2 1 1 5616 3755 7411
7092 2 2 1 1 6873 1810 7246
7093 2 2 1 1 459 460 1997
7094 2 2 1 1 1079 1080 6813
7095 2 2 1 1 189 190 6876
7096 2 2 1 1 5162 3940 5163
7097 2 2 1 1 237 1865 6487
7098 2 2 1 1 1884 6853 6854
7099 2 2 1 1 1057 1058 1996
7100 2 2 1 1 2580 2577 6406
7101 2 2 1 1 5731 5962 5963
7102 2 2 1 1 5608 5609 5611
7103 2 2 1 1 3547 5500 6321
7104 2 2 1 1 1859 6608 6609
7105 2 2 1 1 5425 5244 5426
7106 2 2 1 1 5996 5995 5997
7107 2 2 1 1 3497 3989 6202
7108 2 2 1 1 3908 6580 7461
7109 2 2 1 1 1826 801 6690
7110 2 2 1 1 5610 1744 7075
7111 2 2 1 1 3947 3898 7302
7112 2 2 1 1 2481 7269 7481
7113 2 2 1 1 1826 6691 6692
7114 2 2 1 1 1142 1143 6452
7115 2 2 1 1 3056 5789 7615
7116 2 2 1 1 230 231 5725
7117 2 2 1 1 6479 6480 6481
7118 2 2 1 1 532 533 1995
7119 2 2 1 1 7408 5904 7553
7120 2 2 1 1 760 761 6108
7121 2 2 1 1 1858 229 6816
7122 2 2 1 1 3509 3507 7386
7123 2 2 1 1 1130 1131 1998
7124 2 2 1 1 3864 3983 5387
7125 2 2 1 1 245 246 7488
7126 2 2 1 1 5522 5520 5523
7127 2 2 1 1 6356 6355 6357
7128 2 2 1 1 4128 4339 7485
7129 2 2 1 1 6542 1091 6563
7130 2 2 1 1 1118 6564 7013
7131 2 2 1 1 3573 3571 7305
7132 2 2 1 1 5795 6487 6488
7133 2 2 1 1 4319 4191 4550
7134 2 2 1 1 828 829 5732
7135 2 2 1 1 5955 5954 5956
7136 2 2 1 1 3740 3742 7519
7137 2 2 1 1 3558 3939 6358
7138 2 2 1 1 778 779 7221
7139 2 2 1 1 5641 2628 6203
7140 2 2 1 1 2670 6667 7428
7141 2 2 1 1 5511 5512 5513
7142 2 2 1 1 2853 2851 5176
7143 2 2 1 1 3745 3743 7473
7144 2 2 1 1 255 256 7102
7145 2 2 1 1 6493 6492 7073
7146 2 2 1 1 1779 468 6825
7147 2 2 1 1 190 1810 6876
7148 2 2 1 1 5826 5827 5828
7149 2 2 1 1 5941 5942 5943
7150 2 2 1 1 6711 6712 6713
7151 2 2 1 1 5829 5827 5848
7152 2 2 1 1 5800 5799 5801
7153 2 2 1 1 7269 6086 7481
7154 2 2 1 1 5908 5907 5909
7155 2 2 1 1 6375 6378 6379
7156 2 2 1 1 157 158 7258
7157 2 2 1 1 7082 7079 7083
7158 2 2 1 1 614 615 6122
7159 2 2 1 1 5273 3037 5274
7160 2 2 1 1 6369 6368 7589
7161 2 2 1 1 6192 3914 6202
7162 2 2 1 1 167 168 6951
7163 2 2 1 1 5741 1871 6394
7164 2 2 1 1 4542 4249 5115
7165 2 2 1 1 6870 6862 6871
7166 2 2 1 1 4357 3121 7525
7167 2 2 1 1 2845 2843 7532
7168 2 2 1 1 5364 5363 5366
7169 2 2 1 1 505 6476 7421
7170 2 2 1 1 2569 5980 5990
7171 2 2 1 1 544 545 6448
7172 2 2 1 1 6917 6916 6918
7173 2 2 1 1 162 163 6093
7174 2 2 1 1 4165 4195 4467
7175 2 2 1 1 3882 3884 5157
7176 2 2 1 1 3416 3954 6208
7177 2 2 1 1 5609 5610 5612
7178 2 2 1 1 2425 2922 6166
7179 2 2 1 1 4365 4083 6510
7180 2 2 1 1 6518 6514 7412
7181 2 2 1 1 6883 6884 6896
7182 2 2 1 1 1779 6825 6826
7183 2 2 1 1 4026 3682 6164
7184 2 2 1 1 4034 5284 5285
7185 2 2 1 1 3436 3434 6308
7186 2 2 1 1 5804 3085 5805
7187 2 2 1 1 3115 2580 6406
7188 2 2 1 1 4379 7645 7668
7189 2 2 1 1 2755 3090 5549
7190 2 2 1 1 1858 6816 6817
7191 2 2 1 1 2487 2485 6081
7192 2 2 1 1 605 2008 7281
7193 2 2 1 1 2529 2527 5490
7194 2 2 1 1 3864 3866 3983
7195 2 2 1 1 3720 3718 6900
7196 2 2 1 1 6633 6632 6634
7197 2 2 1 1 806 2012 6717
7198 2 2 1 1 2870 2872 3159
7199 2 2 1 1 4158 4819 6680
7200 2 2 1 1 5741 6394 6395
7201 2 2 1 1 242 7074 7393
7202 2 2 1 1 7531 2845 7532
7203 2 2 1 1 169 1782 6952
7204 2 2 1 1 1090 1091 6542
7205 2 2 1 1 3722 3720 6503
7206 2 2 1 1 6415 6414 6416
7207 2 2 1 1 2726 2724 7625
7208 2 2 1 1 2829 2827 5649
7209 2 2 1 1 2607 5898 6964
7210 2 2 1 1 6759 1880 6760
7211 2 2 1 1 3884 4109 5157
7212 2 2 1 1 2757 2759 5442
7213 2 2 1 1 5256 5258 5259
7214 2 2 1 1 6860 6862 6870
7215 2 2 1 1 6738 6759 6760
7216 2 2 1 1 5450 5447 5451
7217 2 2 1 1 5708 5706 5709
7218 2 2 1 1 848 1880 6759
7219 2 2 1 1 3765 3916 6322
7220 2 2 1 1 6051 3973 6052
7221 2 2 1 1 6446 3903 7305
7222 2 2 1 1 6167 6170 7275
7223 2 2 1 1 6838 212 6839
7224 2 2 1 1 5257 5238 6842
7225 2 2 1 1 4151 2824 4215
7226 2 2 1 1 813 814 7180
7227 2 2 1 1 2687 2689 6407
7228 2 2 1 1 3000 4158 6680
7229 2 2 1 1 7071 7069 7245
7230 2 2 1 1 3557 3962 6847
7231 2 2 1 1 170 171 7375
7232 2 2 1 1 236 237 6487
7233 2 2 1 1 5725 5726 5728
7234 2 2 1 1 5386 5539 5540
7235 2 2 1 1 3477 3475 6626
7236 2 2 1 1 7093 7095 7098
7237 2 2 1 1 1061 1062 6405
7238 2 2 1 1 3120 4254 5649
7239 2 2 1 1 5159 4109 5383
7240 2 2 1 1 5938 5936 5940
7241 2 2 1 1 1718 157 7258
7242 2 2 1 1 2862 2864 3029
7243 2 2 1 1 5325 5326 5328
7244 2 2 1 1 5506 5503 6215
7245 2 2 1 1 6686 6685 6711
7246 2 2 1 1 5740 5741 5742
7247 2 2 1 1 2609 2607 6964
7248 2 2 1 1 6473 6464 7236
7249 2 2 1 1 250 1881 6829
7250 2 2 1 1 6322 3916 6323
7251 2 2 1 1 4030 6475 7170
7252 2 2 1 1 2775 2773 6823
7253 2 2 1 1 3569 3923 5752
7254 2 2 1 1 5133 5130 5135
7255 2 2 1 1 7080 7090 7455
7256 2 2 1 1 6689 6686 6711
7257 2 2 1 1 6651 6652 6653
7258 2 2 1 1 6475 4207 7170
7259 2 2 1 1 1993 26 6509
7260 2 2 1 1 3107 4251 6474
7261 2 2 1 1 5685 5686 5688
7262 2 2 1 1 5816 5815 5818
7263 2 2 1 1 4363 4063 7467
7264 2 2 1 1 6716 6712 6717
7265 2 2 1 1 6310 3595 7308
7266 2 2 1 1 6456 6454 6957
7267 2 2 1 1 6965 499 6966
7268 2 2 1 1 2008 606 5792
7269 2 2 1 1 2453 2451 6910
7270 2 2 1 1 1998 5694 5695
7271 2 2 1 1 4147 4445 7340
7272 2 2 1 1 6773 6770 6775
7273 2 2 1 1 1220 1221 1954
7274 2 2 1 1 1194 1195 5948
7275 2 2 1 1 3809 3812 4095
7276 2 2 1 1 5968 5971 6143
7277 2 2 1 1 492 493 6511
7278 2 2 1 1 6037 6036 6038
7279 2 2 1 1 2673 3085 5804
7280 2 2 1 1 5523 5520 5524
7281 2 2 1 1 529 530 5640
7282 2 2 1 1 6791 6789 6808
7283 2 2 1 1 7006 7005 7007
7284 2 2 1 1 7108 7109 7110
7285 2 2 1 1 3392 3390 6590
7286 2 2 1 1 3940 3835 7664
7287 2 2 1 1 5421 5420 5422
7288 2 2 1 1 6458 6456 6460
7289 2 2 1 1 7110 7109 7111
7290 2 2 1 1 7183 7175 7315
7291 2 2 1 1 6505 1538 6506
7292 2 2 1 1 3090 5443 5444
7293 2 2 1 1 3928 3386 7557
7294 2 2 1 1 4121 3880 5152
7295 2 2 1 1 211 212 6838
7296 2 2 1 1 5292 2934 5293
7297 2 2 1 1 6721 6722 6725
7298 2 2 1 1 7578 5227 7666
7299 2 2 1 1 1995 5669 5678
7300 2 2 1 1 5929 5928 5930
7301 2 2 1 1 6309 3595 6310
7302 2 2 1 1 5505 5503 5506
7303 2 2 1 1 1641 669 6908
7304 2 2 1 1 5352 5353 5354
7305 2 2 1 1 3144 3096 5289
7306 2 2 1 1 2429 2427 6295
7307 2 2 1 1 5648 6457 6459
7308 2 2 1 1 6238 6239 6240
7309 2 2 1 1 1992 624 6504
7310 2 2 1 1 5292 5293 5294
7311 2 2 1 1 3027 6356 7474
7312 2 2 1 1 648 649 5923
7313 2 2 1 1 3485 3973 6051
7314 2 2 1 1 6503 3720 6900
7315 2 2 1 1 5700 5697 7268
7316 2 2 1 1 642 6399 6840
7317 2 2 1 1 3854 3856 4165
7318 2 2 1 1 6072 6088 6090
7319 2 2 1 1 3779 4140 5660
7320 2 2 1 1 5161 5162 5164
7321 2 2 1 1 2817 2815 7563
7322 2 2 1 1 5609 1744 5610
7323 2 2 1 1 5256 5238 5257
7324 2 2 1 1 6976 192 7404
7325 2 2 1 1 2465 2463 6146
7326 2 2 1 1 5821 5820 5823
7327 2 2 1 1 5575 5576 5777
7328 2 2 1 1 2457 3107 6474
7329 2 2 1 1 3781 3783 7542
7330 2 2 1 1 2989 4193 5208
7331 2 2 1 1 2752 2750 7559
7332 2 2 1 1 6520 3700 7637
7333 2 2 1 1 5597 7518 7537
7334 2 2 1 1 91 92 7349
7335 2 2 1 1 1849 7009 7010
7336 2 2 1 1 6093 1780 6106
7337 2 2 1 1 14 1957 6393
7338 2 2 1 1 6882 787 6887
7339 2 2 1 1 5733 5734 5736
7340 2 2 1 1 5898 5901 6964
7341 2 2 1 1 6403 1061 6405
7342 2 2 1 1 5963 1870 7612
7343 2 2 1 1 6782 245 7488
7344 2 2 1 1 6825 6824 6827
7345 2 2 1 1 6487 1865 6488
7346 2 2 1 1 3034 2702 7581
7347 2 2 1 1 6317 6309 6583
7348 2 2 1 1 5354 5683 5684
7349 2 2 1 1 2437 2899 6371
7350 2 2 1 1 6895 6892 7479
7351 2 2 1 1 235 236 5793
7352 2 2 1 1 1859 6610 7379
7353 2 2 1 1 4034 5283 5284
7354 2 2 1 1 6514 3119 7412
7355 2 2 1 1 163 1780 6093
7356 2 2 1 1 2836 2837 2838
7357 2 2 1 1 5593 2943 5594
7358 2 2 1 1 3556 3558 6358
7359 2 2 1 1 3761 3759 7549
7360 2 2 1 1 5888 5892 7583
7361 2 2 1 1 1640 71 6909
7362 2 2 1 1 5389 3983 7646
7363 2 2 1 1 5341 6997 6998
7364 2 2 1 1 4114 3876 7248
7365 2 2 1 1 5448 5447 5450
7366 2 2 1 1 5366 5363 5375
7367 2 2 1 1 5805 5806 5808
7368 2 2 1 1 6011 2641 7469
7369 2 2 1 1 5726 5727 5729
7370 2 2 1 1 5158 5159 5160
7371 2 2 1 1 2395 2392 6385
7372 2 2 1 1 2517 2511 6851
7373 2 2 1 1 6598 3152 6599
7374 2 2 1 1 6704 6705 6706
7375 2 2 1 1 1955 1212 5282
7376 2 2 1 1 4264 7475 7536
7377 2 2 1 1 6861 6865 7429
7378 2 2 1 1 5386 5540 5541
7379 2 2 1 1 3712 3929 7430
7380 2 2 1 1 3884 3886 4109
7381 2 2 1 1 761 1781 6108
7382 2 2 1 1 4581 4192 4582
7383 2 2 1 1 1990 6094 6095
7384 2 2 1 1 3922 5250 5664
7385 2 2 1 1 5804 5805 5807
7386 2 2 1 1 6201 6191 6954
7387 2 2 1 1 7235 3973 7523
7388 2 2 1 1 4291 5863 5864
7389 2 2 1 1 5275 5276 5278
7390 2 2 1 1 5793 236 6487
7391 2 2 1 1 5686 3979 5687
7392 2 2 1 1 5238 3660 6842
7393 2 2 1 1 5229 5230 5231
7394 2 2 1 1 5664 5250 5665
7395 2 2 1 1 6189 3503 6190
7396 2 2 1 1 4192 3993 7567
7397 2 2 1 1 6395 6394 7247
7398 2 2 1 1 308 309 1733
7399 2 2 1 1 5755 5761 5772
7400 2 2 1 1 6720 183 7233
7401 2 2 1 1 2870 3159 5225
7402 2 2 1 1 1881 251 7395
7403 2 2 1 1 3552 3549 6321
7404 2 2 1 1 4071 3658 5237
7405 2 2 1 1 5344 4090 5346
7406 2 2 1 1 850 7107 7282
7407 2 2 1 1 254 255 7100
7408 2 2 1 1 5157 4109 5158
7409 2 2 1 1 7495 4377 7627
7410 2 2 1 1 5337 5336 5339
7411 2 2 1 1 6665 5985 7381
7412 2 2 1 1 1814 792 7533
7413 2 2 1 1 6601 3409 6602
7414 2 2 1 1 1871 833 6394
7415 2 2 1 1 6884 6894 6896
7416 2 2 1 1 5296 7691 7706
7417 2 2 1 1 1822 6698 6700
7418 2 2 1 1 5612 5610 5613
7419 2 2 1 1 2531 2979 6682
7420 2 2 1 1 4301 4053 4373
7421 2 2 1 1 6432 6431 7546
7422 2 2 1 1 6434 6435 6436
7423 2 2 1 1 2937 5177 5178
7424 2 2 1 1 2998 2858 5420
7425 2 2 1 1 50 51 5918
7426 2 2 1 1 6544 6543 6546
7427 2 2 1 1 3632 3629 6510
7428 2 2 1 1 4550 4191 4551
7429 2 2 1 1 2626 2628 5641
7430 2 2 1 1 5481 5484 7464
7431 2 2 1 1 498 499 6965
7432 2 2 1 1 1859 6609 6610
7433 2 2 1 1 4193 4422 4423
7434 2 2 1 1 3991 3832 5551
7435 2 2 1 1 6386 2947 6389
7436 2 2 1 1 6308 6309 6317
7437 2 2 1 1 3179 4454 4456
7438 2 2 1 1 2761 3109 7265
7439 2 2 1 1 5608 5611 7174
7440 2 2 1 1 7093 1886 7095
7441 2 2 1 1 5131 5130 5132
7442 2 2 1 1 6023 2894 6024
7443 2 2 1 1 6309 6310 6311
7444 2 2 1 1 6608 5735 6609
7445 2 2 1 1 6297 6296 6298
7446 2 2 1 1 6374 6373 6375
7447 2 2 1 1 72 73 2005
7448 2 2 1 1 670 671 2006
7449 2 2 1 1 5670 5671 5672
7450 2 2 1 1 6854 6853 6855
7451 2 2 1 1 3968 5522 7643
7452 2 2 1 1 3759 3935 7549
7453 2 2 1 1 5801 5799 5802
7454 2 2 1 1 2572 3152 6598
7455 2 2 1 1 5273 5274 5275
7456 2 2 1 1 5367 5366 5372
7457 2 2 1 1 5686 5687 5689
7458 2 2 1 1 2561 2902 6665
7459 2 2 1 1 6982 6983 6995
7460 2 2 1 1 2742 2740 7517
7461 2 2 1 1 3684 3686 7648
7462 2 2 1 1 651 652 2004
7463 2 2 1 1 3519 3517 5994
7464 2 2 1 1 6981 819 6986
7465 2 2 1 1 6191 3914 6192
7466 2 2 1 1 6970 5679 7569
7467 2 2 1 1 6512 3119 6513
7468 2 2 1 1 6189 6190 6201
7469 2 2 1 1 823 1856 7431
7470 2 2 1 1 360 361 7392
7471 2 2 1 1 53 54 2003
7472 2 2 1 1 5223 5222 5224
7473 2 2 1 1 3955 3640 7482
7474 2 2 1 1 3109 5222 5223
7475 2 2 1 1 3900 3899 3936
7476 2 2 1 1 4461 4462 4546
7477 2 2 1 1 5520 5519 5521
7478 2 2 1 1 612 1956 6617
7479 2 2 1 1 6657 6659 6662
7480 2 2 1 1 3531 3529 6587
7481 2 2 1 1 5141 5142 5143
7482 2 2 1 1 5953 3987 7621
7483 2 2 1 1 3736 5471 7458
7484 2 2 1 1 7085 7083 7086
7485 2 2 1 1 3400 3409 6601
7486 2 2 1 1 6307 3436 6308
7487 2 2 1 1 5756 5753 5772
7488 2 2 1 1 6692 6691 6693
7489 2 2 1 1 5266 5270 7204
7490 2 2 1 1 5392 7588 7606
7491 2 2 1 1 2663 2665 7674
7492 2 2 1 1 5409 5412 6681
7493 2 2 1 1 7638 466 7672
7494 2 2 1 1 231 232 1873
7495 2 2 1 1 829 830 1872
7496 2 2 1 1 504 505 7421
7497 2 2 1 1 6372 6371 6381
7498 2 2 1 1 7250 1906 7251
7499 2 2 1 1 25 26 1993
7500 2 2 1 1 3692 3694 4094
7501 2 2 1 1 5679 5678 5680
7502 2 2 1 1 2849 2958 5315
7503 2 2 1 1 790 7387 7423
7504 2 2 1 1 2816 2817 2818
7505 2 2 1 1 5285 5287 5288
7506 2 2 1 1 6658 2902 7520
7507 2 2 1 1 3009 2657 5264
7508 2 2 1 1 2864 2866 7578
7509 2 2 1 1 6483 6481 6484
7510 2 2 1 1 1743 6736 6740
7511 2 2 1 1 623 624 1992
7512 2 2 1 1 3908 6601 6603
7513 2 2 1 1 5756 5772 5773
7514 2 2 1 1 6311 6312 6315
7515 2 2 1 1 6277 6273 6283
7516 2 2 1 1 3077 2800 5209
7517 2 2 1 1 1858 6817 6818
7518 2 2 1 1 5172 5174 5175
7519 2 2 1 1 2563 2561 6665
7520 2 2 1 1 5952 5953 5954
7521 2 2 1 1 5753 3923 5754
7522 2 2 1 1 4249 4219 4418
7523 2 2 1 1 6477 6479 7261
7524 2 2 1 1 4161 4382 7270
7525 2 2 1 1 6689 6711 6713
7526 2 2 1 1 6205 3069 7483
7527 2 2 1 1 7493 5911 7592
7528 2 2 1 1 6190 6191 6201
7529 2 2 1 1 4100 3552 6321
7530 2 2 1 1 5952 5954 5955
7531 2 2 1 1 1127 1128 5608
7532 2 2 1 1 6541 3645 7660
7533 2 2 1 1 6546 6543 6556
7534 2 2 1 1 4889 6878 7076
7535 2 2 1 1 1850 1123 7041
7536 2 2 1 1 7096 7093 7098
7537 2 2 1 1 3718 3910 6900
7538 2 2 1 1 3787 4080 6392
7539 2 2 1 1 5210 5209 5212
7540 2 2 1 1 5427 5429 5431
7541 2 2 1 1 3846 3847 3848
7542 2 2 1 1 7092 1886 7093
7543 2 2 1 1 7309 5718 7482
7544 2 2 1 1 7351 7349 7382
7545 2 2 1 1 7094 7093 7096
7546 2 2 1 1 828 5732 6608
7547 2 2 1 1 4097 3480 6626
7548 2 2 1 1 5794 5793 5795
7549 2 2 1 1 7252 1796 7253
7550 2 2 1 1 569 1898 6784
7551 2 2 1 1 1851 525 7037
7552 2 2 1 1 6231 6232 6233
7553 2 2 1 1 5270 7272 7448
7554 2 2 1 1 4329 4144 4457
7555 2 2 1 1 3424 6043 6343
7556 2 2 1 1 3156 5226 5227
7557 2 2 1 1 5980 2767 5981
7558 2 2 1 1 6125 2616 7474
7559 2 2 1 1 6375 6376 6377
7560 2 2 1 1 5732 5735 6608
7561 2 2 1 1 4165 4467 4469
7562 2 2 1 1 3139 5629 6391
7563 2 2 1 1 6736 6737 6740
7564 2 2 1 1 3469 3467 6957
7565 2 2 1 1 6313 6310 7308
7566 2 2 1 1 3592 3598 7334
7567 2 2 1 1 5613 5614 5615
7568 2 2 1 1 6724 6721 6725
7569 2 2 1 1 3896 3947 5776
7570 2 2 1 1 838 1868 6905
7571 2 2 1 1 2560 3119 6512
7572 2 2 1 1 6766 6770 6773
7573 2 2 1 1 7202 1778 7203
7574 2 2 1 1 2011 6830 6831
7575 2 2 1 1 3842 3841 3843
7576 2 2 1 1 6951 6952 6953
7577 2 2 1 1 227 228 6820
7578 2 2 1 1 3109 2768 5220
7579 2 2 1 1 3787 3789 4080
7580 2 2 1 1 1069 1070 7280
7581 2 2 1 1 5980 5981 5989
7582 2 2 1 1 3710 3708 5569
7583 2 2 1 1 5120 5122 5123
7584 2 2 1 1 204 2001 6631
7585 2 2 1 1 3743 4037 7473
7586 2 2 1 1 5808 5806 5809
7587 2 2 1 1 1849 1111 7009
7588 2 2 1 1 6169 6167 7275
7589 2 2 1 1 2717 2719 2953
7590 2 2 1 1 3909 3392 6590
7591 2 2 1 1 3139 2735 5627
7592 2 2 1 1 3096 4268 4269
7593 2 2 1 1 2918 2707 5204
7594 2 2 1 1 1933 1199 5896
7595 2 2 1 1 652 653 6963
7596 2 2 1 1 4034 3652 5283
7597 2 2 1 1 7107 1887 7108
7598 2 2 1 1 5506 6216 6217
7599 2 2 1 1 5538 6274 6276
7600 2 2 1 1 805 806 6717
7601 2 2 1 1 2866 3156 7578
7602 2 2 1 1 6038 6036 6039
7603 2 2 1 1 4044 3760 5446
7604 2 2 1 1 3857 3859 3860
7605 2 2 1 1 7108 1887 7109
7606 2 2 1 1 3505 3503 6189
7607 2 2 1 1 2673 2675 3085
7608 2 2 1 1 5256 5257 5258
7609 2 2 1 1 6974 6972 6975
7610 2 2 1 1 5181 5180 5184
7611 2 2 1 1 6318 6313 7478
7612 2 2 1 1 2707 2708 2709
7613 2 2 1 1 6418 1774 6419
7614 2 2 1 1 3680 3682 4026
7615 2 2 1 1 2005 73 7304
7616 2 2 1 1 461 462 1773
7617 2 2 1 1 1059 1060 1772
7618 2 2 1 1 821 822 6996
7619 2 2 1 1 6313 7308 7478
7620 2 2 1 1 672 1581 7313
7621 2 2 1 1 2902 6656 6665
7622 2 2 1 1 2499 2497 6386
7623 2 2 1 1 4298 3124 4367
7624 2 2 1 1 5755 5760 5761
7625 2 2 1 1 2989 2990 4162
7626 2 2 1 1 6878 2401 7076
7627 2 2 1 1 1220 1954 7418
7628 2 2 1 1 4214 3630 7566
7629 2 2 1 1 6660 6658 7520
7630 2 2 1 1 3418 3416 6208
7631 2 2 1 1 5474 5475 5476
7632 2 2 1 1 2006 671 7313
7633 2 2 1 1 3503 3501 6190
7634 2 2 1 1 3114 3115 3169
7635 2 2 1 1 4000 3448 7337
7636 2 2 1 1 801 802 6690
7637 2 2 1 1 2804 2806 3100
7638 2 2 1 1 635 636 6444
7639 2 2 1 1 6007 3091 6008
7640 2 2 1 1 6765 6766 6773
7641 2 2 1 1 2575 6092 6406
7642 2 2 1 1 5672 5673 5675
7643 2 2 1 1 6147 6149 6209
7644 2 2 1 1 161 162 1990
7645 2 2 1 1 2655 2657 3009
7646 2 2 1 1 5647 4359 6980
7647 2 2 1 1 530 531 1745
7648 2 2 1 1 5509 5508 5510
7649 2 2 1 1 6023 6024 6025
7650 2 2 1 1 2519 6373 6374
7651 2 2 1 1 759 760 1991
7652 2 2 1 1 6167 2922 6168
7653 2 2 1 1 1742 6765 6773
7654 2 2 1 1 3430 3428 7478
7655 2 2 1 1 1128 1129 1744
7656 2 2 1 1 1743 845 6736
7657 2 2 1 1 2489 2487 6069
7658 2 2 1 1 3731 3733 4090
7659 2 2 1 1 5881 6521 6522
7660 2 2 1 1 5794 5795 5796
7661 2 2 1 1 827 828 6608
7662 2 2 1 1 3166 4413 6969
7663 2 2 1 1 804 1730 6685
7664 2 2 1 1 5453 5454 5455
7665 2 2 1 1 1853 821 6996
7666 2 2 1 1 4345 7337 7504
7667 2 2 1 1 6546 6556 6562
7668 2 2 1 1 2004 652 6963
7669 2 2 1 1 3142 2820 7670
7670 2 2 1 1 4361 6385 7510
7671 2 2 1 1 4457 4144 4458
7672 2 2 1 1 2441 2439 6372
7673 2 2 1 1 3713 3715 3979
7674 2 2 1 1 5826 5828 5831
7675 2 2 1 1 3412 4073 6013
7676 2 2 1 1 800 1826 6694
7677 2 2 1 1 2761 2768 3109
7678 2 2 1 1 5729 5727 5730
7679 2 2 1 1 3833 7368 7664
7680 2 2 1 1 230 5725 6816
7681 2 2 1 1 4316 4063 4363
7682 2 2 1 1 6610 6613 7379
7683 2 2 1 1 2557 2555 7568
7684 2 2 1 1 3842 3844 4072
7685 2 2 1 1 7002 1844 7003
7686 2 2 1 1 1991 6109 6110
7687 2 2 1 1 3549 3547 6321
7688 2 2 1 1 3715 3717 5690
7689 2 2 1 1 4352 5545 5546
7690 2 2 1 1 3499 3497 6202
7691 2 2 1 1 2693 2695 6857
7692 2 2 1 1 163 164 1780
7693 2 2 1 1 2503 6718 7524
7694 2 2 1 1 5447 5446 5449
7695 2 2 1 1 5919 1620 5920
7696 2 2 1 1 3440 3438 3443
7697 2 2 1 1 5499 5533 5536
7698 2 2 1 1 5997 5995 6005
7699 2 2 1 1 168 169 6952
7700 2 2 1 1 7069 784 7245
7701 2 2 1 1 6987 1853 6988
7702 2 2 1 1 6685 1730 6711
7703 2 2 1 1 5267 5264 5272
7704 2 2 1 1 761 762 1781
7705 2 2 1 1 2856 2858 2998
7706 2 2 1 1 2439 2437 6371
7707 2 2 1 1 1742 247 6765
7708 2 2 1 1 581 1906 7250
7709 2 2 1 1 3489 3487 6584
7710 2 2 1 1 6193 6192 6194
7711 2 2 1 1 6278 6279 6280
7712 2 2 1 1 657 658 7406
7713 2 2 1 1 6890 6891 6893
7714 2 2 1 1 4151 4461 4463
7715 2 2 1 1 6043 6044 6045
7716 2 2 1 1 479 1796 7252
7717 2 2 1 1 2749 2751 3068
7718 2 2 1 1 6303 6301 6304
7719 2 2 1 1 2690 2688 5894
7720 2 2 1 1 7204 5270 7448
7721 2 2 1 1 3000 3001 3171
7722 2 2 1 1 5863 4203 7490
7723 2 2 1 1 7008 1115 7011
7724 2 2 1 1 6044 3934 6046
7725 2 2 1 1 1113 1844 7002
7726 2 2 1 1 213 1836 6839
7727 2 2 1 1 5503 5502 6215
7728 2 2 1 1 6418 6419 6420
7729 2 2 1 1 6571 6568 6577
7730 2 2 1 1 3859 4088 7604
7731 2 2 1 1 74 1580 7304
7732 2 2 1 1 3090 5442 5443
7733 2 2 1 1 4152 4401 6978
7734 2 2 1 1 2539 2537 7537
7735 2 2 1 1 6760 6761 6762
7736 2 2 1 1 1956 613 6119
7737 2 2 1 1 5544 2516 7487
7738 2 2 1 1 4365 6510 7574
7739 2 2 1 1 6423 6422 7697
7740 2 2 1 1 6395 7247 7262
7741 2 2 1 1 2755 2757 3090
7742 2 2 1 1 2437 2435 2899
7743 2 2 1 1 2876 2875 2877
7744 2 2 1 1 6209 6149 6210
7745 2 2 1 1 3896 3898 3947
7746 2 2 1 1 6375 6377 6378
7747 2 2 1 1 2030 1223 6144
7748 2 2 1 1 54 55 6958
7749 2 2 1 1 2011 209 6830
7750 2 2 1 1 3746 3748 3968
7751 2 2 1 1 6121 6119 6122
7752 2 2 1 1 6832 6831 6833
7753 2 2 1 1 5542 5776 7414
7754 2 2 1 1 5636 3068 5638
7755 2 2 1 1 4065 3688 5335
7756 2 2 1 1 4209 4157 6042
7757 2 2 1 1 1072 1073 6789
7758 2 2 1 1 5137 5138 5139
7759 2 2 1 1 5444 5443 5445
7760 2 2 1 1 5127 5126 5129
7761 2 2 1 1 6518 7412 7565
7762 2 2 1 1 2602 2604 6342
7763 2 2 1 1 6816 5728 6817
7764 2 2 1 1 5928 5927 5935
7765 2 2 1 1 3860 3861 3862
7766 2 2 1 1 6488 1865 6489
7767 2 2 1 1 6848 6849 6850
7768 2 2 1 1 5415 5416 5417
7769 2 2 1 1 4346 5515 5516
7770 2 2 1 1 6892 7387 7479
7771 2 2 1 1 2997 5243 5245
7772 2 2 1 1 2964 2846 5362
7773 2 2 1 1 1060 1061 6403
7774 2 2 1 1 814 1843 7180
7775 2 2 1 1 6204 6205 6206
7776 2 2 1 1 2729 2731 2988
7777 2 2 1 1 2003 54 6958
7778 2 2 1 1 5981 5982 5983
7779 2 2 1 1 229 230 6816
7780 2 2 1 1 206 1729 6628
7781 2 2 1 1 1193 2017 5927
7782 2 2 1 1 1729 207 6999
7783 2 2 1 1 2456 2453 6910
7784 2 2 1 1 4373 7576 7683
7785 2 2 1 1 7095 7100 7101
7786 2 2 1 1 4204 5316 6823
7787 2 2 1 1 2661 2663 3037
7788 2 2 1 1 5646 2736 5692
7789 2 2 1 1 7173 2469 7341
7790 2 2 1 1 2995 6125 6126
7791 2 2 1 1 6888 6889 6890
7792 2 2 1 1 2567 2767 5980
7793 2 2 1 1 2695 3179 6857
7794 2 2 1 1 5670 5672 5676
7795 2 2 1 1 5162 5165 5964
7796 2 2 1 1 6641 6639 6642
7797 2 2 1 1 5219 5216 5897
7798 2 2 1 1 3884 3885 3886
7799 2 2 1 1 2563 6665 7381
7800 2 2 1 1 3674 3676 3982
7801 2 2 1 1 5898 2956 5899
7802 2 2 1 1 5566 5565 5567
7803 2 2 1 1 2838 2840 2944
7804 2 2 1 1 669 670 6908
7805 2 2 1 1 5632 5633 5634
7806 2 2 1 1 3703 3705 4039
7807 2 2 1 1 507 508 6902
7808 2 2 1 1 6375 6373 6376
7809 2 2 1 1 4048 4049 4134
7810 2 2 1 1 2648 2646 7486
7811 2 2 1 1 5929 5934 7433
7812 2 2 1 1 2447 2445 6666
7813 2 2 1 1 5971 5972 5975
7814 2 2 1 1 3999 4000 4132
7815 2 2 1 1 5746 5744 5748
7816 2 2 1 1 2439 6371 6372
7817 2 2 1 1 1111 1112 7009
7818 2 2 1 1 5344 5346 5347
7819 2 2 1 1 4488 4154 7171
7820 2 2 1 1 5629 5628 5630
7821 2 2 1 1 2834 2835 2836
7822 2 2 1 1 4193 4423 5107
7823 2 2 1 1 5753 5754 5755
7824 2 2 1 1 5205 5204 5206
7825 2 2 1 1 3124 2699 6898
7826 2 2 1 1 3438 3436 6307
7827 2 2 1 1 3515 3514 4048
7828 2 2 1 1 3968 3748 5519
7829 2 2 1 1 6311 6310 6312
7830 2 2 1 1 2880 2881 2882
7831 2 2 1 1 6527 6524 6528
7832 2 2 1 1 4454 4455 4560
7833 2 2 1 1 5544 4351 7415
7834 2 2 1 1 5510 5508 5885
7835 2 2 1 1 6167 6168 6170
7836 2 2 1 1 2985 2647 5743
7837 2 2 1 1 5176 2851 5315
7838 2 2 1 1 6700 6698 6701
7839 2 2 1 1 3777 6454 6455
7840 2 2 1 1 5410 4026 5411
7841 2 2 1 1 2854 2853 2855
7842 2 2 1 1 2443 2441 2519
7843 2 2 1 1 3179 2697 4200
7844 2 2 1 1 3668 3670 3952
7845 2 2 1 1 3650 3652 4034
7846 2 2 1 1 361 1600 7392
7847 2 2 1 1 6006 6007 6009
7848 2 2 1 1 5996 5997 5998
7849 2 2 1 1 2679 2681 3106
7850 2 2 1 1 4498 4214 4499
7851 2 2 1 1 3880 3881 3882
7852 2 2 1 1 6760 1880 6761
7853 2 2 1 1 4121 5153 5155
7854 2 2 1 1 5473 5472 5474
7855 2 2 1 1 6861 6860 6863
7856 2 2 1 1 6728 6727 6729
7857 2 2 1 1 3453 3451 6341
7858 2 2 1 1 2819 2919 6383
7859 2 2 1 1 6298 6296 7273
7860 2 2 1 1 3607 3953 7298
7861 2 2 1 1 605 606 2008
7862 2 2 1 1 818 819 6981
7863 2 2 1 1 2890 2891 2892
7864 2 2 1 1 6191 6192 6193
7865 2 2 1 1 2523 2521 2524
7866 2 2 1 1 1772 6403 6404
7867 2 2 1 1 3713 3714 3715
7868 2 2 1 1 5435 5434 5436
7869 2 2 1 1 5830 5832 5833
7870 2 2 1 1 1720 5966 5967
7871 2 2 1 1 6543 6542 6545
7872 2 2 1 1 7264 6971 7484
7873 2 2 1 1 3095 2891 6683
7874 2 2 1 1 5471 5472 5473
7875 2 2 1 1 2509 2507 6022
7876 2 2 1 1 3791 3987 5951
7877 2 2 1 1 3434 3432 3595
7878 2 2 1 1 4166 4214 4498
7879 2 2 1 1 4351 6910 7415
7880 2 2 1 1 6170 6171 6174
7881 2 2 1 1 2001 6629 6630
7882 2 2 1 1 5258 5260 5261
7883 2 2 1 1 5295 5296 5297
7884 2 2 1 1 2979 2529 5490
7885 2 2 1 1 3936 4105 7456
7886 2 2 1 1 1827 6633 6635
7887 2 2 1 1 2858 2859 2860
7888 2 2 1 1 238 239 7073
7889 2 2 1 1 6298 7273 7274
7890 2 2 1 1 6672 6673 6675
7891 2 2 1 1 3752 3754 4005
7892 2 2 1 1 3849 3902 7705
7893 2 2 1 1 4368 4367 5232
7894 2 2 1 1 6314 6319 6320
7895 2 2 1 1 2398 2395 6385
7896 2 2 1 1 3779 3781 4140
7897 2 2 1 1 580 7250 7343
7898 2 2 1 1 6278 6280 6281
7899 2 2 1 1 2928 2834 5252
7900 2 2 1 1 5725 5728 6816
7901 2 2 1 1 6116 6117 6118
7902 2 2 1 1 6494 6495 6496
7903 2 2 1 1 5546 5545 5547
7904 2 2 1 1 3090 2757 5442
7905 2 2 1 1 2001 6628 6629
7906 2 2 1 1 2521 2515 7260
7907 2 2 1 1 5162 5163 5165
7908 2 2 1 1 2525 2524 3000
7909 2 2 1 1 3513 3511 3514
7910 2 2 1 1 6731 6729 6732
7911 2 2 1 1 5294 5293 5295
7912 2 2 1 1 112 113 6955
7913 2 2 1 1 4132 4000 4265
7914 2 2 1 1 3686 3688 4065
7915 2 2 1 1 4007 5480 5481
7916 2 2 1 1 6483 6484 6485
7917 2 2 1 1 6044 6046 6047
7918 2 2 1 1 3999 3448 4000
7919 2 2 1 1 2778 2779 2780
7920 2 2 1 1 3631 3634 7566
7921 2 2 1 1 6458 6460 6461
7922 2 2 1 1 5941 5940 5942
7923 2 2 1 1 5665 5667 6579
7924 2 2 1 1 6610 6609 6611
7925 2 2 1 1 2872 2873 2874
7926 2 2 1 1 3638 3955 5711
7927 2 2 1 1 2431 2429 2910
7928 2 2 1 1 4150 4132 4414
7929 2 2 1 1 6166 6167 6169
7930 2 2 1 1 6374 6375 6379
7931 2 2 1 1 71 72 6909
7932 2 2 1 1 2995 6126 6127
7933 2 2 1 1 3822 3821 3823
7934 2 2 1 1 4048 4134 4261
7935 2 2 1 1 6408 6407 6410
7936 2 2 1 1 2491 2489 2927
7937 2 2 1 1 857 1895 7077
7938 2 2 1 1 3521 3519 4009
7939 2 2 1 1 6762 6761 6763
7940 2 2 1 1 2419 2417 2939
7941 2 2 1 1 3803 3805 4068
7942 2 2 1 1 3056 2794 5787
7943 2 2 1 1 2741 2742 2743
7944 2 2 1 1 232 233 5962
7945 2 2 1 1 4009 3519 5994
7946 2 2 1 1 6016 6018 6019
7947 2 2 1 1 462 463 6414
7948 2 2 1 1 6193 6194 6195
7949 2 2 1 1 854 1889 7239
7950 2 2 1 1 5628 5627 5631
7951 2 2 1 1 3507 3505 3593
7952 2 2 1 1 2671 2673 5804
7953 2 2 1 1 3107 3108 3166
7954 2 2 1 1 3521 4009 7113
7955 2 2 1 1 4157 4100 4279
7956 2 2 1 1 7092 7093 7094
7957 2 2 1 1 2926 2547 5584
7958 2 2 1 1 3515 4048 5992
7959 2 2 1 1 5802 5799 5803
7960 2 2 1 1 5211 5210 5213
7961 2 2 1 1 1870 5793 5794
7962 2 2 1 1 3742 3744 4014
7963 2 2 1 1 6461 6463 6466
7964 2 2 1 1 4158 4326 4818
7965 2 2 1 1 6888 1811 6889
7966 2 2 1 1 3447 3445 3448
7967 2 2 1 1 6025 6026 6029
7968 2 2 1 1 5726 1873 5727
7969 2 2 1 1 6818 6817 6819
7970 2 2 1 1 5123 5124 5125
7971 2 2 1 1 1864 6903 6904
7972 2 2 1 1 2862 2861 2863
7973 2 2 1 1 1873 232 5962
7974 2 2 1 1 2649 2651 2982
7975 2 2 1 1 3839 3837 5161
7976 2 2 1 1 6095 6094 6096
7977 2 2 1 1 7005 1844 7008
7978 2 2 1 1 3052 5641 5642
7979 2 2 1 1 6488 6489 6490
7980 2 2 1 1 2773 3010 6823
7981 2 2 1 1 1862 1136 6433
7982 2 2 1 1 6074 6073 6077
7983 2 2 1 1 786 787 6882
7984 2 2 1 1 2531 2529 2979
7985 2 2 1 1 6148 6147 6150
7986 2 2 1 1 6801 6803 6804
7987 2 2 1 1 1884 560 6853
7988 2 2 1 1 847 848 6759
7989 2 2 1 1 1809 7069 7070
7990 2 2 1 1 2733 2735 3139
7991 2 2 1 1 6737 6738 6739
7992 2 2 1 1 2887 2889 2890
7993 2 2 1 1 4158 3171 4326
7994 2 2 1 1 2467 2465 3005
7995 2 2 1 1 851 1887 7107
7996 2 2 1 1 3449 3448 3999
7997 2 2 1 1 3540 3542 6620
7998 2 2 1 1 3473 3777 6980
7999 2 2 1 1 5595 5594 5596
8000 2 2 1 1 3497 3495 3989
8001 2 2 1 1 6490 6489 6491
8002 2 2 1 1 6416 6414 6417
8003 2 2 1 1 2425 2423 2922
8004 2 2 1 1 6022 6023 6031
8005 2 2 1 1 6984 6982 6985
8006 2 2 1 1 2904 6386 6387
8007 2 2 1 1 3061 5812 7585
8008 2 2 1 1 2743 2745 3051
8009 2 2 1 1 3674 3675 3676
8010 2 2 1 1 7003 1844 7005
8011 2 2 1 1 4355 3115 6406
8012 2 2 1 1 3678 3680 5409
8013 2 2 1 1 5221 2770 5491
8014 2 2 1 1 3169 3115 4282
8015 2 2 1 1 6296 6169 7273
8016 2 2 1 1 874 2015 6932
8017 2 2 1 1 6344 6045 6345
8018 2 2 1 1 1773 6414 6415
8019 2 2 1 1 5265 5264 5267
8020 2 2 1 1 6082 6083 6084
8021 2 2 1 1 6116 1777 6117
8022 2 2 1 1 5213 5210 6382
8023 2 2 1 1 6766 6767 6768
8024 2 2 1 1 1801 6859 6860
8025 2 2 1 1 2029 1214 5360
8026 2 2 1 1 5516 5515 5517
8027 2 2 1 1 2997 2782 5242
8028 2 2 1 1 1743 6740 6741
8029 2 2 1 1 844 1743 7284
8030 2 2 1 1 5455 5454 5456
8031 2 2 1 1 3052 5642 5643
8032 2 2 1 1 3501 3499 3914
8033 2 2 1 1 3868 3867 3869
8034 2 2 1 1 5673 5674 5677
8035 2 2 1 1 3422 3420 3934
8036 2 2 1 1 5206 5204 5291
8037 2 2 1 1 6741 6740 6742
8038 2 2 1 1 6224 6225 6226
8039 2 2 1 1 6053 6054 6056
8040 2 2 1 1 6669 6671 6672
8041 2 2 1 1 7349 92 7382
8042 2 2 1 1 2927 6070 6071
8043 2 2 1 1 4280 3036 4379
8044 2 2 1 1 5745 5744 5746
8045 2 2 1 1 6152 7173 7341
8046 2 2 1 1 613 614 6119
8047 2 2 1 1 2838 2839 2840
8048 2 2 1 1 6780 6778 6781
8049 2 2 1 1 6047 6046 6048
8050 2 2 1 1 3029 2864 7578
8051 2 2 1 1 3166 4281 4413
8052 2 2 1 1 3612 3614 4057
8053 2 2 1 1 2630 2632 3069
8054 2 2 1 1 2890 2892 2989
8055 2 2 1 1 5171 5173 7338
8056 2 2 1 1 5285 5284 5286
8057 2 2 1 1 6170 6168 6171
8058 2 2 1 1 3725 3727 4056
8059 2 2 1 1 2507 2505 2894
8060 2 2 1 1 6522 6521 6523
8061 2 2 1 1 3816 3813 7634
8062 2 2 1 1 6796 6798 6799
8063 2 2 1 1 2501 2499 2904
8064 2 2 1 1 7408 2971 7491
8065 2 2 1 1 3667 3665 5886
8066 2 2 1 1 3970 3525 6858
8067 2 2 1 1 7040 1855 7454
8068 2 2 1 1 2427 2425 6166
8069 2 2 1 1 3424 3422 6043
8070 2 2 1 1 4350 5565 5566
8071 2 2 1 1 6687 6686 6688
8072 2 2 1 1 4252 3011 4377
8073 2 2 1 1 6493 1869 6494
8074 2 2 1 1 7094 7096 7097
8075 2 2 1 1 3664 3666 3975
8076 2 2 1 1 6272 6271 6273
8077 2 2 1 1 468 469 6825
8078 2 2 1 1 7039 1855 7040
8079 2 2 1 1 2605 2956 5898
8080 2 2 1 1 1812 1090 6542
8081 2 2 1 1 2802 2803 2804
8082 2 2 1 1 2852 2853 2854
8083 2 2 1 1 7178 7176 7179
8084 2 2 1 1 1846 6984 7315
8085 2 2 1 1 2964 5363 5364
8086 2 2 1 1 3896 3895 3897
8087 2 2 1 1 1794 6730 6733
8088 2 2 1 1 4202 4201 4299
8089 2 2 1 1 5812 5807 5813
8090 2 2 1 1 2497 2495 2947
8091 2 2 1 1 863 1901 7014
8092 2 2 1 1 3638 3640 3955
8093 2 2 1 1 2636 2639 3091
8094 2 2 1 1 3758 3760 4044
8095 2 2 1 1 5471 5473 5477
8096 2 2 1 1 3000 3171 4158
8097 2 2 1 1 5514 4345 7504
8098 2 2 1 1 2513 2511 2517
8099 2 2 1 1 6774 6773 6775
8100 2 2 1 1 6675 6676 6677
8101 2 2 1 1 5215 5216 5217
8102 2 2 1 1 1813 492 6511
8103 2 2 1 1 308 1733 5865
8104 2 2 1 1 3166 3108 4281
8105 2 2 1 1 3840 3841 3842
8106 2 2 1 1 6311 6315 6316
8107 2 2 1 1 5745 5747 7469
8108 2 2 1 1 6792 6791 6793
8109 2 2 1 1 6834 6835 6836
8110 2 2 1 1 5754 3923 6080
8111 2 2 1 1 5467 5466 5468
8112 2 2 1 1 3934 3420 6062
8113 2 2 1 1 4147 4205 4443
8114 2 2 1 1 1203 1204 2007
8115 2 2 1 1 3821 3819 4033
8116 2 2 1 1 2593 2591 7391
8117 2 2 1 1 3443 3438 6307
8118 2 2 1 1 4359 6626 6980
8119 2 2 1 1 2555 2553 2913
8120 2 2 1 1 4444 4205 6328
8121 2 2 1 1 6071 6073 6074
8122 2 2 1 1 4071 5239 5240
8123 2 2 1 1 5833 5832 5834
8124 2 2 1 1 6621 6623 6625
8125 2 2 1 1 2002 6685 6686
8126 2 2 1 1 4362 4361 5502
8127 2 2 1 1 5266 5268 5269
8128 2 2 1 1 5660 4140 5661
8129 2 2 1 1 3005 2465 6146
8130 2 2 1 1 3487 3485 6051
8131 2 2 1 1 5824 5823 5825
8132 2 2 1 1 53 2003 6962
8133 2 2 1 1 2928 5252 5253
8134 2 2 1 1 3634 3636 4064
8135 2 2 1 1 4467 4468 4554
8136 2 2 1 1 6985 6982 6995
8137 2 2 1 1 3428 3426 3918
8138 2 2 1 1 3000 2524 3001
8139 2 2 1 1 6151 6150 6158
8140 2 2 1 1 5514 3443 7586
8141 2 2 1 1 5927 2017 5935
8142 2 2 1 1 4143 3591 4144
8143 2 2 1 1 6150 6147 6209
8144 2 2 1 1 6647 6645 6648
8145 2 2 1 1 2709 2710 2711
8146 2 2 1 1 4073 4206 4257
8147 2 2 1 1 2657 2658 2659
8148 2 2 1 1 6987 6988 6989
8149 2 2 1 1 2585 2583 3031
8150 2 2 1 1 3085 2675 7336
8151 2 2 1 1 5714 5713 5717
8152 2 2 1 1 6275 6273 6277
8153 2 2 1 1 6591 6590 6593
8154 2 2 1 1 3805 3806 3807
8155 2 2 1 1 6324 6326 6327
8156 2 2 1 1 3571 3569 5752
8157 2 2 1 1 3768 3770 5895
8158 2 2 1 1 5118 5117 5119
8159 2 2 1 1 3807 3809 5171
8160 2 2 1 1 253 1886 7092
8161 2 2 1 1 3684 3685 3686
8162 2 2 1 1 3402 3400 6601
8163 2 2 1 1 3809 3810 3812
8164 2 2 1 1 2459 2457 6474
8165 2 2 1 1 4261 4134 4448
8166 2 2 1 1 5493 5492 5494
8167 2 2 1 1 3544 4113 6899
8168 2 2 1 1 5703 5702 5704
8169 2 2 1 1 3864 3865 3866
8170 2 2 1 1 6733 6730 6734
8171 2 2 1 1 2577 2575 6406
8172 2 2 1 1 3475 3473 6980
8173 2 2 1 1 6890 6889 6891
8174 2 2 1 1 6275 6277 6278
8175 2 2 1 1 5499 5532 5533
8176 2 2 1 1 2413 2411 3063
8177 2 2 1 1 5434 5433 7000
8178 2 2 1 1 7100 255 7102
8179 2 2 1 1 7273 6169 7275
8180 2 2 1 1 3914 3499 6202
8181 2 2 1 1 4073 4257 4259
8182 2 2 1 1 3672 3673 3674
8183 2 2 1 1 3412 3411 4073
8184 2 2 1 1 817 1846 7315
8185 2 2 1 1 7387 6892 7423
8186 2 2 1 1 2904 2499 6386
8187 2 2 1 1 3009 5264 5265
8188 2 2 1 1 4120 3626 6035
8189 2 2 1 1 3838 3837 3839
8190 2 2 1 1 178 1794 6733
8191 2 2 1 1 2449 2447 2516
8192 2 2 1 1 2600 2602 2962
8193 2 2 1 1 6765 2013 6766
8194 2 2 1 1 4152 4097 4285
8195 2 2 1 1 6768 6767 6769
8196 2 2 1 1 6409 6408 6411
8197 2 2 1 1 3801 3802 3803
8198 2 2 1 1 5283 3654 7530
8199 2 2 1 1 3694 3696 7340
8200 2 2 1 1 2445 2443 7432
8201 2 2 1 1 5835 5836 5837
8202 2 2 1 1 6736 2014 6737
8203 2 2 1 1 6297 6298 6299
8204 2 2 1 1 3171 3001 4255
8205 2 2 1 1 1821 498 6965
8206 2 2 1 1 3652 3653 3654
8207 2 2 1 1 5336 5335 5338
8208 2 2 1 1 2719 2720 2721
8209 2 2 1 1 6989 6988 6990
8210 2 2 1 1 3129 6409 7484
8211 2 2 1 1 1720 5967 5968
8212 2 2 1 1 5339 5336 5342
8213 2 2 1 1 6903 837 6905
8214 2 2 1 1 2549 2547 2926
8215 2 2 1 1 2737 2739 3150
8216 2 2 1 1 3491 3489 3945
8217 2 2 1 1 6284 6292 7477
8218 2 2 1 1 6723 6721 6724
8219 2 2 1 1 6741 6742 6743
8220 2 2 1 1 4157 4279 4400
8221 2 2 1 1 3459 3457 6618
8222 2 2 1 1 4208 4152 6978
8223 2 2 1 1 6186 6187 6188
8224 2 2 1 1 2815 2931 7563
8225 2 2 1 1 4273 4371 4372
8226 2 2 1 1 132 1683 6578
8227 2 2 1 1 5246 5243 5423
8228 2 2 1 1 3791 3793 3987
8229 2 2 1 1 4267 3003 4361
8230 2 2 1 1 6014 6016 7624
8231 2 2 1 1 5410 5411 5413
8232 2 2 1 1 7070 7071 7072
8233 2 2 1 1 276 2016 6911
8234 2 2 1 1 3416 3414 3954
8235 2 2 1 1 3461 3459 3938
8236 2 2 1 1 2569 2567 5980
8237 2 2 1 1 3408 3406 3411
8238 2 2 1 1 2645 2647 2985
8239 2 2 1 1 2776 2778 3016
8240 2 2 1 1 5733 1872 5734
8241 2 2 1 1 4005 3754 7420
8242 2 2 1 1 3899 3897 7567
8243 2 2 1 1 3114 2580 3115
8244 2 2 1 1 2832 2833 2834
8245 2 2 1 1 2995 2614 6125
8246 2 2 1 1 6834 1833 6835
8247 2 2 1 1 6831 6830 6834
8248 2 2 1 1 1995 5678 5679
8249 2 2 1 1 2647 2648 2649
8250 2 2 1 1 5798 5799 5800
8251 2 2 1 1 6790 6789 6791
8252 2 2 1 1 3924 3537 6271
8253 2 2 1 1 188 189 6859
8254 2 2 1 1 3600 3602 3977
8255 2 2 1 1 5985 5982 7381
8256 2 2 1 1 6883 6882 6884
8257 2 2 1 1 6565 1839 6567
8258 2 2 1 1 3052 2626 5641
8259 2 2 1 1 2011 6831 6832
8260 2 2 1 1 2856 2857 2858
8261 2 2 1 1 2457 2456 3107
8262 2 2 1 1 4099 4100 4157
8263 2 2 1 1 3723 3725 5798
8264 2 2 1 1 3977 3602 6184
8265 2 2 1 1 2800 2801 2802
8266 2 2 1 1 3944 3531 6587
8267 2 2 1 1 5968 5970 5971
8268 2 2 1 1 5565 5564 7345
8269 2 2 1 1 1718 7258 7259
8270 2 2 1 1 2533 2531 6682
8271 2 2 1 1 4345 4000 7337
8272 2 2 1 1 6068 4194 7603
8273 2 2 1 1 2516 2447 6666
8274 2 2 1 1 2642 2645 7278
8275 2 2 1 1 2667 2669 3061
8276 2 2 1 1 1833 211 6838
8277 2 2 1 1 1843 7175 7176
8278 2 2 1 1 1872 830 5737
8279 2 2 1 1 5894 2688 7371
8280 2 2 1 1 3668 3952 5324
8281 2 2 1 1 4251 3166 6969
8282 2 2 1 1 5261 5262 5263
8283 2 2 1 1 5767 5765 7407
8284 2 2 1 1 3797 3799 4031
8285 2 2 1 1 1801 188 6859
8286 2 2 1 1 1800 786 6882
8287 2 2 1 1 6858 3523 7113
8288 2 2 1 1 243 1876 7074
8289 2 2 1 1 3750 3751 3752
8290 2 2 1 1 3900 3936 4043
8291 2 2 1 1 6071 6070 6073
8292 2 2 1 1 1742 6773 6774
8293 2 2 1 1 3513 3514 3515
8294 2 2 1 1 659 1577 6426
8295 2 2 1 1 7262 6904 7263
8296 2 2 1 1 5413 5411 5414
8297 2 2 1 1 2985 5743 5744
8298 2 2 1 1 5747 5746 5749
8299 2 2 1 1 3578 3580 7312
8300 2 2 1 1 3770 3772 4135
8301 2 2 1 1 7177 7176 7178
8302 2 2 1 1 6360 2917 6361
8303 2 2 1 1 6496 6495 6497
8304 2 2 1 1 6910 2451 7415
8305 2 2 1 1 5481 5482 5483
8306 2 2 1 1 3485 3483 3973
8307 2 2 1 1 1800 6882 6883
8308 2 2 1 1 3593 3505 6189
8309 2 2 1 1 3852 3849 3853
8310 2 2 1 1 6204 3069 6205
8311 2 2 1 1 1125 1855 7039
8312 2 2 1 1 4348 5434 5435
8313 2 2 1 1 3106 6972 6973
8314 2 2 1 1 5983 5982 5984
8315 2 2 1 1 2659 2660 2661
8316 2 2 1 1 4126 4300 4476
8317 2 2 1 1 2691 2693 3141
8318 2 2 1 1 2594 2596 2942
8319 2 2 1 1 3553 3552 4099
8320 2 2 1 1 4623 4479 6475
8321 2 2 1 1 2485 2945 6081
8322 2 2 1 1 6329 6328 6330
8323 2 2 1 1 4190 3993 4192
8324 2 2 1 1 2543 2541 2943
8325 2 2 1 1 2455 2453 2456
8326 2 2 1 1 3961 3453 6341
8327 2 2 1 1 4204 4808 5316
8328 2 2 1 1 2997 5242 5243
8329 2 2 1 1 3432 3430 7308
8330 2 2 1 1 3539 3537 3924
8331 2 2 1 1 6112 1781 6113
8332 2 2 1 1 1844 1114 7008
8333 2 2 1 1 5470 3740 7519
8334 2 2 1 1 2001 205 6628
8335 2 2 1 1 3644 3646 3990
8336 2 2 1 1 191 192 6976
8337 2 2 1 1 2985 5744 5745
8338 2 2 1 1 3533 3531 3944
8339 2 2 1 1 2461 2459 3033
8340 2 2 1 1 2711 2713 2934
8341 2 2 1 1 3736 3737 5470
8342 2 2 1 1 6365 6362 6366
8343 2 2 1 1 6387 6386 6389
8344 2 2 1 1 3777 3471 6454
8345 2 2 1 1 3844 3845 3846
8346 2 2 1 1 5593 5594 5595
8347 2 2 1 1 2485 2483 2945
8348 2 2 1 1 2884 2883 2885
8349 2 2 1 1 3956 3826 5508
8350 2 2 1 1 4414 4132 6589
8351 2 2 1 1 6861 6863 6864
8352 2 2 1 1 456 6143 7602
8353 2 2 1 1 5246 5423 5424
8354 2 2 1 1 5285 5286 5287
8355 2 2 1 1 6601 6602 6603
8356 2 2 1 1 2002 803 6685
8357 2 2 1 1 4048 3514 4049
8358 2 2 1 1 4282 3115 4355
8359 2 2 1 1 1874 1142 6452
8360 2 2 1 1 2579 2577 2580
8361 2 2 1 1 6774 6775 6776
8362 2 2 1 1 2641 2642 7278
8363 2 2 1 1 3481 3480 4096
8364 2 2 1 1 2591 3073 7391
8365 2 2 1 1 6885 6883 6886
8366 2 2 1 1 4259 4257 4562
8367 2 2 1 1 4259 4562 4574
8368 2 2 1 1 6053 6052 6054
8369 2 2 1 1 6420 6421 6424
8370 2 2 1 1 2939 2417 7667
8371 2 2 1 1 6494 1869 6495
8372 2 2 1 1 3783 3782 3784
8373 2 2 1 1 2655 3009 7204
8374 2 2 1 1 5107 5108 5109
8375 2 2 1 1 3545 3543 3904
8376 2 2 1 1 6982 6981 6983
8377 2 2 1 1 2612 2614 2995
8378 2 2 1 1 6737 2014 6738
8379 2 2 1 1 3707 3708 3709
8380 2 2 1 1 6461 6462 6463
8381 2 2 1 1 6656 2902 6658
8382 2 2 1 1 5638 3068 6384
8383 2 2 1 1 3525 3523 6858
8384 2 2 1 1 3898 3899 3900
8385 2 2 1 1 2523 2524 2525
8386 2 2 1 1 2806 2807 2808
8387 2 2 1 1 1875 544 6448
8388 2 2 1 1 3542 3544 6899
8389 2 2 1 1 2855 2853 2937
8390 2 2 1 1 1956 6119 6120
8391 2 2 1 1 3882 3883 3884
8392 2 2 1 1 6176 6178 6181
8393 2 2 1 1 2733 3139 6391
8394 2 2 1 1 5552 5553 5554
8395 2 2 1 1 6688 6686 6689
8396 2 2 1 1 1843 7176 7177
8397 2 2 1 1 2922 2423 7378
8398 2 2 1 1 6761 1880 7282
8399 2 2 1 1 6826 6827 6828
8400 2 2 1 1 3884 3883 3885
8401 2 2 1 1 5717 5713 5718
8402 2 2 1 1 2820 2819 2821
8403 2 2 1 1 3870 3869 3871
8404 2 2 1 1 7475 5886 7536
8405 2 2 1 1 5795 5793 6487
8406 2 2 1 1 5712 5713 5714
8407 2 2 1 1 3018 4168 6123
8408 2 2 1 1 5585 5584 5587
8409 2 2 1 1 3455 3453 3961
8410 2 2 1 1 1864 836 6903
8411 2 2 1 1 3646 3647 3648
8412 2 2 1 1 1782 170 7375
8413 2 2 1 1 4457 4458 4563
8414 2 2 1 1 4044 5446 5447
8415 2 2 1 1 5523 5524 5525
8416 2 2 1 1 2903 2891 3095
8417 2 2 1 1 3408 3411 3412
8418 2 2 1 1 2409 2407 3078
8419 2 2 1 1 2962 2602 6342
8420 2 2 1 1 6657 6658 6659
8421 2 2 1 1 2617 2917 6360
8422 2 2 1 1 4099 3552 4100
8423 2 2 1 1 6635 6633 6636
8424 2 2 1 1 3473 3471 3777
8425 2 2 1 1 2002 6686 6687
8426 2 2 1 1 3005 6146 6147
8427 2 2 1 1 6860 6859 6862
8428 2 2 1 1 2431 2910 7562
8429 2 2 1 1 4152 4285 4401
8430 2 2 1 1 3527 3525 3970
8431 2 2 1 1 6764 6761 7282
8432 2 2 1 1 6793 6796 6797
8433 2 2 1 1 6863 6860 6870
8434 2 2 1 1 1857 226 6956
8435 2 2 1 1 2878 2877 2879
8436 2 2 1 1 5587 5584 5592
8437 2 2 1 1 4352 5544 5545
8438 2 2 1 1 2747 2748 2749
8439 2 2 1 1 3657 6519 7467
8440 2 2 1 1 6075 6074 6076
8441 2 2 1 1 1810 191 6976
8442 2 2 1 1 2927 6069 6070
8443 2 2 1 1 2842 2841 2843
8444 2 2 1 1 3447 3448 3449
8445 2 2 1 1 3107 2456 3108
8446 2 2 1 1 6593 7295 7296
8447 2 2 1 1 4113 3546 7538
8448 2 2 1 1 4094 3694 7340
8449 2 2 1 1 6284 3911 6285
8450 2 2 1 1 1824 1099 6879
8451 2 2 1 1 527 1854 7036
8452 2 2 1 1 3483 3481 7523
8453 2 2 1 1 3551 3549 3552
8454 2 2 1 1 4150 4414 4615
8455 2 2 1 1 3628 3630 4166
8456 2 2 1 1 2926 5584 5585
8457 2 2 1 1 2876 2877 2878
8458 2 2 1 1 3114 3169 4253
8459 2 2 1 1 6193 6195 6197
8460 2 2 1 1 2856 2855 2857
8461 2 2 1 1 5459 5461 5462
8462 2 2 1 1 2927 2489 6069
8463 2 2 1 1 3764 3766 4079
8464 2 2 1 1 4134 4049 4318
8465 2 2 1 1 6628 1729 6906
8466 2 2 1 1 2455 2456 2457
8467 2 2 1 1 6604 6605 6606
8468 2 2 1 1 853 854 7239
8469 2 2 1 1 6008 3091 6011
8470 2 2 1 1 2581 2580 3114
8471 2 2 1 1 7287 3928 7288
8472 2 2 1 1 5572 5569 5583
8473 2 2 1 1 6606 6605 6607
8474 2 2 1 1 1798 6720 6721
8475 2 2 1 1 3005 6147 6148
8476 2 2 1 1 3678 3679 3680
8477 2 2 1 1 2705 2707 2918
8478 2 2 1 1 6303 6304 6305
8479 2 2 1 1 3888 3887 3889
8480 2 2 1 1 6312 6313 6314
8481 2 2 1 1 7247 1864 7262
8482 2 2 1 1 3626 3628 6035
8483 2 2 1 1 3760 3761 3762
8484 2 2 1 1 2685 2687 3129
8485 2 2 1 1 3619 3911 6284
8486 2 2 1 1 3729 3731 5343
8487 2 2 1 1 1789 1072 6789
8488 2 2 1 1 500 501 1825
8489 2 2 1 1 5755 5754 5757
8490 2 2 1 1 7094 7099 7395
8491 2 2 1 1 4091 4223 4224
8492 2 2 1 1 3596 3590 7490
8493 2 2 1 1 503 504 1828
8494 2 2 1 1 569 570 1898
8495 2 2 1 1 2711 2712 2713
8496 2 2 1 1 2735 2736 2737
8497 2 2 1 1 3840 3839 3841
8498 2 2 1 1 6051 6052 6053
8499 2 2 1 1 3938 3459 6618
8500 2 2 1 1 5349 5348 5350
8501 2 2 1 1 5755 5757 5760
8502 2 2 1 1 6766 2013 6767
8503 2 2 1 1 3779 3780 3781
8504 2 2 1 1 4111 4167 4199
8505 2 2 1 1 4096 4097 4152
8506 2 2 1 1 567 568 2027
8507 2 2 1 1 534 535 1860
8508 2 2 1 1 550 551 1878
8509 2 2 1 1 1098 1099 1824
8510 2 2 1 1 3711 3710 3712
8511 2 2 1 1 5852 5851 5853
8512 2 2 1 1 1563 657 7406
8513 2 2 1 1 3870 3872 4027
8514 2 2 1 1 700 701 1681
8515 2 2 1 1 1101 1102 1829
8516 2 2 1 1 1167 1168 1899
8517 2 2 1 1 102 103 1680
8518 2 2 1 1 4258 6581 6582
8519 2 2 1 1 5417 5418 5419
8520 2 2 1 1 6127 6126 6129
8521 2 2 1 1 1165 1166 2026
8522 2 2 1 1 4854 4853 4856
8523 2 2 1 1 6147 6146 6149
8524 2 2 1 1 1132 1133 1861
8525 2 2 1 1 1148 1149 1879
8526 2 2 1 1 6868 6866 6869
8527 2 2 1 1 4132 4265 6589
8528 2 2 1 1 2717 2718 2719
8529 2 2 1 1 497 498 1821
8530 2 2 1 1 2624 2626 3052
8531 2 2 1 1 4563 5185 5186
8532 2 2 1 1 6331 6330 6332
8533 2 2 1 1 5984 5982 5985
8534 2 2 1 1 595 596 2018
8535 2 2 1 1 2473 2471 2981
8536 2 2 1 1 3795 3796 3797
8537 2 2 1 1 3606 3608 4021
8538 2 2 1 1 590 591 1919
8539 2 2 1 1 5595 5596 5601
8540 2 2 1 1 6667 6668 6669
8541 2 2 1 1 3179 4456 6857
8542 2 2 1 1 6028 6033 6034
8543 2 2 1 1 6349 6353 7496
8544 2 2 1 1 491 492 1813
8545 2 2 1 1 521 522 1838
8546 2 2 1 1 1089 1090 1812
8547 2 2 1 1 1119 1120 1839
8548 2 2 1 1 6988 1853 6996
8549 2 2 1 1 3439 3438 3440
8550 2 2 1 1 6314 6318 6319
8551 2 2 1 1 5944 5947 7249
8552 2 2 1 1 3404 3402 3908
8553 2 2 1 1 578 579 1903
8554 2 2 1 1 597 598 1928
8555 2 2 1 1 1104 1105 1831
8556 2 2 1 1 1144 1145 1740
8557 2 2 1 1 1176 1177 1902
8558 2 2 1 1 1195 1196 1929
8559 2 2 1 1 506 507 1830
8560 2 2 1 1 527 528 1854
8561 2 2 1 1 546 547 1741
8562 2 2 1 1 1125 1126 1855
8563 2 2 1 1 3707 3709 3951
8564 2 2 1 1 565 566 1739
8565 2 2 1 1 3892 3894 4011
8566 2 2 1 1 6025 6024 6026
8567 2 2 1 1 1095 1096 1820
8568 2 2 1 1 240 1869 6493
8569 2 2 1 1 603 604 1732
8570 2 2 1 1 1193 1194 2017
8571 2 2 1 1 2751 2753 6384
8572 2 2 1 1 846 2014 6736
8573 2 2 1 1 1188 1189 1918
8574 2 2 1 1 7260 2515 7266
8575 2 2 1 1 2796 2797 2798
8576 2 2 1 1 3908 3402 6601
8577 2 2 1 1 5753 5755 5772
8578 2 2 1 1 14 15 1957
8579 2 2 1 1 612 613 1956
8580 2 2 1 1 3913 5863 7490
8581 2 2 1 1 2937 2853 5176
8582 2 2 1 1 1163 1164 1738
8583 2 2 1 1 2003 6958 6959
8584 2 2 1 1 1775 1063 7267
8585 2 2 1 1 6830 1833 6834
8586 2 2 1 1 1801 6860 6861
8587 2 2 1 1 1011 1012 2010
8588 2 2 1 1 1201 1202 1731
8589 2 2 1 1 3999 4132 4150
8590 2 2 1 1 6721 6720 6722
8591 2 2 1 1 2980 2403 6878
8592 2 2 1 1 3744 3745 3746
8593 2 2 1 1 2663 2664 2665
8594 2 2 1 1 5661 4140 5662
8595 2 2 1 1 3618 3620 4092
8596 2 2 1 1 2782 2783 2784
8597 2 2 1 1 5471 5477 7458
8598 2 2 1 1 5888 5891 5892
8599 2 2 1 1 2820 2821 2822
8600 2 2 1 1 579 580 7343
8601 2 2 1 1 3479 3477 3480
8602 2 2 1 1 2786 2788 3030
8603 2 2 1 1 6399 1617 6400
8604 2 2 1 1 2634 2636 6006
8605 2 2 1 1 2737 2738 2739
8606 2 2 1 1 6604 6602 6605
8607 2 2 1 1 413 414 2009
8608 2 2 1 1 3471 3469 6454
8609 2 2 1 1 6440 6439 6441
8610 2 2 1 1 1065 1778 7202
8611 2 2 1 1 4267 4361 4362
8612 2 2 1 1 3711 3713 5685
8613 2 2 1 1 4366 4365 6063
8614 2 2 1 1 5715 5714 5716
8615 2 2 1 1 2864 2865 2866
8616 2 2 1 1 6026 6027 6028
8617 2 2 1 1 2824 2823 2825
8618 2 2 1 1 3052 5643 6293
8619 2 2 1 1 3120 3174 4254
8620 2 2 1 1 3642 3643 3644
8621 2 2 1 1 5186 5188 5190
8622 2 2 1 1 158 159 6815
8623 2 2 1 1 1798 6721 6723
8624 2 2 1 1 6479 6481 6482
8625 2 2 1 1 6603 6602 6604
8626 2 2 1 1 3400 3398 3409
8627 2 2 1 1 3559 3557 6847
8628 2 2 1 1 5752 5753 5756
8629 2 2 1 1 2011 6832 6999
8630 2 2 1 1 2479 2477 2965
8631 2 2 1 1 1797 1078 6812
8632 2 2 1 1 1846 818 6981
8633 2 2 1 1 4091 4224 7302
8634 2 2 1 1 5245 5243 5246
8635 2 2 1 1 1887 852 7256
8636 2 2 1 1 2832 2834 2928
8637 2 2 1 1 3441 3440 3442
8638 2 2 1 1 6766 6768 6770
8639 2 2 1 1 2981 2471 7173
8640 2 2 1 1 6874 6873 7246
8641 2 2 1 1 1843 815 7175
8642 2 2 1 1 6626 3475 6980
8643 2 2 1 1 226 227 6956
8644 2 2 1 1 2715 2716 2717
8645 2 2 1 1 3638 3639 3640
8646 2 2 1 1 5999 5998 6000
8647 2 2 1 1 2548 2547 2549
8648 2 2 1 1 2567 2565 2767
8649 2 2 1 1 2537 2535 2963
8650 2 2 1 1 6148 6150 6151
8651 2 2 1 1 246 247 1742
8652 2 2 1 1 844 845 1743
8653 2 2 1 1 4443 4205 4444
8654 2 2 1 1 5932 5930 5933
8655 2 2 1 1 7070 7069 7071
8656 2 2 1 1 4143 4144 4329
8657 2 2 1 1 3479 3480 3481
8658 2 2 1 1 6994 6991 7431
8659 2 2 1 1 190 191 1810
8660 2 2 1 1 788 789 1811
8661 2 2 1 1 2903 3096 3144
8662 2 2 1 1 6714 6712 6716
8663 2 2 1 1 2661 2662 2663
8664 2 2 1 1 248 2013 6765
8665 2 2 1 1 3141 2693 6857
8666 2 2 1 1 2671 5804 5811
8667 2 2 1 1 2403 2401 6878
8668 2 2 1 1 3910 3716 7012
8669 2 2 1 1 1190 7433 7466
8670 2 2 1 1 6095 6096 6097
8671 2 2 1 1 1809 783 7069
8672 2 2 1 1 2573 2571 2638
8673 2 2 1 1 6862 6859 6876
8674 2 2 1 1 3604 3605 3606
8675 2 2 1 1 4161 4089 4381
8676 2 2 1 1 6863 6870 6872
8677 2 2 1 1 3721 3720 3722
8678 2 2 1 1 3033 2459 6474
8679 2 2 1 1 6844 6845 6846
8680 2 2 1 1 2405 2403 2980
8681 2 2 1 1 5126 5124 5134
8682 2 2 1 1 4144 3591 7334
8683 2 2 1 1 794 795 1818
8684 2 2 1 1 6127 6129 6130
8685 2 2 1 1 3799 3800 3801
8686 2 2 1 1 6610 6611 6612
8687 2 2 1 1 6836 6835 6837
8688 2 2 1 1 2794 2795 2796
8689 2 2 1 1 4066 3890 4201
8690 2 2 1 1 1865 238 7073
8691 2 2 1 1 5427 5428 5429
8692 2 2 1 1 7222 7221 7223
8693 2 2 1 1 2765 2690 5894
8694 2 2 1 1 3862 3863 3864
8695 2 2 1 1 3467 3465 3921
8696 2 2 1 1 6865 6877 7429
8697 2 2 1 1 3752 3753 3754
8698 2 2 1 1 3857 3858 3859
8699 2 2 1 1 3030 2788 5432
8700 2 2 1 1 3842 3843 3844
8701 2 2 1 1 4147 4443 4445
8702 2 2 1 1 193 194 1815
8703 2 2 1 1 791 792 1814
8704 2 2 1 1 3575 3573 3903
8705 2 2 1 1 196 197 1819
8706 2 2 1 1 228 229 1858
8707 2 2 1 1 797 798 1822
8708 2 2 1 1 800 801 1826
8709 2 2 1 1 826 827 1859
8710 2 2 1 1 835 836 1864
8711 2 2 1 1 838 839 1868
8712 2 2 1 1 3624 3626 4120
8713 2 2 1 1 199 200 1823
8714 2 2 1 1 202 203 1827
8715 2 2 1 1 237 238 1865
8716 2 2 1 1 240 241 1869
8717 2 2 1 1 210 1833 6830
8718 2 2 1 1 6394 834 7247
8719 2 2 1 1 7092 7094 7395
8720 2 2 1 1 540 541 1866
8721 2 2 1 1 581 582 1906
8722 2 2 1 1 593 594 1734
8723 2 2 1 1 1138 1139 1867
8724 2 2 1 1 1179 1180 1907
8725 2 2 1 1 1191 1192 1735
8726 2 2 1 1 2442 2441 2443
8727 2 2 1 1 4356 5466 5467
8728 2 2 1 1 518 519 1834
8729 2 2 1 1 559 560 1884
8730 2 2 1 1 1116 1117 1835
8731 2 2 1 1 1157 1158 1885
8732 2 2 1 1 485 486 1804
8733 2 2 1 1 4120 6037 6040
8734 2 2 1 1 6324 6325 6326
8735 2 2 1 1 1083 1084 1805
8736 2 2 1 1 2451 2449 7415
8737 2 2 1 1 6014 6015 6016
8738 2 2 1 1 6779 6780 6783
8739 2 2 1 1 537 538 1863
8740 2 2 1 1 587 588 1911
8741 2 2 1 1 1135 1136 1862
8742 2 2 1 1 1185 1186 1910
8743 2 2 1 1 6711 1730 6712
8744 2 2 1 1 7063 7062 7064
8745 2 2 1 1 171 6848 7375
8746 2 2 1 1 600 601 1932
8747 2 2 1 1 1198 1199 1933
8748 2 2 1 1 7379 6613 7500
8749 2 2 1 1 5586 5588 5589
8750 2 2 1 1 5744 5743 5750
8751 2 2 1 1 1776 167 6951
8752 2 2 1 1 5789 5788 5790
8753 2 2 1 1 2876 2878 3080
8754 2 2 1 1 3715 3716 3717
8755 2 2 1 1 862 863 7014
8756 2 2 1 1 2830 2832 5965
8757 2 2 1 1 773 774 1791
8758 2 2 1 1 2804 2805 2806
8759 2 2 1 1 2561 2559 2902
8760 2 2 1 1 1094 1095 6977
8761 2 2 1 1 2757 2758 2759
8762 2 2 1 1 3876 3877 3878
8763 2 2 1 1 204 205 2001
8764 2 2 1 1 802 803 2002
8765 2 2 1 1 3791 3792 3793
8766 2 2 1 1 6877 186 7429
8767 2 2 1 1 785 786 1800
8768 2 2 1 1 5212 5209 5214
8769 2 2 1 1 653 1559 6963
8770 2 2 1 1 794 1818 6814
8771 2 2 1 1 3557 3555 3962
8772 2 2 1 1 5636 5638 5639
8773 2 2 1 1 3742 3743 3744
8774 2 2 1 1 5556 5557 5558
8775 2 2 1 1 360 7392 7654
8776 2 2 1 1 6217 6218 6219
8777 2 2 1 1 5713 3955 7482
8778 2 2 1 1 6409 7264 7484
8779 2 2 1 1 6826 6825 6827
8780 2 2 1 1 3107 3166 4251
8781 2 2 1 1 2935 6964 7589
8782 2 2 1 1 548 549 2020
8783 2 2 1 1 1146 1147 2019
8784 2 2 1 1 3492 3491 3493
8785 2 2 1 1 187 188 1801
8786 2 2 1 1 3445 3442 7337
8787 2 2 1 1 5794 5796 5797
8788 2 2 1 1 5295 5293 5296
8789 2 2 1 1 2866 2868 3156
8790 2 2 1 1 3797 3798 3799
8791 2 2 1 1 5165 5166 5169
8792 2 2 1 1 1789 6789 6790
8793 2 2 1 1 5388 3983 5389
8794 2 2 1 1 3106 6971 6972
8795 2 2 1 1 1846 6981 6982
8796 2 2 1 1 3591 3590 3592
8797 2 2 1 1 6081 2945 6082
8798 2 2 1 1 225 226 1857
8799 2 2 1 1 823 824 1856
8800 2 2 1 1 1800 6883 6885
8801 2 2 1 1 3862 3861 3863
8802 2 2 1 1 7440 3409 7552
8803 2 2 1 1 3820 3819 3821
8804 2 2 1 1 181 182 1798
8805 2 2 1 1 779 780 1799
8806 2 2 1 1 3486 3485 3487
8807 2 2 1 1 6367 6366 6368
8808 2 2 1 1 239 240 6493
8809 2 2 1 1 3680 3681 3682
8810 2 2 1 1 6799 6800 6801
8811 2 2 1 1 3748 3749 3750
8812 2 2 1 1 61 62 1576
8813 2 2 1 1 1930 889 7184
8814 2 2 1 1 3569 3567 3923
8815 2 2 1 1 476 477 1793
8816 2 2 1 1 1074 1075 1792
8817 2 2 1 1 3757 3755 5616
8818 2 2 1 1 6295 6169 6296
8819 2 2 1 1 2525 3000 6680
8820 2 2 1 1 2414 2413 2415
8821 2 2 1 1 4361 3003 6385
8822 2 2 1 1 6906 1729 6907
8823 2 2 1 1 248 249 2013
8824 2 2 1 1 846 847 2014
8825 2 2 1 1 109 110 7400
8826 2 2 1 1 2870 2871 2872
8827 2 2 1 1 482 483 1802
8828 2 2 1 1 1080 1081 1803
8829 2 2 1 1 2671 2672 2673
8830 2 2 1 1 3769 3767 7556
8831 2 2 1 1 850 851 7107
8832 2 2 1 1 5596 5597 5598
8833 2 2 1 1 2844 2843 2845
8834 2 2 1 1 4265 4345 4346
8835 2 2 1 1 803 804 6685
8836 2 2 1 1 659 660 1577
8837 2 2 1 1 2828 3043 7633
8838 2 2 1 1 802 2002 6690
8839 2 2 1 1 6437 6439 6440
8840 2 2 1 1 580 581 7250
8841 2 2 1 1 3658 3659 3660
8842 2 2 1 1 2798 2800 3077
8843 2 2 1 1 6309 6311 6583
8844 2 2 1 1 3904 3543 7417
8845 2 2 1 1 219 220 1847
8846 2 2 1 1 1938 300 7114
8847 2 2 1 1 556 557 1882
8848 2 2 1 1 817 818 1846
8849 2 2 1 1 836 837 6903
8850 2 2 1 1 1154 1155 1883
8851 2 2 1 1 1864 6904 7262
8852 2 2 1 1 3685 3683 5697
8853 2 2 1 1 1937 895 7147
8854 2 2 1 1 2747 2749 5635
8855 2 2 1 1 3406 3404 7461
8856 2 2 1 1 3705 3706 3707
8857 2 2 1 1 2642 2644 2645
8858 2 2 1 1 3563 3561 3941
8859 2 2 1 1 3581 3579 3586
8860 2 2 1 1 3781 3782 3783
8861 2 2 1 1 2790 2791 2792
8862 2 2 1 1 1730 805 6717
8863 2 2 1 1 2440 2439 2441
8864 2 2 1 1 3709 3710 3711
8865 2 2 1 1 3139 5628 5629
8866 2 2 1 1 6191 6193 6954
8867 2 2 1 1 4318 4349 4350
8868 2 2 1 1 3874 3876 4114
8869 2 2 1 1 172 173 1786
8870 2 2 1 1 2626 2627 2628
8871 2 2 1 1 2749 2750 2751
8872 2 2 1 1 166 167 1776
8873 2 2 1 1 169 170 1782
8874 2 2 1 1 3009 5265 5266
8875 2 2 1 1 6468 6470 6471
8876 2 2 1 1 132 133 1683
8877 2 2 1 1 2490 2489 2491
8878 2 2 1 1 4362 5502 5503
8879 2 2 1 1 1103 1104 6477
8880 2 2 1 1 2681 2682 2683
8881 2 2 1 1 2444 2443 2445
8882 2 2 1 1 776 777 1795
8883 2 2 1 1 7037 7036 7038
8884 2 2 1 1 243 244 1876
8885 2 2 1 1 488 489 1807
8886 2 2 1 1 841 842 1877
8887 2 2 1 1 1086 1087 1806
8888 2 2 1 1 6991 6996 7431
8889 2 2 1 1 3824 3823 3825
8890 2 2 1 1 6694 6692 6695
8891 2 2 1 1 1736 275 6911
8892 2 2 1 1 2618 2620 3027
8893 2 2 1 1 4349 4049 7410
8894 2 2 1 1 494 495 1816
8895 2 2 1 1 562 563 1890
8896 2 2 1 1 1092 1093 1817
8897 2 2 1 1 1160 1161 1891
8898 2 2 1 1 5968 5969 5970
8899 2 2 1 1 505 506 6476
8900 2 2 1 1 524 525 1851
8901 2 2 1 1 543 544 1875
8902 2 2 1 1 770 771 1787
8903 2 2 1 1 1122 1123 1850
8904 2 2 1 1 1141 1142 1874
8905 2 2 1 1 3494 3493 3495
8906 2 2 1 1 3413 3412 3414
8907 2 2 1 1 3658 3657 3659
8908 2 2 1 1 3868 3870 7588
8909 2 2 1 1 764 765 1777
8910 2 2 1 1 766 767 7106
8911 2 2 1 1 767 768 1783
8912 2 2 1 1 730 731 1682
8913 2 2 1 1 3109 5220 5222
8914 2 2 1 1 5763 5765 5766
8915 2 2 1 1 208 209 2011
8916 2 2 1 1 806 807 2012
8917 2 2 1 1 6109 6108 6111
8918 2 2 1 1 249 250 6829
8919 2 2 1 1 6421 6422 6423
8920 2 2 1 1 13 14 6393
8921 2 2 1 1 6007 6008 6010
8922 2 2 1 1 1800 6885 7245
8923 2 2 1 1 2713 2714 2715
8924 2 2 1 1 2416 2415 2417
8925 2 2 1 1 2492 2491 2493
8926 2 2 1 1 178 179 1794
8927 2 2 1 1 1071 1072 1789
8928 2 2 1 1 2894 2505 7524
8929 2 2 1 1 2705 2706 2707
8930 2 2 1 1 3551 3552 3553
8931 2 2 1 1 175 176 1790
8932 2 2 1 1 3764 3765 3766
8933 2 2 1 1 1737 873 6932
8934 2 2 1 1 250 251 1881
8935 2 2 1 1 848 849 1880
8936 2 2 1 1 2614 2616 6125
8937 2 2 1 1 210 211 1833
8938 2 2 1 1 253 254 1886
8939 2 2 1 1 808 809 1832
8940 2 2 1 1 851 852 1887
8941 2 2 1 1 856 857 7077
8942 2 2 1 1 6567 1839 6570
8943 2 2 1 1 6112 6113 6114
8944 2 2 1 1 1124 1125 7039
8945 2 2 1 1 171 172 6848
8946 2 2 1 1 2486 2485 2487
8947 2 2 1 1 3511 3509 7410
8948 2 2 1 1 478 479 7252
8949 2 2 1 1 4280 4379 4380
8950 2 2 1 1 1077 1078 1797
8951 2 2 1 1 2494 2493 2495
8952 2 2 1 1 259 260 1894
8953 2 2 1 1 857 858 1895
8954 2 2 1 1 2673 2674 2675
8955 2 2 1 1 268 269 1905
8956 2 2 1 1 866 867 1904
8957 2 2 1 1 3595 3432 7308
8958 2 2 1 1 6171 6172 6173
8959 2 2 1 1 222 223 1852
8960 2 2 1 1 820 821 1853
8961 2 2 1 1 4353 4100 6321
8962 2 2 1 1 6709 6708 6710
8963 2 2 1 1 470 471 1784
8964 2 2 1 1 3129 2687 6407
8965 2 2 1 1 6779 6778 6780
8966 2 2 1 1 212 213 6839
8967 2 2 1 1 1068 1069 1785
8968 2 2 1 1 228 1858 6820
8969 2 2 1 1 473 474 1788
8970 2 2 1 1 5166 5167 5168
8971 2 2 1 1 5687 5690 5691
8972 2 2 1 1 793 794 6814
8973 2 2 1 1 4096 3480 4097
8974 2 2 1 1 3725 3726 3727
8975 2 2 1 1 6087 6086 7512
8976 2 2 1 1 2622 2623 2624
8977 2 2 1 1 4282 4355 4356
8978 2 2 1 1 3467 3921 6957
8979 2 2 1 1 2614 2615 2616
8980 2 2 1 1 3618 3619 3620
8981 2 2 1 1 209 210 6830
8982 2 2 1 1 2469 2467 7341
8983 2 2 1 1 4073 3411 4206
8984 2 2 1 1 4281 4351 4352
8985 2 2 1 1 6871 6873 6874
8986 2 2 1 1 814 815 1843
8987 2 2 1 1 6114 6113 6115
8988 2 2 1 1 6651 6653 6654
8989 2 2 1 1 216 217 1842
8990 2 2 1 1 3490 3489 3491
8991 2 2 1 1 4059 4194 6068
8992 2 2 1 1 5619 5616 7411
8993 2 2 1 1 3488 3487 3489
8994 2 2 1 1 3719 3720 3721
8995 2 2 1 1 4207 3478 7170
8996 2 2 1 1 3628 3629 3630
8997 2 2 1 1 845 846 6736
8998 2 2 1 1 3612 3613 3614
8999 2 2 1 1 2003 6959 6960
9000 2 2 1 1 6777 6776 6778
9001 2 2 1 1 2655 2656 2657
9002 2 2 1 1 2703 2702 2704
9003 2 2 1 1 6707 6706 6708
9004 2 2 1 1 479 480 1796
9005 2 2 1 1 2749 2748 2750
9006 2 2 1 1 3589 3590 3591
9007 2 2 1 1 1112 1113 7002
9008 2 2 1 1 206 207 1729
9009 2 2 1 1 213 214 1836
9010 2 2 1 1 804 805 1730
9011 2 2 1 1 811 812 1837
9012 2 2 1 1 6354 6294 6355
9013 2 2 1 1 184 185 1808
9014 2 2 1 1 256 257 1888
9015 2 2 1 1 262 263 1896
9016 2 2 1 1 265 266 1900
9017 2 2 1 1 782 783 1809
9018 2 2 1 1 854 855 1889
9019 2 2 1 1 860 861 1897
9020 2 2 1 1 863 864 1901
9021 2 2 1 1 293 294 1934
9022 2 2 1 1 891 892 1935
9023 2 2 1 1 5778 5779 5780
9024 2 2 1 1 4360 5647 5648
9025 2 2 1 1 607 2053 5792
9026 2 2 1 1 2926 5585 5586
9027 2 2 1 1 290 291 1931
9028 2 2 1 1 888 889 1930
9029 2 2 1 1 7009 7004 7010
9030 2 2 1 1 1772 1060 6403
9031 2 2 1 1 4208 6978 6979
9032 2 2 1 1 6084 6083 6085
9033 2 2 1 1 6598 6599 6600
9034 2 2 1 1 4498 4499 4547
9035 2 2 1 1 5642 5641 5644
9036 2 2 1 1 464 465 1774
9037 2 2 1 1 467 468 1779
9038 2 2 1 1 1062 1063 1775
9039 2 2 1 1 1065 1066 1778
9040 2 2 1 1 5349 5350 5352
9041 2 2 1 1 281 282 1920
9042 2 2 1 1 6431 661 7546
9043 2 2 1 1 879 880 1921
9044 2 2 1 1 3731 3732 3733
9045 2 2 1 1 3650 3651 3652
9046 2 2 1 1 526 527 7036
9047 2 2 1 1 4346 5514 5515
9048 2 2 1 1 6513 3119 6514
9049 2 2 1 1 5364 5366 5367
9050 2 2 1 1 3598 3599 3600
9051 2 2 1 1 4467 4195 4468
9052 2 2 1 1 5326 2946 5327
9053 2 2 1 1 2792 2793 2794
9054 2 2 1 1 2838 2944 5607
9055 2 2 1 1 3713 3712 3714
9056 2 2 1 1 5240 5239 5241
9057 2 2 1 1 252 253 7092
9058 2 2 1 1 5980 5989 5990
9059 2 2 1 1 3864 3863 3865
9060 2 2 1 1 3860 3862 4070
9061 2 2 1 1 247 248 6765
9062 2 2 1 1 2892 2891 2903
9063 2 2 1 1 6649 6648 6650
9064 2 2 1 1 278 279 1916
9065 2 2 1 1 876 877 1917
9066 2 2 1 1 3927 3685 5697
9067 2 2 1 1 2675 2676 2677
9068 2 2 1 1 3600 3601 3602
9069 2 2 1 1 1846 6982 6984
9070 2 2 1 1 3177 3003 4267
9071 2 2 1 1 2665 2666 2667
9072 2 2 1 1 6278 6277 6279
9073 2 2 1 1 6530 6529 6531
9074 2 2 1 1 271 272 1908
9075 2 2 1 1 869 870 1909
9076 2 2 1 1 1055 1056 1721
9077 2 2 1 1 2508 2507 2509
9078 2 2 1 1 2814 2816 3154
9079 2 2 1 1 6420 6419 6421
9080 2 2 1 1 274 275 1736
9081 2 2 1 1 872 873 1737
9082 2 2 1 1 2554 2553 2555
9083 2 2 1 1 5666 5250 6786
9084 2 2 1 1 2733 2734 2735
9085 2 2 1 1 305 306 1943
9086 2 2 1 1 903 904 1942
9087 2 2 1 1 3634 3635 3636
9088 2 2 1 1 7002 7003 7004
9089 2 2 1 1 3644 3645 3646
9090 2 2 1 1 3951 3709 7618
9091 2 2 1 1 6096 6094 6098
9092 2 2 1 1 5596 5594 5597
9093 2 2 1 1 6082 2945 6083
9094 2 2 1 1 6465 6467 6468
9095 2 2 1 1 287 288 1926
9096 2 2 1 1 3069 2632 7483
9097 2 2 1 1 5900 2956 7553
9098 2 2 1 1 885 886 1927
9099 2 2 1 1 583 584 5882
9100 2 2 1 1 6769 6771 6772
9101 2 2 1 1 296 297 1936
9102 2 2 1 1 894 895 1937
9103 2 2 1 1 55 1558 6958
9104 2 2 1 1 5188 5189 5191
9105 2 2 1 1 457 458 1720
9106 2 2 1 1 873 874 6932
9107 2 2 1 1 2584 2583 2585
9108 2 2 1 1 2794 2793 2795
9109 2 2 1 1 6861 6864 6865
9110 2 2 1 1 205 206 6628
9111 2 2 1 1 2667 2668 2669
9112 2 2 1 1 3843 3841 3922
9113 2 2 1 1 6704 6706 6707
9114 2 2 1 1 284 285 1923
9115 2 2 1 1 882 883 1922
9116 2 2 1 1 2496 2495 2497
9117 2 2 1 1 3415 3414 3416
9118 2 2 1 1 5712 3955 5713
9119 2 2 1 1 299 300 1938
9120 2 2 1 1 897 898 1939
9121 2 2 1 1 2683 2684 2685
9122 2 2 1 1 5816 5818 5819
9123 2 2 1 1 3711 3712 3713
9124 2 2 1 1 6078 6076 6079
9125 2 2 1 1 2533 6682 7257
9126 2 2 1 1 584 585 1924
9127 2 2 1 1 5590 5591 6787
9128 2 2 1 1 2636 2637 2639
9129 2 2 1 1 2695 2697 3179
9130 2 2 1 1 3793 3794 3795
9131 2 2 1 1 300 301 7114
9132 2 2 1 1 2884 2885 2886
9133 2 2 1 1 3002 3003 3177
9134 2 2 1 1 2412 2411 2413
9135 2 2 1 1 302 303 1941
9136 2 2 1 1 895 896 7147
9137 2 2 1 1 900 901 1940
9138 2 2 1 1 2874 2875 2876
9139 2 2 1 1 6643 6642 6644
9140 2 2 1 1 2488 2487 2489
9141 2 2 1 1 6746 6745 6747
9142 2 2 1 1 2786 3030 5507
9143 2 2 1 1 2721 2722 2723
9144 2 2 1 1 512 513 1848
9145 2 2 1 1 1110 1111 1849
9146 2 2 1 1 3848 3849 3852
9147 2 2 1 1 2677 2678 2679
9148 2 2 1 1 1182 1183 1925
9149 2 2 1 1 3740 3741 3742
9150 2 2 1 1 2579 2580 2581
9151 2 2 1 1 3506 3505 3507
9152 2 2 1 1 3742 3741 3743
9153 2 2 1 1 5471 5470 5472
9154 2 2 1 1 7095 1886 7100
9155 2 2 1 1 4164 3177 4327
9156 2 2 1 1 2418 2417 2419
9157 2 2 1 1 2568 2567 2569
9158 2 2 1 1 3496 3495 3497
9159 2 2 1 1 5984 5985 5986
9160 2 2 1 1 4166 4498 4500
9161 2 2 1 1 3566 3568 6346
9162 2 2 1 1 2755 2756 2757
9163 2 2 1 1 2649 2650 2651
9164 2 2 1 1 4049 3514 7410
9165 2 2 1 1 7175 816 7315
9166 2 2 1 1 3002 2398 3003
9167 2 2 1 1 2792 2791 2793
9168 2 2 1 1 3814 3813 3815
9169 2 2 1 1 5494 5492 5495
9170 2 2 1 1 6025 6029 6030
9171 2 2 1 1 577 578 6091
9172 2 2 1 1 5805 3085 5806
9173 2 2 1 1 5182 5181 5183
9174 2 2 1 1 2606 2608 2976
9175 2 2 1 1 2723 2725 2969
9176 2 2 1 1 1803 1081 7283
9177 2 2 1 1 4165 4469 6447
9178 2 2 1 1 815 816 7175
9179 2 2 1 1 3602 3603 3604
9180 2 2 1 1 2598 2600 6627
9181 2 2 1 1 3407 3406 3408
9182 2 2 1 1 7613 5674 7626
9183 2 2 1 1 3516 3515 3517
9184 2 2 1 1 2645 2985 7278
9185 2 2 1 1 6461 6460 6462
9186 2 2 1 1 6410 6407 6412
9187 2 2 1 1 3451 3449 7383
9188 2 2 1 1 3177 4267 7277
9189 2 2 1 1 6126 6125 6128
9190 2 2 1 1 6565 6567 6568
9191 2 2 1 1 3584 3585 3587
9192 2 2 1 1 5594 2943 7518
9193 2 2 1 1 5533 5534 5535
9194 2 2 1 1 3423 3422 3424
9195 2 2 1 1 3648 3649 3650
9196 2 2 1 1 2602 2603 2604
9197 2 2 1 1 515 516 1845
9198 2 2 1 1 1113 1114 1844
9199 2 2 1 1 2963 2535 7257
9200 2 2 1 1 3444 3442 3445
9201 2 2 1 1 5643 5642 5645
9202 2 2 1 1 4322 4161 7270
9203 2 2 1 1 6434 6433 6435
9204 2 2 1 1 4255 4347 4348
9205 2 2 1 1 276 277 2016
9206 2 2 1 1 874 875 2015
9207 2 2 1 1 4096 4152 4208
9208 2 2 1 1 5766 5767 5768
9209 2 2 1 1 2522 2521 2523
9210 2 2 1 1 2739 2738 2740
9211 2 2 1 1 6654 6653 6655
9212 2 2 1 1 5586 5585 5588
9213 2 2 1 1 3900 4043 4091
9214 2 2 1 1 6820 6818 6821
9215 2 2 1 1 2628 2629 2630
9216 2 2 1 1 3500 3499 3501
9217 2 2 1 1 3580 4133 7312
9218 2 2 1 1 5809 5806 5810
9219 2 2 1 1 2800 2799 2801
9220 2 2 1 1 5843 5842 5844
9221 2 2 1 1 4279 4353 4354
9222 2 2 1 1 2780 2779 2781
9223 2 2 1 1 3572 3571 3573
9224 2 2 1 1 6771 6767 6829
9225 2 2 1 1 3108 2456 6910
9226 2 2 1 1 5759 5763 5764
9227 2 2 1 1 2570 2569 2571
9228 2 2 1 1 2860 2859 2861
9229 2 2 1 1 6819 6817 7437
9230 2 2 1 1 4257 4206 4258
9231 2 2 1 1 3636 3637 3638
9232 2 2 1 1 3736 5470 5471
9233 2 2 1 1 3688 3689 3690
9234 2 2 1 1 5285 5288 5497
9235 2 2 1 1 3610 3611 3612
9236 2 2 1 1 5692 2929 5693
9237 2 2 1 1 2420 2419 2421
9238 2 2 1 1 2798 2799 2800
9239 2 2 1 1 4316 4363 4364
9240 2 2 1 1 2458 2457 2459
9241 2 2 1 1 2446 2445 2447
9242 2 2 1 1 2651 2652 2653
9243 2 2 1 1 3826 3827 3828
9244 2 2 1 1 4310 4128 7485
9245 2 2 1 1 6867 6866 6868
9246 2 2 1 1 2422 2421 2423
9247 2 2 1 1 2460 2459 2461
9248 2 2 1 1 3114 4253 5906
9249 2 2 1 1 4164 4327 4888
9250 2 2 1 1 2491 2927 7416
9251 2 2 1 1 5662 4140 7542
9252 2 2 1 1 3010 4204 6823
9253 2 2 1 1 3589 3591 4143
9254 2 2 1 1 3889 3891 3892
9255 2 2 1 1 5712 5714 5715
9256 2 2 1 1 2862 2863 2864
9257 2 2 1 1 5239 5237 5255
9258 2 2 1 1 5243 5242 5244
9259 2 2 1 1 5759 5758 5762
9260 2 2 1 1 3437 3436 3438
9261 2 2 1 1 5345 5803 7540
9262 2 2 1 1 837 838 6905
9263 2 2 1 1 2761 2762 2768
9264 2 2 1 1 5852 5853 5854
9265 2 2 1 1 3417 3416 3418
9266 2 2 1 1 3508 3507 3509
9267 2 2 1 1 3482 3481 3483
9268 2 2 1 1 3538 3537 3539
9269 2 2 1 1 5174 4095 5705
9270 2 2 1 1 4088 4089 4160
9271 2 2 1 1 3717 3718 3719
9272 2 2 1 1 5422 5420 5438
9273 2 2 1 1 6455 6454 6456
9274 2 2 1 1 3456 3455 3457
9275 2 2 1 1 2526 2525 2527
9276 2 2 1 1 2778 2780 7489
9277 2 2 1 1 3666 3667 3668
9278 2 2 1 1 2467 3005 7341
9279 2 2 1 1 2596 2597 2598
9280 2 2 1 1 3589 3588 3590
9281 2 2 1 1 5672 5671 5673
9282 2 2 1 1 6070 6069 6072
9283 2 2 1 1 2426 2425 2427
9284 2 2 1 1 5841 5842 5843
9285 2 2 1 1 2645 2646 2647
9286 2 2 1 1 3626 3627 3628
9287 2 2 1 1 6696 6695 6697
9288 2 2 1 1 3458 3457 3459
9289 2 2 1 1 5109 5108 5110
9290 2 2 1 1 3832 3831 3833
9291 2 2 1 1 4327 3177 7277
9292 2 2 1 1 3719 3721 4019
9293 2 2 1 1 2639 2640 2641
9294 2 2 1 1 3699 3702 3703
9295 2 2 1 1 6491 6489 6492
9296 2 2 1 1 3179 4200 4454
9297 2 2 1 1 3815 3813 3816
9298 2 2 1 1 6300 6299 6301
9299 2 2 1 1 469 6824 6825
9300 2 2 1 1 4088 4160 4211
9301 2 2 1 1 3446 3445 3447
9302 2 2 1 1 3587 3588 3589
9303 2 2 1 1 2520 2515 2521
9304 2 2 1 1 3566 3565 3567
9305 2 2 1 1 3703 3704 3705
9306 2 2 1 1 6333 6332 6336
9307 2 2 1 1 553 554 1892
9308 2 2 1 1 1151 1152 1893
9309 2 2 1 1 2528 2527 2529
9310 2 2 1 1 4289 4291 4505
9311 2 2 1 1 5734 5737 5738
9312 2 2 1 1 1858 6818 6820
9313 2 2 1 1 2424 2423 2425
9314 2 2 1 1 3854 3855 3856
9315 2 2 1 1 2542 2541 2543
9316 2 2 1 1 2588 2589 2590
9317 2 2 1 1 2438 2437 2439
9318 2 2 1 1 3936 3899 3993
9319 2 2 1 1 5411 4026 6164
9320 2 2 1 1 3614 3615 3616
9321 2 2 1 1 3878 3880 4121
9322 2 2 1 1 12 13 2051
9323 2 2 1 1 2653 2652 2654
9324 2 2 1 1 2498 2497 2499
9325 2 2 1 1 2504 2503 2505
9326 2 2 1 1 3584 3587 4136
9327 2 2 1 1 5522 5523 6359
9328 2 2 1 1 3801 3800 3802
9329 2 2 1 1 3803 3804 3805
9330 2 2 1 1 3807 3808 3809
9331 2 2 1 1 5992 4261 5993
9332 2 2 1 1 242 243 7074
9333 2 2 1 1 6593 6590 7287
9334 2 2 1 1 6659 6660 6661
9335 2 2 1 1 2768 2769 2770
9336 2 2 1 1 6804 6803 6805
9337 2 2 1 1 3606 3607 3608
9338 2 2 1 1 2743 2744 2745
9339 2 2 1 1 6615 6614 6616
9340 2 2 1 1 2410 2409 2411
9341 2 2 1 1 3869 3867 3917
9342 2 2 1 1 3502 3501 3503
9343 2 2 1 1 6613 6615 7500
9344 2 2 1 1 2538 2537 2539
9345 2 2 1 1 572 573 1912
9346 2 2 1 1 1170 1171 1913
9347 2 2 1 1 5858 5857 5859
9348 2 2 1 1 4193 4162 4422
9349 2 2 1 1 6889 1811 7423
9350 2 2 1 1 3498 3497 3499
9351 2 2 1 1 2500 2499 2501
9352 2 2 1 1 2739 2740 2741
9353 2 2 1 1 3709 3708 3710
9354 2 2 1 1 3737 3739 3740
9355 2 2 1 1 6613 6612 6614
9356 2 2 1 1 3570 3569 3571
9357 2 2 1 1 4194 4126 5116
9358 2 2 1 1 2600 2601 2602
9359 2 2 1 1 3419 3418 3420
9360 2 2 1 1 3556 3555 3557
9361 2 2 1 1 5186 5187 5188
9362 2 2 1 1 2632 2633 2634
9363 2 2 1 1 3520 3519 3521
9364 2 2 1 1 2677 6453 7336
9365 2 2 1 1 4071 5237 5239
9366 2 2 1 1 2850 2852 2978
9367 2 2 1 1 2634 2635 2636
9368 2 2 1 1 3476 3475 3477
9369 2 2 1 1 2616 2617 2618
9370 2 2 1 1 6054 6052 6055
9371 2 2 1 1 2679 2680 2681
9372 2 2 1 1 575 576 1914
9373 2 2 1 1 1173 1174 1915
9374 2 2 1 1 3746 3747 3748
9375 2 2 1 1 849 850 7282
9376 2 2 1 1 2454 2453 2455
9377 2 2 1 1 889 890 7184
9378 2 2 1 1 3828 3829 3830
9379 2 2 1 1 6871 6862 6873
9380 2 2 1 1 3077 5209 5210
9381 2 2 1 1 3394 3392 3909
9382 2 2 1 1 6331 6333 6334
9383 2 2 1 1 6544 6546 6547
9384 2 2 1 1 2713 2712 2714
9385 2 2 1 1 3442 3440 7504
9386 2 2 1 1 3799 3798 3800
9387 2 2 1 1 6149 6146 6214
9388 2 2 1 1 2814 2815 2816
9389 2 2 1 1 2840 2839 2841
9390 2 2 1 1 3824 3825 3826
9391 2 2 1 1 3670 3671 3672
9392 2 2 1 1 3836 3837 3838
9393 2 2 1 1 4111 4112 4167
9394 2 2 1 1 1720 458 5966
9395 2 2 1 1 275 276 6911
9396 2 2 1 1 4073 4259 6013
9397 2 2 1 1 3754 3755 3756
9398 2 2 1 1 3696 4147 7340
9399 2 2 1 1 6990 6991 6992
9400 2 2 1 1 2014 847 6759
9401 2 2 1 1 2678 2676 7661
9402 2 2 1 1 4285 4097 4359
9403 2 2 1 1 2401 2399 7076
9404 2 2 1 1 3656 3658 4071
9405 2 2 1 1 2474 2473 2475
9406 2 2 1 1 6790 6791 6792
9407 2 2 1 1 4043 3936 7456
9408 2 2 1 1 1773 462 6414
9409 2 2 1 1 2776 2777 2778
9410 2 2 1 1 2780 2782 2997
9411 2 2 1 1 2844 2846 2964
9412 2 2 1 1 7176 7175 7183
9413 2 2 1 1 2818 2819 2820
9414 2 2 1 1 5904 7408 7491
9415 2 2 1 1 2427 6166 6295
9416 2 2 1 1 3504 3503 3505
9417 2 2 1 1 2558 2557 2559
9418 2 2 1 1 3554 3553 3555
9419 2 2 1 1 3649 3905 7452
9420 2 2 1 1 2502 2501 2503
9421 2 2 1 1 2514 2513 2515
9422 2 2 1 1 2711 2710 2712
9423 2 2 1 1 3139 5627 5628
9424 2 2 1 1 1012 1013 7316
9425 2 2 1 1 2592 2593 2594
9426 2 2 1 1 6793 6791 6795
9427 2 2 1 1 4161 4381 4382
9428 2 2 1 1 1109 1110 7224
9429 2 2 1 1 6702 6701 6703
9430 2 2 1 1 5983 5984 5987
9431 2 2 1 1 6690 6687 6691
9432 2 2 1 1 2552 2551 2553
9433 2 2 1 1 2399 2398 3002
9434 2 2 1 1 2512 2511 2513
9435 2 2 1 1 3169 4282 4408
9436 2 2 1 1 3624 3625 3626
9437 2 2 1 1 5125 5124 5126
9438 2 2 1 1 5908 5909 5910
9439 2 2 1 1 3512 3511 3513
9440 2 2 1 1 2572 2571 2573
9441 2 2 1 1 3592 3597 3598
9442 2 2 1 1 2510 2509 2511
9443 2 2 1 1 4819 4818 4820
9444 2 2 1 1 4082 4212 7494
9445 2 2 1 1 783 784 7069
9446 2 2 1 1 2540 2539 2541
9447 2 2 1 1 6426 1577 6427
9448 2 2 1 1 1826 6692 6694
9449 2 2 1 1 1812 6542 6543
9450 2 2 1 1 3460 3459 3461
9451 2 2 1 1 3656 3655 3657
9452 2 2 1 1 2843 2841 2973
9453 2 2 1 1 3472 3471 3473
9454 2 2 1 1 4099 4157 4209
9455 2 2 1 1 4166 3630 4214
9456 2 2 1 1 2753 2754 2755
9457 2 2 1 1 5644 5641 6203
9458 2 2 1 1 2476 2475 2477
9459 2 2 1 1 2530 2529 2531
9460 2 2 1 1 1013 1648 7316
9461 2 2 1 1 4350 5564 5565
9462 2 2 1 1 2448 2447 2449
9463 2 2 1 1 3582 3583 3584
9464 2 2 1 1 2606 2605 2607
9465 2 2 1 1 2600 2599 2601
9466 2 2 1 1 3510 3509 3511
9467 2 2 1 1 2725 2724 2726
9468 2 2 1 1 509 510 1840
9469 2 2 1 1 1107 1108 1841
9470 2 2 1 1 2564 2563 2565
9471 2 2 1 1 5791 5788 6165
9472 2 2 1 1 6801 6802 6803
9473 2 2 1 1 2685 2686 2687
9474 2 2 1 1 3123 2699 3124
9475 2 2 1 1 5835 5834 5836
9476 2 2 1 1 2753 2752 2754
9477 2 2 1 1 3470 3469 3471
9478 2 2 1 1 3003 2398 6385
9479 2 2 1 1 2612 2995 7237
9480 2 2 1 1 2462 2461 2463
9481 2 2 1 1 2544 2543 2545
9482 2 2 1 1 3723 3722 3724
9483 2 2 1 1 6066 6064 6067
9484 2 2 1 1 5981 2767 5982
9485 2 2 1 1 4281 3108 4351
9486 2 2 1 1 2704 3034 7514
9487 2 2 1 1 3654 3655 3656
9488 2 2 1 1 3870 3871 3872
9489 2 2 1 1 2751 2752 2753
9490 2 2 1 1 2792 2794 3056
9491 2 2 1 1 2484 2483 2485
9492 2 2 1 1 2001 6630 6631
9493 2 2 1 1 2482 2481 2483
9494 2 2 1 1 6848 6850 7375
9495 2 2 1 1 2861 2859 2921
9496 2 2 1 1 2408 2407 2409
9497 2 2 1 1 3640 3641 3642
9498 2 2 1 1 3608 3609 3610
9499 2 2 1 1 2776 2775 2777
9500 2 2 1 1 3448 3445 7337
9501 2 2 1 1 2506 2505 2507
9502 2 2 1 1 3648 3647 3649
9503 2 2 1 1 2759 2760 2761
9504 2 2 1 1 3834 3833 3835
9505 2 2 1 1 241 242 7393
9506 2 2 1 1 307 308 5865
9507 2 2 1 1 5886 3665 7536
9508 2 2 1 1 6479 6478 6480
9509 2 2 1 1 3712 3710 3929
9510 2 2 1 1 6744 6743 6745
9511 2 2 1 1 5402 5401 5408
9512 2 2 1 1 5398 5400 5774
9513 2 2 1 1 3622 3623 3624
9514 2 2 1 1 3546 3545 3547
9515 2 2 1 1 7180 7181 7182
9516 2 2 1 1 6817 5728 7437
9517 2 2 1 1 6526 6524 6527
9518 2 2 1 1 2594 2595 2596
9519 2 2 1 1 3454 3453 3455
9520 2 2 1 1 3727 3728 3729
9521 2 2 1 1 6085 6086 6087
9522 2 2 1 1 4258 6580 6581
9523 2 2 1 1 6280 6279 6282
9524 2 2 1 1 2464 2463 2465
9525 2 2 1 1 3518 3517 3519
9526 2 2 1 1 3540 3539 3541
9527 2 2 1 1 5316 4808 5317
9528 2 2 1 1 5472 5470 7519
9529 2 2 1 1 4285 4359 4360
9530 2 2 1 1 3462 3461 3463
9531 2 2 1 1 3523 3521 7113
9532 2 2 1 1 611 612 6617
9533 2 2 1 1 2588 2587 2589
9534 2 2 1 1 3715 3714 3716
9535 2 2 1 1 4479 4207 6475
9536 2 2 1 1 5250 5249 6786
9537 2 2 1 1 6331 6332 6333
9538 2 2 1 1 643 644 1617
9539 2 2 1 1 2620 2621 2622
9540 2 2 1 1 6040 6037 6041
9541 2 2 1 1 3403 3402 3404
9542 2 2 1 1 3421 3420 3422
9543 2 2 1 1 3450 3449 3451
9544 2 2 1 1 767 1783 7106
9545 2 2 1 1 3478 3477 3479
9546 2 2 1 1 4273 4112 4371
9547 2 2 1 1 5745 5746 5747
9548 2 2 1 1 571 572 6586
9549 2 2 1 1 5665 5250 5666
9550 2 2 1 1 1127 5608 7174
9551 2 2 1 1 2566 2565 2567
9552 2 2 1 1 3787 3788 3789
9553 2 2 1 1 2612 2613 2614
9554 2 2 1 1 3484 3483 3485
9555 2 2 1 1 4151 4215 4461
9556 2 2 1 1 4551 4191 5203
9557 2 2 1 1 2560 2559 2561
9558 2 2 1 1 5730 5727 5731
9559 2 2 1 1 3668 3669 3670
9560 2 2 1 1 1811 789 7423
9561 2 2 1 1 3002 3177 4164
9562 2 2 1 1 45 46 1616
9563 2 2 1 1 3616 3617 3618
9564 2 2 1 1 5757 5754 5758
9565 2 2 1 1 5618 5621 5622
9566 2 2 1 1 3682 3683 3684
9567 2 2 1 1 3129 6407 6408
9568 2 2 1 1 3452 3451 3453
9569 2 2 1 1 6631 6630 6632
9570 2 2 1 1 246 1742 7488
9571 2 2 1 1 3744 3743 3745
9572 2 2 1 1 4099 4209 7354
9573 2 2 1 1 2590 2591 2592
9574 2 2 1 1 1789 6790 6794
9575 2 2 1 1 3405 3404 3406
9576 2 2 1 1 3534 3533 3535
9577 2 2 1 1 1112 7002 7009
9578 2 2 1 1 6433 1137 6443
9579 2 2 1 1 3758 3757 3759
9580 2 2 1 1 6193 6197 6954
9581 2 2 1 1 3129 6408 6409
9582 2 2 1 1 5975 5972 5976
9583 2 2 1 1 3723 3724 3725
9584 2 2 1 1 4252 4377 4378
9585 2 2 1 1 5549 5444 5550
9586 2 2 1 1 2588 2590 3055
9587 2 2 1 1 158 6815 7258
9588 2 2 1 1 2598 2599 2600
9589 2 2 1 1 6990 6988 6991
9590 2 2 1 1 4048 4261 5992
9591 2 2 1 1 4329 4457 4561
9592 2 2 1 1 6194 6192 6198
9593 2 2 1 1 957 958 7380
9594 2 2 1 1 3898 3897 3899
9595 2 2 1 1 5880 5878 5881
9596 2 2 1 1 7492 2971 7521
9597 2 2 1 1 3524 3523 3525
9598 2 2 1 1 5850 5851 5852
9599 2 2 1 1 3550 3549 3551
9600 2 2 1 1 2743 2742 2744
9601 2 2 1 1 2834 2833 2835
9602 2 2 1 1 2436 2435 2437
9603 2 2 1 1 2556 2555 2557
9604 2 2 1 1 6891 6892 6895
9605 2 2 1 1 2606 2607 2608
9606 2 2 1 1 3522 3521 3523
9607 2 2 1 1 4128 4043 4339
9608 2 2 1 1 42 43 1618
9609 2 2 1 1 3435 3434 3436
9610 2 2 1 1 3909 6590 6591
9611 2 2 1 1 4423 4422 4539
9612 2 2 1 1 3464 3463 3465
9613 2 2 1 1 4348 5433 5434
9614 2 2 1 1 2610 2609 2611
9615 2 2 1 1 2630 2631 2632
9616 2 2 1 1 3668 3667 3669
9617 2 2 1 1 2576 2575 2577
9618 2 2 1 1 2466 2465 2467
9619 2 2 1 1 4044 5447 5448
9620 2 2 1 1 1886 254 7100
9621 2 2 1 1 5699 5702 5703
9622 2 2 1 1 3744 3746 7643
9623 2 2 1 1 5651 5650 5652
9624 2 2 1 1 4276 3019 4369
9625 2 2 1 1 2470 2469 2471
9626 2 2 1 1 345 346 7286
9627 2 2 1 1 3582 3581 3583
9628 2 2 1 1 2608 2607 2609
9629 2 2 1 1 5500 4353 6321
9630 2 2 1 1 5590 5589 5591
9631 2 2 1 1 2527 2525 6680
9632 2 2 1 1 3664 3665 3666
9633 2 2 1 1 1812 6543 6544
9634 2 2 1 1 6669 6670 6671
9635 2 2 1 1 2727 2728 2729
9636 2 2 1 1 3558 3557 3559
9637 2 2 1 1 3826 3825 3827
9638 2 2 1 1 5557 2898 5559
9639 2 2 1 1 3935 5617 5618
9640 2 2 1 1 3762 3763 3764
9641 2 2 1 1 943 944 7285
9642 2 2 1 1 6210 6149 6211
9643 2 2 1 1 7438 7369 7439
9644 2 2 1 1 2452 2451 2453
9645 2 2 1 1 2546 2545 2547
9646 2 2 1 1 3584 3583 3585
9647 2 2 1 1 7111 7109 7112
9648 2 2 1 1 7600 6442 7652
9649 2 2 1 1 6854 6855 6856
9650 2 2 1 1 2471 2469 7173
9651 2 2 1 1 640 641 1619
9652 2 2 1 1 2442 2443 2444
9653 2 2 1 1 2598 2597 2599
9654 2 2 1 1 2604 2605 2606
9655 2 2 1 1 4123 4053 4301
9656 2 2 1 1 6210 6211 6212
9657 2 2 1 1 2480 2479 2481
9658 2 2 1 1 5266 5265 5268
9659 2 2 1 1 3656 3657 3658
9660 2 2 1 1 6865 6864 6866
9661 2 2 1 1 577 6091 7593
9662 2 2 1 1 2608 2609 2610
9663 2 2 1 1 5758 5754 6080
9664 2 2 1 1 2535 2533 7257
9665 2 2 1 1 2406 2405 2407
9666 2 2 1 1 2846 2847 2848
9667 2 2 1 1 6302 6301 6303
9668 2 2 1 1 3676 3677 3678
9669 2 2 1 1 3936 3993 4105
9670 2 2 1 1 3056 5788 5789
9671 2 2 1 1 2450 2449 2451
9672 2 2 1 1 6436 6435 6437
9673 2 2 1 1 5354 5353 5682
9674 2 2 1 1 3962 3555 7354
9675 2 2 1 1 2586 2587 2588
9676 2 2 1 1 2468 2467 2469
9677 2 2 1 1 2937 5176 5177
9678 2 2 1 1 5812 5813 5814
9679 2 2 1 1 3832 3833 3834
9680 2 2 1 1 3768 3769 3770
9681 2 2 1 1 791 1814 7387
9682 2 2 1 1 5854 5857 5858
9683 2 2 1 1 7002 7004 7009
9684 2 2 1 1 2472 2471 2473
9685 2 2 1 1 6071 6074 6075
9686 2 2 1 1 3509 7386 7410
9687 2 2 1 1 3425 3424 3426
9688 2 2 1 1 3780 3850 6967
9689 2 2 1 1 2434 2433 2435
9690 2 2 1 1 4147 3698 4205
9691 2 2 1 1 3702 4111 7558
9692 2 2 1 1 3848 3852 4101
9693 2 2 1 1 2599 2971 7408
9694 2 2 1 1 6801 6800 6802
9695 2 2 1 1 6463 6464 6465
9696 2 2 1 1 2729 2728 2730
9697 2 2 1 1 6463 6462 6464
9698 2 2 1 1 3468 3467 3469
9699 2 2 1 1 824 825 7500
9700 2 2 1 1 2645 2644 2646
9701 2 2 1 1 2582 2581 2583
9702 2 2 1 1 2649 2648 2650
9703 2 2 1 1 3696 3698 4147
9704 2 2 1 1 207 208 6999
9705 2 2 1 1 2002 6687 6690
9706 2 2 1 1 2808 2809 2810
9707 2 2 1 1 3580 3581 3582
9708 2 2 1 1 391 392 7276
9709 2 2 1 1 2669 2670 2671
9710 2 2 1 1 5590 7457 7468
9711 2 2 1 1 6793 6795 6796
9712 2 2 1 1 3439 3440 3441
9713 2 2 1 1 1110 1849 7224
9714 2 2 1 1 5125 5126 5127
9715 2 2 1 1 790 791 7387
9716 2 2 1 1 3725 3724 3726
9717 2 2 1 1 422 423 7352
9718 2 2 1 1 2677 2676 2678
9719 2 2 1 1 2683 2682 2684
9720 2 2 1 1 3707 3706 3708
9721 2 2 1 1 6774 6776 6777
9722 2 2 1 1 2578 2577 2579
9723 2 2 1 1 2428 2427 2429
9724 2 2 1 1 4279 4100 4353
9725 2 2 1 1 2693 2694 2695
9726 2 2 1 1 6548 6547 6549
9727 2 2 1 1 2880 2879 2881
9728 2 2 1 1 3889 3890 3891
9729 2 2 1 1 208 2011 6999
9730 2 2 1 1 2840 2841 2842
9731 2 2 1 1 2745 2746 2747
9732 2 2 1 1 6592 6591 6594
9733 2 2 1 1 3721 3722 3723
9734 2 2 1 1 6046 3934 6062
9735 2 2 1 1 5464 5463 6049
9736 2 2 1 1 3897 3895 5151
9737 2 2 1 1 757 758 1728
9738 2 2 1 1 3620 3621 3622
9739 2 2 1 1 3646 3645 3647
9740 2 2 1 1 3717 3716 3718
9741 2 2 1 1 2731 2732 2733
9742 2 2 1 1 3642 3641 3643
9743 2 2 1 1 2492 2493 2494
9744 2 2 1 1 5186 5185 5187
9745 2 2 1 1 2618 2619 2620
9746 2 2 1 1 3622 3621 3623
9747 2 2 1 1 3433 3432 3434
9748 2 2 1 1 5717 5718 5719
9749 2 2 1 1 5850 5849 5851
9750 2 2 1 1 4347 3001 7260
9751 2 2 1 1 3474 3473 3475
9752 2 2 1 1 2704 2702 3034
9753 2 2 1 1 3764 3763 3765
9754 2 2 1 1 5478 5442 7265
9755 2 2 1 1 5567 5565 5568
9756 2 2 1 1 6884 6882 6887
9757 2 2 1 1 4037 3741 7610
9758 2 2 1 1 2707 2706 2708
9759 2 2 1 1 3005 6148 7341
9760 2 2 1 1 5248 5164 5249
9761 2 2 1 1 3466 3465 3467
9762 2 2 1 1 6498 6495 7393
9763 2 2 1 1 3090 5444 5549
9764 2 2 1 1 159 160 1727
9765 2 2 1 1 3650 3649 3651
9766 2 2 1 1 2440 2441 2442
9767 2 2 1 1 2745 2744 2746
9768 2 2 1 1 3401 3400 3402
9769 2 2 1 1 3756 3755 3757
9770 2 2 1 1 3431 3430 3432
9771 2 2 1 1 7003 7005 7006
9772 2 2 1 1 2671 2670 2672
9773 2 2 1 1 3532 3531 3533
9774 2 2 1 1 3544 3543 3545
9775 2 2 1 1 4622 4479 4623
9776 2 2 1 1 2784 2785 2786
9777 2 2 1 1 2810 2812 3146
9778 2 2 1 1 2882 2883 2884
9779 2 2 1 1 1843 7177 7180
9780 2 2 1 1 2455 2458 7427
9781 2 2 1 1 6996 822 7431
9782 2 2 1 1 2560 2561 2562
9783 2 2 1 1 6657 6656 6658
9784 2 2 1 1 2780 2781 2782
9785 2 2 1 1 7288 3928 7289
9786 2 2 1 1 2620 2619 2621
9787 2 2 1 1 2973 5398 5399
9788 2 2 1 1 5854 5853 5857
9789 2 2 1 1 4071 5240 7530
9790 2 2 1 1 5120 5119 5122
9791 2 2 1 1 6343 6045 6344
9792 2 2 1 1 5763 5762 5765
9793 2 2 1 1 2788 2789 2790
9794 2 2 1 1 5973 5969 5974
9795 2 2 1 1 3174 4283 4391
9796 2 2 1 1 3733 3734 3736
9797 2 2 1 1 2511 2509 6851
9798 2 2 1 1 5535 5537 5538
9799 2 2 1 1 5918 5919 5921
9800 2 2 1 1 4255 3001 4347
9801 2 2 1 1 3536 3535 3537
9802 2 2 1 1 2519 6374 7432
9803 2 2 1 1 6152 6151 6153
9804 2 2 1 1 3566 3567 3568
9805 2 2 1 1 5188 5187 5189
9806 2 2 1 1 6744 6745 6746
9807 2 2 1 1 3562 3563 3564
9808 2 2 1 1 5123 5125 5128
9809 2 2 1 1 2610 2611 2612
9810 2 2 1 1 6482 6481 6483
9811 2 2 1 1 1735 5929 7433
9812 2 2 1 1 2574 2576 7561
9813 2 2 1 1 2589 2587 7592
9814 2 2 1 1 5571 5574 5575
9815 2 2 1 1 697 1633 7218
9816 2 2 1 1 1063 1064 7267
9817 2 2 1 1 3578 3579 3580
9818 2 2 1 1 2532 2531 2533
9819 2 2 1 1 3602 3601 3603
9820 2 2 1 1 6075 6076 6078
9821 2 2 1 1 4486 4154 4488
9822 2 2 1 1 7220 7221 7222
9823 2 2 1 1 2621 2619 7516
9824 2 2 1 1 3600 3599 3601
9825 2 2 1 1 3620 3619 3621
9826 2 2 1 1 3663 4062 7536
9827 2 2 1 1 3874 3875 3876
9828 2 2 1 1 2868 2869 2870
9829 2 2 1 1 4163 4219 4249
9830 2 2 1 1 3824 3826 3956
9831 2 2 1 1 3659 3657 7467
9832 2 2 1 1 5711 3955 5712
9833 2 2 1 1 4204 4342 4808
9834 2 2 1 1 3408 3412 3413
9835 2 2 1 1 6661 6660 6663
9836 2 2 1 1 2397 2395 2398
9837 2 2 1 1 2455 2457 2458
9838 2 2 1 1 2618 2617 2619
9839 2 2 1 1 4091 4128 4223
9840 2 2 1 1 5560 5562 5563
9841 2 2 1 1 6641 6642 6643
9842 2 2 1 1 1070 7279 7280
9843 2 2 1 1 2582 2583 2584
9844 2 2 1 1 3564 3563 3565
9845 2 2 1 1 2838 2837 2839
9846 2 2 1 1 6024 2894 7524
9847 2 2 1 1 2781 2779 3067
9848 2 2 1 1 3173 3124 4298
9849 2 2 1 1 374 375 1611
9850 2 2 1 1 972 973 1610
9851 2 2 1 1 3924 6271 6272
9852 2 2 1 1 3556 3557 3558
9853 2 2 1 1 3762 3761 3763
9854 2 2 1 1 6983 6981 6986
9855 2 2 1 1 2630 2629 2631
9856 2 2 1 1 2846 2845 2847
9857 2 2 1 1 2478 2477 2479
9858 2 2 1 1 2798 2797 2799
9859 2 2 1 1 3578 3577 3579
9860 2 2 1 1 2636 2635 2637
9861 2 2 1 1 4889 4888 4890
9862 2 2 1 1 342 343 1602
9863 2 2 1 1 2703 2704 2705
9864 2 2 1 1 3568 3567 3569
9865 2 2 1 1 6592 6594 6595
9866 2 2 1 1 4170 4083 4365
9867 2 2 1 1 3991 5551 5552
9868 2 2 1 1 4065 5336 5337
9869 2 2 1 1 6835 1833 6838
9870 2 2 1 1 5511 5509 5512
9871 2 2 1 1 6176 6177 6178
9872 2 2 1 1 6867 6868 6875
9873 2 2 1 1 7179 7176 7183
9874 2 2 1 1 4358 4357 5815
9875 2 2 1 1 6465 6464 6467
9876 2 2 1 1 6178 6179 6180
9877 2 2 1 1 2432 2431 2433
9878 2 2 1 1 6312 6310 6313
9879 2 2 1 1 4350 4349 5564
9880 2 2 1 1 6028 6032 6033
9881 2 2 1 1 3640 3642 7482
9882 2 2 1 1 5811 5807 5812
9883 2 2 1 1 5363 5362 5365
9884 2 2 1 1 3626 3625 3627
9885 2 2 1 1 3441 3442 3444
9886 2 2 1 1 344 345 2000
9887 2 2 1 1 944 945 1585
9888 2 2 1 1 3630 3629 3631
9889 2 2 1 1 6284 6285 6292
9890 2 2 1 1 6763 6761 6764
9891 2 2 1 1 2675 2677 7336
9892 2 2 1 1 3526 3525 3527
9893 2 2 1 1 4164 4889 7076
9894 2 2 1 1 940 941 1603
9895 2 2 1 1 3437 3438 3439
9896 2 2 1 1 6635 6636 6637
9897 2 2 1 1 6349 6351 6353
9898 2 2 1 1 2624 2625 2626
9899 2 2 1 1 6119 614 6122
9900 2 2 1 1 3429 3428 3430
9901 2 2 1 1 1798 6723 6726
9902 2 2 1 1 4121 5152 5153
9903 2 2 1 1 3562 3561 3563
9904 2 2 1 1 5708 5709 5710
9905 2 2 1 1 2416 2417 2418
9906 2 2 1 1 2550 2549 2551
9907 2 2 1 1 2705 2704 2706
9908 2 2 1 1 2782 2781 2783
9909 2 2 1 1 3530 3529 3531
9910 2 2 1 1 5504 5503 5505
9911 2 2 1 1 5547 5545 5548
9912 2 2 1 1 2488 2489 2490
9913 2 2 1 1 3746 3745 3747
9914 2 2 1 1 6273 6271 6283
9915 2 2 1 1 942 943 1999
9916 2 2 1 1 6171 6168 6172
9917 2 2 1 1 346 347 1584
9918 2 2 1 1 6568 6567 6569
9919 2 2 1 1 2430 2429 2431
9920 2 2 1 1 2584 2585 2586
9921 2 2 1 1 5830 5829 5832
9922 2 2 1 1 2486 2487 2488
9923 2 2 1 1 2653 2654 2655
9924 2 2 1 1 3727 3726 3728
9925 2 2 1 1 6629 6628 6906
9926 2 2 1 1 2444 2445 2446
9927 2 2 1 1 3680 3679 3681
9928 2 2 1 1 5492 5491 7409
9929 2 2 1 1 3968 5519 5520
9930 2 2 1 1 3144 5289 5290
9931 2 2 1 1 3661 3663 3664
9932 2 2 1 1 4217 4570 4571
9933 2 2 1 1 6374 6380 7432
9934 2 2 1 1 2562 2563 2564
9935 2 2 1 1 5270 5271 7272
9936 2 2 1 1 5275 5274 5276
9937 2 2 1 1 3787 3786 3788
9938 2 2 1 1 3812 3813 3814
9939 2 2 1 1 2404 2403 2405
9940 2 2 1 1 4107 3596 4203
9941 2 2 1 1 21 22 6186
9942 2 2 1 1 3479 3481 3482
9943 2 2 1 1 3703 3702 3704
9944 2 2 1 1 2562 2561 2563
9945 2 2 1 1 3758 3759 3760
9946 2 2 1 1 6421 6419 6422
9947 2 2 1 1 4150 4616 7383
9948 2 2 1 1 5443 5442 5478
9949 2 2 1 1 4198 5355 5356
9950 2 2 1 1 6043 6045 6343
9951 2 2 1 1 2687 2688 2689
9952 2 2 1 1 3539 3924 7513
9953 2 2 1 1 2740 2961 7517
9954 2 2 1 1 6738 2014 6759
9955 2 2 1 1 3492 3493 3494
9956 2 2 1 1 3548 3547 3549
9957 2 2 1 1 3815 3817 3818
9958 2 2 1 1 6173 6175 6176
9959 2 2 1 1 2858 2857 2859
9960 2 2 1 1 3686 3685 3687
9961 2 2 1 1 941 942 7301
9962 2 2 1 1 6489 1865 7073
9963 2 2 1 1 2612 2611 2613
9964 2 2 1 1 2717 2716 2718
9965 2 2 1 1 3608 3607 3609
9966 2 2 1 1 6741 6743 6744
9967 2 2 1 1 6495 1869 7393
9968 2 2 1 1 2482 2484 7497
9969 2 2 1 1 5899 2956 5900
9970 2 2 1 1 4318 4049 4349
9971 2 2 1 1 4291 4203 5863
9972 2 2 1 1 2818 2817 2819
9973 2 2 1 1 5139 5138 5140
9974 2 2 1 1 3821 4033 5479
9975 2 2 1 1 5475 5472 7519
9976 2 2 1 1 1880 849 7282
9977 2 2 1 1 2574 2573 2575
9978 2 2 1 1 3866 3867 3868
9979 2 2 1 1 3591 3592 7334
9980 2 2 1 1 5521 5519 5531
9981 2 2 1 1 3427 3426 3428
9982 2 2 1 1 5898 5899 5901
9983 2 2 1 1 2534 2533 2535
9984 2 2 1 1 2689 2690 2691
9985 2 2 1 1 3696 3695 3697
9986 2 2 1 1 160 161 6396
9987 2 2 1 1 2586 2585 2587
9988 2 2 1 1 5403 5402 5404
9989 2 2 1 1 3825 3823 4007
9990 2 2 1 1 3935 3757 5616
9991 2 2 1 1 3766 3765 3767
9992 2 2 1 1 5436 5434 5437
9993 2 2 1 1 2723 2722 2724
9994 2 2 1 1 3756 3757 3758
9995 2 2 1 1 3872 3871 3873
9996 2 2 1 1 5559 2898 7591
9997 2 2 1 1 5806 3085 7336
9998 2 2 1 1 3546 3547 3548
9999 2 2 1 1 2574 2575 2576
10000 2 2 1 1 3698 3697 3699
10001 2 2 1 1 3498 3499 3500
10002 2 2 1 1 2747 2746 2748
10003 2 2 1 1 2556 2557 2558
10004 2 2 1 1 5418 5949 5950
10005 2 2 1 1 6166 6169 6295
10006 2 2 1 1 1124 7039 7041
10007 2 2 1 1 6637 6636 6638
10008 2 2 1 1 2741 2740 2742
10009 2 2 1 1 5679 5680 5681
10010 2 2 1 1 3542 3541 3543
10011 2 2 1 1 3568 3569 3570
10012 2 2 1 1 3841 3839 5248
10013 2 2 1 1 5210 5212 6382
10014 2 2 1 1 6565 6568 6571
10015 2 2 1 1 6891 6889 6892
10016 2 2 1 1 1798 182 6720
10017 2 2 1 1 2655 2654 2656
10018 2 2 1 1 5235 5233 5236
10019 2 2 1 1 6026 6024 6027
10020 2 2 1 1 6468 6469 6470
10021 2 2 1 1 6497 6495 6498
10022 2 2 1 1 826 1859 7379
10023 2 2 1 1 3929 5570 5571
10024 2 2 1 1 5465 4355 6092
10025 2 2 1 1 6647 6648 6649
10026 2 2 1 1 6769 6767 6771
10027 2 2 1 1 3558 3559 3560
10028 2 2 1 1 4265 4000 4345
10029 2 2 1 1 2399 3002 7076
10030 2 2 1 1 6092 4355 6406
10031 2 2 1 1 833 834 6394
10032 2 2 1 1 6086 7269 7512
10033 2 2 1 1 6564 6565 6566
10034 2 2 1 1 3797 3796 3798
10035 2 2 1 1 2397 2398 2399
10036 2 2 1 1 3399 3398 3400
10037 2 2 1 1 4076 3785 4196
10038 2 2 1 1 2536 2535 2537
10039 2 2 1 1 2611 2935 6684
10040 2 2 1 1 2647 2646 2648
10041 2 2 1 1 6361 2917 6362
10042 2 2 1 1 4164 4888 4889
10043 2 2 1 1 5326 5327 5329
10044 2 2 1 1 3664 3663 3665
10045 2 2 1 1 372 373 2022
10046 2 2 1 1 970 971 2023
10047 2 2 1 1 4105 4191 4319
10048 2 2 1 1 2626 2625 2627
10049 2 2 1 1 2494 2495 2496
10050 2 2 1 1 2669 2668 2670
10051 2 2 1 1 5468 5466 5469
10052 2 2 1 1 2796 2795 2797
10053 2 2 1 1 4298 4367 4368
10054 2 2 1 1 2687 2686 2688
10055 2 2 1 1 7278 5745 7469
10056 2 2 1 1 2842 2843 2844
10057 2 2 1 1 193 1815 7404
10058 2 2 1 1 2523 2525 2526
10059 2 2 1 1 2498 2499 2500
10060 2 2 1 1 3737 3738 3739
10061 2 2 1 1 4356 4355 5465
10062 2 2 1 1 2568 2569 2570
10063 2 2 1 1 5976 5972 5977
10064 2 2 1 1 3803 3802 3804
10065 2 2 1 1 2572 2573 2574
10066 2 2 1 1 2882 2884 3099
10067 2 2 1 1 3754 3753 3755
10068 2 2 1 1 3560 3559 3561
10069 2 2 1 1 5983 5987 5988
10070 2 2 1 1 2566 2567 2568
10071 2 2 1 1 942 1999 7301
10072 2 2 1 1 2582 2584 7470
10073 2 2 1 1 2000 345 7286
10074 2 2 1 1 3444 3445 3446
10075 2 2 1 1 5756 5773 6446
10076 2 2 1 1 5401 5398 5774
10077 2 2 1 1 2848 2849 2850
10078 2 2 1 1 3686 3687 3688
10079 2 2 1 1 4354 5498 5499
10080 2 2 1 1 339 340 1582
10081 2 2 1 1 3819 3817 6068
10082 2 2 1 1 604 605 7281
10083 2 2 1 1 2816 2815 2817
10084 2 2 1 1 3846 3845 3847
10085 2 2 1 1 2446 2447 2448
10086 2 2 1 1 3551 3553 3554
10087 2 2 1 1 2422 2423 2424
10088 2 2 1 1 2877 2875 2925
10089 2 2 1 1 3929 3710 5569
10090 2 2 1 1 4616 4615 4617
10091 2 2 1 1 5540 5539 5542
10092 2 2 1 1 2665 2664 2666
10093 2 2 1 1 4154 2578 7171
10094 2 2 1 1 2594 2593 2595
10095 2 2 1 1 7180 7177 7181
10096 2 2 1 1 3576 3575 3577
10097 2 2 1 1 2602 2601 2603
10098 2 2 1 1 3634 3633 3635
10099 2 2 1 1 2414 2415 2416
10100 2 2 1 1 2735 2734 2736
10101 2 2 1 1 2596 2595 2597
10102 2 2 1 1 3784 3782 3785
10103 2 2 1 1 3676 3675 3677
10104 2 2 1 1 4348 4347 5433
10105 2 2 1 1 2412 2413 2414
10106 2 2 1 1 3486 3487 3488
10107 2 2 1 1 3770 4135 5895
10108 2 2 1 1 2641 2640 2642
10109 2 2 1 1 5221 5492 5493
10110 2 2 1 1 2550 2551 2552
10111 2 2 1 1 2887 2888 2889
10112 2 2 1 1 649 650 1621
10113 2 2 1 1 3484 3485 3486
10114 2 2 1 1 2579 2581 2582
10115 2 2 1 1 3447 3450 7459
10116 2 2 1 1 3606 3605 3607
10117 2 2 1 1 2709 2708 2710
10118 2 2 1 1 2723 2724 2725
10119 2 2 1 1 3488 3489 3490
10120 2 2 1 1 4368 5232 5233
10121 2 2 1 1 4130 4063 4316
10122 2 2 1 1 2639 2637 2640
10123 2 2 1 1 999 1000 1657
10124 2 2 1 1 3687 3927 7619
10125 2 2 1 1 937 938 1583
10126 2 2 1 1 3852 3853 3854
10127 2 2 1 1 5454 4079 7441
10128 2 2 1 1 3560 3561 3562
10129 2 2 1 1 3896 3897 3898
10130 2 2 1 1 2622 2621 2623
10131 2 2 1 1 2755 2754 2756
10132 2 2 1 1 346 1584 7286
10133 2 2 1 1 944 1585 7285
10134 2 2 1 1 6707 6708 6709
10135 2 2 1 1 6767 2013 6829
10136 2 2 1 1 822 823 7431
10137 2 2 1 1 51 52 1620
10138 2 2 1 1 2614 2613 2615
10139 2 2 1 1 3795 3794 3796
10140 2 2 1 1 4364 4363 5877
10141 2 2 1 1 6525 6524 6526
10142 2 2 1 1 3729 3730 3731
10143 2 2 1 1 855 856 7455
10144 2 2 1 1 5417 5416 5418
10145 2 2 1 1 3754 3756 7420
10146 2 2 1 1 2458 2459 2460
10147 2 2 1 1 3462 3463 3464
10148 2 2 1 1 6085 6083 6086
10149 2 2 1 1 3553 4099 7354
10150 2 2 1 1 3805 3804 3806
10151 2 2 1 1 401 402 1656
10152 2 2 1 1 3640 3639 3641
10153 2 2 1 1 3472 3473 3474
10154 2 2 1 1 4289 4203 4291
10155 2 2 1 1 5575 5574 5576
10156 2 2 1 1 6022 6031 6851
10157 2 2 1 1 3789 3790 3791
10158 2 2 1 1 3413 3414 3415
10159 2 2 1 1 4032 3556 6358
10160 2 2 1 1 3752 3751 3753
10161 2 2 1 1 6672 6671 6673
10162 2 2 1 1 3513 3515 3516
10163 2 2 1 1 3809 3808 3810
10164 2 2 1 1 5263 5262 5348
10165 2 2 1 1 3542 3543 3544
10166 2 2 1 1 6700 6701 6702
10167 2 2 1 1 2698 2700 2701
10168 2 2 1 1 5133 5135 5136
10169 2 2 1 1 3496 3497 3498
10170 2 2 1 1 6314 6313 6318
10171 2 2 1 1 2548 2549 2550
10172 2 2 1 1 3456 3457 3458
10173 2 2 1 1 3482 3483 3484
10174 2 2 1 1 6527 6528 6529
10175 2 2 1 1 2480 2481 2482
10176 2 2 1 1 3616 3615 3617
10177 2 2 1 1 2476 2477 2478
10178 2 2 1 1 2819 2817 2919
10179 2 2 1 1 2624 2623 2625
10180 2 2 1 1 3587 3585 3588
10181 2 2 1 1 3618 3617 3619
10182 2 2 1 1 6028 6027 6032
10183 2 2 1 1 1999 943 7285
10184 2 2 1 1 3652 3651 3653
10185 2 2 1 1 2698 2699 2700
10186 2 2 1 1 2828 2827 2829
10187 2 2 1 1 3927 5698 5699
10188 2 2 1 1 3880 3879 3881
10189 2 2 1 1 70 71 1640
10190 2 2 1 1 668 669 1641
10191 2 2 1 1 2478 2479 2480
10192 2 2 1 1 6364 6362 6365
10193 2 2 1 1 6437 6438 6439
10194 2 2 1 1 2462 2463 2464
10195 2 2 1 1 23 24 1574
10196 2 2 1 1 3419 3420 3421
10197 2 2 1 1 5843 5844 5845
10198 2 2 1 1 6131 6130 6132
10199 2 2 1 1 621 622 1575
10200 2 2 1 1 2418 2419 2420
10201 2 2 1 1 6173 6172 6175
10202 2 2 1 1 3876 3875 3877
10203 2 2 1 1 6712 1730 6717
10204 2 2 1 1 2701 2703 3028
10205 2 2 1 1 2504 2505 2506
10206 2 2 1 1 330 331 1564
10207 2 2 1 1 3466 3467 3468
10208 2 2 1 1 3604 3603 3605
10209 2 2 1 1 3580 3579 3581
10210 2 2 1 1 5841 5840 5842
10211 2 2 1 1 3454 3455 3456
10212 2 2 1 1 5738 5737 5739
10213 2 2 1 1 2616 2615 2617
10214 2 2 1 1 3729 3728 3730
10215 2 2 1 1 3960 6347 6349
10216 2 2 1 1 4362 5503 5504
10217 2 2 1 1 2700 2699 3123
10218 2 2 1 1 3516 3966 7376
10219 2 2 1 1 4354 4353 5498
10220 2 2 1 1 6293 5643 6294
10221 2 2 1 1 3417 3418 3419
10222 2 2 1 1 3831 3829 3964
10223 2 2 1 1 4276 4369 4370
10224 2 2 1 1 5481 5483 5484
10225 2 2 1 1 2830 2831 2832
10226 2 2 1 1 5996 5998 5999
10227 2 2 1 1 6360 6361 6363
10228 2 2 1 1 6596 6595 6597
10229 2 2 1 1 785 1800 7245
10230 2 2 1 1 3548 3549 3550
10231 2 2 1 1 2673 2672 2674
10232 2 2 1 1 6008 6011 6012
10233 2 2 1 1 4352 4351 5544
10234 2 2 1 1 928 929 1565
10235 2 2 1 1 3588 3585 3913
10236 2 2 1 1 5845 5849 5850
10237 2 2 1 1 3644 3643 3645
10238 2 2 1 1 3894 3895 3896
10239 2 2 1 1 2410 2411 2412
10240 2 2 1 1 3694 3695 3696
10241 2 2 1 1 3536 3537 3538
10242 2 2 1 1 6656 5985 6665
10243 2 2 1 1 4269 4852 4853
10244 2 2 1 1 2722 2966 7577
10245 2 2 1 1 3447 3449 3450
10246 2 2 1 1 3490 3491 3492
10247 2 2 1 1 3886 3887 3888
10248 2 2 1 1 2482 2483 2484
10249 2 2 1 1 6303 6306 7447
10250 2 2 1 1 2780 2997 7489
10251 2 2 1 1 5790 5788 5791
10252 2 2 1 1 2863 2861 5415
10253 2 2 1 1 3516 3517 3518
10254 2 2 1 1 3058 2593 7391
10255 2 2 1 1 1801 6861 7429
10256 2 2 1 1 610 611 2052
10257 2 2 1 1 2470 2471 2472
10258 2 2 1 1 3784 3786 3787
10259 2 2 1 1 3782 3780 6967
10260 2 2 1 1 4059 4126 4194
10261 2 2 1 1 2496 2497 2498
10262 2 2 1 1 3002 4164 7076
10263 2 2 1 1 758 759 6397
10264 2 2 1 1 2651 2650 2652
10265 2 2 1 1 4464 4465 4558
10266 2 2 1 1 344 2000 7300
10267 2 2 1 1 6063 3774 7616
10268 2 2 1 1 343 344 7300
10269 2 2 1 1 3666 3665 3667
10270 2 2 1 1 6448 545 6449
10271 2 2 1 1 3018 3172 4168
10272 2 2 1 1 2943 2541 7518
10273 2 2 1 1 3628 3627 3629
10274 2 2 1 1 6973 6972 6974
10275 2 2 1 1 3405 3406 3407
10276 2 2 1 1 4223 4310 4553
10277 2 2 1 1 251 252 7395
10278 2 2 1 1 3692 3693 3694
10279 2 2 1 1 3748 3747 3749
10280 2 2 1 1 5560 5561 5562
10281 2 2 1 1 470 1784 6824
10282 2 2 1 1 2402 2401 2403
10283 2 2 1 1 2484 2485 2486
10284 2 2 1 1 6499 3726 7444
10285 2 2 1 1 6777 6778 6779
10286 2 2 1 1 3506 3507 3508
10287 2 2 1 1 3999 4150 7383
10288 2 2 1 1 2878 2879 2880
10289 2 2 1 1 3077 5210 5211
10290 2 2 1 1 6292 6285 7575
10291 2 2 1 1 4356 5465 5466
10292 2 2 1 1 159 1727 6815
10293 2 2 1 1 3035 3036 3168
10294 2 2 1 1 3415 3416 3417
10295 2 2 1 1 6212 6211 6213
10296 2 2 1 1 3524 3525 3526
10297 2 2 1 1 3460 3461 3462
10298 2 2 1 1 4360 4359 5647
10299 2 2 1 1 3540 3541 3542
10300 2 2 1 1 3672 3671 3673
10301 2 2 1 1 6613 6614 6615
10302 2 2 1 1 2788 2787 2789
10303 2 2 1 1 3528 3527 3529
10304 2 2 1 1 5449 5446 5452
10305 2 2 1 1 6545 6542 6563
10306 2 2 1 1 5137 5136 5138
10307 2 2 1 1 2725 2726 2727
10308 2 2 1 1 1743 6741 7284
10309 2 2 1 1 5498 4353 5500
10310 2 2 1 1 2526 2527 2528
10311 2 2 1 1 6328 4205 6335
10312 2 2 1 1 3684 3683 3685
10313 2 2 1 1 2460 2461 2462
10314 2 2 1 1 2013 249 6829
10315 2 2 1 1 1862 6433 6434
10316 2 2 1 1 2761 2760 2762
10317 2 2 1 1 3500 3501 3502
10318 2 2 1 1 3631 3633 3634
10319 2 2 1 1 1644 112 6955
10320 2 2 1 1 3793 3792 3794
10321 2 2 1 1 3817 4059 6068
10322 2 2 1 1 6293 6294 6354
10323 2 2 1 1 4563 4458 5185
10324 2 2 1 1 5903 5904 5905
10325 2 2 1 1 2500 2501 2502
10326 2 2 1 1 2607 2605 5898
10327 2 2 1 1 2448 2449 2450
10328 2 2 1 1 3807 3806 3808
10329 2 2 1 1 6426 6427 6429
10330 2 2 1 1 3614 3613 3615
10331 2 2 1 1 3421 3422 3423
10332 2 2 1 1 4082 3632 4083
10333 2 2 1 1 3886 3885 3887
10334 2 2 1 1 3464 3465 3466
10335 2 2 1 1 3584 4136 7244
10336 2 2 1 1 2420 2421 2422
10337 2 2 1 1 2512 2513 2514
10338 2 2 1 1 3654 3653 3655
10339 2 2 1 1 5499 5498 5532
10340 2 2 1 1 3636 3635 3637
10341 2 2 1 1 5837 5840 5841
10342 2 2 1 1 2721 2720 2722
10343 2 2 1 1 3386 3384 7557
10344 2 2 1 1 3598 3597 3599
10345 2 2 1 1 5517 5515 5518
10346 2 2 1 1 5535 5534 5537
10347 2 2 1 1 2729 2730 2731
10348 2 2 1 1 3474 3475 3476
10349 2 2 1 1 3494 3495 3496
10350 2 2 1 1 6610 6612 6613
10351 2 2 1 1 5986 5985 6656
10352 2 2 1 1 6311 6316 6583
10353 2 2 1 1 7220 778 7221
10354 2 2 1 1 1855 1126 7174
10355 2 2 1 1 2715 2714 2716
10356 2 2 1 1 969 970 7377
10357 2 2 1 1 7101 7100 7102
10358 2 2 1 1 2502 2503 2504
10359 2 2 1 1 3508 3509 3510
10360 2 2 1 1 6468 6467 6469
10361 2 2 1 1 2490 2491 2492
10362 2 2 1 1 2777 2775 3083
10363 2 2 1 1 3452 3453 3454
10364 2 2 1 1 3818 3817 3819
10365 2 2 1 1 2592 2591 2593
10366 2 2 1 1 2611 2609 2935
10367 2 2 1 1 6148 6151 6152
10368 2 2 1 1 6288 6286 6289
10369 2 2 1 1 3554 3555 3556
10370 2 2 1 1 3520 3521 3522
10371 2 2 1 1 3872 3873 3874
10372 2 2 1 1 2464 2465 2466
10373 2 2 1 1 2520 2521 2522
10374 2 2 1 1 3760 3759 3761
10375 2 2 1 1 4217 4197 4570
10376 2 2 1 1 2508 2509 2510
10377 2 2 1 1 2663 2662 2664
10378 2 2 1 1 6016 6017 6018
10379 2 2 1 1 3868 3869 3870
10380 2 2 1 1 4022 3667 5886
10381 2 2 1 1 3458 3459 3460
10382 2 2 1 1 2812 2813 2814
10383 2 2 1 1 3838 3839 3840
10384 2 2 1 1 2668 2936 6667
10385 2 2 1 1 3750 3749 3751
10386 2 2 1 1 3403 3404 3405
10387 2 2 1 1 4301 4373 4374
10388 2 2 1 1 5986 6656 6657
10389 2 2 1 1 2706 2704 7514
10390 2 2 1 1 2750 5556 7559
10391 2 2 1 1 3679 3677 7624
10392 2 2 1 1 3624 3623 3625
10393 2 2 1 1 6960 6959 6961
10394 2 2 1 1 3768 3767 3769
10395 2 2 1 1 3830 3832 3991
10396 2 2 1 1 3572 3573 3574
10397 2 2 1 1 2452 2453 2454
10398 2 2 1 1 3822 3823 3824
10399 2 2 1 1 4082 4146 4212
10400 2 2 1 1 3772 3773 3779
10401 2 2 1 1 3785 3782 6967
10402 2 2 1 1 6992 6991 6994
10403 2 2 1 1 3612 3611 3613
10404 2 2 1 1 2851 2849 5315
10405 2 2 1 1 6796 6795 6798
10406 2 2 1 1 6333 6336 6337
10407 2 2 1 1 2572 2574 3152
10408 2 2 1 1 2564 2565 2566
10409 2 2 1 1 2546 2547 2548
10410 2 2 1 1 2424 2425 2426
10411 2 2 1 1 3476 3477 3478
10412 2 2 1 1 2679 2678 2680
10413 2 2 1 1 5929 5932 5934
10414 2 2 1 1 2450 2451 2452
10415 2 2 1 1 2701 2702 2703
10416 2 2 1 1 2408 2409 2410
10417 2 2 1 1 3621 3619 6284
10418 2 2 1 1 1789 6794 7279
10419 2 2 1 1 2468 2469 2470
10420 2 2 1 1 5757 5758 5759
10421 2 2 1 1 4153 4485 4487
10422 2 2 1 1 2406 2407 2408
10423 2 2 1 1 336 337 1573
10424 2 2 1 1 934 935 1572
10425 2 2 1 1 3834 3836 7219
10426 2 2 1 1 6365 6366 6367
10427 2 2 1 1 5906 4253 5907
10428 2 2 1 1 916 917 1552
10429 2 2 1 1 3035 3168 4222
10430 2 2 1 1 4208 6979 7235
10431 2 2 1 1 5718 5713 7482
10432 2 2 1 1 3397 3396 3398
10433 2 2 1 1 6044 6047 7434
10434 2 2 1 1 2474 2475 2476
10435 2 2 1 1 2632 2631 2633
10436 2 2 1 1 2695 2696 2697
10437 2 2 1 1 4158 4818 4819
10438 2 2 1 1 96 97 1628
10439 2 2 1 1 694 695 1629
10440 2 2 1 1 910 911 1546
10441 2 2 1 1 3538 3539 3540
10442 2 2 1 1 5903 5900 5904
10443 2 2 1 1 6661 6663 6664
10444 2 2 1 1 925 926 1560
10445 2 2 1 1 631 632 1596
10446 2 2 1 1 662 663 1631
10447 2 2 1 1 703 704 1685
10448 2 2 1 1 706 707 1687
10449 2 2 1 1 2812 2811 2813
10450 2 2 1 1 6297 6299 6300
10451 2 2 1 1 2642 2643 2644
10452 2 2 1 1 3574 3573 3575
10453 2 2 1 1 3610 3609 3611
10454 2 2 1 1 4258 4206 6580
10455 2 2 1 1 318 319 1553
10456 2 2 1 1 3699 3697 3701
10457 2 2 1 1 3468 3469 3470
10458 2 2 1 1 931 932 1569
10459 2 2 1 1 2483 2481 7481
10460 2 2 1 1 3960 3566 6346
10461 2 2 1 1 4052 3738 4053
10462 2 2 1 1 2793 2791 2941
10463 2 2 1 1 4148 3478 4207
10464 2 2 1 1 312 313 1547
10465 2 2 1 1 6667 2936 6668
10466 2 2 1 1 3522 3523 3524
10467 2 2 1 1 6470 6469 6472
10468 2 2 1 1 2811 2901 7335
10469 2 2 1 1 5153 5152 5154
10470 2 2 1 1 745 746 1706
10471 2 2 1 1 2458 3042 7427
10472 2 2 1 1 327 328 1561
10473 2 2 1 1 5759 5762 5763
10474 2 2 1 1 6566 6571 6572
10475 2 2 1 1 784 785 7245
10476 2 2 1 1 33 34 1597
10477 2 2 1 1 64 65 1630
10478 2 2 1 1 105 106 1684
10479 2 2 1 1 108 109 1686
10480 2 2 1 1 751 752 1715
10481 2 2 1 1 6624 6621 6625
10482 2 2 1 1 835 1864 7247
10483 2 2 1 1 2786 2785 2787
10484 2 2 1 1 2438 2439 2440
10485 2 2 1 1 2506 2507 2508
10486 2 2 1 1 913 914 1551
10487 2 2 1 1 3576 3577 3578
10488 2 2 1 1 2552 2553 2554
10489 2 2 1 1 5673 5671 5674
10490 2 2 1 1 6374 6379 6380
10491 2 2 1 1 3544 3545 3546
10492 2 2 1 1 3863 3861 3933
10493 2 2 1 1 333 334 1568
10494 2 2 1 1 2542 2543 2544
10495 2 2 1 1 3564 3565 3566
10496 2 2 1 1 3733 3736 7458
10497 2 2 1 1 2472 2473 2474
10498 2 2 1 1 6349 6350 6351
10499 2 2 1 1 545 546 6449
10500 2 2 1 1 2818 2820 3142
10501 2 2 1 1 147 148 1707
10502 2 2 1 1 2619 2617 6360
10503 2 2 1 1 6726 6727 6728
10504 2 2 1 1 919 920 1555
10505 2 2 1 1 922 923 1557
10506 2 2 1 1 2544 2545 2546
10507 2 2 1 1 5319 5317 5320
10508 2 2 1 1 153 154 1714
10509 2 2 1 1 3510 3511 3512
10510 2 2 1 1 315 316 1550
10511 2 2 1 1 3592 3590 3596
10512 2 2 1 1 398 399 1642
10513 2 2 1 1 996 997 1643
10514 2 2 1 1 4461 4215 4462
10515 2 2 1 1 5245 5246 5247
10516 2 2 1 1 1123 1124 7041
10517 2 2 1 1 3670 3669 3671
10518 2 2 1 1 3779 3773 3780
10519 2 2 1 1 2634 2633 2635
10520 2 2 1 1 2510 2511 2512
10521 2 2 1 1 5574 5573 5577
10522 2 2 1 1 3786 3785 4076
10523 2 2 1 1 3534 3535 3536
10524 2 2 1 1 2528 2529 2530
10525 2 2 1 1 321 322 1554
10526 2 2 1 1 324 325 1556
10527 2 2 1 1 5368 5367 5369
10528 2 2 1 1 2540 2541 2542
10529 2 2 1 1 5826 5825 5827
10530 2 2 1 1 742 743 1703
10531 2 2 1 1 1040 1041 1701
10532 2 2 1 1 1209 1210 1989
10533 2 2 1 1 2787 2785 2960
10534 2 2 1 1 816 817 7315
10535 2 2 1 1 2935 2609 6964
10536 2 2 1 1 2692 2690 2765
10537 2 2 1 1 3502 3503 3504
10538 2 2 1 1 358 359 1592
10539 2 2 1 1 2988 2731 6391
10540 2 2 1 1 4091 4043 4128
10541 2 2 1 1 6694 6695 6696
10542 2 2 1 1 5821 5823 5824
10543 2 2 1 1 3010 2772 3011
10544 2 2 1 1 3401 3402 3403
10545 2 2 1 1 3518 3519 3520
10546 2 2 1 1 1543 635 6444
10547 2 2 1 1 6329 6330 6331
10548 2 2 1 1 2985 5745 7278
10549 2 2 1 1 2790 2789 2791
10550 2 2 1 1 3834 3835 3836
10551 2 2 1 1 352 353 1579
10552 2 2 1 1 950 951 1578
10553 2 2 1 1 2697 2696 2698
10554 2 2 1 1 3470 3471 3472
10555 2 2 1 1 4078 3540 6620
10556 2 2 1 1 2852 2851 2853
10557 2 2 1 1 144 145 1702
10558 2 2 1 1 442 443 1700
10559 2 2 1 1 1593 957 7380
10560 2 2 1 1 6517 6514 6518
10561 2 2 1 1 138 139 1694
10562 2 2 1 1 736 737 1695
10563 2 2 1 1 5263 5349 5351
10564 2 2 1 1 2604 2603 2605
10565 2 2 1 1 2661 2660 2662
10566 2 2 1 1 439 440 1697
10567 2 2 1 1 956 957 1593
10568 2 2 1 1 1037 1038 1696
10569 2 2 1 1 2558 2559 2560
10570 2 2 1 1 407 408 1668
10571 2 2 1 1 433 434 1689
10572 2 2 1 1 1005 1006 1669
10573 2 2 1 1 1031 1032 1688
10574 2 2 1 1 3833 3831 7368
10575 2 2 1 1 364 365 1606
10576 2 2 1 1 962 963 1607
10577 2 2 1 1 993 994 1651
10578 2 2 1 1 3504 3505 3506
10579 2 2 1 1 6512 6513 6515
10580 2 2 1 1 3836 3838 4038
10581 2 2 1 1 6795 6791 6808
10582 2 2 1 1 5388 5389 5390
10583 2 2 1 1 2854 2855 2856
10584 2 2 1 1 1004 1005 7388
10585 2 2 1 1 3909 6592 7453
10586 2 2 1 1 947 948 1571
10587 2 2 1 1 4443 4444 4519
10588 2 2 1 1 2400 2399 2401
10589 2 2 1 1 3631 3629 3632
10590 2 2 1 1 1051 1052 7370
10591 2 2 1 1 2628 2627 2629
10592 2 2 1 1 6180 6179 6183
10593 2 2 1 1 936 937 7317
10594 2 2 1 1 4384 5076 5077
10595 2 2 1 1 5911 6163 7592
10596 2 2 1 1 3929 5569 5570
10597 2 2 1 1 395 396 1650
10598 2 2 1 1 1043 1044 1705
10599 2 2 1 1 367 368 1613
10600 2 2 1 1 370 371 1614
10601 2 2 1 1 965 966 1612
10602 2 2 1 1 968 969 1615
10603 2 2 1 1 2825 2823 2826
10604 2 2 1 1 3696 3697 3698
10605 2 2 1 1 3728 3726 6499
10606 2 2 1 1 3820 3821 3822
10607 2 2 1 1 5461 5463 5464
10608 2 2 1 1 2830 2829 2831
10609 2 2 1 1 3617 3615 7508
10610 2 2 1 1 990 991 1634
10611 2 2 1 1 2554 2555 2556
10612 2 2 1 1 2701 2700 2702
10613 2 2 1 1 349 350 1570
10614 2 2 1 1 508 6901 6902
10615 2 2 1 1 5837 5836 5840
10616 2 2 1 1 141 142 1699
10617 2 2 1 1 186 187 7429
10618 2 2 1 1 2685 2684 2686
10619 2 2 1 1 445 446 1704
10620 2 2 1 1 6127 6130 6131
10621 2 2 1 1 1603 941 7301
10622 2 2 1 1 2538 2539 2540
10623 2 2 1 1 355 356 1587
10624 2 2 1 1 953 954 1586
10625 2 2 1 1 2536 2537 2538
10626 2 2 1 1 2590 2589 2591
10627 2 2 1 1 2868 2867 2869
10628 2 2 1 1 2404 2405 2406
10629 2 2 1 1 361 362 1600
10630 2 2 1 1 959 960 1601
10631 2 2 1 1 2686 2897 7371
10632 2 2 1 1 2591 2589 3073
10633 2 2 1 1 2681 2680 2682
10634 2 2 1 1 5911 5910 5912
10635 2 2 1 1 392 393 1635
10636 2 2 1 1 2786 2787 2788
10637 2 2 1 1 3935 5616 5617
10638 2 2 1 1 5533 5532 5534
10639 2 2 1 1 739 740 1698
10640 2 2 1 1 3638 3637 3639
10641 2 2 1 1 5758 6080 7238
10642 2 2 1 1 2534 2535 2536
10643 2 2 1 1 733 734 1690
10644 2 2 1 1 430 431 1678
10645 2 2 1 1 1028 1029 1679
10646 2 2 1 1 2514 2515 2520
10647 2 2 1 1 3621 6284 7477
10648 2 2 1 1 6733 6734 6735
10649 2 2 1 1 2844 2845 2846
10650 2 2 1 1 3423 3424 3425
10651 2 2 1 1 2733 2732 2734
10652 2 2 1 1 3719 3718 3720
10653 2 2 1 1 748 749 1711
10654 2 2 1 1 4346 4345 5514
10655 2 2 1 1 1126 1127 7174
10656 2 2 1 1 2773 2772 3010
10657 2 2 1 1 2657 2656 2658
10658 2 2 1 1 6592 6595 6596
10659 2 2 1 1 3526 3527 3528
10660 2 2 1 1 625 626 1538
10661 2 2 1 1 634 635 1543
10662 2 2 1 1 670 2006 6908
10663 2 2 1 1 6844 6041 6845
10664 2 2 1 1 6865 6866 6867
10665 2 2 1 1 3657 3655 6519
10666 2 2 1 1 3894 3893 3895
10667 2 2 1 1 6040 6041 6843
10668 2 2 1 1 715 716 1652
10669 2 2 1 1 6285 6286 6287
10670 2 2 1 1 6303 6305 6306
10671 2 2 1 1 453 454 7369
10672 2 2 1 1 2509 6022 6851
10673 2 2 1 1 2560 2562 3119
10674 2 2 1 1 135 136 1691
10675 2 2 1 1 724 725 1671
10676 2 2 1 1 727 728 1677
10677 2 2 1 1 1888 257 7413
10678 2 2 1 1 469 470 6824
10679 2 2 1 1 3450 3451 3452
10680 2 2 1 1 2695 2694 2696
10681 2 2 1 1 2860 2861 2862
10682 2 2 1 1 3840 3842 5458
10683 2 2 1 1 6351 6350 6352
10684 2 2 1 1 92 93 7382
10685 2 2 1 1 6288 6289 6290
10686 2 2 1 1 150 151 1710
10687 2 2 1 1 5590 6787 7457
10688 2 2 1 1 6483 6485 6486
10689 2 2 1 1 404 405 1662
10690 2 2 1 1 410 411 1674
10691 2 2 1 1 1002 1003 1663
10692 2 2 1 1 1008 1009 1675
10693 2 2 1 1 2887 2885 2888
10694 2 2 1 1 5892 5891 5893
10695 2 2 1 1 436 437 1693
10696 2 2 1 1 451 452 1712
10697 2 2 1 1 454 455 1716
10698 2 2 1 1 1034 1035 1692
10699 2 2 1 1 1049 1050 1713
10700 2 2 1 1 1052 1053 1717
10701 2 2 1 1 17 18 1534
10702 2 2 1 1 2836 2835 2837
10703 2 2 1 1 448 449 1708
10704 2 2 1 1 1046 1047 1709
10705 2 2 1 1 27 28 1539
10706 2 2 1 1 36 37 1542
10707 2 2 1 1 117 118 1653
10708 2 2 1 1 970 2023 7377
10709 2 2 1 1 2751 2750 2752
10710 2 2 1 1 3592 3596 3597
10711 2 2 1 1 5613 5610 5614
10712 2 2 1 1 126 127 1670
10713 2 2 1 1 129 130 1676
10714 2 2 1 1 2426 2427 2428
10715 2 2 1 1 2466 2467 2468
10716 2 2 1 1 4359 4097 6626
10717 2 2 1 1 526 7036 7037
10718 2 2 1 1 3724 3722 3775
10719 2 2 1 1 3570 3992 7534
10720 2 2 1 1 3740 3739 3741
10721 2 2 1 1 615 616 1535
10722 2 2 1 1 3532 3533 3534
10723 2 2 1 1 5155 5153 5156
10724 2 2 1 1 5971 5970 5972
10725 2 2 1 1 72 2005 6909
10726 2 2 1 1 5330 5331 5332
10727 2 2 1 1 6968 7599 7676
10728 2 2 1 1 2843 2973 7532
10729 2 2 1 1 7094 7097 7099
10730 2 2 1 1 2744 2742 2948
10731 2 2 1 1 3649 3647 3905
10732 2 2 1 1 3692 3691 3693
10733 2 2 1 1 3844 3843 3845
10734 2 2 1 1 2578 2579 7171
10735 2 2 1 1 2991 2648 7486
10736 2 2 1 1 2828 2830 3043
10737 2 2 1 1 3633 3632 4082
10738 2 2 1 1 3767 3765 6322
10739 2 2 1 1 2010 1012 7316
10740 2 2 1 1 3678 3677 3679
10741 2 2 1 1 3878 3879 3880
10742 2 2 1 1 4560 4455 4628
10743 2 2 1 1 2948 2742 7517
10744 2 2 1 1 2584 2586 3038
10745 2 2 1 1 99 100 1632
10746 2 2 1 1 6285 3911 6286
10747 2 2 1 1 5218 5216 5219
10748 2 2 1 1 5819 5818 5820
10749 2 2 1 1 357 358 7355
10750 2 2 1 1 2659 2658 2660
10751 2 2 1 1 2730 2728 5325
10752 2 2 1 1 825 826 7379
10753 2 2 1 1 4198 4196 5355
10754 2 2 1 1 156 157 1718
10755 2 2 1 1 754 755 1719
10756 2 2 1 1 3514 3511 7410
10757 2 2 1 1 3558 3560 3939
10758 2 2 1 1 5263 5348 5349
10759 2 2 1 1 1869 241 7393
10760 2 2 1 1 58 59 1562
10761 2 2 1 1 2827 2826 3120
10762 2 2 1 1 5634 5633 5883
10763 2 2 1 1 3775 3722 6503
10764 2 2 1 1 2866 2867 2868
10765 2 2 1 1 2920 2672 7428
10766 2 2 1 1 5888 5889 5891
10767 2 2 1 1 3766 3767 3768
10768 2 2 1 1 2921 7344 7620
10769 2 2 1 1 3528 3529 3530
10770 2 2 1 1 3570 3571 3572
10771 2 2 1 1 5494 5495 5496
10772 2 2 1 1 4078 6621 6622
10773 2 2 1 1 1602 343 7300
10774 2 2 1 1 3687 3685 3927
10775 2 2 1 1 3960 6349 7496
10776 2 2 1 1 4488 7171 7470
10777 2 2 1 1 3882 3881 3883
10778 2 2 1 1 77 78 1590
10779 2 2 1 1 675 676 1591
10780 2 2 1 1 4170 4365 4366
10781 2 2 1 1 1903 579 7343
10782 2 2 1 1 3560 3562 7450
10783 2 2 1 1 4364 5877 5878
10784 2 2 1 1 697 698 1633
10785 2 2 1 1 2822 2821 2823
10786 2 2 1 1 5556 5558 7559
10787 2 2 1 1 656 657 1563
10788 2 2 1 1 2961 2738 5646
10789 2 2 1 1 2719 2718 2720
10790 2 2 1 1 2832 2831 2833
10791 2 2 1 1 7386 4349 7410
10792 2 2 1 1 2599 2597 2971
10793 2 2 1 1 2774 2775 2776
10794 2 2 1 1 3968 5520 5522
10795 2 2 1 1 3120 2826 3121
10796 2 2 1 1 3718 3716 3910
10797 2 2 1 1 3435 3436 3437
10798 2 2 1 1 5568 5565 7345
10799 2 2 1 1 6843 6041 6844
10800 2 2 1 1 1536 21 6186
10801 2 2 1 1 5685 5688 7618
10802 2 2 1 1 3399 3400 3401
10803 2 2 1 1 3682 3681 3683
10804 2 2 1 1 5456 5454 5457
10805 2 2 1 1 618 619 1537
10806 2 2 1 1 637 638 1545
10807 2 2 1 1 653 654 1559
10808 2 2 1 1 665 666 1567
10809 2 2 1 1 681 682 1609
10810 2 2 1 1 718 719 1659
10811 2 2 1 1 721 722 1665
10812 2 2 1 1 3530 3531 3532
10813 2 2 1 1 4107 4289 4290
10814 2 2 1 1 3731 3730 3732
10815 2 2 1 1 5620 5617 5624
10816 2 2 1 1 2570 2571 2572
10817 2 2 1 1 3449 3999 7383
10818 2 2 1 1 6799 6798 6800
10819 2 2 1 1 6287 6288 6291
10820 2 2 1 1 628 629 1541
10821 2 2 1 1 646 647 1549
10822 2 2 1 1 672 673 1581
10823 2 2 1 1 688 689 1625
10824 2 2 1 1 691 692 1627
10825 2 2 1 1 709 710 1645
10826 2 2 1 1 712 713 1647
10827 2 2 1 1 6596 6597 7440
10828 2 2 1 1 678 679 1599
10829 2 2 1 1 5163 3940 7664
10830 2 2 1 1 3574 3575 3576
10831 2 2 1 1 389 390 1622
10832 2 2 1 1 987 988 1623
10833 2 2 1 1 5221 5491 5492
10834 2 2 1 1 2724 2722 7577
10835 2 2 1 1 3690 3689 3691
10836 2 2 1 1 6677 6676 6678
10837 2 2 1 1 20 21 1536
10838 2 2 1 1 39 40 1544
10839 2 2 1 1 55 56 1558
10840 2 2 1 1 67 68 1566
10841 2 2 1 1 83 84 1608
10842 2 2 1 1 120 121 1658
10843 2 2 1 1 123 124 1664
10844 2 2 1 1 25 1993 6785
10845 2 2 1 1 2727 2726 2728
10846 2 2 1 1 2806 2805 2807
10847 2 2 1 1 3482 4030 7170
10848 2 2 1 1 5586 5589 5590
10849 2 2 1 1 30 31 1540
10850 2 2 1 1 48 49 1548
10851 2 2 1 1 74 75 1580
10852 2 2 1 1 80 81 1598
10853 2 2 1 1 90 91 1624
10854 2 2 1 1 93 94 1626
10855 2 2 1 1 111 112 1644
10856 2 2 1 1 114 115 1646
10857 2 2 1 1 660 661 6431
10858 2 2 1 1 3633 4082 7494
10859 2 2 1 1 424 425 1666
10860 2 2 1 1 383 384 1604
10861 2 2 1 1 421 422 1660
10862 2 2 1 1 981 982 1605
10863 2 2 1 1 1019 1020 1661
10864 2 2 1 1 1022 1023 1667
10865 2 2 1 1 3655 3700 6519
10866 2 2 1 1 6991 6988 6996
10867 2 2 1 1 2565 2563 7381
10868 2 2 1 1 3690 3691 3692
10869 2 2 1 1 6302 6303 7447
10870 2 2 1 1 377 378 1589
10871 2 2 1 1 380 381 1594
10872 2 2 1 1 415 416 1649
10873 2 2 1 1 418 419 1654
10874 2 2 1 1 975 976 1588
10875 2 2 1 1 978 979 1595
10876 2 2 1 1 1013 1014 1648
10877 2 2 1 1 1016 1017 1655
10878 2 2 1 1 696 697 7218
10879 2 2 1 1 2808 2807 2809
10880 2 2 1 1 4477 4207 4479
10881 2 2 1 1 5970 5969 5973
10882 2 2 1 1 6075 6078 7172
10883 2 2 1 1 3651 3649 7452
10884 2 2 1 1 4486 4488 4503
10885 2 2 1 1 1896 7059 7061
10886 2 2 1 1 1025 1026 1672
10887 2 2 1 1 4150 4615 4616
10888 2 2 1 1 2595 2593 3058
10889 2 2 1 1 3784 3785 3786
10890 2 2 1 1 2613 2611 6684
10891 2 2 1 1 2530 2531 2532
10892 2 2 1 1 3018 3019 3172
10893 2 2 1 1 6300 6301 6302
10894 2 2 1 1 5354 5682 5683
10895 2 2 1 1 4569 4479 4622
10896 2 2 1 1 5968 5967 5969
10897 2 2 1 1 3759 3757 3935
10898 2 2 1 1 5944 5942 5947
10899 2 2 1 1 2443 2519 7432
10900 2 2 1 1 6513 6514 6516
10901 2 2 1 1 2740 2738 2961
10902 2 2 1 1 789 790 7423
10903 2 2 1 1 3001 2524 7260
10904 2 2 1 1 192 193 7404
10905 2 2 1 1 427 428 1673
10906 2 2 1 1 3120 3121 3174
10907 2 2 1 1 525 526 7037
10908 2 2 1 1 3478 3479 7170
10909 2 2 1 1 5766 5765 5767
10910 2 2 1 1 6805 6803 6806
10911 2 2 1 1 2579 2582 7171
10912 2 2 1 1 5828 5827 5829
10913 2 2 1 1 6399 6400 6401
10914 2 2 1 1 6500 6499 6501
10915 2 2 1 1 2734 2929 5692
10916 2 2 1 1 131 132 6578
10917 2 2 1 1 3609 3607 7298
10918 2 2 1 1 4339 4043 7456
10919 2 2 1 1 6598 6600 7594
10920 2 2 1 1 6385 2392 7510
10921 2 2 1 1 3482 3484 4030
10922 2 2 1 1 3716 3714 7012
10923 2 2 1 1 2831 2829 3022
10924 2 2 1 1 2778 2777 2779
10925 2 2 1 1 2867 2865 2909
10926 2 2 1 1 5951 3987 5952
10927 2 2 1 1 5571 5573 5574
10928 2 2 1 1 3960 6346 6347
10929 2 2 1 1 1121 1122 6822
10930 2 2 1 1 4347 7260 7266
10931 2 2 1 1 252 7092 7395
10932 2 2 1 1 3781 3780 3782
10933 2 2 1 1 5458 5459 5460
10934 2 2 1 1 2548 2550 3075
10935 2 2 1 1 2757 2756 2758
10936 2 2 1 1 2532 2533 2534
10937 2 2 1 1 6802 6800 6807
10938 2 2 1 1 4445 6997 7340
10939 2 2 1 1 2650 2648 2991
10940 2 2 1 1 2737 2736 2738
10941 2 2 1 1 2827 3120 5649
10942 2 2 1 1 2601 2599 7408
10943 2 2 1 1 3699 3701 3702
10944 2 2 1 1 3770 3771 3772
10945 2 2 1 1 2850 2851 2852
10946 2 2 1 1 2759 2758 2760
10947 2 2 1 1 6178 6177 6179
10948 2 2 1 1 2774 2773 2775
10949 2 2 1 1 3028 2703 7426
10950 2 2 1 1 2397 2399 2400
10951 2 2 1 1 686 687 2025
10952 2 2 1 1 3168 3036 4280
10953 2 2 1 1 6534 6532 6535
10954 2 2 1 1 2768 2762 2769
10955 2 2 1 1 2890 2889 2891
10956 2 2 1 1 3513 3516 7376
10957 2 2 1 1 88 89 2024
10958 2 2 1 1 5316 5317 5319
10959 2 2 1 1 7104 1888 7413
10960 2 2 1 1 3472 3474 4118
10961 2 2 1 1 3669 3667 4022
10962 2 2 1 1 2874 2873 2875
10963 2 2 1 1 3892 3893 3894
10964 2 2 1 1 6361 6362 6364
10965 2 2 1 1 2454 2455 7427
10966 2 2 1 1 5706 3814 7656
10967 2 2 1 1 2810 2811 2812
10968 2 2 1 1 6580 4206 7461
10969 2 2 1 1 3771 3769 3776
10970 2 2 1 1 2402 2403 2404
10971 2 2 1 1 4155 4489 4491
10972 2 2 1 1 2799 2797 2924
10973 2 2 1 1 3562 3564 7496
10974 2 2 1 1 4155 2454 4210
10975 2 2 1 1 4464 4213 4465
10976 2 2 1 1 5618 5617 5620
10977 2 2 1 1 1624 91 7349
10978 2 2 1 1 3791 3790 3792
10979 2 2 1 1 2997 5245 7489
10980 2 2 1 1 3068 2751 6384
10981 2 2 1 1 3119 2562 7412
10982 2 2 1 1 3543 3541 7417
10983 2 2 1 1 4153 2578 4154
10984 2 2 1 1 3394 3909 7453
10985 2 2 1 1 4206 3411 7461
10986 2 2 1 1 6065 6064 6066
10987 2 2 1 1 2685 3129 7484
10988 2 2 1 1 6176 6175 6177
10989 2 2 1 1 2605 2603 2956
10990 2 2 1 1 3011 2772 7627
10991 2 2 1 1 4035 3578 7312
10992 2 2 1 1 3770 3769 3771
10993 2 2 1 1 6620 3542 6899
10994 2 2 1 1 2670 2668 6667
10995 2 2 1 1 3642 7309 7482
10996 2 2 1 1 937 1583 7317
10997 2 2 1 1 1608 84 7231
10998 2 2 1 1 3660 3659 3661
10999 2 2 1 1 5810 5806 7336
11000 2 2 1 1 6211 6149 6214
11001 2 2 1 1 2479 2965 7269
11002 2 2 1 1 2866 2865 2867
11003 2 2 1 1 6027 6024 7524
11004 2 2 1 1 2436 2437 2438
11005 2 2 1 1 3665 3663 7536
11006 2 2 1 1 6322 6323 6324
11007 2 2 1 1 2973 2841 5397
11008 2 2 1 1 3625 3623 3774
11009 2 2 1 1 3466 3468 4085
11010 2 2 1 1 5952 3987 5953
11011 2 2 1 1 3580 3582 4133
11012 2 2 1 1 5127 5130 5131
11013 2 2 1 1 6774 6777 7488
11014 2 2 1 1 3601 3599 3984
11015 2 2 1 1 5425 5426 5427
11016 2 2 1 1 2598 6627 7506
11017 2 2 1 1 2642 2640 2643
11018 2 2 1 1 3889 3887 3890
11019 2 2 1 1 4489 4210 4490
11020 2 2 1 1 5902 5900 5903
11021 2 2 1 1 4351 3108 6910
11022 2 2 1 1 2675 2674 2676
11023 2 2 1 1 1615 969 7377
11024 2 2 1 1 3395 3394 3396
11025 2 2 1 1 3927 5697 5698
11026 2 2 1 1 4368 5233 5234
11027 2 2 1 1 2750 2748 5556
11028 2 2 1 1 6744 6758 7284
11029 2 2 1 1 2688 2686 7371
11030 2 2 1 1 3010 3165 4204
11031 2 2 1 1 3548 3550 4149
11032 2 2 1 1 2524 2521 7260
11033 2 2 1 1 2667 2666 2668
11034 2 2 1 1 4165 3856 4195
11035 2 2 1 1 2680 2678 2908
11036 2 2 1 1 2964 5362 5363
11037 2 2 1 1 3425 3426 3427
11038 2 2 1 1 4088 4211 7604
11039 2 2 1 1 4090 3733 7458
11040 2 2 1 1 6032 6027 6718
11041 2 2 1 1 6741 6744 7284
11042 2 2 1 1 3450 4001 7459
11043 2 2 1 1 3811 3806 7451
11044 2 2 1 1 5976 5978 5979
11045 2 2 1 1 3446 3447 7459
11046 2 2 1 1 3802 3800 3851
11047 2 2 1 1 6892 6889 7423
11048 2 2 1 1 2754 2752 2766
11049 2 2 1 1 793 6814 7533
11050 2 2 1 1 5929 5930 5932
11051 2 2 1 1 2870 2869 2871
11052 2 2 1 1 5270 5269 5271
11053 2 2 1 1 2576 2577 2578
11054 2 2 1 1 3735 3728 6499
11055 2 2 1 1 3056 5787 5788
11056 2 2 1 1 6345 6045 7434
11057 2 2 1 1 2907 2621 7516
11058 2 2 1 1 2784 2783 2785
11059 2 2 1 1 3568 3570 7534
11060 2 2 1 1 6492 6489 7073
11061 2 2 1 1 6207 6172 7378
11062 2 2 1 1 3755 3753 7411
11063 2 2 1 1 6323 3916 7597
11064 2 2 1 1 87 88 7347
11065 2 2 1 1 3895 3893 4020
11066 2 2 1 1 3891 3890 4066
11067 2 2 1 1 182 183 6720
11068 2 2 1 1 2434 2435 2436
11069 2 2 1 1 2836 2838 5607
11070 2 2 1 1 3582 3584 7244
11071 2 2 1 1 3674 3673 3675
11072 2 2 1 1 5123 5122 5124
11073 2 2 1 1 2771 2773 2774
11074 2 2 1 1 2814 2813 2815
11075 2 2 1 1 2821 2819 6383
11076 2 2 1 1 2448 2450 3153
11077 2 2 1 1 3818 3819 3820
11078 2 2 1 1 2989 2892 2990
11079 2 2 1 1 4143 4329 4502
11080 2 2 1 1 5564 4349 7386
11081 2 2 1 1 2428 2429 2430
11082 2 2 1 1 4062 3662 4063
11083 2 2 1 1 1122 1850 6822
11084 2 2 1 1 2919 2817 7563
11085 2 2 1 1 2400 2401 2402
11086 2 2 1 1 5352 5350 5353
11087 2 2 1 1 3897 5151 7567
11088 2 2 1 1 3736 3734 3737
11089 2 2 1 1 3397 3398 3399
11090 2 2 1 1 3643 3641 3925
11091 2 2 1 1 3688 3687 3689
11092 2 2 1 1 7272 2982 7448
11093 2 2 1 1 130 131 7554
11094 2 2 1 1 1660 422 7352
11095 2 2 1 1 3433 3434 3435
11096 2 2 1 1 2468 2470 2933
11097 2 2 1 1 3607 3605 3953
11098 2 2 1 1 685 686 7348
11099 2 2 1 1 3441 3444 4069
11100 2 2 1 1 2480 2482 2968
11101 2 2 1 1 4827 4465 4828
11102 2 2 1 1 4149 4464 4466
11103 2 2 1 1 3496 3498 4106
11104 2 2 1 1 4581 4582 4583
11105 2 2 1 1 2496 2498 3157
11106 2 2 1 1 3479 3482 7170
11107 2 2 1 1 5338 5335 5340
11108 2 2 1 1 3165 3011 4252
11109 2 2 1 1 3828 3827 3829
11110 2 2 1 1 2584 3038 7470
11111 2 2 1 1 2553 2551 7457
11112 2 2 1 1 6800 6798 7614
11113 2 2 1 1 3454 3456 4008
11114 2 2 1 1 3576 3578 4035
11115 2 2 1 1 3939 3560 7450
11116 2 2 1 1 4105 3993 4190
11117 2 2 1 1 1954 1221 5361
11118 2 2 1 1 3705 3704 3706
11119 2 2 1 1 6564 1839 6565
11120 2 2 1 1 2430 2431 2432
11121 2 2 1 1 2549 2926 7468
11122 2 2 1 1 1208 1209 7384
11123 2 2 1 1 3733 3732 3734
11124 2 2 1 1 1081 1082 7283
11125 2 2 1 1 2848 2847 2849
11126 2 2 1 1 3476 3478 4148
11127 2 2 1 1 3526 3528 3998
11128 2 2 1 1 5433 4347 7266
11129 2 2 1 1 5841 5843 5846
11130 2 2 1 1 3411 3406 7461
11131 2 2 1 1 3429 3430 3431
11132 2 2 1 1 2691 2690 2692
11133 2 2 1 1 6148 6152 7341
11134 2 2 1 1 6427 1577 6428
11135 2 2 1 1 3677 6014 7624
11136 2 2 1 1 6353 7450 7496
11137 2 2 1 1 2958 2847 7531
11138 2 2 1 1 3554 3556 4032
11139 2 2 1 1 3790 3788 3926
11140 2 2 1 1 4149 3550 4213
11141 2 2 1 1 4082 4083 4146
11142 2 2 1 1 4088 3858 4089
11143 2 2 1 1 2802 2801 2803
11144 2 2 1 1 86 87 1636
11145 2 2 1 1 4148 4477 4478
11146 2 2 1 1 2804 2803 2805
11147 2 2 1 1 5387 3983 5388
11148 2 2 1 1 5437 5434 7000
11149 2 2 1 1 6659 6658 6660
11150 2 2 1 1 3631 3632 3633
11151 2 2 1 1 3597 3596 4107
11152 2 2 1 1 3743 3741 4037
11153 2 2 1 1 4153 4154 4485
11154 2 2 1 1 1052 1717 7370
11155 2 2 1 1 455 456 7602
11156 2 2 1 1 2541 2539 7518
11157 2 2 1 1 5261 5260 5262
11158 2 2 1 1 2554 2556 3094
11159 2 2 1 1 3538 3540 4078
11160 2 2 1 1 3789 3788 3790
11161 2 2 1 1 3909 6591 6592
11162 2 2 1 1 4489 4490 4586
11163 2 2 1 1 2674 2672 2920
11164 2 2 1 1 3735 6499 6500
11165 2 2 1 1 7109 1887 7256
11166 2 2 1 1 4454 4200 4455
11167 2 2 1 1 5417 5419 7595
11168 2 2 1 1 5399 5398 5401
11169 2 2 1 1 684 685 1637
11170 2 2 1 1 3655 3653 3700
11171 2 2 1 1 3427 3428 3429
11172 2 2 1 1 2886 2885 2887
11173 2 2 1 1 1005 1669 7388
11174 2 2 1 1 6530 6531 6532
11175 2 2 1 1 2494 2496 7425
11176 2 2 1 1 4076 4197 4217
11177 2 2 1 1 2458 2460 3042
11178 2 2 1 1 2617 2615 2917
11179 2 2 1 1 3431 3432 3433
11180 2 2 1 1 3854 3853 3855
11181 2 2 1 1 4197 4196 4198
11182 2 2 1 1 2716 2714 2983
11183 2 2 1 1 4366 6063 6064
11184 2 2 1 1 6683 4222 7710
11185 2 2 1 1 6622 6621 6624
11186 2 2 1 1 3635 3633 7494
11187 2 2 1 1 5622 5621 5623
11188 2 2 1 1 3403 3405 4131
11189 2 2 1 1 658 659 6426
11190 2 2 1 1 2392 2390 7510
11191 2 2 1 1 4586 4490 4593
11192 2 2 1 1 459 1997 5966
11193 2 2 1 1 2462 2464 2916
11194 2 2 1 1 3010 3011 3165
11195 2 2 1 1 3702 3701 4111
11196 2 2 1 1 6744 6746 6758
11197 2 2 1 1 3488 3490 4055
11198 2 2 1 1 3837 3835 3940
11199 2 2 1 1 386 387 1639
11200 2 2 1 1 3460 3462 4047
11201 2 2 1 1 984 985 1638
11202 2 2 1 1 4133 3582 7244
11203 2 2 1 1 643 1617 6399
11204 2 2 1 1 5665 5666 5667
11205 2 2 1 1 6873 6862 6876
11206 2 2 1 1 6592 6596 7453
11207 2 2 1 1 2404 2406 2996
11208 2 2 1 1 2847 2845 7531
11209 2 2 1 1 2822 2824 4151
11210 2 2 1 1 3571 5752 7305
11211 2 2 1 1 6051 6053 6584
11212 2 2 1 1 4146 4170 4325
11213 2 2 1 1 834 835 7247
11214 2 2 1 1 6175 6172 6207
11215 2 2 1 1 5804 5807 5811
11216 2 2 1 1 3544 3546 4113
11217 2 2 1 1 6533 6532 6534
11218 2 2 1 1 3677 3675 6014
11219 2 2 1 1 2488 2490 3145
11220 2 2 1 1 453 7369 7438
11221 2 2 1 1 2396 2395 2397
11222 2 2 1 1 454 1716 7369
11223 2 2 1 1 2484 2486 3135
11224 2 2 1 1 1064 7202 7267
11225 2 2 1 1 2971 2597 7521
11226 2 2 1 1 7308 3430 7478
11227 2 2 1 1 2432 2433 2434
11228 2 2 1 1 2918 5204 5205
11229 2 2 1 1 2635 2633 2764
11230 2 2 1 1 4146 4083 4170
11231 2 2 1 1 3492 3494 4081
11232 2 2 1 1 3454 4008 7443
11233 2 2 1 1 4155 4210 4489
11234 2 2 1 1 3576 4035 7462
11235 2 2 1 1 4254 3174 5207
11236 2 2 1 1 3450 3452 4001
11237 2 2 1 1 6287 6286 6288
11238 2 2 1 1 2815 2813 2931
11239 2 2 1 1 2508 2510 3071
11240 2 2 1 1 2003 6960 6962
11241 2 2 1 1 2397 2400 7424
11242 2 2 1 1 3730 3728 3735
11243 2 2 1 1 3734 3732 7550
11244 2 2 1 1 2882 2881 2883
11245 2 2 1 1 2408 2410 3020
11246 2 2 1 1 2825 2827 2828
11247 2 2 1 1 5833 5834 5835
11248 2 2 1 1 2771 2772 2773
11249 2 2 1 1 3564 3566 3960
11250 2 2 1 1 3629 3627 6510
11251 2 2 1 1 2689 2688 2690
11252 2 2 1 1 1828 504 7421
11253 2 2 1 1 2452 2454 4155
11254 2 2 1 1 3016 2778 7489
11255 2 2 1 1 2691 2692 2693
11256 2 2 1 1 2570 2572 6598
11257 2 2 1 1 3555 3553 7354
11258 2 2 1 1 3393 3392 3394
11259 2 2 1 1 3796 3794 3906
11260 2 2 1 1 3417 3419 3943
11261 2 2 1 1 3931 3883 7539
11262 2 2 1 1 4022 5887 5888
11263 2 2 1 1 4065 5335 5336
11264 2 2 1 1 2390 2518 7510
11265 2 2 1 1 4550 4551 4552
11266 2 2 1 1 1116 1835 7011
11267 2 2 1 1 5618 5620 5621
11268 2 2 1 1 2412 2414 3032
11269 2 2 1 1 3637 3635 3942
11270 2 2 1 1 3399 3401 4122
11271 2 2 1 1 4143 4502 7463
11272 2 2 1 1 2542 2544 3054
11273 2 2 1 1 2693 2692 2694
11274 2 2 1 1 3663 3662 4062
11275 2 2 1 1 4163 4249 4433
11276 2 2 1 1 3956 5509 5511
11277 2 2 1 1 2474 2476 2951
11278 2 2 1 1 3619 3617 3911
11279 2 2 1 1 2418 2420 3057
11280 2 2 1 1 5174 5705 5707
11281 2 2 1 1 4223 4128 4310
11282 2 2 1 1 2656 2654 2972
11283 2 2 1 1 7530 5240 7590
11284 2 2 1 1 392 1635 7276
11285 2 2 1 1 3706 3704 3948
11286 2 2 1 1 6726 6723 6727
11287 2 2 1 1 2559 2557 7520
11288 2 2 1 1 2558 2560 6512
11289 2 2 1 1 2644 2643 3018
11290 2 2 1 1 3747 3745 4010
11291 2 2 1 1 3574 3576 7462
11292 2 2 1 1 5858 5859 5860
11293 2 2 1 1 2526 2992 7498
11294 2 2 1 1 2968 2482 7497
11295 2 2 1 1 6516 6514 6517
11296 2 2 1 1 3172 3019 4276
11297 2 2 1 1 2623 2621 2907
11298 2 2 1 1 2629 2627 2896
11299 2 2 1 1 3395 3396 3397
11300 2 2 1 1 3885 3883 3931
11301 2 2 1 1 4477 4479 4569
11302 2 2 1 1 3765 3763 3916
11303 2 2 1 1 6183 6179 6841
11304 2 2 1 1 2822 2823 2824
11305 2 2 1 1 2876 3080 6398
11306 2 2 1 1 6621 6620 6623
11307 2 2 1 1 5734 1872 5737
11308 2 2 1 1 3516 3518 3966
11309 2 2 1 1 5258 5257 5260
11310 2 2 1 1 5570 5569 5572
11311 2 2 1 1 3520 3522 3959
11312 2 2 1 1 3857 3855 3858
11313 2 2 1 1 5560 5559 5561
11314 2 2 1 1 4485 4486 4567
11315 2 2 1 1 3398 3396 7552
11316 2 2 1 1 3508 3510 4046
11317 2 2 1 1 3413 3415 4051
11318 2 2 1 1 1914 576 7593
11319 2 2 1 1 3532 3534 4041
11320 2 2 1 1 7090 7088 7091
11321 2 2 1 1 6367 6369 6370
11322 2 2 1 1 7290 7291 7294
11323 2 2 1 1 5429 5428 5430
11324 2 2 1 1 187 1801 7429
11325 2 2 1 1 2492 2494 3155
11326 2 2 1 1 7171 2582 7470
11327 2 2 1 1 2710 2708 3007
11328 2 2 1 1 5879 5878 5880
11329 2 2 1 1 2566 2568 3137
11330 2 2 1 1 5819 5820 5821
11331 2 2 1 1 3494 3496 7528
11332 2 2 1 1 687 688 7446
11333 2 2 1 1 3487 6051 6584
11334 2 2 1 1 3681 3679 3949
11335 2 2 1 1 4366 6064 6065
11336 2 2 1 1 5777 5576 5778
11337 2 2 1 1 3808 3806 3811
11338 2 2 1 1 5889 5887 5890
11339 2 2 1 1 3423 3425 3963
11340 2 2 1 1 4167 4273 4398
11341 2 2 1 1 1064 1065 7202
11342 2 2 1 1 2400 2984 7424
11343 2 2 1 1 5982 2767 7381
11344 2 2 1 1 7337 3442 7504
11345 2 2 1 1 2025 687 7446
11346 2 2 1 1 3502 3504 4012
11347 2 2 1 1 2823 2821 7525
11348 2 2 1 1 2748 2746 2898
11349 2 2 1 1 2484 3135 7497
11350 2 2 1 1 2576 4153 7561
11351 2 2 1 1 3830 3829 3831
11352 2 2 1 1 6865 6867 6877
11353 2 2 1 1 4059 4060 4126
11354 2 2 1 1 2998 5420 5421
11355 2 2 1 1 4485 4154 4486
11356 2 2 1 1 6467 6464 6473
11357 2 2 1 1 6347 6346 6348
11358 2 2 1 1 2734 2732 2929
11359 2 2 1 1 2722 2720 2966
11360 2 2 1 1 3613 3611 3932
11361 2 2 1 1 5545 5544 7487
11362 2 2 1 1 7630 3695 7647
11363 2 2 1 1 3767 6322 7556
11364 2 2 1 1 3836 3835 3837
11365 2 2 1 1 2400 2402 2984
11366 2 2 1 1 3892 3891 3893
11367 2 2 1 1 6123 4168 6124
11368 2 2 1 1 5888 5887 5889
11369 2 2 1 1 3866 3865 3867
11370 2 2 1 1 3661 3662 3663
11371 2 2 1 1 3907 7623 7669
11372 2 2 1 1 3772 3771 3773
11373 2 2 1 1 6777 6782 7488
11374 2 2 1 1 5557 5559 5560
11375 2 2 1 1 3820 3822 4016
11376 2 2 1 1 2760 2758 2763
11377 2 2 1 1 6367 6368 6369
11378 2 2 1 1 7290 7289 7291
11379 2 2 1 1 4148 4207 4477
11380 2 2 1 1 5698 5697 5700
11381 2 2 1 1 5249 5251 6786
11382 2 2 1 1 4369 3019 7564
11383 2 2 1 1 5481 5480 5482
11384 2 2 1 1 1742 6774 7488
11385 2 2 1 1 3793 3795 7621
11386 2 2 1 1 2849 2847 2958
11387 2 2 1 1 2850 2849 2851
11388 2 2 1 1 5938 5940 5941
11389 2 2 1 1 5899 5900 5902
11390 2 2 1 1 2481 2479 7269
11391 2 2 1 1 358 1592 7355
11392 2 2 1 1 4111 3701 4112
11393 2 2 1 1 4149 4213 4464
11394 2 2 1 1 5223 5478 7265
11395 2 2 1 1 5391 5392 5393
11396 2 2 1 1 2502 2504 3053
11397 2 2 1 1 5850 5852 5855
11398 2 2 1 1 5699 5701 5702
11399 2 2 1 1 6777 6779 6782
11400 2 2 1 1 3875 3873 3901
11401 2 2 1 1 4107 4203 4289
11402 2 2 1 1 2526 2528 2992
11403 2 2 1 1 3018 2643 3019
11404 2 2 1 1 6522 6523 6524
11405 2 2 1 1 6045 6044 7434
11406 2 2 1 1 4039 6328 6335
11407 2 2 1 1 5245 5247 7545
11408 2 2 1 1 2530 2532 2994
11409 2 2 1 1 3956 5511 7622
11410 2 2 1 1 4010 3745 7473
11411 2 2 1 1 3123 3124 3173
11412 2 2 1 1 3780 3773 3850
11413 2 2 1 1 5185 4458 5501
11414 2 2 1 1 2536 2538 3026
11415 2 2 1 1 2910 6297 7562
11416 2 2 1 1 2728 2726 2946
11417 2 2 1 1 2514 2520 3092
11418 2 2 1 1 4168 3172 4340
11419 2 2 1 1 6075 7172 7416
11420 2 2 1 1 4160 4089 4161
11421 2 2 1 1 4468 5333 5334
11422 2 2 1 1 3570 3572 3992
11423 2 2 1 1 3693 3691 3907
11424 2 2 1 1 4198 5356 5357
11425 2 2 1 1 7350 7349 7351
11426 2 2 1 1 6349 6347 6350
11427 2 2 1 1 3096 3095 4268
11428 2 2 1 1 4022 5886 5887
11429 2 2 1 1 2686 2684 2897
11430 2 2 1 1 3753 3751 3958
11431 2 2 1 1 3860 3859 3861
11432 2 2 1 1 2766 2752 7559
11433 2 2 1 1 562 1890 6852
11434 2 2 1 1 2396 2397 7424
11435 2 2 1 1 856 7077 7455
11436 2 2 1 1 1870 5794 7612
11437 2 2 1 1 1636 87 7347
11438 2 2 1 1 7491 2971 7492
11439 2 2 1 1 3911 3617 7508
11440 2 2 1 1 3737 3734 3738
11441 2 2 1 1 792 793 7533
11442 2 2 1 1 183 184 7233
11443 2 2 1 1 4210 2454 7427
11444 2 2 1 1 686 2025 7348
11445 2 2 1 1 1637 685 7348
11446 2 2 1 1 5862 2783 7658
11447 2 2 1 1 3661 3659 3662
11448 2 2 1 1 5552 5554 5555
11449 2 2 1 1 2616 2618 7474
11450 2 2 1 1 6168 2922 7378
11451 2 2 1 1 356 357 7367
11452 2 2 1 1 2430 2432 3104
11453 2 2 1 1 3874 3873 3875
11454 2 2 1 1 7288 7289 7290
11455 2 2 1 1 2424 2426 3081
11456 2 2 1 1 6086 6083 7481
11457 2 2 1 1 3396 3394 7453
11458 2 2 1 1 6663 6660 7568
11459 2 2 1 1 5911 5912 6163
11460 2 2 1 1 6972 6971 7264
11461 2 2 1 1 1828 7421 7422
11462 2 2 1 1 2496 3157 7425
11463 2 2 1 1 4062 4264 7536
11464 2 2 1 1 3830 3831 3832
11465 2 2 1 1 5133 5136 5137
11466 2 2 1 1 4283 3121 4357
11467 2 2 1 1 3155 2494 7425
11468 2 2 1 1 2698 2696 2699
11469 2 2 1 1 2767 2565 7381
11470 2 2 1 1 88 2024 7347
11471 2 2 1 1 5358 5356 5359
11472 2 2 1 1 5943 5942 5944
11473 2 2 1 1 6120 6119 6121
11474 2 2 1 1 5178 5177 5180
11475 2 2 1 1 4200 2697 7396
11476 2 2 1 1 2811 2809 2901
11477 2 2 1 1 5548 5545 7487
11478 2 2 1 1 2973 5399 7532
11479 2 2 1 1 4213 3550 7522
11480 2 2 1 1 2523 2526 7498
11481 2 2 1 1 5833 5835 5838
11482 2 2 1 1 2576 2578 4153
11483 2 2 1 1 6971 2683 7484
11484 2 2 1 1 6289 6286 7508
11485 2 2 1 1 5845 5844 5849
11486 2 2 1 1 5276 5274 5277
11487 2 2 1 1 5552 5551 5553
11488 2 2 1 1 4078 6620 6621
11489 2 2 1 1 2442 2444 3138
11490 2 2 1 1 381 382 7398
11491 2 2 1 1 3815 3816 3817
11492 2 2 1 1 3812 3810 3813
11493 2 2 1 1 3870 4027 7588
11494 2 2 1 1 5330 5327 5331
11495 2 2 1 1 7387 1814 7479
11496 2 2 1 1 4364 5878 5879
11497 2 2 1 1 2731 2730 2732
11498 2 2 1 1 2668 2666 2936
11499 2 2 1 1 3123 3173 4270
11500 2 2 1 1 3388 3386 3928
11501 2 2 1 1 4446 4192 4581
11502 2 2 1 1 2662 2660 2957
11503 2 2 1 1 5474 5472 5475
11504 2 2 1 1 6441 6439 6442
11505 2 2 1 1 3393 3394 3395
11506 2 2 1 1 1594 381 7398
11507 2 2 1 1 3776 3769 7556
11508 2 2 1 1 3035 2888 3036
11509 2 2 1 1 3694 3693 3695
11510 2 2 1 1 1817 1093 7555
11511 2 2 1 1 5364 5367 5368
11512 2 2 1 1 378 379 7397
11513 2 2 1 1 3452 3454 7443
11514 2 2 1 1 6527 6529 6530
11515 2 2 1 1 4558 4465 4827
11516 2 2 1 1 5919 5920 5922
11517 2 2 1 1 7289 3928 7557
11518 2 2 1 1 3848 3847 3849
11519 2 2 1 1 5178 5180 5181
11520 2 2 1 1 6437 6435 6438
11521 2 2 1 1 3817 3816 4059
11522 2 2 1 1 1589 378 7397
11523 2 2 1 1 6427 6428 6430
11524 2 2 1 1 93 1626 7382
11525 2 2 1 1 3043 2830 5965
11526 2 2 1 1 2790 2792 7615
11527 2 2 1 1 2731 2733 6391
11528 2 2 1 1 5399 5401 5402
11529 2 2 1 1 4264 4130 4501
11530 2 2 1 1 5329 5327 5330
11531 2 2 1 1 264 7042 7057
11532 2 2 1 1 5905 5904 7491
11533 2 2 1 1 6300 6302 6402
11534 2 2 1 1 3726 3724 7444
11535 2 2 1 1 6362 2917 7570
11536 2 2 1 1 4160 4161 4322
11537 2 2 1 1 6544 6547 6548
11538 2 2 1 1 6505 6506 6507
11539 2 2 1 1 5654 5653 5655
11540 2 2 1 1 5139 5140 5141
11541 2 2 1 1 4022 5888 7583
11542 2 2 1 1 6172 6168 7378
11543 2 2 1 1 5976 5977 5978
11544 2 2 1 1 5778 5576 5779
11545 2 2 1 1 3878 3877 3879
11546 2 2 1 1 4076 4196 4197
11547 2 2 1 1 3627 3625 7574
11548 2 2 1 1 5617 5616 5619
11549 2 2 1 1 5399 5402 5403
11550 2 2 1 1 4126 4060 4300
11551 2 2 1 1 4167 4112 4273
11552 2 2 1 1 379 380 7405
11553 2 2 1 1 2770 2769 2771
11554 2 2 1 1 7389 7218 7390
11555 2 2 1 1 7310 1140 7311
11556 2 2 1 1 5337 7435 7648
11557 2 2 1 1 6019 6018 6020
11558 2 2 1 1 7292 7289 7557
11559 2 2 1 1 1732 604 7281
11560 2 2 1 1 3067 2779 7529
11561 2 2 1 1 84 85 7231
11562 2 2 1 1 1727 160 6396
11563 2 2 1 1 6285 6287 7575
11564 2 2 1 1 2864 2863 2865
11565 2 2 1 1 6428 6431 6432
11566 2 2 1 1 2859 2857 7344
11567 2 2 1 1 2973 5397 5398
11568 2 2 1 1 4081 3494 7528
11569 2 2 1 1 2771 2769 2772
11570 2 2 1 1 3435 3437 4036
11571 2 2 1 1 2927 6071 7416
11572 2 2 1 1 6530 6532 6533
11573 2 2 1 1 7489 5245 7545
11574 2 2 1 1 4283 4357 4358
11575 2 2 1 1 825 7379 7500
11576 2 2 1 1 5179 5176 5315
11577 2 2 1 1 2653 2655 7204
11578 2 2 1 1 5232 2765 7688
11579 2 2 1 1 184 1808 7233
11580 2 2 1 1 3564 3960 7496
11581 2 2 1 1 3956 5508 5509
11582 2 2 1 1 2562 2564 7412
11583 2 2 1 1 6422 7638 7672
11584 2 2 1 1 2881 2879 2893
11585 2 2 1 1 6186 22 6187
11586 2 2 1 1 7450 3562 7496
11587 2 2 1 1 3642 3644 7309
11588 2 2 1 1 1070 1071 7279
11589 2 2 1 1 2537 2963 7537
11590 2 2 1 1 5515 5514 7586
11591 2 2 1 1 5166 5163 5167
11592 2 2 1 1 2410 2412 7460
11593 2 2 1 1 2641 7278 7469
11594 2 2 1 1 2825 2826 2827
11595 2 2 1 1 6245 6246 6247
11596 2 2 1 1 131 6578 7554
11597 2 2 1 1 7293 7292 7548
11598 2 2 1 1 1795 777 7220
11599 2 2 1 1 2610 2612 7237
11600 2 2 1 1 3881 3879 3946
11601 2 2 1 1 3429 3431 3996
11602 2 2 1 1 2436 2438 3125
11603 2 2 1 1 4062 4063 4130
11604 2 2 1 1 3849 3847 3902
11605 2 2 1 1 3935 5618 7549
11606 2 2 1 1 6016 6015 6017
11607 2 2 1 1 2805 2803 2912
11608 2 2 1 1 777 778 7220
11609 2 2 1 1 4269 4853 4854
11610 2 2 1 1 7402 3146 7403
11611 2 2 1 1 6360 6363 7516
11612 2 2 1 1 5165 5163 5166
11613 2 2 1 1 642 643 6399
11614 2 2 1 1 7368 3964 7527
11615 2 2 1 1 3173 4298 4402
11616 2 2 1 1 3393 3395 4098
11617 2 2 1 1 2872 2871 2873
11618 2 2 1 1 3623 3621 7477
11619 2 2 1 1 5597 5594 7518
11620 2 2 1 1 5693 2929 7385
11621 2 2 1 1 3551 3554 7522
11622 2 2 1 1 1728 758 6397
11623 2 2 1 1 2618 3027 7474
11624 2 2 1 1 380 1594 7405
11625 2 2 1 1 2027 568 6784
11626 2 2 1 1 2394 2392 2395
11627 2 2 1 1 2874 2876 6398
11628 2 2 1 1 1023 1024 7394
11629 2 2 1 1 5936 2017 5948
11630 2 2 1 1 5803 4056 7540
11631 2 2 1 1 4468 4195 5333
11632 2 2 1 1 6322 6324 7556
11633 2 2 1 1 7623 5703 7669
11634 2 2 1 1 5620 5624 5626
11635 2 2 1 1 6522 6524 6525
11636 2 2 1 1 3933 3861 7604
11637 2 2 1 1 3856 3855 3857
11638 2 2 1 1 4076 4217 7598
11639 2 2 1 1 2945 2483 7481
11640 2 2 1 1 3588 3913 7490
11641 2 2 1 1 4163 2990 4219
11642 2 2 1 1 2903 3095 3096
11643 2 2 1 1 6083 2945 7481
11644 2 2 1 1 5894 7371 7372
11645 2 2 1 1 3512 3513 7376
11646 2 2 1 1 5343 5345 7540
11647 2 2 1 1 5858 5860 5861
11648 2 2 1 1 7174 5611 7454
11649 2 2 1 1 2747 5635 7314
11650 2 2 1 1 6297 6300 7562
11651 2 2 1 1 2412 3032 7460
11652 2 2 1 1 5908 5910 5911
11653 2 2 1 1 6324 6323 6325
11654 2 2 1 1 2996 2406 7480
11655 2 2 1 1 2390 2388 2518
11656 2 2 1 1 3391 3390 3392
11657 2 2 1 1 6566 6565 6571
11658 2 2 1 1 2394 2395 2396
11659 2 2 1 1 4052 4053 4123
11660 2 2 1 1 3675 3673 3978
11661 2 2 1 1 3859 3858 4088
11662 2 2 1 1 4118 3474 7543
11663 2 2 1 1 5458 5460 7644
11664 2 2 1 1 4300 4375 4376
11665 2 2 1 1 7112 7109 7256
11666 2 2 1 1 4358 5815 5816
11667 2 2 1 1 3949 6019 7679
11668 2 2 1 1 3020 2410 7460
11669 2 2 1 1 5364 5368 7651
11670 2 2 1 1 4062 4130 4264
11671 2 2 1 1 2828 2829 2830
11672 2 2 1 1 5398 5397 5400
11673 2 2 1 1 536 537 7613
11674 2 2 1 1 2462 2916 7465
11675 2 2 1 1 5357 5356 5358
11676 2 2 1 1 5671 1860 7626
11677 2 2 1 1 3153 2450 7499
11678 2 2 1 1 641 642 6840
11679 2 2 1 1 6673 6671 6674
11680 2 2 1 1 5651 5652 5653
11681 2 2 1 1 3739 3738 4052
11682 2 2 1 1 2619 6360 7516
11683 2 2 1 1 4381 4089 7678
11684 2 2 1 1 3753 3958 7411
11685 2 2 1 1 5618 5622 7549
11686 2 2 1 1 2051 13 6393
11687 2 2 1 1 3662 3659 7467
11688 2 2 1 1 2902 2559 7520
11689 2 2 1 1 2596 2598 7506
11690 2 2 1 1 1209 1989 7384
11691 2 2 1 1 4123 4301 4495
11692 2 2 1 1 3109 5223 7265
11693 2 2 1 1 3174 3121 4283
11694 2 2 1 1 6510 3627 7574
11695 2 2 1 1 4001 3452 7443
11696 2 2 1 1 4078 6622 7535
11697 2 2 1 1 5414 5411 7435
11698 2 2 1 1 568 569 6784
11699 2 2 1 1 5575 7012 7430
11700 2 2 1 1 3546 3548 7538
11701 2 2 1 1 1088 1089 7650
11702 2 2 1 1 5107 4423 5108
11703 2 2 1 1 3391 3392 3393
11704 2 2 1 1 5266 5269 5270
11705 2 2 1 1 458 459 5966
11706 2 2 1 1 4546 4462 4811
11707 2 2 1 1 6964 5901 7589
11708 2 2 1 1 4014 7643 7685
11709 2 2 1 1 5560 5563 7472
11710 2 2 1 1 1667 1023 7394
11711 2 2 1 1 2665 2667 7686
11712 2 2 1 1 5427 5426 5428
11713 2 2 1 1 4190 4192 4446
11714 2 2 1 1 7306 542 7307
11715 2 2 1 1 3738 3734 7550
11716 2 2 1 1 4053 3738 7550
11717 2 2 1 1 5127 5129 5130
11718 2 2 1 1 3644 3990 7309
11719 2 2 1 1 5249 5164 5251
11720 2 2 1 1 7400 7399 7401
11721 2 2 1 1 2889 2888 3035
11722 2 2 1 1 2873 2871 2938
11723 2 2 1 1 2460 2462 7465
11724 2 2 1 1 658 6426 7406
11725 2 2 1 1 4019 3721 7560
11726 2 2 1 1 2406 2408 7480
11727 2 2 1 1 3500 3502 7449
11728 2 2 1 1 3156 5227 7578
11729 2 2 1 1 4222 3168 4411
11730 2 2 1 1 4155 4491 7499
11731 2 2 1 1 7451 7579 7580
11732 2 2 1 1 3550 3551 7522
11733 2 2 1 1 6286 3911 7508
11734 2 2 1 1 2404 2996 7511
11735 2 2 1 1 3481 4096 7523
11736 2 2 1 1 2705 2918 7426
11737 2 2 1 1 7417 3541 7513
11738 2 2 1 1 5699 5698 5701
11739 2 2 1 1 2634 6006 7483
11740 2 2 1 1 5571 5570 5573
11741 2 2 1 1 4204 3165 4342
11742 2 2 1 1 5418 5416 5949
11743 2 2 1 1 3590 3588 7490
11744 2 2 1 1 4300 4060 4375
11745 2 2 1 1 5697 3683 7268
11746 2 2 1 1 5234 5233 5235
11747 2 2 1 1 2391 2394 3076
11748 2 2 1 1 3152 2574 7561
11749 2 2 1 1 2837 2835 2993
11750 2 2 1 1 6071 6075 7416
11751 2 2 1 1 6419 1774 7638
11752 2 2 1 1 1093 1094 7555
11753 2 2 1 1 3942 3635 7494
11754 2 2 1 1 4162 2990 4163
11755 2 2 1 1 2450 2452 7499
11756 2 2 1 1 3106 2681 6971
11757 2 2 1 1 3656 4071 7530
11758 2 2 1 1 3554 4032 7522
11759 2 2 1 1 561 562 6852
11760 2 2 1 1 6997 4094 7340
11761 2 2 1 1 4044 5448 7526
11762 2 2 1 1 3589 4143 7463
11763 2 2 1 1 2703 2705 7426
11764 2 2 1 1 2810 2809 2811
11765 2 2 1 1 2017 1194 5948
11766 2 2 1 1 3536 3538 7535
11767 2 2 1 1 4213 7522 7587
11768 2 2 1 1 4369 7564 7636
11769 2 2 1 1 3806 3804 7451
11770 2 2 1 1 2982 2651 7448
11771 2 2 1 1 2992 2528 7541
11772 2 2 1 1 561 6852 6853
11773 2 2 1 1 535 536 7626
11774 2 2 1 1 2522 2523 7498
11775 2 2 1 1 2556 2558 7573
11776 2 2 1 1 2402 2404 7511
11777 2 2 1 1 6020 6018 6021
11778 2 2 1 1 3502 4012 7449
11779 2 2 1 1 6346 3568 7534
11780 2 2 1 1 4852 4268 4855
11781 2 2 1 1 508 509 6901
11782 2 2 1 1 3831 3964 7368
11783 2 2 1 1 2632 2634 7483
11784 2 2 1 1 4059 3816 4060
11785 2 2 1 1 1071 1789 7279
11786 2 2 1 1 509 1840 6901
11787 2 2 1 1 7242 7241 7243
11788 2 2 1 1 2613 6684 7570
11789 2 2 1 1 7269 2965 7512
11790 2 2 1 1 606 607 5792
11791 2 2 1 1 7522 4032 7587
11792 2 2 1 1 3704 3702 7558
11793 2 2 1 1 7397 379 7405
11794 2 2 1 1 4208 7235 7523
11795 2 2 1 1 4153 4487 7561
11796 2 2 1 1 637 1545 6445
11797 2 2 1 1 7651 5368 7657
11798 2 2 1 1 4215 2824 7633
11799 2 2 1 1 5687 3979 5690
11800 2 2 1 1 2683 2685 7484
11801 2 2 1 1 3496 4106 7528
11802 2 2 1 1 3042 2460 7465
11803 2 2 1 1 3613 3932 7544
11804 2 2 1 1 3984 3599 7571
11805 2 2 1 1 2391 2390 2392
11806 2 2 1 1 5482 5480 5486
11807 2 2 1 1 3541 3539 7513
11808 2 2 1 1 3538 4078 7535
11809 2 2 1 1 6348 6346 7534
11810 2 2 1 1 7576 3735 7683
11811 2 2 1 1 4444 6328 6329
11812 2 2 1 1 6623 6620 6899
11813 2 2 1 1 7453 6596 7552
11814 2 2 1 1 6718 6027 7524
11815 2 2 1 1 5159 5383 5385
11816 2 2 1 1 2568 2570 7594
11817 2 2 1 1 6669 6668 6670
11818 2 2 1 1 1855 7174 7454
11819 2 2 1 1 2615 2613 7570
11820 2 2 1 1 2408 3020 7480
11821 2 2 1 1 6660 7520 7568
11822 2 2 1 1 662 1631 7546
11823 2 2 1 1 6675 6673 6676
11824 2 2 1 1 3983 3866 7646
11825 2 2 1 1 7444 3775 7445
11826 2 2 1 1 1592 359 7654
11827 2 2 1 1 5828 5829 5830
11828 2 2 1 1 3883 3881 7539
11829 2 2 1 1 6596 7440 7552
11830 2 2 1 1 560 561 6853
11831 2 2 1 1 4052 4123 4216
11832 2 2 1 1 6217 6219 6220
11833 2 2 1 1 2679 3106 6453
11834 2 2 1 1 3520 3959 7515
11835 2 2 1 1 2984 2402 7511
11836 2 2 1 1 6300 6402 7562
11837 2 2 1 1 3724 3775 7444
11838 2 2 1 1 4105 4190 4191
11839 2 2 1 1 7231 85 7509
11840 2 2 1 1 5457 5454 7441
11841 2 2 1 1 4096 4208 7523
11842 2 2 1 1 2452 4155 7499
11843 2 2 1 1 1218 1219 1994
11844 2 2 1 1 2391 2392 2394
11845 2 2 1 1 2789 2787 7692
11846 2 2 1 1 2942 2596 7506
11847 2 2 1 1 2651 2653 7448
11848 2 2 1 1 3145 2490 7551
11849 2 2 1 1 688 1625 7446
11850 2 2 1 1 765 766 7680
11851 2 2 1 1 2490 2492 7551
11852 2 2 1 1 4269 4268 4852
11853 2 2 1 1 5432 2790 7615
11854 2 2 1 1 3669 4022 7583
11855 2 2 1 1 4112 3701 7630
11856 2 2 1 1 2030 6144 6145
11857 2 2 1 1 5178 5181 5182
11858 2 2 1 1 2635 2764 7636
11859 2 2 1 1 2653 7204 7448
11860 2 2 1 1 3703 4039 6335
11861 2 2 1 1 1624 7349 7350
11862 2 2 1 1 707 708 7436
11863 2 2 1 1 6512 6515 7573
11864 2 2 1 1 2052 611 6617
11865 2 2 1 1 7663 5892 7695
11866 2 2 1 1 4063 3662 7467
11867 2 2 1 1 4007 5481 7464
11868 2 2 1 1 5253 5252 5254
11869 2 2 1 1 7338 5173 7339
11870 2 2 1 1 3094 2556 7573
11871 2 2 1 1 5141 5140 5142
11872 2 2 1 1 3654 3656 7530
11873 2 2 1 1 6323 7597 7671
11874 2 2 1 1 3548 4149 7538
11875 2 2 1 1 3389 3388 3390
11876 2 2 1 1 6500 6501 6502
11877 2 2 1 1 6975 6972 7264
11878 2 2 1 1 3518 3520 7515
11879 2 2 1 1 5484 5483 5485
11880 2 2 1 1 6428 1577 6431
11881 2 2 1 1 3389 3390 3391
11882 2 2 1 1 5142 5140 5150
11883 2 2 1 1 4379 3036 7645
11884 2 2 1 1 2528 2530 7541
11885 2 2 1 1 1117 1118 7013
11886 2 2 1 1 6325 6323 7671
11887 2 2 1 1 4162 4163 7641
11888 2 2 1 1 3836 4038 7219
11889 2 2 1 1 4148 4478 7543
11890 2 2 1 1 5819 5821 5822
11891 2 2 1 1 4299 5117 5118
11892 2 2 1 1 5219 5897 7402
11893 2 2 1 1 3396 7453 7552
11894 2 2 1 1 2601 7408 7553
11895 2 2 1 1 2746 2744 7591
11896 2 2 1 1 2813 2811 7335
11897 2 2 1 1 5756 6446 7305
11898 2 2 1 1 3966 3518 7515
11899 2 2 1 1 5353 5350 5876
11900 2 2 1 1 452 453 7438
11901 2 2 1 1 2865 2863 7693
11902 2 2 1 1 5794 5797 7612
11903 2 2 1 1 7080 7088 7090
11904 2 2 1 1 1676 130 7554
11905 2 2 1 1 2640 2637 7564
11906 2 2 1 1 6177 2939 7667
11907 2 2 1 1 5798 5800 7560
11908 2 2 1 1 3907 3691 7623
11909 2 2 1 1 5824 5825 5826
11910 2 2 1 1 1835 1117 7013
11911 2 2 1 1 1774 465 7638
11912 2 2 1 1 3786 4076 7598
11913 2 2 1 1 7520 2557 7568
11914 2 2 1 1 2492 3155 7551
11915 2 2 1 1 5518 5515 7586
11916 2 2 1 1 4136 3587 7463
11917 2 2 1 1 3758 4044 7526
11918 2 2 1 1 2931 2813 7335
11919 2 2 1 1 1087 1088 7653
11920 2 2 1 1 5177 5176 5179
11921 2 2 1 1 5118 5120 5121
11922 2 2 1 1 3016 7489 7545
11923 2 2 1 1 2760 2763 7495
11924 2 2 1 1 85 86 7509
11925 2 2 1 1 1119 1839 6564
11926 2 2 1 1 4107 4290 7571
11927 2 2 1 1 2783 2781 7658
11928 2 2 1 1 4366 6065 7596
11929 2 2 1 1 3993 3899 7567
11930 2 2 1 1 7420 3756 7526
11931 2 2 1 1 4371 4112 7630
11932 2 2 1 1 5622 7502 7549
11933 2 2 1 1 3774 3623 7477
11934 2 2 1 1 1860 535 7626
11935 2 2 1 1 2558 6512 7573
11936 2 2 1 1 3474 3476 7543
11937 2 2 1 1 4149 4466 7538
11938 2 2 1 1 3634 4064 7566
11939 2 2 1 1 3681 3949 7268
11940 2 2 1 1 2570 6598 7594
11941 2 2 1 1 3825 4007 7464
11942 2 2 1 1 3671 3669 7583
11943 2 2 1 1 5411 6164 7435
11944 2 2 1 1 3625 3774 7574
11945 2 2 1 1 50 5918 7476
11946 2 2 1 1 2389 2390 2391
11947 2 2 1 1 537 1863 7613
11948 2 2 1 1 3137 2568 7594
11949 2 2 1 1 23 1574 6187
11950 2 2 1 1 3701 3697 7630
11951 2 2 1 1 7302 4224 7303
11952 2 2 1 1 696 7218 7389
11953 2 2 1 1 5388 5390 5394
11954 2 2 1 1 2389 2388 2390
11955 2 2 1 1 2530 2994 7541
11956 2 2 1 1 3964 3829 7677
11957 2 2 1 1 5283 7530 7590
11958 2 2 1 1 3885 3931 7232
11959 2 2 1 1 3051 2745 7314
11960 2 2 1 1 3856 3857 7632
11961 2 2 1 1 1094 6977 7555
11962 2 2 1 1 3615 3613 7544
11963 2 2 1 1 2837 2993 6390
11964 2 2 1 1 6807 6800 7614
11965 2 2 1 1 5752 5756 7305
11966 2 2 1 1 1866 541 7306
11967 2 2 1 1 7508 3615 7544
11968 2 2 1 1 1867 1139 7310
11969 2 2 1 1 3587 3589 7463
11970 2 2 1 1 5890 5887 7475
11971 2 2 1 1 3979 3715 5690
11972 2 2 1 1 4202 4299 4442
11973 2 2 1 1 2917 2615 7570
11974 2 2 1 1 3019 2643 7564
11975 2 2 1 1 5497 5288 7584
11976 2 2 1 1 3387 3389 4067
11977 2 2 1 1 661 662 7546
11978 2 2 1 1 1118 1119 6564
11979 2 2 1 1 7061 7062 7063
11980 2 2 1 1 6289 7508 7544
11981 2 2 1 1 2744 2948 7591
11982 2 2 1 1 7564 2637 7636
11983 2 2 1 1 5884 3051 7696
11984 2 2 1 1 4066 4201 4202
11985 2 2 1 1 2597 2595 7521
11986 2 2 1 1 5220 5221 7608
11987 2 2 1 1 4170 4366 7596
11988 2 2 1 1 4358 5816 5817
11989 2 2 1 1 6179 6177 7667
11990 2 2 1 1 4828 4465 7587
11991 2 2 1 1 7451 3804 7579
11992 2 2 1 1 1129 1130 7075
11993 2 2 1 1 1712 452 7438
11994 2 2 1 1 2677 2679 6453
11995 2 2 1 1 5674 5671 7626
11996 2 2 1 1 7083 7079 7684
11997 2 2 1 1 3387 3388 3389
11998 2 2 1 1 3890 3887 7232
11999 2 2 1 1 2643 2640 7564
12000 2 2 1 1 6426 6429 7406
12001 2 2 1 1 5887 5886 7475
12002 2 2 1 1 7544 3932 7640
12003 2 2 1 1 3916 3763 7502
12004 2 2 1 1 1115 1116 7011
12005 2 2 1 1 7412 2564 7565
12006 2 2 1 1 6506 1538 7471
12007 2 2 1 1 7477 6292 7616
12008 2 2 1 1 2564 2566 7565
12009 2 2 1 1 2566 3137 7565
12010 2 2 1 1 2585 3031 7493
12011 2 2 1 1 1577 660 6431
12012 2 2 1 1 1992 6504 6508
12013 2 2 1 1 2839 2837 6390
12014 2 2 1 1 7583 5892 7663
12015 2 2 1 1 7369 1716 7617
12016 2 2 1 1 5622 5623 7597
12017 2 2 1 1 3387 3386 3388
12018 2 2 1 1 3476 4148 7543
12019 2 2 1 1 7385 2929 7659
12020 2 2 1 1 3801 3803 7503
12021 2 2 1 1 1139 1140 7310
12022 2 2 1 1 4465 4213 7587
12023 2 2 1 1 3599 3597 7571
12024 2 2 1 1 3978 7663 7695
12025 2 2 1 1 1629 695 7389
12026 2 2 1 1 3683 3681 7268
12027 2 2 1 1 3123 4270 7581
12028 2 2 1 1 541 542 7306
12029 2 2 1 1 3881 3946 7539
12030 2 2 1 1 1745 6970 7569
12031 2 2 1 1 3741 3739 7610
12032 2 2 1 1 2702 2700 7581
12033 2 2 1 1 3609 7298 7611
12034 2 2 1 1 5788 5787 6165
12035 2 2 1 1 4066 4202 4218
12036 2 2 1 1 3763 3761 7502
12037 2 2 1 1 1716 455 7602
12038 2 2 1 1 6422 6419 7638
12039 2 2 1 1 2745 2747 7314
12040 2 2 1 1 5679 5681 7569
12041 2 2 1 1 3691 3689 7623
12042 2 2 1 1 5812 5814 7585
12043 2 2 1 1 3611 3609 7611
12044 2 2 1 1 4374 4373 7683
12045 2 2 1 1 2898 2746 7591
12046 2 2 1 1 6350 6347 7582
12047 2 2 1 1 3827 3825 7464
12048 2 2 1 1 6438 1867 7652
12049 2 2 1 1 3077 5211 7605
12050 2 2 1 1 4325 4170 7596
12051 2 2 1 1 2762 2760 7495
12052 2 2 1 1 2736 2734 5692
12053 2 2 1 1 3697 3695 7630
12054 2 2 1 1 5222 5220 7608
12055 2 2 1 1 3597 4107 7571
12056 2 2 1 1 7550 3732 7576
12057 2 2 1 1 5700 7268 7679
12058 2 2 1 1 7368 5167 7664
12059 2 2 1 1 3804 3802 7579
12060 2 2 1 1 465 466 7638
12061 2 2 1 1 2587 2585 7493
12062 2 2 1 1 2385 2387 3059
12063 2 2 1 1 6438 6435 6443
12064 2 2 1 1 466 467 7672
12065 2 2 1 1 2732 2730 7659
12066 2 2 1 1 7439 7369 7617
12067 2 2 1 1 2681 2683 6971
12068 2 2 1 1 3824 3956 7622
12069 2 2 1 1 2883 2881 7668
12070 2 2 1 1 5221 5493 7608
12071 2 2 1 1 5441 5439 7666
12072 2 2 1 1 3756 3758 7526
12073 2 2 1 1 1744 1129 7075
12074 2 2 1 1 3926 3788 7598
12075 2 2 1 1 1619 641 6840
12076 2 2 1 1 22 23 6187
12077 2 2 1 1 6383 4357 7525
12078 2 2 1 1 7502 3761 7549
12079 2 2 1 1 2730 5325 7659
12080 2 2 1 1 7418 1954 7419
12081 2 2 1 1 6270 2386 7682
12082 2 2 1 1 3645 3643 7660
12083 2 2 1 1 3061 7585 7686
12084 2 2 1 1 5331 5327 7625
12085 2 2 1 1 2855 2937 7662
12086 2 2 1 1 3774 7477 7616
12087 2 2 1 1 86 1636 7509
12088 2 2 1 1 5403 7531 7532
12089 2 2 1 1 7310 7311 7600
12090 2 2 1 1 3776 6327 7676
12091 2 2 1 1 2885 2883 7645
12092 2 2 1 1 2387 2388 2389
12093 2 2 1 1 5651 5653 5654
12094 2 2 1 1 5475 4014 7685
12095 2 2 1 1 695 696 7389
12096 2 2 1 1 3814 3815 7656
12097 2 2 1 1 4422 4162 7641
12098 2 2 1 1 2908 2678 7661
12099 2 2 1 1 3797 4031 7342
12100 2 2 1 1 3948 3704 7558
12101 2 2 1 1 2595 3058 7521
12102 2 2 1 1 7268 3949 7679
12103 2 2 1 1 5161 5164 5248
12104 2 2 1 1 1687 707 7436
12105 2 2 1 1 6898 2694 7631
12106 2 2 1 1 3932 3611 7611
12107 2 2 1 1 5118 5119 5120
12108 2 2 1 1 4371 7647 7673
12109 2 2 1 1 3788 3786 7598
12110 2 2 1 1 5510 7702 7703
12111 2 2 1 1 5167 5163 7664
12112 2 2 1 1 6585 571 6586
12113 2 2 1 1 6435 6433 6443
12114 2 2 1 1 3887 3885 7232
12115 2 2 1 1 6347 6348 7582
12116 2 2 1 1 4014 3744 7643
12117 2 2 1 1 3802 3851 7579
12118 2 2 1 1 2926 5586 7468
12119 2 2 1 1 111 1644 7399
12120 2 2 1 1 7464 5484 7677
12121 2 2 1 1 5393 5392 7606
12122 2 2 1 1 5479 4033 5487
12123 2 2 1 1 5399 5403 7532
12124 2 2 1 1 3949 3679 7624
12125 2 2 1 1 3721 3723 7560
12126 2 2 1 1 6290 6289 7640
12127 2 2 1 1 2637 2635 7636
12128 2 2 1 1 2603 2601 7553
12129 2 2 1 1 6289 7544 7640
12130 2 2 1 1 3700 3653 7637
12131 2 2 1 1 4195 3856 7632
12132 2 2 1 1 1898 570 6585
12133 2 2 1 1 2781 3067 7658
12134 2 2 1 1 110 111 7399
12135 2 2 1 1 5776 3947 7414
12136 2 2 1 1 5586 5590 7468
12137 2 2 1 1 3385 3386 3387
12138 2 2 1 1 3850 3773 7599
12139 2 2 1 1 2387 2386 2388
12140 2 2 1 1 3829 3827 7677
12141 2 2 1 1 7672 1779 7697
12142 2 2 1 1 2956 2603 7553
12143 2 2 1 1 3808 3811 7607
12144 2 2 1 1 626 627 7471
12145 2 2 1 1 3723 5798 7560
12146 2 2 1 1 7292 7557 7649
12147 2 2 1 1 2587 7493 7592
12148 2 2 1 1 1806 1087 7653
12149 2 2 1 1 4163 4433 7641
12150 2 2 1 1 3964 7677 7701
12151 2 2 1 1 2795 2793 7707
12152 2 2 1 1 2993 2835 7629
12153 2 2 1 1 4219 2990 7689
12154 2 2 1 1 3795 3797 7342
12155 2 2 1 1 5365 5362 5668
12156 2 2 1 1 3771 3776 7599
12157 2 2 1 1 467 1779 7672
12158 2 2 1 1 2700 3123 7581
12159 2 2 1 1 6164 3684 7648
12160 2 2 1 1 5182 7344 7662
12161 2 2 1 1 7042 7045 7057
12162 2 2 1 1 5703 5704 7669
12163 2 2 1 1 110 7399 7400
12164 2 2 1 1 3827 7464 7677
12165 2 2 1 1 2821 6383 7525
12166 2 2 1 1 6359 5476 7685
12167 2 2 1 1 6826 6828 7642
12168 2 2 1 1 2888 2885 7645
12169 2 2 1 1 1745 531 6970
12170 2 2 1 1 3382 3380 3950
12171 2 2 1 1 3803 4068 7503
12172 2 2 1 1 1189 1190 7466
12173 2 2 1 1 5892 5893 7695
12174 2 2 1 1 5284 5283 7590
12175 2 2 1 1 5333 4195 7632
12176 2 2 1 1 6544 6548 7650
12177 2 2 1 1 3385 3384 3386
12178 2 2 1 1 3839 5161 5248
12179 2 2 1 1 1895 858 7684
12180 2 2 1 1 3639 3637 7609
12181 2 2 1 1 4052 4216 7610
12182 2 2 1 1 1089 1812 7650
12183 2 2 1 1 7435 6164 7648
12184 2 2 1 1 7534 3992 7639
12185 2 2 1 1 3978 3673 7663
12186 2 2 1 1 7619 5703 7623
12187 2 2 1 1 4038 3838 7644
12188 2 2 1 1 4105 4319 7456
12189 2 2 1 1 7089 7083 7684
12190 2 2 1 1 7607 4375 7634
12191 2 2 1 1 599 600 7505
12192 2 2 1 1 4372 4371 7673
12193 2 2 1 1 7599 3776 7676
12194 2 2 1 1 7705 3902 7713
12195 2 2 1 1 3719 4019 7501
12196 2 2 1 1 3795 7342 7621
12197 2 2 1 1 3739 4052 7610
12198 2 2 1 1 2796 2798 7605
12199 2 2 1 1 5182 5183 7620
12200 2 2 1 1 359 360 7654
12201 2 2 1 1 2385 2386 2387
12202 2 2 1 1 3810 3808 7607
12203 2 2 1 1 3036 2888 7645
12204 2 2 1 1 3717 3719 7501
12205 2 2 1 1 3773 3771 7599
12206 2 2 1 1 6841 6179 7667
12207 2 2 1 1 3637 3942 7609
12208 2 2 1 1 2713 2715 7691
12209 2 2 1 1 3840 5458 7644
12210 2 2 1 1 7314 5637 7696
12211 2 2 1 1 2724 7577 7625
12212 2 2 1 1 2384 2382 2900
12213 2 2 1 1 32 7241 7242
12214 2 2 1 1 3891 4066 7694
12215 2 2 1 1 2934 2713 7691
12216 2 2 1 1 5293 2934 7691
12217 2 2 1 1 2385 2384 2386
12218 2 2 1 1 1918 1189 7466
12219 2 2 1 1 1812 6544 7650
12220 2 2 1 1 3732 3730 7576
12221 2 2 1 1 3838 3840 7644
12222 2 2 1 1 531 532 6970
12223 2 2 1 1 2798 3077 7605
12224 2 2 1 1 5415 5417 7693
12225 2 2 1 1 2820 2822 7670
12226 2 2 1 1 3730 3735 7576
12227 2 2 1 1 2857 2855 7662
12228 2 2 1 1 3735 6500 7683
12229 2 2 1 1 6432 7546 7547
12230 2 2 1 1 3643 3925 7660
12231 2 2 1 1 2929 2732 7659
12232 2 2 1 1 3929 5571 7430
12233 2 2 1 1 2715 2717 7706
12234 2 2 1 1 3877 3875 7709
12235 2 2 1 1 3382 3950 7649
12236 2 2 1 1 2835 2833 7629
12237 2 2 1 1 5476 5475 7685
12238 2 2 1 1 3383 3384 3385
12239 2 2 1 1 6439 6438 7652
12240 2 2 1 1 3673 3671 7663
12241 2 2 1 1 4016 3822 7622
12242 2 2 1 1 2964 5364 7651
12243 2 2 1 1 6348 7534 7639
12244 2 2 1 1 600 1932 7505
12245 2 2 1 1 3037 2663 7674
12246 2 2 1 1 3868 7588 7646
12247 2 2 1 1 2772 2769 7627
12248 2 2 1 1 3866 3868 7646
12249 2 2 1 1 7607 3811 7681
12250 2 2 1 1 1538 626 7471
12251 2 2 1 1 7699 7527 7701
12252 2 2 1 1 2863 5415 7693
12253 2 2 1 1 5348 3952 7700
12254 2 2 1 1 2909 2865 7693
12255 2 2 1 1 7344 5182 7620
12256 2 2 1 1 7079 1895 7684
12257 2 2 1 1 861 862 7715
12258 2 2 1 1 5177 5179 6719
12259 2 2 1 1 2762 7495 7627
12260 2 2 1 1 3822 3824 7622
12261 2 2 1 1 570 571 6585
12262 2 2 1 1 5571 5575 7430
12263 2 2 1 1 6447 4469 7665
12264 2 2 1 1 6224 6226 6227
12265 2 2 1 1 2842 7651 7657
12266 2 2 1 1 3051 7314 7696
12267 2 2 1 1 33 1597 7241
12268 2 2 1 1 766 7106 7680
12269 2 2 1 1 4066 4218 7694
12270 2 2 1 1 7597 5623 7671
12271 2 2 1 1 3383 3382 3384
12272 2 2 1 1 2383 2384 2385
12273 2 2 1 1 3384 3382 7649
12274 2 2 1 1 7557 3384 7649
12275 2 2 1 1 5180 5177 6719
12276 2 2 1 1 7360 7357 7361
12277 2 2 1 1 3381 3383 4029
12278 2 2 1 1 3893 3891 7694
12279 2 2 1 1 7642 6423 7697
12280 2 2 1 1 3820 4016 7655
12281 2 2 1 1 5485 7699 7701
12282 2 2 1 1 2386 2384 7682
12283 2 2 1 1 6442 6439 7652
12284 2 2 1 1 7546 1631 7547
12285 2 2 1 1 2881 2893 7668
12286 2 2 1 1 2765 5894 7688
12287 2 2 1 1 4089 3858 7678
12288 2 2 1 1 2769 2762 7627
12289 2 2 1 1 4151 4463 7670
12290 2 2 1 1 3927 5699 7619
12291 2 2 1 1 2787 2960 7692
12292 2 2 1 1 2383 2382 2384
12293 2 2 1 1 6444 636 6445
12294 2 2 1 1 49 50 7476
12295 2 2 1 1 5296 5293 7691
12296 2 2 1 1 7048 7047 7049
12297 2 2 1 1 1191 1735 7433
12298 2 2 1 1 3818 3820 7655
12299 2 2 1 1 3671 7583 7663
12300 2 2 1 1 3855 3853 7678
12301 2 2 1 1 2667 3061 7686
12302 2 2 1 1 4020 3893 7694
12303 2 2 1 1 2842 2844 7651
12304 2 2 1 1 2944 2840 7657
12305 2 2 1 1 3815 3818 7656
12306 2 2 1 1 3695 3693 7647
12307 2 2 1 1 2692 2765 7631
12308 2 2 1 1 1548 49 7476
12309 2 2 1 1 4375 7607 7681
12310 2 2 1 1 3651 7452 7637
12311 2 2 1 1 2694 2692 7631
12312 2 2 1 1 2384 2900 7682
12313 2 2 1 1 1190 1191 7433
12314 2 2 1 1 3381 3382 3383
12315 2 2 1 1 3907 7669 7673
12316 2 2 1 1 5510 5885 7702
12317 2 2 1 1 2379 2381 3040
12318 2 2 1 1 7673 7669 7704
12319 2 2 1 1 3858 3855 7678
12320 2 2 1 1 5168 7527 7699
12321 2 2 1 1 3889 3892 7507
12322 2 2 1 1 2801 2799 7711
12323 2 2 1 1 7344 2857 7662
12324 2 2 1 1 3871 3869 7716
12325 2 2 1 1 3653 3651 7637
12326 2 2 1 1 4376 4375 7681
12327 2 2 1 1 2822 4151 7670
12328 2 2 1 1 6015 3978 7695
12329 2 2 1 1 5699 5703 7619
12330 2 2 1 1 2990 2892 7689
12331 2 2 1 1 7702 5555 7703
12332 2 2 1 1 2844 2964 7651
12333 2 2 1 1 4372 7673 7704
12334 2 2 1 1 4381 7678 7705
12335 2 2 1 1 7677 5484 7701
12336 2 2 1 1 32 33 7241
12337 2 2 1 1 3818 7655 7656
12338 2 2 1 1 6826 7642 7697
12339 2 2 1 1 3693 3907 7647
12340 2 2 1 1 5274 3037 7674
12341 2 2 1 1 4211 4160 7687
12342 2 2 1 1 7647 3907 7673
12343 2 2 1 1 1779 6826 7697
12344 2 2 1 1 5894 7372 7688
12345 2 2 1 1 7577 5331 7625
12346 2 2 1 1 3381 3380 3382
12347 2 2 1 1 7086 7083 7089
12348 2 2 1 1 7022 7021 7023
12349 2 2 1 1 3845 5664 7690
12350 2 2 1 1 636 637 6445
12351 2 2 1 1 4199 4167 7675
12352 2 2 1 1 5350 5348 7700
12353 2 2 1 1 7527 3964 7701
12354 2 2 1 1 2381 2382 2383
12355 2 2 1 1 5277 5274 7674
12356 2 2 1 1 3865 3863 7717
12357 2 2 1 1 4219 7689 7714
12358 2 2 1 1 2833 7628 7629
12359 2 2 1 1 2807 2805 7712
12360 2 2 1 1 2878 2880 7635
12361 2 2 1 1 5484 5485 7701
12362 2 2 1 1 2793 2941 7707
12363 2 2 1 1 4160 4322 7687
12364 2 2 1 1 3892 4011 7507
12365 2 2 1 1 2717 2953 7706
12366 2 2 1 1 2831 3022 7628
12367 2 2 1 1 7695 5893 7708
12368 2 2 1 1 4167 4398 7675
12369 2 2 1 1 2840 2842 7657
12370 2 2 1 1 2903 3144 7689
12371 2 2 1 1 4382 4381 7713
12372 2 2 1 1 2381 2380 2382
12373 2 2 1 1 7560 5800 7698
12374 2 2 1 1 3902 3847 7690
12375 2 2 1 1 3080 2878 7635
12376 2 2 1 1 3379 3380 3381
12377 2 2 1 1 4019 7560 7698
12378 2 2 1 1 2892 2903 7689
12379 2 2 1 1 7689 3144 7714
12380 2 2 1 1 2833 2831 7628
12381 2 2 1 1 5876 5350 7700
12382 2 2 1 1 6017 6015 7708
12383 2 2 1 1 3813 3810 7634
12384 2 2 1 1 7669 5704 7704
12385 2 2 1 1 3847 3845 7690
12386 2 2 1 1 2379 2380 2381
12387 2 2 1 1 3853 3849 7705
12388 2 2 1 1 3379 3378 3380
12389 2 2 1 1 2799 2924 7711
12390 2 2 1 1 6015 7695 7708
12391 2 2 1 1 3810 7607 7634
12392 2 2 1 1 3875 3901 7709
12393 2 2 1 1 4381 7705 7713
12394 2 2 1 1 2805 2912 7712
12395 2 2 1 1 3376 3374 3976
12396 2 2 1 1 2379 2378 2380
12397 2 2 1 1 7678 3853 7705
12398 2 2 1 1 3902 6579 7713
12399 2 2 1 1 2378 2376 2911
12400 2 2 1 1 4855 4268 7710
12401 2 2 1 1 4418 4219 7714
12402 2 2 1 1 3095 6683 7710
12403 2 2 1 1 4268 3095 7710
12404 2 2 1 1 3377 3378 3379
12405 2 2 1 1 6269 2380 7719
12406 2 2 1 1 3144 5290 7714
12407 2 2 1 1 7034 7019 7035
12408 2 2 1 1 6913 6917 7725
12409 2 2 1 1 2377 2378 2379
12410 2 2 1 1 3869 3917 7716
12411 2 2 1 1 3375 3377 3981
12412 2 2 1 1 6231 6233 6234
12413 2 2 1 1 3377 3376 3378
12414 2 2 1 1 4137 4018 4305
12415 2 2 1 1 862 7014 7715
12416 2 2 1 1 2377 2376 2378
12417 2 2 1 1 2373 2375 3014
12418 2 2 1 1 3863 3933 7717
12419 2 2 1 1 3375 3376 3377
12420 2 2 1 1 7028 7027 7029
12421 2 2 1 1 4017 3369 4018
12422 2 2 1 1 2380 2378 7719
12423 2 2 1 1 3371 3373 3965
12424 2 2 1 1 2375 2376 2377
12425 2 2 1 1 3375 3374 3376
12426 2 2 1 1 7016 7019 7034
12427 2 2 1 1 2375 2374 2376
12428 2 2 1 1 2378 2911 7719
12429 2 2 1 1 3373 3374 3375
12430 2 2 1 1 2373 2374 2375
12431 2 2 1 1 3375 3981 7718
12432 2 2 1 1 4383 5170 7723
12433 2 2 1 1 3373 3372 3374
12434 2 2 1 1 3965 3373 7718
12435 2 2 1 1 4017 4137 4183
12436 2 2 1 1 2373 2372 2374
12437 2 2 1 1 3368 3370 3371
12438 2 2 1 1 4017 4018 4137
12439 2 2 1 1 4183 4137 4419
12440 2 2 1 1 3373 3375 7718
12441 2 2 1 1 2372 2370 2923
12442 2 2 1 1 3371 3372 3373
12443 2 2 1 1 3370 3369 4017
12444 2 2 1 1 7051 1905 7055
12445 2 2 1 1 2371 2372 2373
12446 2 2 1 1 3371 3370 3372
12447 2 2 1 1 6238 6240 6241
12448 2 2 1 1 3371 3965 7720
12449 2 2 1 1 6268 2374 7722
12450 2 2 1 1 2367 2369 2986
12451 2 2 1 1 2371 2370 2372
12452 2 2 1 1 5078 5077 5079
12453 2 2 1 1 3368 3369 3370
12454 2 2 1 1 3368 3366 3369
12455 2 2 1 1 3367 3368 7720
12456 2 2 1 1 2369 2370 2371
12457 2 2 1 1 3368 3371 7720
12458 2 2 1 1 2374 2372 7722
12459 2 2 1 1 4384 5077 5078
12460 2 2 1 1 2365 2367 7721
12461 2 2 1 1 2369 2368 2370
12462 2 2 1 1 3367 3366 3368
12463 2 2 1 1 2367 2986 7721
12464 2 2 1 1 2367 2368 2369
12465 2 2 1 1 2372 2923 7722
12466 2 2 1 1 3365 3366 3367
12467 2 2 1 1 2367 2366 2368
12468 2 2 1 1 7054 7055 7056
12469 2 2 1 1 1736 6913 7725
12470 2 2 1 1 7054 7051 7055
12471 2 2 1 1 2366 2364 2940
12472 2 2 1 1 3365 3364 3366
12473 2 2 1 1 2365 2366 2367
12474 2 2 1 1 273 274 7725
12475 2 2 1 1 3363 3365 4040
12476 2 2 1 1 6245 6247 6248
12477 2 2 1 1 2361 2363 2970
12478 2 2 1 1 2365 2364 2366
12479 2 2 1 1 3363 3364 3365
12480 2 2 1 1 6267 2368 7724
12481 2 2 1 1 3363 3362 3364
12482 2 2 1 1 6934 6938 7727
12483 2 2 1 1 3362 3360 3594
12484 2 2 1 1 2363 2364 2365
12485 2 2 1 1 3361 3362 3363
12486 2 2 1 1 2368 2366 7724
12487 2 2 1 1 2363 2362 2364
12488 2 2 1 1 5170 3364 7723
12489 2 2 1 1 3364 3362 7723
12490 2 2 1 1 5083 5085 5086
12491 2 2 1 1 3361 3360 3362
12492 2 2 1 1 2361 2362 2363
12493 2 2 1 1 3362 3594 7723
12494 2 2 1 1 871 872 7727
12495 2 2 1 1 2366 2940 7724
12496 2 2 1 1 3359 3360 3361
12497 2 2 1 1 2361 2360 2362
12498 2 2 1 1 2360 2358 2959
12499 2 2 1 1 6913 6916 6917
12500 2 2 1 1 1737 6934 7727
12501 2 2 1 1 3359 3358 3360
12502 2 2 1 1 2359 2360 2361
12503 2 2 1 1 3357 3359 4002
12504 2 2 1 1 274 1736 7725
12505 2 2 1 1 2355 2357 2954
12506 2 2 1 1 2359 2358 2360
12507 2 2 1 1 3357 3358 3359
12508 2 2 1 1 6266 2362 7729
12509 2 2 1 1 2356 2354 3017
12510 2 2 1 1 3357 3356 3358
12511 2 2 1 1 2352 3045 7730
12512 2 2 1 1 2357 2358 2359
12513 2 2 1 1 3356 3354 3915
12514 2 2 1 1 2354 2352 7730
12515 2 2 1 1 3355 3356 3357
12516 2 2 1 1 2357 2356 2358
12517 2 2 1 1 2362 2360 7729
12518 2 2 1 1 6934 6937 6938
12519 2 2 1 1 3355 3354 3356
12520 2 2 1 1 2356 3017 7726
12521 2 2 1 1 872 1737 7727
12522 2 2 1 1 2959 2358 7726
12523 2 2 1 1 2355 2356 2357
12524 2 2 1 1 2358 2356 7726
12525 2 2 1 1 3352 3350 3971
12526 2 2 1 1 5106 3358 7731
12527 2 2 1 1 3348 3997 7732
12528 2 2 1 1 3358 3356 7731
12529 2 2 1 1 3353 3354 3355
12530 2 2 1 1 2355 2354 2356
12531 2 2 1 1 2360 2959 7729
12532 2 2 1 1 3350 3348 7732
12533 2 2 1 1 3353 3352 3354
12534 2 2 1 1 3351 3353 3969
12535 2 2 1 1 2352 2350 3045
12536 2 2 1 1 7317 7319 7321
12537 2 2 1 1 2353 2354 2355
12538 2 2 1 1 3017 2354 7730
12539 2 2 1 1 3356 3915 7731
12540 2 2 1 1 3915 3354 7728
12541 2 2 1 1 3352 3971 7728
12542 2 2 1 1 3351 3352 3353
12543 2 2 1 1 2353 2352 2354
12544 2 2 1 1 3354 3352 7728
12545 2 2 1 1 3351 3350 3352
12546 2 2 1 1 2351 2352 2353
12547 2 2 1 1 888 1930 7192
12548 2 2 1 1 2349 2351 3088
12549 2 2 1 1 3349 3350 3351
12550 2 2 1 1 3348 3346 3997
12551 2 2 1 1 3971 3350 7732
12552 2 2 1 1 3349 3348 3350
12553 2 2 1 1 2351 2350 2352
12554 2 2 1 1 936 7317 7321
12555 2 2 1 1 2344 2342 7733
12556 2 2 1 1 2349 2350 2351
12557 2 2 1 1 3347 3348 3349
12558 2 2 1 1 3345 3347 4086
12559 2 2 1 1 2349 2348 2350
12560 2 2 1 1 3347 3346 3348
12561 2 2 1 1 2345 2347 3070
12562 2 2 1 1 2347 2348 2349
12563 2 2 1 1 7211 7208 7735
12564 2 2 1 1 3345 3346 3347
12565 2 2 1 1 2347 2346 2348
12566 2 2 1 1 3345 3344 3346
12567 2 2 1 1 2346 2344 3012
12568 2 2 1 1 2341 2343 2914
12569 2 2 1 1 6265 2348 7734
12570 2 2 1 1 2345 2346 2347
12571 2 2 1 1 3012 2344 7733
12572 2 2 1 1 3341 3343 4061
12573 2 2 1 1 3343 3344 3345
12574 2 2 1 1 2345 2344 2346
12575 2 2 1 1 7217 7211 7735
12576 2 2 1 1 3343 3342 3344
12577 2 2 1 1 2343 2344 2345
12578 2 2 1 1 1920 282 7735
12579 2 2 1 1 2348 2346 7734
12580 2 2 1 1 3342 3340 3967
12581 2 2 1 1 1930 7186 7192
12582 2 2 1 1 3341 3342 3343
12583 2 2 1 1 5105 3344 7736
12584 2 2 1 1 2343 2342 2344
12585 2 2 1 1 7208 1920 7735
12586 2 2 1 1 3341 3340 3342
12587 2 2 1 1 4142 4470 4471
12588 2 2 1 1 2346 3012 7734
12589 2 2 1 1 2341 2342 2343
12590 2 2 1 1 3339 3340 3341
12591 2 2 1 1 3344 3342 7736
12592 2 2 1 1 3337 3339 3920
12593 2 2 1 1 3339 3338 3340
12594 2 2 1 1 2341 2340 2342
12595 2 2 1 1 2340 2338 3046
12596 2 2 1 1 2339 2340 2341
12597 2 2 1 1 2335 2337 2905
12598 2 2 1 1 3337 3338 3339
12599 2 2 1 1 299 1938 7131
12600 2 2 1 1 7215 7211 7217
12601 2 2 1 1 4103 3331 4104
12602 2 2 1 1 3342 3967 7736
12603 2 2 1 1 7737 3920 7738
12604 2 2 1 1 4609 4472 4610
12605 2 2 1 1 2339 2338 2340
12606 2 2 1 1 3333 3335 4003
12607 2 2 1 1 3337 3336 3338
12608 2 2 1 1 7198 7199 7201
12609 2 2 1 1 2337 2338 2339
12610 2 2 1 1 3336 3334 4004
12611 2 2 1 1 3335 3336 3337
12612 2 2 1 1 3176 4449 4450
12613 2 2 1 1 3127 2329 3128
12614 2 2 1 1 4145 4104 4309
12615 2 2 1 1 4003 3335 7737
12616 2 2 1 1 3335 3334 3336
12617 2 2 1 1 3337 3920 7737
12618 2 2 1 1 2337 2336 2338
12619 2 2 1 1 3335 3337 7737
12620 2 2 1 1 3333 3334 3335
12621 2 2 1 1 3332 3331 4103
12622 2 2 1 1 4145 4309 4412
12623 2 2 1 1 3330 3328 3331
12624 2 2 1 1 4579 4451 4580
12625 2 2 1 1 2335 2336 2337
12626 2 2 1 1 4103 4104 4145
12627 2 2 1 1 4103 4145 4266
12628 2 2 1 1 2331 2333 3006
12629 2 2 1 1 4608 4472 4609
12630 2 2 1 1 3333 4003 7741
12631 2 2 1 1 2335 2905 7739
12632 2 2 1 1 3333 3332 3334
12633 2 2 1 1 3330 3332 3333
12634 2 2 1 1 2335 2334 2336
12635 2 2 1 1 3330 3331 3332
12636 2 2 1 1 3170 3128 4312
12637 2 2 1 1 2334 2332 3064
12638 2 2 1 1 2333 2334 2335
12639 2 2 1 1 4470 4472 4608
12640 2 2 1 1 3006 2333 7739
12641 2 2 1 1 4470 4220 4472
12642 2 2 1 1 2333 2332 2334
12643 2 2 1 1 2333 2335 7739
12644 2 2 1 1 4004 3334 7740
12645 2 2 1 1 3327 3329 4142
12646 2 2 1 1 3332 4103 7740
12647 2 2 1 1 4103 4266 7740
12648 2 2 1 1 3334 3332 7740
12649 2 2 1 1 4142 4220 4470
12650 2 2 1 1 2331 2332 2333
12651 2 2 1 1 4610 4472 7743
12652 2 2 1 1 2330 2329 3127
12653 2 2 1 1 3127 3128 3170
12654 2 2 1 1 3329 3328 3330
12655 2 2 1 1 2328 2326 2329
12656 2 2 1 1 4142 3329 4220
12657 2 2 1 1 4610 7743 7746
12658 2 2 1 1 3330 3333 7741
12659 2 2 1 1 3127 3170 4293
12660 2 2 1 1 4578 4451 4579
12661 2 2 1 1 2331 3006 7744
12662 2 2 1 1 3170 4312 4432
12663 2 2 1 1 3329 3330 7741
12664 2 2 1 1 2331 2330 2332
12665 2 2 1 1 4220 3329 7741
12666 2 2 1 1 4142 4471 7747
12667 2 2 1 1 2328 2330 2331
12668 2 2 1 1 7741 4003 7743
12669 2 2 1 1 3327 3328 3329
12670 2 2 1 1 1938 7117 7131
12671 2 2 1 1 7737 7738 7746
12672 2 2 1 1 2328 2329 2330
12673 2 2 1 1 3325 3327 7747
12674 2 2 1 1 4449 4451 4578
12675 2 2 1 1 4472 4220 7743
12676 2 2 1 1 4449 4221 4451
12677 2 2 1 1 5013 5015 5018
12678 2 2 1 1 3064 2332 7742
12679 2 2 1 1 7743 4003 7746
12680 2 2 1 1 4220 7741 7743
12681 2 2 1 1 3324 3322 3778
12682 2 2 1 1 3327 3326 3328
12683 2 2 1 1 2325 2327 3176
12684 2 2 1 1 2330 3127 7742
12685 2 2 1 1 3127 4293 7742
12686 2 2 1 1 2332 2330 7742
12687 2 2 1 1 4119 3325 7747
12688 2 2 1 1 4580 4451 7748
12689 2 2 1 1 4003 7737 7746
12690 2 2 1 1 3176 4221 4449
12691 2 2 1 1 3325 3326 3327
12692 2 2 1 1 2327 2326 2328
12693 2 2 1 1 4580 7748 7751
12694 2 2 1 1 3176 2327 4221
12695 2 2 1 1 2328 2331 7744
12696 2 2 1 1 5075 3326 7745
12697 2 2 1 1 3323 3325 4119
12698 2 2 1 1 3325 3324 3326
12699 2 2 1 1 3324 3778 7745
12700 2 2 1 1 5009 5008 5010
12701 2 2 1 1 3327 4142 7747
12702 2 2 1 1 2327 2328 7744
12703 2 2 1 1 7744 3006 7748
12704 2 2 1 1 4221 2327 7744
12705 2 2 1 1 3176 4450 7752
12706 2 2 1 1 2325 2326 2327
12707 2 2 1 1 4388 5008 5009
12708 2 2 1 1 3326 3324 7745
12709 2 2 1 1 3323 3324 3325
12710 2 2 1 1 2323 2325 7752
12711 2 2 1 1 7140 7138 7141
12712 2 2 1 1 4451 4221 7748
12713 2 2 1 1 2322 2320 2393
12714 2 2 1 1 7748 3006 7751
12715 2 2 1 1 3323 3322 3324
12716 2 2 1 1 2325 2324 2326
12717 2 2 1 1 4221 7744 7748
12718 2 2 1 1 3006 7739 7751
12719 2 2 1 1 7746 7738 7750
12720 2 2 1 1 3143 2323 7752
12721 2 2 1 1 2323 2324 2325
12722 2 2 1 1 3321 3322 3323
12723 2 2 1 1 5074 2324 7749
12724 2 2 1 1 4610 7746 7750
12725 2 2 1 1 2321 2323 3143
12726 2 2 1 1 2322 2393 7749
12727 2 2 1 1 2323 2322 2324
12728 2 2 1 1 2325 3176 7752
12729 2 2 1 1 3321 3320 3322
12730 2 2 1 1 3318 3316 3919
12731 2 2 1 1 5020 5022 5025
12732 2 2 1 1 1931 291 7753
12733 2 2 1 1 2324 2322 7749
12734 2 2 1 1 4390 4994 4995
12735 2 2 1 1 2321 2322 2323
12736 2 2 1 1 2251 2252 2253
12737 2 2 1 1 3319 3320 3321
12738 2 2 1 1 7137 7138 7140
12739 2 2 1 1 2321 2320 2322
12740 2 2 1 1 3317 3319 4084
12741 2 2 1 1 5033 3320 7754
12742 2 2 1 1 7153 7152 7154
12743 2 2 1 1 3319 3318 3320
12744 2 2 1 1 5039 5038 5040
12745 2 2 1 1 2319 2320 2321
12746 2 2 1 1 3317 3318 3319
12747 2 2 1 1 7228 1931 7753
12748 2 2 1 1 5036 5038 5039
12749 2 2 1 1 2316 2314 2895
12750 2 2 1 1 2319 2318 2320
12751 2 2 1 1 3317 3316 3318
12752 2 2 1 1 3320 3318 7754
12753 2 2 1 1 7167 7154 7168
12754 2 2 1 1 3318 3919 7754
12755 2 2 1 1 5042 2318 7756
12756 2 2 1 1 7116 7114 7120
12757 2 2 1 1 894 1937 7757
12758 2 2 1 1 2317 2318 2319
12759 2 2 1 1 3315 3316 3317
12760 2 2 1 1 2315 2317 3131
12761 2 2 1 1 2317 2316 2318
12762 2 2 1 1 3315 3314 3316
12763 2 2 1 1 5027 5029 5030
12764 2 2 1 1 3312 3310 3937
12765 2 2 1 1 2315 2316 2317
12766 2 2 1 1 5032 3314 7758
12767 2 2 1 1 2316 2895 7756
12768 2 2 1 1 2318 2316 7756
12769 2 2 1 1 996 1643 7759
12770 2 2 1 1 3313 3314 3315
12771 2 2 1 1 2317 2319 7755
12772 2 2 1 1 2315 2314 2316
12773 2 2 1 1 3311 3313 4045
12774 2 2 1 1 892 893 7760
12775 2 2 1 1 3313 3312 3314
12776 2 2 1 1 3131 2317 7755
12777 2 2 1 1 7153 7154 7167
12778 2 2 1 1 2149 2150 2151
12779 2 2 1 1 2313 2314 2315
12780 2 2 1 1 3311 3312 3313
12781 2 2 1 1 4428 4187 4921
12782 2 2 1 1 2255 2256 2257
12783 2 2 1 1 7149 7152 7153
12784 2 2 1 1 2313 2312 2314
12785 2 2 1 1 5047 5049 5052
12786 2 2 1 1 2310 2308 2906
12787 2 2 1 1 3311 3310 3312
12788 2 2 1 1 7150 7147 7166
12789 2 2 1 1 5073 2312 7762
12790 2 2 1 1 893 894 7757
12791 2 2 1 1 3314 3312 7758
12792 2 2 1 1 995 996 7759
12793 2 2 1 1 2311 2312 2313
12794 2 2 1 1 3312 3937 7758
12795 2 2 1 1 3309 3310 3311
12796 2 2 1 1 4159 4844 4845
12797 2 2 1 1 2309 2311 3110
12798 2 2 1 1 2311 2310 2312
12799 2 2 1 1 7114 301 7120
12800 2 2 1 1 3309 3308 3310
12801 2 2 1 1 5031 3308 7761
12802 2 2 1 1 3306 3304 3957
12803 2 2 1 1 2309 2310 2311
12804 2 2 1 1 4139 3995 4284
12805 2 2 1 1 3307 3308 3309
12806 2 2 1 1 2312 2310 7762
12807 2 2 1 1 893 7757 7760
12808 2 2 1 1 2310 2906 7762
12809 2 2 1 1 3305 3307 4006
12810 2 2 1 1 7161 7160 7162
12811 2 2 1 1 2309 2308 2310
12812 2 2 1 1 3307 3306 3308
12813 2 2 1 1 4845 4844 4846
12814 2 2 1 1 3306 3957 7761
12815 2 2 1 1 3994 3299 3995
12816 2 2 1 1 2307 2308 2309
12817 2 2 1 1 3308 3306 7761
12818 2 2 1 1 3305 3306 3307
12819 2 2 1 1 3301 3303 3972
12820 2 2 1 1 2307 2306 2308
12821 2 2 1 1 4704 4705 4706
12822 2 2 1 1 2304 2302 2915
12823 2 2 1 1 4781 4782 4783
12824 2 2 1 1 3305 3304 3306
12825 2 2 1 1 5054 5056 5059
12826 2 2 1 1 1055 1721 7769
12827 2 2 1 1 4725 4724 4726
12828 2 2 1 1 4159 4845 7765
12829 2 2 1 1 2305 2306 2307
12830 2 2 1 1 5072 2306 7768
12831 2 2 1 1 3303 3304 3305
12832 2 2 1 1 2147 2148 2149
12833 2 2 1 1 3305 4006 7763
12834 2 2 1 1 2303 2305 3086
12835 2 2 1 1 4159 4392 4844
12836 2 2 1 1 2305 2304 2306
12837 2 2 1 1 3303 3302 3304
12838 2 2 1 1 3972 3303 7763
12839 2 2 1 1 2151 2152 2153
12840 2 2 1 1 3303 3305 7763
12841 2 2 1 1 3994 4139 4159
12842 2 2 1 1 7157 7150 7166
12843 2 2 1 1 3994 3995 4139
12844 2 2 1 1 4159 4139 4392
12845 2 2 1 1 2303 2304 2305
12846 2 2 1 1 2091 2090 2092
12847 2 2 1 1 3301 3302 3303
12848 2 2 1 1 3302 3300 7765
12849 2 2 1 1 3298 3300 3301
12850 2 2 1 1 3198 3199 3200
12851 2 2 1 1 4721 4722 4723
12852 2 2 1 1 4389 5006 7776
12853 2 2 1 1 3300 3994 7765
12854 2 2 1 1 3300 3299 3994
12855 2 2 1 1 3301 3300 3302
12856 2 2 1 1 2303 2302 2304
12857 2 2 1 1 3301 3972 7766
12858 2 2 1 1 2306 2304 7768
12859 2 2 1 1 3957 3304 7770
12860 2 2 1 1 1054 1055 7769
12861 2 2 1 1 3994 4159 7765
12862 2 2 1 1 2304 2915 7768
12863 2 2 1 1 2301 2302 2303
12864 2 2 1 1 3163 4508 4509
12865 2 2 1 1 7765 4845 7770
12866 2 2 1 1 4996 4995 4997
12867 2 2 1 1 3302 7765 7770
12868 2 2 1 1 3200 3203 3204
12869 2 2 1 1 3261 3260 3262
12870 2 2 1 1 3298 3299 3300
12871 2 2 1 1 3298 3296 3299
12872 2 2 1 1 3255 3256 4993
12873 2 2 1 1 8173 4512 8438
12874 2 2 1 1 3304 3302 7770
12875 2 2 1 1 2301 2300 2302
12876 2 2 1 1 3298 3301 7766
12877 2 2 1 1 2096 2095 2097
12878 2 2 1 1 2298 2296 2932
12879 2 2 1 1 2202 2201 2203
12880 2 2 1 1 5061 5063 5067
12881 2 2 1 1 4390 4995 4996
12882 2 2 1 1 3297 3298 7766
12883 2 2 1 1 5071 2300 7775
12884 2 2 1 1 2299 2300 2301
12885 2 2 1 1 2119 2117 4964
12886 2 2 1 1 3259 3258 3260
12887 2 2 1 1 8876 6290 8993
12888 2 2 1 1 2297 2299 3062
12889 2 2 1 1 5761 1712 9514
12890 2 2 1 1 2299 2298 2300
12891 2 2 1 1 7125 7122 7129
12892 2 2 1 1 3297 3296 3298
12893 2 2 1 1 3263 3262 3264
12894 2 2 1 1 4042 3206 4957
12895 2 2 1 1 7558 4199 7777
12896 2 2 1 1 3206 3207 3208
12897 2 2 1 1 306 307 7772
12898 2 2 1 1 2297 2298 2299
12899 2 2 1 1 3295 3296 3297
12900 2 2 1 1 5873 5872 5874
12901 2 2 1 1 3295 3294 3296
12902 2 2 1 1 2297 2296 2298
12903 2 2 1 1 3293 3295 4058
12904 2 2 1 1 2204 2203 2205
12905 2 2 1 1 2261 2262 2263
12906 2 2 1 1 2259 2260 2261
12907 2 2 1 1 2208 2207 2209
12908 2 2 1 1 2300 2298 7775
12909 2 2 1 1 4936 4404 7805
12910 2 2 1 1 2098 2097 2099
12911 2 2 1 1 3293 3294 3295
12912 2 2 1 1 2103 2102 2104
12913 2 2 1 1 2295 2296 2297
12914 2 2 1 1 2298 2932 7775
12915 2 2 1 1 2157 2158 2159
12916 2 2 1 1 3293 3292 3294
12917 2 2 1 1 4333 4938 7807
12918 2 2 1 1 2263 2264 2265
12919 2 2 1 1 3265 3264 3266
12920 2 2 1 1 3292 3290 3410
12921 2 2 1 1 5001 5003 5004
12922 2 2 1 1 3212 3213 3214
12923 2 2 1 1 2155 2156 2157
12924 2 2 1 1 2295 2294 2296
12925 2 2 1 1 3291 3292 3293
12926 2 2 1 1 3208 3209 3210
12927 2 2 1 1 7871 2930 7951
12928 2 2 1 1 2159 2160 2161
12929 2 2 1 1 3948 7558 7777
12930 2 2 1 1 2265 2266 2267
12931 2 2 1 1 2292 2290 2950
12932 2 2 1 1 5070 2294 7793
12933 2 2 1 1 2212 2211 2213
12934 2 2 1 1 4876 4879 7782
12935 2 2 1 1 2105 2104 2106
12936 2 2 1 1 2161 2162 2163
12937 2 2 1 1 3294 3292 7776
12938 2 2 1 1 5006 3294 7776
12939 2 2 1 1 4944 4295 7808
12940 2 2 1 1 3291 3290 3292
12941 2 2 1 1 3216 3217 3218
12942 2 2 1 1 5867 5872 5873
12943 2 2 1 1 2293 2294 2295
12944 2 2 1 1 4015 3216 4961
12945 2 2 1 1 3292 3410 7776
12946 2 2 1 1 2291 2293 3039
12947 2 2 1 1 3271 3270 3272
12948 2 2 1 1 2163 2164 2165
12949 2 2 1 1 3269 3268 3270
12950 2 2 1 1 2293 2292 2294
12951 2 2 1 1 2277 2276 2278
12952 2 2 1 1 4644 4643 4645
12953 2 2 1 1 3289 3290 3291
12954 2 2 1 1 2109 2108 2110
12955 2 2 1 1 4406 4936 4937
12956 2 2 1 1 2214 2213 2215
12957 2 2 1 1 2165 2166 2167
12958 2 2 1 1 2218 2217 2219
12959 2 2 1 1 4535 4528 4536
12960 2 2 1 1 2114 2113 2115
12961 2 2 1 1 2291 2292 2293
12962 2 2 1 1 2269 2270 2271
12963 2 2 1 1 3222 3223 3224
12964 2 2 1 1 3218 3219 3220
12965 2 2 1 1 2222 2221 2223
12966 2 2 1 1 3289 3288 3290
12967 2 2 1 1 7821 7819 7822
12968 2 2 1 1 3287 3289 4024
12969 2 2 1 1 4973 4971 7778
12970 2 2 1 1 4460 4944 4945
12971 2 2 1 1 2271 2272 2273
12972 2 2 1 1 3265 3266 7767
12973 2 2 1 1 2118 2117 2119
12974 2 2 1 1 4655 1958 8238
12975 2 2 1 1 4511 4512 4513
12976 2 2 1 1 2291 2290 2292
12977 2 2 1 1 2171 2172 2173
12978 2 2 1 1 4645 4646 4647
12979 2 2 1 1 4665 4667 4671
12980 2 2 1 1 2169 2170 2171
12981 2 2 1 1 4527 3161 4528
12982 2 2 1 1 3273 3274 3275
12983 2 2 1 1 4614 3182 4969
12984 2 2 1 1 3287 3288 3289
12985 2 2 1 1 4877 4876 7782
12986 2 2 1 1 2267 2266 7771
12987 2 2 1 1 2294 2292 7793
12988 2 2 1 1 4767 4769 4770
12989 2 2 1 1 2104 2102 7794
12990 2 2 1 1 3226 3227 3228
12991 2 2 1 1 4667 4666 4668
12992 2 2 1 1 1437 1438 8224
12993 2 2 1 1 3149 4409 4410
12994 2 2 1 1 2173 2174 2175
12995 2 2 1 1 3287 3286 3288
12996 2 2 1 1 2124 2123 2125
12997 2 2 1 1 4436 3158 4437
12998 2 2 1 1 2273 2274 2275
12999 2 2 1 1 2224 2223 2225
13000 2 2 1 1 4769 4768 4771
13001 2 2 1 1 2175 2176 2177
13002 2 2 1 1 427 1673 7837
13003 2 2 1 1 4533 4228 4534
13004 2 2 1 1 4125 4510 4511
13005 2 2 1 1 2289 2290 2291
13006 2 2 1 1 3230 3231 3232
13007 2 2 1 1 3178 4524 4525
13008 2 2 1 1 4668 4669 4670
13009 2 2 1 1 2120 2119 2121
13010 2 2 1 1 2188 2190 2191
13011 2 2 1 1 2292 2950 7793
13012 2 2 1 1 3286 3284 3912
13013 2 2 1 1 2177 2178 2179
13014 2 2 1 1 2230 2229 2231
13015 2 2 1 1 2068 2069 2070
13016 2 2 1 1 4670 4673 4674
13017 2 2 1 1 3234 3235 3236
13018 2 2 1 1 2234 2233 2235
13019 2 2 1 1 7817 7816 7818
13020 2 2 1 1 4685 4684 4686
13021 2 2 1 1 4659 4658 4660
13022 2 2 1 1 4978 4979 4980
13023 2 2 1 1 2066 2067 2068
13024 2 2 1 1 2179 2180 2181
13025 2 2 1 1 2070 2071 2072
13026 2 2 1 1 7815 7814 7816
13027 2 2 1 1 3285 3286 3287
13028 2 2 1 1 4688 4686 4689
13029 2 2 1 1 4683 4682 4684
13030 2 2 1 1 497 1821 7843
13031 2 2 1 1 4657 4652 4658
13032 2 2 1 1 4229 4334 4335
13033 2 2 1 1 2072 2073 2074
13034 2 2 1 1 2128 2127 2129
13035 2 2 1 1 4661 4660 4662
13036 2 2 1 1 2289 2288 2290
13037 2 2 1 1 3182 3181 3183
13038 2 2 1 1 3180 2062 3181
13039 2 2 1 1 2181 2182 2183
13040 2 2 1 1 2102 3102 7794
13041 2 2 1 1 3238 3239 3240
13042 2 2 1 1 2086 2088 2089
13043 2 2 1 1 4543 3164 4544
13044 2 2 1 1 4674 4675 4676
13045 2 2 1 1 2074 2075 2077
13046 2 2 1 1 2183 2184 2185
13047 2 2 1 1 3182 3183 4969
13048 2 2 1 1 2238 2237 2239
13049 2 2 1 1 2134 2133 2135
13050 2 2 1 1 2196 2199 2200
13051 2 2 1 1 2077 2078 2079
13052 2 2 1 1 3285 3284 3286
13053 2 2 1 1 2949 4156 4229
13054 2 2 1 1 2185 2186 2187
13055 2 2 1 1 3188 3187 3189
13056 2 2 1 1 3186 3185 3187
13057 2 2 1 1 3101 2240 7805
13058 2 2 1 1 2275 2276 2277
13059 2 2 1 1 2079 2080 2081
13060 2 2 1 1 3206 3204 3207
13061 2 2 1 1 2092 2095 2096
13062 2 2 1 1 3190 3189 3191
13063 2 2 1 1 2287 2288 2289
13064 2 2 1 1 4880 4883 8107
13065 2 2 1 1 3241 4087 7807
13066 2 2 1 1 4304 4303 4324
13067 2 2 1 1 3244 3245 3246
13068 2 2 1 1 2081 2082 2083
13069 2 2 1 1 3273 3272 3274
13070 2 2 1 1 3192 3191 3193
13071 2 2 1 1 4263 4042 4957
13072 2 2 1 1 1657 6153 9661
13073 2 2 1 1 4913 4313 7806
13074 2 2 1 1 3021 2130 7808
13075 2 2 1 1 2244 2243 2245
13076 2 2 1 1 2140 2139 2141
13077 2 2 1 1 2205 2207 2208
13078 2 2 1 1 5005 3288 7835
13079 2 2 1 1 2191 2192 2193
13080 2 2 1 1 3194 3193 3195
13081 2 2 1 1 2083 2084 2085
13082 2 2 1 1 4344 4521 4522
13083 2 2 1 1 4978 4973 4979
13084 2 2 1 1 4743 4745 4746
13085 2 2 1 1 4536 4528 7966
13086 2 2 1 1 2099 2102 2103
13087 2 2 1 1 4302 4013 4303
13088 2 2 1 1 6599 6953 9190
13089 2 2 1 1 2285 2287 3004
13090 2 2 1 1 2209 2211 2212
13091 2 2 1 1 3212 3210 3213
13092 2 2 1 1 3250 3251 3252
13093 2 2 1 1 2250 2249 2251
13094 2 2 1 1 2365 7721 7927
13095 2 2 1 1 2970 2363 7927
13096 2 2 1 1 4756 4755 4760
13097 2 2 1 1 3117 4343 4344
13098 2 2 1 1 2193 2194 2195
13099 2 2 1 1 4743 4744 4745
13100 2 2 1 1 3196 3195 3197
13101 2 2 1 1 4337 4497 4956
13102 2 2 1 1 2146 2145 2147
13103 2 2 1 1 4234 3044 7847
13104 2 2 1 1 2200 2201 2202
13105 2 2 1 1 4188 4015 4961
13106 2 2 1 1 2089 2090 2091
13107 2 2 1 1 3288 3286 7835
13108 2 2 1 1 3198 3197 3199
13109 2 2 1 1 3216 3214 3217
13110 2 2 1 1 3283 3284 3285
13111 2 2 1 1 4233 3044 4234
13112 2 2 1 1 2287 2286 2288
13113 2 2 1 1 3275 3276 3277
13114 2 2 1 1 6 1441 1529
13115 2 2 1 1 3 1379 1533
13116 2 2 1 1 1398 1399 1532
13117 2 2 1 1 1460 1461 1531
13118 2 2 1 1 1502 4 1530
13119 2 2 1 1 1419 1420 1528
13120 2 2 1 1 1481 1482 1527
13121 2 2 1 1 1436 1437 1518
13122 2 2 1 1 1498 1499 1517
13123 2 2 1 1 1403 1404 1526
13124 2 2 1 1 1465 1466 1525
13125 2 2 1 1 1382 1383 1524
13126 2 2 1 1 1444 1445 1523
13127 2 2 1 1 1394 1395 1520
13128 2 2 1 1 1456 1457 1519
13129 2 2 1 1 1424 1425 1522
13130 2 2 1 1 1486 1487 1521
13131 2 2 1 1 1415 1416 1516
13132 2 2 1 1 1477 1478 1515
13133 2 2 1 1 1390 1391 1510
13134 2 2 1 1 1452 1453 1509
13135 2 2 1 1 1386 1387 1512
13136 2 2 1 1 1448 1449 1511
13137 2 2 1 1 1407 1408 1514
13138 2 2 1 1 1469 1470 1513
13139 2 2 1 1 1432 1433 1506
13140 2 2 1 1 1494 1495 1505
13141 2 2 1 1 1428 1429 1508
13142 2 2 1 1 1490 1491 1507
13143 2 2 1 1 1411 1412 1504
13144 2 2 1 1 1473 1474 1503
13145 2 2 1 1 3200 3199 3203
13146 2 2 1 1 4277 3087 4278
13147 2 2 1 1 2106 2108 2109
13148 2 2 1 1 3256 3257 3258
13149 2 2 1 1 4333 4549 4938
13150 2 2 1 1 1412 1413 4795
13151 2 2 1 1 1408 1409 4836
13152 2 2 1 1 1493 1494 4835
13153 2 2 1 1 1416 1417 4796
13154 2 2 1 1 4393 4124 4394
13155 2 2 1 1 2215 2217 2218
13156 2 2 1 1 1459 1460 4966
13157 2 2 1 1 1418 1419 2055
13158 2 2 1 1 1497 1498 4707
13159 2 2 1 1 1410 1411 4720
13160 2 2 1 1 1427 1428 4730
13161 2 2 1 1 1441 1442 4750
13162 2 2 1 1 1404 1405 4775
13163 2 2 1 1 1466 1467 4777
13164 2 2 1 1 1491 1492 4780
13165 2 2 1 1 1393 1394 4709
13166 2 2 1 1 1489 1490 4731
13167 2 2 1 1 1391 1392 4764
13168 2 2 1 1 1472 1473 4729
13169 2 2 1 1 1395 1396 4752
13170 2 2 1 1 1385 1386 4716
13171 2 2 1 1 1435 1436 4703
13172 2 2 1 1 1449 1450 4789
13173 2 2 1 1 1470 1471 4839
13174 2 2 1 1 1463 1464 4838
13175 2 2 1 1 1379 1380 4753
13176 2 2 1 1 4278 3087 7849
13177 2 2 1 1 4406 4404 4936
13178 2 2 1 1 1397 1398 4967
13179 2 2 1 1 2110 2113 2114
13180 2 2 1 1 2219 2221 2222
13181 2 2 1 1 2202 2203 2204
13182 2 2 1 1 1442 1443 1973
13183 2 2 1 1 1380 1381 1972
13184 2 2 1 1 1396 1397 1968
13185 2 2 1 1 1458 1459 1969
13186 2 2 1 1 1417 1418 1974
13187 2 2 1 1 1479 1480 1975
13188 2 2 1 1 1500 1501 1963
13189 2 2 1 1 1434 1435 1970
13190 2 2 1 1 1496 1497 1971
13191 2 2 1 1 1392 1393 1980
13192 2 2 1 1 1454 1455 1981
13193 2 2 1 1 1384 1385 1966
13194 2 2 1 1 1446 1447 1967
13195 2 2 1 1 1426 1427 1984
13196 2 2 1 1 1488 1489 1985
13197 2 2 1 1 1405 1406 1964
13198 2 2 1 1 1467 1468 1965
13199 2 2 1 1 1413 1414 1986
13200 2 2 1 1 1475 1476 1987
13201 2 2 1 1 1409 1410 1982
13202 2 2 1 1 1471 1472 1983
13203 2 2 1 1 1388 1389 1978
13204 2 2 1 1 1450 1451 1979
13205 2 2 1 1 1430 1431 1976
13206 2 2 1 1 1492 1493 1977
13207 2 2 1 1 4783 4782 4784
13208 2 2 1 1 2096 2097 2098
13209 2 2 1 1 4725 4726 4727
13210 2 2 1 1 2258 2257 2259
13211 2 2 1 1 4321 4397 4555
13212 2 2 1 1 3222 3220 3223
13213 2 2 1 1 2057 2058 2059
13214 2 2 1 1 4979 4973 7778
13215 2 2 1 1 2279 2278 2280
13216 2 2 1 1 2115 2117 2118
13217 2 2 1 1 1400 1401 1958
13218 2 2 1 1 1462 1463 1959
13219 2 2 1 1 1421 1422 1961
13220 2 2 1 1 1483 1484 1962
13221 2 2 1 1 1439 1440 1960
13222 2 2 1 1 2154 2153 2155
13223 2 2 1 1 4460 4295 4944
13224 2 2 1 1 2204 2205 7773
13225 2 2 1 1 3208 3207 3209
13226 2 2 1 1 426 427 7837
13227 2 2 1 1 2103 2104 2105
13228 2 2 1 1 3060 4320 4321
13229 2 2 1 1 3226 3224 3227
13230 2 2 1 1 2043 8042 9358
13231 2 2 1 1 3427 3429 7955
13232 2 2 1 1 4093 4238 4239
13233 2 2 1 1 347 348 7956
13234 2 2 1 1 2121 2123 2124
13235 2 2 1 1 3230 3228 3231
13236 2 2 1 1 4440 4287 4441
13237 2 2 1 1 3283 3282 3284
13238 2 2 1 1 4286 3041 4287
13239 2 2 1 1 2227 2229 2230
13240 2 2 1 1 4587 4272 4588
13241 2 2 1 1 3218 3217 3219
13242 2 2 1 1 3234 3232 3235
13243 2 2 1 1 2212 2213 2214
13244 2 2 1 1 4271 3103 4272
13245 2 2 1 1 4511 4513 7969
13246 2 2 1 1 3266 3267 3268
13247 2 2 1 1 2285 2286 2287
13248 2 2 1 1 2231 2233 2234
13249 2 2 1 1 2268 2267 2269
13250 2 2 1 1 4535 4536 4537
13251 2 2 1 1 7855 7857 7858
13252 2 2 1 1 7932 7930 7933
13253 2 2 1 1 2125 2127 2128
13254 2 2 1 1 2205 2208 7773
13255 2 2 1 1 4528 3161 7839
13256 2 2 1 1 4527 4528 4535
13257 2 2 1 1 3238 3236 3239
13258 2 2 1 1 217 218 7959
13259 2 2 1 1 2131 2133 2134
13260 2 2 1 1 496 497 7843
13261 2 2 1 1 2235 2237 2238
13262 2 2 1 1 4077 4247 4248
13263 2 2 1 1 3275 3274 3276
13264 2 2 1 1 1522 1425 4710
13265 2 2 1 1 1505 1495 4719
13266 2 2 1 1 1506 1433 4718
13267 2 2 1 1 1521 1487 4715
13268 2 2 1 1 1523 1445 4708
13269 2 2 1 1 2188 2191 7854
13270 2 2 1 1 2109 2110 7779
13271 2 2 1 1 1532 1399 4648
13272 2 2 1 1 1531 1461 4664
13273 2 2 1 1 1527 1482 4701
13274 2 2 1 1 1973 1443 4751
13275 2 2 1 1 1986 1414 4778
13276 2 2 1 1 1964 1406 4765
13277 2 2 1 1 1979 1451 4792
13278 2 2 1 1 1965 1468 4766
13279 2 2 1 1 1976 1431 4788
13280 2 2 1 1 3286 3912 7835
13281 2 2 1 1 1963 1501 4732
13282 2 2 1 1 6606 1614 8370
13283 2 2 1 1 4511 4510 4512
13284 2 2 1 1 2222 2223 2224
13285 2 2 1 1 7901 7904 7905
13286 2 2 1 1 1960 1440 4793
13287 2 2 1 1 3244 3242 3245
13288 2 2 1 1 2168 2167 2169
13289 2 2 1 1 2277 2278 2279
13290 2 2 1 1 2118 2119 2120
13291 2 2 1 1 4274 3130 4275
13292 2 2 1 1 1517 1499 4834
13293 2 2 1 1 2241 2243 2244
13294 2 2 1 1 4093 4239 7860
13295 2 2 1 1 3210 3209 7836
13296 2 2 1 1 808 1832 7963
13297 2 2 1 1 2012 807 7963
13298 2 2 1 1 3281 3282 3283
13299 2 2 1 1 2137 2139 2140
13300 2 2 1 1 2105 2106 7839
13301 2 2 1 1 2224 2225 3065
13302 2 2 1 1 3250 3248 3251
13303 2 2 1 1 2247 2249 2250
13304 2 2 1 1 4243 3112 4244
13305 2 2 1 1 7913 7915 7917
13306 2 2 1 1 2060 2058 2061
13307 2 2 1 1 8718 5639 8750
13308 2 2 1 1 2086 2089 7867
13309 2 2 1 1 2214 2215 7841
13310 2 2 1 1 2196 2200 7864
13311 2 2 1 1 4543 4544 4545
13312 2 2 1 1 2143 2145 2146
13313 2 2 1 1 3224 3223 7780
13314 2 2 1 1 2285 2284 2286
13315 2 2 1 1 3280 3278 3930
13316 2 2 1 1 7823 7812 7832
13317 2 2 1 1 2063 2061 2064
13318 2 2 1 1 3220 3219 7846
13319 2 2 1 1 4229 4156 4334
13320 2 2 1 1 4437 3158 7841
13321 2 2 1 1 7811 7812 7814
13322 2 2 1 1 3256 3254 3257
13323 2 2 1 1 2251 2253 3008
13324 2 2 1 1 2092 2096 7863
13325 2 2 1 1 7818 7824 7825
13326 2 2 1 1 4287 3041 7871
13327 2 2 1 1 2147 2149 3023
13328 2 2 1 1 2255 2257 2258
13329 2 2 1 1 2065 2064 2066
13330 2 2 1 1 4737 4738 4739
13331 2 2 1 1 2128 2129 3105
13332 2 2 1 1 3232 3231 7783
13333 2 2 1 1 2151 2153 2154
13334 2 2 1 1 3276 3274 3988
13335 2 2 1 1 2110 2114 7779
13336 2 2 1 1 3207 3204 7872
13337 2 2 1 1 1531 4679 4680
13338 2 2 1 1 3240 3239 4227
13339 2 2 1 1 2063 2065 2076
13340 2 2 1 1 2168 3112 4242
13341 2 2 1 1 2230 2231 7788
13342 2 2 1 1 1522 4711 4863
13343 2 2 1 1 2238 2239 3079
13344 2 2 1 1 1532 4649 4650
13345 2 2 1 1 4680 4681 4682
13346 2 2 1 1 4746 4745 4747
13347 2 2 1 1 3262 3260 3986
13348 2 2 1 1 7894 7893 7895
13349 2 2 1 1 2059 2060 2062
13350 2 2 1 1 4239 7907 7908
13351 2 2 1 1 4651 4649 4653
13352 2 2 1 1 4650 4651 4652
13353 2 2 1 1 2134 2135 3025
13354 2 2 1 1 2261 2263 2930
13355 2 2 1 1 4242 4243 4311
13356 2 2 1 1 2281 2283 2987
13357 2 2 1 1 3183 3184 3185
13358 2 2 1 1 2099 2103 7868
13359 2 2 1 1 2157 2159 3013
13360 2 2 1 1 4302 4303 4304
13361 2 2 1 1 3281 3280 3282
13362 2 2 1 1 4711 4710 4712
13363 2 2 1 1 1144 1740 7965
13364 2 2 1 1 6452 1143 7965
13365 2 2 1 1 2268 3130 4245
13366 2 2 1 1 4272 3103 7870
13367 2 2 1 1 3277 3276 3278
13368 2 2 1 1 2120 2121 7853
13369 2 2 1 1 4125 4511 7846
13370 2 2 1 1 3266 3264 3267
13371 2 2 1 1 4077 3267 4246
13372 2 2 1 1 7915 7914 7916
13373 2 2 1 1 4245 4274 4315
13374 2 2 1 1 3246 3245 4054
13375 2 2 1 1 1926 4578 9253
13376 2 2 1 1 4344 4343 4521
13377 2 2 1 1 2244 2245 3044
13378 2 2 1 1 2265 2267 2268
13379 2 2 1 1 2093 7810 7811
13380 2 2 1 1 2161 2163 2952
13381 2 2 1 1 7899 7900 7901
13382 2 2 1 1 2140 2141 3087
13383 2 2 1 1 2209 2212 7880
13384 2 2 1 1 2281 2280 2282
13385 2 2 1 1 3149 4410 7862
13386 2 2 1 1 3272 3270 4025
13387 2 2 1 1 4247 4246 4430
13388 2 2 1 1 3277 3278 3279
13389 2 2 1 1 2187 2188 7854
13390 2 2 1 1 2165 2167 2168
13391 2 2 1 1 2154 3103 4241
13392 2 2 1 1 2258 3041 4240
13393 2 2 1 1 3217 3214 7877
13394 2 2 1 1 1963 4736 4737
13395 2 2 1 1 3252 3251 4074
13396 2 2 1 1 2271 2273 2975
13397 2 2 1 1 4093 3257 4237
13398 2 2 1 1 2171 2173 3015
13399 2 2 1 1 8870 6480 8879
13400 2 2 1 1 7810 7809 7813
13401 2 2 1 1 2085 2086 7867
13402 2 2 1 1 2091 2092 7863
13403 2 2 1 1 2195 2196 7864
13404 2 2 1 1 7890 7891 7892
13405 2 2 1 1 4241 4271 4331
13406 2 2 1 1 4534 4228 7879
13407 2 2 1 1 2283 2284 2285
13408 2 2 1 1 4077 4248 7883
13409 2 2 1 1 2098 2099 7868
13410 2 2 1 1 2277 2279 2974
13411 2 2 1 1 3204 3203 7872
13412 2 2 1 1 3258 3257 4093
13413 2 2 1 1 2177 2179 2999
13414 2 2 1 1 7931 7932 7934
13415 2 2 1 1 7818 7816 7824
13416 2 2 1 1 4054 3245 4108
13417 2 2 1 1 4240 4286 4288
13418 2 2 1 1 3060 2091 4225
13419 2 2 1 1 4074 3251 4235
13420 2 2 1 1 3178 4525 7869
13421 2 2 1 1 2279 2280 2281
13422 2 2 1 1 2244 3044 4232
13423 2 2 1 1 3214 3213 7877
13424 2 2 1 1 4321 4320 4397
13425 2 2 1 1 2234 2235 7862
13426 2 2 1 1 2238 3079 3149
13427 2 2 1 1 4667 4668 4672
13428 2 2 1 1 2070 2072 2111
13429 2 2 1 1 2140 3087 4236
13430 2 2 1 1 2208 2209 7880
13431 2 2 1 1 2128 3105 3178
13432 2 2 1 1 4496 4718 9026
13433 2 2 1 1 2258 2259 3041
13434 2 2 1 1 4227 3239 4228
13435 2 2 1 1 3227 3224 7780
13436 2 2 1 1 2124 2125 7869
13437 2 2 1 1 7802 7803 7804
13438 2 2 1 1 2183 2185 3066
13439 2 2 1 1 3213 3210 7836
13440 2 2 1 1 2114 2115 7878
13441 2 2 1 1 2219 2222 7873
13442 2 2 1 1 4238 4237 4452
13443 2 2 1 1 3228 3227 7922
13444 2 2 1 1 2218 2219 7873
13445 2 2 1 1 7797 7798 7799
13446 2 2 1 1 3126 2098 4226
13447 2 2 1 1 2077 2079 3048
13448 2 2 1 1 4320 4225 4492
13449 2 2 1 1 3209 4124 4127
13450 2 2 1 1 2215 2218 7841
13451 2 2 1 1 2106 2109 7839
13452 2 2 1 1 2134 3025 4230
13453 2 2 1 1 4769 4771 4803
13454 2 2 1 1 2081 2083 3134
13455 2 2 1 1 2154 2155 3103
13456 2 2 1 1 4686 4684 4687
13457 2 2 1 1 3235 3232 7783
13458 2 2 1 1 3187 3185 3201
13459 2 2 1 1 4250 4235 4435
13460 2 2 1 1 2222 2224 3098
13461 2 2 1 1 2191 2193 3116
13462 2 2 1 1 3223 3220 7846
13463 2 2 1 1 2115 2118 7878
13464 2 2 1 1 3191 3189 3202
13465 2 2 1 1 3236 3235 7879
13466 2 2 1 1 4286 4287 4440
13467 2 2 1 1 3132 2105 3161
13468 2 2 1 1 2231 2234 7788
13469 2 2 1 1 2118 2120 2949
13470 2 2 1 1 2250 2251 7795
13471 2 2 1 1 7891 2999 7893
13472 2 2 1 1 7858 7857 7859
13473 2 2 1 1 3195 3193 3985
13474 2 2 1 1 3183 3181 3184
13475 2 2 1 1 2096 2098 3126
13476 2 2 1 1 4271 4272 4587
13477 2 2 1 1 4544 3164 7853
13478 2 2 1 1 3209 3207 4124
13479 2 2 1 1 2200 2202 3133
13480 2 2 1 1 2212 2214 3117
13481 2 2 1 1 2146 2147 7800
13482 2 2 1 1 2363 2365 7927
13483 2 2 1 1 4127 4393 4429
13484 2 2 1 1 4407 4226 4416
13485 2 2 1 1 2089 2091 3060
13486 2 2 1 1 4660 4658 4663
13487 2 2 1 1 4232 4233 4395
13488 2 2 1 1 3219 3217 4013
13489 2 2 1 1 2103 2105 3132
13490 2 2 1 1 4323 4108 4330
13491 2 2 1 1 3199 3197 4117
13492 2 2 1 1 3268 3267 4077
13493 2 2 1 1 2204 7773 7774
13494 2 2 1 1 7913 7912 7914
13495 2 2 1 1 4236 4277 4431
13496 2 2 1 1 3279 3280 3281
13497 2 2 1 1 4317 3161 4527
13498 2 2 1 1 3219 4013 4125
13499 2 2 1 1 3117 2214 3158
13500 2 2 1 1 2283 2282 2284
13501 2 2 1 1 7855 3116 7856
13502 2 2 1 1 7783 3231 7784
13503 2 2 1 1 3149 4260 4409
13504 2 2 1 1 4230 4231 4480
13505 2 2 1 1 2230 7788 7789
13506 2 2 1 1 2268 2269 3130
13507 2 2 1 1 3178 4256 4524
13508 2 2 1 1 7800 7801 7802
13509 2 2 1 1 7851 7813 7852
13510 2 2 1 1 4341 4228 4533
13511 2 2 1 1 4275 3130 7888
13512 2 2 1 1 4125 4302 4510
13513 2 2 1 1 2059 2058 2060
13514 2 2 1 1 3227 7780 7781
13515 2 2 1 1 7795 7796 7797
13516 2 2 1 1 4343 3158 4436
13517 2 2 1 1 7785 7784 7786
13518 2 2 1 1 2949 2120 3164
13519 2 2 1 1 2168 2169 3112
13520 2 2 1 1 7900 3048 7902
13521 2 2 1 1 7789 7790 7791
13522 2 2 1 1 7913 7914 7915
13523 2 2 1 1 2066 2068 7809
13524 2 2 1 1 7785 7786 7787
13525 2 2 1 1 2125 2128 7869
13526 2 2 1 1 3178 3105 4256
13527 2 2 1 1 4156 3164 4543
13528 2 2 1 1 2281 2282 2283
13529 2 2 1 1 4227 4228 4341
13530 2 2 1 1 7901 7900 7904
13531 2 2 1 1 3149 3079 4260
13532 2 2 1 1 2191 3116 7854
13533 2 2 1 1 3279 3278 3280
13534 2 2 1 1 2949 3164 4156
13535 2 2 1 1 7791 7790 7792
13536 2 2 1 1 2235 2238 7862
13537 2 2 1 1 7783 7784 7785
13538 2 2 1 1 2060 2061 2063
13539 2 2 1 1 7814 7812 7823
13540 2 2 1 1 4524 4256 4526
13541 2 2 1 1 4409 4260 4494
13542 2 2 1 1 2065 2066 2093
13543 2 2 1 1 4315 4274 4577
13544 2 2 1 1 3239 3236 7879
13545 2 2 1 1 7789 7788 7790
13546 2 2 1 1 4480 4231 4481
13547 2 2 1 1 2063 2064 2065
13548 2 2 1 1 3117 3158 4343
13549 2 2 1 1 4054 4108 4323
13550 2 2 1 1 4395 4233 4396
13551 2 2 1 1 2121 2124 7853
13552 2 2 1 1 4311 4243 4421
13553 2 2 1 1 4125 4013 4302
13554 2 2 1 1 4250 4435 4810
13555 2 2 1 1 3126 4226 4407
13556 2 2 1 1 4232 3044 4233
13557 2 2 1 1 4431 4277 4523
13558 2 2 1 1 4247 4430 4493
13559 2 2 1 1 4242 3112 4243
13560 2 2 1 1 4127 4124 4393
13561 2 2 1 1 2225 2227 7838
13562 2 2 1 1 4236 3087 4277
13563 2 2 1 1 1531 4664 4679
13564 2 2 1 1 4240 3041 4286
13565 2 2 1 1 4077 4246 4247
13566 2 2 1 1 4238 4452 4453
13567 2 2 1 1 1965 4766 4773
13568 2 2 1 1 7811 7810 7812
13569 2 2 1 1 3132 3161 4317
13570 2 2 1 1 4429 4393 4566
13571 2 2 1 1 1532 4648 4649
13572 2 2 1 1 4241 3103 4271
13573 2 2 1 1 2949 4229 7878
13574 2 2 1 1 4245 3130 4274
13575 2 2 1 1 4093 4237 4238
13576 2 2 1 1 4230 3025 4231
13577 2 2 1 1 1960 4793 4794
13578 2 2 1 1 4229 4335 7988
13579 2 2 1 1 3060 4225 4320
13580 2 2 1 1 4074 4235 4250
13581 2 2 1 1 4244 3112 7887
13582 2 2 1 1 7891 7893 7894
13583 2 2 1 1 7874 7875 7876
13584 2 2 1 1 1522 4710 4711
13585 2 2 1 1 3985 7930 7931
13586 2 2 1 1 7802 7801 7803
13587 2 2 1 1 4652 4651 4656
13588 2 2 1 1 7797 7796 7798
13589 2 2 1 1 7855 7856 7857
13590 2 2 1 1 4650 4649 4651
13591 2 2 1 1 7900 7902 7903
13592 2 2 1 1 4680 4679 4681
13593 2 2 1 1 3209 4127 7836
13594 2 2 1 1 4233 4234 7881
13595 2 2 1 1 7942 7943 7944
13596 2 2 1 1 3065 2225 7838
13597 2 2 1 1 2089 3060 7867
13598 2 2 1 1 7931 7930 7932
13599 2 2 1 1 4277 4278 7882
13600 2 2 1 1 2200 3133 7864
13601 2 2 1 1 2129 2131 7840
13602 2 2 1 1 7898 2111 7975
13603 2 2 1 1 3242 3240 7842
13604 2 2 1 1 7874 3098 7875
13605 2 2 1 1 2952 7889 7976
13606 2 2 1 1 7052 7721 8132
13607 2 2 1 1 2096 3126 7863
13608 2 2 1 1 5625 5677 8949
13609 2 2 1 1 2239 2241 7844
13610 2 2 1 1 2147 3023 7800
13611 2 2 1 1 2251 3008 7795
13612 2 2 1 1 4124 3207 7872
13613 2 2 1 1 1963 4732 4736
13614 2 2 1 1 2245 2247 7847
13615 2 2 1 1 7930 7929 7968
13616 2 2 1 1 4303 4013 7877
13617 2 2 1 1 3161 2105 7839
13618 2 2 1 1 3248 3246 7845
13619 2 2 1 1 4857 4843 4858
13620 2 2 1 1 1401 1402 8238
13621 2 2 1 1 2285 3004 7897
13622 2 2 1 1 2135 2137 7848
13623 2 2 1 1 2141 2143 7849
13624 2 2 1 1 3105 2129 7840
13625 2 2 1 1 2103 3132 7868
13626 2 2 1 1 3117 4344 7880
13627 2 2 1 1 3429 3996 7955
13628 2 2 1 1 7929 3202 7968
13629 2 2 1 1 1584 347 7956
13630 2 2 1 1 2212 3117 7880
13631 2 2 1 1 3240 4227 7842
13632 2 2 1 1 3254 3252 7850
13633 2 2 1 1 3231 3228 7922
13634 2 2 1 1 4737 4736 4738
13635 2 2 1 1 3079 2239 7844
13636 2 2 1 1 3158 2214 7841
13637 2 2 1 1 3260 3258 7860
13638 2 2 1 1 5954 5953 8663
13639 2 2 1 1 2253 2255 7861
13640 2 2 1 1 4013 3217 7877
13641 2 2 1 1 2149 2151 7866
13642 2 2 1 1 4756 4761 4762
13643 2 2 1 1 2155 2157 7870
13644 2 2 1 1 2259 2261 7871
13645 2 2 1 1 4239 4238 7907
13646 2 2 1 1 7800 3023 7801
13647 2 2 1 1 2195 7864 7865
13648 2 2 1 1 2227 2230 7838
13649 2 2 1 1 3044 2245 7847
13650 2 2 1 1 3025 2135 7848
13651 2 2 1 1 3219 4125 7846
13652 2 2 1 1 7795 3008 7796
13653 2 2 1 1 2222 3098 7873
13654 2 2 1 1 3270 3268 7883
13655 2 2 1 1 3227 7781 7922
13656 2 2 1 1 3246 4054 7845
13657 2 2 1 1 2169 2171 7887
13658 2 2 1 1 4394 4124 7872
13659 2 2 1 1 7889 4242 7976
13660 2 2 1 1 6097 6100 8216
13661 2 2 1 1 4324 4303 7990
13662 2 2 1 1 2159 2161 7886
13663 2 2 1 1 3087 2141 7849
13664 2 2 1 1 2263 2265 7885
13665 2 2 1 1 3264 3262 7884
13666 2 2 1 1 1593 8662 8735
13667 2 2 1 1 2269 2271 7888
13668 2 2 1 1 2118 2949 7878
13669 2 2 1 1 2175 2177 7890
13670 2 2 1 1 3164 2120 7853
13671 2 2 1 1 7900 7903 7904
13672 2 2 1 1 2163 2165 7889
13673 2 2 1 1 7813 7898 7975
13674 2 2 1 1 5961 5959 8265
13675 2 2 1 1 7810 7813 7851
13676 2 2 1 1 638 639 7998
13677 2 2 1 1 2074 2077 7899
13678 2 2 1 1 7855 7858 7954
13679 2 2 1 1 1654 5567 9094
13680 2 2 1 1 3252 4074 7850
13681 2 2 1 1 2093 2066 7809
13682 2 2 1 1 1842 217 7959
13683 2 2 1 1 8002 7937 8003
13684 2 2 1 1 2131 2134 7840
13685 2 2 1 1 3060 4321 7867
13686 2 2 1 1 3258 4093 7860
13687 2 2 1 1 2128 3178 7869
13688 2 2 1 1 2068 2070 7898
13689 2 2 1 1 4225 2091 7863
13690 2 2 1 1 2238 3149 7862
13691 2 2 1 1 3245 3242 7842
13692 2 2 1 1 3041 2259 7871
13693 2 2 1 1 4228 3239 7879
13694 2 2 1 1 4344 4522 7991
13695 2 2 1 1 4248 4247 7923
13696 2 2 1 1 4740 4734 4749
13697 2 2 1 1 2179 2181 7918
13698 2 2 1 1 3103 2155 7870
13699 2 2 1 1 2241 2244 7844
13700 2 2 1 1 4441 4287 7951
13701 2 2 1 1 4226 2098 7868
13702 2 2 1 1 5986 6657 8004
13703 2 2 1 1 3268 4077 7883
13704 2 2 1 1 2247 2250 7847
13705 2 2 1 1 2283 2285 7897
13706 2 2 1 1 7832 7812 7851
13707 2 2 1 1 3251 3248 7845
13708 2 2 1 1 4735 4734 4740
13709 2 2 1 1 7904 7903 7906
13710 2 2 1 1 2273 2275 7912
13711 2 2 1 1 3079 7844 7982
13712 2 2 1 1 4756 4760 4761
13713 2 2 1 1 2137 2140 7848
13714 2 2 1 1 6540 3925 8623
13715 2 2 1 1 3130 2269 7888
13716 2 2 1 1 2093 7809 7810
13717 2 2 1 1 7854 3116 7855
13718 2 2 1 1 4274 4275 7935
13719 2 2 1 1 901 902 8015
13720 2 2 1 1 3112 2169 7887
13721 2 2 1 1 807 808 7963
13722 2 2 1 1 7842 4227 7978
13723 2 2 1 1 2143 2146 7849
13724 2 2 1 1 3189 3187 7919
13725 2 2 1 1 7164 1940 8015
13726 2 2 1 1 3274 3272 7924
13727 2 2 1 1 2072 2074 7960
13728 2 2 1 1 2185 2187 7920
13729 2 2 1 1 3025 7848 7974
13730 2 2 1 1 1594 9305 9425
13731 2 2 1 1 4243 4244 7939
13732 2 2 1 1 2173 2175 7961
13733 2 2 1 1 3257 3254 7850
13734 2 2 1 1 2079 2081 7926
13735 2 2 1 1 4842 4843 4857
13736 2 2 1 1 2987 2283 7897
13737 2 2 1 1 4386 5013 8017
13738 2 2 1 1 3008 2253 7861
13739 2 2 1 1 3105 7840 7983
13740 2 2 1 1 3023 2149 7866
13741 2 2 1 1 4396 4233 7881
13742 2 2 1 1 3193 3191 7929
13743 2 2 1 1 2255 2258 7861
13744 2 2 1 1 4523 4277 7882
13745 2 2 1 1 7845 4054 7972
13746 2 2 1 1 3986 3260 7860
13747 2 2 1 1 2151 2154 7866
13748 2 2 1 1 2083 2085 7936
13749 2 2 1 1 2157 3013 7870
13750 2 2 1 1 7812 7810 7851
13751 2 2 1 1 2261 2930 7871
13752 2 2 1 1 7873 3098 7874
13753 2 2 1 1 7959 218 8061
13754 2 2 1 1 3262 3986 7884
13755 2 2 1 1 2168 4242 7889
13756 2 2 1 1 7366 8740 8873
13757 2 2 1 1 3013 2159 7886
13758 2 2 1 1 2930 2263 7885
13759 2 2 1 1 3 1533 4840
13760 2 2 1 1 7988 4335 8064
13761 2 2 1 1 7893 2999 7918
13762 2 2 1 1 4025 3270 7883
13763 2 2 1 1 7784 3231 7922
13764 2 2 1 1 2093 7811 7947
13765 2 2 1 1 2193 2195 7940
13766 2 2 1 1 3197 3195 7941
13767 2 2 1 1 2171 3015 7887
13768 2 2 1 1 2271 2975 7888
13769 2 2 1 1 3267 3264 7884
13770 2 2 1 1 2161 2952 7886
13771 2 2 1 1 2268 4245 7885
13772 2 2 1 1 2265 2268 7885
13773 2 2 1 1 5689 5687 8024
13774 2 2 1 1 7993 7992 8071
13775 2 2 1 1 2076 2065 7947
13776 2 2 1 1 2952 2163 7889
13777 2 2 1 1 4108 3245 7842
13778 2 2 1 1 3985 7931 7941
13779 2 2 1 1 3203 3199 7942
13780 2 2 1 1 4238 4453 7907
13781 2 2 1 1 2154 4241 7866
13782 2 2 1 1 3065 7838 7984
13783 2 2 1 1 2258 4240 7861
13784 2 2 1 1 2165 2168 7889
13785 2 2 1 1 4246 3267 7884
13786 2 2 1 1 2230 7789 7838
13787 2 2 1 1 4235 3251 7845
13788 2 2 1 1 2134 4230 7840
13789 2 2 1 1 3988 3274 7924
13790 2 2 1 1 7949 3065 7950
13791 2 2 1 1 4237 3257 7850
13792 2 2 1 1 2177 2999 7890
13793 2 2 1 1 7896 7918 7970
13794 2 2 1 1 8042 7876 8043
13795 2 2 1 1 7981 7785 8019
13796 2 2 1 1 2244 4232 7844
13797 2 2 1 1 2202 2204 7945
13798 2 2 1 1 2063 2076 7948
13799 2 2 1 1 7902 3048 7926
13800 2 2 1 1 2077 3048 7899
13801 2 2 1 1 2140 4236 7848
13802 2 2 1 1 7813 7809 7898
13803 2 2 1 1 2062 2060 7948
13804 2 2 1 1 2070 2111 7898
13805 2 2 1 1 7850 4074 7989
13806 2 2 1 1 2999 2179 7918
13807 2 2 1 1 4321 4555 7987
13808 2 2 1 1 3276 3988 7938
13809 2 2 1 1 7890 2999 7891
13810 2 2 1 1 1143 1144 7965
13811 2 2 1 1 3272 4025 7924
13812 2 2 1 1 2975 7912 7913
13813 2 2 1 1 2975 2273 7912
13814 2 2 1 1 4247 4493 7923
13815 2 2 1 1 3930 3278 7938
13816 2 2 1 1 7809 2068 7898
13817 2 2 1 1 3066 7920 7921
13818 2 2 1 1 3187 3201 7919
13819 2 2 1 1 7790 7973 8022
13820 2 2 1 1 3015 2173 7961
13821 2 2 1 1 7899 3048 7900
13822 2 2 1 1 3066 2185 7920
13823 2 2 1 1 2111 2072 7960
13824 2 2 1 1 3134 7936 7937
13825 2 2 1 1 3202 3189 7919
13826 2 2 1 1 3278 3276 7938
13827 2 2 1 1 3048 2079 7926
13828 2 2 1 1 3985 7929 7930
13829 2 2 1 1 3133 7945 7946
13830 2 2 1 1 7942 4117 7943
13831 2 2 1 1 2081 3134 7926
13832 2 2 1 1 4577 4274 7935
13833 2 2 1 1 7924 4025 7925
13834 2 2 1 1 2974 7952 7953
13835 2 2 1 1 3191 3202 7929
13836 2 2 1 1 3985 3193 7929
13837 2 2 1 1 3134 2083 7936
13838 2 2 1 1 313 314 8037
13839 2 2 1 1 2275 2277 7964
13840 2 2 1 1 4421 4243 7939
13841 2 2 1 1 2224 3065 7949
13842 2 2 1 1 2187 7854 7954
13843 2 2 1 1 3116 2193 7940
13844 2 2 1 1 3586 5977 8749
13845 2 2 1 1 3195 3985 7941
13846 2 2 1 1 4117 3197 7941
13847 2 2 1 1 7913 7917 7994
13848 2 2 1 1 2204 7774 7945
13849 2 2 1 1 3199 4117 7942
13850 2 2 1 1 3133 2202 7945
13851 2 2 1 1 5369 5371 8167
13852 2 2 1 1 7950 7984 8040
13853 2 2 1 1 3098 2224 7949
13854 2 2 1 1 8064 4335 8079
13855 2 2 1 1 1530 4 4851
13856 2 2 1 1 2195 7865 7940
13857 2 2 1 1 2277 2974 7964
13858 2 2 1 1 2065 2093 7947
13859 2 2 1 1 7733 2342 8044
13860 2 2 1 1 2340 3046 8044
13861 2 2 1 1 2281 2987 7952
13862 2 2 1 1 7152 4006 9275
13863 2 2 1 1 7875 3098 7949
13864 2 2 1 1 1953 8002 8795
13865 2 2 1 1 2060 2063 7948
13866 2 2 1 1 555 556 8047
13867 2 2 1 1 7969 4513 8007
13868 2 2 1 1 7844 4232 7982
13869 2 2 1 1 4108 7842 7978
13870 2 2 1 1 2974 2279 7952
13871 2 2 1 1 7856 3116 7940
13872 2 2 1 1 2279 2281 7952
13873 2 2 1 1 1025 1672 8048
13874 2 2 1 1 7394 1024 8048
13875 2 2 1 1 2074 7899 7960
13876 2 2 1 1 7848 4236 7974
13877 2 2 1 1 2175 7890 7961
13878 2 2 1 1 7922 7781 7979
13879 2 2 1 1 7865 7957 7958
13880 2 2 1 1 8466 3157 8533
13881 2 2 1 1 4235 7845 7972
13882 2 2 1 1 7790 7788 7973
13883 2 2 1 1 7820 7821 8075
13884 2 2 1 1 8062 7834 8075
13885 2 2 1 1 7783 7785 7981
13886 2 2 1 1 7854 7855 7954
13887 2 2 1 1 7840 4230 7983
13888 2 2 1 1 7946 7945 8030
13889 2 2 1 1 7795 7797 7971
13890 2 2 1 1 7899 7901 7960
13891 2 2 1 1 7800 7802 7977
13892 2 2 1 1 2183 3066 7970
13893 2 2 1 1 7948 7834 8062
13894 2 2 1 1 7890 7892 7961
13895 2 2 1 1 7920 2187 7954
13896 2 2 1 1 3223 7846 7969
13897 2 2 1 1 7839 2109 7966
13898 2 2 1 1 4492 4225 7986
13899 2 2 1 1 7841 2218 7967
13900 2 2 1 1 4237 7850 7989
13901 2 2 1 1 2181 2183 7970
13902 2 2 1 1 7784 7922 7979
13903 2 2 1 1 2109 7779 7966
13904 2 2 1 1 7971 7797 8025
13905 2 2 1 1 7838 7789 7984
13906 2 2 1 1 1485 1486 8124
13907 2 2 1 1 7865 7864 7957
13908 2 2 1 1 7977 7802 8027
13909 2 2 1 1 8674 3053 8721
13910 2 2 1 1 7912 2275 7964
13911 2 2 1 1 4416 4226 7985
13912 2 2 1 1 2085 7867 7987
13913 2 2 1 1 4234 7847 7971
13914 2 2 1 1 7945 7774 8030
13915 2 2 1 1 7984 7791 8040
13916 2 2 1 1 7933 7930 7968
13917 2 2 1 1 6833 6831 8060
13918 2 2 1 1 6834 6836 8060
13919 2 2 1 1 7580 4881 8959
13920 2 2 1 1 7780 3223 7969
13921 2 2 1 1 2234 7862 7973
13922 2 2 1 1 7872 3203 7995
13923 2 2 1 1 4278 7849 7977
13924 2 2 1 1 4604 7959 8061
13925 2 2 1 1 219 1847 8061
13926 2 2 1 1 7864 3133 7957
13927 2 2 1 1 1733 309 8058
13928 2 2 1 1 7914 7912 7964
13929 2 2 1 1 7877 3213 7990
13930 2 2 1 1 7879 3235 7981
13931 2 2 1 1 7918 2181 7970
13932 2 2 1 1 2114 7878 7988
13933 2 2 1 1 6130 6129 8108
13934 2 2 1 1 2218 7873 7967
13935 2 2 1 1 2208 7880 7991
13936 2 2 1 1 3133 7946 7957
13937 2 2 1 1 511 512 8065
13938 2 2 1 1 7868 3132 7985
13939 2 2 1 1 7892 8010 8011
13940 2 2 1 1 7950 3065 7984
13941 2 2 1 1 4528 7839 7966
13942 2 2 1 1 998 6158 8757
13943 2 2 1 1 3008 7861 7997
13944 2 2 1 1 7863 3126 7986
13945 2 2 1 1 3023 7866 7999
13946 2 2 1 1 7869 4525 7996
13947 2 2 1 1 7891 7894 8010
13948 2 2 1 1 7991 4522 8028
13949 2 2 1 1 7946 8030 8031
13950 2 2 1 1 7847 2250 7971
13951 2 2 1 1 4256 3105 7983
13952 2 2 1 1 7846 4511 7969
13953 2 2 1 1 4437 7841 7967
13954 2 2 1 1 7786 7979 7980
13955 2 2 1 1 7941 7931 8000
13956 2 2 1 1 7883 4248 7992
13957 2 2 1 1 6953 6599 9259
13958 2 2 1 1 4275 7888 7994
13959 2 2 1 1 4226 7868 7985
13960 2 2 1 1 7849 2146 7977
13961 2 2 1 1 7788 2234 7973
13962 2 2 1 1 7873 7874 7967
13963 2 2 1 1 4227 4341 7978
13964 2 2 1 1 2124 7869 7996
13965 2 2 1 1 7931 7934 8000
13966 2 2 1 1 7940 7865 8005
13967 2 2 1 1 4260 3079 7982
13968 2 2 1 1 7773 2208 7991
13969 2 2 1 1 7779 2114 7988
13970 2 2 1 1 3235 7783 7981
13971 2 2 1 1 7994 7917 8033
13972 2 2 1 1 4225 7863 7986
13973 2 2 1 1 2250 7795 7971
13974 2 2 1 1 4117 7941 8000
13975 2 2 1 1 4242 4311 7976
13976 2 2 1 1 4534 7981 8019
13977 2 2 1 1 7852 7813 7975
13978 2 2 1 1 4452 4237 7989
13979 2 2 1 1 7862 4410 7973
13980 2 2 1 1 4435 4235 7972
13981 2 2 1 1 2146 7800 7977
13982 2 2 1 1 7925 7992 7993
13983 2 2 1 1 7973 4410 8022
13984 2 2 1 1 8046 2028 8059
13985 2 2 1 1 7888 2975 7994
13986 2 2 1 1 7569 5681 9240
13987 2 2 1 1 4245 4315 8049
13988 2 2 1 1 4054 4323 7972
13989 2 2 1 1 7861 4240 7997
13990 2 2 1 1 5694 1861 8069
13991 2 2 1 1 5696 5695 8069
13992 2 2 1 1 4231 3025 7974
13993 2 2 1 1 4025 7883 7992
13994 2 2 1 1 4330 4108 7978
13995 2 2 1 1 7866 4241 7999
13996 2 2 1 1 4534 7879 7981
13997 2 2 1 1 3213 7836 7990
13998 2 2 1 1 4232 4395 7982
13999 2 2 1 1 7786 7784 7979
14000 2 2 1 1 7996 4525 8051
14001 2 2 1 1 4230 4480 7983
14002 2 2 1 1 2067 2064 8077
14003 2 2 1 1 7789 7791 7984
14004 2 2 1 1 4236 4431 7974
14005 2 2 1 1 7926 3134 8001
14006 2 2 1 1 3126 4407 7986
14007 2 2 1 1 3132 4317 7985
14008 2 2 1 1 4234 7971 8025
14009 2 2 1 1 4258 6582 8073
14010 2 2 1 1 4562 4257 8073
14011 2 2 1 1 4074 4250 7989
14012 2 2 1 1 7878 4229 7988
14013 2 2 1 1 1545 638 7998
14014 2 2 1 1 4241 4331 7999
14015 2 2 1 1 7902 7926 8001
14016 2 2 1 1 4394 7872 7995
14017 2 2 1 1 4540 1503 9375
14018 2 2 1 1 4240 4288 7997
14019 2 2 1 1 7856 7940 8005
14020 2 2 1 1 8049 4315 8087
14021 2 2 1 1 3372 3370 8076
14022 2 2 1 1 4017 4183 8076
14023 2 2 1 1 4303 7877 7990
14024 2 2 1 1 4278 7977 8027
14025 2 2 1 1 4127 4429 8045
14026 2 2 1 1 7867 4321 7987
14027 2 2 1 1 7880 4344 7991
14028 2 2 1 1 5045 5047 8078
14029 2 2 1 1 8003 7937 8050
14030 2 2 1 1 4256 7983 8018
14031 2 2 1 1 5572 5583 8080
14032 2 2 1 1 7964 2974 8036
14033 2 2 1 1 6657 6662 8004
14034 2 2 1 1 7936 2085 7987
14035 2 2 1 1 1014 1015 8082
14036 2 2 1 1 3007 2708 8083
14037 2 2 1 1 2706 7514 8083
14038 2 2 1 1 7925 4025 7992
14039 2 2 1 1 2975 7913 7994
14040 2 2 1 1 7967 7874 8041
14041 2 2 1 1 3948 7777 8080
14042 2 2 1 1 7853 2124 7996
14043 2 2 1 1 96 1628 8084
14044 2 2 1 1 4544 7996 8051
14045 2 2 1 1 8001 7937 8002
14046 2 2 1 1 3203 7942 7995
14047 2 2 1 1 1940 901 8015
14048 2 2 1 1 7942 7944 7995
14049 2 2 1 1 7401 6413 9175
14050 2 2 1 1 8005 7958 8006
14051 2 2 1 1 7780 7969 8007
14052 2 2 1 1 446 447 8088
14053 2 2 1 1 6132 6134 8094
14054 2 2 1 1 5013 5018 8017
14055 2 2 1 1 4324 7990 8045
14056 2 2 1 1 7980 8008 8009
14057 2 2 1 1 7983 4480 8018
14058 2 2 1 1 2069 2067 8100
14059 2 2 1 1 7958 7957 8032
14060 2 2 1 1 4260 7982 8021
14061 2 2 1 1 4653 4654 8702
14062 2 2 1 1 7970 3066 8056
14063 2 2 1 1 7901 7905 8063
14064 2 2 1 1 5824 5826 8090
14065 2 2 1 1 7892 7891 8010
14066 2 2 1 1 4481 8179 8540
14067 2 2 1 1 4437 7967 8041
14068 2 2 1 1 7801 3023 7999
14069 2 2 1 1 7796 3008 7997
14070 2 2 1 1 7774 8028 8029
14071 2 2 1 1 4536 8064 8079
14072 2 2 1 1 7773 7991 8028
14073 2 2 1 1 7774 8029 8030
14074 2 2 1 1 8019 7787 8020
14075 2 2 1 1 7792 8022 8023
14076 2 2 1 1 4544 7853 7996
14077 2 2 1 1 5687 5691 8024
14078 2 2 1 1 7982 4395 8021
14079 2 2 1 1 4231 7974 8026
14080 2 2 1 1 7781 7780 8007
14081 2 2 1 1 8033 7917 8034
14082 2 2 1 1 4275 7994 8033
14083 2 2 1 1 2976 7299 8094
14084 2 2 1 1 6131 6132 8094
14085 2 2 1 1 7943 4117 8000
14086 2 2 1 1 3184 3181 8062
14087 2 2 1 1 5930 5931 8097
14088 2 2 1 1 7974 4431 8026
14089 2 2 1 1 4452 7989 8035
14090 2 2 1 1 5377 5378 8142
14091 2 2 1 1 3134 7937 8001
14092 2 2 1 1 7914 7964 8036
14093 2 2 1 1 2056 4590 8099
14094 2 2 1 1 7989 4250 8035
14095 2 2 1 1 8039 7950 8040
14096 2 2 1 1 5870 5868 8046
14097 2 2 1 1 7802 7804 8027
14098 2 2 1 1 7797 7799 8025
14099 2 2 1 1 7957 7946 8032
14100 2 2 1 1 1623 6378 8753
14101 2 2 1 1 2062 7948 8062
14102 2 2 1 1 7865 7958 8005
14103 2 2 1 1 2050 1378 8123
14104 2 2 1 1 7980 7979 8008
14105 2 2 1 1 4526 4256 8018
14106 2 2 1 1 7921 7920 8016
14107 2 2 1 1 8038 7950 8039
14108 2 2 1 1 1547 313 8037
14109 2 2 1 1 7999 4331 8055
14110 2 2 1 1 8041 7876 8042
14111 2 2 1 1 1522 4863 8074
14112 2 2 1 1 7997 4288 8053
14113 2 2 1 1 7785 7787 8019
14114 2 2 1 1 1731 1202 8101
14115 2 2 1 1 1203 2007 8101
14116 2 2 1 1 8053 4288 8054
14117 2 2 1 1 7979 7781 8008
14118 2 2 1 1 4494 4260 8021
14119 2 2 1 1 7792 7790 8022
14120 2 2 1 1 2342 2340 8044
14121 2 2 1 1 7774 7773 8028
14122 2 2 1 1 7946 8031 8032
14123 2 2 1 1 4481 4231 8026
14124 2 2 1 1 7954 7858 8016
14125 2 2 1 1 4604 4605 8127
14126 2 2 1 1 556 1882 8047
14127 2 2 1 1 4883 558 8107
14128 2 2 1 1 7582 6348 8104
14129 2 2 1 1 7779 7988 8064
14130 2 2 1 1 8046 5868 8058
14131 2 2 1 1 7881 4234 8025
14132 2 2 1 1 1024 1025 8048
14133 2 2 1 1 4545 8051 8052
14134 2 2 1 1 7992 4248 8071
14135 2 2 1 1 7990 7836 8045
14136 2 2 1 1 7916 7914 8036
14137 2 2 1 1 7882 4278 8027
14138 2 2 1 1 7796 7997 8053
14139 2 2 1 1 7896 7970 8056
14140 2 2 1 1 7801 7999 8055
14141 2 2 1 1 4250 4810 8035
14142 2 2 1 1 7920 7954 8016
14143 2 2 1 1 2028 8046 8058
14144 2 2 1 1 6875 6868 8105
14145 2 2 1 1 6725 6722 8105
14146 2 2 1 1 8768 4040 8826
14147 2 2 1 1 6914 6915 8106
14148 2 2 1 1 559 1884 8107
14149 2 2 1 1 7987 4555 8050
14150 2 2 1 1 7935 4275 8033
14151 2 2 1 1 8056 7921 8057
14152 2 2 1 1 5563 8766 8801
14153 2 2 1 1 2974 7953 8036
14154 2 2 1 1 6450 5359 8134
14155 2 2 1 1 1793 6065 8204
14156 2 2 1 1 7874 7876 8041
14157 2 2 1 1 8157 8233 8501
14158 2 2 1 1 4605 4607 8127
14159 2 2 1 1 2058 2056 8099
14160 2 2 1 1 6918 6920 8138
14161 2 2 1 1 7781 8007 8008
14162 2 2 1 1 4856 2054 8362
14163 2 2 1 1 4536 7966 8064
14164 2 2 1 1 7951 2930 8049
14165 2 2 1 1 3185 3184 8092
14166 2 2 1 1 8144 4460 9515
14167 2 2 1 1 7836 4127 8045
14168 2 2 1 1 1750 7787 9394
14169 2 2 1 1 7951 8049 8087
14170 2 2 1 1 4600 1847 9531
14171 2 2 1 1 5868 1733 8058
14172 2 2 1 1 6831 6834 8060
14173 2 2 1 1 4563 1719 9493
14174 2 2 1 1 4545 4544 8051
14175 2 2 1 1 7826 7822 9620
14176 2 2 1 1 218 219 8061
14177 2 2 1 1 7937 7936 8050
14178 2 2 1 1 7959 4604 8127
14179 2 2 1 1 8488 6607 8613
14180 2 2 1 1 7949 7950 8038
14181 2 2 1 1 150 1710 8108
14182 2 2 1 1 7798 7796 8053
14183 2 2 1 1 510 511 8109
14184 2 2 1 1 7803 7801 8055
14185 2 2 1 1 4330 8066 8067
14186 2 2 1 1 7936 7987 8050
14187 2 2 1 1 512 1848 8065
14188 2 2 1 1 3181 2062 8062
14189 2 2 1 1 1624 5630 8236
14190 2 2 1 1 442 1700 8111
14191 2 2 1 1 4807 4570 8255
14192 2 2 1 1 2962 6139 9563
14193 2 2 1 1 2930 7885 8049
14194 2 2 1 1 2111 7960 8063
14195 2 2 1 1 7875 7949 8038
14196 2 2 1 1 3066 7921 8056
14197 2 2 1 1 8004 6662 8963
14198 2 2 1 1 4168 4340 8112
14199 2 2 1 1 7885 4245 8049
14200 2 2 1 1 8078 5052 9169
14201 2 2 1 1 5695 5694 8069
14202 2 2 1 1 6796 6799 8114
14203 2 2 1 1 4262 4532 8122
14204 2 2 1 1 6104 7506 8440
14205 2 2 1 1 4257 4258 8073
14206 2 2 1 1 7834 7820 8075
14207 2 2 1 1 7313 1581 9166
14208 2 2 1 1 7975 2111 8063
14209 2 2 1 1 4248 7923 8071
14210 2 2 1 1 1424 1522 8074
14211 2 2 1 1 3370 4017 8076
14212 2 2 1 1 7966 7779 8064
14213 2 2 1 1 1486 1521 8124
14214 2 2 1 1 4639 4640 8091
14215 2 2 1 1 7960 7901 8063
14216 2 2 1 1 2206 4805 8573
14217 2 2 1 1 5047 5052 8078
14218 2 2 1 1 8063 7905 8102
14219 2 2 1 1 6783 6780 8115
14220 2 2 1 1 6497 6498 8115
14221 2 2 1 1 965 1612 8116
14222 2 2 1 1 5583 3948 8080
14223 2 2 1 1 4209 6042 8081
14224 2 2 1 1 1648 1014 8082
14225 2 2 1 1 2708 2706 8083
14226 2 2 1 1 4080 5951 8117
14227 2 2 1 1 5952 5955 8117
14228 2 2 1 1 3201 3185 8092
14229 2 2 1 1 2064 2061 8077
14230 2 2 1 1 95 96 8084
14231 2 2 1 1 5677 5625 9076
14232 2 2 1 1 1 1771 8123
14233 2 2 1 1 7263 6904 8086
14234 2 2 1 1 8075 7821 8092
14235 2 2 1 1 5360 8363 9530
14236 2 2 1 1 5137 5148 9406
14237 2 2 1 1 4360 5648 8118
14238 2 2 1 1 8095 7944 8096
14239 2 2 1 1 4868 4573 8133
14240 2 2 1 1 2359 2361 8119
14241 2 2 1 1 1704 446 8088
14242 2 2 1 1 4537 4536 8079
14243 2 2 1 1 8224 1438 8889
14244 2 2 1 1 6677 6678 8121
14245 2 2 1 1 2908 7661 8121
14246 2 2 1 1 4438 4915 8093
14247 2 2 1 1 5826 5831 8090
14248 2 2 1 1 3961 4620 8969
14249 2 2 1 1 4492 7986 8072
14250 2 2 1 1 3145 6833 8183
14251 2 2 1 1 8002 8003 8795
14252 2 2 1 1 7978 4341 8066
14253 2 2 1 1 8077 2061 8099
14254 2 2 1 1 4416 7985 8070
14255 2 2 1 1 7792 8023 8085
14256 2 2 1 1 7852 8102 8103
14257 2 2 1 1 1172 5659 8125
14258 2 2 1 1 6805 2764 8485
14259 2 2 1 1 1913 1171 8125
14260 2 2 1 1 7972 4323 8068
14261 2 2 1 1 4330 7978 8066
14262 2 2 1 1 7449 6693 8297
14263 2 2 1 1 8790 3059 8797
14264 2 2 1 1 3184 8075 8092
14265 2 2 1 1 5448 5450 9457
14266 2 2 1 1 7299 6131 8094
14267 2 2 1 1 4435 7972 8068
14268 2 2 1 1 8728 5701 8788
14269 2 2 1 1 9169 5052 9236
14270 2 2 1 1 5860 5859 8126
14271 2 2 1 1 5862 7658 8126
14272 2 2 1 1 5933 5930 8097
14273 2 2 1 1 8066 4341 8098
14274 2 2 1 1 7985 4317 8070
14275 2 2 1 1 7986 4407 8072
14276 2 2 1 1 7339 5173 8872
14277 2 2 1 1 4441 7951 8087
14278 2 2 1 1 4646 4643 8196
14279 2 2 1 1 1717 1053 8128
14280 2 2 1 1 1651 994 8129
14281 2 2 1 1 1054 7769 8128
14282 2 2 1 1 2854 2856 8130
14283 2 2 1 1 995 7759 8129
14284 2 2 1 1 7121 7123 8131
14285 2 2 1 1 7118 7116 8131
14286 2 2 1 1 6526 1804 9329
14287 2 2 1 1 7050 7052 8132
14288 2 2 1 1 3113 2069 8100
14289 2 2 1 1 7975 8063 8102
14290 2 2 1 1 1283 1284 8146
14291 2 2 1 1 6140 8318 8547
14292 2 2 1 1 8996 3903 9188
14293 2 2 1 1 1202 1203 8101
14294 2 2 1 1 6327 6326 8134
14295 2 2 1 1 5359 7676 8134
14296 2 2 1 1 4341 4533 8098
14297 2 2 1 1 8000 7934 8089
14298 2 2 1 1 8541 2197 8665
14299 2 2 1 1 2061 2058 8099
14300 2 2 1 1 5440 5441 8316
14301 2 2 1 1 7721 2986 8132
14302 2 2 1 1 6348 7639 8104
14303 2 2 1 1 6693 6691 8136
14304 2 2 1 1 6687 6688 8136
14305 2 2 1 1 6290 7640 8993
14306 2 2 1 1 5977 3586 8880
14307 2 2 1 1 4342 3165 8137
14308 2 2 1 1 1908 7234 8138
14309 2 2 1 1 6917 6918 8138
14310 2 2 1 1 646 1549 8139
14311 2 2 1 1 6722 6875 8105
14312 2 2 1 1 4773 4774 9587
14313 2 2 1 1 6921 6914 8106
14314 2 2 1 1 7165 8708 8742
14315 2 2 1 1 558 559 8107
14316 2 2 1 1 8963 6662 9037
14317 2 2 1 1 7943 8000 8089
14318 2 2 1 1 2967 4645 9498
14319 2 2 1 1 5429 5430 8140
14320 2 2 1 1 5789 5790 8140
14321 2 2 1 1 1724 8023 8148
14322 2 2 1 1 1584 7956 9174
14323 2 2 1 1 7675 1848 8250
14324 2 2 1 1 34 35 8142
14325 2 2 1 1 4394 7995 8095
14326 2 2 1 1 4092 6844 8143
14327 2 2 1 1 2727 2729 8145
14328 2 2 1 1 8761 6206 8777
14329 2 2 1 1 7032 7031 8147
14330 2 2 1 1 6938 6937 8147
14331 2 2 1 1 2009 6059 9468
14332 2 2 1 1 9444 7293 9543
14333 2 2 1 1 6299 6298 8150
14334 2 2 1 1 8107 1884 8214
14335 2 2 1 1 7995 7944 8095
14336 2 2 1 1 737 738 8165
14337 2 2 1 1 7346 320 8166
14338 2 2 1 1 321 1554 8166
14339 2 2 1 1 5368 5369 8167
14340 2 2 1 1 2944 7657 8167
14341 2 2 1 1 8108 6129 8212
14342 2 2 1 1 5382 8130 8273
14343 2 2 1 1 4326 3171 8180
14344 2 2 1 1 7324 7322 8181
14345 2 2 1 1 7319 7320 8181
14346 2 2 1 1 698 699 8182
14347 2 2 1 1 2488 3145 8183
14348 2 2 1 1 3135 2486 8183
14349 2 2 1 1 8657 8158 8970
14350 2 2 1 1 704 705 8184
14351 2 2 1 1 7471 627 8185
14352 2 2 1 1 628 1541 8185
14353 2 2 1 1 7852 7975 8102
14354 2 2 1 1 7449 4012 8409
14355 2 2 1 1 513 514 8186
14356 2 2 1 1 149 150 8108
14357 2 2 1 1 1840 510 8109
14358 2 2 1 1 1804 6526 9445
14359 2 2 1 1 7591 2948 8188
14360 2 2 1 1 5561 5559 8188
14361 2 2 1 1 7056 1908 8189
14362 2 2 1 1 6897 3530 8190
14363 2 2 1 1 1614 6606 8488
14364 2 2 1 1 5779 1834 9537
14365 2 2 1 1 8155 1770 8743
14366 2 2 1 1 3532 4041 8190
14367 2 2 1 1 441 442 8111
14368 2 2 1 1 407 1668 8191
14369 2 2 1 1 5145 5143 8299
14370 2 2 1 1 7003 7006 8192
14371 2 2 1 1 7585 5814 8193
14372 2 2 1 1 5276 5277 8193
14373 2 2 1 1 3493 3491 8194
14374 2 2 1 1 5154 5158 8195
14375 2 2 1 1 69 5424 9334
14376 2 2 1 1 6124 4168 8112
14377 2 2 1 1 4418 7714 8199
14378 2 2 1 1 1834 5779 9647
14379 2 2 1 1 6993 3458 8201
14380 2 2 1 1 7350 7351 8113
14381 2 2 1 1 97 98 8200
14382 2 2 1 1 3460 4047 8201
14383 2 2 1 1 7191 7168 8203
14384 2 2 1 1 768 769 8202
14385 2 2 1 1 7188 7187 8203
14386 2 2 1 1 6797 6796 8114
14387 2 2 1 1 4410 4409 8148
14388 2 2 1 1 476 1793 8204
14389 2 2 1 1 1746 8018 9297
14390 2 2 1 1 4222 4411 8205
14391 2 2 1 1 4855 7710 8205
14392 2 2 1 1 5488 7603 8206
14393 2 2 1 1 4194 5116 8206
14394 2 2 1 1 4029 3383 8207
14395 2 2 1 1 8349 6357 8407
14396 2 2 1 1 5683 5412 8208
14397 2 2 1 1 5410 5413 8208
14398 2 2 1 1 3145 7551 8262
14399 2 2 1 1 1966 4717 8911
14400 2 2 1 1 5764 1708 9654
14401 2 2 1 1 3054 2544 8210
14402 2 2 1 1 6056 6058 8276
14403 2 2 1 1 6935 6936 8211
14404 2 2 1 1 5287 5286 8419
14405 2 2 1 1 1707 148 8212
14406 2 2 1 1 37 38 8213
14407 2 2 1 1 954 955 8215
14408 2 2 1 1 1727 6396 8216
14409 2 2 1 1 6095 6097 8216
14410 2 2 1 1 7313 9166 9281
14411 2 2 1 1 8023 8022 8148
14412 2 2 1 1 6498 6783 8115
14413 2 2 1 1 1622 390 8217
14414 2 2 1 1 391 7276 8217
14415 2 2 1 1 964 965 8116
14416 2 2 1 1 8084 5306 8290
14417 2 2 1 1 2970 7928 8119
14418 2 2 1 1 6256 7301 9650
14419 2 2 1 1 4815 4814 8985
14420 2 2 1 1 443 444 8218
14421 2 2 1 1 5951 5952 8117
14422 2 2 1 1 8379 3014 8431
14423 2 2 1 1 5607 2944 8220
14424 2 2 1 1 1083 1805 8221
14425 2 2 1 1 7283 1082 8221
14426 2 2 1 1 4396 8171 8877
14427 2 2 1 1 6579 5667 8223
14428 2 2 1 1 4382 7713 8223
14429 2 2 1 1 4122 6739 9186
14430 2 2 1 1 4997 1550 8690
14431 2 2 1 1 5648 6459 8118
14432 2 2 1 1 1284 1759 8146
14433 2 2 1 1 4354 5499 8225
14434 2 2 1 1 2045 1283 8146
14435 2 2 1 1 1666 425 8226
14436 2 2 1 1 5199 4057 8259
14437 2 2 1 1 2361 2970 8119
14438 2 2 1 1 1816 495 8227
14439 2 2 1 1 5786 523 9660
14440 2 2 1 1 2009 414 8228
14441 2 2 1 1 415 1649 8228
14442 2 2 1 1 461 1773 8229
14443 2 2 1 1 1997 460 8229
14444 2 2 1 1 1607 963 8230
14445 2 2 1 1 5771 3962 8241
14446 2 2 1 1 1186 1187 8231
14447 2 2 1 1 426 7837 8226
14448 2 2 1 1 4328 4262 8122
14449 2 2 1 1 7661 6677 8121
14450 2 2 1 1 3057 2420 8232
14451 2 2 1 1 4354 8225 8384
14452 2 2 1 1 496 7843 8227
14453 2 2 1 1 5029 5028 8234
14454 2 2 1 1 5031 7761 8234
14455 2 2 1 1 6833 3145 8262
14456 2 2 1 1 8944 5360 9530
14457 2 2 1 1 4880 8107 8214
14458 2 2 1 1 4533 4534 8209
14459 2 2 1 1 2024 89 8236
14460 2 2 1 1 90 1624 8236
14461 2 2 1 1 6533 1804 9445
14462 2 2 1 1 1771 4974 8123
14463 2 2 1 1 4405 4541 8124
14464 2 2 1 1 8557 6291 8649
14465 2 2 1 1 8411 4002 8525
14466 2 2 1 1 6881 6486 8237
14467 2 2 1 1 6879 6880 8237
14468 2 2 1 1 7084 3379 9095
14469 2 2 1 1 1641 5960 9552
14470 2 2 1 1 1171 1172 8125
14471 2 2 1 1 4254 5207 8240
14472 2 2 1 1 5652 5650 8240
14473 2 2 1 1 3427 7955 8251
14474 2 2 1 1 9083 1650 9244
14475 2 2 1 1 3962 7354 8241
14476 2 2 1 1 6128 6356 8242
14477 2 2 1 1 8019 8020 8209
14478 2 2 1 1 7046 7044 8243
14479 2 2 1 1 2914 7214 9612
14480 2 2 1 1 4916 4425 8296
14481 2 2 1 1 4980 4979 8239
14482 2 2 1 1 7242 7243 8244
14483 2 2 1 1 1648 8082 8845
14484 2 2 1 1 5859 5862 8126
14485 2 2 1 1 8316 5441 8385
14486 2 2 1 1 4585 6048 8682
14487 2 2 1 1 1547 8037 8239
14488 2 2 1 1 7293 7548 9543
14489 2 2 1 1 128 5281 9279
14490 2 2 1 1 5909 5907 8245
14491 2 2 1 1 1584 9174 9285
14492 2 2 1 1 6212 6213 8246
14493 2 2 1 1 4251 6969 8246
14494 2 2 1 1 5051 5054 8247
14495 2 2 1 1 372 2022 8248
14496 2 2 1 1 1614 371 8248
14497 2 2 1 1 3963 3425 8251
14498 2 2 1 1 7955 7263 8251
14499 2 2 1 1 3062 2299 8249
14500 2 2 1 1 8132 2986 8243
14501 2 2 1 1 6661 6664 8253
14502 2 2 1 1 5953 7621 8254
14503 2 2 1 1 1804 6533 9546
14504 2 2 1 1 2190 2189 8260
14505 2 2 1 1 4570 4197 8255
14506 2 2 1 1 4198 5357 8255
14507 2 2 1 1 7462 4035 8592
14508 2 2 1 1 1053 1054 8128
14509 2 2 1 1 8175 4397 8252
14510 2 2 1 1 994 995 8129
14511 2 2 1 1 2856 2998 8130
14512 2 2 1 1 1545 7998 9033
14513 2 2 1 1 2028 1225 8135
14514 2 2 1 1 7116 7121 8131
14515 2 2 1 1 4898 4896 8579
14516 2 2 1 1 7048 7050 8132
14517 2 2 1 1 5988 1709 8687
14518 2 2 1 1 1225 1226 8135
14519 2 2 1 1 7243 7241 8258
14520 2 2 1 1 3614 3616 8259
14521 2 2 1 1 8123 4974 8141
14522 2 2 1 1 8590 3040 8630
14523 2 2 1 1 1842 7959 8127
14524 2 2 1 1 64 1630 8261
14525 2 2 1 1 7676 6327 8134
14526 2 2 1 1 4064 5721 8508
14527 2 2 1 1 1512 1387 8390
14528 2 2 1 1 1388 1978 8390
14529 2 2 1 1 8556 5645 8607
14530 2 2 1 1 8090 5831 8814
14531 2 2 1 1 7405 1594 9425
14532 2 2 1 1 6550 2652 8365
14533 2 2 1 1 2050 8123 8141
14534 2 2 1 1 6832 6833 8262
14535 2 2 1 1 6739 4122 9304
14536 2 2 1 1 1540 5440 8316
14537 2 2 1 1 4092 8143 8367
14538 2 2 1 1 5933 8097 8852
14539 2 2 1 1 4348 5435 8264
14540 2 2 1 1 7542 3783 8265
14541 2 2 1 1 2718 6577 9610
14542 2 2 1 1 3046 2338 8266
14543 2 2 1 1 4286 4440 8257
14544 2 2 1 1 1697 440 8267
14545 2 2 1 1 6691 6687 8136
14546 2 2 1 1 5247 1640 9488
14547 2 2 1 1 8059 2028 8135
14548 2 2 1 1 2371 2373 8269
14549 2 2 1 1 1648 8845 8906
14550 2 2 1 1 149 8108 8212
14551 2 2 1 1 4637 8531 8548
14552 2 2 1 1 4471 7199 9450
14553 2 2 1 1 3165 4252 8137
14554 2 2 1 1 6693 7449 8409
14555 2 2 1 1 3338 3336 8271
14556 2 2 1 1 1084 1085 8272
14557 2 2 1 1 5801 5802 8602
14558 2 2 1 1 7234 6917 8138
14559 2 2 1 1 645 646 8139
14560 2 2 1 1 3945 6584 8276
14561 2 2 1 1 6053 6056 8276
14562 2 2 1 1 5924 1621 8619
14563 2 2 1 1 3355 3357 8277
14564 2 2 1 1 4512 8173 9399
14565 2 2 1 1 4209 8081 8241
14566 2 2 1 1 123 1664 8278
14567 2 2 1 1 4974 4976 8141
14568 2 2 1 1 1857 4586 9458
14569 2 2 1 1 5430 5789 8140
14570 2 2 1 1 6065 6066 8204
14571 2 2 1 1 6595 6594 8280
14572 2 2 1 1 5830 5833 8281
14573 2 2 1 1 8054 4288 8257
14574 2 2 1 1 8262 7551 8322
14575 2 2 1 1 1597 34 8142
14576 2 2 1 1 8223 5667 8341
14577 2 2 1 1 5933 8852 8912
14578 2 2 1 1 6844 6846 8143
14579 2 2 1 1 4958 4474 8359
14580 2 2 1 1 8814 5831 8886
14581 2 2 1 1 6126 6128 8282
14582 2 2 1 1 5896 1200 8283
14583 2 2 1 1 1201 1731 8283
14584 2 2 1 1 7764 3980 8329
14585 2 2 1 1 5173 5172 8284
14586 2 2 1 1 2729 2988 8145
14587 2 2 1 1 1347 1950 8170
14588 2 2 1 1 1353 1946 8173
14589 2 2 1 1 1950 1348 8168
14590 2 2 1 1 1244 1952 8171
14591 2 2 1 1 1757 1242 8172
14592 2 2 1 1 1318 1758 8175
14593 2 2 1 1 1350 1723 8169
14594 2 2 1 1 1247 1724 8176
14595 2 2 1 1 1293 1755 8174
14596 2 2 1 1 1262 1765 8151
14597 2 2 1 1 1339 1766 8152
14598 2 2 1 1 1365 1768 8153
14599 2 2 1 1 1236 1769 8154
14600 2 2 1 1 1313 1770 8155
14601 2 2 1 1 1763 1259 8156
14602 2 2 1 1 1764 1336 8157
14603 2 2 1 1 1761 1233 8158
14604 2 2 1 1 1770 1314 8159
14605 2 2 1 1 1767 1289 8160
14606 2 2 1 1 1258 1763 8162
14607 2 2 1 1 1335 1764 8163
14608 2 2 1 1 1766 1340 8161
14609 2 2 1 1 1747 1376 8164
14610 2 2 1 1 2031 1261 8151
14611 2 2 1 1 2032 1338 8152
14612 2 2 1 1 2048 1364 8153
14613 2 2 1 1 2037 1235 8154
14614 2 2 1 1 2038 1312 8155
14615 2 2 1 1 1260 2031 8156
14616 2 2 1 1 1337 2032 8157
14617 2 2 1 1 1234 2037 8158
14618 2 2 1 1 4794 4793 8144
14619 2 2 1 1 1315 2040 8159
14620 2 2 1 1 1290 2035 8160
14621 2 2 1 1 2043 1257 8162
14622 2 2 1 1 2044 1334 8163
14623 2 2 1 1 1341 2034 8161
14624 2 2 1 1 2033 1265 8178
14625 2 2 1 1 2041 1296 8179
14626 2 2 1 1 2039 1239 8177
14627 2 2 1 1 1745 7569 8285
14628 2 2 1 1 3078 4897 8427
14629 2 2 1 1 1377 2050 8164
14630 2 2 1 1 7031 6938 8147
14631 2 2 1 1 2031 8151 8375
14632 2 2 1 1 4635 4399 8296
14633 2 2 1 1 1276 1945 8149
14634 2 2 1 1 2548 3075 8287
14635 2 2 1 1 6298 7274 8150
14636 2 2 1 1 5305 5303 8288
14637 2 2 1 1 6448 6449 8289
14638 2 2 1 1 1626 94 8290
14639 2 2 1 1 2160 3072 8301
14640 2 2 1 1 1695 737 8165
14641 2 2 1 1 3147 2162 8301
14642 2 2 1 1 4593 1852 9509
14643 2 2 1 1 320 321 8166
14644 2 2 1 1 1346 1347 8170
14645 2 2 1 1 1352 1353 8173
14646 2 2 1 1 1348 1349 8168
14647 2 2 1 1 1242 1243 8172
14648 2 2 1 1 1243 1244 8171
14649 2 2 1 1 1349 1350 8169
14650 2 2 1 1 1246 1247 8176
14651 2 2 1 1 1317 1318 8175
14652 2 2 1 1 1292 1293 8174
14653 2 2 1 1 1364 1365 8153
14654 2 2 1 1 1261 1262 8151
14655 2 2 1 1 1338 1339 8152
14656 2 2 1 1 1235 1236 8154
14657 2 2 1 1 1312 1313 8155
14658 2 2 1 1 1259 1260 8156
14659 2 2 1 1 1336 1337 8157
14660 2 2 1 1 1233 1234 8158
14661 2 2 1 1 1289 1290 8160
14662 2 2 1 1 1314 1315 8159
14663 2 2 1 1 1257 1258 8162
14664 2 2 1 1 1334 1335 8163
14665 2 2 1 1 1340 1341 8161
14666 2 2 1 1 1265 1266 8178
14667 2 2 1 1 1296 1297 8179
14668 2 2 1 1 1239 1240 8177
14669 2 2 1 1 1376 1377 8164
14670 2 2 1 1 1848 8186 8250
14671 2 2 1 1 7657 5368 8167
14672 2 2 1 1 1275 1276 8149
14673 2 2 1 1 3171 4255 8180
14674 2 2 1 1 7322 7319 8181
14675 2 2 1 1 1633 698 8182
14676 2 2 1 1 734 735 8292
14677 2 2 1 1 2486 2488 8183
14678 2 2 1 1 4340 3172 8293
14679 2 2 1 1 6838 6839 8294
14680 2 2 1 1 6837 6835 8294
14681 2 2 1 1 4976 9463 9553
14682 2 2 1 1 1685 704 8184
14683 2 2 1 1 627 628 8185
14684 2 2 1 1 964 8116 8230
14685 2 2 1 1 1226 1227 8187
14686 2 2 1 1 3015 8014 8535
14687 2 2 1 1 1227 1748 8187
14688 2 2 1 1 1709 5988 8751
14689 2 2 1 1 8409 4012 8542
14690 2 2 1 1 1550 4997 8802
14691 2 2 1 1 4106 3498 8297
14692 2 2 1 1 3500 7449 8297
14693 2 2 1 1 1848 513 8186
14694 2 2 1 1 7277 4267 8298
14695 2 2 1 1 4362 5504 8298
14696 2 2 1 1 5143 5142 8299
14697 2 2 1 1 7717 3933 8299
14698 2 2 1 1 7212 7751 9466
14699 2 2 1 1 878 879 8300
14700 2 2 1 1 1682 5287 8419
14701 2 2 1 1 8022 4410 8148
14702 2 2 1 1 3353 3355 8302
14703 2 2 1 1 6845 1703 9090
14704 2 2 1 1 5630 5628 8303
14705 2 2 1 1 4765 1514 8762
14706 2 2 1 1 2424 3081 8304
14707 2 2 1 1 1546 5068 8901
14708 2 2 1 1 6501 7445 8305
14709 2 2 1 1 1617 644 8306
14710 2 2 1 1 7275 6170 8307
14711 2 2 1 1 5559 7591 8188
14712 2 2 1 1 7054 7056 8189
14713 2 2 1 1 2369 2371 8308
14714 2 2 1 1 6559 6557 8408
14715 2 2 1 1 5079 1570 8837
14716 2 2 1 1 1170 1913 8309
14717 2 2 1 1 3530 3532 8190
14718 2 2 1 1 4392 4139 8310
14719 2 2 1 1 406 407 8191
14720 2 2 1 1 4791 4504 9550
14721 2 2 1 1 8260 2189 8394
14722 2 2 1 1 5926 1549 9665
14723 2 2 1 1 1587 7366 8873
14724 2 2 1 1 7004 7003 8192
14725 2 2 1 1 4398 4273 8263
14726 2 2 1 1 5277 7585 8193
14727 2 2 1 1 1422 1423 8196
14728 2 2 1 1 993 1651 8313
14729 2 2 1 1 7738 8383 8530
14730 2 2 1 1 7405 9425 9527
14731 2 2 1 1 3491 3945 8194
14732 2 2 1 1 3169 4408 8314
14733 2 2 1 1 1545 9033 9145
14734 2 2 1 1 5158 5160 8195
14735 2 2 1 1 1662 405 8315
14736 2 2 1 1 30 1540 8316
14737 2 2 1 1 2303 3086 8317
14738 2 2 1 1 8419 5286 8549
14739 2 2 1 1 5289 4854 8319
14740 2 2 1 1 6885 6886 8320
14741 2 2 1 1 7072 7071 8320
14742 2 2 1 1 1788 474 8321
14743 2 2 1 1 441 8111 8267
14744 2 2 1 1 7714 5290 8199
14745 2 2 1 1 95 8084 8290
14746 2 2 1 1 6137 1714 8318
14747 2 2 1 1 1714 154 8318
14748 2 2 1 1 4319 4550 8664
14749 2 2 1 1 8017 5018 8774
14750 2 2 1 1 1628 97 8200
14751 2 2 1 1 3458 3460 8201
14752 2 2 1 1 7048 8132 8243
14753 2 2 1 1 1783 768 8202
14754 2 2 1 1 3986 7911 8391
14755 2 2 1 1 7187 7191 8203
14756 2 2 1 1 1884 6854 8214
14757 2 2 1 1 7804 8174 9144
14758 2 2 1 1 1576 62 8323
14759 2 2 1 1 7374 354 8324
14760 2 2 1 1 355 1587 8324
14761 2 2 1 1 6995 6983 8325
14762 2 2 1 1 6987 6989 8325
14763 2 2 1 1 4436 4437 8311
14764 2 2 1 1 4045 3313 8326
14765 2 2 1 1 3524 6893 9639
14766 2 2 1 1 475 476 8204
14767 2 2 1 1 3154 5922 9048
14768 2 2 1 1 6502 8305 9192
14769 2 2 1 1 565 1739 8327
14770 2 2 1 1 7710 4222 8205
14771 2 2 1 1 3387 4067 8328
14772 2 2 1 1 7603 4194 8206
14773 2 2 1 1 3383 3385 8207
14774 2 2 1 1 715 1652 8330
14775 2 2 1 1 5710 5924 9389
14776 2 2 1 1 5691 7501 8331
14777 2 2 1 1 4019 7698 8331
14778 2 2 1 1 701 702 8332
14779 2 2 1 1 340 341 8279
14780 2 2 1 1 3933 7604 8333
14781 2 2 1 1 1022 1667 8334
14782 2 2 1 1 5412 5410 8208
14783 2 2 1 1 5003 5002 8348
14784 2 2 1 1 2334 3064 8335
14785 2 2 1 1 1325 1326 8235
14786 2 2 1 1 1707 8212 8282
14787 2 2 1 1 3506 3508 8336
14788 2 2 1 1 6353 4833 8816
14789 2 2 1 1 1183 1184 8338
14790 2 2 1 1 4635 1967 9032
14791 2 2 1 1 2544 2546 8210
14792 2 2 1 1 6589 4265 8340
14793 2 2 1 1 4346 5516 8340
14794 2 2 1 1 4877 7782 9292
14795 2 2 1 1 7343 7250 8341
14796 2 2 1 1 6104 6103 9635
14797 2 2 1 1 2942 6104 9635
14798 2 2 1 1 6939 6935 8211
14799 2 2 1 1 6315 1604 8962
14800 2 2 1 1 148 149 8212
14801 2 2 1 1 1542 37 8213
14802 2 2 1 1 7590 5240 8342
14803 2 2 1 1 4881 4880 8214
14804 2 2 1 1 1703 6845 9191
14805 2 2 1 1 5058 5061 8343
14806 2 2 1 1 1658 121 8345
14807 2 2 1 1 2040 1316 8252
14808 2 2 1 1 7680 7106 8346
14809 2 2 1 1 8137 4252 8256
14810 2 2 1 1 7316 1648 8906
14811 2 2 1 1 6005 5993 8347
14812 2 2 1 1 4261 4448 8347
14813 2 2 1 1 1586 954 8215
14814 2 2 1 1 147 1707 8349
14815 2 2 1 1 5890 7475 8350
14816 2 2 1 1 4264 4501 8350
14817 2 2 1 1 6676 6673 8351
14818 2 2 1 1 8592 4035 8711
14819 2 2 1 1 4532 4263 8359
14820 2 2 1 1 4505 4291 8352
14821 2 2 1 1 6396 6095 8216
14822 2 2 1 1 4411 3168 8353
14823 2 2 1 1 8041 8042 8311
14824 2 2 1 1 4534 8019 8209
14825 2 2 1 1 7962 7764 8329
14826 2 2 1 1 9192 5786 9660
14827 2 2 1 1 390 391 8217
14828 2 2 1 1 5099 5100 8279
14829 2 2 1 1 5269 1676 9467
14830 2 2 1 1 6732 6727 8355
14831 2 2 1 1 6723 6724 8355
14832 2 2 1 1 5345 5344 8356
14833 2 2 1 1 6342 2604 8357
14834 2 2 1 1 2606 2976 8357
14835 2 2 1 1 7551 3155 8322
14836 2 2 1 1 951 952 8358
14837 2 2 1 1 8130 2998 8273
14838 2 2 1 1 4360 8118 8433
14839 2 2 1 1 1700 443 8218
14840 2 2 1 1 5922 3154 9115
14841 2 2 1 1 7262 7263 8360
14842 2 2 1 1 8143 5202 8367
14843 2 2 1 1 7032 8147 8302
14844 2 2 1 1 4769 4803 8337
14845 2 2 1 1 1009 1010 8361
14846 2 2 1 1 1207 1208 8362
14847 2 2 1 1 11 12 8363
14848 2 2 1 1 609 610 8364
14849 2 2 1 1 7955 3996 8360
14850 2 2 1 1 2650 2991 8365
14851 2 2 1 1 5404 5406 8463
14852 2 2 1 1 5017 5020 8366
14853 2 2 1 1 7976 4802 8666
14854 2 2 1 1 8142 5378 8354
14855 2 2 1 1 5254 5607 8220
14856 2 2 1 1 7859 7857 9270
14857 2 2 1 1 3616 3618 8367
14858 2 2 1 1 1082 1083 8221
14859 2 2 1 1 3148 4787 8848
14860 2 2 1 1 7939 4244 8219
14861 2 2 1 1 1849 7010 8369
14862 2 2 1 1 7333 7332 8222
14863 2 2 1 1 4574 4576 8401
14864 2 2 1 1 5822 2026 8605
14865 2 2 1 1 6604 6606 8370
14866 2 2 1 1 6582 6581 8370
14867 2 2 1 1 1981 4693 8568
14868 2 2 1 1 5202 5199 8259
14869 2 2 1 1 1356 1750 8270
14870 2 2 1 1 5589 5588 8371
14871 2 2 1 1 2006 7313 9281
14872 2 2 1 1 7263 7955 8360
14873 2 2 1 1 7713 6579 8223
14874 2 2 1 1 1508 1429 8516
14875 2 2 1 1 9461 1641 9497
14876 2 2 1 1 1430 1976 8516
14877 2 2 1 1 8109 4398 8263
14878 2 2 1 1 4869 4871 8373
14879 2 2 1 1 8180 4255 8264
14880 2 2 1 1 5631 5632 8372
14881 2 2 1 1 962 1607 8376
14882 2 2 1 1 5499 5536 8225
14883 2 2 1 1 1903 7343 8443
14884 2 2 1 1 6797 8114 8700
14885 2 2 1 1 8602 5802 8722
14886 2 2 1 1 1518 1437 8224
14887 2 2 1 1 425 426 8226
14888 2 2 1 1 8024 5691 8566
14889 2 2 1 1 495 496 8227
14890 2 2 1 1 1570 5079 8941
14891 2 2 1 1 8225 1697 8384
14892 2 2 1 1 6797 8700 8772
14893 2 2 1 1 6494 6496 8378
14894 2 2 1 1 6491 6492 8378
14895 2 2 1 1 7043 7046 8379
14896 2 2 1 1 2763 2758 8380
14897 2 2 1 1 6948 6947 9673
14898 2 2 1 1 1917 6948 9673
14899 2 2 1 1 4548 4332 8386
14900 2 2 1 1 414 415 8228
14901 2 2 1 1 6576 6575 9670
14902 2 2 1 1 1838 5780 9435
14903 2 2 1 1 1573 7333 8381
14904 2 2 1 1 460 461 8229
14905 2 2 1 1 963 964 8230
14906 2 2 1 1 1899 1168 8382
14907 2 2 1 1 4697 4699 8981
14908 2 2 1 1 1910 1186 8231
14909 2 2 1 1 2420 2422 8232
14910 2 2 1 1 6029 1655 8629
14911 2 2 1 1 6196 1649 9676
14912 2 2 1 1 6194 6196 9676
14913 2 2 1 1 9543 7548 9652
14914 2 2 1 1 5965 8985 8995
14915 2 2 1 1 5028 5031 8234
14916 2 2 1 1 1725 1325 8235
14917 2 2 1 1 4400 4279 8384
14918 2 2 1 1 1539 28 8385
14919 2 2 1 1 1051 7370 8387
14920 2 2 1 1 1713 1050 8387
14921 2 2 1 1 89 90 8236
14922 2 2 1 1 1634 991 8388
14923 2 2 1 1 4304 4324 9202
14924 2 2 1 1 8009 8008 8344
14925 2 2 1 1 7351 7382 8389
14926 2 2 1 1 4979 1547 8239
14927 2 2 1 1 8135 1226 8187
14928 2 2 1 1 9161 7274 9235
14929 2 2 1 1 1749 1280 8291
14930 2 2 1 1 7117 7119 8392
14931 2 2 1 1 7136 7132 8392
14932 2 2 1 1 7575 6287 8393
14933 2 2 1 1 8168 1349 8169
14934 2 2 1 1 5345 8356 8854
14935 2 2 1 1 1243 8171 8172
14936 2 2 1 1 7895 1722 8312
14937 2 2 1 1 6880 6881 8237
14938 2 2 1 1 7106 8104 8346
14939 2 2 1 1 7286 1584 9285
14940 2 2 1 1 1752 7824 9267
14941 2 2 1 1 7004 8192 8275
14942 2 2 1 1 4430 4246 8391
14943 2 2 1 1 1958 1401 8238
14944 2 2 1 1 7046 8243 8308
14945 2 2 1 1 4273 4372 8263
14946 2 2 1 1 1241 1757 8295
14947 2 2 1 1 1066 1067 8397
14948 2 2 1 1 8437 7535 9119
14949 2 2 1 1 1539 8385 8459
14950 2 2 1 1 4491 6821 9511
14951 2 2 1 1 4772 8609 9426
14952 2 2 1 1 1604 6315 9089
14953 2 2 1 1 6448 8289 8400
14954 2 2 1 1 7207 7213 8398
14955 2 2 1 1 7205 7206 8398
14956 2 2 1 1 5791 6165 8399
14957 2 2 1 1 5211 5213 8399
14958 2 2 1 1 5650 4254 8240
14959 2 2 1 1 1402 1403 8565
14960 2 2 1 1 8204 6066 8321
14961 2 2 1 1 2925 5939 8636
14962 2 2 1 1 7316 8906 8984
14963 2 2 1 1 3954 6013 8401
14964 2 2 1 1 4259 4574 8401
14965 2 2 1 1 4584 1589 9381
14966 2 2 1 1 6815 1727 8452
14967 2 2 1 1 1661 1020 8402
14968 2 2 1 1 4565 1762 9325
14969 2 2 1 1 7830 7831 9051
14970 2 2 1 1 5615 5696 8931
14971 2 2 1 1 8774 5018 8893
14972 2 2 1 1 645 8139 8306
14973 2 2 1 1 7354 4209 8241
14974 2 2 1 1 6356 6357 8242
14975 2 2 1 1 7326 7325 8403
14976 2 2 1 1 7462 6118 8471
14977 2 2 1 1 7044 7048 8243
14978 2 2 1 1 3433 3435 8404
14979 2 2 1 1 6173 6176 8405
14980 2 2 1 1 1540 7242 8244
14981 2 2 1 1 5837 5841 8406
14982 2 2 1 1 3028 4633 9561
14983 2 2 1 1 4633 4455 9561
14984 2 2 1 1 145 146 8407
14985 2 2 1 1 6557 6545 8408
14986 2 2 1 1 6563 1817 8408
14987 2 2 1 1 683 5525 9574
14988 2 2 1 1 1509 1453 8568
14989 2 2 1 1 4701 4702 8562
14990 2 2 1 1 1454 1981 8568
14991 2 2 1 1 7903 7902 8395
14992 2 2 1 1 1722 1274 8312
14993 2 2 1 1 6692 6693 8409
14994 2 2 1 1 753 5190 9402
14995 2 2 1 1 5907 4253 8245
14996 2 2 1 1 5385 5386 8410
14997 2 2 1 1 6213 4251 8246
14998 2 2 1 1 5054 5059 8247
14999 2 2 1 1 4775 1964 9118
15000 2 2 1 1 7030 7032 8411
15001 2 2 1 1 371 372 8248
15002 2 2 1 1 5148 1919 9406
15003 2 2 1 1 5805 5808 8415
15004 2 2 1 1 5813 5807 8415
15005 2 2 1 1 732 5722 8421
15006 2 2 1 1 4636 4637 8548
15007 2 2 1 1 2021 4920 9009
15008 2 2 1 1 2299 2301 8249
15009 2 2 1 1 8141 4976 9553
15010 2 2 1 1 2026 5822 8675
15011 2 2 1 1 3425 3427 8251
15012 2 2 1 1 8486 6905 8971
15013 2 2 1 1 7332 7330 8416
15014 2 2 1 1 3942 7494 8418
15015 2 2 1 1 730 1682 8419
15016 2 2 1 1 8007 4513 8344
15017 2 2 1 1 1682 731 8421
15018 2 2 1 1 6294 5643 8422
15019 2 2 1 1 4484 8224 8889
15020 2 2 1 1 4731 1507 9139
15021 2 2 1 1 8210 2546 8287
15022 2 2 1 1 6664 6788 8253
15023 2 2 1 1 7621 7342 8254
15024 2 2 1 1 1316 1317 8252
15025 2 2 1 1 7884 3986 8391
15026 2 2 1 1 8162 1763 8643
15027 2 2 1 1 8150 7274 9161
15028 2 2 1 1 4197 4198 8255
15029 2 2 1 1 6067 7575 8423
15030 2 2 1 1 1582 340 8279
15031 2 2 1 1 3075 2550 8425
15032 2 2 1 1 9168 6404 9518
15033 2 2 1 1 7251 8223 8341
15034 2 2 1 1 5632 5634 8428
15035 2 2 1 1 4390 4996 8426
15036 2 2 1 1 5662 7542 8520
15037 2 2 1 1 4271 4587 8412
15038 2 2 1 1 3063 2411 8427
15039 2 2 1 1 2409 3078 8427
15040 2 2 1 1 6864 3026 9411
15041 2 2 1 1 8322 3155 8396
15042 2 2 1 1 4252 4378 8256
15043 2 2 1 1 481 482 8429
15044 2 2 1 1 8134 6326 8289
15045 2 2 1 1 4515 4960 8548
15046 2 2 1 1 1655 6029 8697
15047 2 2 1 1 7241 1597 8258
15048 2 2 1 1 7058 7045 8431
15049 2 2 1 1 8118 1662 8433
15050 2 2 1 1 1928 598 8432
15051 2 2 1 1 599 7505 8432
15052 2 2 1 1 4401 4285 8433
15053 2 2 1 1 4288 4286 8257
15054 2 2 1 1 6458 6461 8434
15055 2 2 1 1 3047 2190 8260
15056 2 2 1 1 4057 3614 8259
15057 2 2 1 1 7384 4856 8362
15058 2 2 1 1 2006 9281 9397
15059 2 2 1 1 8390 4559 8534
15060 2 2 1 1 8001 8002 8395
15061 2 2 1 1 6595 8280 8739
15062 2 2 1 1 4810 1768 8495
15063 2 2 1 1 1601 960 8436
15064 2 2 1 1 4041 3534 8437
15065 2 2 1 1 3536 7535 8437
15066 2 2 1 1 406 8191 8315
15067 2 2 1 1 5227 5226 8522
15068 2 2 1 1 5131 1734 9064
15069 2 2 1 1 63 64 8261
15070 2 2 1 1 7548 3950 9652
15071 2 2 1 1 8028 4522 8375
15072 2 2 1 1 1232 1761 8339
15073 2 2 1 1 4640 4020 9031
15074 2 2 1 1 5722 5723 8421
15075 2 2 1 1 2049 1231 8339
15076 2 2 1 1 2754 2766 8441
15077 2 2 1 1 3081 2426 8442
15078 2 2 1 1 2377 2379 8444
15079 2 2 1 1 4419 4137 8446
15080 2 2 1 1 7389 7390 8447
15081 2 2 1 1 5600 5598 8561
15082 2 2 1 1 4856 7384 9321
15083 2 2 1 1 4047 3462 8448
15084 2 2 1 1 2500 2502 8449
15085 2 2 1 1 4391 4283 8450
15086 2 2 1 1 4358 5817 8450
15087 2 2 1 1 4891 967 8484
15088 2 2 1 1 3317 4084 8451
15089 2 2 1 1 4877 9292 9480
15090 2 2 1 1 6907 6832 8262
15091 2 2 1 1 1890 563 8453
15092 2 2 1 1 1922 4608 9287
15093 2 2 1 1 5553 7219 8455
15094 2 2 1 1 1109 7224 8456
15095 2 2 1 1 1841 1108 8456
15096 2 2 1 1 6220 7380 8594
15097 2 2 1 1 7240 7091 8457
15098 2 2 1 1 7111 7112 8457
15099 2 2 1 1 1647 713 8458
15100 2 2 1 1 4821 1027 8502
15101 2 2 1 1 4633 3028 8978
15102 2 2 1 1 7666 5227 8459
15103 2 2 1 1 5939 2925 8707
15104 2 2 1 1 1524 1383 8625
15105 2 2 1 1 1384 1966 8625
15106 2 2 1 1 1229 8034 9486
15107 2 2 1 1 2658 2656 8460
15108 2 2 1 1 4255 4348 8264
15109 2 2 1 1 3783 6392 8265
15110 2 2 1 1 4408 4282 8461
15111 2 2 1 1 4356 5467 8461
15112 2 2 1 1 4352 5546 8462
15113 2 2 1 1 4413 4281 8462
15114 2 2 1 1 2958 7531 8463
15115 2 2 1 1 5403 5404 8463
15116 2 2 1 1 5315 2958 8464
15117 2 2 1 1 475 8204 8321
15118 2 2 1 1 5615 8931 9012
15119 2 2 1 1 2338 2336 8266
15120 2 2 1 1 389 1622 8469
15121 2 2 1 1 3086 2305 8468
15122 2 2 1 1 2477 2475 8470
15123 2 2 1 1 3284 3282 8467
15124 2 2 1 1 3992 3572 8471
15125 2 2 1 1 3574 7462 8471
15126 2 2 1 1 529 5640 8472
15127 2 2 1 1 1854 528 8472
15128 2 2 1 1 7486 6124 8473
15129 2 2 1 1 1317 8175 8252
15130 2 2 1 1 440 441 8267
15131 2 2 1 1 5529 5530 8268
15132 2 2 1 1 8232 2422 8304
15133 2 2 1 1 2373 3014 8269
15134 2 2 1 1 7286 9285 9405
15135 2 2 1 1 4598 4600 9531
15136 2 2 1 1 6445 1545 9145
15137 2 2 1 1 5604 5595 8477
15138 2 2 1 1 7352 423 8478
15139 2 2 1 1 424 1666 8478
15140 2 2 1 1 5837 8406 9160
15141 2 2 1 1 4696 3072 9487
15142 2 2 1 1 494 1816 8479
15143 2 2 1 1 6511 493 8479
15144 2 2 1 1 1597 8142 8354
15145 2 2 1 1 1722 7895 8476
15146 2 2 1 1 61 1576 8480
15147 2 2 1 1 8095 8096 9640
15148 2 2 1 1 7001 6030 8481
15149 2 2 1 1 5436 5437 8481
15150 2 2 1 1 3043 4816 9600
15151 2 2 1 1 4816 4462 9600
15152 2 2 1 1 5777 5778 8482
15153 2 2 1 1 6900 3910 8482
15154 2 2 1 1 3283 3285 8474
15155 2 2 1 1 8270 8009 9500
15156 2 2 1 1 8147 3969 8302
15157 2 2 1 1 7738 3920 8383
15158 2 2 1 1 1970 4704 9026
15159 2 2 1 1 8207 3385 8328
15160 2 2 1 1 7397 7405 9527
15161 2 2 1 1 1355 1356 8270
15162 2 2 1 1 5742 5741 8483
15163 2 2 1 1 968 1615 8484
15164 2 2 1 1 3336 4004 8271
15165 2 2 1 1 1805 1084 8272
15166 2 2 1 1 8360 3996 8483
15167 2 2 1 1 2764 2633 8485
15168 2 2 1 1 6903 6905 8486
15169 2 2 1 1 1006 1007 8487
15170 2 2 1 1 370 1614 8488
15171 2 2 1 1 5723 5724 8274
15172 2 2 1 1 8212 6129 8282
15173 2 2 1 1 2053 8512 9291
15174 2 2 1 1 5039 1560 8900
15175 2 2 1 1 6536 6539 8429
15176 2 2 1 1 2998 5421 8273
15177 2 2 1 1 4027 3872 8490
15178 2 2 1 1 3874 4114 8490
15179 2 2 1 1 5637 5636 8491
15180 2 2 1 1 6776 3032 9369
15181 2 2 1 1 4417 4294 8505
15182 2 2 1 1 7010 7004 8275
15183 2 2 1 1 6584 6053 8276
15184 2 2 1 1 5017 8366 9023
15185 2 2 1 1 3357 4002 8277
15186 2 2 1 1 948 949 8492
15187 2 2 1 1 7895 7896 8476
15188 2 2 1 1 2048 8067 9499
15189 2 2 1 1 3942 8418 9593
15190 2 2 1 1 122 123 8278
15191 2 2 1 1 8104 7639 8346
15192 2 2 1 1 5926 5512 8769
15193 2 2 1 1 120 1658 8496
15194 2 2 1 1 8358 952 9021
15195 2 2 1 1 7258 6815 8497
15196 2 2 1 1 632 633 8498
15197 2 2 1 1 8683 5235 8803
15198 2 2 1 1 1903 8443 8569
15199 2 2 1 1 439 1697 8499
15200 2 2 1 1 3913 3585 8500
15201 2 2 1 1 1028 1679 8502
15202 2 2 1 1 2010 7316 8984
15203 2 2 1 1 1515 1478 8673
15204 2 2 1 1 5385 8410 9272
15205 2 2 1 1 1479 1975 8673
15206 2 2 1 1 1734 5131 9167
15207 2 2 1 1 5321 2019 8696
15208 2 2 1 1 6594 7297 8280
15209 2 2 1 1 5833 5838 8281
15210 2 2 1 1 7824 1752 9367
15211 2 2 1 1 2554 3094 8507
15212 2 2 1 1 6678 6676 9147
15213 2 2 1 1 4676 8260 8394
15214 2 2 1 1 4499 4214 8508
15215 2 2 1 1 7566 4064 8508
15216 2 2 1 1 4847 323 8574
15217 2 2 1 1 8245 4253 8314
15218 2 2 1 1 4909 215 8736
15219 2 2 1 1 4035 7312 8711
15220 2 2 1 1 1569 7329 8510
15221 2 2 1 1 8091 4218 8286
15222 2 2 1 1 8428 5634 8506
15223 2 2 1 1 6129 6126 8282
15224 2 2 1 1 1566 5425 9152
15225 2 2 1 1 1200 1201 8283
15226 2 2 1 1 772 773 8511
15227 2 2 1 1 5172 5175 8284
15228 2 2 1 1 8249 2301 8317
15229 2 2 1 1 5505 5506 8513
15230 2 2 1 1 6217 6220 8513
15231 2 2 1 1 1177 1178 8515
15232 2 2 1 1 5535 5538 8517
15233 2 2 1 1 5640 1745 8285
15234 2 2 1 1 7380 6220 8662
15235 2 2 1 1 7505 1932 8286
15236 2 2 1 1 4587 8120 8412
15237 2 2 1 1 6118 7462 8592
15238 2 2 1 1 3080 7635 8519
15239 2 2 1 1 1505 4719 8417
15240 2 2 1 1 4717 4716 9045
15241 2 2 1 1 3067 5322 9067
15242 2 2 1 1 2546 2548 8287
15243 2 2 1 1 6390 2993 8523
15244 2 2 1 1 7025 7028 8525
15245 2 2 1 1 8522 5226 8600
15246 2 2 1 1 6945 6947 8383
15247 2 2 1 1 6437 6440 8526
15248 2 2 1 1 1840 8109 8263
15249 2 2 1 1 7295 7290 8527
15250 2 2 1 1 2430 3104 8528
15251 2 2 1 1 7127 3039 9317
15252 2 2 1 1 4618 394 8680
15253 2 2 1 1 2026 1166 8529
15254 2 2 1 1 1167 1899 8529
15255 2 2 1 1 5303 5310 8288
15256 2 2 1 1 6182 2023 9667
15257 2 2 1 1 6449 6450 8289
15258 2 2 1 1 94 95 8290
15259 2 2 1 1 3155 7425 8396
15260 2 2 1 1 6551 6550 8365
15261 2 2 1 1 4599 4490 9628
15262 2 2 1 1 3042 4599 9628
15263 2 2 1 1 335 7353 8532
15264 2 2 1 1 1568 334 8532
15265 2 2 1 1 6632 6630 8533
15266 2 2 1 1 8177 1240 8295
15267 2 2 1 1 1269 7859 9270
15268 2 2 1 1 1560 5039 8967
15269 2 2 1 1 4622 1832 9536
15270 2 2 1 1 5845 5850 8537
15271 2 2 1 1 8086 6904 8486
15272 2 2 1 1 4368 5234 8538
15273 2 2 1 1 4402 4298 8538
15274 2 2 1 1 7932 7933 8860
15275 2 2 1 1 4308 4636 8548
15276 2 2 1 1 1049 1713 8539
15277 2 2 1 1 6699 6697 8542
15278 2 2 1 1 990 1634 8543
15279 2 2 1 1 6173 8405 9505
15280 2 2 1 1 4841 7962 8329
15281 2 2 1 1 1707 8242 8349
15282 2 2 1 1 8397 1067 9284
15283 2 2 1 1 1280 1281 8291
15284 2 2 1 1 4954 4794 8744
15285 2 2 1 1 663 664 8544
15286 2 2 1 1 8912 2909 9024
15287 2 2 1 1 4212 7254 8418
15288 2 2 1 1 8795 8003 9225
15289 2 2 1 1 8263 4372 8377
15290 2 2 1 1 2309 3110 8546
15291 2 2 1 1 8329 3980 8572
15292 2 2 1 1 63 8261 8323
15293 2 2 1 1 155 156 8547
15294 2 2 1 1 1685 9503 9621
15295 2 2 1 1 4892 4891 8484
15296 2 2 1 1 4628 1684 9423
15297 2 2 1 1 8372 5632 8428
15298 2 2 1 1 8361 1010 9122
15299 2 2 1 1 6907 8262 8322
15300 2 2 1 1 1690 734 8292
15301 2 2 1 1 1369 1370 8414
15302 2 2 1 1 7205 8398 9560
15303 2 2 1 1 1677 728 8549
15304 2 2 1 1 6450 8134 8289
15305 2 2 1 1 3172 4276 8293
15306 2 2 1 1 4566 4393 8536
15307 2 2 1 1 6835 6838 8294
15308 2 2 1 1 1275 8149 8312
15309 2 2 1 1 4656 3225 9623
15310 2 2 1 1 1706 746 8550
15311 2 2 1 1 8978 7426 8991
15312 2 2 1 1 7397 9527 9630
15313 2 2 1 1 6264 7318 9368
15314 2 2 1 1 1910 9255 9351
15315 2 2 1 1 8056 8057 8476
15316 2 2 1 1 6949 6945 8383
15317 2 2 1 1 7506 6627 8440
15318 2 2 1 1 8114 6799 8635
15319 2 2 1 1 1562 59 8552
15320 2 2 1 1 3378 3376 8553
15321 2 2 1 1 1019 1661 8554
15322 2 2 1 1 4713 4296 8759
15323 2 2 1 1 404 1662 8555
15324 2 2 1 1 4986 2206 8573
15325 2 2 1 1 1240 1241 8295
15326 2 2 1 1 4704 4706 9177
15327 2 2 1 1 4399 4916 8296
15328 2 2 1 1 8093 1985 8964
15329 2 2 1 1 144 1702 8556
15330 2 2 1 1 473 1788 8557
15331 2 2 1 1 1629 5801 8602
15332 2 2 1 1 2629 2896 8558
15333 2 2 1 1 2877 2925 8559
15334 2 2 1 1 2893 2879 8559
15335 2 2 1 1 5393 7606 8793
15336 2 2 1 1 7537 2963 8561
15337 2 2 1 1 5598 5597 8561
15338 2 2 1 1 1375 1747 8430
15339 2 2 1 1 8155 8743 9443
15340 2 2 1 1 4945 4965 8744
15341 2 2 1 1 318 1553 8563
15342 2 2 1 1 1992 5156 8804
15343 2 2 1 1 3498 3500 8297
15344 2 2 1 1 1685 8184 9503
15345 2 2 1 1 4267 4362 8298
15346 2 2 1 1 8266 2336 8335
15347 2 2 1 1 6570 6822 8564
15348 2 2 1 1 6569 6567 8564
15349 2 2 1 1 2162 2160 8301
15350 2 2 1 1 5142 7717 8299
15351 2 2 1 1 1586 8874 8939
15352 2 2 1 1 5148 5146 9602
15353 2 2 1 1 4744 4920 9437
15354 2 2 1 1 2010 8984 9046
15355 2 2 1 1 1723 1351 8438
15356 2 2 1 1 879 1921 8300
15357 2 2 1 1 1755 1294 8439
15358 2 2 1 1 7887 3015 8535
15359 2 2 1 1 7218 1633 8566
15360 2 2 1 1 1295 2041 8439
15361 2 2 1 1 4442 4299 8567
15362 2 2 1 1 5118 5121 8567
15363 2 2 1 1 5613 5615 9012
15364 2 2 1 1 3969 3353 8302
15365 2 2 1 1 6445 9145 9258
15366 2 2 1 1 1787 8818 9360
15367 2 2 1 1 939 6261 8704
15368 2 2 1 1 1653 118 8570
15369 2 2 1 1 5628 5631 8303
15370 2 2 1 1 678 1599 8571
15371 2 2 1 1 2422 2424 8304
15372 2 2 1 1 6502 6501 8305
15373 2 2 1 1 644 645 8306
15374 2 2 1 1 324 1556 8574
15375 2 2 1 1 2044 7825 9490
15376 2 2 1 1 7907 4453 8414
15377 2 2 1 1 5024 5027 8575
15378 2 2 1 1 3608 3610 8576
15379 2 2 1 1 5655 5657 8598
15380 2 2 1 1 8118 6459 8555
15381 2 2 1 1 4384 5078 8578
15382 2 2 1 1 8373 4871 9671
15383 2 2 1 1 2957 6558 9580
15384 2 2 1 1 3361 3363 8580
15385 2 2 1 1 1282 2045 8454
15386 2 2 1 1 1875 6448 8400
15387 2 2 1 1 3466 4085 8581
15388 2 2 1 1 7644 5460 8583
15389 2 2 1 1 6730 6731 8584
15390 2 2 1 1 6170 6174 8307
15391 2 2 1 1 7186 7189 8585
15392 2 2 1 1 7197 7193 8585
15393 2 2 1 1 5414 7435 8586
15394 2 2 1 1 5337 5339 8586
15395 2 2 1 1 8346 7639 8465
15396 2 2 1 1 4067 3389 8588
15397 2 2 1 1 4476 4300 8589
15398 2 2 1 1 2986 2369 8308
15399 2 2 1 1 7059 7060 8590
15400 2 2 1 1 1618 5373 9596
15401 2 2 1 1 8254 7342 8374
15402 2 2 1 1 3801 7503 8591
15403 2 2 1 1 4031 3799 8591
15404 2 2 1 1 4531 4518 8573
15405 2 2 1 1 6116 6118 8592
15406 2 2 1 1 8383 6947 8530
15407 2 2 1 1 1169 1170 8309
15408 2 2 1 1 6699 8542 8661
15409 2 2 1 1 7380 958 8594
15410 2 2 1 1 959 1601 8594
15411 2 2 1 1 1626 8290 8435
15412 2 2 1 1 3431 3433 8595
15413 2 2 1 1 4822 4821 8502
15414 2 2 1 1 122 8278 8345
15415 2 2 1 1 1633 8024 8566
15416 2 2 1 1 4224 4223 8596
15417 2 2 1 1 1711 749 8597
15418 2 2 1 1 4139 4284 8310
15419 2 2 1 1 5654 5655 8598
15420 2 2 1 1 2993 7629 8598
15421 2 2 1 1 1751 8043 9057
15422 2 2 1 1 1639 387 8599
15423 2 2 1 1 1274 1275 8312
15424 2 2 1 1 4495 4301 8601
15425 2 2 1 1 694 1629 8602
15426 2 2 1 1 4394 8095 8536
15427 2 2 1 1 5796 5795 8603
15428 2 2 1 1 6488 6490 8603
15429 2 2 1 1 8215 955 8810
15430 2 2 1 1 4448 4134 8604
15431 2 2 1 1 5817 5816 8605
15432 2 2 1 1 5819 5822 8605
15433 2 2 1 1 5589 8371 9309
15434 2 2 1 1 8243 2986 8308
15435 2 2 1 1 5644 6204 8606
15436 2 2 1 1 142 143 8607
15437 2 2 1 1 4501 4130 8608
15438 2 2 1 1 1107 1841 8610
15439 2 2 1 1 7822 7828 8732
15440 2 2 1 1 5255 5256 8612
15441 2 2 1 1 5830 8281 8956
15442 2 2 1 1 7046 8269 8379
15443 2 2 1 1 1613 368 8613
15444 2 2 1 1 1709 1047 8614
15445 2 2 1 1 1670 5279 9210
15446 2 2 1 1 930 7373 8615
15447 2 2 1 1 1565 929 8615
15448 2 2 1 1 1623 988 8617
15449 2 2 1 1 945 946 8618
15450 2 2 1 1 992 993 8313
15451 2 2 1 1 651 2004 8619
15452 2 2 1 1 1621 650 8619
15453 2 2 1 1 9364 5059 9454
15454 2 2 1 1 4253 3169 8314
15455 2 2 1 1 1840 8263 8377
15456 2 2 1 1 5634 5884 8506
15457 2 2 1 1 6505 6507 8620
15458 2 2 1 1 405 406 8315
15459 2 2 1 1 29 30 8316
15460 2 2 1 1 1677 8549 8671
15461 2 2 1 1 6001 429 8781
15462 2 2 1 1 5915 1996 8672
15463 2 2 1 1 9102 6364 9164
15464 2 2 1 1 437 438 8621
15465 2 2 1 1 7143 7138 8622
15466 2 2 1 1 7135 7139 8622
15467 2 2 1 1 8396 7425 8466
15468 2 2 1 1 4764 1980 8386
15469 2 2 1 1 3925 3641 8623
15470 2 2 1 1 3639 7609 8623
15471 2 2 1 1 2301 2303 8317
15472 2 2 1 1 4406 4937 8631
15473 2 2 1 1 4437 8041 8311
15474 2 2 1 1 154 155 8318
15475 2 2 1 1 2506 2508 8624
15476 2 2 1 1 1610 6182 9667
15477 2 2 1 1 1768 1366 8495
15478 2 2 1 1 1367 2036 8495
15479 2 2 1 1 6908 2006 9397
15480 2 2 1 1 3581 3586 8626
15481 2 2 1 1 2383 2385 8627
15482 2 2 1 1 8555 6459 8681
15483 2 2 1 1 6140 6137 8318
15484 2 2 1 1 2180 2178 8637
15485 2 2 1 1 5226 5228 8600
15486 2 2 1 1 6382 5212 8628
15487 2 2 1 1 5215 5217 8628
15488 2 2 1 1 1655 1017 8629
15489 2 2 1 1 7064 7062 8630
15490 2 2 1 1 6153 6155 8703
15491 2 2 1 1 5290 5289 8319
15492 2 2 1 1 7071 6885 8320
15493 2 2 1 1 7471 8185 8793
15494 2 2 1 1 474 475 8321
15495 2 2 1 1 4637 1987 9001
15496 2 2 1 1 4496 4336 8650
15497 2 2 1 1 6998 7436 9082
15498 2 2 1 1 1706 5201 8813
15499 2 2 1 1 6801 6804 8635
15500 2 2 1 1 5405 1907 9576
15501 2 2 1 1 2896 8114 8635
15502 2 2 1 1 5941 5945 8636
15503 2 2 1 1 5939 5938 8636
15504 2 2 1 1 4386 8017 8658
15505 2 2 1 1 5613 9012 9081
15506 2 2 1 1 8711 7312 8833
15507 2 2 1 1 5854 5858 8638
15508 2 2 1 1 7577 2966 8640
15509 2 2 1 1 5332 5331 8640
15510 2 2 1 1 1252 1253 8504
15511 2 2 1 1 4136 7463 8642
15512 2 2 1 1 1910 8231 9255
15513 2 2 1 1 6906 6907 8322
15514 2 2 1 1 5809 5810 8644
15515 2 2 1 1 6973 6974 8644
15516 2 2 1 1 5114 5111 8645
15517 2 2 1 1 5562 1861 8847
15518 2 2 1 1 8293 4276 8368
15519 2 2 1 1 8194 3945 8509
15520 2 2 1 1 6403 6405 8648
15521 2 2 1 1 471 472 8649
15522 2 2 1 1 9150 6788 9233
15523 2 2 1 1 62 63 8323
15524 2 2 1 1 2035 1291 8518
15525 2 2 1 1 354 355 8324
15526 2 2 1 1 3190 3192 8503
15527 2 2 1 1 6983 6987 8325
15528 2 2 1 1 1662 8118 8555
15529 2 2 1 1 3313 3315 8326
15530 2 2 1 1 5550 5444 8654
15531 2 2 1 1 1586 8215 8874
15532 2 2 1 1 6716 2012 8668
15533 2 2 1 1 7347 2024 8372
15534 2 2 1 1 564 565 8327
15535 2 2 1 1 480 481 8656
15536 2 2 1 1 8009 1946 9500
15537 2 2 1 1 2000 7286 9405
15538 2 2 1 1 1688 5599 9632
15539 2 2 1 1 3385 3387 8328
15540 2 2 1 1 4412 4309 8658
15541 2 2 1 1 1485 8124 9551
15542 2 2 1 1 7391 3073 8660
15543 2 2 1 1 6751 3943 8646
15544 2 2 1 1 4324 8045 8545
15545 2 2 1 1 8017 1568 8658
15546 2 2 1 1 1481 1527 8869
15547 2 2 1 1 1975 1480 8869
15548 2 2 1 1 3504 3506 8661
15549 2 2 1 1 714 715 8330
15550 2 2 1 1 6220 6219 8662
15551 2 2 1 1 5115 2029 8944
15552 2 2 1 1 7501 4019 8331
15553 2 2 1 1 1681 701 8332
15554 2 2 1 1 4843 4841 8329
15555 2 2 1 1 7418 7419 8664
15556 2 2 1 1 4521 4343 8643
15557 2 2 1 1 5775 1955 9534
15558 2 2 1 1 1308 1309 8524
15559 2 2 1 1 7604 4211 8333
15560 2 2 1 1 1021 1022 8334
15561 2 2 1 1 5058 8343 9508
15562 2 2 1 1 1298 1746 8540
15563 2 2 1 1 4652 4656 8651
15564 2 2 1 1 6927 6929 8445
15565 2 2 1 1 3084 4743 8633
15566 2 2 1 1 573 574 8669
15567 2 2 1 1 2766 7559 8670
15568 2 2 1 1 4663 4658 8651
15569 2 2 1 1 2198 4943 8337
15570 2 2 1 1 1369 8414 8789
15571 2 2 1 1 5284 7590 8671
15572 2 2 1 1 1059 1772 8672
15573 2 2 1 1 1996 1058 8672
15574 2 2 1 1 2336 2334 8335
15575 2 2 1 1 6633 6634 8674
15576 2 2 1 1 8512 4552 9291
15577 2 2 1 1 7032 8277 8411
15578 2 2 1 1 1165 2026 8675
15579 2 2 1 1 1738 1164 8675
15580 2 2 1 1 6091 1903 8569
15581 2 2 1 1 748 1711 8676
15582 2 2 1 1 7821 7822 8732
15583 2 2 1 1 9028 5160 9151
15584 2 2 1 1 3104 2432 8679
15585 2 2 1 1 395 1650 8680
15586 2 2 1 1 3508 4046 8336
15587 2 2 1 1 8338 1184 9418
15588 2 2 1 1 1656 402 8681
15589 2 2 1 1 6062 6208 8682
15590 2 2 1 1 6048 6046 8682
15591 2 2 1 1 1831 1105 8683
15592 2 2 1 1 4777 1965 9587
15593 2 2 1 1 3943 3419 8646
15594 2 2 1 1 4668 4670 8665
15595 2 2 1 1 1518 8224 9227
15596 2 2 1 1 8289 6326 8400
15597 2 2 1 1 4310 7485 8955
15598 2 2 1 1 4770 4769 8337
15599 2 2 1 1 3439 3441 8684
15600 2 2 1 1 4729 4530 8609
15601 2 2 1 1 1925 1183 8338
15602 2 2 1 1 4330 8067 8655
15603 2 2 1 1 8096 7944 8652
15604 2 2 1 1 1439 1960 8889
15605 2 2 1 1 7572 5988 8687
15606 2 2 1 1 5468 5469 8687
15607 2 2 1 1 4265 4346 8340
15608 2 2 1 1 4432 4312 8688
15609 2 2 1 1 4388 5009 8688
15610 2 2 1 1 6379 6378 8689
15611 2 2 1 1 5547 5548 8689
15612 2 2 1 1 1550 316 8690
15613 2 2 1 1 6465 6468 8691
15614 2 2 1 1 1231 1232 8339
15615 2 2 1 1 6364 6365 9164
15616 2 2 1 1 8793 7606 8908
15617 2 2 1 1 4848 4847 8574
15618 2 2 1 1 2189 4935 8394
15619 2 2 1 1 7250 7251 8341
15620 2 2 1 1 7857 7856 8659
15621 2 2 1 1 597 1928 8694
15622 2 2 1 1 2018 596 8694
15623 2 2 1 1 3110 2311 8695
15624 2 2 1 1 2019 1147 8696
15625 2 2 1 1 1148 1879 8696
15626 2 2 1 1 5824 8090 8746
15627 2 2 1 1 1169 8309 8382
15628 2 2 1 1 7436 6998 9182
15629 2 2 1 1 1697 8225 8499
15630 2 2 1 1 4211 7687 8677
15631 2 2 1 1 4315 4577 8657
15632 2 2 1 1 7216 2905 9555
15633 2 2 1 1 6029 6026 8697
15634 2 2 1 1 6028 6034 8697
15635 2 2 1 1 1591 676 8698
15636 2 2 1 1 2896 2627 8700
15637 2 2 1 1 6735 6734 8701
15638 2 2 1 1 2981 7173 8703
15639 2 2 1 1 6152 6153 8703
15640 2 2 1 1 1788 8321 8423
15641 2 2 1 1 3049 4952 8758
15642 2 2 1 1 1583 938 8704
15643 2 2 1 1 5147 1924 9595
15644 2 2 1 1 5240 5241 8342
15645 2 2 1 1 2286 3084 8633
15646 2 2 1 1 58 1562 8706
15647 2 2 1 1 1271 1272 8560
15648 2 2 1 1 5061 5067 8343
15649 2 2 1 1 8506 5884 8577
15650 2 2 1 1 6162 6161 8470
15651 2 2 1 1 121 122 8345
15652 2 2 1 1 8195 5160 9028
15653 2 2 1 1 2925 2875 8707
15654 2 2 1 1 2873 2938 8707
15655 2 2 1 1 5530 7420 9004
15656 2 2 1 1 6117 7680 8346
15657 2 2 1 1 5002 3912 8348
15658 2 2 1 1 6930 6927 8445
15659 2 2 1 1 8280 1613 8739
15660 2 2 1 1 352 1579 8709
15661 2 2 1 1 6427 6430 8710
15662 2 2 1 1 7179 7183 8712
15663 2 2 1 1 6984 6985 8712
15664 2 2 1 1 4084 3319 8713
15665 2 2 1 1 4854 4856 9321
15666 2 2 1 1 6572 6574 8778
15667 2 2 1 1 6208 3954 8731
15668 2 2 1 1 5993 4261 8347
15669 2 2 1 1 6305 1638 8899
15670 2 2 1 1 6840 6401 8714
15671 2 2 1 1 4131 6742 9427
15672 2 2 1 1 3393 4098 8715
15673 2 2 1 1 712 1647 8716
15674 2 2 1 1 5740 5742 8717
15675 2 2 1 1 146 147 8349
15676 2 2 1 1 83 1608 8718
15677 2 2 1 1 6568 6569 8719
15678 2 2 1 1 6714 6716 9625
15679 2 2 1 1 7475 4264 8350
15680 2 2 1 1 6673 6674 8351
15681 2 2 1 1 4816 3043 8995
15682 2 2 1 1 1976 4788 9495
15683 2 2 1 1 4372 7704 8377
15684 2 2 1 1 7343 8341 8443
15685 2 2 1 1 8459 5227 8522
15686 2 2 1 1 8600 5228 8667
15687 2 2 1 1 8005 8006 8659
15688 2 2 1 1 5378 5380 8354
15689 2 2 1 1 6908 9397 9497
15690 2 2 1 1 992 8313 8388
15691 2 2 1 1 29 8316 8385
15692 2 2 1 1 6583 6316 8720
15693 2 2 1 1 5517 5518 8720
15694 2 2 1 1 6638 6636 8721
15695 2 2 1 1 1279 1749 8582
15696 2 2 1 1 1627 692 8722
15697 2 2 1 1 8097 5931 8779
15698 2 2 1 1 4291 5864 8352
15699 2 2 1 1 4928 2100 8759
15700 2 2 1 1 8068 4323 8655
15701 2 2 1 1 117 1653 8723
15702 2 2 1 1 8082 1015 8770
15703 2 2 1 1 6534 1802 9655
15704 2 2 1 1 3168 4280 8353
15705 2 2 1 1 8162 8643 9446
15706 2 2 1 1 782 1809 8724
15707 2 2 1 1 7425 3157 8466
15708 2 2 1 1 5154 8195 8928
15709 2 2 1 1 7943 8089 8652
15710 2 2 1 1 8008 8007 8344
15711 2 2 1 1 1952 1245 8593
15712 2 2 1 1 4350 5566 8730
15713 2 2 1 1 6742 4131 9525
15714 2 2 1 1 7275 8307 9313
15715 2 2 1 1 8247 5059 9364
15716 2 2 1 1 4263 4958 8359
15717 2 2 1 1 8067 1760 9499
15718 2 2 1 1 4719 1971 8865
15719 2 2 1 1 4364 5879 8733
15720 2 2 1 1 1322 1323 8587
15721 2 2 1 1 1352 8173 8438
15722 2 2 1 1 8440 6627 9563
15723 2 2 1 1 6224 6227 8735
15724 2 2 1 1 215 216 8736
15725 2 2 1 1 6607 6597 8739
15726 2 2 1 1 4189 4954 8744
15727 2 2 1 1 6869 2540 9120
15728 2 2 1 1 8188 2948 8931
15729 2 2 1 1 6727 6723 8355
15730 2 2 1 1 1875 8400 8521
15731 2 2 1 1 4829 4832 8511
15732 2 2 1 1 8219 4244 8535
15733 2 2 1 1 5344 5347 8356
15734 2 2 1 1 2604 2606 8357
15735 2 2 1 1 3291 3293 8742
15736 2 2 1 1 1589 7397 9630
15737 2 2 1 1 8122 4765 8762
15738 2 2 1 1 1578 951 8358
15739 2 2 1 1 8905 6502 9192
15740 2 2 1 1 6948 8300 9608
15741 2 2 1 1 1308 8524 9211
15742 2 2 1 1 6395 7262 8360
15743 2 2 1 1 5822 5821 8746
15744 2 2 1 1 8090 1738 8746
15745 2 2 1 1 2436 3125 8747
15746 2 2 1 1 4296 4172 8759
15747 2 2 1 1 6906 8322 8396
15748 2 2 1 1 4510 4302 8632
15749 2 2 1 1 8170 4566 9296
15750 2 2 1 1 1390 1510 8974
15751 2 2 1 1 5612 5613 9081
15752 2 2 1 1 1978 1389 8974
15753 2 2 1 1 1675 1009 8361
15754 2 2 1 1 1208 7384 8362
15755 2 2 1 1 12 2051 8363
15756 2 2 1 1 610 2052 8364
15757 2 2 1 1 5977 5972 8749
15758 2 2 1 1 5970 5973 8749
15759 2 2 1 1 81 82 8750
15760 2 2 1 1 2652 2650 8365
15761 2 2 1 1 2942 6102 9591
15762 2 2 1 1 1046 1709 8751
15763 2 2 1 1 2000 9405 9510
15764 2 2 1 1 1817 7555 8800
15765 2 2 1 1 538 539 8752
15766 2 2 1 1 987 1623 8753
15767 2 2 1 1 928 1565 8754
15768 2 2 1 1 6429 7339 8872
15769 2 2 1 1 5020 5025 8366
15770 2 2 1 1 997 998 8757
15771 2 2 1 1 8356 1627 8854
15772 2 2 1 1 3618 4092 8367
15773 2 2 1 1 6661 8253 9108
15774 2 2 1 1 4276 4370 8368
15775 2 2 1 1 7733 8044 9261
15776 2 2 1 1 7224 1849 8369
15777 2 2 1 1 6009 6007 8760
15778 2 2 1 1 1638 6305 8966
15779 2 2 1 1 7169 3309 9219
15780 2 2 1 1 141 1699 8761
15781 2 2 1 1 6698 6699 8764
15782 2 2 1 1 2534 6872 9582
15783 2 2 1 1 2315 3131 8765
15784 2 2 1 1 6623 7223 9585
15785 2 2 1 1 1135 1862 8766
15786 2 2 1 1 6444 6445 9258
15787 2 2 1 1 7164 4862 8551
15788 2 2 1 1 1477 1515 9001
15789 2 2 1 1 7639 3992 8465
15790 2 2 1 1 1987 1476 9001
15791 2 2 1 1 6581 6604 8370
15792 2 2 1 1 4509 4564 8758
15793 2 2 1 1 4513 4512 9399
15794 2 2 1 1 2080 2078 8782
15795 2 2 1 1 6275 6278 8767
15796 2 2 1 1 7024 7026 8768
15797 2 2 1 1 5510 7703 8769
15798 2 2 1 1 5512 5509 8769
15799 2 2 1 1 5588 5606 8371
15800 2 2 1 1 1016 1655 8770
15801 2 2 1 1 2512 2514 8771
15802 2 2 1 1 2623 2907 8772
15803 2 2 1 1 8310 4284 8426
15804 2 2 1 1 333 1568 8774
15805 2 2 1 1 6034 8082 8770
15806 2 2 1 1 4903 2951 8773
15807 2 2 1 1 1021 8334 8402
15808 2 2 1 1 727 1677 8775
15809 2 2 1 1 1558 56 8776
15810 2 2 1 1 2951 2476 8773
15811 2 2 1 1 8143 6846 8813
15812 2 2 1 1 5914 5916 8660
15813 2 2 1 1 4334 4826 8686
15814 2 2 1 1 139 140 8777
15815 2 2 1 1 4874 4869 8373
15816 2 2 1 1 1835 7013 8778
15817 2 2 1 1 6566 6572 8778
15818 2 2 1 1 5937 5939 8779
15819 2 2 1 1 7342 4031 8374
15820 2 2 1 1 2938 8097 8779
15821 2 2 1 1 2389 2391 8780
15822 2 2 1 1 430 1678 8781
15823 2 2 1 1 961 962 8376
15824 2 2 1 1 6839 1836 8830
15825 2 2 1 1 4569 1837 9556
15826 2 2 1 1 4826 1305 9606
15827 2 2 1 1 5710 5709 8783
15828 2 2 1 1 7655 4016 8783
15829 2 2 1 1 5108 4423 8784
15830 2 2 1 1 4374 7683 8785
15831 2 2 1 1 6500 6502 8785
15832 2 2 1 1 4424 4912 8916
15833 2 2 1 1 6457 6458 8787
15834 2 2 1 1 8253 6788 9150
15835 2 2 1 1 4553 4310 9239
15836 2 2 1 1 8185 5393 8793
15837 2 2 1 1 7421 6476 8788
15838 2 2 1 1 4024 3289 8708
15839 2 2 1 1 4567 1776 9597
15840 2 2 1 1 7065 7066 8790
15841 2 2 1 1 6415 4290 9132
15842 2 2 1 1 1718 7259 8763
15843 2 2 1 1 8114 2896 8700
15844 2 2 1 1 5742 8483 8595
15845 2 2 1 1 1646 115 8792
15846 2 2 1 1 8029 8028 8375
15847 2 2 1 1 6187 1574 8794
15848 2 2 1 1 1300 1301 8639
15849 2 2 1 1 6901 1840 8377
15850 2 2 1 1 1448 1511 9032
15851 2 2 1 1 1967 1447 9032
15852 2 2 1 1 6355 6294 8489
15853 2 2 1 1 8044 7320 9261
15854 2 2 1 1 1979 4792 9030
15855 2 2 1 1 6227 8215 8810
15856 2 2 1 1 6492 6494 8378
15857 2 2 1 1 7104 7068 8797
15858 2 2 1 1 7045 7043 8379
15859 2 2 1 1 5478 5223 8798
15860 2 2 1 1 2758 2756 8380
15861 2 2 1 1 5147 5145 8677
15862 2 2 1 1 4997 4998 8802
15863 2 2 1 1 6428 6432 8799
15864 2 2 1 1 1568 8017 8774
15865 2 2 1 1 623 1992 8804
15866 2 2 1 1 1575 622 8804
15867 2 2 1 1 1955 8199 9534
15868 2 2 1 1 5734 5738 8806
15869 2 2 1 1 5001 5004 8802
15870 2 2 1 1 7353 1573 8381
15871 2 2 1 1 3603 3601 8808
15872 2 2 1 1 9013 5838 9097
15873 2 2 1 1 956 1593 8810
15874 2 2 1 1 5700 7679 8811
15875 2 2 1 1 175 1790 8812
15876 2 2 1 1 8079 4335 8686
15877 2 2 1 1 6879 8237 9147
15878 2 2 1 1 3188 3190 8828
15879 2 2 1 1 1168 1169 8382
15880 2 2 1 1 6183 3063 8883
15881 2 2 1 1 1163 1738 8814
15882 2 2 1 1 7450 6353 8816
15883 2 2 1 1 2254 3148 8848
15884 2 2 1 1 771 772 8818
15885 2 2 1 1 5451 5449 8819
15886 2 2 1 1 5453 5455 8819
15887 2 2 1 1 1002 1663 8820
15888 2 2 1 1 8124 4541 9551
15889 2 2 1 1 5121 5120 8821
15890 2 2 1 1 5123 5128 8821
15891 2 2 1 1 5261 5263 8823
15892 2 2 1 1 5884 7696 8577
15893 2 2 1 1 7445 3775 8824
15894 2 2 1 1 3920 6949 8383
15895 2 2 1 1 8072 4407 8743
15896 2 2 1 1 7017 7022 8826
15897 2 2 1 1 5730 5731 8827
15898 2 2 1 1 7612 5797 8827
15899 2 2 1 1 602 4638 8936
15900 2 2 1 1 1705 1044 8829
15901 2 2 1 1 7159 7161 8831
15902 2 2 1 1 1638 985 8834
15903 2 2 1 1 4279 4354 8384
15904 2 2 1 1 5374 5254 9478
15905 2 2 1 1 1560 926 8835
15906 2 2 1 1 1570 350 8837
15907 2 2 1 1 6357 6355 8489
15908 2 2 1 1 5621 5620 8838
15909 2 2 1 1 4085 3468 8839
15910 2 2 1 1 5612 9081 9138
15911 2 2 1 1 1292 8174 8518
15912 2 2 1 1 3323 4119 8841
15913 2 2 1 1 28 29 8385
15914 2 2 1 1 5228 5229 8667
15915 2 2 1 1 4332 4434 8386
15916 2 2 1 1 6091 8569 8692
15917 2 2 1 1 1645 710 8842
15918 2 2 1 1 7108 7110 8843
15919 2 2 1 1 6763 6764 8843
15920 2 2 1 1 1050 1051 8387
15921 2 2 1 1 8418 6538 9593
15922 2 2 1 1 367 1613 8844
15923 2 2 1 1 6034 6033 8845
15924 2 2 1 1 6359 5523 8846
15925 2 2 1 1 1861 1133 8847
15926 2 2 1 1 7312 4133 8833
15927 2 2 1 1 8353 4280 8420
15928 2 2 1 1 991 992 8388
15929 2 2 1 1 7142 7144 8849
15930 2 2 1 1 4502 4329 8850
15931 2 2 1 1 1387 1388 8390
15932 2 2 1 1 7451 7580 8851
15933 2 2 1 1 7681 3811 8851
15934 2 2 1 1 7382 1626 8389
15935 2 2 1 1 2938 2871 8852
15936 2 2 1 1 386 1639 8853
15937 2 2 1 1 4619 4618 8680
15938 2 2 1 1 8832 4824 9215
15939 2 2 1 1 5802 5803 8854
15940 2 2 1 1 8326 3315 8451
15941 2 2 1 1 436 1693 8855
15942 2 2 1 1 1799 780 8856
15943 2 2 1 1 6793 6797 8858
15944 2 2 1 1 5218 5219 8859
15945 2 2 1 1 564 8327 8453
15946 2 2 1 1 8385 5441 8459
15947 2 2 1 1 6261 6262 8704
15948 2 2 1 1 421 1660 8863
15949 2 2 1 1 491 1813 8864
15950 2 2 1 1 7132 7117 8392
15951 2 2 1 1 7072 8437 9119
15952 2 2 1 1 6287 6291 8393
15953 2 2 1 1 1272 1273 8693
15954 2 2 1 1 1948 7832 9274
15955 2 2 1 1 8179 1297 8540
15956 2 2 1 1 3524 3526 8868
15957 2 2 1 1 714 8330 8458
15958 2 2 1 1 8231 1187 9208
15959 2 2 1 1 8242 6357 8349
15960 2 2 1 1 7372 7371 8870
15961 2 2 1 1 4535 4537 8524
15962 2 2 1 1 7406 6429 8872
15963 2 2 1 1 4737 4739 8685
15964 2 2 1 1 6781 2416 9176
15965 2 2 1 1 6227 6226 8874
15966 2 2 1 1 4684 4682 8857
15967 2 2 1 1 5051 8247 9316
15968 2 2 1 1 2988 8113 8424
15969 2 2 1 1 6409 6411 8875
15970 2 2 1 1 6975 7264 8875
15971 2 2 1 1 4674 4676 8394
15972 2 2 1 1 8476 8057 8693
15973 2 2 1 1 6824 1784 8876
15974 2 2 1 1 6629 6906 8396
15975 2 2 1 1 4246 7884 8391
15976 2 2 1 1 3586 3579 8880
15977 2 2 1 1 5986 8004 8897
15978 2 2 1 1 3014 2375 8514
15979 2 2 1 1 6160 1663 8952
15980 2 2 1 1 6639 6640 8881
15981 2 2 1 1 8234 7761 9257
15982 2 2 1 1 1738 8090 8814
15983 2 2 1 1 1778 1066 8397
15984 2 2 1 1 5923 5926 9665
15985 2 2 1 1 8013 8012 8582
15986 2 2 1 1 6703 6701 8884
15987 2 2 1 1 7364 7365 8740
15988 2 2 1 1 1765 1263 8725
15989 2 2 1 1 4420 4884 9069
15990 2 2 1 1 1264 2033 8725
15991 2 2 1 1 3906 8373 9671
15992 2 2 1 1 1523 4708 8916
15993 2 2 1 1 1786 173 8885
15994 2 2 1 1 4744 4742 9009
15995 2 2 1 1 7419 4339 9554
15996 2 2 1 1 8012 1278 8582
15997 2 2 1 1 1891 1161 8886
15998 2 2 1 1 6644 6642 8888
15999 2 2 1 1 7206 7207 8398
16000 2 2 1 1 8037 314 8925
16001 2 2 1 1 6154 1657 9559
16002 2 2 1 1 6444 9258 9378
16003 2 2 1 1 6299 8150 9110
16004 2 2 1 1 725 726 8890
16005 2 2 1 1 6165 5211 8399
16006 2 2 1 1 2375 2377 8514
16007 2 2 1 1 8366 1564 9023
16008 2 2 1 1 6326 6325 8400
16009 2 2 1 1 1564 331 8893
16010 2 2 1 1 7998 639 8919
16011 2 2 1 1 3125 2438 8894
16012 2 2 1 1 6234 8358 9021
16013 2 2 1 1 6117 8346 8465
16014 2 2 1 1 8126 7658 9067
16015 2 2 1 1 8082 6034 8845
16016 2 2 1 1 6013 4259 8401
16017 2 2 1 1 401 1656 8895
16018 2 2 1 1 5964 5165 8896
16019 2 2 1 1 7902 8001 8395
16020 2 2 1 1 2153 2152 8903
16021 2 2 1 1 7606 4027 8908
16022 2 2 1 1 3225 4656 8987
16023 2 2 1 1 5987 5984 8897
16024 2 2 1 1 4787 4783 8848
16025 2 2 1 1 1527 4701 8562
16026 2 2 1 1 8004 1705 8897
16027 2 2 1 1 8377 7704 8493
16028 2 2 1 1 6306 6305 8899
16029 2 2 1 1 6377 6376 8899
16030 2 2 1 1 5010 5011 8900
16031 2 2 1 1 5036 5039 8900
16032 2 2 1 1 1020 1021 8402
16033 2 2 1 1 6012 5747 8902
16034 2 2 1 1 961 8376 8436
16035 2 2 1 1 4811 1616 9471
16036 2 2 1 1 8398 6929 9560
16037 2 2 1 1 7037 7038 8905
16038 2 2 1 1 6107 1780 9599
16039 2 2 1 1 8233 7831 8501
16040 2 2 1 1 4483 4968 8957
16041 2 2 1 1 7229 7228 8907
16042 2 2 1 1 8120 1767 8412
16043 2 2 1 1 4951 4427 8911
16044 2 2 1 1 8281 1891 8956
16045 2 2 1 1 80 1598 8910
16046 2 2 1 1 4525 4524 8871
16047 2 2 1 1 7329 7326 8403
16048 2 2 1 1 8097 2938 8852
16049 2 2 1 1 4507 4947 8417
16050 2 2 1 1 1343 1344 8741
16051 2 2 1 1 6573 2983 9627
16052 2 2 1 1 2867 2909 8912
16053 2 2 1 1 3435 4036 8404
16054 2 2 1 1 78 79 8913
16055 2 2 1 1 4918 4723 8503
16056 2 2 1 1 4395 4396 8877
16057 2 2 1 1 8348 3912 8467
16058 2 2 1 1 434 435 8915
16059 2 2 1 1 6176 6181 8405
16060 2 2 1 1 8405 1588 9505
16061 2 2 1 1 8406 1885 9160
16062 2 2 1 1 1768 4810 9196
16063 2 2 1 1 8195 1575 8928
16064 2 2 1 1 640 1619 8919
16065 2 2 1 1 5841 5846 8406
16066 2 2 1 1 5462 7998 8919
16067 2 2 1 1 5115 4418 9222
16068 2 2 1 1 6186 6188 8922
16069 2 2 1 1 2498 2500 8611
16070 2 2 1 1 5004 8037 8925
16071 2 2 1 1 8040 7791 8861
16072 2 2 1 1 2112 4987 8957
16073 2 2 1 1 1251 1252 8748
16074 2 2 1 1 7917 7915 8904
16075 2 2 1 1 315 1550 8925
16076 2 2 1 1 8380 2756 8441
16077 2 2 1 1 5696 8188 8931
16078 2 2 1 1 8093 4447 9663
16079 2 2 1 1 1702 145 8407
16080 2 2 1 1 6545 6563 8408
16081 2 2 1 1 8577 7696 8647
16082 2 2 1 1 5156 5153 8928
16083 2 2 1 1 8394 4935 8541
16084 2 2 1 1 136 137 8929
16085 2 2 1 1 1246 8176 8593
16086 2 2 1 1 8052 8051 8871
16087 2 2 1 1 1727 8216 8452
16088 2 2 1 1 7792 8085 8861
16089 2 2 1 1 1764 8157 8501
16090 2 2 1 1 595 2018 8930
16091 2 2 1 1 1734 594 8930
16092 2 2 1 1 6695 6692 8409
16093 2 2 1 1 691 1627 8932
16094 2 2 1 1 6195 1649 9323
16095 2 2 1 1 114 1646 8933
16096 2 2 1 1 6955 113 8933
16097 2 2 1 1 1932 601 8936
16098 2 2 1 1 4581 1732 9607
16099 2 2 1 1 675 1591 8937
16100 2 2 1 1 1641 6908 9497
16101 2 2 1 1 8667 5229 8737
16102 2 2 1 1 6231 6234 8939
16103 2 2 1 1 8290 5306 8435
16104 2 2 1 1 4292 4415 8534
16105 2 2 1 1 8145 2988 8424
16106 2 2 1 1 5528 5526 8947
16107 2 2 1 1 8410 1537 9272
16108 2 2 1 1 7420 5530 9568
16109 2 2 1 1 5386 5541 8410
16110 2 2 1 1 5079 5080 8941
16111 2 2 1 1 5083 5086 8941
16112 2 2 1 1 4578 1926 9473
16113 2 2 1 1 717 5684 9533
16114 2 2 1 1 6395 8360 8483
16115 2 2 1 1 1546 8901 9437
16116 2 2 1 1 9356 6174 9448
16117 2 2 1 1 8096 8741 9640
16118 2 2 1 1 7095 7101 8945
16119 2 2 1 1 7028 7030 8411
16120 2 2 1 1 1370 1756 8414
16121 2 2 1 1 3472 4118 8946
16122 2 2 1 1 5531 4005 8947
16123 2 2 1 1 5526 5521 8947
16124 2 2 1 1 5341 6998 8948
16125 2 2 1 1 5342 5338 8948
16126 2 2 1 1 6002 6001 8781
16127 2 2 1 1 8291 1281 8454
16128 2 2 1 1 7307 1875 8521
16129 2 2 1 1 7613 1863 8949
16130 2 2 1 1 5677 5674 8949
16131 2 2 1 1 7196 7200 8950
16132 2 2 1 1 6854 6856 8959
16133 2 2 1 1 4937 4983 9566
16134 2 2 1 1 1663 1003 8952
16135 2 2 1 1 1004 7388 8952
16136 2 2 1 1 4098 3395 8953
16137 2 2 1 1 8225 5536 8499
16138 2 2 1 1 5361 2030 8955
16139 2 2 1 1 5831 5828 8956
16140 2 2 1 1 5807 5805 8415
16141 2 2 1 1 4331 4271 8412
16142 2 2 1 1 6077 8361 9122
16143 2 2 1 1 1606 365 8958
16144 2 2 1 1 2036 1368 8789
16145 2 2 1 1 138 1694 8960
16146 2 2 1 1 745 1706 8961
16147 2 2 1 1 1604 384 8962
16148 2 2 1 1 1043 1705 8963
16149 2 2 1 1 2442 3138 8965
16150 2 2 1 1 7330 1582 8416
16151 2 2 1 1 1321 1953 8795
16152 2 2 1 1 1656 8681 8787
16153 2 2 1 1 984 1638 8966
16154 2 2 1 1 925 1560 8967
16155 2 2 1 1 1852 4595 8923
16156 2 2 1 1 1654 419 8973
16157 2 2 1 1 4827 1791 9539
16158 2 2 1 1 1807 489 8975
16159 2 2 1 1 2710 3007 8976
16160 2 2 1 1 6370 8397 9284
16161 2 2 1 1 6790 6792 8979
16162 2 2 1 1 3984 7571 8980
16163 2 2 1 1 1503 1474 9375
16164 2 2 1 1 3146 2812 8982
16165 2 2 1 1 2814 3154 8982
16166 2 2 1 1 1475 1987 9375
16167 2 2 1 1 7494 4212 8418
16168 2 2 1 1 729 730 8419
16169 2 2 1 1 4280 4380 8420
16170 2 2 1 1 5965 2928 8985
16171 2 2 1 1 5352 5354 8986
16172 2 2 1 1 7126 2295 9234
16173 2 2 1 1 2897 2684 8988
16174 2 2 1 1 731 732 8421
16175 2 2 1 1 1303 1726 8805
16176 2 2 1 1 2321 3143 8989
16177 2 2 1 1 7755 2319 8989
16178 2 2 1 1 8272 6555 8935
16179 2 2 1 1 5643 5645 8422
16180 2 2 1 1 5577 1834 9647
16181 2 2 1 1 3945 8276 8509
16182 2 2 1 1 7426 2918 8991
16183 2 2 1 1 656 1563 8992
16184 2 2 1 1 6518 7565 8994
16185 2 2 1 1 3575 3903 8996
16186 2 2 1 1 7103 7105 8997
16187 2 2 1 1 1962 1484 9551
16188 2 2 1 1 1708 5760 9654
16189 2 2 1 1 7300 2000 9510
16190 2 2 1 1 2963 7257 9034
16191 2 2 1 1 3749 3747 8999
16192 2 2 1 1 2908 6485 9049
16193 2 2 1 1 501 502 9000
16194 2 2 1 1 20 1536 9002
16195 2 2 1 1 399 400 9003
16196 2 2 1 1 7420 7526 9004
16197 2 2 1 1 7008 7011 9007
16198 2 2 1 1 7007 7005 9007
16199 2 2 1 1 3201 8092 8732
16200 2 2 1 1 2042 1373 8822
16201 2 2 1 1 1705 8004 8963
16202 2 2 1 1 4667 4672 8951
16203 2 2 1 1 6629 8396 8466
16204 2 2 1 1 6066 6067 8423
16205 2 2 1 1 18 19 9008
16206 2 2 1 1 6901 8377 8493
16207 2 2 1 1 8759 2100 9074
16208 2 2 1 1 8165 738 9644
16209 2 2 1 1 3486 3488 9010
16210 2 2 1 1 2550 2552 8425
16211 2 2 1 1 1160 1891 9013
16212 2 2 1 1 1599 679 9015
16213 2 2 1 1 6755 8486 8971
16214 2 2 1 1 4651 4653 8987
16215 2 2 1 1 5760 1708 9548
16216 2 2 1 1 523 5786 9029
16217 2 2 1 1 6411 6408 9017
16218 2 2 1 1 4284 4390 8426
16219 2 2 1 1 4751 4912 9320
16220 2 2 1 1 1769 1237 8836
16221 2 2 1 1 1238 2039 8836
16222 2 2 1 1 8833 4133 8938
16223 2 2 1 1 1182 1925 9019
16224 2 2 1 1 6623 6899 9020
16225 2 2 1 1 953 1586 9021
16226 2 2 1 1 5018 5015 9023
16227 2 2 1 1 2411 2409 8427
16228 2 2 1 1 4447 4403 9050
16229 2 2 1 1 4520 4426 9058
16230 2 2 1 1 1778 8397 8475
16231 2 2 1 1 1636 7347 8428
16232 2 2 1 1 4563 5186 9025
16233 2 2 1 1 8184 705 9422
16234 2 2 1 1 8269 3014 8379
16235 2 2 1 1 482 1802 8429
16236 2 2 1 1 8371 1696 9309
16237 2 2 1 1 621 1575 9028
16238 2 2 1 1 5533 5535 8734
16239 2 2 1 1 7694 4218 9031
16240 2 2 1 1 5462 5461 9033
16241 2 2 1 1 5045 8078 9111
16242 2 2 1 1 4715 8093 9663
16243 2 2 1 1 6650 6648 9035
16244 2 2 1 1 1701 1041 9037
16245 2 2 1 1 7825 7826 9620
16246 2 2 1 1 7060 7058 8431
16247 2 2 1 1 5726 5729 9038
16248 2 2 1 1 7437 5728 9038
16249 2 2 1 1 598 599 8432
16250 2 2 1 1 4006 7152 9459
16251 2 2 1 1 1605 982 9039
16252 2 2 1 1 1374 1375 8430
16253 2 2 1 1 1557 923 9042
16254 2 2 1 1 4285 4360 8433
16255 2 2 1 1 1305 4826 9085
16256 2 2 1 1 8343 1552 9508
16257 2 2 1 1 7580 7579 9043
16258 2 2 1 1 5710 9389 9430
16259 2 2 1 1 2534 2536 9044
16260 2 2 1 1 6461 6466 8434
16261 2 2 1 1 8258 1597 8354
16262 2 2 1 1 4924 4951 9415
16263 2 2 1 1 4438 8093 8964
16264 2 2 1 1 5306 5307 8435
16265 2 2 1 1 8124 1521 9050
16266 2 2 1 1 6074 6077 9046
16267 2 2 1 1 5733 5736 9047
16268 2 2 1 1 5456 1581 9066
16269 2 2 1 1 5922 5920 9048
16270 2 2 1 1 6960 6961 9048
16271 2 2 1 1 4987 4956 9177
16272 2 2 1 1 2680 2908 9049
16273 2 2 1 1 7956 348 9073
16274 2 2 1 1 7226 7229 9052
16275 2 2 1 1 2936 2666 9056
16276 2 2 1 1 1217 1218 9059
16277 2 2 1 1 222 1852 8923
16278 2 2 1 1 8417 4719 8865
16279 2 2 1 1 5323 8126 9067
16280 2 2 1 1 4115 4918 8503
16281 2 2 1 1 6234 6233 9061
16282 2 2 1 1 8281 5838 9013
16283 2 2 1 1 7594 6600 9062
16284 2 2 1 1 689 690 9063
16285 2 2 1 1 5128 5125 9064
16286 2 2 1 1 5127 5131 9064
16287 2 2 1 1 7296 7295 9065
16288 2 2 1 1 960 961 8436
16289 2 2 1 1 1581 673 9066
16290 2 2 1 1 8253 1701 9108
16291 2 2 1 1 75 76 9068
16292 2 2 1 1 7347 8372 8428
16293 2 2 1 1 6320 7398 9193
16294 2 2 1 1 3534 3536 8437
16295 2 2 1 1 133 134 9071
16296 2 2 1 1 4638 4639 8936
16297 2 2 1 1 349 1570 9073
16298 2 2 1 1 6004 6282 8892
16299 2 2 1 1 7998 5462 9033
16300 2 2 1 1 5086 7956 9073
16301 2 2 1 1 6645 6646 9075
16302 2 2 1 1 1351 1352 8438
16303 2 2 1 1 5625 5619 9076
16304 2 2 1 1 7411 3958 9076
16305 2 2 1 1 5247 5246 9077
16306 2 2 1 1 1954 5361 9078
16307 2 2 1 1 1294 1295 8439
16308 2 2 1 1 5978 8996 9188
16309 2 2 1 1 3192 4115 8503
16310 2 2 1 1 6609 5735 9079
16311 2 2 1 1 7177 7178 9080
16312 2 2 1 1 5066 5065 8705
16313 2 2 1 1 7436 708 9082
16314 2 2 1 1 709 1645 9082
16315 2 2 1 1 3399 4122 9084
16316 2 2 1 1 2024 8303 8372
16317 2 2 1 1 5782 1838 9029
16318 2 2 1 1 6315 6312 9089
16319 2 2 1 1 6314 6320 9089
16320 2 2 1 1 5184 8338 9418
16321 2 2 1 1 2289 5875 9526
16322 2 2 1 1 8043 7876 9057
16323 2 2 1 1 7593 6091 8692
16324 2 2 1 1 5200 8676 9273
16325 2 2 1 1 1703 743 9090
16326 2 2 1 1 7696 5637 8647
16327 2 2 1 1 2756 2754 8441
16328 2 2 1 1 5626 5624 9093
16329 2 2 1 1 5567 5568 9094
16330 2 2 1 1 6954 6197 9094
16331 2 2 1 1 2426 2428 8442
16332 2 2 1 1 5667 5666 8443
16333 2 2 1 1 2379 3040 8444
16334 2 2 1 1 3379 3381 9095
16335 2 2 1 1 1885 1158 9097
16336 2 2 1 1 2914 6930 8445
16337 2 2 1 1 5880 5881 9098
16338 2 2 1 1 6522 6525 9098
16339 2 2 1 1 2290 2288 9101
16340 2 2 1 1 8389 1626 8435
16341 2 2 1 1 7466 5934 9100
16342 2 2 1 1 4137 4305 8446
16343 2 2 1 1 8150 1605 9110
16344 2 2 1 1 8046 8059 9054
16345 2 2 1 1 7365 8076 8740
16346 2 2 1 1 6100 6103 8452
16347 2 2 1 1 7279 6794 9102
16348 2 2 1 1 1299 1300 8887
16349 2 2 1 1 5229 5231 8737
16350 2 2 1 1 1629 7389 8447
16351 2 2 1 1 330 1564 9103
16352 2 2 1 1 6757 840 9112
16353 2 2 1 1 4843 8329 8572
16354 2 2 1 1 2035 7803 9391
16355 2 2 1 1 3138 2444 9105
16356 2 2 1 1 8237 6678 9147
16357 2 2 1 1 3462 3464 8448
16358 2 2 1 1 724 1671 9106
16359 2 2 1 1 1616 4813 9096
16360 2 2 1 1 6662 6659 9108
16361 2 2 1 1 77 1590 9109
16362 2 2 1 1 2502 3053 8449
16363 2 2 1 1 3282 3280 9091
16364 2 2 1 1 4283 4358 8450
16365 2 2 1 1 8844 7297 8958
16366 2 2 1 1 6304 6301 9110
16367 2 2 1 1 5040 5041 9111
16368 2 2 1 1 4058 3295 9040
16369 2 2 1 1 840 841 9112
16370 2 2 1 1 8078 1557 9111
16371 2 2 1 1 1559 654 9113
16372 2 2 1 1 3315 3317 8451
16373 2 2 1 1 2170 2167 9125
16374 2 2 1 1 8992 5175 9113
16375 2 2 1 1 8755 4790 8796
16376 2 2 1 1 1684 4630 9087
16377 2 2 1 1 7492 7521 9114
16378 2 2 1 1 3154 2816 9115
16379 2 2 1 1 2818 3142 9115
16380 2 2 1 1 1788 8393 8557
16381 2 2 1 1 4533 8209 9643
16382 2 2 1 1 2540 2542 9120
16383 2 2 1 1 563 564 8453
16384 2 2 1 1 1011 2010 9122
16385 2 2 1 1 4218 8091 9031
16386 2 2 1 1 8307 1595 9313
16387 2 2 1 1 7219 4038 8455
16388 2 2 1 1 8414 4453 8789
16389 2 2 1 1 1281 1282 8454
16390 2 2 1 1 1108 1109 8456
16391 2 2 1 1 3202 7919 9051
16392 2 2 1 1 7112 7240 8457
16393 2 2 1 1 713 714 8458
16394 2 2 1 1 4681 4671 8968
16395 2 2 1 1 7375 6850 9126
16396 2 2 1 1 3984 6425 9611
16397 2 2 1 1 5169 5166 9127
16398 2 2 1 1 1526 4776 9416
16399 2 2 1 1 3421 3423 9128
16400 2 2 1 1 7201 7199 9130
16401 2 2 1 1 5269 5268 9131
16402 2 2 1 1 1361 1760 8917
16403 2 2 1 1 2046 1360 8917
16404 2 2 1 1 4290 4289 9132
16405 2 2 1 1 7538 4466 9134
16406 2 2 1 1 5441 7666 8459
16407 2 2 1 1 1679 1029 9135
16408 2 2 1 1 45 1616 9096
16409 2 2 1 1 7300 9510 9614
16410 2 2 1 1 7398 6320 9305
16411 2 2 1 1 8400 6325 8521
16412 2 2 1 1 5692 5693 9138
16413 2 2 1 1 7875 8038 9057
16414 2 2 1 1 2656 2972 8460
16415 2 2 1 1 15 16 9142
16416 2 2 1 1 6238 6241 9143
16417 2 2 1 1 5513 5925 9472
16418 2 2 1 1 5193 5191 9148
16419 2 2 1 1 4282 4356 8461
16420 2 2 1 1 1772 6404 9168
16421 2 2 1 1 6185 4021 9148
16422 2 2 1 1 5191 5189 9148
16423 2 2 1 1 4935 2197 8541
16424 2 2 1 1 4409 4494 9496
16425 2 2 1 1 1040 1701 9150
16426 2 2 1 1 3957 4849 9257
16427 2 2 1 1 4281 4352 8462
16428 2 2 1 1 1537 619 9151
16429 2 2 1 1 5425 5427 9152
16430 2 2 1 1 6397 6110 9153
16431 2 2 1 1 7230 7227 9155
16432 2 2 1 1 1581 5456 9166
16433 2 2 1 1 6077 6073 9156
16434 2 2 1 1 8215 6227 8874
16435 2 2 1 1 135 1691 9158
16436 2 2 1 1 8942 8187 9393
16437 2 2 1 1 722 723 9159
16438 2 2 1 1 2289 2291 9154
16439 2 2 1 1 7531 5403 8463
16440 2 2 1 1 4339 7419 9078
16441 2 2 1 1 5950 8231 9208
16442 2 2 1 1 6141 8440 9563
16443 2 2 1 1 5179 5315 8464
16444 2 2 1 1 5838 5835 9160
16445 2 2 1 1 981 1605 9161
16446 2 2 1 1 431 432 9162
16447 2 2 1 1 364 1606 9163
16448 2 2 1 1 2977 2172 9199
16449 2 2 1 1 7881 8025 8998
16450 2 2 1 1 1838 522 9029
16451 2 2 1 1 66 5431 9417
16452 2 2 1 1 6118 6117 8465
16453 2 2 1 1 2166 2164 9197
16454 2 2 1 1 5456 5457 9166
16455 2 2 1 1 4674 8394 8541
16456 2 2 1 1 593 1734 9167
16457 2 2 1 1 922 1557 9169
16458 2 2 1 1 7704 5704 8493
16459 2 2 1 1 2448 3153 9171
16460 2 2 1 1 6630 6629 8466
16461 2 2 1 1 433 1689 9172
16462 2 2 1 1 2305 2307 8468
16463 2 2 1 1 7542 8265 8520
16464 2 2 1 1 5086 5085 9174
16465 2 2 1 1 6857 4456 9175
16466 2 2 1 1 6413 3141 9175
16467 2 2 1 1 388 389 8469
16468 2 2 1 1 8016 7858 9116
16469 2 2 1 1 1543 6444 9378
16470 2 2 1 1 3912 3284 8467
16471 2 2 1 1 2416 2418 9176
16472 2 2 1 1 6263 3012 9260
16473 2 2 1 1 2965 2477 8470
16474 2 2 1 1 5645 5642 8699
16475 2 2 1 1 3572 3574 8471
16476 2 2 1 1 17 1534 9181
16477 2 2 1 1 8425 2552 8507
16478 2 2 1 1 6998 6997 9182
16479 2 2 1 1 105 1684 9087
16480 2 2 1 1 5919 5922 9183
16481 2 2 1 1 8951 2955 8968
16482 2 2 1 1 528 529 8472
16483 2 2 1 1 2078 2075 9214
16484 2 2 1 1 2991 7486 8473
16485 2 2 1 1 1919 5148 9602
16486 2 2 1 1 5673 5677 9185
16487 2 2 1 1 4850 8234 9257
16488 2 2 1 1 7257 6682 8918
16489 2 2 1 1 6760 6762 9186
16490 2 2 1 1 6739 6738 9186
16491 2 2 1 1 1157 1885 9189
16492 2 2 1 1 6953 6952 9190
16493 2 2 1 1 6037 6038 9191
16494 2 2 1 1 6845 6041 9191
16495 2 2 1 1 1636 8428 8506
16496 2 2 1 1 3980 3283 8474
16497 2 2 1 1 383 1604 9193
16498 2 2 1 1 7398 382 9193
16499 2 2 1 1 949 950 9194
16500 2 2 1 1 5681 4037 9240
16501 2 2 1 1 7956 5086 9174
16502 2 2 1 1 8020 7787 9036
16503 2 2 1 1 1725 8235 9464
16504 2 2 1 1 5352 1659 9656
16505 2 2 1 1 1098 1824 9198
16506 2 2 1 1 4654 4655 8702
16507 2 2 1 1 418 1654 9201
16508 2 2 1 1 8247 1555 9316
16509 2 2 1 1 488 1807 9203
16510 2 2 1 1 5174 5707 9206
16511 2 2 1 1 5609 5612 9207
16512 2 2 1 1 1188 1918 9208
16513 2 2 1 1 4939 4662 9041
16514 2 2 1 1 6695 8409 8542
16515 2 2 1 1 5279 5275 9210
16516 2 2 1 1 7307 8521 8641
16517 2 2 1 1 1702 8422 8556
16518 2 2 1 1 7505 8286 9547
16519 2 2 1 1 7203 1778 8475
16520 2 2 1 1 5872 5871 9223
16521 2 2 1 1 398 1642 9216
16522 2 2 1 1 3309 3311 9219
16523 2 2 1 1 3146 6961 9659
16524 2 2 1 1 755 756 9221
16525 2 2 1 1 5595 5601 8477
16526 2 2 1 1 4547 8165 9644
16527 2 2 1 1 423 424 8478
16528 2 2 1 1 1725 9464 9675
16529 2 2 1 1 5320 5322 9619
16530 2 2 1 1 4621 6472 8969
16531 2 2 1 1 328 329 9228
16532 2 2 1 1 3484 3486 9232
16533 2 2 1 1 493 494 8479
16534 2 2 1 1 1696 1038 9233
16535 2 2 1 1 2295 2297 9234
16536 2 2 1 1 1595 979 9235
16537 2 2 1 1 6157 6162 9218
16538 2 2 1 1 1555 920 9236
16539 2 2 1 1 6818 6819 9237
16540 2 2 1 1 60 61 8480
16541 2 2 1 1 4037 7610 9240
16542 2 2 1 1 362 363 9241
16543 2 2 1 1 6241 6240 9243
16544 2 2 1 1 396 397 9244
16545 2 2 1 1 5437 7001 8481
16546 2 2 1 1 7400 7401 9245
16547 2 2 1 1 6852 1890 9246
16548 2 2 1 1 6088 6089 9247
16549 2 2 1 1 3910 5777 8482
16550 2 2 1 1 3040 2381 8727
16551 2 2 1 1 8321 6066 8423
16552 2 2 1 1 7220 7222 9250
16553 2 2 1 1 3094 7573 9251
16554 2 2 1 1 7182 7181 9252
16555 2 2 1 1 287 1926 9253
16556 2 2 1 1 6059 2009 9605
16557 2 2 1 1 5741 6395 8483
16558 2 2 1 1 3285 3287 8678
16559 2 2 1 1 5950 5949 9255
16560 2 2 1 1 967 968 8484
16561 2 2 1 1 7438 7439 9256
16562 2 2 1 1 6599 3152 9259
16563 2 2 1 1 7561 4487 9259
16564 2 2 1 1 8057 7921 8943
16565 2 2 1 1 4810 4435 9196
16566 2 2 1 1 757 1728 9265
16567 2 2 1 1 5160 5159 9272
16568 2 2 1 1 7154 7152 9275
16569 2 2 1 1 125 5278 9371
16570 2 2 1 1 1155 1156 9277
16571 2 2 1 1 127 128 9279
16572 2 2 1 1 1919 591 9282
16573 2 2 1 1 1068 1785 9284
16574 2 2 1 1 1557 8078 9169
16575 2 2 1 1 1760 8098 8917
16576 2 2 1 1 6752 6753 9264
16577 2 2 1 1 729 8419 8549
16578 2 2 1 1 1176 1902 9286
16579 2 2 1 1 882 1922 9287
16580 2 2 1 1 7476 5921 9288
16581 2 2 1 1 1820 1096 9290
16582 2 2 1 1 9198 6674 9290
16583 2 2 1 1 3851 3800 9292
16584 2 2 1 1 4443 4519 9294
16585 2 2 1 1 2152 4940 9141
16586 2 2 1 1 1007 1008 9298
16587 2 2 1 1 1224 8 9299
16588 2 2 1 1 8 609 9299
16589 2 2 1 1 1215 9 9300
16590 2 2 1 1 10 1207 9301
16591 2 2 1 1 9 11 9300
16592 2 2 1 1 1206 10 9301
16593 2 2 1 1 2633 2631 8485
16594 2 2 1 1 7782 3851 9292
16595 2 2 1 1 3403 4131 9304
16596 2 2 1 1 4122 3401 9304
16597 2 2 1 1 6904 6903 8486
16598 2 2 1 1 6320 6319 9305
16599 2 2 1 1 7124 7127 9317
16600 2 2 1 1 6870 6871 9306
16601 2 2 1 1 6243 6245 9307
16602 2 2 1 1 6788 5591 9309
16603 2 2 1 1 7011 1835 9345
16604 2 2 1 1 1669 1006 8487
16605 2 2 1 1 369 370 8488
16606 2 2 1 1 7082 7085 9311
16607 2 2 1 1 7274 7273 9313
16608 2 2 1 1 742 1703 9315
16609 2 2 1 1 4483 4705 9227
16610 2 2 1 1 5052 5049 9316
16611 2 2 1 1 4519 8184 9422
16612 2 2 1 1 3225 3226 9623
16613 2 2 1 1 6039 1698 9431
16614 2 2 1 1 3064 7742 9674
16615 2 2 1 1 4873 4877 9671
16616 2 2 1 1 684 1637 9669
16617 2 2 1 1 4640 4583 9618
16618 2 2 1 1 1649 416 9323
16619 2 2 1 1 6515 6513 9324
16620 2 2 1 1 6369 7589 9326
16621 2 2 1 1 1923 285 9327
16622 2 2 1 1 8442 2428 8528
16623 2 2 1 1 1804 486 9329
16624 2 2 1 1 4617 4620 9572
16625 2 2 1 1 2023 971 9667
16626 2 2 1 1 972 1610 9667
16627 2 2 1 1 648 5923 9665
16628 2 2 1 1 1549 647 9665
16629 2 2 1 1 2478 2480 9333
16630 2 2 1 1 7814 7823 9267
16631 2 2 1 1 68 69 9334
16632 2 2 1 1 6951 6953 9338
16633 2 2 1 1 3610 3612 9339
16634 2 2 1 1 6153 6151 9661
16635 2 2 1 1 523 524 9660
16636 2 2 1 1 7824 7816 9267
16637 2 2 1 1 1698 6039 9529
16638 2 2 1 1 4510 8632 9506
16639 2 2 1 1 1037 1696 9343
16640 2 2 1 1 1802 483 9655
16641 2 2 1 1 6000 6003 9482
16642 2 2 1 1 5759 5764 9654
16643 2 2 1 1 5760 5757 9654
16644 2 2 1 1 3872 3874 8490
16645 2 2 1 1 4862 4859 8634
16646 2 2 1 1 4002 3359 8653
16647 2 2 1 1 6089 6084 9349
16648 2 2 1 1 8216 6100 8452
16649 2 2 1 1 5181 5184 9351
16650 2 2 1 1 6122 1535 9649
16651 2 2 1 1 3072 2158 9487
16652 2 2 1 1 4554 4468 9648
16653 2 2 1 1 7896 8056 8476
16654 2 2 1 1 5779 5576 9647
16655 2 2 1 1 5574 5577 9647
16656 2 2 1 1 5636 5639 8491
16657 2 2 1 1 7036 1854 9353
16658 2 2 1 1 6956 6821 9354
16659 2 2 1 1 618 1537 9355
16660 2 2 1 1 978 1595 9356
16661 2 2 1 1 5874 5875 9592
16662 2 2 1 1 6021 6018 9262
16663 2 2 1 1 4405 8124 9050
16664 2 2 1 1 739 1698 9644
16665 2 2 1 1 8303 5631 8372
16666 2 2 1 1 108 1686 9359
16667 2 2 1 1 5974 5969 9641
16668 2 2 1 1 4663 3233 9041
16669 2 2 1 1 6421 6423 9361
16670 2 2 1 1 6413 7401 9523
16671 2 2 1 1 919 1555 9364
16672 2 2 1 1 6671 6670 9366
16673 2 2 1 1 7454 5611 9266
16674 2 2 1 1 1031 1688 9632
16675 2 2 1 1 6778 6776 9369
16676 2 2 1 1 4490 4210 9628
16677 2 2 1 1 7427 3042 9628
16678 2 2 1 1 2983 2714 9627
16679 2 2 1 1 124 125 9371
16680 2 2 1 1 1613 8280 8844
16681 2 2 1 1 1551 914 9622
16682 2 2 1 1 4320 4492 8825
16683 2 2 1 1 4216 4123 9373
16684 2 2 1 1 1357 1358 9036
16685 2 2 1 1 6331 6334 9621
16686 2 2 1 1 5319 5320 9619
16687 2 2 1 1 3067 7529 9619
16688 2 2 1 1 5151 4020 9618
16689 2 2 1 1 4583 4582 9618
16690 2 2 1 1 8494 6714 9625
16691 2 2 1 1 5905 7491 9616
16692 2 2 1 1 719 720 9379
16693 2 2 1 1 6863 6872 9615
16694 2 2 1 1 1154 1883 9382
16695 2 2 1 1 973 974 9613
16696 2 2 1 1 2341 2914 9612
16697 2 2 1 1 1571 948 8492
16698 2 2 1 1 6420 6424 9611
16699 2 2 1 1 2966 2720 9610
16700 2 2 1 1 6902 6901 8493
16701 2 2 1 1 8307 6174 9356
16702 2 2 1 1 5326 5329 9392
16703 2 2 1 1 5901 5899 9396
16704 2 2 1 1 377 1589 9400
16705 2 2 1 1 590 1919 9602
16706 2 2 1 1 752 753 9402
16707 2 2 1 1 7633 3043 9600
16708 2 2 1 1 4462 4215 9600
16709 2 2 1 1 48 1548 9403
16710 2 2 1 1 1780 164 9599
16711 2 2 1 1 5132 5133 9406
16712 2 2 1 1 42 1618 9596
16713 2 2 1 1 1924 585 9595
16714 2 2 1 1 6866 6864 9411
16715 2 2 1 1 1715 5192 9558
16716 2 2 1 1 1921 880 9412
16717 2 2 1 1 3143 7752 9414
16718 2 2 1 1 2594 2942 9591
16719 2 2 1 1 65 66 9417
16720 2 2 1 1 7822 7819 9620
16721 2 2 1 1 4909 4904 9413
16722 2 2 1 1 1185 1910 9418
16723 2 2 1 1 1032 1033 9588
16724 2 2 1 1 6891 6895 9420
16725 2 2 1 1 327 1561 9421
16726 2 2 1 1 706 1687 9422
16727 2 2 1 1 1684 106 9423
16728 2 2 1 1 754 1719 9584
16729 2 2 1 1 6737 6739 9427
16730 2 2 1 1 6742 6740 9427
16731 2 2 1 1 7818 7825 9620
16732 2 2 1 1 721 1665 9428
16733 2 2 1 1 2662 2957 9580
16734 2 2 1 1 4677 4774 9280
16735 2 2 1 1 1698 740 9431
16736 2 2 1 1 1907 1180 9576
16737 2 2 1 1 682 683 9574
16738 2 2 1 1 811 1837 9433
16739 2 2 1 1 6248 6247 9434
16740 2 2 1 1 2718 2716 9573
16741 2 2 1 1 521 1838 9435
16742 2 2 1 1 776 1795 9436
16743 2 2 1 1 1152 1153 9438
16744 2 2 1 1 3961 6341 9572
16745 2 2 1 1 4616 4617 9572
16746 2 2 1 1 166 1776 9441
16747 2 2 1 1 633 634 9571
16748 2 2 1 1 1692 1035 9442
16749 2 2 1 1 7852 8103 9274
16750 2 2 1 1 1578 9061 9143
16751 2 2 1 1 4662 4660 9041
16752 2 2 1 1 7392 1600 9444
16753 2 2 1 1 6530 6533 9445
16754 2 2 1 1 6526 6527 9445
16755 2 2 1 1 6958 1558 9569
16756 2 2 1 1 1588 976 9448
16757 2 2 1 1 7904 7906 9675
16758 2 2 1 1 4005 7420 9568
16759 2 2 1 1 451 1712 9449
16760 2 2 1 1 4119 7747 9450
16761 2 2 1 1 7041 7039 9451
16762 2 2 1 1 1552 917 9454
16763 2 2 1 1 5184 5180 9456
16764 2 2 1 1 1151 1893 9565
16765 2 2 1 1 1149 1150 9564
16766 2 2 1 1 225 1857 9458
16767 2 2 1 1 7396 3028 9561
16768 2 2 1 1 4455 4200 9561
16769 2 2 1 1 1657 1000 9559
16770 2 2 1 1 751 1715 9558
16771 2 2 1 1 2905 2337 9555
16772 2 2 1 1 4339 7456 9554
16773 2 2 1 1 668 1641 9552
16774 2 2 1 1 4471 4470 9549
16775 2 2 1 1 1708 449 9548
16776 2 2 1 1 119 120 8496
16777 2 2 1 1 4218 4202 9547
16778 2 2 1 1 485 1804 9546
16779 2 2 1 1 7751 7739 9466
16780 2 2 1 1 8341 5667 8443
16781 2 2 1 1 70 1640 9541
16782 2 2 1 1 1791 774 9539
16783 2 2 1 1 413 2009 9468
16784 2 2 1 1 1834 519 9537
16785 2 2 1 1 1832 809 9536
16786 2 2 1 1 616 617 9470
16787 2 2 1 1 1616 46 9471
16788 2 2 1 1 916 1552 9532
16789 2 2 1 1 716 717 9533
16790 2 2 1 1 220 221 9531
16791 2 2 1 1 6039 4500 9529
16792 2 2 1 1 4498 4547 9529
16793 2 2 1 1 9532 5067 9622
16794 2 2 1 1 5511 5513 9472
16795 2 2 1 1 4016 7622 9472
16796 2 2 1 1 4450 4449 9473
16797 2 2 1 1 325 326 9474
16798 2 2 1 1 4131 3405 9525
16799 2 2 1 1 129 1676 9524
16800 2 2 1 1 7399 1644 9523
16801 2 2 1 1 1366 1367 8495
16802 2 2 1 1 975 1588 9522
16803 2 2 1 1 5672 5675 9521
16804 2 2 1 1 6746 6747 9520
16805 2 2 1 1 3796 3906 9480
16806 2 2 1 1 3970 6858 9482
16807 2 2 1 1 5999 6000 9482
16808 2 2 1 1 4467 4554 9483
16809 2 2 1 1 4609 4610 9517
16810 2 2 1 1 1034 1692 9516
16811 2 2 1 1 5605 5604 9489
16812 2 2 1 1 1852 223 9509
16813 2 2 1 1 6174 6171 9505
16814 2 2 1 1 4519 4444 9503
16815 2 2 1 1 5966 1997 9502
16816 2 2 1 1 5059 5056 9508
16817 2 2 1 1 7060 8444 8590
16818 2 2 1 1 7259 7258 8497
16819 2 2 1 1 7832 7851 9274
16820 2 2 1 1 1596 632 8498
16821 2 2 1 1 8916 4708 9668
16822 2 2 1 1 4133 7244 8938
16823 2 2 1 1 8027 7804 9144
16824 2 2 1 1 438 439 8499
16825 2 2 1 1 1575 8195 9028
16826 2 2 1 1 3585 3583 8500
16827 2 2 1 1 4452 8035 9229
16828 2 2 1 1 7831 7829 8501
16829 2 2 1 1 6472 6619 8969
16830 2 2 1 1 7593 8692 8809
16831 2 2 1 1 1675 9156 9247
16832 2 2 1 1 7787 7786 9394
16833 2 2 1 1 1027 1028 8502
16834 2 2 1 1 5460 5459 8882
16835 2 2 1 1 3359 3361 8653
16836 2 2 1 1 7040 7454 9332
16837 2 2 1 1 4431 4523 9314
16838 2 2 1 1 8277 4002 8411
16839 2 2 1 1 2952 7976 8666
16840 2 2 1 1 6699 8336 8764
16841 2 2 1 1 6398 3080 8878
16842 2 2 1 1 1253 1751 8504
16843 2 2 1 1 1543 9378 9483
16844 2 2 1 1 4294 4459 8505
16845 2 2 1 1 8468 2307 8546
16846 2 2 1 1 5640 8285 9373
16847 2 2 1 1 9016 4692 9220
16848 2 2 1 1 8006 7958 9646
16849 2 2 1 1 3047 8260 9280
16850 2 2 1 1 8209 2046 9643
16851 2 2 1 1 6058 6060 8509
16852 2 2 1 1 9009 4742 9557
16853 2 2 1 1 5374 1618 8891
16854 2 2 1 1 7509 1636 8506
16855 2 2 1 1 2552 2554 8507
16856 2 2 1 1 4815 5253 9384
16857 2 2 1 1 4214 7566 8508
16858 2 2 1 1 8023 1724 9230
16859 2 2 1 1 8443 5666 8569
16860 2 2 1 1 8018 4480 9297
16861 2 2 1 1 7916 8036 9149
16862 2 2 1 1 7041 9451 9501
16863 2 2 1 1 8280 7297 8844
16864 2 2 1 1 4833 4831 8816
16865 2 2 1 1 1677 8342 8775
16866 2 2 1 1 7373 1569 8510
16867 2 2 1 1 3157 2498 8611
16868 2 2 1 1 8284 5175 8992
16869 2 2 1 1 5780 5781 9348
16870 2 2 1 1 8446 4305 8578
16871 2 2 1 1 773 1791 8511
16872 2 2 1 1 60 8480 8552
16873 2 2 1 1 3988 7924 9463
16874 2 2 1 1 1216 1217 8512
16875 2 2 1 1 8448 3464 8581
16876 2 2 1 1 5506 6217 8513
16877 2 2 1 1 8531 1515 9410
16878 2 2 1 1 1429 1430 8516
16879 2 2 1 1 1902 1177 8515
16880 2 2 1 1 8365 2991 8862
16881 2 2 1 1 9343 5606 9442
16882 2 2 1 1 5959 5960 8520
16883 2 2 1 1 8455 4038 8583
16884 2 2 1 1 1605 8150 9161
16885 2 2 1 1 5538 6276 8517
16886 2 2 1 1 8524 4537 9211
16887 2 2 1 1 8030 8029 9439
16888 2 2 1 1 1267 1753 9184
16889 2 2 1 1 6756 6757 9112
16890 2 2 1 1 1291 1292 8518
16891 2 2 1 1 1820 9290 9366
16892 2 2 1 1 8485 2631 8558
16893 2 2 1 1 7635 5114 8519
16894 2 2 1 1 1358 1359 9180
16895 2 2 1 1 1983 4729 8609
16896 2 2 1 1 6325 7671 8521
16897 2 2 1 1 8493 5704 8616
16898 2 2 1 1 7886 2952 8666
16899 2 2 1 1 5742 8404 8717
16900 2 2 1 1 6509 1539 8522
16901 2 2 1 1 1309 1762 8524
16902 2 2 1 1 1951 1307 9211
16903 2 2 1 1 7040 9332 9392
16904 2 2 1 1 5424 69 9541
16905 2 2 1 1 5400 6390 8523
16906 2 2 1 1 5960 1641 9461
16907 2 2 1 1 7026 7025 8525
16908 2 2 1 1 1602 7300 9614
16909 2 2 1 1 6436 6437 8526
16910 2 2 1 1 7163 7165 8909
16911 2 2 1 1 7290 7294 8527
16912 2 2 1 1 9143 6241 9194
16913 2 2 1 1 2428 2430 8528
16914 2 2 1 1 1758 1319 9225
16915 2 2 1 1 1166 1167 8529
16916 2 2 1 1 4514 4515 8531
16917 2 2 1 1 4530 4531 8609
16918 2 2 1 1 1724 1248 9230
16919 2 2 1 1 7 1216 9330
16920 2 2 1 1 608 7 9330
16921 2 2 1 1 7750 7738 8530
16922 2 2 1 1 1342 1343 9217
16923 2 2 1 1 7516 6363 8921
16924 2 2 1 1 8053 8054 9447
16925 2 2 1 1 388 8469 8599
16926 2 2 1 1 8096 8652 9217
16927 2 2 1 1 5145 8333 8677
16928 2 2 1 1 9247 6089 9298
16929 2 2 1 1 5104 8271 9022
16930 2 2 1 1 334 335 8532
16931 2 2 1 1 6634 6632 8533
16932 2 2 1 1 9206 5707 9319
16933 2 2 1 1 9366 6670 9419
16934 2 2 1 1 6634 8449 8674
16935 2 2 1 1 6432 8374 8799
16936 2 2 1 1 119 8496 8570
16937 2 2 1 1 5850 5855 8537
16938 2 2 1 1 7934 7932 9310
16939 2 2 1 1 4298 4368 8538
16940 2 2 1 1 4393 4394 8536
16941 2 2 1 1 1563 8284 8992
16942 2 2 1 1 1925 9456 9575
16943 2 2 1 1 8158 2037 8970
16944 2 2 1 1 1606 8958 9065
16945 2 2 1 1 1048 1049 8539
16946 2 2 1 1 4244 7887 8535
16947 2 2 1 1 7306 7307 8641
16948 2 2 1 1 1268 1269 9270
16949 2 2 1 1 1754 1345 9296
16950 2 2 1 1 6697 6695 8542
16951 2 2 1 1 1559 9113 9206
16952 2 2 1 1 989 990 8543
16953 2 2 1 1 1297 1298 8540
16954 2 2 1 1 1891 8281 9013
16955 2 2 1 1 6206 6205 8898
16956 2 2 1 1 4670 4674 8541
16957 2 2 1 1 8276 6058 8509
16958 2 2 1 1 8178 8006 9646
16959 2 2 1 1 1692 9442 9489
16960 2 2 1 1 1511 4791 9550
16961 2 2 1 1 1762 1310 9325
16962 2 2 1 1 1311 2038 9325
16963 2 2 1 1 1631 663 8544
16964 2 2 1 1 7886 8666 9347
16965 2 2 1 1 3287 4024 8678
16966 2 2 1 1 7509 8506 8577
16967 2 2 1 1 1256 2043 9358
16968 2 2 1 1 1752 1331 9367
16969 2 2 1 1 8050 4555 9678
16970 2 2 1 1 2307 2309 8546
16971 2 2 1 1 4960 4308 8548
16972 2 2 1 1 1327 1948 9376
16973 2 2 1 1 156 1718 8547
16974 2 2 1 1 7454 9266 9332
16975 2 2 1 1 8938 7244 9060
16976 2 2 1 1 6291 6288 8791
16977 2 2 1 1 369 8488 8613
16978 2 2 1 1 1328 1329 9651
16979 2 2 1 1 3059 2387 8924
16980 2 2 1 1 8045 4429 8545
16981 2 2 1 1 728 729 8549
16982 2 2 1 1 5707 5708 9319
16983 2 2 1 1 4599 3042 9072
16984 2 2 1 1 4896 4894 8579
16985 2 2 1 1 8807 9179 9419
16986 2 2 1 1 8184 4519 9503
16987 2 2 1 1 746 747 8550
16988 2 2 1 1 1305 1306 9606
16989 2 2 1 1 1748 1228 9486
16990 2 2 1 1 1946 1354 9500
16991 2 2 1 1 6902 8493 8616
16992 2 2 1 1 1760 1362 9499
16993 2 2 1 1 1333 2044 9490
16994 2 2 1 1 1363 2048 9499
16995 2 2 1 1 1764 8501 8914
16996 2 2 1 1 1701 8253 9150
16997 2 2 1 1 1229 1230 9484
16998 2 2 1 1 7165 7164 8551
16999 2 2 1 1 6481 6480 9011
17000 2 2 1 1 59 60 8552
17001 2 2 1 1 3376 3976 8553
17002 2 2 1 1 9392 5329 9451
17003 2 2 1 1 1018 1019 8554
17004 2 2 1 1 3028 7426 8978
17005 2 2 1 1 403 404 8555
17006 2 2 1 1 9518 6404 9616
17007 2 2 1 1 8542 4012 8661
17008 2 2 1 1 8231 5950 9255
17009 2 2 1 1 143 144 8556
17010 2 2 1 1 7919 3201 9276
17011 2 2 1 1 1949 1271 8560
17012 2 2 1 1 472 473 8557
17013 2 2 1 1 2631 2629 8558
17014 2 2 1 1 3510 3512 9006
17015 2 2 1 1 6509 8522 8600
17016 2 2 1 1 2879 2877 8559
17017 2 2 1 1 5843 5845 9352
17018 2 2 1 1 5597 7537 8561
17019 2 2 1 1 4557 4556 8562
17020 2 2 1 1 8500 3583 8626
17021 2 2 1 1 6367 6370 9231
17022 2 2 1 1 317 318 8563
17023 2 2 1 1 1914 7593 8809
17024 2 2 1 1 1765 8725 9439
17025 2 2 1 1 8103 8102 9464
17026 2 2 1 1 6567 6570 8564
17027 2 2 1 1 3954 8401 8731
17028 2 2 1 1 1608 8491 8718
17029 2 2 1 1 8562 4702 9566
17030 2 2 1 1 8830 1836 9413
17031 2 2 1 1 1627 8356 8932
17032 2 2 1 1 1403 1526 8565
17033 2 2 1 1 6361 6364 9053
17034 2 2 1 1 8526 2766 8670
17035 2 2 1 1 1539 8459 8522
17036 2 2 1 1 6178 6180 9681
17037 2 2 1 1 9483 4554 9571
17038 2 2 1 1 5022 5024 9337
17039 2 2 1 1 7390 7218 8566
17040 2 2 1 1 5239 5255 9014
17041 2 2 1 1 4299 5118 8567
17042 2 2 1 1 1453 1454 8568
17043 2 2 1 1 1582 8279 8786
17044 2 2 1 1 5281 128 9524
17045 2 2 1 1 1850 7041 9501
17046 2 2 1 1 7953 7952 9271
17047 2 2 1 1 2182 2180 8815
17048 2 2 1 1 4518 4986 8573
17049 2 2 1 1 1048 8539 8614
17050 2 2 1 1 5666 6786 8569
17051 2 2 1 1 1925 8338 9456
17052 2 2 1 1 118 119 8570
17053 2 2 1 1 4529 4730 9545
17054 2 2 1 1 677 678 8571
17055 2 2 1 1 8407 6357 8489
17056 2 2 1 1 989 8543 8617
17057 2 2 1 1 8549 5286 8671
17058 2 2 1 1 5069 2950 9603
17059 2 2 1 1 9502 5864 9641
17060 2 2 1 1 8286 4218 9547
17061 2 2 1 1 5346 5477 9165
17062 2 2 1 1 1555 8247 9364
17063 2 2 1 1 8265 5959 8520
17064 2 2 1 1 4830 6358 9370
17065 2 2 1 1 5288 5287 8729
17066 2 2 1 1 4545 8052 8805
17067 2 2 1 1 323 324 8574
17068 2 2 1 1 5027 5030 8575
17069 2 2 1 1 4858 4843 8572
17070 2 2 1 1 4021 3608 8576
17071 2 2 1 1 5197 5195 8576
17072 2 2 1 1 8006 8178 9184
17073 2 2 1 1 4586 1857 9633
17074 2 2 1 1 7231 7509 8577
17075 2 2 1 1 4305 4384 8578
17076 2 2 1 1 5917 9168 9518
17077 2 2 1 1 7485 4339 9078
17078 2 2 1 1 3363 4040 8580
17079 2 2 1 1 8521 7671 8641
17080 2 2 1 1 3464 3466 8581
17081 2 2 1 1 1509 8934 8981
17082 2 2 1 1 1278 1279 8582
17083 2 2 1 1 5642 5644 8699
17084 2 2 1 1 4038 7644 8583
17085 2 2 1 1 503 1828 9146
17086 2 2 1 1 1953 1322 8587
17087 2 2 1 1 6734 6730 8584
17088 2 2 1 1 7193 7186 8585
17089 2 2 1 1 7435 5337 8586
17090 2 2 1 1 5704 5702 8616
17091 2 2 1 1 3389 3391 8588
17092 2 2 1 1 4624 4626 8668
17093 2 2 1 1 4300 4376 8589
17094 2 2 1 1 7062 7059 8590
17095 2 2 1 1 5778 5780 9348
17096 2 2 1 1 9319 5708 9430
17097 2 2 1 1 3799 3801 8591
17098 2 2 1 1 6114 6116 8592
17099 2 2 1 1 8762 4728 9365
17100 2 2 1 1 4702 1962 8631
17101 2 2 1 1 7306 8641 8756
17102 2 2 1 1 1245 1246 8593
17103 2 2 1 1 1018 8554 8629
17104 2 2 1 1 6010 6008 9099
17105 2 2 1 1 1850 9501 9570
17106 2 2 1 1 8235 1326 9376
17107 2 2 1 1 958 959 8594
17108 2 2 1 1 3996 3431 8595
17109 2 2 1 1 8343 5067 9532
17110 2 2 1 1 4834 4737 8685
17111 2 2 1 1 8351 6674 9198
17112 2 2 1 1 1508 8516 9069
17113 2 2 1 1 4223 4553 8596
17114 2 2 1 1 749 750 8597
17115 2 2 1 1 7629 5654 8598
17116 2 2 1 1 387 388 8599
17117 2 2 1 1 8470 6161 9121
17118 2 2 1 1 1993 6509 8600
17119 2 2 1 1 3053 2504 8817
17120 2 2 1 1 8178 1266 9184
17121 2 2 1 1 8358 6234 9061
17122 2 2 1 1 4977 4978 9187
17123 2 2 1 1 3076 2394 9124
17124 2 2 1 1 8285 4216 9373
17125 2 2 1 1 4859 4860 8634
17126 2 2 1 1 4302 4304 8632
17127 2 2 1 1 4301 4374 8601
17128 2 2 1 1 693 694 8602
17129 2 2 1 1 7751 7212 9642
17130 2 2 1 1 9069 4884 9545
17131 2 2 1 1 1631 8544 8663
17132 2 2 1 1 1722 8476 8693
17133 2 2 1 1 1656 8434 8895
17134 2 2 1 1 5701 5698 8954
17135 2 2 1 1 8431 3014 8514
17136 2 2 1 1 8279 5100 8786
17137 2 2 1 1 5795 6488 8603
17138 2 2 1 1 4134 4318 8604
17139 2 2 1 1 7932 8860 9310
17140 2 2 1 1 4507 8417 8865
17141 2 2 1 1 5816 5819 8605
17142 2 2 1 1 6204 6206 8606
17143 2 2 1 1 1699 142 8607
17144 2 2 1 1 4130 4316 8608
17145 2 2 1 1 1106 1107 8610
17146 2 2 1 1 5256 5259 8612
17147 2 2 1 1 1564 8366 9103
17148 2 2 1 1 4040 3365 9005
17149 2 2 1 1 1595 8307 9356
17150 2 2 1 1 8483 3996 8595
17151 2 2 1 1 4671 8951 8968
17152 2 2 1 1 7244 4136 9060
17153 2 2 1 1 368 369 8613
17154 2 2 1 1 1047 1048 8614
17155 2 2 1 1 8550 747 8676
17156 2 2 1 1 2381 2383 8727
17157 2 2 1 1 5639 5638 8866
17158 2 2 1 1 929 930 8615
17159 2 2 1 1 5914 8660 9342
17160 2 2 1 1 1830 6902 8616
17161 2 2 1 1 2288 2286 8633
17162 2 2 1 1 988 989 8617
17163 2 2 1 1 1585 945 8618
17164 2 2 1 1 650 651 8619
17165 2 2 1 1 8055 4331 8840
17166 2 2 1 1 7231 8577 8647
17167 2 2 1 1 9006 3512 9107
17168 2 2 1 1 6508 6505 8620
17169 2 2 1 1 7963 4624 8668
17170 2 2 1 1 1346 8170 9296
17171 2 2 1 1 403 8555 8681
17172 2 2 1 1 8103 8235 9376
17173 2 2 1 1 1578 8358 9061
17174 2 2 1 1 8361 6077 9156
17175 2 2 1 1 2504 2506 8817
17176 2 2 1 1 1824 8351 9198
17177 2 2 1 1 9137 1678 9162
17178 2 2 1 1 1693 437 8621
17179 2 2 1 1 7138 7135 8622
17180 2 2 1 1 3641 3639 8623
17181 2 2 1 1 1675 8361 9156
17182 2 2 1 1 8043 1255 9358
17183 2 2 1 1 317 8563 8690
17184 2 2 1 1 2508 3071 8624
17185 2 2 1 1 1383 1384 8625
17186 2 2 1 1 1985 4731 8964
17187 2 2 1 1 1693 8517 8855
17188 2 2 1 1 5749 5746 9278
17189 2 2 1 1 3583 3581 8626
17190 2 2 1 1 8153 9196 9658
17191 2 2 1 1 2385 3059 8627
17192 2 2 1 1 4647 4864 9498
17193 2 2 1 1 5281 5280 9631
17194 2 2 1 1 7070 7072 9119
17195 2 2 1 1 1552 8343 9532
17196 2 2 1 1 9165 5477 9269
17197 2 2 1 1 8551 4024 8708
17198 2 2 1 1 6822 1850 9570
17199 2 2 1 1 4541 4406 8631
17200 2 2 1 1 8338 5184 9456
17201 2 2 1 1 5212 5215 8628
17202 2 2 1 1 1017 1018 8629
17203 2 2 1 1 7066 7064 8630
17204 2 2 1 1 4912 4417 9320
17205 2 2 1 1 6141 6140 8763
17206 2 2 1 1 8569 6786 8692
17207 2 2 1 1 1993 8600 8667
17208 2 2 1 1 4743 4746 8633
17209 2 2 1 1 7026 8580 8768
17210 2 2 1 1 1997 8352 9502
17211 2 2 1 1 8336 4046 8764
17212 2 2 1 1 8970 2037 9386
17213 2 2 1 1 8403 3064 9674
17214 2 2 1 1 677 8571 8698
17215 2 2 1 1 6799 6801 8635
17216 2 2 1 1 4908 4909 8736
17217 2 2 1 1 6288 6290 8791
17218 2 2 1 1 8371 5606 9343
17219 2 2 1 1 5938 5941 8636
17220 2 2 1 1 2197 2182 8815
17221 2 2 1 1 8976 3007 9670
17222 2 2 1 1 2178 2955 8637
17223 2 2 1 1 3419 3421 8646
17224 2 2 1 1 1971 4707 9195
17225 2 2 1 1 3980 8474 8572
17226 2 2 1 1 8235 8103 9464
17227 2 2 1 1 2979 4823 9513
17228 2 2 1 1 3043 5965 8995
17229 2 2 1 1 4676 4677 9280
17230 2 2 1 1 5858 5861 8638
17231 2 2 1 1 1301 1944 8639
17232 2 2 1 1 8616 5702 8728
17233 2 2 1 1 8865 1971 9195
17234 2 2 1 1 1696 8371 9343
17235 2 2 1 1 1699 8606 8761
17236 2 2 1 1 5331 7577 8640
17237 2 2 1 1 7671 5623 8641
17238 2 2 1 1 1106 8610 8683
17239 2 2 1 1 4770 8337 8920
17240 2 2 1 1 8337 4943 8920
17241 2 2 1 1 5540 5543 9578
17242 2 2 1 1 7463 4502 8642
17243 2 2 1 1 4717 9045 9415
17244 2 2 1 1 6182 6180 8926
17245 2 2 1 1 8408 1817 8800
17246 2 2 1 1 8588 3391 8715
17247 2 2 1 1 6114 8592 8711
17248 2 2 1 1 3379 7084 9626
17249 2 2 1 1 5810 6973 8644
17250 2 2 1 1 4802 4801 8666
17251 2 2 1 1 5111 5112 8645
17252 2 2 1 1 6754 6751 8646
17253 2 2 1 1 574 575 9027
17254 2 2 1 1 8342 5241 8775
17255 2 2 1 1 4118 7543 9344
17256 2 2 1 1 4343 4436 8643
17257 2 2 1 1 4336 4338 8650
17258 2 2 1 1 1885 8406 9189
17259 2 2 1 1 1608 7231 8647
17260 2 2 1 1 6188 8519 8922
17261 2 2 1 1 5287 1682 8729
17262 2 2 1 1 6404 6403 8648
17263 2 2 1 1 1784 471 8649
17264 2 2 1 1 4977 9187 9289
17265 2 2 1 1 5708 5710 9430
17266 2 2 1 1 4963 3225 8987
17267 2 2 1 1 1866 7306 8756
17268 2 2 1 1 3437 3439 8940
17269 2 2 1 1 6282 6588 8892
17270 2 2 1 1 4658 4652 8651
17271 2 2 1 1 4542 5115 8944
17272 2 2 1 1 8985 4814 8995
17273 2 2 1 1 5444 5445 8654
17274 2 2 1 1 1304 1305 9085
17275 2 2 1 1 7944 7943 8652
17276 2 2 1 1 693 8602 8722
17277 2 2 1 1 7267 7202 9477
17278 2 2 1 1 1588 8405 9522
17279 2 2 1 1 3512 7376 9107
17280 2 2 1 1 5638 5550 8866
17281 2 2 1 1 5536 5533 8734
17282 2 2 1 1 4323 4330 8655
17283 2 2 1 1 8666 4801 9347
17284 2 2 1 1 3004 2287 9526
17285 2 2 1 1 1796 480 8656
17286 2 2 1 1 4309 4386 8658
17287 2 2 1 1 3073 6163 8660
17288 2 2 1 1 7066 8627 8790
17289 2 2 1 1 5254 8220 9478
17290 2 2 1 1 6756 9112 9520
17291 2 2 1 1 4012 3504 8661
17292 2 2 1 1 2916 4837 8745
17293 2 2 1 1 6219 6222 8662
17294 2 2 1 1 8604 4318 8730
17295 2 2 1 1 3071 2510 9018
17296 2 2 1 1 7547 1631 8663
17297 2 2 1 1 1994 7418 8664
17298 2 2 1 1 6436 8670 8738
17299 2 2 1 1 8608 4316 8733
17300 2 2 1 1 1537 8410 9355
17301 2 2 1 1 4634 104 9087
17302 2 2 1 1 6785 1993 8667
17303 2 2 1 1 1758 9225 9678
17304 2 2 1 1 5477 5473 9269
17305 2 2 1 1 1830 8616 8728
17306 2 2 1 1 1374 8430 8822
17307 2 2 1 1 6588 3970 8892
17308 2 2 1 1 4672 4668 8665
17309 2 2 1 1 2012 7963 8668
17310 2 2 1 1 2909 7595 9024
17311 2 2 1 1 4898 7377 9494
17312 2 2 1 1 1912 573 8669
17313 2 2 1 1 7559 5558 8670
17314 2 2 1 1 5525 683 9669
17315 2 2 1 1 8352 5864 9502
17316 2 2 1 1 7856 8005 8659
17317 2 2 1 1 1478 1479 8673
17318 2 2 1 1 5286 5284 8671
17319 2 2 1 1 1058 1059 8672
17320 2 2 1 1 7070 9119 9226
17321 2 2 1 1 8498 4554 9648
17322 2 2 1 1 6636 6633 8674
17323 2 2 1 1 1164 1165 8675
17324 2 2 1 1 8135 8187 8942
17325 2 2 1 1 747 748 8676
17326 2 2 1 1 5445 5443 9055
17327 2 2 1 1 7916 8942 9393
17328 2 2 1 1 8356 5347 8932
17329 2 2 1 1 2432 2434 8679
17330 2 2 1 1 3932 7611 9123
17331 2 2 1 1 394 395 8680
17332 2 2 1 1 5596 5598 9677
17333 2 2 1 1 402 403 8681
17334 2 2 1 1 6046 6062 8682
17335 2 2 1 1 1105 1106 8683
17336 2 2 1 1 946 947 9401
17337 2 2 1 1 4497 4496 9026
17338 2 2 1 1 4975 4977 9289
17339 2 2 1 1 3097 4806 8755
17340 2 2 1 1 8825 4492 9453
17341 2 2 1 1 8209 8020 9180
17342 2 2 1 1 8174 1755 9144
17343 2 2 1 1 4764 8386 9293
17344 2 2 1 1 3441 4069 8684
17345 2 2 1 1 5179 8464 8972
17346 2 2 1 1 8087 4315 8657
17347 2 2 1 1 4006 3307 9664
17348 2 2 1 1 7318 1583 9368
17349 2 2 1 1 3289 3291 8708
17350 2 2 1 1 5065 5069 8705
17351 2 2 1 1 5469 7572 8687
17352 2 2 1 1 4335 4334 8686
17353 2 2 1 1 6640 8624 8881
17354 2 2 1 1 8386 4434 9293
17355 2 2 1 1 8366 5025 9103
17356 2 2 1 1 6463 6465 9129
17357 2 2 1 1 4312 4388 8688
17358 2 2 1 1 5548 6379 8689
17359 2 2 1 1 316 317 8690
17360 2 2 1 1 1692 8477 9516
17361 2 2 1 1 6468 6471 8691
17362 2 2 1 1 8172 4396 9604
17363 2 2 1 1 1273 1722 8693
17364 2 2 1 1 6786 5251 8692
17365 2 2 1 1 1702 8407 8489
17366 2 2 1 1 1669 9349 9455
17367 2 2 1 1 7267 9477 9535
17368 2 2 1 1 8475 6369 9326
17369 2 2 1 1 596 597 8694
17370 2 2 1 1 2311 2313 8695
17371 2 2 1 1 4188 4962 8702
17372 2 2 1 1 1147 1148 8696
17373 2 2 1 1 8169 1723 8632
17374 2 2 1 1 6551 8365 8862
17375 2 2 1 1 8492 6241 9243
17376 2 2 1 1 8274 5288 8729
17377 2 2 1 1 1509 8568 8934
17378 2 2 1 1 8042 8043 9358
17379 2 2 1 1 9024 7595 9092
17380 2 2 1 1 540 1866 8990
17381 2 2 1 1 8374 4031 8799
17382 2 2 1 1 8662 6222 8735
17383 2 2 1 1 5201 5202 8813
17384 2 2 1 1 8641 5623 8756
17385 2 2 1 1 6026 6028 8697
17386 2 2 1 1 676 677 8698
17387 2 2 1 1 1775 7267 9535
17388 2 2 1 1 8487 6089 9349
17389 2 2 1 1 1355 8270 9500
17390 2 2 1 1 2627 2625 8700
17391 2 2 1 1 1790 6735 8701
17392 2 2 1 1 5702 5701 8728
17393 2 2 1 1 7173 6152 8703
17394 2 2 1 1 8501 7829 8914
17395 2 2 1 1 6434 6436 8738
17396 2 2 1 1 6785 8667 8737
17397 2 2 1 1 938 939 8704
17398 2 2 1 1 1606 8527 9163
17399 2 2 1 1 8670 5558 8738
17400 2 2 1 1 57 58 8706
17401 2 2 1 1 9107 7376 9212
17402 2 2 1 1 5290 8319 9534
17403 2 2 1 1 2875 2873 8707
17404 2 2 1 1 7388 1669 9455
17405 2 2 1 1 351 352 8709
17406 2 2 1 1 6429 6427 8710
17407 2 2 1 1 9269 5473 9385
17408 2 2 1 1 6112 6114 8711
17409 2 2 1 1 7183 6984 8712
17410 2 2 1 1 5933 8912 9024
17411 2 2 1 1 3319 3321 8713
17412 2 2 1 1 1619 6840 8714
17413 2 2 1 1 3391 3393 8715
17414 2 2 1 1 6928 1916 9560
17415 2 2 1 1 711 712 8716
17416 2 2 1 1 8816 4831 9370
17417 2 2 1 1 1598 8654 8910
17418 2 2 1 1 5738 5740 8717
17419 2 2 1 1 8679 2434 8747
17420 2 2 1 1 3063 8427 8883
17421 2 2 1 1 82 83 8718
17422 2 2 1 1 8072 8159 9453
17423 2 2 1 1 3092 2520 9200
17424 2 2 1 1 6577 6568 8719
17425 2 2 1 1 8632 1723 9506
17426 2 2 1 1 5518 6583 8720
17427 2 2 1 1 6640 6638 8721
17428 2 2 1 1 692 693 8722
17429 2 2 1 1 1883 8537 9382
17430 2 2 1 1 1775 9535 9601
17431 2 2 1 1 116 117 8723
17432 2 2 1 1 5224 5222 9242
17433 2 2 1 1 781 782 8724
17434 2 2 1 1 1263 1264 8725
17435 2 2 1 1 4817 44 9096
17436 2 2 1 1 5190 753 9584
17437 2 2 1 1 8393 6291 8557
17438 2 2 1 1 6476 1830 8728
17439 2 2 1 1 8144 1529 9157
17440 2 2 1 1 4576 4585 8731
17441 2 2 1 1 4318 4350 8730
17442 2 2 1 1 1536 8645 9002
17443 2 2 1 1 8695 2313 8765
17444 2 2 1 1 4672 8637 8951
17445 2 2 1 1 8406 5846 9189
17446 2 2 1 1 4316 4364 8733
17447 2 2 1 1 2965 8470 9121
17448 2 2 1 1 4397 4320 8825
17449 2 2 1 1 8648 5905 9616
17450 2 2 1 1 6434 8738 8801
17451 2 2 1 1 1671 8612 9106
17452 2 2 1 1 9032 1511 9550
17453 2 2 1 1 7595 5419 9092
17454 2 2 1 1 1809 7070 9226
17455 2 2 1 1 4482 4483 9227
17456 2 2 1 1 6222 6224 8735
17457 2 2 1 1 7859 1269 9542
17458 2 2 1 1 8422 5645 8556
17459 2 2 1 1 9123 7611 9224
17460 2 2 1 1 216 1842 8736
17461 2 2 1 1 4749 2021 9009
17462 2 2 1 1 4975 9289 9407
17463 2 2 1 1 8700 2625 8772
17464 2 2 1 1 8295 1757 8998
17465 2 2 1 1 8127 4607 9308
17466 2 2 1 1 1574 6785 8737
17467 2 2 1 1 5558 7472 8738
17468 2 2 1 1 6597 6595 8739
17469 2 2 1 1 8294 6839 8830
17470 2 2 1 1 4036 3437 8940
17471 2 2 1 1 8032 2033 9646
17472 2 2 1 1 1561 8575 9421
17473 2 2 1 1 57 8706 8776
17474 2 2 1 1 8076 4183 8740
17475 2 2 1 1 4881 8214 8959
17476 2 2 1 1 8584 3094 9251
17477 2 2 1 1 7060 8431 8514
17478 2 2 1 1 1890 8589 9246
17479 2 2 1 1 1344 1754 8741
17480 2 2 1 1 6668 2936 9205
17481 2 2 1 1 3026 6864 9615
17482 2 2 1 1 6537 7609 9593
17483 2 2 1 1 3293 4058 8742
17484 2 2 1 1 1893 8638 9565
17485 2 2 1 1 8405 6181 9522
17486 2 2 1 1 4792 1509 8981
17487 2 2 1 1 4952 4509 8758
17488 2 2 1 1 4965 4189 8744
17489 2 2 1 1 539 540 8990
17490 2 2 1 1 8692 5251 8809
17491 2 2 1 1 5821 5824 8746
17492 2 2 1 1 8560 8057 8943
17493 2 2 1 1 4940 3097 8755
17494 2 2 1 1 4407 4416 8743
17495 2 2 1 1 1854 8601 9353
17496 2 2 1 1 3963 8086 9637
17497 2 2 1 1 4686 4687 9312
17498 2 2 1 1 2434 2436 8747
17499 2 2 1 1 2046 8209 9180
17500 2 2 1 1 5852 5854 9538
17501 2 2 1 1 1947 1251 8748
17502 2 2 1 1 4809 3013 9347
17503 2 2 1 1 4172 4928 8759
17504 2 2 1 1 5400 8523 9070
17505 2 2 1 1 8618 6248 9434
17506 2 2 1 1 5424 5423 9666
17507 2 2 1 1 5972 5970 8749
17508 2 2 1 1 1598 81 8750
17509 2 2 1 1 1045 1046 8751
17510 2 2 1 1 4532 8359 9118
17511 2 2 1 1 8092 7821 8732
17512 2 2 1 1 8719 2966 9610
17513 2 2 1 1 6405 1775 9601
17514 2 2 1 1 4522 4521 9117
17515 2 2 1 1 6110 8642 9153
17516 2 2 1 1 8525 4002 8653
17517 2 2 1 1 1863 538 8752
17518 2 2 1 1 986 987 8753
17519 2 2 1 1 116 8723 8792
17520 2 2 1 1 927 928 8754
17521 2 2 1 1 5736 8684 9047
17522 2 2 1 1 5623 5621 8756
17523 2 2 1 1 1643 997 8757
17524 2 2 1 1 7329 8403 9674
17525 2 2 1 1 6007 6010 8760
17526 2 2 1 1 7492 9518 9616
17527 2 2 1 1 4631 8978 8991
17528 2 2 1 1 7376 3966 9212
17529 2 2 1 1 140 141 8761
17530 2 2 1 1 8669 5169 9127
17531 2 2 1 1 5202 8143 8813
17532 2 2 1 1 4976 4975 9407
17533 2 2 1 1 6701 6698 8764
17534 2 2 1 1 6112 8711 8833
17535 2 2 1 1 351 8709 8837
17536 2 2 1 1 1637 8846 9669
17537 2 2 1 1 1862 6434 8801
17538 2 2 1 1 4473 4475 9416
17539 2 2 1 1 2313 2315 8765
17540 2 2 1 1 1134 1135 8766
17541 2 2 1 1 3153 7499 9511
17542 2 2 1 1 4707 1517 9479
17543 2 2 1 1 8375 4522 9117
17544 2 2 1 1 7611 7298 9224
17545 2 2 1 1 4824 4822 9215
17546 2 2 1 1 5373 5374 9478
17547 2 2 1 1 8738 7472 8801
17548 2 2 1 1 8713 3321 8841
17549 2 2 1 1 5473 5474 9385
17550 2 2 1 1 8404 4036 8717
17551 2 2 1 1 8534 4415 9045
17552 2 2 1 1 6278 6281 8767
17553 2 2 1 1 8176 1724 9496
17554 2 2 1 1 711 8716 8842
17555 2 2 1 1 7022 7024 8768
17556 2 2 1 1 5509 5510 8769
17557 2 2 1 1 1015 1016 8770
17558 2 2 1 1 1724 8148 9496
17559 2 2 1 1 2514 3092 8771
17560 2 2 1 1 2476 2478 8773
17561 2 2 1 1 4714 4713 9074
17562 2 2 1 1 8643 4436 9446
17563 2 2 1 1 2625 2623 8772
17564 2 2 1 1 4906 4903 8773
17565 2 2 1 1 7933 8233 8860
17566 2 2 1 1 4894 4892 9579
17567 2 2 1 1 332 333 8774
17568 2 2 1 1 8607 5645 8699
17569 2 2 1 1 726 727 8775
17570 2 2 1 1 56 57 8776
17571 2 2 1 1 6478 1831 8803
17572 2 2 1 1 5231 6398 8878
17573 2 2 1 1 1694 8760 8960
17574 2 2 1 1 1694 139 8777
17575 2 2 1 1 7013 6566 8778
17576 2 2 1 1 8740 4183 8873
17577 2 2 1 1 8233 2032 8860
17578 2 2 1 1 6274 6275 9086
17579 2 2 1 1 5931 5937 8779
17580 2 2 1 1 5418 5950 9209
17581 2 2 1 1 8444 3040 8590
17582 2 2 1 1 5100 5102 8786
17583 2 2 1 1 6424 8808 9611
17584 2 2 1 1 8401 4576 8731
17585 2 2 1 1 781 8724 8856
17586 2 2 1 1 2100 2080 8782
17587 2 2 1 1 2391 3076 8780
17588 2 2 1 1 4708 1967 9668
17589 2 2 1 1 2023 6182 9645
17590 2 2 1 1 429 430 8781
17591 2 2 1 1 1642 8691 9216
17592 2 2 1 1 1329 1330 9408
17593 2 2 1 1 4718 1970 9026
17594 2 2 1 1 6276 6274 9086
17595 2 2 1 1 6205 6009 8898
17596 2 2 1 1 8681 6459 8787
17597 2 2 1 1 5709 7655 8783
17598 2 2 1 1 4608 1922 9549
17599 2 2 1 1 4423 4539 8784
17600 2 2 1 1 7683 6500 8785
17601 2 2 1 1 5459 5462 8882
17602 2 2 1 1 9196 8068 9658
17603 2 2 1 1 5112 5110 9136
17604 2 2 1 1 6459 6457 8787
17605 2 2 1 1 8533 3157 8611
17606 2 2 1 1 4920 1546 9437
17607 2 2 1 1 1045 8751 8829
17608 2 2 1 1 8561 2963 9034
17609 2 2 1 1 7422 7421 8788
17610 2 2 1 1 1368 1369 8789
17611 2 2 1 1 7068 7065 8790
17612 2 2 1 1 986 8753 8834
17613 2 2 1 1 927 8754 8835
17614 2 2 1 1 7105 8780 8997
17615 2 2 1 1 8701 6515 9324
17616 2 2 1 1 115 116 8792
17617 2 2 1 1 6506 7471 8793
17618 2 2 1 1 6188 6187 8794
17619 2 2 1 1 1320 1321 8795
17620 2 2 1 1 8449 3053 8674
17621 2 2 1 1 7291 7293 9398
17622 2 2 1 1 6561 6559 8800
17623 2 2 1 1 7105 7104 8797
17624 2 2 1 1 4396 7881 9604
17625 2 2 1 1 8752 5626 9093
17626 2 2 1 1 8194 8509 8977
17627 2 2 1 1 8630 3040 8727
17628 2 2 1 1 5698 5700 8954
17629 2 2 1 1 5223 5224 8798
17630 2 2 1 1 1134 8766 8847
17631 2 2 1 1 6430 6428 8799
17632 2 2 1 1 3032 6776 9598
17633 2 2 1 1 7472 5563 8801
17634 2 2 1 1 4998 5001 8802
17635 2 2 1 1 8070 2038 9443
17636 2 2 1 1 6646 8771 9075
17637 2 2 1 1 5235 5236 8803
17638 2 2 1 1 622 623 8804
17639 2 2 1 1 1302 1303 8805
17640 2 2 1 1 5736 5734 8806
17641 2 2 1 1 6670 6668 8807
17642 2 2 1 1 3601 3984 8808
17643 2 2 1 1 5251 5964 8809
17644 2 2 1 1 955 956 8810
17645 2 2 1 1 9212 3966 9331
17646 2 2 1 1 6478 8803 8879
17647 2 2 1 1 7679 6020 8811
17648 2 2 1 1 1558 8859 9569
17649 2 2 1 1 174 175 8812
17650 2 2 1 1 8091 8286 9662
17651 2 2 1 1 8286 1932 9662
17652 2 2 1 1 4728 4727 9365
17653 2 2 1 1 9385 5474 9491
17654 2 2 1 1 4800 4802 9609
17655 2 2 1 1 7161 7163 8909
17656 2 2 1 1 2387 2389 8924
17657 2 2 1 1 1162 1163 8814
17658 2 2 1 1 6946 1917 9673
17659 2 2 1 1 8410 5541 9355
17660 2 2 1 1 9224 7298 9340
17661 2 2 1 1 3939 7450 8816
17662 2 2 1 1 6180 6183 8926
17663 2 2 1 1 7799 8295 8998
17664 2 2 1 1 1787 771 8818
17665 2 2 1 1 5449 5453 8819
17666 2 2 1 1 1001 1002 8820
17667 2 2 1 1 2510 2512 9018
17668 2 2 1 1 1689 8767 9172
17669 2 2 1 1 4328 8122 8762
17670 2 2 1 1 5120 5123 8821
17671 2 2 1 1 1373 1374 8822
17672 2 2 1 1 5263 5351 8823
17673 2 2 1 1 3775 6503 8824
17674 2 2 1 1 4141 3188 8828
17675 2 2 1 1 5371 5373 9478
17676 2 2 1 1 7020 7017 8826
17677 2 2 1 1 1590 8798 9109
17678 2 2 1 1 5731 7612 8827
17679 2 2 1 1 5602 5603 8832
17680 2 2 1 1 2907 7516 8921
17681 2 2 1 1 9195 4707 9479
17682 2 2 1 1 1534 8784 9181
17683 2 2 1 1 1044 1045 8829
17684 2 2 1 1 4905 4907 8830
17685 2 2 1 1 7158 7159 8831
17686 2 2 1 1 4493 4430 9322
17687 2 2 1 1 4514 8531 9410
17688 2 2 1 1 6111 6112 8833
17689 2 2 1 1 8112 1805 8935
17690 2 2 1 1 985 986 8834
17691 2 2 1 1 926 927 8835
17692 2 2 1 1 350 351 8837
17693 2 2 1 1 1237 1238 8836
17694 2 2 1 1 5620 5626 8838
17695 2 2 1 1 6872 9044 9615
17696 2 2 1 1 3468 3470 8839
17697 2 2 1 1 8163 1764 8914
17698 2 2 1 1 4456 4454 9492
17699 2 2 1 1 332 8774 8893
17700 2 2 1 1 8412 1767 8840
17701 2 2 1 1 3321 3323 8841
17702 2 2 1 1 6139 6141 9563
17703 2 2 1 1 1665 8823 9428
17704 2 2 1 1 710 711 8842
17705 2 2 1 1 4069 3444 9268
17706 2 2 1 1 4539 4422 9336
17707 2 2 1 1 6764 7108 8843
17708 2 2 1 1 2256 2254 8848
17709 2 2 1 1 8803 5236 8879
17710 2 2 1 1 366 367 8844
17711 2 2 1 1 6033 6388 8845
17712 2 2 1 1 5523 5525 8846
17713 2 2 1 1 1133 1134 8847
17714 2 2 1 1 7146 7142 8849
17715 2 2 1 1 4713 8759 9074
17716 2 2 1 1 4329 4561 8850
17717 2 2 1 1 6480 6478 8879
17718 2 2 1 1 3811 7451 8851
17719 2 2 1 1 8434 6466 8895
17720 2 2 1 1 8857 2977 9199
17721 2 2 1 1 2871 2869 8852
17722 2 2 1 1 385 386 8853
17723 2 2 1 1 8252 4397 8825
17724 2 2 1 1 8087 8657 8970
17725 2 2 1 1 5803 5345 8854
17726 2 2 1 1 8831 4058 9040
17727 2 2 1 1 174 8812 8885
17728 2 2 1 1 435 436 8855
17729 2 2 1 1 3365 3367 9005
17730 2 2 1 1 1719 9025 9584
17731 2 2 1 1 780 781 8856
17732 2 2 1 1 6792 6793 8858
17733 2 2 1 1 5219 7403 8859
17734 2 2 1 1 3039 7127 9592
17735 2 2 1 1 1162 8814 8886
17736 2 2 1 1 6553 6551 8862
17737 2 2 1 1 3142 7670 9388
17738 2 2 1 1 4478 4477 9556
17739 2 2 1 1 4687 4684 8857
17740 2 2 1 1 8952 7388 9475
17741 2 2 1 1 4506 4507 8865
17742 2 2 1 1 6506 8793 8908
17743 2 2 1 1 8333 4211 8677
17744 2 2 1 1 5662 9461 9497
17745 2 2 1 1 4884 4529 9545
17746 2 2 1 1 420 421 8863
17747 2 2 1 1 575 1914 9027
17748 2 2 1 1 1728 8850 9265
17749 2 2 1 1 490 491 8864
17750 2 2 1 1 5875 9154 9592
17751 2 2 1 1 7791 7792 8861
17752 2 2 1 1 6087 7512 8867
17753 2 2 1 1 3526 3998 8868
17754 2 2 1 1 1955 5282 9222
17755 2 2 1 1 4943 3047 8920
17756 2 2 1 1 8672 1772 9168
17757 2 2 1 1 5254 5374 9384
17758 2 2 1 1 5443 5478 9055
17759 2 2 1 1 5110 5108 9136
17760 2 2 1 1 6102 2942 9635
17761 2 2 1 1 1480 1481 8869
17762 2 2 1 1 7371 2897 8870
17763 2 2 1 1 1563 7406 8872
17764 2 2 1 1 5675 8999 9521
17765 2 2 1 1 4183 4419 8873
17766 2 2 1 1 4008 6992 9680
17767 2 2 1 1 8725 8031 9439
17768 2 2 1 1 6226 6229 8874
17769 2 2 1 1 8153 1768 9196
17770 2 2 1 1 7264 6409 8875
17771 2 2 1 1 4908 8736 9308
17772 2 2 1 1 3966 7515 9331
17773 2 2 1 1 8811 6020 8927
17774 2 2 1 1 8714 5460 8882
17775 2 2 1 1 8491 5639 8718
17776 2 2 1 1 6827 6824 8876
17777 2 2 1 1 2994 2532 9582
17778 2 2 1 1 5474 5476 9491
17779 2 2 1 1 4774 4770 8920
17780 2 2 1 1 5236 7372 8879
17781 2 2 1 1 3042 7465 9072
17782 2 2 1 1 4897 4899 8883
17783 2 2 1 1 3579 3577 8880
17784 2 2 1 1 1583 8704 9368
17785 2 2 1 1 4557 8562 9566
17786 2 2 1 1 9246 4376 9383
17787 2 2 1 1 7298 3953 9340
17788 2 2 1 1 3958 3751 9452
17789 2 2 1 1 1585 9434 9528
17790 2 2 1 1 8652 2034 9217
17791 2 2 1 1 8845 6388 8906
17792 2 2 1 1 1691 8902 9158
17793 2 2 1 1 1640 9077 9541
17794 2 2 1 1 7146 8849 8907
17795 2 2 1 1 6642 6639 8881
17796 2 2 1 1 4561 4457 9493
17797 2 2 1 1 2991 8473 8862
17798 2 2 1 1 8950 4119 9450
17799 2 2 1 1 8051 4525 8871
17800 2 2 1 1 7203 8475 9326
17801 2 2 1 1 5486 2027 9657
17802 2 2 1 1 2955 4931 8968
17803 2 2 1 1 8852 2869 8912
17804 2 2 1 1 6705 6703 8884
17805 2 2 1 1 1644 9088 9523
17806 2 2 1 1 9130 4471 9549
17807 2 2 1 1 173 174 8885
17808 2 2 1 1 7285 1585 9528
17809 2 2 1 1 8021 4395 8877
17810 2 2 1 1 6111 8833 8938
17811 2 2 1 1 6559 8408 8800
17812 2 2 1 1 4491 4489 9633
17813 2 2 1 1 1746 1299 8887
17814 2 2 1 1 4024 8634 8678
17815 2 2 1 1 3981 3377 9626
17816 2 2 1 1 1161 1162 8886
17817 2 2 1 1 4459 4460 9157
17818 2 2 1 1 6646 6644 8888
17819 2 2 1 1 1438 1439 8889
17820 2 2 1 1 4055 8494 9010
17821 2 2 1 1 8839 3470 8946
17822 2 2 1 1 1671 725 8890
17823 2 2 1 1 6003 6004 8892
17824 2 2 1 1 4046 3510 9006
17825 2 2 1 1 4825 1726 9085
17826 2 2 1 1 2981 8703 9218
17827 2 2 1 1 4817 4815 8891
17828 2 2 1 1 1676 9131 9524
17829 2 2 1 1 6048 4585 9381
17830 2 2 1 1 331 332 8893
17831 2 2 1 1 8597 750 9558
17832 2 2 1 1 5241 5239 9014
17833 2 2 1 1 8171 1952 8877
17834 2 2 1 1 2040 8252 8825
17835 2 2 1 1 2438 2440 8894
17836 2 2 1 1 4907 8294 8830
17837 2 2 1 1 4723 4722 9254
17838 2 2 1 1 8848 4783 9519
17839 2 2 1 1 8649 6291 8791
17840 2 2 1 1 5792 2053 9291
17841 2 2 1 1 366 8844 8958
17842 2 2 1 1 400 401 8895
17843 2 2 1 1 5165 5169 8896
17844 2 2 1 1 8650 4338 9495
17845 2 2 1 1 5425 1566 9666
17846 2 2 1 1 9386 8154 9679
17847 2 2 1 1 4331 8412 8840
17848 2 2 1 1 5258 5261 9346
17849 2 2 1 1 221 222 8923
17850 2 2 1 1 5984 5986 8897
17851 2 2 1 1 385 8853 8962
17852 2 2 1 1 8477 5601 9516
17853 2 2 1 1 6376 6306 8899
17854 2 2 1 1 5011 5036 8900
17855 2 2 1 1 8874 6229 8939
17856 2 2 1 1 4425 8916 9668
17857 2 2 1 1 2156 2153 8903
17858 2 2 1 1 7881 8998 9604
17859 2 2 1 1 5747 5749 8902
17860 2 2 1 1 8651 4656 9623
17861 2 2 1 1 6634 8533 8611
17862 2 2 1 1 6484 6481 9011
17863 2 2 1 1 4747 4745 8901
17864 2 2 1 1 1512 8534 9045
17865 2 2 1 1 7285 9528 9590
17866 2 2 1 1 1669 8487 9349
17867 2 2 1 1 6619 3961 8969
17868 2 2 1 1 1851 7037 8905
17869 2 2 1 1 9491 5476 9594
17870 2 2 1 1 1767 8160 8840
17871 2 2 1 1 6388 6079 8906
17872 2 2 1 1 420 8863 8973
17873 2 2 1 1 7829 7827 8914
17874 2 2 1 1 9331 7515 9440
17875 2 2 1 1 7228 7146 8907
17876 2 2 1 1 490 8864 8975
17877 2 2 1 1 9005 3367 9104
17878 2 2 1 1 6507 6506 8908
17879 2 2 1 1 4427 4520 8911
17880 2 2 1 1 9052 3143 9414
17881 2 2 1 1 79 80 8910
17882 2 2 1 1 8034 7917 8904
17883 2 2 1 1 4487 4485 9597
17884 2 2 1 1 7921 8016 8943
17885 2 2 1 1 1571 8492 9243
17886 2 2 1 1 8660 6163 9342
17887 2 2 1 1 4425 4424 8916
17888 2 2 1 1 4376 7681 9383
17889 2 2 1 1 7165 8742 8909
17890 2 2 1 1 2033 8178 9646
17891 2 2 1 1 2869 2867 8912
17892 2 2 1 1 1590 78 8913
17893 2 2 1 1 1689 434 8915
17894 2 2 1 1 1360 1361 8917
17895 2 2 1 1 4705 1518 9227
17896 2 2 1 1 7473 5680 9617
17897 2 2 1 1 4004 8222 9022
17898 2 2 1 1 9155 4450 9473
17899 2 2 1 1 6905 1868 8971
17900 2 2 1 1 8416 1582 8786
17901 2 2 1 1 639 640 8919
17902 2 2 1 1 4716 1512 9045
17903 2 2 1 1 1536 6186 8922
17904 2 2 1 1 6827 8876 8993
17905 2 2 1 1 4595 4598 8923
17906 2 2 1 1 1805 8272 8935
17907 2 2 1 1 2032 8152 8860
17908 2 2 1 1 9389 2004 9430
17909 2 2 1 1 9000 6021 9262
17910 2 2 1 1 8880 3577 8996
17911 2 2 1 1 314 315 8925
17912 2 2 1 1 8894 2440 8965
17913 2 2 1 1 4682 4681 9173
17914 2 2 1 1 6020 6021 8927
17915 2 2 1 1 5153 5154 8928
17916 2 2 1 1 1691 136 8929
17917 2 2 1 1 6436 8526 8670
17918 2 2 1 1 1329 9213 9651
17919 2 2 1 1 8904 1748 9486
17920 2 2 1 1 594 595 8930
17921 2 2 1 1 4693 4695 8934
17922 2 2 1 1 2948 7517 8931
17923 2 2 1 1 690 691 8932
17924 2 2 1 1 113 114 8933
17925 2 2 1 1 7640 3932 9123
17926 2 2 1 1 4466 4464 9507
17927 2 2 1 1 6140 8547 8763
17928 2 2 1 1 1999 7285 9590
17929 2 2 1 1 5792 9291 9409
17930 2 2 1 1 601 602 8936
17931 2 2 1 1 3367 7720 9104
17932 2 2 1 1 9273 1711 9624
17933 2 2 1 1 674 675 8937
17934 2 2 1 1 6466 6463 9129
17935 2 2 1 1 6109 6111 8938
17936 2 2 1 1 6229 6231 8939
17937 2 2 1 1 8906 6079 8984
17938 2 2 1 1 1726 1304 9085
17939 2 2 1 1 3605 3603 9544
17940 2 2 1 1 5080 5083 8941
17941 2 2 1 1 1912 9127 9249
17942 2 2 1 1 8942 7916 9149
17943 2 2 1 1 2029 5360 8944
17944 2 2 1 1 8199 1955 9222
17945 2 2 1 1 1270 1949 9542
17946 2 2 1 1 7098 7095 8945
17947 2 2 1 1 6363 6361 9053
17948 2 2 1 1 3470 3472 8946
17949 2 2 1 1 5521 5531 8947
17950 2 2 1 1 5338 5341 8948
17951 2 2 1 1 8519 5114 8922
17952 2 2 1 1 2037 8154 9386
17953 2 2 1 1 1835 8778 9345
17954 2 2 1 1 8777 6206 8898
17955 2 2 1 1 5674 7613 8949
17956 2 2 1 1 7199 7196 8950
17957 2 2 1 1 1003 1004 8952
17958 2 2 1 1 5773 5772 9514
17959 2 2 1 1 3395 3397 8953
17960 2 2 1 1 4968 2112 8957
17961 2 2 1 1 2030 6145 8955
17962 2 2 1 1 4671 4667 8951
17963 2 2 1 1 4742 4741 9557
17964 2 2 1 1 5828 5830 8956
17965 2 2 1 1 8271 4004 9022
17966 2 2 1 1 2031 8375 9117
17967 2 2 1 1 5419 5418 9209
17968 2 2 1 1 7026 8525 8653
17969 2 2 1 1 4439 4438 8964
17970 2 2 1 1 4823 4824 9513
17971 2 2 1 1 5279 1670 9631
17972 2 2 1 1 365 366 8958
17973 2 2 1 1 137 138 8960
17974 2 2 1 1 1999 9590 9650
17975 2 2 1 1 3903 6446 9188
17976 2 2 1 1 744 745 8961
17977 2 2 1 1 384 385 8962
17978 2 2 1 1 1042 1043 8963
17979 2 2 1 1 2440 2442 8965
17980 2 2 1 1 8270 1750 9394
17981 2 2 1 1 5476 6359 9594
17982 2 2 1 1 4463 4461 9512
17983 2 2 1 1 7515 3959 9440
17984 2 2 1 1 4620 4621 8969
17985 2 2 1 1 4460 8144 9157
17986 2 2 1 1 983 984 8966
17987 2 2 1 1 8359 4776 9118
17988 2 2 1 1 924 925 8967
17989 2 2 1 1 8931 7517 9012
17990 2 2 1 1 4784 4948 9519
17991 2 2 1 1 8736 1842 9308
17992 2 2 1 1 6753 6755 8971
17993 2 2 1 1 6719 5179 8972
17994 2 2 1 1 419 420 8973
17995 2 2 1 1 1389 1390 8974
17996 2 2 1 1 489 490 8975
17997 2 2 1 1 8867 7512 9121
17998 2 2 1 1 2712 2710 8976
17999 2 2 1 1 8797 3059 8924
18000 2 2 1 1 6794 6790 8979
18001 2 2 1 1 7571 4290 8980
18002 2 2 1 1 4417 8505 9320
18003 2 2 1 1 5913 5914 9342
18004 2 2 1 1 2812 2814 8982
18005 2 2 1 1 6079 6076 8984
18006 2 2 1 1 2928 5253 8985
18007 2 2 1 1 5354 5684 8986
18008 2 2 1 1 3147 8301 9016
18009 2 2 1 1 2684 2682 8988
18010 2 2 1 1 4645 4647 9498
18011 2 2 1 1 4741 4740 9557
18012 2 2 1 1 2319 2321 8989
18013 2 2 1 1 8427 4897 8883
18014 2 2 1 1 6008 6012 9099
18015 2 2 1 1 4656 4651 8987
18016 2 2 1 1 3444 3446 9268
18017 2 2 1 1 2918 5205 8991
18018 2 2 1 1 655 656 8992
18019 2 2 1 1 6828 6827 8993
18020 2 2 1 1 8686 4826 9606
18021 2 2 1 1 7565 3137 8994
18022 2 2 1 1 3577 3575 8996
18023 2 2 1 1 7101 7103 8997
18024 2 2 1 1 9104 7720 9204
18025 2 2 1 1 3747 4010 8999
18026 2 2 1 1 4328 8762 9365
18027 2 2 1 1 1825 501 9000
18028 2 2 1 1 1476 1477 9001
18029 2 2 1 1 19 20 9002
18030 2 2 1 1 1642 399 9003
18031 2 2 1 1 1649 6195 9676
18032 2 2 1 1 7526 5448 9004
18033 2 2 1 1 6586 1912 9249
18034 2 2 1 1 7301 1999 9650
18035 2 2 1 1 2008 5792 9409
18036 2 2 1 1 4506 8865 9195
18037 2 2 1 1 4783 4784 9519
18038 2 2 1 1 7005 7008 9007
18039 2 2 1 1 6109 8938 9060
18040 2 2 1 1 8516 4589 9069
18041 2 2 1 1 674 8937 9066
18042 2 2 1 1 4849 4850 9257
18043 2 2 1 1 6538 6537 9593
18044 2 2 1 1 8743 4416 9443
18045 2 2 1 1 6929 6928 9560
18046 2 2 1 1 8517 6276 8855
18047 2 2 1 1 1042 8963 9037
18048 2 2 1 1 6264 6263 9260
18049 2 2 1 1 4660 4663 9041
18050 2 2 1 1 4694 4692 9016
18051 2 2 1 1 7377 2023 9494
18052 2 2 1 1 5259 5258 9346
18053 2 2 1 1 1534 18 9008
18054 2 2 1 1 983 8966 9039
18055 2 2 1 1 5322 5323 9067
18056 2 2 1 1 4790 1979 9030
18057 2 2 1 1 924 8967 9042
18058 2 2 1 1 4441 8087 8970
18059 2 2 1 1 3488 4055 9010
18060 2 2 1 1 8721 3053 8817
18061 2 2 1 1 7517 2961 9012
18062 2 2 1 1 1159 1160 9013
18063 2 2 1 1 8025 7799 8998
18064 2 2 1 1 679 680 9015
18065 2 2 1 1 3233 4939 9041
18066 2 2 1 1 6408 6410 9017
18067 2 2 1 1 2394 2396 9124
18068 2 2 1 1 522 523 9029
18069 2 2 1 1 7803 8055 9391
18070 2 2 1 1 9188 6446 9295
18071 2 2 1 1 2040 8825 9453
18072 2 2 1 1 2520 2522 9200
18073 2 2 1 1 8984 6076 9046
18074 2 2 1 1 6480 8870 9011
18075 2 2 1 1 8953 3397 9084
18076 2 2 1 1 8988 2682 9049
18077 2 2 1 1 1181 1182 9019
18078 2 2 1 1 6899 4113 9020
18079 2 2 1 1 952 953 9021
18080 2 2 1 1 2045 8146 9609
18081 2 2 1 1 5015 5017 9023
18082 2 2 1 1 8664 7419 9554
18083 2 2 1 1 5932 5933 9024
18084 2 2 1 1 744 8961 9090
18085 2 2 1 1 8994 3137 9062
18086 2 2 1 1 7915 7916 9393
18087 2 2 1 1 8059 8135 8942
18088 2 2 1 1 5186 5190 9025
18089 2 2 1 1 3939 8816 9370
18090 2 2 1 1 3295 3297 9040
18091 2 2 1 1 8537 5855 9382
18092 2 2 1 1 5603 5600 9034
18093 2 2 1 1 8621 5536 8734
18094 2 2 1 1 2038 8155 9443
18095 2 2 1 1 8091 4640 9031
18096 2 2 1 1 620 621 9028
18097 2 2 1 1 8665 2197 8815
18098 2 2 1 1 5786 5782 9029
18099 2 2 1 1 4020 7694 9031
18100 2 2 1 1 3201 8732 9276
18101 2 2 1 1 1750 1357 9036
18102 2 2 1 1 5461 5464 9033
18103 2 2 1 1 1447 1448 9032
18104 2 2 1 1 6652 6650 9035
18105 2 2 1 1 1041 1042 9037
18106 2 2 1 1 4831 4830 9370
18107 2 2 1 1 5728 5726 9038
18108 2 2 1 1 7980 8270 9394
18109 2 2 1 1 982 983 9039
18110 2 2 1 1 5323 5321 9634
18111 2 2 1 1 1515 8673 9410
18112 2 2 1 1 9012 2961 9081
18113 2 2 1 1 923 924 9042
18114 2 2 1 1 2008 9409 9504
18115 2 2 1 1 4749 9009 9557
18116 2 2 1 1 6586 9249 9363
18117 2 2 1 1 7579 3851 9043
18118 2 2 1 1 9017 6410 9088
18119 2 2 1 1 2536 3026 9044
18120 2 2 1 1 8947 4005 9568
18121 2 2 1 1 4905 8830 9413
18122 2 2 1 1 4447 9050 9663
18123 2 2 1 1 7720 3965 9204
18124 2 2 1 1 655 8992 9113
18125 2 2 1 1 1932 8936 9662
18126 2 2 1 1 3522 3524 9639
18127 2 2 1 1 1159 9013 9097
18128 2 2 1 1 6076 6074 9046
18129 2 2 1 1 8750 5639 8866
18130 2 2 1 1 5735 5733 9047
18131 2 2 1 1 4403 4405 9050
18132 2 2 1 1 7165 8551 8708
18133 2 2 1 1 8788 5701 8954
18134 2 2 1 1 5920 6960 9048
18135 2 2 1 1 8867 9121 9283
18136 2 2 1 1 4422 7641 9336
18137 2 2 1 1 2682 2680 9049
18138 2 2 1 1 4426 4428 9058
18139 2 2 1 1 1320 8795 9225
18140 2 2 1 1 5222 7608 9242
18141 2 2 1 1 8268 5530 9004
18142 2 2 1 1 8527 7294 9163
18143 2 2 1 1 5932 9024 9092
18144 2 2 1 1 7227 7226 9052
18145 2 2 1 1 8055 8840 9391
18146 2 2 1 1 1596 8498 9648
18147 2 2 1 1 2666 2664 9056
18148 2 2 1 1 1510 4764 9293
18149 2 2 1 1 502 503 9146
18150 2 2 1 1 1218 1994 9059
18151 2 2 1 1 2522 7498 9263
18152 2 2 1 1 2396 7424 9178
18153 2 2 1 1 6110 6109 9060
18154 2 2 1 1 6233 6236 9061
18155 2 2 1 1 3137 7594 9062
18156 2 2 1 1 1001 8820 9559
18157 2 2 1 1 4589 4420 9069
18158 2 2 1 1 7876 7875 9057
18159 2 2 1 1 1625 689 9063
18160 2 2 1 1 5125 5127 9064
18161 2 2 1 1 7297 7296 9065
18162 2 2 1 1 7968 3202 9051
18163 2 2 1 1 673 674 9066
18164 2 2 1 1 7658 3067 9067
18165 2 2 1 1 9268 3446 9380
18166 2 2 1 1 4826 4825 9085
18167 2 2 1 1 9124 2396 9178
18168 2 2 1 1 104 105 9087
18169 2 2 1 1 8634 4860 8678
18170 2 2 1 1 5351 5349 9656
18171 2 2 1 1 1580 75 9068
18172 2 2 1 1 6670 8807 9419
18173 2 2 1 1 3446 7459 9380
18174 2 2 1 1 8214 6854 8959
18175 2 2 1 1 6947 6946 9673
18176 2 2 1 1 6705 9006 9107
18177 2 2 1 1 6446 5773 9295
18178 2 2 1 1 5774 5400 9070
18179 2 2 1 1 9200 2522 9263
18180 2 2 1 1 1683 133 9071
18181 2 2 1 1 7020 9005 9104
18182 2 2 1 1 348 349 9073
18183 2 2 1 1 6648 6645 9075
18184 2 2 1 1 5619 7411 9076
18185 2 2 1 1 8482 5778 9348
18186 2 2 1 1 5246 5424 9077
18187 2 2 1 1 7419 1954 9078
18188 2 2 1 1 9020 4113 9134
18189 2 2 1 1 5870 8046 9054
18190 2 2 1 1 4621 4619 9581
18191 2 2 1 1 6611 6609 9079
18192 2 2 1 1 7181 7177 9080
18193 2 2 1 1 9197 3147 9220
18194 2 2 1 1 2961 5646 9081
18195 2 2 1 1 708 709 9082
18196 2 2 1 1 3397 3399 9084
18197 2 2 1 1 1699 8607 8699
18198 2 2 1 1 8826 4040 9005
18199 2 2 1 1 1828 8927 9146
18200 2 2 1 1 4630 4634 9087
18201 2 2 1 1 4802 8413 9609
18202 2 2 1 1 4531 4804 9426
18203 2 2 1 1 6410 6413 9088
18204 2 2 1 1 6312 6314 9089
18205 2 2 1 1 6200 8194 8977
18206 2 2 1 1 44 45 9096
18207 2 2 1 1 9054 7953 9271
18208 2 2 1 1 5912 5913 9342
18209 2 2 1 1 5347 5346 9165
18210 2 2 1 1 743 744 9090
18211 2 2 1 1 8877 1952 9672
18212 2 2 1 1 9263 7498 9335
18213 2 2 1 1 5934 5932 9092
18214 2 2 1 1 9178 7424 9238
18215 2 2 1 1 7641 4433 9387
18216 2 2 1 1 4776 4775 9118
18217 2 2 1 1 9033 5464 9145
18218 2 2 1 1 5624 5625 9093
18219 2 2 1 1 5568 6954 9094
18220 2 2 1 1 620 9028 9151
18221 2 2 1 1 3381 4029 9095
18222 2 2 1 1 4813 4817 9096
18223 2 2 1 1 7492 9114 9518
18224 2 2 1 1 3280 3930 9091
18225 2 2 1 1 1158 1159 9097
18226 2 2 1 1 7608 5493 9302
18227 2 2 1 1 4978 4981 9187
18228 2 2 1 1 5881 6522 9098
18229 2 2 1 1 7827 7826 9362
18230 2 2 1 1 9204 3965 9318
18231 2 2 1 1 7281 2008 9504
18232 2 2 1 1 8571 1599 9457
18233 2 2 1 1 1918 7466 9100
18234 2 2 1 1 2950 2290 9101
18235 2 2 1 1 6585 6586 9363
18236 2 2 1 1 9061 6236 9143
18237 2 2 1 1 7280 7279 9102
18238 2 2 1 1 8929 6010 9099
18239 2 2 1 1 9040 3297 9140
18240 2 2 1 1 329 330 9103
18241 2 2 1 1 7018 7020 9104
18242 2 2 1 1 2444 2446 9105
18243 2 2 1 1 2156 8903 9487
18244 2 2 1 1 8889 1960 9638
18245 2 2 1 1 9081 5646 9138
18246 2 2 1 1 723 724 9106
18247 2 2 1 1 9380 7459 9481
18248 2 2 1 1 6706 6705 9107
18249 2 2 1 1 6659 6661 9108
18250 2 2 1 1 76 77 9109
18251 2 2 1 1 3309 7169 9664
18252 2 2 1 1 7670 4463 9388
18253 2 2 1 1 9242 7608 9302
18254 2 2 1 1 8606 6206 8761
18255 2 2 1 1 7826 2044 9362
18256 2 2 1 1 1507 4786 9139
18257 2 2 1 1 8901 4745 9437
18258 2 2 1 1 9336 7641 9387
18259 2 2 1 1 6301 6299 9110
18260 2 2 1 1 5041 5045 9111
18261 2 2 1 1 841 1877 9112
18262 2 2 1 1 654 655 9113
18263 2 2 1 1 8579 4894 9579
18264 2 2 1 1 9387 4433 9460
18265 2 2 1 1 4475 8565 9416
18266 2 2 1 1 8163 8914 9362
18267 2 2 1 1 7158 9040 9140
18268 2 2 1 1 4689 4686 9312
18269 2 2 1 1 7521 3058 9114
18270 2 2 1 1 2816 2818 9115
18271 2 2 1 1 7498 2992 9335
18272 2 2 1 1 8945 3076 9124
18273 2 2 1 1 6103 6102 9635
18274 2 2 1 1 7424 2984 9238
18275 2 2 1 1 7535 6622 9119
18276 2 2 1 1 3297 7766 9140
18277 2 2 1 1 2542 3054 9120
18278 2 2 1 1 7512 2965 9121
18279 2 2 1 1 7858 7859 9116
18280 2 2 1 1 1010 1011 9122
18281 2 2 1 1 9302 5493 9374
18282 2 2 1 1 8580 4040 8768
18283 2 2 1 1 9279 5281 9631
18284 2 2 1 1 8781 1678 9589
18285 2 2 1 1 8547 1718 8763
18286 2 2 1 1 2167 2166 9125
18287 2 2 1 1 8021 8877 9672
18288 2 2 1 1 4699 4698 9141
18289 2 2 1 1 1782 7375 9126
18290 2 2 1 1 5166 5168 9127
18291 2 2 1 1 3423 3963 9128
18292 2 2 1 1 1922 7201 9130
18293 2 2 1 1 5268 5281 9131
18294 2 2 1 1 7066 8630 8727
18295 2 2 1 1 7280 9102 9164
18296 2 2 1 1 4289 4505 9132
18297 2 2 1 1 7465 2916 9133
18298 2 2 1 1 4113 7538 9134
18299 2 2 1 1 7832 1948 9651
18300 2 2 1 1 1693 8621 8734
18301 2 2 1 1 1029 1030 9135
18302 2 2 1 1 6734 8584 9251
18303 2 2 1 1 7281 9504 9607
18304 2 2 1 1 6195 6194 9676
18305 2 2 1 1 9105 2446 9171
18306 2 2 1 1 5646 5692 9138
18307 2 2 1 1 8085 8023 9230
18308 2 2 1 1 6585 9363 9465
18309 2 2 1 1 7156 7158 9140
18310 2 2 1 1 9335 2992 9390
18311 2 2 1 1 8958 7297 9065
18312 2 2 1 1 1957 15 9142
18313 2 2 1 1 4433 4542 9460
18314 2 2 1 1 4441 8970 9386
18315 2 2 1 1 6236 6238 9143
18316 2 2 1 1 3751 3749 9452
18317 2 2 1 1 9238 2984 9303
18318 2 2 1 1 4461 4546 9512
18319 2 2 1 1 1249 8085 9230
18320 2 2 1 1 3965 7718 9318
18321 2 2 1 1 5464 6050 9145
18322 2 2 1 1 1824 6879 9147
18323 2 2 1 1 8540 1746 9297
18324 2 2 1 1 5189 6185 9148
18325 2 2 1 1 5493 5494 9374
18326 2 2 1 1 8891 4815 9384
18327 2 2 1 1 1039 1040 9150
18328 2 2 1 1 4492 8072 9453
18329 2 2 1 1 619 620 9151
18330 2 2 1 1 7018 9104 9204
18331 2 2 1 1 5427 5431 9152
18332 2 2 1 1 1728 6397 9153
18333 2 2 1 1 1926 7230 9155
18334 2 2 1 1 6073 6090 9156
18335 2 2 1 1 2291 3039 9154
18336 2 2 1 1 134 135 9158
18337 2 2 1 1 5772 5761 9514
18338 2 2 1 1 1665 722 9159
18339 2 2 1 1 4931 2977 9173
18340 2 2 1 1 6706 9107 9212
18341 2 2 1 1 1782 9126 9190
18342 2 2 1 1 8502 1679 9215
18343 2 2 1 1 7459 4001 9481
18344 2 2 1 1 5835 5837 9160
18345 2 2 1 1 980 981 9161
18346 2 2 1 1 1678 431 9162
18347 2 2 1 1 363 364 9163
18348 2 2 1 1 7294 7291 9398
18349 2 2 1 1 6517 6518 9476
18350 2 2 1 1 4464 4558 9507
18351 2 2 1 1 8627 3059 8790
18352 2 2 1 1 1785 7280 9164
18353 2 2 1 1 9140 7766 9248
18354 2 2 1 1 5917 5915 9168
18355 2 2 1 1 5457 7442 9166
18356 2 2 1 1 6365 6367 9231
18357 2 2 1 1 9119 6622 9226
18358 2 2 1 1 592 593 9167
18359 2 2 1 1 7882 8027 9144
18360 2 2 1 1 921 922 9169
18361 2 2 1 1 1207 8362 9301
18362 2 2 1 1 11 8363 9300
18363 2 2 1 1 609 8364 9299
18364 2 2 1 1 2446 2448 9171
18365 2 2 1 1 2712 8976 9627
18366 2 2 1 1 432 433 9172
18367 2 2 1 1 2992 7541 9390
18368 2 2 1 1 5746 5748 9278
18369 2 2 1 1 8624 3071 8881
18370 2 2 1 1 2984 7511 9303
18371 2 2 1 1 5085 5088 9174
18372 2 2 1 1 3141 6857 9175
18373 2 2 1 1 7098 9124 9178
18374 2 2 1 1 9374 5494 9432
18375 2 2 1 1 2036 8789 9229
18376 2 2 1 1 8036 7953 9149
18377 2 2 1 1 2418 3057 9176
18378 2 2 1 1 8509 6060 8977
18379 2 2 1 1 1359 2046 9180
18380 2 2 1 1 7096 7098 9178
18381 2 2 1 1 6575 8976 9670
18382 2 2 1 1 4956 4497 9177
18383 2 2 1 1 7555 6977 9179
18384 2 2 1 1 16 17 9181
18385 2 2 1 1 9127 5168 9249
18386 2 2 1 1 6997 4445 9182
18387 2 2 1 1 5921 5919 9183
18388 2 2 1 1 1266 1267 9184
18389 2 2 1 1 5675 5673 9185
18390 2 2 1 1 7384 1989 9321
18391 2 2 1 1 1732 7281 9607
18392 2 2 1 1 7156 9140 9248
18393 2 2 1 1 6738 6760 9186
18394 2 2 1 1 6625 6623 9585
18395 2 2 1 1 9318 7718 9424
18396 2 2 1 1 1039 9150 9233
18397 2 2 1 1 5979 5978 9188
18398 2 2 1 1 4508 4506 9195
18399 2 2 1 1 6828 9123 9224
18400 2 2 1 1 1156 1157 9189
18401 2 2 1 1 6952 1782 9190
18402 2 2 1 1 1898 6585 9465
18403 2 2 1 1 6041 6037 9191
18404 2 2 1 1 9071 5749 9278
18405 2 2 1 1 9569 7403 9659
18406 2 2 1 1 2164 3147 9197
18407 2 2 1 1 382 383 9193
18408 2 2 1 1 950 1578 9194
18409 2 2 1 1 9156 6090 9247
18410 2 2 1 1 5600 8561 9034
18411 2 2 1 1 980 9161 9235
18412 2 2 1 1 2172 2170 9199
18413 2 2 1 1 1181 9019 9576
18414 2 2 1 1 7806 1510 9293
18415 2 2 1 1 9145 6050 9258
18416 2 2 1 1 9390 7541 9462
18417 2 2 1 1 3953 3605 9544
18418 2 2 1 1 9481 4001 9583
18419 2 2 1 1 8301 4694 9016
18420 2 2 1 1 6560 6561 9205
18421 2 2 1 1 9303 7511 9372
18422 2 2 1 1 1097 1098 9198
18423 2 2 1 1 921 9169 9236
18424 2 2 1 1 4746 4747 9603
18425 2 2 1 1 4457 4563 9493
18426 2 2 1 1 1950 8168 9202
18427 2 2 1 1 417 418 9201
18428 2 2 1 1 8888 3071 9018
18429 2 2 1 1 487 488 9203
18430 2 2 1 1 5494 5496 9432
18431 2 2 1 1 7019 7018 9204
18432 2 2 1 1 7403 3146 9659
18433 2 2 1 1 7096 9178 9238
18434 2 2 1 1 8568 4693 8934
18435 2 2 1 1 8484 1615 9579
18436 2 2 1 1 5175 5174 9206
18437 2 2 1 1 5748 5751 9350
18438 2 2 1 1 5611 5609 9207
18439 2 2 1 1 1187 1188 9208
18440 2 2 1 1 2075 2967 9214
18441 2 2 1 1 1307 1308 9211
18442 2 2 1 1 5275 5278 9210
18443 2 2 1 1 8589 4376 9246
18444 2 2 1 1 6708 6706 9212
18445 2 2 1 1 3959 3522 9639
18446 2 2 1 1 1330 1752 9408
18447 2 2 1 1 4945 8744 9515
18448 2 2 1 1 5349 5352 9656
18449 2 2 1 1 6155 6157 9218
18450 2 2 1 1 2034 1342 9217
18451 2 2 1 1 7543 4478 9344
18452 2 2 1 1 7766 3972 9248
18453 2 2 1 1 4681 8968 9173
18454 2 2 1 1 1967 8296 9668
18455 2 2 1 1 397 398 9216
18456 2 2 1 1 9166 7442 9281
18457 2 2 1 1 3311 4045 9219
18458 2 2 1 1 7823 7832 9213
18459 2 2 1 1 4418 8199 9222
18460 2 2 1 1 592 9167 9282
18461 2 2 1 1 5875 5872 9223
18462 2 2 1 1 6159 6160 9283
18463 2 2 1 1 1719 755 9221
18464 2 2 1 1 8575 5030 9421
18465 2 2 1 1 7642 6828 9224
18466 2 2 1 1 1319 1320 9225
18467 2 2 1 1 8968 4931 9173
18468 2 2 1 1 8156 2031 9117
18469 2 2 1 1 6622 6624 9226
18470 2 2 1 1 9056 2664 9580
18471 2 2 1 1 5198 5200 9273
18472 2 2 1 1 9080 4118 9344
18473 2 2 1 1 9174 5088 9285
18474 2 2 1 1 1866 8838 8990
18475 2 2 1 1 1561 328 9228
18476 2 2 1 1 7541 2994 9462
18477 2 2 1 1 1248 1249 9230
18478 2 2 1 1 4030 3484 9232
18479 2 2 1 1 9275 4006 9664
18480 2 2 1 1 7952 2987 9271
18481 2 2 1 1 7511 2996 9372
18482 2 2 1 1 5693 7385 9266
18483 2 2 1 1 1269 1270 9542
18484 2 2 1 1 9432 5496 9488
18485 2 2 1 1 8413 2045 9609
18486 2 2 1 1 1038 1039 9233
18487 2 2 1 1 4549 4548 9328
18488 2 2 1 1 9182 4445 9294
18489 2 2 1 1 4453 4452 9229
18490 2 2 1 1 1898 9465 9562
18491 2 2 1 1 2297 3062 9234
18492 2 2 1 1 6755 6754 9637
18493 2 2 1 1 4454 4560 9492
18494 2 2 1 1 9223 3004 9526
18495 2 2 1 1 9350 5751 9404
18496 2 2 1 1 979 980 9235
18497 2 2 1 1 9460 4542 9530
18498 2 2 1 1 1625 9165 9269
18499 2 2 1 1 920 921 9236
18500 2 2 1 1 6821 6818 9237
18501 2 2 1 1 4730 1508 9545
18502 2 2 1 1 5979 9188 9295
18503 2 2 1 1 7097 7096 9238
18504 2 2 1 1 7610 4216 9240
18505 2 2 1 1 1600 362 9241
18506 2 2 1 1 6240 6243 9243
18507 2 2 1 1 4435 8068 9196
18508 2 2 1 1 1650 396 9244
18509 2 2 1 1 1686 7400 9245
18510 2 2 1 1 6855 6852 9246
18511 2 2 1 1 4434 7806 9293
18512 2 2 1 1 7155 7156 9248
18513 2 2 1 1 6090 6088 9247
18514 2 2 1 1 7718 3981 9424
18515 2 2 1 1 7215 1923 9586
18516 2 2 1 1 8913 5445 9055
18517 2 2 1 1 1097 9198 9290
18518 2 2 1 1 9278 5748 9350
18519 2 2 1 1 2100 8782 9074
18520 2 2 1 1 1585 8618 9434
18521 2 2 1 1 5168 7699 9249
18522 2 2 1 1 4324 8545 9202
18523 2 2 1 1 8173 1946 9399
18524 2 2 1 1 1784 8649 8791
18525 2 2 1 1 1795 7220 9250
18526 2 2 1 1 8612 5259 9106
18527 2 2 1 1 7573 6515 9251
18528 2 2 1 1 1837 7182 9252
18529 2 2 1 1 286 287 9253
18530 2 2 1 1 4440 9386 9679
18531 2 2 1 1 4001 7443 9583
18532 2 2 1 1 9113 5175 9206
18533 2 2 1 1 5949 5183 9255
18534 2 2 1 1 7019 9204 9318
18535 2 2 1 1 1712 7438 9256
18536 2 2 1 1 6018 6017 9262
18537 2 2 1 1 417 9201 9323
18538 2 2 1 1 7761 3957 9257
18539 2 2 1 1 6050 7665 9258
18540 2 2 1 1 947 1571 9401
18541 2 2 1 1 487 9203 9329
18542 2 2 1 1 3152 7561 9259
18543 2 2 1 1 8645 5112 9002
18544 2 2 1 1 9112 1877 9520
18545 2 2 1 1 9372 2996 9429
18546 2 2 1 1 5662 8520 9461
18547 2 2 1 1 8654 5445 8910
18548 2 2 1 1 4699 8796 9030
18549 2 2 1 1 3012 7733 9260
18550 2 2 1 1 6653 6652 9263
18551 2 2 1 1 5496 5247 9488
18552 2 2 1 1 2046 8917 9643
18553 2 2 1 1 6757 6752 9264
18554 2 2 1 1 6708 9212 9331
18555 2 2 1 1 9248 3972 9357
18556 2 2 1 1 9187 3930 9289
18557 2 2 1 1 7828 7830 9276
18558 2 2 1 1 1753 1268 9270
18559 2 2 1 1 5751 5271 9404
18560 2 2 1 1 756 757 9265
18561 2 2 1 1 5025 5022 9337
18562 2 2 1 1 8601 4374 9353
18563 2 2 1 1 7097 9238 9303
18564 2 2 1 1 1578 9143 9194
18565 2 2 1 1 7215 9586 9642
18566 2 2 1 1 6652 9200 9263
18567 2 2 1 1 7446 1625 9269
18568 2 2 1 1 5159 5385 9272
18569 2 2 1 1 5196 5198 9273
18570 2 2 1 1 2987 7897 9341
18571 2 2 1 1 7642 9224 9340
18572 2 2 1 1 7169 7154 9275
18573 2 2 1 1 7816 7814 9267
18574 2 2 1 1 8619 2004 9389
18575 2 2 1 1 1883 1155 9277
18576 2 2 1 1 1670 127 9279
18577 2 2 1 1 9179 6977 9419
18578 2 2 1 1 7442 5663 9281
18579 2 2 1 1 9341 7897 9395
18580 2 2 1 1 3007 7007 9670
18581 2 2 1 1 7851 7852 9274
18582 2 2 1 1 591 592 9282
18583 2 2 1 1 6161 6159 9283
18584 2 2 1 1 4485 4567 9597
18585 2 2 1 1 1067 1068 9284
18586 2 2 1 1 1508 9069 9545
18587 2 2 1 1 286 9253 9327
18588 2 2 1 1 8806 4036 8940
18589 2 2 1 1 9135 1030 9632
18590 2 2 1 1 5088 5090 9285
18591 2 2 1 1 1175 1176 9286
18592 2 2 1 1 6784 1898 9562
18593 2 2 1 1 4477 4569 9556
18594 2 2 1 1 7155 9248 9357
18595 2 2 1 1 5846 5843 9352
18596 2 2 1 1 881 882 9287
18597 2 2 1 1 2996 7480 9429
18598 2 2 1 1 2053 608 9330
18599 2 2 1 1 1548 7476 9288
18600 2 2 1 1 1096 1097 9290
18601 2 2 1 1 6653 9263 9335
18602 2 2 1 1 5253 5254 9384
18603 2 2 1 1 4552 4551 9291
18604 2 2 1 1 3800 3798 9292
18605 2 2 1 1 9255 5183 9351
18606 2 2 1 1 9404 5271 9467
18607 2 2 1 1 9249 7699 9363
18608 2 2 1 1 1345 1346 9296
18609 2 2 1 1 9583 7443 9680
18610 2 2 1 1 4445 4443 9294
18611 2 2 1 1 7439 5979 9295
18612 2 2 1 1 9271 2987 9341
18613 2 2 1 1 4430 7910 9322
18614 2 2 1 1 1008 1675 9298
18615 2 2 1 1 7212 7215 9642
18616 2 2 1 1 6144 1224 9299
18617 2 2 1 1 5360 1215 9300
18618 2 2 1 1 2054 1206 9301
18619 2 2 1 1 7304 1580 9302
18620 2 2 1 1 4508 9195 9479
18621 2 2 1 1 6772 7097 9303
18622 2 2 1 1 4672 8665 8815
18623 2 2 1 1 3401 3403 9304
18624 2 2 1 1 2532 2534 9582
18625 2 2 1 1 6855 9246 9383
18626 2 2 1 1 6319 6345 9305
18627 2 2 1 1 4480 4481 9297
18628 2 2 1 1 6872 6870 9306
18629 2 2 1 1 6245 6248 9307
18630 2 2 1 1 5591 5589 9309
18631 2 2 1 1 3930 7938 9289
18632 2 2 1 1 8319 4854 9321
18633 2 2 1 1 7084 7082 9311
18634 2 2 1 1 7273 7275 9313
18635 2 2 1 1 9258 7665 9378
18636 2 2 1 1 741 742 9315
18637 2 2 1 1 5049 5051 9316
18638 2 2 1 1 7126 7124 9317
18639 2 2 1 1 7499 4491 9511
18640 2 2 1 1 7035 7019 9318
18641 2 2 1 1 6963 1559 9319
18642 2 2 1 1 1559 9206 9319
18643 2 2 1 1 1580 9242 9302
18644 2 2 1 1 1310 1311 9325
18645 2 2 1 1 9429 7480 9485
18646 2 2 1 1 416 417 9323
18647 2 2 1 1 6513 6516 9324
18648 2 2 1 1 7589 5901 9326
18649 2 2 1 1 3972 7763 9357
18650 2 2 1 1 285 286 9327
18651 2 2 1 1 486 487 9329
18652 2 2 1 1 7446 9269 9385
18653 2 2 1 1 6710 6708 9331
18654 2 2 1 1 7385 5328 9332
18655 2 2 1 1 1973 4751 9320
18656 2 2 1 1 2480 2968 9333
18657 2 2 1 1 1566 68 9334
18658 2 2 1 1 6655 6653 9335
18659 2 2 1 1 5271 5269 9467
18660 2 2 1 1 5869 5870 9341
18661 2 2 1 1 1776 6951 9338
18662 2 2 1 1 3612 4057 9339
18663 2 2 1 1 6772 9303 9372
18664 2 2 1 1 7304 9302 9374
18665 2 2 1 1 6574 6576 9345
18666 2 2 1 1 8914 7827 9362
18667 2 2 1 1 6784 9562 9657
18668 2 2 1 1 9281 5663 9397
18669 2 2 1 1 6423 7642 9340
18670 2 2 1 1 6017 7708 9377
18671 2 2 1 1 6163 5912 9342
18672 2 2 1 1 5781 5785 9348
18673 2 2 1 1 1036 1037 9343
18674 2 2 1 1 4512 4510 9506
18675 2 2 1 1 8637 2955 8951
18676 2 2 1 1 8680 1650 9581
18677 2 2 1 1 6084 6085 9349
18678 2 2 1 1 6578 1683 9350
18679 2 2 1 1 5183 5181 9351
18680 2 2 1 1 9285 5090 9405
18681 2 2 1 1 7897 3004 9395
18682 2 2 1 1 8026 4431 9314
18683 2 2 1 1 7038 7036 9353
18684 2 2 1 1 1857 6956 9354
18685 2 2 1 1 881 9287 9412
18686 2 2 1 1 617 618 9355
18687 2 2 1 1 9291 4551 9409
18688 2 2 1 1 977 978 9356
18689 2 2 1 1 9225 8003 9678
18690 2 2 1 1 7151 7155 9357
18691 2 2 1 1 1711 8597 9624
18692 2 2 1 1 1255 1256 9358
18693 2 2 1 1 3377 3379 9626
18694 2 2 1 1 107 108 9359
18695 2 2 1 1 7443 4008 9680
18696 2 2 1 1 6424 6421 9361
18697 2 2 1 1 6262 6264 9368
18698 2 2 1 1 7480 3020 9485
18699 2 2 1 1 4910 4328 9365
18700 2 2 1 1 5869 9341 9395
18701 2 2 1 1 6716 8668 9625
18702 2 2 1 1 7699 5485 9363
18703 2 2 1 1 4489 4586 9633
18704 2 2 1 1 918 919 9364
18705 2 2 1 1 1331 1332 9367
18706 2 2 1 1 3013 7886 9347
18707 2 2 1 1 6674 6671 9366
18708 2 2 1 1 9332 5328 9392
18709 2 2 1 1 5855 5852 9538
18710 2 2 1 1 6655 9335 9390
18711 2 2 1 1 9305 6345 9425
18712 2 2 1 1 2043 8162 9446
18713 2 2 1 1 6781 6778 9369
18714 2 2 1 1 6358 3939 9370
18715 2 2 1 1 6640 8721 8817
18716 2 2 1 1 1664 124 9371
18717 2 2 1 1 5870 9271 9341
18718 2 2 1 1 7035 9318 9424
18719 2 2 1 1 8794 5231 8878
18720 2 2 1 1 7445 8824 9636
18721 2 2 1 1 7202 7203 9477
18722 2 2 1 1 741 9315 9431
18723 2 2 1 1 6769 6772 9372
18724 2 2 1 1 1326 1327 9376
18725 2 2 1 1 4123 4495 9373
18726 2 2 1 1 2005 7304 9374
18727 2 2 1 1 4940 8755 8796
18728 2 2 1 1 1675 9247 9298
18729 2 2 1 1 6966 1825 9377
18730 2 2 1 1 6963 9319 9430
18731 2 2 1 1 1474 1475 9375
18732 2 2 1 1 9357 7763 9459
18733 2 2 1 1 6578 9350 9404
18734 2 2 1 1 1683 9278 9350
18735 2 2 1 1 7665 4469 9378
18736 2 2 1 1 9290 6674 9366
18737 2 2 1 1 4585 4584 9381
18738 2 2 1 1 6710 9331 9440
18739 2 2 1 1 1659 719 9379
18740 2 2 1 1 9292 3798 9480
18741 2 2 1 1 9262 6017 9377
18742 2 2 1 1 9289 7938 9407
18743 2 2 1 1 8696 1879 9634
18744 2 2 1 1 6612 6611 9380
18745 2 2 1 1 8642 4502 9153
18746 2 2 1 1 9485 3020 9540
18747 2 2 1 1 1153 1154 9382
18748 2 2 1 1 6856 6855 9383
18749 2 2 1 1 6611 9268 9380
18750 2 2 1 1 1036 9343 9442
18751 2 2 1 1 9377 7708 9469
18752 2 2 1 1 5871 5869 9395
18753 2 2 1 1 107 9359 9423
18754 2 2 1 1 2025 7446 9385
18755 2 2 1 1 1825 9262 9377
18756 2 2 1 1 2027 6784 9657
18757 2 2 1 1 9349 6085 9455
18758 2 2 1 1 6393 1957 9387
18759 2 2 1 1 8638 5861 9565
18760 2 2 1 1 2256 8848 9519
18761 2 2 1 1 977 9356 9448
18762 2 2 1 1 6874 6655 9390
18763 2 2 1 1 5328 5326 9392
18764 2 2 1 1 9521 4010 9617
18765 2 2 1 1 4440 4441 9386
18766 2 2 1 1 5196 9273 9624
18767 2 2 1 1 7151 9357 9459
18768 2 2 1 1 6769 9372 9429
18769 2 2 1 1 5899 5902 9396
18770 2 2 1 1 4338 4886 9495
18771 2 2 1 1 2005 9374 9432
18772 2 2 1 1 5663 5661 9397
18773 2 2 1 1 918 9364 9454
18774 2 2 1 1 4611 4514 9410
18775 2 2 1 1 9035 3092 9200
18776 2 2 1 1 376 377 9400
18777 2 2 1 1 1715 752 9402
18778 2 2 1 1 47 48 9403
18779 2 2 1 1 7554 6578 9404
18780 2 2 1 1 9363 5485 9465
18781 2 2 1 1 5090 5092 9405
18782 2 2 1 1 5133 5137 9406
18783 2 2 1 1 4551 5203 9409
18784 2 2 1 1 4415 4924 9415
18785 2 2 1 1 9266 7385 9332
18786 2 2 1 1 6869 6866 9411
18787 2 2 1 1 880 881 9412
18788 2 2 1 1 7786 7980 9394
18789 2 2 1 1 4904 4905 9413
18790 2 2 1 1 1851 9192 9660
18791 2 2 1 1 7752 4450 9414
18792 2 2 1 1 3020 7460 9540
18793 2 2 1 1 2044 8163 9362
18794 2 2 1 1 4954 4484 9638
18795 2 2 1 1 1630 65 9417
18796 2 2 1 1 6966 9377 9469
18797 2 2 1 1 6004 6002 9589
18798 2 2 1 1 1184 1185 9418
18799 2 2 1 1 6977 1820 9419
18800 2 2 1 1 6893 6891 9420
18801 2 2 1 1 6393 9387 9460
18802 2 2 1 1 326 327 9421
18803 2 2 1 1 705 706 9422
18804 2 2 1 1 106 107 9423
18805 2 2 1 1 7085 7035 9424
18806 2 2 1 1 6874 9390 9462
18807 2 2 1 1 6345 7434 9425
18808 2 2 1 1 6740 6737 9427
18809 2 2 1 1 8860 8152 9310
18810 2 2 1 1 9378 4469 9483
18811 2 2 1 1 2287 2289 9526
18812 2 2 1 1 7938 3988 9407
18813 2 2 1 1 7763 4006 9459
18814 2 2 1 1 720 721 9428
18815 2 2 1 1 6612 9380 9481
18816 2 2 1 1 1957 9336 9387
18817 2 2 1 1 6768 6769 9429
18818 2 2 1 1 2004 6963 9430
18819 2 2 1 1 9451 5329 9501
18820 2 2 1 1 740 741 9431
18821 2 2 1 1 6909 2005 9432
18822 2 2 1 1 810 811 9433
18823 2 2 1 1 6247 6250 9434
18824 2 2 1 1 520 521 9435
18825 2 2 1 1 7554 9404 9467
18826 2 2 1 1 775 776 9436
18827 2 2 1 1 1893 1152 9438
18828 2 2 1 1 2025 9385 9491
18829 2 2 1 1 8796 4790 9030
18830 2 2 1 1 47 9403 9471
18831 2 2 1 1 6895 6710 9440
18832 2 2 1 1 165 166 9441
18833 2 2 1 1 1035 1036 9442
18834 2 2 1 1 9068 5224 9242
18835 2 2 1 1 9540 7460 9598
18836 2 2 1 1 7708 5893 9469
18837 2 2 1 1 7361 7392 9444
18838 2 2 1 1 6527 6530 9445
18839 2 2 1 1 976 977 9448
18840 2 2 1 1 450 451 9449
18841 2 2 1 1 7747 4471 9450
18842 2 2 1 1 7039 7040 9451
18843 2 2 1 1 8807 6561 9179
18844 2 2 1 1 917 918 9454
18845 2 2 1 1 6085 6087 9455
18846 2 2 1 1 5180 6719 9456
18847 2 2 1 1 4745 4744 9437
18848 2 2 1 1 9397 5661 9497
18849 2 2 1 1 4010 7473 9617
18850 2 2 1 1 224 225 9458
18851 2 2 1 1 8840 8160 9391
18852 2 2 1 1 7152 7151 9459
18853 2 2 1 1 8031 8030 9439
18854 2 2 1 1 2051 6393 9460
18855 2 2 1 1 9409 5203 9504
18856 2 2 1 1 6871 6874 9462
18857 2 2 1 1 8296 4425 9668
18858 2 2 1 1 9405 5092 9510
18859 2 2 1 1 6768 9429 9485
18860 2 2 1 1 4948 2256 9519
18861 2 2 1 1 6909 9432 9488
18862 2 2 1 1 1949 8560 8943
18863 2 2 1 1 1842 8127 9308
18864 2 2 1 1 5485 5483 9465
18865 2 2 1 1 7739 2905 9466
18866 2 2 1 1 1676 7554 9467
18867 2 2 1 1 412 413 9468
18868 2 2 1 1 6404 8648 9616
18869 2 2 1 1 7460 3032 9598
18870 2 2 1 1 6965 6966 9469
18871 2 2 1 1 9334 5424 9666
18872 2 2 1 1 1535 616 9470
18873 2 2 1 1 46 47 9471
18874 2 2 1 1 4436 8311 9446
18875 2 2 1 1 9425 7434 9527
18876 2 2 1 1 7924 7925 9463
18877 2 2 1 1 4564 4508 9479
18878 2 2 1 1 1912 8669 9127
18879 2 2 1 1 4899 4898 9494
18880 2 2 1 1 2158 2156 9487
18881 2 2 1 1 9434 6250 9528
18882 2 2 1 1 7622 5511 9472
18883 2 2 1 1 5915 8672 9168
18884 2 2 1 1 4449 4578 9473
18885 2 2 1 1 1820 9366 9419
18886 2 2 1 1 1230 2049 9484
18887 2 2 1 1 224 9458 9509
18888 2 2 1 1 810 9433 9536
18889 2 2 1 1 1556 325 9474
18890 2 2 1 1 6849 1786 9476
18891 2 2 1 1 5541 5540 9578
18892 2 2 1 1 520 9435 9537
18893 2 2 1 1 9469 5893 9567
18894 2 2 1 1 775 9436 9539
18895 2 2 1 1 3798 3796 9480
18896 2 2 1 1 6614 6612 9481
18897 2 2 1 1 6858 5999 9482
18898 2 2 1 1 4469 4467 9483
18899 2 2 1 1 1228 1229 9486
18900 2 2 1 1 7361 9444 9543
18901 2 2 1 1 6770 6768 9485
18902 2 2 1 1 1332 1333 9490
18903 2 2 1 1 450 9449 9548
18904 2 2 1 1 1640 6909 9488
18905 2 2 1 1 3229 8651 9623
18906 2 2 1 1 5423 5425 9666
18907 2 2 1 1 5606 5605 9489
18908 2 2 1 1 7348 2025 9491
18909 2 2 1 1 8068 8655 9658
18910 2 2 1 1 8505 1973 9320
18911 2 2 1 1 8152 1766 9310
18912 2 2 1 1 165 9441 9599
18913 2 2 1 1 8344 4513 9399
18914 2 2 1 1 8684 4069 9047
18915 2 2 1 1 9465 5483 9562
18916 2 2 1 1 1362 1363 9499
18917 2 2 1 1 1354 1355 9500
18918 2 2 1 1 1619 8714 8882
18919 2 2 1 1 5661 5662 9497
18920 2 2 1 1 5329 5330 9501
18921 2 2 1 1 6965 9469 9567
18922 2 2 1 1 7798 8053 9447
18923 2 2 1 1 5967 5966 9502
18924 2 2 1 1 4444 6329 9503
18925 2 2 1 1 5203 4446 9504
18926 2 2 1 1 6171 6173 9505
18927 2 2 1 1 9463 7925 9553
18928 2 2 1 1 1598 8750 8866
18929 2 2 1 1 5056 5058 9508
18930 2 2 1 1 223 224 9509
18931 2 2 1 1 6770 9485 9540
18932 2 2 1 1 5092 5094 9510
18933 2 2 1 1 6682 2979 9513
18934 2 2 1 1 8915 6276 9086
18935 2 2 1 1 2009 8110 9605
18936 2 2 1 1 1033 1034 9516
18937 2 2 1 1 4610 7750 9517
18938 2 2 1 1 4416 8070 9443
18939 2 2 1 1 6614 9481 9583
18940 2 2 1 1 1877 6746 9520
18941 2 2 1 1 5676 5672 9521
18942 2 2 1 1 974 975 9522
18943 2 2 1 1 7401 7399 9523
18944 2 2 1 1 4504 4635 9550
18945 2 2 1 1 128 129 9524
18946 2 2 1 1 3405 3407 9525
18947 2 2 1 1 7434 6047 9527
18948 2 2 1 1 6250 6252 9528
18949 2 2 1 1 5893 5891 9567
18950 2 2 1 1 4500 4498 9529
18951 2 2 1 1 7348 9491 9594
18952 2 2 1 1 9501 5330 9570
18953 2 2 1 1 1847 220 9531
18954 2 2 1 1 1946 8344 9399
18955 2 2 1 1 915 916 9532
18956 2 2 1 1 1652 716 9533
18957 2 2 1 1 3307 3309 9664
18958 2 2 1 1 5902 5903 9535
18959 2 2 1 1 809 810 9536
18960 2 2 1 1 519 520 9537
18961 2 2 1 1 774 775 9539
18962 2 2 1 1 6775 6770 9540
18963 2 2 1 1 69 70 9541
18964 2 2 1 1 4983 4557 9566
18965 2 2 1 1 8536 8095 9640
18966 2 2 1 1 7360 7361 9543
18967 2 2 1 1 484 485 9546
18968 2 2 1 1 4202 4442 9547
18969 2 2 1 1 5280 5279 9631
18970 2 2 1 1 9504 4446 9607
18971 2 2 1 1 449 450 9548
18972 2 2 1 1 4470 4608 9549
18973 2 2 1 1 7127 5874 9592
18974 2 2 1 1 5783 5784 9636
18975 2 2 1 1 667 668 9552
18976 2 2 1 1 5601 5596 9677
18977 2 2 1 1 7456 4319 9554
18978 2 2 1 1 9503 6329 9621
18979 2 2 1 1 2337 2339 9555
18980 2 2 1 1 9510 5094 9614
18981 2 2 1 1 750 751 9558
18982 2 2 1 1 1000 1001 9559
18983 2 2 1 1 5967 9502 9641
18984 2 2 1 1 1484 1485 9551
18985 2 2 1 1 1916 7205 9560
18986 2 2 1 1 9567 5891 9653
18987 2 2 1 1 9528 6252 9590
18988 2 2 1 1 4200 7396 9561
18989 2 2 1 1 8704 6262 9368
18990 2 2 1 1 5483 5482 9562
18991 2 2 1 1 6627 2962 9563
18992 2 2 1 1 1879 1149 9564
18993 2 2 1 1 1150 1151 9565
18994 2 2 1 1 1821 6965 9567
18995 2 2 1 1 5530 5528 9568
18996 2 2 1 1 9535 5903 9601
18997 2 2 1 1 5676 9521 9617
18998 2 2 1 1 6959 6958 9569
18999 2 2 1 1 6775 9540 9598
19000 2 2 1 1 5330 5332 9570
19001 2 2 1 1 9527 6047 9630
19002 2 2 1 1 634 1543 9571
19003 2 2 1 1 6341 4616 9572
19004 2 2 1 1 915 9532 9622
19005 2 2 1 1 8148 4409 9496
19006 2 2 1 1 8858 2907 8921
19007 2 2 1 1 2716 2983 9573
19008 2 2 1 1 1609 682 9574
19009 2 2 1 1 1180 1181 9576
19010 2 2 1 1 2664 2662 9580
19011 2 2 1 1 9555 2339 9612
19012 2 2 1 1 1821 9567 9653
19013 2 2 1 1 6616 6614 9583
19014 2 2 1 1 6060 6059 9605
19015 2 2 1 1 753 754 9584
19016 2 2 1 1 7360 9543 9652
19017 2 2 1 1 484 9546 9655
19018 2 2 1 1 7223 1799 9585
19019 2 2 1 1 4579 4580 9586
19020 2 2 1 1 1306 1951 9606
19021 2 2 1 1 7925 7993 9553
19022 2 2 1 1 1688 1032 9588
19023 2 2 1 1 4687 9125 9312
19024 2 2 1 1 9464 7905 9675
19025 2 2 1 1 9477 5902 9535
19026 2 2 1 1 6252 6254 9590
19027 2 2 1 1 2592 2594 9591
19028 2 2 1 1 7609 3942 9593
19029 2 2 1 1 3226 3229 9623
19030 2 2 1 1 9562 5482 9657
19031 2 2 1 1 1637 7348 9594
19032 2 2 1 1 585 586 9595
19033 2 2 1 1 41 42 9596
19034 2 2 1 1 4740 4749 9557
19035 2 2 1 1 6776 6775 9598
19036 2 2 1 1 6959 9569 9659
19037 2 2 1 1 164 165 9599
19038 2 2 1 1 4215 7633 9600
19039 2 2 1 1 5903 5905 9601
19040 2 2 1 1 589 590 9602
19041 2 2 1 1 1790 8701 9324
19042 2 2 1 1 9586 4580 9642
19043 2 2 1 1 4446 4581 9607
19044 2 2 1 1 6616 9583 9680
19045 2 2 1 1 1948 1328 9651
19046 2 2 1 1 2720 2718 9610
19047 2 2 1 1 9590 6254 9650
19048 2 2 1 1 6425 6420 9611
19049 2 2 1 1 1965 4773 9587
19050 2 2 1 1 2339 2341 9612
19051 2 2 1 1 1610 973 9613
19052 2 2 1 1 5094 5096 9614
19053 2 2 1 1 6864 6863 9615
19054 2 2 1 1 7491 7492 9616
19055 2 2 1 1 5891 5889 9653
19056 2 2 1 1 5680 5676 9617
19057 2 2 1 1 4582 5151 9618
19058 2 2 1 1 7529 5319 9619
19059 2 2 1 1 6181 6178 9681
19060 2 2 1 1 8102 7905 9464
19061 2 2 1 1 6329 6331 9621
19062 2 2 1 1 914 915 9622
19063 2 2 1 1 5194 5196 9624
19064 2 2 1 1 2714 2712 9627
19065 2 2 1 1 4210 7427 9628
19066 2 2 1 1 6047 6048 9630
19067 2 2 1 1 1030 1031 9632
19068 2 2 1 1 7819 7818 9620
19069 2 2 1 1 5969 5967 9641
19070 2 2 1 1 4580 7751 9642
19071 2 2 1 1 9367 1332 9490
19072 2 2 1 1 738 739 9644
19073 2 2 1 1 5576 5574 9647
19074 2 2 1 1 9442 5606 9489
19075 2 2 1 1 4468 5334 9648
19076 2 2 1 1 6121 6122 9649
19077 2 2 1 1 6254 6256 9650
19078 2 2 1 1 7362 7360 9652
19079 2 2 1 1 7843 1821 9653
19080 2 2 1 1 5757 5759 9654
19081 2 2 1 1 483 484 9655
19082 2 2 1 1 1952 8593 9672
19083 2 2 1 1 5482 5486 9657
19084 2 2 1 1 6961 6959 9659
19085 2 2 1 1 524 1851 9660
19086 2 2 1 1 6151 6158 9661
19087 2 2 1 1 9072 7465 9133
19088 2 2 1 1 4596 9072 9133
19089 2 2 1 1 647 648 9665
19090 2 2 1 1 971 972 9667
19091 2 2 1 1 683 684 9669
19092 2 2 1 1 4871 4873 9671
19093 2 2 1 1 7742 4293 9674
19094 2 2 1 1 6992 6616 9680
19095 2 2 1 1 5889 7843 9653
19096 2 2 1 1 1989 8319 9321
19097 2 2 1 1 8691 6471 9216
19098 2 2 1 1 1521 4715 9663
19099 2 2 1 1 7905 7904 9675
19100 2 2 1 1 8003 8050 9678
19101 2 2 1 1 6188 8794 8878
19102 2 2 1 1 8260 4676 9280
19103 2 2 1 1 8257 4440 9679
19104 2 2 1 1 8154 1769 9679
19105 2 2 1 1 9237 3153 9511
19106 2 2 1 1 2051 9460 9530
19107 2 2 1 1 9008 5112 9136
19108 2 2 1 1 8160 2035 9391
19109 2 2 1 1 8703 6155 9218
19110 2 2 1 1 7040 9392 9451
19111 2 2 1 1 1951 8686 9606
19112 2 2 1 1 8311 2043 9446
19113 2 2 1 1 8187 1748 9393
19114 2 2 1 1 7958 8032 9646
19115 2 2 1 1 8742 4058 8909
19116 2 2 1 1 4494 8021 9672
19117 2 2 1 1 8362 2054 9301
19118 2 2 1 1 8363 5360 9300
19119 2 2 1 1 8364 6144 9299
19120 2 2 1 1 1694 8777 8898
19121 2 2 1 1 5785 8482 9348
19122 2 2 1 1 8828 4723 9254
19123 2 2 1 1 8159 2040 9453
19124 2 2 1 1 1914 8896 9027
19125 2 2 1 1 4639 8091 9662
19126 2 2 1 1 8760 6010 8960
19127 2 2 1 1 8110 6199 9577
19128 2 2 1 1 8098 4533 9643
19129 2 2 1 1 1723 8438 9506
19130 2 2 1 1 6087 8867 9475
19131 2 2 1 1 9213 1329 9408
19132 2 2 1 1 4481 8540 9297
19133 2 2 1 1 1543 9483 9571
19134 2 2 1 1 9456 6719 9575
19135 2 2 1 1 9517 7750 9608
19136 2 2 1 1 8512 2053 9330
19137 2 2 1 1 7105 8797 8924
19138 2 2 1 1 4794 8144 9515
19139 2 2 1 1 8884 4046 9006
19140 2 2 1 1 8732 7828 9276
19141 2 2 1 1 1769 8257 9679
19142 2 2 1 1 6577 8719 9610
19143 2 2 1 1 8771 3092 9075
19144 2 2 1 1 8454 2045 9629
19145 2 2 1 1 8780 3076 8997
19146 2 2 1 1 8890 5241 9014
19147 2 2 1 1 9079 4069 9268
19148 2 2 1 1 8545 1950 9202
19149 2 2 1 1 5736 8806 8940
19150 2 2 1 1 6792 8858 8921
19151 2 2 1 1 8220 5371 9478
19152 2 2 1 1 7422 8788 8954
19153 2 2 1 1 2048 8153 9658
19154 2 2 1 1 1863 8752 9093
19155 2 2 1 1 8199 5290 9534
19156 2 2 1 1 1757 8172 9604
19157 2 2 1 1 8146 4800 9609
19158 2 2 1 1 9245 4456 9492
19159 2 2 1 1 9142 4539 9336
19160 2 2 1 1 4319 8664 9554
19161 2 2 1 1 9252 4478 9556
19162 2 2 1 1 1599 8268 9457
19163 2 2 1 1 8784 4539 9181
19164 2 2 1 1 5450 8571 9457
19165 2 2 1 1 6160 8952 9475
19166 2 2 1 1 9183 3142 9388
19167 2 2 1 1 8798 5224 9109
19168 2 2 1 1 4822 8502 9215
19169 2 2 1 1 8778 6574 9345
19170 2 2 1 1 4635 9032 9550
19171 2 2 1 1 8767 6281 9172
19172 2 2 1 1 8838 5626 8990
19173 2 2 1 1 9577 6060 9605
19174 2 2 1 1 9185 3958 9452
19175 2 2 1 1 7020 8826 9005
19176 2 2 1 1 9306 2994 9582
19177 2 2 1 1 9221 4561 9493
19178 2 2 1 1 8998 1757 9604
19179 2 2 1 1 9311 3981 9626
19180 2 2 1 1 9354 4491 9633
19181 2 2 1 1 8609 4531 9426
19182 2 2 1 1 8796 4699 9141
19183 2 2 1 1 8993 7640 9123
19184 2 2 1 1 8110 9577 9605
19185 2 2 1 1 6561 8807 9205
19186 2 2 1 1 8807 6668 9205
19187 2 2 1 1 8870 2897 9011
19188 2 2 1 1 9003 6466 9129
19189 2 2 1 1 6705 8884 9006
19190 2 2 1 1 8979 6363 9053
19191 2 2 1 1 7158 8831 9040
19192 2 2 1 1 1671 8890 9014
19193 2 2 1 1 8438 4512 9506
19194 2 2 1 1 2916 8745 9133
19195 2 2 1 1 1949 9116 9542
19196 2 2 1 1 6646 8888 9018
19197 2 2 1 1 9045 4415 9415
19198 2 2 1 1 4687 8857 9199
19199 2 2 1 1 8520 5960 9461
19200 2 2 1 1 9338 4487 9597
19201 2 2 1 1 1615 8579 9579
19202 2 2 1 1 8896 5169 9027
19203 2 2 1 1 9100 5419 9209
19204 2 2 1 1 9250 4466 9507
19205 2 2 1 1 1216 8512 9330
19206 2 2 1 1 8363 2051 9530
19207 2 2 1 1 1590 8913 9055
19208 2 2 1 1 4824 8918 9513
19209 2 2 1 1 8918 6682 9513
19210 2 2 1 1 8823 5351 9428
19211 2 2 1 1 9256 5773 9514
19212 2 2 1 1 8850 4561 9265
19213 2 2 1 1 4940 8796 9141
19214 2 2 1 1 8789 4453 9229
19215 2 2 1 1 6264 9260 9261
19216 2 2 1 1 1689 8915 9086
19217 2 2 1 1 6794 8979 9053
19218 2 2 1 1 8673 4611 9410
19219 2 2 1 1 8808 3984 9611
19220 2 2 1 1 9288 4463 9512
19221 2 2 1 1 8902 5749 9158
19222 2 2 1 1 1691 8929 9099
19223 2 2 1 1 8859 7403 9569
19224 2 2 1 1 9159 5259 9346
19225 2 2 1 1 6002 8781 9589
19226 2 2 1 1 4864 9214 9498
19227 2 2 1 1 8726 4549 9328
19228 2 2 1 1 9170 5323 9634
19229 2 2 1 1 9260 7733 9261
19230 2 2 1 1 9083 4621 9581
19231 2 2 1 1 5924 8619 9389
19232 2 2 1 1 7098 8945 9124
19233 2 2 1 1 8936 4639 9662
19234 2 2 1 1 8565 1526 9416
19235 2 2 1 1 2045 8413 9629
19236 2 2 1 1 8846 5525 9669
19237 2 2 1 1 8927 6021 9146
19238 2 2 1 1 9063 5347 9165
19239 2 2 1 1 6828 8993 9123
19240 2 2 1 1 5528 8947 9568
19241 2 2 1 1 8059 8942 9149
19242 2 2 1 1 1679 8832 9215
19243 2 2 1 1 9121 6161 9283
19244 2 2 1 1 8597 5194 9624
19245 2 2 1 1 1642 9003 9129
19246 2 2 1 1 8593 4494 9672
19247 2 2 1 1 4981 9091 9187
19248 2 2 1 1 1534 9008 9136
19249 2 2 1 1 4892 8484 9579
19250 2 2 1 1 4421 8454 9629
19251 2 2 1 1 1851 8905 9192
19252 2 2 1 1 4141 8828 9254
19253 2 2 1 1 8034 8904 9486
19254 2 2 1 1 9379 5351 9656
19255 2 2 1 1 4626 8494 9625
19256 2 2 1 1 6160 8867 9283
19257 2 2 1 1 1625 9063 9165
19258 2 2 1 1 7750 8530 9608
19259 2 2 1 1 4619 8680 9581
19260 2 2 1 1 8972 5407 9575
19261 2 2 1 1 8917 8098 9643
19262 2 2 1 1 9050 1521 9663
19263 2 2 1 1 6652 9035 9200
19264 2 2 1 1 8668 4626 9625
19265 2 2 1 1 1754 8536 9640
19266 2 2 1 1 3147 9016 9220
19267 2 2 1 1 9101 4746 9603
19268 2 2 1 1 9091 3930 9187
19269 2 2 1 1 7199 8950 9450
19270 2 2 1 1 9164 6365 9231
19271 2 2 1 1 1825 9000 9262
19272 2 2 1 1 1918 9100 9209
19273 2 2 1 1 8744 4794 9515
19274 2 2 1 1 1580 9068 9242
19275 2 2 1 1 9241 7294 9398
19276 2 2 1 1 6754 9128 9637
19277 2 2 1 1 8655 2048 9658
19278 2 2 1 1 5374 8891 9384
19279 2 2 1 1 5870 9054 9271
19280 2 2 1 1 6611 9079 9268
19281 2 2 1 1 1683 9071 9278
19282 2 2 1 1 1785 9164 9231
19283 2 2 1 1 8999 4010 9521
19284 2 2 1 1 4484 8889 9638
19285 2 2 1 1 9207 5693 9266
19286 2 2 1 1 9114 5917 9518
19287 2 2 1 1 5321 8696 9634
19288 2 2 1 1 7227 9052 9414
19289 2 2 1 1 9361 3953 9544
19290 2 2 1 1 8867 6160 9475
19291 2 2 1 1 7181 9080 9344
19292 2 2 1 1 9125 2166 9312
19293 2 2 1 1 5611 9207 9266
19294 2 2 1 1 9420 3959 9639
19295 2 2 1 1 9228 5025 9337
19296 2 2 1 1 8741 1754 9640
19297 2 2 1 1 8824 5783 9636
19298 2 2 1 1 9025 5190 9584
19299 2 2 1 1 1957 9142 9336
19300 2 2 1 1 9044 3026 9615
19301 2 2 1 1 1571 9307 9401
19302 2 2 1 1 1665 9159 9346
19303 2 2 1 1 9077 5424 9541
19304 2 2 1 1 9088 6413 9523
19305 2 2 1 1 9277 5846 9352
19306 2 2 1 1 4542 8944 9530
19307 2 2 1 1 1561 9228 9337
19308 2 2 1 1 8977 6060 9577
19309 2 2 1 1 8926 4899 9645
19310 2 2 1 1 9137 6004 9589
19311 2 2 1 1 5921 9183 9388
19312 2 2 1 1 1883 9277 9352
19313 2 2 1 1 7823 9213 9408
19314 2 2 1 1 6719 8972 9575
19315 2 2 1 1 9131 5281 9524
19316 2 2 1 1 1600 9241 9398
19317 2 2 1 1 5675 9185 9452
19318 2 2 1 1 1926 9155 9473
19319 2 2 1 1 6182 8926 9645
19320 2 2 1 1 1922 9130 9549
19321 2 2 1 1 9307 6248 9401
19322 2 2 1 1 7203 9396 9477
19323 2 2 1 1 9438 5855 9538
19324 2 2 1 1 1879 9170 9634
19325 2 2 1 1 9154 3039 9592
19326 2 2 1 1 9116 7859 9542
19327 2 2 1 1 1650 9083 9581
19328 2 2 1 1 1719 9221 9493
19329 2 2 1 1 9214 2967 9498
19330 2 2 1 1 1686 9245 9492
19331 2 2 1 1 2950 9101 9603
19332 2 2 1 1 6821 9237 9511
19333 2 2 1 1 1795 9250 9507
19334 2 2 1 1 5875 9223 9526
19335 2 2 1 1 1678 9137 9589
19336 2 2 1 1 1712 9256 9514
19337 2 2 1 1 9213 7832 9651
19338 2 2 1 1 1548 9288 9512
19339 2 2 1 1 1837 9252 9556
19340 2 2 1 1 9128 3963 9637
19341 2 2 1 1 9396 5902 9477
19342 2 2 1 1 9470 5541 9578
19343 2 2 1 1 6424 9361 9544
19344 2 2 1 1 6872 9306 9582
19345 2 2 1 1 1893 9438 9538
19346 2 2 1 1 1776 9338 9597
19347 2 2 1 1 1670 9279 9631
19348 2 2 1 1 7084 9311 9626
19349 2 2 1 1 7169 9275 9664
19350 2 2 1 1 4899 9494 9645
19351 2 2 1 1 1857 9354 9633
19352 2 2 1 1 1535 9470 9578
19353 2 2 1 1 1566 9334 9666
19354 2 2 1 1 9494 2023 9645
19355 2 2 1 1 1659 9379 9656
19356 2 2 1 1 9588 5601 9677
19357 2 2 1 1 6893 9420 9639
19358 2 2 1 1 9613 6181 9681
19359 2 2 1 1 1688 9588 9677
19360 2 2 1 1 1610 9613 9681
$EndElements
