<?xml version="1.0"?>
<VTKFile type="UnstructuredGrid"  version="0.1"  >
<UnstructuredGrid>
<Piece  NumberOfPoints="2829" NumberOfCells="5440">
<Points>
<DataArray  type="Float64"  NumberOfComponents="3"  format="ascii">0 0 0  0.05 0 0  0.1 0 0  0.15 0 0  0.2 0 0  0.25 0 0  0.3 0 0  0.35 0 0  0.4 0 0  0.45 0 0  0.5 0 0  0.55 0 0  0.6000000000000001 0 0  0.65 0 0  0.7000000000000001 0 0  0.75 0 0  0.8 0 0  0.8500000000000001 0 0  0.9 0 0  0.9500000000000001 0 0  1 0 0  1.05 0 0  1.1 0 0  1.15 0 0  1.2 0 0  1.25 0 0  1.3 0 0  1.35 0 0  1.4 0 0  1.45 0 0  1.5 0 0  1.55 0 0  1.6 0 0  1.65 0 0  1.7 0 0  1.75 0 0  1.8 0 0  1.85 0 0  1.9 0 0  1.95 0 0  2 0 0  0 0.001708980888246768 0  0.05 0.001708980888246768 0  0.1 0.001708980888246768 0  0.15 0.001708980888246768 0  0.2 0.001708980888246768 0  0.25 0.001708980888246768 0  0.3 0.001708980888246768 0  0.35 0.001708980888246768 0  0.4 0.001708980888246768 0  0.45 0.001708980888246768 0  0.5 0.001708980888246768 0  0.55 0.001708980888246768 0  0.6000000000000001 0.001708980888246768 0  0.65 0.001708980888246768 0  0.7000000000000001 0.001708980888246768 0  0.75 0.001708980888246768 0  0.8 0.001708980888246768 0  0.8500000000000001 0.001708980888246768 0  0.9 0.001708980888246768 0  0.9500000000000001 0.001708980888246768 0  1 0.001708980888246768 0  1.05 0.001708980888246768 0  1.1 0.001708980888246768 0  1.15 0.001708980888246768 0  1.2 0.001708980888246768 0  1.25 0.001708980888246768 0  1.3 0.001708980888246768 0  1.35 0.001708980888246768 0  1.4 0.001708980888246768 0  1.45 0.001708980888246768 0  1.5 0.001708980888246768 0  1.55 0.001708980888246768 0  1.6 0.001708980888246768 0  1.65 0.001708980888246768 0  1.7 0.001708980888246768 0  1.75 0.001708980888246768 0  1.8 0.001708980888246768 0  1.85 0.001708980888246768 0  1.9 0.001708980888246768 0  1.95 0.001708980888246768 0  2 0.001708980888246768 0  0 0.003845206998555228 0  0.05 0.003845206998555228 0  0.1 0.003845206998555228 0  0.15 0.003845206998555228 0  0.2 0.003845206998555228 0  0.25 0.003845206998555228 0  0.3 0.003845206998555228 0  0.35 0.003845206998555228 0  0.4 0.003845206998555228 0  0.45 0.003845206998555228 0  0.5 0.003845206998555228 0  0.55 0.003845206998555228 0  0.6000000000000001 0.003845206998555228 0  0.65 0.003845206998555228 0  0.7000000000000001 0.003845206998555228 0  0.75 0.003845206998555228 0  0.8 0.003845206998555228 0  0.8500000000000001 0.003845206998555228 0  0.9 0.003845206998555228 0  0.9500000000000001 0.003845206998555228 0  1 0.003845206998555228 0  1.05 0.003845206998555228 0  1.1 0.003845206998555228 0  1.15 0.003845206998555228 0  1.2 0.003845206998555228 0  1.25 0.003845206998555228 0  1.3 0.003845206998555228 0  1.35 0.003845206998555228 0  1.4 0.003845206998555228 0  1.45 0.003845206998555228 0  1.5 0.003845206998555228 0  1.55 0.003845206998555228 0  1.6 0.003845206998555228 0  1.65 0.003845206998555228 0  1.7 0.003845206998555228 0  1.75 0.003845206998555228 0  1.8 0.003845206998555228 0  1.85 0.003845206998555228 0  1.9 0.003845206998555228 0  1.95 0.003845206998555228 0  2 0.003845206998555228 0  0 0.006515489636440802 0  0.05 0.006515489636440802 0  0.1 0.006515489636440802 0  0.15 0.006515489636440802 0  0.2 0.006515489636440802 0  0.25 0.006515489636440802 0  0.3 0.006515489636440802 0  0.35 0.006515489636440802 0  0.4 0.006515489636440802 0  0.45 0.006515489636440802 0  0.5 0.006515489636440802 0  0.55 0.006515489636440802 0  0.6000000000000001 0.006515489636440802 0  0.65 0.006515489636440802 0  0.7000000000000001 0.006515489636440802 0  0.75 0.006515489636440802 0  0.8 0.006515489636440802 0  0.8500000000000001 0.006515489636440802 0  0.9 0.006515489636440802 0  0.9500000000000001 0.006515489636440802 0  1 0.006515489636440802 0  1.05 0.006515489636440802 0  1.1 0.006515489636440802 0  1.15 0.006515489636440802 0  1.2 0.006515489636440802 0  1.25 0.006515489636440802 0  1.3 0.006515489636440802 0  1.35 0.006515489636440802 0  1.4 0.006515489636440802 0  1.45 0.006515489636440802 0  1.5 0.006515489636440802 0  1.55 0.006515489636440802 0  1.6 0.006515489636440802 0  1.65 0.006515489636440802 0  1.7 0.006515489636440802 0  1.75 0.006515489636440802 0  1.8 0.006515489636440802 0  1.85 0.006515489636440802 0  1.9 0.006515489636440802 0  1.95 0.006515489636440802 0  2 0.006515489636440802 0  0 0.009853342933797769 0  0.05 0.009853342933797769 0  0.1 0.009853342933797769 0  0.15 0.009853342933797769 0  0.2 0.009853342933797769 0  0.25 0.009853342933797769 0  0.3 0.009853342933797769 0  0.35 0.009853342933797769 0  0.4 0.009853342933797769 0  0.45 0.009853342933797769 0  0.5 0.009853342933797769 0  0.55 0.009853342933797769 0  0.6000000000000001 0.009853342933797769 0  0.65 0.009853342933797769 0  0.7000000000000001 0.009853342933797769 0  0.75 0.009853342933797769 0  0.8 0.009853342933797769 0  0.8500000000000001 0.009853342933797769 0  0.9 0.009853342933797769 0  0.9500000000000001 0.009853342933797769 0  1 0.009853342933797769 0  1.05 0.009853342933797769 0  1.1 0.009853342933797769 0  1.15 0.009853342933797769 0  1.2 0.009853342933797769 0  1.25 0.009853342933797769 0  1.3 0.009853342933797769 0  1.35 0.009853342933797769 0  1.4 0.009853342933797769 0  1.45 0.009853342933797769 0  1.5 0.009853342933797769 0  1.55 0.009853342933797769 0  1.6 0.009853342933797769 0  1.65 0.009853342933797769 0  1.7 0.009853342933797769 0  1.75 0.009853342933797769 0  1.8 0.009853342933797769 0  1.85 0.009853342933797769 0  1.9 0.009853342933797769 0  1.95 0.009853342933797769 0  2 0.009853342933797769 0  0 0.01402565955549398 0  0.05 0.01402565955549398 0  0.1 0.01402565955549398 0  0.15 0.01402565955549398 0  0.2 0.01402565955549398 0  0.25 0.01402565955549398 0  0.3 0.01402565955549398 0  0.35 0.01402565955549398 0  0.4 0.01402565955549398 0  0.45 0.01402565955549398 0  0.5 0.01402565955549398 0  0.55 0.01402565955549398 0  0.6000000000000001 0.01402565955549398 0  0.65 0.01402565955549398 0  0.7000000000000001 0.01402565955549398 0  0.75 0.01402565955549398 0  0.8 0.01402565955549398 0  0.8500000000000001 0.01402565955549398 0  0.9 0.01402565955549398 0  0.9500000000000001 0.01402565955549398 0  1 0.01402565955549398 0  1.05 0.01402565955549398 0  1.1 0.01402565955549398 0  1.15 0.01402565955549398 0  1.2 0.01402565955549398 0  1.25 0.01402565955549398 0  1.3 0.01402565955549398 0  1.35 0.01402565955549398 0  1.4 0.01402565955549398 0  1.45 0.01402565955549398 0  1.5 0.01402565955549398 0  1.55 0.01402565955549398 0  1.6 0.01402565955549398 0  1.65 0.01402565955549398 0  1.7 0.01402565955549398 0  1.75 0.01402565955549398 0  1.8 0.01402565955549398 0  1.85 0.01402565955549398 0  1.9 0.01402565955549398 0  1.95 0.01402565955549398 0  2 0.01402565955549398 0  0 0.01924105533261424 0  0.05 0.01924105533261424 0  0.1 0.01924105533261424 0  0.15 0.01924105533261424 0  0.2 0.01924105533261424 0  0.25 0.01924105533261424 0  0.3 0.01924105533261424 0  0.35 0.01924105533261424 0  0.4 0.01924105533261424 0  0.45 0.01924105533261424 0  0.5 0.01924105533261424 0  0.55 0.01924105533261424 0  0.6000000000000001 0.01924105533261424 0  0.65 0.01924105533261424 0  0.7000000000000001 0.01924105533261424 0  0.75 0.01924105533261424 0  0.8 0.01924105533261424 0  0.8500000000000001 0.01924105533261424 0  0.9 0.01924105533261424 0  0.9500000000000001 0.01924105533261424 0  1 0.01924105533261424 0  1.05 0.01924105533261424 0  1.1 0.01924105533261424 0  1.15 0.01924105533261424 0  1.2 0.01924105533261424 0  1.25 0.01924105533261424 0  1.3 0.01924105533261424 0  1.35 0.01924105533261424 0  1.4 0.01924105533261424 0  1.45 0.01924105533261424 0  1.5 0.01924105533261424 0  1.55 0.01924105533261424 0  1.6 0.01924105533261424 0  1.65 0.01924105533261424 0  1.7 0.01924105533261424 0  1.75 0.01924105533261424 0  1.8 0.01924105533261424 0  1.85 0.01924105533261424 0  1.9 0.01924105533261424 0  1.95 0.01924105533261424 0  2 0.01924105533261424 0  0 0.02576030005401457 0  0.05 0.02576030005401457 0  0.1 0.02576030005401457 0  0.15 0.02576030005401457 0  0.2 0.02576030005401457 0  0.25 0.02576030005401457 0  0.3 0.02576030005401457 0  0.35 0.02576030005401457 0  0.4 0.02576030005401457 0  0.45 0.02576030005401457 0  0.5 0.02576030005401457 0  0.55 0.02576030005401457 0  0.6000000000000001 0.02576030005401457 0  0.65 0.02576030005401457 0  0.7000000000000001 0.02576030005401457 0  0.75 0.02576030005401457 0  0.8 0.02576030005401457 0  0.8500000000000001 0.02576030005401457 0  0.9 0.02576030005401457 0  0.9500000000000001 0.02576030005401457 0  1 0.02576030005401457 0  1.05 0.02576030005401457 0  1.1 0.02576030005401457 0  1.15 0.02576030005401457 0  1.2 0.02576030005401457 0  1.25 0.02576030005401457 0  1.3 0.02576030005401457 0  1.35 0.02576030005401457 0  1.4 0.02576030005401457 0  1.45 0.02576030005401457 0  1.5 0.02576030005401457 0  1.55 0.02576030005401457 0  1.6 0.02576030005401457 0  1.65 0.02576030005401457 0  1.7 0.02576030005401457 0  1.75 0.02576030005401457 0  1.8 0.02576030005401457 0  1.85 0.02576030005401457 0  1.9 0.02576030005401457 0  1.95 0.02576030005401457 0  2 0.02576030005401457 0  0 0.03390935595576498 0  0.05 0.03390935595576498 0  0.1 0.03390935595576498 0  0.15 0.03390935595576498 0  0.2 0.03390935595576498 0  0.25 0.03390935595576498 0  0.3 0.03390935595576498 0  0.35 0.03390935595576498 0  0.4 0.03390935595576498 0  0.45 0.03390935595576498 0  0.5 0.03390935595576498 0  0.55 0.03390935595576498 0  0.6000000000000001 0.03390935595576498 0  0.65 0.03390935595576498 0  0.7000000000000001 0.03390935595576498 0  0.75 0.03390935595576498 0  0.8 0.03390935595576498 0  0.8500000000000001 0.03390935595576498 0  0.9 0.03390935595576498 0  0.9500000000000001 0.03390935595576498 0  1 0.03390935595576498 0  1.05 0.03390935595576498 0  1.1 0.03390935595576498 0  1.15 0.03390935595576498 0  1.2 0.03390935595576498 0  1.25 0.03390935595576498 0  1.3 0.03390935595576498 0  1.35 0.03390935595576498 0  1.4 0.03390935595576498 0  1.45 0.03390935595576498 0  1.5 0.03390935595576498 0  1.55 0.03390935595576498 0  1.6 0.03390935595576498 0  1.65 0.03390935595576498 0  1.7 0.03390935595576498 0  1.75 0.03390935595576498 0  1.8 0.03390935595576498 0  1.85 0.03390935595576498 0  1.9 0.03390935595576498 0  1.95 0.03390935595576498 0  2 0.03390935595576498 0  0 0.044095675832953 0  0.05 0.044095675832953 0  0.1 0.044095675832953 0  0.15 0.044095675832953 0  0.2 0.044095675832953 0  0.25 0.044095675832953 0  0.3 0.044095675832953 0  0.35 0.044095675832953 0  0.4 0.044095675832953 0  0.45 0.044095675832953 0  0.5 0.044095675832953 0  0.55 0.044095675832953 0  0.6000000000000001 0.044095675832953 0  0.65 0.044095675832953 0  0.7000000000000001 0.044095675832953 0  0.75 0.044095675832953 0  0.8 0.044095675832953 0  0.8500000000000001 0.044095675832953 0  0.9 0.044095675832953 0  0.9500000000000001 0.044095675832953 0  1 0.044095675832953 0  1.05 0.044095675832953 0  1.1 0.044095675832953 0  1.15 0.044095675832953 0  1.2 0.044095675832953 0  1.25 0.044095675832953 0  1.3 0.044095675832953 0  1.35 0.044095675832953 0  1.4 0.044095675832953 0  1.45 0.044095675832953 0  1.5 0.044095675832953 0  1.55 0.044095675832953 0  1.6 0.044095675832953 0  1.65 0.044095675832953 0  1.7 0.044095675832953 0  1.75 0.044095675832953 0  1.8 0.044095675832953 0  1.85 0.044095675832953 0  1.9 0.044095675832953 0  1.95 0.044095675832953 0  2 0.044095675832953 0  0 0.05682857567943801 0  0.05 0.05682857567943801 0  0.1 0.05682857567943801 0  0.15 0.05682857567943801 0  0.2 0.05682857567943801 0  0.25 0.05682857567943801 0  0.3 0.05682857567943801 0  0.35 0.05682857567943801 0  0.4 0.05682857567943801 0  0.45 0.05682857567943801 0  0.5 0.05682857567943801 0  0.55 0.05682857567943801 0  0.6000000000000001 0.05682857567943801 0  0.65 0.05682857567943801 0  0.7000000000000001 0.05682857567943801 0  0.75 0.05682857567943801 0  0.8 0.05682857567943801 0  0.8500000000000001 0.05682857567943801 0  0.9 0.05682857567943801 0  0.9500000000000001 0.05682857567943801 0  1 0.05682857567943801 0  1.05 0.05682857567943801 0  1.1 0.05682857567943801 0  1.15 0.05682857567943801 0  1.2 0.05682857567943801 0  1.25 0.05682857567943801 0  1.3 0.05682857567943801 0  1.35 0.05682857567943801 0  1.4 0.05682857567943801 0  1.45 0.05682857567943801 0  1.5 0.05682857567943801 0  1.55 0.05682857567943801 0  1.6 0.05682857567943801 0  1.65 0.05682857567943801 0  1.7 0.05682857567943801 0  1.75 0.05682857567943801 0  1.8 0.05682857567943801 0  1.85 0.05682857567943801 0  1.9 0.05682857567943801 0  1.95 0.05682857567943801 0  2 0.05682857567943801 0  0 0.07274470048754428 0  0.05 0.07274470048754428 0  0.1 0.07274470048754428 0  0.15 0.07274470048754428 0  0.2 0.07274470048754428 0  0.25 0.07274470048754428 0  0.3 0.07274470048754428 0  0.35 0.07274470048754428 0  0.4 0.07274470048754428 0  0.45 0.07274470048754428 0  0.5 0.07274470048754428 0  0.55 0.07274470048754428 0  0.6000000000000001 0.07274470048754428 0  0.65 0.07274470048754428 0  0.7000000000000001 0.07274470048754428 0  0.75 0.07274470048754428 0  0.8 0.07274470048754428 0  0.8500000000000001 0.07274470048754428 0  0.9 0.07274470048754428 0  0.9500000000000001 0.07274470048754428 0  1 0.07274470048754428 0  1.05 0.07274470048754428 0  1.1 0.07274470048754428 0  1.15 0.07274470048754428 0  1.2 0.07274470048754428 0  1.25 0.07274470048754428 0  1.3 0.07274470048754428 0  1.35 0.07274470048754428 0  1.4 0.07274470048754428 0  1.45 0.07274470048754428 0  1.5 0.07274470048754428 0  1.55 0.07274470048754428 0  1.6 0.07274470048754428 0  1.65 0.07274470048754428 0  1.7 0.07274470048754428 0  1.75 0.07274470048754428 0  1.8 0.07274470048754428 0  1.85 0.07274470048754428 0  1.9 0.07274470048754428 0  1.95 0.07274470048754428 0  2 0.07274470048754428 0  0 0.09263985649767711 0  0.05 0.09263985649767711 0  0.1 0.09263985649767711 0  0.15 0.09263985649767711 0  0.2 0.09263985649767711 0  0.25 0.09263985649767711 0  0.3 0.09263985649767711 0  0.35 0.09263985649767711 0  0.4 0.09263985649767711 0  0.45 0.09263985649767711 0  0.5 0.09263985649767711 0  0.55 0.09263985649767711 0  0.6000000000000001 0.09263985649767711 0  0.65 0.09263985649767711 0  0.7000000000000001 0.09263985649767711 0  0.75 0.09263985649767711 0  0.8 0.09263985649767711 0  0.8500000000000001 0.09263985649767711 0  0.9 0.09263985649767711 0  0.9500000000000001 0.09263985649767711 0  1 0.09263985649767711 0  1.05 0.09263985649767711 0  1.1 0.09263985649767711 0  1.15 0.09263985649767711 0  1.2 0.09263985649767711 0  1.25 0.09263985649767711 0  1.3 0.09263985649767711 0  1.35 0.09263985649767711 0  1.4 0.09263985649767711 0  1.45 0.09263985649767711 0  1.5 0.09263985649767711 0  1.55 0.09263985649767711 0  1.6 0.09263985649767711 0  1.65 0.09263985649767711 0  1.7 0.09263985649767711 0  1.75 0.09263985649767711 0  1.8 0.09263985649767711 0  1.85 0.09263985649767711 0  1.9 0.09263985649767711 0  1.95 0.09263985649767711 0  2 0.09263985649767711 0  0 0.1175088015103432 0  0.05 0.1175088015103432 0  0.1 0.1175088015103432 0  0.15 0.1175088015103432 0  0.2 0.1175088015103432 0  0.25 0.1175088015103432 0  0.3 0.1175088015103432 0  0.35 0.1175088015103432 0  0.4 0.1175088015103432 0  0.45 0.1175088015103432 0  0.5 0.1175088015103432 0  0.55 0.1175088015103432 0  0.6000000000000001 0.1175088015103432 0  0.65 0.1175088015103432 0  0.7000000000000001 0.1175088015103432 0  0.75 0.1175088015103432 0  0.8 0.1175088015103432 0  0.8500000000000001 0.1175088015103432 0  0.9 0.1175088015103432 0  0.9500000000000001 0.1175088015103432 0  1 0.1175088015103432 0  1.05 0.1175088015103432 0  1.1 0.1175088015103432 0  1.15 0.1175088015103432 0  1.2 0.1175088015103432 0  1.25 0.1175088015103432 0  1.3 0.1175088015103432 0  1.35 0.1175088015103432 0  1.4 0.1175088015103432 0  1.45 0.1175088015103432 0  1.5 0.1175088015103432 0  1.55 0.1175088015103432 0  1.6 0.1175088015103432 0  1.65 0.1175088015103432 0  1.7 0.1175088015103432 0  1.75 0.1175088015103432 0  1.8 0.1175088015103432 0  1.85 0.1175088015103432 0  1.9 0.1175088015103432 0  1.95 0.1175088015103432 0  2 0.1175088015103432 0  0 0.1485949827761757 0  0.05 0.1485949827761757 0  0.1 0.1485949827761757 0  0.15 0.1485949827761757 0  0.2 0.1485949827761757 0  0.25 0.1485949827761757 0  0.3 0.1485949827761757 0  0.35 0.1485949827761757 0  0.4 0.1485949827761757 0  0.45 0.1485949827761757 0  0.5 0.1485949827761757 0  0.55 0.1485949827761757 0  0.6000000000000001 0.1485949827761757 0  0.65 0.1485949827761757 0  0.7000000000000001 0.1485949827761757 0  0.75 0.1485949827761757 0  0.8 0.1485949827761757 0  0.8500000000000001 0.1485949827761757 0  0.9 0.1485949827761757 0  0.9500000000000001 0.1485949827761757 0  1 0.1485949827761757 0  1.05 0.1485949827761757 0  1.1 0.1485949827761757 0  1.15 0.1485949827761757 0  1.2 0.1485949827761757 0  1.25 0.1485949827761757 0  1.3 0.1485949827761757 0  1.35 0.1485949827761757 0  1.4 0.1485949827761757 0  1.45 0.1485949827761757 0  1.5 0.1485949827761757 0  1.55 0.1485949827761757 0  1.6 0.1485949827761757 0  1.65 0.1485949827761757 0  1.7 0.1485949827761757 0  1.75 0.1485949827761757 0  1.8 0.1485949827761757 0  1.85 0.1485949827761757 0  1.9 0.1485949827761757 0  1.95 0.1485949827761757 0  2 0.1485949827761757 0  0 0.1874527093584664 0  0.05 0.1874527093584664 0  0.1 0.1874527093584664 0  0.15 0.1874527093584664 0  0.2 0.1874527093584664 0  0.25 0.1874527093584664 0  0.3 0.1874527093584664 0  0.35 0.1874527093584664 0  0.4 0.1874527093584664 0  0.45 0.1874527093584664 0  0.5 0.1874527093584664 0  0.55 0.1874527093584664 0  0.6000000000000001 0.1874527093584664 0  0.65 0.1874527093584664 0  0.7000000000000001 0.1874527093584664 0  0.75 0.1874527093584664 0  0.8 0.1874527093584664 0  0.8500000000000001 0.1874527093584664 0  0.9 0.1874527093584664 0  0.9500000000000001 0.1874527093584664 0  1 0.1874527093584664 0  1.05 0.1874527093584664 0  1.1 0.1874527093584664 0  1.15 0.1874527093584664 0  1.2 0.1874527093584664 0  1.25 0.1874527093584664 0  1.3 0.1874527093584664 0  1.35 0.1874527093584664 0  1.4 0.1874527093584664 0  1.45 0.1874527093584664 0  1.5 0.1874527093584664 0  1.55 0.1874527093584664 0  1.6 0.1874527093584664 0  1.65 0.1874527093584664 0  1.7 0.1874527093584664 0  1.75 0.1874527093584664 0  1.8 0.1874527093584664 0  1.85 0.1874527093584664 0  1.9 0.1874527093584664 0  1.95 0.1874527093584664 0  2 0.1874527093584664 0  0 0.2360248675863298 0  0.05 0.2360248675863298 0  0.1 0.2360248675863298 0  0.15 0.2360248675863298 0  0.2 0.2360248675863298 0  0.25 0.2360248675863298 0  0.3 0.2360248675863298 0  0.35 0.2360248675863298 0  0.4 0.2360248675863298 0  0.45 0.2360248675863298 0  0.5 0.2360248675863298 0  0.55 0.2360248675863298 0  0.6000000000000001 0.2360248675863298 0  0.65 0.2360248675863298 0  0.7000000000000001 0.2360248675863298 0  0.75 0.2360248675863298 0  0.8 0.2360248675863298 0  0.8500000000000001 0.2360248675863298 0  0.9 0.2360248675863298 0  0.9500000000000001 0.2360248675863298 0  1 0.2360248675863298 0  1.05 0.2360248675863298 0  1.1 0.2360248675863298 0  1.15 0.2360248675863298 0  1.2 0.2360248675863298 0  1.25 0.2360248675863298 0  1.3 0.2360248675863298 0  1.35 0.2360248675863298 0  1.4 0.2360248675863298 0  1.45 0.2360248675863298 0  1.5 0.2360248675863298 0  1.55 0.2360248675863298 0  1.6 0.2360248675863298 0  1.65 0.2360248675863298 0  1.7 0.2360248675863298 0  1.75 0.2360248675863298 0  1.8 0.2360248675863298 0  1.85 0.2360248675863298 0  1.9 0.2360248675863298 0  1.95 0.2360248675863298 0  2 0.2360248675863298 0  0 0.296740065371159 0  0.05 0.296740065371159 0  0.1 0.296740065371159 0  0.15 0.296740065371159 0  0.2 0.296740065371159 0  0.25 0.296740065371159 0  0.3 0.296740065371159 0  0.35 0.296740065371159 0  0.4 0.296740065371159 0  0.45 0.296740065371159 0  0.5 0.296740065371159 0  0.55 0.296740065371159 0  0.6000000000000001 0.296740065371159 0  0.65 0.296740065371159 0  0.7000000000000001 0.296740065371159 0  0.75 0.296740065371159 0  0.8 0.296740065371159 0  0.8500000000000001 0.296740065371159 0  0.9 0.296740065371159 0  0.9500000000000001 0.296740065371159 0  1 0.296740065371159 0  1.05 0.296740065371159 0  1.1 0.296740065371159 0  1.15 0.296740065371159 0  1.2 0.296740065371159 0  1.25 0.296740065371159 0  1.3 0.296740065371159 0  1.35 0.296740065371159 0  1.4 0.296740065371159 0  1.45 0.296740065371159 0  1.5 0.296740065371159 0  1.55 0.296740065371159 0  1.6 0.296740065371159 0  1.65 0.296740065371159 0  1.7 0.296740065371159 0  1.75 0.296740065371159 0  1.8 0.296740065371159 0  1.85 0.296740065371159 0  1.9 0.296740065371159 0  1.95 0.296740065371159 0  2 0.296740065371159 0  0 0.3726340626021955 0  0.05 0.3726340626021955 0  0.1 0.3726340626021955 0  0.15 0.3726340626021955 0  0.2 0.3726340626021955 0  0.25 0.3726340626021955 0  0.3 0.3726340626021955 0  0.35 0.3726340626021955 0  0.4 0.3726340626021955 0  0.45 0.3726340626021955 0  0.5 0.3726340626021955 0  0.55 0.3726340626021955 0  0.6000000000000001 0.3726340626021955 0  0.65 0.3726340626021955 0  0.7000000000000001 0.3726340626021955 0  0.75 0.3726340626021955 0  0.8 0.3726340626021955 0  0.8500000000000001 0.3726340626021955 0  0.9 0.3726340626021955 0  0.9500000000000001 0.3726340626021955 0  1 0.3726340626021955 0  1.05 0.3726340626021955 0  1.1 0.3726340626021955 0  1.15 0.3726340626021955 0  1.2 0.3726340626021955 0  1.25 0.3726340626021955 0  1.3 0.3726340626021955 0  1.35 0.3726340626021955 0  1.4 0.3726340626021955 0  1.45 0.3726340626021955 0  1.5 0.3726340626021955 0  1.55 0.3726340626021955 0  1.6 0.3726340626021955 0  1.65 0.3726340626021955 0  1.7 0.3726340626021955 0  1.75 0.3726340626021955 0  1.8 0.3726340626021955 0  1.85 0.3726340626021955 0  1.9 0.3726340626021955 0  1.95 0.3726340626021955 0  2 0.3726340626021955 0  0 0.4118444336895583 0  0.05 0.4118444336895583 0  0.1 0.4118444336895583 0  0.15 0.4118444336895583 0  0.2 0.4118444336895583 0  0.25 0.4118444336895583 0  0.3 0.4118444336895583 0  0.35 0.4118444336895583 0  0.4 0.4118444336895583 0  0.45 0.4118444336895583 0  0.5 0.4118444336895583 0  0.55 0.4118444336895583 0  0.6000000000000001 0.4118444336895583 0  0.65 0.4118444336895583 0  0.7000000000000001 0.4118444336895583 0  0.75 0.4118444336895583 0  0.8 0.4118444336895583 0  0.8500000000000001 0.4118444336895583 0  0.9 0.4118444336895583 0  0.9500000000000001 0.4118444336895583 0  1 0.4118444336895583 0  1.05 0.4118444336895583 0  1.1 0.4118444336895583 0  1.15 0.4118444336895583 0  1.2 0.4118444336895583 0  1.25 0.4118444336895583 0  1.3 0.4118444336895583 0  1.35 0.4118444336895583 0  1.4 0.4118444336895583 0  1.45 0.4118444336895583 0  1.5 0.4118444336895583 0  1.55 0.4118444336895583 0  1.6 0.4118444336895583 0  1.65 0.4118444336895583 0  1.7 0.4118444336895583 0  1.75 0.4118444336895583 0  1.8 0.4118444336895583 0  1.85 0.4118444336895583 0  1.9 0.4118444336895583 0  1.95 0.4118444336895583 0  2 0.4118444336895583 0  0 0.4510548047769211 0  0.05 0.4510548047769211 0  0.1 0.4510548047769211 0  0.15 0.4510548047769211 0  0.2 0.4510548047769211 0  0.25 0.4510548047769211 0  0.3 0.4510548047769211 0  0.35 0.4510548047769211 0  0.4 0.4510548047769211 0  0.45 0.4510548047769211 0  0.5 0.4510548047769211 0  0.55 0.4510548047769211 0  0.6000000000000001 0.4510548047769211 0  0.65 0.4510548047769211 0  0.7000000000000001 0.4510548047769211 0  0.75 0.4510548047769211 0  0.8 0.4510548047769211 0  0.8500000000000001 0.4510548047769211 0  0.9 0.4510548047769211 0  0.9500000000000001 0.4510548047769211 0  1 0.4510548047769211 0  1.05 0.4510548047769211 0  1.1 0.4510548047769211 0  1.15 0.4510548047769211 0  1.2 0.4510548047769211 0  1.25 0.4510548047769211 0  1.3 0.4510548047769211 0  1.35 0.4510548047769211 0  1.4 0.4510548047769211 0  1.45 0.4510548047769211 0  1.5 0.4510548047769211 0  1.55 0.4510548047769211 0  1.6 0.4510548047769211 0  1.65 0.4510548047769211 0  1.7 0.4510548047769211 0  1.75 0.4510548047769211 0  1.8 0.4510548047769211 0  1.85 0.4510548047769211 0  1.9 0.4510548047769211 0  1.95 0.4510548047769211 0  2 0.4510548047769211 0  0 0.4902651758642839 0  0.05 0.4902651758642839 0  0.1 0.4902651758642839 0  0.15 0.4902651758642839 0  0.2 0.4902651758642839 0  0.25 0.4902651758642839 0  0.3 0.4902651758642839 0  0.35 0.4902651758642839 0  0.4 0.4902651758642839 0  0.45 0.4902651758642839 0  0.5 0.4902651758642839 0  0.55 0.4902651758642839 0  0.6000000000000001 0.4902651758642839 0  0.65 0.4902651758642839 0  0.7000000000000001 0.4902651758642839 0  0.75 0.4902651758642839 0  0.8 0.4902651758642839 0  0.8500000000000001 0.4902651758642839 0  0.9 0.4902651758642839 0  0.9500000000000001 0.4902651758642839 0  1 0.4902651758642839 0  1.05 0.4902651758642839 0  1.1 0.4902651758642839 0  1.15 0.4902651758642839 0  1.2 0.4902651758642839 0  1.25 0.4902651758642839 0  1.3 0.4902651758642839 0  1.35 0.4902651758642839 0  1.4 0.4902651758642839 0  1.45 0.4902651758642839 0  1.5 0.4902651758642839 0  1.55 0.4902651758642839 0  1.6 0.4902651758642839 0  1.65 0.4902651758642839 0  1.7 0.4902651758642839 0  1.75 0.4902651758642839 0  1.8 0.4902651758642839 0  1.85 0.4902651758642839 0  1.9 0.4902651758642839 0  1.95 0.4902651758642839 0  2 0.4902651758642839 0  0 0.5294755469516466 0  0.05 0.5294755469516466 0  0.1 0.5294755469516466 0  0.15 0.5294755469516466 0  0.2 0.5294755469516466 0  0.25 0.5294755469516466 0  0.3 0.5294755469516466 0  0.35 0.5294755469516466 0  0.4 0.5294755469516466 0  0.45 0.5294755469516466 0  0.5 0.5294755469516466 0  0.55 0.5294755469516466 0  0.6000000000000001 0.5294755469516466 0  0.65 0.5294755469516466 0  0.7000000000000001 0.5294755469516466 0  0.75 0.5294755469516466 0  0.8 0.5294755469516466 0  0.8500000000000001 0.5294755469516466 0  0.9 0.5294755469516466 0  0.9500000000000001 0.5294755469516466 0  1 0.5294755469516466 0  1.05 0.5294755469516466 0  1.1 0.5294755469516466 0  1.15 0.5294755469516466 0  1.2 0.5294755469516466 0  1.25 0.5294755469516466 0  1.3 0.5294755469516466 0  1.35 0.5294755469516466 0  1.4 0.5294755469516466 0  1.45 0.5294755469516466 0  1.5 0.5294755469516466 0  1.55 0.5294755469516466 0  1.6 0.5294755469516466 0  1.65 0.5294755469516466 0  1.7 0.5294755469516466 0  1.75 0.5294755469516466 0  1.8 0.5294755469516466 0  1.85 0.5294755469516466 0  1.9 0.5294755469516466 0  1.95 0.5294755469516466 0  2 0.5294755469516466 0  0 0.5686859180390094 0  0.05 0.5686859180390094 0  0.1 0.5686859180390094 0  0.15 0.5686859180390094 0  0.2 0.5686859180390094 0  0.25 0.5686859180390094 0  0.3 0.5686859180390094 0  0.35 0.5686859180390094 0  0.4 0.5686859180390094 0  0.45 0.5686859180390094 0  0.5 0.5686859180390094 0  0.55 0.5686859180390094 0  0.6000000000000001 0.5686859180390094 0  0.65 0.5686859180390094 0  0.7000000000000001 0.5686859180390094 0  0.75 0.5686859180390094 0  0.8 0.5686859180390094 0  0.8500000000000001 0.5686859180390094 0  0.9 0.5686859180390094 0  0.9500000000000001 0.5686859180390094 0  1 0.5686859180390094 0  1.05 0.5686859180390094 0  1.1 0.5686859180390094 0  1.15 0.5686859180390094 0  1.2 0.5686859180390094 0  1.25 0.5686859180390094 0  1.3 0.5686859180390094 0  1.35 0.5686859180390094 0  1.4 0.5686859180390094 0  1.45 0.5686859180390094 0  1.5 0.5686859180390094 0  1.55 0.5686859180390094 0  1.6 0.5686859180390094 0  1.65 0.5686859180390094 0  1.7 0.5686859180390094 0  1.75 0.5686859180390094 0  1.8 0.5686859180390094 0  1.85 0.5686859180390094 0  1.9 0.5686859180390094 0  1.95 0.5686859180390094 0  2 0.5686859180390094 0  0 0.6078962891263722 0  0.05 0.6078962891263722 0  0.1 0.6078962891263722 0  0.15 0.6078962891263722 0  0.2 0.6078962891263722 0  0.25 0.6078962891263722 0  0.3 0.6078962891263722 0  0.35 0.6078962891263722 0  0.4 0.6078962891263722 0  0.45 0.6078962891263722 0  0.5 0.6078962891263722 0  0.55 0.6078962891263722 0  0.6000000000000001 0.6078962891263722 0  0.65 0.6078962891263722 0  0.7000000000000001 0.6078962891263722 0  0.75 0.6078962891263722 0  0.8 0.6078962891263722 0  0.8500000000000001 0.6078962891263722 0  0.9 0.6078962891263722 0  0.9500000000000001 0.6078962891263722 0  1 0.6078962891263722 0  1.05 0.6078962891263722 0  1.1 0.6078962891263722 0  1.15 0.6078962891263722 0  1.2 0.6078962891263722 0  1.25 0.6078962891263722 0  1.3 0.6078962891263722 0  1.35 0.6078962891263722 0  1.4 0.6078962891263722 0  1.45 0.6078962891263722 0  1.5 0.6078962891263722 0  1.55 0.6078962891263722 0  1.6 0.6078962891263722 0  1.65 0.6078962891263722 0  1.7 0.6078962891263722 0  1.75 0.6078962891263722 0  1.8 0.6078962891263722 0  1.85 0.6078962891263722 0  1.9 0.6078962891263722 0  1.95 0.6078962891263722 0  2 0.6078962891263722 0  0 0.647106660213735 0  0.05 0.647106660213735 0  0.1 0.647106660213735 0  0.15 0.647106660213735 0  0.2 0.647106660213735 0  0.25 0.647106660213735 0  0.3 0.647106660213735 0  0.35 0.647106660213735 0  0.4 0.647106660213735 0  0.45 0.647106660213735 0  0.5 0.647106660213735 0  0.55 0.647106660213735 0  0.6000000000000001 0.647106660213735 0  0.65 0.647106660213735 0  0.7000000000000001 0.647106660213735 0  0.75 0.647106660213735 0  0.8 0.647106660213735 0  0.8500000000000001 0.647106660213735 0  0.9 0.647106660213735 0  0.9500000000000001 0.647106660213735 0  1 0.647106660213735 0  1.05 0.647106660213735 0  1.1 0.647106660213735 0  1.15 0.647106660213735 0  1.2 0.647106660213735 0  1.25 0.647106660213735 0  1.3 0.647106660213735 0  1.35 0.647106660213735 0  1.4 0.647106660213735 0  1.45 0.647106660213735 0  1.5 0.647106660213735 0  1.55 0.647106660213735 0  1.6 0.647106660213735 0  1.65 0.647106660213735 0  1.7 0.647106660213735 0  1.75 0.647106660213735 0  1.8 0.647106660213735 0  1.85 0.647106660213735 0  1.9 0.647106660213735 0  1.95 0.647106660213735 0  2 0.647106660213735 0  0 0.6863170313010978 0  0.05 0.6863170313010978 0  0.1 0.6863170313010978 0  0.15 0.6863170313010978 0  0.2 0.6863170313010978 0  0.25 0.6863170313010978 0  0.3 0.6863170313010978 0  0.35 0.6863170313010978 0  0.4 0.6863170313010978 0  0.45 0.6863170313010978 0  0.5 0.6863170313010978 0  0.55 0.6863170313010978 0  0.6000000000000001 0.6863170313010978 0  0.65 0.6863170313010978 0  0.7000000000000001 0.6863170313010978 0  0.75 0.6863170313010978 0  0.8 0.6863170313010978 0  0.8500000000000001 0.6863170313010978 0  0.9 0.6863170313010978 0  0.9500000000000001 0.6863170313010978 0  1 0.6863170313010978 0  1.05 0.6863170313010978 0  1.1 0.6863170313010978 0  1.15 0.6863170313010978 0  1.2 0.6863170313010978 0  1.25 0.6863170313010978 0  1.3 0.6863170313010978 0  1.35 0.6863170313010978 0  1.4 0.6863170313010978 0  1.45 0.6863170313010978 0  1.5 0.6863170313010978 0  1.55 0.6863170313010978 0  1.6 0.6863170313010978 0  1.65 0.6863170313010978 0  1.7 0.6863170313010978 0  1.75 0.6863170313010978 0  1.8 0.6863170313010978 0  1.85 0.6863170313010978 0  1.9 0.6863170313010978 0  1.95 0.6863170313010978 0  2 0.6863170313010978 0  0 0.7255274023884606 0  0.05 0.7255274023884606 0  0.1 0.7255274023884606 0  0.15 0.7255274023884606 0  0.2 0.7255274023884606 0  0.25 0.7255274023884606 0  0.3 0.7255274023884606 0  0.35 0.7255274023884606 0  0.4 0.7255274023884606 0  0.45 0.7255274023884606 0  0.5 0.7255274023884606 0  0.55 0.7255274023884606 0  0.6000000000000001 0.7255274023884606 0  0.65 0.7255274023884606 0  0.7000000000000001 0.7255274023884606 0  0.75 0.7255274023884606 0  0.8 0.7255274023884606 0  0.8500000000000001 0.7255274023884606 0  0.9 0.7255274023884606 0  0.9500000000000001 0.7255274023884606 0  1 0.7255274023884606 0  1.05 0.7255274023884606 0  1.1 0.7255274023884606 0  1.15 0.7255274023884606 0  1.2 0.7255274023884606 0  1.25 0.7255274023884606 0  1.3 0.7255274023884606 0  1.35 0.7255274023884606 0  1.4 0.7255274023884606 0  1.45 0.7255274023884606 0  1.5 0.7255274023884606 0  1.55 0.7255274023884606 0  1.6 0.7255274023884606 0  1.65 0.7255274023884606 0  1.7 0.7255274023884606 0  1.75 0.7255274023884606 0  1.8 0.7255274023884606 0  1.85 0.7255274023884606 0  1.9 0.7255274023884606 0  1.95 0.7255274023884606 0  2 0.7255274023884606 0  0 0.7647377734758233 0  0.05 0.7647377734758233 0  0.1 0.7647377734758233 0  0.15 0.7647377734758233 0  0.2 0.7647377734758233 0  0.25 0.7647377734758233 0  0.3 0.7647377734758233 0  0.35 0.7647377734758233 0  0.4 0.7647377734758233 0  0.45 0.7647377734758233 0  0.5 0.7647377734758233 0  0.55 0.7647377734758233 0  0.6000000000000001 0.7647377734758233 0  0.65 0.7647377734758233 0  0.7000000000000001 0.7647377734758233 0  0.75 0.7647377734758233 0  0.8 0.7647377734758233 0  0.8500000000000001 0.7647377734758233 0  0.9 0.7647377734758233 0  0.9500000000000001 0.7647377734758233 0  1 0.7647377734758233 0  1.05 0.7647377734758233 0  1.1 0.7647377734758233 0  1.15 0.7647377734758233 0  1.2 0.7647377734758233 0  1.25 0.7647377734758233 0  1.3 0.7647377734758233 0  1.35 0.7647377734758233 0  1.4 0.7647377734758233 0  1.45 0.7647377734758233 0  1.5 0.7647377734758233 0  1.55 0.7647377734758233 0  1.6 0.7647377734758233 0  1.65 0.7647377734758233 0  1.7 0.7647377734758233 0  1.75 0.7647377734758233 0  1.8 0.7647377734758233 0  1.85 0.7647377734758233 0  1.9 0.7647377734758233 0  1.95 0.7647377734758233 0  2 0.7647377734758233 0  0 0.803948144563186 0  0.05 0.803948144563186 0  0.1 0.803948144563186 0  0.15 0.803948144563186 0  0.2 0.803948144563186 0  0.25 0.803948144563186 0  0.3 0.803948144563186 0  0.35 0.803948144563186 0  0.4 0.803948144563186 0  0.45 0.803948144563186 0  0.5 0.803948144563186 0  0.55 0.803948144563186 0  0.6000000000000001 0.803948144563186 0  0.65 0.803948144563186 0  0.7000000000000001 0.803948144563186 0  0.75 0.803948144563186 0  0.8 0.803948144563186 0  0.8500000000000001 0.803948144563186 0  0.9 0.803948144563186 0  0.9500000000000001 0.803948144563186 0  1 0.803948144563186 0  1.05 0.803948144563186 0  1.1 0.803948144563186 0  1.15 0.803948144563186 0  1.2 0.803948144563186 0  1.25 0.803948144563186 0  1.3 0.803948144563186 0  1.35 0.803948144563186 0  1.4 0.803948144563186 0  1.45 0.803948144563186 0  1.5 0.803948144563186 0  1.55 0.803948144563186 0  1.6 0.803948144563186 0  1.65 0.803948144563186 0  1.7 0.803948144563186 0  1.75 0.803948144563186 0  1.8 0.803948144563186 0  1.85 0.803948144563186 0  1.9 0.803948144563186 0  1.95 0.803948144563186 0  2 0.803948144563186 0  0 0.8431585156505488 0  0.05 0.8431585156505488 0  0.1 0.8431585156505488 0  0.15 0.8431585156505488 0  0.2 0.8431585156505488 0  0.25 0.8431585156505488 0  0.3 0.8431585156505488 0  0.35 0.8431585156505488 0  0.4 0.8431585156505488 0  0.45 0.8431585156505488 0  0.5 0.8431585156505488 0  0.55 0.8431585156505488 0  0.6000000000000001 0.8431585156505488 0  0.65 0.8431585156505488 0  0.7000000000000001 0.8431585156505488 0  0.75 0.8431585156505488 0  0.8 0.8431585156505488 0  0.8500000000000001 0.8431585156505488 0  0.9 0.8431585156505488 0  0.9500000000000001 0.8431585156505488 0  1 0.8431585156505488 0  1.05 0.8431585156505488 0  1.1 0.8431585156505488 0  1.15 0.8431585156505488 0  1.2 0.8431585156505488 0  1.25 0.8431585156505488 0  1.3 0.8431585156505488 0  1.35 0.8431585156505488 0  1.4 0.8431585156505488 0  1.45 0.8431585156505488 0  1.5 0.8431585156505488 0  1.55 0.8431585156505488 0  1.6 0.8431585156505488 0  1.65 0.8431585156505488 0  1.7 0.8431585156505488 0  1.75 0.8431585156505488 0  1.8 0.8431585156505488 0  1.85 0.8431585156505488 0  1.9 0.8431585156505488 0  1.95 0.8431585156505488 0  2 0.8431585156505488 0  0 0.8823688867379116 0  0.05 0.8823688867379116 0  0.1 0.8823688867379116 0  0.15 0.8823688867379116 0  0.2 0.8823688867379116 0  0.25 0.8823688867379116 0  0.3 0.8823688867379116 0  0.35 0.8823688867379116 0  0.4 0.8823688867379116 0  0.45 0.8823688867379116 0  0.5 0.8823688867379116 0  0.55 0.8823688867379116 0  0.6000000000000001 0.8823688867379116 0  0.65 0.8823688867379116 0  0.7000000000000001 0.8823688867379116 0  0.75 0.8823688867379116 0  0.8 0.8823688867379116 0  0.8500000000000001 0.8823688867379116 0  0.9 0.8823688867379116 0  0.9500000000000001 0.8823688867379116 0  1 0.8823688867379116 0  1.05 0.8823688867379116 0  1.1 0.8823688867379116 0  1.15 0.8823688867379116 0  1.2 0.8823688867379116 0  1.25 0.8823688867379116 0  1.3 0.8823688867379116 0  1.35 0.8823688867379116 0  1.4 0.8823688867379116 0  1.45 0.8823688867379116 0  1.5 0.8823688867379116 0  1.55 0.8823688867379116 0  1.6 0.8823688867379116 0  1.65 0.8823688867379116 0  1.7 0.8823688867379116 0  1.75 0.8823688867379116 0  1.8 0.8823688867379116 0  1.85 0.8823688867379116 0  1.9 0.8823688867379116 0  1.95 0.8823688867379116 0  2 0.8823688867379116 0  0 0.9215792578252744 0  0.05 0.9215792578252744 0  0.1 0.9215792578252744 0  0.15 0.9215792578252744 0  0.2 0.9215792578252744 0  0.25 0.9215792578252744 0  0.3 0.9215792578252744 0  0.35 0.9215792578252744 0  0.4 0.9215792578252744 0  0.45 0.9215792578252744 0  0.5 0.9215792578252744 0  0.55 0.9215792578252744 0  0.6000000000000001 0.9215792578252744 0  0.65 0.9215792578252744 0  0.7000000000000001 0.9215792578252744 0  0.75 0.9215792578252744 0  0.8 0.9215792578252744 0  0.8500000000000001 0.9215792578252744 0  0.9 0.9215792578252744 0  0.9500000000000001 0.9215792578252744 0  1 0.9215792578252744 0  1.05 0.9215792578252744 0  1.1 0.9215792578252744 0  1.15 0.9215792578252744 0  1.2 0.9215792578252744 0  1.25 0.9215792578252744 0  1.3 0.9215792578252744 0  1.35 0.9215792578252744 0  1.4 0.9215792578252744 0  1.45 0.9215792578252744 0  1.5 0.9215792578252744 0  1.55 0.9215792578252744 0  1.6 0.9215792578252744 0  1.65 0.9215792578252744 0  1.7 0.9215792578252744 0  1.75 0.9215792578252744 0  1.8 0.9215792578252744 0  1.85 0.9215792578252744 0  1.9 0.9215792578252744 0  1.95 0.9215792578252744 0  2 0.9215792578252744 0  0 0.9607896289126372 0  0.05 0.9607896289126372 0  0.1 0.9607896289126372 0  0.15 0.9607896289126372 0  0.2 0.9607896289126372 0  0.25 0.9607896289126372 0  0.3 0.9607896289126372 0  0.35 0.9607896289126372 0  0.4 0.9607896289126372 0  0.45 0.9607896289126372 0  0.5 0.9607896289126372 0  0.55 0.9607896289126372 0  0.6000000000000001 0.9607896289126372 0  0.65 0.9607896289126372 0  0.7000000000000001 0.9607896289126372 0  0.75 0.9607896289126372 0  0.8 0.9607896289126372 0  0.8500000000000001 0.9607896289126372 0  0.9 0.9607896289126372 0  0.9500000000000001 0.9607896289126372 0  1 0.9607896289126372 0  1.05 0.9607896289126372 0  1.1 0.9607896289126372 0  1.15 0.9607896289126372 0  1.2 0.9607896289126372 0  1.25 0.9607896289126372 0  1.3 0.9607896289126372 0  1.35 0.9607896289126372 0  1.4 0.9607896289126372 0  1.45 0.9607896289126372 0  1.5 0.9607896289126372 0  1.55 0.9607896289126372 0  1.6 0.9607896289126372 0  1.65 0.9607896289126372 0  1.7 0.9607896289126372 0  1.75 0.9607896289126372 0  1.8 0.9607896289126372 0  1.85 0.9607896289126372 0  1.9 0.9607896289126372 0  1.95 0.9607896289126372 0  2 0.9607896289126372 0  0 1 0  0.05 1 0  0.1 1 0  0.15 1 0  0.2 1 0  0.25 1 0  0.3 1 0  0.35 1 0  0.4 1 0  0.45 1 0  0.5 1 0  0.55 1 0  0.6000000000000001 1 0  0.65 1 0  0.7000000000000001 1 0  0.75 1 0  0.8 1 0  0.8500000000000001 1 0  0.9 1 0  0.9500000000000001 1 0  1 1 0  1.05 1 0  1.1 1 0  1.15 1 0  1.2 1 0  1.25 1 0  1.3 1 0  1.35 1 0  1.4 1 0  1.45 1 0  1.5 1 0  1.55 1 0  1.6 1 0  1.65 1 0  1.7 1 0  1.75 1 0  1.8 1 0  1.85 1 0  1.9 1 0  1.95 1 0  2 1 0  0 1.039210371087363 0  0.05 1.039210371087363 0  0.1 1.039210371087363 0  0.15 1.039210371087363 0  0.2 1.039210371087363 0  0.25 1.039210371087363 0  0.3 1.039210371087363 0  0.35 1.039210371087363 0  0.4 1.039210371087363 0  0.45 1.039210371087363 0  0.5 1.039210371087363 0  0.55 1.039210371087363 0  0.6000000000000001 1.039210371087363 0  0.65 1.039210371087363 0  0.7000000000000001 1.039210371087363 0  0.75 1.039210371087363 0  0.8 1.039210371087363 0  0.8500000000000001 1.039210371087363 0  0.9 1.039210371087363 0  0.9500000000000001 1.039210371087363 0  1 1.039210371087363 0  1.05 1.039210371087363 0  1.1 1.039210371087363 0  1.15 1.039210371087363 0  1.2 1.039210371087363 0  1.25 1.039210371087363 0  1.3 1.039210371087363 0  1.35 1.039210371087363 0  1.4 1.039210371087363 0  1.45 1.039210371087363 0  1.5 1.039210371087363 0  1.55 1.039210371087363 0  1.6 1.039210371087363 0  1.65 1.039210371087363 0  1.7 1.039210371087363 0  1.75 1.039210371087363 0  1.8 1.039210371087363 0  1.85 1.039210371087363 0  1.9 1.039210371087363 0  1.95 1.039210371087363 0  2 1.039210371087363 0  0 1.078420742174726 0  0.05 1.078420742174726 0  0.1 1.078420742174726 0  0.15 1.078420742174726 0  0.2 1.078420742174726 0  0.25 1.078420742174726 0  0.3 1.078420742174726 0  0.35 1.078420742174726 0  0.4 1.078420742174726 0  0.45 1.078420742174726 0  0.5 1.078420742174726 0  0.55 1.078420742174726 0  0.6000000000000001 1.078420742174726 0  0.65 1.078420742174726 0  0.7000000000000001 1.078420742174726 0  0.75 1.078420742174726 0  0.8 1.078420742174726 0  0.8500000000000001 1.078420742174726 0  0.9 1.078420742174726 0  0.9500000000000001 1.078420742174726 0  1 1.078420742174726 0  1.05 1.078420742174726 0  1.1 1.078420742174726 0  1.15 1.078420742174726 0  1.2 1.078420742174726 0  1.25 1.078420742174726 0  1.3 1.078420742174726 0  1.35 1.078420742174726 0  1.4 1.078420742174726 0  1.45 1.078420742174726 0  1.5 1.078420742174726 0  1.55 1.078420742174726 0  1.6 1.078420742174726 0  1.65 1.078420742174726 0  1.7 1.078420742174726 0  1.75 1.078420742174726 0  1.8 1.078420742174726 0  1.85 1.078420742174726 0  1.9 1.078420742174726 0  1.95 1.078420742174726 0  2 1.078420742174726 0  0 1.117631113262088 0  0.05 1.117631113262088 0  0.1 1.117631113262088 0  0.15 1.117631113262088 0  0.2 1.117631113262088 0  0.25 1.117631113262088 0  0.3 1.117631113262088 0  0.35 1.117631113262088 0  0.4 1.117631113262088 0  0.45 1.117631113262088 0  0.5 1.117631113262088 0  0.55 1.117631113262088 0  0.6000000000000001 1.117631113262088 0  0.65 1.117631113262088 0  0.7000000000000001 1.117631113262088 0  0.75 1.117631113262088 0  0.8 1.117631113262088 0  0.8500000000000001 1.117631113262088 0  0.9 1.117631113262088 0  0.9500000000000001 1.117631113262088 0  1 1.117631113262088 0  1.05 1.117631113262088 0  1.1 1.117631113262088 0  1.15 1.117631113262088 0  1.2 1.117631113262088 0  1.25 1.117631113262088 0  1.3 1.117631113262088 0  1.35 1.117631113262088 0  1.4 1.117631113262088 0  1.45 1.117631113262088 0  1.5 1.117631113262088 0  1.55 1.117631113262088 0  1.6 1.117631113262088 0  1.65 1.117631113262088 0  1.7 1.117631113262088 0  1.75 1.117631113262088 0  1.8 1.117631113262088 0  1.85 1.117631113262088 0  1.9 1.117631113262088 0  1.95 1.117631113262088 0  2 1.117631113262088 0  0 1.156841484349451 0  0.05 1.156841484349451 0  0.1 1.156841484349451 0  0.15 1.156841484349451 0  0.2 1.156841484349451 0  0.25 1.156841484349451 0  0.3 1.156841484349451 0  0.35 1.156841484349451 0  0.4 1.156841484349451 0  0.45 1.156841484349451 0  0.5 1.156841484349451 0  0.55 1.156841484349451 0  0.6000000000000001 1.156841484349451 0  0.65 1.156841484349451 0  0.7000000000000001 1.156841484349451 0  0.75 1.156841484349451 0  0.8 1.156841484349451 0  0.8500000000000001 1.156841484349451 0  0.9 1.156841484349451 0  0.9500000000000001 1.156841484349451 0  1 1.156841484349451 0  1.05 1.156841484349451 0  1.1 1.156841484349451 0  1.15 1.156841484349451 0  1.2 1.156841484349451 0  1.25 1.156841484349451 0  1.3 1.156841484349451 0  1.35 1.156841484349451 0  1.4 1.156841484349451 0  1.45 1.156841484349451 0  1.5 1.156841484349451 0  1.55 1.156841484349451 0  1.6 1.156841484349451 0  1.65 1.156841484349451 0  1.7 1.156841484349451 0  1.75 1.156841484349451 0  1.8 1.156841484349451 0  1.85 1.156841484349451 0  1.9 1.156841484349451 0  1.95 1.156841484349451 0  2 1.156841484349451 0  0 1.196051855436814 0  0.05 1.196051855436814 0  0.1 1.196051855436814 0  0.15 1.196051855436814 0  0.2 1.196051855436814 0  0.25 1.196051855436814 0  0.3 1.196051855436814 0  0.35 1.196051855436814 0  0.4 1.196051855436814 0  0.45 1.196051855436814 0  0.5 1.196051855436814 0  0.55 1.196051855436814 0  0.6000000000000001 1.196051855436814 0  0.65 1.196051855436814 0  0.7000000000000001 1.196051855436814 0  0.75 1.196051855436814 0  0.8 1.196051855436814 0  0.8500000000000001 1.196051855436814 0  0.9 1.196051855436814 0  0.9500000000000001 1.196051855436814 0  1 1.196051855436814 0  1.05 1.196051855436814 0  1.1 1.196051855436814 0  1.15 1.196051855436814 0  1.2 1.196051855436814 0  1.25 1.196051855436814 0  1.3 1.196051855436814 0  1.35 1.196051855436814 0  1.4 1.196051855436814 0  1.45 1.196051855436814 0  1.5 1.196051855436814 0  1.55 1.196051855436814 0  1.6 1.196051855436814 0  1.65 1.196051855436814 0  1.7 1.196051855436814 0  1.75 1.196051855436814 0  1.8 1.196051855436814 0  1.85 1.196051855436814 0  1.9 1.196051855436814 0  1.95 1.196051855436814 0  2 1.196051855436814 0  0 1.235262226524177 0  0.05 1.235262226524177 0  0.1 1.235262226524177 0  0.15 1.235262226524177 0  0.2 1.235262226524177 0  0.25 1.235262226524177 0  0.3 1.235262226524177 0  0.35 1.235262226524177 0  0.4 1.235262226524177 0  0.45 1.235262226524177 0  0.5 1.235262226524177 0  0.55 1.235262226524177 0  0.6000000000000001 1.235262226524177 0  0.65 1.235262226524177 0  0.7000000000000001 1.235262226524177 0  0.75 1.235262226524177 0  0.8 1.235262226524177 0  0.8500000000000001 1.235262226524177 0  0.9 1.235262226524177 0  0.9500000000000001 1.235262226524177 0  1 1.235262226524177 0  1.05 1.235262226524177 0  1.1 1.235262226524177 0  1.15 1.235262226524177 0  1.2 1.235262226524177 0  1.25 1.235262226524177 0  1.3 1.235262226524177 0  1.35 1.235262226524177 0  1.4 1.235262226524177 0  1.45 1.235262226524177 0  1.5 1.235262226524177 0  1.55 1.235262226524177 0  1.6 1.235262226524177 0  1.65 1.235262226524177 0  1.7 1.235262226524177 0  1.75 1.235262226524177 0  1.8 1.235262226524177 0  1.85 1.235262226524177 0  1.9 1.235262226524177 0  1.95 1.235262226524177 0  2 1.235262226524177 0  0 1.274472597611539 0  0.05 1.274472597611539 0  0.1 1.274472597611539 0  0.15 1.274472597611539 0  0.2 1.274472597611539 0  0.25 1.274472597611539 0  0.3 1.274472597611539 0  0.35 1.274472597611539 0  0.4 1.274472597611539 0  0.45 1.274472597611539 0  0.5 1.274472597611539 0  0.55 1.274472597611539 0  0.6000000000000001 1.274472597611539 0  0.65 1.274472597611539 0  0.7000000000000001 1.274472597611539 0  0.75 1.274472597611539 0  0.8 1.274472597611539 0  0.8500000000000001 1.274472597611539 0  0.9 1.274472597611539 0  0.9500000000000001 1.274472597611539 0  1 1.274472597611539 0  1.05 1.274472597611539 0  1.1 1.274472597611539 0  1.15 1.274472597611539 0  1.2 1.274472597611539 0  1.25 1.274472597611539 0  1.3 1.274472597611539 0  1.35 1.274472597611539 0  1.4 1.274472597611539 0  1.45 1.274472597611539 0  1.5 1.274472597611539 0  1.55 1.274472597611539 0  1.6 1.274472597611539 0  1.65 1.274472597611539 0  1.7 1.274472597611539 0  1.75 1.274472597611539 0  1.8 1.274472597611539 0  1.85 1.274472597611539 0  1.9 1.274472597611539 0  1.95 1.274472597611539 0  2 1.274472597611539 0  0 1.313682968698902 0  0.05 1.313682968698902 0  0.1 1.313682968698902 0  0.15 1.313682968698902 0  0.2 1.313682968698902 0  0.25 1.313682968698902 0  0.3 1.313682968698902 0  0.35 1.313682968698902 0  0.4 1.313682968698902 0  0.45 1.313682968698902 0  0.5 1.313682968698902 0  0.55 1.313682968698902 0  0.6000000000000001 1.313682968698902 0  0.65 1.313682968698902 0  0.7000000000000001 1.313682968698902 0  0.75 1.313682968698902 0  0.8 1.313682968698902 0  0.8500000000000001 1.313682968698902 0  0.9 1.313682968698902 0  0.9500000000000001 1.313682968698902 0  1 1.313682968698902 0  1.05 1.313682968698902 0  1.1 1.313682968698902 0  1.15 1.313682968698902 0  1.2 1.313682968698902 0  1.25 1.313682968698902 0  1.3 1.313682968698902 0  1.35 1.313682968698902 0  1.4 1.313682968698902 0  1.45 1.313682968698902 0  1.5 1.313682968698902 0  1.55 1.313682968698902 0  1.6 1.313682968698902 0  1.65 1.313682968698902 0  1.7 1.313682968698902 0  1.75 1.313682968698902 0  1.8 1.313682968698902 0  1.85 1.313682968698902 0  1.9 1.313682968698902 0  1.95 1.313682968698902 0  2 1.313682968698902 0  0 1.352893339786265 0  0.05 1.352893339786265 0  0.1 1.352893339786265 0  0.15 1.352893339786265 0  0.2 1.352893339786265 0  0.25 1.352893339786265 0  0.3 1.352893339786265 0  0.35 1.352893339786265 0  0.4 1.352893339786265 0  0.45 1.352893339786265 0  0.5 1.352893339786265 0  0.55 1.352893339786265 0  0.6000000000000001 1.352893339786265 0  0.65 1.352893339786265 0  0.7000000000000001 1.352893339786265 0  0.75 1.352893339786265 0  0.8 1.352893339786265 0  0.8500000000000001 1.352893339786265 0  0.9 1.352893339786265 0  0.9500000000000001 1.352893339786265 0  1 1.352893339786265 0  1.05 1.352893339786265 0  1.1 1.352893339786265 0  1.15 1.352893339786265 0  1.2 1.352893339786265 0  1.25 1.352893339786265 0  1.3 1.352893339786265 0  1.35 1.352893339786265 0  1.4 1.352893339786265 0  1.45 1.352893339786265 0  1.5 1.352893339786265 0  1.55 1.352893339786265 0  1.6 1.352893339786265 0  1.65 1.352893339786265 0  1.7 1.352893339786265 0  1.75 1.352893339786265 0  1.8 1.352893339786265 0  1.85 1.352893339786265 0  1.9 1.352893339786265 0  1.95 1.352893339786265 0  2 1.352893339786265 0  0 1.392103710873628 0  0.05 1.392103710873628 0  0.1 1.392103710873628 0  0.15 1.392103710873628 0  0.2 1.392103710873628 0  0.25 1.392103710873628 0  0.3 1.392103710873628 0  0.35 1.392103710873628 0  0.4 1.392103710873628 0  0.45 1.392103710873628 0  0.5 1.392103710873628 0  0.55 1.392103710873628 0  0.6000000000000001 1.392103710873628 0  0.65 1.392103710873628 0  0.7000000000000001 1.392103710873628 0  0.75 1.392103710873628 0  0.8 1.392103710873628 0  0.8500000000000001 1.392103710873628 0  0.9 1.392103710873628 0  0.9500000000000001 1.392103710873628 0  1 1.392103710873628 0  1.05 1.392103710873628 0  1.1 1.392103710873628 0  1.15 1.392103710873628 0  1.2 1.392103710873628 0  1.25 1.392103710873628 0  1.3 1.392103710873628 0  1.35 1.392103710873628 0  1.4 1.392103710873628 0  1.45 1.392103710873628 0  1.5 1.392103710873628 0  1.55 1.392103710873628 0  1.6 1.392103710873628 0  1.65 1.392103710873628 0  1.7 1.392103710873628 0  1.75 1.392103710873628 0  1.8 1.392103710873628 0  1.85 1.392103710873628 0  1.9 1.392103710873628 0  1.95 1.392103710873628 0  2 1.392103710873628 0  0 1.431314081960991 0  0.05 1.431314081960991 0  0.1 1.431314081960991 0  0.15 1.431314081960991 0  0.2 1.431314081960991 0  0.25 1.431314081960991 0  0.3 1.431314081960991 0  0.35 1.431314081960991 0  0.4 1.431314081960991 0  0.45 1.431314081960991 0  0.5 1.431314081960991 0  0.55 1.431314081960991 0  0.6000000000000001 1.431314081960991 0  0.65 1.431314081960991 0  0.7000000000000001 1.431314081960991 0  0.75 1.431314081960991 0  0.8 1.431314081960991 0  0.8500000000000001 1.431314081960991 0  0.9 1.431314081960991 0  0.9500000000000001 1.431314081960991 0  1 1.431314081960991 0  1.05 1.431314081960991 0  1.1 1.431314081960991 0  1.15 1.431314081960991 0  1.2 1.431314081960991 0  1.25 1.431314081960991 0  1.3 1.431314081960991 0  1.35 1.431314081960991 0  1.4 1.431314081960991 0  1.45 1.431314081960991 0  1.5 1.431314081960991 0  1.55 1.431314081960991 0  1.6 1.431314081960991 0  1.65 1.431314081960991 0  1.7 1.431314081960991 0  1.75 1.431314081960991 0  1.8 1.431314081960991 0  1.85 1.431314081960991 0  1.9 1.431314081960991 0  1.95 1.431314081960991 0  2 1.431314081960991 0  0 1.470524453048353 0  0.05 1.470524453048353 0  0.1 1.470524453048353 0  0.15 1.470524453048353 0  0.2 1.470524453048353 0  0.25 1.470524453048353 0  0.3 1.470524453048353 0  0.35 1.470524453048353 0  0.4 1.470524453048353 0  0.45 1.470524453048353 0  0.5 1.470524453048353 0  0.55 1.470524453048353 0  0.6000000000000001 1.470524453048353 0  0.65 1.470524453048353 0  0.7000000000000001 1.470524453048353 0  0.75 1.470524453048353 0  0.8 1.470524453048353 0  0.8500000000000001 1.470524453048353 0  0.9 1.470524453048353 0  0.9500000000000001 1.470524453048353 0  1 1.470524453048353 0  1.05 1.470524453048353 0  1.1 1.470524453048353 0  1.15 1.470524453048353 0  1.2 1.470524453048353 0  1.25 1.470524453048353 0  1.3 1.470524453048353 0  1.35 1.470524453048353 0  1.4 1.470524453048353 0  1.45 1.470524453048353 0  1.5 1.470524453048353 0  1.55 1.470524453048353 0  1.6 1.470524453048353 0  1.65 1.470524453048353 0  1.7 1.470524453048353 0  1.75 1.470524453048353 0  1.8 1.470524453048353 0  1.85 1.470524453048353 0  1.9 1.470524453048353 0  1.95 1.470524453048353 0  2 1.470524453048353 0  0 1.509734824135716 0  0.05 1.509734824135716 0  0.1 1.509734824135716 0  0.15 1.509734824135716 0  0.2 1.509734824135716 0  0.25 1.509734824135716 0  0.3 1.509734824135716 0  0.35 1.509734824135716 0  0.4 1.509734824135716 0  0.45 1.509734824135716 0  0.5 1.509734824135716 0  0.55 1.509734824135716 0  0.6000000000000001 1.509734824135716 0  0.65 1.509734824135716 0  0.7000000000000001 1.509734824135716 0  0.75 1.509734824135716 0  0.8 1.509734824135716 0  0.8500000000000001 1.509734824135716 0  0.9 1.509734824135716 0  0.9500000000000001 1.509734824135716 0  1 1.509734824135716 0  1.05 1.509734824135716 0  1.1 1.509734824135716 0  1.15 1.509734824135716 0  1.2 1.509734824135716 0  1.25 1.509734824135716 0  1.3 1.509734824135716 0  1.35 1.509734824135716 0  1.4 1.509734824135716 0  1.45 1.509734824135716 0  1.5 1.509734824135716 0  1.55 1.509734824135716 0  1.6 1.509734824135716 0  1.65 1.509734824135716 0  1.7 1.509734824135716 0  1.75 1.509734824135716 0  1.8 1.509734824135716 0  1.85 1.509734824135716 0  1.9 1.509734824135716 0  1.95 1.509734824135716 0  2 1.509734824135716 0  0 1.548945195223079 0  0.05 1.548945195223079 0  0.1 1.548945195223079 0  0.15 1.548945195223079 0  0.2 1.548945195223079 0  0.25 1.548945195223079 0  0.3 1.548945195223079 0  0.35 1.548945195223079 0  0.4 1.548945195223079 0  0.45 1.548945195223079 0  0.5 1.548945195223079 0  0.55 1.548945195223079 0  0.6000000000000001 1.548945195223079 0  0.65 1.548945195223079 0  0.7000000000000001 1.548945195223079 0  0.75 1.548945195223079 0  0.8 1.548945195223079 0  0.8500000000000001 1.548945195223079 0  0.9 1.548945195223079 0  0.9500000000000001 1.548945195223079 0  1 1.548945195223079 0  1.05 1.548945195223079 0  1.1 1.548945195223079 0  1.15 1.548945195223079 0  1.2 1.548945195223079 0  1.25 1.548945195223079 0  1.3 1.548945195223079 0  1.35 1.548945195223079 0  1.4 1.548945195223079 0  1.45 1.548945195223079 0  1.5 1.548945195223079 0  1.55 1.548945195223079 0  1.6 1.548945195223079 0  1.65 1.548945195223079 0  1.7 1.548945195223079 0  1.75 1.548945195223079 0  1.8 1.548945195223079 0  1.85 1.548945195223079 0  1.9 1.548945195223079 0  1.95 1.548945195223079 0  2 1.548945195223079 0  0 1.588155566310442 0  0.05 1.588155566310442 0  0.1 1.588155566310442 0  0.15 1.588155566310442 0  0.2 1.588155566310442 0  0.25 1.588155566310442 0  0.3 1.588155566310442 0  0.35 1.588155566310442 0  0.4 1.588155566310442 0  0.45 1.588155566310442 0  0.5 1.588155566310442 0  0.55 1.588155566310442 0  0.6000000000000001 1.588155566310442 0  0.65 1.588155566310442 0  0.7000000000000001 1.588155566310442 0  0.75 1.588155566310442 0  0.8 1.588155566310442 0  0.8500000000000001 1.588155566310442 0  0.9 1.588155566310442 0  0.9500000000000001 1.588155566310442 0  1 1.588155566310442 0  1.05 1.588155566310442 0  1.1 1.588155566310442 0  1.15 1.588155566310442 0  1.2 1.588155566310442 0  1.25 1.588155566310442 0  1.3 1.588155566310442 0  1.35 1.588155566310442 0  1.4 1.588155566310442 0  1.45 1.588155566310442 0  1.5 1.588155566310442 0  1.55 1.588155566310442 0  1.6 1.588155566310442 0  1.65 1.588155566310442 0  1.7 1.588155566310442 0  1.75 1.588155566310442 0  1.8 1.588155566310442 0  1.85 1.588155566310442 0  1.9 1.588155566310442 0  1.95 1.588155566310442 0  2 1.588155566310442 0  0 1.627365937397804 0  0.05 1.627365937397804 0  0.1 1.627365937397804 0  0.15 1.627365937397804 0  0.2 1.627365937397804 0  0.25 1.627365937397804 0  0.3 1.627365937397804 0  0.35 1.627365937397804 0  0.4 1.627365937397804 0  0.45 1.627365937397804 0  0.5 1.627365937397804 0  0.55 1.627365937397804 0  0.6000000000000001 1.627365937397804 0  0.65 1.627365937397804 0  0.7000000000000001 1.627365937397804 0  0.75 1.627365937397804 0  0.8 1.627365937397804 0  0.8500000000000001 1.627365937397804 0  0.9 1.627365937397804 0  0.9500000000000001 1.627365937397804 0  1 1.627365937397804 0  1.05 1.627365937397804 0  1.1 1.627365937397804 0  1.15 1.627365937397804 0  1.2 1.627365937397804 0  1.25 1.627365937397804 0  1.3 1.627365937397804 0  1.35 1.627365937397804 0  1.4 1.627365937397804 0  1.45 1.627365937397804 0  1.5 1.627365937397804 0  1.55 1.627365937397804 0  1.6 1.627365937397804 0  1.65 1.627365937397804 0  1.7 1.627365937397804 0  1.75 1.627365937397804 0  1.8 1.627365937397804 0  1.85 1.627365937397804 0  1.9 1.627365937397804 0  1.95 1.627365937397804 0  2 1.627365937397804 0  0 1.703259934628841 0  0.05 1.703259934628841 0  0.1 1.703259934628841 0  0.15 1.703259934628841 0  0.2 1.703259934628841 0  0.25 1.703259934628841 0  0.3 1.703259934628841 0  0.35 1.703259934628841 0  0.4 1.703259934628841 0  0.45 1.703259934628841 0  0.5 1.703259934628841 0  0.55 1.703259934628841 0  0.6000000000000001 1.703259934628841 0  0.65 1.703259934628841 0  0.7000000000000001 1.703259934628841 0  0.75 1.703259934628841 0  0.8 1.703259934628841 0  0.8500000000000001 1.703259934628841 0  0.9 1.703259934628841 0  0.9500000000000001 1.703259934628841 0  1 1.703259934628841 0  1.05 1.703259934628841 0  1.1 1.703259934628841 0  1.15 1.703259934628841 0  1.2 1.703259934628841 0  1.25 1.703259934628841 0  1.3 1.703259934628841 0  1.35 1.703259934628841 0  1.4 1.703259934628841 0  1.45 1.703259934628841 0  1.5 1.703259934628841 0  1.55 1.703259934628841 0  1.6 1.703259934628841 0  1.65 1.703259934628841 0  1.7 1.703259934628841 0  1.75 1.703259934628841 0  1.8 1.703259934628841 0  1.85 1.703259934628841 0  1.9 1.703259934628841 0  1.95 1.703259934628841 0  2 1.703259934628841 0  0 1.76397513241367 0  0.05 1.76397513241367 0  0.1 1.76397513241367 0  0.15 1.76397513241367 0  0.2 1.76397513241367 0  0.25 1.76397513241367 0  0.3 1.76397513241367 0  0.35 1.76397513241367 0  0.4 1.76397513241367 0  0.45 1.76397513241367 0  0.5 1.76397513241367 0  0.55 1.76397513241367 0  0.6000000000000001 1.76397513241367 0  0.65 1.76397513241367 0  0.7000000000000001 1.76397513241367 0  0.75 1.76397513241367 0  0.8 1.76397513241367 0  0.8500000000000001 1.76397513241367 0  0.9 1.76397513241367 0  0.9500000000000001 1.76397513241367 0  1 1.76397513241367 0  1.05 1.76397513241367 0  1.1 1.76397513241367 0  1.15 1.76397513241367 0  1.2 1.76397513241367 0  1.25 1.76397513241367 0  1.3 1.76397513241367 0  1.35 1.76397513241367 0  1.4 1.76397513241367 0  1.45 1.76397513241367 0  1.5 1.76397513241367 0  1.55 1.76397513241367 0  1.6 1.76397513241367 0  1.65 1.76397513241367 0  1.7 1.76397513241367 0  1.75 1.76397513241367 0  1.8 1.76397513241367 0  1.85 1.76397513241367 0  1.9 1.76397513241367 0  1.95 1.76397513241367 0  2 1.76397513241367 0  0 1.812547290641534 0  0.05 1.812547290641534 0  0.1 1.812547290641534 0  0.15 1.812547290641534 0  0.2 1.812547290641534 0  0.25 1.812547290641534 0  0.3 1.812547290641534 0  0.35 1.812547290641534 0  0.4 1.812547290641534 0  0.45 1.812547290641534 0  0.5 1.812547290641534 0  0.55 1.812547290641534 0  0.6000000000000001 1.812547290641534 0  0.65 1.812547290641534 0  0.7000000000000001 1.812547290641534 0  0.75 1.812547290641534 0  0.8 1.812547290641534 0  0.8500000000000001 1.812547290641534 0  0.9 1.812547290641534 0  0.9500000000000001 1.812547290641534 0  1 1.812547290641534 0  1.05 1.812547290641534 0  1.1 1.812547290641534 0  1.15 1.812547290641534 0  1.2 1.812547290641534 0  1.25 1.812547290641534 0  1.3 1.812547290641534 0  1.35 1.812547290641534 0  1.4 1.812547290641534 0  1.45 1.812547290641534 0  1.5 1.812547290641534 0  1.55 1.812547290641534 0  1.6 1.812547290641534 0  1.65 1.812547290641534 0  1.7 1.812547290641534 0  1.75 1.812547290641534 0  1.8 1.812547290641534 0  1.85 1.812547290641534 0  1.9 1.812547290641534 0  1.95 1.812547290641534 0  2 1.812547290641534 0  0 1.851405017223824 0  0.05 1.851405017223824 0  0.1 1.851405017223824 0  0.15 1.851405017223824 0  0.2 1.851405017223824 0  0.25 1.851405017223824 0  0.3 1.851405017223824 0  0.35 1.851405017223824 0  0.4 1.851405017223824 0  0.45 1.851405017223824 0  0.5 1.851405017223824 0  0.55 1.851405017223824 0  0.6000000000000001 1.851405017223824 0  0.65 1.851405017223824 0  0.7000000000000001 1.851405017223824 0  0.75 1.851405017223824 0  0.8 1.851405017223824 0  0.8500000000000001 1.851405017223824 0  0.9 1.851405017223824 0  0.9500000000000001 1.851405017223824 0  1 1.851405017223824 0  1.05 1.851405017223824 0  1.1 1.851405017223824 0  1.15 1.851405017223824 0  1.2 1.851405017223824 0  1.25 1.851405017223824 0  1.3 1.851405017223824 0  1.35 1.851405017223824 0  1.4 1.851405017223824 0  1.45 1.851405017223824 0  1.5 1.851405017223824 0  1.55 1.851405017223824 0  1.6 1.851405017223824 0  1.65 1.851405017223824 0  1.7 1.851405017223824 0  1.75 1.851405017223824 0  1.8 1.851405017223824 0  1.85 1.851405017223824 0  1.9 1.851405017223824 0  1.95 1.851405017223824 0  2 1.851405017223824 0  0 1.882491198489657 0  0.05 1.882491198489657 0  0.1 1.882491198489657 0  0.15 1.882491198489657 0  0.2 1.882491198489657 0  0.25 1.882491198489657 0  0.3 1.882491198489657 0  0.35 1.882491198489657 0  0.4 1.882491198489657 0  0.45 1.882491198489657 0  0.5 1.882491198489657 0  0.55 1.882491198489657 0  0.6000000000000001 1.882491198489657 0  0.65 1.882491198489657 0  0.7000000000000001 1.882491198489657 0  0.75 1.882491198489657 0  0.8 1.882491198489657 0  0.8500000000000001 1.882491198489657 0  0.9 1.882491198489657 0  0.9500000000000001 1.882491198489657 0  1 1.882491198489657 0  1.05 1.882491198489657 0  1.1 1.882491198489657 0  1.15 1.882491198489657 0  1.2 1.882491198489657 0  1.25 1.882491198489657 0  1.3 1.882491198489657 0  1.35 1.882491198489657 0  1.4 1.882491198489657 0  1.45 1.882491198489657 0  1.5 1.882491198489657 0  1.55 1.882491198489657 0  1.6 1.882491198489657 0  1.65 1.882491198489657 0  1.7 1.882491198489657 0  1.75 1.882491198489657 0  1.8 1.882491198489657 0  1.85 1.882491198489657 0  1.9 1.882491198489657 0  1.95 1.882491198489657 0  2 1.882491198489657 0  0 1.907360143502323 0  0.05 1.907360143502323 0  0.1 1.907360143502323 0  0.15 1.907360143502323 0  0.2 1.907360143502323 0  0.25 1.907360143502323 0  0.3 1.907360143502323 0  0.35 1.907360143502323 0  0.4 1.907360143502323 0  0.45 1.907360143502323 0  0.5 1.907360143502323 0  0.55 1.907360143502323 0  0.6000000000000001 1.907360143502323 0  0.65 1.907360143502323 0  0.7000000000000001 1.907360143502323 0  0.75 1.907360143502323 0  0.8 1.907360143502323 0  0.8500000000000001 1.907360143502323 0  0.9 1.907360143502323 0  0.9500000000000001 1.907360143502323 0  1 1.907360143502323 0  1.05 1.907360143502323 0  1.1 1.907360143502323 0  1.15 1.907360143502323 0  1.2 1.907360143502323 0  1.25 1.907360143502323 0  1.3 1.907360143502323 0  1.35 1.907360143502323 0  1.4 1.907360143502323 0  1.45 1.907360143502323 0  1.5 1.907360143502323 0  1.55 1.907360143502323 0  1.6 1.907360143502323 0  1.65 1.907360143502323 0  1.7 1.907360143502323 0  1.75 1.907360143502323 0  1.8 1.907360143502323 0  1.85 1.907360143502323 0  1.9 1.907360143502323 0  1.95 1.907360143502323 0  2 1.907360143502323 0  0 1.927255299512456 0  0.05 1.927255299512456 0  0.1 1.927255299512456 0  0.15 1.927255299512456 0  0.2 1.927255299512456 0  0.25 1.927255299512456 0  0.3 1.927255299512456 0  0.35 1.927255299512456 0  0.4 1.927255299512456 0  0.45 1.927255299512456 0  0.5 1.927255299512456 0  0.55 1.927255299512456 0  0.6000000000000001 1.927255299512456 0  0.65 1.927255299512456 0  0.7000000000000001 1.927255299512456 0  0.75 1.927255299512456 0  0.8 1.927255299512456 0  0.8500000000000001 1.927255299512456 0  0.9 1.927255299512456 0  0.9500000000000001 1.927255299512456 0  1 1.927255299512456 0  1.05 1.927255299512456 0  1.1 1.927255299512456 0  1.15 1.927255299512456 0  1.2 1.927255299512456 0  1.25 1.927255299512456 0  1.3 1.927255299512456 0  1.35 1.927255299512456 0  1.4 1.927255299512456 0  1.45 1.927255299512456 0  1.5 1.927255299512456 0  1.55 1.927255299512456 0  1.6 1.927255299512456 0  1.65 1.927255299512456 0  1.7 1.927255299512456 0  1.75 1.927255299512456 0  1.8 1.927255299512456 0  1.85 1.927255299512456 0  1.9 1.927255299512456 0  1.95 1.927255299512456 0  2 1.927255299512456 0  0 1.943171424320562 0  0.05 1.943171424320562 0  0.1 1.943171424320562 0  0.15 1.943171424320562 0  0.2 1.943171424320562 0  0.25 1.943171424320562 0  0.3 1.943171424320562 0  0.35 1.943171424320562 0  0.4 1.943171424320562 0  0.45 1.943171424320562 0  0.5 1.943171424320562 0  0.55 1.943171424320562 0  0.6000000000000001 1.943171424320562 0  0.65 1.943171424320562 0  0.7000000000000001 1.943171424320562 0  0.75 1.943171424320562 0  0.8 1.943171424320562 0  0.8500000000000001 1.943171424320562 0  0.9 1.943171424320562 0  0.9500000000000001 1.943171424320562 0  1 1.943171424320562 0  1.05 1.943171424320562 0  1.1 1.943171424320562 0  1.15 1.943171424320562 0  1.2 1.943171424320562 0  1.25 1.943171424320562 0  1.3 1.943171424320562 0  1.35 1.943171424320562 0  1.4 1.943171424320562 0  1.45 1.943171424320562 0  1.5 1.943171424320562 0  1.55 1.943171424320562 0  1.6 1.943171424320562 0  1.65 1.943171424320562 0  1.7 1.943171424320562 0  1.75 1.943171424320562 0  1.8 1.943171424320562 0  1.85 1.943171424320562 0  1.9 1.943171424320562 0  1.95 1.943171424320562 0  2 1.943171424320562 0  0 1.955904324167047 0  0.05 1.955904324167047 0  0.1 1.955904324167047 0  0.15 1.955904324167047 0  0.2 1.955904324167047 0  0.25 1.955904324167047 0  0.3 1.955904324167047 0  0.35 1.955904324167047 0  0.4 1.955904324167047 0  0.45 1.955904324167047 0  0.5 1.955904324167047 0  0.55 1.955904324167047 0  0.6000000000000001 1.955904324167047 0  0.65 1.955904324167047 0  0.7000000000000001 1.955904324167047 0  0.75 1.955904324167047 0  0.8 1.955904324167047 0  0.8500000000000001 1.955904324167047 0  0.9 1.955904324167047 0  0.9500000000000001 1.955904324167047 0  1 1.955904324167047 0  1.05 1.955904324167047 0  1.1 1.955904324167047 0  1.15 1.955904324167047 0  1.2 1.955904324167047 0  1.25 1.955904324167047 0  1.3 1.955904324167047 0  1.35 1.955904324167047 0  1.4 1.955904324167047 0  1.45 1.955904324167047 0  1.5 1.955904324167047 0  1.55 1.955904324167047 0  1.6 1.955904324167047 0  1.65 1.955904324167047 0  1.7 1.955904324167047 0  1.75 1.955904324167047 0  1.8 1.955904324167047 0  1.85 1.955904324167047 0  1.9 1.955904324167047 0  1.95 1.955904324167047 0  2 1.955904324167047 0  0 1.966090644044235 0  0.05 1.966090644044235 0  0.1 1.966090644044235 0  0.15 1.966090644044235 0  0.2 1.966090644044235 0  0.25 1.966090644044235 0  0.3 1.966090644044235 0  0.35 1.966090644044235 0  0.4 1.966090644044235 0  0.45 1.966090644044235 0  0.5 1.966090644044235 0  0.55 1.966090644044235 0  0.6000000000000001 1.966090644044235 0  0.65 1.966090644044235 0  0.7000000000000001 1.966090644044235 0  0.75 1.966090644044235 0  0.8 1.966090644044235 0  0.8500000000000001 1.966090644044235 0  0.9 1.966090644044235 0  0.9500000000000001 1.966090644044235 0  1 1.966090644044235 0  1.05 1.966090644044235 0  1.1 1.966090644044235 0  1.15 1.966090644044235 0  1.2 1.966090644044235 0  1.25 1.966090644044235 0  1.3 1.966090644044235 0  1.35 1.966090644044235 0  1.4 1.966090644044235 0  1.45 1.966090644044235 0  1.5 1.966090644044235 0  1.55 1.966090644044235 0  1.6 1.966090644044235 0  1.65 1.966090644044235 0  1.7 1.966090644044235 0  1.75 1.966090644044235 0  1.8 1.966090644044235 0  1.85 1.966090644044235 0  1.9 1.966090644044235 0  1.95 1.966090644044235 0  2 1.966090644044235 0  0 1.974239699945985 0  0.05 1.974239699945985 0  0.1 1.974239699945985 0  0.15 1.974239699945985 0  0.2 1.974239699945985 0  0.25 1.974239699945985 0  0.3 1.974239699945985 0  0.35 1.974239699945985 0  0.4 1.974239699945985 0  0.45 1.974239699945985 0  0.5 1.974239699945985 0  0.55 1.974239699945985 0  0.6000000000000001 1.974239699945985 0  0.65 1.974239699945985 0  0.7000000000000001 1.974239699945985 0  0.75 1.974239699945985 0  0.8 1.974239699945985 0  0.8500000000000001 1.974239699945985 0  0.9 1.974239699945985 0  0.9500000000000001 1.974239699945985 0  1 1.974239699945985 0  1.05 1.974239699945985 0  1.1 1.974239699945985 0  1.15 1.974239699945985 0  1.2 1.974239699945985 0  1.25 1.974239699945985 0  1.3 1.974239699945985 0  1.35 1.974239699945985 0  1.4 1.974239699945985 0  1.45 1.974239699945985 0  1.5 1.974239699945985 0  1.55 1.974239699945985 0  1.6 1.974239699945985 0  1.65 1.974239699945985 0  1.7 1.974239699945985 0  1.75 1.974239699945985 0  1.8 1.974239699945985 0  1.85 1.974239699945985 0  1.9 1.974239699945985 0  1.95 1.974239699945985 0  2 1.974239699945985 0  0 1.980758944667386 0  0.05 1.980758944667386 0  0.1 1.980758944667386 0  0.15 1.980758944667386 0  0.2 1.980758944667386 0  0.25 1.980758944667386 0  0.3 1.980758944667386 0  0.35 1.980758944667386 0  0.4 1.980758944667386 0  0.45 1.980758944667386 0  0.5 1.980758944667386 0  0.55 1.980758944667386 0  0.6000000000000001 1.980758944667386 0  0.65 1.980758944667386 0  0.7000000000000001 1.980758944667386 0  0.75 1.980758944667386 0  0.8 1.980758944667386 0  0.8500000000000001 1.980758944667386 0  0.9 1.980758944667386 0  0.9500000000000001 1.980758944667386 0  1 1.980758944667386 0  1.05 1.980758944667386 0  1.1 1.980758944667386 0  1.15 1.980758944667386 0  1.2 1.980758944667386 0  1.25 1.980758944667386 0  1.3 1.980758944667386 0  1.35 1.980758944667386 0  1.4 1.980758944667386 0  1.45 1.980758944667386 0  1.5 1.980758944667386 0  1.55 1.980758944667386 0  1.6 1.980758944667386 0  1.65 1.980758944667386 0  1.7 1.980758944667386 0  1.75 1.980758944667386 0  1.8 1.980758944667386 0  1.85 1.980758944667386 0  1.9 1.980758944667386 0  1.95 1.980758944667386 0  2 1.980758944667386 0  0 1.985974340444506 0  0.05 1.985974340444506 0  0.1 1.985974340444506 0  0.15 1.985974340444506 0  0.2 1.985974340444506 0  0.25 1.985974340444506 0  0.3 1.985974340444506 0  0.35 1.985974340444506 0  0.4 1.985974340444506 0  0.45 1.985974340444506 0  0.5 1.985974340444506 0  0.55 1.985974340444506 0  0.6000000000000001 1.985974340444506 0  0.65 1.985974340444506 0  0.7000000000000001 1.985974340444506 0  0.75 1.985974340444506 0  0.8 1.985974340444506 0  0.8500000000000001 1.985974340444506 0  0.9 1.985974340444506 0  0.9500000000000001 1.985974340444506 0  1 1.985974340444506 0  1.05 1.985974340444506 0  1.1 1.985974340444506 0  1.15 1.985974340444506 0  1.2 1.985974340444506 0  1.25 1.985974340444506 0  1.3 1.985974340444506 0  1.35 1.985974340444506 0  1.4 1.985974340444506 0  1.45 1.985974340444506 0  1.5 1.985974340444506 0  1.55 1.985974340444506 0  1.6 1.985974340444506 0  1.65 1.985974340444506 0  1.7 1.985974340444506 0  1.75 1.985974340444506 0  1.8 1.985974340444506 0  1.85 1.985974340444506 0  1.9 1.985974340444506 0  1.95 1.985974340444506 0  2 1.985974340444506 0  0 1.990146657066202 0  0.05 1.990146657066202 0  0.1 1.990146657066202 0  0.15 1.990146657066202 0  0.2 1.990146657066202 0  0.25 1.990146657066202 0  0.3 1.990146657066202 0  0.35 1.990146657066202 0  0.4 1.990146657066202 0  0.45 1.990146657066202 0  0.5 1.990146657066202 0  0.55 1.990146657066202 0  0.6000000000000001 1.990146657066202 0  0.65 1.990146657066202 0  0.7000000000000001 1.990146657066202 0  0.75 1.990146657066202 0  0.8 1.990146657066202 0  0.8500000000000001 1.990146657066202 0  0.9 1.990146657066202 0  0.9500000000000001 1.990146657066202 0  1 1.990146657066202 0  1.05 1.990146657066202 0  1.1 1.990146657066202 0  1.15 1.990146657066202 0  1.2 1.990146657066202 0  1.25 1.990146657066202 0  1.3 1.990146657066202 0  1.35 1.990146657066202 0  1.4 1.990146657066202 0  1.45 1.990146657066202 0  1.5 1.990146657066202 0  1.55 1.990146657066202 0  1.6 1.990146657066202 0  1.65 1.990146657066202 0  1.7 1.990146657066202 0  1.75 1.990146657066202 0  1.8 1.990146657066202 0  1.85 1.990146657066202 0  1.9 1.990146657066202 0  1.95 1.990146657066202 0  2 1.990146657066202 0  0 1.993484510363559 0  0.05 1.993484510363559 0  0.1 1.993484510363559 0  0.15 1.993484510363559 0  0.2 1.993484510363559 0  0.25 1.993484510363559 0  0.3 1.993484510363559 0  0.35 1.993484510363559 0  0.4 1.993484510363559 0  0.45 1.993484510363559 0  0.5 1.993484510363559 0  0.55 1.993484510363559 0  0.6000000000000001 1.993484510363559 0  0.65 1.993484510363559 0  0.7000000000000001 1.993484510363559 0  0.75 1.993484510363559 0  0.8 1.993484510363559 0  0.8500000000000001 1.993484510363559 0  0.9 1.993484510363559 0  0.9500000000000001 1.993484510363559 0  1 1.993484510363559 0  1.05 1.993484510363559 0  1.1 1.993484510363559 0  1.15 1.993484510363559 0  1.2 1.993484510363559 0  1.25 1.993484510363559 0  1.3 1.993484510363559 0  1.35 1.993484510363559 0  1.4 1.993484510363559 0  1.45 1.993484510363559 0  1.5 1.993484510363559 0  1.55 1.993484510363559 0  1.6 1.993484510363559 0  1.65 1.993484510363559 0  1.7 1.993484510363559 0  1.75 1.993484510363559 0  1.8 1.993484510363559 0  1.85 1.993484510363559 0  1.9 1.993484510363559 0  1.95 1.993484510363559 0  2 1.993484510363559 0  0 1.996154793001445 0  0.05 1.996154793001445 0  0.1 1.996154793001445 0  0.15 1.996154793001445 0  0.2 1.996154793001445 0  0.25 1.996154793001445 0  0.3 1.996154793001445 0  0.35 1.996154793001445 0  0.4 1.996154793001445 0  0.45 1.996154793001445 0  0.5 1.996154793001445 0  0.55 1.996154793001445 0  0.6000000000000001 1.996154793001445 0  0.65 1.996154793001445 0  0.7000000000000001 1.996154793001445 0  0.75 1.996154793001445 0  0.8 1.996154793001445 0  0.8500000000000001 1.996154793001445 0  0.9 1.996154793001445 0  0.9500000000000001 1.996154793001445 0  1 1.996154793001445 0  1.05 1.996154793001445 0  1.1 1.996154793001445 0  1.15 1.996154793001445 0  1.2 1.996154793001445 0  1.25 1.996154793001445 0  1.3 1.996154793001445 0  1.35 1.996154793001445 0  1.4 1.996154793001445 0  1.45 1.996154793001445 0  1.5 1.996154793001445 0  1.55 1.996154793001445 0  1.6 1.996154793001445 0  1.65 1.996154793001445 0  1.7 1.996154793001445 0  1.75 1.996154793001445 0  1.8 1.996154793001445 0  1.85 1.996154793001445 0  1.9 1.996154793001445 0  1.95 1.996154793001445 0  2 1.996154793001445 0  0 1.998291019111753 0  0.05 1.998291019111753 0  0.1 1.998291019111753 0  0.15 1.998291019111753 0  0.2 1.998291019111753 0  0.25 1.998291019111753 0  0.3 1.998291019111753 0  0.35 1.998291019111753 0  0.4 1.998291019111753 0  0.45 1.998291019111753 0  0.5 1.998291019111753 0  0.55 1.998291019111753 0  0.6000000000000001 1.998291019111753 0  0.65 1.998291019111753 0  0.7000000000000001 1.998291019111753 0  0.75 1.998291019111753 0  0.8 1.998291019111753 0  0.8500000000000001 1.998291019111753 0  0.9 1.998291019111753 0  0.9500000000000001 1.998291019111753 0  1 1.998291019111753 0  1.05 1.998291019111753 0  1.1 1.998291019111753 0  1.15 1.998291019111753 0  1.2 1.998291019111753 0  1.25 1.998291019111753 0  1.3 1.998291019111753 0  1.35 1.998291019111753 0  1.4 1.998291019111753 0  1.45 1.998291019111753 0  1.5 1.998291019111753 0  1.55 1.998291019111753 0  1.6 1.998291019111753 0  1.65 1.998291019111753 0  1.7 1.998291019111753 0  1.75 1.998291019111753 0  1.8 1.998291019111753 0  1.85 1.998291019111753 0  1.9 1.998291019111753 0  1.95 1.998291019111753 0  2 1.998291019111753 0  0 2 0  0.05 2 0  0.1 2 0  0.15 2 0  0.2 2 0  0.25 2 0  0.3 2 0  0.35 2 0  0.4 2 0  0.45 2 0  0.5 2 0  0.55 2 0  0.6000000000000001 2 0  0.65 2 0  0.7000000000000001 2 0  0.75 2 0  0.8 2 0  0.8500000000000001 2 0  0.9 2 0  0.9500000000000001 2 0  1 2 0  1.05 2 0  1.1 2 0  1.15 2 0  1.2 2 0  1.25 2 0  1.3 2 0  1.35 2 0  1.4 2 0  1.45 2 0  1.5 2 0  1.55 2 0  1.6 2 0  1.65 2 0  1.7 2 0  1.75 2 0  1.8 2 0  1.85 2 0  1.9 2 0  1.95 2 0  2 2 0  </DataArray>
</Points>
<Cells>
<DataArray  type="UInt32"  Name="connectivity"  format="ascii">0 1 42  0 41 42  1 2 43  1 42 43  2 3 44  2 43 44  3 4 45  3 44 45  4 5 46  4 45 46  5 6 47  5 46 47  6 7 48  6 47 48  7 8 49  7 48 49  8 9 50  8 49 50  9 10 51  9 50 51  10 11 52  10 51 52  11 12 53  11 52 53  12 13 54  12 53 54  13 14 55  13 54 55  14 15 56  14 55 56  15 16 57  15 56 57  16 17 58  16 57 58  17 18 59  17 58 59  18 19 60  18 59 60  19 20 61  19 60 61  20 21 62  20 61 62  21 22 63  21 62 63  22 23 64  22 63 64  23 24 65  23 64 65  24 25 66  24 65 66  25 26 67  25 66 67  26 27 68  26 67 68  27 28 69  27 68 69  28 29 70  28 69 70  29 30 71  29 70 71  30 31 72  30 71 72  31 32 73  31 72 73  32 33 74  32 73 74  33 34 75  33 74 75  34 35 76  34 75 76  35 36 77  35 76 77  36 37 78  36 77 78  37 38 79  37 78 79  38 39 80  38 79 80  39 40 81  39 80 81  41 42 83  41 82 83  42 43 84  42 83 84  43 44 85  43 84 85  44 45 86  44 85 86  45 46 87  45 86 87  46 47 88  46 87 88  47 48 89  47 88 89  48 49 90  48 89 90  49 50 91  49 90 91  50 51 92  50 91 92  51 52 93  51 92 93  52 53 94  52 93 94  53 54 95  53 94 95  54 55 96  54 95 96  55 56 97  55 96 97  56 57 98  56 97 98  57 58 99  57 98 99  58 59 100  58 99 100  59 60 101  59 100 101  60 61 102  60 101 102  61 62 103  61 102 103  62 63 104  62 103 104  63 64 105  63 104 105  64 65 106  64 105 106  65 66 107  65 106 107  66 67 108  66 107 108  67 68 109  67 108 109  68 69 110  68 109 110  69 70 111  69 110 111  70 71 112  70 111 112  71 72 113  71 112 113  72 73 114  72 113 114  73 74 115  73 114 115  74 75 116  74 115 116  75 76 117  75 116 117  76 77 118  76 117 118  77 78 119  77 118 119  78 79 120  78 119 120  79 80 121  79 120 121  80 81 122  80 121 122  82 83 124  82 123 124  83 84 125  83 124 125  84 85 126  84 125 126  85 86 127  85 126 127  86 87 128  86 127 128  87 88 129  87 128 129  88 89 130  88 129 130  89 90 131  89 130 131  90 91 132  90 131 132  91 92 133  91 132 133  92 93 134  92 133 134  93 94 135  93 134 135  94 95 136  94 135 136  95 96 137  95 136 137  96 97 138  96 137 138  97 98 139  97 138 139  98 99 140  98 139 140  99 100 141  99 140 141  100 101 142  100 141 142  101 102 143  101 142 143  102 103 144  102 143 144  103 104 145  103 144 145  104 105 146  104 145 146  105 106 147  105 146 147  106 107 148  106 147 148  107 108 149  107 148 149  108 109 150  108 149 150  109 110 151  109 150 151  110 111 152  110 151 152  111 112 153  111 152 153  112 113 154  112 153 154  113 114 155  113 154 155  114 115 156  114 155 156  115 116 157  115 156 157  116 117 158  116 157 158  117 118 159  117 158 159  118 119 160  118 159 160  119 120 161  119 160 161  120 121 162  120 161 162  121 122 163  121 162 163  123 124 165  123 164 165  124 125 166  124 165 166  125 126 167  125 166 167  126 127 168  126 167 168  127 128 169  127 168 169  128 129 170  128 169 170  129 130 171  129 170 171  130 131 172  130 171 172  131 132 173  131 172 173  132 133 174  132 173 174  133 134 175  133 174 175  134 135 176  134 175 176  135 136 177  135 176 177  136 137 178  136 177 178  137 138 179  137 178 179  138 139 180  138 179 180  139 140 181  139 180 181  140 141 182  140 181 182  141 142 183  141 182 183  142 143 184  142 183 184  143 144 185  143 184 185  144 145 186  144 185 186  145 146 187  145 186 187  146 147 188  146 187 188  147 148 189  147 188 189  148 149 190  148 189 190  149 150 191  149 190 191  150 151 192  150 191 192  151 152 193  151 192 193  152 153 194  152 193 194  153 154 195  153 194 195  154 155 196  154 195 196  155 156 197  155 196 197  156 157 198  156 197 198  157 158 199  157 198 199  158 159 200  158 199 200  159 160 201  159 200 201  160 161 202  160 201 202  161 162 203  161 202 203  162 163 204  162 203 204  164 165 206  164 205 206  165 166 207  165 206 207  166 167 208  166 207 208  167 168 209  167 208 209  168 169 210  168 209 210  169 170 211  169 210 211  170 171 212  170 211 212  171 172 213  171 212 213  172 173 214  172 213 214  173 174 215  173 214 215  174 175 216  174 215 216  175 176 217  175 216 217  176 177 218  176 217 218  177 178 219  177 218 219  178 179 220  178 219 220  179 180 221  179 220 221  180 181 222  180 221 222  181 182 223  181 222 223  182 183 224  182 223 224  183 184 225  183 224 225  184 185 226  184 225 226  185 186 227  185 226 227  186 187 228  186 227 228  187 188 229  187 228 229  188 189 230  188 229 230  189 190 231  189 230 231  190 191 232  190 231 232  191 192 233  191 232 233  192 193 234  192 233 234  193 194 235  193 234 235  194 195 236  194 235 236  195 196 237  195 236 237  196 197 238  196 237 238  197 198 239  197 238 239  198 199 240  198 239 240  199 200 241  199 240 241  200 201 242  200 241 242  201 202 243  201 242 243  202 203 244  202 243 244  203 204 245  203 244 245  205 206 247  205 246 247  206 207 248  206 247 248  207 208 249  207 248 249  208 209 250  208 249 250  209 210 251  209 250 251  210 211 252  210 251 252  211 212 253  211 252 253  212 213 254  212 253 254  213 214 255  213 254 255  214 215 256  214 255 256  215 216 257  215 256 257  216 217 258  216 257 258  217 218 259  217 258 259  218 219 260  218 259 260  219 220 261  219 260 261  220 221 262  220 261 262  221 222 263  221 262 263  222 223 264  222 263 264  223 224 265  223 264 265  224 225 266  224 265 266  225 226 267  225 266 267  226 227 268  226 267 268  227 228 269  227 268 269  228 229 270  228 269 270  229 230 271  229 270 271  230 231 272  230 271 272  231 232 273  231 272 273  232 233 274  232 273 274  233 234 275  233 274 275  234 235 276  234 275 276  235 236 277  235 276 277  236 237 278  236 277 278  237 238 279  237 278 279  238 239 280  238 279 280  239 240 281  239 280 281  240 241 282  240 281 282  241 242 283  241 282 283  242 243 284  242 283 284  243 244 285  243 284 285  244 245 286  244 285 286  246 247 288  246 287 288  247 248 289  247 288 289  248 249 290  248 289 290  249 250 291  249 290 291  250 251 292  250 291 292  251 252 293  251 292 293  252 253 294  252 293 294  253 254 295  253 294 295  254 255 296  254 295 296  255 256 297  255 296 297  256 257 298  256 297 298  257 258 299  257 298 299  258 259 300  258 299 300  259 260 301  259 300 301  260 261 302  260 301 302  261 262 303  261 302 303  262 263 304  262 303 304  263 264 305  263 304 305  264 265 306  264 305 306  265 266 307  265 306 307  266 267 308  266 307 308  267 268 309  267 308 309  268 269 310  268 309 310  269 270 311  269 310 311  270 271 312  270 311 312  271 272 313  271 312 313  272 273 314  272 313 314  273 274 315  273 314 315  274 275 316  274 315 316  275 276 317  275 316 317  276 277 318  276 317 318  277 278 319  277 318 319  278 279 320  278 319 320  279 280 321  279 320 321  280 281 322  280 321 322  281 282 323  281 322 323  282 283 324  282 323 324  283 284 325  283 324 325  284 285 326  284 325 326  285 286 327  285 326 327  287 288 329  287 328 329  288 289 330  288 329 330  289 290 331  289 330 331  290 291 332  290 331 332  291 292 333  291 332 333  292 293 334  292 333 334  293 294 335  293 334 335  294 295 336  294 335 336  295 296 337  295 336 337  296 297 338  296 337 338  297 298 339  297 338 339  298 299 340  298 339 340  299 300 341  299 340 341  300 301 342  300 341 342  301 302 343  301 342 343  302 303 344  302 343 344  303 304 345  303 344 345  304 305 346  304 345 346  305 306 347  305 346 347  306 307 348  306 347 348  307 308 349  307 348 349  308 309 350  308 349 350  309 310 351  309 350 351  310 311 352  310 351 352  311 312 353  311 352 353  312 313 354  312 353 354  313 314 355  313 354 355  314 315 356  314 355 356  315 316 357  315 356 357  316 317 358  316 357 358  317 318 359  317 358 359  318 319 360  318 359 360  319 320 361  319 360 361  320 321 362  320 361 362  321 322 363  321 362 363  322 323 364  322 363 364  323 324 365  323 364 365  324 325 366  324 365 366  325 326 367  325 366 367  326 327 368  326 367 368  328 329 370  328 369 370  329 330 371  329 370 371  330 331 372  330 371 372  331 332 373  331 372 373  332 333 374  332 373 374  333 334 375  333 374 375  334 335 376  334 375 376  335 336 377  335 376 377  336 337 378  336 377 378  337 338 379  337 378 379  338 339 380  338 379 380  339 340 381  339 380 381  340 341 382  340 381 382  341 342 383  341 382 383  342 343 384  342 383 384  343 344 385  343 384 385  344 345 386  344 385 386  345 346 387  345 386 387  346 347 388  346 387 388  347 348 389  347 388 389  348 349 390  348 389 390  349 350 391  349 390 391  350 351 392  350 391 392  351 352 393  351 392 393  352 353 394  352 393 394  353 354 395  353 394 395  354 355 396  354 395 396  355 356 397  355 396 397  356 357 398  356 397 398  357 358 399  357 398 399  358 359 400  358 399 400  359 360 401  359 400 401  360 361 402  360 401 402  361 362 403  361 402 403  362 363 404  362 403 404  363 364 405  363 404 405  364 365 406  364 405 406  365 366 407  365 406 407  366 367 408  366 407 408  367 368 409  367 408 409  369 370 411  369 410 411  370 371 412  370 411 412  371 372 413  371 412 413  372 373 414  372 413 414  373 374 415  373 414 415  374 375 416  374 415 416  375 376 417  375 416 417  376 377 418  376 417 418  377 378 419  377 418 419  378 379 420  378 419 420  379 380 421  379 420 421  380 381 422  380 421 422  381 382 423  381 422 423  382 383 424  382 423 424  383 384 425  383 424 425  384 385 426  384 425 426  385 386 427  385 426 427  386 387 428  386 427 428  387 388 429  387 428 429  388 389 430  388 429 430  389 390 431  389 430 431  390 391 432  390 431 432  391 392 433  391 432 433  392 393 434  392 433 434  393 394 435  393 434 435  394 395 436  394 435 436  395 396 437  395 436 437  396 397 438  396 437 438  397 398 439  397 438 439  398 399 440  398 439 440  399 400 441  399 440 441  400 401 442  400 441 442  401 402 443  401 442 443  402 403 444  402 443 444  403 404 445  403 444 445  404 405 446  404 445 446  405 406 447  405 446 447  406 407 448  406 447 448  407 408 449  407 448 449  408 409 450  408 449 450  410 411 452  410 451 452  411 412 453  411 452 453  412 413 454  412 453 454  413 414 455  413 454 455  414 415 456  414 455 456  415 416 457  415 456 457  416 417 458  416 457 458  417 418 459  417 458 459  418 419 460  418 459 460  419 420 461  419 460 461  420 421 462  420 461 462  421 422 463  421 462 463  422 423 464  422 463 464  423 424 465  423 464 465  424 425 466  424 465 466  425 426 467  425 466 467  426 427 468  426 467 468  427 428 469  427 468 469  428 429 470  428 469 470  429 430 471  429 470 471  430 431 472  430 471 472  431 432 473  431 472 473  432 433 474  432 473 474  433 434 475  433 474 475  434 435 476  434 475 476  435 436 477  435 476 477  436 437 478  436 477 478  437 438 479  437 478 479  438 439 480  438 479 480  439 440 481  439 480 481  440 441 482  440 481 482  441 442 483  441 482 483  442 443 484  442 483 484  443 444 485  443 484 485  444 445 486  444 485 486  445 446 487  445 486 487  446 447 488  446 487 488  447 448 489  447 488 489  448 449 490  448 489 490  449 450 491  449 490 491  451 452 493  451 492 493  452 453 494  452 493 494  453 454 495  453 494 495  454 455 496  454 495 496  455 456 497  455 496 497  456 457 498  456 497 498  457 458 499  457 498 499  458 459 500  458 499 500  459 460 501  459 500 501  460 461 502  460 501 502  461 462 503  461 502 503  462 463 504  462 503 504  463 464 505  463 504 505  464 465 506  464 505 506  465 466 507  465 506 507  466 467 508  466 507 508  467 468 509  467 508 509  468 469 510  468 509 510  469 470 511  469 510 511  470 471 512  470 511 512  471 472 513  471 512 513  472 473 514  472 513 514  473 474 515  473 514 515  474 475 516  474 515 516  475 476 517  475 516 517  476 477 518  476 517 518  477 478 519  477 518 519  478 479 520  478 519 520  479 480 521  479 520 521  480 481 522  480 521 522  481 482 523  481 522 523  482 483 524  482 523 524  483 484 525  483 524 525  484 485 526  484 525 526  485 486 527  485 526 527  486 487 528  486 527 528  487 488 529  487 528 529  488 489 530  488 529 530  489 490 531  489 530 531  490 491 532  490 531 532  492 493 534  492 533 534  493 494 535  493 534 535  494 495 536  494 535 536  495 496 537  495 536 537  496 497 538  496 537 538  497 498 539  497 538 539  498 499 540  498 539 540  499 500 541  499 540 541  500 501 542  500 541 542  501 502 543  501 542 543  502 503 544  502 543 544  503 504 545  503 544 545  504 505 546  504 545 546  505 506 547  505 546 547  506 507 548  506 547 548  507 508 549  507 548 549  508 509 550  508 549 550  509 510 551  509 550 551  510 511 552  510 551 552  511 512 553  511 552 553  512 513 554  512 553 554  513 514 555  513 554 555  514 515 556  514 555 556  515 516 557  515 556 557  516 517 558  516 557 558  517 518 559  517 558 559  518 519 560  518 559 560  519 520 561  519 560 561  520 521 562  520 561 562  521 522 563  521 562 563  522 523 564  522 563 564  523 524 565  523 564 565  524 525 566  524 565 566  525 526 567  525 566 567  526 527 568  526 567 568  527 528 569  527 568 569  528 529 570  528 569 570  529 530 571  529 570 571  530 531 572  530 571 572  531 532 573  531 572 573  533 534 575  533 574 575  534 535 576  534 575 576  535 536 577  535 576 577  536 537 578  536 577 578  537 538 579  537 578 579  538 539 580  538 579 580  539 540 581  539 580 581  540 541 582  540 581 582  541 542 583  541 582 583  542 543 584  542 583 584  543 544 585  543 584 585  544 545 586  544 585 586  545 546 587  545 586 587  546 547 588  546 587 588  547 548 589  547 588 589  548 549 590  548 589 590  549 550 591  549 590 591  550 551 592  550 591 592  551 552 593  551 592 593  552 553 594  552 593 594  553 554 595  553 594 595  554 555 596  554 595 596  555 556 597  555 596 597  556 557 598  556 597 598  557 558 599  557 598 599  558 559 600  558 599 600  559 560 601  559 600 601  560 561 602  560 601 602  561 562 603  561 602 603  562 563 604  562 603 604  563 564 605  563 604 605  564 565 606  564 605 606  565 566 607  565 606 607  566 567 608  566 607 608  567 568 609  567 608 609  568 569 610  568 609 610  569 570 611  569 610 611  570 571 612  570 611 612  571 572 613  571 612 613  572 573 614  572 613 614  574 575 616  574 615 616  575 576 617  575 616 617  576 577 618  576 617 618  577 578 619  577 618 619  578 579 620  578 619 620  579 580 621  579 620 621  580 581 622  580 621 622  581 582 623  581 622 623  582 583 624  582 623 624  583 584 625  583 624 625  584 585 626  584 625 626  585 586 627  585 626 627  586 587 628  586 627 628  587 588 629  587 628 629  588 589 630  588 629 630  589 590 631  589 630 631  590 591 632  590 631 632  591 592 633  591 632 633  592 593 634  592 633 634  593 594 635  593 634 635  594 595 636  594 635 636  595 596 637  595 636 637  596 597 638  596 637 638  597 598 639  597 638 639  598 599 640  598 639 640  599 600 641  599 640 641  600 601 642  600 641 642  601 602 643  601 642 643  602 603 644  602 643 644  603 604 645  603 644 645  604 605 646  604 645 646  605 606 647  605 646 647  606 607 648  606 647 648  607 608 649  607 648 649  608 609 650  608 649 650  609 610 651  609 650 651  610 611 652  610 651 652  611 612 653  611 652 653  612 613 654  612 653 654  613 614 655  613 654 655  615 616 657  615 656 657  616 617 658  616 657 658  617 618 659  617 658 659  618 619 660  618 659 660  619 620 661  619 660 661  620 621 662  620 661 662  621 622 663  621 662 663  622 623 664  622 663 664  623 624 665  623 664 665  624 625 666  624 665 666  625 626 667  625 666 667  626 627 668  626 667 668  627 628 669  627 668 669  628 629 670  628 669 670  629 630 671  629 670 671  630 631 672  630 671 672  631 632 673  631 672 673  632 633 674  632 673 674  633 634 675  633 674 675  634 635 676  634 675 676  635 636 677  635 676 677  636 637 678  636 677 678  637 638 679  637 678 679  638 639 680  638 679 680  639 640 681  639 680 681  640 641 682  640 681 682  641 642 683  641 682 683  642 643 684  642 683 684  643 644 685  643 684 685  644 645 686  644 685 686  645 646 687  645 686 687  646 647 688  646 687 688  647 648 689  647 688 689  648 649 690  648 689 690  649 650 691  649 690 691  650 651 692  650 691 692  651 652 693  651 692 693  652 653 694  652 693 694  653 654 695  653 694 695  654 655 696  654 695 696  656 657 698  656 697 698  657 658 699  657 698 699  658 659 700  658 699 700  659 660 701  659 700 701  660 661 702  660 701 702  661 662 703  661 702 703  662 663 704  662 703 704  663 664 705  663 704 705  664 665 706  664 705 706  665 666 707  665 706 707  666 667 708  666 707 708  667 668 709  667 708 709  668 669 710  668 709 710  669 670 711  669 710 711  670 671 712  670 711 712  671 672 713  671 712 713  672 673 714  672 713 714  673 674 715  673 714 715  674 675 716  674 715 716  675 676 717  675 716 717  676 677 718  676 717 718  677 678 719  677 718 719  678 679 720  678 719 720  679 680 721  679 720 721  680 681 722  680 721 722  681 682 723  681 722 723  682 683 724  682 723 724  683 684 725  683 724 725  684 685 726  684 725 726  685 686 727  685 726 727  686 687 728  686 727 728  687 688 729  687 728 729  688 689 730  688 729 730  689 690 731  689 730 731  690 691 732  690 731 732  691 692 733  691 732 733  692 693 734  692 733 734  693 694 735  693 734 735  694 695 736  694 735 736  695 696 737  695 736 737  697 698 739  697 738 739  698 699 740  698 739 740  699 700 741  699 740 741  700 701 742  700 741 742  701 702 743  701 742 743  702 703 744  702 743 744  703 704 745  703 744 745  704 705 746  704 745 746  705 706 747  705 746 747  706 707 748  706 747 748  707 708 749  707 748 749  708 709 750  708 749 750  709 710 751  709 750 751  710 711 752  710 751 752  711 712 753  711 752 753  712 713 754  712 753 754  713 714 755  713 754 755  714 715 756  714 755 756  715 716 757  715 756 757  716 717 758  716 757 758  717 718 759  717 758 759  718 719 760  718 759 760  719 720 761  719 760 761  720 721 762  720 761 762  721 722 763  721 762 763  722 723 764  722 763 764  723 724 765  723 764 765  724 725 766  724 765 766  725 726 767  725 766 767  726 727 768  726 767 768  727 728 769  727 768 769  728 729 770  728 769 770  729 730 771  729 770 771  730 731 772  730 771 772  731 732 773  731 772 773  732 733 774  732 773 774  733 734 775  733 774 775  734 735 776  734 775 776  735 736 777  735 776 777  736 737 778  736 777 778  738 739 780  738 779 780  739 740 781  739 780 781  740 741 782  740 781 782  741 742 783  741 782 783  742 743 784  742 783 784  743 744 785  743 784 785  744 745 786  744 785 786  745 746 787  745 786 787  746 747 788  746 787 788  747 748 789  747 788 789  748 749 790  748 789 790  749 750 791  749 790 791  750 751 792  750 791 792  751 752 793  751 792 793  752 753 794  752 793 794  753 754 795  753 794 795  754 755 796  754 795 796  755 756 797  755 796 797  756 757 798  756 797 798  757 758 799  757 798 799  758 759 800  758 799 800  759 760 801  759 800 801  760 761 802  760 801 802  761 762 803  761 802 803  762 763 804  762 803 804  763 764 805  763 804 805  764 765 806  764 805 806  765 766 807  765 806 807  766 767 808  766 807 808  767 768 809  767 808 809  768 769 810  768 809 810  769 770 811  769 810 811  770 771 812  770 811 812  771 772 813  771 812 813  772 773 814  772 813 814  773 774 815  773 814 815  774 775 816  774 815 816  775 776 817  775 816 817  776 777 818  776 817 818  777 778 819  777 818 819  779 780 821  779 820 821  780 781 822  780 821 822  781 782 823  781 822 823  782 783 824  782 823 824  783 784 825  783 824 825  784 785 826  784 825 826  785 786 827  785 826 827  786 787 828  786 827 828  787 788 829  787 828 829  788 789 830  788 829 830  789 790 831  789 830 831  790 791 832  790 831 832  791 792 833  791 832 833  792 793 834  792 833 834  793 794 835  793 834 835  794 795 836  794 835 836  795 796 837  795 836 837  796 797 838  796 837 838  797 798 839  797 838 839  798 799 840  798 839 840  799 800 841  799 840 841  800 801 842  800 841 842  801 802 843  801 842 843  802 803 844  802 843 844  803 804 845  803 844 845  804 805 846  804 845 846  805 806 847  805 846 847  806 807 848  806 847 848  807 808 849  807 848 849  808 809 850  808 849 850  809 810 851  809 850 851  810 811 852  810 851 852  811 812 853  811 852 853  812 813 854  812 853 854  813 814 855  813 854 855  814 815 856  814 855 856  815 816 857  815 856 857  816 817 858  816 857 858  817 818 859  817 858 859  818 819 860  818 859 860  820 821 862  820 861 862  821 822 863  821 862 863  822 823 864  822 863 864  823 824 865  823 864 865  824 825 866  824 865 866  825 826 867  825 866 867  826 827 868  826 867 868  827 828 869  827 868 869  828 829 870  828 869 870  829 830 871  829 870 871  830 831 872  830 871 872  831 832 873  831 872 873  832 833 874  832 873 874  833 834 875  833 874 875  834 835 876  834 875 876  835 836 877  835 876 877  836 837 878  836 877 878  837 838 879  837 878 879  838 839 880  838 879 880  839 840 881  839 880 881  840 841 882  840 881 882  841 842 883  841 882 883  842 843 884  842 883 884  843 844 885  843 884 885  844 845 886  844 885 886  845 846 887  845 886 887  846 847 888  846 887 888  847 848 889  847 888 889  848 849 890  848 889 890  849 850 891  849 890 891  850 851 892  850 891 892  851 852 893  851 892 893  852 853 894  852 893 894  853 854 895  853 894 895  854 855 896  854 895 896  855 856 897  855 896 897  856 857 898  856 897 898  857 858 899  857 898 899  858 859 900  858 899 900  859 860 901  859 900 901  861 862 903  861 902 903  862 863 904  862 903 904  863 864 905  863 904 905  864 865 906  864 905 906  865 866 907  865 906 907  866 867 908  866 907 908  867 868 909  867 908 909  868 869 910  868 909 910  869 870 911  869 910 911  870 871 912  870 911 912  871 872 913  871 912 913  872 873 914  872 913 914  873 874 915  873 914 915  874 875 916  874 915 916  875 876 917  875 916 917  876 877 918  876 917 918  877 878 919  877 918 919  878 879 920  878 919 920  879 880 921  879 920 921  880 881 922  880 921 922  881 882 923  881 922 923  882 883 924  882 923 924  883 884 925  883 924 925  884 885 926  884 925 926  885 886 927  885 926 927  886 887 928  886 927 928  887 888 929  887 928 929  888 889 930  888 929 930  889 890 931  889 930 931  890 891 932  890 931 932  891 892 933  891 932 933  892 893 934  892 933 934  893 894 935  893 934 935  894 895 936  894 935 936  895 896 937  895 936 937  896 897 938  896 937 938  897 898 939  897 938 939  898 899 940  898 939 940  899 900 941  899 940 941  900 901 942  900 941 942  902 903 944  902 943 944  903 904 945  903 944 945  904 905 946  904 945 946  905 906 947  905 946 947  906 907 948  906 947 948  907 908 949  907 948 949  908 909 950  908 949 950  909 910 951  909 950 951  910 911 952  910 951 952  911 912 953  911 952 953  912 913 954  912 953 954  913 914 955  913 954 955  914 915 956  914 955 956  915 916 957  915 956 957  916 917 958  916 957 958  917 918 959  917 958 959  918 919 960  918 959 960  919 920 961  919 960 961  920 921 962  920 961 962  921 922 963  921 962 963  922 923 964  922 963 964  923 924 965  923 964 965  924 925 966  924 965 966  925 926 967  925 966 967  926 927 968  926 967 968  927 928 969  927 968 969  928 929 970  928 969 970  929 930 971  929 970 971  930 931 972  930 971 972  931 932 973  931 972 973  932 933 974  932 973 974  933 934 975  933 974 975  934 935 976  934 975 976  935 936 977  935 976 977  936 937 978  936 977 978  937 938 979  937 978 979  938 939 980  938 979 980  939 940 981  939 980 981  940 941 982  940 981 982  941 942 983  941 982 983  943 944 985  943 984 985  944 945 986  944 985 986  945 946 987  945 986 987  946 947 988  946 987 988  947 948 989  947 988 989  948 949 990  948 989 990  949 950 991  949 990 991  950 951 992  950 991 992  951 952 993  951 992 993  952 953 994  952 993 994  953 954 995  953 994 995  954 955 996  954 995 996  955 956 997  955 996 997  956 957 998  956 997 998  957 958 999  957 998 999  958 959 1000  958 999 1000  959 960 1001  959 1000 1001  960 961 1002  960 1001 1002  961 962 1003  961 1002 1003  962 963 1004  962 1003 1004  963 964 1005  963 1004 1005  964 965 1006  964 1005 1006  965 966 1007  965 1006 1007  966 967 1008  966 1007 1008  967 968 1009  967 1008 1009  968 969 1010  968 1009 1010  969 970 1011  969 1010 1011  970 971 1012  970 1011 1012  971 972 1013  971 1012 1013  972 973 1014  972 1013 1014  973 974 1015  973 1014 1015  974 975 1016  974 1015 1016  975 976 1017  975 1016 1017  976 977 1018  976 1017 1018  977 978 1019  977 1018 1019  978 979 1020  978 1019 1020  979 980 1021  979 1020 1021  980 981 1022  980 1021 1022  981 982 1023  981 1022 1023  982 983 1024  982 1023 1024  984 985 1026  984 1025 1026  985 986 1027  985 1026 1027  986 987 1028  986 1027 1028  987 988 1029  987 1028 1029  988 989 1030  988 1029 1030  989 990 1031  989 1030 1031  990 991 1032  990 1031 1032  991 992 1033  991 1032 1033  992 993 1034  992 1033 1034  993 994 1035  993 1034 1035  994 995 1036  994 1035 1036  995 996 1037  995 1036 1037  996 997 1038  996 1037 1038  997 998 1039  997 1038 1039  998 999 1040  998 1039 1040  999 1000 1041  999 1040 1041  1000 1001 1042  1000 1041 1042  1001 1002 1043  1001 1042 1043  1002 1003 1044  1002 1043 1044  1003 1004 1045  1003 1044 1045  1004 1005 1046  1004 1045 1046  1005 1006 1047  1005 1046 1047  1006 1007 1048  1006 1047 1048  1007 1008 1049  1007 1048 1049  1008 1009 1050  1008 1049 1050  1009 1010 1051  1009 1050 1051  1010 1011 1052  1010 1051 1052  1011 1012 1053  1011 1052 1053  1012 1013 1054  1012 1053 1054  1013 1014 1055  1013 1054 1055  1014 1015 1056  1014 1055 1056  1015 1016 1057  1015 1056 1057  1016 1017 1058  1016 1057 1058  1017 1018 1059  1017 1058 1059  1018 1019 1060  1018 1059 1060  1019 1020 1061  1019 1060 1061  1020 1021 1062  1020 1061 1062  1021 1022 1063  1021 1062 1063  1022 1023 1064  1022 1063 1064  1023 1024 1065  1023 1064 1065  1025 1026 1067  1025 1066 1067  1026 1027 1068  1026 1067 1068  1027 1028 1069  1027 1068 1069  1028 1029 1070  1028 1069 1070  1029 1030 1071  1029 1070 1071  1030 1031 1072  1030 1071 1072  1031 1032 1073  1031 1072 1073  1032 1033 1074  1032 1073 1074  1033 1034 1075  1033 1074 1075  1034 1035 1076  1034 1075 1076  1035 1036 1077  1035 1076 1077  1036 1037 1078  1036 1077 1078  1037 1038 1079  1037 1078 1079  1038 1039 1080  1038 1079 1080  1039 1040 1081  1039 1080 1081  1040 1041 1082  1040 1081 1082  1041 1042 1083  1041 1082 1083  1042 1043 1084  1042 1083 1084  1043 1044 1085  1043 1084 1085  1044 1045 1086  1044 1085 1086  1045 1046 1087  1045 1086 1087  1046 1047 1088  1046 1087 1088  1047 1048 1089  1047 1088 1089  1048 1049 1090  1048 1089 1090  1049 1050 1091  1049 1090 1091  1050 1051 1092  1050 1091 1092  1051 1052 1093  1051 1092 1093  1052 1053 1094  1052 1093 1094  1053 1054 1095  1053 1094 1095  1054 1055 1096  1054 1095 1096  1055 1056 1097  1055 1096 1097  1056 1057 1098  1056 1097 1098  1057 1058 1099  1057 1098 1099  1058 1059 1100  1058 1099 1100  1059 1060 1101  1059 1100 1101  1060 1061 1102  1060 1101 1102  1061 1062 1103  1061 1102 1103  1062 1063 1104  1062 1103 1104  1063 1064 1105  1063 1104 1105  1064 1065 1106  1064 1105 1106  1066 1067 1108  1066 1107 1108  1067 1068 1109  1067 1108 1109  1068 1069 1110  1068 1109 1110  1069 1070 1111  1069 1110 1111  1070 1071 1112  1070 1111 1112  1071 1072 1113  1071 1112 1113  1072 1073 1114  1072 1113 1114  1073 1074 1115  1073 1114 1115  1074 1075 1116  1074 1115 1116  1075 1076 1117  1075 1116 1117  1076 1077 1118  1076 1117 1118  1077 1078 1119  1077 1118 1119  1078 1079 1120  1078 1119 1120  1079 1080 1121  1079 1120 1121  1080 1081 1122  1080 1121 1122  1081 1082 1123  1081 1122 1123  1082 1083 1124  1082 1123 1124  1083 1084 1125  1083 1124 1125  1084 1085 1126  1084 1125 1126  1085 1086 1127  1085 1126 1127  1086 1087 1128  1086 1127 1128  1087 1088 1129  1087 1128 1129  1088 1089 1130  1088 1129 1130  1089 1090 1131  1089 1130 1131  1090 1091 1132  1090 1131 1132  1091 1092 1133  1091 1132 1133  1092 1093 1134  1092 1133 1134  1093 1094 1135  1093 1134 1135  1094 1095 1136  1094 1135 1136  1095 1096 1137  1095 1136 1137  1096 1097 1138  1096 1137 1138  1097 1098 1139  1097 1138 1139  1098 1099 1140  1098 1139 1140  1099 1100 1141  1099 1140 1141  1100 1101 1142  1100 1141 1142  1101 1102 1143  1101 1142 1143  1102 1103 1144  1102 1143 1144  1103 1104 1145  1103 1144 1145  1104 1105 1146  1104 1145 1146  1105 1106 1147  1105 1146 1147  1107 1108 1149  1107 1148 1149  1108 1109 1150  1108 1149 1150  1109 1110 1151  1109 1150 1151  1110 1111 1152  1110 1151 1152  1111 1112 1153  1111 1152 1153  1112 1113 1154  1112 1153 1154  1113 1114 1155  1113 1154 1155  1114 1115 1156  1114 1155 1156  1115 1116 1157  1115 1156 1157  1116 1117 1158  1116 1157 1158  1117 1118 1159  1117 1158 1159  1118 1119 1160  1118 1159 1160  1119 1120 1161  1119 1160 1161  1120 1121 1162  1120 1161 1162  1121 1122 1163  1121 1162 1163  1122 1123 1164  1122 1163 1164  1123 1124 1165  1123 1164 1165  1124 1125 1166  1124 1165 1166  1125 1126 1167  1125 1166 1167  1126 1127 1168  1126 1167 1168  1127 1128 1169  1127 1168 1169  1128 1129 1170  1128 1169 1170  1129 1130 1171  1129 1170 1171  1130 1131 1172  1130 1171 1172  1131 1132 1173  1131 1172 1173  1132 1133 1174  1132 1173 1174  1133 1134 1175  1133 1174 1175  1134 1135 1176  1134 1175 1176  1135 1136 1177  1135 1176 1177  1136 1137 1178  1136 1177 1178  1137 1138 1179  1137 1178 1179  1138 1139 1180  1138 1179 1180  1139 1140 1181  1139 1180 1181  1140 1141 1182  1140 1181 1182  1141 1142 1183  1141 1182 1183  1142 1143 1184  1142 1183 1184  1143 1144 1185  1143 1184 1185  1144 1145 1186  1144 1185 1186  1145 1146 1187  1145 1186 1187  1146 1147 1188  1146 1187 1188  1148 1149 1190  1148 1189 1190  1149 1150 1191  1149 1190 1191  1150 1151 1192  1150 1191 1192  1151 1152 1193  1151 1192 1193  1152 1153 1194  1152 1193 1194  1153 1154 1195  1153 1194 1195  1154 1155 1196  1154 1195 1196  1155 1156 1197  1155 1196 1197  1156 1157 1198  1156 1197 1198  1157 1158 1199  1157 1198 1199  1158 1159 1200  1158 1199 1200  1159 1160 1201  1159 1200 1201  1160 1161 1202  1160 1201 1202  1161 1162 1203  1161 1202 1203  1162 1163 1204  1162 1203 1204  1163 1164 1205  1163 1204 1205  1164 1165 1206  1164 1205 1206  1165 1166 1207  1165 1206 1207  1166 1167 1208  1166 1207 1208  1167 1168 1209  1167 1208 1209  1168 1169 1210  1168 1209 1210  1169 1170 1211  1169 1210 1211  1170 1171 1212  1170 1211 1212  1171 1172 1213  1171 1212 1213  1172 1173 1214  1172 1213 1214  1173 1174 1215  1173 1214 1215  1174 1175 1216  1174 1215 1216  1175 1176 1217  1175 1216 1217  1176 1177 1218  1176 1217 1218  1177 1178 1219  1177 1218 1219  1178 1179 1220  1178 1219 1220  1179 1180 1221  1179 1220 1221  1180 1181 1222  1180 1221 1222  1181 1182 1223  1181 1222 1223  1182 1183 1224  1182 1223 1224  1183 1184 1225  1183 1224 1225  1184 1185 1226  1184 1225 1226  1185 1186 1227  1185 1226 1227  1186 1187 1228  1186 1227 1228  1187 1188 1229  1187 1228 1229  1189 1190 1231  1189 1230 1231  1190 1191 1232  1190 1231 1232  1191 1192 1233  1191 1232 1233  1192 1193 1234  1192 1233 1234  1193 1194 1235  1193 1234 1235  1194 1195 1236  1194 1235 1236  1195 1196 1237  1195 1236 1237  1196 1197 1238  1196 1237 1238  1197 1198 1239  1197 1238 1239  1198 1199 1240  1198 1239 1240  1199 1200 1241  1199 1240 1241  1200 1201 1242  1200 1241 1242  1201 1202 1243  1201 1242 1243  1202 1203 1244  1202 1243 1244  1203 1204 1245  1203 1244 1245  1204 1205 1246  1204 1245 1246  1205 1206 1247  1205 1246 1247  1206 1207 1248  1206 1247 1248  1207 1208 1249  1207 1248 1249  1208 1209 1250  1208 1249 1250  1209 1210 1251  1209 1250 1251  1210 1211 1252  1210 1251 1252  1211 1212 1253  1211 1252 1253  1212 1213 1254  1212 1253 1254  1213 1214 1255  1213 1254 1255  1214 1215 1256  1214 1255 1256  1215 1216 1257  1215 1256 1257  1216 1217 1258  1216 1257 1258  1217 1218 1259  1217 1258 1259  1218 1219 1260  1218 1259 1260  1219 1220 1261  1219 1260 1261  1220 1221 1262  1220 1261 1262  1221 1222 1263  1221 1262 1263  1222 1223 1264  1222 1263 1264  1223 1224 1265  1223 1264 1265  1224 1225 1266  1224 1265 1266  1225 1226 1267  1225 1266 1267  1226 1227 1268  1226 1267 1268  1227 1228 1269  1227 1268 1269  1228 1229 1270  1228 1269 1270  1230 1231 1272  1230 1271 1272  1231 1232 1273  1231 1272 1273  1232 1233 1274  1232 1273 1274  1233 1234 1275  1233 1274 1275  1234 1235 1276  1234 1275 1276  1235 1236 1277  1235 1276 1277  1236 1237 1278  1236 1277 1278  1237 1238 1279  1237 1278 1279  1238 1239 1280  1238 1279 1280  1239 1240 1281  1239 1280 1281  1240 1241 1282  1240 1281 1282  1241 1242 1283  1241 1282 1283  1242 1243 1284  1242 1283 1284  1243 1244 1285  1243 1284 1285  1244 1245 1286  1244 1285 1286  1245 1246 1287  1245 1286 1287  1246 1247 1288  1246 1287 1288  1247 1248 1289  1247 1288 1289  1248 1249 1290  1248 1289 1290  1249 1250 1291  1249 1290 1291  1250 1251 1292  1250 1291 1292  1251 1252 1293  1251 1292 1293  1252 1253 1294  1252 1293 1294  1253 1254 1295  1253 1294 1295  1254 1255 1296  1254 1295 1296  1255 1256 1297  1255 1296 1297  1256 1257 1298  1256 1297 1298  1257 1258 1299  1257 1298 1299  1258 1259 1300  1258 1299 1300  1259 1260 1301  1259 1300 1301  1260 1261 1302  1260 1301 1302  1261 1262 1303  1261 1302 1303  1262 1263 1304  1262 1303 1304  1263 1264 1305  1263 1304 1305  1264 1265 1306  1264 1305 1306  1265 1266 1307  1265 1306 1307  1266 1267 1308  1266 1307 1308  1267 1268 1309  1267 1308 1309  1268 1269 1310  1268 1309 1310  1269 1270 1311  1269 1310 1311  1271 1272 1313  1271 1312 1313  1272 1273 1314  1272 1313 1314  1273 1274 1315  1273 1314 1315  1274 1275 1316  1274 1315 1316  1275 1276 1317  1275 1316 1317  1276 1277 1318  1276 1317 1318  1277 1278 1319  1277 1318 1319  1278 1279 1320  1278 1319 1320  1279 1280 1321  1279 1320 1321  1280 1281 1322  1280 1321 1322  1281 1282 1323  1281 1322 1323  1282 1283 1324  1282 1323 1324  1283 1284 1325  1283 1324 1325  1284 1285 1326  1284 1325 1326  1285 1286 1327  1285 1326 1327  1286 1287 1328  1286 1327 1328  1287 1288 1329  1287 1328 1329  1288 1289 1330  1288 1329 1330  1289 1290 1331  1289 1330 1331  1290 1291 1332  1290 1331 1332  1291 1292 1333  1291 1332 1333  1292 1293 1334  1292 1333 1334  1293 1294 1335  1293 1334 1335  1294 1295 1336  1294 1335 1336  1295 1296 1337  1295 1336 1337  1296 1297 1338  1296 1337 1338  1297 1298 1339  1297 1338 1339  1298 1299 1340  1298 1339 1340  1299 1300 1341  1299 1340 1341  1300 1301 1342  1300 1341 1342  1301 1302 1343  1301 1342 1343  1302 1303 1344  1302 1343 1344  1303 1304 1345  1303 1344 1345  1304 1305 1346  1304 1345 1346  1305 1306 1347  1305 1346 1347  1306 1307 1348  1306 1347 1348  1307 1308 1349  1307 1348 1349  1308 1309 1350  1308 1349 1350  1309 1310 1351  1309 1350 1351  1310 1311 1352  1310 1351 1352  1312 1313 1354  1312 1353 1354  1313 1314 1355  1313 1354 1355  1314 1315 1356  1314 1355 1356  1315 1316 1357  1315 1356 1357  1316 1317 1358  1316 1357 1358  1317 1318 1359  1317 1358 1359  1318 1319 1360  1318 1359 1360  1319 1320 1361  1319 1360 1361  1320 1321 1362  1320 1361 1362  1321 1322 1363  1321 1362 1363  1322 1323 1364  1322 1363 1364  1323 1324 1365  1323 1364 1365  1324 1325 1366  1324 1365 1366  1325 1326 1367  1325 1366 1367  1326 1327 1368  1326 1367 1368  1327 1328 1369  1327 1368 1369  1328 1329 1370  1328 1369 1370  1329 1330 1371  1329 1370 1371  1330 1331 1372  1330 1371 1372  1331 1332 1373  1331 1372 1373  1332 1333 1374  1332 1373 1374  1333 1334 1375  1333 1374 1375  1334 1335 1376  1334 1375 1376  1335 1336 1377  1335 1376 1377  1336 1337 1378  1336 1377 1378  1337 1338 1379  1337 1378 1379  1338 1339 1380  1338 1379 1380  1339 1340 1381  1339 1380 1381  1340 1341 1382  1340 1381 1382  1341 1342 1383  1341 1382 1383  1342 1343 1384  1342 1383 1384  1343 1344 1385  1343 1384 1385  1344 1345 1386  1344 1385 1386  1345 1346 1387  1345 1386 1387  1346 1347 1388  1346 1387 1388  1347 1348 1389  1347 1388 1389  1348 1349 1390  1348 1389 1390  1349 1350 1391  1349 1390 1391  1350 1351 1392  1350 1391 1392  1351 1352 1393  1351 1392 1393  1353 1354 1395  1353 1394 1395  1354 1355 1396  1354 1395 1396  1355 1356 1397  1355 1396 1397  1356 1357 1398  1356 1397 1398  1357 1358 1399  1357 1398 1399  1358 1359 1400  1358 1399 1400  1359 1360 1401  1359 1400 1401  1360 1361 1402  1360 1401 1402  1361 1362 1403  1361 1402 1403  1362 1363 1404  1362 1403 1404  1363 1364 1405  1363 1404 1405  1364 1365 1406  1364 1405 1406  1365 1366 1407  1365 1406 1407  1366 1367 1408  1366 1407 1408  1367 1368 1409  1367 1408 1409  1368 1369 1410  1368 1409 1410  1369 1370 1411  1369 1410 1411  1370 1371 1412  1370 1411 1412  1371 1372 1413  1371 1412 1413  1372 1373 1414  1372 1413 1414  1373 1374 1415  1373 1414 1415  1374 1375 1416  1374 1415 1416  1375 1376 1417  1375 1416 1417  1376 1377 1418  1376 1417 1418  1377 1378 1419  1377 1418 1419  1378 1379 1420  1378 1419 1420  1379 1380 1421  1379 1420 1421  1380 1381 1422  1380 1421 1422  1381 1382 1423  1381 1422 1423  1382 1383 1424  1382 1423 1424  1383 1384 1425  1383 1424 1425  1384 1385 1426  1384 1425 1426  1385 1386 1427  1385 1426 1427  1386 1387 1428  1386 1427 1428  1387 1388 1429  1387 1428 1429  1388 1389 1430  1388 1429 1430  1389 1390 1431  1389 1430 1431  1390 1391 1432  1390 1431 1432  1391 1392 1433  1391 1432 1433  1392 1393 1434  1392 1433 1434  1394 1395 1436  1394 1435 1436  1395 1396 1437  1395 1436 1437  1396 1397 1438  1396 1437 1438  1397 1398 1439  1397 1438 1439  1398 1399 1440  1398 1439 1440  1399 1400 1441  1399 1440 1441  1400 1401 1442  1400 1441 1442  1401 1402 1443  1401 1442 1443  1402 1403 1444  1402 1443 1444  1403 1404 1445  1403 1444 1445  1404 1405 1446  1404 1445 1446  1405 1406 1447  1405 1446 1447  1406 1407 1448  1406 1447 1448  1407 1408 1449  1407 1448 1449  1408 1409 1450  1408 1449 1450  1409 1410 1451  1409 1450 1451  1410 1411 1452  1410 1451 1452  1411 1412 1453  1411 1452 1453  1412 1413 1454  1412 1453 1454  1413 1414 1455  1413 1454 1455  1414 1415 1456  1414 1455 1456  1415 1416 1457  1415 1456 1457  1416 1417 1458  1416 1457 1458  1417 1418 1459  1417 1458 1459  1418 1419 1460  1418 1459 1460  1419 1420 1461  1419 1460 1461  1420 1421 1462  1420 1461 1462  1421 1422 1463  1421 1462 1463  1422 1423 1464  1422 1463 1464  1423 1424 1465  1423 1464 1465  1424 1425 1466  1424 1465 1466  1425 1426 1467  1425 1466 1467  1426 1427 1468  1426 1467 1468  1427 1428 1469  1427 1468 1469  1428 1429 1470  1428 1469 1470  1429 1430 1471  1429 1470 1471  1430 1431 1472  1430 1471 1472  1431 1432 1473  1431 1472 1473  1432 1433 1474  1432 1473 1474  1433 1434 1475  1433 1474 1475  1435 1436 1477  1435 1476 1477  1436 1437 1478  1436 1477 1478  1437 1438 1479  1437 1478 1479  1438 1439 1480  1438 1479 1480  1439 1440 1481  1439 1480 1481  1440 1441 1482  1440 1481 1482  1441 1442 1483  1441 1482 1483  1442 1443 1484  1442 1483 1484  1443 1444 1485  1443 1484 1485  1444 1445 1486  1444 1485 1486  1445 1446 1487  1445 1486 1487  1446 1447 1488  1446 1487 1488  1447 1448 1489  1447 1488 1489  1448 1449 1490  1448 1489 1490  1449 1450 1491  1449 1490 1491  1450 1451 1492  1450 1491 1492  1451 1452 1493  1451 1492 1493  1452 1453 1494  1452 1493 1494  1453 1454 1495  1453 1494 1495  1454 1455 1496  1454 1495 1496  1455 1456 1497  1455 1496 1497  1456 1457 1498  1456 1497 1498  1457 1458 1499  1457 1498 1499  1458 1459 1500  1458 1499 1500  1459 1460 1501  1459 1500 1501  1460 1461 1502  1460 1501 1502  1461 1462 1503  1461 1502 1503  1462 1463 1504  1462 1503 1504  1463 1464 1505  1463 1504 1505  1464 1465 1506  1464 1505 1506  1465 1466 1507  1465 1506 1507  1466 1467 1508  1466 1507 1508  1467 1468 1509  1467 1508 1509  1468 1469 1510  1468 1509 1510  1469 1470 1511  1469 1510 1511  1470 1471 1512  1470 1511 1512  1471 1472 1513  1471 1512 1513  1472 1473 1514  1472 1513 1514  1473 1474 1515  1473 1514 1515  1474 1475 1516  1474 1515 1516  1476 1477 1518  1476 1517 1518  1477 1478 1519  1477 1518 1519  1478 1479 1520  1478 1519 1520  1479 1480 1521  1479 1520 1521  1480 1481 1522  1480 1521 1522  1481 1482 1523  1481 1522 1523  1482 1483 1524  1482 1523 1524  1483 1484 1525  1483 1524 1525  1484 1485 1526  1484 1525 1526  1485 1486 1527  1485 1526 1527  1486 1487 1528  1486 1527 1528  1487 1488 1529  1487 1528 1529  1488 1489 1530  1488 1529 1530  1489 1490 1531  1489 1530 1531  1490 1491 1532  1490 1531 1532  1491 1492 1533  1491 1532 1533  1492 1493 1534  1492 1533 1534  1493 1494 1535  1493 1534 1535  1494 1495 1536  1494 1535 1536  1495 1496 1537  1495 1536 1537  1496 1497 1538  1496 1537 1538  1497 1498 1539  1497 1538 1539  1498 1499 1540  1498 1539 1540  1499 1500 1541  1499 1540 1541  1500 1501 1542  1500 1541 1542  1501 1502 1543  1501 1542 1543  1502 1503 1544  1502 1543 1544  1503 1504 1545  1503 1544 1545  1504 1505 1546  1504 1545 1546  1505 1506 1547  1505 1546 1547  1506 1507 1548  1506 1547 1548  1507 1508 1549  1507 1548 1549  1508 1509 1550  1508 1549 1550  1509 1510 1551  1509 1550 1551  1510 1511 1552  1510 1551 1552  1511 1512 1553  1511 1552 1553  1512 1513 1554  1512 1553 1554  1513 1514 1555  1513 1554 1555  1514 1515 1556  1514 1555 1556  1515 1516 1557  1515 1556 1557  1517 1518 1559  1517 1558 1559  1518 1519 1560  1518 1559 1560  1519 1520 1561  1519 1560 1561  1520 1521 1562  1520 1561 1562  1521 1522 1563  1521 1562 1563  1522 1523 1564  1522 1563 1564  1523 1524 1565  1523 1564 1565  1524 1525 1566  1524 1565 1566  1525 1526 1567  1525 1566 1567  1526 1527 1568  1526 1567 1568  1527 1528 1569  1527 1568 1569  1528 1529 1570  1528 1569 1570  1529 1530 1571  1529 1570 1571  1530 1531 1572  1530 1571 1572  1531 1532 1573  1531 1572 1573  1532 1533 1574  1532 1573 1574  1533 1534 1575  1533 1574 1575  1534 1535 1576  1534 1575 1576  1535 1536 1577  1535 1576 1577  1536 1537 1578  1536 1577 1578  1537 1538 1579  1537 1578 1579  1538 1539 1580  1538 1579 1580  1539 1540 1581  1539 1580 1581  1540 1541 1582  1540 1581 1582  1541 1542 1583  1541 1582 1583  1542 1543 1584  1542 1583 1584  1543 1544 1585  1543 1584 1585  1544 1545 1586  1544 1585 1586  1545 1546 1587  1545 1586 1587  1546 1547 1588  1546 1587 1588  1547 1548 1589  1547 1588 1589  1548 1549 1590  1548 1589 1590  1549 1550 1591  1549 1590 1591  1550 1551 1592  1550 1591 1592  1551 1552 1593  1551 1592 1593  1552 1553 1594  1552 1593 1594  1553 1554 1595  1553 1594 1595  1554 1555 1596  1554 1595 1596  1555 1556 1597  1555 1596 1597  1556 1557 1598  1556 1597 1598  1558 1559 1600  1558 1599 1600  1559 1560 1601  1559 1600 1601  1560 1561 1602  1560 1601 1602  1561 1562 1603  1561 1602 1603  1562 1563 1604  1562 1603 1604  1563 1564 1605  1563 1604 1605  1564 1565 1606  1564 1605 1606  1565 1566 1607  1565 1606 1607  1566 1567 1608  1566 1607 1608  1567 1568 1609  1567 1608 1609  1568 1569 1610  1568 1609 1610  1569 1570 1611  1569 1610 1611  1570 1571 1612  1570 1611 1612  1571 1572 1613  1571 1612 1613  1572 1573 1614  1572 1613 1614  1573 1574 1615  1573 1614 1615  1574 1575 1616  1574 1615 1616  1575 1576 1617  1575 1616 1617  1576 1577 1618  1576 1617 1618  1577 1578 1619  1577 1618 1619  1578 1579 1620  1578 1619 1620  1579 1580 1621  1579 1620 1621  1580 1581 1622  1580 1621 1622  1581 1582 1623  1581 1622 1623  1582 1583 1624  1582 1623 1624  1583 1584 1625  1583 1624 1625  1584 1585 1626  1584 1625 1626  1585 1586 1627  1585 1626 1627  1586 1587 1628  1586 1627 1628  1587 1588 1629  1587 1628 1629  1588 1589 1630  1588 1629 1630  1589 1590 1631  1589 1630 1631  1590 1591 1632  1590 1631 1632  1591 1592 1633  1591 1632 1633  1592 1593 1634  1592 1633 1634  1593 1594 1635  1593 1634 1635  1594 1595 1636  1594 1635 1636  1595 1596 1637  1595 1636 1637  1596 1597 1638  1596 1637 1638  1597 1598 1639  1597 1638 1639  1599 1600 1641  1599 1640 1641  1600 1601 1642  1600 1641 1642  1601 1602 1643  1601 1642 1643  1602 1603 1644  1602 1643 1644  1603 1604 1645  1603 1644 1645  1604 1605 1646  1604 1645 1646  1605 1606 1647  1605 1646 1647  1606 1607 1648  1606 1647 1648  1607 1608 1649  1607 1648 1649  1608 1609 1650  1608 1649 1650  1609 1610 1651  1609 1650 1651  1610 1611 1652  1610 1651 1652  1611 1612 1653  1611 1652 1653  1612 1613 1654  1612 1653 1654  1613 1614 1655  1613 1654 1655  1614 1615 1656  1614 1655 1656  1615 1616 1657  1615 1656 1657  1616 1617 1658  1616 1657 1658  1617 1618 1659  1617 1658 1659  1618 1619 1660  1618 1659 1660  1619 1620 1661  1619 1660 1661  1620 1621 1662  1620 1661 1662  1621 1622 1663  1621 1662 1663  1622 1623 1664  1622 1663 1664  1623 1624 1665  1623 1664 1665  1624 1625 1666  1624 1665 1666  1625 1626 1667  1625 1666 1667  1626 1627 1668  1626 1667 1668  1627 1628 1669  1627 1668 1669  1628 1629 1670  1628 1669 1670  1629 1630 1671  1629 1670 1671  1630 1631 1672  1630 1671 1672  1631 1632 1673  1631 1672 1673  1632 1633 1674  1632 1673 1674  1633 1634 1675  1633 1674 1675  1634 1635 1676  1634 1675 1676  1635 1636 1677  1635 1676 1677  1636 1637 1678  1636 1677 1678  1637 1638 1679  1637 1678 1679  1638 1639 1680  1638 1679 1680  1640 1641 1682  1640 1681 1682  1641 1642 1683  1641 1682 1683  1642 1643 1684  1642 1683 1684  1643 1644 1685  1643 1684 1685  1644 1645 1686  1644 1685 1686  1645 1646 1687  1645 1686 1687  1646 1647 1688  1646 1687 1688  1647 1648 1689  1647 1688 1689  1648 1649 1690  1648 1689 1690  1649 1650 1691  1649 1690 1691  1650 1651 1692  1650 1691 1692  1651 1652 1693  1651 1692 1693  1652 1653 1694  1652 1693 1694  1653 1654 1695  1653 1694 1695  1654 1655 1696  1654 1695 1696  1655 1656 1697  1655 1696 1697  1656 1657 1698  1656 1697 1698  1657 1658 1699  1657 1698 1699  1658 1659 1700  1658 1699 1700  1659 1660 1701  1659 1700 1701  1660 1661 1702  1660 1701 1702  1661 1662 1703  1661 1702 1703  1662 1663 1704  1662 1703 1704  1663 1664 1705  1663 1704 1705  1664 1665 1706  1664 1705 1706  1665 1666 1707  1665 1706 1707  1666 1667 1708  1666 1707 1708  1667 1668 1709  1667 1708 1709  1668 1669 1710  1668 1709 1710  1669 1670 1711  1669 1710 1711  1670 1671 1712  1670 1711 1712  1671 1672 1713  1671 1712 1713  1672 1673 1714  1672 1713 1714  1673 1674 1715  1673 1714 1715  1674 1675 1716  1674 1715 1716  1675 1676 1717  1675 1716 1717  1676 1677 1718  1676 1717 1718  1677 1678 1719  1677 1718 1719  1678 1679 1720  1678 1719 1720  1679 1680 1721  1679 1720 1721  1681 1682 1723  1681 1722 1723  1682 1683 1724  1682 1723 1724  1683 1684 1725  1683 1724 1725  1684 1685 1726  1684 1725 1726  1685 1686 1727  1685 1726 1727  1686 1687 1728  1686 1727 1728  1687 1688 1729  1687 1728 1729  1688 1689 1730  1688 1729 1730  1689 1690 1731  1689 1730 1731  1690 1691 1732  1690 1731 1732  1691 1692 1733  1691 1732 1733  1692 1693 1734  1692 1733 1734  1693 1694 1735  1693 1734 1735  1694 1695 1736  1694 1735 1736  1695 1696 1737  1695 1736 1737  1696 1697 1738  1696 1737 1738  1697 1698 1739  1697 1738 1739  1698 1699 1740  1698 1739 1740  1699 1700 1741  1699 1740 1741  1700 1701 1742  1700 1741 1742  1701 1702 1743  1701 1742 1743  1702 1703 1744  1702 1743 1744  1703 1704 1745  1703 1744 1745  1704 1705 1746  1704 1745 1746  1705 1706 1747  1705 1746 1747  1706 1707 1748  1706 1747 1748  1707 1708 1749  1707 1748 1749  1708 1709 1750  1708 1749 1750  1709 1710 1751  1709 1750 1751  1710 1711 1752  1710 1751 1752  1711 1712 1753  1711 1752 1753  1712 1713 1754  1712 1753 1754  1713 1714 1755  1713 1754 1755  1714 1715 1756  1714 1755 1756  1715 1716 1757  1715 1756 1757  1716 1717 1758  1716 1757 1758  1717 1718 1759  1717 1758 1759  1718 1719 1760  1718 1759 1760  1719 1720 1761  1719 1760 1761  1720 1721 1762  1720 1761 1762  1722 1723 1764  1722 1763 1764  1723 1724 1765  1723 1764 1765  1724 1725 1766  1724 1765 1766  1725 1726 1767  1725 1766 1767  1726 1727 1768  1726 1767 1768  1727 1728 1769  1727 1768 1769  1728 1729 1770  1728 1769 1770  1729 1730 1771  1729 1770 1771  1730 1731 1772  1730 1771 1772  1731 1732 1773  1731 1772 1773  1732 1733 1774  1732 1773 1774  1733 1734 1775  1733 1774 1775  1734 1735 1776  1734 1775 1776  1735 1736 1777  1735 1776 1777  1736 1737 1778  1736 1777 1778  1737 1738 1779  1737 1778 1779  1738 1739 1780  1738 1779 1780  1739 1740 1781  1739 1780 1781  1740 1741 1782  1740 1781 1782  1741 1742 1783  1741 1782 1783  1742 1743 1784  1742 1783 1784  1743 1744 1785  1743 1784 1785  1744 1745 1786  1744 1785 1786  1745 1746 1787  1745 1786 1787  1746 1747 1788  1746 1787 1788  1747 1748 1789  1747 1788 1789  1748 1749 1790  1748 1789 1790  1749 1750 1791  1749 1790 1791  1750 1751 1792  1750 1791 1792  1751 1752 1793  1751 1792 1793  1752 1753 1794  1752 1793 1794  1753 1754 1795  1753 1794 1795  1754 1755 1796  1754 1795 1796  1755 1756 1797  1755 1796 1797  1756 1757 1798  1756 1797 1798  1757 1758 1799  1757 1798 1799  1758 1759 1800  1758 1799 1800  1759 1760 1801  1759 1800 1801  1760 1761 1802  1760 1801 1802  1761 1762 1803  1761 1802 1803  1763 1764 1805  1763 1804 1805  1764 1765 1806  1764 1805 1806  1765 1766 1807  1765 1806 1807  1766 1767 1808  1766 1807 1808  1767 1768 1809  1767 1808 1809  1768 1769 1810  1768 1809 1810  1769 1770 1811  1769 1810 1811  1770 1771 1812  1770 1811 1812  1771 1772 1813  1771 1812 1813  1772 1773 1814  1772 1813 1814  1773 1774 1815  1773 1814 1815  1774 1775 1816  1774 1815 1816  1775 1776 1817  1775 1816 1817  1776 1777 1818  1776 1817 1818  1777 1778 1819  1777 1818 1819  1778 1779 1820  1778 1819 1820  1779 1780 1821  1779 1820 1821  1780 1781 1822  1780 1821 1822  1781 1782 1823  1781 1822 1823  1782 1783 1824  1782 1823 1824  1783 1784 1825  1783 1824 1825  1784 1785 1826  1784 1825 1826  1785 1786 1827  1785 1826 1827  1786 1787 1828  1786 1827 1828  1787 1788 1829  1787 1828 1829  1788 1789 1830  1788 1829 1830  1789 1790 1831  1789 1830 1831  1790 1791 1832  1790 1831 1832  1791 1792 1833  1791 1832 1833  1792 1793 1834  1792 1833 1834  1793 1794 1835  1793 1834 1835  1794 1795 1836  1794 1835 1836  1795 1796 1837  1795 1836 1837  1796 1797 1838  1796 1837 1838  1797 1798 1839  1797 1838 1839  1798 1799 1840  1798 1839 1840  1799 1800 1841  1799 1840 1841  1800 1801 1842  1800 1841 1842  1801 1802 1843  1801 1842 1843  1802 1803 1844  1802 1843 1844  1804 1805 1846  1804 1845 1846  1805 1806 1847  1805 1846 1847  1806 1807 1848  1806 1847 1848  1807 1808 1849  1807 1848 1849  1808 1809 1850  1808 1849 1850  1809 1810 1851  1809 1850 1851  1810 1811 1852  1810 1851 1852  1811 1812 1853  1811 1852 1853  1812 1813 1854  1812 1853 1854  1813 1814 1855  1813 1854 1855  1814 1815 1856  1814 1855 1856  1815 1816 1857  1815 1856 1857  1816 1817 1858  1816 1857 1858  1817 1818 1859  1817 1858 1859  1818 1819 1860  1818 1859 1860  1819 1820 1861  1819 1860 1861  1820 1821 1862  1820 1861 1862  1821 1822 1863  1821 1862 1863  1822 1823 1864  1822 1863 1864  1823 1824 1865  1823 1864 1865  1824 1825 1866  1824 1865 1866  1825 1826 1867  1825 1866 1867  1826 1827 1868  1826 1867 1868  1827 1828 1869  1827 1868 1869  1828 1829 1870  1828 1869 1870  1829 1830 1871  1829 1870 1871  1830 1831 1872  1830 1871 1872  1831 1832 1873  1831 1872 1873  1832 1833 1874  1832 1873 1874  1833 1834 1875  1833 1874 1875  1834 1835 1876  1834 1875 1876  1835 1836 1877  1835 1876 1877  1836 1837 1878  1836 1877 1878  1837 1838 1879  1837 1878 1879  1838 1839 1880  1838 1879 1880  1839 1840 1881  1839 1880 1881  1840 1841 1882  1840 1881 1882  1841 1842 1883  1841 1882 1883  1842 1843 1884  1842 1883 1884  1843 1844 1885  1843 1884 1885  1845 1846 1887  1845 1886 1887  1846 1847 1888  1846 1887 1888  1847 1848 1889  1847 1888 1889  1848 1849 1890  1848 1889 1890  1849 1850 1891  1849 1890 1891  1850 1851 1892  1850 1891 1892  1851 1852 1893  1851 1892 1893  1852 1853 1894  1852 1893 1894  1853 1854 1895  1853 1894 1895  1854 1855 1896  1854 1895 1896  1855 1856 1897  1855 1896 1897  1856 1857 1898  1856 1897 1898  1857 1858 1899  1857 1898 1899  1858 1859 1900  1858 1899 1900  1859 1860 1901  1859 1900 1901  1860 1861 1902  1860 1901 1902  1861 1862 1903  1861 1902 1903  1862 1863 1904  1862 1903 1904  1863 1864 1905  1863 1904 1905  1864 1865 1906  1864 1905 1906  1865 1866 1907  1865 1906 1907  1866 1867 1908  1866 1907 1908  1867 1868 1909  1867 1908 1909  1868 1869 1910  1868 1909 1910  1869 1870 1911  1869 1910 1911  1870 1871 1912  1870 1911 1912  1871 1872 1913  1871 1912 1913  1872 1873 1914  1872 1913 1914  1873 1874 1915  1873 1914 1915  1874 1875 1916  1874 1915 1916  1875 1876 1917  1875 1916 1917  1876 1877 1918  1876 1917 1918  1877 1878 1919  1877 1918 1919  1878 1879 1920  1878 1919 1920  1879 1880 1921  1879 1920 1921  1880 1881 1922  1880 1921 1922  1881 1882 1923  1881 1922 1923  1882 1883 1924  1882 1923 1924  1883 1884 1925  1883 1924 1925  1884 1885 1926  1884 1925 1926  1886 1887 1928  1886 1927 1928  1887 1888 1929  1887 1928 1929  1888 1889 1930  1888 1929 1930  1889 1890 1931  1889 1930 1931  1890 1891 1932  1890 1931 1932  1891 1892 1933  1891 1932 1933  1892 1893 1934  1892 1933 1934  1893 1894 1935  1893 1934 1935  1894 1895 1936  1894 1935 1936  1895 1896 1937  1895 1936 1937  1896 1897 1938  1896 1937 1938  1897 1898 1939  1897 1938 1939  1898 1899 1940  1898 1939 1940  1899 1900 1941  1899 1940 1941  1900 1901 1942  1900 1941 1942  1901 1902 1943  1901 1942 1943  1902 1903 1944  1902 1943 1944  1903 1904 1945  1903 1944 1945  1904 1905 1946  1904 1945 1946  1905 1906 1947  1905 1946 1947  1906 1907 1948  1906 1947 1948  1907 1908 1949  1907 1948 1949  1908 1909 1950  1908 1949 1950  1909 1910 1951  1909 1950 1951  1910 1911 1952  1910 1951 1952  1911 1912 1953  1911 1952 1953  1912 1913 1954  1912 1953 1954  1913 1914 1955  1913 1954 1955  1914 1915 1956  1914 1955 1956  1915 1916 1957  1915 1956 1957  1916 1917 1958  1916 1957 1958  1917 1918 1959  1917 1958 1959  1918 1919 1960  1918 1959 1960  1919 1920 1961  1919 1960 1961  1920 1921 1962  1920 1961 1962  1921 1922 1963  1921 1962 1963  1922 1923 1964  1922 1963 1964  1923 1924 1965  1923 1964 1965  1924 1925 1966  1924 1965 1966  1925 1926 1967  1925 1966 1967  1927 1928 1969  1927 1968 1969  1928 1929 1970  1928 1969 1970  1929 1930 1971  1929 1970 1971  1930 1931 1972  1930 1971 1972  1931 1932 1973  1931 1972 1973  1932 1933 1974  1932 1973 1974  1933 1934 1975  1933 1974 1975  1934 1935 1976  1934 1975 1976  1935 1936 1977  1935 1976 1977  1936 1937 1978  1936 1977 1978  1937 1938 1979  1937 1978 1979  1938 1939 1980  1938 1979 1980  1939 1940 1981  1939 1980 1981  1940 1941 1982  1940 1981 1982  1941 1942 1983  1941 1982 1983  1942 1943 1984  1942 1983 1984  1943 1944 1985  1943 1984 1985  1944 1945 1986  1944 1985 1986  1945 1946 1987  1945 1986 1987  1946 1947 1988  1946 1987 1988  1947 1948 1989  1947 1988 1989  1948 1949 1990  1948 1989 1990  1949 1950 1991  1949 1990 1991  1950 1951 1992  1950 1991 1992  1951 1952 1993  1951 1992 1993  1952 1953 1994  1952 1993 1994  1953 1954 1995  1953 1994 1995  1954 1955 1996  1954 1995 1996  1955 1956 1997  1955 1996 1997  1956 1957 1998  1956 1997 1998  1957 1958 1999  1957 1998 1999  1958 1959 2000  1958 1999 2000  1959 1960 2001  1959 2000 2001  1960 1961 2002  1960 2001 2002  1961 1962 2003  1961 2002 2003  1962 1963 2004  1962 2003 2004  1963 1964 2005  1963 2004 2005  1964 1965 2006  1964 2005 2006  1965 1966 2007  1965 2006 2007  1966 1967 2008  1966 2007 2008  1968 1969 2010  1968 2009 2010  1969 1970 2011  1969 2010 2011  1970 1971 2012  1970 2011 2012  1971 1972 2013  1971 2012 2013  1972 1973 2014  1972 2013 2014  1973 1974 2015  1973 2014 2015  1974 1975 2016  1974 2015 2016  1975 1976 2017  1975 2016 2017  1976 1977 2018  1976 2017 2018  1977 1978 2019  1977 2018 2019  1978 1979 2020  1978 2019 2020  1979 1980 2021  1979 2020 2021  1980 1981 2022  1980 2021 2022  1981 1982 2023  1981 2022 2023  1982 1983 2024  1982 2023 2024  1983 1984 2025  1983 2024 2025  1984 1985 2026  1984 2025 2026  1985 1986 2027  1985 2026 2027  1986 1987 2028  1986 2027 2028  1987 1988 2029  1987 2028 2029  1988 1989 2030  1988 2029 2030  1989 1990 2031  1989 2030 2031  1990 1991 2032  1990 2031 2032  1991 1992 2033  1991 2032 2033  1992 1993 2034  1992 2033 2034  1993 1994 2035  1993 2034 2035  1994 1995 2036  1994 2035 2036  1995 1996 2037  1995 2036 2037  1996 1997 2038  1996 2037 2038  1997 1998 2039  1997 2038 2039  1998 1999 2040  1998 2039 2040  1999 2000 2041  1999 2040 2041  2000 2001 2042  2000 2041 2042  2001 2002 2043  2001 2042 2043  2002 2003 2044  2002 2043 2044  2003 2004 2045  2003 2044 2045  2004 2005 2046  2004 2045 2046  2005 2006 2047  2005 2046 2047  2006 2007 2048  2006 2047 2048  2007 2008 2049  2007 2048 2049  2009 2010 2051  2009 2050 2051  2010 2011 2052  2010 2051 2052  2011 2012 2053  2011 2052 2053  2012 2013 2054  2012 2053 2054  2013 2014 2055  2013 2054 2055  2014 2015 2056  2014 2055 2056  2015 2016 2057  2015 2056 2057  2016 2017 2058  2016 2057 2058  2017 2018 2059  2017 2058 2059  2018 2019 2060  2018 2059 2060  2019 2020 2061  2019 2060 2061  2020 2021 2062  2020 2061 2062  2021 2022 2063  2021 2062 2063  2022 2023 2064  2022 2063 2064  2023 2024 2065  2023 2064 2065  2024 2025 2066  2024 2065 2066  2025 2026 2067  2025 2066 2067  2026 2027 2068  2026 2067 2068  2027 2028 2069  2027 2068 2069  2028 2029 2070  2028 2069 2070  2029 2030 2071  2029 2070 2071  2030 2031 2072  2030 2071 2072  2031 2032 2073  2031 2072 2073  2032 2033 2074  2032 2073 2074  2033 2034 2075  2033 2074 2075  2034 2035 2076  2034 2075 2076  2035 2036 2077  2035 2076 2077  2036 2037 2078  2036 2077 2078  2037 2038 2079  2037 2078 2079  2038 2039 2080  2038 2079 2080  2039 2040 2081  2039 2080 2081  2040 2041 2082  2040 2081 2082  2041 2042 2083  2041 2082 2083  2042 2043 2084  2042 2083 2084  2043 2044 2085  2043 2084 2085  2044 2045 2086  2044 2085 2086  2045 2046 2087  2045 2086 2087  2046 2047 2088  2046 2087 2088  2047 2048 2089  2047 2088 2089  2048 2049 2090  2048 2089 2090  2050 2051 2092  2050 2091 2092  2051 2052 2093  2051 2092 2093  2052 2053 2094  2052 2093 2094  2053 2054 2095  2053 2094 2095  2054 2055 2096  2054 2095 2096  2055 2056 2097  2055 2096 2097  2056 2057 2098  2056 2097 2098  2057 2058 2099  2057 2098 2099  2058 2059 2100  2058 2099 2100  2059 2060 2101  2059 2100 2101  2060 2061 2102  2060 2101 2102  2061 2062 2103  2061 2102 2103  2062 2063 2104  2062 2103 2104  2063 2064 2105  2063 2104 2105  2064 2065 2106  2064 2105 2106  2065 2066 2107  2065 2106 2107  2066 2067 2108  2066 2107 2108  2067 2068 2109  2067 2108 2109  2068 2069 2110  2068 2109 2110  2069 2070 2111  2069 2110 2111  2070 2071 2112  2070 2111 2112  2071 2072 2113  2071 2112 2113  2072 2073 2114  2072 2113 2114  2073 2074 2115  2073 2114 2115  2074 2075 2116  2074 2115 2116  2075 2076 2117  2075 2116 2117  2076 2077 2118  2076 2117 2118  2077 2078 2119  2077 2118 2119  2078 2079 2120  2078 2119 2120  2079 2080 2121  2079 2120 2121  2080 2081 2122  2080 2121 2122  2081 2082 2123  2081 2122 2123  2082 2083 2124  2082 2123 2124  2083 2084 2125  2083 2124 2125  2084 2085 2126  2084 2125 2126  2085 2086 2127  2085 2126 2127  2086 2087 2128  2086 2127 2128  2087 2088 2129  2087 2128 2129  2088 2089 2130  2088 2129 2130  2089 2090 2131  2089 2130 2131  2091 2092 2133  2091 2132 2133  2092 2093 2134  2092 2133 2134  2093 2094 2135  2093 2134 2135  2094 2095 2136  2094 2135 2136  2095 2096 2137  2095 2136 2137  2096 2097 2138  2096 2137 2138  2097 2098 2139  2097 2138 2139  2098 2099 2140  2098 2139 2140  2099 2100 2141  2099 2140 2141  2100 2101 2142  2100 2141 2142  2101 2102 2143  2101 2142 2143  2102 2103 2144  2102 2143 2144  2103 2104 2145  2103 2144 2145  2104 2105 2146  2104 2145 2146  2105 2106 2147  2105 2146 2147  2106 2107 2148  2106 2147 2148  2107 2108 2149  2107 2148 2149  2108 2109 2150  2108 2149 2150  2109 2110 2151  2109 2150 2151  2110 2111 2152  2110 2151 2152  2111 2112 2153  2111 2152 2153  2112 2113 2154  2112 2153 2154  2113 2114 2155  2113 2154 2155  2114 2115 2156  2114 2155 2156  2115 2116 2157  2115 2156 2157  2116 2117 2158  2116 2157 2158  2117 2118 2159  2117 2158 2159  2118 2119 2160  2118 2159 2160  2119 2120 2161  2119 2160 2161  2120 2121 2162  2120 2161 2162  2121 2122 2163  2121 2162 2163  2122 2123 2164  2122 2163 2164  2123 2124 2165  2123 2164 2165  2124 2125 2166  2124 2165 2166  2125 2126 2167  2125 2166 2167  2126 2127 2168  2126 2167 2168  2127 2128 2169  2127 2168 2169  2128 2129 2170  2128 2169 2170  2129 2130 2171  2129 2170 2171  2130 2131 2172  2130 2171 2172  2132 2133 2174  2132 2173 2174  2133 2134 2175  2133 2174 2175  2134 2135 2176  2134 2175 2176  2135 2136 2177  2135 2176 2177  2136 2137 2178  2136 2177 2178  2137 2138 2179  2137 2178 2179  2138 2139 2180  2138 2179 2180  2139 2140 2181  2139 2180 2181  2140 2141 2182  2140 2181 2182  2141 2142 2183  2141 2182 2183  2142 2143 2184  2142 2183 2184  2143 2144 2185  2143 2184 2185  2144 2145 2186  2144 2185 2186  2145 2146 2187  2145 2186 2187  2146 2147 2188  2146 2187 2188  2147 2148 2189  2147 2188 2189  2148 2149 2190  2148 2189 2190  2149 2150 2191  2149 2190 2191  2150 2151 2192  2150 2191 2192  2151 2152 2193  2151 2192 2193  2152 2153 2194  2152 2193 2194  2153 2154 2195  2153 2194 2195  2154 2155 2196  2154 2195 2196  2155 2156 2197  2155 2196 2197  2156 2157 2198  2156 2197 2198  2157 2158 2199  2157 2198 2199  2158 2159 2200  2158 2199 2200  2159 2160 2201  2159 2200 2201  2160 2161 2202  2160 2201 2202  2161 2162 2203  2161 2202 2203  2162 2163 2204  2162 2203 2204  2163 2164 2205  2163 2204 2205  2164 2165 2206  2164 2205 2206  2165 2166 2207  2165 2206 2207  2166 2167 2208  2166 2207 2208  2167 2168 2209  2167 2208 2209  2168 2169 2210  2168 2209 2210  2169 2170 2211  2169 2210 2211  2170 2171 2212  2170 2211 2212  2171 2172 2213  2171 2212 2213  2173 2174 2215  2173 2214 2215  2174 2175 2216  2174 2215 2216  2175 2176 2217  2175 2216 2217  2176 2177 2218  2176 2217 2218  2177 2178 2219  2177 2218 2219  2178 2179 2220  2178 2219 2220  2179 2180 2221  2179 2220 2221  2180 2181 2222  2180 2221 2222  2181 2182 2223  2181 2222 2223  2182 2183 2224  2182 2223 2224  2183 2184 2225  2183 2224 2225  2184 2185 2226  2184 2225 2226  2185 2186 2227  2185 2226 2227  2186 2187 2228  2186 2227 2228  2187 2188 2229  2187 2228 2229  2188 2189 2230  2188 2229 2230  2189 2190 2231  2189 2230 2231  2190 2191 2232  2190 2231 2232  2191 2192 2233  2191 2232 2233  2192 2193 2234  2192 2233 2234  2193 2194 2235  2193 2234 2235  2194 2195 2236  2194 2235 2236  2195 2196 2237  2195 2236 2237  2196 2197 2238  2196 2237 2238  2197 2198 2239  2197 2238 2239  2198 2199 2240  2198 2239 2240  2199 2200 2241  2199 2240 2241  2200 2201 2242  2200 2241 2242  2201 2202 2243  2201 2242 2243  2202 2203 2244  2202 2243 2244  2203 2204 2245  2203 2244 2245  2204 2205 2246  2204 2245 2246  2205 2206 2247  2205 2246 2247  2206 2207 2248  2206 2247 2248  2207 2208 2249  2207 2248 2249  2208 2209 2250  2208 2249 2250  2209 2210 2251  2209 2250 2251  2210 2211 2252  2210 2251 2252  2211 2212 2253  2211 2252 2253  2212 2213 2254  2212 2253 2254  2214 2215 2256  2214 2255 2256  2215 2216 2257  2215 2256 2257  2216 2217 2258  2216 2257 2258  2217 2218 2259  2217 2258 2259  2218 2219 2260  2218 2259 2260  2219 2220 2261  2219 2260 2261  2220 2221 2262  2220 2261 2262  2221 2222 2263  2221 2262 2263  2222 2223 2264  2222 2263 2264  2223 2224 2265  2223 2264 2265  2224 2225 2266  2224 2265 2266  2225 2226 2267  2225 2266 2267  2226 2227 2268  2226 2267 2268  2227 2228 2269  2227 2268 2269  2228 2229 2270  2228 2269 2270  2229 2230 2271  2229 2270 2271  2230 2231 2272  2230 2271 2272  2231 2232 2273  2231 2272 2273  2232 2233 2274  2232 2273 2274  2233 2234 2275  2233 2274 2275  2234 2235 2276  2234 2275 2276  2235 2236 2277  2235 2276 2277  2236 2237 2278  2236 2277 2278  2237 2238 2279  2237 2278 2279  2238 2239 2280  2238 2279 2280  2239 2240 2281  2239 2280 2281  2240 2241 2282  2240 2281 2282  2241 2242 2283  2241 2282 2283  2242 2243 2284  2242 2283 2284  2243 2244 2285  2243 2284 2285  2244 2245 2286  2244 2285 2286  2245 2246 2287  2245 2286 2287  2246 2247 2288  2246 2287 2288  2247 2248 2289  2247 2288 2289  2248 2249 2290  2248 2289 2290  2249 2250 2291  2249 2290 2291  2250 2251 2292  2250 2291 2292  2251 2252 2293  2251 2292 2293  2252 2253 2294  2252 2293 2294  2253 2254 2295  2253 2294 2295  2255 2256 2297  2255 2296 2297  2256 2257 2298  2256 2297 2298  2257 2258 2299  2257 2298 2299  2258 2259 2300  2258 2299 2300  2259 2260 2301  2259 2300 2301  2260 2261 2302  2260 2301 2302  2261 2262 2303  2261 2302 2303  2262 2263 2304  2262 2303 2304  2263 2264 2305  2263 2304 2305  2264 2265 2306  2264 2305 2306  2265 2266 2307  2265 2306 2307  2266 2267 2308  2266 2307 2308  2267 2268 2309  2267 2308 2309  2268 2269 2310  2268 2309 2310  2269 2270 2311  2269 2310 2311  2270 2271 2312  2270 2311 2312  2271 2272 2313  2271 2312 2313  2272 2273 2314  2272 2313 2314  2273 2274 2315  2273 2314 2315  2274 2275 2316  2274 2315 2316  2275 2276 2317  2275 2316 2317  2276 2277 2318  2276 2317 2318  2277 2278 2319  2277 2318 2319  2278 2279 2320  2278 2319 2320  2279 2280 2321  2279 2320 2321  2280 2281 2322  2280 2321 2322  2281 2282 2323  2281 2322 2323  2282 2283 2324  2282 2323 2324  2283 2284 2325  2283 2324 2325  2284 2285 2326  2284 2325 2326  2285 2286 2327  2285 2326 2327  2286 2287 2328  2286 2327 2328  2287 2288 2329  2287 2328 2329  2288 2289 2330  2288 2329 2330  2289 2290 2331  2289 2330 2331  2290 2291 2332  2290 2331 2332  2291 2292 2333  2291 2332 2333  2292 2293 2334  2292 2333 2334  2293 2294 2335  2293 2334 2335  2294 2295 2336  2294 2335 2336  2296 2297 2338  2296 2337 2338  2297 2298 2339  2297 2338 2339  2298 2299 2340  2298 2339 2340  2299 2300 2341  2299 2340 2341  2300 2301 2342  2300 2341 2342  2301 2302 2343  2301 2342 2343  2302 2303 2344  2302 2343 2344  2303 2304 2345  2303 2344 2345  2304 2305 2346  2304 2345 2346  2305 2306 2347  2305 2346 2347  2306 2307 2348  2306 2347 2348  2307 2308 2349  2307 2348 2349  2308 2309 2350  2308 2349 2350  2309 2310 2351  2309 2350 2351  2310 2311 2352  2310 2351 2352  2311 2312 2353  2311 2352 2353  2312 2313 2354  2312 2353 2354  2313 2314 2355  2313 2354 2355  2314 2315 2356  2314 2355 2356  2315 2316 2357  2315 2356 2357  2316 2317 2358  2316 2357 2358  2317 2318 2359  2317 2358 2359  2318 2319 2360  2318 2359 2360  2319 2320 2361  2319 2360 2361  2320 2321 2362  2320 2361 2362  2321 2322 2363  2321 2362 2363  2322 2323 2364  2322 2363 2364  2323 2324 2365  2323 2364 2365  2324 2325 2366  2324 2365 2366  2325 2326 2367  2325 2366 2367  2326 2327 2368  2326 2367 2368  2327 2328 2369  2327 2368 2369  2328 2329 2370  2328 2369 2370  2329 2330 2371  2329 2370 2371  2330 2331 2372  2330 2371 2372  2331 2332 2373  2331 2372 2373  2332 2333 2374  2332 2373 2374  2333 2334 2375  2333 2374 2375  2334 2335 2376  2334 2375 2376  2335 2336 2377  2335 2376 2377  2337 2338 2379  2337 2378 2379  2338 2339 2380  2338 2379 2380  2339 2340 2381  2339 2380 2381  2340 2341 2382  2340 2381 2382  2341 2342 2383  2341 2382 2383  2342 2343 2384  2342 2383 2384  2343 2344 2385  2343 2384 2385  2344 2345 2386  2344 2385 2386  2345 2346 2387  2345 2386 2387  2346 2347 2388  2346 2387 2388  2347 2348 2389  2347 2388 2389  2348 2349 2390  2348 2389 2390  2349 2350 2391  2349 2390 2391  2350 2351 2392  2350 2391 2392  2351 2352 2393  2351 2392 2393  2352 2353 2394  2352 2393 2394  2353 2354 2395  2353 2394 2395  2354 2355 2396  2354 2395 2396  2355 2356 2397  2355 2396 2397  2356 2357 2398  2356 2397 2398  2357 2358 2399  2357 2398 2399  2358 2359 2400  2358 2399 2400  2359 2360 2401  2359 2400 2401  2360 2361 2402  2360 2401 2402  2361 2362 2403  2361 2402 2403  2362 2363 2404  2362 2403 2404  2363 2364 2405  2363 2404 2405  2364 2365 2406  2364 2405 2406  2365 2366 2407  2365 2406 2407  2366 2367 2408  2366 2407 2408  2367 2368 2409  2367 2408 2409  2368 2369 2410  2368 2409 2410  2369 2370 2411  2369 2410 2411  2370 2371 2412  2370 2411 2412  2371 2372 2413  2371 2412 2413  2372 2373 2414  2372 2413 2414  2373 2374 2415  2373 2414 2415  2374 2375 2416  2374 2415 2416  2375 2376 2417  2375 2416 2417  2376 2377 2418  2376 2417 2418  2378 2379 2420  2378 2419 2420  2379 2380 2421  2379 2420 2421  2380 2381 2422  2380 2421 2422  2381 2382 2423  2381 2422 2423  2382 2383 2424  2382 2423 2424  2383 2384 2425  2383 2424 2425  2384 2385 2426  2384 2425 2426  2385 2386 2427  2385 2426 2427  2386 2387 2428  2386 2427 2428  2387 2388 2429  2387 2428 2429  2388 2389 2430  2388 2429 2430  2389 2390 2431  2389 2430 2431  2390 2391 2432  2390 2431 2432  2391 2392 2433  2391 2432 2433  2392 2393 2434  2392 2433 2434  2393 2394 2435  2393 2434 2435  2394 2395 2436  2394 2435 2436  2395 2396 2437  2395 2436 2437  2396 2397 2438  2396 2437 2438  2397 2398 2439  2397 2438 2439  2398 2399 2440  2398 2439 2440  2399 2400 2441  2399 2440 2441  2400 2401 2442  2400 2441 2442  2401 2402 2443  2401 2442 2443  2402 2403 2444  2402 2443 2444  2403 2404 2445  2403 2444 2445  2404 2405 2446  2404 2445 2446  2405 2406 2447  2405 2446 2447  2406 2407 2448  2406 2447 2448  2407 2408 2449  2407 2448 2449  2408 2409 2450  2408 2449 2450  2409 2410 2451  2409 2450 2451  2410 2411 2452  2410 2451 2452  2411 2412 2453  2411 2452 2453  2412 2413 2454  2412 2453 2454  2413 2414 2455  2413 2454 2455  2414 2415 2456  2414 2455 2456  2415 2416 2457  2415 2456 2457  2416 2417 2458  2416 2457 2458  2417 2418 2459  2417 2458 2459  2419 2420 2461  2419 2460 2461  2420 2421 2462  2420 2461 2462  2421 2422 2463  2421 2462 2463  2422 2423 2464  2422 2463 2464  2423 2424 2465  2423 2464 2465  2424 2425 2466  2424 2465 2466  2425 2426 2467  2425 2466 2467  2426 2427 2468  2426 2467 2468  2427 2428 2469  2427 2468 2469  2428 2429 2470  2428 2469 2470  2429 2430 2471  2429 2470 2471  2430 2431 2472  2430 2471 2472  2431 2432 2473  2431 2472 2473  2432 2433 2474  2432 2473 2474  2433 2434 2475  2433 2474 2475  2434 2435 2476  2434 2475 2476  2435 2436 2477  2435 2476 2477  2436 2437 2478  2436 2477 2478  2437 2438 2479  2437 2478 2479  2438 2439 2480  2438 2479 2480  2439 2440 2481  2439 2480 2481  2440 2441 2482  2440 2481 2482  2441 2442 2483  2441 2482 2483  2442 2443 2484  2442 2483 2484  2443 2444 2485  2443 2484 2485  2444 2445 2486  2444 2485 2486  2445 2446 2487  2445 2486 2487  2446 2447 2488  2446 2487 2488  2447 2448 2489  2447 2488 2489  2448 2449 2490  2448 2489 2490  2449 2450 2491  2449 2490 2491  2450 2451 2492  2450 2491 2492  2451 2452 2493  2451 2492 2493  2452 2453 2494  2452 2493 2494  2453 2454 2495  2453 2494 2495  2454 2455 2496  2454 2495 2496  2455 2456 2497  2455 2496 2497  2456 2457 2498  2456 2497 2498  2457 2458 2499  2457 2498 2499  2458 2459 2500  2458 2499 2500  2460 2461 2502  2460 2501 2502  2461 2462 2503  2461 2502 2503  2462 2463 2504  2462 2503 2504  2463 2464 2505  2463 2504 2505  2464 2465 2506  2464 2505 2506  2465 2466 2507  2465 2506 2507  2466 2467 2508  2466 2507 2508  2467 2468 2509  2467 2508 2509  2468 2469 2510  2468 2509 2510  2469 2470 2511  2469 2510 2511  2470 2471 2512  2470 2511 2512  2471 2472 2513  2471 2512 2513  2472 2473 2514  2472 2513 2514  2473 2474 2515  2473 2514 2515  2474 2475 2516  2474 2515 2516  2475 2476 2517  2475 2516 2517  2476 2477 2518  2476 2517 2518  2477 2478 2519  2477 2518 2519  2478 2479 2520  2478 2519 2520  2479 2480 2521  2479 2520 2521  2480 2481 2522  2480 2521 2522  2481 2482 2523  2481 2522 2523  2482 2483 2524  2482 2523 2524  2483 2484 2525  2483 2524 2525  2484 2485 2526  2484 2525 2526  2485 2486 2527  2485 2526 2527  2486 2487 2528  2486 2527 2528  2487 2488 2529  2487 2528 2529  2488 2489 2530  2488 2529 2530  2489 2490 2531  2489 2530 2531  2490 2491 2532  2490 2531 2532  2491 2492 2533  2491 2532 2533  2492 2493 2534  2492 2533 2534  2493 2494 2535  2493 2534 2535  2494 2495 2536  2494 2535 2536  2495 2496 2537  2495 2536 2537  2496 2497 2538  2496 2537 2538  2497 2498 2539  2497 2538 2539  2498 2499 2540  2498 2539 2540  2499 2500 2541  2499 2540 2541  2501 2502 2543  2501 2542 2543  2502 2503 2544  2502 2543 2544  2503 2504 2545  2503 2544 2545  2504 2505 2546  2504 2545 2546  2505 2506 2547  2505 2546 2547  2506 2507 2548  2506 2547 2548  2507 2508 2549  2507 2548 2549  2508 2509 2550  2508 2549 2550  2509 2510 2551  2509 2550 2551  2510 2511 2552  2510 2551 2552  2511 2512 2553  2511 2552 2553  2512 2513 2554  2512 2553 2554  2513 2514 2555  2513 2554 2555  2514 2515 2556  2514 2555 2556  2515 2516 2557  2515 2556 2557  2516 2517 2558  2516 2557 2558  2517 2518 2559  2517 2558 2559  2518 2519 2560  2518 2559 2560  2519 2520 2561  2519 2560 2561  2520 2521 2562  2520 2561 2562  2521 2522 2563  2521 2562 2563  2522 2523 2564  2522 2563 2564  2523 2524 2565  2523 2564 2565  2524 2525 2566  2524 2565 2566  2525 2526 2567  2525 2566 2567  2526 2527 2568  2526 2567 2568  2527 2528 2569  2527 2568 2569  2528 2529 2570  2528 2569 2570  2529 2530 2571  2529 2570 2571  2530 2531 2572  2530 2571 2572  2531 2532 2573  2531 2572 2573  2532 2533 2574  2532 2573 2574  2533 2534 2575  2533 2574 2575  2534 2535 2576  2534 2575 2576  2535 2536 2577  2535 2576 2577  2536 2537 2578  2536 2577 2578  2537 2538 2579  2537 2578 2579  2538 2539 2580  2538 2579 2580  2539 2540 2581  2539 2580 2581  2540 2541 2582  2540 2581 2582  2542 2543 2584  2542 2583 2584  2543 2544 2585  2543 2584 2585  2544 2545 2586  2544 2585 2586  2545 2546 2587  2545 2586 2587  2546 2547 2588  2546 2587 2588  2547 2548 2589  2547 2588 2589  2548 2549 2590  2548 2589 2590  2549 2550 2591  2549 2590 2591  2550 2551 2592  2550 2591 2592  2551 2552 2593  2551 2592 2593  2552 2553 2594  2552 2593 2594  2553 2554 2595  2553 2594 2595  2554 2555 2596  2554 2595 2596  2555 2556 2597  2555 2596 2597  2556 2557 2598  2556 2597 2598  2557 2558 2599  2557 2598 2599  2558 2559 2600  2558 2599 2600  2559 2560 2601  2559 2600 2601  2560 2561 2602  2560 2601 2602  2561 2562 2603  2561 2602 2603  2562 2563 2604  2562 2603 2604  2563 2564 2605  2563 2604 2605  2564 2565 2606  2564 2605 2606  2565 2566 2607  2565 2606 2607  2566 2567 2608  2566 2607 2608  2567 2568 2609  2567 2608 2609  2568 2569 2610  2568 2609 2610  2569 2570 2611  2569 2610 2611  2570 2571 2612  2570 2611 2612  2571 2572 2613  2571 2612 2613  2572 2573 2614  2572 2613 2614  2573 2574 2615  2573 2614 2615  2574 2575 2616  2574 2615 2616  2575 2576 2617  2575 2616 2617  2576 2577 2618  2576 2617 2618  2577 2578 2619  2577 2618 2619  2578 2579 2620  2578 2619 2620  2579 2580 2621  2579 2620 2621  2580 2581 2622  2580 2621 2622  2581 2582 2623  2581 2622 2623  2583 2584 2625  2583 2624 2625  2584 2585 2626  2584 2625 2626  2585 2586 2627  2585 2626 2627  2586 2587 2628  2586 2627 2628  2587 2588 2629  2587 2628 2629  2588 2589 2630  2588 2629 2630  2589 2590 2631  2589 2630 2631  2590 2591 2632  2590 2631 2632  2591 2592 2633  2591 2632 2633  2592 2593 2634  2592 2633 2634  2593 2594 2635  2593 2634 2635  2594 2595 2636  2594 2635 2636  2595 2596 2637  2595 2636 2637  2596 2597 2638  2596 2637 2638  2597 2598 2639  2597 2638 2639  2598 2599 2640  2598 2639 2640  2599 2600 2641  2599 2640 2641  2600 2601 2642  2600 2641 2642  2601 2602 2643  2601 2642 2643  2602 2603 2644  2602 2643 2644  2603 2604 2645  2603 2644 2645  2604 2605 2646  2604 2645 2646  2605 2606 2647  2605 2646 2647  2606 2607 2648  2606 2647 2648  2607 2608 2649  2607 2648 2649  2608 2609 2650  2608 2649 2650  2609 2610 2651  2609 2650 2651  2610 2611 2652  2610 2651 2652  2611 2612 2653  2611 2652 2653  2612 2613 2654  2612 2653 2654  2613 2614 2655  2613 2654 2655  2614 2615 2656  2614 2655 2656  2615 2616 2657  2615 2656 2657  2616 2617 2658  2616 2657 2658  2617 2618 2659  2617 2658 2659  2618 2619 2660  2618 2659 2660  2619 2620 2661  2619 2660 2661  2620 2621 2662  2620 2661 2662  2621 2622 2663  2621 2662 2663  2622 2623 2664  2622 2663 2664  2624 2625 2666  2624 2665 2666  2625 2626 2667  2625 2666 2667  2626 2627 2668  2626 2667 2668  2627 2628 2669  2627 2668 2669  2628 2629 2670  2628 2669 2670  2629 2630 2671  2629 2670 2671  2630 2631 2672  2630 2671 2672  2631 2632 2673  2631 2672 2673  2632 2633 2674  2632 2673 2674  2633 2634 2675  2633 2674 2675  2634 2635 2676  2634 2675 2676  2635 2636 2677  2635 2676 2677  2636 2637 2678  2636 2677 2678  2637 2638 2679  2637 2678 2679  2638 2639 2680  2638 2679 2680  2639 2640 2681  2639 2680 2681  2640 2641 2682  2640 2681 2682  2641 2642 2683  2641 2682 2683  2642 2643 2684  2642 2683 2684  2643 2644 2685  2643 2684 2685  2644 2645 2686  2644 2685 2686  2645 2646 2687  2645 2686 2687  2646 2647 2688  2646 2687 2688  2647 2648 2689  2647 2688 2689  2648 2649 2690  2648 2689 2690  2649 2650 2691  2649 2690 2691  2650 2651 2692  2650 2691 2692  2651 2652 2693  2651 2692 2693  2652 2653 2694  2652 2693 2694  2653 2654 2695  2653 2694 2695  2654 2655 2696  2654 2695 2696  2655 2656 2697  2655 2696 2697  2656 2657 2698  2656 2697 2698  2657 2658 2699  2657 2698 2699  2658 2659 2700  2658 2699 2700  2659 2660 2701  2659 2700 2701  2660 2661 2702  2660 2701 2702  2661 2662 2703  2661 2702 2703  2662 2663 2704  2662 2703 2704  2663 2664 2705  2663 2704 2705  2665 2666 2707  2665 2706 2707  2666 2667 2708  2666 2707 2708  2667 2668 2709  2667 2708 2709  2668 2669 2710  2668 2709 2710  2669 2670 2711  2669 2710 2711  2670 2671 2712  2670 2711 2712  2671 2672 2713  2671 2712 2713  2672 2673 2714  2672 2713 2714  2673 2674 2715  2673 2714 2715  2674 2675 2716  2674 2715 2716  2675 2676 2717  2675 2716 2717  2676 2677 2718  2676 2717 2718  2677 2678 2719  2677 2718 2719  2678 2679 2720  2678 2719 2720  2679 2680 2721  2679 2720 2721  2680 2681 2722  2680 2721 2722  2681 2682 2723  2681 2722 2723  2682 2683 2724  2682 2723 2724  2683 2684 2725  2683 2724 2725  2684 2685 2726  2684 2725 2726  2685 2686 2727  2685 2726 2727  2686 2687 2728  2686 2727 2728  2687 2688 2729  2687 2728 2729  2688 2689 2730  2688 2729 2730  2689 2690 2731  2689 2730 2731  2690 2691 2732  2690 2731 2732  2691 2692 2733  2691 2732 2733  2692 2693 2734  2692 2733 2734  2693 2694 2735  2693 2734 2735  2694 2695 2736  2694 2735 2736  2695 2696 2737  2695 2736 2737  2696 2697 2738  2696 2737 2738  2697 2698 2739  2697 2738 2739  2698 2699 2740  2698 2739 2740  2699 2700 2741  2699 2740 2741  2700 2701 2742  2700 2741 2742  2701 2702 2743  2701 2742 2743  2702 2703 2744  2702 2743 2744  2703 2704 2745  2703 2744 2745  2704 2705 2746  2704 2745 2746  2706 2707 2748  2706 2747 2748  2707 2708 2749  2707 2748 2749  2708 2709 2750  2708 2749 2750  2709 2710 2751  2709 2750 2751  2710 2711 2752  2710 2751 2752  2711 2712 2753  2711 2752 2753  2712 2713 2754  2712 2753 2754  2713 2714 2755  2713 2754 2755  2714 2715 2756  2714 2755 2756  2715 2716 2757  2715 2756 2757  2716 2717 2758  2716 2757 2758  2717 2718 2759  2717 2758 2759  2718 2719 2760  2718 2759 2760  2719 2720 2761  2719 2760 2761  2720 2721 2762  2720 2761 2762  2721 2722 2763  2721 2762 2763  2722 2723 2764  2722 2763 2764  2723 2724 2765  2723 2764 2765  2724 2725 2766  2724 2765 2766  2725 2726 2767  2725 2766 2767  2726 2727 2768  2726 2767 2768  2727 2728 2769  2727 2768 2769  2728 2729 2770  2728 2769 2770  2729 2730 2771  2729 2770 2771  2730 2731 2772  2730 2771 2772  2731 2732 2773  2731 2772 2773  2732 2733 2774  2732 2773 2774  2733 2734 2775  2733 2774 2775  2734 2735 2776  2734 2775 2776  2735 2736 2777  2735 2776 2777  2736 2737 2778  2736 2777 2778  2737 2738 2779  2737 2778 2779  2738 2739 2780  2738 2779 2780  2739 2740 2781  2739 2780 2781  2740 2741 2782  2740 2781 2782  2741 2742 2783  2741 2782 2783  2742 2743 2784  2742 2783 2784  2743 2744 2785  2743 2784 2785  2744 2745 2786  2744 2785 2786  2745 2746 2787  2745 2786 2787  2747 2748 2789  2747 2788 2789  2748 2749 2790  2748 2789 2790  2749 2750 2791  2749 2790 2791  2750 2751 2792  2750 2791 2792  2751 2752 2793  2751 2792 2793  2752 2753 2794  2752 2793 2794  2753 2754 2795  2753 2794 2795  2754 2755 2796  2754 2795 2796  2755 2756 2797  2755 2796 2797  2756 2757 2798  2756 2797 2798  2757 2758 2799  2757 2798 2799  2758 2759 2800  2758 2799 2800  2759 2760 2801  2759 2800 2801  2760 2761 2802  2760 2801 2802  2761 2762 2803  2761 2802 2803  2762 2763 2804  2762 2803 2804  2763 2764 2805  2763 2804 2805  2764 2765 2806  2764 2805 2806  2765 2766 2807  2765 2806 2807  2766 2767 2808  2766 2807 2808  2767 2768 2809  2767 2808 2809  2768 2769 2810  2768 2809 2810  2769 2770 2811  2769 2810 2811  2770 2771 2812  2770 2811 2812  2771 2772 2813  2771 2812 2813  2772 2773 2814  2772 2813 2814  2773 2774 2815  2773 2814 2815  2774 2775 2816  2774 2815 2816  2775 2776 2817  2775 2816 2817  2776 2777 2818  2776 2817 2818  2777 2778 2819  2777 2818 2819  2778 2779 2820  2778 2819 2820  2779 2780 2821  2779 2820 2821  2780 2781 2822  2780 2821 2822  2781 2782 2823  2781 2822 2823  2782 2783 2824  2782 2823 2824  2783 2784 2825  2783 2824 2825  2784 2785 2826  2784 2825 2826  2785 2786 2827  2785 2826 2827  2786 2787 2828  2786 2827 2828  </DataArray>
<DataArray  type="UInt32"  Name="offsets"  format="ascii">3 6 9 12 15 18 21 24 27 30 33 36 39 42 45 48 51 54 57 60 63 66 69 72 75 78 81 84 87 90 93 96 99 102 105 108 111 114 117 120 123 126 129 132 135 138 141 144 147 150 153 156 159 162 165 168 171 174 177 180 183 186 189 192 195 198 201 204 207 210 213 216 219 222 225 228 231 234 237 240 243 246 249 252 255 258 261 264 267 270 273 276 279 282 285 288 291 294 297 300 303 306 309 312 315 318 321 324 327 330 333 336 339 342 345 348 351 354 357 360 363 366 369 372 375 378 381 384 387 390 393 396 399 402 405 408 411 414 417 420 423 426 429 432 435 438 441 444 447 450 453 456 459 462 465 468 471 474 477 480 483 486 489 492 495 498 501 504 507 510 513 516 519 522 525 528 531 534 537 540 543 546 549 552 555 558 561 564 567 570 573 576 579 582 585 588 591 594 597 600 603 606 609 612 615 618 621 624 627 630 633 636 639 642 645 648 651 654 657 660 663 666 669 672 675 678 681 684 687 690 693 696 699 702 705 708 711 714 717 720 723 726 729 732 735 738 741 744 747 750 753 756 759 762 765 768 771 774 777 780 783 786 789 792 795 798 801 804 807 810 813 816 819 822 825 828 831 834 837 840 843 846 849 852 855 858 861 864 867 870 873 876 879 882 885 888 891 894 897 900 903 906 909 912 915 918 921 924 927 930 933 936 939 942 945 948 951 954 957 960 963 966 969 972 975 978 981 984 987 990 993 996 999 1002 1005 1008 1011 1014 1017 1020 1023 1026 1029 1032 1035 1038 1041 1044 1047 1050 1053 1056 1059 1062 1065 1068 1071 1074 1077 1080 1083 1086 1089 1092 1095 1098 1101 1104 1107 1110 1113 1116 1119 1122 1125 1128 1131 1134 1137 1140 1143 1146 1149 1152 1155 1158 1161 1164 1167 1170 1173 1176 1179 1182 1185 1188 1191 1194 1197 1200 1203 1206 1209 1212 1215 1218 1221 1224 1227 1230 1233 1236 1239 1242 1245 1248 1251 1254 1257 1260 1263 1266 1269 1272 1275 1278 1281 1284 1287 1290 1293 1296 1299 1302 1305 1308 1311 1314 1317 1320 1323 1326 1329 1332 1335 1338 1341 1344 1347 1350 1353 1356 1359 1362 1365 1368 1371 1374 1377 1380 1383 1386 1389 1392 1395 1398 1401 1404 1407 1410 1413 1416 1419 1422 1425 1428 1431 1434 1437 1440 1443 1446 1449 1452 1455 1458 1461 1464 1467 1470 1473 1476 1479 1482 1485 1488 1491 1494 1497 1500 1503 1506 1509 1512 1515 1518 1521 1524 1527 1530 1533 1536 1539 1542 1545 1548 1551 1554 1557 1560 1563 1566 1569 1572 1575 1578 1581 1584 1587 1590 1593 1596 1599 1602 1605 1608 1611 1614 1617 1620 1623 1626 1629 1632 1635 1638 1641 1644 1647 1650 1653 1656 1659 1662 1665 1668 1671 1674 1677 1680 1683 1686 1689 1692 1695 1698 1701 1704 1707 1710 1713 1716 1719 1722 1725 1728 1731 1734 1737 1740 1743 1746 1749 1752 1755 1758 1761 1764 1767 1770 1773 1776 1779 1782 1785 1788 1791 1794 1797 1800 1803 1806 1809 1812 1815 1818 1821 1824 1827 1830 1833 1836 1839 1842 1845 1848 1851 1854 1857 1860 1863 1866 1869 1872 1875 1878 1881 1884 1887 1890 1893 1896 1899 1902 1905 1908 1911 1914 1917 1920 1923 1926 1929 1932 1935 1938 1941 1944 1947 1950 1953 1956 1959 1962 1965 1968 1971 1974 1977 1980 1983 1986 1989 1992 1995 1998 2001 2004 2007 2010 2013 2016 2019 2022 2025 2028 2031 2034 2037 2040 2043 2046 2049 2052 2055 2058 2061 2064 2067 2070 2073 2076 2079 2082 2085 2088 2091 2094 2097 2100 2103 2106 2109 2112 2115 2118 2121 2124 2127 2130 2133 2136 2139 2142 2145 2148 2151 2154 2157 2160 2163 2166 2169 2172 2175 2178 2181 2184 2187 2190 2193 2196 2199 2202 2205 2208 2211 2214 2217 2220 2223 2226 2229 2232 2235 2238 2241 2244 2247 2250 2253 2256 2259 2262 2265 2268 2271 2274 2277 2280 2283 2286 2289 2292 2295 2298 2301 2304 2307 2310 2313 2316 2319 2322 2325 2328 2331 2334 2337 2340 2343 2346 2349 2352 2355 2358 2361 2364 2367 2370 2373 2376 2379 2382 2385 2388 2391 2394 2397 2400 2403 2406 2409 2412 2415 2418 2421 2424 2427 2430 2433 2436 2439 2442 2445 2448 2451 2454 2457 2460 2463 2466 2469 2472 2475 2478 2481 2484 2487 2490 2493 2496 2499 2502 2505 2508 2511 2514 2517 2520 2523 2526 2529 2532 2535 2538 2541 2544 2547 2550 2553 2556 2559 2562 2565 2568 2571 2574 2577 2580 2583 2586 2589 2592 2595 2598 2601 2604 2607 2610 2613 2616 2619 2622 2625 2628 2631 2634 2637 2640 2643 2646 2649 2652 2655 2658 2661 2664 2667 2670 2673 2676 2679 2682 2685 2688 2691 2694 2697 2700 2703 2706 2709 2712 2715 2718 2721 2724 2727 2730 2733 2736 2739 2742 2745 2748 2751 2754 2757 2760 2763 2766 2769 2772 2775 2778 2781 2784 2787 2790 2793 2796 2799 2802 2805 2808 2811 2814 2817 2820 2823 2826 2829 2832 2835 2838 2841 2844 2847 2850 2853 2856 2859 2862 2865 2868 2871 2874 2877 2880 2883 2886 2889 2892 2895 2898 2901 2904 2907 2910 2913 2916 2919 2922 2925 2928 2931 2934 2937 2940 2943 2946 2949 2952 2955 2958 2961 2964 2967 2970 2973 2976 2979 2982 2985 2988 2991 2994 2997 3000 3003 3006 3009 3012 3015 3018 3021 3024 3027 3030 3033 3036 3039 3042 3045 3048 3051 3054 3057 3060 3063 3066 3069 3072 3075 3078 3081 3084 3087 3090 3093 3096 3099 3102 3105 3108 3111 3114 3117 3120 3123 3126 3129 3132 3135 3138 3141 3144 3147 3150 3153 3156 3159 3162 3165 3168 3171 3174 3177 3180 3183 3186 3189 3192 3195 3198 3201 3204 3207 3210 3213 3216 3219 3222 3225 3228 3231 3234 3237 3240 3243 3246 3249 3252 3255 3258 3261 3264 3267 3270 3273 3276 3279 3282 3285 3288 3291 3294 3297 3300 3303 3306 3309 3312 3315 3318 3321 3324 3327 3330 3333 3336 3339 3342 3345 3348 3351 3354 3357 3360 3363 3366 3369 3372 3375 3378 3381 3384 3387 3390 3393 3396 3399 3402 3405 3408 3411 3414 3417 3420 3423 3426 3429 3432 3435 3438 3441 3444 3447 3450 3453 3456 3459 3462 3465 3468 3471 3474 3477 3480 3483 3486 3489 3492 3495 3498 3501 3504 3507 3510 3513 3516 3519 3522 3525 3528 3531 3534 3537 3540 3543 3546 3549 3552 3555 3558 3561 3564 3567 3570 3573 3576 3579 3582 3585 3588 3591 3594 3597 3600 3603 3606 3609 3612 3615 3618 3621 3624 3627 3630 3633 3636 3639 3642 3645 3648 3651 3654 3657 3660 3663 3666 3669 3672 3675 3678 3681 3684 3687 3690 3693 3696 3699 3702 3705 3708 3711 3714 3717 3720 3723 3726 3729 3732 3735 3738 3741 3744 3747 3750 3753 3756 3759 3762 3765 3768 3771 3774 3777 3780 3783 3786 3789 3792 3795 3798 3801 3804 3807 3810 3813 3816 3819 3822 3825 3828 3831 3834 3837 3840 3843 3846 3849 3852 3855 3858 3861 3864 3867 3870 3873 3876 3879 3882 3885 3888 3891 3894 3897 3900 3903 3906 3909 3912 3915 3918 3921 3924 3927 3930 3933 3936 3939 3942 3945 3948 3951 3954 3957 3960 3963 3966 3969 3972 3975 3978 3981 3984 3987 3990 3993 3996 3999 4002 4005 4008 4011 4014 4017 4020 4023 4026 4029 4032 4035 4038 4041 4044 4047 4050 4053 4056 4059 4062 4065 4068 4071 4074 4077 4080 4083 4086 4089 4092 4095 4098 4101 4104 4107 4110 4113 4116 4119 4122 4125 4128 4131 4134 4137 4140 4143 4146 4149 4152 4155 4158 4161 4164 4167 4170 4173 4176 4179 4182 4185 4188 4191 4194 4197 4200 4203 4206 4209 4212 4215 4218 4221 4224 4227 4230 4233 4236 4239 4242 4245 4248 4251 4254 4257 4260 4263 4266 4269 4272 4275 4278 4281 4284 4287 4290 4293 4296 4299 4302 4305 4308 4311 4314 4317 4320 4323 4326 4329 4332 4335 4338 4341 4344 4347 4350 4353 4356 4359 4362 4365 4368 4371 4374 4377 4380 4383 4386 4389 4392 4395 4398 4401 4404 4407 4410 4413 4416 4419 4422 4425 4428 4431 4434 4437 4440 4443 4446 4449 4452 4455 4458 4461 4464 4467 4470 4473 4476 4479 4482 4485 4488 4491 4494 4497 4500 4503 4506 4509 4512 4515 4518 4521 4524 4527 4530 4533 4536 4539 4542 4545 4548 4551 4554 4557 4560 4563 4566 4569 4572 4575 4578 4581 4584 4587 4590 4593 4596 4599 4602 4605 4608 4611 4614 4617 4620 4623 4626 4629 4632 4635 4638 4641 4644 4647 4650 4653 4656 4659 4662 4665 4668 4671 4674 4677 4680 4683 4686 4689 4692 4695 4698 4701 4704 4707 4710 4713 4716 4719 4722 4725 4728 4731 4734 4737 4740 4743 4746 4749 4752 4755 4758 4761 4764 4767 4770 4773 4776 4779 4782 4785 4788 4791 4794 4797 4800 4803 4806 4809 4812 4815 4818 4821 4824 4827 4830 4833 4836 4839 4842 4845 4848 4851 4854 4857 4860 4863 4866 4869 4872 4875 4878 4881 4884 4887 4890 4893 4896 4899 4902 4905 4908 4911 4914 4917 4920 4923 4926 4929 4932 4935 4938 4941 4944 4947 4950 4953 4956 4959 4962 4965 4968 4971 4974 4977 4980 4983 4986 4989 4992 4995 4998 5001 5004 5007 5010 5013 5016 5019 5022 5025 5028 5031 5034 5037 5040 5043 5046 5049 5052 5055 5058 5061 5064 5067 5070 5073 5076 5079 5082 5085 5088 5091 5094 5097 5100 5103 5106 5109 5112 5115 5118 5121 5124 5127 5130 5133 5136 5139 5142 5145 5148 5151 5154 5157 5160 5163 5166 5169 5172 5175 5178 5181 5184 5187 5190 5193 5196 5199 5202 5205 5208 5211 5214 5217 5220 5223 5226 5229 5232 5235 5238 5241 5244 5247 5250 5253 5256 5259 5262 5265 5268 5271 5274 5277 5280 5283 5286 5289 5292 5295 5298 5301 5304 5307 5310 5313 5316 5319 5322 5325 5328 5331 5334 5337 5340 5343 5346 5349 5352 5355 5358 5361 5364 5367 5370 5373 5376 5379 5382 5385 5388 5391 5394 5397 5400 5403 5406 5409 5412 5415 5418 5421 5424 5427 5430 5433 5436 5439 5442 5445 5448 5451 5454 5457 5460 5463 5466 5469 5472 5475 5478 5481 5484 5487 5490 5493 5496 5499 5502 5505 5508 5511 5514 5517 5520 5523 5526 5529 5532 5535 5538 5541 5544 5547 5550 5553 5556 5559 5562 5565 5568 5571 5574 5577 5580 5583 5586 5589 5592 5595 5598 5601 5604 5607 5610 5613 5616 5619 5622 5625 5628 5631 5634 5637 5640 5643 5646 5649 5652 5655 5658 5661 5664 5667 5670 5673 5676 5679 5682 5685 5688 5691 5694 5697 5700 5703 5706 5709 5712 5715 5718 5721 5724 5727 5730 5733 5736 5739 5742 5745 5748 5751 5754 5757 5760 5763 5766 5769 5772 5775 5778 5781 5784 5787 5790 5793 5796 5799 5802 5805 5808 5811 5814 5817 5820 5823 5826 5829 5832 5835 5838 5841 5844 5847 5850 5853 5856 5859 5862 5865 5868 5871 5874 5877 5880 5883 5886 5889 5892 5895 5898 5901 5904 5907 5910 5913 5916 5919 5922 5925 5928 5931 5934 5937 5940 5943 5946 5949 5952 5955 5958 5961 5964 5967 5970 5973 5976 5979 5982 5985 5988 5991 5994 5997 6000 6003 6006 6009 6012 6015 6018 6021 6024 6027 6030 6033 6036 6039 6042 6045 6048 6051 6054 6057 6060 6063 6066 6069 6072 6075 6078 6081 6084 6087 6090 6093 6096 6099 6102 6105 6108 6111 6114 6117 6120 6123 6126 6129 6132 6135 6138 6141 6144 6147 6150 6153 6156 6159 6162 6165 6168 6171 6174 6177 6180 6183 6186 6189 6192 6195 6198 6201 6204 6207 6210 6213 6216 6219 6222 6225 6228 6231 6234 6237 6240 6243 6246 6249 6252 6255 6258 6261 6264 6267 6270 6273 6276 6279 6282 6285 6288 6291 6294 6297 6300 6303 6306 6309 6312 6315 6318 6321 6324 6327 6330 6333 6336 6339 6342 6345 6348 6351 6354 6357 6360 6363 6366 6369 6372 6375 6378 6381 6384 6387 6390 6393 6396 6399 6402 6405 6408 6411 6414 6417 6420 6423 6426 6429 6432 6435 6438 6441 6444 6447 6450 6453 6456 6459 6462 6465 6468 6471 6474 6477 6480 6483 6486 6489 6492 6495 6498 6501 6504 6507 6510 6513 6516 6519 6522 6525 6528 6531 6534 6537 6540 6543 6546 6549 6552 6555 6558 6561 6564 6567 6570 6573 6576 6579 6582 6585 6588 6591 6594 6597 6600 6603 6606 6609 6612 6615 6618 6621 6624 6627 6630 6633 6636 6639 6642 6645 6648 6651 6654 6657 6660 6663 6666 6669 6672 6675 6678 6681 6684 6687 6690 6693 6696 6699 6702 6705 6708 6711 6714 6717 6720 6723 6726 6729 6732 6735 6738 6741 6744 6747 6750 6753 6756 6759 6762 6765 6768 6771 6774 6777 6780 6783 6786 6789 6792 6795 6798 6801 6804 6807 6810 6813 6816 6819 6822 6825 6828 6831 6834 6837 6840 6843 6846 6849 6852 6855 6858 6861 6864 6867 6870 6873 6876 6879 6882 6885 6888 6891 6894 6897 6900 6903 6906 6909 6912 6915 6918 6921 6924 6927 6930 6933 6936 6939 6942 6945 6948 6951 6954 6957 6960 6963 6966 6969 6972 6975 6978 6981 6984 6987 6990 6993 6996 6999 7002 7005 7008 7011 7014 7017 7020 7023 7026 7029 7032 7035 7038 7041 7044 7047 7050 7053 7056 7059 7062 7065 7068 7071 7074 7077 7080 7083 7086 7089 7092 7095 7098 7101 7104 7107 7110 7113 7116 7119 7122 7125 7128 7131 7134 7137 7140 7143 7146 7149 7152 7155 7158 7161 7164 7167 7170 7173 7176 7179 7182 7185 7188 7191 7194 7197 7200 7203 7206 7209 7212 7215 7218 7221 7224 7227 7230 7233 7236 7239 7242 7245 7248 7251 7254 7257 7260 7263 7266 7269 7272 7275 7278 7281 7284 7287 7290 7293 7296 7299 7302 7305 7308 7311 7314 7317 7320 7323 7326 7329 7332 7335 7338 7341 7344 7347 7350 7353 7356 7359 7362 7365 7368 7371 7374 7377 7380 7383 7386 7389 7392 7395 7398 7401 7404 7407 7410 7413 7416 7419 7422 7425 7428 7431 7434 7437 7440 7443 7446 7449 7452 7455 7458 7461 7464 7467 7470 7473 7476 7479 7482 7485 7488 7491 7494 7497 7500 7503 7506 7509 7512 7515 7518 7521 7524 7527 7530 7533 7536 7539 7542 7545 7548 7551 7554 7557 7560 7563 7566 7569 7572 7575 7578 7581 7584 7587 7590 7593 7596 7599 7602 7605 7608 7611 7614 7617 7620 7623 7626 7629 7632 7635 7638 7641 7644 7647 7650 7653 7656 7659 7662 7665 7668 7671 7674 7677 7680 7683 7686 7689 7692 7695 7698 7701 7704 7707 7710 7713 7716 7719 7722 7725 7728 7731 7734 7737 7740 7743 7746 7749 7752 7755 7758 7761 7764 7767 7770 7773 7776 7779 7782 7785 7788 7791 7794 7797 7800 7803 7806 7809 7812 7815 7818 7821 7824 7827 7830 7833 7836 7839 7842 7845 7848 7851 7854 7857 7860 7863 7866 7869 7872 7875 7878 7881 7884 7887 7890 7893 7896 7899 7902 7905 7908 7911 7914 7917 7920 7923 7926 7929 7932 7935 7938 7941 7944 7947 7950 7953 7956 7959 7962 7965 7968 7971 7974 7977 7980 7983 7986 7989 7992 7995 7998 8001 8004 8007 8010 8013 8016 8019 8022 8025 8028 8031 8034 8037 8040 8043 8046 8049 8052 8055 8058 8061 8064 8067 8070 8073 8076 8079 8082 8085 8088 8091 8094 8097 8100 8103 8106 8109 8112 8115 8118 8121 8124 8127 8130 8133 8136 8139 8142 8145 8148 8151 8154 8157 8160 8163 8166 8169 8172 8175 8178 8181 8184 8187 8190 8193 8196 8199 8202 8205 8208 8211 8214 8217 8220 8223 8226 8229 8232 8235 8238 8241 8244 8247 8250 8253 8256 8259 8262 8265 8268 8271 8274 8277 8280 8283 8286 8289 8292 8295 8298 8301 8304 8307 8310 8313 8316 8319 8322 8325 8328 8331 8334 8337 8340 8343 8346 8349 8352 8355 8358 8361 8364 8367 8370 8373 8376 8379 8382 8385 8388 8391 8394 8397 8400 8403 8406 8409 8412 8415 8418 8421 8424 8427 8430 8433 8436 8439 8442 8445 8448 8451 8454 8457 8460 8463 8466 8469 8472 8475 8478 8481 8484 8487 8490 8493 8496 8499 8502 8505 8508 8511 8514 8517 8520 8523 8526 8529 8532 8535 8538 8541 8544 8547 8550 8553 8556 8559 8562 8565 8568 8571 8574 8577 8580 8583 8586 8589 8592 8595 8598 8601 8604 8607 8610 8613 8616 8619 8622 8625 8628 8631 8634 8637 8640 8643 8646 8649 8652 8655 8658 8661 8664 8667 8670 8673 8676 8679 8682 8685 8688 8691 8694 8697 8700 8703 8706 8709 8712 8715 8718 8721 8724 8727 8730 8733 8736 8739 8742 8745 8748 8751 8754 8757 8760 8763 8766 8769 8772 8775 8778 8781 8784 8787 8790 8793 8796 8799 8802 8805 8808 8811 8814 8817 8820 8823 8826 8829 8832 8835 8838 8841 8844 8847 8850 8853 8856 8859 8862 8865 8868 8871 8874 8877 8880 8883 8886 8889 8892 8895 8898 8901 8904 8907 8910 8913 8916 8919 8922 8925 8928 8931 8934 8937 8940 8943 8946 8949 8952 8955 8958 8961 8964 8967 8970 8973 8976 8979 8982 8985 8988 8991 8994 8997 9000 9003 9006 9009 9012 9015 9018 9021 9024 9027 9030 9033 9036 9039 9042 9045 9048 9051 9054 9057 9060 9063 9066 9069 9072 9075 9078 9081 9084 9087 9090 9093 9096 9099 9102 9105 9108 9111 9114 9117 9120 9123 9126 9129 9132 9135 9138 9141 9144 9147 9150 9153 9156 9159 9162 9165 9168 9171 9174 9177 9180 9183 9186 9189 9192 9195 9198 9201 9204 9207 9210 9213 9216 9219 9222 9225 9228 9231 9234 9237 9240 9243 9246 9249 9252 9255 9258 9261 9264 9267 9270 9273 9276 9279 9282 9285 9288 9291 9294 9297 9300 9303 9306 9309 9312 9315 9318 9321 9324 9327 9330 9333 9336 9339 9342 9345 9348 9351 9354 9357 9360 9363 9366 9369 9372 9375 9378 9381 9384 9387 9390 9393 9396 9399 9402 9405 9408 9411 9414 9417 9420 9423 9426 9429 9432 9435 9438 9441 9444 9447 9450 9453 9456 9459 9462 9465 9468 9471 9474 9477 9480 9483 9486 9489 9492 9495 9498 9501 9504 9507 9510 9513 9516 9519 9522 9525 9528 9531 9534 9537 9540 9543 9546 9549 9552 9555 9558 9561 9564 9567 9570 9573 9576 9579 9582 9585 9588 9591 9594 9597 9600 9603 9606 9609 9612 9615 9618 9621 9624 9627 9630 9633 9636 9639 9642 9645 9648 9651 9654 9657 9660 9663 9666 9669 9672 9675 9678 9681 9684 9687 9690 9693 9696 9699 9702 9705 9708 9711 9714 9717 9720 9723 9726 9729 9732 9735 9738 9741 9744 9747 9750 9753 9756 9759 9762 9765 9768 9771 9774 9777 9780 9783 9786 9789 9792 9795 9798 9801 9804 9807 9810 9813 9816 9819 9822 9825 9828 9831 9834 9837 9840 9843 9846 9849 9852 9855 9858 9861 9864 9867 9870 9873 9876 9879 9882 9885 9888 9891 9894 9897 9900 9903 9906 9909 9912 9915 9918 9921 9924 9927 9930 9933 9936 9939 9942 9945 9948 9951 9954 9957 9960 9963 9966 9969 9972 9975 9978 9981 9984 9987 9990 9993 9996 9999 10002 10005 10008 10011 10014 10017 10020 10023 10026 10029 10032 10035 10038 10041 10044 10047 10050 10053 10056 10059 10062 10065 10068 10071 10074 10077 10080 10083 10086 10089 10092 10095 10098 10101 10104 10107 10110 10113 10116 10119 10122 10125 10128 10131 10134 10137 10140 10143 10146 10149 10152 10155 10158 10161 10164 10167 10170 10173 10176 10179 10182 10185 10188 10191 10194 10197 10200 10203 10206 10209 10212 10215 10218 10221 10224 10227 10230 10233 10236 10239 10242 10245 10248 10251 10254 10257 10260 10263 10266 10269 10272 10275 10278 10281 10284 10287 10290 10293 10296 10299 10302 10305 10308 10311 10314 10317 10320 10323 10326 10329 10332 10335 10338 10341 10344 10347 10350 10353 10356 10359 10362 10365 10368 10371 10374 10377 10380 10383 10386 10389 10392 10395 10398 10401 10404 10407 10410 10413 10416 10419 10422 10425 10428 10431 10434 10437 10440 10443 10446 10449 10452 10455 10458 10461 10464 10467 10470 10473 10476 10479 10482 10485 10488 10491 10494 10497 10500 10503 10506 10509 10512 10515 10518 10521 10524 10527 10530 10533 10536 10539 10542 10545 10548 10551 10554 10557 10560 10563 10566 10569 10572 10575 10578 10581 10584 10587 10590 10593 10596 10599 10602 10605 10608 10611 10614 10617 10620 10623 10626 10629 10632 10635 10638 10641 10644 10647 10650 10653 10656 10659 10662 10665 10668 10671 10674 10677 10680 10683 10686 10689 10692 10695 10698 10701 10704 10707 10710 10713 10716 10719 10722 10725 10728 10731 10734 10737 10740 10743 10746 10749 10752 10755 10758 10761 10764 10767 10770 10773 10776 10779 10782 10785 10788 10791 10794 10797 10800 10803 10806 10809 10812 10815 10818 10821 10824 10827 10830 10833 10836 10839 10842 10845 10848 10851 10854 10857 10860 10863 10866 10869 10872 10875 10878 10881 10884 10887 10890 10893 10896 10899 10902 10905 10908 10911 10914 10917 10920 10923 10926 10929 10932 10935 10938 10941 10944 10947 10950 10953 10956 10959 10962 10965 10968 10971 10974 10977 10980 10983 10986 10989 10992 10995 10998 11001 11004 11007 11010 11013 11016 11019 11022 11025 11028 11031 11034 11037 11040 11043 11046 11049 11052 11055 11058 11061 11064 11067 11070 11073 11076 11079 11082 11085 11088 11091 11094 11097 11100 11103 11106 11109 11112 11115 11118 11121 11124 11127 11130 11133 11136 11139 11142 11145 11148 11151 11154 11157 11160 11163 11166 11169 11172 11175 11178 11181 11184 11187 11190 11193 11196 11199 11202 11205 11208 11211 11214 11217 11220 11223 11226 11229 11232 11235 11238 11241 11244 11247 11250 11253 11256 11259 11262 11265 11268 11271 11274 11277 11280 11283 11286 11289 11292 11295 11298 11301 11304 11307 11310 11313 11316 11319 11322 11325 11328 11331 11334 11337 11340 11343 11346 11349 11352 11355 11358 11361 11364 11367 11370 11373 11376 11379 11382 11385 11388 11391 11394 11397 11400 11403 11406 11409 11412 11415 11418 11421 11424 11427 11430 11433 11436 11439 11442 11445 11448 11451 11454 11457 11460 11463 11466 11469 11472 11475 11478 11481 11484 11487 11490 11493 11496 11499 11502 11505 11508 11511 11514 11517 11520 11523 11526 11529 11532 11535 11538 11541 11544 11547 11550 11553 11556 11559 11562 11565 11568 11571 11574 11577 11580 11583 11586 11589 11592 11595 11598 11601 11604 11607 11610 11613 11616 11619 11622 11625 11628 11631 11634 11637 11640 11643 11646 11649 11652 11655 11658 11661 11664 11667 11670 11673 11676 11679 11682 11685 11688 11691 11694 11697 11700 11703 11706 11709 11712 11715 11718 11721 11724 11727 11730 11733 11736 11739 11742 11745 11748 11751 11754 11757 11760 11763 11766 11769 11772 11775 11778 11781 11784 11787 11790 11793 11796 11799 11802 11805 11808 11811 11814 11817 11820 11823 11826 11829 11832 11835 11838 11841 11844 11847 11850 11853 11856 11859 11862 11865 11868 11871 11874 11877 11880 11883 11886 11889 11892 11895 11898 11901 11904 11907 11910 11913 11916 11919 11922 11925 11928 11931 11934 11937 11940 11943 11946 11949 11952 11955 11958 11961 11964 11967 11970 11973 11976 11979 11982 11985 11988 11991 11994 11997 12000 12003 12006 12009 12012 12015 12018 12021 12024 12027 12030 12033 12036 12039 12042 12045 12048 12051 12054 12057 12060 12063 12066 12069 12072 12075 12078 12081 12084 12087 12090 12093 12096 12099 12102 12105 12108 12111 12114 12117 12120 12123 12126 12129 12132 12135 12138 12141 12144 12147 12150 12153 12156 12159 12162 12165 12168 12171 12174 12177 12180 12183 12186 12189 12192 12195 12198 12201 12204 12207 12210 12213 12216 12219 12222 12225 12228 12231 12234 12237 12240 12243 12246 12249 12252 12255 12258 12261 12264 12267 12270 12273 12276 12279 12282 12285 12288 12291 12294 12297 12300 12303 12306 12309 12312 12315 12318 12321 12324 12327 12330 12333 12336 12339 12342 12345 12348 12351 12354 12357 12360 12363 12366 12369 12372 12375 12378 12381 12384 12387 12390 12393 12396 12399 12402 12405 12408 12411 12414 12417 12420 12423 12426 12429 12432 12435 12438 12441 12444 12447 12450 12453 12456 12459 12462 12465 12468 12471 12474 12477 12480 12483 12486 12489 12492 12495 12498 12501 12504 12507 12510 12513 12516 12519 12522 12525 12528 12531 12534 12537 12540 12543 12546 12549 12552 12555 12558 12561 12564 12567 12570 12573 12576 12579 12582 12585 12588 12591 12594 12597 12600 12603 12606 12609 12612 12615 12618 12621 12624 12627 12630 12633 12636 12639 12642 12645 12648 12651 12654 12657 12660 12663 12666 12669 12672 12675 12678 12681 12684 12687 12690 12693 12696 12699 12702 12705 12708 12711 12714 12717 12720 12723 12726 12729 12732 12735 12738 12741 12744 12747 12750 12753 12756 12759 12762 12765 12768 12771 12774 12777 12780 12783 12786 12789 12792 12795 12798 12801 12804 12807 12810 12813 12816 12819 12822 12825 12828 12831 12834 12837 12840 12843 12846 12849 12852 12855 12858 12861 12864 12867 12870 12873 12876 12879 12882 12885 12888 12891 12894 12897 12900 12903 12906 12909 12912 12915 12918 12921 12924 12927 12930 12933 12936 12939 12942 12945 12948 12951 12954 12957 12960 12963 12966 12969 12972 12975 12978 12981 12984 12987 12990 12993 12996 12999 13002 13005 13008 13011 13014 13017 13020 13023 13026 13029 13032 13035 13038 13041 13044 13047 13050 13053 13056 13059 13062 13065 13068 13071 13074 13077 13080 13083 13086 13089 13092 13095 13098 13101 13104 13107 13110 13113 13116 13119 13122 13125 13128 13131 13134 13137 13140 13143 13146 13149 13152 13155 13158 13161 13164 13167 13170 13173 13176 13179 13182 13185 13188 13191 13194 13197 13200 13203 13206 13209 13212 13215 13218 13221 13224 13227 13230 13233 13236 13239 13242 13245 13248 13251 13254 13257 13260 13263 13266 13269 13272 13275 13278 13281 13284 13287 13290 13293 13296 13299 13302 13305 13308 13311 13314 13317 13320 13323 13326 13329 13332 13335 13338 13341 13344 13347 13350 13353 13356 13359 13362 13365 13368 13371 13374 13377 13380 13383 13386 13389 13392 13395 13398 13401 13404 13407 13410 13413 13416 13419 13422 13425 13428 13431 13434 13437 13440 13443 13446 13449 13452 13455 13458 13461 13464 13467 13470 13473 13476 13479 13482 13485 13488 13491 13494 13497 13500 13503 13506 13509 13512 13515 13518 13521 13524 13527 13530 13533 13536 13539 13542 13545 13548 13551 13554 13557 13560 13563 13566 13569 13572 13575 13578 13581 13584 13587 13590 13593 13596 13599 13602 13605 13608 13611 13614 13617 13620 13623 13626 13629 13632 13635 13638 13641 13644 13647 13650 13653 13656 13659 13662 13665 13668 13671 13674 13677 13680 13683 13686 13689 13692 13695 13698 13701 13704 13707 13710 13713 13716 13719 13722 13725 13728 13731 13734 13737 13740 13743 13746 13749 13752 13755 13758 13761 13764 13767 13770 13773 13776 13779 13782 13785 13788 13791 13794 13797 13800 13803 13806 13809 13812 13815 13818 13821 13824 13827 13830 13833 13836 13839 13842 13845 13848 13851 13854 13857 13860 13863 13866 13869 13872 13875 13878 13881 13884 13887 13890 13893 13896 13899 13902 13905 13908 13911 13914 13917 13920 13923 13926 13929 13932 13935 13938 13941 13944 13947 13950 13953 13956 13959 13962 13965 13968 13971 13974 13977 13980 13983 13986 13989 13992 13995 13998 14001 14004 14007 14010 14013 14016 14019 14022 14025 14028 14031 14034 14037 14040 14043 14046 14049 14052 14055 14058 14061 14064 14067 14070 14073 14076 14079 14082 14085 14088 14091 14094 14097 14100 14103 14106 14109 14112 14115 14118 14121 14124 14127 14130 14133 14136 14139 14142 14145 14148 14151 14154 14157 14160 14163 14166 14169 14172 14175 14178 14181 14184 14187 14190 14193 14196 14199 14202 14205 14208 14211 14214 14217 14220 14223 14226 14229 14232 14235 14238 14241 14244 14247 14250 14253 14256 14259 14262 14265 14268 14271 14274 14277 14280 14283 14286 14289 14292 14295 14298 14301 14304 14307 14310 14313 14316 14319 14322 14325 14328 14331 14334 14337 14340 14343 14346 14349 14352 14355 14358 14361 14364 14367 14370 14373 14376 14379 14382 14385 14388 14391 14394 14397 14400 14403 14406 14409 14412 14415 14418 14421 14424 14427 14430 14433 14436 14439 14442 14445 14448 14451 14454 14457 14460 14463 14466 14469 14472 14475 14478 14481 14484 14487 14490 14493 14496 14499 14502 14505 14508 14511 14514 14517 14520 14523 14526 14529 14532 14535 14538 14541 14544 14547 14550 14553 14556 14559 14562 14565 14568 14571 14574 14577 14580 14583 14586 14589 14592 14595 14598 14601 14604 14607 14610 14613 14616 14619 14622 14625 14628 14631 14634 14637 14640 14643 14646 14649 14652 14655 14658 14661 14664 14667 14670 14673 14676 14679 14682 14685 14688 14691 14694 14697 14700 14703 14706 14709 14712 14715 14718 14721 14724 14727 14730 14733 14736 14739 14742 14745 14748 14751 14754 14757 14760 14763 14766 14769 14772 14775 14778 14781 14784 14787 14790 14793 14796 14799 14802 14805 14808 14811 14814 14817 14820 14823 14826 14829 14832 14835 14838 14841 14844 14847 14850 14853 14856 14859 14862 14865 14868 14871 14874 14877 14880 14883 14886 14889 14892 14895 14898 14901 14904 14907 14910 14913 14916 14919 14922 14925 14928 14931 14934 14937 14940 14943 14946 14949 14952 14955 14958 14961 14964 14967 14970 14973 14976 14979 14982 14985 14988 14991 14994 14997 15000 15003 15006 15009 15012 15015 15018 15021 15024 15027 15030 15033 15036 15039 15042 15045 15048 15051 15054 15057 15060 15063 15066 15069 15072 15075 15078 15081 15084 15087 15090 15093 15096 15099 15102 15105 15108 15111 15114 15117 15120 15123 15126 15129 15132 15135 15138 15141 15144 15147 15150 15153 15156 15159 15162 15165 15168 15171 15174 15177 15180 15183 15186 15189 15192 15195 15198 15201 15204 15207 15210 15213 15216 15219 15222 15225 15228 15231 15234 15237 15240 15243 15246 15249 15252 15255 15258 15261 15264 15267 15270 15273 15276 15279 15282 15285 15288 15291 15294 15297 15300 15303 15306 15309 15312 15315 15318 15321 15324 15327 15330 15333 15336 15339 15342 15345 15348 15351 15354 15357 15360 15363 15366 15369 15372 15375 15378 15381 15384 15387 15390 15393 15396 15399 15402 15405 15408 15411 15414 15417 15420 15423 15426 15429 15432 15435 15438 15441 15444 15447 15450 15453 15456 15459 15462 15465 15468 15471 15474 15477 15480 15483 15486 15489 15492 15495 15498 15501 15504 15507 15510 15513 15516 15519 15522 15525 15528 15531 15534 15537 15540 15543 15546 15549 15552 15555 15558 15561 15564 15567 15570 15573 15576 15579 15582 15585 15588 15591 15594 15597 15600 15603 15606 15609 15612 15615 15618 15621 15624 15627 15630 15633 15636 15639 15642 15645 15648 15651 15654 15657 15660 15663 15666 15669 15672 15675 15678 15681 15684 15687 15690 15693 15696 15699 15702 15705 15708 15711 15714 15717 15720 15723 15726 15729 15732 15735 15738 15741 15744 15747 15750 15753 15756 15759 15762 15765 15768 15771 15774 15777 15780 15783 15786 15789 15792 15795 15798 15801 15804 15807 15810 15813 15816 15819 15822 15825 15828 15831 15834 15837 15840 15843 15846 15849 15852 15855 15858 15861 15864 15867 15870 15873 15876 15879 15882 15885 15888 15891 15894 15897 15900 15903 15906 15909 15912 15915 15918 15921 15924 15927 15930 15933 15936 15939 15942 15945 15948 15951 15954 15957 15960 15963 15966 15969 15972 15975 15978 15981 15984 15987 15990 15993 15996 15999 16002 16005 16008 16011 16014 16017 16020 16023 16026 16029 16032 16035 16038 16041 16044 16047 16050 16053 16056 16059 16062 16065 16068 16071 16074 16077 16080 16083 16086 16089 16092 16095 16098 16101 16104 16107 16110 16113 16116 16119 16122 16125 16128 16131 16134 16137 16140 16143 16146 16149 16152 16155 16158 16161 16164 16167 16170 16173 16176 16179 16182 16185 16188 16191 16194 16197 16200 16203 16206 16209 16212 16215 16218 16221 16224 16227 16230 16233 16236 16239 16242 16245 16248 16251 16254 16257 16260 16263 16266 16269 16272 16275 16278 16281 16284 16287 16290 16293 16296 16299 16302 16305 16308 16311 16314 16317 16320 </DataArray>
<DataArray  type="UInt8"  Name="types"  format="ascii">5 5 5 5 5 5 5 5 5 5 5 5 5 5 5 5 5 5 5 5 5 5 5 5 5 5 5 5 5 5 5 5 5 5 5 5 5 5 5 5 5 5 5 5 5 5 5 5 5 5 5 5 5 5 5 5 5 5 5 5 5 5 5 5 5 5 5 5 5 5 5 5 5 5 5 5 5 5 5 5 5 5 5 5 5 5 5 5 5 5 5 5 5 5 5 5 5 5 5 5 5 5 5 5 5 5 5 5 5 5 5 5 5 5 5 5 5 5 5 5 5 5 5 5 5 5 5 5 5 5 5 5 5 5 5 5 5 5 5 5 5 5 5 5 5 5 5 5 5 5 5 5 5 5 5 5 5 5 5 5 5 5 5 5 5 5 5 5 5 5 5 5 5 5 5 5 5 5 5 5 5 5 5 5 5 5 5 5 5 5 5 5 5 5 5 5 5 5 5 5 5 5 5 5 5 5 5 5 5 5 5 5 5 5 5 5 5 5 5 5 5 5 5 5 5 5 5 5 5 5 5 5 5 5 5 5 5 5 5 5 5 5 5 5 5 5 5 5 5 5 5 5 5 5 5 5 5 5 5 5 5 5 5 5 5 5 5 5 5 5 5 5 5 5 5 5 5 5 5 5 5 5 5 5 5 5 5 5 5 5 5 5 5 5 5 5 5 5 5 5 5 5 5 5 5 5 5 5 5 5 5 5 5 5 5 5 5 5 5 5 5 5 5 5 5 5 5 5 5 5 5 5 5 5 5 5 5 5 5 5 5 5 5 5 5 5 5 5 5 5 5 5 5 5 5 5 5 5 5 5 5 5 5 5 5 5 5 5 5 5 5 5 5 5 5 5 5 5 5 5 5 5 5 5 5 5 5 5 5 5 5 5 5 5 5 5 5 5 5 5 5 5 5 5 5 5 5 5 5 5 5 5 5 5 5 5 5 5 5 5 5 5 5 5 5 5 5 5 5 5 5 5 5 5 5 5 5 5 5 5 5 5 5 5 5 5 5 5 5 5 5 5 5 5 5 5 5 5 5 5 5 5 5 5 5 5 5 5 5 5 5 5 5 5 5 5 5 5 5 5 5 5 5 5 5 5 5 5 5 5 5 5 5 5 5 5 5 5 5 5 5 5 5 5 5 5 5 5 5 5 5 5 5 5 5 5 5 5 5 5 5 5 5 5 5 5 5 5 5 5 5 5 5 5 5 5 5 5 5 5 5 5 5 5 5 5 5 5 5 5 5 5 5 5 5 5 5 5 5 5 5 5 5 5 5 5 5 5 5 5 5 5 5 5 5 5 5 5 5 5 5 5 5 5 5 5 5 5 5 5 5 5 5 5 5 5 5 5 5 5 5 5 5 5 5 5 5 5 5 5 5 5 5 5 5 5 5 5 5 5 5 5 5 5 5 5 5 5 5 5 5 5 5 5 5 5 5 5 5 5 5 5 5 5 5 5 5 5 5 5 5 5 5 5 5 5 5 5 5 5 5 5 5 5 5 5 5 5 5 5 5 5 5 5 5 5 5 5 5 5 5 5 5 5 5 5 5 5 5 5 5 5 5 5 5 5 5 5 5 5 5 5 5 5 5 5 5 5 5 5 5 5 5 5 5 5 5 5 5 5 5 5 5 5 5 5 5 5 5 5 5 5 5 5 5 5 5 5 5 5 5 5 5 5 5 5 5 5 5 5 5 5 5 5 5 5 5 5 5 5 5 5 5 5 5 5 5 5 5 5 5 5 5 5 5 5 5 5 5 5 5 5 5 5 5 5 5 5 5 5 5 5 5 5 5 5 5 5 5 5 5 5 5 5 5 5 5 5 5 5 5 5 5 5 5 5 5 5 5 5 5 5 5 5 5 5 5 5 5 5 5 5 5 5 5 5 5 5 5 5 5 5 5 5 5 5 5 5 5 5 5 5 5 5 5 5 5 5 5 5 5 5 5 5 5 5 5 5 5 5 5 5 5 5 5 5 5 5 5 5 5 5 5 5 5 5 5 5 5 5 5 5 5 5 5 5 5 5 5 5 5 5 5 5 5 5 5 5 5 5 5 5 5 5 5 5 5 5 5 5 5 5 5 5 5 5 5 5 5 5 5 5 5 5 5 5 5 5 5 5 5 5 5 5 5 5 5 5 5 5 5 5 5 5 5 5 5 5 5 5 5 5 5 5 5 5 5 5 5 5 5 5 5 5 5 5 5 5 5 5 5 5 5 5 5 5 5 5 5 5 5 5 5 5 5 5 5 5 5 5 5 5 5 5 5 5 5 5 5 5 5 5 5 5 5 5 5 5 5 5 5 5 5 5 5 5 5 5 5 5 5 5 5 5 5 5 5 5 5 5 5 5 5 5 5 5 5 5 5 5 5 5 5 5 5 5 5 5 5 5 5 5 5 5 5 5 5 5 5 5 5 5 5 5 5 5 5 5 5 5 5 5 5 5 5 5 5 5 5 5 5 5 5 5 5 5 5 5 5 5 5 5 5 5 5 5 5 5 5 5 5 5 5 5 5 5 5 5 5 5 5 5 5 5 5 5 5 5 5 5 5 5 5 5 5 5 5 5 5 5 5 5 5 5 5 5 5 5 5 5 5 5 5 5 5 5 5 5 5 5 5 5 5 5 5 5 5 5 5 5 5 5 5 5 5 5 5 5 5 5 5 5 5 5 5 5 5 5 5 5 5 5 5 5 5 5 5 5 5 5 5 5 5 5 5 5 5 5 5 5 5 5 5 5 5 5 5 5 5 5 5 5 5 5 5 5 5 5 5 5 5 5 5 5 5 5 5 5 5 5 5 5 5 5 5 5 5 5 5 5 5 5 5 5 5 5 5 5 5 5 5 5 5 5 5 5 5 5 5 5 5 5 5 5 5 5 5 5 5 5 5 5 5 5 5 5 5 5 5 5 5 5 5 5 5 5 5 5 5 5 5 5 5 5 5 5 5 5 5 5 5 5 5 5 5 5 5 5 5 5 5 5 5 5 5 5 5 5 5 5 5 5 5 5 5 5 5 5 5 5 5 5 5 5 5 5 5 5 5 5 5 5 5 5 5 5 5 5 5 5 5 5 5 5 5 5 5 5 5 5 5 5 5 5 5 5 5 5 5 5 5 5 5 5 5 5 5 5 5 5 5 5 5 5 5 5 5 5 5 5 5 5 5 5 5 5 5 5 5 5 5 5 5 5 5 5 5 5 5 5 5 5 5 5 5 5 5 5 5 5 5 5 5 5 5 5 5 5 5 5 5 5 5 5 5 5 5 5 5 5 5 5 5 5 5 5 5 5 5 5 5 5 5 5 5 5 5 5 5 5 5 5 5 5 5 5 5 5 5 5 5 5 5 5 5 5 5 5 5 5 5 5 5 5 5 5 5 5 5 5 5 5 5 5 5 5 5 5 5 5 5 5 5 5 5 5 5 5 5 5 5 5 5 5 5 5 5 5 5 5 5 5 5 5 5 5 5 5 5 5 5 5 5 5 5 5 5 5 5 5 5 5 5 5 5 5 5 5 5 5 5 5 5 5 5 5 5 5 5 5 5 5 5 5 5 5 5 5 5 5 5 5 5 5 5 5 5 5 5 5 5 5 5 5 5 5 5 5 5 5 5 5 5 5 5 5 5 5 5 5 5 5 5 5 5 5 5 5 5 5 5 5 5 5 5 5 5 5 5 5 5 5 5 5 5 5 5 5 5 5 5 5 5 5 5 5 5 5 5 5 5 5 5 5 5 5 5 5 5 5 5 5 5 5 5 5 5 5 5 5 5 5 5 5 5 5 5 5 5 5 5 5 5 5 5 5 5 5 5 5 5 5 5 5 5 5 5 5 5 5 5 5 5 5 5 5 5 5 5 5 5 5 5 5 5 5 5 5 5 5 5 5 5 5 5 5 5 5 5 5 5 5 5 5 5 5 5 5 5 5 5 5 5 5 5 5 5 5 5 5 5 5 5 5 5 5 5 5 5 5 5 5 5 5 5 5 5 5 5 5 5 5 5 5 5 5 5 5 5 5 5 5 5 5 5 5 5 5 5 5 5 5 5 5 5 5 5 5 5 5 5 5 5 5 5 5 5 5 5 5 5 5 5 5 5 5 5 5 5 5 5 5 5 5 5 5 5 5 5 5 5 5 5 5 5 5 5 5 5 5 5 5 5 5 5 5 5 5 5 5 5 5 5 5 5 5 5 5 5 5 5 5 5 5 5 5 5 5 5 5 5 5 5 5 5 5 5 5 5 5 5 5 5 5 5 5 5 5 5 5 5 5 5 5 5 5 5 5 5 5 5 5 5 5 5 5 5 5 5 5 5 5 5 5 5 5 5 5 5 5 5 5 5 5 5 5 5 5 5 5 5 5 5 5 5 5 5 5 5 5 5 5 5 5 5 5 5 5 5 5 5 5 5 5 5 5 5 5 5 5 5 5 5 5 5 5 5 5 5 5 5 5 5 5 5 5 5 5 5 5 5 5 5 5 5 5 5 5 5 5 5 5 5 5 5 5 5 5 5 5 5 5 5 5 5 5 5 5 5 5 5 5 5 5 5 5 5 5 5 5 5 5 5 5 5 5 5 5 5 5 5 5 5 5 5 5 5 5 5 5 5 5 5 5 5 5 5 5 5 5 5 5 5 5 5 5 5 5 5 5 5 5 5 5 5 5 5 5 5 5 5 5 5 5 5 5 5 5 5 5 5 5 5 5 5 5 5 5 5 5 5 5 5 5 5 5 5 5 5 5 5 5 5 5 5 5 5 5 5 5 5 5 5 5 5 5 5 5 5 5 5 5 5 5 5 5 5 5 5 5 5 5 5 5 5 5 5 5 5 5 5 5 5 5 5 5 5 5 5 5 5 5 5 5 5 5 5 5 5 5 5 5 5 5 5 5 5 5 5 5 5 5 5 5 5 5 5 5 5 5 5 5 5 5 5 5 5 5 5 5 5 5 5 5 5 5 5 5 5 5 5 5 5 5 5 5 5 5 5 5 5 5 5 5 5 5 5 5 5 5 5 5 5 5 5 5 5 5 5 5 5 5 5 5 5 5 5 5 5 5 5 5 5 5 5 5 5 5 5 5 5 5 5 5 5 5 5 5 5 5 5 5 5 5 5 5 5 5 5 5 5 5 5 5 5 5 5 5 5 5 5 5 5 5 5 5 5 5 5 5 5 5 5 5 5 5 5 5 5 5 5 5 5 5 5 5 5 5 5 5 5 5 5 5 5 5 5 5 5 5 5 5 5 5 5 5 5 5 5 5 5 5 5 5 5 5 5 5 5 5 5 5 5 5 5 5 5 5 5 5 5 5 5 5 5 5 5 5 5 5 5 5 5 5 5 5 5 5 5 5 5 5 5 5 5 5 5 5 5 5 5 5 5 5 5 5 5 5 5 5 5 5 5 5 5 5 5 5 5 5 5 5 5 5 5 5 5 5 5 5 5 5 5 5 5 5 5 5 5 5 5 5 5 5 5 5 5 5 5 5 5 5 5 5 5 5 5 5 5 5 5 5 5 5 5 5 5 5 5 5 5 5 5 5 5 5 5 5 5 5 5 5 5 5 5 5 5 5 5 5 5 5 5 5 5 5 5 5 5 5 5 5 5 5 5 5 5 5 5 5 5 5 5 5 5 5 5 5 5 5 5 5 5 5 5 5 5 5 5 5 5 5 5 5 5 5 5 5 5 5 5 5 5 5 5 5 5 5 5 5 5 5 5 5 5 5 5 5 5 5 5 5 5 5 5 5 5 5 5 5 5 5 5 5 5 5 5 5 5 5 5 5 5 5 5 5 5 5 5 5 5 5 5 5 5 5 5 5 5 5 5 5 5 5 5 5 5 5 5 5 5 5 5 5 5 5 5 5 5 5 5 5 5 5 5 5 5 5 5 5 5 5 5 5 5 5 5 5 5 5 5 5 5 5 5 5 5 5 5 5 5 5 5 5 5 5 5 5 5 5 5 5 5 5 5 5 5 5 5 5 5 5 5 5 5 5 5 5 5 5 5 5 5 5 5 5 5 5 5 5 5 5 5 5 5 5 5 5 5 5 5 5 5 5 5 5 5 5 5 5 5 5 5 5 5 5 5 5 5 5 5 5 5 5 5 5 5 5 5 5 5 5 5 5 5 5 5 5 5 5 5 5 5 5 5 5 5 5 5 5 5 5 5 5 5 5 5 5 5 5 5 5 5 5 5 5 5 5 5 5 5 5 5 5 5 5 5 5 5 5 5 5 5 5 5 5 5 5 5 5 5 5 5 5 5 5 5 5 5 5 5 5 5 5 5 5 5 5 5 5 5 5 5 5 5 5 5 5 5 5 5 5 5 5 5 5 5 5 5 5 5 5 5 5 5 5 5 5 5 5 5 5 5 5 5 5 5 5 5 5 5 5 5 5 5 5 5 5 5 5 5 5 5 5 5 5 5 5 5 5 5 5 5 5 5 5 5 5 5 5 5 5 5 5 5 5 5 5 5 5 5 5 5 5 5 5 5 5 5 5 5 5 5 5 5 5 5 5 5 5 5 5 5 5 5 5 5 5 5 5 5 5 5 5 5 5 5 5 5 5 5 5 5 5 5 5 5 5 5 5 5 5 5 5 5 5 5 5 5 5 5 5 5 5 5 5 5 5 5 5 5 5 5 5 5 5 5 5 5 5 5 5 5 5 5 5 5 5 5 5 5 5 5 5 5 5 5 5 5 5 5 5 5 5 5 5 5 5 5 5 5 5 5 5 5 5 5 5 5 5 5 5 5 5 5 5 5 5 5 5 5 5 5 5 5 5 5 5 5 5 5 5 5 5 5 5 5 5 5 5 5 5 5 5 5 5 5 5 5 5 5 5 5 5 5 5 5 5 5 5 5 5 5 5 5 5 5 5 5 5 5 5 5 5 5 5 5 5 5 5 5 5 5 5 5 5 5 5 5 5 5 5 5 5 5 5 5 5 5 5 5 5 5 5 5 5 5 5 5 5 5 5 5 5 5 5 5 5 5 5 5 5 5 5 5 5 5 5 5 5 5 5 5 5 5 5 5 5 5 5 5 5 5 5 5 5 5 5 5 5 5 5 5 5 5 5 5 5 5 5 5 5 5 5 5 5 5 5 5 5 5 5 5 5 5 5 5 5 5 5 5 5 5 5 5 5 5 5 5 5 5 5 5 5 5 5 5 5 5 5 5 5 5 5 5 5 5 5 5 5 5 5 5 5 5 5 5 5 5 5 5 5 5 5 5 5 5 5 5 5 5 5 5 5 5 5 5 5 5 5 5 5 5 5 5 5 5 5 5 5 5 5 5 5 5 5 5 5 5 5 5 5 5 5 5 5 5 5 5 5 5 5 5 5 5 5 5 5 5 5 5 5 5 5 5 5 5 5 5 5 5 5 5 5 5 5 5 5 5 5 5 5 5 5 5 5 5 5 5 5 5 5 5 5 5 5 5 5 5 5 5 5 5 5 5 5 5 5 5 5 5 5 5 5 5 5 5 5 5 5 5 5 5 5 5 5 5 5 5 5 5 5 5 5 5 5 5 5 5 5 5 5 5 5 5 5 5 5 5 5 5 5 5 5 5 5 5 5 5 5 5 5 5 5 5 5 5 5 5 5 5 5 5 5 5 5 5 5 5 5 5 5 5 5 5 5 5 5 5 5 5 5 5 5 5 5 5 5 5 5 5 5 5 5 5 5 5 5 5 5 5 5 5 5 5 5 5 5 5 5 5 5 5 5 5 5 5 5 5 5 5 5 5 5 5 5 5 5 5 5 5 5 5 5 5 5 5 5 5 5 5 5 5 5 5 5 5 5 5 5 5 5 5 5 5 5 5 5 5 5 5 5 5 5 5 5 5 5 5 5 5 5 5 5 5 5 5 5 5 5 5 5 5 5 5 5 5 5 5 5 5 5 5 5 5 5 5 5 5 5 5 5 5 5 5 5 5 5 5 5 5 5 5 5 5 5 5 5 5 5 5 5 5 5 5 5 5 5 5 5 5 5 5 5 5 5 5 5 5 5 5 5 5 5 5 5 5 5 5 5 5 5 5 5 5 5 5 5 5 5 5 5 5 5 5 5 5 5 5 5 5 5 5 5 5 5 5 5 5 5 5 5 5 5 5 5 5 5 5 5 5 5 5 5 5 5 5 5 5 5 5 5 5 5 5 5 5 5 5 5 5 5 5 5 5 5 5 5 5 5 5 5 5 5 5 5 5 5 5 5 5 5 5 5 5 5 5 5 5 5 5 5 5 5 5 5 5 5 5 5 5 5 5 5 5 5 5 5 5 5 5 5 5 5 5 5 5 5 5 5 5 5 5 5 5 5 5 5 5 5 5 5 5 5 5 5 5 5 5 5 5 5 5 5 5 5 5 5 5 5 5 5 5 5 5 5 5 5 5 5 5 5 5 5 5 5 5 5 5 5 5 5 5 5 5 5 5 5 5 5 5 5 5 5 5 5 5 5 5 5 5 5 5 5 5 5 5 5 5 5 5 5 5 5 5 5 5 5 5 5 5 5 5 5 5 5 5 5 5 5 5 5 5 5 5 5 5 5 5 5 5 5 5 5 5 5 5 5 5 5 5 5 5 5 5 5 5 5 5 5 5 5 5 5 5 5 5 5 5 5 5 5 5 5 5 5 5 5 5 5 5 5 5 5 5 5 5 5 5 5 5 5 5 5 5 5 5 5 5 5 5 5 5 5 5 5 5 5 5 5 5 5 5 5 5 5 5 5 5 5 5 5 5 5 5 5 5 5 5 5 5 5 5 5 5 5 5 5 5 5 5 5 5 5 5 5 5 5 5 5 5 5 5 5 5 5 5 5 5 5 5 5 5 5 5 5 5 5 5 5 5 5 5 5 5 5 5 5 5 5 5 5 5 5 5 5 5 5 5 5 5 5 5 5 5 5 5 5 5 5 5 5 5 5 5 5 5 5 5 5 5 5 5 5 5 5 5 5 5 5 5 5 5 5 5 5 5 5 5 5 5 5 5 5 5 5 5 5 5 5 5 5 5 5 5 5 5 5 5 5 5 5 5 5 5 5 5 5 5 5 5 5 5 5 5 5 5 5 5 5 5 5 5 5 5 5 5 5 5 5 5 5 5 5 5 5 5 5 5 5 5 5 5 5 5 5 5 5 5 5 5 5 5 5 5 5 5 5 5 5 5 5 5 5 5 5 5 5 5 5 5 5 5 5 5 5 5 5 5 5 5 5 5 5 5 5 5 5 5 5 5 5 5 5 5 5 5 5 5 5 5 5 5 5 5 5 5 5 5 5 5 5 5 5 5 5 5 5 5 5 5 5 5 5 5 5 5 5 5 5 5 5 5 5 5 5 5 5 5 5 5 5 5 5 5 5 5 5 5 5 5 5 5 5 5 5 5 5 5 5 5 5 5 5 5 5 5 5 5 5 5 5 5 5 5 5 5 5 5 5 5 5 5 5 5 5 5 5 5 5 5 5 5 5 5 5 5 5 5 5 5 5 5 5 5 5 5 5 5 5 5 5 5 5 5 5 5 5 5 5 5 5 5 5 5 5 5 5 5 5 5 5 5 5 5 5 5 5 5 5 5 5 5 5 5 5 5 5 5 5 5 5 5 5 5 5 5 5 5 5 5 5 5 5 5 5 5 5 5 5 5 5 5 5 5 5 5 5 5 5 5 5 5 5 5 5 5 5 5 5 5 5 5 5 5 5 5 5 5 5 5 5 5 5 5 5 5 5 5 5 5 5 5 5 5 5 5 5 5 5 5 5 5 5 5 5 5 5 5 5 5 5 5 5 5 5 5 5 5 5 5 5 5 5 5 5 5 5 5 5 5 5 5 5 5 5 5 5 5 5 5 5 5 5 5 5 5 5 5 5 5 5 5 5 5 5 5 5 5 5 5 5 5 5 5 5 5 5 5 5 5 5 5 5 5 5 5 5 5 5 5 5 5 5 5 5 5 5 5 5 5 5 5 5 5 5 5 5 5 5 5 5 5 5 5 5 5 5 5 5 5 5 5 5 5 5 5 5 5 5 5 5 5 5 5 5 5 5 5 5 5 5 5 5 5 5 5 5 5 5 5 5 5 5 5 5 5 5 5 5 5 5 5 5 5 5 5 5 5 5 5 5 5 5 5 5 5 5 5 5 5 5 5 5 5 5 5 5 5 5 5 5 5 5 5 5 5 5 5 5 5 5 5 5 5 5 5 5 5 5 5 5 5 5 5 5 5 5 5 5 5 5 5 5 5 5 5 5 5 5 5 5 5 5 5 5 5 5 5 5 5 5 5 5 5 5 5 5 5 5 5 5 5 5 5 5 5 5 5 5 5 5 5 5 5 5 5 5 5 5 5 5 5 5 5 5 5 5 5 5 5 5 5 5 5 5 5 5 5 5 5 5 5 5 5 5 5 5 5 5 5 5 5 5 5 5 5 5 5 5 5 5 5 5 5 5 5 5 5 5 5 5 5 5 5 5 5 5 5 5 5 5 5 5 5 5 5 5 5 5 5 5 5 5 5 5 5 5 5 5 5 5 5 5 5 5 5 5 5 5 5 5 5 5 5 5 5 5 5 5 5 5 5 5 5 5 5 5 5 5 5 5 5 5 5 5 5 5 5 5 5 5 5 5 5 5 5 5 5 5 5 5 5 5 5 5 5 5 5 5 5 5 5 5 5 5 5 5 5 5 5 5 5 5 5 5 5 5 5 5 5 5 5 5 5 5 5 5 5 5 5 5 5 5 5 5 5 5 5 5 5 5 5 5 5 5 5 5 5 5 5 5 5 5 5 5 5 5 5 5 5 5 5 5 5 5 5 5 5 5 5 5 5 5 5 5 5 5 5 5 5 5 5 5 5 5 5 5 5 5 5 5 5 5 5 5 5 5 5 5 5 5 5 5 5 5 5 5 5 5 5 5 5 5 5 5 5 5 5 5 5 5 5 5 5 5 5 5 5 5 5 5 5 5 5 5 5 5 5 5 5 5 5 5 5 5 5 5 5 5 5 5 5 5 5 5 5 5 5 5 5 5 5 5 5 5 5 5 5 5 5 5 5 5 5 5 5 5 5 5 5 5 5 5 5 5 5 5 5 5 5 5 5 5 5 5 5 5 5 5 5 5 5 5 5 5 5 5 5 5 5 5 5 5 5 5 5 5 5 5 5 5 5 5 5 5 5 5 5 5 5 5 5 5 5 5 5 5 5 5 5 5 5 5 5 5 5 5 5 5 5 5 5 5 5 5 5 5 5 5 5 5 5 5 5 5 5 5 5 5 5 5 5 5 5 5 5 5 5 5 5 5 5 5 5 5 5 5 5 5 5 5 5 5 5 5 5 5 5 5 5 5 5 5 5 5 5 5 5 5 5 5 5 5 5 5 5 5 5 5 5 5 5 5 5 5 5 5 5 5 5 5 5 5 5 5 5 5 5 5 5 5 5 5 5 5 5 5 5 5 5 5 5 5 5 5 5 5 5 5 5 5 5 5 5 5 5 5 5 5 5 5 5 5 5 5 5 5 5 5 5 5 5 5 5 5 5 5 5 5 5 5 5 5 5 5 5 5 5 5 5 5 5 5 5 5 5 5 5 5 5 5 5 5 5 5 5 5 5 5 5 5 5 5 5 5 5 5 5 5 5 5 5 5 5 5 5 5 5 5 5 5 5 5 5 5 5 5 5 5 5 5 5 5 5 5 5 5 5 5 5 5 5 5 5 5 5 5 5 5 5 5 5 5 5 5 5 5 5 5 5 5 5 5 5 5 5 5 5 5 5 5 5 5 5 5 5 5 5 5 5 5 5 5 5 5 5 5 5 5 5 5 5 5 5 5 5 5 5 5 5 5 5 5 5 5 5 5 5 5 5 5 5 5 5 5 5 5 5 5 5 5 5 5 5 5 5 5 5 5 5 5 5 5 5 5 5 5 5 5 5 5 5 5 5 5 5 5 5 5 5 5 5 5 5 5 5 5 5 5 5 5 5 5 5 5 5 5 5 5 5 5 5 5 5 5 5 5 5 5 5 5 5 5 5 5 5 5 5 5 5 5 5 5 5 5 5 5 5 5 5 5 5 5 5 5 5 5 5 5 5 5 5 5 5 5 5 5 5 5 5 5 5 5 5 5 5 5 5 5 5 5 5 5 5 5 5 5 5 5 5 5 5 5 5 5 5 5 5 5 5 5 5 5 5 5 5 5 5 5 5 5 5 5 5 5 5 5 5 5 5 5 5 5 5 5 5 5 5 5 5 5 5 5 5 5 5 5 5 5 5 5 5 5 5 5 5 5 5 5 </DataArray>
</Cells>
<PointData  Scalars="f_187"> 
<DataArray  type="Float64"  Name="f_187"  format="ascii">9.9999999999999998e-13  9.9999999999999998e-13  9.9999999999999998e-13  9.9999999999999998e-13  9.9999999999999998e-13  9.9999999999999998e-13  9.9999999999999998e-13  9.9999999999999998e-13  9.9999999999999998e-13  9.9999999999999998e-13  9.9999999999999998e-13  9.9999999999999998e-13  9.9999999999999998e-13  9.9999999999999998e-13  9.9999999999999998e-13  9.9999999999999998e-13  9.9999999999999998e-13  9.9999999999999998e-13  9.9999999999999998e-13  9.9999999999999998e-13  9.9999999999999998e-13  9.9999999999999998e-13  9.9999999999999998e-13  9.9999999999999998e-13  9.9999999999999998e-13  9.9999999999999998e-13  9.9999999999999998e-13  9.9999999999999998e-13  9.9999999999999998e-13  9.9999999999999998e-13  9.9999999999999998e-13  9.9999999999999998e-13  9.9999999999999998e-13  9.9999999999999998e-13  9.9999999999999998e-13  9.9999999999999998e-13  9.9999999999999998e-13  9.9999999999999998e-13  9.9999999999999998e-13  9.9999999999999998e-13  9.9999999999999998e-13  6.9412749174576174e-04  6.9412749174548732e-04  6.9412749174545003e-04  6.9412749174549762e-04  6.9412749174553720e-04  6.9412749174556701e-04  6.9412749174559021e-04  6.9412749174560767e-04  6.9412749174561992e-04  6.9412749174562903e-04  6.9412749174563738e-04  6.9412749174564573e-04  6.9412749174564930e-04  6.9412749174565472e-04  6.9412749174566166e-04  6.9412749174566752e-04  6.9412749174567207e-04  6.9412749174567912e-04  6.9412749174568530e-04  6.9412749174568703e-04  6.9412749174569592e-04  6.9412749174570080e-04  6.9412749174570319e-04  6.9412749174571099e-04  6.9412749174571544e-04  6.9412749174571902e-04  6.9412749174572650e-04  6.9412749174573105e-04  6.9412749174573365e-04  6.9412749174574222e-04  6.9412749174574623e-04  6.9412749174574905e-04  6.9412749174575545e-04  6.9412749174575989e-04  6.9412749174576293e-04  6.9412749174577041e-04  6.9412749174577258e-04  6.9412749174577616e-04  6.9412749174578841e-04  6.9412749174579914e-04  6.9412749174576174e-04  1.5645481503355923e-03  1.5645481503352157e-03  1.5645481503349953e-03  1.5645481503350207e-03  1.5645481503350257e-03  1.5645481503350489e-03  1.5645481503350760e-03  1.5645481503350929e-03  1.5645481503351018e-03  1.5645481503351176e-03  1.5645481503351330e-03  1.5645481503351417e-03  1.5645481503351504e-03  1.5645481503351666e-03  1.5645481503351760e-03  1.5645481503351881e-03  1.5645481503352037e-03  1.5645481503352139e-03  1.5645481503352261e-03  1.5645481503352376e-03  1.5645481503352510e-03  1.5645481503352592e-03  1.5645481503352731e-03  1.5645481503352842e-03  1.5645481503352913e-03  1.5645481503353087e-03  1.5645481503353180e-03  1.5645481503353254e-03  1.5645481503353436e-03  1.5645481503353525e-03  1.5645481503353590e-03  1.5645481503353772e-03  1.5645481503353820e-03  1.5645481503353893e-03  1.5645481503354086e-03  1.5645481503354138e-03  1.5645481503354195e-03  1.5645481503354379e-03  1.5645481503354520e-03  1.5645481503354557e-03  1.5645481503355923e-03  2.6493684527135438e-03  2.6493684527136539e-03  2.6493684527130871e-03  2.6493684527129175e-03  2.6493684527127978e-03  2.6493684527127402e-03  2.6493684527127016e-03  2.6493684527126768e-03  2.6493684527126664e-03  2.6493684527126751e-03  2.6493684527126764e-03  2.6493684527126868e-03  2.6493684527127081e-03  2.6493684527127215e-03  2.6493684527127354e-03  2.6493684527127653e-03  2.6493684527127822e-03  2.6493684527127926e-03  2.6493684527128260e-03  2.6493684527128369e-03  2.6493684527128516e-03  2.6493684527128802e-03  2.6493684527128950e-03  2.6493684527129054e-03  2.6493684527129349e-03  2.6493684527129522e-03  2.6493684527129596e-03  2.6493684527129917e-03  2.6493684527130095e-03  2.6493684527130155e-03  2.6493684527130481e-03  2.6493684527130628e-03  2.6493684527130641e-03  2.6493684527130988e-03  2.6493684527131144e-03  2.6493684527131170e-03  2.6493684527131513e-03  2.6493684527131634e-03  2.6493684527131821e-03  2.6493684527132129e-03  2.6493684527135438e-03  3.9997136150153913e-03  3.9997136150166316e-03  3.9997136150158553e-03  3.9997136150153531e-03  3.9997136150149819e-03  3.9997136150146974e-03  3.9997136150144979e-03  3.9997136150143860e-03  3.9997136150143097e-03  3.9997136150142698e-03  3.9997136150142516e-03  3.9997136150142611e-03  3.9997136150142724e-03  3.9997136150142845e-03  3.9997136150143192e-03  3.9997136150143470e-03  3.9997136150143634e-03  3.9997136150143955e-03  3.9997136150144320e-03  3.9997136150144372e-03  3.9997136150144779e-03  3.9997136150145100e-03  3.9997136150145161e-03  3.9997136150145543e-03  3.9997136150145864e-03  3.9997136150145959e-03  3.9997136150146341e-03  3.9997136150146653e-03  3.9997136150146766e-03  3.9997136150147147e-03  3.9997136150147425e-03  3.9997136150147520e-03  3.9997136150147876e-03  3.9997136150148171e-03  3.9997136150148301e-03  3.9997136150148648e-03  3.9997136150149003e-03  3.9997136150149021e-03  3.9997136150149619e-03  3.9997136150150244e-03  3.9997136150153913e-03  5.6757354992225343e-03  5.6757354992248953e-03  5.6757354992245570e-03  5.6757354992237625e-03  5.6757354992229871e-03  5.6757354992223305e-03  5.6757354992218846e-03  5.6757354992215889e-03  5.6757354992213738e-03  5.6757354992212515e-03  5.6757354992212046e-03  5.6757354992211725e-03  5.6757354992211604e-03  5.6757354992211951e-03  5.6757354992212142e-03  5.6757354992212350e-03  5.6757354992212766e-03  5.6757354992213113e-03  5.6757354992213278e-03  5.6757354992213582e-03  5.6757354992214102e-03  5.6757354992214267e-03  5.6757354992214596e-03  5.6757354992215030e-03  5.6757354992215178e-03  5.6757354992215594e-03  5.6757354992216080e-03  5.6757354992216158e-03  5.6757354992216635e-03  5.6757354992217034e-03  5.6757354992217086e-03  5.6757354992217623e-03  5.6757354992218057e-03  5.6757354992218109e-03  5.6757354992218751e-03  5.6757354992219029e-03  5.6757354992219271e-03  5.6757354992219731e-03  5.6757354992220460e-03  5.6757354992221188e-03  5.6757354992225343e-03  7.7429343204524622e-03  7.7429343204554399e-03  7.7429343204561797e-03  7.7429343204553826e-03  7.7429343204542178e-03  7.7429343204532238e-03  7.7429343204524484e-03  7.7429343204518551e-03  7.7429343204514483e-03  7.7429343204512002e-03  7.7429343204510458e-03  7.7429343204509452e-03  7.7429343204509192e-03  7.7429343204509166e-03  7.7429343204508888e-03  7.7429343204509331e-03  7.7429343204509686e-03  7.7429343204509617e-03  7.7429343204510042e-03  7.7429343204510294e-03  7.7429343204510580e-03  7.7429343204511031e-03  7.7429343204511395e-03  7.7429343204511412e-03  7.7429343204511942e-03  7.7429343204512384e-03  7.7429343204512505e-03  7.7429343204513026e-03  7.7429343204513529e-03  7.7429343204513425e-03  7.7429343204514067e-03  7.7429343204514587e-03  7.7429343204514656e-03  7.7429343204515324e-03  7.7429343204515975e-03  7.7429343204515810e-03  7.7429343204516747e-03  7.7429343204517120e-03  7.7429343204517692e-03  7.7429343204519097e-03  7.7429343204524622e-03  1.0269340799496797e-02  1.0269340799500011e-02  1.0269340799501682e-02  1.0269340799501408e-02  1.0269340799500393e-02  1.0269340799499222e-02  1.0269340799498145e-02  1.0269340799497312e-02  1.0269340799496674e-02  1.0269340799496178e-02  1.0269340799495884e-02  1.0269340799495690e-02  1.0269340799495529e-02  1.0269340799495444e-02  1.0269340799495404e-02  1.0269340799495371e-02  1.0269340799495359e-02  1.0269340799495364e-02  1.0269340799495359e-02  1.0269340799495336e-02  1.0269340799495397e-02  1.0269340799495407e-02  1.0269340799495395e-02  1.0269340799495458e-02  1.0269340799495461e-02  1.0269340799495453e-02  1.0269340799495534e-02  1.0269340799495544e-02  1.0269340799495544e-02  1.0269340799495605e-02  1.0269340799495623e-02  1.0269340799495633e-02  1.0269340799495737e-02  1.0269340799495744e-02  1.0269340799495770e-02  1.0269340799495832e-02  1.0269340799495895e-02  1.0269340799495881e-02  1.0269340799496056e-02  1.0269340799496150e-02  1.0269340799496797e-02  1.3330963704241226e-02  1.3330963704244039e-02  1.3330963704246081e-02  1.3330963704246742e-02  1.3330963704246265e-02  1.3330963704245323e-02  1.3330963704244355e-02  1.3330963704243408e-02  1.3330963704242553e-02  1.3330963704241906e-02  1.3330963704241451e-02  1.3330963704241040e-02  1.3330963704240743e-02  1.3330963704240572e-02  1.3330963704240389e-02  1.3330963704240268e-02  1.3330963704240233e-02  1.3330963704240129e-02  1.3330963704240065e-02  1.3330963704240056e-02  1.3330963704240025e-02  1.3330963704239973e-02  1.3330963704240010e-02  1.3330963704239994e-02  1.3330963704239925e-02  1.3330963704239973e-02  1.3330963704239985e-02  1.3330963704239942e-02  1.3330963704240018e-02  1.3330963704239984e-02  1.3330963704239942e-02  1.3330963704240058e-02  1.3330963704240065e-02  1.3330963704240039e-02  1.3330963704240150e-02  1.3330963704240115e-02  1.3330963704240157e-02  1.3330963704240226e-02  1.3330963704240324e-02  1.3330963704240365e-02  1.3330963704241226e-02  1.7015653619621155e-02  1.7015653619623400e-02  1.7015653619625426e-02  1.7015653619626522e-02  1.7015653619626682e-02  1.7015653619626418e-02  1.7015653619625797e-02  1.7015653619624992e-02  1.7015653619624253e-02  1.7015653619623605e-02  1.7015653619622977e-02  1.7015653619622467e-02  1.7015653619622092e-02  1.7015653619621748e-02  1.7015653619621457e-02  1.7015653619621280e-02  1.7015653619621072e-02  1.7015653619620895e-02  1.7015653619620815e-02  1.7015653619620694e-02  1.7015653619620576e-02  1.7015653619620541e-02  1.7015653619620486e-02  1.7015653619620371e-02  1.7015653619620347e-02  1.7015653619620319e-02  1.7015653619620229e-02  1.7015653619620246e-02  1.7015653619620222e-02  1.7015653619620104e-02  1.7015653619620170e-02  1.7015653619620149e-02  1.7015653619620090e-02  1.7015653619620177e-02  1.7015653619620156e-02  1.7015653619620097e-02  1.7015653619620215e-02  1.7015653619620166e-02  1.7015653619620201e-02  1.7015653619620322e-02  1.7015653619621155e-02  2.1414585521091347e-02  2.1414585521093241e-02  2.1414585521094851e-02  2.1414585521095868e-02  2.1414585521096527e-02  2.1414585521096777e-02  2.1414585521096575e-02  2.1414585521096249e-02  2.1414585521095812e-02  2.1414585521095271e-02  2.1414585521094751e-02  2.1414585521094313e-02  2.1414585521093869e-02  2.1414585521093456e-02  2.1414585521093134e-02  2.1414585521092846e-02  2.1414585521092551e-02  2.1414585521092374e-02  2.1414585521092166e-02  2.1414585521091958e-02  2.1414585521091843e-02  2.1414585521091708e-02  2.1414585521091541e-02  2.1414585521091465e-02  2.1414585521091378e-02  2.1414585521091212e-02  2.1414585521091160e-02  2.1414585521091090e-02  2.1414585521090952e-02  2.1414585521090927e-02  2.1414585521090899e-02  2.1414585521090754e-02  2.1414585521090782e-02  2.1414585521090747e-02  2.1414585521090632e-02  2.1414585521090664e-02  2.1414585521090677e-02  2.1414585521090521e-02  2.1414585521090650e-02  2.1414585521090681e-02  2.1414585521091347e-02  2.6607216619555098e-02  2.6607216619556562e-02  2.6607216619557662e-02  2.6607216619558550e-02  2.6607216619559247e-02  2.6607216619559615e-02  2.6607216619559830e-02  2.6607216619559920e-02  2.6607216619559747e-02  2.6607216619559539e-02  2.6607216619559289e-02  2.6607216619558970e-02  2.6607216619558633e-02  2.6607216619558345e-02  2.6607216619558029e-02  2.6607216619557714e-02  2.6607216619557460e-02  2.6607216619557231e-02  2.6607216619556971e-02  2.6607216619556777e-02  2.6607216619556603e-02  2.6607216619556371e-02  2.6607216619556229e-02  2.6607216619556090e-02  2.6607216619555882e-02  2.6607216619555757e-02  2.6607216619555642e-02  2.6607216619555459e-02  2.6607216619555358e-02  2.6607216619555282e-02  2.6607216619555119e-02  2.6607216619555042e-02  2.6607216619554997e-02  2.6607216619554799e-02  2.6607216619554779e-02  2.6607216619554720e-02  2.6607216619554577e-02  2.6607216619554508e-02  2.6607216619554577e-02  2.6607216619554466e-02  2.6607216619555098e-02  3.2645535345476193e-02  3.2645535345477150e-02  3.2645535345477997e-02  3.2645535345478656e-02  3.2645535345479107e-02  3.2645535345479502e-02  3.2645535345479856e-02  3.2645535345480044e-02  3.2645535345480155e-02  3.2645535345480217e-02  3.2645535345480169e-02  3.2645535345480058e-02  3.2645535345479940e-02  3.2645535345479780e-02  3.2645535345479579e-02  3.2645535345479405e-02  3.2645535345479211e-02  3.2645535345478989e-02  3.2645535345478809e-02  3.2645535345478628e-02  3.2645535345478413e-02  3.2645535345478247e-02  3.2645535345478080e-02  3.2645535345477858e-02  3.2645535345477698e-02  3.2645535345477560e-02  3.2645535345477351e-02  3.2645535345477206e-02  3.2645535345477095e-02  3.2645535345476900e-02  3.2645535345476775e-02  3.2645535345476678e-02  3.2645535345476484e-02  3.2645535345476373e-02  3.2645535345476276e-02  3.2645535345476068e-02  3.2645535345475984e-02  3.2645535345475887e-02  3.2645535345475832e-02  3.2645535345475714e-02  3.2645535345476193e-02  3.9538236245815303e-02  3.9538236245815941e-02  3.9538236245816531e-02  3.9538236245816871e-02  3.9538236245817204e-02  3.9538236245817537e-02  3.9538236245817759e-02  3.9538236245817981e-02  3.9538236245818183e-02  3.9538236245818301e-02  3.9538236245818412e-02  3.9538236245818467e-02  3.9538236245818502e-02  3.9538236245818467e-02  3.9538236245818419e-02  3.9538236245818377e-02  3.9538236245818273e-02  3.9538236245818190e-02  3.9538236245818092e-02  3.9538236245817947e-02  3.9538236245817829e-02  3.9538236245817711e-02  3.9538236245817537e-02  3.9538236245817406e-02  3.9538236245817281e-02  3.9538236245817079e-02  3.9538236245816941e-02  3.9538236245816809e-02  3.9538236245816621e-02  3.9538236245816490e-02  3.9538236245816365e-02  3.9538236245816163e-02  3.9538236245816039e-02  3.9538236245815934e-02  3.9538236245815719e-02  3.9538236245815594e-02  3.9538236245815483e-02  3.9538236245815310e-02  3.9538236245815206e-02  3.9538236245815109e-02  3.9538236245815303e-02  4.7233479010165801e-02  4.7233479010166182e-02  4.7233479010166446e-02  4.7233479010166682e-02  4.7233479010166897e-02  4.7233479010167070e-02  4.7233479010167223e-02  4.7233479010167403e-02  4.7233479010167521e-02  4.7233479010167653e-02  4.7233479010167778e-02  4.7233479010167861e-02  4.7233479010167945e-02  4.7233479010168014e-02  4.7233479010168070e-02  4.7233479010168097e-02  4.7233479010168090e-02  4.7233479010168097e-02  4.7233479010168056e-02  4.7233479010168042e-02  4.7233479010167986e-02  4.7233479010167896e-02  4.7233479010167820e-02  4.7233479010167771e-02  4.7233479010167626e-02  4.7233479010167514e-02  4.7233479010167438e-02  4.7233479010167292e-02  4.7233479010167195e-02  4.7233479010167077e-02  4.7233479010166918e-02  4.7233479010166807e-02  4.7233479010166696e-02  4.7233479010166522e-02  4.7233479010166404e-02  4.7233479010166279e-02  4.7233479010166099e-02  4.7233479010166002e-02  4.7233479010165891e-02  4.7233479010165731e-02  4.7233479010165801e-02  5.5597929804551249e-02  5.5597929804551395e-02  5.5597929804551513e-02  5.5597929804551652e-02  5.5597929804551742e-02  5.5597929804551846e-02  5.5597929804551957e-02  5.5597929804552054e-02  5.5597929804552138e-02  5.5597929804552235e-02  5.5597929804552304e-02  5.5597929804552360e-02  5.5597929804552443e-02  5.5597929804552512e-02  5.5597929804552554e-02  5.5597929804552609e-02  5.5597929804552644e-02  5.5597929804552665e-02  5.5597929804552679e-02  5.5597929804552693e-02  5.5597929804552651e-02  5.5597929804552658e-02  5.5597929804552651e-02  5.5597929804552609e-02  5.5597929804552575e-02  5.5597929804552554e-02  5.5597929804552484e-02  5.5597929804552415e-02  5.5597929804552360e-02  5.5597929804552262e-02  5.5597929804552179e-02  5.5597929804552096e-02  5.5597929804551971e-02  5.5597929804551867e-02  5.5597929804551791e-02  5.5597929804551652e-02  5.5597929804551569e-02  5.5597929804551478e-02  5.5597929804551326e-02  5.5597929804551215e-02  5.5597929804551249e-02  6.4388876682256041e-02  6.4388876682256110e-02  6.4388876682256180e-02  6.4388876682256221e-02  6.4388876682256263e-02  6.4388876682256319e-02  6.4388876682256388e-02  6.4388876682256457e-02  6.4388876682256485e-02  6.4388876682256541e-02  6.4388876682256596e-02  6.4388876682256652e-02  6.4388876682256707e-02  6.4388876682256749e-02  6.4388876682256777e-02  6.4388876682256804e-02  6.4388876682256860e-02  6.4388876682256860e-02  6.4388876682256888e-02  6.4388876682256929e-02  6.4388876682256929e-02  6.4388876682256943e-02  6.4388876682256929e-02  6.4388876682256915e-02  6.4388876682256929e-02  6.4388876682256901e-02  6.4388876682256874e-02  6.4388876682256846e-02  6.4388876682256804e-02  6.4388876682256804e-02  6.4388876682256749e-02  6.4388876682256693e-02  6.4388876682256624e-02  6.4388876682256568e-02  6.4388876682256485e-02  6.4388876682256402e-02  6.4388876682256346e-02  6.4388876682256263e-02  6.4388876682256194e-02  6.4388876682256083e-02  6.4388876682256041e-02  7.3215623191667023e-02  7.3215623191667051e-02  7.3215623191667092e-02  7.3215623191667134e-02  7.3215623191667176e-02  7.3215623191667203e-02  7.3215623191667273e-02  7.3215623191667301e-02  7.3215623191667356e-02  7.3215623191667412e-02  7.3215623191667425e-02  7.3215623191667453e-02  7.3215623191667495e-02  7.3215623191667509e-02  7.3215623191667537e-02  7.3215623191667564e-02  7.3215623191667564e-02  7.3215623191667592e-02  7.3215623191667634e-02  7.3215623191667634e-02  7.3215623191667620e-02  7.3215623191667634e-02  7.3215623191667634e-02  7.3215623191667634e-02  7.3215623191667606e-02  7.3215623191667620e-02  7.3215623191667606e-02  7.3215623191667578e-02  7.3215623191667578e-02  7.3215623191667550e-02  7.3215623191667523e-02  7.3215623191667481e-02  7.3215623191667439e-02  7.3215623191667384e-02  7.3215623191667356e-02  7.3215623191667301e-02  7.3215623191667259e-02  7.3215623191667217e-02  7.3215623191667134e-02  7.3215623191667051e-02  7.3215623191667023e-02  8.1493710651648774e-02  8.1493710651648857e-02  8.1493710651648954e-02  8.1493710651649037e-02  8.1493710651649079e-02  8.1493710651649134e-02  8.1493710651649176e-02  8.1493710651649176e-02  8.1493710651649190e-02  8.1493710651649204e-02  8.1493710651649218e-02  8.1493710651649232e-02  8.1493710651649259e-02  8.1493710651649245e-02  8.1493710651649301e-02  8.1493710651649301e-02  8.1493710651649287e-02  8.1493710651649301e-02  8.1493710651649315e-02  8.1493710651649287e-02  8.1493710651649287e-02  8.1493710651649287e-02  8.1493710651649273e-02  8.1493710651649259e-02  8.1493710651649245e-02  8.1493710651649232e-02  8.1493710651649190e-02  8.1493710651649176e-02  8.1493710651649134e-02  8.1493710651649107e-02  8.1493710651649093e-02  8.1493710651649065e-02  8.1493710651649023e-02  8.1493710651649010e-02  8.1493710651648996e-02  8.1493710651648926e-02  8.1493710651648926e-02  8.1493710651648885e-02  8.1493710651648815e-02  8.1493710651648815e-02  8.1493710651648774e-02  8.4759003884506245e-02  8.4759003884506440e-02  8.4759003884506565e-02  8.4759003884506620e-02  8.4759003884506676e-02  8.4759003884506703e-02  8.4759003884506703e-02  8.4759003884506703e-02  8.4759003884506759e-02  8.4759003884506759e-02  8.4759003884506745e-02  8.4759003884506759e-02  8.4759003884506745e-02  8.4759003884506759e-02  8.4759003884506745e-02  8.4759003884506745e-02  8.4759003884506773e-02  8.4759003884506773e-02  8.4759003884506745e-02  8.4759003884506759e-02  8.4759003884506703e-02  8.4759003884506717e-02  8.4759003884506690e-02  8.4759003884506676e-02  8.4759003884506662e-02  8.4759003884506634e-02  8.4759003884506634e-02  8.4759003884506606e-02  8.4759003884506592e-02  8.4759003884506551e-02  8.4759003884506523e-02  8.4759003884506495e-02  8.4759003884506440e-02  8.4759003884506440e-02  8.4759003884506398e-02  8.4759003884506370e-02  8.4759003884506329e-02  8.4759003884506273e-02  8.4759003884506245e-02  8.4759003884506232e-02  8.4759003884506245e-02  8.7429187748648260e-02  8.7429187748648468e-02  8.7429187748648607e-02  8.7429187748648704e-02  8.7429187748648773e-02  8.7429187748648773e-02  8.7429187748648801e-02  8.7429187748648829e-02  8.7429187748648829e-02  8.7429187748648815e-02  8.7429187748648815e-02  8.7429187748648829e-02  8.7429187748648829e-02  8.7429187748648815e-02  8.7429187748648815e-02  8.7429187748648815e-02  8.7429187748648801e-02  8.7429187748648815e-02  8.7429187748648801e-02  8.7429187748648801e-02  8.7429187748648773e-02  8.7429187748648760e-02  8.7429187748648732e-02  8.7429187748648718e-02  8.7429187748648690e-02  8.7429187748648676e-02  8.7429187748648676e-02  8.7429187748648635e-02  8.7429187748648579e-02  8.7429187748648551e-02  8.7429187748648551e-02  8.7429187748648524e-02  8.7429187748648496e-02  8.7429187748648454e-02  8.7429187748648426e-02  8.7429187748648385e-02  8.7429187748648343e-02  8.7429187748648302e-02  8.7429187748648274e-02  8.7429187748648232e-02  8.7429187748648260e-02  8.9561005812425085e-02  8.9561005812425223e-02  8.9561005812425376e-02  8.9561005812425515e-02  8.9561005812425543e-02  8.9561005812425598e-02  8.9561005812425626e-02  8.9561005812425626e-02  8.9561005812425640e-02  8.9561005812425612e-02  8.9561005812425626e-02  8.9561005812425709e-02  8.9561005812425654e-02  8.9561005812425626e-02  8.9561005812425626e-02  8.9561005812425640e-02  8.9561005812425598e-02  8.9561005812425598e-02  8.9561005812425598e-02  8.9561005812425570e-02  8.9561005812425556e-02  8.9561005812425556e-02  8.9561005812425501e-02  8.9561005812425487e-02  8.9561005812425459e-02  8.9561005812425432e-02  8.9561005812425432e-02  8.9561005812425390e-02  8.9561005812425418e-02  8.9561005812425348e-02  8.9561005812425334e-02  8.9561005812425293e-02  8.9561005812425251e-02  8.9561005812425237e-02  8.9561005812425223e-02  8.9561005812425140e-02  8.9561005812425140e-02  8.9561005812425099e-02  8.9561005812425057e-02  8.9561005812425043e-02  8.9561005812425085e-02  9.1204722743483055e-02  9.1204722743483263e-02  9.1204722743483443e-02  9.1204722743483527e-02  9.1204722743483568e-02  9.1204722743483638e-02  9.1204722743483652e-02  9.1204722743483652e-02  9.1204722743483652e-02  9.1204722743483624e-02  9.1204722743483638e-02  9.1204722743483665e-02  9.1204722743483638e-02  9.1204722743483624e-02  9.1204722743483624e-02  9.1204722743483582e-02  9.1204722743483541e-02  9.1204722743483568e-02  9.1204722743483541e-02  9.1204722743483568e-02  9.1204722743483513e-02  9.1204722743483485e-02  9.1204722743483499e-02  9.1204722743483457e-02  9.1204722743483443e-02  9.1204722743483416e-02  9.1204722743483388e-02  9.1204722743483360e-02  9.1204722743483374e-02  9.1204722743483360e-02  9.1204722743483319e-02  9.1204722743483291e-02  9.1204722743483291e-02  9.1204722743483249e-02  9.1204722743483208e-02  9.1204722743483180e-02  9.1204722743483124e-02  9.1204722743483055e-02  9.1204722743483055e-02  9.1204722743483013e-02  9.1204722743483055e-02  9.2405788739667039e-02  9.2405788739667247e-02  9.2405788739667413e-02  9.2405788739667510e-02  9.2405788739667594e-02  9.2405788739667649e-02  9.2405788739667621e-02  9.2405788739667649e-02  9.2405788739667621e-02  9.2405788739667608e-02  9.2405788739667608e-02  9.2405788739667566e-02  9.2405788739667566e-02  9.2405788739667538e-02  9.2405788739667497e-02  9.2405788739667497e-02  9.2405788739667483e-02  9.2405788739667483e-02  9.2405788739667483e-02  9.2405788739667483e-02  9.2405788739667441e-02  9.2405788739667427e-02  9.2405788739667455e-02  9.2405788739667399e-02  9.2405788739667385e-02  9.2405788739667399e-02  9.2405788739667372e-02  9.2405788739667344e-02  9.2405788739667344e-02  9.2405788739667330e-02  9.2405788739667288e-02  9.2405788739667274e-02  9.2405788739667247e-02  9.2405788739667205e-02  9.2405788739667205e-02  9.2405788739667150e-02  9.2405788739667122e-02  9.2405788739667039e-02  9.2405788739667052e-02  9.2405788739666997e-02  9.2405788739667039e-02  9.3206212721010068e-02  9.3206212721010262e-02  9.3206212721010429e-02  9.3206212721010526e-02  9.3206212721010553e-02  9.3206212721010581e-02  9.3206212721010595e-02  9.3206212721010540e-02  9.3206212721010567e-02  9.3206212721010540e-02  9.3206212721010512e-02  9.3206212721010498e-02  9.3206212721010470e-02  9.3206212721010415e-02  9.3206212721010470e-02  9.3206212721010484e-02  9.3206212721010429e-02  9.3206212721010429e-02  9.3206212721010442e-02  9.3206212721010442e-02  9.3206212721010442e-02  9.3206212721010442e-02  9.3206212721010442e-02  9.3206212721010429e-02  9.3206212721010429e-02  9.3206212721010429e-02  9.3206212721010415e-02  9.3206212721010401e-02  9.3206212721010387e-02  9.3206212721010345e-02  9.3206212721010345e-02  9.3206212721010304e-02  9.3206212721010290e-02  9.3206212721010262e-02  9.3206212721010206e-02  9.3206212721010193e-02  9.3206212721010165e-02  9.3206212721010095e-02  9.3206212721010040e-02  9.3206212721010026e-02  9.3206212721010068e-02  9.3645754461824687e-02  9.3645754461824951e-02  9.3645754461825104e-02  9.3645754461825145e-02  9.3645754461825215e-02  9.3645754461825215e-02  9.3645754461825173e-02  9.3645754461825159e-02  9.3645754461825173e-02  9.3645754461825104e-02  9.3645754461825090e-02  9.3645754461825104e-02  9.3645754461825090e-02  9.3645754461825131e-02  9.3645754461825159e-02  9.3645754461825173e-02  9.3645754461825187e-02  9.3645754461825187e-02  9.3645754461825201e-02  9.3645754461825242e-02  9.3645754461825270e-02  9.3645754461825242e-02  9.3645754461825270e-02  9.3645754461825284e-02  9.3645754461825284e-02  9.3645754461825284e-02  9.3645754461825284e-02  9.3645754461825242e-02  9.3645754461825229e-02  9.3645754461825187e-02  9.3645754461825173e-02  9.3645754461825118e-02  9.3645754461825131e-02  9.3645754461825048e-02  9.3645754461824979e-02  9.3645754461824965e-02  9.3645754461824882e-02  9.3645754461824771e-02  9.3645754461824757e-02  9.3645754461824701e-02  9.3645754461824687e-02  9.3763028161759451e-02  9.3763028161759687e-02  9.3763028161759798e-02  9.3763028161759868e-02  9.3763028161759937e-02  9.3763028161759826e-02  9.3763028161759826e-02  9.3763028161759840e-02  9.3763028161759784e-02  9.3763028161759868e-02  9.3763028161759937e-02  9.3763028161759937e-02  9.3763028161760048e-02  9.3763028161760145e-02  9.3763028161760173e-02  9.3763028161760284e-02  9.3763028161760353e-02  9.3763028161760339e-02  9.3763028161760395e-02  9.3763028161760464e-02  9.3763028161760464e-02  9.3763028161760478e-02  9.3763028161760478e-02  9.3763028161760464e-02  9.3763028161760437e-02  9.3763028161760451e-02  9.3763028161760409e-02  9.3763028161760353e-02  9.3763028161760298e-02  9.3763028161760242e-02  9.3763028161760159e-02  9.3763028161760117e-02  9.3763028161760076e-02  9.3763028161759951e-02  9.3763028161759923e-02  9.3763028161759840e-02  9.3763028161759673e-02  9.3763028161759604e-02  9.3763028161759548e-02  9.3763028161759382e-02  9.3763028161759451e-02  9.3596607202997839e-02  9.3596607202998033e-02  9.3596607202998047e-02  9.3596607202998158e-02  9.3596607202998172e-02  9.3596607202998103e-02  9.3596607202998283e-02  9.3596607202998366e-02  9.3596607202998450e-02  9.3596607202998727e-02  9.3596607202998838e-02  9.3596607202998977e-02  9.3596607202999227e-02  9.3596607202999310e-02  9.3596607202999380e-02  9.3596607202999588e-02  9.3596607202999615e-02  9.3596607202999615e-02  9.3596607202999726e-02  9.3596607202999726e-02  9.3596607202999685e-02  9.3596607202999685e-02  9.3596607202999657e-02  9.3596607202999588e-02  9.3596607202999532e-02  9.3596607202999477e-02  9.3596607202999366e-02  9.3596607202999296e-02  9.3596607202999185e-02  9.3596607202999060e-02  9.3596607202998935e-02  9.3596607202998866e-02  9.3596607202998727e-02  9.3596607202998575e-02  9.3596607202998519e-02  9.3596607202998325e-02  9.3596607202998200e-02  9.3596607202998089e-02  9.3596607202997867e-02  9.3596607202997700e-02  9.3596607202997839e-02  9.3186241751368276e-02  9.3186241751368235e-02  9.3186241751368290e-02  9.3186241751368679e-02  9.3186241751368859e-02  9.3186241751369178e-02  9.3186241751369803e-02  9.3186241751370052e-02  9.3186241751370399e-02  9.3186241751370941e-02  9.3186241751371024e-02  9.3186241751371274e-02  9.3186241751371579e-02  9.3186241751371565e-02  9.3186241751371635e-02  9.3186241751371829e-02  9.3186241751371690e-02  9.3186241751371676e-02  9.3186241751371773e-02  9.3186241751371607e-02  9.3186241751371496e-02  9.3186241751371468e-02  9.3186241751371329e-02  9.3186241751371163e-02  9.3186241751371024e-02  9.3186241751370927e-02  9.3186241751370663e-02  9.3186241751370566e-02  9.3186241751370427e-02  9.3186241751370108e-02  9.3186241751369969e-02  9.3186241751369830e-02  9.3186241751369525e-02  9.3186241751369359e-02  9.3186241751369220e-02  9.3186241751368859e-02  9.3186241751368734e-02  9.3186241751368554e-02  9.3186241751368248e-02  9.3186241751368165e-02  9.3186241751368276e-02  9.2574380282431340e-02  9.2574380282431201e-02  9.2574380282432284e-02  9.2574380282433616e-02  9.2574380282434282e-02  9.2574380282435559e-02  9.2574380282436752e-02  9.2574380282436808e-02  9.2574380282437585e-02  9.2574380282438126e-02  9.2574380282437752e-02  9.2574380282438196e-02  9.2574380282438307e-02  9.2574380282437752e-02  9.2574380282437932e-02  9.2574380282437974e-02  9.2574380282437349e-02  9.2574380282437474e-02  9.2574380282437418e-02  9.2574380282436808e-02  9.2574380282436808e-02  9.2574380282436641e-02  9.2574380282436183e-02  9.2574380282435975e-02  9.2574380282435864e-02  9.2574380282435489e-02  9.2574380282435087e-02  9.2574380282435018e-02  9.2574380282434615e-02  9.2574380282434143e-02  9.2574380282434116e-02  9.2574380282433769e-02  9.2574380282433241e-02  9.2574380282433200e-02  9.2574380282432908e-02  9.2574380282432325e-02  9.2574380282432395e-02  9.2574380282432048e-02  9.2574380282431604e-02  9.2574380282431701e-02  9.2574380282431340e-02  9.1808457164301971e-02  9.1808457164304025e-02  9.1808457164308493e-02  9.1808457164310797e-02  9.1808457164312185e-02  9.1808457164314683e-02  9.1808457164314905e-02  9.1808457164314211e-02  9.1808457164315488e-02  9.1808457164314614e-02  9.1808457164313517e-02  9.1808457164314419e-02  9.1808457164313184e-02  9.1808457164312268e-02  9.1808457164312990e-02  9.1808457164311963e-02  9.1808457164311005e-02  9.1808457164311727e-02  9.1808457164310658e-02  9.1808457164309881e-02  9.1808457164310353e-02  9.1808457164309548e-02  9.1808457164308813e-02  9.1808457164308882e-02  9.1808457164308466e-02  9.1808457164307605e-02  9.1808457164307480e-02  9.1808457164307328e-02  9.1808457164306329e-02  9.1808457164306093e-02  9.1808457164306162e-02  9.1808457164305177e-02  9.1808457164304830e-02  9.1808457164305066e-02  9.1808457164304122e-02  9.1808457164303692e-02  9.1808457164304150e-02  9.1808457164303067e-02  9.1808457164302859e-02  9.1808457164302984e-02  9.1808457164301971e-02  9.0945701914512178e-02  9.0945701914522198e-02  9.0945701914529858e-02  9.0945701914530330e-02  9.0945701914532023e-02  9.0945701914533078e-02  9.0945701914529317e-02  9.0945701914528596e-02  9.0945701914529151e-02  9.0945701914525043e-02  9.0945701914524973e-02  9.0945701914525515e-02  9.0945701914521782e-02  9.0945701914522462e-02  9.0945701914523017e-02  9.0945701914519880e-02  9.0945701914520352e-02  9.0945701914521060e-02  9.0945701914518048e-02  9.0945701914518673e-02  9.0945701914519159e-02  9.0945701914516841e-02  9.0945701914516897e-02  9.0945701914517119e-02  9.0945701914515620e-02  9.0945701914514926e-02  9.0945701914515356e-02  9.0945701914514288e-02  9.0945701914513080e-02  9.0945701914513816e-02  9.0945701914513163e-02  9.0945701914511567e-02  9.0945701914512414e-02  9.0945701914512109e-02  9.0945701914510360e-02  9.0945701914511234e-02  9.0945701914511207e-02  9.0945701914509167e-02  9.0945701914510443e-02  9.0945701914510513e-02  9.0945701914512178e-02  9.0078958035720108e-02  9.0078958035736872e-02  9.0078958035742673e-02  9.0078958035738774e-02  9.0078958035740342e-02  9.0078958035738288e-02  9.0078958035731155e-02  9.0078958035732473e-02  9.0078958035731765e-02  9.0078958035725631e-02  9.0078958035728421e-02  9.0078958035727866e-02  9.0078958035722773e-02  9.0078958035726478e-02  9.0078958035725729e-02  9.0078958035721315e-02  9.0078958035724507e-02  9.0078958035724077e-02  9.0078958035719747e-02  9.0078958035722911e-02  9.0078958035722537e-02  9.0078958035718984e-02  9.0078958035720663e-02  9.0078958035720622e-02  9.0078958035717957e-02  9.0078958035718276e-02  9.0078958035719026e-02  9.0078958035716666e-02  9.0078958035716111e-02  9.0078958035717888e-02  9.0078958035715848e-02  9.0078958035714390e-02  9.0078958035716583e-02  9.0078958035714862e-02  9.0078958035713086e-02  9.0078958035715542e-02  9.0078958035714030e-02  9.0078958035711698e-02  9.0078958035714668e-02  9.0078958035714460e-02  9.0078958035720108e-02  8.9389601316615747e-02  8.9389601316611694e-02  8.9389601316614609e-02  8.9389601316614040e-02  8.9389601316616218e-02  8.9389601316621964e-02  8.9389601316621242e-02  8.9389601316621714e-02  8.9389601316626294e-02  8.9389601316624420e-02  8.9389601316624073e-02  8.9389601316628167e-02  8.9389601316625308e-02  8.9389601316625045e-02  8.9389601316628708e-02  8.9389601316625655e-02  8.9389601316625822e-02  8.9389601316628653e-02  8.9389601316625739e-02  8.9389601316625517e-02  8.9389601316628264e-02  8.9389601316625822e-02  8.9389601316625295e-02  8.9389601316627168e-02  8.9389601316625544e-02  8.9389601316624601e-02  8.9389601316625780e-02  8.9389601316624948e-02  8.9389601316623490e-02  8.9389601316624545e-02  8.9389601316624601e-02  8.9389601316622394e-02  8.9389601316623074e-02  8.9389601316623588e-02  8.9389601316621242e-02  8.9389601316621714e-02  8.9389601316622588e-02  8.9389601316619979e-02  8.9389601316619868e-02  8.9389601316621742e-02  8.9389601316615747e-02  8.9117204886324922e-02  8.9117204886316539e-02  8.9117204886313403e-02  8.9117204886314749e-02  8.9117204886314957e-02  8.9117204886318274e-02  8.9117204886322951e-02  8.9117204886323881e-02  8.9117204886326323e-02  8.9117204886329765e-02  8.9117204886329404e-02  8.9117204886330750e-02  8.9117204886333151e-02  8.9117204886331847e-02  8.9117204886332776e-02  8.9117204886334456e-02  8.9117204886332915e-02  8.9117204886333609e-02  8.9117204886335011e-02  8.9117204886333359e-02  8.9117204886333665e-02  8.9117204886334914e-02  8.9117204886333581e-02  8.9117204886333762e-02  8.9117204886334539e-02  8.9117204886333429e-02  8.9117204886333151e-02  8.9117204886333803e-02  8.9117204886333096e-02  8.9117204886332277e-02  8.9117204886332846e-02  8.9117204886332430e-02  8.9117204886331292e-02  8.9117204886331639e-02  8.9117204886331403e-02  8.9117204886330001e-02  8.9117204886330348e-02  8.9117204886330265e-02  8.9117204886328627e-02  8.9117204886328655e-02  8.9117204886324922e-02  8.9389568139767908e-02  8.9389568139765924e-02  8.9389568139769837e-02  8.9389568139770156e-02  8.9389568139770503e-02  8.9389568139775402e-02  8.9389568139775430e-02  8.9389568139774792e-02  8.9389568139778969e-02  8.9389568139778275e-02  8.9389568139776998e-02  8.9389568139780703e-02  8.9389568139779371e-02  8.9389568139778053e-02  8.9389568139781328e-02  8.9389568139779399e-02  8.9389568139778233e-02  8.9389568139781120e-02  8.9389568139779413e-02  8.9389568139778053e-02  8.9389568139780606e-02  8.9389568139779246e-02  8.9389568139777831e-02  8.9389568139779732e-02  8.9389568139778483e-02  8.9389568139777248e-02  8.9389568139778747e-02  8.9389568139778261e-02  8.9389568139776582e-02  8.9389568139777262e-02  8.9389568139777484e-02  8.9389568139775555e-02  8.9389568139775943e-02  8.9389568139776512e-02  8.9389568139774639e-02  8.9389568139774486e-02  8.9389568139775527e-02  8.9389568139773418e-02  8.9389568139773001e-02  8.9389568139773237e-02  8.9389568139767908e-02  9.0078900253346653e-02  9.0078900253356339e-02  9.0078900253364874e-02  9.0078900253364819e-02  9.0078900253358199e-02  9.0078900253359379e-02  9.0078900253357616e-02  9.0078900253350358e-02  9.0078900253352315e-02  9.0078900253351787e-02  9.0078900253345348e-02  9.0078900253348554e-02  9.0078900253348596e-02  9.0078900253342573e-02  9.0078900253346694e-02  9.0078900253345945e-02  9.0078900253340782e-02  9.0078900253344821e-02  9.0078900253344515e-02  9.0078900253339672e-02  9.0078900253343003e-02  9.0078900253343128e-02  9.0078900253338742e-02  9.0078900253341226e-02  9.0078900253340949e-02  9.0078900253337729e-02  9.0078900253339284e-02  9.0078900253339700e-02  9.0078900253336758e-02  9.0078900253337091e-02  9.0078900253338492e-02  9.0078900253336175e-02  9.0078900253335439e-02  9.0078900253337493e-02  9.0078900253335703e-02  9.0078900253334385e-02  9.0078900253336661e-02  9.0078900253335481e-02  9.0078900253333455e-02  9.0078900253337410e-02  9.0078900253346653e-02  9.0945630222283441e-02  9.0945630222290796e-02  9.0945630222297735e-02  9.0945630222301621e-02  9.0945630222302232e-02  9.0945630222301926e-02  9.0945630222301163e-02  9.0945630222299317e-02  9.0945630222297805e-02  9.0945630222296722e-02  9.0945630222294987e-02  9.0945630222293850e-02  9.0945630222293142e-02  9.0945630222291809e-02  9.0945630222291046e-02  9.0945630222290574e-02  9.0945630222289436e-02  9.0945630222288854e-02  9.0945630222288631e-02  9.0945630222287688e-02  9.0945630222287147e-02  9.0945630222286980e-02  9.0945630222286161e-02  9.0945630222285578e-02  9.0945630222285273e-02  9.0945630222284538e-02  9.0945630222283969e-02  9.0945630222283746e-02  9.0945630222283025e-02  9.0945630222282414e-02  9.0945630222282262e-02  9.0945630222281804e-02  9.0945630222281248e-02  9.0945630222281124e-02  9.0945630222280832e-02  9.0945630222280305e-02  9.0945630222280277e-02  9.0945630222280083e-02  9.0945630222279694e-02  9.0945630222279861e-02  9.0945630222283441e-02  9.1808376568723357e-02  9.1808376568725189e-02  9.1808376568727604e-02  9.1808376568730241e-02  9.1808376568732530e-02  9.1808376568733890e-02  9.1808376568734751e-02  9.1808376568735278e-02  9.1808376568735153e-02  9.1808376568734917e-02  9.1808376568734681e-02  9.1808376568734071e-02  9.1808376568733557e-02  9.1808376568733169e-02  9.1808376568732517e-02  9.1808376568732017e-02  9.1808376568731656e-02  9.1808376568731018e-02  9.1808376568730546e-02  9.1808376568730268e-02  9.1808376568729672e-02  9.1808376568729255e-02  9.1808376568728978e-02  9.1808376568728464e-02  9.1808376568728034e-02  9.1808376568727673e-02  9.1808376568727174e-02  9.1808376568726729e-02  9.1808376568726410e-02  9.1808376568725980e-02  9.1808376568725536e-02  9.1808376568725231e-02  9.1808376568724870e-02  9.1808376568724481e-02  9.1808376568724190e-02  9.1808376568723926e-02  9.1808376568723565e-02  9.1808376568723316e-02  9.1808376568723177e-02  9.1808376568722871e-02  9.1808376568723357e-02  9.2574293212653216e-02  9.2574293212653716e-02  9.2574293212654396e-02  9.2574293212655173e-02  9.2574293212656034e-02  9.2574293212657005e-02  9.2574293212657935e-02  9.2574293212658587e-02  9.2574293212659170e-02  9.2574293212659531e-02  9.2574293212659725e-02  9.2574293212659836e-02  9.2574293212659878e-02  9.2574293212659725e-02  9.2574293212659628e-02  9.2574293212659531e-02  9.2574293212659226e-02  9.2574293212659045e-02  9.2574293212658823e-02  9.2574293212658532e-02  9.2574293212658282e-02  9.2574293212658060e-02  9.2574293212657727e-02  9.2574293212657491e-02  9.2574293212657241e-02  9.2574293212656922e-02  9.2574293212656644e-02  9.2574293212656353e-02  9.2574293212656020e-02  9.2574293212655742e-02  9.2574293212655465e-02  9.2574293212655159e-02  9.2574293212654868e-02  9.2574293212654590e-02  9.2574293212654285e-02  9.2574293212654021e-02  9.2574293212653772e-02  9.2574293212653522e-02  9.2574293212653300e-02  9.2574293212653105e-02  9.2574293212653216e-02  9.3186150092197662e-02  9.3186150092197995e-02  9.3186150092198244e-02  9.3186150092198439e-02  9.3186150092198661e-02  9.3186150092198966e-02  9.3186150092199244e-02  9.3186150092199660e-02  9.3186150092199993e-02  9.3186150092200326e-02  9.3186150092200631e-02  9.3186150092200867e-02  9.3186150092201020e-02  9.3186150092201187e-02  9.3186150092201284e-02  9.3186150092201284e-02  9.3186150092201311e-02  9.3186150092201298e-02  9.3186150092201200e-02  9.3186150092201159e-02  9.3186150092201075e-02  9.3186150092200937e-02  9.3186150092200826e-02  9.3186150092200687e-02  9.3186150092200520e-02  9.3186150092200354e-02  9.3186150092200201e-02  9.3186150092200007e-02  9.3186150092199813e-02  9.3186150092199632e-02  9.3186150092199424e-02  9.3186150092199230e-02  9.3186150092199035e-02  9.3186150092198827e-02  9.3186150092198619e-02  9.3186150092198439e-02  9.3186150092198203e-02  9.3186150092197995e-02  9.3186150092197842e-02  9.3186150092197662e-02  9.3186150092197662e-02  9.3596512527645614e-02  9.3596512527645850e-02  9.3596512527646003e-02  9.3596512527646128e-02  9.3596512527646170e-02  9.3596512527646183e-02  9.3596512527646281e-02  9.3596512527646364e-02  9.3596512527646475e-02  9.3596512527646600e-02  9.3596512527646739e-02  9.3596512527646877e-02  9.3596512527647058e-02  9.3596512527647183e-02  9.3596512527647266e-02  9.3596512527647363e-02  9.3596512527647446e-02  9.3596512527647488e-02  9.3596512527647543e-02  9.3596512527647571e-02  9.3596512527647530e-02  9.3596512527647557e-02  9.3596512527647543e-02  9.3596512527647432e-02  9.3596512527647405e-02  9.3596512527647335e-02  9.3596512527647224e-02  9.3596512527647141e-02  9.3596512527647044e-02  9.3596512527646919e-02  9.3596512527646822e-02  9.3596512527646697e-02  9.3596512527646558e-02  9.3596512527646419e-02  9.3596512527646308e-02  9.3596512527646170e-02  9.3596512527646003e-02  9.3596512527645864e-02  9.3596512527645725e-02  9.3596512527645587e-02  9.3596512527645614e-02  9.3762931820672232e-02  9.3762931820672413e-02  9.3762931820672593e-02  9.3762931820672704e-02  9.3762931820672704e-02  9.3762931820672718e-02  9.3762931820672746e-02  9.3762931820672690e-02  9.3762931820672718e-02  9.3762931820672718e-02  9.3762931820672718e-02  9.3762931820672774e-02  9.3762931820672829e-02  9.3762931820672885e-02  9.3762931820672968e-02  9.3762931820673051e-02  9.3762931820673065e-02  9.3762931820673134e-02  9.3762931820673190e-02  9.3762931820673190e-02  9.3762931820673245e-02  9.3762931820673273e-02  9.3762931820673232e-02  9.3762931820673245e-02  9.3762931820673245e-02  9.3762931820673218e-02  9.3762931820673190e-02  9.3762931820673134e-02  9.3762931820673107e-02  9.3762931820673065e-02  9.3762931820672996e-02  9.3762931820672885e-02  9.3762931820672843e-02  9.3762931820672774e-02  9.3762931820672663e-02  9.3762931820672579e-02  9.3762931820672510e-02  9.3762931820672385e-02  9.3762931820672316e-02  9.3762931820672218e-02  9.3762931820672232e-02  9.3645657634824075e-02  9.3645657634824297e-02  9.3645657634824464e-02  9.3645657634824520e-02  9.3645657634824575e-02  9.3645657634824603e-02  9.3645657634824589e-02  9.3645657634824589e-02  9.3645657634824575e-02  9.3645657634824520e-02  9.3645657634824478e-02  9.3645657634824520e-02  9.3645657634824478e-02  9.3645657634824520e-02  9.3645657634824520e-02  9.3645657634824533e-02  9.3645657634824561e-02  9.3645657634824561e-02  9.3645657634824575e-02  9.3645657634824603e-02  9.3645657634824631e-02  9.3645657634824617e-02  9.3645657634824644e-02  9.3645657634824644e-02  9.3645657634824631e-02  9.3645657634824617e-02  9.3645657634824617e-02  9.3645657634824589e-02  9.3645657634824603e-02  9.3645657634824547e-02  9.3645657634824506e-02  9.3645657634824464e-02  9.3645657634824409e-02  9.3645657634824395e-02  9.3645657634824339e-02  9.3645657634824297e-02  9.3645657634824214e-02  9.3645657634824145e-02  9.3645657634824089e-02  9.3645657634824020e-02  9.3645657634824075e-02  9.3206116454103566e-02  9.3206116454103816e-02  9.3206116454103927e-02  9.3206116454104024e-02  9.3206116454104107e-02  9.3206116454104149e-02  9.3206116454104149e-02  9.3206116454104135e-02  9.3206116454104121e-02  9.3206116454104121e-02  9.3206116454104079e-02  9.3206116454104065e-02  9.3206116454104052e-02  9.3206116454104038e-02  9.3206116454103954e-02  9.3206116454103954e-02  9.3206116454103954e-02  9.3206116454103941e-02  9.3206116454103954e-02  9.3206116454103954e-02  9.3206116454103941e-02  9.3206116454103941e-02  9.3206116454103927e-02  9.3206116454103899e-02  9.3206116454103913e-02  9.3206116454103927e-02  9.3206116454103885e-02  9.3206116454103885e-02  9.3206116454103899e-02  9.3206116454103843e-02  9.3206116454103843e-02  9.3206116454103816e-02  9.3206116454103788e-02  9.3206116454103760e-02  9.3206116454103705e-02  9.3206116454103705e-02  9.3206116454103621e-02  9.3206116454103607e-02  9.3206116454103580e-02  9.3206116454103510e-02  9.3206116454103566e-02  9.2405693973574760e-02  9.2405693973574926e-02  9.2405693973575134e-02  9.2405693973575218e-02  9.2405693973575259e-02  9.2405693973575301e-02  9.2405693973575356e-02  9.2405693973575315e-02  9.2405693973575342e-02  9.2405693973575329e-02  9.2405693973575301e-02  9.2405693973575315e-02  9.2405693973575259e-02  9.2405693973575231e-02  9.2405693973575231e-02  9.2405693973575218e-02  9.2405693973575176e-02  9.2405693973575134e-02  9.2405693973575148e-02  9.2405693973575079e-02  9.2405693973575120e-02  9.2405693973575107e-02  9.2405693973575065e-02  9.2405693973575037e-02  9.2405693973575051e-02  9.2405693973575009e-02  9.2405693973575009e-02  9.2405693973575037e-02  9.2405693973574982e-02  9.2405693973574954e-02  9.2405693973574954e-02  9.2405693973574898e-02  9.2405693973574884e-02  9.2405693973574871e-02  9.2405693973574829e-02  9.2405693973574815e-02  9.2405693973574773e-02  9.2405693973574746e-02  9.2405693973574704e-02  9.2405693973574676e-02  9.2405693973574760e-02  9.1204630337069034e-02  9.1204630337069270e-02  9.1204630337069464e-02  9.1204630337069520e-02  9.1204630337069589e-02  9.1204630337069659e-02  9.1204630337069673e-02  9.1204630337069700e-02  9.1204630337069673e-02  9.1204630337069659e-02  9.1204630337069659e-02  9.1204630337069659e-02  9.1204630337069631e-02  9.1204630337069631e-02  9.1204630337069631e-02  9.1204630337069575e-02  9.1204630337069520e-02  9.1204630337069534e-02  9.1204630337069492e-02  9.1204630337069492e-02  9.1204630337069492e-02  9.1204630337069437e-02  9.1204630337069423e-02  9.1204630337069409e-02  9.1204630337069381e-02  9.1204630337069353e-02  9.1204630337069353e-02  9.1204630337069326e-02  9.1204630337069298e-02  9.1204630337069298e-02  9.1204630337069242e-02  9.1204630337069215e-02  9.1204630337069229e-02  9.1204630337069187e-02  9.1204630337069131e-02  9.1204630337069117e-02  9.1204630337069117e-02  9.1204630337069076e-02  9.1204630337069034e-02  9.1204630337069006e-02  9.1204630337069034e-02  8.9560916563001428e-02  8.9560916563001650e-02  8.9560916563001802e-02  8.9560916563001886e-02  8.9560916563001969e-02  8.9560916563001983e-02  8.9560916563002010e-02  8.9560916563002024e-02  8.9560916563001997e-02  8.9560916563002010e-02  8.9560916563001997e-02  8.9560916563001997e-02  8.9560916563001983e-02  8.9560916563001997e-02  8.9560916563001955e-02  8.9560916563001955e-02  8.9560916563001941e-02  8.9560916563001913e-02  8.9560916563001913e-02  8.9560916563001886e-02  8.9560916563001858e-02  8.9560916563001844e-02  8.9560916563001802e-02  8.9560916563001775e-02  8.9560916563001775e-02  8.9560916563001747e-02  8.9560916563001705e-02  8.9560916563001705e-02  8.9560916563001691e-02  8.9560916563001663e-02  8.9560916563001636e-02  8.9560916563001608e-02  8.9560916563001608e-02  8.9560916563001552e-02  8.9560916563001539e-02  8.9560916563001497e-02  8.9560916563001497e-02  8.9560916563001455e-02  8.9560916563001428e-02  8.9560916563001386e-02  8.9560916563001428e-02  8.7429102410587156e-02  8.7429102410587337e-02  8.7429102410587489e-02  8.7429102410587572e-02  8.7429102410587656e-02  8.7429102410587656e-02  8.7429102410587684e-02  8.7429102410587656e-02  8.7429102410587684e-02  8.7429102410587684e-02  8.7429102410587670e-02  8.7429102410587684e-02  8.7429102410587656e-02  8.7429102410587642e-02  8.7429102410587628e-02  8.7429102410587656e-02  8.7429102410587628e-02  8.7429102410587628e-02  8.7429102410587614e-02  8.7429102410587586e-02  8.7429102410587572e-02  8.7429102410587572e-02  8.7429102410587517e-02  8.7429102410587517e-02  8.7429102410587489e-02  8.7429102410587475e-02  8.7429102410587448e-02  8.7429102410587448e-02  8.7429102410587420e-02  8.7429102410587406e-02  8.7429102410587378e-02  8.7429102410587337e-02  8.7429102410587309e-02  8.7429102410587295e-02  8.7429102410587253e-02  8.7429102410587239e-02  8.7429102410587212e-02  8.7429102410587170e-02  8.7429102410587128e-02  8.7429102410587073e-02  8.7429102410587156e-02  8.4758923201244576e-02  8.4758923201244743e-02  8.4758923201244854e-02  8.4758923201244951e-02  8.4758923201244993e-02  8.4758923201244993e-02  8.4758923201245021e-02  8.4758923201245021e-02  8.4758923201245021e-02  8.4758923201245007e-02  8.4758923201245034e-02  8.4758923201245021e-02  8.4758923201245007e-02  8.4758923201245021e-02  8.4758923201245007e-02  8.4758923201244993e-02  8.4758923201245007e-02  8.4758923201245034e-02  8.4758923201244993e-02  8.4758923201244993e-02  8.4758923201244979e-02  8.4758923201244951e-02  8.4758923201244951e-02  8.4758923201244951e-02  8.4758923201244923e-02  8.4758923201244923e-02  8.4758923201244910e-02  8.4758923201244896e-02  8.4758923201244882e-02  8.4758923201244854e-02  8.4758923201244826e-02  8.4758923201244785e-02  8.4758923201244743e-02  8.4758923201244729e-02  8.4758923201244701e-02  8.4758923201244674e-02  8.4758923201244604e-02  8.4758923201244576e-02  8.4758923201244535e-02  8.4758923201244479e-02  8.4758923201244576e-02  8.1493635031562053e-02  8.1493635031562095e-02  8.1493635031562206e-02  8.1493635031562289e-02  8.1493635031562345e-02  8.1493635031562359e-02  8.1493635031562400e-02  8.1493635031562442e-02  8.1493635031562428e-02  8.1493635031562442e-02  8.1493635031562484e-02  8.1493635031562497e-02  8.1493635031562497e-02  8.1493635031562511e-02  8.1493635031562497e-02  8.1493635031562511e-02  8.1493635031562511e-02  8.1493635031562511e-02  8.1493635031562511e-02  8.1493635031562539e-02  8.1493635031562525e-02  8.1493635031562525e-02  8.1493635031562525e-02  8.1493635031562497e-02  8.1493635031562484e-02  8.1493635031562484e-02  8.1493635031562470e-02  8.1493635031562456e-02  8.1493635031562414e-02  8.1493635031562414e-02  8.1493635031562386e-02  8.1493635031562345e-02  8.1493635031562303e-02  8.1493635031562262e-02  8.1493635031562248e-02  8.1493635031562178e-02  8.1493635031562164e-02  8.1493635031562095e-02  8.1493635031562067e-02  8.1493635031562053e-02  8.1493635031562053e-02  7.3215558861912278e-02  7.3215558861912333e-02  7.3215558861912333e-02  7.3215558861912333e-02  7.3215558861912361e-02  7.3215558861912389e-02  7.3215558861912444e-02  7.3215558861912444e-02  7.3215558861912500e-02  7.3215558861912555e-02  7.3215558861912583e-02  7.3215558861912611e-02  7.3215558861912694e-02  7.3215558861912708e-02  7.3215558861912750e-02  7.3215558861912777e-02  7.3215558861912805e-02  7.3215558861912819e-02  7.3215558861912847e-02  7.3215558861912861e-02  7.3215558861912888e-02  7.3215558861912888e-02  7.3215558861912874e-02  7.3215558861912861e-02  7.3215558861912874e-02  7.3215558861912847e-02  7.3215558861912847e-02  7.3215558861912833e-02  7.3215558861912819e-02  7.3215558861912791e-02  7.3215558861912763e-02  7.3215558861912722e-02  7.3215558861912680e-02  7.3215558861912652e-02  7.3215558861912611e-02  7.3215558861912555e-02  7.3215558861912500e-02  7.3215558861912444e-02  7.3215558861912389e-02  7.3215558861912319e-02  7.3215558861912278e-02  6.4388823736848663e-02  6.4388823736848746e-02  6.4388823736848844e-02  6.4388823736848899e-02  6.4388823736848941e-02  6.4388823736848982e-02  6.4388823736849010e-02  6.4388823736849093e-02  6.4388823736849163e-02  6.4388823736849191e-02  6.4388823736849274e-02  6.4388823736849357e-02  6.4388823736849371e-02  6.4388823736849440e-02  6.4388823736849482e-02  6.4388823736849510e-02  6.4388823736849551e-02  6.4388823736849565e-02  6.4388823736849607e-02  6.4388823736849635e-02  6.4388823736849649e-02  6.4388823736849649e-02  6.4388823736849676e-02  6.4388823736849649e-02  6.4388823736849621e-02  6.4388823736849607e-02  6.4388823736849579e-02  6.4388823736849538e-02  6.4388823736849524e-02  6.4388823736849454e-02  6.4388823736849413e-02  6.4388823736849371e-02  6.4388823736849315e-02  6.4388823736849246e-02  6.4388823736849149e-02  6.4388823736849093e-02  6.4388823736848982e-02  6.4388823736848913e-02  6.4388823736848830e-02  6.4388823736848733e-02  6.4388823736848663e-02  5.5597887373364185e-02  5.5597887373364331e-02  5.5597887373364532e-02  5.5597887373364650e-02  5.5597887373364768e-02  5.5597887373364865e-02  5.5597887373364983e-02  5.5597887373365046e-02  5.5597887373365143e-02  5.5597887373365233e-02  5.5597887373365323e-02  5.5597887373365386e-02  5.5597887373365490e-02  5.5597887373365538e-02  5.5597887373365601e-02  5.5597887373365684e-02  5.5597887373365712e-02  5.5597887373365740e-02  5.5597887373365774e-02  5.5597887373365774e-02  5.5597887373365740e-02  5.5597887373365767e-02  5.5597887373365726e-02  5.5597887373365670e-02  5.5597887373365670e-02  5.5597887373365608e-02  5.5597887373365518e-02  5.5597887373365476e-02  5.5597887373365407e-02  5.5597887373365282e-02  5.5597887373365198e-02  5.5597887373365115e-02  5.5597887373364976e-02  5.5597887373364879e-02  5.5597887373364789e-02  5.5597887373364671e-02  5.5597887373364560e-02  5.5597887373364449e-02  5.5597887373364324e-02  5.5597887373364227e-02  5.5597887373364185e-02  4.7233445972064310e-02  4.7233445972064692e-02  4.7233445972065059e-02  4.7233445972065302e-02  4.7233445972065510e-02  4.7233445972065705e-02  4.7233445972065864e-02  4.7233445972065996e-02  4.7233445972066176e-02  4.7233445972066301e-02  4.7233445972066412e-02  4.7233445972066530e-02  4.7233445972066607e-02  4.7233445972066655e-02  4.7233445972066739e-02  4.7233445972066773e-02  4.7233445972066718e-02  4.7233445972066766e-02  4.7233445972066725e-02  4.7233445972066634e-02  4.7233445972066586e-02  4.7233445972066537e-02  4.7233445972066419e-02  4.7233445972066357e-02  4.7233445972066239e-02  4.7233445972066093e-02  4.7233445972066038e-02  4.7233445972065934e-02  4.7233445972065774e-02  4.7233445972065670e-02  4.7233445972065559e-02  4.7233445972065385e-02  4.7233445972065254e-02  4.7233445972065156e-02  4.7233445972064955e-02  4.7233445972064844e-02  4.7233445972064733e-02  4.7233445972064594e-02  4.7233445972064456e-02  4.7233445972064372e-02  4.7233445972064310e-02  3.9538211343211754e-02  3.9538211343212476e-02  3.9538211343213038e-02  3.9538211343213454e-02  3.9538211343213836e-02  3.9538211343214127e-02  3.9538211343214384e-02  3.9538211343214634e-02  3.9538211343214835e-02  3.9538211343214939e-02  3.9538211343215057e-02  3.9538211343215106e-02  3.9538211343215092e-02  3.9538211343215106e-02  3.9538211343215078e-02  3.9538211343214932e-02  3.9538211343214905e-02  3.9538211343214801e-02  3.9538211343214613e-02  3.9538211343214530e-02  3.9538211343214384e-02  3.9538211343214176e-02  3.9538211343214072e-02  3.9538211343213947e-02  3.9538211343213711e-02  3.9538211343213614e-02  3.9538211343213475e-02  3.9538211343213274e-02  3.9538211343213163e-02  3.9538211343213038e-02  3.9538211343212844e-02  3.9538211343212712e-02  3.9538211343212608e-02  3.9538211343212427e-02  3.9538211343212289e-02  3.9538211343212198e-02  3.9538211343212011e-02  3.9538211343211893e-02  3.9538211343211817e-02  3.9538211343211720e-02  3.9538211343211754e-02  3.2645517298126023e-02  3.2645517298127057e-02  3.2645517298127910e-02  3.2645517298128625e-02  3.2645517298129138e-02  3.2645517298129562e-02  3.2645517298129922e-02  3.2645517298130138e-02  3.2645517298130214e-02  3.2645517298130269e-02  3.2645517298130235e-02  3.2645517298130096e-02  3.2645517298129964e-02  3.2645517298129798e-02  3.2645517298129541e-02  3.2645517298129353e-02  3.2645517298129180e-02  3.2645517298128895e-02  3.2645517298128729e-02  3.2645517298128549e-02  3.2645517298128257e-02  3.2645517298128104e-02  3.2645517298127945e-02  3.2645517298127688e-02  3.2645517298127542e-02  3.2645517298127431e-02  3.2645517298127182e-02  3.2645517298127084e-02  3.2645517298126966e-02  3.2645517298126772e-02  3.2645517298126661e-02  3.2645517298126571e-02  3.2645517298126391e-02  3.2645517298126286e-02  3.2645517298126203e-02  3.2645517298126078e-02  3.2645517298125939e-02  3.2645517298125919e-02  3.2645517298125766e-02  3.2645517298125766e-02  3.2645517298126023e-02  2.6607205065493543e-02  2.6607205065494965e-02  2.6607205065496287e-02  2.6607205065497241e-02  2.6607205065497914e-02  2.6607205065498390e-02  2.6607205065498601e-02  2.6607205065498588e-02  2.6607205065498480e-02  2.6607205065498254e-02  2.6607205065497921e-02  2.6607205065497623e-02  2.6607205065497304e-02  2.6607205065496912e-02  2.6607205065496617e-02  2.6607205065496346e-02  2.6607205065495979e-02  2.6607205065495736e-02  2.6607205065495521e-02  2.6607205065495222e-02  2.6607205065495049e-02  2.6607205065494882e-02  2.6607205065494615e-02  2.6607205065494483e-02  2.6607205065494369e-02  2.6607205065494154e-02  2.6607205065494063e-02  2.6607205065493994e-02  2.6607205065493800e-02  2.6607205065493744e-02  2.6607205065493685e-02  2.6607205065493543e-02  2.6607205065493453e-02  2.6607205065493435e-02  2.6607205065493300e-02  2.6607205065493265e-02  2.6607205065493203e-02  2.6607205065493168e-02  2.6607205065493054e-02  2.6607205065493196e-02  2.6607205065493543e-02  2.1414583694023336e-02  2.1414583694025296e-02  2.1414583694027038e-02  2.1414583694028200e-02  2.1414583694028891e-02  2.1414583694029064e-02  2.1414583694028853e-02  2.1414583694028502e-02  2.1414583694028041e-02  2.1414583694027479e-02  2.1414583694026979e-02  2.1414583694026514e-02  2.1414583694026011e-02  2.1414583694025640e-02  2.1414583694025321e-02  2.1414583694024932e-02  2.1414583694024679e-02  2.1414583694024471e-02  2.1414583694024172e-02  2.1414583694024009e-02  2.1414583694023902e-02  2.1414583694023659e-02  2.1414583694023555e-02  2.1414583694023478e-02  2.1414583694023288e-02  2.1414583694023236e-02  2.1414583694023215e-02  2.1414583694023062e-02  2.1414583694023024e-02  2.1414583694023027e-02  2.1414583694022903e-02  2.1414583694022896e-02  2.1414583694022906e-02  2.1414583694022830e-02  2.1414583694022771e-02  2.1414583694022844e-02  2.1414583694022771e-02  2.1414583694022764e-02  2.1414583694022746e-02  2.1414583694022923e-02  2.1414583694023336e-02  1.7015669180469258e-02  1.7015669180471718e-02  1.7015669180473834e-02  1.7015669180475024e-02  1.7015669180475236e-02  1.7015669180474792e-02  1.7015669180474150e-02  1.7015669180473370e-02  1.7015669180472578e-02  1.7015669180471912e-02  1.7015669180471350e-02  1.7015669180470813e-02  1.7015669180470386e-02  1.7015669180470094e-02  1.7015669180469740e-02  1.7015669180469498e-02  1.7015669180469352e-02  1.7015669180469123e-02  1.7015669180468998e-02  1.7015669180468915e-02  1.7015669180468752e-02  1.7015669180468686e-02  1.7015669180468679e-02  1.7015669180468540e-02  1.7015669180468502e-02  1.7015669180468533e-02  1.7015669180468415e-02  1.7015669180468415e-02  1.7015669180468464e-02  1.7015669180468387e-02  1.7015669180468405e-02  1.7015669180468464e-02  1.7015669180468408e-02  1.7015669180468429e-02  1.7015669180468498e-02  1.7015669180468474e-02  1.7015669180468457e-02  1.7015669180468564e-02  1.7015669180468498e-02  1.7015669180468745e-02  1.7015669180469258e-02  1.3330992598449203e-02  1.3330992598452194e-02  1.3330992598454470e-02  1.3330992598455070e-02  1.3330992598454491e-02  1.3330992598453526e-02  1.3330992598452485e-02  1.3330992598451483e-02  1.3330992598450692e-02  1.3330992598450084e-02  1.3330992598449557e-02  1.3330992598449167e-02  1.3330992598448898e-02  1.3330992598448660e-02  1.3330992598448473e-02  1.3330992598448391e-02  1.3330992598448239e-02  1.3330992598448143e-02  1.3330992598448159e-02  1.3330992598448034e-02  1.3330992598448013e-02  1.3330992598448041e-02  1.3330992598447994e-02  1.3330992598447989e-02  1.3330992598448048e-02  1.3330992598447979e-02  1.3330992598447975e-02  1.3330992598448083e-02  1.3330992598448031e-02  1.3330992598448058e-02  1.3330992598448159e-02  1.3330992598448126e-02  1.3330992598448162e-02  1.3330992598448258e-02  1.3330992598448258e-02  1.3330992598448263e-02  1.3330992598448339e-02  1.3330992598448384e-02  1.3330992598448357e-02  1.3330992598448711e-02  1.3330992598449203e-02  1.0269348425491591e-02  1.0269348425494988e-02  1.0269348425496726e-02  1.0269348425496393e-02  1.0269348425495269e-02  1.0269348425494037e-02  1.0269348425492935e-02  1.0269348425492092e-02  1.0269348425491480e-02  1.0269348425491015e-02  1.0269348425490699e-02  1.0269348425490505e-02  1.0269348425490338e-02  1.0269348425490234e-02  1.0269348425490201e-02  1.0269348425490130e-02  1.0269348425490090e-02  1.0269348425490137e-02  1.0269348425490087e-02  1.0269348425490080e-02  1.0269348425490162e-02  1.0269348425490108e-02  1.0269348425490148e-02  1.0269348425490240e-02  1.0269348425490214e-02  1.0269348425490234e-02  1.0269348425490332e-02  1.0269348425490316e-02  1.0269348425490344e-02  1.0269348425490460e-02  1.0269348425490437e-02  1.0269348425490474e-02  1.0269348425490574e-02  1.0269348425490587e-02  1.0269348425490618e-02  1.0269348425490706e-02  1.0269348425490710e-02  1.0269348425490755e-02  1.0269348425490835e-02  1.0269348425491091e-02  1.0269348425491591e-02  7.7429231089969925e-03  7.7429231090001809e-03  7.7429231090009147e-03  7.7429231089999641e-03  7.7429231089987498e-03  7.7429231089976821e-03  7.7429231089969058e-03  7.7429231089963385e-03  7.7429231089959361e-03  7.7429231089957001e-03  7.7429231089955596e-03  7.7429231089954512e-03  7.7429231089954018e-03  7.7429231089954035e-03  7.7429231089953809e-03  7.7429231089953792e-03  7.7429231089954408e-03  7.7429231089954313e-03  7.7429231089954382e-03  7.7429231089955171e-03  7.7429231089955084e-03  7.7429231089955388e-03  7.7429231089956255e-03  7.7429231089956238e-03  7.7429231089956637e-03  7.7429231089957522e-03  7.7429231089957435e-03  7.7429231089957843e-03  7.7429231089958788e-03  7.7429231089958762e-03  7.7429231089959118e-03  7.7429231089960020e-03  7.7429231089959994e-03  7.7429231089960505e-03  7.7429231089961321e-03  7.7429231089961408e-03  7.7429231089961668e-03  7.7429231089962483e-03  7.7429231089962899e-03  7.7429231089964348e-03  7.7429231089969925e-03  5.6757505896237112e-03  5.6757505896260912e-03  5.6757505896258362e-03  5.6757505896248240e-03  5.6757505896239922e-03  5.6757505896233677e-03  5.6757505896229132e-03  5.6757505896226019e-03  5.6757505896224223e-03  5.6757505896223148e-03  5.6757505896222523e-03  5.6757505896222332e-03  5.6757505896222367e-03  5.6757505896222350e-03  5.6757505896222558e-03  5.6757505896222948e-03  5.6757505896223095e-03  5.6757505896223442e-03  5.6757505896223876e-03  5.6757505896223946e-03  5.6757505896224388e-03  5.6757505896224917e-03  5.6757505896224969e-03  5.6757505896225472e-03  5.6757505896225958e-03  5.6757505896226105e-03  5.6757505896226504e-03  5.6757505896227111e-03  5.6757505896227146e-03  5.6757505896227640e-03  5.6757505896228196e-03  5.6757505896228222e-03  5.6757505896228673e-03  5.6757505896229254e-03  5.6757505896229367e-03  5.6757505896229800e-03  5.6757505896230164e-03  5.6757505896230390e-03  5.6757505896230997e-03  5.6757505896231587e-03  5.6757505896237112e-03  3.9997224857724542e-03  3.9997224857736737e-03  3.9997224857728497e-03  3.9997224857722512e-03  3.9997224857718887e-03  3.9997224857716077e-03  3.9997224857714134e-03  3.9997224857713050e-03  3.9997224857712408e-03  3.9997224857712017e-03  3.9997224857711965e-03  3.9997224857712069e-03  3.9997224857712156e-03  3.9997224857712338e-03  3.9997224857712668e-03  3.9997224857712798e-03  3.9997224857713058e-03  3.9997224857713475e-03  3.9997224857713535e-03  3.9997224857713804e-03  3.9997224857714246e-03  3.9997224857714325e-03  3.9997224857714645e-03  3.9997224857715070e-03  3.9997224857715105e-03  3.9997224857715461e-03  3.9997224857715842e-03  3.9997224857715955e-03  3.9997224857716267e-03  3.9997224857716727e-03  3.9997224857716736e-03  3.9997224857717083e-03  3.9997224857717482e-03  3.9997224857717560e-03  3.9997224857717924e-03  3.9997224857718245e-03  3.9997224857718314e-03  3.9997224857718670e-03  3.9997224857719043e-03  3.9997224857719199e-03  3.9997224857724542e-03  2.6493657962270481e-03  2.6493657962272299e-03  2.6493657962265100e-03  2.6493657962263595e-03  2.6493657962262684e-03  2.6493657962261990e-03  2.6493657962261686e-03  2.6493657962261522e-03  2.6493657962261439e-03  2.6493657962261504e-03  2.6493657962261660e-03  2.6493657962261760e-03  2.6493657962261951e-03  2.6493657962262159e-03  2.6493657962262315e-03  2.6493657962262467e-03  2.6493657962262740e-03  2.6493657962262862e-03  2.6493657962263035e-03  2.6493657962263300e-03  2.6493657962263373e-03  2.6493657962263586e-03  2.6493657962263885e-03  2.6493657962263924e-03  2.6493657962264115e-03  2.6493657962264419e-03  2.6493657962264471e-03  2.6493657962264679e-03  2.6493657962264987e-03  2.6493657962265052e-03  2.6493657962265230e-03  2.6493657962265564e-03  2.6493657962265564e-03  2.6493657962265785e-03  2.6493657962266067e-03  2.6493657962266101e-03  2.6493657962266331e-03  2.6493657962266526e-03  2.6493657962266669e-03  2.6493657962266977e-03  2.6493657962270481e-03  1.5645439692123907e-03  1.5645439692120594e-03  1.5645439692117493e-03  1.5645439692118113e-03  1.5645439692118330e-03  1.5645439692118597e-03  1.5645439692118833e-03  1.5645439692118981e-03  1.5645439692119172e-03  1.5645439692119319e-03  1.5645439692119460e-03  1.5645439692119603e-03  1.5645439692119757e-03  1.5645439692119855e-03  1.5645439692119987e-03  1.5645439692120126e-03  1.5645439692120208e-03  1.5645439692120314e-03  1.5645439692120503e-03  1.5645439692120542e-03  1.5645439692120637e-03  1.5645439692120841e-03  1.5645439692120874e-03  1.5645439692120969e-03  1.5645439692121160e-03  1.5645439692121206e-03  1.5645439692121303e-03  1.5645439692121498e-03  1.5645439692121537e-03  1.5645439692121637e-03  1.5645439692121845e-03  1.5645439692121884e-03  1.5645439692121951e-03  1.5645439692122162e-03  1.5645439692122168e-03  1.5645439692122307e-03  1.5645439692122463e-03  1.5645439692122418e-03  1.5645439692122697e-03  1.5645439692122901e-03  1.5645439692123907e-03  6.9412478045963459e-04  6.9412478045929968e-04  6.9412478045927453e-04  6.9412478045935541e-04  6.9412478045938880e-04  6.9412478045941970e-04  6.9412478045944366e-04  6.9412478045946101e-04  6.9412478045947435e-04  6.9412478045948324e-04  6.9412478045949386e-04  6.9412478045950134e-04  6.9412478045950731e-04  6.9412478045951316e-04  6.9412478045952064e-04  6.9412478045952465e-04  6.9412478045952910e-04  6.9412478045953636e-04  6.9412478045954146e-04  6.9412478045954439e-04  6.9412478045955230e-04  6.9412478045955610e-04  6.9412478045955902e-04  6.9412478045956716e-04  6.9412478045957041e-04  6.9412478045957464e-04  6.9412478045958212e-04  6.9412478045958537e-04  6.9412478045958873e-04  6.9412478045959740e-04  6.9412478045960087e-04  6.9412478045960424e-04  6.9412478045961150e-04  6.9412478045961454e-04  6.9412478045961768e-04  6.9412478045962657e-04  6.9412478045962776e-04  6.9412478045963318e-04  6.9412478045964392e-04  6.9412478045964489e-04  6.9412478045963459e-04  9.9999999999999998e-13  9.9999999999999998e-13  9.9999999999999998e-13  9.9999999999999998e-13  9.9999999999999998e-13  9.9999999999999998e-13  9.9999999999999998e-13  9.9999999999999998e-13  9.9999999999999998e-13  9.9999999999999998e-13  9.9999999999999998e-13  9.9999999999999998e-13  9.9999999999999998e-13  9.9999999999999998e-13  9.9999999999999998e-13  9.9999999999999998e-13  9.9999999999999998e-13  9.9999999999999998e-13  9.9999999999999998e-13  9.9999999999999998e-13  9.9999999999999998e-13  9.9999999999999998e-13  9.9999999999999998e-13  9.9999999999999998e-13  9.9999999999999998e-13  9.9999999999999998e-13  9.9999999999999998e-13  9.9999999999999998e-13  9.9999999999999998e-13  9.9999999999999998e-13  9.9999999999999998e-13  9.9999999999999998e-13  9.9999999999999998e-13  9.9999999999999998e-13  9.9999999999999998e-13  9.9999999999999998e-13  9.9999999999999998e-13  9.9999999999999998e-13  9.9999999999999998e-13  9.9999999999999998e-13  9.9999999999999998e-13  </DataArray> 
</PointData> 
</Piece>
</UnstructuredGrid>
</VTKFile>