5.753976327156088422e-01
5.158279000598466890e-01
2.661743361367396310e-01
2.663034933517512415e-01
6.062055921782970591e-01
4.206963406479464207e-01
6.359787230864026863e-01
5.771346867211044618e-01
2.688839235287404095e-01
4.844682086407174904e-01
5.204010849657139115e-01
4.756051032657140909e-01
2.687092745499263802e-01
5.875241835331529439e-01
6.517354444268561586e-01
6.245657386402655442e-01
2.673371762829805376e-01
5.682238016192685537e-01
3.938008060349740824e-01
4.016406522767769216e-01
5.170567337275477904e-01
2.954891580919690175e-01
4.901353902665637197e-01
6.556728586568978390e-01
2.802676329789612342e-01
2.660524560931403215e-01
4.559461461191620102e-01
3.343277927149931883e-01
4.389577655405849099e-01
6.335588361406336855e-01
2.664754209568742649e-01
5.756004165327853750e-01
5.447695160425540806e-01
3.092295489544303333e-01
2.663922025991938836e-01
6.066678985519314837e-01
7.394408175367290781e-01
3.435612757286887753e-01
4.710805009650561037e-01
2.698963486995514804e-01
5.951506655134244372e-01
3.779544169717095614e-01
6.031547687962229842e-01
6.552228203630883208e-01
2.670158899561511645e-01
2.663255956596951579e-01
2.714472299455206739e-01
2.658943210925631129e-01
5.355640889271779947e-01
4.103269487472768207e-01
7.384918169160699097e-01
6.489090322926615029e-01
6.292127705470352828e-01
6.355463297320834704e-01
2.697767970132600168e-01
6.418763131786311416e-01
7.392499147695680284e-01
7.386186690653817610e-01
5.604598154422433254e-01
7.393431766082386725e-01
2.660027152523118388e-01
2.668610515821853713e-01
5.719069546236567048e-01
6.254772887096302636e-01
2.771562945783339615e-01
2.749973701000314463e-01
4.966558156101748556e-01
4.614998102616409414e-01
6.204925891853060316e-01
2.673336627180161740e-01
6.515030900418449233e-01
6.503589433158226685e-01
6.460013672472034729e-01
7.390266252759242205e-01
2.780268525675055891e-01
5.139419615058201662e-01
4.460378174601187240e-01
5.127983533286245565e-01
2.731563328080376385e-01
5.407839159021874398e-01
3.698130176558834803e-01
3.950117023996281840e-01
6.549299115034181717e-01
2.835901951794546627e-01
4.418515499636533339e-01
3.030797579156314092e-01
7.393024220931052604e-01
5.373949574612272295e-01
2.694309812229938594e-01
5.906823699382363069e-01
6.433581974677485826e-01
7.394855791453154303e-01
2.726480891203586499e-01
6.065407021793579601e-01
7.385862695644943576e-01
2.788608406698677156e-01
2.663290715884820692e-01
5.400118876863182482e-01
7.384877100039378695e-01
2.898623512498815780e-01
2.671670947645851113e-01
2.659523834772983819e-01
7.388676245582116442e-01
7.376003323441747694e-01
2.709892403103920655e-01
7.394159905748136641e-01
3.398218917133394301e-01
6.354479721489911803e-01
2.662362906673441110e-01
2.668220066228034759e-01
3.057588493278659003e-01
7.394565172446939672e-01
2.682577282788800588e-01
3.640322118896290871e-01
2.722642214665185745e-01
4.162942204291691373e-01
4.420361089810723731e-01
2.695318890576250404e-01
5.917239524579964716e-01
3.578871193556878438e-01
2.670444654397678974e-01
7.390726498063328043e-01
2.668163922561261892e-01
2.665854304386623963e-01
2.665698650650721313e-01
2.664493614508757768e-01
7.393645733646735385e-01
5.639213923129410277e-01
7.379110131334182254e-01
6.853298681289412553e-01
3.227570631321458605e-01
2.662394398508465265e-01
2.713401592950033803e-01
6.545929310289166914e-01
2.666281628878320320e-01
7.388239630868388419e-01
3.584958030462109257e-01
2.674596027116363239e-01
2.661960129513123441e-01
7.385277266326858436e-01
5.846393785210780569e-01
6.970227297200203287e-01
5.996719418956600878e-01
6.419057881112416597e-01
2.743038281987605354e-01
2.700188479163937449e-01
4.174541512100037322e-01
4.090795937713918029e-01
3.879399686029588734e-01
7.390807596416176795e-01
4.683859203642751767e-01
4.052474981944563792e-01
4.492690266946607336e-01
2.717192594650031379e-01
6.556177051178903037e-01
4.917354281135318805e-01
2.659793516385565715e-01
6.490092009086411151e-01
4.356774406268498767e-01
6.265561819032633428e-01
2.674216519654032398e-01
2.671848380092621822e-01
2.672484055995405505e-01
2.677591019208826473e-01
2.678560204801000988e-01
2.674556526400386214e-01
2.681806618604235526e-01
2.676440362627148239e-01
2.698355892038422632e-01
2.699773731128261023e-01
2.703295522299774545e-01
2.706404568676233913e-01
2.706314636240207405e-01
2.711085327451727145e-01
2.755632947192011573e-01
2.721576370908959097e-01
2.709246817492880766e-01
2.714124550610632070e-01
2.708928168550391313e-01
2.714160269604422582e-01
2.756848507706721185e-01
2.815059850467767077e-01
2.706131991601358200e-01
2.711726156462769266e-01
2.711677530648756718e-01
2.720839952958170049e-01
2.739011529317398885e-01
2.787414315720249114e-01
2.745039650281411725e-01
2.797799155089433221e-01
2.918221322243644833e-01
3.574948459729271333e-01
6.458894030793675967e-01
7.390081481990394829e-01
7.386740505616609109e-01
5.341577262487138267e-01
5.021374045683645315e-01
2.725964390195860787e-01
2.733033220405703956e-01
2.836334803313523834e-01
2.686223920975951973e-01
6.424230460896819261e-01
7.391786800423731929e-01
5.824079580758142471e-01
6.495139723448514202e-01
4.293203419917632768e-01
2.669223212263398537e-01
2.657804038093894983e-01
2.663696064688251819e-01
2.663791421020396677e-01
7.395112649009342176e-01
7.394218483483571136e-01
2.723179511350428128e-01
5.564281760613587480e-01
6.397326264483197411e-01
7.392523929156149531e-01
2.927166572802897271e-01
2.711109243488236675e-01
4.536176070695052687e-01
7.394143934535519769e-01
6.091367161865095525e-01
5.524856285469804673e-01
6.518110249593322969e-01
4.859536235255328407e-01
4.734723611650303865e-01
2.670854259908763129e-01
2.669816891288960825e-01
2.669164333649375331e-01
2.667932603927177238e-01
2.684227375978734953e-01
6.304197059747647103e-01
2.679470536493424038e-01
6.192080978052980633e-01
3.683572658647304432e-01
2.661357575464460834e-01
6.396606538834036515e-01
4.187438948775268899e-01
6.538215363879433806e-01
6.088024271038255941e-01
6.159664898573354863e-01
3.808867350171099009e-01
2.662878356898400467e-01
2.657177248773872069e-01
2.731833329563340684e-01
7.343999992995950965e-01
6.413425401426374739e-01
3.686665015882559238e-01
5.310864165055126929e-01
2.708449969859459960e-01
6.470819874340110189e-01
4.537944922407883275e-01
4.222283645371557870e-01
3.545089194049799719e-01
5.490853349351646484e-01
4.484310759146851733e-01
4.291418061903691239e-01
2.667789473976257542e-01
6.040275721582536450e-01
7.394389516906320070e-01
5.055024971395245537e-01
2.663212623433840465e-01
6.539870691199864972e-01
2.677943204720402703e-01
2.672922701714741667e-01
5.283431042662680710e-01
2.709485048183820077e-01
2.813378898533038797e-01
2.660473499403282482e-01
2.698003533511340590e-01
2.665304172602185329e-01
4.820158528520194219e-01
6.186095971818185157e-01
6.504856088855708318e-01
2.893497836835289827e-01
4.790855376171190283e-01
7.389299314121510198e-01
6.510889268165599431e-01
5.715982755639782420e-01
6.529844897099527090e-01
6.129147738346538699e-01
5.978219719049256975e-01
7.387664812599661346e-01
6.535725804520583493e-01
3.350800970427286751e-01
2.670834126548264909e-01
4.998184403433649781e-01
6.170626718403217081e-01
5.807090240811593196e-01
6.297596524912448812e-01
4.608939929894891319e-01
2.701826756277523889e-01
3.486057349035955322e-01
3.975492230151654871e-01
3.174188866592746461e-01
2.689859792400253191e-01
6.279791896956624653e-01
6.828066433215309594e-01
4.124903798633787200e-01
5.789031133914843696e-01
2.883901677427329058e-01
2.669484591531289253e-01
6.409957119481590748e-01
7.390006752639228793e-01
3.293755364075800496e-01
6.279270792764313214e-01
2.856616266580701002e-01
2.848741475048515714e-01
2.661989498281682187e-01
4.225451898395554684e-01
2.673692685350371745e-01
3.681205305664398963e-01
5.524284711912859080e-01
4.863990569403233155e-01
4.735847070808634762e-01
2.664561433888536501e-01
6.026881886191490789e-01
6.521381021290905133e-01
5.330624410978580530e-01
4.410358320336743021e-01
6.538693506218374862e-01
6.436749147637848001e-01
2.684371611208652975e-01
3.264453790818981904e-01
2.664988344603995141e-01
6.447440910013717552e-01
3.590614930772703661e-01
3.343765473539169752e-01
2.762762616395739168e-01
2.667835433417105606e-01
5.544911699114294379e-01
6.520656445787342825e-01
3.065907228821635466e-01
6.509579092471796669e-01
2.670145123697780787e-01
2.980228475796111720e-01
3.889315090496437977e-01
2.673379160994045489e-01
7.388736325784589498e-01
5.414656807449256259e-01
6.007007997770054120e-01
3.217473078940887299e-01
2.658066152947101690e-01
7.394078270377700823e-01
7.394063191866858675e-01
5.225053016110549065e-01
5.856596145748935722e-01
2.725340288420340928e-01
6.220788699808198485e-01
4.234884208034406794e-01
7.385952211379834820e-01
5.706385326415203130e-01
4.319848770906317137e-01
7.387021806106123245e-01
3.718446983255726535e-01
3.495045710333851141e-01
6.409259854171234227e-01
6.422255624900241600e-01
2.667374842721147998e-01
6.330955801341134892e-01
2.734289699797565198e-01
3.162430697429333137e-01
6.460659606603524896e-01
2.705535154148676069e-01
5.251463897122247149e-01
6.368222191007628652e-01
7.392939750308902269e-01
7.390191856964172246e-01
3.807014314977827385e-01
6.500597070143984135e-01
6.223865751834960491e-01
6.441764807924318381e-01
7.390703763633900136e-01
5.109498255853253124e-01
2.769617059076362464e-01
7.394274550714744487e-01
2.671856202793156942e-01
5.958593311519386759e-01
7.318706796391101221e-01
2.684039310672424183e-01
2.677097565414743308e-01
2.747545160440942325e-01
7.388759515817974188e-01
3.847552185201094099e-01
7.388135075259513185e-01
2.665603225695471479e-01
2.657392409186694615e-01
2.822415445787924138e-01
2.951819578477669626e-01
2.660570888625850561e-01
2.675441087493489190e-01
7.385134202909052759e-01
3.074926363293024600e-01
2.658255308781294901e-01
2.658935619326333044e-01
7.388447582842179173e-01
2.699535869411059386e-01
6.508630039561347225e-01
6.504028343612543450e-01
6.418939688761488016e-01
2.658259723521393947e-01
2.657490105912904133e-01
2.683023925553403854e-01
2.669857932867725769e-01
4.954486720166553781e-01
2.657569324142920464e-01
7.355682493793701537e-01
6.447112552544258524e-01
6.478669485787329485e-01
2.694294276512313457e-01
2.685504233752299408e-01
2.744070461615569223e-01
2.670173791819437370e-01
2.763230480002394907e-01
2.662908337469158115e-01
5.140440756309694326e-01
7.387850564116668073e-01
6.322350202148672160e-01
7.392111213635979006e-01
6.473547703555040389e-01
7.389587197421634279e-01
4.642212361659595610e-01
2.685599292353669787e-01
7.384405485595860741e-01
5.558790138534831504e-01
4.310789703606565659e-01
3.282704231630158009e-01
2.671983967743312705e-01
7.384895930628068150e-01
2.669655385151469829e-01
2.658801286427555088e-01
2.874285098423475238e-01
6.097555250505568569e-01
2.755839400363090386e-01
2.657285996300179365e-01
7.389657763051944439e-01
2.671169254276826721e-01
2.661985951308084575e-01
2.665596151383227697e-01
2.664874145810885997e-01
7.386433412169660651e-01
2.813585388041321966e-01
4.365821477796434924e-01
6.429532312486506695e-01
2.728399843821833759e-01
2.724530970884441738e-01
2.708302928118999087e-01
2.868225300967752744e-01
2.705192824659460316e-01
2.730285237964325540e-01
2.716235829019724712e-01
2.708154041420471336e-01
2.709055648684070006e-01
2.728949102594164233e-01
2.731709807667153656e-01
2.733787541156523782e-01
2.709802900216103372e-01
2.709896405015168597e-01
2.731718647057050919e-01
2.709903890173935848e-01
2.731585805766855168e-01
2.709825438880829052e-01
2.731790019576341710e-01
2.733673108938958207e-01
2.709857303000802187e-01
2.710876067679955370e-01
2.748372730015249954e-01
2.801979703799999388e-01
2.719560420864926553e-01
2.740900217654833049e-01
2.787264754184436422e-01
2.734201179777475677e-01
2.777592164566521360e-01
2.724848571268200237e-01
2.705545883131844631e-01
2.731830187379898356e-01
2.728448808111136881e-01
2.770469849308257460e-01
2.764014710047697498e-01
2.726291283484711947e-01
2.757472585073984517e-01
2.718115577772829417e-01
2.702681671075467529e-01
2.717677894501380753e-01
2.718130680225140372e-01
2.701520960959234996e-01
2.747795147035868024e-01
2.708676488306812624e-01
2.697417719487191778e-01
2.698003902837426415e-01
2.709708353395576252e-01
2.715404618778415324e-01
2.706470711185449685e-01
2.690491800008650847e-01
2.686926001234912209e-01
2.684814532515027996e-01
2.740827337865727187e-01
2.711804482237749059e-01
2.682224126079344462e-01
2.734484928319360075e-01
2.708171297519540444e-01
2.728260607219297196e-01
2.704583140165213728e-01
2.722229232306555557e-01
2.701072803922579535e-01
2.716433949214617227e-01
2.697780755680952991e-01
2.710987951084322112e-01
2.695994976775744623e-01
2.706733657252022307e-01
2.687862412346243013e-01
2.712141155142583915e-01
2.684144681622565587e-01
2.678391995866499231e-01
2.670485462979243496e-01
2.674085335066544999e-01
2.671793045318672233e-01
2.677944124734031872e-01
2.680599020359528128e-01
2.679530626104670854e-01
2.680673706618948438e-01
2.685103474526970291e-01
2.679433594466374968e-01
2.680005364228926767e-01
2.674547464454519186e-01
2.678891431414530122e-01
2.678292408771207889e-01
2.678115591477612245e-01
2.684164304908933651e-01
2.673916845171206425e-01
2.682947186462574796e-01
2.670509373128508446e-01
2.671327534923504388e-01
2.675091343143189970e-01
2.681242245246978628e-01
2.676482395068252029e-01
2.682436867034839745e-01
2.694197022818949905e-01
2.696659711273762250e-01
2.707251063029852411e-01
2.683913760954930172e-01
2.696667322542115608e-01
2.707783362855243348e-01
2.699758743974804975e-01
2.712676757785358328e-01
2.688194237956577082e-01
2.683516141963124269e-01
2.698537886543385667e-01
2.713834151271498629e-01
2.727224879173726357e-01
2.708307421127915116e-01
2.689972970834309529e-01
2.697317603431523270e-01
2.703220344368272299e-01
2.718701773811411093e-01
2.718262847621053524e-01
2.697505657789004974e-01
2.717732712683159635e-01
2.702085224399980445e-01
2.706781109915611938e-01
2.702558291935200918e-01
2.724138285859167841e-01
2.710396177006820229e-01
2.740496171967797823e-01
2.707638175825219373e-01
2.730234822676835260e-01
2.734816702704847002e-01
2.714017591735750634e-01
2.736502674968684934e-01
2.713353615254205375e-01
2.717275100716219915e-01
2.742826523447828846e-01
2.724600732283179449e-01
2.736878184685643811e-01
2.707869201999634212e-01
2.731479999362436129e-01
2.709729187964559083e-01
2.737945407159311784e-01
2.709828413687342397e-01
2.731522054510768238e-01
2.731598129087360327e-01
2.709879523399862933e-01
2.731011198147194619e-01
2.709818891743042135e-01
2.735661246325021279e-01
2.737205479919276874e-01
2.707904209757739378e-01
2.710007781259901050e-01
2.730541716392035356e-01
2.864554082593783746e-01
2.711119846730488114e-01
2.727148790153669511e-01
2.726476376980554450e-01
2.759521064704441029e-01
2.707489762734691663e-01
2.732204847922352631e-01
2.705511231190513843e-01
2.730478364754000409e-01
2.766063094512699605e-01
2.713011499959227524e-01
2.733484602719519763e-01
2.772437878795095401e-01
2.739218190709607481e-01
2.761798358320279312e-01
2.745373957878186055e-01
2.795331243107124775e-01
2.770327675657111022e-01
2.718844390017480239e-01
4.436877410257231147e-01
2.661761616756405657e-01
2.660203157202212232e-01
4.661894558721330628e-01
2.804584687154889067e-01
2.658789969386955998e-01
4.750554393688738442e-01
2.853588395757061247e-01
4.680978343061897307e-01
4.708746592205291237e-01
4.538518739526971602e-01
4.633150127680845665e-01
4.723834103845329646e-01
5.576202680602170281e-01
2.687756673827736975e-01
4.050593864035976766e-01
2.684783276953859321e-01
2.675561918049249588e-01
4.810859735722624042e-01
2.788747582713626549e-01
4.235890317312770992e-01
4.461379473009458030e-01
2.664206968510741125e-01
4.860091807787979556e-01
4.902073465641258454e-01
2.702970538659216215e-01
4.598214956139746179e-01
2.685822435793496776e-01
2.667267598585548738e-01
4.611370231461037195e-01
4.647373122211262420e-01
5.010789003081134174e-01
5.012835439441080121e-01
4.890706862484694439e-01
2.663243148685882078e-01
2.663279877608617507e-01
4.576071889257312120e-01
4.950123342246772751e-01
5.692945645935238996e-01
2.699906264340924955e-01
7.167431484744668513e-01
6.345923651191202053e-01
2.662663222934862350e-01
6.519679156460838065e-01
3.327222215326558485e-01
6.503301522490394504e-01
2.692875191298781945e-01
2.693826697147964633e-01
2.687717941980496961e-01
4.119928223803866474e-01
2.691020973688187934e-01
5.335355566814178330e-01
6.314527816855725062e-01
2.689977352133260391e-01
6.663546607423661561e-01
6.402470824165129581e-01
4.653088599404860415e-01
4.358323454008923847e-01
4.178205121101284392e-01
6.381644764172508255e-01
5.204977901344388647e-01
2.751862542278198931e-01
5.253323971607535281e-01
2.659420113935146990e-01
2.659135051050316445e-01
4.187845622029736647e-01
2.664329884740835319e-01
6.296566435024655295e-01
7.150140786740463161e-01
4.244858722431197329e-01
6.355457105505700754e-01
2.667634775070293340e-01
5.197928307107885226e-01
7.163898093151495061e-01
7.191180859444228357e-01
7.071451870080024404e-01
5.007113377008590716e-01
4.374978289475188742e-01
4.165588078749667411e-01
4.862640744215714350e-01
4.892949263206687882e-01
7.086550753884306442e-01
4.911343687048358442e-01
4.940199296527371109e-01
7.271161507443992811e-01
6.986779160447667003e-01
4.672786592546036011e-01
4.897130861060264850e-01
4.935082508717587024e-01
2.702594714456871827e-01
5.018358464922845208e-01
7.322172789217847866e-01
5.422461297846764561e-01
3.322556846448653234e-01
7.287178856155019924e-01
2.685060385831697927e-01
6.399805850768917059e-01
4.068430341268443606e-01
7.312356416581865526e-01
7.301810388982820088e-01
7.300282037564594928e-01
7.301410351264847609e-01
2.688801892239603419e-01
7.300895494322523493e-01
5.610437053670310759e-01
7.320862661269784688e-01
7.287039085354088952e-01
7.311695888556853928e-01
4.495003557420753637e-01
7.312014869199635614e-01
5.335013872560541159e-01
7.317539848644246669e-01
5.758182225582836322e-01
2.716153331574802654e-01
4.229470016913052244e-01
7.232160051198901485e-01
4.298481670864606752e-01
4.437481291219859680e-01
7.287931799851163905e-01
4.313187910592445884e-01
7.302918971754964739e-01
6.518287326623490863e-01
7.287866476780544556e-01
4.382761382911620762e-01
7.287126723408705598e-01
7.262828025384783226e-01
4.683535947737230143e-01
6.324977464173623387e-01
4.399758680407744316e-01
7.221687216122866237e-01
4.470112080927420295e-01
7.155819813272106256e-01
5.386122125120080817e-01
4.489715931237538427e-01
6.747025050153473424e-01
7.308897424091218564e-01
7.103469028852635869e-01
6.018879789745587017e-01
6.479910596225824104e-01
5.674892372696953569e-01
4.110263577638379462e-01
4.561050393382851675e-01
4.328447289868835868e-01
4.583559566745761815e-01
5.060958804696727986e-01
4.918847930563376991e-01
7.304016525704090101e-01
4.656045297045098841e-01
4.150694116208597517e-01
7.296114079536392127e-01
4.681785642400972947e-01
5.154169484587481920e-01
4.769578829488846372e-01
4.842759558252669461e-01
7.174604250061064059e-01
4.755591966965311834e-01
4.560520042068197388e-01
5.260582981337852404e-01
6.090693616500553187e-01
5.658414544595364859e-01
4.337769353752047308e-01
6.641440412978719676e-01
7.067459896824223042e-01
6.908426050409709473e-01
4.784837672168750777e-01
7.283443051401852220e-01
5.469403116088586980e-01
6.861118047540134546e-01
4.196489451506339452e-01
2.760736890038861802e-01
6.785810203295671306e-01
2.694666057604139797e-01
7.263149002539952548e-01
4.730998521375514576e-01
7.230793051840401775e-01
4.974747847100353115e-01
3.434799889017755015e-01
4.896181734453819434e-01
7.112287849489742353e-01
4.176159059924442474e-01
2.712502499257373190e-01
7.180019259669555565e-01
2.661408766270158543e-01
5.733120479503865941e-01
5.063915709815307586e-01
4.619623250460550001e-01
3.596331694670341084e-01
4.607739466191047573e-01
7.101711443258988954e-01
5.657336447865486395e-01
2.775214094342987603e-01
4.612507041118800721e-01
4.629263383257206654e-01
2.812368224396880056e-01
5.599893731107857819e-01
3.296287576301934474e-01
5.609278632643411866e-01
2.681867355510308970e-01
4.677784302603728572e-01
4.602322449095363477e-01
4.987797828408336853e-01
5.653231261858360224e-01
5.196026674972050730e-01
5.623797437863651272e-01
2.693975233122132273e-01
4.216735069118786039e-01
4.394387975622316422e-01
6.577616670589555570e-01
5.624180272803268599e-01
2.692434966957767406e-01
4.300752898181526840e-01
2.727842959860456995e-01
4.624757457750811040e-01
4.242356983447704288e-01
5.648485799638145455e-01
4.080911340564775114e-01
5.625011217358083515e-01
5.651232800234861076e-01
5.624862960509464660e-01
5.653406041096887824e-01
5.649048618322027870e-01
4.547487069137028382e-01
4.765079338249019747e-01
2.747254188373655648e-01
5.651044917420129376e-01
5.646052117533246761e-01
6.166343501376574388e-01
3.702510948063824636e-01
7.210570739817081520e-01
4.616640115002972333e-01
5.510533043635925665e-01
5.480698906289870331e-01
5.653516018561214329e-01
5.448286773219218615e-01
5.652273612535076985e-01
6.123806992911992042e-01
6.691799183166446952e-01
4.991190233415356281e-01
2.704925372240863379e-01
4.665309971347519347e-01
2.693378529378889774e-01
5.534718505492484120e-01
6.467051869339492942e-01
4.577808415002675435e-01
3.577381560041530961e-01
5.620070581410382404e-01
5.765365299546459932e-01
3.352640842446562019e-01
4.625832908735647009e-01
3.080918789878064334e-01
4.425754276283764832e-01
4.120158923130124995e-01
4.590974638297622978e-01
2.764274976508528381e-01
4.638279217369357110e-01
4.600585841526221853e-01
6.551603096528511028e-01
3.775144548901431807e-01
5.824045502506077776e-01
5.714633824967065845e-01
5.648649413813684461e-01
4.572486306761603947e-01
3.176076373888244153e-01
4.612835729101169013e-01
5.080073247938846626e-01
4.767564846314867322e-01
6.400440397641367074e-01
2.713735248730441141e-01
6.617955581048365898e-01
5.896967234268755131e-01
4.322418804412324067e-01
7.003136159529272931e-01
2.660472280664348821e-01
5.468442945358834573e-01
5.651584124013927513e-01
6.977259273024775110e-01
3.209190614020407395e-01
2.771465595903840340e-01
3.864764033256667397e-01
3.797156879382315720e-01
3.518361964643533235e-01
4.584151064011870447e-01
4.583279809101631352e-01
3.884489204437842624e-01
3.948106782111380220e-01
5.631872857698843049e-01
2.731071012633678463e-01
5.246489486762346832e-01
4.564536898985011026e-01
5.241021901718903031e-01
5.618380201690951203e-01
4.210745812122904663e-01
2.689194315967792237e-01
2.690218726063963728e-01
4.062236036872862166e-01
5.174607280664740294e-01
5.550135182120216060e-01
2.659786505985966554e-01
3.096927149962399040e-01
5.662697543846674231e-01
5.018373321942120047e-01
6.247427466373000060e-01
2.666404785287821433e-01
4.815694130802387063e-01
4.702376365054948271e-01
4.574675994841318483e-01
2.658929668484333875e-01
5.664082688313776259e-01
5.465165163754993616e-01
2.659473716735880622e-01
5.525665425883564685e-01
6.147063558711219899e-01
6.557822784086053680e-01
5.505954925413194534e-01
6.319201901377182740e-01
4.480361672582384713e-01
5.543165707262230901e-01
4.516141132432717198e-01
6.169848872779111204e-01
5.375751326454262236e-01
6.396255299695848828e-01
5.399062916977754867e-01
4.813257761735565410e-01
6.325650776922822072e-01
4.726339352730589694e-01
4.361865092034394875e-01
6.373334814181885744e-01
4.432519683744805539e-01
4.421834173232507270e-01
4.372675246378598390e-01
2.697474861951881797e-01
4.753234770963712941e-01
6.303175552293227568e-01
4.311190748842899656e-01
4.206979593957139163e-01
4.867524405472652971e-01
4.101637292863511419e-01
7.139020894444161325e-01
7.173236421902063897e-01
4.043656500126471820e-01
4.930561999630608261e-01
4.905082463948312599e-01
5.701382917770376757e-01
4.148056986641912025e-01
4.216542741764469637e-01
2.751460054014844836e-01
3.972787619931266168e-01
4.593427652087264113e-01
7.098465089483008139e-01
4.555235024986367676e-01
7.183750285081743625e-01
4.532490856627182096e-01
5.647085789569057379e-01
4.048101743706008504e-01
3.910962904559713293e-01
4.854507244138063782e-01
2.692762263547908708e-01
2.664407968159973605e-01
5.638850380869138146e-01
2.666667406702485366e-01
5.615080892060622109e-01
3.988775804200483943e-01
5.225865177128011796e-01
2.890757917985457559e-01
2.713461228118629887e-01
4.523827424950692122e-01
5.150803129673550140e-01
7.015527606228001423e-01
5.610024801171141773e-01
5.397155560536330832e-01
4.575470359914501350e-01
5.274430568229948602e-01
7.059171216525621517e-01
4.182126837277382880e-01
7.002520531535526560e-01
5.289546877854361950e-01
5.548504439967032464e-01
2.705801985022450173e-01
5.599633780626455115e-01
4.964290553543639350e-01
2.787840675241301525e-01
2.667823954206660630e-01
4.978570178082564746e-01
5.281598807349303648e-01
4.561451338210737450e-01
4.973081780690337683e-01
5.949586388596791453e-01
5.690643877101844161e-01
4.581082910927441465e-01
5.217184589970793596e-01
2.672255423071254743e-01
4.766287099487182544e-01
4.986076879895613434e-01
4.236309432545595777e-01
4.587888148124912302e-01
5.142485383544872501e-01
5.849100640547318930e-01
5.306822403423997470e-01
6.029366241088294220e-01
5.284740874787928755e-01
4.017980217223516837e-01
7.212272524764784531e-01
5.668688543844576655e-01
5.458961556477920363e-01
7.274282183774044563e-01
2.665191438538707103e-01
2.661316959417314720e-01
4.928000895199299292e-01
7.284031279258111891e-01
7.218822194129429493e-01
2.673846147123997707e-01
2.763976744524603291e-01
5.810199910712897653e-01
4.568846331853166354e-01
2.964499540644716657e-01
4.535265050977347889e-01
5.567625946322554142e-01
5.910346987992386447e-01
2.780028816779426815e-01
7.308713027356180669e-01
2.668387485749654231e-01
2.664736075391590520e-01
4.480703749487354171e-01
5.528187964083854933e-01
5.591630958488650327e-01
5.689934259508779846e-01
5.651365196760225196e-01
5.777221947027721960e-01
5.908184179023032723e-01
7.321523696009243354e-01
5.672079942372968420e-01
2.825283498048304365e-01
3.411864592407114483e-01
5.515412012810594344e-01
2.877406617894668894e-01
4.683292464458684301e-01
5.684555997291776963e-01
4.579751273218089502e-01
2.933991290312162326e-01
7.294200046947794114e-01
5.587130043053777362e-01
6.731194005034490946e-01
6.256082051871478811e-01
5.499899356568405118e-01
4.891978703026838571e-01
7.309890855011018651e-01
6.160327678392920614e-01
4.810086576818146109e-01
5.538020878343095088e-01
2.771211160472517032e-01
3.843791257351991675e-01
6.006078403473983363e-01
2.729981528369624377e-01
5.982461440994900626e-01
6.594400144935238517e-01
3.987033051858967503e-01
4.850890161980218607e-01
5.689016682845899897e-01
5.657070731686716369e-01
4.969506847245733772e-01
5.672558229741527791e-01
5.640783639818169881e-01
2.899336775950569489e-01
4.864459254893997997e-01
4.330851766345937270e-01
5.624630712859786108e-01
5.297376610484403336e-01
4.651946731467654361e-01
7.292221804946339425e-01
5.063997295012353517e-01
5.608540811911235657e-01
4.559550735500688123e-01
4.767670366519253800e-01
5.938156043552096364e-01
2.671926362701382285e-01
7.301653699070392856e-01
5.442472458341021113e-01
4.637044620940459216e-01
5.430434674300532727e-01
5.314076997785655010e-01
5.572820484141233210e-01
5.726633970279193520e-01
5.019452609056764825e-01
3.099054892090055691e-01
5.702126442223404146e-01
7.301688633341923973e-01
2.682985490643188808e-01
4.649585038100275680e-01
5.001033582504855746e-01
5.694411848856079095e-01
5.446225914990767691e-01
6.353255576841143615e-01
5.337549933713029437e-01
5.183803863303193538e-01
2.677990957645403070e-01
4.956741461264513315e-01
7.299624000192578288e-01
6.181891609922810504e-01
2.676462032747120023e-01
5.486827012176097584e-01
2.680915634968216166e-01
6.519145630949206849e-01
2.666674890128266640e-01
5.262986653586666508e-01
6.497538439739758420e-01
7.287526146444996966e-01
3.041620062610678188e-01
5.446320750112731979e-01
5.432138856383056380e-01
2.667471146267146875e-01
2.674927839152958509e-01
6.242292631625078192e-01
4.063139026853103686e-01
5.655018881767244210e-01
5.556493097957105887e-01
6.376112795798200006e-01
6.467308644824056874e-01
5.135247568303720200e-01
5.502660401063219631e-01
5.655732116849084834e-01
5.645187690468354003e-01
7.311804021998684622e-01
5.164300901746339267e-01
2.676826463254622923e-01
2.669189213683058060e-01
4.562445129883389017e-01
2.678859401997499834e-01
5.655728843770322367e-01
5.532840308087922931e-01
2.670992772839043683e-01
5.149610626470189079e-01
7.287853863904272256e-01
7.321628159130438851e-01
2.668323588227430876e-01
2.668176779761184392e-01
5.359218917026771223e-01
6.198190452712947218e-01
6.422889871339702017e-01
4.068825554248892140e-01
5.654961074020814493e-01
5.222370262027777876e-01
2.664212138917153028e-01
2.673395039137869134e-01
5.339571507295191033e-01
2.665148139347758294e-01
2.671871528096712023e-01
2.666108201939769162e-01
5.261023696758642121e-01
2.665454730286710983e-01
5.655065076383347655e-01
2.862376454448802843e-01
5.657672986075997779e-01
2.909691486136534722e-01
5.471312444433141797e-01
6.000397918854666335e-01
6.618341034941398471e-01
3.242269787906232326e-01
7.318838101704217003e-01
4.542036022665285055e-01
4.944394264324387112e-01
7.300386411813593046e-01
5.620232590829845609e-01
4.509836284521994143e-01
4.690977698445539801e-01
7.286470247840372005e-01
7.314161797978014912e-01
2.669626953253107504e-01
5.069134424744802248e-01
3.921326106452737159e-01
5.968455755719274114e-01
4.298260841929205656e-01
5.823598557971264578e-01
4.540366752758486779e-01
5.634906116580049584e-01
2.712896687095467940e-01
5.739425455599544978e-01
5.667762353572832756e-01
4.310860586115935478e-01
2.678751692540615736e-01
6.063805206048785701e-01
6.335303721798455356e-01
5.029453958806677782e-01
5.651777768976267158e-01
5.055747597153970041e-01
6.066504099852781939e-01
5.015128190252878815e-01
6.041394974879503721e-01
5.426521725879149827e-01
6.456159970197472564e-01
6.008300367359024063e-01
6.474009263321147678e-01
5.335118696938845329e-01
2.760140346668271683e-01
5.442708577958613736e-01
4.987885230434792039e-01
2.924166421296398033e-01
6.102768015012089986e-01
6.446892500996265207e-01
2.684022793157450071e-01
6.203733986546993151e-01
4.547271332477866301e-01
5.589043524536291274e-01
7.306457599344099441e-01
7.311014543137910326e-01
2.664434330989743360e-01
5.317668583455958942e-01
5.235043004837326430e-01
6.450066716737283823e-01
5.939796340734267988e-01
2.677227481011371091e-01
4.277340758975151092e-01
5.975057721723423532e-01
2.679830979756727682e-01
7.293742467643179461e-01
5.876687670385333240e-01
3.061161356138950018e-01
2.681949397636194110e-01
5.653590974672908498e-01
6.387779435408781348e-01
5.307386608171923426e-01
7.307534861177783503e-01
2.711677327161989837e-01
2.663065478454631485e-01
5.333486163295705351e-01
4.339773565987166126e-01
5.429985052095099851e-01
2.679885216691678673e-01
5.094498835847748319e-01
5.622403236612227850e-01
5.587663765265187266e-01
7.272607903070608115e-01
4.646207441738166022e-01
4.257193067049807045e-01
4.227739499703678794e-01
2.675695204694646390e-01
4.756213263668128688e-01
2.666501743764173593e-01
5.672931705682453529e-01
2.681755423323004539e-01
5.233758543977257149e-01
4.215993406776850638e-01
5.563102544370006619e-01
5.058915912656229974e-01
6.161959474972027451e-01
6.285758702704652423e-01
6.303186510491806116e-01
5.416565814525975409e-01
5.622892656814721946e-01
7.237654142574134752e-01
5.698486606887246397e-01
4.185010215083065366e-01
5.627873524222531953e-01
4.245058594904082550e-01
6.222802721490418021e-01
4.590105027268034377e-01
5.391407310459563895e-01
2.674160791217867761e-01
5.787745625996731924e-01
7.181201291680663346e-01
6.423726439518229192e-01
5.822864868071352396e-01
4.163171129681756399e-01
4.877832848289331280e-01
4.567141087894636686e-01
4.911766919070204018e-01
7.301791947638121005e-01
7.292542643903145994e-01
6.456199872706847032e-01
6.258125705186584620e-01
4.823785627914117247e-01
2.677839359371922967e-01
4.858921394704450170e-01
4.972582260886292405e-01
4.057302666094307897e-01
4.338291505247106050e-01
2.672631555889782295e-01
2.703989476892246779e-01
5.633724303389027188e-01
4.716038903209659461e-01
6.133031947375815474e-01
7.220384538742421476e-01
4.131188714118286809e-01
5.373060897119632529e-01
2.670079638334562078e-01
6.349876386952706397e-01
2.675822164646025625e-01
6.610960221743693577e-01
6.752675684365575526e-01
6.375685009853063745e-01
4.803552683089429842e-01
5.088566848686161270e-01
6.364509657607652082e-01
5.023455457013190628e-01
5.946499754644852809e-01
6.183668616373733107e-01
5.002046907859573066e-01
2.666780967104360744e-01
6.244765532841853872e-01
5.299718703532250164e-01
2.670367636456355553e-01
5.632699181272270428e-01
2.668896035354914598e-01
7.277720755843206657e-01
5.377406654302350208e-01
2.664199619566938737e-01
2.664822175534682369e-01
6.194282794931510461e-01
4.117165658026933350e-01
6.397971461442120145e-01
6.477113950503143869e-01
2.660683994975839295e-01
4.789361585337628680e-01
4.635813399554840619e-01
6.112163368964829147e-01
4.978228192660744122e-01
2.670182496520295268e-01
2.710809184366815838e-01
4.089252510035943367e-01
5.007932976642761602e-01
2.665895475074224752e-01
6.524699420681792095e-01
2.672878196423559838e-01
2.667484833020860036e-01
4.040758467476839311e-01
6.099679299431349788e-01
5.624394288108277573e-01
5.439523447653957788e-01
6.004344787426707519e-01
6.044790021741582864e-01
5.326894993073953977e-01
6.077143334876682346e-01
3.017569400431497351e-01
2.684225889498776940e-01
5.489124788242106812e-01
5.010658339193715394e-01
6.303252768844684883e-01
4.568912143031277351e-01
6.784913499410356597e-01
6.395903946396677142e-01
6.393572992540001998e-01
6.283891390837813562e-01
7.253983180045686652e-01
6.231237412132444309e-01
5.586024840619788767e-01
5.607951475852186451e-01
6.097834128651966612e-01
4.180492776539315725e-01
2.905779800746715047e-01
5.777749791122713807e-01
4.253894000849965940e-01
5.660761323646846810e-01
2.663794503135423763e-01
6.184139270293642632e-01
7.216302178183034988e-01
5.636997326820979426e-01
5.672195930862597990e-01
5.659576834821187230e-01
6.096644772849145744e-01
6.431996701649779213e-01
5.651458286052422064e-01
7.127600647875468320e-01
2.761889914927407874e-01
5.685894093094840951e-01
6.110861503158053765e-01
5.252729046596229523e-01
5.683439228748974337e-01
2.791753254212173685e-01
5.660924268151490413e-01
5.012917680016236721e-01
5.661224783404249505e-01
6.341112962684301024e-01
6.172369054409623246e-01
5.675888656206874439e-01
6.437741789236139933e-01
5.624776388832846141e-01
5.431732164662004259e-01
7.157514663598275595e-01
6.110768524482084185e-01
6.929595240827673974e-01
5.628049452651330276e-01
4.660002699038410245e-01
6.430492782911630956e-01
5.703822967893800167e-01
6.469377613792222093e-01
5.591746070243598377e-01
5.664940173888394215e-01
5.108718161526076829e-01
5.590654119080079587e-01
5.655057242878780421e-01
6.838823750434920301e-01
5.705523756325626694e-01
5.972298708338455997e-01
4.508325013146013971e-01
4.123818385944549858e-01
4.481732453105419789e-01
5.127154048905051553e-01
5.469087276011610488e-01
4.253946955569194999e-01
5.412929198507788753e-01
5.487324497495297271e-01
5.690411641497240547e-01
5.465026272632200754e-01
5.694052600510708384e-01
5.803426511655089826e-01
4.218553869258199196e-01
5.068227222532494247e-01
4.040451933919793626e-01
3.991805958170520086e-01
4.159521509170303610e-01
4.797324638101943539e-01
5.821265786263366548e-01
5.817367918187712483e-01
4.825652824847828648e-01
5.655190463140863377e-01
4.088567030153761883e-01
3.489493885855702859e-01
5.689368255098777860e-01
4.951393123955100672e-01
4.208585190939245768e-01
4.348168739819899820e-01
5.608743090848999913e-01
5.663108139722541345e-01
4.866667813909250628e-01
5.132255233247657866e-01
5.834040027705077458e-01
5.175839970936330081e-01
6.462862070739556763e-01
5.692804993038820260e-01
5.475802965238709685e-01
5.626387796644828354e-01
6.436896386349423294e-01
6.807174202686586684e-01
5.607700511449741354e-01
5.146132138982336679e-01
2.710819998928547525e-01
5.482323971877401947e-01
4.962465671006860424e-01
3.525849953577009921e-01
6.247816342251648614e-01
5.622847925810074976e-01
3.090324908535286852e-01
5.632798908557240525e-01
4.114125183740859337e-01
5.625501793195348821e-01
4.971456167665400661e-01
3.997091469446493184e-01
3.936220211276521552e-01
6.442078833869754328e-01
3.266574274863410787e-01
3.702918764138291019e-01
5.440830383713223251e-01
5.724856579452809457e-01
4.572409580254220285e-01
5.671058684639120884e-01
4.979783952233808320e-01
6.454036620044216743e-01
5.599269991737862995e-01
5.322999032725461710e-01
5.803287360771900438e-01
2.941014781701113967e-01
3.621840365538895878e-01
5.687426864883828870e-01
5.850808522923111044e-01
4.637579737008237779e-01
6.258116565933040665e-01
4.923879194289829120e-01
3.101898555247430411e-01
4.960473936720535826e-01
2.674088572483819815e-01
5.372201986612265001e-01
5.415439942090192194e-01
5.750444784244790331e-01
7.123176784151794561e-01
5.776516705585360567e-01
5.609540449584723421e-01
3.348965350656430973e-01
3.178973548491437207e-01
3.442647081070195902e-01
4.100544095390136201e-01
5.131036018872882076e-01
4.172123786190351513e-01
2.666852796860482155e-01
4.074810495754201956e-01
4.294801539686802783e-01
2.672522908047035850e-01
5.195124920560294512e-01
5.693926121745310764e-01
4.967650918478642152e-01
3.648324336465094686e-01
6.110571460121526632e-01
6.148794351953390525e-01
6.503430165596520984e-01
4.280533960401228244e-01
6.122081987014353910e-01
4.934135810021384461e-01
5.082679557667897363e-01
4.314905118871987244e-01
2.682167901586019476e-01
5.670040423318564171e-01
2.673086383158292390e-01
4.981481495387359293e-01
4.397666904970266577e-01
3.624542143124381832e-01
4.648796523049782414e-01
5.421929751374663375e-01
4.613697864654304759e-01
4.204275382542786987e-01
2.671116399445184197e-01
5.578745140461052188e-01
6.482038376867089724e-01
4.161336942272029216e-01
5.566566347459227515e-01
4.245770299577941720e-01
5.625600858776562685e-01
6.419731322361560411e-01
5.733247902447573541e-01
5.631700564224200178e-01
5.656544248281033527e-01
6.232296682246796227e-01
5.071854314321825319e-01
6.262268683234600841e-01
3.676022206000152948e-01
5.555935276388269672e-01
4.107386608639128078e-01
4.984550811327329023e-01
6.421635865072313765e-01
4.626042230931247667e-01
5.642040858390423574e-01
5.644537795796702451e-01
5.617811367060387973e-01
4.553885287311243424e-01
5.675370788855007564e-01
2.720167060662240788e-01
5.576457367246711039e-01
4.161874644066732576e-01
2.668206580621743651e-01
6.140556656753964893e-01
4.171476490581404462e-01
2.730453212999039980e-01
5.172732198341974952e-01
5.367973565397801128e-01
5.629139416245544369e-01
4.131180771514331718e-01
5.574712459131112574e-01
5.548035492268987845e-01
5.699321936767814956e-01
5.678351033810220549e-01
6.355052840252233270e-01
5.368036497387232986e-01
5.527024969638401064e-01
5.626944747540003622e-01
2.711861062154801161e-01
5.852538718392173989e-01
2.721534769793838571e-01
6.265936431633679637e-01
2.682493705672293616e-01
5.635426452006940812e-01
5.575089995875177618e-01
4.093584127440853537e-01
4.594601568257758450e-01
2.659968156781112869e-01
5.090992696313508814e-01
5.597211801277673926e-01
5.633001506021878546e-01
6.248115126663371655e-01
6.331613388182765201e-01
5.668539382358462886e-01
5.639763480826800457e-01
6.021439166362868578e-01
2.732157688318019861e-01
4.390034750695178123e-01
5.107150854426308895e-01
4.642517178856085391e-01
6.029469821422679399e-01
2.678167467697714077e-01
5.389787157054226618e-01
2.663626124846139032e-01
5.133061240219114474e-01
2.681799580408211203e-01
6.264374493190015825e-01
3.966115197200580367e-01
5.217904206228669572e-01
5.843859403754757542e-01
5.532635002586155926e-01
5.437942826543114005e-01
4.150336850967240032e-01
5.450615077927273289e-01
6.424655001799827181e-01
2.688516093946315411e-01
2.675584495996818357e-01
2.685344874752309541e-01
4.308932921033493124e-01
4.092418018803850033e-01
5.639040647558968278e-01
6.096714649025770649e-01
4.374515664866964748e-01
4.556103351157366199e-01
3.025570879192723828e-01
5.598779110203901954e-01
3.798801114442099669e-01
4.605329066771636226e-01
4.586460154957720525e-01
6.116099512940381677e-01
5.208290610623506067e-01
2.686933456179728674e-01
5.022543249624792372e-01
3.502789967059440346e-01
2.696659625675489891e-01
3.017930618950400157e-01
2.679456824458873454e-01
6.350687046553303849e-01
6.384652313505367882e-01
5.500935387473361304e-01
4.179198435451361160e-01
5.806788974234368128e-01
6.115769335975509424e-01
5.224630394849589798e-01
4.598595569508027170e-01
2.691146281485718439e-01
4.183818781691636124e-01
6.115274546970944636e-01
2.673129431270500067e-01
2.955735093569772931e-01
4.042344335641097075e-01
2.680253629553943640e-01
4.323765041248600616e-01
5.647851100650587153e-01
4.593002806950024497e-01
5.463944352693657081e-01
6.139184768785985735e-01
4.555062903567939636e-01
5.080149283890706968e-01
4.365406645241868833e-01
5.645838848552374722e-01
4.106694098527054471e-01
4.385376423323758543e-01
4.423669872527696834e-01
5.743081592143562952e-01
6.134343090391575215e-01
5.300166714088441200e-01
6.337888291791039519e-01
5.624100101303041166e-01
4.261991168184371404e-01
6.415739174813157586e-01
4.671616275195312196e-01
2.673957456404102428e-01
2.674633766221540809e-01
5.521945293794120468e-01
5.130969220466227165e-01
2.744895924468832571e-01
4.903936551948960276e-01
2.680708645526272416e-01
4.738629457877726048e-01
5.622818277282398691e-01
4.781279237624599388e-01
3.603384825463874508e-01
3.542939925888198838e-01
5.433681357077100316e-01
5.107226766319873379e-01
6.227431522850368495e-01
6.511503614355579339e-01
4.420677073573140436e-01
5.646961453307915990e-01
4.434206848600079631e-01
4.437467516913617960e-01
4.417981392340979419e-01
4.990823324890056312e-01
5.084072650834728924e-01
4.631903177007867800e-01
4.979839892566649273e-01
6.089123825881062047e-01
6.265195626323686318e-01
4.171312041281242111e-01
5.442441575732511749e-01
6.157619744284128505e-01
5.402657882447626791e-01
5.321444132286765605e-01
4.414464963524956653e-01
5.350165877009633864e-01
4.058750876579684808e-01
4.430131998057371123e-01
4.487410368641460146e-01
6.361798704748654609e-01
4.425228403508800756e-01
5.631002968999985203e-01
4.410114186403651937e-01
2.698328758305880704e-01
4.059111628989013343e-01
4.412837342921824835e-01
4.404908000056774187e-01
4.419469230445325358e-01
6.453638578065566955e-01
5.164177702160511751e-01
6.122804023485239888e-01
5.475473744822446642e-01
5.131212078217836092e-01
4.446580100561661753e-01
4.136990663601151641e-01
4.398822422713847824e-01
5.452518662552829909e-01
4.544887844234007379e-01
5.223390862084449360e-01
5.210621553642573733e-01
5.455527722563493498e-01
6.110040252734162403e-01
2.666987392524123313e-01
5.692609818451239700e-01
4.166362038276876789e-01
2.716470085729850159e-01
5.247533346079706895e-01
5.462558868888123254e-01
4.459242743837214529e-01
2.668478387257925410e-01
2.698935349631418346e-01
6.154673727447520504e-01
4.135451833335830885e-01
4.438907992344706122e-01
5.088507748531650998e-01
5.647835211981839798e-01
6.102027601021784431e-01
5.186232887249458967e-01
5.644548437072710589e-01
4.451079119218773750e-01
3.968347218257468612e-01
2.666742054534256834e-01
4.442015312894506684e-01
4.008263025242523314e-01
6.142084167129145955e-01
4.430331065316020500e-01
5.173884773393832015e-01
5.636178731969805344e-01
2.697685513500707177e-01
3.465629104572316432e-01
3.915891151467694731e-01
2.956777603738851568e-01
6.195204945855766754e-01
3.102207393052677231e-01
3.457239949843509685e-01
5.480423886751593088e-01
4.400144540593563525e-01
2.669954437993022900e-01
3.463770190118897752e-01
5.509363188307115911e-01
5.496820679636614804e-01
3.393122080422249498e-01
6.125082576882909802e-01
4.525346745004957261e-01
5.828965718127397944e-01
5.568568238698359263e-01
5.539826086315006171e-01
5.450605281499669719e-01
5.826708903387490812e-01
4.571233154974002066e-01
5.142369800125049517e-01
5.023219204830829954e-01
6.068170507188392904e-01
6.022439589874339916e-01
4.146062646857713307e-01
5.859176443944326129e-01
4.237417821357064018e-01
6.338763259698079189e-01
5.619513836359841807e-01
4.359459930827392915e-01
4.413789019666379265e-01
6.561041285476335583e-01
6.370674505428681744e-01
4.113086232280869781e-01
6.076400699438065933e-01
6.281685310988601723e-01
5.428419648523149510e-01
5.680994931318263941e-01
4.092017698676346238e-01
6.415997323402778951e-01
5.643484264976429410e-01
3.651568636153336156e-01
3.492175539354550606e-01
6.282384673921189711e-01
5.220638887384623228e-01
6.018828118734654842e-01
5.650262402830802388e-01
6.408217527978438133e-01
6.161564310584549675e-01
4.553876931443285869e-01
3.356419980175299744e-01
2.669013274732309760e-01
2.693251533979547641e-01
3.018954610613772127e-01
5.599870674516840285e-01
3.429089651010007733e-01
5.384446736845825976e-01
3.301958110179679662e-01
5.077544400945831482e-01
6.147020003193496285e-01
5.645591207150997271e-01
4.105888653357164797e-01
6.692924322856348418e-01
5.901716746062152241e-01
4.004319562891179851e-01
5.883952351210334220e-01
6.249086513896318085e-01
5.888976838114891033e-01
4.031843590141793165e-01
5.893177151792234891e-01
5.365706505173397645e-01
4.859110228953540389e-01
3.343854846347209531e-01
4.989494855608390678e-01
5.524760374057793300e-01
3.478839361474294622e-01
5.330690214967523932e-01
3.398342005596347026e-01
6.431759324715029535e-01
5.897987196929668219e-01
3.374770058731528244e-01
6.682940988536087978e-01
4.430993281687278795e-01
5.892939432266109945e-01
5.729548091020798539e-01
5.272495199059575866e-01
4.134371677240157861e-01
5.389684956479047218e-01
5.651582469887974636e-01
6.150013824235305293e-01
6.369714110728610379e-01
5.624454126014930555e-01
3.921666966835201662e-01
5.279377110263996364e-01
5.231001075342539552e-01
4.300121327584536246e-01
5.734761702962197782e-01
4.481832893889597380e-01
5.655253521330083633e-01
6.177788803320773958e-01
4.490884225915670602e-01
5.118417621245539006e-01
4.026491052037857177e-01
4.684963799521852934e-01
5.085522729604786685e-01
3.681203317345722592e-01
3.384475590598826078e-01
3.993175855520246786e-01
6.308314744151051201e-01
2.674828105269741463e-01
5.769481202157910049e-01
6.135230297093744456e-01
5.497672433465906616e-01
3.415327744373480856e-01
4.978223054817927373e-01
4.755422989264790345e-01
5.812668902866214848e-01
5.023118804714082897e-01
5.150479712509238306e-01
3.955294699473618780e-01
5.657769779674393096e-01
4.300761665041278881e-01
4.444283470181795148e-01
6.540298170486021911e-01
6.449815782510420759e-01
7.159660712663883375e-01
4.377844162868681499e-01
6.263034087633591041e-01
2.713360486589301290e-01
3.612098973992121098e-01
2.693214647770905690e-01
4.358172523385946961e-01
5.621980582320850184e-01
5.139532078313141517e-01
2.958472964345021938e-01
6.400308690781331133e-01
5.171597823983775655e-01
4.917043676042131550e-01
4.367072203631743310e-01
3.438835677473127683e-01
5.622282689938608025e-01
3.017292197067772408e-01
5.760924054652061255e-01
4.228183202162454357e-01
2.858070415829742084e-01
6.137290808325180924e-01
5.545027671499828115e-01
2.683950101189152559e-01
2.692248402366669291e-01
4.141256142366355752e-01
3.477857693433916153e-01
6.354930966763447930e-01
3.423755886586200559e-01
2.691237060255826652e-01
6.209623976303937365e-01
4.342381394402407002e-01
4.986956188693348890e-01
5.641816957041435598e-01
2.684666643656855589e-01
5.698459289269850458e-01
4.493646186063617320e-01
5.637691645054334622e-01
5.149220941782775007e-01
3.125368017913413010e-01
5.110429483098062331e-01
2.683225585457909568e-01
4.201761248241611124e-01
4.446447503841443605e-01
4.926205625868628757e-01
4.044943953279209747e-01
4.975499994899357237e-01
4.299643167446329239e-01
2.732178788837608674e-01
4.103947342725010605e-01
4.693403498494285175e-01
3.554705844896062783e-01
4.725127885063831190e-01
5.085968699803515847e-01
5.316290026129665280e-01
4.272528477000447911e-01
4.513455582455033199e-01
5.652272340778535797e-01
4.937273552412754785e-01
4.928087232256782024e-01
4.230334878816671140e-01
4.052554262584717737e-01
5.418346123311854612e-01
6.151952857213389692e-01
5.628543693148303495e-01
5.663755311559012240e-01
3.313146769193540120e-01
4.973720074574018990e-01
4.717950712212461983e-01
5.512411433804134120e-01
6.440029210044957431e-01
2.673758688078181067e-01
5.895812108756395276e-01
3.461653684449735868e-01
4.733379061211292482e-01
2.729737863086777461e-01
6.396918603445730378e-01
2.694245118372819991e-01
3.596013248109515281e-01
3.515404442576759436e-01
4.564625438523937651e-01
5.988583766346569082e-01
5.625604596726329065e-01
5.655373240851221395e-01
3.995337362938684023e-01
2.708215062499325643e-01
4.618671197049025179e-01
6.279198878004701445e-01
5.205674515206878405e-01
4.284870047306104102e-01
4.924090026068961845e-01
6.228680398442455468e-01
6.393026269829998887e-01
4.301427809329927410e-01
5.705315054709225731e-01
3.817245073440108105e-01
4.032826185814743503e-01
5.082029832255781088e-01
4.441608425924737924e-01
5.064287474350421814e-01
3.974722516959054430e-01
4.983348380116966458e-01
5.101968428821627155e-01
3.954644227718830396e-01
4.439929108463639973e-01
5.095801527908284667e-01
5.653108376974995686e-01
2.678950625544498920e-01
5.633849573220752749e-01
2.667147642582801681e-01
5.304600744426354320e-01
4.154252986601942310e-01
5.285347676408989059e-01
2.744502664389112390e-01
4.716636099231660828e-01
5.142566387782686599e-01
5.254439307062163111e-01
4.702552771325236858e-01
6.195523068027021241e-01
2.685374773600537335e-01
6.653721470707844032e-01
4.493426966057780803e-01
5.635049740312820798e-01
3.985596078141682708e-01
5.076109781422918354e-01
3.498147918064198891e-01
5.652622472293811207e-01
4.931555546042457050e-01
4.073863373398822207e-01
3.981444461567742454e-01
5.599423917747441415e-01
6.108467465255007500e-01
5.093413230397501046e-01
3.370610497854203969e-01
5.405281551251271965e-01
2.663431571820994992e-01
3.551461975718335773e-01
6.300450882513124462e-01
5.887323712477378068e-01
5.291753431344610181e-01
2.667077981635110895e-01
4.138389303446367573e-01
5.212761171145375849e-01
5.072659835953948759e-01
5.499831663226359968e-01
5.564309145002924728e-01
5.446602117452484793e-01
5.124601810590637685e-01
3.533235686751829974e-01
4.544603820504364289e-01
4.981157546368281119e-01
5.635089735593503679e-01
5.387235548653874773e-01
4.990730232443317815e-01
6.365610745141798699e-01
5.915646010812004585e-01
5.033795095754813875e-01
3.586047679728987525e-01
3.149964796400830935e-01
4.138163249272401312e-01
3.571730675413625211e-01
3.561613717247154587e-01
2.936835125684049141e-01
6.185404994216583408e-01
5.480839671425734583e-01
3.543242705847404750e-01
4.230032696721933161e-01
6.262220793945809660e-01
4.098667351814764270e-01
4.368938543796215268e-01
3.384576259028114764e-01
3.940066955204102883e-01
4.044581182798169805e-01
4.245140569060703029e-01
3.503766675064854397e-01
6.247856128356070737e-01
5.104262083310686648e-01
3.586513184732996185e-01
4.278484508514652784e-01
4.782079477239917220e-01
4.338280397050168213e-01
6.753063553934778307e-01
4.969354396901943249e-01
4.434712983137705233e-01
5.074874260279376159e-01
3.966655318849359180e-01
5.341904684016499649e-01
2.670546344863459209e-01
5.608476135553318587e-01
3.566919850869320618e-01
5.358589371415072300e-01
5.259865794252664983e-01
6.123926273402886533e-01
2.695227960069740414e-01
6.452042700510135509e-01
5.628015351484126905e-01
4.514353504396037553e-01
3.268632029134227457e-01
4.524750568837229148e-01
2.686073421724012311e-01
4.083234735191761389e-01
5.646394634035343252e-01
3.745650771451955463e-01
2.696198864563570385e-01
3.619175964160062375e-01
3.321717697397021940e-01
6.460755819083331408e-01
3.214828570718392120e-01
6.242129108003495741e-01
4.071605536647042167e-01
4.528525345671619573e-01
6.177307713671590372e-01
3.710184973613195325e-01
2.686761887881412569e-01
3.258898321966152700e-01
4.092973247649244750e-01
5.106141408212413468e-01
4.437072144366528970e-01
6.123282830257497089e-01
3.719415361810375908e-01
4.351709740088975376e-01
2.697156734640766551e-01
5.732417222184191807e-01
3.223040948371880265e-01
6.817083365801500650e-01
4.371099967743313774e-01
2.834091354023282605e-01
2.687439627734982683e-01
3.924595988953096248e-01
3.944617848488111700e-01
5.476258421932922449e-01
3.765749653116239881e-01
2.699028708248608077e-01
2.698100423978719298e-01
3.169956445363347197e-01
4.008366229896183075e-01
3.659788689978014098e-01
5.696454826763616142e-01
3.737856623058828376e-01
6.342634464004186512e-01
6.138548773111173196e-01
3.741069184875011056e-01
5.089736601557502960e-01
5.559658334545870551e-01
3.688124811044621310e-01
2.688105884082870878e-01
3.950957843029864192e-01
4.527916605529625493e-01
3.934316605771773223e-01
5.643913734125166615e-01
5.998777156500374463e-01
6.510875278785528408e-01
5.091237027519566194e-01
3.813401790033214001e-01
5.102652496916881830e-01
5.100194800412182206e-01
6.219981667696160565e-01
6.220822106283189212e-01
3.764257952266827356e-01
6.329721743467260353e-01
7.382046255862567685e-01
3.908194107791390093e-01
4.419767685393884982e-01
5.037060604539993491e-01
2.669285083045854767e-01
6.319555503235955163e-01
3.027227167826744836e-01
3.789271858076431188e-01
5.928143238675972482e-01
3.789429537239029644e-01
5.929298768782153006e-01
5.207124892114702863e-01
5.105153237644161068e-01
3.715208414088612132e-01
2.875726727736180321e-01
5.607905966312619617e-01
3.124579446092246027e-01
3.176601144811461164e-01
3.503981645577547432e-01
5.852626954986951402e-01
5.765334414993870116e-01
6.199839587236418703e-01
7.382567906556222193e-01
3.898148903650242025e-01
3.836223158720197812e-01
5.608106174503656449e-01
5.352920284738144074e-01
3.438458508289237714e-01
4.160414626093468238e-01
5.136158416394739357e-01
2.875477154421901549e-01
3.634681120948529687e-01
6.852726278908413127e-01
5.577260897014439944e-01
3.853302986886253945e-01
6.258849890941247107e-01
6.155391575090761735e-01
3.525424030097184525e-01
4.537452681530710907e-01
3.285341600018686914e-01
5.174840113677950937e-01
3.484278593386226364e-01
3.556015005771447912e-01
6.494265171595586805e-01
6.100739104721220052e-01
5.597883965584019572e-01
3.878559403932383409e-01
3.872583267621073633e-01
7.382607009299080314e-01
4.934204095446160787e-01
5.406270307759446503e-01
4.920387514090731607e-01
5.623769173448230907e-01
3.326858065115150254e-01
5.597747005946001053e-01
3.490783260234696650e-01
5.069811402307611292e-01
6.285279667870108389e-01
4.940692986241152496e-01
3.890869385804210934e-01
7.383034344188477149e-01
4.137628099827375672e-01
5.275064038444627901e-01
5.080763060633426420e-01
5.492464139076319585e-01
5.109585521337625114e-01
6.034270296929462596e-01
3.630165121576650056e-01
3.916728554161683085e-01
6.856953391821291044e-01
4.891984996488838999e-01
5.444043687054587188e-01
4.616774848034185807e-01
3.306643924383658728e-01
7.381505789126487915e-01
5.114365882532975194e-01
5.229398930502637821e-01
5.116758501515664692e-01
4.923397663534814228e-01
6.131667418078438070e-01
4.484893114055177321e-01
4.594692150264448882e-01
5.144029084114655204e-01
4.382673375015093131e-01
6.106765856034713780e-01
6.301046630020638029e-01
3.266267169554921135e-01
4.929413316977999671e-01
7.382131266011633386e-01
2.903741683914670690e-01
5.882108144298003882e-01
5.623658095927729361e-01
3.833011432328083390e-01
5.294460534450937672e-01
4.950253629273458356e-01
4.265185401848496372e-01
5.396631055315059822e-01
3.811679237650274499e-01
7.066585894768815379e-01
6.122284310948447050e-01
4.196434496583500429e-01
6.102433113255567587e-01
5.113126898430095935e-01
4.900551291257022601e-01
6.871861122831084412e-01
7.387047160510389343e-01
4.867384990076331075e-01
6.483045424354466624e-01
3.129632128099168464e-01
5.842358475133428986e-01
5.045903103042072013e-01
4.543652393659977085e-01
4.914138716443759436e-01
5.048990647818107913e-01
5.069378688678040090e-01
5.261918742914525327e-01
4.405857196905421103e-01
5.460699812508941209e-01
3.700973990604285446e-01
6.219179534900883821e-01
2.701708046521738016e-01
5.586753380716872330e-01
5.098821451020628670e-01
5.381421183552957954e-01
4.778270087218286499e-01
7.382649306216995111e-01
6.108730455192977749e-01
2.710360485186072421e-01
2.703393912604287186e-01
5.392584676724793136e-01
3.246510325469636471e-01
7.383038470121174868e-01
2.720353800502599562e-01
5.902571012294426378e-01
3.033992598711751087e-01
4.886478837495785155e-01
3.285695992322581471e-01
5.095865379269695072e-01
6.903303207205865322e-01
5.586242720584718713e-01
6.592118903204731151e-01
6.123425468078016465e-01
4.420824718769902906e-01
4.669355298511658758e-01
5.629564956652530761e-01
3.983404272143443725e-01
5.216614534738504005e-01
4.251770766373721977e-01
3.857928030576810441e-01
5.083383823348773811e-01
6.397850802504378986e-01
3.035962622172697634e-01
6.083954617413207533e-01
6.152828956926805759e-01
3.440653226483273985e-01
2.856286875314824614e-01
6.328006526373922691e-01
7.384067497785389289e-01
2.672872924609962508e-01
5.213799826588257913e-01
6.124603915481590111e-01
4.900221493246615934e-01
4.164420271707556798e-01
4.862911534981562145e-01
6.504052658252781338e-01
4.646715245927535709e-01
4.366267166115503917e-01
7.382965368219711610e-01
7.383072663082875797e-01
4.319781869099689198e-01
2.989924211043734070e-01
4.362381895901150108e-01
4.848221527793282193e-01
4.428258438851380707e-01
2.700833694251282280e-01
4.614735405067472707e-01
4.121369032662726140e-01
2.674263948825260084e-01
5.467507023940748612e-01
5.227858444000992311e-01
4.515297750025198398e-01
6.136991320127511695e-01
3.079087654127804496e-01
5.112258530264442991e-01
6.477196146042896174e-01
7.383314835692512679e-01
6.417014035739957434e-01
5.574464506103874450e-01
4.936885384572094471e-01
4.199725566869583759e-01
2.674424623524722100e-01
3.082570591242719815e-01
6.473355034719217027e-01
2.818545078944050819e-01
5.080289788106253646e-01
4.075677712175740930e-01
6.082118254782206135e-01
5.099377723342102264e-01
6.077939311293849567e-01
2.674499591731685499e-01
7.384459647857930520e-01
5.768177535955837376e-01
7.382669418866156796e-01
4.705306190360560858e-01
5.956569065022313536e-01
2.816888609875309868e-01
6.159107365325375838e-01
4.800610362867602232e-01
6.108217830260276315e-01
6.712950746931560797e-01
5.420565496218950896e-01
6.059988655478303343e-01
5.395856155580119884e-01
6.148556269986670264e-01
4.068827711839890782e-01
6.625137435003568553e-01
7.383982160908549863e-01
2.690028579879546466e-01
2.755315945775748121e-01
6.737184700042402330e-01
2.675046359875642432e-01
5.573560602894993554e-01
2.687323245734931088e-01
5.982687387915378574e-01
5.112529318320910843e-01
7.383315222493525010e-01
2.676117852221341908e-01
2.677277594848939679e-01
5.845520326726029170e-01
3.970530481589996108e-01
6.825300626524480885e-01
5.724141950976101567e-01
7.381155668292228578e-01
6.342284444971985069e-01
3.065609258312828600e-01
7.383424696833046363e-01
5.878246429872694412e-01
5.191647526832028348e-01
7.383215391334937427e-01
5.750445348921607858e-01
7.382771799171735649e-01
5.449418032222530517e-01
7.382104234370177043e-01
5.446625291722902995e-01
5.704197220089538556e-01
5.102371454726050137e-01
5.214831361626364181e-01
6.829618921650951746e-01
3.876108021442685736e-01
5.622582730614713586e-01
4.624985287312491367e-01
4.419211410538365081e-01
5.502181725302230930e-01
4.808509215009280635e-01
4.765440993836341788e-01
4.152100736815989013e-01
4.882511280467302650e-01
5.373402047340153365e-01
2.679571881269702249e-01
6.270399419960540621e-01
2.785377164582178988e-01
7.383217464435283262e-01
4.392035108019517464e-01
5.900404945020421010e-01
5.732481870592662787e-01
4.849507227616339233e-01
5.728703621276343139e-01
5.720200001267629064e-01
5.014839542688400709e-01
5.825885192268336343e-01
5.736463388608898928e-01
5.632650549154495367e-01
4.163088623965832125e-01
5.675715280948232522e-01
7.381876354971045329e-01
5.359715535305885625e-01
4.658305388071216635e-01
4.231265985371336913e-01
5.115153624961198409e-01
6.009235571104664109e-01
5.260785542347902188e-01
2.900910293599410772e-01
5.452580976246094169e-01
5.854307551223869588e-01
7.378983708304815980e-01
2.786786128293474163e-01
5.113830849389023880e-01
3.242022183480506858e-01
6.858776003737954152e-01
5.282759475165287322e-01
5.758881734620929782e-01
4.658255536903715410e-01
2.663894452723550854e-01
5.816603067438368413e-01
4.941120664779397598e-01
4.908549744278577487e-01
3.183568159644512008e-01
7.383804851426858384e-01
6.147007396384674971e-01
5.873652805714397740e-01
6.221861827313109883e-01
7.383617571419173187e-01
2.688759888804429510e-01
3.464516855705950249e-01
5.813381210421016965e-01
5.527743623139582674e-01
5.837996066916950610e-01
5.103877908483699377e-01
5.679611029143102341e-01
2.690641552643493473e-01
4.075984097396399553e-01
6.178529088697499727e-01
4.040657208772453490e-01
5.122452895486352409e-01
5.790539361001891816e-01
5.446304367393590695e-01
6.425441232767613586e-01
3.570270061627238145e-01
4.911603963891422175e-01
4.969949731153211481e-01
4.628009316558146513e-01
5.647364372571449520e-01
5.728262764383358352e-01
5.789075721289056453e-01
7.385857199797125627e-01
2.701282100942902220e-01
5.328934314676322392e-01
5.755929495908043148e-01
6.187330262483337062e-01
5.911191583999332311e-01
5.698129456755840483e-01
5.780956019459310147e-01
5.762140175948370358e-01
7.381179882265902492e-01
6.604507454963483015e-01
2.659949637813666112e-01
6.107159430275874712e-01
5.107834607421004591e-01
5.755230179713456407e-01
5.100586781438938289e-01
5.753482694916005613e-01
5.001543275354000118e-01
6.830510421675815014e-01
5.118278824639318492e-01
5.139728228403185328e-01
5.649852367834329314e-01
7.384666092977568708e-01
5.647697088037862967e-01
5.613288778830153314e-01
7.384199203466350614e-01
7.379150907113627422e-01
5.613211072851802541e-01
5.830775441185892527e-01
5.106514741202027308e-01
5.806253574936062201e-01
4.899217611742705536e-01
4.253334900135459784e-01
3.712054647601253921e-01
5.683200520846485304e-01
4.322627142859678528e-01
3.538394094726517447e-01
5.117425399613544368e-01
6.117745530465369397e-01
5.953700502839627262e-01
5.940696145393563610e-01
3.588602755091210850e-01
4.036100564430495918e-01
4.863836002135145664e-01
5.107591953057418754e-01
5.150145989324558249e-01
3.912559970400579790e-01
3.219817516867188312e-01
4.307220761069413539e-01
7.382875132240555027e-01
5.042987101603492173e-01
5.614172990426142817e-01
5.107951432793407243e-01
5.772904025151451846e-01
5.238433171275044264e-01
4.767551691522843305e-01
2.964488467741387967e-01
5.772655343126430472e-01
6.048066082768656093e-01
7.382458909365633426e-01
2.663844851550630777e-01
2.670628743756678913e-01
4.655988669676993097e-01
4.855129784021732231e-01
4.728936145823032233e-01
2.714876215925794423e-01
5.938843430265043910e-01
5.107140620618955129e-01
3.751197067521372386e-01
2.860772322776992671e-01
4.829669654015617541e-01
5.605384631591052713e-01
5.489852123263750938e-01
6.200284636077303402e-01
4.851921033003970263e-01
5.107864068452616646e-01
3.735646198393296480e-01
3.719451558782636003e-01
6.172267039101030361e-01
3.196982196006001864e-01
4.422568010396082383e-01
2.696778282006336847e-01
5.072886465479835572e-01
7.381254789696282126e-01
2.958963777210690260e-01
4.690164415898100403e-01
5.744351964523700671e-01
4.789710767853789797e-01
6.975660785284496512e-01
5.851981389756822916e-01
7.387003071987900960e-01
2.707860197000120372e-01
5.086492849210960676e-01
2.666504173395845001e-01
5.103625654289132285e-01
6.300649354460187146e-01
3.705281231217674165e-01
5.748665975840764331e-01
4.109896019601227968e-01
3.162701505789544676e-01
3.991083239479290556e-01
6.939106945457154119e-01
2.698605652673268240e-01
3.005850270374209043e-01
3.528104336235603489e-01
2.694719923390703209e-01
6.317317298015310278e-01
5.074947749189642199e-01
2.668499555172180182e-01
4.035200889208448993e-01
5.215876500785880943e-01
5.880460681284339630e-01
5.621130365194629830e-01
4.477181822444442627e-01
5.093936928707011313e-01
4.671694505998142954e-01
3.436525380975422594e-01
4.475154586087201625e-01
4.738263514248119979e-01
4.014650024288604624e-01
3.219969567630389662e-01
4.051997334488108837e-01
5.404568088017314142e-01
3.417631769241241679e-01
4.752326403179489844e-01
3.433822303477265248e-01
3.685142599163591104e-01
4.816982586042221626e-01
5.111343670917973814e-01
5.118444404509108203e-01
6.910262191898765005e-01
2.690953669003525173e-01
3.672397972334870420e-01
5.104741918397847078e-01
5.114926996806608006e-01
3.648140506592095211e-01
3.118680957393177855e-01
2.938799477902496182e-01
4.482187403609093623e-01
5.085921827518329330e-01
3.032561387182792223e-01
5.081764516482573102e-01
5.765526898876349726e-01
6.166197916631188658e-01
5.805528177973302562e-01
3.521440603802035163e-01
4.804485549018737145e-01
2.681040909383760051e-01
3.226192085295192524e-01
5.997563045254058478e-01
4.170198245550256755e-01
4.100824702983316139e-01
3.636868767515032963e-01
5.809496017730726436e-01
5.083068074289217586e-01
5.298323724247453459e-01
2.682325828599149697e-01
5.117934554800518399e-01
4.421076190321097665e-01
6.857504342556119958e-01
5.615898160289298779e-01
2.674124203816851675e-01
2.669316805287805239e-01
5.862846264586016876e-01
3.725841865981232015e-01
3.070853404863563285e-01
4.432023986838501961e-01
5.113794920445789982e-01
5.182469128065750885e-01
5.745053075687664990e-01
7.352382716602324786e-01
5.540353470468637465e-01
5.387198957817145306e-01
5.690547742700462486e-01
7.018831966427180324e-01
4.777331790374483300e-01
5.674982091416161945e-01
6.120190619906089591e-01
3.400461775895288197e-01
3.061353585505499630e-01
3.234653113793476420e-01
4.748476771102028704e-01
7.379183580968285971e-01
2.662501540254156862e-01
7.380970074603753206e-01
7.386366944367266374e-01
4.959090685010804078e-01
3.470555883367689165e-01
5.613417381905476677e-01
3.145553194550064768e-01
5.098522587750902169e-01
5.292155796188304784e-01
2.677179748431318673e-01
7.344325544393405236e-01
4.927865940739203365e-01
5.850830783415704728e-01
5.623409760856790118e-01
6.194845981723345885e-01
3.140765118627931174e-01
4.816044475703580852e-01
5.658035998763158991e-01
4.767206476778514390e-01
5.512235039757079624e-01
3.152869154552747077e-01
4.638701990147521270e-01
5.834711035657419442e-01
4.114516139329270072e-01
4.255600942597096981e-01
5.668815816366193916e-01
3.365300275926564888e-01
7.343626282995107113e-01
5.636044886509109508e-01
4.736059652005917275e-01
5.368853696419807475e-01
4.661307919479087958e-01
3.485336698658788035e-01
5.227326120175841417e-01
5.407424176547807049e-01
7.371868415518822992e-01
2.853927323869743238e-01
4.494152054364281001e-01
7.382848018973882098e-01
4.827467852703252182e-01
4.535168900965294569e-01
7.031533452303295739e-01
4.790495251469505389e-01
5.200203219289758483e-01
5.943546386106985935e-01
4.469711304660622941e-01
4.774074553442089197e-01
5.780880878753181795e-01
5.613022293397419427e-01
4.517543184526054967e-01
5.954754493032232698e-01
7.383907978530163119e-01
2.806555626813197479e-01
4.144267327119151023e-01
5.659480468225770444e-01
5.100494924345398973e-01
3.161109928663720092e-01
5.186969213739698326e-01
3.854722611203136307e-01
3.173218470674217251e-01
5.788505821524277950e-01
5.702189294107294915e-01
3.265219822598969257e-01
6.292513134020463195e-01
5.661836682929521913e-01
4.571367008680456423e-01
6.100805130729964887e-01
5.622572750124682495e-01
2.855073426698326866e-01
3.859399734930200054e-01
5.434244140059412143e-01
5.202830401280708061e-01
3.093428330656505798e-01
5.641561029026996854e-01
2.956307071139282483e-01
4.692826086310393774e-01
5.664010733292192956e-01
5.102360880718389557e-01
6.545025903497362352e-01
2.743063755474180465e-01
3.993054708742629355e-01
5.344757631853864766e-01
5.611553316697224236e-01
5.658948691619750671e-01
3.939286017617051328e-01
4.553180482464568302e-01
6.556671200151202861e-01
2.965517129615114489e-01
6.006834197973089928e-01
7.386371987597715183e-01
3.974179800855276445e-01
4.491832238184222392e-01
4.128824091988205769e-01
4.008498556996961115e-01
7.381650015525994535e-01
3.483610878430578039e-01
6.147803414345849315e-01
6.049627085656485992e-01
4.646649261162804634e-01
5.639730141300930422e-01
5.479740053634266639e-01
2.887264277930693401e-01
4.384013449014537156e-01
5.680718574873817595e-01
2.679071514377938112e-01
3.928080368977808212e-01
7.071073158767394728e-01
5.560980727514774902e-01
4.127856702353163709e-01
4.259910723870992122e-01
5.793151342765149314e-01
5.701142234910314688e-01
5.705475859751245604e-01
6.257011517692119273e-01
5.754515460423235140e-01
5.934972870978141302e-01
3.383517207864414345e-01
5.484807594631846417e-01
4.146219722859778023e-01
3.446069524596648281e-01
6.030619292396122155e-01
3.346399185946726806e-01
3.466062325337452843e-01
3.893777436014257964e-01
2.663260632194034971e-01
5.717031375238765811e-01
6.011567813900658974e-01
5.548502914242127160e-01
3.704664222512280558e-01
4.654781795198918437e-01
5.719004838152822456e-01
7.073850460342500091e-01
5.576303096401831194e-01
6.126222296353656116e-01
6.990365405564127332e-01
4.224010594343604597e-01
2.693465348912696400e-01
4.599444883286834540e-01
5.386900077066947290e-01
5.518135933523683478e-01
6.135316013444759298e-01
5.391858522109169716e-01
4.989454611950276397e-01
5.617533456272478798e-01
5.785808078998251336e-01
5.573233183250830836e-01
4.468913440592397479e-01
5.617379556472531510e-01
4.683030737920707010e-01
2.680816163440928324e-01
5.460431179563655091e-01
5.633876684691180303e-01
3.117942544588434006e-01
7.350180068795754140e-01
7.382278447852403946e-01
4.794818797214658868e-01
6.097455705228796985e-01
2.679936134474162901e-01
5.646858319126353276e-01
5.295366996030635987e-01
4.010270454797766893e-01
2.891302589412919066e-01
6.117314301431074908e-01
5.657621942125929948e-01
5.832711881587825387e-01
5.653156108747419140e-01
2.757699050612830161e-01
5.665760507981383309e-01
5.767520457687056457e-01
4.749725664637911016e-01
4.989300501772830354e-01
4.437560104720633669e-01
2.691821436099928189e-01
6.552704997837192069e-01
5.611701619741671365e-01
6.034432399650773160e-01
3.248344827156229297e-01
5.334437217536459608e-01
4.004686993032643416e-01
6.412080519513472243e-01
5.004844173391185258e-01
7.018638219113536580e-01
2.759059242435304982e-01
2.721290480040406412e-01
7.353110696938238711e-01
4.755353861808531701e-01
2.665303204778556867e-01
7.391843957838951651e-01
2.685161087671805724e-01
4.885183616870664158e-01
6.155324112620665922e-01
5.363121562365366080e-01
5.394536828437074272e-01
5.774741296007684932e-01
5.950286210951900578e-01
5.584359161470625610e-01
5.750534875980565230e-01
3.877834877970802729e-01
5.299636814306588617e-01
3.978239294305059848e-01
7.381053494306188956e-01
2.772643524490447930e-01
5.750265087499752958e-01
5.612913846382825422e-01
2.662143674954405848e-01
3.094615514321959471e-01
5.899974088358002078e-01
5.850265207001574819e-01
5.315991657869274523e-01
6.188183784500781437e-01
5.683975707380838349e-01
4.725216166856270328e-01
2.828579293488664992e-01
5.383908388461033923e-01
5.128934819067260120e-01
4.893844972529730053e-01
5.236923197235828775e-01
5.341750230769914953e-01
6.403998871316975983e-01
3.817891761803770545e-01
7.378362582378575896e-01
5.617305595134606255e-01
7.385990112165821131e-01
2.693976359178865132e-01
5.349218646914533082e-01
5.401267045911326559e-01
4.018844096410441602e-01
2.675020951013986625e-01
5.616553079770447710e-01
5.421464096055059745e-01
3.148868004240891749e-01
7.376150647800083782e-01
3.937936253212284687e-01
2.684065294156604553e-01
4.262161189979629117e-01
7.381136253587526896e-01
6.989264235801218028e-01
6.090396990722712900e-01
4.726065854346338524e-01
5.817664289792401355e-01
5.806017372590983605e-01
5.427335559685958488e-01
6.374619166902403267e-01
6.154163650566583099e-01
5.778866775494834185e-01
4.080087279307736958e-01
7.379720493563951544e-01
7.386698481031782615e-01
7.081188744326490925e-01
5.679446130483152277e-01
4.060828211703960688e-01
5.743905208896085135e-01
5.612123640544475212e-01
5.803252228212557595e-01
2.679167800006366784e-01
2.678218011960543099e-01
5.647564648064690163e-01
5.646670027156721616e-01
5.280867047730465336e-01
5.613407862058530373e-01
4.648083230212419203e-01
5.468173087061202198e-01
5.144905805078842098e-01
4.614733040610827786e-01
6.541427397809801425e-01
2.865026873628996329e-01
2.663067200559832703e-01
2.741324215620041804e-01
6.192222031626826162e-01
3.920717779189883401e-01
2.664311681275768340e-01
5.615415155215487397e-01
5.613128719016369228e-01
5.507862846127549172e-01
5.863820660247265337e-01
5.732009401246923597e-01
7.377891512027506815e-01
5.551757137540710429e-01
3.044906257479109701e-01
6.172013431706946385e-01
7.384990840346620233e-01
5.674610777303619180e-01
2.674960274576760333e-01
5.341992638453310072e-01
5.618137523038158054e-01
7.380274773161900059e-01
5.854126614630915659e-01
5.237479279021525214e-01
4.208786752992977331e-01
4.294099539947431876e-01
3.827853621202449430e-01
3.922922067003780655e-01
6.452114565812746561e-01
7.393209342474963419e-01
2.680869497946918867e-01
5.614062374380760501e-01
7.381718312945765303e-01
7.378929504061257916e-01
5.072148759632097992e-01
2.837021058433753518e-01
5.392676177259451142e-01
2.730639263716484466e-01
5.615714379189555849e-01
4.003029733596899509e-01
4.691248297586220195e-01
5.724813000289001863e-01
6.420531505789103255e-01
5.625760056369429885e-01
4.533349385138351062e-01
3.123964668076167350e-01
6.449650498682284461e-01
7.084622562087025122e-01
5.202381092589005718e-01
4.276426615705086753e-01
3.225988461654449302e-01
4.210255027022052898e-01
4.241339824830471783e-01
5.517714824893454884e-01
4.153649640324342807e-01
4.252608215914785994e-01
5.570854181867630484e-01
5.633071339550235201e-01
6.972197173401198933e-01
3.339560461533579439e-01
5.616619913633298378e-01
4.102519886331669752e-01
5.116535727230111519e-01
6.111032619105443153e-01
7.336254148831998778e-01
5.648505955674153478e-01
7.378801723773587007e-01
5.709077012677616914e-01
5.816328922851757843e-01
5.757509734076035057e-01
5.357448929248551650e-01
5.648653996389335630e-01
5.643548459089798852e-01
5.593007706149768499e-01
5.659049481155127292e-01
4.828994071547365596e-01
7.117050554003051532e-01
5.112387974335430574e-01
2.683118927158886780e-01
5.618095226124802943e-01
5.560178131973881888e-01
5.529506843661804449e-01
5.732769459798601197e-01
3.106224612296480947e-01
6.100789299740000393e-01
5.612764106770964379e-01
5.603546239071161006e-01
7.381441233836949500e-01
5.066916830195609123e-01
5.742224736392601558e-01
5.595913468095073950e-01
5.338357825765409626e-01
5.251082417806796077e-01
5.091893126194508845e-01
5.313082462890590385e-01
3.293189917295467617e-01
3.019127457233941603e-01
4.277590916939437160e-01
5.825299025857005875e-01
5.621586314582674992e-01
5.518419470157274187e-01
5.191215199985469431e-01
5.350321149499940310e-01
5.824399072363019014e-01
7.375442968687988543e-01
5.859605162766519104e-01
2.666485021200622474e-01
5.012703676455381174e-01
3.317402056763162910e-01
2.692676820481880173e-01
2.671203407014635656e-01
7.374543886184165009e-01
7.377942552978272728e-01
6.142781218042385749e-01
7.383807526288271861e-01
5.625016902088308957e-01
6.235093042087643811e-01
5.657544205099517276e-01
5.833402343816762592e-01
5.457144801301390125e-01
5.621189966318596021e-01
3.070916784952454903e-01
5.877741180615118077e-01
5.240634813216441534e-01
7.394412478461857008e-01
5.130920083507107821e-01
2.960799562641178162e-01
5.741569165582575129e-01
6.317361762549241755e-01
5.505857715363379201e-01
2.722925234137235084e-01
5.417827200852974867e-01
6.221976596446477936e-01
5.151347123626711655e-01
7.381985089475519013e-01
6.960084092438044712e-01
2.704593489195263323e-01
6.195238347584072214e-01
5.549795166047919448e-01
5.290524054396781306e-01
5.879326241107513118e-01
5.887551797038488299e-01
3.125957887034673255e-01
3.988295104501726751e-01
5.321483843913874523e-01
5.042767923664556173e-01
6.113854488609715698e-01
5.764020524878268326e-01
5.072821855842659655e-01
5.637119431042666440e-01
5.781022558993710314e-01
5.594472559821990210e-01
5.629570867530855338e-01
2.664262530898349746e-01
3.181554391152671135e-01
2.694940333430483892e-01
5.819861098843658320e-01
4.366227297172865507e-01
5.681372827265572800e-01
2.691729464353367907e-01
5.263285225456507677e-01
5.750902328173949085e-01
5.261032724301056840e-01
2.681130101573652724e-01
5.063770669168299321e-01
2.757492982255357328e-01
5.210989705861424071e-01
5.100942651434783315e-01
7.386662293662350498e-01
5.682100206844565848e-01
5.742172916616969935e-01
5.877907232933728965e-01
5.849139714511855104e-01
4.040144384154002455e-01
3.204794770792482317e-01
5.897916185490326146e-01
2.659592709586205972e-01
7.377008376657047117e-01
5.369389322289769284e-01
5.481581633331654713e-01
6.092222002143127257e-01
7.381675687155705434e-01
7.382062086823948377e-01
3.296857799123474875e-01
2.945005953314422387e-01
5.097680353291423883e-01
6.438079893761916583e-01
2.679576047018993878e-01
3.261003542598617799e-01
5.820307487812641511e-01
4.741828049515779409e-01
2.660418060981808996e-01
4.914701087039013427e-01
5.337869405417253743e-01
5.869039185276230253e-01
6.010894967261161126e-01
4.494927180963939617e-01
3.415320513027372828e-01
3.077068968025018503e-01
4.950764581679030218e-01
5.048124202563862850e-01
4.732203048269831291e-01
6.152277081261380287e-01
7.386224744864047231e-01
3.775034102839092687e-01
2.692386912807910315e-01
5.094873335585213825e-01
6.442547368151891884e-01
4.993441008128831626e-01
4.722114934844099943e-01
2.753876596584435288e-01
5.254096550804461252e-01
6.030087521403380002e-01
6.093361188115818949e-01
4.595260628048222773e-01
3.346488386906248391e-01
7.382622740635040870e-01
5.352953436378330432e-01
4.557386227774316012e-01
6.127979784979067368e-01
7.392347270197322517e-01
5.700550468029154105e-01
7.314604401449245064e-01
3.640103582519594316e-01
5.744815982227874374e-01
3.638125429888102169e-01
5.164344989309685996e-01
4.457187323721852334e-01
2.820425803719482927e-01
7.385411275658003705e-01
5.674551008536525831e-01
2.660861983238316242e-01
3.748410940376195599e-01
5.219312768639139399e-01
2.886337306742944309e-01
2.704167636925066120e-01
4.090365158384507982e-01
3.389088332533178316e-01
5.873175718876509910e-01
5.762714405796590666e-01
2.682986419937585243e-01
6.363340816082952989e-01
3.357506570282826064e-01
3.098620525650878088e-01
7.375113752533678513e-01
7.348571676557138499e-01
5.853285482934985628e-01
7.379301864241750719e-01
4.025177842633857472e-01
5.484049062404663388e-01
5.831396692930788106e-01
3.559140849117781169e-01
6.374181368704540107e-01
2.659072819227030759e-01
7.384323869671720608e-01
5.817547560469885637e-01
3.232288597311959721e-01
4.407196577465823939e-01
2.666628046555521991e-01
4.511557930407120720e-01
4.717742674421381288e-01
5.489584247100453007e-01
4.326108326569316209e-01
5.689931179414022822e-01
7.384286088483003052e-01
5.438413495923301033e-01
7.385403435418232965e-01
3.569822646596319538e-01
4.089314134997808492e-01
5.354295739417797018e-01
3.813026755582026861e-01
5.601218638713454379e-01
2.712589556216472020e-01
3.070012862201872972e-01
4.946608500070184822e-01
2.870796261099798907e-01
6.064828645230549986e-01
2.668786357570780976e-01
6.420619207361202285e-01
5.948741427943478044e-01
5.615623784365152416e-01
2.919002706832154459e-01
5.204323652429801994e-01
4.695023367132601377e-01
5.828070623496416358e-01
7.382928279483731426e-01
7.385803885166525307e-01
5.699374043877158957e-01
3.488438497526096249e-01
5.102856819896326446e-01
4.968030065224529612e-01
2.994876039953350833e-01
2.771929980208456823e-01
3.378932021523806672e-01
5.343863459641912117e-01
2.999864513082614037e-01
4.972558343999867181e-01
2.681477594512402529e-01
6.446542186135960639e-01
3.482596513930992788e-01
5.759025411422648011e-01
5.783860681031461892e-01
2.672816607900551089e-01
5.414984398360844775e-01
5.318634134736608399e-01
3.734962670134886475e-01
6.096440942743184266e-01
2.681199509217221943e-01
2.681972887057040844e-01
2.681943835121602393e-01
3.447558358721380944e-01
2.681571832633856678e-01
2.695040255511387262e-01
2.681046116771848564e-01
2.665440855658419705e-01
7.392910490056735506e-01
3.516324092664570022e-01
2.680281697765231619e-01
2.682001775313325731e-01
2.665132053704496462e-01
6.428988417657677257e-01
2.677258686256643871e-01
2.677092069301763022e-01
2.804410632426546646e-01
3.078043825067261485e-01
2.681697468875979262e-01
2.670137019829424974e-01
7.391883800819659678e-01
7.384312581912823026e-01
3.506639841042677452e-01
2.952687686150801127e-01
5.112140191394006772e-01
2.671709050238546546e-01
5.824924099954712498e-01
3.579053801199810203e-01
5.725704537522052773e-01
2.679335527528562411e-01
5.576062674827425569e-01
4.020534852658422809e-01
2.681985595732807037e-01
3.222509552803698996e-01
3.046866873584657132e-01
5.450028422482283696e-01
6.549462654595433753e-01
5.329974141847385605e-01
4.443091200287664910e-01
3.556459900481876990e-01
5.669832027599644997e-01
5.236102868073929661e-01
5.706382477119582575e-01
5.956945385552890881e-01
6.222649248913040276e-01
2.678228398805996835e-01
5.832119342662690498e-01
3.196893795896778023e-01
5.742581808484994443e-01
7.393153300770649583e-01
6.120101104335980979e-01
3.245025066712955431e-01
5.730130132982304003e-01
6.194059922183670075e-01
5.822161091900193153e-01
4.499705765926652612e-01
3.990136772213923599e-01
5.703396747302220682e-01
5.116373703232363068e-01
5.706140428481583093e-01
5.746160902024164407e-01
4.799599215337960745e-01
5.821868107961968297e-01
5.717436466975470699e-01
5.810530529947327549e-01
4.873499547834775347e-01
3.524451090666197994e-01
5.856142362288532244e-01
4.894097178210951582e-01
2.668151781229552988e-01
4.632905098174743830e-01
6.348607748594623512e-01
5.257181114471864980e-01
2.691239566985060838e-01
5.412838728030974211e-01
3.472798915032158651e-01
3.425264702176040177e-01
4.195193838152486143e-01
7.322779202043330216e-01
3.586869128657327321e-01
5.669028362263716092e-01
2.660743288767462578e-01
5.818278989076605123e-01
7.384284918560457545e-01
6.090361026619036666e-01
5.685922624657511193e-01
5.489580933074800217e-01
6.159743099031605995e-01
2.791632314322143316e-01
7.371812098455421403e-01
3.864757441222228529e-01
3.902122185968744938e-01
2.677470035977967400e-01
3.913285468605660067e-01
2.709042835860052678e-01
6.191334586849081001e-01
3.968471302970564829e-01
2.717443933804214451e-01
2.676430951795054081e-01
5.628417447476805613e-01
4.734688073556949095e-01
2.697852076441300539e-01
5.718467796554981275e-01
6.332432738362846480e-01
3.609242788363911658e-01
5.674231696773246458e-01
5.226350853828970466e-01
4.190288664019319875e-01
5.630663920226912644e-01
5.636162873940271378e-01
5.737332838864006579e-01
5.767656750991712045e-01
2.685742527146358083e-01
4.903721604353262764e-01
6.566172456168331006e-01
2.659357583665796221e-01
7.384153519408618305e-01
5.627463039181785920e-01
4.140936138380136855e-01
7.390304594996840448e-01
3.593433909887008282e-01
5.079669063923635264e-01
3.895348060150255476e-01
5.684314551953680850e-01
5.722256366962096275e-01
3.647779176628629383e-01
4.814542913861455942e-01
6.170512841767843426e-01
5.698175758016652548e-01
5.768715176123795363e-01
4.410354480053318427e-01
2.662290808230315942e-01
5.580486894717090474e-01
7.393183282330609840e-01
5.168174996355264783e-01
4.937994198229488929e-01
3.944892220826016760e-01
7.376154308345309607e-01
5.684046926559899182e-01
5.950172360847687525e-01
5.665123380831669220e-01
7.377363968589845111e-01
7.380825650709500474e-01
5.495535674864969744e-01
5.797275979907792198e-01
3.281492035777149874e-01
3.669798851997579381e-01
6.471605808157381290e-01
4.641918677449752839e-01
2.685320875999919754e-01
2.669179592882053309e-01
2.662506101686539228e-01
5.097785743409954939e-01
3.608281293296826675e-01
7.370328013113736088e-01
2.695820989960207026e-01
7.352752902877556229e-01
5.680866702309294025e-01
4.939820032227919544e-01
5.819023554457544156e-01
7.382085311704884578e-01
2.677005514579072210e-01
5.724534591461951649e-01
5.518063094346244979e-01
7.383893283977144284e-01
6.453794382125451756e-01
6.115760583822140717e-01
4.453040554332430845e-01
5.311095850307884225e-01
5.656565187072228884e-01
5.335044152580836752e-01
3.642273303376667437e-01
5.623016703144838591e-01
3.414211975591608383e-01
4.473896702860692964e-01
3.531262329009580703e-01
5.300328389418484942e-01
3.499761488301683654e-01
2.689401101784720249e-01
2.696773118103519273e-01
4.957098451089148039e-01
5.221392732848150198e-01
3.598828902564391585e-01
4.567553143537115834e-01
5.737142614100056992e-01
6.494004985545478448e-01
5.728062031970638790e-01
5.732162144999214393e-01
6.427091673319224041e-01
5.943005559112798375e-01
2.687227422299189317e-01
7.366008213731327636e-01
5.644351792538537804e-01
2.677403051473399853e-01
3.548264072513159229e-01
3.536916847822104693e-01
4.971959807972369250e-01
5.953090687999754715e-01
5.647035183133976011e-01
5.098017398171664771e-01
5.137237480696620340e-01
7.391084465155204342e-01
7.386334839540708019e-01
6.429133579387927844e-01
2.695478070149779359e-01
5.864248791670890748e-01
3.616184647470646052e-01
5.305913061948926979e-01
5.676237477576037138e-01
5.221195635896300757e-01
5.751569349073832882e-01
2.672152086334160792e-01
7.378835397404811536e-01
4.767984547547538532e-01
4.691006026021921071e-01
6.505506483706080534e-01
5.734900428745458578e-01
3.702121175440299949e-01
5.736615763806492962e-01
7.379042547523564366e-01
5.664227744294701994e-01
2.666256702607368578e-01
2.729378764110252376e-01
2.691921210127056208e-01
6.457279294648587964e-01
7.380954743528079787e-01
2.677686556274391227e-01
5.509298732297840395e-01
3.413787067988006685e-01
3.719713548337421627e-01
4.439671683956321058e-01
5.730543911518251043e-01
5.725525133988682569e-01
5.181233161424533273e-01
6.261206982194257309e-01
5.635090190329707927e-01
5.569037929203828341e-01
3.527822289491893137e-01
5.724151321625876587e-01
5.186168001612097012e-01
4.542999806699312138e-01
5.290980456507613505e-01
7.348890714345409636e-01
4.422854456309203153e-01
4.416186661639023847e-01
5.868215784042292160e-01
2.666422854311864543e-01
2.684184886391104974e-01
3.330607948323662248e-01
5.998533337701213997e-01
5.732137139231344714e-01
5.774366405549388181e-01
3.487407709476909590e-01
6.487355579875774270e-01
6.071785428638049043e-01
2.686624714233523670e-01
3.545107534851587583e-01
2.719192171251163526e-01
2.693181868533642831e-01
7.386129684540893026e-01
5.717784067013590432e-01
5.161125960319910000e-01
5.306569871196412658e-01
7.382753448837605648e-01
5.116256879177883965e-01
5.121357132608409524e-01
4.282693257160724021e-01
5.833276142386106811e-01
5.900973792314704314e-01
3.547197872567040000e-01
3.837307425018496865e-01
7.218005364909279020e-01
5.104156009375528935e-01
7.369406749102838106e-01
2.703273583379969813e-01
6.097100295417307025e-01
3.656852017299123125e-01
4.403497583511564728e-01
2.661785648804674831e-01
7.117090915244524973e-01
5.700476404051640911e-01
4.932995146517601959e-01
7.383521393978833558e-01
5.078656405668248164e-01
5.828862211586802733e-01
7.387803010830839012e-01
4.645852063041986391e-01
5.656427763060357661e-01
3.796987880882552457e-01
4.041486291086065497e-01
4.035188297409658120e-01
5.487671422178292957e-01
6.554525462933669111e-01
4.116500928089379396e-01
4.477657684442081232e-01
4.789514076994884628e-01
2.745732323879219172e-01
5.046229453586712488e-01
5.711351754851081708e-01
5.100627571132648752e-01
7.387622948645220511e-01
4.669745801487122927e-01
4.501583278428645252e-01
2.697236804025501811e-01
5.789227744432241529e-01
5.667796647209355498e-01
5.563078754190490249e-01
3.897771037975905073e-01
5.471023993447811096e-01
5.564896591807181325e-01
5.627250836664084988e-01
7.392607012792047350e-01
2.689045217601575555e-01
6.097894661103840930e-01
5.307676726564413139e-01
7.383323927386212793e-01
5.687752536291695860e-01
5.649893409209670869e-01
5.093488883451678939e-01
2.659290306190999487e-01
4.060591260521057011e-01
4.564837368072831580e-01
3.927968506465993603e-01
3.495593545141340575e-01
6.699492787935041882e-01
7.387607452562868771e-01
7.392929265286829477e-01
3.682491792646108153e-01
6.544243041330004562e-01
6.395269441078291761e-01
5.853912198879220874e-01
5.722045054964082222e-01
2.675756635211202217e-01
4.673364326298437565e-01
7.366155849883047058e-01
6.558971069186200209e-01
5.161165643742906539e-01
6.771215920006895539e-01
5.629034101027622361e-01
2.810567153501372095e-01
7.389979373359737425e-01
2.680849690485402337e-01
3.816867706525325366e-01
4.460723861369554899e-01
3.547278061992965581e-01
2.660545197380809745e-01
6.132065640183037569e-01
6.738225937373941710e-01
3.827216641129699837e-01
5.450448656992997742e-01
4.184334553901514764e-01
5.570219636455888690e-01
2.867604101217259838e-01
2.674103474275375536e-01
5.374439965423570831e-01
5.480288148955581029e-01
5.582126237799269752e-01
3.171989360297799432e-01
4.516554793762824205e-01
2.675976472489946523e-01
5.637971316961807311e-01
4.565941314827558495e-01
5.538026028053052441e-01
5.662413798265534259e-01
4.774819484579315709e-01
2.677913805214612863e-01
3.820879367221380885e-01
5.745191187934477473e-01
6.058916440669556147e-01
5.594665399100996472e-01
3.857108754075462831e-01
5.940367985333041556e-01
2.940944455815299174e-01
4.016864590004205482e-01
2.662865360707002971e-01
2.976316661115915863e-01
4.360578520944241032e-01
7.084402947629193648e-01
5.109727940504533716e-01
5.573333284456958303e-01
3.413108351106417526e-01
6.076163601280341053e-01
7.375492448102973775e-01
2.682236293085504819e-01
5.792454841874472571e-01
5.230725874299592126e-01
5.258391926650900494e-01
6.865370038055588209e-01
5.660711702223814035e-01
4.776933089432943147e-01
3.340960905131195591e-01
5.987973278065761296e-01
6.391965207077154876e-01
4.692826525548901007e-01
5.616863660824160664e-01
7.361529227826636435e-01
6.050663050257011344e-01
5.769635210035509720e-01
3.213804764977748474e-01
2.677335777113024617e-01
3.372551346537004391e-01
2.675509144139744944e-01
5.313701179000313024e-01
7.392497973535294697e-01
5.839890480240118587e-01
3.094338504954337599e-01
3.343824385507447872e-01
2.660246921532066211e-01
6.282087520297868766e-01
2.676187518303054236e-01
5.582432102364673909e-01
7.097375329556099288e-01
4.165345490266613715e-01
6.548712198571982057e-01
7.372531110081138594e-01
7.394157855275256264e-01
7.022093941860224620e-01
4.817699845715290863e-01
5.917710424930520130e-01
5.587617626494629786e-01
2.679803085044347166e-01
3.778625097401985267e-01
6.101422458504696111e-01
4.171666753706255726e-01
4.518984822227614662e-01
5.018435688793757565e-01
2.681311621631548014e-01
7.387730671258695425e-01
2.663442526873842087e-01
5.479527977296422270e-01
5.687452497214504632e-01
5.615935450915664484e-01
4.809033028329021131e-01
3.646584772499353311e-01
5.622503605907207547e-01
2.915192062352546243e-01
3.769929898367990195e-01
5.266621020994987079e-01
4.766751393962914696e-01
2.665834883928238641e-01
2.664295228295047169e-01
5.167981906001199999e-01
5.080717881786057655e-01
6.305888642219452667e-01
2.677228098281223545e-01
2.997998692143092891e-01
5.619944610066327506e-01
7.385256693803775585e-01
7.124898029190571691e-01
5.613047416470751116e-01
4.755020085055237100e-01
4.022346470960295739e-01
5.658234825918718736e-01
3.110550551064168445e-01
2.664714464918274683e-01
6.383064353842213823e-01
5.670689491513004610e-01
3.956052020659152069e-01
2.662025246008136170e-01
6.556085687614516821e-01
5.705346721438149249e-01
2.672397929626888491e-01
3.409866898254106937e-01
3.168447501798205002e-01
7.388249396419355186e-01
6.153623687419291777e-01
3.421419120766868716e-01
2.675157589910602818e-01
5.668288995205664760e-01
5.475349175263009016e-01
5.528732641872297071e-01
2.675528216154407501e-01
7.385804683471581811e-01
5.495687455698810009e-01
5.813446247535718481e-01
4.857429266726258632e-01
7.390570251420026660e-01
5.704724126389848493e-01
2.680592402415989950e-01
7.259405415911858173e-01
2.682501976213294004e-01
5.503051186959170282e-01
6.020803147087240292e-01
3.606238316733368920e-01
5.738505052610868296e-01
5.650437100616645392e-01
4.708007538008004977e-01
3.717409026308606257e-01
3.148129054633960200e-01
6.050617025875109078e-01
3.836112085143613681e-01
4.958543808123670460e-01
5.638353868980815475e-01
5.150170531590986256e-01
3.158980325784452314e-01
5.498546708170749531e-01
4.491377770779528822e-01
2.680121076265410962e-01
6.443725796516401871e-01
7.098315319574477478e-01
5.464236612709095775e-01
7.382669103894550222e-01
2.666328437236938353e-01
3.812939371236997443e-01
5.628107899982832674e-01
7.394966606589273850e-01
5.733632073365108051e-01
2.695683426981314024e-01
2.790903373158382661e-01
5.849658198137807075e-01
4.561666280263657058e-01
2.660644479318592381e-01
2.683198866644976310e-01
7.374176283621276529e-01
3.712501647256153392e-01
4.414627056806110228e-01
5.630297538857929052e-01
4.917307059101597155e-01
6.432090171822704150e-01
5.654270775359152568e-01
2.725290125584778345e-01
2.690694534989787612e-01
5.453232442349126297e-01
5.625334048783893204e-01
5.400469134433889540e-01
2.668260677924008117e-01
7.357889387587627228e-01
5.725083667395953757e-01
2.739995251145898036e-01
5.600105071456412675e-01
3.003045635007366432e-01
2.683550956456330905e-01
7.341820090761489448e-01
2.660150393302443406e-01
5.831620724398893785e-01
7.383500224172252491e-01
4.581598039339805362e-01
2.722756250466832895e-01
2.666943768000472614e-01
4.988957629949821171e-01
3.506680723435973146e-01
6.321455959157317173e-01
5.613703542964896265e-01
5.858564727549481210e-01
2.676350860352462724e-01
4.927134920185320954e-01
4.637395954573838019e-01
5.638421310499932559e-01
4.599151545242149419e-01
3.604350787960370894e-01
5.060240737885607354e-01
6.053648445745365425e-01
5.600439387246077816e-01
4.707244321403299403e-01
7.389057632146173171e-01
3.366392534305631123e-01
4.648782149449425805e-01
5.727088628799171799e-01
3.341625145929615903e-01
4.823928552405044590e-01
7.352251126007591786e-01
7.388193474063142752e-01
6.100179986413007960e-01
5.704673160015594213e-01
6.136555272153176865e-01
2.793886181201351571e-01
2.699056434178384034e-01
5.487117334710309713e-01
5.358005844523470174e-01
2.711046336337566420e-01
2.682410210452695343e-01
7.117286726434757238e-01
5.781142892782076270e-01
6.518577677103110091e-01
7.387146432992807155e-01
5.000521876798250664e-01
3.277405038948626448e-01
5.256074570170236049e-01
3.348529120157092698e-01
2.670832165919277412e-01
2.700524991680694487e-01
4.502197312606583957e-01
5.073067191274507337e-01
2.765879840644312471e-01
5.151959548705044023e-01
6.005777801484238898e-01
5.748465956096444618e-01
7.386426045056041501e-01
4.078753595752095396e-01
7.373587518556091736e-01
5.233841851841078974e-01
5.713095214581583869e-01
4.844212341947690681e-01
5.294114257297076742e-01
5.027419095882964539e-01
5.708024877303228273e-01
7.387573587734269642e-01
7.387731215924800976e-01
3.275555107592379445e-01
5.851443548689916341e-01
7.378306402763422644e-01
7.382411451312439477e-01
5.733095455396214346e-01
7.351326814333275506e-01
2.681474344775843788e-01
5.855184784782804241e-01
5.648285214863559833e-01
4.842448968865818437e-01
2.680278766747709041e-01
7.240821638690624340e-01
2.658113568900016821e-01
5.321940816459270751e-01
5.343204292176705339e-01
3.607633616649668085e-01
7.356862036573735830e-01
5.541889836850006912e-01
5.621530349050889441e-01
4.627502231652744213e-01
4.382169660356111107e-01
4.686368143213519022e-01
5.677911420086677596e-01
7.383749075721068866e-01
6.152045485860294649e-01
5.672748328576563415e-01
5.107760996559208566e-01
2.696261587438527063e-01
5.936195415161521494e-01
7.393604936255538940e-01
3.020308729655020730e-01
4.957201327494189513e-01
7.375183671444592859e-01
3.336668527060510647e-01
7.354657728299190955e-01
2.683148256525916819e-01
6.547182827895910995e-01
3.882808354185154354e-01
5.660185682789982131e-01
2.668127790929158971e-01
4.276063581524691681e-01
4.530958375730437249e-01
5.749634912644167040e-01
5.365232079606430116e-01
5.729285260232199750e-01
2.665225304058824740e-01
5.276076146484929286e-01
6.003378952984745887e-01
4.384775508660511134e-01
6.120865365351511045e-01
7.348646091603024955e-01
5.424812252188008221e-01
7.392444968216737022e-01
5.727914112390678492e-01
2.692189217152571312e-01
5.035930820385144946e-01
4.568249009800073868e-01
4.619162622399062834e-01
2.699390150523336973e-01
7.381391318148055047e-01
5.848813467377542707e-01
5.849622265419838207e-01
4.236478856161524642e-01
5.520518563082527086e-01
5.542832215416066965e-01
7.382332617511534467e-01
5.594097035910670090e-01
5.389478015273168054e-01
5.744653536009405315e-01
5.189042018006775336e-01
3.763449865927466775e-01
2.679405758440808194e-01
7.392086707886089680e-01
7.387566515387677946e-01
5.436966924772679288e-01
7.319788580158823610e-01
5.721289530597571948e-01
6.250095696066819695e-01
5.680205671652883703e-01
3.539905313943898513e-01
5.390794828316698428e-01
5.700095319093474444e-01
5.850922903392703489e-01
4.028400473476778654e-01
4.963066512461867807e-01
5.433250685831998439e-01
5.352398992210039008e-01
5.621706106782433654e-01
2.678797149308101422e-01
5.738844574119681408e-01
4.839293287434501267e-01
2.677428024166261800e-01
5.720526473827145519e-01
3.839992024204894605e-01
4.319922231627869036e-01
7.391172342378007354e-01
5.406047060108114533e-01
6.046163019806647387e-01
3.548517054560928474e-01
7.380496960390062755e-01
3.803461707563515759e-01
7.369642391427544403e-01
5.728493623345961572e-01
2.666240204681823989e-01
4.691771229737341509e-01
5.652126795965787265e-01
6.007395755593420983e-01
3.412816954424284233e-01
5.757888478880210936e-01
4.924926984604732216e-01
2.663339644533838091e-01
7.341328748141808802e-01
5.591719259621843463e-01
6.247569124068816926e-01
2.681691111954090379e-01
2.662034233945218542e-01
3.340917315394338893e-01
7.381893843695481738e-01
6.558668326164991402e-01
5.649895564813232074e-01
2.658913156749472817e-01
2.662868895175924955e-01
6.414541487447167345e-01
4.580059764531019262e-01
7.373608749141592478e-01
3.863204315639066633e-01
5.601508669342850633e-01
3.776496726806583548e-01
3.902900811561855199e-01
6.273842119675455686e-01
5.392969576458912506e-01
3.740031881012146342e-01
7.393788492954243008e-01
7.355045549571390673e-01
5.643636564626687280e-01
2.944362081503889561e-01
2.710165183828475710e-01
5.521248159234974917e-01
2.676441607591728000e-01
5.599091192075588141e-01
5.094808019582413028e-01
3.705678725263495399e-01
6.387165365301308295e-01
5.757386945361472330e-01
7.390065883166662131e-01
5.882958149489482258e-01
3.660733113463727761e-01
5.740643680088536316e-01
4.740024674843013597e-01
2.666629572560251793e-01
2.686093712405850931e-01
2.734925001117244903e-01
3.786851684261624551e-01
2.667152460791748503e-01
5.767598401558495791e-01
6.340809120026248413e-01
5.753722261042506503e-01
3.944184911445954289e-01
2.681927995998703018e-01
2.701559559781057662e-01
2.678721062254493246e-01
6.301254452776858805e-01
2.962313832564337779e-01
2.680685724123808567e-01
2.792024190249033366e-01
2.680489671319913336e-01
7.386479520188828918e-01
5.263293497772082441e-01
2.682008686891567684e-01
2.671225272971080034e-01
2.671253189461659239e-01
4.990011386341364763e-01
2.721012016721053306e-01
2.681345230604471608e-01
2.682013823710275857e-01
2.681882494427090258e-01
2.681422335996240802e-01
2.680263350827877256e-01
5.503894078600585216e-01
3.098728746784860100e-01
5.680444555939855311e-01
6.416841356017897180e-01
2.862727681472481134e-01
2.681596398428631178e-01
5.945594496769889270e-01
2.681800686250744858e-01
2.681247626170089049e-01
5.327614794093243900e-01
5.593573413092035596e-01
3.299544946869455986e-01
6.462136374721197951e-01
2.675732011201638061e-01
5.627234420524254155e-01
2.660288622640842870e-01
2.664623694437633361e-01
5.907517375689055328e-01
3.567520167139131004e-01
2.743555047534898539e-01
4.200424588552046923e-01
7.105463925955323168e-01
2.714303885075549649e-01
2.828549939856238593e-01
7.371720284583427318e-01
5.303575001932083754e-01
5.671055992855814631e-01
3.844874833850749352e-01
4.382140775450418246e-01
4.570342641773730841e-01
5.546001484328281217e-01
6.545800322180430619e-01
4.580697737449441753e-01
6.548335876245795495e-01
6.188755103962574333e-01
6.070030201885171506e-01
5.840215289054483394e-01
3.373498881964533958e-01
3.496497483644763205e-01
6.424454767058701554e-01
5.096538160684980223e-01
5.523045697646437047e-01
4.722840860623926384e-01
7.365614253622977392e-01
3.687500041643825277e-01
5.280599018228743224e-01
5.554616656684279175e-01
5.730945802822696722e-01
5.727870006164295091e-01
2.707981472779876775e-01
7.377431741998907722e-01
2.715349771857427097e-01
5.635867327881570743e-01
3.601376788093842429e-01
2.934780984343102195e-01
2.709630038242463734e-01
6.609910263169008759e-01
3.289364237838702798e-01
3.579896661581793982e-01
3.541651533521055772e-01
3.608736794869742415e-01
2.678169474372300018e-01
7.351506275557890824e-01
2.890709009777819305e-01
2.924621042658286929e-01
2.684990946459072103e-01
5.627657570504016604e-01
7.391509152733547472e-01
2.691101506216941330e-01
5.783199805891091616e-01
3.769832075835722884e-01
5.613150094351806452e-01
3.421223774302813436e-01
3.978605359108702277e-01
5.728341666725876857e-01
5.295730638837994331e-01
7.391735559256601418e-01
5.539514601257157222e-01
5.762418419325614494e-01
5.699831837457809414e-01
5.844165169084228895e-01
5.586645656861001230e-01
5.820071729669505922e-01
5.613912875660843627e-01
2.667802381228841502e-01
6.222096876382328112e-01
3.072839457419753173e-01
6.399836148672443104e-01
5.567682240261951909e-01
6.077983502292131357e-01
2.708813717949867805e-01
4.468158400219721660e-01
7.333181781025176482e-01
4.598797047175372521e-01
5.776203982384705560e-01
6.325406259305919043e-01
3.396927954265978600e-01
6.038331488006565273e-01
2.662975558631320294e-01
2.667176865529379270e-01
5.628107269029297699e-01
5.705131449983250613e-01
2.684228472350281836e-01
5.627129205361862674e-01
2.758359065650145547e-01
4.456741696277118359e-01
5.586963212198927664e-01
7.383183155599858383e-01
5.618266572484988952e-01
2.680989366902049031e-01
2.692934756203882452e-01
7.386233551744386672e-01
5.694637229484960095e-01
5.656287655561376138e-01
7.281018159891793351e-01
6.011791000939107343e-01
5.400929564200659394e-01
4.631176241442623853e-01
3.399133526450426879e-01
5.616609574770072832e-01
6.613155237422637667e-01
6.123544351083054504e-01
5.644530354713152009e-01
5.617069631878912617e-01
2.973414480314368613e-01
5.898147716077257741e-01
5.718128902824279880e-01
6.060267852445759829e-01
7.373246071315424643e-01
6.821030966689605179e-01
3.904946711419043370e-01
5.626515001224334789e-01
2.659396715616844653e-01
5.703961831901442903e-01
5.761206762399421200e-01
5.024377928914272040e-01
5.732547675924870578e-01
3.500817437091679474e-01
6.066684970439375491e-01
3.824906566526772300e-01
4.627475257909807738e-01
7.378247141530054343e-01
5.225758286333969105e-01
5.892683299546019882e-01
6.551361314552466286e-01
4.842236474460663298e-01
4.530250953102242240e-01
2.664928228627186924e-01
4.927186821152598761e-01
4.046541457030555788e-01
5.111058025983326036e-01
5.923428912000355817e-01
4.681459618584328797e-01
2.678512480312803534e-01
4.172608721880875504e-01
5.111688813940132858e-01
5.513210185239950656e-01
4.308879126328365450e-01
5.613494849019776689e-01
5.323490478753272193e-01
5.586234012579633923e-01
4.967915304919622854e-01
2.948932397878388789e-01
2.676765948418378671e-01
2.967342677716209298e-01
4.579385471810432096e-01
5.445431919282983646e-01
5.544049893976492616e-01
6.487673526753729991e-01
3.767703734270080873e-01
2.704202742781900981e-01
4.499564305039276957e-01
6.220614037301834820e-01
3.382798298295292549e-01
5.842806356082843600e-01
5.596178710285861779e-01
4.531734425688035417e-01
6.531322013231954937e-01
7.379425354577969776e-01
2.766351371178203400e-01
4.594961686653677435e-01
3.523216515113845593e-01
5.387261423703609831e-01
2.678341238258674095e-01
5.406598919468674769e-01
3.458211796160495788e-01
4.387557383629900887e-01
5.967862678944084731e-01
7.300966493908011001e-01
4.540661680650531773e-01
3.266699561362479409e-01
5.868449004288944781e-01
5.260683637118637179e-01
5.529402863164128989e-01
5.546248165020432053e-01
5.950251554635471729e-01
5.518887138483559163e-01
5.942782065940973579e-01
2.689512651409544652e-01
5.493102724448957197e-01
5.169520041010946532e-01
4.949116090433905990e-01
3.697309218966067790e-01
3.696242396906048167e-01
4.925912327551362768e-01
5.653124605157036076e-01
5.449257562859133319e-01
7.373259308285059488e-01
5.997819446914742780e-01
5.955205469954863995e-01
5.874579583022744300e-01
2.704987544214014772e-01
5.846729550992424418e-01
5.874796195776791352e-01
5.614653192468138654e-01
4.946067219662831915e-01
4.638631613226125716e-01
7.379961364626522746e-01
5.067533043381440283e-01
4.915792891647402518e-01
2.694441540358089027e-01
2.672083079671055961e-01
2.672468641612187334e-01
5.233828359609721259e-01
4.571940337024618106e-01
4.686485164302580109e-01
2.662195794807037386e-01
6.401090835203904206e-01
6.502299630952133036e-01
6.073715359600400099e-01
3.635685808917931694e-01
3.544916846519896025e-01
4.906096454397653184e-01
5.576266245590326687e-01
2.783277242225625780e-01
2.697378015362716930e-01
5.667763108825771834e-01
7.385020152374643931e-01
7.386693098602234997e-01
2.664749422468434270e-01
2.658800765321901460e-01
2.659077051861779561e-01
4.415621647298962893e-01
3.751112586726943476e-01
2.677104277081167050e-01
2.678124986220177250e-01
2.667999734604333262e-01
2.666018999636476927e-01
2.661963732282247586e-01
2.722226161002588296e-01
2.705794937664385835e-01
5.719001977398914249e-01
3.580877768681178797e-01
2.913301321734076965e-01
2.756976598179478599e-01
6.483917710441955418e-01
2.670989742980994786e-01
6.016230487551459394e-01
7.386851452733952383e-01
3.889272324127475144e-01
6.460330317940431444e-01
6.376686677262375369e-01
6.327366796600030208e-01
6.157158863960688899e-01
6.077529699915558137e-01
5.850974015997958411e-01
5.563124546448858787e-01
4.548120277605670614e-01
3.879098769172345529e-01
3.136160883776581421e-01
2.705510703297380193e-01
2.668446128245136606e-01
2.679046548108401926e-01
2.677773638439988058e-01
2.677966376934325932e-01
2.678168527978757041e-01
2.678241575069122415e-01
2.678224217277105357e-01
2.677957759848856867e-01
2.675770728818708810e-01
2.673427352947920776e-01
2.669822072031656779e-01
2.664004948460418909e-01
2.666707331697784622e-01
5.779940168712770499e-01
6.559487254632845321e-01
4.903672459105800630e-01
3.780506004961114996e-01
7.277035742774474736e-01
5.143106638881114190e-01
2.663893177149292968e-01
5.977476421055210043e-01
2.674717368923345551e-01
2.888658615974228350e-01
6.438036824307732386e-01
5.397365673674039410e-01
5.216277181022633824e-01
4.905821363009407188e-01
4.157608832182303482e-01
3.425420266766636690e-01
2.659111673934581588e-01
2.659448863413546582e-01
2.677537107154741025e-01
2.678261373868005002e-01
2.677715287720615067e-01
2.677387893084517967e-01
2.676712401287910659e-01
2.674497982046999955e-01
2.671431915030799131e-01
5.343662467723953036e-01
5.306334071789851059e-01
7.379413928029192604e-01
3.333561070000863880e-01
5.647114834789200843e-01
2.661547862810090814e-01
3.902353679937469177e-01
5.732024151013824786e-01
5.644495966591258629e-01
4.528113003863602493e-01
5.311979771132396833e-01
7.389324690658185535e-01
2.861373088138440268e-01
2.667410392156751020e-01
4.910230746995464801e-01
7.388340076787353050e-01
5.787393466266504971e-01
5.723013360914834813e-01
5.431221192467987624e-01
5.723097970699284609e-01
5.011884955043921508e-01
2.688343441790299604e-01
2.678894250578716107e-01
2.724374116714535221e-01
5.760361259320984084e-01
5.646338804983266346e-01
7.386446421078384228e-01
2.699051967659489293e-01
2.671112705112107522e-01
7.386627852540816885e-01
5.294489617665845138e-01
7.385118212815557914e-01
6.686763800138262326e-01
4.190961133853259857e-01
3.572019673217869951e-01
2.696227670493042683e-01
3.853686083751762803e-01
5.754401687024759404e-01
5.903024086899028022e-01
6.249190065582944653e-01
6.566970879156549534e-01
3.873281377268943948e-01
3.709299433618005737e-01
2.662226336036612739e-01
6.090469488047273172e-01
5.190936554106388989e-01
7.386668054902725267e-01
7.129562517207808092e-01
6.427351972642638689e-01
2.895271549936599964e-01
4.547281288355349838e-01
3.919793771086084733e-01
2.673031428603328541e-01
6.795109844310976976e-01
3.333249614342699285e-01
5.837613680554440965e-01
4.641971120544803320e-01
5.319060673394634398e-01
5.646894436114801019e-01
2.994445493972152095e-01
5.732112719856263805e-01
2.993799571338426890e-01
5.212134019043915822e-01
3.286326533368322256e-01
5.374884470228623590e-01
7.375872894986343908e-01
5.840904870893247613e-01
3.299665051697912022e-01
3.515210945348768434e-01
5.468050161835950052e-01
5.846014600962569085e-01
2.682288086275125827e-01
2.659120571510293352e-01
2.660482950183321038e-01
2.709119841497522052e-01
5.833329539198330860e-01
2.669187311615882630e-01
5.685559588371238426e-01
5.906687821221958679e-01
3.162219370131102436e-01
5.665461987734187188e-01
4.687511788653885292e-01
2.861734619325135287e-01
2.666247438925112845e-01
4.713250457524137405e-01
2.965681819846021083e-01
2.691515469812248429e-01
5.881841239427972878e-01
2.944225978115391773e-01
2.745344017863259323e-01
3.670796676121433899e-01
6.502370941119610670e-01
7.369235651118742902e-01
7.386502514558906940e-01
5.198236452907600835e-01
3.120136711762466764e-01
5.572627212778837880e-01
2.666407814260604026e-01
4.913532521649985330e-01
3.819190283129185182e-01
5.870862988313392261e-01
3.749691178282851811e-01
5.517451246945519472e-01
7.300989031918382333e-01
4.680980518960484726e-01
7.376783256302414937e-01
5.644841119969632448e-01
7.383513067939724284e-01
2.679408980841890275e-01
6.246891244949389632e-01
4.967211390225645395e-01
4.340272488149543029e-01
3.142211142529310330e-01
5.050159175852632076e-01
2.699502936206742976e-01
5.622009208526189683e-01
7.387644890288712629e-01
6.169779076714964061e-01
3.656070349312246504e-01
6.019592398553703649e-01
7.379394444862791280e-01
2.701171004608785009e-01
5.829386802993737904e-01
5.560557472711616933e-01
5.953235310811891834e-01
4.490564226416178251e-01
2.683314379611873024e-01
4.372278466466270608e-01
3.846459446635021595e-01
5.716551018127221662e-01
7.232369030408943855e-01
6.551209130345639897e-01
2.713105666217173750e-01
2.965137528564728009e-01
6.184923189191194881e-01
4.853734734955076346e-01
5.721984352652099703e-01
2.907874313851797621e-01
6.958411032153144493e-01
7.311197613110402838e-01
6.935839781607021637e-01
5.555911102099899690e-01
5.700702979512551893e-01
7.376756455738071594e-01
4.087788237152731874e-01
7.098902931682131712e-01
7.377023720513462557e-01
6.054112015474764075e-01
7.393823808983531753e-01
2.837905595454833230e-01
3.985254945192933662e-01
7.230563109309092740e-01
4.941091873889418284e-01
4.099230903802574821e-01
4.554483935650317505e-01
3.678000068451921512e-01
2.674963667981138937e-01
5.810228734318951815e-01
5.019202829118397657e-01
4.080071726447906388e-01
7.389667548563114696e-01
5.614071737747940993e-01
4.825633060016278897e-01
6.025265324739977890e-01
2.681658144656691167e-01
2.668222692497284054e-01
5.634432859868991894e-01
6.509210200020446591e-01
4.903994710914635347e-01
5.973922867667208481e-01
2.711282790725927372e-01
2.660775904178744322e-01
7.383149637878796412e-01
5.560726512877252059e-01
3.543946797236182666e-01
5.654370602079175079e-01
7.362400651630155446e-01
5.336476224857633621e-01
5.658823647946372715e-01
5.496556153579186255e-01
7.391518478628635869e-01
7.394777456375971614e-01
2.666668990018478125e-01
5.687534806750782490e-01
4.593160481151067898e-01
2.659898972072033962e-01
5.126587833183220422e-01
2.680218040072886443e-01
4.286392246198876821e-01
7.387866575571298000e-01
4.681003334803885974e-01
5.469634108196995692e-01
7.386458881890126671e-01
5.191193868808572365e-01
5.604789673091644664e-01
5.915513831868554062e-01
4.491500272515125403e-01
2.657242790669074872e-01
4.786304757552216071e-01
4.794903377198940775e-01
2.727156450193037873e-01
6.062118276380864534e-01
2.657262531866492195e-01
3.182433527472028900e-01
4.739306442943151954e-01
3.022716877775880606e-01
6.710896178967722392e-01
6.386124189703648035e-01
5.468745527699299114e-01
5.251617151758782853e-01
5.840019793836881412e-01
5.576519062520560732e-01
5.366491479642797602e-01
4.530489878558003891e-01
5.915128720825272302e-01
4.208401542892525882e-01
5.303567704318603582e-01
2.681693065683275479e-01
5.733334327892024573e-01
2.675295839315858792e-01
3.507116360600709970e-01
5.508883877813984808e-01
2.734242089778691764e-01
2.663083443121171401e-01
5.563439310742752664e-01
5.185807935732452689e-01
3.933003967190748518e-01
2.665501932307583477e-01
5.466712168283256457e-01
5.885428682072333384e-01
2.678819896901082909e-01
5.759242328332806471e-01
6.053197194046812113e-01
5.874836949695273480e-01
6.102075857712240259e-01
3.724978055056028525e-01
3.278454962602185829e-01
7.078000771030227289e-01
2.679703544959639028e-01
5.559121574943306499e-01
7.387931557532844140e-01
2.699985502910514090e-01
5.429902751184726428e-01
2.767832569049278879e-01
5.349821493309107057e-01
7.379767342309140332e-01
5.766377098554883451e-01
5.161785147873837465e-01
2.679441418497078842e-01
2.769631689443163847e-01
4.950462307975659892e-01
6.040685265380243418e-01
3.432754315034895476e-01
5.131451513046358937e-01
2.664474795291815745e-01
3.732809285421155310e-01
2.782171585313739093e-01
3.867608416581049813e-01
5.646667874643508389e-01
2.677186464104506780e-01
5.802964751978906266e-01
5.283209754022342164e-01
5.665277808671724813e-01
5.661652255868027117e-01
6.956788181487962852e-01
4.221710933924323061e-01
2.686234730564948658e-01
2.906355080711154337e-01
7.315218750426830674e-01
5.836080029614798548e-01
6.764209183968084016e-01
6.272208648406680798e-01
7.122053286729692623e-01
3.149242540211248387e-01
4.205162584639873802e-01
6.199020467495170994e-01
2.711597355209283133e-01
5.092392322780623370e-01
4.919672511393203274e-01
2.678065404325032928e-01
2.679404300369407910e-01
2.681585014853117843e-01
6.169343211447004816e-01
2.684101187808187183e-01
3.634656740976749401e-01
4.402097949591632919e-01
2.660513066123443293e-01
3.005154776787843929e-01
3.907255523975207145e-01
3.563648048639759258e-01
2.682105988417085585e-01
5.167064105215367631e-01
2.663979449260932553e-01
2.678092749738038569e-01
6.040221523128693759e-01
5.290815510981042857e-01
2.680153704518484226e-01
5.879350460514363164e-01
6.043274220948766651e-01
6.169377349822200429e-01
4.282160464943693401e-01
2.667758287222279923e-01
7.373029341330706865e-01
4.968212209198786256e-01
6.238684112714920627e-01
2.693541221223351712e-01
3.595408576881201079e-01
2.678925630130195024e-01
4.727109639831559851e-01
5.956459422613036292e-01
2.676457293069082755e-01
2.678944407175704034e-01
3.514009665152243445e-01
5.861639402192010406e-01
5.958060107120735083e-01
6.214096796605208528e-01
5.948577507644725593e-01
6.032242775560012760e-01
5.650837183040737788e-01
2.687322167649539573e-01
5.456769385758231117e-01
4.570081401974054325e-01
2.667622524580828824e-01
2.666744090280507851e-01
2.759021722321243764e-01
5.897035179546822325e-01
4.249932835449344304e-01
4.439141025336513224e-01
3.756298582695882238e-01
4.515548082467376600e-01
3.716796948404967882e-01
4.668133027357136422e-01
7.347548824007955615e-01
3.642960766088320090e-01
7.391226833638434579e-01
5.455458684923885082e-01
5.527379779573273755e-01
4.616097109322224168e-01
3.046700485754210153e-01
4.644175711671353901e-01
6.185806965646475364e-01
4.368353296320680590e-01
7.394984051956794424e-01
3.587738868143987570e-01
4.952240877529205942e-01
3.267764315762940464e-01
5.884870863813520536e-01
2.672030679917313800e-01
6.936334397297069243e-01
3.964584269345390322e-01
3.619202169675256320e-01
2.728288670310339281e-01
4.900314770327304781e-01
5.649965945782128296e-01
5.608794849217405565e-01
5.446042698357301814e-01
2.729585959066279655e-01
2.664391356086716067e-01
3.599218356441534761e-01
4.356814321780708155e-01
6.040767288398208867e-01
3.832110679095767636e-01
4.832869417546095669e-01
4.811185518371592362e-01
7.385315506334921842e-01
5.615740655064535014e-01
7.295554572845919239e-01
5.050714938670853860e-01
5.608840180144125664e-01
6.329911499138857200e-01
4.316783471593048094e-01
2.677512054262153884e-01
5.663971021119303950e-01
3.941830209840735955e-01
5.287159666195232477e-01
7.107144025046069347e-01
2.909453063887546542e-01
5.762561922834018580e-01
4.529833526880938099e-01
4.698694598724237337e-01
5.523493746762920820e-01
4.033911046373994669e-01
5.722567742317021811e-01
7.345546428619799117e-01
4.517021750677304714e-01
4.791020331736471349e-01
5.795150181205205309e-01
5.624631897427225802e-01
7.376885225234967036e-01
3.763628188494859694e-01
6.093150591206621947e-01
5.630157818991210483e-01
5.696741878121697189e-01
7.385371246931854428e-01
4.866392787697724764e-01
5.520514846893687100e-01
6.072265102339754472e-01
5.484368392330349895e-01
5.832162635953686003e-01
2.680620730786876793e-01
3.021750070965000257e-01
5.856596129791293848e-01
4.932307522241898279e-01
4.521520526047445032e-01
5.823649930764999150e-01
5.648137475737173840e-01
5.428153517613831802e-01
3.775355292484558478e-01
5.575337446185986146e-01
5.025050804451154374e-01
5.792274059565593047e-01
5.647897438180031759e-01
2.839999834462564876e-01
5.056973097765630198e-01
7.393767817791485619e-01
5.830978412326404126e-01
6.543726239911662468e-01
5.223019074789262417e-01
4.725598220798888915e-01
5.712501937411892383e-01
5.667873794771632889e-01
7.390698035303594482e-01
4.900959113580235504e-01
5.186905730383575275e-01
4.966483558697721845e-01
6.025530731736057355e-01
2.675118348735112117e-01
4.790021089405229193e-01
2.929957959206203055e-01
7.057328153334599952e-01
2.659060145325989888e-01
6.172162022230399669e-01
4.801202870732119155e-01
4.021069447687333209e-01
3.803572561699658516e-01
2.663853476913822238e-01
7.385103346942493152e-01
7.389600642578615375e-01
7.385331183495417173e-01
3.486331696240635436e-01
2.698082961037848726e-01
5.630631794134842716e-01
7.375307691271948407e-01
5.770680539705713707e-01
2.676946093510109148e-01
2.705747145877263060e-01
5.398555042274414406e-01
7.227535904899915487e-01
7.394513359259344831e-01
5.240707776191230183e-01
2.993542019692450595e-01
5.856019437241761771e-01
5.783832940862071448e-01
2.661573705939182521e-01
2.822100460417059087e-01
5.530755284291336560e-01
5.339371083358448455e-01
4.925100394300546136e-01
3.868554419625285234e-01
5.621384035445328164e-01
3.587762195116601105e-01
5.430268468053092157e-01
6.608306068953573309e-01
4.797385617524211887e-01
5.414399992539838946e-01
4.224713705515169004e-01
7.094812739944652558e-01
4.777736302073354313e-01
6.545615417568669825e-01
4.309285895197457750e-01
5.896979434753472082e-01
5.429088152425943781e-01
4.839710227025454947e-01
4.559361543243646286e-01
6.002467194749742108e-01
7.355417130638441936e-01
2.717501117484623641e-01
5.641107675434577917e-01
2.665780058025761790e-01
7.357014638896970382e-01
5.548288545415935857e-01
7.386448635819458097e-01
5.659447203071816812e-01
5.844783779885376340e-01
6.352727086288785241e-01
5.072443801194477242e-01
5.094333275565782193e-01
7.395214151592074403e-01
4.117296839017461907e-01
2.657801661759172096e-01
3.888572652199421831e-01
2.662459480760340780e-01
7.394532485215344897e-01
3.600320621549090716e-01
4.182471641945474938e-01
5.662931861298177161e-01
2.657177342607541792e-01
2.683197054516368030e-01
4.115786085121808102e-01
4.769767992698100145e-01
2.663261490933735987e-01
2.662185627406508659e-01
6.162034821638333604e-01
5.651625609397914474e-01
5.841123535123934341e-01
2.687505556981967247e-01
3.520970409867625883e-01
5.455588348189496228e-01
3.607703809982911181e-01
4.140563155820550789e-01
6.391584587310674692e-01
3.891575283333807977e-01
4.791741027503404471e-01
4.143221621304588043e-01
4.059870415562130685e-01
3.818044109423385790e-01
4.909859390274828872e-01
4.482853340240193218e-01
4.075333843841196235e-01
5.455859178557006528e-01
5.856399282922106764e-01
6.374222200753424383e-01
7.327947750659401516e-01
6.087934969346686653e-01
2.742300722503863697e-01
3.038138924496515125e-01
5.220357826921716571e-01
5.375037779044764541e-01
2.678549474837702005e-01
5.551437999209807295e-01
2.658924833839055868e-01
3.139671008195087931e-01
4.782366729450427401e-01
5.140760939607096347e-01
5.662377986284080622e-01
3.447269212543733752e-01
6.315919807227691196e-01
5.766374050823583897e-01
2.927614419039133997e-01
5.236678901272372455e-01
4.294012923290987382e-01
5.441291580442232378e-01
4.684766939228680593e-01
5.909022109975435866e-01
5.866116520656549094e-01
4.386685875333438678e-01
7.391043077029464392e-01
3.512346241741123309e-01
2.800192805688112019e-01
4.935664447670317090e-01
6.276372877380250737e-01
5.323029847338962561e-01
7.384719379331690092e-01
5.591325464250621602e-01
3.244945299612909118e-01
5.601294237466200032e-01
4.791190216433514060e-01
3.400794150438224417e-01
2.711005147445328389e-01
5.786585022283819990e-01
3.090889331483925861e-01
3.663558495202376974e-01
6.435369089846108004e-01
4.345907137168897871e-01
3.258629211024950956e-01
3.987715574025316179e-01
2.678454343522979064e-01
2.679785259520193197e-01
2.675629741178770504e-01
2.682593541776395196e-01
2.665335513020034575e-01
4.958677617702665907e-01
5.544350198980062538e-01
5.346763925940327677e-01
2.901564882138951140e-01
5.897191038547668906e-01
2.691487690934019628e-01
7.377319703178613075e-01
5.481032619265515660e-01
2.685406834972330348e-01
4.903085463399206034e-01
7.391733553674978419e-01
4.308565502957187321e-01
4.763266619255316359e-01
6.180600935674435137e-01
2.702043774968055923e-01
3.866198159185341154e-01
7.123488492097487246e-01
5.369599935682241032e-01
4.755840483290415532e-01
4.368093104485024636e-01
5.435623040213299895e-01
5.740455484205627679e-01
2.659496599765787672e-01
6.964031166449575760e-01
2.680532255398277441e-01
2.675974909171059957e-01
2.674421809839357955e-01
2.668701382858091886e-01
2.665327586257675296e-01
7.388851294243459211e-01
5.769402977209319161e-01
2.664192004809885495e-01
4.349238272042217912e-01
3.665931851565317756e-01
5.429821381419127624e-01
6.365121241096880489e-01
5.844090346827413018e-01
5.637223191659789245e-01
5.974736703785247238e-01
4.457289458434490759e-01
5.916353204121694853e-01
4.661738179499632651e-01
2.680101978259107343e-01
2.674892489598585388e-01
2.681203934376895637e-01
2.674600762628808193e-01
2.667748902710874170e-01
5.310894257682932107e-01
5.528508586339305753e-01
2.677666884768141742e-01
2.674228766034603133e-01
2.673231925661878061e-01
2.669472556244792960e-01
4.018977362435113831e-01
6.079225845773087444e-01
5.579053623395126005e-01
5.929964988675604509e-01
5.237667639180847434e-01
3.876307695490969762e-01
3.737377349212009925e-01
2.667117074390006892e-01
3.069449387162729304e-01
2.683047498981329659e-01
5.128964474355250935e-01
4.663368088300068881e-01
6.133337823658195909e-01
5.951599773068702026e-01
4.446291780359565293e-01
2.664879621752869188e-01
5.039607808065069694e-01
5.442437920986052946e-01
5.642253537897541360e-01
2.691471941558039593e-01
6.404918163730028979e-01
5.855108493416286697e-01
3.012561555611895092e-01
2.716101583469002212e-01
5.783349323185786872e-01
2.667181039909499174e-01
5.110446829013473025e-01
2.825064640089472445e-01
2.669743512102043526e-01
3.492866160967788014e-01
2.681189630028482651e-01
5.260454275334951468e-01
4.163299613733111859e-01
6.370212313759666678e-01
2.676359548503802199e-01
2.672649553673733802e-01
2.677065855145408513e-01
2.673726735860285642e-01
2.666383784153134040e-01
5.453646816306326750e-01
4.348720515987347102e-01
7.389039326140142139e-01
4.851903494628901359e-01
5.288046589521872010e-01
3.867278817388032364e-01
2.783227725416934639e-01
4.957665066348515559e-01
6.057728212822539593e-01
5.359873570750391947e-01
5.884002818251530265e-01
2.691833942862378870e-01
7.374480450647526997e-01
3.668045961372006780e-01
5.794324763279249391e-01
4.714285257875691637e-01
5.894011361049678044e-01
5.871313304887044726e-01
7.367044858322988610e-01
4.530694045566327488e-01
6.214721687793445248e-01
5.064218469104168063e-01
5.647788047872468464e-01
2.670761997459951131e-01
5.838608961514906159e-01
2.718327351274550385e-01
7.380283255423705224e-01
6.199394302944558621e-01
5.686440303682551711e-01
2.785497281762865929e-01
2.970765598892899928e-01
7.377734015203589735e-01
5.771024318151329879e-01
5.188029679016219475e-01
2.677188960899470338e-01
4.338504126770031388e-01
2.668970800826343526e-01
5.409212393639742933e-01
4.601190044894787334e-01
4.724354441179353103e-01
4.154823682663812412e-01
5.291379384526117002e-01
5.623081198673568482e-01
3.334817586583593840e-01
2.688190406132359711e-01
3.544475709909764016e-01
5.449374728877385277e-01
4.956190354205539106e-01
5.113580012738814240e-01
3.807511419312585854e-01
6.078916381163793625e-01
4.285114290608535437e-01
4.851527150118619125e-01
2.788694769470008161e-01
2.677875597700647980e-01
2.839951418043792364e-01
5.287697239065696220e-01
2.733827134509372869e-01
5.131115829223833469e-01
5.601419328435057743e-01
5.267717213403796395e-01
3.160757392108630159e-01
2.743292874776318557e-01
3.490782295107074384e-01
5.986581711500107428e-01
2.692217912020869464e-01
3.198760218883640039e-01
4.390123618335414757e-01
5.520168989729523634e-01
5.632926940357492196e-01
2.782812949742227149e-01
4.851539312290572004e-01
5.475804882113965988e-01
5.682202713634533220e-01
3.536095515513570375e-01
4.851622907186025624e-01
5.361638379013409228e-01
2.942240028906095151e-01
2.674216773103099132e-01
2.691614158015169234e-01
5.658670669674847886e-01
3.190812990093556678e-01
6.117347985746279804e-01
3.898768615285752026e-01
5.150731541301096783e-01
4.232623379118114482e-01
5.253487601874733404e-01
4.283009834142058603e-01
7.350526304801261457e-01
5.530232783389622542e-01
5.385133943316823268e-01
2.665594521737570388e-01
4.023071477891757008e-01
4.291909962441378124e-01
4.882608875528736125e-01
6.795136935566693515e-01
7.343016471157964853e-01
3.541462103952741636e-01
2.784232825684610502e-01
6.544698665871625520e-01
6.118903774048410904e-01
6.419328327909337162e-01
5.604791938877978774e-01
5.790483672071745636e-01
4.937262647907637581e-01
2.707906818321044740e-01
4.994141483453410357e-01
4.314951614735422769e-01
3.378106070974803976e-01
2.671921431582382489e-01
5.486365917707736184e-01
6.498026655435281684e-01
5.895361041564894933e-01
7.137258596208786443e-01
7.374958149268395768e-01
7.389118100681951740e-01
3.851244769814258784e-01
5.714062662280520177e-01
5.226423773277388829e-01
2.686016674670659299e-01
4.924553546326788656e-01
6.117039101348558106e-01
5.138519154758136587e-01
5.564525866599849824e-01
2.682586305619699685e-01
4.919536456264155255e-01
6.566760577308625724e-01
5.143489229206428259e-01
5.794805625306562735e-01
5.549998213495060950e-01
4.271652988868837042e-01
7.386821231084735873e-01
5.562066088720245549e-01
6.103317826267720125e-01
3.793165868978879973e-01
3.030413852309735701e-01
6.921005611570592020e-01
2.678211474566827843e-01
5.158175002415348320e-01
4.303414609417615666e-01
7.370872791963879456e-01
5.557224031941142561e-01
2.662713986208540828e-01
2.660896083760072584e-01
2.662557342246905101e-01
2.663218282096631584e-01
2.761921709392156088e-01
3.560023519194341901e-01
5.621046350267122627e-01
5.852079519760473580e-01
2.762438146763763203e-01
4.502633909509166643e-01
5.442005751713875350e-01
6.028593315694785737e-01
3.422322919413889886e-01
2.658691144543705587e-01
3.767528009758912000e-01
4.829442650440621820e-01
6.505780848343742928e-01
2.683158420316222870e-01
5.831718428333062532e-01
2.694387080097651599e-01
4.651813138151600913e-01
2.677660689982618303e-01
2.678182704821047699e-01
4.669958271839803055e-01
4.476296440401060228e-01
5.262589857890752620e-01
3.638242940701279515e-01
3.403852718921312470e-01
5.803720713700653011e-01
2.685055746908015517e-01
2.677846526205804878e-01
5.580136909287152225e-01
3.761040711061215402e-01
4.542194339809951242e-01
5.921766442890016302e-01
5.206370390213725940e-01
7.392729629061901564e-01
2.816715092299186818e-01
5.519196326659188134e-01
4.070297049307592951e-01
2.676939948838070182e-01
2.677562841999385213e-01
3.175675758513106794e-01
4.688927280955106358e-01
7.373541124085281062e-01
4.631351578368691491e-01
3.807234327935979934e-01
5.810620894704104922e-01
5.040777495765577099e-01
5.466582566047033520e-01
4.253645801023866468e-01
4.138652817141554308e-01
2.714504265236826197e-01
5.904481485139554398e-01
5.943139066495426448e-01
5.375271447100528066e-01
4.485029446199174652e-01
4.748030348789042399e-01
5.210755037899030828e-01
2.660895890824804821e-01
4.452191319030458505e-01
2.678258347453550403e-01
2.675386946498321539e-01
2.665003983405577759e-01
2.684597612011919154e-01
4.429548088422038954e-01
4.404102560723116566e-01
6.146413664105125907e-01
5.414619222412467847e-01
5.581304946315099880e-01
4.065839669559644376e-01
6.485279131935715036e-01
4.640413837498241767e-01
2.674886596176590525e-01
6.600020719670924851e-01
3.246033231945131825e-01
2.673986847584884363e-01
6.435888293767517698e-01
4.542371233171604850e-01
2.658720656663522419e-01
5.906242905154740486e-01
5.088391765851636439e-01
4.673782520820307651e-01
2.678050265288582921e-01
2.668935318761200270e-01
4.916493648209281364e-01
3.498418312589220980e-01
2.704268805219520733e-01
3.359905985311065768e-01
3.973153332772106916e-01
5.297733737557840383e-01
5.477302765790853512e-01
2.808819608783951760e-01
5.930146241753728731e-01
2.668133610308424664e-01
6.065516258344970657e-01
5.631507218190728858e-01
2.700704461625415553e-01
5.281601380730279738e-01
5.786713600791451029e-01
4.287883192469811866e-01
2.694438932019526112e-01
2.737785581195729678e-01
5.193337327013716198e-01
7.316700683478386535e-01
5.646022422114043149e-01
5.226862930758396919e-01
4.692287282472366594e-01
4.836329141457217928e-01
4.833912207849487830e-01
6.918267188143562008e-01
3.737377102788396743e-01
2.676447873952391143e-01
4.369588282403089052e-01
7.155828577295942905e-01
4.160198631616126019e-01
7.372795112868028022e-01
2.661139449976213656e-01
4.948324609039928546e-01
3.682980392302254713e-01
5.022276889487996554e-01
2.678250222782245782e-01
2.676964408179412502e-01
6.716332327255739587e-01
5.521292938669054573e-01
3.542001252473805928e-01
2.670611024256893673e-01
3.698481827987897819e-01
2.689418150991773060e-01
3.986460201944629911e-01
4.888324863447351953e-01
4.790731509008973599e-01
4.580817626045420310e-01
3.252327005578662389e-01
5.355082286465919772e-01
7.285895089179811324e-01
7.362719167441433843e-01
5.413749931859285214e-01
2.835318280474800057e-01
4.812717496515764304e-01
4.979864594712631876e-01
5.591220905436345978e-01
2.677085711784436550e-01
4.793182102771635922e-01
5.884992981412769941e-01
2.708261600793661628e-01
3.585025440278211684e-01
5.571597101695234810e-01
4.904498834015666442e-01
7.378962980050975951e-01
5.619841315124303183e-01
2.840584913314400661e-01
2.727323353281715934e-01
4.592180998339419062e-01
5.121404039386298068e-01
2.674424045021850382e-01
3.634295547572045648e-01
2.680555915546550261e-01
7.385382776692881457e-01
5.152762534292000263e-01
4.217503361176861421e-01
5.915442060821129999e-01
4.668477945301848231e-01
5.018279936898215610e-01
5.276299634959624729e-01
4.495552033950306892e-01
4.334277735235087525e-01
5.548863036237702273e-01
5.260553046288759527e-01
5.633680998763846981e-01
5.813816578198395257e-01
5.610883081232385106e-01
4.314467467726089689e-01
4.967947773063451922e-01
5.414700757611891069e-01
5.537569541538274187e-01
2.726523622293922644e-01
5.754179985987694090e-01
5.251269923553346652e-01
3.667219762878030087e-01
7.355122293556359825e-01
2.883223754238148917e-01
5.136306045755227867e-01
3.717310317367787387e-01
2.742030956482561788e-01
5.493748012795337532e-01
7.211886245303880116e-01
4.975735162969325276e-01
3.587348181275834547e-01
3.713061632742035156e-01
6.125930871079360296e-01
5.397646492569847521e-01
3.718436392278745006e-01
6.365755237758645713e-01
6.572305603757185866e-01
5.694007901627258228e-01
4.836273019971417120e-01
5.452122961715633043e-01
7.335902513807003311e-01
4.199574205380546821e-01
2.676358891814923369e-01
5.728362619634699282e-01
3.956286368848166979e-01
4.362776323565557002e-01
4.884755877824095704e-01
6.081020726925399078e-01
4.405763644167782767e-01
4.542088426625096598e-01
6.958207161141585217e-01
6.042774091119241797e-01
5.347485217165121041e-01
6.594087188786099674e-01
3.847404926902506239e-01
2.659254718980763599e-01
5.853544555430403307e-01
7.365254825978876374e-01
3.810188002614374181e-01
4.997138942924926885e-01
4.246892634925639176e-01
5.527996010077402822e-01
5.623778274457605919e-01
5.868813037415315792e-01
7.034035722767765231e-01
5.639315670331440655e-01
3.799958049317027076e-01
5.494081244383377527e-01
5.210081925628701205e-01
5.678692288731866933e-01
5.538512004423064017e-01
7.001043889700822032e-01
6.804028604124847668e-01
4.406680658217567159e-01
5.112584038273283449e-01
7.389260781945784506e-01
2.748072602765311290e-01
4.550815248635506349e-01
4.617601069675837389e-01
5.372507386082380210e-01
5.909732119287353092e-01
6.166829444405506067e-01
3.387371236211058068e-01
5.536504442654293090e-01
4.552397090323415108e-01
5.123268876687264717e-01
3.728394678420356989e-01
4.791058363628861172e-01
3.382372644001390150e-01
4.390000526282330506e-01
2.663689420403288488e-01
4.810842385130363885e-01
2.722273255687058802e-01
4.180489865322590815e-01
3.758925961249887648e-01
3.247834012538722837e-01
2.724958817322904459e-01
3.924507160397889827e-01
5.747186290452778179e-01
5.643678695860385730e-01
6.927050942973878023e-01
5.762584708230379382e-01
5.293441594310412945e-01
5.049874533987701586e-01
7.387634810973466859e-01
5.635977444757651611e-01
7.136199324833322200e-01
4.961229124071227514e-01
7.388226501104256938e-01
3.450425829007421896e-01
5.034729638294443976e-01
7.189906369139350550e-01
5.694452708128022733e-01
5.714455425060896987e-01
5.616713862917405153e-01
2.671624491603639129e-01
4.729253602623820774e-01
2.814110435871111093e-01
5.495100366639781297e-01
2.673324727715896687e-01
4.777645337191634978e-01
7.393094501542782915e-01
5.699003151557372471e-01
3.602881295780788196e-01
5.718005147319528136e-01
6.747160124172223439e-01
4.293502503879096932e-01
4.738588153207827780e-01
2.666261348374158180e-01
3.112804937066653843e-01
5.812311060593033929e-01
3.548702107932880656e-01
5.880519677903253140e-01
4.199092460942616678e-01
4.802166077981300796e-01
3.704215180893783432e-01
2.738771014009549476e-01
2.663663425066168933e-01
5.011738093738343780e-01
3.948848589425662525e-01
4.861594114689977708e-01
3.686785530241666331e-01
6.943733072230213743e-01
5.608534036567687231e-01
4.296069083538532341e-01
7.253926835481848689e-01
4.965272717449496498e-01
5.360856700540547193e-01
4.947491283363109060e-01
5.615502139701338269e-01
4.714166803393306515e-01
6.929492066421554242e-01
3.710745595496249272e-01
4.926619027637000880e-01
5.055041081346064447e-01
5.730264602121202255e-01
5.422699727485321697e-01
7.085621283355791888e-01
6.451810954791642461e-01
5.942364666899775383e-01
7.393625823027270005e-01
5.082496906192689456e-01
6.256745149445716025e-01
4.643181420477193733e-01
5.829726313808818450e-01
5.668594425663155967e-01
2.718028124382882438e-01
6.119121255419077698e-01
5.007024509684682156e-01
4.695495709494978409e-01
7.007872934985006630e-01
3.417640356238226262e-01
4.284941755441397659e-01
5.946616390018352183e-01
2.915419644356366802e-01
4.577367512185470111e-01
5.027326752668527243e-01
5.733688249278140470e-01
2.680732278991541095e-01
3.192113980838405807e-01
5.628925714231418631e-01
4.537422302427171483e-01
2.899408809816458321e-01
7.392328540776280654e-01
6.453674515626210972e-01
2.677117790831847199e-01
2.689403343681516789e-01
7.389208961663361608e-01
5.520891411066206622e-01
2.669644479980273766e-01
6.005410826301846861e-01
7.386054120315079796e-01
5.385689190959793704e-01
5.580906830291435528e-01
4.371971804773723269e-01
3.996911963220863839e-01
5.701703177189740845e-01
2.789678587169339696e-01
5.728532928458917040e-01
7.359383303277253763e-01
4.183390662670205540e-01
5.511563006963755562e-01
2.697715720897073122e-01
6.436742489154938518e-01
5.617733077861708502e-01
4.786167289385509505e-01
4.854888129718828438e-01
3.455009003278133317e-01
5.742369471586339369e-01
4.965071845573912901e-01
2.678438848907587211e-01
2.697582899409086687e-01
2.731025641349468236e-01
4.985327259459894078e-01
2.973724311294658196e-01
5.515581274296647019e-01
3.611119026208822747e-01
5.234500858336468276e-01
2.665744177832662376e-01
2.927778141498147968e-01
2.670281457851683693e-01
5.203596772630645351e-01
5.492404068868436129e-01
5.342353470873496546e-01
7.372433872958025214e-01
4.677483110402107513e-01
4.508861285691359577e-01
7.355444691119131795e-01
3.144644377189974027e-01
3.864403939019813716e-01
5.609039412171240579e-01
6.190855467238129961e-01
7.155837994392995061e-01
7.212720365977750570e-01
6.627260867275680534e-01
5.568586743412067275e-01
5.998414005325626297e-01
4.893514025183359761e-01
5.426732115173307225e-01
4.467693658730730877e-01
4.524766899934125064e-01
2.925165321390118534e-01
2.694428702379771390e-01
2.673672099345705266e-01
7.392715604925449435e-01
4.624794835968110140e-01
5.658568842513823638e-01
4.995033796634433254e-01
6.200179633965356985e-01
3.861347312494701201e-01
4.286417207518198325e-01
3.296439288244893406e-01
4.297002591299552976e-01
2.700527712322700058e-01
7.365227968800578395e-01
5.608604962457657273e-01
4.091541291870733343e-01
7.391583122456103494e-01
5.613335476725772599e-01
2.690731663081729619e-01
5.802732714975841199e-01
5.957129924762483153e-01
4.318072816545239223e-01
6.052108329618588467e-01
3.750383987669753116e-01
7.322269908290369722e-01
5.744867908983231075e-01
7.386217139346069604e-01
5.638153118416533438e-01
5.718226053140490484e-01
5.103516064276794051e-01
4.792058048368676992e-01
5.007878785827477586e-01
2.866704598090192291e-01
5.748077369521094049e-01
5.607078582086775231e-01
7.271192900998360020e-01
3.065134819727159399e-01
2.855476161972261839e-01
6.160676905413102755e-01
5.735499149194044355e-01
2.677769167461718225e-01
4.096934747110397845e-01
3.650400091279409343e-01
6.419513764360326169e-01
3.573900171179393292e-01
5.884716611655853580e-01
5.066660702378588121e-01
3.434769897292583862e-01
4.836951073451383754e-01
5.293710814419620991e-01
5.595693052879646689e-01
2.710731249750391036e-01
3.241981636809178058e-01
3.306655815478127258e-01
4.759535592841058205e-01
2.840028600186657037e-01
3.187866600731893429e-01
5.354213676626560225e-01
5.716364927680428476e-01
3.225868614139703605e-01
3.665723901402553331e-01
6.762729932291237089e-01
3.554645970256126719e-01
5.335582374663108141e-01
3.655419388657293323e-01
5.256524756741003390e-01
4.520284071204352938e-01
7.214087958152973767e-01
4.732288992541283656e-01
5.582550885210321168e-01
3.111975893327475484e-01
4.121903570255606719e-01
2.695464989927000565e-01
2.675067932063035503e-01
4.481419860545783340e-01
3.685703341001284050e-01
4.099295432872207545e-01
7.390404484456404299e-01
2.690072751100137660e-01
5.772597592424685287e-01
5.190014520117900432e-01
2.665149600905693528e-01
5.986368210229934261e-01
6.999301690346175775e-01
3.531911907156062846e-01
5.701517784996303906e-01
2.825322100686002424e-01
5.002819318664377679e-01
5.132489102865124275e-01
2.675616323570607080e-01
5.091807110838346695e-01
5.837493624687971616e-01
4.830078476787275088e-01
5.328570749784353744e-01
6.042984470910374162e-01
5.539315907970341346e-01
4.549376964483883290e-01
5.655409697922735290e-01
5.674673392120861415e-01
7.374233361852847723e-01
2.713484720386987736e-01
4.634152380613115185e-01
4.015564974668757170e-01
3.546374638817196834e-01
7.348678255873858367e-01
3.711879763304088420e-01
6.093079694059460039e-01
7.390408612092456142e-01
5.613596211294834548e-01
4.572078368761921530e-01
5.675239182164942831e-01
3.176305665696291802e-01
5.540715983054858018e-01
5.714963382505967582e-01
4.213993027367146649e-01
5.789517099070019546e-01
4.517957339046551613e-01
4.331543750141848004e-01
5.723131544452403352e-01
2.679165887131741419e-01
4.381721647645322459e-01
5.600333256327127973e-01
5.166453892669410353e-01
3.863889993508471399e-01
3.581364731143448776e-01
3.854228311661473949e-01
4.583815146434809806e-01
2.877561520168889220e-01
5.056145950005086487e-01
2.743502635732275596e-01
2.719012924556957200e-01
5.872615118596679062e-01
3.119096512803306576e-01
4.278647590315029503e-01
5.603530521156537825e-01
3.166559768379336171e-01
5.732239823557570002e-01
2.689502522395080808e-01
2.672038255888631864e-01
5.958165598885034608e-01
6.214506582393884981e-01
5.593996794814806162e-01
6.200287157002203342e-01
2.670121330623316247e-01
4.659096749727693609e-01
5.924604792992124169e-01
3.910123714723620636e-01
6.499044151613401210e-01
5.233614474852603671e-01
4.817270553220144857e-01
2.673625970820447950e-01
2.868443058167430837e-01
2.661155115848521380e-01
5.161952567915444323e-01
5.017273942342924675e-01
3.822786241173442567e-01
4.271012820425049705e-01
5.568199216802288687e-01
7.391982319214857045e-01
3.244697034663918678e-01
4.182192880270128588e-01
2.680334358936670713e-01
3.012193837519210882e-01
4.128300900858885014e-01
2.662923044086812907e-01
7.025968418238656144e-01
5.570312786184572484e-01
2.709869753311133778e-01
7.164183669673204191e-01
3.633590030566551388e-01
4.778216026435980202e-01
5.765011177494795414e-01
5.762710068846413902e-01
5.954319684412479052e-01
3.125108096062215735e-01
5.620272388606046832e-01
5.443665102123852462e-01
2.815926220203705532e-01
2.700643660564662207e-01
4.705230785356093737e-01
5.230380350396641731e-01
5.538703297357649991e-01
4.809928280274682888e-01
5.225776901224081783e-01
3.697679693727438655e-01
3.046367718323479412e-01
4.053026145977876582e-01
5.520936635744391197e-01
5.394373770797615819e-01
5.690821516324480189e-01
3.500758012859034318e-01
2.726630688095676436e-01
4.508877807893375556e-01
2.708169167602045846e-01
2.762445811903370130e-01
2.978256372174103439e-01
4.981983781085202456e-01
5.470650543258074316e-01
6.191445572967108069e-01
3.275380830258483589e-01
2.715362672833986357e-01
4.342565604405480006e-01
6.743572798692766268e-01
4.265424761372105800e-01
5.511248936506845109e-01
7.377241087100101513e-01
5.512616993087380290e-01
5.870567883503670092e-01
5.259646381734881526e-01
4.865398565618552218e-01
7.219816000293939329e-01
2.860579008024605185e-01
4.749479936692405091e-01
7.392702804023083551e-01
2.691325033925697219e-01
7.356090279081004546e-01
2.729981876407118757e-01
2.677060202597958960e-01
5.239127854927998484e-01
5.503872699564243964e-01
2.863706044706608722e-01
4.331704626892833310e-01
5.376024934653896858e-01
5.923472385801343831e-01
3.005859682262083665e-01
7.377944458108751657e-01
7.394511412449759069e-01
2.744056288971797319e-01
3.432201378194431052e-01
5.736058192269579692e-01
5.979991983057361127e-01
2.789209453500094971e-01
4.886720967563225604e-01
3.989578752317862742e-01
4.549966795262946340e-01
4.411493697487119392e-01
5.575089809056883450e-01
2.663293724776649718e-01
4.342893966679056694e-01
5.315263657442539369e-01
2.678257360029621670e-01
3.810154778794206387e-01
4.991778780002263383e-01
5.427353948099723491e-01
3.573242150419456142e-01
5.270485726708807883e-01
4.698697778703374017e-01
4.890529383940855346e-01
4.125947313660608406e-01
4.345716728157666409e-01
7.395003400049161568e-01
4.250105234654681929e-01
3.343199156496190483e-01
7.388694919038470976e-01
5.300744454482275714e-01
5.735313940635825558e-01
4.614083339024016017e-01
4.268953137945781240e-01
4.214567328923549683e-01
3.916120507679500262e-01
4.737251932948572386e-01
5.206370007981117043e-01
6.877697816046138835e-01
4.357258595717891092e-01
2.889896731498619031e-01
5.911856344881821768e-01
4.889606985145174001e-01
4.324663510304524450e-01
5.748068284151609530e-01
5.180631307142767872e-01
4.190081244319031617e-01
2.755271012858581670e-01
3.094636045150463977e-01
4.549624177672607628e-01
5.929964604697943731e-01
6.005589328505936964e-01
5.544611583372677233e-01
3.592960047474199614e-01
2.668029139619771950e-01
2.720744752606722994e-01
3.423383428862343258e-01
6.182412596247591763e-01
6.009365753567762480e-01
3.873016922958069097e-01
2.671135011934869796e-01
6.035988225748080138e-01
2.968453218983511110e-01
4.557902361720370665e-01
5.778599276477590641e-01
3.309597739061369559e-01
2.744384106305323701e-01
4.875862512836518503e-01
4.157918900896400149e-01
5.719125784825372927e-01
7.073042636601738486e-01
5.488989844530854922e-01
7.386600337607565070e-01
4.278661095753369947e-01
4.909081279065345416e-01
5.337957128272433627e-01
5.375732768179496412e-01
5.499549410145790906e-01
3.941012738630677581e-01
4.871492726695830222e-01
7.147397182606045618e-01
7.372385037599907820e-01
7.375233819894712051e-01
2.693133309015262600e-01
3.438797560453735191e-01
5.461436346614926274e-01
5.977879648448027883e-01
4.906025424984303274e-01
3.466681011100787302e-01
5.601981878118431624e-01
3.796887623055557048e-01
4.225233684711452997e-01
4.125961605757073047e-01
6.092447233863005351e-01
5.655446541028784635e-01
6.492158914394839941e-01
2.665099231808927271e-01
5.601766162667970450e-01
4.943648812165497564e-01
6.834362881654260091e-01
5.682897484590039294e-01
5.896138165764979178e-01
2.701836891182687328e-01
7.384979280333806573e-01
2.793858174880075040e-01
2.726788638676244103e-01
4.786461189519853887e-01
6.060863350872578437e-01
3.324017494924551008e-01
6.070545132452356274e-01
3.233613099915773614e-01
6.849771969467273180e-01
5.038013793958759923e-01
2.672731392905654535e-01
5.411948233576325817e-01
6.519315713782956045e-01
6.018167390438284858e-01
4.972965202951145081e-01
4.834479732548436770e-01
4.782361008909026823e-01
3.063549536240746662e-01
5.293373638637774992e-01
4.097394356934146997e-01
5.700301077220277790e-01
2.788139449828943572e-01
7.391943232452954371e-01
5.641749044923611844e-01
5.937977461298542536e-01
6.478058047720062218e-01
7.328785605162850825e-01
6.194848247179499667e-01
5.608463751033480049e-01
6.738360965096663602e-01
3.397392801363527393e-01
3.528241678831836037e-01
2.732354036916078699e-01
3.701958454528939679e-01
5.582791862464008270e-01
2.836236906341041974e-01
3.708881972689537787e-01
4.680854341325959012e-01
4.229169338927411537e-01
5.528560091341783167e-01
2.969889912351169059e-01
6.534103184284948407e-01
4.493988641024456165e-01
5.228892108633897973e-01
3.328409019028025218e-01
2.676748554982396056e-01
3.938662938789582180e-01
4.559679667110160262e-01
6.407867815547262369e-01
5.728702611708981207e-01
7.353668870362348731e-01
5.152451171947212138e-01
6.031223616178544855e-01
5.462936387876737854e-01
6.971236296897224127e-01
5.386530343438383772e-01
4.264862869708226922e-01
3.545740221338505860e-01
7.157887118148610339e-01
7.385471639814655820e-01
4.860415037309370190e-01
5.287282835530024983e-01
7.132364202438796763e-01
4.386511489829988952e-01
2.917286320264184662e-01
2.721108085681878119e-01
6.027075704641151610e-01
5.952083433887953579e-01
5.894481279227729020e-01
5.245524162349395336e-01
4.840177635428151715e-01
4.520324395390513117e-01
5.906050134466069856e-01
4.646626309560199508e-01
5.751102977301164598e-01
3.931349876440224933e-01
4.315432997283763505e-01
4.724309139413982450e-01
2.694362376009438731e-01
6.253498207347241156e-01
5.031371801160141599e-01
4.489941365692388109e-01
4.388605937692918180e-01
2.667202908153586960e-01
3.053684289950949760e-01
4.403023589635818857e-01
6.613527589811722951e-01
2.987818649813525629e-01
4.917623254443569958e-01
3.393131619802641219e-01
4.136811093060416833e-01
2.668559587195385996e-01
4.548158060733076824e-01
5.144438652276903667e-01
5.506479836659482485e-01
7.386100760236826712e-01
5.656672361017228701e-01
4.315469731309307111e-01
5.087618511723687176e-01
6.536190863207901325e-01
4.840372560398545909e-01
6.548136456550746054e-01
4.976608999434879999e-01
6.078738377894242761e-01
7.385653080246672442e-01
5.643471309721963536e-01
6.910730531230794282e-01
6.130941378004532982e-01
4.993991759420697285e-01
6.758166875696123288e-01
5.574503909536342450e-01
4.185717470779889426e-01
7.393140893512376577e-01
2.675115604717678286e-01
4.871931073055585371e-01
2.928929974802430003e-01
6.027932920378314963e-01
4.704558047719502034e-01
5.806966456670117349e-01
5.271030176934671241e-01
6.257786869683481523e-01
3.809602321186627560e-01
6.333184630628703182e-01
7.388534828243910058e-01
6.169854141368126266e-01
5.836892222903894423e-01
5.597907798750516584e-01
2.713156823749615643e-01
5.345335352027765774e-01
5.515411574501992709e-01
4.217332935699744101e-01
5.355732677569757794e-01
5.436009507780991123e-01
6.298701759812558310e-01
2.893119421855038786e-01
4.539626367953946695e-01
5.538720878769722855e-01
4.265004876801292144e-01
6.049381392543636826e-01
7.189312174556592439e-01
5.180083651359448371e-01
5.653040655347089105e-01
3.777411675526801127e-01
7.371954276357791658e-01
5.036937385019946145e-01
4.086968009122186052e-01
5.626321245322823961e-01
5.904343297215196573e-01
3.596143025610420429e-01
7.382045142726467724e-01
4.383076231318118743e-01
2.843805710492673389e-01
3.421978975729749739e-01
3.744500563791738901e-01
5.797883814064083152e-01
4.417230164523073821e-01
2.715620449069484077e-01
4.399577454132871379e-01
4.715424618065388040e-01
4.411254803895385268e-01
5.748018406510712053e-01
7.386114616756166429e-01
3.152323647442791255e-01
4.035524293404389451e-01
5.558213999954659812e-01
6.250927287070583427e-01
5.219150686582987309e-01
5.887743864599708221e-01
4.802766608237991064e-01
4.817359187475003246e-01
2.700353258055409045e-01
6.286720329124982909e-01
2.675319425818565855e-01
4.959787950382455457e-01
5.165282137494460191e-01
7.219654480867851998e-01
5.391270430682754133e-01
4.216622727887693323e-01
5.461811996807790504e-01
2.665414005890660576e-01
5.457226945354914927e-01
3.007293544515624584e-01
4.940872142530886024e-01
2.701291484067972481e-01
4.645621534655818841e-01
2.675793327035282942e-01
5.456650020789449718e-01
7.232411167390383477e-01
5.115592647164575180e-01
6.801161665672692536e-01
7.381338386991018741e-01
7.387664494617863786e-01
5.713166631888657587e-01
2.797647791637847825e-01
5.350033850743467490e-01
5.166644804885948128e-01
2.802316735320578567e-01
7.380593439409824930e-01
6.361491930505657200e-01
2.658438258511911512e-01
4.376397990977356489e-01
3.413015594491948801e-01
3.369989333854053193e-01
4.049948253651807772e-01
4.535152782752823186e-01
2.901047126414830757e-01
4.027474070163200581e-01
4.789470372792178354e-01
5.829635811384337174e-01
5.095246614763715431e-01
5.521130070971902448e-01
3.908342303513780980e-01
4.757177302853665135e-01
7.388429505007291231e-01
4.387828794961264878e-01
3.526009552769527322e-01
4.784250131476684986e-01
5.550873539610287066e-01
6.174948789689715944e-01
2.766187555159022593e-01
4.087436614586736905e-01
5.803564328888531909e-01
5.449118756880600989e-01
4.044280390962798344e-01
4.418418230810018388e-01
4.755372267926786800e-01
4.886977928631485724e-01
5.736034128729016190e-01
5.913417415013182410e-01
3.253785135768245129e-01
2.684944088308878207e-01
3.283308041018648815e-01
2.664925385495362509e-01
6.117736098885376839e-01
5.248867252617278600e-01
5.592134407591801137e-01
5.279924904427677479e-01
2.688266425739095355e-01
2.675457007652130015e-01
2.733202050993178700e-01
5.505745148810261558e-01
4.301054361314510244e-01
6.321300965075190570e-01
4.839442616600554969e-01
5.322099825448848298e-01
5.026320341213764697e-01
5.354474641204970409e-01
3.666585680184059060e-01
6.901453180118675146e-01
5.057328088684414080e-01
5.520601514211657124e-01
5.530079684722269961e-01
4.062179643342935242e-01
3.274475814179836908e-01
5.534504170838867587e-01
2.673005556078351108e-01
5.981884008199311875e-01
3.095306462169081230e-01
2.668534167377916710e-01
3.987549329312441437e-01
2.744922866871062350e-01
4.993914645278725306e-01
7.212557971202974150e-01
4.328502582580379676e-01
7.385851681482940023e-01
5.619176204020255305e-01
4.882634815180638133e-01
6.218556110246590274e-01
5.547850724035282566e-01
7.323938780895260514e-01
3.369094566022299286e-01
5.657129798811395549e-01
6.385644925322778720e-01
6.067614812587051043e-01
4.331244262067407980e-01
7.381257996338933536e-01
7.384227994766823233e-01
3.185922258107891647e-01
4.566896207199617197e-01
3.368060067416377978e-01
7.322170007175076156e-01
5.795834836463591433e-01
3.847173223921380725e-01
7.210881831698697786e-01
5.883406442889065335e-01
5.967588415644544675e-01
3.521999591820121345e-01
6.238609138592611236e-01
5.424083801331178734e-01
6.209812646494446975e-01
2.681285346790120983e-01
4.909882484813242187e-01
3.600498315108363045e-01
3.762329929463270606e-01
4.587399216992138484e-01
5.472528589493077522e-01
4.334017162909128973e-01
6.386055646368309358e-01
4.528313043669048299e-01
5.010004685070805763e-01
5.449737019958683648e-01
5.667724042862465339e-01
4.866785486552029361e-01
5.744337772775982565e-01
2.674498695389780356e-01
5.546396731105294187e-01
5.124811971003532252e-01
6.987755488098744694e-01
6.626991420451857628e-01
4.900823521594883103e-01
4.004826006380642345e-01
4.841987228295122625e-01
2.688996033906010386e-01
5.590813603042610325e-01
4.425035102967810885e-01
6.242982049829002289e-01
4.033384848617374008e-01
7.188838859235453516e-01
2.759339425292355319e-01
4.949855180449954095e-01
4.616663487967425095e-01
7.201005057163230028e-01
4.605719135584501189e-01
5.759874424327326992e-01
4.772423834778357632e-01
3.740213488195602287e-01
5.667006299422233662e-01
5.419949255240604780e-01
2.915842176697947541e-01
4.442265845637178856e-01
6.278949103833590950e-01
7.110863287564952451e-01
2.920050348891446435e-01
5.595403113562512631e-01
4.202041091098018266e-01
2.751563972008189696e-01
7.387350963187893083e-01
5.784355693313190105e-01
6.152853030861886729e-01
2.663422908077923146e-01
3.308766798418162902e-01
6.351325339410126558e-01
2.732394686756702828e-01
6.094297799085228728e-01
7.380550324811937513e-01
6.469606383689080475e-01
3.913938831159562981e-01
3.908298940494785989e-01
4.408414348523235771e-01
2.985278221070363780e-01
4.348553635280932306e-01
4.468741987948240402e-01
7.389483887824340735e-01
4.857804465949381312e-01
3.456235445698793707e-01
3.009824786071113034e-01
5.327331109043013102e-01
7.189861608226463252e-01
4.462357827056939175e-01
2.670441465880938892e-01
5.995326242328686828e-01
7.032316539293127500e-01
5.348863826464439475e-01
5.455715768342513927e-01
5.919261689580165298e-01
5.968121596086816139e-01
2.815908433157121027e-01
3.709516118776937654e-01
6.097271028340582877e-01
2.754454380036512329e-01
6.560693083295504602e-01
5.467556386202148122e-01
6.306122504879974056e-01
3.036112834580350639e-01
2.663148252740200062e-01
6.174735780361438886e-01
4.614153019542748257e-01
5.349904092102240050e-01
2.671027413588655808e-01
5.183879726671788424e-01
4.994322367007955066e-01
3.241411543668324402e-01
5.294360491274148206e-01
5.948954989511046065e-01
4.174026460540194439e-01
4.841524392596604498e-01
5.452501707524951557e-01
4.989671202314477361e-01
5.483552623376214408e-01
2.663872108901513824e-01
5.057320576409672919e-01
4.432008939548945925e-01
4.553863168731524524e-01
2.729566410737827020e-01
5.394206058649245739e-01
2.692232346083603955e-01
6.663595906613716258e-01
5.672372576199407046e-01
5.575314962580781852e-01
5.518063025894858198e-01
2.672445819764215358e-01
6.078416768255056057e-01
5.338498215931593016e-01
5.340538132458697573e-01
5.931244565750519726e-01
6.162167228325936552e-01
6.026842003177799167e-01
5.586297695405060271e-01
2.676877936196452312e-01
3.563261140639099600e-01
7.376623488801729023e-01
2.671085579112159047e-01
3.855099176271450379e-01
5.469391156867656756e-01
3.965139916941056164e-01
2.667128001350222988e-01
4.921895199997585180e-01
4.823056487299193784e-01
3.710866410557341344e-01
3.916277769693333743e-01
4.373059879584890730e-01
3.296098658667815373e-01
3.677666978249357621e-01
3.171729383808726266e-01
2.696780771542260924e-01
7.381859716742100730e-01
4.809621792009040053e-01
5.623220954183548725e-01
3.322870912563295476e-01
6.832415614635589662e-01
2.663312339745112500e-01
2.739263102679680983e-01
7.372526193571345976e-01
3.331408791728533991e-01
5.528321073472852731e-01
7.371925182145604438e-01
4.957762008610987481e-01
3.889648177491966674e-01
5.712660599140407802e-01
2.731043528678742116e-01
6.223138141411791446e-01
5.346935534311650917e-01
6.345908346153606994e-01
5.765687408249318135e-01
3.489981544824766746e-01
2.673150778659244553e-01
4.719371887469185345e-01
7.389523496210509412e-01
7.363246747161608097e-01
5.289063192637818434e-01
4.726847714954449109e-01
6.113382632426278551e-01
5.733378567491203004e-01
5.903305724131445720e-01
3.021750462085368572e-01
3.909838389239377321e-01
5.426309622084645179e-01
2.667329389407839813e-01
6.773688173134791990e-01
7.366511851557394630e-01
5.789007562372346927e-01
6.390633429115972763e-01
5.114458500129636098e-01
2.660977467944057318e-01
4.404795936531042400e-01
2.665355662664217751e-01
4.402140274253112384e-01
5.822213592708741503e-01
2.906981513840081188e-01
3.579342821593993751e-01
6.309646755529806361e-01
4.187606915091369730e-01
4.617354180793036278e-01
2.866512468005221748e-01
4.570414256118906504e-01
4.617412656780428004e-01
2.825617069865022923e-01
4.625051257433541174e-01
6.581874001954423070e-01
4.856782111139824609e-01
4.400170746793746201e-01
5.445635128187376051e-01
5.077681464774305153e-01
5.110054174389899728e-01
5.891829467474500870e-01
7.061593895759418205e-01
3.669603936324680182e-01
3.016398734914160773e-01
4.630469897551831582e-01
3.585006249999690975e-01
5.256344779091085551e-01
4.743576240972024460e-01
4.617828426359311123e-01
2.810186425928162812e-01
6.357951499343573731e-01
4.147332555594461234e-01
4.879138479925752003e-01
3.692889924318322747e-01
2.699589343207500214e-01
5.870423015937125122e-01
7.377906982565402005e-01
2.669466124809283247e-01
2.857969849755922498e-01
4.288350813868102573e-01
5.291736813228578029e-01
4.618383354182505340e-01
3.721160509631720181e-01
4.050782650087492720e-01
5.523741385941655091e-01
5.879277842010733890e-01
5.685476249598349074e-01
5.145886787563676013e-01
4.876658348324164893e-01
2.661280780166647153e-01
3.656079362541295175e-01
5.402860962457832761e-01
4.916169449384139023e-01
2.677957491935964440e-01
4.798050950135009929e-01
4.200292022436292738e-01
2.740673571959872934e-01
7.381524440439336532e-01
5.384876811048131540e-01
2.740904202194207051e-01
6.236109289319624605e-01
4.787413951405828927e-01
5.641862973238028767e-01
5.160934683359132968e-01
5.965236934900034482e-01
4.929726525099260015e-01
5.759807791035822522e-01
4.393328815780173091e-01
5.711778025641356393e-01
2.761739551749774479e-01
6.508800658543590911e-01
6.541203467975089669e-01
4.796549609019368221e-01
3.099723934541209758e-01
3.016266954329848149e-01
4.282080828086591295e-01
4.497932638596214283e-01
5.910355637015320962e-01
5.495248462879249729e-01
6.417971242220753547e-01
7.379294204203038499e-01
2.752242135032901271e-01
4.213153123404240197e-01
5.685992712603095134e-01
4.654597993532354483e-01
5.691524342859830554e-01
2.970001876702452193e-01
3.165323803064446495e-01
5.552857774442411243e-01
5.348188244532832147e-01
4.814351125954800525e-01
6.235365224976944232e-01
3.987311511513567663e-01
3.131531024085780213e-01
5.621016988975927609e-01
4.233786297694019374e-01
6.150671570364432128e-01
3.261478237773470235e-01
7.380588729727243225e-01
3.749368080591325425e-01
3.895762191857220502e-01
2.662070389714197294e-01
5.798085578216489733e-01
2.924737595870168794e-01
3.249301796942569709e-01
4.836591730013439228e-01
5.690184202576028527e-01
4.873001984991836011e-01
4.921942152520065727e-01
5.675799412175250858e-01
6.882457964056607480e-01
2.688813335602030508e-01
2.721742124020501974e-01
4.925618434210383700e-01
5.051854168857784488e-01
5.355755822676261380e-01
3.707158449848248494e-01
4.829347416432118734e-01
5.476034670403122639e-01
6.848782732912769289e-01
2.700145226951232713e-01
4.460408319544922340e-01
7.392144127696279599e-01
3.588239250045361373e-01
7.385343916706640366e-01
4.909265866636756681e-01
3.727450819428120843e-01
2.708545941141760616e-01
5.510674249705009853e-01
5.237189226220629878e-01
2.745264297473035131e-01
5.595168645617842884e-01
7.379214368308301131e-01
7.065732550497240139e-01
2.935152062081378133e-01
4.700140821673530200e-01
4.588423971068831264e-01
4.400095453204126983e-01
6.877073432912995665e-01
3.256059896317264335e-01
3.303889689622692694e-01
5.936957266948472700e-01
5.646959353391579617e-01
6.375157929939591073e-01
4.698249286324434615e-01
4.538612987237049534e-01
5.358363641160349689e-01
5.508615447546887367e-01
6.515967843323169362e-01
2.684758975693779526e-01
4.703956670321216560e-01
4.543652417663572862e-01
5.962048378153714800e-01
2.817418925665440832e-01
5.563488800802879330e-01
5.018480015150453832e-01
5.083351207922953696e-01
2.860952273121408762e-01
7.385871140471903518e-01
2.710004887594357204e-01
2.938190755211758654e-01
5.394439109369336682e-01
5.276507800213564581e-01
4.959383915416596955e-01
5.584460878681102303e-01
7.383643233575637455e-01
6.411218190557561591e-01
5.472080649269271957e-01
4.273280647130514587e-01
4.437242007447245729e-01
4.363428578825967463e-01
5.435899795974865611e-01
6.763083782983175807e-01
5.851069818486815954e-01
4.882412810853594687e-01
5.533910686627374620e-01
5.553231149082039630e-01
5.718976790472302119e-01
7.128250630820275324e-01
3.652335355307262943e-01
5.548784113471919577e-01
3.753017816029312059e-01
4.835162655835382184e-01
4.053788982082563441e-01
4.299839308963911977e-01
2.671449418242471952e-01
5.384188400926118723e-01
4.068453006128582294e-01
2.726529631062704628e-01
5.487622283272822754e-01
5.280386820965154993e-01
3.308539025476079365e-01
2.779394426967217169e-01
2.660701061270384638e-01
5.731904076092179112e-01
4.800984054453228400e-01
4.619248290884992447e-01
5.423283277578562211e-01
7.386060939670129333e-01
6.023171986505364561e-01
4.031501137487984443e-01
5.185523468200017305e-01
7.121388582282438540e-01
4.867700417421546577e-01
2.760307270936929180e-01
5.265383012562919740e-01
5.655513830188313440e-01
5.833092683861285099e-01
2.709700957366398821e-01
2.685779095478819101e-01
5.358209816009423809e-01
2.662869616033214926e-01
4.197454114589768692e-01
4.976940490902340697e-01
7.392006372589439156e-01
3.784967801373738672e-01
4.959585484150342838e-01
5.386092779335176495e-01
5.560168115338042227e-01
5.646200748101571909e-01
3.779976167020756561e-01
5.096753720522508857e-01
5.422736422916794030e-01
6.978592790878865859e-01
3.711194275930036479e-01
4.640621521439303732e-01
5.471461890968561947e-01
5.710915980704628359e-01
4.707627243444968967e-01
2.733679075127987690e-01
3.362833894358614462e-01
7.105049436445034505e-01
5.987045668542562149e-01
2.687459353504140780e-01
6.083283894967378425e-01
6.222120303037240729e-01
3.773311014153995502e-01
4.727379333294478569e-01
4.750540067799288724e-01
5.928959989555374621e-01
5.126787618857377993e-01
5.307875689081623660e-01
5.565621098938987599e-01
4.946264865609374950e-01
5.267521025560981673e-01
6.777485473924570458e-01
6.333922953422256308e-01
4.858022091795209940e-01
6.247271865201458052e-01
5.544377410990380950e-01
2.884716580768090788e-01
5.444125202715224265e-01
7.152070493104163429e-01
5.680783516319005688e-01
4.317483627960504444e-01
4.409112216158974640e-01
6.915465635103865694e-01
4.967772633250910341e-01
3.512122908002561217e-01
3.303834594117609491e-01
4.447745181682749571e-01
4.641841855412732754e-01
2.829784719973290064e-01
2.869716536187106870e-01
3.221437116260559841e-01
4.919558690820636238e-01
2.732243362471337700e-01
5.497706806571137639e-01
2.693853346857448261e-01
2.665768121017716985e-01
6.053812527812131306e-01
3.188280832094482764e-01
5.150798466770211137e-01
2.892783630446171816e-01
6.270334605252512183e-01
5.505508050514957841e-01
3.669498702115953637e-01
4.117556868883024968e-01
4.237061125196430744e-01
4.325153117250921664e-01
4.339522535719053109e-01
2.928287812614221997e-01
3.676256652019315174e-01
2.694132485230495977e-01
5.329431506824970910e-01
4.446535678824576343e-01
3.350169851934736154e-01
5.955992868625746839e-01
3.924390972964855173e-01
6.102723769499222017e-01
7.374513646023505009e-01
2.663043060238034498e-01
5.205321603358304960e-01
4.052569316334131977e-01
5.186932773953017994e-01
5.551579478823491787e-01
7.390967000681611943e-01
3.799273518684683770e-01
2.884396279671277985e-01
5.454412526986366361e-01
5.931534027931799624e-01
5.067950845116093728e-01
5.326958744439252991e-01
4.234330656794463299e-01
4.813058454968432986e-01
3.897370147958218456e-01
5.511747354698874890e-01
2.929659247726663085e-01
5.881233842142170598e-01
4.045260689950860855e-01
5.635717462677460876e-01
4.602763579580228526e-01
6.239720782792436138e-01
7.381410752172561374e-01
6.061008531351339546e-01
4.258113655878119075e-01
5.591178710554871589e-01
4.944966607220096511e-01
4.478755414736095841e-01
5.620871949653989397e-01
5.408923180599869429e-01
3.916698907307401556e-01
5.594228055487586726e-01
4.753366642120519514e-01
3.925709543223102060e-01
2.668151328899082131e-01
2.674993989363917413e-01
7.383937431205787050e-01
3.802615824887919382e-01
6.691654682489009964e-01
4.947794578003453236e-01
2.684015074356192465e-01
4.754655470746305124e-01
4.199950215218865024e-01
4.644551143176203767e-01
4.000781838635182330e-01
5.486288736489838280e-01
4.276402510671667989e-01
5.348738365952012686e-01
4.894097622886611765e-01
7.017589459926449891e-01
3.482394995037747520e-01
2.775488519550806110e-01
5.297478723487294427e-01
6.171807486905613871e-01
4.153485037334900265e-01
5.623264327014984021e-01
3.990112496787434626e-01
4.903116082630205042e-01
5.477306747400010334e-01
4.936510296408952447e-01
4.986280361247732995e-01
5.821293037259281933e-01
4.454020048846707991e-01
2.672929154659491324e-01
3.771796184679437891e-01
5.970638208264109625e-01
5.786571777686888574e-01
5.961589410681037426e-01
5.370990246652080913e-01
4.239240046268968887e-01
3.778195300324453942e-01
5.818365163482501767e-01
7.385918280751325726e-01
3.975422467913859448e-01
5.473230417693774053e-01
4.870397358911717212e-01
7.277348466222577361e-01
2.905337897641315226e-01
3.766643811596852576e-01
4.553874840955785541e-01
4.195171794046945180e-01
5.719369941470041629e-01
4.914808529946035343e-01
5.096773116180327579e-01
3.923360144360659163e-01
5.053802558671907086e-01
5.243911435553637590e-01
4.731480982564471582e-01
5.557531203070772419e-01
4.761709973366681226e-01
2.664891425627167743e-01
3.014027830807796127e-01
5.766791803589085275e-01
7.346961315335032161e-01
5.966002302918588240e-01
4.521357242027958523e-01
4.980087353999914090e-01
2.677962382162145660e-01
5.709076058739768200e-01
4.547169520369928053e-01
7.362435867902284992e-01
6.033078765307574587e-01
5.571507762409624309e-01
5.478517380021817873e-01
2.862182782680961490e-01
2.666236245138413063e-01
4.129612103199716833e-01
3.997704338937708712e-01
2.688427447229922995e-01
5.535498225200138345e-01
3.033477568729283091e-01
4.810398241433020416e-01
2.674989533717426204e-01
4.873975691736314730e-01
3.679277006425116792e-01
4.064932448021648104e-01
5.207059690694341159e-01
5.741549959921673496e-01
7.383611087106015658e-01
6.344233201374991360e-01
2.685141486639870401e-01
3.666543813229454774e-01
4.009805926521792241e-01
3.951682405346666482e-01
2.671804200700760856e-01
2.686212125809980811e-01
4.572996708390542620e-01
4.682340945078247163e-01
2.716858330462180171e-01
5.683387571031630614e-01
5.758207845242681033e-01
4.381354487597564629e-01
3.849436217782690739e-01
4.905398594210327312e-01
4.678332427839362317e-01
4.698427655989658724e-01
2.889138431118903338e-01
5.575559163769338022e-01
6.394731565355213920e-01
5.851269189306518292e-01
5.581010839497120291e-01
5.171752191178560221e-01
7.354640156148141150e-01
3.846127186657712360e-01
6.074103807736374039e-01
6.828834482155907715e-01
5.263612204904066783e-01
6.662628796406472320e-01
6.293855049113616928e-01
5.611060101343469109e-01
5.504025048806039377e-01
5.810077727002320724e-01
5.104357272084287800e-01
5.368163316085093895e-01
2.667992612947445163e-01
4.363729265061645490e-01
7.313790758915251766e-01
5.188736338515237412e-01
4.000201561392449090e-01
2.787492028617382656e-01
5.572076108851892196e-01
5.521132113101228089e-01
5.762507557547422721e-01
4.816217481123037936e-01
4.596421267751811812e-01
5.572747573930444398e-01
3.404785993568333335e-01
4.736616056928932283e-01
4.325717607312948298e-01
5.450921678563572792e-01
2.717675229267472181e-01
6.482449246395257658e-01
4.435966728895548994e-01
4.894420912256338685e-01
5.298502557606141750e-01
4.175063032806617391e-01
3.676232726307587795e-01
5.422046909371390777e-01
7.376039520262304139e-01
5.371254365828664890e-01
6.521186991290398582e-01
2.899202940492371927e-01
3.119712239391994046e-01
5.712148587122344301e-01
4.886181020133883446e-01
5.515172965104957470e-01
2.740261029953482974e-01
3.011398826683969188e-01
5.391135262330662981e-01
2.977869977915388322e-01
6.694153833296309086e-01
2.668826072888710321e-01
3.551357385663903576e-01
5.617521179387657826e-01
5.924927301394992130e-01
5.132413626157659170e-01
4.028536100017802712e-01
5.857935871055834909e-01
3.432665815762641071e-01
5.020395942980646620e-01
5.066993864808725379e-01
5.298832981760409622e-01
6.600477241959092911e-01
3.656630283973483775e-01
6.915342034798033222e-01
2.767238200692401784e-01
6.523023500834601585e-01
4.747848931763156144e-01
4.873248134393453057e-01
4.920318976326901739e-01
5.644921840868063478e-01
5.381073206619078064e-01
6.805274182543761263e-01
5.459994546637702006e-01
4.665934055379842849e-01
5.826452339285436155e-01
7.150154767339683692e-01
7.380028392301458684e-01
4.405239201125616955e-01
3.933631889611583499e-01
2.765750719635691190e-01
5.916948205942100802e-01
7.184692399577355948e-01
4.505098258144135670e-01
5.498536640944747811e-01
4.862141497422061143e-01
7.381320536320924441e-01
5.586574928230672032e-01
4.578364211418142204e-01
5.672251542130108959e-01
5.605016998341749712e-01
4.958949686220233133e-01
5.421384438970805464e-01
5.597134394420509862e-01
3.070006161186203397e-01
3.909202968198282058e-01
5.277945185848986753e-01
4.181509728901515177e-01
4.662605769223321373e-01
5.625516680567734795e-01
4.027460687549609952e-01
5.572374601957068574e-01
5.443620354110169091e-01
5.596511786848530345e-01
5.563551706809747310e-01
3.945785319861549456e-01
5.967537489151804042e-01
4.653853159314409460e-01
5.655039660252286771e-01
5.906757055525089228e-01
5.104985378107280702e-01
4.602874578973730757e-01
2.673202231424146036e-01
4.360142329025741281e-01
5.440687888549623485e-01
6.216183643786931112e-01
5.298245167371580244e-01
3.872696102176398369e-01
3.536254191727810081e-01
5.573791708228997832e-01
5.421421506751288311e-01
5.722767655820037991e-01
6.639550547032979644e-01
5.517825286238168259e-01
4.912655986713513334e-01
4.495803976475115094e-01
5.628872304894925183e-01
4.338393289416528353e-01
3.910742086552690955e-01
5.578827988133375770e-01
5.258453772324944708e-01
5.521228321494079383e-01
3.799166887802160608e-01
3.487601527786410305e-01
2.740763763982215218e-01
6.783521252073406727e-01
6.654706558870379096e-01
6.997876843852617323e-01
5.205881584654324934e-01
5.410197812336274836e-01
4.465030762427660282e-01
5.594699441889081637e-01
5.797070465418703300e-01
5.716060955918171871e-01
5.621972909219670189e-01
6.219430428289423052e-01
4.407114968263700638e-01
3.374073057630150307e-01
4.322284526354318035e-01
6.039212580645585415e-01
6.626500227340113014e-01
5.746203523037871630e-01
5.210073562295333138e-01
4.787913242392840552e-01
6.113650507121146660e-01
2.969961240020376758e-01
2.939435416400120737e-01
3.761333217684474373e-01
4.529718617031484595e-01
3.690410974299079827e-01
7.154995198451179483e-01
3.475555687785037984e-01
5.902180648207586700e-01
4.420689576145767630e-01
3.970483727364701454e-01
7.387770914011266843e-01
5.844492535928329513e-01
4.844553372824095816e-01
2.731617233416926971e-01
3.240226594498832324e-01
5.898065904267644211e-01
5.622261585588482768e-01
5.600657258618368939e-01
7.357167022075485896e-01
6.076346181661622659e-01
7.137125688136095603e-01
5.698029202507499669e-01
7.393491533965931284e-01
5.851112217870254595e-01
4.534564166177249556e-01
6.126042312313957350e-01
2.703218514769964997e-01
7.257986837164864813e-01
2.718879799481292991e-01
6.594769832729224790e-01
5.390994769411756593e-01
5.491817559949494498e-01
7.389472581311314903e-01
6.510701334085277070e-01
5.808590331488694414e-01
5.227395753796350020e-01
7.336372158824741030e-01
5.604387811242556028e-01
5.561041983160412983e-01
3.963860491133069375e-01
2.662808035235031401e-01
3.737791459946731010e-01
2.733693688025431445e-01
6.633884054939853669e-01
6.101377020605608381e-01
3.038622931281727002e-01
4.356134500737229298e-01
5.598603997249990138e-01
5.175419475716227513e-01
4.548543851737350541e-01
5.367102727198493906e-01
7.363730621895013817e-01
4.717354086667924773e-01
2.792928767717406391e-01
7.394205239098793347e-01
5.205694174575548061e-01
4.232255731506824326e-01
2.817205632818947647e-01
5.592669052831588106e-01
5.010434195307806871e-01
7.386964982714928629e-01
3.816011722652809524e-01
3.676156524357279687e-01
5.621844471703789647e-01
2.688361222860778388e-01
6.076898850021531517e-01
5.916260275460502038e-01
5.352897084295216157e-01
5.259402907512572556e-01
4.118526647490572956e-01
5.190220829040043116e-01
4.898711620395108657e-01
3.725599365337149971e-01
4.453739285580430307e-01
2.673124267397501419e-01
2.797256073987406388e-01
3.901074594308783783e-01
2.925371536550627205e-01
5.977430597592201522e-01
2.706615416307425748e-01
5.035827927987721608e-01
5.009669551423264755e-01
4.699247755272938920e-01
5.777082211211055363e-01
4.594569348194127434e-01
3.595170647030451749e-01
3.887002338267723234e-01
5.016246608136301077e-01
5.680328127825242657e-01
5.618214843478172016e-01
7.342410211243322049e-01
5.991988964791264971e-01
7.387317755554971832e-01
5.461825811580292012e-01
4.744184522095906686e-01
4.820306669548535816e-01
5.706607950281163966e-01
5.991556930393611147e-01
3.674697439455038572e-01
4.731435774363198510e-01
7.384041133167874582e-01
3.129350848957631048e-01
5.728202700228619548e-01
6.114905336203996233e-01
2.813853534285340463e-01
2.703577152438680908e-01
3.547537824855712119e-01
5.433836556393216721e-01
4.566882245401207019e-01
5.610807145253791095e-01
3.784480250172087556e-01
5.837189357320650140e-01
3.970956464145803388e-01
5.447627345313793557e-01
5.580689955627263776e-01
6.486984176959700310e-01
2.923270165124552955e-01
5.636863021931765028e-01
4.306169531584587151e-01
4.282125191013373411e-01
4.388141972682084169e-01
5.604242352319951381e-01
6.356904626541328707e-01
4.550715710474036446e-01
4.661320655049090433e-01
5.655053417005511118e-01
5.082636507492314104e-01
3.063785453864915076e-01
4.514710250696363780e-01
2.665143705429922072e-01
5.343478908998228194e-01
4.517514790515186340e-01
6.274718005708116442e-01
7.309947653724424566e-01
4.921254492060074814e-01
2.731208880413386608e-01
3.663013285804523900e-01
2.746564318932520621e-01
4.112155119967627059e-01
5.023347492918897039e-01
4.746921089909976188e-01
7.176641730344153203e-01
7.289380263625512280e-01
6.154125280371274265e-01
7.380814278066278877e-01
4.858347889782195783e-01
2.681432194247440060e-01
4.800664888012909914e-01
6.285371633653672463e-01
5.662166322240973493e-01
2.665343402022306574e-01
5.366099846663299200e-01
2.693687264801954973e-01
5.775141650586688158e-01
4.263414015983423289e-01
2.730033732475144470e-01
5.593929971517080935e-01
5.988811434331846595e-01
3.730952992564669501e-01
3.704764128739599927e-01
5.044399737769444947e-01
7.083486565821646153e-01
5.550538412196410754e-01
5.072334787124753719e-01
5.717059924713225882e-01
5.793337886882717891e-01
5.797062414916915873e-01
3.832849622556578906e-01
7.374455765674312602e-01
5.173595717841804609e-01
5.537293330261217061e-01
3.696561730374280375e-01
4.424867869106031137e-01
4.986954216600344991e-01
3.655767662729910161e-01
4.015767847386590428e-01
4.452001879802129913e-01
2.926158004629174636e-01
2.667210012666809682e-01
3.977676584055367948e-01
4.055038114886698186e-01
7.392059389670737612e-01
4.635398184202398908e-01
3.487817936165757970e-01
3.447074413218813582e-01
6.899805482237588716e-01
7.382360823932710980e-01
3.914776475138760370e-01
3.638520850456531952e-01
5.697924285595732385e-01
7.386407700484201033e-01
7.286905737098871016e-01
5.469628896818578001e-01
6.072782662486450045e-01
4.338041516507704087e-01
5.005951956229688360e-01
5.485600204052275553e-01
2.820379688529022211e-01
5.868181622770922701e-01
6.029975943601380006e-01
4.477483444667816337e-01
5.583661855801017593e-01
6.808254179376422854e-01
2.667430981361733067e-01
7.394227484011363094e-01
6.088813318807981823e-01
5.933938365329127773e-01
7.097322837162729492e-01
4.678160255244328547e-01
5.163370496100185836e-01
3.895061279597866744e-01
6.209075716748422291e-01
5.444132065431334100e-01
3.850163882909759527e-01
5.541267909224765198e-01
4.827731353807701575e-01
2.878097564366718930e-01
5.634152142908080974e-01
6.358647207270136104e-01
4.887660961627597889e-01
6.309660643831352944e-01
2.671720804484445932e-01
5.860961760364072903e-01
3.599559388598405074e-01
5.487630035851399635e-01
5.612334392099088687e-01
2.707480062319574943e-01
3.032519335726202581e-01
5.462090830428087962e-01
7.062497396117808357e-01
5.298931671310015412e-01
3.700007134750028515e-01
3.250970204879700676e-01
4.540148508212122347e-01
3.271931857341843775e-01
2.699084839026498206e-01
5.283380413067534365e-01
5.790006408061262322e-01
5.467857770943389539e-01
7.392409852221313304e-01
3.062267524003509100e-01
4.472804973846259968e-01
3.293749529105935436e-01
5.755314382532549233e-01
7.332744493512646233e-01
4.636423468694353955e-01
5.955592241362956951e-01
4.136908409305831702e-01
6.371473437739184620e-01
2.991618275972962038e-01
5.499122531339607489e-01
5.321889796634797776e-01
5.080276998377574182e-01
4.820354549594393356e-01
7.345511791761898390e-01
4.422182721116024728e-01
6.326040760776110439e-01
3.538411949742064633e-01
2.671831407220168764e-01
4.342376462890391031e-01
2.662933634379315295e-01
5.607083987239257494e-01
5.872853806321584047e-01
5.654561281134717898e-01
5.897301292929337801e-01
2.702290906931333336e-01
5.598923872407063351e-01
3.547232089857540460e-01
5.321057305811444094e-01
5.591165925431188510e-01
3.947859627354326495e-01
4.327619263457083698e-01
7.377772065508123589e-01
4.605842919888094023e-01
5.498674409586536971e-01
5.573303621968488386e-01
3.871414687883363848e-01
5.499312235980603480e-01
6.811330821259075075e-01
5.871243636664931209e-01
2.895866574489741052e-01
6.511152388256143952e-01
7.115303078676473714e-01
5.372272649890961205e-01
7.353691604816646743e-01
5.811843866936119429e-01
4.715909560534674583e-01
3.688695021418332831e-01
5.836069564262145182e-01
2.657403141890009035e-01
4.644381627019255054e-01
5.571511828420777634e-01
5.599787902860606792e-01
3.020182216710958767e-01
5.086236353295741086e-01
5.687990765546472316e-01
4.817121757608313626e-01
6.290061180981219024e-01
4.707494142769232948e-01
5.620414203560307742e-01
5.527114692920029881e-01
3.338767099175056763e-01
5.869431145850899645e-01
6.166538832829442374e-01
4.572348172666764188e-01
2.983500365174504010e-01
4.135770686467006296e-01
5.481123153631898282e-01
5.428419688491015194e-01
7.257417226199525118e-01
4.371019094300050423e-01
5.622488879451527088e-01
5.457275608929170740e-01
3.570807504001657917e-01
5.799272225357432475e-01
7.188090369981314787e-01
7.240575993002774657e-01
3.849204317446913159e-01
6.487674348460037432e-01
2.879252855862762805e-01
5.387540954531979676e-01
5.462241618606801241e-01
6.350987980058072635e-01
3.089069645344310056e-01
5.000360404977066686e-01
3.789354279152432614e-01
4.396037370421553292e-01
7.323857648330687198e-01
3.601851985932896238e-01
6.479364268588155840e-01
5.451547747891724027e-01
6.293510829054250744e-01
7.394694458375763446e-01
5.516637018167597217e-01
4.884824856228849321e-01
4.750675120916915684e-01
4.394289665700081282e-01
5.071463084450357206e-01
3.902638366561890781e-01
5.959272414394717332e-01
6.718546928715580790e-01
3.998481436777462927e-01
4.950386967553777051e-01
2.929374931179415942e-01
3.543605639228366577e-01
3.547060530304451675e-01
7.385736599324426166e-01
7.384071509205860639e-01
3.853163021523131060e-01
5.591383627736352668e-01
6.203658551189892290e-01
4.750400940305650743e-01
6.538708724122713756e-01
6.268732776603277435e-01
2.944941635840274130e-01
2.668215084390652136e-01
3.313240183642700565e-01
4.294377467567758733e-01
5.953792658755775458e-01
5.477916350680872570e-01
3.871710164411929500e-01
4.156927505917732413e-01
6.713230950173973977e-01
6.475080132345782946e-01
6.107934482097685525e-01
4.798444871995021788e-01
2.731589338361308239e-01
4.174816617422197895e-01
5.135019334376176303e-01
2.725464641461075033e-01
3.767497834995292005e-01
5.495745244634042681e-01
5.701975956996151451e-01
3.734241900296212391e-01
6.190916068220053692e-01
4.333058771524015418e-01
4.148708975937424603e-01
4.070918507710874490e-01
3.256157432511959104e-01
3.604238640908232760e-01
3.292491681494209010e-01
4.728352435420556943e-01
5.387102790160530619e-01
7.107320249501380971e-01
5.966660387976607804e-01
4.882246845806754720e-01
5.484444385460979232e-01
6.338931269756925557e-01
6.733165734285686543e-01
5.195222608120394492e-01
2.665893558886517911e-01
7.211058799662056762e-01
3.843356114282724389e-01
5.501623477902735093e-01
5.229954514382793018e-01
6.380529326829628145e-01
2.734415652795150198e-01
3.881231731285174624e-01
2.757198006285184744e-01
3.821627206719207526e-01
4.803271604702387676e-01
4.574970333672818690e-01
2.777093555237180600e-01
7.383397892679025576e-01
4.456984218194154357e-01
2.944309716062934457e-01
5.303901589445372267e-01
3.227265160122219090e-01
3.699647684085949906e-01
5.458843138604606571e-01
6.520802406220101988e-01
4.233664184187508894e-01
5.461720558410988469e-01
5.927473150524253942e-01
3.517088631018098766e-01
5.632856443629489229e-01
4.586650586167775323e-01
7.022060495500527244e-01
3.252417258435217895e-01
2.714177307495951874e-01
3.206970128530603481e-01
5.304125416772405011e-01
4.896773036489435182e-01
4.085217715558867035e-01
5.894345087833233743e-01
3.455680458669900812e-01
5.286987964145710706e-01
4.717007126682097318e-01
4.250717527838975274e-01
7.363303348444041330e-01
3.677225548745883810e-01
5.801078858709738384e-01
6.127984392873628838e-01
5.332415459425130511e-01
4.424589217669097074e-01
4.128312011067535314e-01
4.757312044075469593e-01
3.755429229971841143e-01
3.415723040444012537e-01
5.728464629927978446e-01
5.619577945578200229e-01
4.712333210864383393e-01
6.114084040824887545e-01
3.603088977543517091e-01
3.428406851671866873e-01
5.844889254483904839e-01
4.386023483409656754e-01
6.996744248749248163e-01
5.361510401948602622e-01
4.280351841776447452e-01
5.141703939505670728e-01
5.625396772966075876e-01
7.384075583047464697e-01
5.504458866013720586e-01
5.606016589725828503e-01
5.774238130046052131e-01
5.475430372003197155e-01
7.174758302580769298e-01
2.694474438245608172e-01
5.814762411465494996e-01
5.604532332755099988e-01
2.824046084422400793e-01
4.767480765152636302e-01
4.445769276306523188e-01
5.229308134259719187e-01
5.427234875769405553e-01
5.154325580669687490e-01
7.383812363750235086e-01
5.794725178448111302e-01
4.438364162099133758e-01
5.436507014946164729e-01
5.668859004746756858e-01
3.689810414484058221e-01
2.993019511761280671e-01
4.326524635588583911e-01
5.760735458688452937e-01
4.383284314330675446e-01
2.776246639768072400e-01
2.674975335300793788e-01
4.483785930217245030e-01
3.908699314062398789e-01
4.948917938642723446e-01
5.683308307131441639e-01
4.396698943264473192e-01
5.047204403503448011e-01
7.259807292940833046e-01
5.614764403016865302e-01
4.724123532465263064e-01
2.673317694650661491e-01
5.033331683057385986e-01
3.986546283161787052e-01
5.921399680935227616e-01
5.339239129326538436e-01
4.663390020095783961e-01
5.299626158842362100e-01
7.376739883423680810e-01
5.225746854100399297e-01
5.293287688767605026e-01
4.670576771758389034e-01
4.791613744062674374e-01
5.684987833829845405e-01
5.677428216089167590e-01
5.281740712957300188e-01
4.730862096653002391e-01
5.316678092455916493e-01
4.664564112594787315e-01
5.728251491315176080e-01
3.805144181396706293e-01
6.522063007809763002e-01
6.521631259211611020e-01
6.057415110150743409e-01
5.522866914978847852e-01
6.382228705165622351e-01
4.505894532080675918e-01
5.962527737351667190e-01
2.672665948013986381e-01
4.558013189815046662e-01
5.971602398835761383e-01
4.186329138926571658e-01
6.981341233843003646e-01
6.628275585761932431e-01
6.099602958345701209e-01
7.385294540956811593e-01
5.601718084654886409e-01
5.127202940364237183e-01
6.228213082602186423e-01
5.310700209176040243e-01
5.481150567186253708e-01
5.972539359382798008e-01
3.159030454800519361e-01
3.565740410738975075e-01
6.374005396799486967e-01
5.691875118105145237e-01
4.238143429762232794e-01
4.998897310035464447e-01
2.678895968346711176e-01
4.626817222820346354e-01
4.933757339822331667e-01
3.716901951854597597e-01
2.712182074859713077e-01
5.159808765545350617e-01
4.391768975127586239e-01
5.712494907826106694e-01
6.346661716962053168e-01
6.361315340894598824e-01
5.454349904718851505e-01
4.723968826000085053e-01
5.782228814435960151e-01
3.428276340795504140e-01
5.234666007047209524e-01
3.899707391522824751e-01
5.446573701050254623e-01
5.623886369891440973e-01
5.575811808934191260e-01
3.853225753668633735e-01
3.346626283620577347e-01
4.471149898144761714e-01
5.373514860138415283e-01
5.396536214779930063e-01
5.498129021593198829e-01
5.950852986967820613e-01
4.023353955302248486e-01
6.315157347221300732e-01
6.335297160971334884e-01
3.655015839663339206e-01
7.142823533099874611e-01
5.185359096522935696e-01
5.026444054703038677e-01
5.843160342985939115e-01
6.494272546700858850e-01
4.561715234332055502e-01
7.385953376025170547e-01
2.680537847322746470e-01
4.702380122250610084e-01
4.635042476197888672e-01
5.954389387126840516e-01
7.237747021001705860e-01
5.851702068295231429e-01
3.257071229700220227e-01
4.595994941813070778e-01
5.779337035367352327e-01
5.454742185876847449e-01
4.163990992996097762e-01
4.529851551649887176e-01
5.265814018245955630e-01
5.107819992861074576e-01
5.737879773987328846e-01
5.519071824757291189e-01
4.282738489873211818e-01
5.268670911490966891e-01
4.697169981296299701e-01
6.954394368567288209e-01
3.474762995623453254e-01
5.646117019328671383e-01
3.014589327555169396e-01
5.457509905213272505e-01
4.168953773583697897e-01
3.137025415632533343e-01
3.090469314850731175e-01
5.317045501475575753e-01
4.756984698857491534e-01
4.174289569040376957e-01
4.760730130321050857e-01
4.734186688022467560e-01
3.970448142928039714e-01
6.390892487289527857e-01
7.384871487007750313e-01
5.620714211648496494e-01
7.076028365997328873e-01
5.881372346114575045e-01
5.803753305478878133e-01
6.489112374813840178e-01
5.267064444890113828e-01
5.588846297028199350e-01
3.904356273338120409e-01
2.665351021892423122e-01
5.123461877414982046e-01
3.317482224945642599e-01
3.024147225135766504e-01
4.785610178499646317e-01
4.629518025884038490e-01
4.910351892691172115e-01
3.976486161349515602e-01
3.701861669080489525e-01
3.907638635893082579e-01
5.952728773079994928e-01
5.065846181593026687e-01
2.689657494190416664e-01
3.874827893898010189e-01
6.815507428750198216e-01
4.622578396669304035e-01
6.156515115129225224e-01
3.289584315395453484e-01
2.665546479449403261e-01
5.704969007909658218e-01
2.661694964111975814e-01
5.427825862580406557e-01
3.744517616718582298e-01
6.287321992869352449e-01
3.105607966567426326e-01
5.493338844472593907e-01
6.062681465905015443e-01
6.623231019373567730e-01
4.440064904034420334e-01
6.525422016946050841e-01
3.875862300019189965e-01
2.863611692790216101e-01
2.785464806897242629e-01
4.702501753932687434e-01
5.560839449883479002e-01
5.528884829728150097e-01
5.361635839966968353e-01
4.661841045466646460e-01
2.879472954208063262e-01
5.058921795182108605e-01
2.741261312122412197e-01
5.699115284799708414e-01
5.561724846929242405e-01
6.098037514489140776e-01
4.881595982296599301e-01
5.812060166054690002e-01
2.953601512663312501e-01
2.689568459508753784e-01
7.388610275175482300e-01
5.534277883393247111e-01
5.683799138628150560e-01
6.023000488961375298e-01
5.331617484756052683e-01
3.907051373182093834e-01
4.759439022321615420e-01
2.666883493978465247e-01
7.080545996404115083e-01
3.031083286007941746e-01
7.373511694791291537e-01
6.618529652462015189e-01
5.365356502473533906e-01
5.265798475505839571e-01
2.688958218444476023e-01
4.993896052888698867e-01
5.579781422139155067e-01
3.414940733872648404e-01
4.850813900535326240e-01
4.813361623437539261e-01
5.311839451001303392e-01
5.593014575427452950e-01
2.758303112242546096e-01
2.764645858085360008e-01
6.222153025928736092e-01
3.925164926777380825e-01
5.003911105388803016e-01
7.376422367871712238e-01
3.759801335551025692e-01
2.836201956334044039e-01
5.659707028135244622e-01
5.583012540447760408e-01
4.557151943199923005e-01
7.389638314423543353e-01
2.696593690784509501e-01
6.143645118089803292e-01
6.141774416074151643e-01
5.617041267120130854e-01
3.202842996577757728e-01
5.975466848800311537e-01
5.221789670894010360e-01
7.114024125369772245e-01
5.421431697855431109e-01
2.736815930248887585e-01
2.856124181228805736e-01
5.619769868832618087e-01
2.663589960259178935e-01
5.251241540474743674e-01
5.246490856404495418e-01
6.300738624886143002e-01
5.526063707002178971e-01
5.904761134991762805e-01
2.692968345486859705e-01
3.035088588594175296e-01
3.228234460113277859e-01
7.292699390904212597e-01
4.840250678996387279e-01
6.383414246621457178e-01
2.671135012464362357e-01
6.330511537938657840e-01
6.511829941301826574e-01
5.202207746565399304e-01
6.195319283266613741e-01
4.283007492793184379e-01
2.690705658029656777e-01
5.623505640474990575e-01
6.325008662902366074e-01
5.032888121383601865e-01
4.816417161085282395e-01
5.603445701409560664e-01
5.509950003947686747e-01
2.921238517577297578e-01
5.588232916197407585e-01
3.830707013041635411e-01
5.083216119707590908e-01
6.854301893270042800e-01
6.766259431354185727e-01
5.235712296221521900e-01
5.694685231969774941e-01
3.038459171903547529e-01
6.529077791891090277e-01
2.837770337566335455e-01
5.863270637624452553e-01
6.983372528892519693e-01
5.657237072363238140e-01
5.882193585590204110e-01
4.816655685654284702e-01
4.904338282907137470e-01
4.945834287835291776e-01
3.690696619947096413e-01
7.203012476475262327e-01
3.035844646032109240e-01
2.775340508686886531e-01
3.197798583313576359e-01
5.714302050172457292e-01
5.311639199168379788e-01
5.717528276780026175e-01
5.907108005226722192e-01
6.378622463796219666e-01
4.078174438730220452e-01
4.458538342330377047e-01
2.695419108007788278e-01
5.607067917643036026e-01
5.622359504839506972e-01
3.944579813151918857e-01
6.021977566426828243e-01
6.824896260938133619e-01
6.357276708794149522e-01
2.670005183613007871e-01
4.643627505688551760e-01
2.708387917697507863e-01
4.018427828989397099e-01
6.000041026278150058e-01
4.779908680938101950e-01
5.510076567023439731e-01
6.121314191139446415e-01
5.739931127090956986e-01
3.227355131614125794e-01
3.766576623049022188e-01
2.982520616252767875e-01
5.020690665737573832e-01
4.799512651626332560e-01
4.786161010392143145e-01
4.128608298462468351e-01
4.886342109018152469e-01
6.524920792729135277e-01
5.634294143220289763e-01
2.975579847306268344e-01
5.058579892313507242e-01
5.030958309447146615e-01
5.618050882774777710e-01
5.418854596316498018e-01
4.229896629719954726e-01
2.663006052398305123e-01
4.773893455325909918e-01
4.263524810614499616e-01
6.503731297425034974e-01
7.360888829967249247e-01
2.666415621632499677e-01
5.500637466033129197e-01
2.677414732891301719e-01
5.939548649836584593e-01
6.411588822123586162e-01
3.077756132154046420e-01
4.636035202033364500e-01
6.309795399815102401e-01
5.649921950677341265e-01
5.656970870007363983e-01
5.600136647732132378e-01
4.887194847573255174e-01
6.084715301888834471e-01
3.031699980839125397e-01
3.851612401509169614e-01
3.950092478146129960e-01
5.909622493103102725e-01
4.930741120123096066e-01
5.356722921476866350e-01
7.176101270279195976e-01
2.698087482436348217e-01
2.835469114106171085e-01
4.926717727360838128e-01
5.426730735637927960e-01
3.330932699328349456e-01
5.298184496452751358e-01
3.471793172555803220e-01
5.308456191266873736e-01
5.387826805473890923e-01
2.726504082182160671e-01
5.087047299580598203e-01
5.206785766283661410e-01
4.749505186193020978e-01
6.515623847378415601e-01
6.383346845773734124e-01
3.304644139324381946e-01
5.602499929430013736e-01
5.875907583931714306e-01
3.844497389587342995e-01
5.328635883307712984e-01
7.387997434997717328e-01
3.255152241371252475e-01
4.821907888276210086e-01
4.650078550001240929e-01
2.661197834437294407e-01
4.291483631252986930e-01
4.649317820175037363e-01
2.667338179922336128e-01
5.206668264321892003e-01
2.970188038805811614e-01
4.772809131805297311e-01
2.719061475926665694e-01
7.388412150102394715e-01
3.132813239651021653e-01
2.984279519046512119e-01
7.374131128115740674e-01
3.656072408074545477e-01
6.061885724271232068e-01
5.579012984763396243e-01
2.711309349358624332e-01
7.268874987920880271e-01
5.235173914979276422e-01
5.446898041624254061e-01
3.855174029168048633e-01
5.964018514273167204e-01
6.639107068421513658e-01
4.761120769009649090e-01
5.586953070065239224e-01
5.404069300020416522e-01
6.493278548790970550e-01
4.898906211175618752e-01
6.538650039366874500e-01
5.700191736590813907e-01
5.572596408521817146e-01
2.700376881352789527e-01
5.758432890385993819e-01
4.912259824297840471e-01
4.851103879007484521e-01
7.393643512450972510e-01
5.627964552437632051e-01
5.730387445722099349e-01
7.176675284952406253e-01
5.403334102225542113e-01
2.705674869901469881e-01
5.702411505164041161e-01
4.580310648541469631e-01
2.696088800247951611e-01
2.701672554684176886e-01
3.590755744355729195e-01
5.544577742129850328e-01
6.914274881143455120e-01
5.569921462889008135e-01
2.800407874494101890e-01
6.453992537797833551e-01
4.955637021330976388e-01
5.680084294515881371e-01
3.050388524187309658e-01
5.781474307372101995e-01
5.325115294754246831e-01
6.583624594857736545e-01
5.801413629221283674e-01
4.436055724250124732e-01
5.763427222758840118e-01
5.105210910728038565e-01
4.869653797108461357e-01
4.259760301513190184e-01
2.746847373471680842e-01
3.093651159446990095e-01
7.377391699727121610e-01
2.911977596575572313e-01
3.381513391794330747e-01
7.159336424288774703e-01
2.691909807287011236e-01
2.663424222998336810e-01
6.965249222714345878e-01
4.555816589888348478e-01
2.863981477471897463e-01
4.306208083983509294e-01
5.743446709098876113e-01
5.533351543044721099e-01
4.339223342401142824e-01
2.697605616526322359e-01
5.377302448117481370e-01
5.590083053889137732e-01
5.632859051910816817e-01
2.690234537183720520e-01
4.871270114681363617e-01
6.153083485754576865e-01
6.596748059604248260e-01
6.003543837120519644e-01
3.087257745607648873e-01
5.101004462569815878e-01
5.728919667790099979e-01
5.157549563799328496e-01
6.400841644251309415e-01
2.662373444567514569e-01
5.949482148482975186e-01
4.815841061204070850e-01
4.409679662897698083e-01
3.267362796587442997e-01
4.453770791470057500e-01
2.668389327241532105e-01
6.271387795894507455e-01
3.413322995907648316e-01
5.561894346701117264e-01
5.027827814686804953e-01
4.705992340384924089e-01
4.963011595227374562e-01
2.758273316986481483e-01
4.959197798602485441e-01
2.665903173652365843e-01
4.447976356322005387e-01
4.354902089725434799e-01
3.133293714977636868e-01
4.907312412420966607e-01
4.155096448376879859e-01
2.663696218578593400e-01
5.588620827019747939e-01
5.737494854446730796e-01
2.801450529394217681e-01
7.392696885027217890e-01
6.261637157194169800e-01
4.419100824871674549e-01
4.535362901097457766e-01
5.378953173900702378e-01
3.234322742665470818e-01
6.281066104545273143e-01
4.928119670608674396e-01
6.134407984841161454e-01
5.456245417002002496e-01
4.020845654658846136e-01
5.467008447849698305e-01
6.282593861134518898e-01
5.865346273323437387e-01
6.392786069471374510e-01
7.383003374188696899e-01
4.169937343203779512e-01
4.546389258317572457e-01
5.993162414730605070e-01
5.912730888263081352e-01
5.386117139757785610e-01
5.736047139920033011e-01
4.484343296932072342e-01
7.314771143570096834e-01
5.949594358955776485e-01
5.966458315783135236e-01
6.383671671883975884e-01
5.535786072780151112e-01
6.478728290504843779e-01
6.218770655427623417e-01
5.677947384586945478e-01
7.375703575955389057e-01
3.014953962387787456e-01
4.794003397786650855e-01
2.715608786917934059e-01
5.624921799732773842e-01
6.400162459989281460e-01
5.401118621628807626e-01
5.163443880779156059e-01
3.105634126551736207e-01
5.488134516268989849e-01
4.412198904601301597e-01
6.450124325112138735e-01
6.970569463887289485e-01
5.393890567405374981e-01
4.827488193049305210e-01
3.637724646844870957e-01
5.827012628703176489e-01
7.260037659656100040e-01
4.020099506604187245e-01
5.547576318065747802e-01
3.865968030759661112e-01
6.032992762959137334e-01
6.517798543109667442e-01
2.805592539735486945e-01
2.893091701513547664e-01
4.820593453322150057e-01
4.000597337412621912e-01
4.154593128257249024e-01
4.254546860549920373e-01
2.717491234945452749e-01
5.183214129071387344e-01
2.666613094989546684e-01
5.667912613455102777e-01
5.983737830985067507e-01
5.231947027785621707e-01
5.945272825079758183e-01
4.845374979739678345e-01
6.577489333601784782e-01
6.231962618244951679e-01
5.758773304817880190e-01
5.554598382374464904e-01
6.245241513569257386e-01
7.366496087271479087e-01
3.808065249640606442e-01
4.685281916862035212e-01
7.341524720746206434e-01
5.532277721520807434e-01
5.251132736745580676e-01
6.939717237964743157e-01
3.072548128923027200e-01
5.142899456284861781e-01
7.105291300290383916e-01
6.050781452199014421e-01
7.386737456329116602e-01
4.656576298368166889e-01
6.907722662511367462e-01
5.966137551390510163e-01
5.810518328024545376e-01
4.539120986425693727e-01
4.316717224604999514e-01
5.851938771898484992e-01
2.807542826861366136e-01
2.837555353285736714e-01
5.475691056352094410e-01
2.901904282774877553e-01
4.758781868963156692e-01
2.827639926576765994e-01
6.290234512416877921e-01
5.540030314920547649e-01
5.869419529961210635e-01
6.267035414089840994e-01
4.586548513196003207e-01
5.571108242454746451e-01
5.382196493238554647e-01
6.310562011513078939e-01
3.445848534367663696e-01
4.508200876914465471e-01
2.662475597749140999e-01
5.470883945386932901e-01
5.629466158450310287e-01
3.298839615187675878e-01
2.661944207209973046e-01
5.275327611819476958e-01
4.887764153492994423e-01
2.901257621534870101e-01
5.661657980185774708e-01
2.800059052105672297e-01
4.882547272318965015e-01
5.351617690006388317e-01
5.146625756987368572e-01
3.005826214113823114e-01
2.817673979282438457e-01
6.073992677142507901e-01
4.439540980505825019e-01
2.711335204901048623e-01
4.771423406834842673e-01
6.528039751050903616e-01
4.278809035272805872e-01
5.069319338089838256e-01
6.058272842826110116e-01
3.616386115917420430e-01
3.107388569513461762e-01
3.884825872357742793e-01
4.097153920980476927e-01
6.319979094386848351e-01
5.764743047946618848e-01
7.389950979092781980e-01
3.038832653745239254e-01
4.928509014601568650e-01
4.664426132465225860e-01
2.685974667510780955e-01
4.452941580645059516e-01
5.742294766079446555e-01
6.764868242340289495e-01
5.175640374203381855e-01
7.108683637428706570e-01
5.495131693680705975e-01
3.492880491053709235e-01
5.637249421688060869e-01
5.701485490573093839e-01
4.729739696976199559e-01
2.699940218232046996e-01
4.532531650174019822e-01
6.256318423861052525e-01
5.240404926417924214e-01
5.953183997578231912e-01
5.985523128631284884e-01
5.428030113792959854e-01
4.104958223605877921e-01
5.905385192181985543e-01
4.955348751564372933e-01
7.336227711459940570e-01
2.697746089512878531e-01
2.792783761743937165e-01
5.277706765218994622e-01
5.563293460673877089e-01
7.377619704524922550e-01
5.583988104592589874e-01
3.192302708626568730e-01
5.770335175234664327e-01
4.337666193037607032e-01
4.957650080708979057e-01
5.774513553721463133e-01
3.219129426198399369e-01
4.654108173141401905e-01
5.503526295066760721e-01
5.026360770060261940e-01
3.124003616629206781e-01
7.383650300989776927e-01
5.504163803014666678e-01
6.998302675360845715e-01
3.877227494672213504e-01
5.534258026190060908e-01
5.537202386174459035e-01
5.488839628475857824e-01
7.385362270200588330e-01
4.231486887632257554e-01
2.662752067118852040e-01
4.752483306957496767e-01
2.853068717249905850e-01
7.360772301704260334e-01
7.383847728155517043e-01
6.372082556154550215e-01
6.195200622535127488e-01
5.598270672538389059e-01
7.387276152402176832e-01
5.536030364692487993e-01
5.435205817740400569e-01
6.378043257387573384e-01
3.599017434125647008e-01
5.592840320155966216e-01
7.170087973876758669e-01
5.955992650018012702e-01
2.873140186965570386e-01
2.668717693533415591e-01
3.842629918703556191e-01
3.160894766301733938e-01
3.194087977604061490e-01
3.965013627017022202e-01
4.705730800853598073e-01
2.685791740244505843e-01
4.729535945331223568e-01
5.725629464886823339e-01
5.992574063232176673e-01
2.890457087454646468e-01
5.872254561688579066e-01
6.668808539267800928e-01
2.987448361885819414e-01
5.696373221973018985e-01
6.942762062645431165e-01
6.216228736481239636e-01
3.187432883925904736e-01
5.994349995192054248e-01
3.818850484747885465e-01
5.977120244358526957e-01
4.636162997835613364e-01
4.000034969522952011e-01
5.749494626049626023e-01
5.864213803176914208e-01
5.552069185997250411e-01
4.147302120141068138e-01
4.839675542858140056e-01
7.387221608057931155e-01
7.086678056821150706e-01
4.325549573018051541e-01
5.547530603017787332e-01
4.959043142061116960e-01
5.541395475043997543e-01
3.022645861946502421e-01
5.222127304106913837e-01
6.241073637475290647e-01
6.008449437530128945e-01
4.496244506159185472e-01
5.521673411987430002e-01
5.621540730940365327e-01
7.349752366804047643e-01
2.698283735247645199e-01
2.729254629489260564e-01
7.188941989516959286e-01
7.151849711001821985e-01
2.930393693697798674e-01
5.710370997089774248e-01
7.023525914977550855e-01
5.211120982617276631e-01
4.759250834663057983e-01
4.351583733888046424e-01
5.447328713019000679e-01
5.523230197029360689e-01
5.246557015343452646e-01
5.459241956301080778e-01
5.617233005424606684e-01
5.196326399674687790e-01
2.822484669643092747e-01
7.186541212941019996e-01
7.362394691609728259e-01
5.173733350476513726e-01
7.323200124022235524e-01
3.454014615425068935e-01
5.586695329992253933e-01
6.451754756559768822e-01
2.742480090661717496e-01
5.244027593541962240e-01
6.469104326878033495e-01
2.979444462524605264e-01
7.047254491200918292e-01
2.703331705694123621e-01
2.912186243558841370e-01
4.748333509238043537e-01
5.692185179977863330e-01
5.543959323787577276e-01
5.106178135662835516e-01
4.885609305720806095e-01
3.438329391779861299e-01
5.038007130480200990e-01
2.662385453842592842e-01
5.200330341151828684e-01
5.991126987480319688e-01
2.869954271499957632e-01
3.795269784891889819e-01
7.320404380637006714e-01
5.664046719095641169e-01
5.398301397146376690e-01
4.336020668441233905e-01
3.570374335814786582e-01
7.359524955977790883e-01
4.318081114065742132e-01
6.199450527819994061e-01
4.230631663826002753e-01
2.715404453734925339e-01
5.347568497343180294e-01
4.773435426448651708e-01
5.609878486703070433e-01
5.759890426095042315e-01
7.033366410889820841e-01
5.275488182554450844e-01
5.252876686169810627e-01
7.389590456722556766e-01
6.299390833725709848e-01
6.416264250082246434e-01
6.088907613617995374e-01
4.808791448477897634e-01
5.527422548662326296e-01
5.858006019995267710e-01
5.598519724391129992e-01
6.380891781643666105e-01
5.492035294331217843e-01
2.820810561795213944e-01
5.084198067901178897e-01
2.932685160108189359e-01
5.721604779014523023e-01
5.605144553789739303e-01
3.956406225179088798e-01
6.320412636522285688e-01
5.622538376971470964e-01
4.881993371425165651e-01
4.632268566454570413e-01
5.482186816943327434e-01
5.425129704218110138e-01
2.905710500920061778e-01
5.428513513100118315e-01
4.883021471615791032e-01
5.282028821720778922e-01
5.619126522603862250e-01
3.995412032003399783e-01
4.845483761886875684e-01
5.927537000626823538e-01
2.753236321079243765e-01
5.541904936220654054e-01
4.364982692885647220e-01
3.150849353616051451e-01
4.803728587720027532e-01
4.260552952108505043e-01
4.378601242816044237e-01
5.395420135934829720e-01
5.540811593372272359e-01
7.386072985987093276e-01
3.022879679891485871e-01
4.160631867026781672e-01
5.649357062645127270e-01
5.142871799170474212e-01
6.204353109850382353e-01
3.300659095379693819e-01
4.293583008508061738e-01
4.858125530963336991e-01
5.444764029513156078e-01
4.776670852182124949e-01
4.522367078606608914e-01
5.927117757623520111e-01
4.535996329862559961e-01
5.488232188506371179e-01
3.543167251703278064e-01
4.503600930302953942e-01
2.665085788831180191e-01
3.855901129712172581e-01
5.703435072386019433e-01
5.037016851649898097e-01
5.956073421095102738e-01
3.941446619538240825e-01
6.367807934326055186e-01
6.284857547373670084e-01
6.322765461836311607e-01
7.365699097115189220e-01
7.214598867120930459e-01
5.698180203003346822e-01
5.105979160827626151e-01
3.611093258610105772e-01
7.380671012578932100e-01
6.099035098399936405e-01
4.932412410497457045e-01
2.680850951881480482e-01
4.872024370975985841e-01
5.644778892064137299e-01
5.022519580415234497e-01
5.865789770644562751e-01
6.166317691597366091e-01
5.548005051908655449e-01
3.642022416347105440e-01
5.584210451931181929e-01
4.931881275522862484e-01
3.033627877510704507e-01
4.945059829765266479e-01
4.862766614050532121e-01
6.365405509178628796e-01
5.279948235398428391e-01
2.665940442355637097e-01
5.605666667915593093e-01
5.508798182011159783e-01
6.055915511682007368e-01
6.784098609302484650e-01
4.834171857814694717e-01
4.558181469600552371e-01
4.932673006709031860e-01
4.375425440732960136e-01
6.031646745821829247e-01
6.984174601187528308e-01
2.908086828166032145e-01
3.479692282797194891e-01
2.777758817114690526e-01
4.742239434922049801e-01
5.194999117017031764e-01
2.686389923132595503e-01
5.381186638773410857e-01
5.252297317627574458e-01
5.618525599343351384e-01
5.525522152268491638e-01
5.167551758002932871e-01
5.450635928838920563e-01
3.083115774366035899e-01
7.333131490306665778e-01
5.583129126333365999e-01
5.340985950377437064e-01
7.369729843677036429e-01
6.078438665475948133e-01
2.689846033809369930e-01
5.993115834507107831e-01
5.352659888191877435e-01
5.742951437279879556e-01
7.390295433613803811e-01
7.381999906956889790e-01
2.688787518691326262e-01
5.562461336935986544e-01
4.157522586183071689e-01
5.275435010508179312e-01
4.848819602703682285e-01
6.402400819633689011e-01
5.438365525745180173e-01
4.951411625815972384e-01
2.803556629444815540e-01
2.909848791152325753e-01
5.116395640532467315e-01
6.533233600324489521e-01
5.442519726035042194e-01
7.111130327499706194e-01
2.978748999435085199e-01
5.473171724106945524e-01
4.808713558502785146e-01
2.691074890384571039e-01
5.096178291043882425e-01
4.855691839086990202e-01
5.615576670381374758e-01
5.775243412819890398e-01
5.368496465842159671e-01
7.385458253279899576e-01
3.421990865472565591e-01
3.982352903616195317e-01
3.853793010027706245e-01
3.197375322738824632e-01
5.727772792712536587e-01
4.813835430276465210e-01
7.373976237788704147e-01
4.649777177168519793e-01
4.597837013082770041e-01
5.659776429451703894e-01
3.248645518702046320e-01
6.578378664825721422e-01
6.764098657797422698e-01
3.732520523833948722e-01
5.581318847389999949e-01
4.162568823986381172e-01
4.845416364365778827e-01
5.621277591513368366e-01
6.477906347062220016e-01
4.869181040446741160e-01
5.473294910673974778e-01
6.194219666067135588e-01
5.962397523791439502e-01
5.951270721986120504e-01
5.516457748059335753e-01
4.706333027319433149e-01
2.808416872637347073e-01
3.864508288473851860e-01
5.715708187028402110e-01
4.335671920417788483e-01
7.328000554852303061e-01
2.669146982988990224e-01
5.221376201637797365e-01
6.934952846806768934e-01
5.714521168924479033e-01
5.587507929705842757e-01
4.544213680323425097e-01
4.759498670453148894e-01
5.587663192397051004e-01
3.066050491646395981e-01
5.523095099497559168e-01
4.000948597254232464e-01
3.182172970065430539e-01
3.906526234327307723e-01
5.112842896835014805e-01
3.350005064303169244e-01
3.411045355393372835e-01
3.228990000170316454e-01
3.264104812671537736e-01
4.169381773817275039e-01
2.709681642306123739e-01
7.376317685320911144e-01
5.434597606635801492e-01
6.064822353000507427e-01
5.871554693937885983e-01
5.695094580246046201e-01
3.789904165422954274e-01
4.623373617568778959e-01
2.831824104960444233e-01
7.393293676835080985e-01
4.612887319348055737e-01
4.016178570951328131e-01
5.154452682077912407e-01
2.806366079980276984e-01
5.623973211568504826e-01
5.206742624650656515e-01
4.919738794676429272e-01
5.605088121299088844e-01
5.467719900621117457e-01
5.456248436120944012e-01
6.413117502320997421e-01
3.261537184973184456e-01
2.762437461877481071e-01
4.702801564199602380e-01
4.222969508476555056e-01
7.355262177731288764e-01
4.268473472038891159e-01
4.594053223970786526e-01
5.669981843664516630e-01
4.238280497024071725e-01
2.704909399405814874e-01
6.314401467438502946e-01
6.104897181647193083e-01
4.766990854680328571e-01
3.036437689157067132e-01
5.674702122824056838e-01
5.642978067576228662e-01
4.201616190579346988e-01
5.642939233516132136e-01
5.414006522876276817e-01
2.753937913517779390e-01
5.003946873291156283e-01
3.405003913060718479e-01
5.515004603517683623e-01
2.692794035752162918e-01
3.360172391584488882e-01
5.361669632200976032e-01
6.329223554909475524e-01
3.150657775893550006e-01
5.694513140187217326e-01
4.599536617989979370e-01
6.938776676059796866e-01
5.482236826921651485e-01
5.184906392796249097e-01
5.341611154099986658e-01
4.371075459794172002e-01
7.163322206516908874e-01
5.673851357708395993e-01
4.553353114201270646e-01
4.732743027959406268e-01
5.619612731357573887e-01
5.005707587493066768e-01
3.493604815674501984e-01
5.498646263464321837e-01
2.693842259850040000e-01
4.722443816234377922e-01
4.994737012463426606e-01
2.780487145518358294e-01
5.665105146896212140e-01
3.739118778419493472e-01
4.518955563973819367e-01
5.376775467472144632e-01
4.592420622936713159e-01
5.624293316864031889e-01
6.887786389242646079e-01
2.708064687244891577e-01
5.450184725106621553e-01
7.362688929103574642e-01
6.455636904915423857e-01
5.795324951241449529e-01
4.142085714404895036e-01
4.702461010901448080e-01
3.788534274800938184e-01
4.708191901471940888e-01
6.275828485091543563e-01
5.602862082646942188e-01
5.228909346600508767e-01
5.520696635186452816e-01
3.885764316434501819e-01
2.719020240946789513e-01
4.370130172657220036e-01
6.322886696933721629e-01
5.736987216075483120e-01
3.354483437879458019e-01
3.189279142940851797e-01
6.401586673634526159e-01
3.577305859095536444e-01
2.665574187031085063e-01
6.362099447509129702e-01
3.319051161471220368e-01
3.392893158142302190e-01
7.290449599690003168e-01
4.217225247284177581e-01
4.192730733141009081e-01
4.244641725162290324e-01
4.192890437963247008e-01
3.712633551890797134e-01
4.380341535931184804e-01
3.830991366605401294e-01
6.313313417201229516e-01
6.959312466425962018e-01
4.532348909954447280e-01
2.861117506816457934e-01
2.706724029098840911e-01
6.115231364459030594e-01
7.199291180975916360e-01
5.991641501365200240e-01
3.417989053727730209e-01
7.351675955196959045e-01
4.768633260716609867e-01
5.564371455163386049e-01
4.701372420145623621e-01
6.216082960592154150e-01
2.792128520825993832e-01
7.393136984607315831e-01
5.354255579419329170e-01
3.101008182978922667e-01
6.494408744694214475e-01
4.983180767093388086e-01
2.690504980210255970e-01
4.636153148156929027e-01
4.923651104538766532e-01
6.063843776022830312e-01
5.104530309999885107e-01
5.479539527386442233e-01
2.914079011342932679e-01
3.218111449853394146e-01
2.731838406943190578e-01
5.579752496802000694e-01
5.750546189362739646e-01
2.702561825736294332e-01
2.743147850780983665e-01
3.290721213360062181e-01
3.288181691478188062e-01
4.506655069381978462e-01
4.708247759459958104e-01
5.209212185461362665e-01
6.098040040321361932e-01
5.858178061053113117e-01
5.750632014042005302e-01
5.823652034443961290e-01
2.819717916032289384e-01
6.903804662118411262e-01
7.339223365950865441e-01
2.684512775649068872e-01
5.617444952239670775e-01
4.849987677333448821e-01
5.248357328407965428e-01
6.065928110165952347e-01
7.031860993215027777e-01
5.957517640520502145e-01
3.081849593328891412e-01
4.955585950625963632e-01
2.666793398428673467e-01
6.031612811646387406e-01
5.041157935667068823e-01
6.299186203174714782e-01
5.794119692480148576e-01
5.295037028144113922e-01
5.517260878111664990e-01
7.385128660606897766e-01
3.580463892525446168e-01
5.617891339655025629e-01
5.834044812883275588e-01
6.794852281784384829e-01
4.817911187130732853e-01
3.923473536017010876e-01
5.482738750428449714e-01
2.675939279403402593e-01
5.033193069607749814e-01
3.974441289938691613e-01
3.770571455545240203e-01
6.297644588681876598e-01
5.716056450242212872e-01
7.384452531573566514e-01
5.641244224909279792e-01
5.564562116586820872e-01
4.670892578154725583e-01
5.781833230874223739e-01
2.788291224640250809e-01
6.121060332780428048e-01
6.346365777057821900e-01
2.677664497950756339e-01
3.545116223072777850e-01
4.604943286150448012e-01
5.721476171830882640e-01
6.860996451493792669e-01
6.044344506015210117e-01
3.099115474602237574e-01
4.286429138653101156e-01
5.345291446168556337e-01
2.872083441063114084e-01
2.675275671066553174e-01
5.854650790589884801e-01
3.365639550338248021e-01
5.675546563751974194e-01
4.869085585330458210e-01
5.625903067991504525e-01
4.684750060625963441e-01
5.889726454921720977e-01
7.390670158517683719e-01
5.689873150932396317e-01
5.180466197920570171e-01
2.716166718202053798e-01
7.383636333954534114e-01
5.893427222738303328e-01
2.746131682059325119e-01
5.549391268574622726e-01
2.667605567829561819e-01
4.953883046985861349e-01
5.597373044143654219e-01
5.755026599298984635e-01
5.738306389050101819e-01
4.468649038794363926e-01
5.675727286447141973e-01
3.306629665792264472e-01
4.920607324104551705e-01
7.385840032504968899e-01
5.977588312293617978e-01
4.533057262620813210e-01
7.371869814971355739e-01
4.607021588949915536e-01
4.128764175757636545e-01
6.087428431647842197e-01
4.376694792447898830e-01
4.099114245661474865e-01
2.788244428300968303e-01
2.853924551541404675e-01
7.204389096589817187e-01
5.828144429352180023e-01
5.237373142752509425e-01
6.075187957579799569e-01
6.429833957642032694e-01
5.054864230749241960e-01
5.050787220410888345e-01
5.445149992115150273e-01
2.671493843316366523e-01
5.703166413103343269e-01
2.707528146679249459e-01
6.540917073663737868e-01
5.606411516849355570e-01
5.497067392651303619e-01
3.623023740264838533e-01
6.329035173075657772e-01
5.616504550642578142e-01
7.080141413511698012e-01
4.686764333872643906e-01
5.463783693601941271e-01
3.833239958892438737e-01
4.305105452144367129e-01
5.876877248551530819e-01
3.690549998610066496e-01
5.964524549438002810e-01
6.315683903146991351e-01
2.990756168207103771e-01
2.747928758516005043e-01
5.428834823478098093e-01
6.363616954408822801e-01
4.775642620344853762e-01
3.406589467497771473e-01
7.369629183780396220e-01
5.315485357330533844e-01
5.551563058908440818e-01
2.964270806526747570e-01
5.347940154506936050e-01
7.312909072415701983e-01
2.717286524943955395e-01
4.648798594415199936e-01
4.465241154293223547e-01
5.508623382932134049e-01
5.575187880810564822e-01
4.917782117546231069e-01
4.585970598929214326e-01
5.666748815809189432e-01
3.036472884277039985e-01
6.237361115208353013e-01
2.664129339784170880e-01
3.836628814209793736e-01
2.794562974251161291e-01
5.444420801584071157e-01
4.389473623064801266e-01
6.213615918055210852e-01
2.963312151041619935e-01
4.404468654338790090e-01
5.565540506265278520e-01
4.284162477675899083e-01
6.542673492088667553e-01
4.280760061680843886e-01
5.383960790104427296e-01
7.387216521041352069e-01
3.987708045275407676e-01
5.084491488649555135e-01
4.307297280052261867e-01
4.581041102529251896e-01
3.061750166572408394e-01
4.326165491003760577e-01
5.880238185859644195e-01
2.707666079921189350e-01
5.422932198126791947e-01
6.487849960856244547e-01
5.571555306355221449e-01
4.805717318398152194e-01
5.035976980676819537e-01
4.347336527101199333e-01
5.452289912350725132e-01
5.405181890075229090e-01
4.724128130437510453e-01
4.890344737922266427e-01
3.196523385357199487e-01
6.125016424661299252e-01
5.156276275221257643e-01
4.820821775661094377e-01
5.622465032214869485e-01
4.038610021109209081e-01
5.407243379301404085e-01
5.916697833356622249e-01
4.724408339660046696e-01
6.241391174152381982e-01
3.807421612416996837e-01
5.959039460168223945e-01
3.974162084227034764e-01
2.759946352966744509e-01
3.031207273808835811e-01
3.389002823088647642e-01
5.490562503115019588e-01
6.322375976467923264e-01
4.694119447023400449e-01
5.955116360995685865e-01
5.452216542370399432e-01
5.386653960243561468e-01
3.856441926524635799e-01
5.120479097530737933e-01
5.010126595847974595e-01
3.345491089516773320e-01
2.999035840390661956e-01
6.237072571532957799e-01
5.905038037093500725e-01
5.705874595760868084e-01
6.188093620033211506e-01
7.380318384346797878e-01
4.935572334937638472e-01
2.669056207290149696e-01
6.025047319945842084e-01
5.289544986129570692e-01
4.762416549674148292e-01
3.276602855394363800e-01
6.300385886126217416e-01
6.070583472684785153e-01
5.535372035829921877e-01
5.531632332837050914e-01
5.510304979683972038e-01
5.272752173251827879e-01
2.784877355328210791e-01
5.649373243929765032e-01
5.453806548709390078e-01
5.192183743494895865e-01
5.107494563543965027e-01
2.691774157788299204e-01
2.724778585838111278e-01
7.372357170579371122e-01
5.406498958061007887e-01
4.012336275204206881e-01
5.310647175962668332e-01
2.680337133592607390e-01
5.523138578571962221e-01
6.261385749229936293e-01
7.392610645147915660e-01
4.484643831311993512e-01
4.849244884973402114e-01
5.381965189874811095e-01
6.104214314658862328e-01
4.727322115098822053e-01
6.594030345617578615e-01
6.355867237834921246e-01
5.835085934393078322e-01
4.256433836333862741e-01
3.116668296926021764e-01
4.838908203803140573e-01
4.080309888897852288e-01
5.526956012686675690e-01
5.539522893914373691e-01
3.854223302359430781e-01
5.387568878332412714e-01
6.175135881258003723e-01
3.136415394414964752e-01
3.508760387218253785e-01
4.006804988846158766e-01
2.685125699146477807e-01
3.258675542983637263e-01
4.396160093023183668e-01
4.483361743939086042e-01
6.352525341365865552e-01
5.680107120902674334e-01
4.432351339161520465e-01
5.516715181519190603e-01
5.560285304802171646e-01
5.678120077182482461e-01
5.627031469291554622e-01
3.353239066942070301e-01
6.938559349969365408e-01
4.808683414156852409e-01
5.626113966492743979e-01
2.936478854731698340e-01
5.480750125936352246e-01
6.061728953966684097e-01
3.897431785721087727e-01
7.234095599967126367e-01
5.513310469663550428e-01
4.385355388335113735e-01
5.719917930282841789e-01
3.843759872310112957e-01
5.182675410103966263e-01
5.983987541876270022e-01
6.100598670037837845e-01
5.868111523374017757e-01
4.750175471026016893e-01
7.386205272035821778e-01
3.996269603109580126e-01
2.749193383635012422e-01
3.922838751271435220e-01
4.434497861925673634e-01
3.435716606052318101e-01
5.595418489635768378e-01
5.257458260704345188e-01
3.275716504304155285e-01
4.242888167747309591e-01
5.426427112043776813e-01
2.683888036593212734e-01
5.566385121589850771e-01
5.518006808652345940e-01
4.426222571677372875e-01
4.017368445866791871e-01
6.541635954125386565e-01
5.525158417972034774e-01
7.383346080755647245e-01
6.107187606457566975e-01
5.813714650716329535e-01
6.086965883198980354e-01
4.863356563831249257e-01
4.839027958170382115e-01
4.773060148558329052e-01
5.567972895455465254e-01
5.250197182968715515e-01
5.419623095236848487e-01
4.414109616085604704e-01
3.861391321057457415e-01
5.504111406769268688e-01
4.788380471780566694e-01
3.176408271495476110e-01
5.484726086657868427e-01
4.470366606482938931e-01
2.774192438388422000e-01
5.550245043754961083e-01
4.674232709275625286e-01
5.728070817002101078e-01
6.540428822301641576e-01
5.834208465098985608e-01
6.073677990431947116e-01
3.024040469606852355e-01
2.782550491652763802e-01
4.733034780568058375e-01
3.716022041422000766e-01
5.779118579244949538e-01
5.860155692530868432e-01
5.460858735634394057e-01
5.352666055923523958e-01
5.588428326313119587e-01
4.817125617479314781e-01
5.639230983671086328e-01
5.474364292891983341e-01
5.258707156845263686e-01
2.682125889324721846e-01
5.970246730892682097e-01
4.743629231327988749e-01
5.948032447428539538e-01
5.596243079517685404e-01
6.062838226306163092e-01
6.105952142423490825e-01
5.305930468293637015e-01
6.928041221511435088e-01
5.982681130369666977e-01
2.903497403313979874e-01
5.148456322946810548e-01
3.305466758516007464e-01
5.557685596005607076e-01
5.768451860881633753e-01
5.542303617311419295e-01
4.129660071740843263e-01
4.512047586215012784e-01
3.800788441497477410e-01
4.738672488471813438e-01
4.941536257164811374e-01
5.658816843982583666e-01
5.353496901260459406e-01
7.372213600161435787e-01
5.611641722676566912e-01
5.922855718590321894e-01
5.857943687479985062e-01
2.838400870324190306e-01
4.701227474865360412e-01
5.315383604749629454e-01
4.500323039632715405e-01
4.177226693418202852e-01
5.070674380046499286e-01
5.234442757484594200e-01
4.655468086562160046e-01
6.008337950821084350e-01
4.414571059775838635e-01
5.885653954796417064e-01
5.900042374803312617e-01
6.658035525391903242e-01
5.991245859443125044e-01
5.737364806754694513e-01
4.492545935066894480e-01
4.589470238403717817e-01
5.584439825217850650e-01
6.790411429182161562e-01
3.245383134951346227e-01
5.689609145918954614e-01
2.984195845752790621e-01
5.054773212674661398e-01
5.190026832790110012e-01
5.073653485184126399e-01
4.605658239298955348e-01
5.731926323376647092e-01
6.002516919336684520e-01
2.736527513273406820e-01
5.363387323287051034e-01
5.086738920227235061e-01
2.830515610264403570e-01
4.369887383705015060e-01
6.013013549690463533e-01
5.804385713317217199e-01
5.858895963071395485e-01
5.358427512261519921e-01
4.745954955046778334e-01
5.553951135288739405e-01
5.913415879076210357e-01
6.229543143079976364e-01
5.630508050168747669e-01
2.770908168575612618e-01
2.833108319566703392e-01
4.119662580782889605e-01
5.528460985078211820e-01
5.872448738640186905e-01
5.608130582308015200e-01
4.363297384335676488e-01
5.523447685444091704e-01
4.139287937735166567e-01
4.362146648001446470e-01
5.548401128176563279e-01
5.355284986721241536e-01
5.539112045990131072e-01
6.202759465607049494e-01
4.038094897451208753e-01
6.897656582345382814e-01
5.026243656947326777e-01
5.439264527715551578e-01
4.843218042527036027e-01
5.490652994527763786e-01
5.764522673372863837e-01
4.705433869562403171e-01
5.660230039783036293e-01
6.317224910740119048e-01
3.524897344610222194e-01
5.349819535733234543e-01
6.837565314422212603e-01
4.719742088141746228e-01
6.064257502330293592e-01
4.785898924524801812e-01
4.501820425562431116e-01
6.553948114329208874e-01
7.330003113996511610e-01
4.954808715838038280e-01
4.913721985023832839e-01
5.659021470538997400e-01
5.286642164855006598e-01
5.203144493613914845e-01
6.129277355237874314e-01
3.444973160505234167e-01
2.756103920781018402e-01
5.951531910566474348e-01
5.908372529521529470e-01
4.773570245862799322e-01
5.067783637370885108e-01
5.581866876551396794e-01
5.610431254579405502e-01
2.717091608336004716e-01
7.393518147548695518e-01
6.084508394300361944e-01
5.981177590097460639e-01
5.847932028494802204e-01
6.046499351206059414e-01
4.776113805188713091e-01
5.702889759017097937e-01
2.729582778387519837e-01
3.161787607960203639e-01
5.886809709913014554e-01
2.729533824799728614e-01
6.139847212247188102e-01
6.139595709609995122e-01
6.075682590077884360e-01
5.912074609487412147e-01
2.669134718687488084e-01
2.704266961650738654e-01
5.483893639070301917e-01
4.358070232296609170e-01
4.936711552681007920e-01
5.994800603237308012e-01
4.651543624637983210e-01
3.549696706366057830e-01
5.106643871475483598e-01
6.188788457601862580e-01
5.284244790580290285e-01
5.701023007577125101e-01
5.640262640033920638e-01
5.074784057851284835e-01
6.046207193095012311e-01
5.970367243057751461e-01
5.311989927163549563e-01
5.410690718349663308e-01
5.935034109996345508e-01
5.836928576388021872e-01
5.805912640861294882e-01
5.654038439509609937e-01
4.893156146020654629e-01
6.930344624573661072e-01
2.691423158489503198e-01
3.996871715452239848e-01
3.838366354855363149e-01
5.702925180391177351e-01
4.927203693058272993e-01
6.601129833224297361e-01
4.465172152438941500e-01
7.383814750534807292e-01
4.353996965886594572e-01
6.319972361068266764e-01
5.546919793072405680e-01
5.828275527202619877e-01
5.733233834159687792e-01
5.080010022695936600e-01
4.006238901653474405e-01
3.487318180281218649e-01
2.787570894187136328e-01
3.362458020002573322e-01
5.624463444095124665e-01
5.848679180263343103e-01
3.373173832901229519e-01
5.744839773281825712e-01
6.855447611259344320e-01
5.382038515339953033e-01
6.083957456496092986e-01
2.955625841140300247e-01
6.000486503511320846e-01
3.894684099558450852e-01
6.329710347137122994e-01
3.322081527118240785e-01
7.387363315084188864e-01
2.705631624957981485e-01
3.400882304242180409e-01
4.751784530550564600e-01
6.998510322081981094e-01
3.259627719312429006e-01
5.210953944337006760e-01
4.758110733050572860e-01
5.652479151451785810e-01
5.520272321768227020e-01
5.690132682757558236e-01
5.895166906497447679e-01
5.467860370067858522e-01
4.871471821937007896e-01
4.728452860435551353e-01
5.082043865152897633e-01
6.414294281274423026e-01
5.649398890965521280e-01
2.693066303766151748e-01
6.278683140092453652e-01
5.612985431583622509e-01
6.057552580444697243e-01
5.186620160603441221e-01
4.925431422095432610e-01
5.247746719972459228e-01
4.503184612287587374e-01
6.230785781829827341e-01
4.811529965169870082e-01
5.423735199105689242e-01
5.367844289770460353e-01
4.339666948686200509e-01
3.869225890811608393e-01
5.620823233668017505e-01
5.067823182462792841e-01
3.074496740410438966e-01
5.440523614243246708e-01
5.688057520203525508e-01
2.663438504694073949e-01
4.799525808480547551e-01
7.391436056309520497e-01
6.829080553653859020e-01
5.508830363049842527e-01
5.637848812356297534e-01
7.368073442635131309e-01
2.793178280326222840e-01
2.666147359070410450e-01
6.292133781411917148e-01
4.612787252622980172e-01
4.754621712196747119e-01
3.100968906848044493e-01
5.012230593344288998e-01
6.829388421371000994e-01
2.659111996874239381e-01
4.844498830838436243e-01
5.629287847512591814e-01
2.721714337428107755e-01
5.418364969048533597e-01
5.369200612694033925e-01
5.636630761351705265e-01
7.209705603791410899e-01
4.979515659157783269e-01
7.390347724094427084e-01
4.702998798454609553e-01
4.623541983867515137e-01
6.301213675429861993e-01
6.179835378975162552e-01
6.727331015068063191e-01
4.373482813280172299e-01
3.300559535216240903e-01
3.948144145080774159e-01
5.408139129896358810e-01
2.843969541102318588e-01
2.737458449840012853e-01
5.975464892689679175e-01
5.624905815525436115e-01
2.684396916089191731e-01
4.568803534057408466e-01
5.210248558406730401e-01
5.444827374393772512e-01
7.347889637324351852e-01
3.981130014425192098e-01
5.948581074686263293e-01
4.486752963286774198e-01
7.388237504777760423e-01
2.988990096207289060e-01
5.450158182021997977e-01
4.063697213043942491e-01
5.128591856968394147e-01
4.126599626632685425e-01
7.308492223557138123e-01
4.645324707133056674e-01
5.659832185066453469e-01
2.997222722300326714e-01
5.623215443154775395e-01
4.038300154204030878e-01
5.482933165212652282e-01
4.811505619989556171e-01
5.848471949338104325e-01
4.942890046363168643e-01
5.081064853081721511e-01
5.393454830501688280e-01
5.177188735399733677e-01
6.249865292868859168e-01
2.909402416006834913e-01
4.554352239393636426e-01
5.117120103845538281e-01
5.025676022187330894e-01
5.844341972582400846e-01
2.688636092246742271e-01
5.572473414007896864e-01
7.374010898872446207e-01
5.509933466142246106e-01
5.546871392541540269e-01
6.011850061291604819e-01
5.696498344313323248e-01
6.264424951421010412e-01
5.753190149940311526e-01
4.863441112653395515e-01
4.283608660477242758e-01
3.002652071142073997e-01
5.906180918289577475e-01
4.884820889714024950e-01
5.645205372270696298e-01
4.968310033783169266e-01
5.134416422969588778e-01
6.931170311177220489e-01
6.364691990129087706e-01
6.386373544675628677e-01
5.224478953147261295e-01
5.135879338140525441e-01
3.711637110093203296e-01
6.328296152943615471e-01
5.240911477999127266e-01
5.929405741419437881e-01
6.015601266220929055e-01
5.025284559853141486e-01
6.957456459309897534e-01
5.169072838560428984e-01
3.285622546567428803e-01
5.477852593038173845e-01
5.110421344679638711e-01
6.030027943925242440e-01
6.058709078117888724e-01
5.592457418440428540e-01
4.609214607664217089e-01
6.734726231067372781e-01
3.130243657529434009e-01
3.069719713676117290e-01
5.513621135137827256e-01
6.258227670342044746e-01
2.811540197707497191e-01
5.727920691747617754e-01
4.852966118791779415e-01
2.920327034436696056e-01
5.663952098729465590e-01
4.668755709678105159e-01
5.266505145430825374e-01
5.584187290329112319e-01
4.673947696424596288e-01
5.823084994568471506e-01
2.801561461321351865e-01
6.175109333385836452e-01
6.227261241707320316e-01
3.875740986997454063e-01
4.648091915235520455e-01
5.281278113620235803e-01
5.147222295503495193e-01
6.524934240278441600e-01
5.981039375196033347e-01
3.702194629104243462e-01
4.853103331410804078e-01
4.823870577751316890e-01
5.495577975853230823e-01
2.754276158514507578e-01
5.375729090443234215e-01
3.329317195052259315e-01
5.957830399881113292e-01
5.615629430875151984e-01
2.707193912225022148e-01
5.237708360535519025e-01
3.977833017773564350e-01
5.280807806336424992e-01
5.479606694272521894e-01
4.620126476078347810e-01
3.222460855382821010e-01
3.764752042744977656e-01
5.144058705016162358e-01
6.143757806755033579e-01
5.536944391395969278e-01
5.748830763008118128e-01
5.010818903008472658e-01
5.362211105808034617e-01
5.281872818580711781e-01
2.712943970997465093e-01
6.039925798147668390e-01
5.581177114195494671e-01
5.391936166039668077e-01
5.069886114605920424e-01
4.327040358086633454e-01
4.366306260594118305e-01
2.720769333355629316e-01
5.375976333369066884e-01
2.742166197404266037e-01
7.387743517964396878e-01
4.689187484115400761e-01
5.187091401970630455e-01
5.880214188405805675e-01
6.017744092169811099e-01
4.465856765376997606e-01
5.604581871572074103e-01
5.616955838875438145e-01
6.505006585984759448e-01
5.333823914710276171e-01
3.711961391078927863e-01
3.288206506777647808e-01
5.453370703739739422e-01
6.240782727522504736e-01
4.760276859989934772e-01
7.390711845255610868e-01
4.380481036594081612e-01
4.744290861033541029e-01
6.222804022779658828e-01
4.745510389771968596e-01
4.252080516210129946e-01
5.413890763379938242e-01
5.320917977147626710e-01
6.768341669572746078e-01
5.890539954316996729e-01
4.206046703380683094e-01
3.415642221497955933e-01
3.482386461533467092e-01
5.076721482718369316e-01
5.436683338343039074e-01
2.667461606193887169e-01
6.357710555204868497e-01
6.094199319686878225e-01
6.104958939870112067e-01
5.527963380640809055e-01
4.016650980172536967e-01
5.722562698208748522e-01
2.888727067853830710e-01
5.548996194365881651e-01
4.916989117353281480e-01
2.687020038324285931e-01
5.977753144771931204e-01
4.169207758907739758e-01
3.623173304215148716e-01
4.276368331152174407e-01
4.209864915626168047e-01
2.774849301754088171e-01
6.407323671918567776e-01
5.050064483386343950e-01
4.161209593247531813e-01
7.384852749126661342e-01
2.806696106986401595e-01
5.354205871760485680e-01
5.609170468640216622e-01
5.226872612971699139e-01
5.985738216175956472e-01
6.047695288500348765e-01
3.824252922510933406e-01
2.995230568341311073e-01
4.350310014850558016e-01
2.871604527196017775e-01
5.474777652215923052e-01
2.892823499116380925e-01
7.388881244396238168e-01
6.069649950577490349e-01
5.056960451811390866e-01
4.488317156021860432e-01
2.795340892308036951e-01
7.382694938851914745e-01
5.359786239560525578e-01
5.564093068610665993e-01
4.033298720481883759e-01
7.389008398510471531e-01
4.804739886235859236e-01
4.235473847058077723e-01
4.397084828142122093e-01
6.286373863051950561e-01
2.684814071044942518e-01
5.988844288184116404e-01
6.128198762541205991e-01
6.497168065174118157e-01
5.552032847878398680e-01
5.556231766508209491e-01
5.366553172905800251e-01
7.049560837259305490e-01
2.668720831134623328e-01
5.586104976643259112e-01
5.823439339648045499e-01
5.033546264418271576e-01
6.715894299736271389e-01
4.931971937583821131e-01
5.549202605988610149e-01
4.629934950398796878e-01
7.102063641560283358e-01
4.428178447616878399e-01
4.712420668615495689e-01
5.820525774679586872e-01
5.992466939985360286e-01
5.378910509733740852e-01
3.308491997706747290e-01
6.801483889573155528e-01
6.519522011963849728e-01
4.402147874786806470e-01
5.559446550345860105e-01
5.962249184423175086e-01
4.458868921211792125e-01
4.679801203291606426e-01
4.900599388981330407e-01
5.149017378215114960e-01
5.623596946108316841e-01
4.954855728321866382e-01
5.688567656987613130e-01
5.027756206827648233e-01
5.936506846603237797e-01
6.073132857884149249e-01
5.376845572661783645e-01
7.110761289812221886e-01
2.727615478397074078e-01
3.182718961126834722e-01
6.642988421630384721e-01
6.267118947596181933e-01
5.493969182788530636e-01
3.549668553281574712e-01
7.315735105435191565e-01
7.390297951033301116e-01
2.713338162889152305e-01
5.030087981634644434e-01
5.399543164924097693e-01
5.640387793840176966e-01
4.785101618177511895e-01
3.718078451433101117e-01
3.362931387408881201e-01
5.449071051029367174e-01
6.502462206404974188e-01
5.372119344016186293e-01
4.355290829337579717e-01
5.309318924870104484e-01
2.751713905418707307e-01
5.379950046339068148e-01
2.668500663776331439e-01
4.487078587077602543e-01
6.081676409397295258e-01
4.687075790895074423e-01
2.674547959504650074e-01
3.744594979965144010e-01
4.653453638861397290e-01
4.555541714476101789e-01
4.617265275168330740e-01
5.141924098091672501e-01
4.299932148617920391e-01
5.577092650033534937e-01
5.378886645892623219e-01
4.885301813182416630e-01
5.239942163573250156e-01
2.819431805610680963e-01
7.376659855397869059e-01
3.248917918874364430e-01
5.090538432383958645e-01
3.730591400776319677e-01
6.445307875204716597e-01
5.460873365432677984e-01
5.558985777377433157e-01
4.209546551127515412e-01
4.316457577599068229e-01
6.061191400367365034e-01
5.613740222147607373e-01
6.056851879489107970e-01
5.679717671710782234e-01
4.420556340653086225e-01
6.327286678801501418e-01
4.021024436673688029e-01
5.360245553271506536e-01
7.391377702276485939e-01
4.769498305094306279e-01
5.270178225856549936e-01
4.756755514791379813e-01
5.883871465593739636e-01
2.709254575690692168e-01
5.325386045680967628e-01
3.087769817260159755e-01
6.031515701653593631e-01
5.565833919175993127e-01
2.855667398577307337e-01
5.685221366162197532e-01
3.517681991254367202e-01
5.010158798834104532e-01
6.048706121859920293e-01
2.939799027319051627e-01
5.523478455659729391e-01
5.930891501423712908e-01
5.148544736643174691e-01
4.417937266276062980e-01
6.591770839945765292e-01
3.307831314537746370e-01
6.243850359287158591e-01
5.200003428880785039e-01
4.438414234087899035e-01
6.072060285035557614e-01
5.114954526950995506e-01
5.775118386299922246e-01
2.948223138534911691e-01
5.672459972021384189e-01
2.819286871449956933e-01
7.394797225271636520e-01
6.178769128356973450e-01
6.322467035993747375e-01
6.297153133906936429e-01
3.374496660519897273e-01
4.389150132544091809e-01
3.946429001110958179e-01
6.416623241446159920e-01
5.383746645278562060e-01
4.459873984129253399e-01
3.022527947587388963e-01
6.054431221154511489e-01
6.359113800992112209e-01
5.652422148944992175e-01
5.868157182426965157e-01
5.131730819062015891e-01
5.740077032855416261e-01
5.622664935301742162e-01
4.588416865502378261e-01
7.168136957566464407e-01
5.483176518511309050e-01
2.804039471234484049e-01
7.134305532575990760e-01
5.922186411167248421e-01
3.483512184262367306e-01
5.068997999828923628e-01
4.590251015649239319e-01
6.031071923881403674e-01
2.882725184115520478e-01
4.837036688612079693e-01
5.433586455378789370e-01
6.072436255617194023e-01
7.127010894545865449e-01
3.918056703412858277e-01
5.753132093034585282e-01
2.965103728632531022e-01
2.689356908264849966e-01
7.389511092886580368e-01
3.879387972424999109e-01
5.509231870710193935e-01
6.155831122718697923e-01
5.672005516452498508e-01
2.753531708504675102e-01
4.415089283147961563e-01
4.867548784035564680e-01
4.690877246150580437e-01
4.430647051630224320e-01
4.842783610093497337e-01
5.874621680720460981e-01
4.657019415391830397e-01
5.596874192892203892e-01
6.194792074837288665e-01
5.871898506034556320e-01
6.190793729351385943e-01
5.837281237454075011e-01
6.872357992347319922e-01
5.472383943092905545e-01
5.629702921117752945e-01
4.812376169306331608e-01
7.362923270776361440e-01
6.107497432129158632e-01
5.360620514376495116e-01
5.783273782907784044e-01
2.926002573565308906e-01
6.015667310387033950e-01
5.133622006515524694e-01
5.155591675429088694e-01
6.047690173339309583e-01
5.684060661587962970e-01
6.721742542612589855e-01
7.367286576795085695e-01
3.424865653376052976e-01
5.822941783212497446e-01
3.384941927227261838e-01
4.539884799638436719e-01
5.135837385636072838e-01
5.391714592231942049e-01
5.870819041761361490e-01
3.236723620142060720e-01
3.406287332329453466e-01
5.550258401462184743e-01
5.020756596252773374e-01
2.707862334207660204e-01
4.391831591270569102e-01
5.610263109707195328e-01
7.321235697287798994e-01
4.716906907082726863e-01
5.578598342064715609e-01
5.821182395496814488e-01
3.196046071613947159e-01
4.909621828216900741e-01
4.161744886874203520e-01
4.922775186147617110e-01
4.855416811224722573e-01
5.524119140641755576e-01
5.377652674569547431e-01
6.934090091706928138e-01
4.274753062754720334e-01
5.861073522158698479e-01
5.413465859338129071e-01
4.110933916203319272e-01
5.601361876700875486e-01
7.087318475915228566e-01
5.025447133160069191e-01
6.357979395228053887e-01
3.393396134641186168e-01
6.235344060079291983e-01
2.704200900205274150e-01
2.961994146451340515e-01
3.030382591233465872e-01
7.172752089952167953e-01
5.394455147953782781e-01
5.663028312457356606e-01
4.795405228885812332e-01
4.741844000585673791e-01
5.728052376333292450e-01
4.922164239982393386e-01
6.048944414026258265e-01
3.899823651151930748e-01
3.072406480950484742e-01
3.579943309700049370e-01
4.745259041673771661e-01
4.723107249050289003e-01
6.686514778627656863e-01
5.975411150125694570e-01
5.510530864863159017e-01
6.005263309014472473e-01
7.080086468273075750e-01
4.923242734609340476e-01
3.625745026385698844e-01
3.252097280146604152e-01
5.688464985115909700e-01
2.774503072012482474e-01
5.716053852855735862e-01
5.377510671996376113e-01
3.778391996207767223e-01
7.323455934584363058e-01
5.436185044272651146e-01
2.791675815789555481e-01
3.163613458978211113e-01
4.712361742332469849e-01
3.651306126831955212e-01
3.507421139448794190e-01
2.668960799705695774e-01
4.981694357328944056e-01
4.891408855991613014e-01
2.823392249439852786e-01
4.581564981249745538e-01
6.471215380994296273e-01
4.866993129491419823e-01
4.930659788355136186e-01
3.037170178253107977e-01
4.927342780358765495e-01
4.839550697466853402e-01
5.300046113124357028e-01
4.776460430629600462e-01
5.900616195924068830e-01
5.928909969769113886e-01
3.772265203014022461e-01
6.364871327908691034e-01
5.514494772014554291e-01
6.067114931402051159e-01
5.414539247103593578e-01
7.331162408843632239e-01
6.486361469519140721e-01
6.707536792951545035e-01
5.745810093392127449e-01
6.080395654624225488e-01
4.534291870413510450e-01
6.250349919339243110e-01
5.555025364604316840e-01
5.106954746104653831e-01
4.979389291881429758e-01
4.908509990076362350e-01
4.766961847861547752e-01
2.664285403715652700e-01
5.419529388287265270e-01
5.763330927356186129e-01
4.051165644043273062e-01
3.534938697010918673e-01
7.364297046150147796e-01
6.185966020987969660e-01
4.941626263799532293e-01
3.505254964888113167e-01
4.959161111865168503e-01
5.618976951945531262e-01
5.918997733560220631e-01
5.445271803138794775e-01
2.774046880821846583e-01
4.543905978146389191e-01
6.128768114429544722e-01
2.743811072970444576e-01
5.240606298214894876e-01
3.814948085415574841e-01
5.332144776627280036e-01
4.656553384483448355e-01
6.046644851408273791e-01
5.736411669315386597e-01
4.134290652103654318e-01
5.845344848098305013e-01
6.337105102455004024e-01
5.284147063647764986e-01
5.134868691928891060e-01
5.375256409602574559e-01
6.373998546124483022e-01
5.674322450733076950e-01
5.675969650600143357e-01
3.421495973970293814e-01
4.820459175872975344e-01
5.458278586788025688e-01
5.463401044733874334e-01
5.621969106064756971e-01
4.133542285522932569e-01
4.695849764243733016e-01
3.951388532888159277e-01
6.508181244059535464e-01
4.688121663431571440e-01
2.785175202505418834e-01
3.355763392840402926e-01
6.149654738965324441e-01
5.360665538692829246e-01
3.730964500499852066e-01
5.421414641714045191e-01
5.358050239789136082e-01
5.115186454918645431e-01
5.744828172862060933e-01
5.528837022515528110e-01
5.406476207331770700e-01
3.822313421861401883e-01
3.330252538395642170e-01
4.126633768378810685e-01
4.045758596690960385e-01
5.293525041168786194e-01
4.871440164110255044e-01
7.313746510499117282e-01
3.990265778975620736e-01
7.313278989559439669e-01
7.283837688066281402e-01
4.966877932970650278e-01
2.665752135005030610e-01
5.381599347411251122e-01
4.279060081377193958e-01
5.941834498162729128e-01
5.596972566796353243e-01
3.396174899140169123e-01
2.723382376847163777e-01
5.441365420694822541e-01
3.351666025535721682e-01
4.445767113430451611e-01
4.006628271803578945e-01
5.708023258388837951e-01
4.848896586191913660e-01
5.177720967008510033e-01
4.744120870502174236e-01
5.010155888981657757e-01
5.816491825459156884e-01
4.095539575756917960e-01
3.303661498467154733e-01
2.846495489505784238e-01
2.971619807450612827e-01
2.892941665342575464e-01
4.839269103281083617e-01
4.273385156879679347e-01
5.593144692823716069e-01
7.182743009333065753e-01
4.505314714435906809e-01
5.077765174533938053e-01
2.902153711846876538e-01
7.266690690312549439e-01
5.702263062959734841e-01
5.330502503449453533e-01
5.337500708656973680e-01
4.349779304014443349e-01
4.900425421151359817e-01
4.836211912265264701e-01
3.659174768663724375e-01
6.564094648785488983e-01
5.853792714521022233e-01
5.610758864672454882e-01
6.177918038249130550e-01
6.451016705458858524e-01
5.992102157927572392e-01
2.904062287509508455e-01
5.621249504895740046e-01
6.052510712522860548e-01
5.816135405123661339e-01
5.789682062993075640e-01
4.549811799037646876e-01
4.777058560600167536e-01
4.901343626670252029e-01
5.149693161515319639e-01
4.644083182892695949e-01
6.233572343496980306e-01
5.577588903951906651e-01
6.421401271315303472e-01
7.374472296981957609e-01
4.950539839175936430e-01
5.252264312230544574e-01
2.871497851338198348e-01
6.148518554946855730e-01
5.780655142107974376e-01
4.497970303760011612e-01
7.197281113725920720e-01
7.384598134126446611e-01
5.890521932079751943e-01
5.810149592838643740e-01
2.971851825071778475e-01
2.666043831243669615e-01
3.987529238754506378e-01
4.708355727463038876e-01
3.309871923092909118e-01
2.702442541708013901e-01
5.942696640466088587e-01
7.181374782414804425e-01
2.831419600683457993e-01
5.411724363559057283e-01
4.074481742006892393e-01
5.571534384886963620e-01
4.344687629562518083e-01
6.197708574779667856e-01
3.501978514171749102e-01
5.588069010789343816e-01
5.374092219877152354e-01
4.859340221367801083e-01
7.349336381069565549e-01
2.725419319763437431e-01
5.381794848889395189e-01
5.573505198882561240e-01
6.093967672532443203e-01
4.696853084589781568e-01
4.634729716840901848e-01
5.310317615741103614e-01
2.700501627124157755e-01
2.854096752174748453e-01
4.673084067399028152e-01
6.262583579076335116e-01
4.611808192089162928e-01
7.343764583123323364e-01
3.101599232857234489e-01
5.752454803113677961e-01
5.114413803998913988e-01
2.907361155773977579e-01
4.762521288055241442e-01
5.659492623272801559e-01
5.094378456185671977e-01
4.151459431463221939e-01
2.730988985653705070e-01
5.872363438446142059e-01
4.833405158856864947e-01
4.673123633536255817e-01
4.431630994290637338e-01
4.834811712089612246e-01
5.441033659124479005e-01
4.827263364226782594e-01
4.016317026151784431e-01
4.851888984373554092e-01
4.013283741541617822e-01
4.091426568543050646e-01
5.723360700036869142e-01
4.891654380294040982e-01
6.540894164683418444e-01
5.319560578442827925e-01
2.858516131382528580e-01
4.900192058168053033e-01
7.200299594199727204e-01
5.742887836652333933e-01
6.086981133976206992e-01
6.131860663662622724e-01
4.781327727424568019e-01
6.033869799892970232e-01
5.115985228685906439e-01
5.012540922505888119e-01
5.979085413013286443e-01
6.627081272520454203e-01
4.645005172448378739e-01
4.945113442675553861e-01
4.465635291485453573e-01
3.138674218704666230e-01
5.776631076203005977e-01
3.469316831202032825e-01
3.585115034772083931e-01
4.854384662280825657e-01
4.974429192731628646e-01
4.718972976889141413e-01
5.809515630548762744e-01
5.503634802079473420e-01
6.731492816850978000e-01
4.732567490614586481e-01
4.846383886168541544e-01
6.508865903259983821e-01
6.315117969254513408e-01
2.669103001307703837e-01
5.349281504782381624e-01
6.049240004158878969e-01
5.084936124518524281e-01
4.316652516458924227e-01
5.572700604962521620e-01
5.662808744763851987e-01
7.392944249712305460e-01
5.445186745026112662e-01
4.888445398882021453e-01
5.943922284239000486e-01
5.168331707292462829e-01
5.639118757882983779e-01
4.271567124654365721e-01
5.553381229598137736e-01
5.938064607891507807e-01
3.890547123144817987e-01
5.364765399273409008e-01
6.299654787816680868e-01
5.212243610826615692e-01
2.702382209108699085e-01
5.669016627439331657e-01
4.102999620287810512e-01
5.344878506792580808e-01
5.651734654155251558e-01
4.322600578309909181e-01
5.483051545127690662e-01
5.659590523454652855e-01
5.865706425092545029e-01
5.022680746076656488e-01
5.699588700038783484e-01
5.621058677780030877e-01
3.878619500207220461e-01
4.002295272060452103e-01
7.308146903722674281e-01
7.383532396116867513e-01
5.937255676901652679e-01
3.403808328545064321e-01
3.438309140770849925e-01
4.481593831244316539e-01
5.635447314924311168e-01
4.287863366793220887e-01
4.712950440846438993e-01
4.699687384359755860e-01
4.441288663848333984e-01
5.292861526487461221e-01
7.384677331742101059e-01
5.457479474041601053e-01
4.723963060716120932e-01
5.951792354929709150e-01
7.265117139252982303e-01
4.473289032129534881e-01
5.970307807480605966e-01
5.814371397292673604e-01
5.963154339145159133e-01
2.693366957857946664e-01
4.638517316058609619e-01
5.914729483105093388e-01
2.832150112767891637e-01
4.491086716496899833e-01
4.282145931597153288e-01
7.077128991021736093e-01
5.817225114728020730e-01
5.154994161514604434e-01
4.548306854598062055e-01
5.680124927257306222e-01
5.151653753710507821e-01
5.899295697631462554e-01
2.680653135908347973e-01
4.405616689145914200e-01
3.961449846635355376e-01
2.952565290498244122e-01
5.817079883638278659e-01
4.946675309077849247e-01
6.230485211986479532e-01
5.999643746328083838e-01
6.097954242083667431e-01
6.115601805042860661e-01
3.415950354035024450e-01
5.714546984743018587e-01
4.774709631817028455e-01
4.806573398547046572e-01
7.093593088458723939e-01
2.757885052865233777e-01
7.372549475030738542e-01
5.818270761162576132e-01
5.310273227187503053e-01
5.630377806568975796e-01
4.669677763142345284e-01
5.073730295459939477e-01
5.888290059395275833e-01
5.349101069160191457e-01
5.537335394308643410e-01
2.962366104966710489e-01
4.063694198557211146e-01
5.569787936117188698e-01
5.000829246020297436e-01
5.489970641673432850e-01
3.970026220252134141e-01
5.214133855882321367e-01
2.896885174155240938e-01
6.060947747572534849e-01
4.627657464649117536e-01
5.231942326006808752e-01
2.679341469745780691e-01
5.595896096236399053e-01
7.078807557492465818e-01
2.816166720372672572e-01
6.072172909654033335e-01
4.896035484845223662e-01
5.715779498331536868e-01
4.758944101969749818e-01
4.896818929607166249e-01
3.884936948324218542e-01
3.322518731063628383e-01
2.926195635337583423e-01
5.976225355318854904e-01
2.696612540082796161e-01
5.740730892396996854e-01
5.929619614226027124e-01
5.229210946784114133e-01
5.646399314698993255e-01
4.458100303670586850e-01
5.560980925927196949e-01
3.531228755905930217e-01
3.413910925652026696e-01
4.061069544536175524e-01
3.908734711535395423e-01
3.991124317390720710e-01
4.755710944983921329e-01
4.880935742630826413e-01
4.901348725918951987e-01
3.778483079247340615e-01
5.779011685009515231e-01
5.574109468000688627e-01
4.362510895560453017e-01
2.662321863777361020e-01
4.234832514871061937e-01
2.943974891965181473e-01
3.551747776541965829e-01
3.734168844921917363e-01
4.244839823252753441e-01
7.313912190783135037e-01
2.785829806932795805e-01
3.402044189422110398e-01
5.947137681973299062e-01
4.820073226946035017e-01
3.163325437002625917e-01
4.605355003213011944e-01
5.326754046205067761e-01
5.665072917475626468e-01
4.797543563074259110e-01
3.977000340748140794e-01
5.532365667430820810e-01
5.563140539480948554e-01
5.229421860724142723e-01
2.668573685418402786e-01
2.667866129353094196e-01
5.845298835549112004e-01
3.480200638390834600e-01
4.956646609179225504e-01
7.360560242399883935e-01
4.917529269435308437e-01
6.147916044417156556e-01
5.517069031611333552e-01
4.790928672245879372e-01
5.603763416531053476e-01
2.730412245752854572e-01
5.903646470619026143e-01
5.823563895517024358e-01
5.615927260943432975e-01
4.598725541767512137e-01
4.605464200945710851e-01
3.465916500107698583e-01
3.048593716377031027e-01
5.937765071021346985e-01
5.967640300410950172e-01
5.832943020934870937e-01
5.398088924769940400e-01
4.010484830297416092e-01
4.892482471214867346e-01
6.004033750078162646e-01
5.219064013713583527e-01
7.242154968733925946e-01
5.814012007336984977e-01
4.872869714505390637e-01
2.909882112947845823e-01
7.367234761024605838e-01
4.671890980830289974e-01
4.678344340453638450e-01
5.613666980189490063e-01
4.663643791619853096e-01
5.797507768375630421e-01
4.928394457018629438e-01
4.858719578713322496e-01
2.827110900049733533e-01
5.409266157201851888e-01
5.568043912467381951e-01
3.823608319855908433e-01
4.016752060235151411e-01
3.951896405037040316e-01
4.979100448465289541e-01
6.298744347385890618e-01
2.816227820699849782e-01
4.667752062364779464e-01
4.299129790007210628e-01
5.000473331857494541e-01
3.274600352855042695e-01
4.309394690930274385e-01
5.416967637887623033e-01
4.924866037026379706e-01
4.415637229903036087e-01
4.365935570059874538e-01
5.509205511973894742e-01
5.095949850022805094e-01
4.627438767005602194e-01
5.055840252747687558e-01
5.121211211629798088e-01
7.124640318488478785e-01
5.585574687178275211e-01
5.786938459227398690e-01
5.831722173087783290e-01
7.362476540121940527e-01
2.686759243750911352e-01
6.406162207746194381e-01
6.039589334501834772e-01
4.720600794354928853e-01
4.255412082478531866e-01
2.670934941081438696e-01
4.993876086841944617e-01
6.546298199728040057e-01
5.007405353979867968e-01
5.851738234142217499e-01
4.313554065512499314e-01
3.002995585189069949e-01
5.184787841221869531e-01
2.850984875708316157e-01
5.263287891125663087e-01
2.767607750846165504e-01
5.853040500226270870e-01
5.627218516219226752e-01
5.154538535066682803e-01
5.166896102420489578e-01
5.387141833252556689e-01
4.258616048018575295e-01
7.381119786451185716e-01
5.425351663008172176e-01
2.995187093860851579e-01
5.208966852433738470e-01
5.662565273266783050e-01
6.031215051538543204e-01
4.030018364804157649e-01
6.160461305482946015e-01
7.374680928364275578e-01
2.727008174044570632e-01
4.820710320055938136e-01
6.423951217297003691e-01
5.845081204028651500e-01
5.301024368346762827e-01
5.805400838764119831e-01
5.106779471911622181e-01
4.331047329125169432e-01
4.923027205293029618e-01
4.864066492785227291e-01
6.021892363641642154e-01
6.121819796800468394e-01
4.447993538863058149e-01
4.922911777336982930e-01
2.885104065783350991e-01
4.316635472807859863e-01
4.810902832503072823e-01
4.000799503145678337e-01
4.829859201466874530e-01
5.683299534745750448e-01
3.517228179314569880e-01
4.989080594922480905e-01
4.787690290559603046e-01
6.224818491994851266e-01
5.267608414787119386e-01
5.265094886937937702e-01
4.561438116732625669e-01
4.462183283247470045e-01
4.146929255993508368e-01
6.342328185125876150e-01
5.408563838553795966e-01
3.340189152798938022e-01
5.759607517626136319e-01
2.923170654464788409e-01
6.161661180018299655e-01
3.829927059893825092e-01
2.677834167164145907e-01
3.376645420251652707e-01
6.220505799751564480e-01
5.235515690718759441e-01
4.633914048328061641e-01
4.149668971625955494e-01
5.850312303904162681e-01
6.322838096260867680e-01
3.857827442324117673e-01
5.717976566034363994e-01
2.895223672797447856e-01
4.906822888909579961e-01
5.785266866852917245e-01
4.625351528370327814e-01
3.364839820172629836e-01
5.533002928667994924e-01
4.775006871918061613e-01
2.920971913296310229e-01
4.924247038403172794e-01
5.305878946538219454e-01
2.901180618540806777e-01
3.881120136455742387e-01
7.386983220646908821e-01
5.554847824938577983e-01
7.080022972751616184e-01
2.957685994257481799e-01
4.517171860101626413e-01
3.532721802031353886e-01
6.277048106478544387e-01
7.288274887365705501e-01
5.803745226894687637e-01
3.949688367897193908e-01
5.681768353966316631e-01
3.071636960740683486e-01
7.390061875605912212e-01
5.508945703176386655e-01
7.358041121032512510e-01
6.022297151963986739e-01
3.730702510843487696e-01
5.714155139779851789e-01
2.788192925581278181e-01
5.605686339499027504e-01
5.010724634998715565e-01
7.070572672713870688e-01
6.808699323352923605e-01
3.034753575257294056e-01
2.892035326921116867e-01
6.710644466364855676e-01
4.595822573975323344e-01
5.739176246765864686e-01
5.439806803866817919e-01
4.395333254782016752e-01
6.028719699644630170e-01
3.004929349326962984e-01
2.844153945238528935e-01
5.034125707969052677e-01
4.781140236874621419e-01
4.375643098953017618e-01
2.662982311152733983e-01
5.929153940721189064e-01
6.034649870616645151e-01
3.772155604483045654e-01
3.338960876483783036e-01
2.916291332091002775e-01
5.686089716256507165e-01
4.309120938218560792e-01
6.084724457076148285e-01
5.436511185438366311e-01
3.045539616715329800e-01
3.282612335323482622e-01
2.705353367976606749e-01
5.922574427723583668e-01
2.790527799784521257e-01
7.385558909780634007e-01
2.789665475412604345e-01
2.725072430304881221e-01
3.261256179897279450e-01
6.935203746457144769e-01
5.817813573752079748e-01
6.559089337776748962e-01
3.775994701391477415e-01
5.415112893367222124e-01
5.822087270491980160e-01
2.683562988148538997e-01
4.853641815599564202e-01
4.442515394349345059e-01
6.805057912642739071e-01
3.904422721949563080e-01
7.385972758236803992e-01
5.131731165303408115e-01
7.098343006929046517e-01
6.209189752904132886e-01
5.960551170355906647e-01
5.815327095000381030e-01
4.970468637880068874e-01
2.747014717545522844e-01
4.348927462593469850e-01
3.870358589569483643e-01
7.384570022430604341e-01
4.576670777526754552e-01
7.082008841371332242e-01
2.891734453831285023e-01
6.596404147938342843e-01
5.301304538267620492e-01
7.382052736287025851e-01
6.112548150375564093e-01
4.573774164723257707e-01
4.868620506776111800e-01
2.803347922317984131e-01
3.264028504150745524e-01
5.424099106209190335e-01
2.660559779061473229e-01
5.681785543181037124e-01
4.362685171228461445e-01
5.709177759614063596e-01
4.681438880702447625e-01
4.442678869006811970e-01
6.413423084118515805e-01
5.925351009578981865e-01
2.706488455348005084e-01
3.143434131505902229e-01
5.709270843971901988e-01
3.346035120656848383e-01
5.685565508164552861e-01
5.985159371656930682e-01
3.827779021650607461e-01
5.845301935706460617e-01
5.810893472071194665e-01
5.285299508241617650e-01
5.055999131340528363e-01
2.688144662429914344e-01
7.365559000441432858e-01
5.590795559750072474e-01
7.323457287883997635e-01
4.010266047077176155e-01
5.210493501319293230e-01
4.964350840085104410e-01
4.979860988086738383e-01
4.549513173982614456e-01
3.745065847267243786e-01
5.930952338204986685e-01
2.669582168901025732e-01
3.506198586121297978e-01
4.165233102481800675e-01
5.485491361668308752e-01
4.523733316641551649e-01
6.361721018151043072e-01
5.523243862437700047e-01
6.068402633538505508e-01
5.406872011642649412e-01
5.423470332261958182e-01
4.799593510982250177e-01
5.469286926889628253e-01
5.438652348211697740e-01
7.242547647963902824e-01
2.782913590781986857e-01
2.687642125038347540e-01
5.931689985711966484e-01
5.917654291539768963e-01
7.371976765571802703e-01
4.930705571917042840e-01
5.612600356596501028e-01
3.796279804895293930e-01
4.780070750862999707e-01
5.435538356261828685e-01
5.576696874715943997e-01
5.583366225430620444e-01
7.347318442124688431e-01
4.636468158475737233e-01
5.930311210045151604e-01
4.054027386177432302e-01
4.515141339430740475e-01
4.884762042372546298e-01
5.868734624923415133e-01
2.791851358703521524e-01
6.302771426734919968e-01
3.893358156288453387e-01
6.171253483213806623e-01
2.931867889663725135e-01
5.646137603244165692e-01
4.806069219871722531e-01
5.085152522940141750e-01
3.968846810815347959e-01
3.000205530281416233e-01
5.726382119337277699e-01
2.977252667045331425e-01
5.785984745960930375e-01
4.127185223995329943e-01
5.374270223405731572e-01
4.462364841467165721e-01
4.766815165499084794e-01
5.593460573858641816e-01
4.686340535179940869e-01
7.256942570451798691e-01
4.784741585819134446e-01
5.191722815295881643e-01
5.644785538367245170e-01
4.878884388382426773e-01
6.177575809957807085e-01
4.815705784918900001e-01
6.108920453866242273e-01
4.452217882778991553e-01
3.957502752233255650e-01
5.091917580757717721e-01
6.313106109912605124e-01
3.416988199244051505e-01
7.226436421805298993e-01
5.333479314340132671e-01
4.690289123201411559e-01
5.577631125495446929e-01
5.673074318184330167e-01
6.001236535111504899e-01
5.806799907980166875e-01
5.713451064357505382e-01
2.873261592759101535e-01
5.940435394207924658e-01
6.103816876563022964e-01
5.473426366113036678e-01
2.915300430923349895e-01
4.079534749844339614e-01
4.130006210363663111e-01
2.695693714203795111e-01
3.489246773327785989e-01
5.376824128733380670e-01
5.517127492170182945e-01
2.794706532942490274e-01
4.618443993368048783e-01
4.433087654971017977e-01
5.566155480604456640e-01
4.682887563135172404e-01
4.971250472987457369e-01
5.937903635997017204e-01
5.319632536348140039e-01
4.744628590497008136e-01
5.281647378061845588e-01
4.575137683077434292e-01
4.394757470846408220e-01
4.780340521377290375e-01
5.584897470682739229e-01
7.027060258405918303e-01
2.733882938936304519e-01
3.741050788637349522e-01
5.880070194594845256e-01
5.246491536485342611e-01
6.237665055897939625e-01
5.562464584331909823e-01
5.653397410743552509e-01
5.271350363614077938e-01
4.393771797346778252e-01
7.375847852416590467e-01
3.784668683881978191e-01
3.561027363294567150e-01
4.664279388387801428e-01
3.060862915340689105e-01
6.531049945980129667e-01
5.628209622427784442e-01
4.362203656790839545e-01
3.609265599366756061e-01
3.751364007976231152e-01
5.712799122006904096e-01
6.235101478485700621e-01
6.043829916532532653e-01
4.057032545089496733e-01
5.709411021810274489e-01
2.912421517682714511e-01
5.428954363969703545e-01
4.308983213540015789e-01
4.945774219964394480e-01
5.133366221643025362e-01
4.190229016414064867e-01
4.959460545845934543e-01
7.302020709669752030e-01
4.175809377103869569e-01
6.034558515059155193e-01
6.246834553614319940e-01
6.242238112746900658e-01
5.277294930383936711e-01
2.739322280236609619e-01
2.665057335443066777e-01
5.629996497981193393e-01
5.355631846854103095e-01
2.900441556724637771e-01
4.889666099036534819e-01
6.050564310088872855e-01
6.266588516916886675e-01
4.717107678625198086e-01
5.958391478442209843e-01
5.971714632854915328e-01
5.820224432152676375e-01
4.268130603745051710e-01
5.723535904028794752e-01
4.530757467315007503e-01
3.061635326832349291e-01
6.386209248631069535e-01
7.366652893010575687e-01
4.019603041011624578e-01
5.333595113626168338e-01
2.779069536310724842e-01
5.264133045894027196e-01
3.799684682508447375e-01
4.290960058093582496e-01
5.823928357950841628e-01
6.021154863443506366e-01
6.228465358847209421e-01
5.677447073906300989e-01
3.463340998116028469e-01
7.001012645445514604e-01
6.069138182603422971e-01
2.836077404311911909e-01
5.868759705953857653e-01
4.794663965361746771e-01
5.631268193535592381e-01
5.894264779548301636e-01
3.411472426313679751e-01
4.966981506982356409e-01
4.512564976713515086e-01
5.936949842696084279e-01
5.416689752625264420e-01
4.058236792149243488e-01
6.437249637465127794e-01
5.490838937067461512e-01
5.709933748000403098e-01
4.609062106304447348e-01
6.730542385551210316e-01
4.205233902664154977e-01
6.339763880942148599e-01
5.063364541923314199e-01
5.173731002187155203e-01
7.078328905764956769e-01
4.718974026213115236e-01
4.797457303513725790e-01
2.909296511580174993e-01
5.834678848324151845e-01
5.563394352240083052e-01
5.867441373895534440e-01
3.890860551311845494e-01
4.371332913120338226e-01
4.312209195866296696e-01
2.681130063081583748e-01
4.093059613561906285e-01
5.699432743384962308e-01
6.424321280254847721e-01
5.624475454191182333e-01
3.044952391278045178e-01
5.185605516922107139e-01
4.910829040785187893e-01
2.717555508218648663e-01
5.716882874526775238e-01
4.869412436027649727e-01
2.855203782872038354e-01
5.004239955928780903e-01
6.058441321617749065e-01
4.459347112564323035e-01
6.045874533168853482e-01
4.685781406719339848e-01
2.663683324657827312e-01
6.786394677167999490e-01
5.662406963965546103e-01
5.928827560670623109e-01
5.129520456581559973e-01
4.798619832381142425e-01
2.872518710320401958e-01
2.878937268813332451e-01
5.466200327407036985e-01
6.358044147496398901e-01
4.412801948325622559e-01
6.207527374413048804e-01
5.438111329774548697e-01
5.480224919260403560e-01
3.485578489919789469e-01
6.297979345286343067e-01
6.275433996267253400e-01
5.731292477662609519e-01
6.231298177759908574e-01
3.061239530434289313e-01
4.846224066306081824e-01
5.908544590764162052e-01
5.806223306127757944e-01
2.686311360377298674e-01
4.712850024014088590e-01
5.409601571142919063e-01
5.815577186363587447e-01
5.702523351598237644e-01
4.889574876479501619e-01
4.145430841866905025e-01
7.031787851796466038e-01
3.857517688152794499e-01
5.536705799722911880e-01
5.877155820673279907e-01
3.999528108861939990e-01
5.732472272528892354e-01
5.179348264262609858e-01
4.708920636195894627e-01
5.859796107614811955e-01
3.084338430551392674e-01
2.685912224986830021e-01
5.599791744835315166e-01
4.182850567139205222e-01
4.918005239656706440e-01
5.806737663277840023e-01
5.849469787748530214e-01
5.996928847560643039e-01
5.488208866651355100e-01
5.981515572837533545e-01
3.651659673458005906e-01
6.830366745831427666e-01
6.428018040876253281e-01
3.469045089710745544e-01
4.804264371575002746e-01
4.475239075119792354e-01
5.698528027408397145e-01
5.727529492807267308e-01
2.972395201772851658e-01
6.342593795835876902e-01
5.853923835331763526e-01
5.545459127285115031e-01
4.806336759944939141e-01
4.985979850441321637e-01
5.295581019675280610e-01
3.643154184106755511e-01
5.772224800749672369e-01
5.683873154272515160e-01
4.356000818892605264e-01
4.601697834280576993e-01
7.367309860416404454e-01
5.178736430588903872e-01
4.747951547551185203e-01
5.507832145057107720e-01
5.109273326347865130e-01
6.971467343005665063e-01
5.814746704385894693e-01
4.932076010559198198e-01
5.327475938963496249e-01
5.405415168918985547e-01
6.490858214621342270e-01
5.714997878910558216e-01
5.042752673828421184e-01
5.907194304431581111e-01
4.787942011318354618e-01
5.671427936685607962e-01
5.067627184930361128e-01
5.459012271182333009e-01
2.678675634740732003e-01
4.457074008156097777e-01
5.709554689570278674e-01
6.259993345336823944e-01
5.568548219698860047e-01
3.047198173214870631e-01
5.805562105204918888e-01
5.538653509701702005e-01
5.623165499171300930e-01
7.312124205610712746e-01
2.763749698167465296e-01
3.109988689295567488e-01
3.538038315075064388e-01
5.621929359873684140e-01
5.360572928491782463e-01
4.741548193607171280e-01
7.393643779427474527e-01
5.014487029004716101e-01
5.690734419527895271e-01
6.949021442512715030e-01
5.730471788649513787e-01
6.686802132212860128e-01
4.890513812197138099e-01
4.793623856200631139e-01
2.678103641671342738e-01
5.388313282339264321e-01
5.355752594732179350e-01
7.376424420621998657e-01
5.705993455823088478e-01
7.389358863640936859e-01
4.812244268664959135e-01
5.604718464247625542e-01
5.675582871203899149e-01
4.756810710030746070e-01
4.664430299069715069e-01
6.594480231479289412e-01
5.316222163412552826e-01
4.413137618127258022e-01
4.485221790822890298e-01
5.806327455435438267e-01
5.504306520091020172e-01
3.268121185915694449e-01
5.704990515066302725e-01
4.779501624182400099e-01
3.629030535606494468e-01
7.209279030405489896e-01
5.801770834734059079e-01
5.854328872340349710e-01
7.386807355680978793e-01
2.917117172569122507e-01
3.126525453269106691e-01
3.003007802900247714e-01
4.290507464250287728e-01
4.715771955936500781e-01
5.253219530964531314e-01
6.582356709357108926e-01
7.242639805801697195e-01
2.673902744821098354e-01
3.819203700992679917e-01
5.892476805919474314e-01
4.594611489935613857e-01
3.683852270395607809e-01
4.183499766508015361e-01
3.420525133777496118e-01
5.022694141027486125e-01
7.374189378165163511e-01
4.493753084951963017e-01
2.769181846382944290e-01
5.628078903254680743e-01
5.472812917284719525e-01
5.234375117512281017e-01
5.879923702820983866e-01
5.402589168399303254e-01
5.897459938508851085e-01
3.037691261527132314e-01
5.527420917232862552e-01
3.210098734455051894e-01
4.379979210435444581e-01
5.936406604092773209e-01
5.482349040994138889e-01
7.307202034353725839e-01
3.965067534711914643e-01
4.995514319786551471e-01
5.551999410716619288e-01
4.972872431853503916e-01
3.471597370971426511e-01
3.607916968117215739e-01
3.932869089818862296e-01
4.226254068677837150e-01
4.953931339905062736e-01
5.675468564597729859e-01
5.657806282684506582e-01
4.103152640430925979e-01
5.830671965400067158e-01
4.736721401958391420e-01
7.153240486424935485e-01
3.751989560988223671e-01
5.592415665241416978e-01
4.806167025585408870e-01
4.743673622657790245e-01
3.654825471306394902e-01
5.045010695600430362e-01
5.812950284732677497e-01
5.387614178637172291e-01
5.527802472391498689e-01
4.143510851388076399e-01
2.762821462199568923e-01
6.463139322979021273e-01
5.574645884507031246e-01
4.497099163912477437e-01
5.047019226386904034e-01
5.438193610208617024e-01
5.759560032031829646e-01
4.520168488863771650e-01
4.701578548749332231e-01
4.248393453729753522e-01
5.855408053402763047e-01
6.916933242633255263e-01
4.900367358395676387e-01
6.358830900370529005e-01
5.909205708351146225e-01
7.197887330446286480e-01
4.667296767565519144e-01
5.303418608104430998e-01
4.332674987884023721e-01
3.206854126408348882e-01
2.839910097958280311e-01
5.765658469573513578e-01
5.038629419183011660e-01
5.954784804387396324e-01
5.975448197961791275e-01
3.991162532927369222e-01
3.129323579253575072e-01
5.733581248499599603e-01
4.881337608726603050e-01
5.320989074848819778e-01
4.935905036896437448e-01
4.975235816302928105e-01
5.578548490159994655e-01
4.401378046662191568e-01
6.914526725578805655e-01
3.375894610833373721e-01
5.503736388202818963e-01
5.307973236968412944e-01
2.739362535955990885e-01
4.431170846362427196e-01
2.729101504552354229e-01
4.641556519427703087e-01
5.930440430317586165e-01
5.223822398796902355e-01
5.810715397745738198e-01
5.415628233268110492e-01
4.698114982792791494e-01
6.352452234113553642e-01
5.836642661218871542e-01
5.919220089104269000e-01
3.836423787183905754e-01
5.530620521453530891e-01
5.232634493407731791e-01
4.597937277725378524e-01
6.128572134128008608e-01
4.087029173234571489e-01
4.452342485068503941e-01
4.992891513914700097e-01
6.308824911668493574e-01
3.188955281895112792e-01
3.264159959274726686e-01
3.461598535091340856e-01
5.494123508320711835e-01
5.604830860525593650e-01
4.639104638919483437e-01
5.717940487560949636e-01
5.830394596769817861e-01
5.647846978109051230e-01
5.368241432328607621e-01
5.666142504179599859e-01
5.842053684597080521e-01
2.681088675298126112e-01
5.040692405722864144e-01
3.257591065491614035e-01
5.870702669946243901e-01
7.373551239053455220e-01
5.719669591785746521e-01
4.378836569937120671e-01
5.856897671964810259e-01
7.240099097840904108e-01
7.224835090191390474e-01
3.954498574769148567e-01
6.263495306980679800e-01
5.534386694440789345e-01
5.178670324160368210e-01
2.933087424090835560e-01
3.080659271094394192e-01
2.766485695157359093e-01
3.102380800591583720e-01
5.378068207961854696e-01
5.658108176975779058e-01
4.379129556735746331e-01
4.567500892910968391e-01
4.819649226831945188e-01
4.640314564323646529e-01
4.332795686340449315e-01
4.608119514483007273e-01
5.722585932993031754e-01
5.729902455564378494e-01
5.452057011099549211e-01
2.966755531361804366e-01
5.557425241230491419e-01
6.539756540092143133e-01
5.665391167286234486e-01
5.309328336678215132e-01
7.279266858389078498e-01
4.772574710350561134e-01
5.406396080744445554e-01
2.666366922248769589e-01
4.961769710574469583e-01
5.587349592638101159e-01
5.732776804062356124e-01
4.898958398001277970e-01
4.710355688573555910e-01
4.268255020434292279e-01
5.928703871553755445e-01
5.054149048387825971e-01
3.787825210743828719e-01
5.477323289673317053e-01
7.126380416465181167e-01
4.851333222833781322e-01
5.175116746236330112e-01
5.836843548501957635e-01
6.467567529571429663e-01
6.658424446293553789e-01
4.795794601911471111e-01
5.902375374227533111e-01
5.626284032681829750e-01
2.663922007756879262e-01
4.950664482520164000e-01
5.042266357881962646e-01
4.407085373224491898e-01
5.697452123788095957e-01
5.115816917314924828e-01
6.030863812067818186e-01
5.076467820704134715e-01
6.263908327771385842e-01
3.634631742599861437e-01
5.157729631030611994e-01
3.904284206951696423e-01
4.978311707505581052e-01
7.358652237605868285e-01
5.391712036121147911e-01
5.591687123506373647e-01
2.675669239752432316e-01
4.332729518883656761e-01
4.636201295261583311e-01
5.708245119727685113e-01
7.294183683268695706e-01
2.748647509240235154e-01
3.492186115930388524e-01
5.523484733533312596e-01
2.717340577347274744e-01
5.609215750985190319e-01
5.760745540727499892e-01
2.985724977949856251e-01
5.854307284077865381e-01
4.600926979993624211e-01
5.451136635361926164e-01
5.660038236335698247e-01
3.414881612836893066e-01
5.254837511345867851e-01
5.897499109220437630e-01
6.013462072910675804e-01
4.630922756134265295e-01
4.079519879464154064e-01
2.829415037740935501e-01
4.604880736510455486e-01
5.166088366890734251e-01
4.665139251289874278e-01
5.695802207351874369e-01
3.348780801577190824e-01
5.006376016278836216e-01
2.840888741849574295e-01
7.284308221107966830e-01
5.608804895645883581e-01
5.552487602762273822e-01
4.772417753807694507e-01
4.910617002060887470e-01
6.010277591444449508e-01
6.091468180351783390e-01
5.345729273829766814e-01
7.280756748168208947e-01
6.959932758018417820e-01
4.548573904375741161e-01
5.163446210402007353e-01
5.623079809277419239e-01
6.239874808860540467e-01
7.394486195809030216e-01
5.610894644462239844e-01
5.557903616357662280e-01
6.075326423879109372e-01
7.048828396653513684e-01
4.808429334989890447e-01
5.970796604459284174e-01
3.216050957640355090e-01
5.540523783308257677e-01
4.804713011357680807e-01
5.175459235408612635e-01
5.693310964471810509e-01
4.379330395497653683e-01
7.391808301237150491e-01
4.861678146096725106e-01
5.554673483825536273e-01
5.706412291756259858e-01
3.086346888403296296e-01
5.676881280452892309e-01
4.337002503597980896e-01
5.606046742390590198e-01
4.973452064130001737e-01
6.018227030083764806e-01
5.407935211830051658e-01
6.226197581293202443e-01
4.718684855410415491e-01
5.761019201792042521e-01
4.329726521444020593e-01
3.079980020221210757e-01
5.268972504500806231e-01
5.061408106075284685e-01
4.791723115491151042e-01
4.114206546557639954e-01
5.238696156074703625e-01
5.899053747777863732e-01
7.339104646325124159e-01
5.843554330547777731e-01
4.626461974361346097e-01
5.982353812731138198e-01
5.594704400138437173e-01
4.690918251787952187e-01
7.355143970455263469e-01
4.470558871224630804e-01
6.627022059357130512e-01
3.419374889614734125e-01
3.824657044608564260e-01
5.306778371423568341e-01
2.781888589263764033e-01
4.472520183367642010e-01
3.284087549618859292e-01
5.276564582436861217e-01
4.007577941210377914e-01
3.691127078369120795e-01
3.579035783728058973e-01
5.750893608155315251e-01
7.246687147512647087e-01
6.193858682437503038e-01
6.424338809588752142e-01
4.876699425684756228e-01
4.930238710766396970e-01
5.500355249012970349e-01
5.598980997982500041e-01
5.478636919331451027e-01
5.841954855448766581e-01
6.136168748690526975e-01
3.613548668540107478e-01
4.339653040440700216e-01
3.093157910116158815e-01
5.434945904378153392e-01
5.942947324665014408e-01
5.549111625089905298e-01
2.706491039317396874e-01
2.660213191416433975e-01
5.695001306059889190e-01
4.217646944799099962e-01
4.115723071758617957e-01
3.178989443624846145e-01
4.264834658774026011e-01
4.939744283254742796e-01
2.715203261908877841e-01
6.178379717538539095e-01
3.698938066047743334e-01
7.372329523162018949e-01
3.870509280756992965e-01
2.665641190983855102e-01
4.985653438564672801e-01
2.960514574029864399e-01
2.824871261887358931e-01
6.150428745114800977e-01
7.390219083812707979e-01
6.211822912052553658e-01
5.074816952290206462e-01
5.226912013160863735e-01
5.473226920760038139e-01
5.648397395485071915e-01
5.029811318011569998e-01
6.497173728321680164e-01
6.392700423341298732e-01
4.712266722783283734e-01
7.043198214508050725e-01
6.531663904817943678e-01
5.405508343072119581e-01
5.748521882658212956e-01
6.154830736413798853e-01
5.121992117979362602e-01
4.732605021753785168e-01
5.592553930589365674e-01
5.636334846540550503e-01
6.977525294235839004e-01
5.296919292991434380e-01
5.699045137354024071e-01
6.137775525795291509e-01
3.134966002471499813e-01
4.686272238618377495e-01
6.034176817948826432e-01
7.348139664328730003e-01
7.302872186585800396e-01
4.586893961204991932e-01
4.711330750479348350e-01
5.073433303024390550e-01
3.031656774009801603e-01
2.924338058120881656e-01
5.433870236878660664e-01
6.397424288727872055e-01
5.707854456434959811e-01
5.072591457412639615e-01
2.702194361215335405e-01
2.965429714477844092e-01
4.950100926687439618e-01
2.947842396596466741e-01
2.925739208724431606e-01
5.658311035167711278e-01
5.217311979166010527e-01
7.255504674147635891e-01
5.697386257575463020e-01
5.263042225328304902e-01
4.722792458723518716e-01
4.356436019847346186e-01
4.462730409813613353e-01
5.671162055185851036e-01
4.051620101087330394e-01
4.072082187591135605e-01
3.159670993974976749e-01
5.822923600051388426e-01
5.974187847992236122e-01
5.427515938233186121e-01
4.233681072064391926e-01
4.975372949389696986e-01
4.565720778269649616e-01
5.864251162514254601e-01
5.658730829015348185e-01
6.754861009273116501e-01
5.721687253966556419e-01
3.541348580243301458e-01
5.662360052253229137e-01
5.326956283898187650e-01
5.614552821653039372e-01
3.900029577473664300e-01
4.858458254096437168e-01
7.185004493466810027e-01
4.730239480670876406e-01
3.959225338313402953e-01
5.420646487318658835e-01
5.654389223589895153e-01
6.061176113880244465e-01
7.330648852858474562e-01
5.143100452603260875e-01
5.608384347124493186e-01
3.437761832122817607e-01
5.176110002467779747e-01
5.186862472087144793e-01
2.659628979507649427e-01
4.505004325103397211e-01
4.583148665076332562e-01
4.272040996203831931e-01
5.550222350133602323e-01
2.987558341501547754e-01
5.954612061330588624e-01
2.715591854729516585e-01
3.403088967177804736e-01
5.564116332824510236e-01
6.291249639197571408e-01
5.690433035096936765e-01
5.188258305545121463e-01
5.886062939168146269e-01
3.785817438385181699e-01
5.086867588289650799e-01
5.427630576943052176e-01
4.869146670682252265e-01
4.687031125361069139e-01
4.619438272064687601e-01
6.095868742713284050e-01
5.404952607117244900e-01
6.307747282252758048e-01
5.554372533784243116e-01
5.006899166255091016e-01
3.500936872319316273e-01
3.120070345821869817e-01
2.683792840799261725e-01
7.029693678090240816e-01
5.232684693314830771e-01
6.237280060106171753e-01
5.301391886764258432e-01
4.114054641960668834e-01
6.614843740387023052e-01
6.305756710484584637e-01
4.496548221101279164e-01
5.381316056397277281e-01
4.144829783342304230e-01
6.100112724983216550e-01
5.635938484012655847e-01
5.705521792258790859e-01
6.006493771284762140e-01
4.949990179444805904e-01
5.552102779486783879e-01
2.667489954467935909e-01
4.425454823898578582e-01
4.097589654612168730e-01
3.449941530069755014e-01
4.960962410853189675e-01
4.857758835837381328e-01
7.392458208358522187e-01
4.250167471481666737e-01
4.647670678097064467e-01
6.942849340739882802e-01
7.226774611371812318e-01
5.274533475705903696e-01
7.384644687032408950e-01
2.754146305147279206e-01
3.156533254676795464e-01
6.948541293992956946e-01
5.975612897255966338e-01
4.030680452421854798e-01
4.623031283488018839e-01
5.068700050962287040e-01
5.505974468259017263e-01
4.004441739285143353e-01
7.016269824832396251e-01
6.347400671027851882e-01
4.643159561258071166e-01
4.847337491837283019e-01
6.280380011348477565e-01
5.666437745080384891e-01
5.982995323505360119e-01
4.304019532085953115e-01
4.494314829886583151e-01
6.521145341229684922e-01
5.670147979454813747e-01
4.929862075839350766e-01
7.121507269345653812e-01
4.947620768098755506e-01
5.071479429174795550e-01
6.171170415728156611e-01
4.800062815883193723e-01
4.494682561060692194e-01
5.608718206653910965e-01
5.500218061724201357e-01
7.359440514034980563e-01
5.461237610308516954e-01
7.388872001335242690e-01
3.179847334386474156e-01
5.481237423308560341e-01
6.129184516102069713e-01
3.614889608013909794e-01
7.383131480413912540e-01
2.662098910137548624e-01
5.556661270745614223e-01
5.871856181162377064e-01
3.141068358235989955e-01
4.670117920716392867e-01
7.001550512483792899e-01
7.384973680027279164e-01
5.588333377662114687e-01
5.149725840923011777e-01
5.695459878333148929e-01
6.215018304360686585e-01
5.756593075071186894e-01
5.528165748597086981e-01
5.835760056829717435e-01
4.769958700137411634e-01
5.672706812003779353e-01
5.222116762582303950e-01
7.366082112446799002e-01
4.605030803567868314e-01
6.667486393604026285e-01
7.390392200300957004e-01
5.090001285233587414e-01
5.173026318287085035e-01
5.557903615331087899e-01
4.868056262434652948e-01
6.190392467872496418e-01
4.503046736076546375e-01
5.368156726405770574e-01
5.544996628988291265e-01
5.168250861442859057e-01
5.631701060549935134e-01
5.672574210753889012e-01
4.465178344877082650e-01
4.068081006168593472e-01
6.253735024528302988e-01
5.728660057983278042e-01
3.453533644785977685e-01
5.716767064912786633e-01
4.423991766896465672e-01
5.926085215357630442e-01
5.971458316599149718e-01
7.366154921896320706e-01
3.150481891541527801e-01
3.001006088082467382e-01
5.545012951982912774e-01
2.746393146678274277e-01
2.664213791704111434e-01
4.295113205235232545e-01
4.068453785610980367e-01
2.701262343074173899e-01
5.737748952777023126e-01
4.190885130523452906e-01
2.676211477846140996e-01
7.385495311456473644e-01
2.741093569456156676e-01
6.300741318127113244e-01
6.087025364103797465e-01
5.442087235386883215e-01
3.924225947683285809e-01
5.269683138425258484e-01
5.920886693020444014e-01
5.225374482564918432e-01
5.032051207383823055e-01
5.166146688185174751e-01
3.100449842301777337e-01
5.549552360318241728e-01
2.731030982749454994e-01
5.443950154304482147e-01
4.915736832843906612e-01
3.645687969842887899e-01
5.206723211899391135e-01
4.941083793773779487e-01
5.353995926930171789e-01
3.094176776682361352e-01
5.026478151212040446e-01
4.911291794166443569e-01
5.851070200647606745e-01
7.006426087221838683e-01
4.150257231951943737e-01
3.038116712219481874e-01
4.794701701925501158e-01
5.756707398322777891e-01
5.596538034677133178e-01
6.001085403349502023e-01
5.642381251169973355e-01
3.909943854717414791e-01
3.336895832937344375e-01
5.188418658849092147e-01
5.703844037090046726e-01
4.618369791564440052e-01
3.310203990892502390e-01
3.637255887764143658e-01
4.973829002417982093e-01
2.704629232870112698e-01
4.639062744690886642e-01
3.431584378699640836e-01
6.206821316938568867e-01
5.601262088022188612e-01
2.823547047130099408e-01
4.611073016843703076e-01
6.335383989662320969e-01
4.678205590235021694e-01
4.684394640220010397e-01
5.551788031604021345e-01
5.357412416568592128e-01
5.010661244107578183e-01
4.145266627493021661e-01
5.487891710342726048e-01
5.819739511779007390e-01
3.046879407947483687e-01
5.578449488141573598e-01
2.658105781398500955e-01
5.655222252742727607e-01
5.610500453434068557e-01
6.118189274850384107e-01
4.261622496432179719e-01
5.129830230861264218e-01
5.157615789795625405e-01
2.877418865856822272e-01
5.858992315241283722e-01
3.832330160172494615e-01
4.287083967500520121e-01
4.802027585902499673e-01
7.261844089931525081e-01
3.852100531041911524e-01
4.825145046296602791e-01
6.382606636272882827e-01
4.173128455173386042e-01
3.323872464924969572e-01
5.654795111695132270e-01
4.474764483179604624e-01
7.179115849552801798e-01
3.468482427344610208e-01
5.676882530132998372e-01
6.689127209386229733e-01
4.943296579618619568e-01
4.724233243071920829e-01
7.383908812347594885e-01
6.633893929224183861e-01
5.356900917020759323e-01
3.778247898249980086e-01
5.705074197427056903e-01
5.934312218601140998e-01
3.188308190159517830e-01
5.664186564878865848e-01
4.866028426439939492e-01
5.033604661118965540e-01
2.692035757683124975e-01
5.701451493192769560e-01
4.680370859313524590e-01
5.776703338685380551e-01
5.042610509663666418e-01
5.117718866640239561e-01
3.099642421361912814e-01
3.519116699232577861e-01
7.016873453357457269e-01
4.741830989129929286e-01
4.510721274632270572e-01
5.484709005156850337e-01
4.514482618751894938e-01
2.923819385515640801e-01
5.946226108750454209e-01
4.620961233701142423e-01
3.718813678133998102e-01
5.400272850763017107e-01
3.151698098936510095e-01
5.705697561830264108e-01
5.015174566701605663e-01
4.569622372081545980e-01
4.228729232642481906e-01
5.108337208373067151e-01
5.934238109915533910e-01
4.563970545766060094e-01
3.768344031419645912e-01
5.049730728876771213e-01
5.399123630640538796e-01
4.821749992916860017e-01
4.759751946271596479e-01
6.080208651746312754e-01
5.058475109410183190e-01
5.081654975001954622e-01
4.303733964430768166e-01
4.658770086322001069e-01
6.292268546554566910e-01
5.208513784394774859e-01
3.668405204868566694e-01
5.626290942653106031e-01
5.761760640391665467e-01
4.828624135819081786e-01
5.757061733988094732e-01
4.646849976805376703e-01
5.901226733969876515e-01
5.575997226412207075e-01
4.940976506655500033e-01
5.561597468876200434e-01
5.622221481175094793e-01
5.623977575845118260e-01
5.443293931952888354e-01
2.876490194330053041e-01
6.335885932171677615e-01
5.703104706577344363e-01
6.159705647689567298e-01
5.463223851875123049e-01
7.196403782017918305e-01
5.860169358572222542e-01
4.746805561783553062e-01
5.667657769923348798e-01
6.976868650980607711e-01
5.832354904232842641e-01
5.597788186540957334e-01
5.285651748728973365e-01
2.753953967473989906e-01
4.674600219511647614e-01
2.696548379304860577e-01
5.540399018929716979e-01
5.886791216139395377e-01
3.204594019092198987e-01
5.579936640244952395e-01
4.836723547468579909e-01
4.501974447554518144e-01
5.501220891511285904e-01
4.855064731229021269e-01
6.274967961361511692e-01
5.488678715730372915e-01
5.721339827637329511e-01
5.902867700149314611e-01
4.324623838690118682e-01
4.695480574819135833e-01
5.834461933022806468e-01
7.384053980398013195e-01
5.706028059469777647e-01
5.678407901869275687e-01
4.425966557879510432e-01
4.387379246655407905e-01
4.963750811339125990e-01
7.362403321096145925e-01
3.003403876280419382e-01
3.726913151978936689e-01
5.650864616602992996e-01
5.829780306047086524e-01
3.295180867476055764e-01
5.689773664492792093e-01
4.911269174339444321e-01
5.137862908930591610e-01
5.541926861691408579e-01
3.831575492076716993e-01
2.924037400630837835e-01
7.155463781081398134e-01
4.675191385719264514e-01
5.554770355051126263e-01
3.418894331272463449e-01
5.784641566137849189e-01
5.487037261146404665e-01
4.533885110563493082e-01
6.205888324803701117e-01
5.302004684328219808e-01
2.781350213138494842e-01
2.674905023982612207e-01
5.627807323277780327e-01
6.079063997613102233e-01
5.876884912576175735e-01
4.156894834716914344e-01
5.629140668166150441e-01
5.562009019975218127e-01
7.098337409471073833e-01
4.624620006848541576e-01
5.955955854571270969e-01
7.196081250674550844e-01
2.946423785714463173e-01
5.672100835723055123e-01
5.767607043075979600e-01
4.054169011701376224e-01
4.799299425553043563e-01
4.799491842042801215e-01
2.678799160320431971e-01
7.315589482433444424e-01
6.381981136198920934e-01
5.930877906502647345e-01
5.706343333763733705e-01
6.326040287604534074e-01
2.682991504146521322e-01
3.016964772716422272e-01
5.676175999763218849e-01
6.240868615141644815e-01
5.148421437455660277e-01
6.122406361833050426e-01
5.368847645249383849e-01
5.533520027886739134e-01
5.623172840218849666e-01
5.600165750925419905e-01
2.777799502685402988e-01
4.317363129365132668e-01
4.767990709931615445e-01
5.592966690778148342e-01
5.365694342062308220e-01
5.558745345023585749e-01
3.209498019650447453e-01
4.853289524587360293e-01
5.705803654419721038e-01
4.332929384972361020e-01
5.594489213466387056e-01
4.919597512846770049e-01
4.163458649692878821e-01
5.533652273401360455e-01
4.678406951319155627e-01
4.464398744187024204e-01
6.034029815471254610e-01
4.090541934629120524e-01
5.384595468268800200e-01
5.741772603820501919e-01
4.736600821787491644e-01
4.805895004645777124e-01
5.634789002835229876e-01
5.836836718138992408e-01
5.299694602830979928e-01
5.476030311436381748e-01
5.718221592368161188e-01
3.509250520480040603e-01
5.568718093592820439e-01
4.542724814198718652e-01
5.942363088258919568e-01
4.162673585852446623e-01
3.471103166512757299e-01
5.273983171857835606e-01
3.524120330446857685e-01
4.797218194319046725e-01
6.277648632678172191e-01
4.838776720450569391e-01
5.783371676804209827e-01
5.525680783932563900e-01
5.583181380924507886e-01
5.609446714803100198e-01
3.212666382622393346e-01
5.494198344219229924e-01
5.581927213300764690e-01
5.067118798166982963e-01
6.057748027389215917e-01
3.524787155796104132e-01
3.239186715176061160e-01
4.676558699519948736e-01
4.722957954629711241e-01
6.161560643326116082e-01
5.296626099696084555e-01
5.519156123896242772e-01
4.733736872852558064e-01
2.797443207055197445e-01
5.485339036879286478e-01
5.687410638931011952e-01
6.702586894607336365e-01
6.093292173271656065e-01
5.495433671726477343e-01
5.545169851957894025e-01
4.781002850227977219e-01
5.422144051656613284e-01
2.665620067798271098e-01
5.685630358110982385e-01
5.372478452157165574e-01
4.519907640127708848e-01
2.967961984850476798e-01
5.670279142544215611e-01
5.500840610717601109e-01
6.049171566344970774e-01
5.883614033991592107e-01
4.803387225578136799e-01
5.755470288713709914e-01
5.523008217728694325e-01
4.875113436398239575e-01
4.375004291167524095e-01
5.933903679301465450e-01
4.909539887978799921e-01
5.306712520662745236e-01
7.249306142510026918e-01
7.169257814447697053e-01
4.126675089822087750e-01
6.372495991760697143e-01
2.690982177051076119e-01
3.491810592534300151e-01
6.808532745621600490e-01
5.476147556105956937e-01
7.381745688122172133e-01
7.387671410392383509e-01
5.624241698472504103e-01
3.351279409472037729e-01
5.702773337827884426e-01
5.058052191295395739e-01
5.121996809951985252e-01
5.006789847391523995e-01
3.215509986064621351e-01
5.531531822201810611e-01
5.578217878409567065e-01
5.581360280071243629e-01
4.115335561788664442e-01
5.452495275474149583e-01
4.129710039833287549e-01
4.117097471141320519e-01
7.379866820272580341e-01
4.297606725729342103e-01
4.768923334642987122e-01
6.360067329229378563e-01
4.406966358648076731e-01
7.387347244316638806e-01
7.385452324144827774e-01
5.544084040576959804e-01
5.403361308255278939e-01
4.820864326943373190e-01
6.062693038603578222e-01
4.906269158544242504e-01
5.533014077100238959e-01
4.656287845714670026e-01
4.189199094815554414e-01
7.385375977781711843e-01
5.581996780967219962e-01
5.228936802552940355e-01
4.707406188782006229e-01
4.474273082063291995e-01
6.033721595945019667e-01
5.932998963530157210e-01
4.187807690025999174e-01
4.486267726524456045e-01
4.717697486340694524e-01
4.113965245881743837e-01
5.978655145790575665e-01
5.895474178670931931e-01
2.665731108053883136e-01
5.962207416023513895e-01
4.026651230539330939e-01
6.267599207362003488e-01
5.793496664653871031e-01
4.588148844167145302e-01
5.024354156817915085e-01
3.132385755982103337e-01
6.103354723597529397e-01
5.837930347873806491e-01
5.638357018827409028e-01
5.974754497757386318e-01
6.001826738280862106e-01
6.174019505637298177e-01
3.774231606832828545e-01
4.752481911190581942e-01
6.077654350881933620e-01
5.634738378562225147e-01
5.749953359257597985e-01
4.582247829568466546e-01
4.079534544359397774e-01
5.761922213491634803e-01
5.846273346338048960e-01
2.940637496595103761e-01
3.493742565364725827e-01
3.609412832053993103e-01
2.775758443969041922e-01
5.665206885348101906e-01
5.077123910063308099e-01
5.910292690927806403e-01
3.459512019695853424e-01
5.593004615950998293e-01
5.592417730314469537e-01
4.811778788316495303e-01
4.827215224505698177e-01
5.114197163311133831e-01
4.380807337737199769e-01
5.683327417361717648e-01
5.822104190083408071e-01
3.191813740909497099e-01
5.419926439396465234e-01
2.720084847096271852e-01
3.959245337054073666e-01
5.070171538547421086e-01
4.269616068270721265e-01
5.609106511545982610e-01
6.077917532405010537e-01
5.883263524684348988e-01
5.839305351501768993e-01
6.116500373257593992e-01
3.737462910548664530e-01
5.576034093763636568e-01
5.259019971027543150e-01
5.660344057020721964e-01
7.387677630083826497e-01
4.175764221042198576e-01
4.667761546068043832e-01
5.216952034926474191e-01
6.308296261900752100e-01
6.209772799501778184e-01
6.065314906245931059e-01
3.470941019766379809e-01
4.486152767045684664e-01
2.934254315546290237e-01
3.011406894163019543e-01
5.100534859481440364e-01
5.244233034988061704e-01
4.968688638590800788e-01
5.949045405373619699e-01
4.875121933561578635e-01
3.533020850979660121e-01
2.976372333298183959e-01
2.672707712478786246e-01
4.864192666036149526e-01
4.472646605083551163e-01
2.687930877530905760e-01
7.174971033929972153e-01
7.279696110663794739e-01
4.696034072210547028e-01
5.041471881679978617e-01
4.582219203326753365e-01
5.528950962023979621e-01
4.590138329773155168e-01
5.617986344022690703e-01
5.650473307195637007e-01
5.518736412137711378e-01
4.243003540201735202e-01
3.561682148213073384e-01
4.344469384177109261e-01
4.270741642912130320e-01
5.427132895009246782e-01
7.323091208951197917e-01
4.129172792343944742e-01
5.714162832299150008e-01
7.382799428003637976e-01
5.119149734641508243e-01
4.772375327193951744e-01
3.684336121416401100e-01
2.941236111741726278e-01
5.691792645133045836e-01
5.659481535258977791e-01
5.772735285424788199e-01
5.075639970613623486e-01
5.881200908120127746e-01
7.065510104293208915e-01
4.982791080839859554e-01
5.258112203430892473e-01
5.715534766151036949e-01
4.755739476731662418e-01
4.463529693276345189e-01
3.272636449643586687e-01
6.109445359110339258e-01
4.668480549135204383e-01
6.105653277833328341e-01
4.911483558473554445e-01
2.677063765230308645e-01
4.984361223325898260e-01
4.109746819068733625e-01
3.135794304517288134e-01
5.300753601882792765e-01
7.012492480757425151e-01
5.078563719801952869e-01
5.975276416187478290e-01
4.688331905124907828e-01
3.950194233834148916e-01
5.624647623839937882e-01
4.514114386158040171e-01
4.533941339834491879e-01
3.888144289175649582e-01
5.272897337981471422e-01
5.685800038536544809e-01
6.228619200175197212e-01
2.995147610156715934e-01
6.242730395171510738e-01
5.582794904199337438e-01
5.358001102790569403e-01
5.696111529394867201e-01
4.197334151395396562e-01
3.887061608842429794e-01
4.521291983812557591e-01
6.192353125938460101e-01
5.457489249297787781e-01
4.647157412722302539e-01
4.548906634007554572e-01
6.126364990205926953e-01
5.813497938586587033e-01
3.674351369139493007e-01
5.549206379122877397e-01
3.484052235189494251e-01
5.053624980687709822e-01
4.810194861428673252e-01
4.793396178255233675e-01
4.399811843556669655e-01
7.368679096250045912e-01
5.620523643656873958e-01
5.720535645493883825e-01
5.135893861549575279e-01
5.815788056905164538e-01
5.467162114147514629e-01
4.723664735658421043e-01
6.599691469466322236e-01
4.755135446898833274e-01
3.315564383488009970e-01
5.457646730560112847e-01
5.249380088915374110e-01
4.996648951434414232e-01
4.655165495585323887e-01
2.662567790257734934e-01
4.513834840585447261e-01
4.830742748758738991e-01
5.625869541036060406e-01
5.717807368717306993e-01
3.117605346915447440e-01
5.389406273966457217e-01
5.390958764251944091e-01
2.735050743376761240e-01
4.963077056112845664e-01
5.438182570735911048e-01
4.374614863974276568e-01
7.032863243350847560e-01
5.723423335509985055e-01
5.257030387358876400e-01
4.572996523602488872e-01
5.317795934642696176e-01
3.332357362380938826e-01
6.288137851092774344e-01
5.917336925325163977e-01
4.174926633893711325e-01
5.796467175414666828e-01
4.612343749953978222e-01
7.386535007161317834e-01
3.074966379363210933e-01
5.089709470678320802e-01
6.806155895998805549e-01
5.227451648637452264e-01
5.881579744240296170e-01
5.158409766242884054e-01
5.782011215379967428e-01
5.481083139307076912e-01
4.897693448670720207e-01
5.518449464485686295e-01
5.323640395860897989e-01
4.423576720706448029e-01
6.302284662155014372e-01
4.013199685502398251e-01
5.827923350176107409e-01
4.972430308010870603e-01
7.024125298472069234e-01
4.479311065319084295e-01
2.707336702791732219e-01
6.445162581190149176e-01
5.713669274655474029e-01
5.975506717660997724e-01
5.330186521246298437e-01
2.688995543040935132e-01
5.319470376853875360e-01
5.371037794979298674e-01
4.339488466384867071e-01
2.794403329954895376e-01
4.642431259262560506e-01
6.103918067678706372e-01
4.033571947905971178e-01
5.710519622716323518e-01
5.741631223323292454e-01
4.746989568089061140e-01
6.823153502643882762e-01
4.586053061392301178e-01
4.796170558360858815e-01
5.083322212731440359e-01
5.599714952294010395e-01
3.807844026348096711e-01
4.904591836026352403e-01
4.341435578446755650e-01
3.700168226106365643e-01
3.014359400792805954e-01
5.822419375377643203e-01
2.755293816196693335e-01
3.012948213108651574e-01
5.274195102673407964e-01
5.579428791704950097e-01
5.865277692286492428e-01
4.828623225053940149e-01
4.895961959388004381e-01
5.200062124311477518e-01
4.680538660149943797e-01
4.056572260961482379e-01
5.601183565461897995e-01
5.622133094586306834e-01
6.688195350818438856e-01
4.976965758169576981e-01
4.909160193691720075e-01
4.832393099060438013e-01
5.422623674150931494e-01
5.531469933445541942e-01
6.461185908581046355e-01
5.743016333510674309e-01
2.720590093497787798e-01
5.928380226678172660e-01
5.642772911948017445e-01
6.284513217679236208e-01
5.803217829807623129e-01
5.208254345708644983e-01
5.730469125097032990e-01
5.639832287283630397e-01
7.205702534461636555e-01
4.481076590308122887e-01
5.498587920358112280e-01
5.664035912776440584e-01
3.973854421948451177e-01
3.358481010625958829e-01
5.259866762102117788e-01
4.790618526022001333e-01
5.620332734094733995e-01
3.493851341767247320e-01
5.881554753696427440e-01
2.711334095373657549e-01
4.608190545049960507e-01
3.815094156884474841e-01
5.746779490526363610e-01
6.062614393447862682e-01
5.702408733694552811e-01
4.542324991085031627e-01
5.192337814215657321e-01
5.566399653959342997e-01
5.639972770775179001e-01
5.376641790650261710e-01
4.795528356215613131e-01
5.544484049952910221e-01
4.923075254460674288e-01
4.821546779680850325e-01
5.669995055922018024e-01
5.275815479879158998e-01
3.636175005797839810e-01
5.736642875507976802e-01
3.383110484404713847e-01
7.390580731471729781e-01
2.698221369476377918e-01
6.062355808038909499e-01
6.217570723496780305e-01
5.863703020296870960e-01
4.919496008115578078e-01
5.544812754669127264e-01
5.058150179712247452e-01
5.451389234106706061e-01
3.849675893621221645e-01
5.534549959025283350e-01
5.320613535196367927e-01
4.921283174663984017e-01
4.904678367100904213e-01
2.895628014734231703e-01
5.476150603754038615e-01
4.298106998141653645e-01
4.525335987209606059e-01
6.075384011589328725e-01
5.870714490606973035e-01
7.271215119083094258e-01
3.037646193918601134e-01
5.947710924732648730e-01
4.658291319719428114e-01
2.662145815961282636e-01
5.641695915384929982e-01
2.759515122540075471e-01
4.320351369084654558e-01
5.004821401357819610e-01
4.640960070684390648e-01
4.437332737759411838e-01
2.679377521206901536e-01
4.440157340894104188e-01
4.005796075391845901e-01
2.669013350436755805e-01
3.569357536019709398e-01
3.361404961259213953e-01
2.816805139452062678e-01
5.079158850091167743e-01
3.600547138539929581e-01
5.641713812111974757e-01
5.151284538365884513e-01
6.069752208848537833e-01
3.823654202622334131e-01
2.952662822622122984e-01
4.774628707318914755e-01
4.890935090032448862e-01
5.210115893560400835e-01
4.931521143623274206e-01
5.929265370296047388e-01
4.836473258514051299e-01
5.569880501622130886e-01
5.543667080355715315e-01
2.897553681099396816e-01
5.461213957905883820e-01
5.021215304013546543e-01
2.887653014333228518e-01
5.744182433650651953e-01
2.678485964556253651e-01
2.793393942991556633e-01
5.857962918705548194e-01
5.624618970717641941e-01
3.609303496215917617e-01
5.864421320886016309e-01
6.511037277127968981e-01
3.946707741781892986e-01
7.373100720704464095e-01
5.962687244552339338e-01
3.195022010369715226e-01
3.803223545079165713e-01
4.418734084017337804e-01
5.489148423220119311e-01
2.779029931093454642e-01
5.928329687042306340e-01
3.068650006241277484e-01
5.878518147282761896e-01
6.804347205208786109e-01
5.562308468962015029e-01
5.476831332147268361e-01
4.962924070809371369e-01
5.673221575461124822e-01
4.151903761954351957e-01
5.728687939243183314e-01
5.511336861195399450e-01
5.721465814444677278e-01
5.591193052573855127e-01
5.797399190066568897e-01
5.623484838824237553e-01
6.505180887991007799e-01
5.271582533025693795e-01
4.068188163750868780e-01
6.142664662535527453e-01
4.310192950528936584e-01
7.393311193256296709e-01
5.173284242250923981e-01
4.905149816050818345e-01
5.492689244944165550e-01
5.277426683258802376e-01
5.398451499255193520e-01
5.536625742999301547e-01
3.494599092720785949e-01
7.388713763722548622e-01
4.790807535413967866e-01
7.181332406221749842e-01
4.024625331776071624e-01
5.062383694130707656e-01
6.562106163965012451e-01
4.523529125908866688e-01
4.440813733992703405e-01
4.843425614640029520e-01
5.424038466335203701e-01
5.612382696834493645e-01
2.671765491977587392e-01
5.556239105502281950e-01
5.765469555866211682e-01
5.623654326715462615e-01
5.075553911992651823e-01
4.978260922785989750e-01
4.425266264218204459e-01
5.372880352252882297e-01
5.882901014718703303e-01
2.711989434835478940e-01
5.670896460095832259e-01
3.624154748288379024e-01
4.036208905641540667e-01
5.320209804356362815e-01
4.218458219740290338e-01
4.488874823239634160e-01
5.904635063251528759e-01
5.900420964653524392e-01
7.177549194493926255e-01
6.015138370626925690e-01
5.659804344032711709e-01
4.675174984619447915e-01
4.798302437584980873e-01
5.610811266186906954e-01
4.290540523155059183e-01
4.412549507715678443e-01
4.309102539536865950e-01
4.262987236583213324e-01
5.911901477057425192e-01
3.009019831253554877e-01
5.582956735459010389e-01
4.426358504378437031e-01
5.660913783393080045e-01
5.580824167142280912e-01
3.964885982619106852e-01
3.874239722864666335e-01
3.968040562860800091e-01
5.459277712015557782e-01
3.179105594020650294e-01
5.925337120176930039e-01
5.936265138886943626e-01
2.676807939817776871e-01
6.173252618087186061e-01
4.227400916321067403e-01
4.893905830168949200e-01
6.042822332192713253e-01
5.340390738425363493e-01
3.596814901944039300e-01
5.191742206936245108e-01
3.912001136419168690e-01
5.540503042075113349e-01
5.392954794579304378e-01
3.842566204305749022e-01
5.203769955070691733e-01
5.207147740109209222e-01
5.423856837229226180e-01
3.132770920331022224e-01
6.017818810002957264e-01
4.117912874363697795e-01
6.436543935027396746e-01
5.830657114516696327e-01
5.372140897294163109e-01
4.086154727544483722e-01
5.284134015096835224e-01
5.750017923160669620e-01
6.160521344692176937e-01
4.855436330536481715e-01
2.783823563964397119e-01
2.997895885728487086e-01
3.466962972129067899e-01
5.400219693270764676e-01
7.392939466831460749e-01
5.612342052445407070e-01
5.636968665557160474e-01
5.468391761640362114e-01
5.466470508047552856e-01
5.919114939029562761e-01
6.065014769947050244e-01
4.811460454746980808e-01
5.610246734646412436e-01
5.789820596130903496e-01
2.794035939523871748e-01
2.721685872975485587e-01
7.315143485360112718e-01
2.924684633328314409e-01
5.645212742165842679e-01
5.483877448846474767e-01
3.991523839793205131e-01
5.561263704961174614e-01
4.758633790887518145e-01
6.240134975091751190e-01
3.431720894599871174e-01
7.372522596553415797e-01
4.958399355131501429e-01
3.843436116451482421e-01
3.973732194317370348e-01
6.442724169931988154e-01
5.357761198190347240e-01
4.080570579246032836e-01
4.060789608056838418e-01
5.717329335570214832e-01
7.384257966484174540e-01
5.693399135667741584e-01
5.374888504196649874e-01
4.075219603376441513e-01
5.563828103855456009e-01
6.040332531210478306e-01
5.623195987169793408e-01
2.780685135948736120e-01
3.495383289427455575e-01
5.913729535197774778e-01
4.501428924165717937e-01
7.323730714136145181e-01
7.313331591884845162e-01
7.270243486189552629e-01
6.213539038119885172e-01
5.717006510092030869e-01
4.098195256693601962e-01
3.068229076653600229e-01
5.159576650500072859e-01
4.799204549415757581e-01
7.229674045557975548e-01
5.072500543865293698e-01
2.703280332408060649e-01
5.665142711284484323e-01
4.657892703269262413e-01
3.621302110942226649e-01
5.618305890615703513e-01
5.455178986544261255e-01
3.504321964855438565e-01
5.577825751178373537e-01
3.470349527491780606e-01
3.814207700312091665e-01
5.746542319843773727e-01
4.378661360103399125e-01
3.492288666717383028e-01
5.624735673820678850e-01
2.669675236929809348e-01
5.999637537059354653e-01
4.982630314234521851e-01
2.962086327531640584e-01
4.940706145932859950e-01
4.397680595955483773e-01
4.131638578786177018e-01
5.489174482269882915e-01
4.046986663328648870e-01
6.342172196068638357e-01
2.833301570309671447e-01
2.813754145150987873e-01
2.680680786821678652e-01
2.769346898101330834e-01
5.061281114591505981e-01
2.878529020767782165e-01
4.659217249296963570e-01
5.748718618043618944e-01
2.738694352361840667e-01
5.573648333521437070e-01
4.067021107631393906e-01
2.666683580514193075e-01
3.705966736122751071e-01
4.394935761574113586e-01
4.424080561229270514e-01
5.279353600790571699e-01
5.601188412563646857e-01
5.150118904056395497e-01
4.473006725519693694e-01
3.986301375817230541e-01
5.273720132904864411e-01
4.437463278291576829e-01
2.665648059296717443e-01
5.280816164682645697e-01
6.215013550866660408e-01
5.780885869524883258e-01
6.256427858195757752e-01
5.669213469569662767e-01
5.527701614702051902e-01
5.576113404587843547e-01
2.659388276734943046e-01
6.431981105880593130e-01
2.959652678474982701e-01
5.596168234669633978e-01
6.080240109190195863e-01
6.458450246008683449e-01
6.038236322763443908e-01
7.150144395721632629e-01
5.858833429369988410e-01
5.207783146799015439e-01
6.023813700964344431e-01
5.498715288619728803e-01
2.800608898394321700e-01
4.729423149843794971e-01
4.620978000481422709e-01
4.222399357971394207e-01
5.118048220057647146e-01
3.606116877229172957e-01
4.991089472851086839e-01
5.853126103049558493e-01
5.599319814051236799e-01
4.017710255837367295e-01
3.073441505142622820e-01
6.989965625060259313e-01
3.444056801966924319e-01
5.516344063385671959e-01
2.667844303043649945e-01
7.249374932584926601e-01
5.611722273015826712e-01
7.370188045632631857e-01
5.599700785739389897e-01
4.604377069566665814e-01
4.625090157290896453e-01
5.527848462574317390e-01
3.099219360403792645e-01
4.812401946351432258e-01
2.877554883304212496e-01
4.687506124446599864e-01
4.375232952621054272e-01
5.537586181500920857e-01
4.743172401606622901e-01
6.030424340916663573e-01
5.770708450419065327e-01
5.312161006030493571e-01
4.203796584834985639e-01
4.758994602648530803e-01
5.824501756110374018e-01
5.693202562274769507e-01
4.510590456010630245e-01
5.783565785694334549e-01
5.178836021425137215e-01
5.769035526629816557e-01
5.117856212372571267e-01
4.508219652838225677e-01
4.170603012116501085e-01
6.120055296372767240e-01
5.638318572804394968e-01
5.672837065008682345e-01
4.909672570220789956e-01
5.589007861674463173e-01
5.624943486763972489e-01
5.195191074273389775e-01
4.340481366177246780e-01
5.394009106413493182e-01
5.654022381551729870e-01
6.130788412448180402e-01
5.928621971623090348e-01
5.217611970539270949e-01
3.858139119391201799e-01
5.679181568097683153e-01
3.492445780223536467e-01
4.810705954866020817e-01
4.815556521542392887e-01
5.764985867134702069e-01
3.685684012274375587e-01
5.077255236414469630e-01
5.700471857704705325e-01
3.796733571500139348e-01
5.591846636539462567e-01
5.117767834595444709e-01
6.061687414072464142e-01
4.687138244461758751e-01
7.199862323066950065e-01
3.929630445261627081e-01
3.936660652188694876e-01
5.437082388421506929e-01
4.909650904244972636e-01
5.151671126275930712e-01
5.510130979646076232e-01
2.675377612684681217e-01
5.583646228770478004e-01
5.443774558434431032e-01
5.670007052316334839e-01
5.595915016887725857e-01
5.024086681527911713e-01
6.093991096263170482e-01
3.231225582344151026e-01
4.356863060403906585e-01
5.260284367461846022e-01
3.512174618560838235e-01
4.519698926756231527e-01
5.478721626205456108e-01
4.456873672966070732e-01
3.149066076511762846e-01
7.181160152329746360e-01
7.365836362799637049e-01
5.497910794367550924e-01
4.587305765260550894e-01
5.720554097046268716e-01
6.093534642603414264e-01
4.883787965523506691e-01
5.617220491220045187e-01
5.775165349036682771e-01
5.531036125518765667e-01
2.859260795288776635e-01
6.823808142388225750e-01
5.657887872821015796e-01
4.728862465437386753e-01
4.597530893244171080e-01
7.384690872027384057e-01
5.609606349738813780e-01
5.176829841912778951e-01
2.968852728975884814e-01
6.799283372780260404e-01
4.655612781569112846e-01
7.296819724980743160e-01
4.384412412736390929e-01
6.867242403752513713e-01
4.024800211969266073e-01
5.698782271478259887e-01
4.693885392911346099e-01
4.570050865281182206e-01
4.301151836460350708e-01
5.801326050932658074e-01
5.754128075207957105e-01
2.838769527286117422e-01
5.557147646452488265e-01
5.310037081853584695e-01
2.840751040338036493e-01
5.615084782086878779e-01
4.867682875819401844e-01
4.795870580845456033e-01
5.231240606559930395e-01
5.807625070812864054e-01
5.429839890669293512e-01
5.109624597097849330e-01
5.375139666483853551e-01
5.876700487489942004e-01
4.896317720976873789e-01
2.870047675486352423e-01
4.956634013021233853e-01
5.669198593884317017e-01
5.093538148861257442e-01
5.892563300171966834e-01
5.729436495418668285e-01
4.702595169484402593e-01
5.960049569843992590e-01
3.427345572983995781e-01
3.215109970128997574e-01
4.074261980372688163e-01
7.104436528994169109e-01
4.482418265096794752e-01
5.393097719059046780e-01
7.359943137786558731e-01
3.398194017073996598e-01
5.633060849688142913e-01
4.984461252154139821e-01
5.675879533183356696e-01
6.044936291407674300e-01
5.310973780424103063e-01
4.578195785405054230e-01
5.949958543469843208e-01
3.686329343289947436e-01
2.767962588252589340e-01
3.417479508109583786e-01
3.554459546681005833e-01
3.800972889700972579e-01
4.031555303460149786e-01
4.381603040716313680e-01
3.922506038675072082e-01
2.662104864066425214e-01
3.596013457579242401e-01
3.606894570398841426e-01
4.017081789749473719e-01
3.754006571955431082e-01
3.725315176762976077e-01
3.130037567517680586e-01
3.011071767936749355e-01
3.398346169072923306e-01
4.037816477668796922e-01
4.814952929917069024e-01
6.610165050840314249e-01
4.425761526273943036e-01
7.388218930239475180e-01
2.901543625987363928e-01
7.388045989518786660e-01
4.286872764305316164e-01
3.157083968769494042e-01
2.662009714016732032e-01
5.082579154283243250e-01
4.422326041096189542e-01
3.819685328489368925e-01
2.916127456123467354e-01
3.020449806140272364e-01
2.676096155418261069e-01
7.371596302789007460e-01
4.869893688224627981e-01
4.971219156532366013e-01
2.745433953197418675e-01
2.893624993568290060e-01
4.299172844845712826e-01
4.476997859345545616e-01
5.342385829349005633e-01
3.689262863847428409e-01
7.390339464293999017e-01
7.381988255986869918e-01
5.204935897634410669e-01
4.475728154994829677e-01
5.095753898175293672e-01
5.691293446850662630e-01
6.372566440084486139e-01
5.392414021972339322e-01
7.384395060110013898e-01
5.102639351209919960e-01
5.601617511378341741e-01
2.681788342274295522e-01
5.619554344779469357e-01
5.667621799519877435e-01
6.062586381545682634e-01
5.900118318162885789e-01
3.810140165420572433e-01
5.837516606016467380e-01
5.435437272839903633e-01
5.615183378991535079e-01
5.718593574253155731e-01
4.812559013403158725e-01
6.331756116622309083e-01
5.909366797074294686e-01
6.419657446757409680e-01
6.169396952977285187e-01
3.089156784718354309e-01
7.366532075794890444e-01
7.164648558911546061e-01
7.384813951290688516e-01
5.428388770313058442e-01
5.197134739442051954e-01
5.129733720970495181e-01
7.298012682467179824e-01
4.318410476744060089e-01
5.581187490176778843e-01
5.263482402744191768e-01
3.001610418689281135e-01
2.698362931123854391e-01
5.751085051559367001e-01
2.722610922101090791e-01
5.407455970533823209e-01
5.666907835408203642e-01
4.456533996276373366e-01
5.555055379137685545e-01
5.634284497461428121e-01
6.057304342679390441e-01
7.381750823880437462e-01
5.683055842641941968e-01
5.368266426257616297e-01
5.441408137357817143e-01
6.428312358609525878e-01
4.767689541243445572e-01
4.809181132867891284e-01
4.055543304156987716e-01
5.037679997360666739e-01
5.912334937918055644e-01
5.358493472712611005e-01
7.332302750249117818e-01
4.409565156867085722e-01
5.326001307136699614e-01
5.701591073355080086e-01
5.390280913784888384e-01
4.722144961915638040e-01
4.783883322205308986e-01
4.880777451649250254e-01
2.717331262713884588e-01
4.906358300484867652e-01
5.740844919115518641e-01
4.057428814338440715e-01
6.336371202166731775e-01
5.543252931562925312e-01
5.592057230158423708e-01
5.639713134662436289e-01
2.776143043960709322e-01
3.739492904653803351e-01
5.516643488127278561e-01
5.478862709532426045e-01
5.357317320627275059e-01
5.139184336393419761e-01
5.195555466547441270e-01
2.662346019133332575e-01
5.058837161069253963e-01
4.731195962433495938e-01
2.660136229629813664e-01
4.824884919743692158e-01
5.555720481785623166e-01
4.595476897186822063e-01
7.343469680538281530e-01
4.514767721457795258e-01
5.912902547194476277e-01
5.582541991012605065e-01
2.857253546671442157e-01
2.666174016248995526e-01
5.581486324159766754e-01
5.540668134019366420e-01
7.295229471871063076e-01
5.449391413350317404e-01
2.829334097850009222e-01
2.898538634845206352e-01
5.527587116294703229e-01
5.014120059262228146e-01
6.251468230278579563e-01
5.602687446156680018e-01
5.262710287601005676e-01
6.391136732943328846e-01
6.234060722787296838e-01
4.538544915377444866e-01
5.787004080651304561e-01
4.045691913075753487e-01
5.755499178153418161e-01
4.337456462289563386e-01
5.729894992891068073e-01
3.899092721511153159e-01
6.823490278874810855e-01
6.797362770886112848e-01
5.441272823112927037e-01
5.624891908282267927e-01
5.811898022319974544e-01
5.117700642731429772e-01
5.167515266689794995e-01
6.300703179422865174e-01
5.760199037332862648e-01
5.104719657631495711e-01
4.956034436192951476e-01
4.024789856952466494e-01
4.774685500013055028e-01
5.525874837564559439e-01
5.628840402641887009e-01
4.681067295050179711e-01
5.609571189147970482e-01
5.466184666203286469e-01
5.326572199880977854e-01
5.490567828596081279e-01
5.418862582979147025e-01
5.171956903422116891e-01
4.659608898314629433e-01
6.244626419066691136e-01
5.857294999273520153e-01
3.121105253193381390e-01
5.012666497183559944e-01
5.458143572176044067e-01
5.588948114210022799e-01
7.374282174521565869e-01
2.975686617343119011e-01
4.687588217265793999e-01
4.662845287064810718e-01
4.723243318691179859e-01
6.966856632855846776e-01
4.018171712350548930e-01
7.281919163952391694e-01
5.532075744282330954e-01
2.871118218791123833e-01
5.728623388624162205e-01
4.280479965432353873e-01
5.321585701479940589e-01
4.612417416506304768e-01
3.561949675163338935e-01
3.701878129736337342e-01
5.630731594073159485e-01
3.939394635674243750e-01
7.315627772867767664e-01
5.239436856982793156e-01
2.954245558267377114e-01
3.868861665704896313e-01
4.693745199403046020e-01
3.620287457720828828e-01
4.766905435184129458e-01
4.874185734545307125e-01
2.970848970369340258e-01
6.279516573685970382e-01
5.885888296845400713e-01
6.292809096037422778e-01
5.837527187535308526e-01
5.354402945447355178e-01
7.383523875891024879e-01
7.382354193267699483e-01
5.412695627396881815e-01
6.130863475305429189e-01
4.573477250257516613e-01
4.786675581329300488e-01
5.586761300449298862e-01
5.958824807536449164e-01
5.434906168875683896e-01
4.338734643502853983e-01
6.056047940604153412e-01
5.485251372238392209e-01
2.666516319741507601e-01
5.296423188982410934e-01
4.825202575614973566e-01
3.098754939761184102e-01
5.694764281008048989e-01
5.690592690838599532e-01
2.666148788792717106e-01
5.591128577110497933e-01
5.091388521829076641e-01
5.451998434242664171e-01
3.621336335875101065e-01
3.629390946372066939e-01
3.635679551381782448e-01
6.049351389183176275e-01
5.817229440089052295e-01
3.470321706722508948e-01
7.001032854944474471e-01
3.499561935632392595e-01
6.680266738479720967e-01
4.508407605345782776e-01
4.445868769917241115e-01
5.466383494616662286e-01
7.393394343666884749e-01
2.922511044237273148e-01
4.969387001882122346e-01
4.278639701138293727e-01
2.873076339671125079e-01
5.624238807745355340e-01
5.860709947805428088e-01
6.054745050938110662e-01
5.526681082784021815e-01
4.783373547273591653e-01
6.006556749111854332e-01
2.664500978158488853e-01
5.236482710962202525e-01
5.181420686590795244e-01
5.219194967357310144e-01
2.684081908257471838e-01
6.635925057539580063e-01
5.163101952896907987e-01
4.908059390961282964e-01
4.583867811870912523e-01
5.318586002535514723e-01
5.950411551759601236e-01
4.721126577395336477e-01
3.533966274447289391e-01
3.188385175328399268e-01
5.177570307199188537e-01
5.482546235818281932e-01
2.967088866723636142e-01
2.689891394146034509e-01
4.351805788783302820e-01
3.994642193727774293e-01
5.528248808758008392e-01
5.830419816472548478e-01
5.719054724737706596e-01
2.863338621406608664e-01
5.605039229803338019e-01
5.247288821055483554e-01
5.974854502967299474e-01
5.958670543053891100e-01
5.599388362726226420e-01
5.567421458572996418e-01
5.503017170971125083e-01
5.542326336568771383e-01
5.767495957392965167e-01
5.611169931043974435e-01
5.677459012110661618e-01
5.758452160254838859e-01
4.421082857705075364e-01
5.377503127282027284e-01
5.425687808197452444e-01
4.704825856474492696e-01
4.650215679891180898e-01
4.754664692521860525e-01
5.725615105295758234e-01
5.607744529005845857e-01
5.173792222340739544e-01
2.782873519918729888e-01
4.748101824901946877e-01
5.156120953489372605e-01
5.317247692204550846e-01
5.287095077745238569e-01
5.982690813701053711e-01
5.605359818266406613e-01
2.895691827953379982e-01
3.838818239761090934e-01
4.356644308234119412e-01
5.545347919246050861e-01
5.325123038950648757e-01
5.728280854396402555e-01
2.951155303644287242e-01
4.717717775647508605e-01
5.549905392644812752e-01
7.163035076225491293e-01
6.683246911930048606e-01
2.927315451529006185e-01
5.363014348110758389e-01
5.892923060317930561e-01
5.819650939216827190e-01
5.574878128782061459e-01
5.559503796030819123e-01
5.729417536117236143e-01
5.559046839982514365e-01
2.670709548316141935e-01
5.024089923885759479e-01
2.666680036414366128e-01
4.753266760402068969e-01
5.710406826374778699e-01
5.431057087352586521e-01
5.631686446933232837e-01
5.891958207322969265e-01
3.856354313764534525e-01
4.675226533162792353e-01
4.619976002923072422e-01
4.482252667100014576e-01
4.403363435593949937e-01
5.327157147065053611e-01
2.673525342516674397e-01
5.614588546924402790e-01
6.233377218203020043e-01
6.067299319913104227e-01
5.465358634923457304e-01
5.319621133819141257e-01
4.488302276730382623e-01
5.384243361502084602e-01
5.265200233116777984e-01
6.454564681130458004e-01
5.408443991896577652e-01
2.693893471019829233e-01
5.972241456796284487e-01
4.959381561756838197e-01
4.694384570152695391e-01
4.893200935945519192e-01
6.481175363800778522e-01
3.029321851062726778e-01
5.244973602232272381e-01
4.523556976739723234e-01
5.107281540875757697e-01
7.152342995210716481e-01
5.511827039774349624e-01
5.667597137648338057e-01
6.137147325806896481e-01
5.686766736335664429e-01
5.087346997387505176e-01
4.871633824823012326e-01
6.046313320915562839e-01
6.155177408486741664e-01
5.165729354620413050e-01
3.599788135772210573e-01
7.230995632698570263e-01
5.574625838483500129e-01
4.692203408318931790e-01
5.650063796988596954e-01
2.839620140992987762e-01
2.818013316826925574e-01
4.898738726561789325e-01
4.333243512605673975e-01
5.627047013522374908e-01
5.252122316071051733e-01
3.196112557153386602e-01
5.755387688268623902e-01
7.012798967249072035e-01
5.052537746402483432e-01
5.668816998574337518e-01
5.897317037569063114e-01
5.920578261209750170e-01
5.591298166680520598e-01
5.089077191247719512e-01
5.073814464961015069e-01
4.740963731447990215e-01
5.444435112079805128e-01
4.696251682710920750e-01
5.429923574317487844e-01
3.899119636238675968e-01
5.580482712623842101e-01
3.675116709667565207e-01
3.752243058290634092e-01
6.155409952148122033e-01
6.771436283672889189e-01
4.474253700440911086e-01
5.665123996768642867e-01
5.063802742234057019e-01
5.696430550821427463e-01
5.888811014664924182e-01
4.622235106284960926e-01
5.550607684030773870e-01
3.937192168528163561e-01
3.881821135144334356e-01
5.704430361135272021e-01
4.810529476224451595e-01
5.908995079137292494e-01
5.524721712906833782e-01
6.543036647787759952e-01
4.711894713535769719e-01
4.247251072573924868e-01
5.367177008414178996e-01
6.041472462550481204e-01
4.034043982874743750e-01
5.699275337059435120e-01
4.544196328522118189e-01
5.875555973835264734e-01
5.567012935993042033e-01
5.704413311315710278e-01
6.073979205225431555e-01
5.602570973855959258e-01
5.759734283090161000e-01
4.832556164522035513e-01
3.073626383423717079e-01
4.641864678133548194e-01
4.705837844257183544e-01
4.242999522179541350e-01
4.787247550157344156e-01
7.389736476161475887e-01
3.583731150588448378e-01
4.484487623761167496e-01
5.117212495498397740e-01
2.686270192828808523e-01
5.165394100354281370e-01
4.990176320995121650e-01
5.489428917259996377e-01
5.126644399528242912e-01
5.578065497296998965e-01
4.638213099980599274e-01
5.457932370385809584e-01
6.132177809699366211e-01
6.489790139306832462e-01
5.570817046115884574e-01
5.827741233231016338e-01
5.922294997537520533e-01
5.051519447889645242e-01
4.519722712119061403e-01
4.915869289543006726e-01
5.611926071716111242e-01
5.245235108079912001e-01
5.030933459251047957e-01
2.666517893932701666e-01
4.295227623400301176e-01
5.607407327109075190e-01
2.903705152433489478e-01
6.730971546437364283e-01
4.750391880876951300e-01
6.923951217548235393e-01
4.439108150848268264e-01
5.637522844937744582e-01
5.200094274279101203e-01
4.048158695622283698e-01
3.471115936548722636e-01
6.104348201325174861e-01
5.532609581971764667e-01
5.745773329587352540e-01
3.005980959463353530e-01
2.750439551301180341e-01
3.887353922559408370e-01
3.953884935437350645e-01
5.044199414380443613e-01
4.390063690077076752e-01
5.643571169496562900e-01
5.403671058029743124e-01
4.468824837599674193e-01
7.374257008210441944e-01
7.385286430395607837e-01
5.187154122144750357e-01
4.453234326669165410e-01
5.485980416365811019e-01
5.626674458992840799e-01
5.212870940935381281e-01
5.192182611100152334e-01
6.196617122113408094e-01
4.705831026811648776e-01
5.423237172261345940e-01
4.501976594112999108e-01
5.824616622098157670e-01
5.417928145301307286e-01
5.467067247182357814e-01
2.663855969787729538e-01
6.245860177994916329e-01
5.361280750589939581e-01
6.030321488156191734e-01
2.662312087617939027e-01
2.921496457687480786e-01
2.702611725416738664e-01
7.138008072338455356e-01
5.430376805373396953e-01
5.551004854070733519e-01
6.475176225717814704e-01
4.453388618426376011e-01
5.759162429695799945e-01
7.339108311504932702e-01
6.103710185777989627e-01
5.100247031522745500e-01
3.093653951710387262e-01
3.418857761183483612e-01
5.540471971176890165e-01
5.464715716591604933e-01
2.659101223989790430e-01
5.600344119067037774e-01
4.150946480301146435e-01
6.249595753315060342e-01
4.941433633494924371e-01
5.454092093017163245e-01
5.076152094714995178e-01
5.306536632248354257e-01
5.620911402081067987e-01
3.774170396155248630e-01
5.758355245142512402e-01
2.813818100062236982e-01
5.578061128626391474e-01
4.016730022916497611e-01
4.545188321384962538e-01
4.069659190507848301e-01
3.619407469604078997e-01
5.747180824655472309e-01
7.377245857720737821e-01
4.764613243428559297e-01
6.763547464073980109e-01
5.945978693330881137e-01
5.393678599698915610e-01
5.823665895729266406e-01
6.077219674989635667e-01
5.716029411711313069e-01
5.703430514994618505e-01
2.664696340057811641e-01
5.684312931721003936e-01
4.952913427782200673e-01
6.464501607684280948e-01
5.100757674718364720e-01
3.337185295910002347e-01
3.393488826658398461e-01
7.391858965082753752e-01
2.930443888308202904e-01
5.585097923457054137e-01
5.573647457706345509e-01
3.126541026423660941e-01
5.588444667457324044e-01
5.747962551154228716e-01
3.245140079378727727e-01
5.562587751908530942e-01
3.628263191595071380e-01
3.455179785060644715e-01
4.489644692701721951e-01
6.128941124832261167e-01
4.278261973981864474e-01
5.580138490629603654e-01
3.165113083431492225e-01
2.902072853681497699e-01
5.643116604624707211e-01
6.018122394880077719e-01
5.632764647326724550e-01
5.694582323928347733e-01
5.813816915447935774e-01
4.096489676168496019e-01
5.311382210603249332e-01
3.084465090785944441e-01
3.957083701692921118e-01
4.394897642223926648e-01
3.951218394584161131e-01
5.625444053056299909e-01
4.454283219103215008e-01
5.002000349933716228e-01
4.630713751739337081e-01
4.668157976967651224e-01
5.986918881582867780e-01
5.577406574637728820e-01
4.260161010736701059e-01
5.799097471568029905e-01
5.633854173227503814e-01
5.951601734323546111e-01
3.747108800799927586e-01
5.462523116939518308e-01
5.050218769595846702e-01
5.684951942494148591e-01
6.853001538707321760e-01
3.519131451699480384e-01
6.171475312212464370e-01
5.456007352072305139e-01
4.440466618551167088e-01
4.207417213183443638e-01
3.057651258965788377e-01
2.684291662960561209e-01
5.776915577470123075e-01
6.466158286979626357e-01
6.036230419060402141e-01
4.582046635447453165e-01
4.466546743460735325e-01
5.730787938406989301e-01
3.060586182406513367e-01
5.595161791718317179e-01
7.221503069971111355e-01
5.850177381402794641e-01
5.714850887136719848e-01
3.229895016293843346e-01
3.046880155465357398e-01
5.705072769393787491e-01
5.435043453291488191e-01
6.271835640478543583e-01
2.749988012148371075e-01
3.464201824742911273e-01
2.988885733509776821e-01
2.662051464522978694e-01
4.934640724766708453e-01
5.033184902733043309e-01
5.610984827482894399e-01
5.834293746567278394e-01
5.554256178312459991e-01
5.369623091925033176e-01
5.408185747949234567e-01
5.000659204795205870e-01
4.798443085282275700e-01
5.435628838106575378e-01
5.701504893799597129e-01
5.621054078922320674e-01
5.580374704381089179e-01
4.072047310573429502e-01
5.387545987848273432e-01
7.384406086184598372e-01
5.323861609101899761e-01
5.592675999177192381e-01
4.708075635314337704e-01
4.847324813228400253e-01
4.594647170192237007e-01
4.866898027603687726e-01
5.535210559301353417e-01
4.749043102788833570e-01
7.157122218216770415e-01
2.958224377738434829e-01
5.627460908008461438e-01
4.937776974814506725e-01
5.640042709047571323e-01
2.668015030724372738e-01
5.716023166023234126e-01
6.689807899926261126e-01
5.750694160722492621e-01
6.000016739559144163e-01
5.672289818991397281e-01
4.090598526644121935e-01
5.639237125007737772e-01
6.277810902760112555e-01
4.950678701133700566e-01
4.314482506204287415e-01
6.272477148436207406e-01
5.841549184949417217e-01
5.599796793717125576e-01
5.370706487709312471e-01
4.824306390472684614e-01
4.795533076644073467e-01
6.290576089816990457e-01
5.320324028757772439e-01
2.686560496551422261e-01
5.533774199215600875e-01
5.883603566570680954e-01
3.216955549428966443e-01
3.326632933359902067e-01
2.747490751962465283e-01
3.187569817436043951e-01
2.696724948161984825e-01
3.865609422843676035e-01
4.548914077694616309e-01
5.429021124218046390e-01
5.072351545915844140e-01
6.253786635323989040e-01
5.488783773641960906e-01
6.076883008533892072e-01
5.875175011120959967e-01
4.573712106209478767e-01
7.292918947233067994e-01
5.318195663931264416e-01
5.564262630456812131e-01
4.557328801557983255e-01
4.888355042945129458e-01
4.215130661734785567e-01
3.872016204233423853e-01
5.433378145028305850e-01
3.479082089820267343e-01
4.571859566006730713e-01
3.522671097872431267e-01
5.211700314690902447e-01
4.518132282401532973e-01
3.321473035894562109e-01
5.012441302946493149e-01
5.440324724386569333e-01
4.732365602875820976e-01
5.147807745799864998e-01
5.600859708035635931e-01
5.681391804006687973e-01
4.096736923108308948e-01
5.720269223335348041e-01
4.516966540444788403e-01
5.153631090744758003e-01
5.271176661772772887e-01
4.345935294533121440e-01
2.969657775862035720e-01
2.905956600973829684e-01
6.219148144659232269e-01
5.794280209914546287e-01
5.742332241963084005e-01
5.969880807687495405e-01
5.737260265379381385e-01
5.383430237928197304e-01
4.852254429510045042e-01
4.605636113761217287e-01
5.994920821764881946e-01
5.829276089186850029e-01
3.129620527617488213e-01
7.381975870154038333e-01
7.123768030812798191e-01
5.708901479320211969e-01
5.102133103066227582e-01
5.623037993541221136e-01
5.143424234044439158e-01
5.375585293129456765e-01
5.109503324903645893e-01
5.904442497082355024e-01
5.787731524809593964e-01
5.561929639263467617e-01
4.086026434179220734e-01
5.717602633941055723e-01
2.670225816622864290e-01
5.064169038510434318e-01
6.943078444209702660e-01
7.025684067461432925e-01
3.605924577053948865e-01
4.855315684419298505e-01
5.539411024479333756e-01
4.787765560605359849e-01
4.612168353011011912e-01
5.809722131004688706e-01
5.812860712533504115e-01
5.390295838541960816e-01
4.952426171744046535e-01
5.865727465537733387e-01
6.636395555546300562e-01
6.278186851173668259e-01
4.656856619379566298e-01
5.619813648902445280e-01
5.606209782122824059e-01
5.805694473876027439e-01
5.785998997143191325e-01
4.491214820291139498e-01
5.038433102574481071e-01
5.549703319323150419e-01
5.441316867323342521e-01
7.010218342565012195e-01
3.824219559235371713e-01
5.835578313736653477e-01
5.949841513741856991e-01
6.264232195051208096e-01
6.775663262312260349e-01
6.263710279661437452e-01
7.139411615520298016e-01
4.933753873502408904e-01
6.198899143117023725e-01
5.541031993706384551e-01
4.874863122923068226e-01
5.763515752649107649e-01
5.186707882090867416e-01
5.615043457171464691e-01
2.882016387127206980e-01
4.094013396452690356e-01
5.688515614466193027e-01
5.423856740682028166e-01
5.379988246526605788e-01
4.502818067789512990e-01
5.796544203919943294e-01
5.383787792838053976e-01
5.304740399589574773e-01
2.705882669505527693e-01
4.984354514069090913e-01
2.964842504449209382e-01
5.685806090239391430e-01
5.618158992069326452e-01
5.502668824968772743e-01
5.793261520485947225e-01
5.734931919618669882e-01
5.694032707725600329e-01
2.688766832748962776e-01
2.662385626067870215e-01
7.366630593598312293e-01
6.040768567517832421e-01
2.663024725498734924e-01
5.557530573399187546e-01
4.990776608678962889e-01
6.004332351578263172e-01
3.519358484177072532e-01
6.157323885724563794e-01
5.778402752274346410e-01
4.957756084659913354e-01
5.090593024389036270e-01
4.687268079106639007e-01
5.633004287325217296e-01
4.098577814481341730e-01
4.889092140221827920e-01
4.777065620554912795e-01
4.744417531243346198e-01
5.589310737991348699e-01
4.939709757191014239e-01
5.530724028384104152e-01
4.821094671046620705e-01
7.392520704952564303e-01
5.615886423227669511e-01
6.740971661199950393e-01
5.223872136667385702e-01
5.896228470082717221e-01
4.496747906859983601e-01
6.752547875451877513e-01
4.862134039063624180e-01
5.410602378764486353e-01
7.383120133764111692e-01
5.700646471566742646e-01
5.709550485106157369e-01
6.747509481003862719e-01
7.015425406885960058e-01
2.999175840438310647e-01
4.515178669128471212e-01
5.193994407510731381e-01
4.549928831815224228e-01
5.503305166680531046e-01
5.144934979410459297e-01
6.911234881904930738e-01
4.199027383553368131e-01
5.511809870265114153e-01
5.535650393977392669e-01
5.582280630504768970e-01
4.170646957012393297e-01
4.759984541486342313e-01
5.360142852571695427e-01
5.161463664212700975e-01
6.686343930921224699e-01
5.127818909983893336e-01
6.999573165116965701e-01
5.529556414040804890e-01
2.691636561716211906e-01
2.990996696701780921e-01
2.961489186684269082e-01
6.060112906784207443e-01
5.705425517352958886e-01
2.820479631999303627e-01
2.676856375434941149e-01
5.425301629571633866e-01
4.581933058565597627e-01
5.738598564012482584e-01
5.563251258566935809e-01
3.754693732886016933e-01
4.774525624815461611e-01
5.763316697704046199e-01
5.639587254961774265e-01
6.262384125508686505e-01
3.736394708935162901e-01
5.638452940745566355e-01
5.575872519279971851e-01
5.571743416526236947e-01
5.809004102078284548e-01
5.811561573371840650e-01
5.759761497408152353e-01
5.641858744358532185e-01
5.103330529680458749e-01
4.751541911322756384e-01
5.574636144675585436e-01
2.665576326269469276e-01
3.114149523107563322e-01
5.284131642638463244e-01
5.595267061044207901e-01
5.699730860782525887e-01
7.391201348208551458e-01
5.399135454631601716e-01
4.301858036755596970e-01
5.822725730654048082e-01
5.879645381844215146e-01
5.218045189869160438e-01
5.401905320631922303e-01
5.199336891940362637e-01
5.430038814200709441e-01
4.180073202406805466e-01
4.909357475326154852e-01
5.399605650523998657e-01
3.914291793477776005e-01
5.711120383861681971e-01
5.675773950181373095e-01
5.017886432676926800e-01
5.413383121991389713e-01
5.510812467804392378e-01
3.766469900335899235e-01
5.593656802556060681e-01
7.386234471606746288e-01
3.568153948025571398e-01
5.811979954377226587e-01
4.654741487447134896e-01
6.149486334585096969e-01
6.020075888739452319e-01
4.861882412530470488e-01
5.212417250393343027e-01
5.190330412399372095e-01
5.399038593592676571e-01
4.687043883590767956e-01
5.883551444971147903e-01
6.021994787635389645e-01
6.908949354202318371e-01
5.583575015157909993e-01
5.518690896651134992e-01
4.652481140398833648e-01
5.824089003371273332e-01
6.260829272545436197e-01
5.456511483439296928e-01
4.399645227104138634e-01
3.355919286387253342e-01
3.222993794828675762e-01
5.582429903887594635e-01
5.467703774252797855e-01
4.462126295357523587e-01
5.771080691463464918e-01
5.920196320976520710e-01
5.096160083867572466e-01
4.561390179487045393e-01
5.343668568237895933e-01
5.708903963420082217e-01
5.602561199274591619e-01
5.467791603954106350e-01
5.599426107241460837e-01
5.565522306717808343e-01
6.100712216810515454e-01
4.419629790275910186e-01
6.258428924094002754e-01
5.122863344535729668e-01
3.668231171080884589e-01
5.185602385472969367e-01
4.000451620125409780e-01
3.532694041030174925e-01
4.700026910148302761e-01
5.955122564825902076e-01
4.612532811869416993e-01
7.260993151835869464e-01
5.804526386429983420e-01
4.246081894150373071e-01
4.020422418839224576e-01
5.447761231260813686e-01
5.448090049337259710e-01
3.183661364971137608e-01
2.795853303264766443e-01
5.654020391476918261e-01
4.959873877751334592e-01
6.106761033359255908e-01
4.922529072986925880e-01
5.553701939589840153e-01
3.161423179452205190e-01
5.168475867444377592e-01
4.657734954344068812e-01
5.103599009090979965e-01
5.290862600334563792e-01
6.426086011693938893e-01
7.371325859721390428e-01
2.966295566356467184e-01
3.856793256239242074e-01
5.034336945150288400e-01
5.057502942645254462e-01
6.339956724482288530e-01
4.904128369157846890e-01
6.059688293411448212e-01
4.478651286818399191e-01
7.318153231848404383e-01
3.078629902914119532e-01
3.953397882151691300e-01
5.571899398292851080e-01
5.281968904722618152e-01
5.388158459489997831e-01
5.610881313834343853e-01
4.930748928591588420e-01
5.495603851019748021e-01
5.691046197587360522e-01
5.185122260981688269e-01
5.771694009995845809e-01
5.675891857519819172e-01
5.828562370502811119e-01
6.230592151285053726e-01
2.695743147483709024e-01
5.826543416413544341e-01
5.627967929977789607e-01
4.535674809340638491e-01
5.087345246141790067e-01
5.829182052505124112e-01
4.533410748750818509e-01
2.825233355118007550e-01
3.891595760439995888e-01
3.896402460969445314e-01
5.326833516673711300e-01
5.584240323329466849e-01
3.168403556964776158e-01
5.827508474280856943e-01
4.777017037829841550e-01
4.925172923947721548e-01
5.009409872845201894e-01
5.392157791882857820e-01
5.533094597667059800e-01
7.369663032206215103e-01
2.663592661984438004e-01
5.582810969887309627e-01
5.485623658371105993e-01
3.818861143211890186e-01
5.459289986820983209e-01
5.663623143226245160e-01
5.065062851923947118e-01
5.505312612456529919e-01
5.895392114471164069e-01
4.257695869531992194e-01
3.970425131596166946e-01
2.670276659539414510e-01
5.509035959930941306e-01
5.501827029299795058e-01
4.765485807063903345e-01
4.970955235965774377e-01
5.343978796431911871e-01
7.224562117388609872e-01
5.619314586028688607e-01
5.003515190641555366e-01
5.840482094140564406e-01
4.364258721180812595e-01
5.926721074385556953e-01
5.906055148303307467e-01
5.865402654055733578e-01
5.912630709029306209e-01
5.326178750851042754e-01
4.905229328785215559e-01
4.667734917233785641e-01
5.723868644659193539e-01
5.250601378057211388e-01
5.761357963204520871e-01
3.360595611402557581e-01
4.547879088154365146e-01
5.070198598577178029e-01
5.499458502591524356e-01
3.557781531124268870e-01
4.309375248699653937e-01
5.558164355154535663e-01
5.635745098116741181e-01
6.443410017756343589e-01
5.549472611569546965e-01
7.327503820853413785e-01
4.976566302293029542e-01
2.686321960266258024e-01
6.126174371263194418e-01
3.002773872789084031e-01
4.843966227843559680e-01
5.949559328080535892e-01
5.592453528905790838e-01
3.055267200070101441e-01
2.739659133046709050e-01
4.768997349066164682e-01
5.414190664422353638e-01
2.947530249160424942e-01
2.765109478716581415e-01
6.403940317840103313e-01
4.628995792953653488e-01
5.547123541358041088e-01
5.510138853402783976e-01
5.268241150684941365e-01
5.347997170217302365e-01
4.648117131877238517e-01
5.237755953837659462e-01
5.837330886216824943e-01
5.723971787514725573e-01
4.290155072129095970e-01
3.986869211539256219e-01
3.787877667798036363e-01
5.904443586651373366e-01
3.854572181015588073e-01
5.271406063928451013e-01
5.297164511048794155e-01
5.490972997419748536e-01
5.627249137859130501e-01
3.602606079700682029e-01
3.646833250932379200e-01
5.874709755106856113e-01
5.604419458106247864e-01
5.497621824051369677e-01
5.481401928465261530e-01
2.959427503132857074e-01
4.395749590174303223e-01
4.545739565824305495e-01
5.798991659367078721e-01
5.292735326430606513e-01
3.463411913225723504e-01
3.737609898055911928e-01
3.366692607495370693e-01
3.953875458032798940e-01
5.592947898253891603e-01
5.257876632717174425e-01
3.101397961638108769e-01
5.240210317862605827e-01
4.807208274830258032e-01
5.652556285970576910e-01
4.398886832871645169e-01
5.801284270195120607e-01
3.415819336272492013e-01
4.908049758676001906e-01
4.530070577826440514e-01
3.662562552986695641e-01
5.479382823189457019e-01
5.573968400034114978e-01
3.407405277001259725e-01
5.242413181072924644e-01
2.909078956562798357e-01
5.950727545504225224e-01
7.392186511139732241e-01
7.143382486140309462e-01
4.650969590367196038e-01
5.363742903379260518e-01
4.552454868888263229e-01
5.802460587599047592e-01
5.723864970931225038e-01
5.670726523014540943e-01
5.732952079633311104e-01
2.682683559647107141e-01
6.667047637583461972e-01
4.981819098867834583e-01
3.915600140346549574e-01
3.159213173413988884e-01
5.532375570739251902e-01
5.670299785166310613e-01
6.070959530842076068e-01
3.448115804790612415e-01
3.242292372933633926e-01
4.828581243571985482e-01
5.862536028820556355e-01
3.961670909246184369e-01
6.836032680427697183e-01
5.804011817042595833e-01
4.140774063686371020e-01
4.795047298618139719e-01
5.870681396417226638e-01
5.364268929637620031e-01
5.381418387763656774e-01
3.238591738206723081e-01
5.725835074537456437e-01
2.671972423200201785e-01
7.090705548506841538e-01
6.082040873778777890e-01
5.154256262800526178e-01
5.514510690512983704e-01
5.525660236774827538e-01
5.191552030119738204e-01
5.049714481205850314e-01
4.570915507597494987e-01
5.395118037782782316e-01
4.120999678943365607e-01
5.386967012023841095e-01
4.161734948384707145e-01
5.421792201972805980e-01
5.832109904476446838e-01
4.473751551520112058e-01
6.088291144730020310e-01
5.583137465446008640e-01
5.525050983700316998e-01
3.052141036443604682e-01
3.083250466920179345e-01
5.061952335171632233e-01
5.417030335703922894e-01
4.316364153341636922e-01
4.921032401723153260e-01
6.114302652671564919e-01
5.626339457858104964e-01
4.512639104398094014e-01
4.435979943939716286e-01
5.436004205900313302e-01
5.191845971098175694e-01
5.708708305838862129e-01
2.783421780495206055e-01
2.702153915168806764e-01
5.684034939765433281e-01
6.139375163100444510e-01
3.715511701427748337e-01
3.940324325545308537e-01
2.688279348544717617e-01
5.428364999523754841e-01
2.748697438720206776e-01
2.720234171450030547e-01
5.655559507757206283e-01
5.495354703922901152e-01
4.030510848801062140e-01
3.705285759600570050e-01
4.946253551364740986e-01
2.918183342420566095e-01
6.260379051927622562e-01
4.093920447895115222e-01
4.831358016888493978e-01
3.239776275843268549e-01
5.574957325898397542e-01
5.502753169410504741e-01
5.549480487629006031e-01
2.690814794380534947e-01
4.263759473120992682e-01
4.776428837597801458e-01
5.114946291853379456e-01
5.594186929173196043e-01
5.608692699805906123e-01
4.808447212053687525e-01
5.544973502685789368e-01
5.470285287996794477e-01
7.022176484059836632e-01
5.158834974496139258e-01
4.079097115398316875e-01
4.306080653242633782e-01
5.305311518250190872e-01
5.501343994674277038e-01
2.947915645911911575e-01
4.900891834164594063e-01
5.309637071636477135e-01
5.160455663930857417e-01
3.022220495598217926e-01
5.712222951398151505e-01
5.236616770539058718e-01
4.049998728737156384e-01
3.526490087244663618e-01
6.122684521485350917e-01
5.237948410741508631e-01
4.569135948416649384e-01
2.848397071051575469e-01
4.723918000175890142e-01
6.193988196887253439e-01
6.071560989505355721e-01
5.541448866710356747e-01
5.868685759047983508e-01
3.945938120877334199e-01
5.739928590976726142e-01
6.050848373213665310e-01
5.195055622919233507e-01
5.583790210639100193e-01
4.581658757550065020e-01
5.240955392091675158e-01
7.386640907627113339e-01
5.374241432796239559e-01
4.985314274028874171e-01
5.892317137248487269e-01
5.635519799374569816e-01
5.401666692893106747e-01
5.105711553010789938e-01
5.446497939762288132e-01
5.734220954554809513e-01
4.816165026902943791e-01
5.383104875027672209e-01
5.253767702328091538e-01
5.742484582175003682e-01
3.943588192767956691e-01
3.273290680600035030e-01
4.880030390799942053e-01
5.359476881029227036e-01
6.451663709456384455e-01
5.058614618242917027e-01
5.389562604724165151e-01
4.067883549538415799e-01
6.127244251172990763e-01
3.754625804935656785e-01
5.477200859936215416e-01
4.747057153659466344e-01
5.909352866940359439e-01
2.979560158301016726e-01
5.595422936903777789e-01
6.762344117596538196e-01
5.610366909083359666e-01
4.913720374862639018e-01
2.920978324247987534e-01
4.135559538710220640e-01
4.034600993630285126e-01
4.969089318294830360e-01
4.981791695485902061e-01
5.038005096767601554e-01
4.726824872347225592e-01
5.610516386878485751e-01
4.118195320676142357e-01
3.341634453105249980e-01
5.811409055248529798e-01
3.453435963424264510e-01
3.257922224598676086e-01
5.246334232249362239e-01
6.544437598190064875e-01
4.707651592012744302e-01
5.165332561554296653e-01
5.701407529592680268e-01
5.537365723940776974e-01
4.747369641750574520e-01
6.173188570854036827e-01
5.352644977305729412e-01
2.969681748939707044e-01
3.158070999915166266e-01
5.463886813313720836e-01
5.442841283829678023e-01
5.656216371757838424e-01
5.118188773690027782e-01
5.625777965607164921e-01
6.045310453573427001e-01
5.983418625794566514e-01
5.375828817498523593e-01
5.882737414854973812e-01
5.567044657096087423e-01
4.658715892715843965e-01
5.083835873253398363e-01
7.383120151935795850e-01
4.737517126893171504e-01
5.697429544396659384e-01
5.626519985162411475e-01
6.340456949441648504e-01
2.885898728759292986e-01
5.019671212690144380e-01
2.948240651954183722e-01
5.645265244226841395e-01
4.236387912760916086e-01
4.087747484632718309e-01
5.115178232784328705e-01
4.444526516407314443e-01
5.659515764970235452e-01
5.001205708917740855e-01
5.076533259910775975e-01
5.925443569229533747e-01
5.893700634655730797e-01
5.805658516826524007e-01
6.082329970433945077e-01
5.454760648191300243e-01
6.154153184702089163e-01
3.536386261285442423e-01
3.959633842816309146e-01
2.752226489950029831e-01
5.588961198052727619e-01
6.008204768176415023e-01
4.429489713062588763e-01
6.117204221827691191e-01
6.119364099271599189e-01
5.450171660076120750e-01
2.667970192045008848e-01
5.618903418602714250e-01
5.588086519006917330e-01
5.666017451702688446e-01
4.442106510542511155e-01
5.543837489171460353e-01
5.335373075857203773e-01
4.630871267413529391e-01
4.771119593977334872e-01
3.182022854645108478e-01
2.684098002456758447e-01
6.271032270045570067e-01
5.977316927470708308e-01
5.271974083385934096e-01
5.802557617232406706e-01
5.911296728425692315e-01
5.411126533015135909e-01
4.678044636207639440e-01
4.483498781569175695e-01
5.200612808417381938e-01
3.757140444321317441e-01
4.278510726679196075e-01
4.364712840532795624e-01
5.600247295392203339e-01
5.482255755405759379e-01
5.909813125165543912e-01
5.604963960007989243e-01
3.880770002266217822e-01
6.036227906645815766e-01
2.968159292839600560e-01
3.052056130184280791e-01
5.706280723197080240e-01
5.670412300300403663e-01
4.490870681280859089e-01
7.235359643347700764e-01
3.572606904769812797e-01
5.341126150846311482e-01
5.395800983736869227e-01
5.593162471046962958e-01
4.728081178234131987e-01
7.391353247553336114e-01
4.791731848925555592e-01
5.513825860325785033e-01
4.032696376926189763e-01
6.049051993456715515e-01
4.253512382917325474e-01
5.128691521153839750e-01
5.096891402705492347e-01
6.238912027576782870e-01
5.382797324861194888e-01
5.889627540511227499e-01
5.422916386520897358e-01
2.664599475034147846e-01
3.676360657628037210e-01
5.851587876022212864e-01
5.629709805009593948e-01
5.627426298964105511e-01
6.433163085437334505e-01
5.471955966106634150e-01
4.740706106178913526e-01
5.572293692525627229e-01
5.757329700480459111e-01
5.865333958132710190e-01
4.762104283527924253e-01
5.795637502446528977e-01
5.998536023115613736e-01
5.066405739524417751e-01
5.839079623986764833e-01
5.704043827450231419e-01
5.892889338599718307e-01
4.638740848615439671e-01
4.903265907956672609e-01
4.078840784216673510e-01
5.375259759173509622e-01
3.927098744262715324e-01
3.898762720195353970e-01
7.384283818502452856e-01
3.779477419671511962e-01
5.400885494433822487e-01
5.503898997752733058e-01
4.736106607292071558e-01
3.084712236703324173e-01
4.683146090322235500e-01
3.840094656367176729e-01
4.049987835114921553e-01
5.127960048578886765e-01
3.530840053665365574e-01
4.849764995556966052e-01
5.795168465139005631e-01
4.564350243245562377e-01
4.874281596371296543e-01
4.729838267945507546e-01
4.104157034933259007e-01
5.465121505427350534e-01
5.092737024322001593e-01
5.405215698001042401e-01
5.484446602208618016e-01
5.431438902673858538e-01
7.381782141219700444e-01
5.456565833548345790e-01
5.001443117773447522e-01
6.981461829698629717e-01
4.555862378609720764e-01
6.935158741728107978e-01
5.496022118256554956e-01
5.553531228590334878e-01
3.578120428285599952e-01
4.886644637673517866e-01
5.415460971874606066e-01
4.103655482759061002e-01
5.890306158041140883e-01
3.882965312709985017e-01
5.545980155761138786e-01
4.801948699126012965e-01
4.633551494477529120e-01
6.275537125931900384e-01
5.623201787115604811e-01
4.408229561815913411e-01
5.930332657703314414e-01
5.538523236456004417e-01
4.686247373202767630e-01
5.007185596866735589e-01
5.053800652908994051e-01
5.858383890422038665e-01
5.747191907776485476e-01
5.249738414750469984e-01
5.943847467791810724e-01
5.410678913729481954e-01
5.186737028105833369e-01
2.709071653262350998e-01
6.478956728732906400e-01
6.924479229108146949e-01
5.130423633617294810e-01
5.878978568421292517e-01
5.069235823230053839e-01
6.158136247357297588e-01
3.907019187649710124e-01
5.944647657728608925e-01
5.634149223909529214e-01
3.391954324564384615e-01
5.191230521826092348e-01
4.967337900965935749e-01
6.366377590493458305e-01
5.348568290663402447e-01
5.604525352402792704e-01
4.867756933593426760e-01
3.861877968705750286e-01
6.758107217187637739e-01
5.273248594884043516e-01
2.681667217805474013e-01
5.826803110341000069e-01
4.178664029312180173e-01
4.853958758116255212e-01
4.395378239646226537e-01
5.395055793898011487e-01
5.443543726654967996e-01
5.729588518006603071e-01
5.748732463916360613e-01
2.661944578659948268e-01
5.193991998343563399e-01
5.751823417892566459e-01
6.995424851473414085e-01
4.820288736247926864e-01
5.809481546372258221e-01
4.408292749196052740e-01
4.898356409706272063e-01
5.775754816462826957e-01
7.385538486570141226e-01
5.008769578284389956e-01
4.977686186494761356e-01
6.418105796271347252e-01
5.877304900827216017e-01
2.685051013689361277e-01
5.652388940008409302e-01
5.701665421778422393e-01
5.547515536184819407e-01
5.702789514177372121e-01
5.772451661444493176e-01
5.789873376114714754e-01
5.840186511085279086e-01
5.559786429744473235e-01
4.146684228587636523e-01
4.450489611481950325e-01
3.141565319641330123e-01
5.638621365993446988e-01
5.086459628177107950e-01
2.658880653043197428e-01
5.186852846532797878e-01
4.495252238243124809e-01
4.344101695440558686e-01
3.741927163444103144e-01
5.498748444478486208e-01
6.096450841334142279e-01
5.776933799545025394e-01
5.339410492739772307e-01
5.463399150283723138e-01
7.213940398945225541e-01
5.614972620643339241e-01
5.167850944750741471e-01
4.254168777823759129e-01
6.216199732243328224e-01
5.547097603864786786e-01
5.320307800851529212e-01
5.751427734279837001e-01
5.888995724170853485e-01
3.032219856757255583e-01
5.304188748634027784e-01
3.964694119654181281e-01
5.739443914496061838e-01
5.418904435003766284e-01
5.488103524353993290e-01
4.871010375606977805e-01
4.754566776711913745e-01
5.584200593908710264e-01
5.069765950673623678e-01
4.314142176012007446e-01
5.562111701352212556e-01
5.406041792187742390e-01
6.638078279058559072e-01
6.174308093374857309e-01
6.117859921371842091e-01
6.381173680258913627e-01
4.438739893340001852e-01
2.746184098173380383e-01
4.623911944826722409e-01
6.228676498808178863e-01
4.673231297409919938e-01
5.181465747123804588e-01
5.579439571234618978e-01
5.221192562197415343e-01
5.893169474343552539e-01
7.315245470006789263e-01
6.029055295018193039e-01
5.563330287794053808e-01
4.191113796217190712e-01
5.548233644707023515e-01
5.028311318783712514e-01
3.116492571434476000e-01
4.683777076802130290e-01
5.379098549943399643e-01
5.000930255185768170e-01
4.988067641138464459e-01
5.128470740551235307e-01
6.204491790482473679e-01
5.362157412034902482e-01
7.191767992609372495e-01
5.474418661024632593e-01
2.659236746197226609e-01
4.995839882069857962e-01
5.970847721045555723e-01
5.677480848394913515e-01
5.418131433616024673e-01
4.650543729685858163e-01
3.377304420517195371e-01
7.009690426400427832e-01
4.739801787331238137e-01
4.484758326229112968e-01
4.324344803134774207e-01
2.709119800193053873e-01
3.698461978513945536e-01
5.211825018736377935e-01
6.477261210884800446e-01
6.306124003560729108e-01
5.762166313117927929e-01
4.904152853445193916e-01
6.006464065862806567e-01
4.590031232273889539e-01
3.891034829957396024e-01
5.549053376239144741e-01
5.927614594573269446e-01
5.476714613116576702e-01
6.432468487548271829e-01
3.847039600357882727e-01
5.649084850117037648e-01
3.852680683952214857e-01
5.468908616692730318e-01
5.476353806556577553e-01
5.553621754260106291e-01
4.181964322619124430e-01
5.015559446171515834e-01
4.906176106359138034e-01
6.173760864759368916e-01
5.574071753375177130e-01
5.988219358160342676e-01
5.405141988369429606e-01
2.672697996698608636e-01
7.365294444043571920e-01
4.250248183871586094e-01
5.023680278203144223e-01
6.016869800874051766e-01
5.910338747855298225e-01
5.905982369810041099e-01
5.920453818056523598e-01
5.854518879779673224e-01
5.893573508146431328e-01
2.729311201831398637e-01
4.738906020392739671e-01
3.511487146479546073e-01
3.749351491478489784e-01
5.578830589753713820e-01
5.607781488775821499e-01
6.496005059085301347e-01
5.491014111941833198e-01
3.414870553512560081e-01
7.390747334176631655e-01
5.321865742555659251e-01
5.844397489864225914e-01
5.494894571880799550e-01
5.691559150254168475e-01
2.698219257395159665e-01
5.197570957584459750e-01
2.675734519712745785e-01
4.586876400517300723e-01
5.558724844145699340e-01
3.148474667831590024e-01
5.568940075131576517e-01
5.186533537591937471e-01
2.768995731699269713e-01
5.467999079892552627e-01
4.050811126039408072e-01
6.033928554370868724e-01
4.783458073182274006e-01
5.984341464721163462e-01
4.502712470261882594e-01
5.994405813417862383e-01
4.783194512990559533e-01
4.082804280756017756e-01
3.971452615694032739e-01
5.690514681615069792e-01
5.511463673291309151e-01
7.388284998811888160e-01
2.778953542191126003e-01
6.317767158751713685e-01
3.328870830411843063e-01
2.691217950701815242e-01
5.504149787495649093e-01
5.686319960120426176e-01
3.673250650538155138e-01
4.267079503408688357e-01
5.615780606799067876e-01
4.893025097790071332e-01
3.778893144706533813e-01
5.543398186162123986e-01
5.728687605643665304e-01
5.719487275554246963e-01
5.676733645099578673e-01
5.570166248134669207e-01
6.021544128885999436e-01
3.648469214610978728e-01
3.504068351493168643e-01
5.590301167612103939e-01
5.567642517421040882e-01
2.698495432125000426e-01
2.678461021612832393e-01
3.430850987708523037e-01
3.163782536358343833e-01
3.236051552655559993e-01
5.592759677266131435e-01
5.023772832652563247e-01
4.320884922345842316e-01
2.959174957699280406e-01
5.173693123848106534e-01
2.740818678209522297e-01
2.727049365219861299e-01
2.665147979191956340e-01
5.139764751965210099e-01
5.054364028176421275e-01
5.513487662093032871e-01
5.163125902051569627e-01
5.583025267043453255e-01
5.713297078683978736e-01
6.941216854709820749e-01
2.740359270582591877e-01
6.201716290699653689e-01
5.674279957457647461e-01
7.145455349867436690e-01
3.114952918213801381e-01
4.005501085804244465e-01
5.979369097900076868e-01
5.986555079559674475e-01
5.385942781483447073e-01
5.721775774497048772e-01
5.331668440644656837e-01
7.382436839512233062e-01
5.782159162811751907e-01
5.690511435494818304e-01
6.209274104557880314e-01
2.866515002436685333e-01
4.871060301349005028e-01
5.332155613758654544e-01
5.473255658139428714e-01
5.412810139332838721e-01
5.667379431750676488e-01
6.352639675799988117e-01
5.902467434734798291e-01
5.614890139932071644e-01
5.184943409187171559e-01
5.484864606089473460e-01
3.946947781833272106e-01
6.165369419504287407e-01
4.624231033795223045e-01
4.734763228747538855e-01
5.596990805336115038e-01
6.708552435480411580e-01
6.148644928482022154e-01
7.369964298241695744e-01
5.674423702088563504e-01
6.508590764489409208e-01
4.961908777551772287e-01
5.652895590180273544e-01
5.316499534460715770e-01
4.218423286893935309e-01
4.181130365578627495e-01
5.721315112180864748e-01
3.047893362206791079e-01
6.701408170453315716e-01
6.122389020708135510e-01
3.350175804201990792e-01
5.319055924419626713e-01
5.945989276440617477e-01
6.274110699388293355e-01
5.400991939003014775e-01
2.855977852752863977e-01
5.597027601216418846e-01
7.359379680810316238e-01
5.924005474974658458e-01
5.448099669560901859e-01
5.581044997811059893e-01
4.593635794680909767e-01
6.250422181195117721e-01
4.961611986666703000e-01
5.630696028528955344e-01
2.753901555216863306e-01
5.190743705365595817e-01
5.284758171467788257e-01
5.391473957701508057e-01
5.371799556789498276e-01
5.860774419928592716e-01
4.131757468763033181e-01
5.285101118525623587e-01
4.505215377455959458e-01
3.951979824624494153e-01
6.041456378457406018e-01
5.988645905299215810e-01
5.453567834547438098e-01
3.623777268594923773e-01
3.982833480860966668e-01
3.989895086039147443e-01
5.500203465129057667e-01
4.136866925254457095e-01
4.576690037864926119e-01
4.833179029381425851e-01
7.354275482369140304e-01
5.853745720852520096e-01
5.609930369177600351e-01
5.729578019310088699e-01
5.411178277847170648e-01
5.073866387674118572e-01
5.599466835529622877e-01
2.902077927152695858e-01
7.386515992117526075e-01
4.780854059468692685e-01
2.942477817034888088e-01
4.068816114526904726e-01
2.657755302789717722e-01
4.999727371207185467e-01
5.085489862212818624e-01
4.216557103501084591e-01
4.021103488178276453e-01
3.927519859347524678e-01
5.126570104918793946e-01
2.751147611460094122e-01
6.344482347568835001e-01
4.339487648853208590e-01
5.608315585915518708e-01
5.575160037059162521e-01
2.850200503628735338e-01
5.450824879453948224e-01
5.026101746383228042e-01
5.044162387391062374e-01
5.637790580542485497e-01
4.479029606789555196e-01
7.321031801348292234e-01
5.528588398712985796e-01
3.666404972101282023e-01
5.436086621078304315e-01
5.592717438790676399e-01
2.709396340216499444e-01
7.046158183883454162e-01
5.336586568532172281e-01
5.588508802190891300e-01
5.071499712449104580e-01
5.787977899125790193e-01
3.674459334077640471e-01
5.460801476658322384e-01
4.086409021175445577e-01
4.123571030807670623e-01
3.953573558001794996e-01
5.320673114725670283e-01
5.703913716174087156e-01
5.532405906957512665e-01
2.929417926545982431e-01
3.934444556314066199e-01
6.129896691585067225e-01
5.909251620267655936e-01
2.742434468031301753e-01
5.184476734247182028e-01
7.003137407386045288e-01
5.356266131125617669e-01
5.433496502470468448e-01
2.671891427034573385e-01
5.644670457368913263e-01
2.988753344120372302e-01
5.666461706033295576e-01
6.355350433943963706e-01
5.223036071438048600e-01
5.427459621328322159e-01
5.480813866882915386e-01
3.232987885873925271e-01
2.693436293414021021e-01
5.348379494280939284e-01
4.071528930466073448e-01
3.597130605434305517e-01
5.124737337458430408e-01
5.826914216521590362e-01
5.557703018007215112e-01
3.234565398969702632e-01
5.265072056062883865e-01
4.294453799588541787e-01
6.155311891305750294e-01
5.612575407385731463e-01
2.854264525190471913e-01
5.036393184468728190e-01
4.498619505422921105e-01
7.338696210823266730e-01
5.464933798215195759e-01
5.403412097798245828e-01
5.567137321783989234e-01
5.562640832283894943e-01
3.439898631737765000e-01
5.469598138005904442e-01
5.372596405132000763e-01
6.417240966750158426e-01
4.835125825868047400e-01
3.682949759810670298e-01
5.059188826367921887e-01
5.939557668565980109e-01
5.189742313146165076e-01
2.663654529737096710e-01
2.795729409092697626e-01
5.368397133369442464e-01
3.983108655890498229e-01
5.118504635080982634e-01
5.508174023875056502e-01
7.383437187349081166e-01
3.970766296816651275e-01
5.701221077829951023e-01
5.575457606393869892e-01
4.623746550145218515e-01
4.762670474516795815e-01
4.754666784299584892e-01
5.596251706005205273e-01
5.475481616503331539e-01
2.668340045580810949e-01
7.371329096689359650e-01
4.333724947272930006e-01
5.421635430276360301e-01
5.245912004300404829e-01
3.827636710775775830e-01
4.913226093728666477e-01
4.916516367138579757e-01
5.150011920560623180e-01
5.065905170829214654e-01
6.125383993641634328e-01
3.897054989906823530e-01
3.679762240599758205e-01
5.681817344257136249e-01
3.154510134369108987e-01
4.759045973251323502e-01
5.838512161501595576e-01
5.631005753677287284e-01
5.474214853648214918e-01
5.382619284855464370e-01
5.501466088502099394e-01
4.686670936588909209e-01
4.788146295289980037e-01
5.860506318130822567e-01
3.309776876155815506e-01
7.390583325836890261e-01
5.687173717529310224e-01
4.450549477447240942e-01
4.724418803831750835e-01
5.628215629777731932e-01
5.866168118992971525e-01
3.617028477631835104e-01
5.750463572963148140e-01
6.035453846744647244e-01
5.395566022955682328e-01
5.878476549945951257e-01
6.777666208963961658e-01
5.599954336965018431e-01
5.383093151504375617e-01
5.577340257913502297e-01
5.472130662408787316e-01
6.067960294871712623e-01
5.516098015240012975e-01
6.047550710325978462e-01
4.691955106646480966e-01
5.086962079752959109e-01
5.010730966558314403e-01
6.230367933419864723e-01
4.902629025653340578e-01
4.604868146481819191e-01
5.278266627864899307e-01
3.834552364622113574e-01
3.814365657839715595e-01
5.398422620910612313e-01
5.732124833549835374e-01
7.258867202519627693e-01
7.326286220277824501e-01
5.993517957019989240e-01
5.571149174547667116e-01
5.421189292306973773e-01
3.290328665801120489e-01
6.129390255562333634e-01
2.667736901394439641e-01
7.377998825227002344e-01
3.523182953865767741e-01
3.556796296603367824e-01
2.969596048190625281e-01
3.968619020983710222e-01
5.742794615569251082e-01
5.721237694441746457e-01
2.664966536400823482e-01
7.385114064907699616e-01
3.178633003338446894e-01
2.970192109097529176e-01
3.254572219416341783e-01
3.511833260313073635e-01
3.579012441314303183e-01
3.981449996580399553e-01
4.059618237912543393e-01
4.177226820700802312e-01
4.215828447100872789e-01
4.295690225740374513e-01
4.310671724048458775e-01
4.324451163648029284e-01
4.394255553819786386e-01
5.475371279168725902e-01
4.001961595270002725e-01
3.891686888176683623e-01
3.770180939228304773e-01
4.015455828591161791e-01
4.012801885113143063e-01
4.009078186553626244e-01
4.004249450904488472e-01
5.249671127012774940e-01
4.700465132031751425e-01
4.408087645086257167e-01
2.664405078858749776e-01
3.190651241427308604e-01
3.141686221314422545e-01
3.243205340365734601e-01
3.511729090986445145e-01
3.533805910277957874e-01
4.309022924583244540e-01
6.304232750154873388e-01
6.304850014599278074e-01
6.045282202065173083e-01
5.781377833511159858e-01
2.815777622906595057e-01
7.246612222184853902e-01
2.681753204796031853e-01
2.804627241099693635e-01
3.487483291295307986e-01
4.870692221926933851e-01
6.414298121823687193e-01
2.753980265642324565e-01
6.296726307360694941e-01
7.388745036892646612e-01
3.856217054313593184e-01
4.115880572563291318e-01
3.709659336568500443e-01
5.696859226580782698e-01
7.387864941307872302e-01
4.629603305033397342e-01
5.638799066027250229e-01
6.533354451904634930e-01
3.996234321625863339e-01
5.122961488801228702e-01
2.696910294712934753e-01
6.685394080457616184e-01
6.250547078918254895e-01
5.278146480835113064e-01
4.217550133788544042e-01
4.221572851262822001e-01
5.921717149020231385e-01
6.409012400446107982e-01
7.232169160283020704e-01
3.172800157639553698e-01
4.443382807918058730e-01
3.936270159290370385e-01
5.466126477160861974e-01
3.752305494677323772e-01
5.850744705623621700e-01
2.916450520818372749e-01
3.228643359981828165e-01
4.362507544168136575e-01
5.419835150343939034e-01
5.174679843287619541e-01
3.259666792762330734e-01
6.274815348064998188e-01
5.963617789028127225e-01
2.678253149824199042e-01
4.934314084533515388e-01
3.893098166553839445e-01
3.601279508098381155e-01
7.393139067447193069e-01
2.701019312574326481e-01
4.871143344706873046e-01
6.247648110725366744e-01
6.054735285004428924e-01
6.273838455626790100e-01
5.052223508414733777e-01
4.539491783640817180e-01
4.039113742539636731e-01
4.907472323904640832e-01
4.200224016640941582e-01
3.692908247833628921e-01
4.738807257906959558e-01
7.383634547744745147e-01
5.815823126682189148e-01
5.588711815016847995e-01
3.818522806217422572e-01
5.897162625356805465e-01
5.516953684581539230e-01
6.242053258193183130e-01
5.179184151333803277e-01
2.775905684609038526e-01
5.568044809260598305e-01
2.866112893207986012e-01
2.695721382892766749e-01
4.325564991190838371e-01
5.833648609966256560e-01
5.157200541528432769e-01
5.317956578745342000e-01
6.250911109728747306e-01
5.472065903754330662e-01
5.661764214596866074e-01
7.339402375608695683e-01
3.180709481845442888e-01
3.995772996179632330e-01
6.136516610008376782e-01
3.022803255198462380e-01
3.923218058265885433e-01
4.558068359293135363e-01
5.175428539230738645e-01
4.856938561313606240e-01
7.369122552037623564e-01
5.306536368054043384e-01
7.233992322206506120e-01
3.841020299546503147e-01
4.797389777661060783e-01
5.526358905359426421e-01
4.172061740900088189e-01
4.511025244466277950e-01
4.040017165869128624e-01
6.042778612798035409e-01
5.515294040561716793e-01
6.348820089155297053e-01
5.619535700737239292e-01
4.769686912571117765e-01
5.757784163889714257e-01
5.467343244327826923e-01
6.214982322526553249e-01
2.676695730590554212e-01
4.348247761415421353e-01
5.847478508113753692e-01
5.726258860580925036e-01
4.302135049409256951e-01
3.140567075902729322e-01
6.077683632183098483e-01
4.372205191353497056e-01
2.800450018337879432e-01
4.681928312262167435e-01
3.017146432122612132e-01
5.306554902935292084e-01
6.500824753693478231e-01
5.805065000021362165e-01
3.536242915321456404e-01
5.424477632561330864e-01
4.191359010370835358e-01
3.672622351385362305e-01
4.827794014451259885e-01
4.385274207207277009e-01
5.125060170765743939e-01
4.985632092031988538e-01
5.482798214916747570e-01
5.821479595163748799e-01
3.858602600075909383e-01
3.113022229761561177e-01
3.606062248943838200e-01
5.591193815862582905e-01
2.873152223357360313e-01
5.694108928348748933e-01
5.055366594267842739e-01
6.168512386291226113e-01
5.591326947238552947e-01
7.380988398640476733e-01
5.572158675974955289e-01
6.996330838663186169e-01
5.305901056652495562e-01
5.895541339417005311e-01
5.879238876931617286e-01
4.215035730120754720e-01
5.773493929738965358e-01
4.772706641482292178e-01
5.989127683385878642e-01
6.008811491036738506e-01
5.670872567202001058e-01
3.849493992391912478e-01
5.150293543213145808e-01
5.530307470078306142e-01
5.566678775828478587e-01
5.512468629230449224e-01
5.636200629950330887e-01
5.803403888318818815e-01
4.768131119697843756e-01
5.377842715273964957e-01
4.148517260280252250e-01
4.826293908704757385e-01
5.580585824370981607e-01
5.538713473865990444e-01
5.107556184730459581e-01
5.722169236385661328e-01
4.644306667992042503e-01
5.666855720753453118e-01
5.659500245380839623e-01
3.059108641286258923e-01
5.591402950383166370e-01
6.279282756386468378e-01
4.376400248213879185e-01
5.542690065070123850e-01
5.974587930182104767e-01
3.848035887846972258e-01
5.465727625447266425e-01
2.793765912287270448e-01
5.120512014589015948e-01
4.944910240483659236e-01
5.413622902418154803e-01
6.338748054662574072e-01
5.203038134193348485e-01
5.646941991259151195e-01
3.969536793400773034e-01
2.944673617672231014e-01
5.470250850803831666e-01
3.482911609962163757e-01
3.090543867194637806e-01
5.606902732052700955e-01
3.900217146950840097e-01
2.911435167161611215e-01
5.522722084284620303e-01
4.674896487796719735e-01
5.462001447025196521e-01
5.414778694075739196e-01
5.585238375697939572e-01
5.638578419162505462e-01
4.537825534864270427e-01
5.764082362397956460e-01
5.388549538661125959e-01
5.423478093023603730e-01
4.103242386140624753e-01
5.341201714426789815e-01
5.524105627639050997e-01
5.981879133038530139e-01
5.278221257898094709e-01
5.233264736201319600e-01
5.497076468094815871e-01
5.591989566372778109e-01
5.573074568927961492e-01
3.650431011004102166e-01
4.732456478092491592e-01
5.698952632279795649e-01
5.329898569192963453e-01
5.003782637650183718e-01
5.105891097400020451e-01
5.706115822943408356e-01
5.685184144463508726e-01
4.697196796980573907e-01
5.359373503427228291e-01
3.366210385134805194e-01
5.529842215890234947e-01
6.737056889534052129e-01
4.184356850199917877e-01
5.129717602381005381e-01
6.386069479654582493e-01
4.931765403920922997e-01
5.549778942566231388e-01
7.313558226515673999e-01
5.723285071537088653e-01
5.471190356062954896e-01
4.258356117698582910e-01
6.072401950106326440e-01
2.722958170140875600e-01
3.255496141001849586e-01
4.702229349378759249e-01
5.296749947073451370e-01
5.722322211453784169e-01
6.490294231563997762e-01
5.391597323235121086e-01
5.962716450535676671e-01
5.846172574726772320e-01
5.963706208556488475e-01
3.302577282259252511e-01
5.733444261833645639e-01
3.623180985726908165e-01
5.009220491055643709e-01
5.532824639476143780e-01
4.760195252339177174e-01
6.050144732504273426e-01
2.669019289864426048e-01
5.398520501432009233e-01
5.865406355767491808e-01
5.202013586698075454e-01
5.109117532619544821e-01
2.949877866188281850e-01
3.442013936253067174e-01
5.641674622664853977e-01
5.547222887840218553e-01
5.509824894421974095e-01
4.556293175241166171e-01
5.853343537774818861e-01
5.680798334165864105e-01
4.668301361839328756e-01
7.054453725780758244e-01
5.862487120792418960e-01
3.410226443795146278e-01
4.829560025790385347e-01
4.720600782746316448e-01
5.620761473244439976e-01
5.598445965412309766e-01
4.963828600338746067e-01
5.553828386960315555e-01
2.845730324669953903e-01
2.951511142325858317e-01
5.071324897420721456e-01
5.218440978479252923e-01
7.334909517290930658e-01
5.354257509766043865e-01
7.364934206690648688e-01
5.777515929348917556e-01
5.543747290725602461e-01
5.579032523831003454e-01
5.514889941145116881e-01
5.143841660642382019e-01
5.319816707018205637e-01
4.887399638027996596e-01
6.005156919605136867e-01
5.719297785045726057e-01
5.450924708789239848e-01
5.341020141741719129e-01
5.563754747966176417e-01
5.562773328304910780e-01
6.080364924929962944e-01
2.804702103079327880e-01
5.329674138420571472e-01
5.017697226084790740e-01
6.062668061814466824e-01
6.039563375209320295e-01
3.914412132193982874e-01
5.420723876628305016e-01
5.520673801859294905e-01
7.380056503934975254e-01
3.148620770893335030e-01
4.109766696807807262e-01
2.702797467207271875e-01
5.200490422430494863e-01
4.772742597915831664e-01
5.627047827794635637e-01
3.248234078030051708e-01
5.237441547464806169e-01
7.389518418047008597e-01
3.118003456677822527e-01
5.573661593728581609e-01
7.385101773784403800e-01
5.607985898312857209e-01
4.300276349377057938e-01
4.108865901605714965e-01
6.032277731997254255e-01
4.739592793698366169e-01
4.299910382182987600e-01
5.468071911693216380e-01
6.900701860147503419e-01
6.342173354362188320e-01
3.933740846221515652e-01
5.085125784655467607e-01
7.387710623338216154e-01
7.387521948594737431e-01
5.653109376496808780e-01
7.026726653375837683e-01
3.395259272664116201e-01
5.550256401614932500e-01
6.168104729289934918e-01
5.348633996113115741e-01
5.840969824277687517e-01
5.682919373167724109e-01
5.927697294364252523e-01
5.380104393303904997e-01
3.859080807297392002e-01
4.391319216070674880e-01
2.717945851846682026e-01
3.186013835134662298e-01
3.340194738064311553e-01
2.842626090284773865e-01
5.546412478187817685e-01
5.202080815294883864e-01
4.556053621737508608e-01
7.015328919690277942e-01
4.488384821945111125e-01
5.588006163206893362e-01
3.775904834382156072e-01
6.284604050262839747e-01
7.383557312185901056e-01
5.606886179374106494e-01
6.585988048842633669e-01
4.191740783386887492e-01
3.833540868484202613e-01
4.512405104746186058e-01
7.386362017610113018e-01
5.563140101792831693e-01
5.675862766883228439e-01
5.302332333180658219e-01
4.432574928029227590e-01
5.969145850558545963e-01
5.556633572790015130e-01
3.974037041817447546e-01
3.188623861720057406e-01
5.581889278840013180e-01
5.333470546107004218e-01
7.049509151826526265e-01
3.572399617952553008e-01
5.823101897331210974e-01
5.995513935694352092e-01
4.175783088873038507e-01
5.137132866695528488e-01
2.665592613423326540e-01
5.570527809023576582e-01
6.706307470750219046e-01
4.210844455016378163e-01
4.999937940934343628e-01
5.885755488463365603e-01
7.282643011583025405e-01
3.973331323871390763e-01
5.375994038272413622e-01
2.701635011281813825e-01
5.450140826057522370e-01
5.416513240320515177e-01
5.491251159529313419e-01
3.436636927519974849e-01
5.369527447308525270e-01
5.453399421139040193e-01
5.530590712711973556e-01
5.578598842291708770e-01
5.271886103686058700e-01
6.883769899532263814e-01
4.939611299498800068e-01
2.838470262112728904e-01
5.613854750680691286e-01
5.435230012292403545e-01
6.182864795821991777e-01
5.427767263321726654e-01
4.680565502708408099e-01
3.443579411095446519e-01
5.495502433384665819e-01
4.991862763930326463e-01
4.936785235017555062e-01
5.665932542523715032e-01
3.882192203313497014e-01
5.798263079873859915e-01
6.233755022373923538e-01
6.084582133364527801e-01
5.002017910731856309e-01
5.656480386367788160e-01
4.522568819941559237e-01
4.720736485600178223e-01
5.871109613344869249e-01
5.833774775449503958e-01
5.410127471577852454e-01
2.929654722134180656e-01
5.628666187534087095e-01
3.141875745256517138e-01
3.812268075059213057e-01
5.946737923954862337e-01
5.441104839772166191e-01
5.652257239667589639e-01
4.438804768398856293e-01
5.360752368209742436e-01
5.841314513979816159e-01
6.173906205813632919e-01
3.822361152739019441e-01
3.627427230795500224e-01
5.498626146364131717e-01
6.068665634950406451e-01
5.131335693799996545e-01
5.476318750154114401e-01
5.399709894800270860e-01
5.832497921563335463e-01
4.837971387326520101e-01
5.502324711380902622e-01
4.271793342227211965e-01
2.681437461988205873e-01
4.714366282449049539e-01
6.496407633842383733e-01
5.801847144896257191e-01
5.861738667379265966e-01
5.787868659249935099e-01
2.907901197488016454e-01
7.360179152515303747e-01
5.478881715980629119e-01
5.537349994896479943e-01
5.287273444546354284e-01
5.991574030299254838e-01
3.891363915980216026e-01
3.158947725505382165e-01
3.692297942995811932e-01
5.326852192927293839e-01
5.485204291901301099e-01
5.621177594989400506e-01
6.251518585060029665e-01
5.621324749512188745e-01
6.206279868144238820e-01
5.144634085168284798e-01
7.371766041337995956e-01
5.609089398788548175e-01
2.966168587791048195e-01
5.660385770097255964e-01
5.815186133181524664e-01
4.753472919974250366e-01
5.461757328996544869e-01
5.553778385766210413e-01
5.062602810822173227e-01
5.016016421147960758e-01
4.989549481865148683e-01
5.304075389337913338e-01
4.785350231275931066e-01
5.899977305263711669e-01
5.519120542621930303e-01
7.382167378945048153e-01
3.910870649245848929e-01
4.364244121122572984e-01
5.497580707967459901e-01
5.522900756241647668e-01
4.657014683751561357e-01
3.813998522853228601e-01
4.982789836630845404e-01
6.249677128087459677e-01
6.422660128369892529e-01
4.665536251446853466e-01
3.866309301992696401e-01
5.170195652252943530e-01
5.029219376834367372e-01
4.515927203032009674e-01
5.733114931164696726e-01
5.378063998780016064e-01
5.708899403459356536e-01
6.009054064051879696e-01
5.727311503445410290e-01
5.406259939505486667e-01
2.680070707245869599e-01
2.672454392667305556e-01
3.568895117588158361e-01
6.385652025036796520e-01
3.454874634522085985e-01
5.827289298362002823e-01
2.660792224321555377e-01
6.443875267223172498e-01
5.196903450660227408e-01
5.845365274886055174e-01
5.213218073754907200e-01
7.391186915274975400e-01
6.016671344055267712e-01
5.756704881543738272e-01
4.856834044384572557e-01
5.581015775483725294e-01
5.053521021615960951e-01
6.516084688509915512e-01
4.852842533332504815e-01
5.710489475524743730e-01
5.679460933990529981e-01
4.258713966182395838e-01
4.649373648495533362e-01
4.116617554928929668e-01
3.995762118635201032e-01
5.497066263696888111e-01
5.060952986776565687e-01
5.198986947892376698e-01
4.730566259077458868e-01
3.327125660916967487e-01
3.282836489894481735e-01
5.686183647430154142e-01
4.305414646959843106e-01
5.486952972752310309e-01
4.380969022228786702e-01
5.520742254743866706e-01
3.099874850274991767e-01
6.540943815621114155e-01
5.491808349282729651e-01
5.708351919908200012e-01
4.917368987285508086e-01
4.516069916539515727e-01
5.825412829239404733e-01
5.237458271884819494e-01
6.136347261768310135e-01
5.601483190981394467e-01
7.036256879292898114e-01
4.804799553778423826e-01
5.733505457337877420e-01
5.726100235355829904e-01
5.173798202524766410e-01
4.216619120480395444e-01
5.562422903702382015e-01
4.185219009066037388e-01
5.651827069872007447e-01
5.019490629349074862e-01
5.042903950828556692e-01
5.656769374133756578e-01
5.766986811588309392e-01
3.471569940560645939e-01
5.021056245965310749e-01
5.802397769525909910e-01
7.017506468955646559e-01
4.684355545528217091e-01
4.538100381339064682e-01
3.541381338867763962e-01
4.440276284037793508e-01
5.290601497788834928e-01
5.831614364649707616e-01
5.452434166343546051e-01
5.369859110930054191e-01
5.323714643746012554e-01
5.129478996077792008e-01
4.261529011385273846e-01
2.797022660840400299e-01
4.678865857690922558e-01
5.014149014551546601e-01
4.472375076916385583e-01
5.355803525919803354e-01
6.307156193450490500e-01
6.132453187654572924e-01
5.551371003318362751e-01
5.541697641462396406e-01
5.600639676222728403e-01
4.653012832073693539e-01
4.719389930160680091e-01
5.579375140484647000e-01
6.056212488026495588e-01
5.448285577880150887e-01
5.859586400439301679e-01
5.625119350795280138e-01
5.406473790196207885e-01
5.856721075707532753e-01
3.108097053739926063e-01
5.766360741271531198e-01
5.095450836667665406e-01
4.297819649404073239e-01
5.311452618918220958e-01
4.927652340800004471e-01
5.897679349347317856e-01
5.629735574010515942e-01
4.806020643163314565e-01
5.493059369025630190e-01
5.636452955198165693e-01
3.230606499644314011e-01
5.442234437895657750e-01
6.965063543487997055e-01
4.918915963935867608e-01
6.290326878786076659e-01
4.684487245347975781e-01
5.622947470092140021e-01
5.078788850378201936e-01
5.912625770398848291e-01
3.212652130039250764e-01
5.724954172692580112e-01
4.872874501412443604e-01
4.676875236965730709e-01
5.389030792810954873e-01
5.419214766674519401e-01
4.891825437945753197e-01
5.570737732012652765e-01
5.806894242926287086e-01
7.276070557427699592e-01
5.290696836913258982e-01
3.973867386631882992e-01
6.036381069973930646e-01
4.597601697375928720e-01
7.366671268775161208e-01
5.197142231321959516e-01
4.873006266973464728e-01
5.138917006594865278e-01
7.141045202720519569e-01
4.212042927579222051e-01
2.796530665641138169e-01
5.062145010067735651e-01
4.837238204311236078e-01
4.575970841000618350e-01
5.414440498714970795e-01
5.421142853792756400e-01
5.384144254161861154e-01
2.670892429745406194e-01
5.714273441964710099e-01
5.660910145094181223e-01
5.418304860230940267e-01
4.850623828180993802e-01
3.540982712257432219e-01
3.590232317562807030e-01
5.169939843943632818e-01
5.412170959943536364e-01
5.435431810322421953e-01
5.444654863691621438e-01
7.281256742798262183e-01
6.301200243795593847e-01
5.890498964246667635e-01
4.811215960870887653e-01
4.295866673974302885e-01
4.079626792831969606e-01
3.902364761169588858e-01
4.828255259173960812e-01
4.818040839824189736e-01
4.108803002108037949e-01
5.368142263717309293e-01
6.049974358003729069e-01
4.088421889974321877e-01
3.109022586887539852e-01
4.936020266761916298e-01
6.337317233397848915e-01
3.906850183598080672e-01
4.632390407140065669e-01
4.653334728112434870e-01
3.569485328618579589e-01
3.483239051810470555e-01
4.709618832460524818e-01
7.388001541007025441e-01
2.663133899769472013e-01
4.341273930585292651e-01
4.351893383842088681e-01
3.398871277381686484e-01
5.681942530825473403e-01
4.830094937112024422e-01
4.560143763822155361e-01
4.631245340407644795e-01
3.485568062633994102e-01
5.309685422955087164e-01
3.321276736584283240e-01
3.859090665930750563e-01
3.938455721795218190e-01
4.145649793287163321e-01
3.487145210149010244e-01
4.435757450462170515e-01
2.956344083536749934e-01
3.989598281813901415e-01
3.806233509038138285e-01
4.958939550480283565e-01
4.833765703065859287e-01
3.214907832196113868e-01
6.543498504090036194e-01
5.408750011324070517e-01
4.482980635664825519e-01
3.912656877325456639e-01
5.996306430629411155e-01
5.343947581941193015e-01
3.030264867771767512e-01
5.734563736099725917e-01
2.701364202889268706e-01
3.129083956707484071e-01
5.012471734159585912e-01
5.259749846765282566e-01
6.832404846804481791e-01
2.776645098861138528e-01
5.702376136666212902e-01
7.244175024385555162e-01
6.186008506185687317e-01
6.180985577352198224e-01
7.246961145358303824e-01
4.800091601590774082e-01
5.594730465667611119e-01
3.854139637595628831e-01
5.107547597627017932e-01
5.100434424031803360e-01
5.658587320315192626e-01
4.529472993319649254e-01
5.412221452797708610e-01
5.542248872542467897e-01
5.244386572114380085e-01
3.910303960601723139e-01
4.674885381766369918e-01
5.680233469157145443e-01
2.680829434743337014e-01
5.416246172738892195e-01
3.091828682230815528e-01
5.465927699309565124e-01
4.992586054629455927e-01
5.458034299525308386e-01
5.656891219942450366e-01
4.237890338581760119e-01
4.067629294595240808e-01
4.541289455109719930e-01
3.881451337960731829e-01
4.529625972958798985e-01
3.973246434458110876e-01
5.460874051106627824e-01
5.406569876784489415e-01
4.590384504121818865e-01
5.858358873239648545e-01
6.326454274485221463e-01
4.750984137822943931e-01
3.508403982795893494e-01
6.211901405939621590e-01
2.676092623165132189e-01
4.039676795769439610e-01
5.022854519128275852e-01
5.775701945983782171e-01
5.879763556577238814e-01
5.546763674227167540e-01
5.349264825201198725e-01
3.737303964482690533e-01
5.841241699816661637e-01
3.472932368173602402e-01
5.995846550853934920e-01
5.645080187677385952e-01
3.299091349289526853e-01
2.814780762739906295e-01
3.526857684571082507e-01
5.406734038597065251e-01
5.678210782676089696e-01
5.580390719467718252e-01
5.566636725278586439e-01
7.059904096604656676e-01
4.945940556617130501e-01
5.290443352530018739e-01
4.312978813488771990e-01
5.853321398185621360e-01
5.771434355677816930e-01
5.944839446787748560e-01
5.484903978002614311e-01
4.514453536387385557e-01
5.319577851061831897e-01
3.865093556787752016e-01
2.834759761366523745e-01
4.171812482028437463e-01
5.656556543361960232e-01
5.599112923277375087e-01
6.278194703833717139e-01
5.602510593262655103e-01
5.706238322865095913e-01
2.912589530347412525e-01
5.255502615283909051e-01
7.391496237943444569e-01
4.455511838874091635e-01
5.467705251722438931e-01
5.438402228134215921e-01
2.670714626838525674e-01
4.722974550813365258e-01
3.224020784042047616e-01
4.783850008637350326e-01
6.930281727770069011e-01
5.803424589083544527e-01
5.865725561605411587e-01
6.567408296240887511e-01
3.887544588872451357e-01
5.614395360219252007e-01
4.987824965282418588e-01
6.408486845684209232e-01
6.395452826169993887e-01
5.689045249117258285e-01
5.603860008570570317e-01
6.061087109556069219e-01
5.984559796708689428e-01
2.934041641766403363e-01
2.901506473280565657e-01
3.307511878430227092e-01
5.519716940191339294e-01
5.503046166862031185e-01
7.016695876414531519e-01
5.676360569080025620e-01
5.237935326669083125e-01
2.706742808764965869e-01
3.352979261405033551e-01
2.700400262314348043e-01
5.560687179451283546e-01
2.774191207376241475e-01
5.639603119223587369e-01
5.597516474113005680e-01
6.512663726608440840e-01
6.073129417486951009e-01
4.818408895733095609e-01
5.301913209246985614e-01
5.267557671860685353e-01
6.059356106445673573e-01
5.842448367882626670e-01
3.841441754655102736e-01
6.004476167186779678e-01
3.374649119928579410e-01
5.682643878188126108e-01
6.454242447129168170e-01
5.658812144915643660e-01
5.550602700859779137e-01
5.004964526788792112e-01
4.284896797271391389e-01
5.903339929196667057e-01
5.665246368333478610e-01
4.363270739278022892e-01
5.566579880277471304e-01
5.465981996937266940e-01
6.317540281471802910e-01
5.624440836957168566e-01
5.534837677838074788e-01
5.762219271686310762e-01
3.665058835259410452e-01
4.829382160644045685e-01
5.548454651341913069e-01
2.969811894294108745e-01
5.268281320409139434e-01
5.577246069491886837e-01
3.110695920481596488e-01
6.580764228755660028e-01
3.641373874553271439e-01
4.144426770594744069e-01
4.447785302906255289e-01
4.644403628423236507e-01
5.527901226728710871e-01
5.489275409088084645e-01
3.148077535871818822e-01
2.776639563468420446e-01
5.438367409669903063e-01
5.184010209381155754e-01
6.512089014436388545e-01
2.854063054976704872e-01
5.532481619093804204e-01
6.192982249014735707e-01
5.327516142191479620e-01
4.163057518824670455e-01
4.827380091496539793e-01
5.284112822388968844e-01
5.734015453536540630e-01
7.381011533459453933e-01
3.133447611034904656e-01
5.587133051384164384e-01
4.038378481078644944e-01
5.749359967610750966e-01
3.485343969704133849e-01
3.407211985397040066e-01
5.785492122758182365e-01
6.056068813137404083e-01
5.546592987985997647e-01
5.539662320120752881e-01
3.003851542352546922e-01
5.373898595063990591e-01
4.351595385037797525e-01
4.870607100255434085e-01
5.576323418545834354e-01
5.657208641936992688e-01
5.005021850214207424e-01
4.594267969469537083e-01
5.951763246183079392e-01
5.416456769389336179e-01
3.615085733103378107e-01
6.005977809093558939e-01
5.591439506123455638e-01
4.156736420600875004e-01
5.414982075730462308e-01
5.201900365801587212e-01
5.651927696757529374e-01
5.162148966819265494e-01
5.283155669068444471e-01
4.556725916367170282e-01
5.589799673171169658e-01
5.534402715903042891e-01
5.874253964838086484e-01
4.908967025798863792e-01
5.020559121235301792e-01
6.317829271962310811e-01
4.706458853444343005e-01
5.641273381247106089e-01
4.485822504379156639e-01
5.004876324811140531e-01
5.688460240079857844e-01
4.107027707708414965e-01
4.715755505838382100e-01
5.546478807151631329e-01
5.243525631171592760e-01
3.774845569188138850e-01
3.204595897341858124e-01
5.189554075260971455e-01
6.973027552585278066e-01
5.676626067138895726e-01
5.537537624675994419e-01
5.273697881613288452e-01
2.683642905027701642e-01
5.510538150840837979e-01
6.218541514706977802e-01
5.299007930596788540e-01
6.270640042076607301e-01
5.323251939323080384e-01
2.981847330765671766e-01
6.000931366240677134e-01
5.853254387201535236e-01
3.006194817867738345e-01
5.776907141390840161e-01
5.635139159990794067e-01
6.295637366024984249e-01
5.664303467440848783e-01
5.546378161872193013e-01
4.635432935402097887e-01
5.607078469220467820e-01
4.750207483457872804e-01
4.843789785260517178e-01
5.266222296535814085e-01
4.877915364639698881e-01
4.399407025513633052e-01
5.035011014988015621e-01
6.396004099435439461e-01
5.228249840632966938e-01
4.939594010694119963e-01
5.559843362157517177e-01
7.225261478798978843e-01
3.738651257348975521e-01
2.689617251650108232e-01
5.704725051753818388e-01
3.426200619328296226e-01
2.792363429643001660e-01
2.754182512230608504e-01
2.765057965882974922e-01
5.281683658397229308e-01
5.448019669181732860e-01
5.620085950018718357e-01
4.839862915755622219e-01
6.340331475315156284e-01
5.702097709611121390e-01
5.792407554235167177e-01
5.608645571951033082e-01
5.687549320885159077e-01
5.637486256896654391e-01
4.910089054006860354e-01
4.017194095934987774e-01
5.205031134681433747e-01
5.890745138425368399e-01
4.989013289423357422e-01
4.050693394632925992e-01
4.139032331847384283e-01
5.763052564350761298e-01
6.086238667877068576e-01
5.399753097232224963e-01
5.660256645042002210e-01
5.352587332730726066e-01
5.459525070390784940e-01
5.501900702525442943e-01
5.557162430986553048e-01
5.617009428494901258e-01
2.711209947248023333e-01
2.776075731293672910e-01
4.318795531240125496e-01
5.507104526903104924e-01
5.531035453899694199e-01
5.559238097107304100e-01
4.535620000651020556e-01
6.563719086953896387e-01
5.671222234108562743e-01
4.297072056432407194e-01
2.936089282780858234e-01
5.775809182912303719e-01
4.697962443831670831e-01
4.391680496866482430e-01
4.876440067345833018e-01
3.767749468644877031e-01
5.683253462273090140e-01
5.445766393290436547e-01
5.304457017364871962e-01
3.794539986722052505e-01
5.266027632279508541e-01
4.550595187009656151e-01
4.742322316847439323e-01
4.850567477764322621e-01
4.784254437754691391e-01
4.775835030296588513e-01
7.210272513604887301e-01
2.710410721809662360e-01
5.370080677618965792e-01
4.243045188920628874e-01
5.596145660209614903e-01
7.387029816959548301e-01
5.262828376294059751e-01
5.553571852012820775e-01
5.905256803974884283e-01
4.567694786823202069e-01
2.693174600568987720e-01
3.215744927524188390e-01
4.920996189854224823e-01
5.599556833878164275e-01
4.711537204639641430e-01
5.634293116813891000e-01
5.515505746621045535e-01
5.615842857234624175e-01
5.359164533515728968e-01
4.004075194659729164e-01
2.874559821549208527e-01
4.571085595097835741e-01
4.089370015298853800e-01
5.207780409734021898e-01
5.594351456370679765e-01
5.586786791244164885e-01
5.533031040520899335e-01
3.301494156918096667e-01
5.325022289871571557e-01
6.727627233572708310e-01
5.298102455567134106e-01
4.310779574926600910e-01
6.524931311655322030e-01
5.120907358305052393e-01
5.253601175162109227e-01
5.743231896446845397e-01
3.533848459360252048e-01
4.555941036360379170e-01
5.421644238392823167e-01
6.792932058635497983e-01
5.601584620416950600e-01
3.167424545861500795e-01
5.799507333191081804e-01
5.106914747566669854e-01
2.832542387313967125e-01
5.705110691148506108e-01
5.365754516665626195e-01
5.596512752615596664e-01
4.594731755519981808e-01
4.378951410391360710e-01
6.102011769599013924e-01
5.298756597919411782e-01
3.136224711966822953e-01
3.915383341027832698e-01
5.541024726998401428e-01
4.904875913999413584e-01
4.990758875226186664e-01
5.237429075259375510e-01
5.343534415172599417e-01
7.213287311278560043e-01
5.595244957137673891e-01
5.627804321149708633e-01
5.534805512462628307e-01
3.815782942003133060e-01
5.646503304193148942e-01
5.067604370781462197e-01
5.847513298823381334e-01
4.238340689114326043e-01
5.836825237865991278e-01
3.882040215878495570e-01
4.060255576280860645e-01
3.253733149678014192e-01
3.974516285438695617e-01
4.051162834349408270e-01
4.511094885898584428e-01
6.365543068875398891e-01
5.461935137598551426e-01
4.376821280023619476e-01
4.686155601307121499e-01
6.348735422012807827e-01
5.881454022047435393e-01
6.023722117130047016e-01
6.103074665268900523e-01
4.409137890033495988e-01
2.734488051638188089e-01
5.345041421921187252e-01
5.989029879504489395e-01
5.317355135429935320e-01
6.273477346486802109e-01
6.299093718669190878e-01
2.805138544205704187e-01
6.070744133239468487e-01
3.261779897071497847e-01
5.810060882063652343e-01
5.115617742029715531e-01
4.006042256409886315e-01
5.622599923065878524e-01
3.379403094498511506e-01
5.297486538928983801e-01
5.576528672661210662e-01
3.308791109710445544e-01
5.419261497313998532e-01
5.592296402010241696e-01
5.639013175078582130e-01
3.245734723706701352e-01
2.790577397212679056e-01
2.706313328161913945e-01
5.695381601655581383e-01
4.725774938248882284e-01
4.798655739324071412e-01
3.122617922928232481e-01
5.440996818004386615e-01
7.390729518413624577e-01
5.916178644161906863e-01
5.450238071058590705e-01
5.543049842772171942e-01
2.859325332890728655e-01
3.241383169944585529e-01
4.215768576966404391e-01
5.273413798655033347e-01
4.820520522146942155e-01
5.644504600166266872e-01
6.515263500256532891e-01
5.196352627879841091e-01
6.020962730512597894e-01
4.124652041220505105e-01
4.193527302798029655e-01
7.047982642118997276e-01
3.549711780526653704e-01
3.999974022133770957e-01
6.366848488545225893e-01
5.451825880919557443e-01
5.601767519826040820e-01
4.529533756811555123e-01
6.512638127602967675e-01
5.618462161698294377e-01
3.212787674633111323e-01
3.189575290038080824e-01
6.041727218268981847e-01
4.236186785688337286e-01
5.425226704983856507e-01
4.926381430681331941e-01
5.621628791890204146e-01
3.800558837195138207e-01
5.606130908922584144e-01
5.673733432574330493e-01
5.910465841795894404e-01
5.457013223378626154e-01
5.911987744563276248e-01
5.846612716497798790e-01
4.478466016918172254e-01
5.742858683961103994e-01
2.974358916984971568e-01
5.188230583804324114e-01
4.741819344657011714e-01
3.450691313602902155e-01
4.986581364582590159e-01
5.692132453488467636e-01
4.315456813652785995e-01
4.662986089126234801e-01
5.121781314377480410e-01
6.316532695511745121e-01
6.049623816418487898e-01
3.595980556815834839e-01
5.030469034020708108e-01
4.592415524664621995e-01
3.788680413000122260e-01
5.300233923312916984e-01
5.513288915459886308e-01
5.011775390048514023e-01
3.078703141945285937e-01
2.816553072700231364e-01
5.407621922129066672e-01
5.501596096327776575e-01
5.593228124957806413e-01
4.756314626853159200e-01
5.713084599115670903e-01
2.717340460183691464e-01
2.684482061118127483e-01
5.235593222117417289e-01
5.461788670992329120e-01
5.569615093933465433e-01
3.110859026873867283e-01
3.926259140711453322e-01
3.636634282346456470e-01
5.133497593442944984e-01
5.524756189171567966e-01
7.337342869921096300e-01
7.330096464585527105e-01
3.608213926119206993e-01
5.756083089428631894e-01
3.143648853877222815e-01
6.002730686541593030e-01
3.924936610994489428e-01
2.699237826082635516e-01
5.401907783111135064e-01
6.454832407036822373e-01
4.354912137380194115e-01
5.539212634023832349e-01
4.790708317456598420e-01
2.838139016428776196e-01
3.153382842076966619e-01
3.093418122708543883e-01
6.080309247577797560e-01
7.322580556381577122e-01
5.567402246056389892e-01
4.784940100341558145e-01
4.463924865226996941e-01
5.700342577823338530e-01
4.903941172682672045e-01
5.084983227894103175e-01
5.569018981050253281e-01
3.030955382879815807e-01
5.315681764414811328e-01
6.213429526598918118e-01
4.746470334603332120e-01
4.939309769103450432e-01
5.902287631052146599e-01
5.757344089376131846e-01
5.281116945930369733e-01
5.341588000093875355e-01
2.679361341600905999e-01
5.790655440473146953e-01
5.313986595971614824e-01
4.509979603971568940e-01
5.628063611839823066e-01
4.849249866009225918e-01
5.724699725476372070e-01
5.946739275587629159e-01
4.805656379694279168e-01
2.891292105465763651e-01
6.772401492692743386e-01
5.590147268206125952e-01
5.289081266916774160e-01
6.373180157107485311e-01
5.663792534461883355e-01
5.053223259126594646e-01
5.957225173822235931e-01
5.365648457353472400e-01
4.464488005853943231e-01
4.047678124536176480e-01
5.402948121468181819e-01
6.066070023893013197e-01
5.736435450109441669e-01
4.447992728473277868e-01
5.613326036273412756e-01
5.561538584507685901e-01
4.692317496801759469e-01
5.220048596674623509e-01
5.189692514522808997e-01
5.732055040251001765e-01
5.876496188209267002e-01
3.988725298679529074e-01
3.631129780433953180e-01
4.780278331258485669e-01
5.331952724564540391e-01
5.654847953522406101e-01
5.538345901406295235e-01
6.776895677548477881e-01
4.444867547483262737e-01
5.005902689254028148e-01
4.716871659908862813e-01
4.859284818277389006e-01
4.836731242108174844e-01
4.510665295396779628e-01
4.304143112754368339e-01
5.005096789219091180e-01
6.035537904711180124e-01
2.891222618043546855e-01
5.207402016120837862e-01
3.785384635173181800e-01
2.681233509815756921e-01
2.718659343725040034e-01
5.377770437291501393e-01
6.058716882978143481e-01
5.600723484384806383e-01
5.437477103562916581e-01
2.841822038479563384e-01
4.990108357412436635e-01
5.685252302130497926e-01
2.739017434125803896e-01
3.140911540347984809e-01
6.594102361977934867e-01
4.683620161965949547e-01
7.283150772426026931e-01
5.396485014496522625e-01
5.041269425377494784e-01
5.062008166011152666e-01
6.480700097121886438e-01
5.229807217423256827e-01
5.167740368134564610e-01
5.387227007083063013e-01
5.471645315758767447e-01
5.513488891008511139e-01
5.555008285164907411e-01
5.596126166752340980e-01
5.636783092135952966e-01
5.716527499729368023e-01
5.793796041119353424e-01
5.831387509982205453e-01
5.866404106407726582e-01
5.918415805660833806e-01
5.931956401170547233e-01
6.021598274449020405e-01
6.053518948839806679e-01
4.564757695007197191e-01
4.363111979925424766e-01
4.012595101507664963e-01
3.873134972254884678e-01
4.185297979376880750e-01
5.985639583751387605e-01
6.143338762317793744e-01
5.927001379877927523e-01
7.093646908403293816e-01
5.964849480334928344e-01
6.022187318214904383e-01
6.131355000910743147e-01
6.168517516242273402e-01
5.838948744686693892e-01
5.726963440861541077e-01
5.671553710105603496e-01
5.639264200721004761e-01
5.694681383876492031e-01
5.579131447435795588e-01
5.518081592084653764e-01
5.436346831591897244e-01
5.369806037277589095e-01
4.565093982108427983e-01
6.272510932434848252e-01
6.304528067046903939e-01
6.307685472827686546e-01
6.299517632343992757e-01
6.063638029927606032e-01
4.845067500831053420e-01
6.767899364442088173e-01
6.785451193858709207e-01
4.761253919786401223e-01
5.734834982565109041e-01
4.298061684930414295e-01
3.129386876650284144e-01
2.855381686573166822e-01
5.340538248762095597e-01
4.834390641739950700e-01
4.782232962129494003e-01
3.426419541251385925e-01
2.967946910459764442e-01
2.904927343454265509e-01
2.791511621872050930e-01
5.382018739668709140e-01
4.737611028378187483e-01
2.700045769992359124e-01
2.673194243366604494e-01
4.714388796410792226e-01
4.377329265714992035e-01
4.932944619612456005e-01
4.586327422228533846e-01
4.719631126359494222e-01
4.737599720775874657e-01
4.417519528873159462e-01
5.778364540303712049e-01
4.553060397784355340e-01
6.312799736378837956e-01
5.558593538828482394e-01
5.473598006740324484e-01
5.453290679134197294e-01
5.469828132554883648e-01
5.546899222940890883e-01
5.394021145499779957e-01
5.925095724709902312e-01
5.976184875159007426e-01
6.028049524159782013e-01
6.077483713143684296e-01
6.081109675611477972e-01
5.166650975914349742e-01
2.862891311772136627e-01
6.747573969611233569e-01
6.435875448197267978e-01
7.073159535247917074e-01
5.720664014937375530e-01
5.637268832805013563e-01
6.124371272916577791e-01
5.229852196372246631e-01
6.265969210751854979e-01
6.225177225090362532e-01
5.627803370933736060e-01
5.874370381490875426e-01
4.921527267071633682e-01
5.703314502897391947e-01
6.461136313688898847e-01
4.824966627174288591e-01
5.212700920219216494e-01
2.724358594773767517e-01
5.489289029657816732e-01
5.704242860719748176e-01
5.057591284769251683e-01
3.129808850736660597e-01
6.071013379185630221e-01
5.789975530867529363e-01
5.318651791663234762e-01
5.485431962686097007e-01
5.987116862046022447e-01
3.632415950876279331e-01
6.084665256063036542e-01
5.697695618009311902e-01
4.811464875008675812e-01
2.699386984816971591e-01
5.275156774487247402e-01
5.393632114504806063e-01
3.934436771172856728e-01
4.999748195185398925e-01
3.961589094827924762e-01
5.779929270467649705e-01
5.481884914142544085e-01
2.821059212641901515e-01
4.018113380712008409e-01
6.014190220796364894e-01
3.692820243410253056e-01
4.884739274848662882e-01
4.922099002242364407e-01
4.466425676273247936e-01
5.098879381209538986e-01
5.900504844625348300e-01
5.140326146899727444e-01
5.554822290668668394e-01
5.350354051783433595e-01
6.864362755900108581e-01
5.566128090518468463e-01
5.517972471920790101e-01
5.491964402252035304e-01
4.348320271057251052e-01
4.885509829901983903e-01
5.470238735118837514e-01
4.757788674813158147e-01
3.293280781842112814e-01
4.550695097563077218e-01
5.590883946201125054e-01
5.462243485375343210e-01
5.463076752024449423e-01
4.545468625259960760e-01
4.876385149489316229e-01
5.515264784810429699e-01
4.908088698941781569e-01
5.993633675052865151e-01
5.456698847851786383e-01
4.128378938631689365e-01
5.050755005948541765e-01
5.648944247499910754e-01
5.631773965231497980e-01
5.513111719340171302e-01
4.517709388907534263e-01
5.417567034242524171e-01
5.584021871811237769e-01
5.679639544745400670e-01
5.524079171676580247e-01
2.714022496827337427e-01
5.513018695838158845e-01
5.057086676573806505e-01
5.610333659917657867e-01
4.021867521587225713e-01
4.918598969889834693e-01
4.407586457442455585e-01
4.580784965467819547e-01
2.758120206940142261e-01
5.541236963457409903e-01
5.938573354633908119e-01
4.714480037489667819e-01
4.639269946904288622e-01
5.592406291515658046e-01
5.385952922799140952e-01
6.135120766777102386e-01
4.944029168672819941e-01
5.036550276298861206e-01
5.362261776300438765e-01
5.346286536959634628e-01
5.214561323052486763e-01
5.754041957879023617e-01
4.770927259583034874e-01
5.235127180319940621e-01
5.603607201309278585e-01
4.854311125622073342e-01
5.787313397909712442e-01
5.359774245716018015e-01
5.017430260011640497e-01
5.889274500718330030e-01
6.513069957914938701e-01
5.810759923896334778e-01
2.820501341216720692e-01
5.995383299099976693e-01
4.641172211986696605e-01
5.539667462363592199e-01
6.110545429676311757e-01
3.613971697834265639e-01
3.758499195058797038e-01
4.490427168784392742e-01
6.867385441756712616e-01
5.607256870980324992e-01
5.690612453308869778e-01
5.805232315988563263e-01
6.967143971319451623e-01
4.495799610699165449e-01
4.660302602611290923e-01
6.163295010293046161e-01
7.383553580004692529e-01
4.692182294164276568e-01
2.916193196852860381e-01
4.302545521949165397e-01
5.608445730511866234e-01
2.674788109575755857e-01
5.046420631576209459e-01
5.563487938355750062e-01
4.641092364420734695e-01
3.485566159822174881e-01
7.382965465681655681e-01
5.824404188429095353e-01
3.252227832933250462e-01
6.516123859571492094e-01
3.233218846853649353e-01
5.872894025210169122e-01
6.132616158142970564e-01
2.915902567498898645e-01
6.019491711034140602e-01
4.578402453425876595e-01
5.519311390153414099e-01
4.935681279843647795e-01
5.409293278667872684e-01
6.509016266957288188e-01
5.125612630567203398e-01
4.788841284228712580e-01
4.767067977513144705e-01
6.030266051649043613e-01
3.874702941109745558e-01
5.546544262819177451e-01
3.988958029338848243e-01
5.407768331753323166e-01
6.319845252350275722e-01
3.477361224634401560e-01
5.547206912153505032e-01
5.244918204439598108e-01
3.439183247355997453e-01
3.558693458220615891e-01
3.424583833983470549e-01
3.260247324411064129e-01
4.369160182087820643e-01
4.371575342922621177e-01
4.948856034707082574e-01
5.596404055531537525e-01
2.854870682650029190e-01
2.833976681120909391e-01
2.776601235409589252e-01
6.003765141037604725e-01
4.663457302532640347e-01
3.483683438272069388e-01
5.671554700121648196e-01
3.407150799100857053e-01
3.913321017823470638e-01
2.701728287894625269e-01
5.769044819092804532e-01
7.174509853375988788e-01
5.655640908612947770e-01
2.868147456148189556e-01
3.129946372800236354e-01
5.538351778498687983e-01
4.320081174585734263e-01
4.414828596315485965e-01
2.671223716656966896e-01
4.575482147138683620e-01
5.663760200347099927e-01
5.040261992045921291e-01
4.260986600255676771e-01
5.475110096792243919e-01
2.665584613414725412e-01
5.671613738885346034e-01
2.972526188017181603e-01
3.367689982814796590e-01
5.381238304815971762e-01
5.918248915012119804e-01
2.664632763311569064e-01
5.554571700324499872e-01
6.259161445771985743e-01
4.390604480241068197e-01
4.875047867755719078e-01
6.170953332933096780e-01
3.721083892113614677e-01
4.744524487248235056e-01
5.427930634835713697e-01
3.009054418490527127e-01
3.112203484176541690e-01
4.578972101969586705e-01
5.240963358638527358e-01
3.157064139712413842e-01
7.391785711929950153e-01
4.699032108711923006e-01
3.361175896217194481e-01
5.679396889778236535e-01
4.980716717540805694e-01
5.886256739398055826e-01
5.401871898117684978e-01
4.468921159810529953e-01
5.369043356324806338e-01
2.965707136821022494e-01
5.462931074703150092e-01
2.681542011070670029e-01
5.436304247646288612e-01
4.329683959404062588e-01
3.651523158473297670e-01
5.499843478162186328e-01
4.943128416470971565e-01
4.769905728260335209e-01
5.296014836093210221e-01
5.856410797031680326e-01
5.628826704812690540e-01
4.463072926023247122e-01
5.731603078894165204e-01
4.943519181342389546e-01
5.086502780727740758e-01
4.990548118390221166e-01
4.938753949013066080e-01
6.069073933129378595e-01
4.520364778348028856e-01
4.295547343265369022e-01
6.249804759437898038e-01
6.277642944510349876e-01
2.717105021330697423e-01
2.774475675217850656e-01
4.732344995350894479e-01
4.863288472516149596e-01
2.744107022405163354e-01
4.451146180123901619e-01
5.606935308820295560e-01
4.358826762126600807e-01
5.247169440734591461e-01
5.693598549481994064e-01
3.968329382716609399e-01
2.666097549787798116e-01
4.866708359762269009e-01
5.623426163346402218e-01
4.528170871560348587e-01
4.656608977181191378e-01
5.184582463238692762e-01
4.384394627673662836e-01
5.868346712165389834e-01
5.371624238017224107e-01
3.764099663069209178e-01
2.790533164818711498e-01
5.194555021895198577e-01
4.859412860393926281e-01
5.918072177915413290e-01
4.705766411461707044e-01
5.647035621207993072e-01
5.307815826847060992e-01
5.435022733092359504e-01
6.107435602713294776e-01
5.702952238411764796e-01
5.223847305383861883e-01
5.115155889931763955e-01
5.428028173475465401e-01
4.581621035741420545e-01
4.939118942113583377e-01
4.995615435658269377e-01
4.853428780927340203e-01
4.394937714167537202e-01
4.351354026664717156e-01
5.791934443236846919e-01
5.539070963208970744e-01
5.445108392002058206e-01
3.077771123020341393e-01
5.311962207219194099e-01
4.916274951587467634e-01
2.756922831681860586e-01
4.252853033015275286e-01
5.600661392447706666e-01
5.543962226431319307e-01
5.601238633421761204e-01
3.661374507885799545e-01
2.663830372888866260e-01
4.507723663721585616e-01
2.941137067546922834e-01
5.522478466021546462e-01
6.105043573464913331e-01
5.621320246986635238e-01
4.690599400693121757e-01
7.022974928553439300e-01
5.350161832206782320e-01
5.097466321788314270e-01
5.716647807799568604e-01
3.072244512233312519e-01
5.273995804645014163e-01
5.221910452903851807e-01
2.819736212449616697e-01
5.363031173411823005e-01
2.784988922501633879e-01
7.354396436928898328e-01
6.422493802787417883e-01
5.068439483172714199e-01
6.300292393845521310e-01
5.250041059957855083e-01
5.873981979597482361e-01
5.861423031140432505e-01
4.534233810926834307e-01
5.342564496776376348e-01
3.083376245353460221e-01
5.458995414642270338e-01
5.440390495531307602e-01
5.526399569994088212e-01
5.797725934685543647e-01
5.507204361430945161e-01
5.605107138826563862e-01
4.606055281021618764e-01
7.386150912025770676e-01
6.676317516753461634e-01
4.232202840990348935e-01
5.107918668032156440e-01
6.002552504745732875e-01
4.172338298205405804e-01
5.959607226250550616e-01
5.361999632371223790e-01
6.216101055264994235e-01
4.824340401621938779e-01
4.705467063054202814e-01
7.383869529273152654e-01
5.181870089985001204e-01
3.617035303239886090e-01
5.008438138845996423e-01
5.630832109928703977e-01
5.629551775759561449e-01
2.662930335882371935e-01
5.423282964392898142e-01
6.591268422810738770e-01
4.859649303422178268e-01
4.732850356408466186e-01
6.020254942291406453e-01
4.403270506499831205e-01
4.027994791166503163e-01
4.197507264609279809e-01
5.698349772099646771e-01
5.292157917950495172e-01
2.696736325067323747e-01
5.798517123607095369e-01
2.798107665408783862e-01
3.314931285546836581e-01
4.707407603970534815e-01
4.972436956398225694e-01
4.646048698619279493e-01
7.385384611122912668e-01
4.725879574932336791e-01
5.683537720780214020e-01
5.590389259401918887e-01
4.844517449015097177e-01
5.361353319384269955e-01
5.660275216290684419e-01
5.123595973603302101e-01
5.430906621876279150e-01
4.333339872271197435e-01
4.110319556912764294e-01
3.937444765693156601e-01
4.214411667466096412e-01
3.962590685891355657e-01
3.848898061407880489e-01
3.463038166701835618e-01
5.256465429207697326e-01
5.701831690316568890e-01
5.295498523592883089e-01
5.252101409516007902e-01
2.843808920351782454e-01
2.771740076073943015e-01
2.731023505854357492e-01
2.693375244848929539e-01
5.635629041871506040e-01
5.489090423089353354e-01
5.553557425454893615e-01
4.741783897700455053e-01
5.372508063664299671e-01
5.340845902252354671e-01
5.684070782899928176e-01
2.999531114403237164e-01
7.186001481541660629e-01
3.221607418370300291e-01
3.320330340580690542e-01
3.477721957727312185e-01
3.630805894276836754e-01
5.603690328184837144e-01
5.492223359071746192e-01
3.282763649194416766e-01
5.750229823816224162e-01
2.855069255992339627e-01
5.715940147676357164e-01
3.455427419128467847e-01
2.890487755451824348e-01
2.943831496300409190e-01
2.768411710129762282e-01
5.557753116616498401e-01
4.787372451507665994e-01
5.101928120160064140e-01
5.488908942988335316e-01
3.919191846385116640e-01
5.283765425494759693e-01
5.054464642258099660e-01
4.777570746067435481e-01
5.212531240878772731e-01
5.567948251360818057e-01
5.466986319968136776e-01
5.538717276336014850e-01
5.722867039371961617e-01
5.368082218930414484e-01
7.142993838610404156e-01
3.345810513918405782e-01
6.822570746302952793e-01
4.006615916889600948e-01
5.558182151260815385e-01
3.541951408400728085e-01
2.703359625758245399e-01
3.019722189955135194e-01
6.352602916036096392e-01
5.205304853069913085e-01
5.416157686461980925e-01
5.616115388753236681e-01
5.575334426121464348e-01
5.766859547259685081e-01
6.283148359097299185e-01
2.981797128758680304e-01
5.415418483682059581e-01
4.629904059172045838e-01
5.679502256987702946e-01
3.229669076297664865e-01
5.891992786466344612e-01
5.922774174323829355e-01
5.834810945482022948e-01
7.335873607056111467e-01
3.676628703846446244e-01
5.633516849725029862e-01
6.214775192779951052e-01
5.397353362728602999e-01
5.502594299425814794e-01
5.474026923394018640e-01
5.600739716446705430e-01
5.592916652286465951e-01
5.135871595625386421e-01
3.765733212146236686e-01
5.242535690959427841e-01
5.139222444927653566e-01
6.341190040861471866e-01
3.881050429464036888e-01
5.224186879813728090e-01
5.297075466471694583e-01
3.204217636163230742e-01
3.111025322011617411e-01
4.453893683947651172e-01
2.690114282634859522e-01
5.587669740465353030e-01
6.522886181270983741e-01
4.358426950458125226e-01
3.857537645916971347e-01
4.754720759631687055e-01
5.667915008078744377e-01
3.021668835848771439e-01
5.027787635074493222e-01
5.144315360694460271e-01
4.698826350407274144e-01
3.058842616702133754e-01
5.381152183563495672e-01
3.483197424941918974e-01
2.874272208696968534e-01
5.310767272673458939e-01
5.141114869219449712e-01
4.794906951627799230e-01
5.709594859620299445e-01
4.798680279668964266e-01
3.420802850928707506e-01
5.424023236450029595e-01
4.254760611624384126e-01
5.615973648438513655e-01
5.618405597038460542e-01
5.796187014241185320e-01
4.975794664325050021e-01
4.380554109480748193e-01
4.332294580566013464e-01
4.024603371188559264e-01
5.807513323068508315e-01
7.345369598630346886e-01
5.522833337721643199e-01
5.415906815031289456e-01
5.446160109934995441e-01
4.000475268196904688e-01
5.732876467616748739e-01
3.233008668870141489e-01
5.439291992042571966e-01
4.798502850294643074e-01
5.218630805360640057e-01
4.463539799278594677e-01
5.241171173398269101e-01
3.292939283520689986e-01
4.543920478528257201e-01
7.239420503377814731e-01
5.704184950192875414e-01
3.123055007374409553e-01
4.723791270447305624e-01
5.133803256885451916e-01
6.219523197594172270e-01
6.417319832293842952e-01
3.714154381338464206e-01
3.106727866401038929e-01
6.734942001222046226e-01
5.495744406870176624e-01
5.753515440274381554e-01
4.873338708192154756e-01
5.032188296292487983e-01
6.029449504679889049e-01
5.908717695262882819e-01
5.845766504762900384e-01
5.429659116051833712e-01
4.316298901452964576e-01
5.321617630904462715e-01
5.465907643314268372e-01
3.159447628230767080e-01
2.843471043402974185e-01
5.525347362016865826e-01
3.908193010457853833e-01
4.744356389384813966e-01
2.804909229866835996e-01
2.696123214358041031e-01
4.820942133573141719e-01
5.822549800734349024e-01
4.337328991323910476e-01
5.628443069857785863e-01
2.772499775376870423e-01
3.413603816238822142e-01
6.024113239799905317e-01
4.020931899530726938e-01
4.030676035124588497e-01
7.392708524727604757e-01
5.839754038429469940e-01
5.055519115073243697e-01
5.285471060588133874e-01
4.955993404796302793e-01
5.417309152707596720e-01
5.617954374869156275e-01
5.883522418764428608e-01
4.422433543077846085e-01
5.990280737190192273e-01
3.929100280736781969e-01
3.895590979837260104e-01
5.607733884543493197e-01
4.822840879448666573e-01
4.948610576077928092e-01
6.156127286572667945e-01
5.719070292781094356e-01
2.699825671068498134e-01
4.898108927308905680e-01
4.805264570874462904e-01
7.383548862888215103e-01
3.967841199697416665e-01
5.075373988667563063e-01
5.089907768771673169e-01
2.983522009434659839e-01
3.835153040676316238e-01
5.406185106197616275e-01
5.490852007275494051e-01
5.544169483382688224e-01
5.434456455775842354e-01
5.922027679591362892e-01
2.850822443244046545e-01
5.146277326683955655e-01
5.865383425503816195e-01
3.129691058826523098e-01
5.922503345491395566e-01
4.327559034027905205e-01
4.186474597492166327e-01
5.171824028552729491e-01
6.039938218525278124e-01
7.369545787715212626e-01
5.544681886433966422e-01
5.474437544896192387e-01
2.982966333675298731e-01
6.037684714595354940e-01
3.945891015093682674e-01
4.354312613301140056e-01
4.467606548499015728e-01
4.656202391134809382e-01
4.704151445185075775e-01
4.523970222907743310e-01
4.206378439429819815e-01
4.082761012747675999e-01
6.241080006656025692e-01
3.953892696709895849e-01
3.883878957465880521e-01
4.069568415403190809e-01
3.814252117178286161e-01
3.699005125366268132e-01
3.578303690148255667e-01
3.438210867322211151e-01
5.374546988458740460e-01
7.365316468870927169e-01
3.594881857229900168e-01
3.479087940012514646e-01
3.398622096014537464e-01
3.372323581093658040e-01
5.566206968374011188e-01
3.874782587258246980e-01
2.677976234608174799e-01
2.753582305529934104e-01
4.641202686994281845e-01
4.739720935669231583e-01
4.822259925070037645e-01
5.339192074959808743e-01
3.067341854766623688e-01
3.207558366243512538e-01
7.195478841235073419e-01
5.294796975798139460e-01
6.329081225693715673e-01
5.440447086758439799e-01
5.363068717551744413e-01
2.931054749956370498e-01
4.308039997782270314e-01
3.778441492227788689e-01
5.252523654328521419e-01
6.719966300817957761e-01
6.009273128499840189e-01
5.324197821233318528e-01
2.667885510759812617e-01
6.157787287142088006e-01
5.540203619454479034e-01
2.775595636783642073e-01
6.716342802295586223e-01
4.845195858677941447e-01
5.208835426606902574e-01
2.886627942669501845e-01
6.432738845927169491e-01
6.350826061771138731e-01
3.819347753319073946e-01
5.289740151271212776e-01
4.289274643340270643e-01
5.797563185257564866e-01
4.833986805453939772e-01
4.219895703556401645e-01
4.032590410831461414e-01
5.188423804896137304e-01
3.212306946587114020e-01
4.799193562412980563e-01
4.465253637196375802e-01
5.235891183506968805e-01
5.621834113564310176e-01
5.448054055574947929e-01
5.640016545035191342e-01
5.020253467020345806e-01
5.892384663955557711e-01
5.916227476895050685e-01
4.487566915261373968e-01
6.073679551790949205e-01
4.562318327117052541e-01
5.456914557249865627e-01
5.310990769904938569e-01
7.377581066428038348e-01
4.620617879487567414e-01
4.690590033389256397e-01
7.040317344057012150e-01
5.069366328422452161e-01
2.778241455145140093e-01
7.372165973570333763e-01
3.704610797469278238e-01
4.944702177747477556e-01
4.464969714758522112e-01
3.176901677482890096e-01
5.636285688610696010e-01
5.898943814547611408e-01
3.792196553656415059e-01
3.894636440141195366e-01
5.845099580376185155e-01
5.483638465887921143e-01
5.487657814268457335e-01
5.524598220869532117e-01
3.821787253588049826e-01
4.715747375806169650e-01
4.718456436843052049e-01
2.877612202420348764e-01
6.774684050939331348e-01
6.353693969495763927e-01
5.698367729075516364e-01
2.912776101239668014e-01
3.668063262686332981e-01
4.016953376330614223e-01
4.517035278883628768e-01
4.438040726136514014e-01
5.854451776979678890e-01
5.532761218874944209e-01
5.591225814399957139e-01
5.410445600354122364e-01
3.345872227331025406e-01
3.741639498478278592e-01
5.557538550651017761e-01
5.718172818903167753e-01
7.392085774978263135e-01
5.097901192692463335e-01
7.331174326449310108e-01
5.889721934027793981e-01
5.866761743404157459e-01
5.399238192604983722e-01
6.089711885454527351e-01
7.387040025123948750e-01
5.996564307534206772e-01
7.380424477692683061e-01
3.821773077397542240e-01
5.198175208249695700e-01
5.536245641525840977e-01
4.025998040184279314e-01
2.753254230348062825e-01
2.721318684452191938e-01
5.332631856567715545e-01
5.607202859251404492e-01
5.243486792102851624e-01
4.228808939554526414e-01
5.416082306557173931e-01
3.088446216764848540e-01
3.421827028633515067e-01
2.711009289604686678e-01
2.901504808311867190e-01
5.478838288633113285e-01
4.876477600367733478e-01
5.182116278133191978e-01
4.238843045713099889e-01
5.892351072382965294e-01
5.728769264036891462e-01
5.665580458472778691e-01
4.472790342870551772e-01
3.249244429978028759e-01
6.313252486243806638e-01
4.883819644292606843e-01
7.380200773389313795e-01
4.025407472451568713e-01
5.512755865892892126e-01
4.090710595748482392e-01
2.838918809563465429e-01
4.521588191650126598e-01
4.480103949258137375e-01
5.401877694438860233e-01
2.932480511413864122e-01
2.710266423122766888e-01
4.111667521136410097e-01
3.521508243308429931e-01
4.419771124459273559e-01
4.665946681516589534e-01
5.816998721691194474e-01
5.783904024574445524e-01
5.553244036031359521e-01
3.912037665618727789e-01
2.827046628413300566e-01
5.623036042805026336e-01
5.111502374478410493e-01
5.255530191896156111e-01
4.825204120333797531e-01
5.877816021807023006e-01
5.885843701385033988e-01
5.861378367235959841e-01
5.732898745331765911e-01
7.127258791914009572e-01
6.179048025694897639e-01
5.445388687122152405e-01
5.506092110124198857e-01
4.966538499195132794e-01
5.695584767161838702e-01
5.750652049911925134e-01
7.381481882423533980e-01
3.605471112220017260e-01
5.579546374904487127e-01
3.805230249893521433e-01
3.201046469638877956e-01
2.710754769531932840e-01
5.246848779526257500e-01
3.799830210216949555e-01
5.532764144543386164e-01
5.839694949804975499e-01
5.150536846095824517e-01
4.992039768541094436e-01
5.283499276109571152e-01
5.169629009099605543e-01
5.462948297565864975e-01
3.638151357266269925e-01
4.223647213612980456e-01
4.365334313892276774e-01
4.426983915422931792e-01
5.873690563291878997e-01
3.019776044297677875e-01
3.167424570988541244e-01
5.604240973084285704e-01
5.634360349445532989e-01
5.453138545128799475e-01
5.696324123609245449e-01
5.773282265168372396e-01
4.838638381013841694e-01
5.727505731824285018e-01
5.643927838420638166e-01
4.203282951797169820e-01
3.780213146526882340e-01
3.384967676167062178e-01
4.619270659598278539e-01
4.204244871352220136e-01
3.815251797092230612e-01
6.080645131804701675e-01
6.974383341307337503e-01
5.556354052024113921e-01
5.666673192443167917e-01
5.632808396927039274e-01
2.991107640890446340e-01
5.164851863047057456e-01
4.641210556087956851e-01
3.608337088386265323e-01
2.683519263080826889e-01
2.705424369424052622e-01
4.390271700462675675e-01
4.508827394059011229e-01
3.445004907927375348e-01
5.748151451305876236e-01
5.901021158090177243e-01
3.359404131043964292e-01
3.288607573779392945e-01
5.093920509343181635e-01
7.269138514947702800e-01
5.629041675341610595e-01
4.152774155975505477e-01
4.514349315295673737e-01
5.610726026562287139e-01
5.037510510708546052e-01
4.989392010158565371e-01
4.938796812208220977e-01
4.771393749034344989e-01
4.844684560989990785e-01
4.192194928882596039e-01
4.166517527771099738e-01
3.807833436572861663e-01
3.684266040266377940e-01
3.835720564036977365e-01
4.367900619416323349e-01
4.556998816262949892e-01
4.769801040560347483e-01
4.884607159521429098e-01
5.097979830105671128e-01
3.997389986453984689e-01
3.968618674352173969e-01
4.045714848341788183e-01
4.126840311017410112e-01
3.829725377836409872e-01
3.712998842599440352e-01
3.623188014902152809e-01
4.210321787927878701e-01
4.282681883931665490e-01
4.296653900126504722e-01
4.288256191312410093e-01
3.378774056767549494e-01
4.474076677753967557e-01
5.373138450508974095e-01
5.271276392021714274e-01
4.563849650043674266e-01
3.433450251089730232e-01
4.653506959116855968e-01
3.248791258588648034e-01
3.369211395009351628e-01
6.031450621137021129e-01
4.742481888328068385e-01
5.275830879321968814e-01
6.329590844786463499e-01
4.830233142822758508e-01
4.907962766977564950e-01
4.846721945292891687e-01
4.971589581746260755e-01
5.175379973187069771e-01
4.064914233392130649e-01
4.866848437892684620e-01
5.066298668717114095e-01
5.525527180596291332e-01
5.081560870047544531e-01
4.625319523334657790e-01
3.043249519096443145e-01
2.871695775220086677e-01
2.774895955211246212e-01
2.803794523448752130e-01
5.100246389898945854e-01
5.152280611782498188e-01
5.117885271851277951e-01
5.201403844612901839e-01
6.883761697733419282e-01
4.766698543374217056e-01
4.565705150598836082e-01
4.750715360746859406e-01
5.157438444543838152e-01
3.692689349732141690e-01
4.668364189491018279e-01
4.696881009924083195e-01
4.721408521245363810e-01
4.732293536005671708e-01
6.334907762793016150e-01
6.341757571035767649e-01
5.478956622896519191e-01
3.797865195470812583e-01
4.981153885340195431e-01
4.937726818827592457e-01
5.309978865425513117e-01
3.607882582767218960e-01
2.926542310654583479e-01
5.450004414349746140e-01
5.680668191821474089e-01
3.076887423863320925e-01
3.459309665742832385e-01
3.858040289422595692e-01
3.808632550403229233e-01
3.682594568644427802e-01
3.982761477058778254e-01
3.991508714743208786e-01
4.081100873129961948e-01
4.193754447486667813e-01
4.143228735047230771e-01
4.617316968583314862e-01
4.786996408666951419e-01
5.049339000071189076e-01
2.695155231804039486e-01
4.174804342454377926e-01
4.029943641000445220e-01
4.307540822743745612e-01
4.314925584186794505e-01
5.011799405372875382e-01
4.926237540987750130e-01
3.509225204146951271e-01
4.394583259149975607e-01
5.298779233897350505e-01
2.863457877277401087e-01
4.403316652715178470e-01
4.477475274229912872e-01
4.421058151640034906e-01
5.701798793338229698e-01
2.964210514450437706e-01
3.617957462572329863e-01
4.273632471904539876e-01
5.479200951974435574e-01
4.776024814508226801e-01
4.829375826426694496e-01
3.681524005344861128e-01
4.341743723649807984e-01
4.980017761106840246e-01
3.688159607154027353e-01
4.690522630963490647e-01
2.746128629555359968e-01
2.663449646575983265e-01
3.185303382244121795e-01
3.347414754516812030e-01
4.330248423017371562e-01
4.540152999628894737e-01
5.490612989011769418e-01
5.279523903431159182e-01
5.347590950703998702e-01
3.190537140573798669e-01
2.666943135210659843e-01
4.836710790809737315e-01
4.231642507560695599e-01
4.520687089146031568e-01
2.815047352505245515e-01
5.079085702913170852e-01
3.501761097034103987e-01
4.893448335585350861e-01
5.670371769821346275e-01
3.024266754295681925e-01
3.096232958353203335e-01
5.660738627179645599e-01
6.049447629955668759e-01
5.874940698849032694e-01
6.282204878066856013e-01
5.776424218286447809e-01
5.615550324763891599e-01
4.876811521874597766e-01
2.873085886543922385e-01
5.554140189651470827e-01
4.712322945223542670e-01
5.226062018139585597e-01
2.706053771565113397e-01
6.940228096210374620e-01
4.386295061428543973e-01
5.607987108394492104e-01
4.844004395434811650e-01
2.784290518122325975e-01
4.815954971016008779e-01
5.001879353095411984e-01
7.162072969527931710e-01
7.369911883484692172e-01
5.875186884740132287e-01
5.688988150075627859e-01
5.325636172760994658e-01
5.606516937532893818e-01
5.585223943470004615e-01
5.701738202146322543e-01
5.527104057122088632e-01
5.646690279847411675e-01
3.863233290915817353e-01
3.937119623202594565e-01
6.134596048822644754e-01
5.541974486309286796e-01
7.379168363597056191e-01
3.588431256052259100e-01
3.341800140259345020e-01
3.331952203999908324e-01
3.195122965589073383e-01
5.606298737898365303e-01
5.531891816116963900e-01
5.659209504055358053e-01
2.696611857947068813e-01
2.802422954791191634e-01
2.735074059213398190e-01
4.410693585699679842e-01
4.832099386186544665e-01
5.600412462654003054e-01
5.591641449608931724e-01
5.038874427688040392e-01
2.829671072073525195e-01
3.609503380404763817e-01
5.866388079992732596e-01
2.756985983678745256e-01
5.496877293494839556e-01
4.920670096928141390e-01
4.466112265681636551e-01
5.835709980316449164e-01
7.224144993804637593e-01
5.323936707825912551e-01
2.689993133876419917e-01
3.544883104497288384e-01
2.796677900925517157e-01
2.753676645695293246e-01
3.879487017014885963e-01
5.057804783965608175e-01
6.084558112931134355e-01
5.301744192727875227e-01
5.706215379645804830e-01
5.473581039558775840e-01
2.752929196837159975e-01
7.060807091083955989e-01
5.790698670441661866e-01
4.949672008003123680e-01
5.849553577893804590e-01
2.703172444061589519e-01
6.118073625840820817e-01
3.524891150719439148e-01
3.670554225553998573e-01
4.016688313234716978e-01
5.031547975402681505e-01
5.613738891719153301e-01
2.695425044749009680e-01
5.364919782212891342e-01
4.551184069739102611e-01
5.224158459133239063e-01
6.612856520054494203e-01
4.720602596185070610e-01
5.556818200919516615e-01
5.656314504978399160e-01
5.055127788932114452e-01
5.005366065053888924e-01
5.411423853467988154e-01
5.494617530356986634e-01
5.535804503396338783e-01
5.576628835080871260e-01
5.617020719224823377e-01
5.656933817651114138e-01
5.735125986545431820e-01
5.878531350331631655e-01
3.935879397701904647e-01
4.003121514561764349e-01
4.882757335678796218e-01
6.181135735129070774e-01
5.397369470899412436e-01
5.363240685654548923e-01
5.740107717132976184e-01
3.773677708625030047e-01
6.151876691517006446e-01
5.327745466523468032e-01
4.968748516348650557e-01
3.373714909296455788e-01
5.904427451747074063e-01
5.652172906336236924e-01
5.795108114212597084e-01
2.962912665413070523e-01
3.603169569236531200e-01
2.736495010254476612e-01
5.618025232503076616e-01
6.266958581807050566e-01
5.672856704702825548e-01
5.569536426277387209e-01
4.864322542237965452e-01
5.657720165619064545e-01
6.013313994738829216e-01
4.284962907991450298e-01
3.313973905171293532e-01
7.381277342166513433e-01
5.234138398522015789e-01
5.473901742911315704e-01
3.930443974610748903e-01
2.752876474334987056e-01
5.224713521740593780e-01
4.691331875211449121e-01
4.639370252164577990e-01
3.826837745852202932e-01
5.391454431518729606e-01
3.783638946824773308e-01
3.961663105737818213e-01
5.605640194160793621e-01
5.555334609530234724e-01
6.300171229827397079e-01
2.665867622360289513e-01
2.819443027632347332e-01
2.968634339329944694e-01
2.733172269620156580e-01
5.249437679202225704e-01
7.018474304053455848e-01
2.710623498603331183e-01
3.911475500548874940e-01
5.525972799357353749e-01
2.667414536063696939e-01
5.094913156005889121e-01
5.234172981191043128e-01
5.259725021439319859e-01
5.223148388451624990e-01
5.172811772230769822e-01
5.369531963275012698e-01
5.442793848715582472e-01
4.049656295746483226e-01
4.179039566058499466e-01
3.923883057100265304e-01
3.750642063499905476e-01
3.633454343815893939e-01
3.511201595740724435e-01
3.452837190460815719e-01
5.964028298753336621e-01
3.324248879069559570e-01
5.995123489133910022e-01
4.886066320489879100e-01
7.370938404592456417e-01
5.780835181744655715e-01
4.782033960769757619e-01
3.352578299366781867e-01
4.019309404753779735e-01
2.914675835607429821e-01
2.774784812155791647e-01
5.127842631079958524e-01
5.080996357329529145e-01
5.177407792810537757e-01
5.474962118251680554e-01
5.925233061940905488e-01
4.241193071352309385e-01
3.919274663802573277e-01
4.339485888651772316e-01
4.379821113800017596e-01
2.689168706303592393e-01
2.669753919728142244e-01
5.309810075639727067e-01
4.672713410556466607e-01
3.960070605172659741e-01
2.900769227325521449e-01
3.381612698750087742e-01
4.323634553616470533e-01
4.753224187681220347e-01
2.849571234152404875e-01
3.823165412956520126e-01
5.625339216395577324e-01
3.087784585603938758e-01
5.784348633386381389e-01
5.462586879690892738e-01
4.955250321999635776e-01
6.011311819597952022e-01
4.854899927676707416e-01
3.984405733420118834e-01
4.145381366209908713e-01
4.086143624157005383e-01
4.224431129628110071e-01
4.306215467000051866e-01
4.534314338812510670e-01
4.804408213414980700e-01
3.585381455025422048e-01
3.360291048310941053e-01
4.147845280659955280e-01
2.664137311990947277e-01
2.801732196681531728e-01
2.734961673084227440e-01
3.019039898543259270e-01
5.663337679181473794e-01
2.722309162503367408e-01
4.467322376512048443e-01
7.388044886286921908e-01
4.837834413198420780e-01
5.597787180866504730e-01
2.842328451459557592e-01
2.808661913759772921e-01
2.705105342464246831e-01
2.812271512616466573e-01
3.305235375495397254e-01
4.711205047867806917e-01
5.557835523756838869e-01
6.466403081026269595e-01
2.752082055110189884e-01
5.288539358321291406e-01
4.615536278242822754e-01
3.579199156797481796e-01
5.443264961556203430e-01
3.102469500754424514e-01
5.946465439416814824e-01
3.867237019578703694e-01
4.536357407277396558e-01
7.388150876109182974e-01
4.825552986465387884e-01
5.673896584053050862e-01
5.679807443080518992e-01
4.180420269728187810e-01
2.708620105456059912e-01
4.806283141767438427e-01
6.144304739765041878e-01
2.842710000215207256e-01
5.516646468327713881e-01
3.390310790664287088e-01
5.083059913664678131e-01
4.837587356978636510e-01
5.887857793454769340e-01
7.186876552447160060e-01
4.703904012633456366e-01
5.135422210312988733e-01
5.748839819520012995e-01
5.353429516156836820e-01
4.311607661786273638e-01
4.778062261095292751e-01
4.702838975386979814e-01
3.836193932209869817e-01
5.268195732110508844e-01
6.259979313689278957e-01
6.281981246253943718e-01
4.664713853796199627e-01
5.873006974770640376e-01
4.522805466303742583e-01
7.391540544710329952e-01
5.030253697190655293e-01
4.884300430973200213e-01
4.847145888214254295e-01
4.827096045576924621e-01
4.788562953091941021e-01
4.884371606883002870e-01
5.975995345242139933e-01
5.775302974601584927e-01
5.812272534316094141e-01
5.756532987712128513e-01
5.352113936200404432e-01
5.290755835058119638e-01
3.481257622516084060e-01
4.427028340630477787e-01
5.540256786058825877e-01
5.530101756969748594e-01
4.642889413663273679e-01
4.761806518450884540e-01
5.585815032072056763e-01
5.710737605919442572e-01
6.379207492817829950e-01
4.991617826475137631e-01
5.160273584876510222e-01
4.499373279214039512e-01
4.504421435203348478e-01
5.178917642698100954e-01
4.373903564994640059e-01
4.358194844666417600e-01
5.460633528811467130e-01
6.316293467815289331e-01
7.371103970915434678e-01
3.573991449571994328e-01
5.751951335602656368e-01
6.025265646267973230e-01
4.536460039018148094e-01
3.954197403407956335e-01
5.821586385567724120e-01
4.710124266240537372e-01
5.592665847605752250e-01
6.499555259102932636e-01
6.495521408475568581e-01
5.683293419440638150e-01
4.607509950281537536e-01
5.905437933946806606e-01
5.981266121560074867e-01
5.641630975228384415e-01
5.604319413436272823e-01
5.391048071970980793e-01
5.631696378605840492e-01
7.383932700905018187e-01
5.706607833752217473e-01
7.384429713893159164e-01
5.251368666586843093e-01
5.807304237161055038e-01
3.462334036870711174e-01
5.686288729912603035e-01
3.776420602413439465e-01
5.457345284993355694e-01
5.327991715663544792e-01
5.628372412566083893e-01
5.306139191564862578e-01
5.651941377113088860e-01
3.101620295753725332e-01
5.583016025676009741e-01
5.266419314822124997e-01
5.599936545553931833e-01
3.766962788051586575e-01
5.967809605636551495e-01
4.364459732771507894e-01
3.730309882406614985e-01
5.489111665887999036e-01
5.588990715099685369e-01
5.610771820003789268e-01
7.048471341155531089e-01
4.612263272494463995e-01
4.118156906803067119e-01
4.956324907188513484e-01
5.907636821733094346e-01
5.270564321227559912e-01
5.612170464481763821e-01
4.994162313624616045e-01
6.566562097131366516e-01
7.385180484091427022e-01
3.196109879109707563e-01
4.682764231856345050e-01
3.060323218769077092e-01
4.676596837368462434e-01
5.095564537759966761e-01
7.389651338747391662e-01
5.015923302379362569e-01
5.599677395981934591e-01
5.380528421901040748e-01
5.677350861643435387e-01
5.695310431584523769e-01
5.757884154061569948e-01
5.770355502795059266e-01
5.480495071281126229e-01
4.187146870195467274e-01
4.271173701679079615e-01
4.533680679592761442e-01
3.890235916760816925e-01
4.625295876428631714e-01
4.622575998285017862e-01
5.716036340272945271e-01
3.668603474671588982e-01
5.526281694150331214e-01
3.802374072753206824e-01
5.221478400688277510e-01
5.212484790691480629e-01
4.786057267100068957e-01
5.629988415949618297e-01
4.041275123807638869e-01
2.700942165755959579e-01
3.740078011899642396e-01
3.544500375477312448e-01
4.394716060410342462e-01
5.535959439704563056e-01
5.159417534166091945e-01
7.366379183002143005e-01
2.658348557858098427e-01
5.434336198800642226e-01
4.776542005081218512e-01
5.516547537036468052e-01
5.623837394733959272e-01
5.636307704936734941e-01
5.555493124117035775e-01
5.749360237225530357e-01
5.395528557793513036e-01
4.117245002630708361e-01
5.476813730708997019e-01
5.352928989811230887e-01
6.890379957879094741e-01
5.555260566748077000e-01
4.824655339491751849e-01
5.392488499656055145e-01
5.450422496049257548e-01
5.577099274906174298e-01
5.289877137013929698e-01
2.871622996153685992e-01
5.203830560252167281e-01
4.985696671017690318e-01
5.189484491786957587e-01
4.062295240259146123e-01
4.215684664394781511e-01
5.924085775746721350e-01
4.320702306942643678e-01
5.599849424335271442e-01
7.279292463014647163e-01
6.041798648032195018e-01
4.948664240819312665e-01
5.335843258362682473e-01
5.143475007157708445e-01
5.054657440947177838e-01
5.632229314541868925e-01
4.053774566643970623e-01
3.862369564235729191e-01
4.105900289421400839e-01
4.357361667893011603e-01
4.445073362058711841e-01
5.338042931135017488e-01
5.757400669984492625e-01
4.799010968159928558e-01
5.654332008180422697e-01
6.011115854784899737e-01
4.890976739983272092e-01
4.745901721786036087e-01
5.386987699561140985e-01
3.363823902023498902e-01
5.368718392085387592e-01
2.802136647998026975e-01
7.386338077977908645e-01
2.736223187227711517e-01
4.952353322069411035e-01
5.359310943374230307e-01
5.383272987374121410e-01
7.374988944785693112e-01
6.344103973182412259e-01
5.152477913767904427e-01
5.958269800974964614e-01
5.425640142349090755e-01
5.304533120965210236e-01
4.564079267451826571e-01
4.488522629530868890e-01
2.924120767025663037e-01
4.237939860803828784e-01
4.009382628126962889e-01
5.037677688789611308e-01
5.807957471907488900e-01
5.941704257655239241e-01
4.299245808444398520e-01
4.139254833455454086e-01
3.976078470631448925e-01
3.896583844551066989e-01
3.784464290424183197e-01
4.913513294486610561e-01
4.026622425939330174e-01
3.918875956940499061e-01
3.940585398362474456e-01
3.665977268689480928e-01
5.511452374542207266e-01
3.311187789816142923e-01
3.371154549851593796e-01
5.869831536618559387e-01
5.344080930345770364e-01
4.977956321894327907e-01
3.453238284276702874e-01
3.144080599115524621e-01
2.880006370458534914e-01
5.593929556461813002e-01
3.090402678578522133e-01
3.557871598571641369e-01
5.036057592370848379e-01
2.892138588976163049e-01
3.647419294871914186e-01
3.735691908765070846e-01
4.158951122013238577e-01
5.653229059821339719e-01
5.280047014433137953e-01
2.755697529301734949e-01
4.889304878031328072e-01
5.406477995360070565e-01
2.791056980707558588e-01
4.426869327534079246e-01
5.323478019418056428e-01
4.762897955503173630e-01
2.764498429942484070e-01
2.984636367770009957e-01
3.179819216631354917e-01
3.148789950801405557e-01
3.582996397677122302e-01
5.264047407580102478e-01
3.297171462378348239e-01
5.648482409891172340e-01
4.049297358303055594e-01
3.740600204729437883e-01
3.588711331877025290e-01
5.635298190131843299e-01
5.554504496822602055e-01
5.052627553240965907e-01
5.594530962975751143e-01
4.917224061100085586e-01
5.321265313981067280e-01
3.866891338046545834e-01
5.433826215732119325e-01
4.080212536440012139e-01
5.708213168778354385e-01
5.472576313788146685e-01
5.522801206859550005e-01
2.905844575868367086e-01
2.853040024238118200e-01
6.154509335557755145e-01
5.229355949434553175e-01
3.017287398865486359e-01
5.542273466461955511e-01
6.151657221232039729e-01
3.715450459810635264e-01
5.190261288016480012e-01
4.247748487740025114e-01
5.109518577114872118e-01
5.572631809784327483e-01
5.669574321541748230e-01
5.506511297705520835e-01
3.104051365336423229e-01
6.292262407980886429e-01
3.680400142595349755e-01
5.567811464235490337e-01
5.560699223900278376e-01
5.673029953284743909e-01
5.352047112664415351e-01
7.269878081170361162e-01
6.144951849372188857e-01
5.971694883516244223e-01
5.525104388436919978e-01
5.277176624481251244e-01
3.315403046477017890e-01
5.081557162797510907e-01
5.617839646319747748e-01
5.088848095485911660e-01
3.304572563532673923e-01
5.938750264000834944e-01
5.031629213380633958e-01
5.579718697716169462e-01
5.611930154164633811e-01
5.463848677230082052e-01
3.052983820514504343e-01
6.021371776592573388e-01
5.706910389889556789e-01
5.540434657403602303e-01
2.805330228183861019e-01
4.203453300257505854e-01
5.155826278881514568e-01
5.495934780746147830e-01
6.368080921147780682e-01
5.568499459814468810e-01
5.411757184713943403e-01
6.012934399375344796e-01
4.523927349047561219e-01
4.314521675041531612e-01
5.297483088528829320e-01
6.072148516077179314e-01
5.694445979534716873e-01
3.285532060781817809e-01
4.358997285721760151e-01
5.669528571532355121e-01
3.752660347506716620e-01
5.723248405259278027e-01
3.698590845588074494e-01
5.665208375841037647e-01
5.902969878383204083e-01
3.095369886434162776e-01
4.609960375836401059e-01
5.926487277707501722e-01
5.475058250642858004e-01
4.373563725149475778e-01
7.321131052676117523e-01
4.887503290259055388e-01
5.118271613062549408e-01
5.599355171498553441e-01
5.598624743728152220e-01
5.382367774563384666e-01
5.059852850009726177e-01
3.842931854751406306e-01
6.269049037281935188e-01
5.933637339744970429e-01
5.454805392738932834e-01
5.597986124064904256e-01
7.020166289923120972e-01
5.195826255265914018e-01
2.713185260541254862e-01
3.080336908390274853e-01
5.630566502119707106e-01
5.343406587662050677e-01
6.108937025487169992e-01
7.392335443156561325e-01
4.358428168907970690e-01
5.578922242797262898e-01
5.053301574294053466e-01
6.009144803867170204e-01
5.519059866623716726e-01
5.292152207203525416e-01
5.609075689618457927e-01
4.101943166477662328e-01
5.514347940951868088e-01
5.648783974328542845e-01
4.938116819526005008e-01
5.513125840599139016e-01
5.944427976307374850e-01
2.709711664410535126e-01
3.972772866125116042e-01
7.381856128605255307e-01
4.250866704826905540e-01
4.499947287644497362e-01
5.056180020808666020e-01
5.605798445896329474e-01
5.950677602458485094e-01
2.682964046494732413e-01
5.632608153407423490e-01
5.513165475385394254e-01
5.402427437121122278e-01
2.737153423981827371e-01
5.576877310838738167e-01
5.259455633092626758e-01
5.054856658057542695e-01
5.057421264399708516e-01
5.130818159200482009e-01
5.039770655035616942e-01
4.883828515253945679e-01
6.107590224598742346e-01
4.459594391110336953e-01
5.699620004538277218e-01
6.035706046095354882e-01
4.783124584299320303e-01
2.694660597591618800e-01
5.613337947159652286e-01
5.332656500383958775e-01
5.625255310385091079e-01
4.552187425874436033e-01
6.654623613535951554e-01
5.311152607374857171e-01
6.340094505839699579e-01
5.500257176134648596e-01
3.433703824068771171e-01
5.490856973014214271e-01
4.828731741778519715e-01
5.264893750716652665e-01
4.601622635962247521e-01
4.514205376502243294e-01
4.475395596837474788e-01
4.407394851473377950e-01
4.483530035309298278e-01
5.592075353982288721e-01
5.554244074849776780e-01
4.325354514614171419e-01
7.373730422914913651e-01
3.316444918595654601e-01
5.565820618072624404e-01
5.859084187989063164e-01
5.708639540871516260e-01
4.251187458920743789e-01
6.046967601060048159e-01
3.015362010778420698e-01
5.008646819664785976e-01
5.020794710050813237e-01
5.971336938961404606e-01
4.022928197648013016e-01
3.781722292589505541e-01
5.509938759865437019e-01
6.121008560586495006e-01
6.071044032267357560e-01
3.634965307387988953e-01
3.523989415496885935e-01
3.573530406014125416e-01
4.572422495651267127e-01
5.610691845897755048e-01
6.149223610535113904e-01
2.945695883425935580e-01
5.018012007621232007e-01
4.877187979607588986e-01
6.406314516767318556e-01
2.716476669461306281e-01
6.203433952360216663e-01
5.573859710246670263e-01
5.410213105425800695e-01
4.797660635532169371e-01
5.004053083377184574e-01
2.887245955856959645e-01
5.802538099376334246e-01
4.967382754902410769e-01
5.027412452860938741e-01
5.938820528613341088e-01
5.724627316734640647e-01
4.230802908473237922e-01
6.204257209111727622e-01
5.330917766022442716e-01
3.730396113003968117e-01
2.801345777209184873e-01
5.599152566787408691e-01
5.484662099624066922e-01
5.546533620152463984e-01
5.134178034510552546e-01
7.046491995575518974e-01
4.778487503247896839e-01
5.297802335395097595e-01
2.663607403259972140e-01
3.766860811482222182e-01
5.613990988274393246e-01
7.203077451443471446e-01
5.409785323654825451e-01
5.542593635870296520e-01
5.173849481580763410e-01
5.292237905805224907e-01
2.695015966070838376e-01
4.922757852281060553e-01
2.672189949508431139e-01
5.023522842802549127e-01
5.996944912547054196e-01
4.538268211411320974e-01
5.316246709712938445e-01
4.966094376852559500e-01
5.729863358370941295e-01
4.760054732645089270e-01
5.274239881950161246e-01
5.560404362016974078e-01
4.692091556982009859e-01
4.158739457439003528e-01
5.543337801714254276e-01
5.683023847553206886e-01
5.813334165156721633e-01
5.654625285186909434e-01
5.892936407449097524e-01
5.658344357758205989e-01
3.991697620493475096e-01
5.054990418414041509e-01
6.505768541653420556e-01
4.956091003449408228e-01
4.902957261463536942e-01
4.355819658541926209e-01
3.948451217146845549e-01
3.379184356108068665e-01
2.952326800326012246e-01
5.313163906451506824e-01
2.669068530918424220e-01
5.685328175020876174e-01
4.314438228890499216e-01
5.471811024632777798e-01
4.852738438701720280e-01
6.342441645748825296e-01
5.738759754244467937e-01
5.070363691310755261e-01
2.720799888544973011e-01
4.861202488275767619e-01
5.753279981964891654e-01
5.169401179921480072e-01
7.177822579811782289e-01
5.720481528191244669e-01
5.469439655084792351e-01
4.472865901705577740e-01
5.078117020510861668e-01
5.634610414968370673e-01
5.117335792440428355e-01
4.746063767473903683e-01
4.428362080498416398e-01
4.817244228671757056e-01
5.940967005890969155e-01
5.672956272955138601e-01
5.132367462558958815e-01
4.918776277674785091e-01
5.371067757653787966e-01
3.603586531403306092e-01
4.344747142414626118e-01
6.243889806065071602e-01
6.416607095788826598e-01
5.836968511476978705e-01
3.997920531115179976e-01
4.458848786248574836e-01
7.386921410234835728e-01
4.918689797040339817e-01
5.745628276114784772e-01
4.900521089419603848e-01
2.901165590182142040e-01
4.729654738473008102e-01
5.455778293891513364e-01
5.066284567937803240e-01
4.731508229627138795e-01
3.954986682682929966e-01
4.106357941400682887e-01
5.085604013353686170e-01
4.625537087899858624e-01
4.711196522938623232e-01
7.373802604093557811e-01
5.557080077048484057e-01
5.684477377937157128e-01
2.690173757085660422e-01
5.696963659680215342e-01
3.490416950097554594e-01
5.283839815374914428e-01
2.923151831920940968e-01
6.293340026847585866e-01
5.475125981744199954e-01
3.564426649838579042e-01
5.598192255903052805e-01
6.337722455776277908e-01
6.257639983729512689e-01
5.591407590314479981e-01
5.331000581091787094e-01
5.336986773970131548e-01
5.527403195546044534e-01
5.070685956802741812e-01
5.588663334336604338e-01
5.613594223614170042e-01
5.835694385470522327e-01
5.433485704653472359e-01
5.019886917872851129e-01
2.920195225780547466e-01
4.269829075859393752e-01
4.437988512770785765e-01
5.531337938411213795e-01
5.048238522915938775e-01
6.877993373658407572e-01
5.849147684598692276e-01
5.701088730418802930e-01
5.208339392931780054e-01
5.278656446748544173e-01
5.623299981299150208e-01
5.542869679360210577e-01
4.521474151807247654e-01
5.805450349452901948e-01
5.620182392779826674e-01
5.184428045708772137e-01
3.889747725974174175e-01
6.027510494332463109e-01
5.114266496009454155e-01
2.903607939002008642e-01
3.582561690806469468e-01
3.608328225380522114e-01
5.331353217184824356e-01
4.377357408955490081e-01
5.815886548630387898e-01
2.955912567998202900e-01
4.317510526899573375e-01
4.776359143264948814e-01
5.695387142542178704e-01
4.384672592857538076e-01
2.722392457885496886e-01
5.652393580664832884e-01
5.589239352154715679e-01
5.294265722278755915e-01
5.243485669328217247e-01
5.302233116572097060e-01
5.344767680949252808e-01
5.104409219302551426e-01
5.008738990624609366e-01
4.957036560402871550e-01
4.909008244315157254e-01
4.845426164055622875e-01
4.727165067016760314e-01
5.645136956071955536e-01
5.429537740455235850e-01
5.614842878675031512e-01
5.676933918709511362e-01
5.755496574369959317e-01
5.868235577312047591e-01
5.904307907319419346e-01
5.873588168982351032e-01
5.960754757914722424e-01
5.990653140367822038e-01
4.529628346253463111e-01
3.835502618559571975e-01
5.490009194903774370e-01
3.797723986634362614e-01
3.760090414563875827e-01
4.348743388305753577e-01
4.316857033752568573e-01
4.260410898557964177e-01
4.152846517187577802e-01
3.853404693769011957e-01
3.807126271975118659e-01
3.828628579928328723e-01
3.850128098389561937e-01
4.076361933568125595e-01
4.363524809208993993e-01
4.586127370823384064e-01
5.267395316970113761e-01
5.557636053148711230e-01
5.877783697385229322e-01
6.093011043546525674e-01
3.722893079633279867e-01
4.094292033764165284e-01
4.126462129782714761e-01
3.502880386256334022e-01
4.384792720746649164e-01
6.204456921137694314e-01
5.990902500392017993e-01
5.913844315512953864e-01
5.919928101389869690e-01
5.896291655722044611e-01
5.784295622832867911e-01
5.784766923478223966e-01
5.728472001078747100e-01
5.701320984643286627e-01
5.531695187206950859e-01
6.239137985644480633e-01
3.558555995289406360e-01
5.349536596831754309e-01
3.425766629987843093e-01
6.115701813419435195e-01
6.271439881409653916e-01
2.672330032931550803e-01
2.669605659912663298e-01
7.364225454178788821e-01
3.240014641917939864e-01
3.084279481517114840e-01
6.598090413530199871e-01
6.247114793400928567e-01
3.078250913900424934e-01
5.452706052196263364e-01
4.845901805100527038e-01
4.588053846830030813e-01
4.390041977912444437e-01
3.823855508794518632e-01
2.962458512088472773e-01
4.432161857823218032e-01
4.908274634475552345e-01
4.717091915857927753e-01
7.384414171334581223e-01
4.919800254897708225e-01
7.386395997131481872e-01
5.035746540117367331e-01
3.528141194064252084e-01
3.334810221700413302e-01
2.816341519532749582e-01
3.136881769367286799e-01
3.196084184967082353e-01
3.466178987346485996e-01
3.501054507770852142e-01
3.594131284977780671e-01
3.702861436056962829e-01
3.738590278672033751e-01
3.866927951393615559e-01
3.883919606695274696e-01
4.084271819900825995e-01
4.155632555372082426e-01
4.197273402853602953e-01
4.187564511792604138e-01
4.382240772782157179e-01
4.448645787336598656e-01
4.459107829279914670e-01
4.510641955290422001e-01
4.183749483203470509e-01
5.547883570456471070e-01
7.387489696971544229e-01
5.002293076533198546e-01
6.041434000709329233e-01
5.871612479541387097e-01
3.304101392185112562e-01
4.184251282595017885e-01
3.798956117849374148e-01
3.773624137945475465e-01
3.776171545362811410e-01
3.777801138583073426e-01
4.138768032201236569e-01
4.189384630149887712e-01
3.998281132072561417e-01
3.890216921298748076e-01
3.814322669788558495e-01
3.736257095031059738e-01
4.694957860270375094e-01
4.714338748817139546e-01
4.572792879997241711e-01
3.712903573209046515e-01
4.702675580811391254e-01
3.227943451350447912e-01
3.117474223568696967e-01
3.574970016901846681e-01
3.519702030217531918e-01
3.487560588763518599e-01
3.553909003870136529e-01
7.390242621335200157e-01
4.134799335386356578e-01
3.965544959848645301e-01
5.146691722010409142e-01
4.733052409354034373e-01
6.375369978566277629e-01
6.406433310114455493e-01
6.362278622641761583e-01
5.784555677754352754e-01
5.495227845652703724e-01
5.434345861096615549e-01
5.502932812703692500e-01
5.577372275322398654e-01
5.952164656091740724e-01
5.861915658003663543e-01
5.862319897225629628e-01
4.448481137313433642e-01
4.216846582675450317e-01
2.805002617645477314e-01
5.637986260828693474e-01
5.464910482202869346e-01
2.662424822602728058e-01
2.663029944473261912e-01
4.223633399514924447e-01
2.753445101606863399e-01
2.734440463613412864e-01
2.663832115111174903e-01
5.732903400298502428e-01
5.755088297228105887e-01
5.657585245580097899e-01
5.607766601785568739e-01
5.552291416188218642e-01
5.144021246380220402e-01
2.853245776844650639e-01
3.836777852271249234e-01
5.484688466669233042e-01
4.280550898212888145e-01
2.705928766440288680e-01
5.871439207447622932e-01
3.205825225706139814e-01
6.169065609037927000e-01
6.135003116706123638e-01
3.564117612066614038e-01
6.050814701083329084e-01
3.618676070284859159e-01
3.182136883359513169e-01
4.443999922099820532e-01
5.290004991044575666e-01
4.500664523414025786e-01
4.485584419651794108e-01
4.425866028811235586e-01
5.638255078702476553e-01
3.347552945545660408e-01
5.677582008683338399e-01
5.726645864908446182e-01
5.774928449123321039e-01
5.776712664629074512e-01
5.822367858391016560e-01
5.537233943563146799e-01
5.816419695538755930e-01
5.435240060441461907e-01
5.467705480876055013e-01
4.701563631354747641e-01
4.544266111402678887e-01
5.347182945275348320e-01
2.681517190542492268e-01
6.212430477954943298e-01
7.387622693222452019e-01
5.589326497763841273e-01
6.019163385405527089e-01
2.664243459926681212e-01
6.202794402808778917e-01
5.202499888573594022e-01
5.285549715316603114e-01
5.700917076366677216e-01
6.192241024404940841e-01
5.721362577624373724e-01
5.856812429139865994e-01
4.435493035610015289e-01
4.343354546667601568e-01
5.689328610538414432e-01
4.641102623065708199e-01
3.007765946887832054e-01
7.387457204916541009e-01
6.482540371745691976e-01
3.602506463453079566e-01
2.794523170310257432e-01
5.421547749215316347e-01
5.459095668448683547e-01
2.748713059773378875e-01
5.873206501797553214e-01
2.992386199277731751e-01
4.764463259599695522e-01
5.148993012058097340e-01
6.331301225885742623e-01
2.900742643690826794e-01
3.270586226293166754e-01
3.836677401295588985e-01
7.393294780158993218e-01
7.387675064037598771e-01
7.367837845709237499e-01
3.577340697183865048e-01
6.148804752083892877e-01
4.536351310403914927e-01
4.600360165915647892e-01
5.284069972186914432e-01
3.922795341916269773e-01
5.350722650651199563e-01
5.387234358895901520e-01
5.630343056085346243e-01
5.025746354722745446e-01
5.670742660659159329e-01
4.526772872220430899e-01
4.423415246655618693e-01
4.325783760729140504e-01
5.507702878458066165e-01
7.020339404137923012e-01
5.255250004396803121e-01
6.033368290921777843e-01
4.189958046991708041e-01
2.917391152591734538e-01
5.557522556268019720e-01
5.043939657616527406e-01
5.193069802055063633e-01
5.936002357845990840e-01
4.882970663292610092e-01
2.683634291838727370e-01
2.842900158913920228e-01
5.661665142848363308e-01
3.106308993380025862e-01
2.893602211706767235e-01
5.997105874793481339e-01
2.680332070098218056e-01
4.069467777972909373e-01
5.370948889636121271e-01
7.313868236851764904e-01
5.582662165660911002e-01
5.501992453292173790e-01
4.219135981213752995e-01
5.742382710215748753e-01
5.942098971057646617e-01
4.205127058863489808e-01
5.547757362452329088e-01
5.211673792433392238e-01
6.768185083540663172e-01
5.624878871251931534e-01
4.765492433308802234e-01
4.838199104779101756e-01
5.300958057425498859e-01
5.666905787991829424e-01
3.581754607460844175e-01
5.035107059734381663e-01
6.405088232352629252e-01
4.772980538061262212e-01
5.906593848101032718e-01
4.260395679548268366e-01
2.723712249233039562e-01
5.804171742787596067e-01
4.632599440969921711e-01
5.293947326600915160e-01
4.547928284723426473e-01
5.913937885289617391e-01
5.131947900733319079e-01
5.796529521216530201e-01
5.691648290097276464e-01
4.814203685948334477e-01
5.068790622028407356e-01
5.165476785763608580e-01
5.142615097881957364e-01
6.257269016151049135e-01
7.369237613559277422e-01
5.486085688363845358e-01
4.942049377057464721e-01
4.937993733227578064e-01
5.627933298482064028e-01
5.063335748027607552e-01
5.312166127534571070e-01
5.871226824890591889e-01
6.104096954665870767e-01
3.471924348534011773e-01
3.647672983494394949e-01
5.522123651610791883e-01
5.161430765720689262e-01
4.862904077161758210e-01
4.256840996917984343e-01
5.347459933795818410e-01
5.745832742648578906e-01
5.625311986021586108e-01
2.713324738793521096e-01
5.205063157070806135e-01
5.498713484830800580e-01
5.821073070905208313e-01
7.045146178560247607e-01
2.990982510460510890e-01
5.997316290270559014e-01
5.149647977730856807e-01
2.688104622717929493e-01
5.480223362626240879e-01
5.592385775257555647e-01
5.661810976488230729e-01
3.873078800139857503e-01
4.360351414586082219e-01
5.293757189360034365e-01
5.575676063923113990e-01
4.008238998349270554e-01
4.101347806517369743e-01
4.830027818455435162e-01
5.493880191267910273e-01
4.669578925506889799e-01
5.626236489005154162e-01
3.081430734801538507e-01
5.527845732656020417e-01
5.590029112101390085e-01
5.928718911285829618e-01
5.593019746488614441e-01
5.631604773632067351e-01
5.664195525337852866e-01
4.836837572535527818e-01
3.818741205955382134e-01
4.208649114953880721e-01
2.859834304363271240e-01
3.559591582269020504e-01
3.352172440314060697e-01
6.284987517148709069e-01
5.839925577265928647e-01
6.157465242095151448e-01
5.318583680494625154e-01
2.920771623165259179e-01
4.285500251134384819e-01
5.551699660462413588e-01
5.693348305049609204e-01
6.461510509010583991e-01
6.791394614744281633e-01
5.605719209960809968e-01
5.679533582792843927e-01
6.216684548483688566e-01
4.821425415716391605e-01
4.804034393332942132e-01
5.099098330673569324e-01
6.137372411786412574e-01
5.545774850607488871e-01
5.603346073549407835e-01
3.513004654562059126e-01
5.364438757094783794e-01
2.700507527981838019e-01
5.864264354012560521e-01
3.622247690767191886e-01
5.605758549880673902e-01
4.008658843032626984e-01
4.975031121319148930e-01
3.551294112319122731e-01
3.369870023512398505e-01
3.278093750094874803e-01
5.603840395942217834e-01
5.745387820893976816e-01
4.784343573293519114e-01
5.177582220160286131e-01
4.826705985816460154e-01
4.998081318437002651e-01
5.339959968206805518e-01
6.059776165308020657e-01
2.709589318597363516e-01
4.866920357657067986e-01
5.332983574891350109e-01
3.263876927208130829e-01
2.671312837664812090e-01
5.710842996238959524e-01
5.185106305621510758e-01
5.109861083253456338e-01
4.847490293626963154e-01
5.501515226867432773e-01
5.225766561509550545e-01
5.455239887307415936e-01
5.219239792792513821e-01
4.008130046561076965e-01
5.385277089370275050e-01
5.222408719917337461e-01
5.213452563326611555e-01
3.233461470137791172e-01
4.758338075806421430e-01
4.191769112560011501e-01
6.248750981990329745e-01
5.131321041616059286e-01
5.256142867010414887e-01
5.591227314290565520e-01
5.514335357228282719e-01
4.720089331168586533e-01
5.613843219759953040e-01
5.011790690526460867e-01
4.567064806044052183e-01
5.901241848822036395e-01
5.245278139926408123e-01
5.897398310227442986e-01
6.107824419604669375e-01
4.971000806449996090e-01
3.531896189790619811e-01
5.461191467371483421e-01
5.984523028023853719e-01
3.013565620635864084e-01
4.234632946811567322e-01
5.570403506670387195e-01
4.709752828830076066e-01
5.068601398148583348e-01
6.126252057572589838e-01
5.027091166656059151e-01
5.003039153675313822e-01
5.100243920682723253e-01
5.006631006627888514e-01
5.661988597250865451e-01
5.364842547821659924e-01
4.119631465362258993e-01
4.656520411003416959e-01
5.523508971944927071e-01
5.600295650110340695e-01
2.980291350591953714e-01
4.579249102872161581e-01
5.951556733395496623e-01
5.737558410974084033e-01
5.173412188508653697e-01
5.603876764248377773e-01
5.307849800428781073e-01
5.493997457110515459e-01
3.798730900950358924e-01
5.666130805356408562e-01
5.310524518100285807e-01
4.662779775086166589e-01
4.039526674191605271e-01
5.528953430920494627e-01
5.466514025295158286e-01
5.341153027166080092e-01
5.680662768918737227e-01
6.206965685602700011e-01
4.508710262492507392e-01
2.667273740800642501e-01
5.603208308640820201e-01
3.025565148335788712e-01
6.713033656782693148e-01
5.620197525499053270e-01
5.657480564280770174e-01
5.659592370872391642e-01
4.350686514841552444e-01
5.722737345319821589e-01
3.747488760162630550e-01
7.384218281852696908e-01
2.938876755114740447e-01
2.769793052860713978e-01
5.458302742307210575e-01
5.528417074309152079e-01
5.323366288795211565e-01
3.928645587183116628e-01
5.294574555891627954e-01
5.678520383977384567e-01
5.832776060614102143e-01
6.007588724065270336e-01
2.789286468699407329e-01
2.932628341666171368e-01
6.218605185480553521e-01
5.793128802705874714e-01
6.055715158180708935e-01
4.652159039332753876e-01
4.434729920708108675e-01
5.577038709241375347e-01
5.624023425166639889e-01
4.843621809523125932e-01
3.955199779026259965e-01
3.909454204134955591e-01
4.610001803657607367e-01
4.721343374773152579e-01
5.527914504842381671e-01
5.390658770001334199e-01
2.671837456215899742e-01
7.379898091537610005e-01
3.051315272681067170e-01
4.565574877970813850e-01
5.588122936847759181e-01
5.227527175800321668e-01
6.234419016105191558e-01
5.220033238928639685e-01
5.098134755730521217e-01
5.779304709531680739e-01
4.076407565589778015e-01
7.392697573115502019e-01
4.925294904270959284e-01
5.663651079517076914e-01
6.297510841654189173e-01
5.799640979558196019e-01
5.437381439051315324e-01
5.890717440739801081e-01
7.301453604319685375e-01
4.442701088602206139e-01
4.034729444166578749e-01
5.594222695788512167e-01
5.244197170410668241e-01
5.535204877321990846e-01
6.897914633670975126e-01
4.724516505603130745e-01
5.168027479615805442e-01
4.712972595064178760e-01
5.441908321388070346e-01
5.771438801591572965e-01
5.497271935941018262e-01
4.265361970086558041e-01
5.553219269427395188e-01
7.329762720175632129e-01
2.969973238101947244e-01
4.927710334284779448e-01
5.622888729529396112e-01
6.852696331036148836e-01
4.903139096769049132e-01
5.127861851304540419e-01
5.052163374666215345e-01
5.664594427379168184e-01
4.795086834044291479e-01
5.637673976582560087e-01
4.280450023837601425e-01
4.239067747807891973e-01
4.216351247798628132e-01
4.047073588526535759e-01
3.904932737852134239e-01
4.230543394236565002e-01
3.978466438098388624e-01
5.008763721590822060e-01
4.674260613767943773e-01
6.498139877839792522e-01
4.165101754361028585e-01
6.135064665871642342e-01
5.605838273207438549e-01
2.663098293293114649e-01
3.309592672078991993e-01
3.024415220465880849e-01
2.951229684032579126e-01
4.094017169169005266e-01
5.583594384563673740e-01
3.225870428119617661e-01
5.914276637889096522e-01
2.872906519306391293e-01
4.394250960768677494e-01
6.705499597011626012e-01
5.300375152654719368e-01
5.642492629249744596e-01
5.141749931114754091e-01
4.792624333114964830e-01
5.419429341743080553e-01
4.185631183945676126e-01
2.669983698631590019e-01
5.280761943104387290e-01
3.364388276162535996e-01
5.625394997934722863e-01
5.512464789701819745e-01
3.662022603344919358e-01
5.215804132117485281e-01
4.007947372281477350e-01
6.054597627648626856e-01
5.339853901512682244e-01
4.505363263124513296e-01
5.379593995390283823e-01
2.965288735263722497e-01
5.936582272263042359e-01
5.481211045861701381e-01
7.385463990114199406e-01
5.381290406610583776e-01
6.133543327391234312e-01
5.174028543155699822e-01
5.369914838506606447e-01
5.624865074020178879e-01
4.946537596888531674e-01
5.975642641774381314e-01
3.987609666809388553e-01
5.865404843186218242e-01
4.669972519803809452e-01
6.072805301231810615e-01
5.274330751463083278e-01
4.978513226212236686e-01
5.392369589766812243e-01
5.239006911144106216e-01
2.948647340679639295e-01
5.381758978136700344e-01
4.924577847337367476e-01
5.020495038282025702e-01
5.213799559679932472e-01
5.833361560325969197e-01
4.753363959340144995e-01
2.874417356760438635e-01
6.610192623714871152e-01
5.477135401622788002e-01
5.542035573067647380e-01
4.496696228390542061e-01
3.218244242198178284e-01
3.757113119358225228e-01
3.947117445511343359e-01
5.641227586035385544e-01
5.405226175641343334e-01
2.838113722658930360e-01
7.027028870939169281e-01
3.188796048664012117e-01
6.674664753851181631e-01
4.257364823457595593e-01
5.626526667401904325e-01
3.790583063432066413e-01
5.505288446043973272e-01
5.630322213536667064e-01
4.528915341423697116e-01
5.543772923227766602e-01
7.244978689587118215e-01
5.477569100328248952e-01
5.228348389020303078e-01
5.699882691441562343e-01
4.662077430441706749e-01
5.531630340503966847e-01
5.079215562199759226e-01
2.685575062537430835e-01
5.112656506591024552e-01
2.801728473772188144e-01
6.101146200663077890e-01
5.004433962802581348e-01
7.391616251850985364e-01
5.596988403232797671e-01
5.248958656217578289e-01
5.502965530875233435e-01
6.688661509550321016e-01
5.274608656406952756e-01
5.299798468490590775e-01
4.340875034891799045e-01
7.388696030781262136e-01
5.633434783582752514e-01
5.636488454460446551e-01
5.238000901760105910e-01
5.475270383197704538e-01
5.768763850119310588e-01
2.763472003222035567e-01
3.085121270001967564e-01
3.655236601424877718e-01
5.186862897735594613e-01
4.765550036570060377e-01
5.326389393628483404e-01
4.387244986135847014e-01
3.075698728607376697e-01
5.118646924742280557e-01
5.741705426273203683e-01
3.337807341935298266e-01
3.180708930818502145e-01
5.569211745541542413e-01
5.750182734571829268e-01
5.205530770344737324e-01
5.161534140414192340e-01
6.412105611795843041e-01
5.678569335199842305e-01
4.545589572884664586e-01
4.329430490867367531e-01
5.321601759248930641e-01
5.446309112327200053e-01
5.572049652654756935e-01
5.631683578687122216e-01
4.229566769090810086e-01
6.279249527800612185e-01
2.662875650448348064e-01
2.871413118944624032e-01
5.606695951947124890e-01
5.125589027839380085e-01
3.394634899623719670e-01
4.634033895371809098e-01
4.731395096944370771e-01
4.738180613030596455e-01
4.835820706455100648e-01
4.824545273545677304e-01
5.795958943282831788e-01
5.574146983383804210e-01
5.752712239521111659e-01
5.635161415860897582e-01
5.563406685819091146e-01
2.661434989828492248e-01
2.759120136527831724e-01
5.088597417247251453e-01
4.919059714935502536e-01
5.675263652823367977e-01
5.404503110222774742e-01
4.478870223678009799e-01
7.331566096170937241e-01
5.382850310007343264e-01
3.768133160156044714e-01
3.615344332743871680e-01
3.038116247188882846e-01
2.713500153111663149e-01
4.248720840094823425e-01
5.186207075734219352e-01
4.663941821042374425e-01
2.834440457098992838e-01
6.950151573867998644e-01
7.180248389293274469e-01
5.630160847977467853e-01
4.325107193754451074e-01
3.122193645364950143e-01
2.774361923157144805e-01
5.625697597298118247e-01
5.247466560788127676e-01
5.494329233661664480e-01
5.906626625180207979e-01
5.396623718450150875e-01
5.381198287808103276e-01
3.135146776133750923e-01
5.247559745205188086e-01
5.592536116349235975e-01
4.559376569317829531e-01
5.557899739462268673e-01
6.160965139902928600e-01
4.158858257824298299e-01
6.505653240204458676e-01
5.652228714241089857e-01
4.299228212095104196e-01
3.720314278150625431e-01
4.939741739695767131e-01
4.160572605844014005e-01
7.394714082286668599e-01
5.149677660589527806e-01
6.542475686552534642e-01
6.542681961847270911e-01
5.708093866363840307e-01
4.092484178644165693e-01
5.365973908562403638e-01
2.710769929565819969e-01
5.614957809683825962e-01
7.382787378915866006e-01
5.677068793219393061e-01
3.687212761807834860e-01
3.532486059068787876e-01
3.460531109957373785e-01
6.136821561687760829e-01
5.720697351318230206e-01
4.664794469487161810e-01
5.187045072020766145e-01
3.223323812548773426e-01
4.756246689859189303e-01
4.479538205002491225e-01
6.388035926645623253e-01
4.877420032678868034e-01
5.508561191051991601e-01
3.142851820635404470e-01
4.941208103481349867e-01
5.997847839578513973e-01
5.986492788371100549e-01
3.673641380540073609e-01
4.158703653299982150e-01
5.627036220242112030e-01
5.052286717214848899e-01
6.537543794402175257e-01
5.905553635202224205e-01
4.560388663277054055e-01
5.803955606448543136e-01
5.141187014932138144e-01
5.400054556485960333e-01
3.823692442365755340e-01
4.650505095785372189e-01
5.327174858375338662e-01
5.670901182684173758e-01
5.178122685887874832e-01
5.441456514208371509e-01
5.368967168067650952e-01
3.768538539314529312e-01
2.775268488142409451e-01
5.672928802192780395e-01
4.360095509940761782e-01
4.859422733841814446e-01
4.674021936682176137e-01
4.646045293582110602e-01
5.500731245494678845e-01
5.361293885328309861e-01
4.957510496388154997e-01
5.295554841250377232e-01
5.245007389522279295e-01
3.406691186845342001e-01
4.147222067309315197e-01
5.415741990900555525e-01
5.566975644315089733e-01
3.045664012275540178e-01
5.338707302638507901e-01
6.288583987825008270e-01
3.565690035116190204e-01
5.391750210017447476e-01
3.492782374145431135e-01
5.641215733532897181e-01
5.460638285966527006e-01
5.700448459187010819e-01
4.822604748661640794e-01
5.759811288846420352e-01
3.111310874761962220e-01
5.917645725806496282e-01
2.683379638377013654e-01
4.850679029045797397e-01
6.019589161639485875e-01
5.435783216147456187e-01
4.249220115036215217e-01
6.877312151857404299e-01
5.997650996665374601e-01
3.808951051013859668e-01
3.021956767767859930e-01
5.051694545432396932e-01
5.979154635940814311e-01
5.553763736242953719e-01
3.258040799567389345e-01
3.266022680393492195e-01
4.388448315686107049e-01
4.852775113462190482e-01
3.981328998671009867e-01
5.153452127367272873e-01
6.340726653679408242e-01
3.293090482928249796e-01
3.183957786998758976e-01
4.275992862389570992e-01
5.636543501884694329e-01
5.213249623307047997e-01
5.647542769747864178e-01
6.318749056770214256e-01
5.643111276224000994e-01
5.481581937718414954e-01
3.809859214595699983e-01
4.962300056910675661e-01
5.230290087704269064e-01
7.323876146573317092e-01
5.282113461541030341e-01
4.904382430727998177e-01
5.594818487279306085e-01
6.993630734696172357e-01
5.564504923351216714e-01
5.654538988942329203e-01
4.616940840905446319e-01
5.019036604637041599e-01
4.591221756337513504e-01
4.504139114413359124e-01
4.971608305202016576e-01
4.618423917872107043e-01
5.556811295766077574e-01
7.353176927699417442e-01
6.094625089576015675e-01
4.386190939863516824e-01
3.024840353924559966e-01
6.253657029685657509e-01
3.341000821192123826e-01
3.184015020272929486e-01
3.137513326440233841e-01
5.453320820053587648e-01
5.491742369625535192e-01
4.709594104283892357e-01
4.345818207354795182e-01
5.046697908616311068e-01
5.057834835963301856e-01
4.216293257827664065e-01
5.421252781886110039e-01
4.376492466702419648e-01
5.961564612449583578e-01
4.380269535678844028e-01
4.763639539355596364e-01
5.452404186267159059e-01
4.791480189942847745e-01
4.336406728126779853e-01
3.075713357515574287e-01
3.084774063897892660e-01
3.373726246662465122e-01
6.365355494059364849e-01
4.057337603349180366e-01
6.071395967624029222e-01
3.212549879451989665e-01
2.870855658579808400e-01
5.510721288230527870e-01
3.083785206235316600e-01
2.676740104983966195e-01
3.223868950514630627e-01
5.133989838813622919e-01
5.025082882651805694e-01
4.499894233081878081e-01
4.806140835775293829e-01
4.686059602037818128e-01
3.882633007129976943e-01
3.675974316825097454e-01
3.504127314023654516e-01
5.359166894338832643e-01
5.667262907947481221e-01
5.021268026863680012e-01
6.071528781629109695e-01
4.410397393100048413e-01
4.779028708694568750e-01
3.199534356675114433e-01
4.788337855226068585e-01
4.313880362016273562e-01
7.386775681674033756e-01
4.442487689824433650e-01
4.010626609473283422e-01
3.546171033641598580e-01
4.479398272297674399e-01
4.992264659101806057e-01
4.473171156082821343e-01
2.667793035280788816e-01
5.391359481317596902e-01
5.625859687694548805e-01
5.598606626618859439e-01
5.359386789740228085e-01
4.825518845222153685e-01
4.253755890716126586e-01
5.283217820316397084e-01
5.440027439576979873e-01
5.217161568380892511e-01
5.196255123731859937e-01
5.567863392017342594e-01
6.290301139088841920e-01
6.720023053299838400e-01
4.781697476004972969e-01
3.756989542015525263e-01
5.634142074508365905e-01
6.208834590271561371e-01
5.998122294717280756e-01
3.426394064869732192e-01
5.059059453308282217e-01
4.954519103252049139e-01
5.606043834321675634e-01
5.352816663982432610e-01
5.183482016633762512e-01
5.726089231515709699e-01
6.111952124982457102e-01
5.152425900777688472e-01
2.686417184762552313e-01
5.222562731375598455e-01
5.638335292006493304e-01
5.687967177590813606e-01
5.618734141349175371e-01
7.387805101072518754e-01
5.156406010265165429e-01
4.559513976884793651e-01
5.452302203703021100e-01
6.001406760989633771e-01
5.612331908400619573e-01
7.023057250592471545e-01
3.264124658507633336e-01
4.711555283988878018e-01
4.815486687165292379e-01
5.754560473911483065e-01
2.773933259265499163e-01
5.951078903681518151e-01
4.221289038764738932e-01
3.779726970911244099e-01
4.993668295561909942e-01
3.617179641666482537e-01
5.523732643756820160e-01
5.651469795025361176e-01
4.348923276311564279e-01
7.251228135280405329e-01
5.387676520980503314e-01
5.238286567933603255e-01
3.156179384988361258e-01
5.517085543799997716e-01
5.624868679946918304e-01
5.021221288102318825e-01
2.866255392201114693e-01
5.496287210262938983e-01
5.591743264485377063e-01
5.052023754501226982e-01
5.026324143196896355e-01
5.015531934948855852e-01
6.222971677528460477e-01
5.412806313425495564e-01
5.822256038635960085e-01
5.802262130642968918e-01
5.335093932950198958e-01
2.760781549794079082e-01
4.964292632472268041e-01
5.763277711458265617e-01
5.569861079056543929e-01
3.290300946334238641e-01
5.730926381047114493e-01
5.720350137673285706e-01
5.691280366924790224e-01
5.631182397693386132e-01
3.733054081701220883e-01
6.108566942295317048e-01
5.126699812301760417e-01
5.925556622655608896e-01
2.788889309326204047e-01
4.348027302424306018e-01
5.643244191421507017e-01
3.557791321431136300e-01
5.503967707601642445e-01
5.632049423062494009e-01
4.782329199025827093e-01
6.508638410575673383e-01
4.251719582248552065e-01
4.162079789409969810e-01
5.348473907294952756e-01
3.078308508078008154e-01
2.963627843747150825e-01
4.646652010843170810e-01
2.736464025489437901e-01
4.798576630910860175e-01
4.761998053159981481e-01
5.457846819045336639e-01
2.753398548706090798e-01
7.189648330598061854e-01
4.013918650184548631e-01
5.181484853556989068e-01
5.511431576872392046e-01
2.686537411857999325e-01
5.089396217292667668e-01
5.635368415655638286e-01
5.621104202179800780e-01
5.403550907006193782e-01
5.087087674960188988e-01
5.124252568712468481e-01
2.661961922876781017e-01
4.754888511772184523e-01
4.990157128682631837e-01
2.688170147999259796e-01
5.537424749276459446e-01
4.967286830318865531e-01
4.672118490384017386e-01
5.550403953547564662e-01
2.681421671835066967e-01
3.188667688301040082e-01
5.478878778387542559e-01
4.906147897281908365e-01
5.614284434199465768e-01
4.961071437561843656e-01
5.048892154082942341e-01
4.877757549530362113e-01
4.345614152596037338e-01
5.251969188700233993e-01
5.854750409725403282e-01
5.282127159708516206e-01
5.727350605266732231e-01
5.304883860930093009e-01
5.537007350619701507e-01
5.497510458730536786e-01
5.611755842464496435e-01
3.776907781085394045e-01
5.619800405762651607e-01
5.069688628985494772e-01
5.243189848074747417e-01
5.562035208121447472e-01
4.598291024563691543e-01
5.570769198671217115e-01
5.430635595697200779e-01
5.617132444502942468e-01
6.552142221462651239e-01
6.078159703792493929e-01
5.726242629074557167e-01
4.794457356905995615e-01
4.548400658674428554e-01
4.559959131274786137e-01
7.332332949877778949e-01
5.390207995031295329e-01
5.195715577889091774e-01
5.727463337006181154e-01
5.374502217109895508e-01
4.702207877054745966e-01
5.380776453529505510e-01
5.496283167878998066e-01
6.234919331009955989e-01
2.993857024372246767e-01
5.500223870239711044e-01
5.883090183116932437e-01
5.952402786438250049e-01
5.445141674761583284e-01
5.790712513336223610e-01
5.201593444824352819e-01
5.127610821108240513e-01
5.961292211635778049e-01
5.012227351595764935e-01
5.633697704138315165e-01
5.533038963862666471e-01
4.409720180828865521e-01
5.378407131438270872e-01
5.556005789775114723e-01
5.525957772742695617e-01
2.788263570770873057e-01
5.363165140667259800e-01
5.517914721116117249e-01
4.152432843043554200e-01
6.273884623771932567e-01
4.680070553695486746e-01
4.529714875028142962e-01
4.834483207779043390e-01
4.843736853035321421e-01
7.362853090050314186e-01
3.533652231088575957e-01
6.016182928159885535e-01
5.588993170343172778e-01
5.122992104148597070e-01
4.492398951056903456e-01
4.763965349696857587e-01
4.817165825130477752e-01
5.611833794895514371e-01
5.640493911809737471e-01
4.703835938841461894e-01
4.592705623208734322e-01
4.760828470163800397e-01
4.709780241266346978e-01
6.264092434513957031e-01
5.689238716554011477e-01
5.196871165385910096e-01
7.369711742785998165e-01
3.980545989033667520e-01
4.722314003917271741e-01
5.303674118013962380e-01
5.633130317570064216e-01
5.625131118499387961e-01
6.283986833279964213e-01
5.446793146141806208e-01
4.496359544370100991e-01
5.472047993683100131e-01
4.970258257915439182e-01
4.323144358264272014e-01
5.600312148281609836e-01
5.431566528868767563e-01
5.735148715209933412e-01
5.220707134162307916e-01
5.246026862507565669e-01
5.533126051459947847e-01
4.829796791253408439e-01
6.049070640216235306e-01
5.869401478537513706e-01
6.200611440954468812e-01
4.745173653451852380e-01
5.722584869468358981e-01
5.617782542291950287e-01
5.670800575259230536e-01
5.284549582795818878e-01
5.027504585392701397e-01
5.405894494820745466e-01
3.928688802934686697e-01
7.327340429773291364e-01
5.830542162514000815e-01
3.766682197916109143e-01
5.089423078860324523e-01
4.656461671525399804e-01
3.952893255580067211e-01
3.461185392579490538e-01
6.030491052576960609e-01
5.584131967653032103e-01
4.383904766207178394e-01
5.895574214626592147e-01
5.772119252881205975e-01
6.687396729147311314e-01
5.020484385454042631e-01
5.534104190109966348e-01
5.606599108866774372e-01
5.598411303652240933e-01
5.458076581472147693e-01
7.332307382811514840e-01
5.463904182113737962e-01
5.165254609326681567e-01
7.380760580565485229e-01
4.877347904142302348e-01
5.198267652435197839e-01
5.192508311971157919e-01
4.887160577444525922e-01
5.800356971167454079e-01
5.486823331528803971e-01
5.396015344477176345e-01
5.659066798851103419e-01
5.399052607357077704e-01
5.868608029322125441e-01
4.125967938033242022e-01
4.541595202718968771e-01
5.756292783893757203e-01
5.384330991165813263e-01
5.500911270028747690e-01
4.731933586432605643e-01
2.679371384816058854e-01
5.250210605793196317e-01
5.718990437567709195e-01
5.037646162274151962e-01
4.634841022653545806e-01
6.545818337268678455e-01
5.348361661027569713e-01
2.773168428808551189e-01
4.475814147257685671e-01
6.047726646388135174e-01
5.630451708788882792e-01
6.611288501302646781e-01
5.191317967578199521e-01
7.276502070604802253e-01
4.316984052771386526e-01
5.637688735740297163e-01
5.578743099846326103e-01
5.448385430475787272e-01
3.817016721815462144e-01
3.964995502857410759e-01
4.425302010018181131e-01
5.004843854221747712e-01
5.419971525114782862e-01
3.931301389593745976e-01
2.664197687990259578e-01
3.122217644002002190e-01
3.726680397165320069e-01
5.591582542260310484e-01
5.613547650746747442e-01
5.237427413705894041e-01
5.691942966884646626e-01
7.049213228898096872e-01
4.961045275012422318e-01
4.866436909354598939e-01
5.554179286007410177e-01
7.366243468561067820e-01
5.639153009269335382e-01
4.481294843390419280e-01
5.570536811803884492e-01
4.821673018115940068e-01
5.372675429465002539e-01
5.564648230531421547e-01
5.254642715812867237e-01
3.627451655111120221e-01
5.508746523610025259e-01
4.597550160014498011e-01
5.680711353911367389e-01
4.832941938350274746e-01
6.193402555375983054e-01
4.801642688431286277e-01
4.774328703748961789e-01
5.423125509400981148e-01
5.703704485689583548e-01
6.739922666633487713e-01
2.724864773963726616e-01
4.272250241509368829e-01
7.382360201292639257e-01
5.570360814553937390e-01
6.473870987997515369e-01
5.613785991623202465e-01
5.414438120863535042e-01
3.959242267142126792e-01
4.969622258131963233e-01
4.662176877783437146e-01
4.110102635390037729e-01
2.982383908976316000e-01
5.223492750460928535e-01
6.952968365334377676e-01
4.389290805237383020e-01
5.558740707739900921e-01
5.466752603671497512e-01
3.021543536058797774e-01
5.889599993454303073e-01
2.680850392918790459e-01
6.509567152902453468e-01
4.392444981724829001e-01
6.074744312636222165e-01
5.450867748157657289e-01
3.589165603212493005e-01
5.590266366375568063e-01
5.622390218509805138e-01
5.530969904178846264e-01
5.180478487606967608e-01
5.593794066462494108e-01
7.106851846419455221e-01
5.633162169274760211e-01
5.727159923380922280e-01
5.295545742911357268e-01
4.670431114935951755e-01
5.531657944683954220e-01
5.101348403252511376e-01
5.515342073879401230e-01
5.936294671247761556e-01
5.840330117348064842e-01
4.910183467486939346e-01
4.424261245173425339e-01
5.398639249745190716e-01
7.172917576312365373e-01
5.758592680187999413e-01
3.825766451023493997e-01
5.452465547322902228e-01
2.692138885050658348e-01
3.441618176618387870e-01
5.960738817523623112e-01
5.648221391828305293e-01
4.287285292083893862e-01
5.501788325605729835e-01
4.803592279124893061e-01
6.309484800148391637e-01
7.376087165266634882e-01
3.188272382905308899e-01
4.095402187875284983e-01
5.561213304026407789e-01
5.467574589242113481e-01
4.137661370378183934e-01
4.736378095845917846e-01
5.335968033668294641e-01
3.104147500791770709e-01
5.436125680570731422e-01
5.212104502751003787e-01
2.683165167715796939e-01
7.362851054698281716e-01
5.264675365360195203e-01
5.333248766451791356e-01
5.621339814184443950e-01
3.433826151271137661e-01
5.601621627839471484e-01
4.397961691706930853e-01
6.237497561471015972e-01
2.681579375871349091e-01
5.643777025643920142e-01
4.961918084197563528e-01
5.310680099173625823e-01
2.758544573764419305e-01
4.369238442498275532e-01
7.335899452497579576e-01
4.509392919832242996e-01
4.179249213972574539e-01
5.364792677932583853e-01
5.612389464203313416e-01
2.664515705893530373e-01
5.713489666050849403e-01
5.533123802378393519e-01
4.168168394326386417e-01
4.708085579208605709e-01
3.754446811301163645e-01
2.943601558359636994e-01
5.727341180029807965e-01
6.047328581713120599e-01
5.662013004263959370e-01
2.852781180177362819e-01
6.738303182565880123e-01
5.148094673618951456e-01
4.977182354837037526e-01
5.484597046031522982e-01
5.543479686793384431e-01
5.647268394008946313e-01
5.098007157573901660e-01
5.345663856580172846e-01
5.272314047490136435e-01
7.381413954318774007e-01
5.707665569473686640e-01
5.644336697155027949e-01
3.394712857600786227e-01
3.971795081913128689e-01
5.363476713177179889e-01
4.284974418551997233e-01
6.964073750092238946e-01
6.282928168565350413e-01
5.783506123222273976e-01
5.625366717335988920e-01
2.750100692662342250e-01
2.911387151150732766e-01
2.784822973958286374e-01
3.483425257343346071e-01
5.426341075051192009e-01
5.631401701089352452e-01
5.681832784896569954e-01
3.210388920165112570e-01
2.676601386523825843e-01
5.515682340289422836e-01
5.550844400673998758e-01
5.674689362537264081e-01
5.862466303138190726e-01
4.832130292921250070e-01
6.098105505131894422e-01
6.199462770905330711e-01
5.487320450156184526e-01
5.476242943554187059e-01
5.013446376192184362e-01
4.882748744176254041e-01
5.505282014368930721e-01
5.513335699109664922e-01
4.006895934441699336e-01
7.380965495993214720e-01
3.388516525194106288e-01
4.263176597209082375e-01
5.068991724391095355e-01
4.921690215953825609e-01
3.598563751065343985e-01
5.175757595104272246e-01
3.358596363630912407e-01
5.554987958790184033e-01
7.233348318254597675e-01
4.441213081657460204e-01
2.680085958162852222e-01
3.889989234109027527e-01
5.651181429470081286e-01
5.503356880538787799e-01
5.691120460982102003e-01
5.361897561914711341e-01
3.716960169905277889e-01
6.012892256617570208e-01
5.362219501569334135e-01
3.139800529451837185e-01
6.132810046579821872e-01
5.775535111882962314e-01
5.570707871783705523e-01
5.575080746127312192e-01
5.492582133675554257e-01
4.864664524939549262e-01
6.032727202706894554e-01
5.862399987185905603e-01
4.656331136817115635e-01
6.317956108811373372e-01
3.357590784794901029e-01
2.689172763098217067e-01
5.594469253488437710e-01
3.187425058856455662e-01
2.728584405360413578e-01
2.844857796021794116e-01
5.261899185779772559e-01
5.640117252765609601e-01
5.302525926878572937e-01
5.845011882742870979e-01
5.691684090258865014e-01
5.461516781832004286e-01
5.500781431022075951e-01
4.048646064903780872e-01
4.294677542922945013e-01
5.192848810092796086e-01
5.097972556652363707e-01
5.739887096023079671e-01
5.628952140024883199e-01
4.760818742200624842e-01
5.606102429701558254e-01
7.363020803015664084e-01
5.166669053653127897e-01
3.138647692069516104e-01
3.718344863945027279e-01
4.667911924350648389e-01
5.402492066836540596e-01
4.969937700996805430e-01
5.718155227013266284e-01
2.741887241683279020e-01
5.798574944769057105e-01
5.814249073182918837e-01
5.852050807043502889e-01
4.208500632595565949e-01
6.666115971464057210e-01
4.967105536722983827e-01
4.721262346902160290e-01
6.053140652575921266e-01
5.507316616654512886e-01
5.894923644371550253e-01
4.125346087113981319e-01
5.576655739060624173e-01
5.557357473866464392e-01
4.964453373234992695e-01
5.471835586703416299e-01
5.926594762367829450e-01
2.784846207783603922e-01
3.084119504522511157e-01
5.549551526302828330e-01
3.915523022527339081e-01
5.652270411949239515e-01
5.698145164843639865e-01
4.772237887412207336e-01
3.899530635283434132e-01
7.304553889489364682e-01
5.862416672071867341e-01
5.867106044083301164e-01
5.510421905285456390e-01
3.844430790030143319e-01
3.260708208015415388e-01
2.742583570064712761e-01
3.425321469951267406e-01
3.792692809334945458e-01
5.511538124349359968e-01
7.053286548002358769e-01
6.913922783875038336e-01
4.892311977259268252e-01
3.553511977607803352e-01
3.471993614999818734e-01
4.004945063690464324e-01
4.837424617885486833e-01
6.342237081492946293e-01
6.317719905841541195e-01
5.416762448265960428e-01
5.154417557953523410e-01
2.764591821298803542e-01
2.951989858730077465e-01
4.294931331860429302e-01
6.105851833065006895e-01
6.234987411394853352e-01
5.355932681520919614e-01
6.090980014480315008e-01
5.803366822285705995e-01
6.182521932588960212e-01
5.752145383647726540e-01
4.518205330251461316e-01
5.512762216017398353e-01
6.385564166822813581e-01
4.299529461347119108e-01
5.181963351242683258e-01
4.765355758664532315e-01
6.138107955927333270e-01
5.541423684335858857e-01
4.524952708348329855e-01
4.814982966890808957e-01
6.483831382516334063e-01
3.341818743258317959e-01
4.060059806050271280e-01
5.591845662883870860e-01
5.605880599593003888e-01
4.259193704387409518e-01
4.935513349793934634e-01
5.140161646776181259e-01
4.383155369504015963e-01
2.894957464339741882e-01
4.395678542661194399e-01
5.728377171962041325e-01
2.760742744154576767e-01
7.061372325101679115e-01
4.494937445263619824e-01
5.629286246678784078e-01
5.579048031722333434e-01
6.041622422570780415e-01
4.059533476024347332e-01
5.780161620674212353e-01
5.775441837371162457e-01
3.769720813106818835e-01
5.358977410979364198e-01
4.186558797818510369e-01
5.668150515216322516e-01
2.689073507897429827e-01
3.257796248702580222e-01
7.253518159378272712e-01
4.248840097661333304e-01
6.006598894651442588e-01
5.280516557111226694e-01
5.696692784998702574e-01
3.557641862646608866e-01
2.689241188789638359e-01
4.051043987138986946e-01
3.300218772295155367e-01
3.457160820580533755e-01
4.046281675424150404e-01
2.701525962238521816e-01
6.851316752926857045e-01
4.901754297714494557e-01
5.135802673411569153e-01
4.794613682691076795e-01
3.181151568369117166e-01
4.396823240836402191e-01
4.324120340035207399e-01
5.733897823726231691e-01
5.657928162243235359e-01
5.707670269730642509e-01
4.649934772626128643e-01
3.141257911213365950e-01
5.524215053755682225e-01
2.687550395825566985e-01
6.935433578618007688e-01
5.869477730837081575e-01
5.529898780574946660e-01
4.560000255071455788e-01
5.084726902700822393e-01
7.338795957664903113e-01
5.306893885639208941e-01
4.872995965525912521e-01
5.407156089875375660e-01
5.705385003130415411e-01
4.946387845233423119e-01
4.972169208559490960e-01
5.649426656934392055e-01
4.714495798020739703e-01
4.544228378455243411e-01
6.239209256026014838e-01
5.452893045528146576e-01
5.767644865512546737e-01
5.361714548646615563e-01
5.411505089623113163e-01
4.965874459955710862e-01
3.670305869384880015e-01
5.169918079280280132e-01
3.425053908235786704e-01
7.388166941642356766e-01
5.386875087388831584e-01
4.882189099475192640e-01
5.386196720301671403e-01
3.299564304765532641e-01
2.784642763435700163e-01
4.601181414762989252e-01
4.257857301672872685e-01
4.749436663775432055e-01
6.152623565552904905e-01
4.859129914107964132e-01
3.010845818005618013e-01
3.142187121379627635e-01
3.237037423137958392e-01
5.322888698654212325e-01
5.921606126001136561e-01
5.465978828601741890e-01
6.099823394528401943e-01
5.604316049856858939e-01
5.238441357981791224e-01
5.530462023123531301e-01
5.578941636772650758e-01
5.041590956807313617e-01
5.494955078113007430e-01
3.886699765180144373e-01
3.750646984156789099e-01
6.849141653947817820e-01
5.567836348556544079e-01
2.772924687544214839e-01
5.563566939670927525e-01
5.569372824440018688e-01
5.896266201725280931e-01
5.651968390267873010e-01
5.590665337368386778e-01
5.635947367883694659e-01
5.678427764966667013e-01
5.040182794357839224e-01
4.985537989118585256e-01
5.521970003841339958e-01
5.479501543732460123e-01
5.807467155195320530e-01
5.760759701673014987e-01
6.178941146959189279e-01
2.700202723737722410e-01
5.580128925859162425e-01
5.584442315516219280e-01
2.699218173218668748e-01
5.213078960012111907e-01
5.802070147608819894e-01
5.458182086410651168e-01
3.094104875320673465e-01
5.492423916693449648e-01
2.800568922338863564e-01
6.076162813180540079e-01
4.352307396870917500e-01
4.241638819636676105e-01
2.664625376974908422e-01
4.801181413742524606e-01
5.619518639443793484e-01
5.638267015851159414e-01
5.469445974711852898e-01
4.275315038869191842e-01
7.324584596107123202e-01
5.363708624924483637e-01
5.288109734772865611e-01
4.231067057833397538e-01
3.624022371477006454e-01
3.265288051041738693e-01
5.529478691647959909e-01
4.685390612810935718e-01
4.775395315179524758e-01
5.682497547333562604e-01
3.319784897805383994e-01
4.365097265653513081e-01
5.575961261930757473e-01
3.927305985846618053e-01
5.779079912124378549e-01
2.889174866378484974e-01
6.663789753207804978e-01
5.391969365312827556e-01
6.095891349505111467e-01
4.136345551565813738e-01
5.560744669786747973e-01
5.478980916986606609e-01
5.352160226402497001e-01
6.306419335286692629e-01
5.205791371463430739e-01
7.033892732423147054e-01
6.881631810706974051e-01
5.615643917336591295e-01
5.591030922434661043e-01
5.185842256334671774e-01
5.506929388035866069e-01
5.735973169785760772e-01
6.043931365229366914e-01
5.633370828758301752e-01
5.633569868883829823e-01
5.035783279915096999e-01
5.014027567435653809e-01
4.669792468966738053e-01
3.978573146544692185e-01
5.229730192439565606e-01
6.129274921839664714e-01
5.155919875929171337e-01
5.609614960818143370e-01
5.489267158452230122e-01
5.354998294096752209e-01
4.032772168454414885e-01
3.896085451270093203e-01
2.915218446152219589e-01
4.400171151501373612e-01
4.800466558379260507e-01
6.445470474239417547e-01
4.982539486414114260e-01
5.630676764047689575e-01
5.451888114033969224e-01
4.078940422867417537e-01
5.813280009799756121e-01
2.730763952606922729e-01
5.601010959885598384e-01
2.914985930675939030e-01
2.887856131359080591e-01
5.210293621871793235e-01
5.639639076607591006e-01
5.713957295688802951e-01
7.019102890249240279e-01
3.692096562957637440e-01
3.449569125516129264e-01
7.371808474840368941e-01
5.626044396169912476e-01
5.870874015405503910e-01
6.455975552470755163e-01
5.515284595133734813e-01
4.568428050970740339e-01
7.262946524709704699e-01
4.977515710597358867e-01
5.023665626950210017e-01
4.692007688504611918e-01
5.934590116303416485e-01
5.447733728238277617e-01
3.902543537484292613e-01
2.874676784487469328e-01
5.409696104345412815e-01
5.219709681487512132e-01
5.688556389550321057e-01
5.060956569499098778e-01
5.221296912389763456e-01
3.758933691824751233e-01
3.286282240197243576e-01
2.746099674695725579e-01
3.332266569560990432e-01
5.232572588806170266e-01
6.744193036518406625e-01
4.023883350349631294e-01
4.679547297489138336e-01
4.805012506460349941e-01
5.265759546611669117e-01
5.649127762957243393e-01
4.507180276884012460e-01
4.306868168467819502e-01
5.515664694964012016e-01
5.423296103757272446e-01
5.725629549777377925e-01
5.331644115537723660e-01
3.846381379002561940e-01
2.852547692140853242e-01
5.510900160223962674e-01
4.609121600736590940e-01
4.479077150834396837e-01
2.719011554946463294e-01
6.304085712706305467e-01
5.983245341202368950e-01
5.726325027955418978e-01
4.405298423958671772e-01
4.377614971217500539e-01
5.592617822888242829e-01
5.272475292187186469e-01
5.679893042775369105e-01
5.676787341300458811e-01
4.342857603580707604e-01
3.020146830024672546e-01
5.342927129233310257e-01
5.512617144671418945e-01
5.411785038814934667e-01
4.196767829006299855e-01
5.579740504070546114e-01
5.582482952225796824e-01
7.233917446493550729e-01
5.604611712592888484e-01
4.079270638293386320e-01
5.026749974658915043e-01
5.785504333795771226e-01
5.718322740342656196e-01
2.695222465144355151e-01
5.986292963234838282e-01
6.045024788338346777e-01
4.659616428331483928e-01
5.587376388784182080e-01
5.600000826345923333e-01
5.696670401175117915e-01
4.723895421611531975e-01
5.243109647102189852e-01
5.397914822128363488e-01
5.352400197269738813e-01
2.713513365126312138e-01
3.714229860215456092e-01
2.670381707007184469e-01
3.913486866565423772e-01
5.599411777739984331e-01
4.978657657005726711e-01
5.559213146331198896e-01
5.454555666896722110e-01
5.783549842024946486e-01
7.379849372684187392e-01
5.583584255692908282e-01
5.515437729908035935e-01
4.737495124989895556e-01
5.677017641806362258e-01
6.169568533741919270e-01
5.375964139788237395e-01
5.153271741279873419e-01
5.457220311232890975e-01
5.355905286591610137e-01
4.759795755863819866e-01
5.228530200110320658e-01
5.345266316818401142e-01
5.043386318642770760e-01
6.036951370517210647e-01
4.546173021070133990e-01
5.483276127439795644e-01
2.775062262321325579e-01
5.174931924679824213e-01
3.818966922059190972e-01
5.607220360580931207e-01
4.649971540029831374e-01
3.280872161316185642e-01
5.762608365404081612e-01
5.934422686799964985e-01
5.236361862330362049e-01
5.248142727455706869e-01
4.301846479442631432e-01
4.231798779369326247e-01
4.545170119148771448e-01
5.569566302599274765e-01
5.643734751730816734e-01
4.979542559438707716e-01
5.536940931818297162e-01
5.709511361966952414e-01
3.639948853076714341e-01
3.944653564757356623e-01
5.582638202335548083e-01
5.211034211700005248e-01
5.748028379606904270e-01
3.920409212225779982e-01
6.038725523941893547e-01
5.602708559528186694e-01
5.462053515850108232e-01
5.338569326427691220e-01
4.602639966883923517e-01
5.178979656887460203e-01
4.530362036039110030e-01
6.620121004948905652e-01
4.895334115021592880e-01
5.196939649904024350e-01
5.557803884963198326e-01
5.363938642734857876e-01
6.323412637536303116e-01
6.984710042901196569e-01
5.952029883803318100e-01
5.352453152163709760e-01
5.511624827638751389e-01
5.838889893771087580e-01
4.956109706997255948e-01
4.588025358915286955e-01
5.483907390814630745e-01
3.172317468402821583e-01
5.203442857860214321e-01
5.507080704860127796e-01
6.352841937462530009e-01
5.653398585590676539e-01
5.432725881675527502e-01
5.490798494169959465e-01
4.343594071098519915e-01
7.115376870755382166e-01
3.451914372779166795e-01
5.102502968060809163e-01
5.365328074167158290e-01
5.225566254495150886e-01
4.672969200664829348e-01
3.534529554996285738e-01
5.551552660366082526e-01
5.421142698011642835e-01
3.298807779850882471e-01
5.896215163202184195e-01
5.158577582915228055e-01
5.599331456118239458e-01
5.005556410722687977e-01
5.021523924313482379e-01
6.022054350727317207e-01
5.525849146817817248e-01
5.464821825661617671e-01
6.103435991509689185e-01
4.048555088633100651e-01
4.431728054586419052e-01
5.687036867699050147e-01
5.534097965609168224e-01
5.524578392656619430e-01
2.675708333562079599e-01
5.742726461190601484e-01
5.043779974333848504e-01
5.230879898078297785e-01
5.640457681937594003e-01
4.015128178841317896e-01
2.843887505511202285e-01
2.785764559177206223e-01
3.762859364230496939e-01
6.796212929386969970e-01
7.376817281639661550e-01
2.660307074527517024e-01
6.639634197938165672e-01
2.669556774766052021e-01
5.896267502488988788e-01
5.418515563892756237e-01
5.813125780681630550e-01
4.830412838034459644e-01
5.637150704416546976e-01
6.244418231848206657e-01
5.471519710797747571e-01
5.496058407964403703e-01
4.626939486357561360e-01
2.663653284361426898e-01
4.899077032687024769e-01
2.767841008962305116e-01
5.805815545325964111e-01
4.621718034883127713e-01
4.449289376039585187e-01
4.539295944288380125e-01
5.201796649215322255e-01
4.780953093530721509e-01
5.492851887885674689e-01
3.703311647230089210e-01
4.604116210453466640e-01
6.109687313456899638e-01
5.906909371571968936e-01
3.974292305945789638e-01
4.173853964349158452e-01
6.524559405325196515e-01
4.095621300011894061e-01
5.638070073294351170e-01
4.610128663789016534e-01
5.616629430561527192e-01
4.393948608432096670e-01
6.984745421952038846e-01
4.387171323383939892e-01
5.888339230535255542e-01
2.933517232242864314e-01
5.665749222345322078e-01
5.521615976098599443e-01
5.780326212433788413e-01
5.059287230489771803e-01
7.339702457203091113e-01
5.786932064854282132e-01
3.600721022089652390e-01
2.814496628875470807e-01
6.046670253251259508e-01
3.963991982562257710e-01
3.202100977221928879e-01
5.543183568428748931e-01
5.404571955141489470e-01
3.657150409295765736e-01
4.642834749856898369e-01
5.542026966560227308e-01
4.583594584352566614e-01
6.202393793549179080e-01
2.809971684859319252e-01
5.260142888522880700e-01
3.862657882056312331e-01
6.132138455152833512e-01
2.827106125040348417e-01
5.625557581379969641e-01
5.643994589365691761e-01
5.640606783208816921e-01
5.629101092525998773e-01
4.997334922772322385e-01
5.347466416458740435e-01
4.107403490973022819e-01
5.220418020416699445e-01
5.162644679973241724e-01
5.338960577535348806e-01
5.684072696675487313e-01
5.055646528645878490e-01
6.482044016109200779e-01
4.737903233728157359e-01
5.476545321448204051e-01
7.376498360682668398e-01
2.783022656920342008e-01
3.136780413904073361e-01
4.817747906462679919e-01
5.601678511081840117e-01
3.219115110286739356e-01
6.067487603426984233e-01
5.362859465980615026e-01
5.370636792971995588e-01
3.368958245880924740e-01
6.002293182146295480e-01
5.795326254784264330e-01
5.373546437060123804e-01
5.457474335417908939e-01
5.642814042244311823e-01
4.993181617497389757e-01
4.508845400927452007e-01
4.486534108738694515e-01
5.164899915643080819e-01
5.569163679465272132e-01
6.025319558931978570e-01
4.020745963894882258e-01
6.862349028047238786e-01
4.125748793340708875e-01
5.330818720698897728e-01
2.716620200311540834e-01
5.450162712942665522e-01
4.910943725952930383e-01
2.676612750737906166e-01
5.056650495681983548e-01
6.046459041672586077e-01
5.681918125721454604e-01
4.001480919993377072e-01
5.494387555027726577e-01
4.785618662532045153e-01
3.519859167321236493e-01
7.387432773033116851e-01
5.613305671250089501e-01
5.574902829641775748e-01
5.679350365311687243e-01
4.648139846995841817e-01
4.802577301941994281e-01
3.845960310114403535e-01
2.852890873296132224e-01
4.071500702487746981e-01
4.004643086420258680e-01
5.052839356614584609e-01
5.508278513479222260e-01
2.757809815799801001e-01
4.963473464712254146e-01
6.043570361347506692e-01
4.668890647116012427e-01
3.935058187775085092e-01
4.066514475617081237e-01
4.528067619583932002e-01
4.375670514602447159e-01
4.820414244891616518e-01
5.559513909878790461e-01
5.741900857522392876e-01
5.179339474115308706e-01
3.246278786775539937e-01
4.560550778054582310e-01
5.207515083692660918e-01
5.304885695726190287e-01
4.421504482201549791e-01
5.313229747209143872e-01
2.807473269988244313e-01
2.682885082472400984e-01
2.669827008639977239e-01
5.578140904902615382e-01
5.033148984287467709e-01
5.096913543443829520e-01
7.382170351177544942e-01
6.268885834273313362e-01
2.663864748806151206e-01
4.715661209410021426e-01
4.807001783358439972e-01
5.430350229630340753e-01
5.194715870545086878e-01
4.854355872910549596e-01
3.779860126903873407e-01
3.342818520050086506e-01
5.930321408771369596e-01
2.865146116715717728e-01
5.535441067892379330e-01
4.604181458643660796e-01
5.610083541173556121e-01
5.447204739003875806e-01
5.647976448822983331e-01
5.216163927014298984e-01
5.384937710040323955e-01
5.534449371771438253e-01
4.053161787270977978e-01
5.243556756480822756e-01
5.577702778264382877e-01
5.637800112794995044e-01
5.134557709446964102e-01
5.434886225011575922e-01
5.465277003302208003e-01
6.010423153839226096e-01
5.239902701899074033e-01
5.679436138777128606e-01
5.589863227052250805e-01
6.091799889808077184e-01
6.436207797070137016e-01
5.597373812178851882e-01
5.621614357634924231e-01
6.187066314775768738e-01
6.487705940293588824e-01
5.768653263334341252e-01
5.954691641146152570e-01
5.147437828923878689e-01
3.937972305252962490e-01
3.024103848935420502e-01
5.727265665166392239e-01
5.639758640998395745e-01
5.029985544677106901e-01
5.398203470146557548e-01
6.044478475196527478e-01
7.376606019191074282e-01
2.721971123755101418e-01
5.466370401694968795e-01
2.684560217175884778e-01
5.317519858572651303e-01
6.748915484795416919e-01
2.662388575570795446e-01
4.850695117461094608e-01
5.743129311781766111e-01
7.141593835919302080e-01
5.331562091508431633e-01
6.453664648033308193e-01
6.260218910263664061e-01
3.647798884034222366e-01
3.387690987072319859e-01
2.998931837419522295e-01
3.038832932607077875e-01
5.411169897811253238e-01
5.642674604701837238e-01
5.362087005695962416e-01
4.911441794788597437e-01
7.392960588079701134e-01
5.625907793717689342e-01
5.585790027579602413e-01
5.481451117413096430e-01
5.307776600474234385e-01
5.280215067830263953e-01
4.072515927556507043e-01
2.819994102328790553e-01
5.089402669123584966e-01
4.323133524154971763e-01
5.279427931445289657e-01
5.881361077234645851e-01
5.151124789814114369e-01
2.662670305542839677e-01
2.670075829613088869e-01
3.438411446679580652e-01
4.394808083860219927e-01
5.623211424214890064e-01
4.839173889072666546e-01
2.681768434154075953e-01
2.668229992558975305e-01
5.000179987650291702e-01
4.069825785509192384e-01
3.861178637102297140e-01
5.611689629399215784e-01
6.845248668331813668e-01
7.036917283684797075e-01
6.536190919954528722e-01
4.793940641265176938e-01
5.691483316931831293e-01
7.358224323616442408e-01
6.650841808683297662e-01
5.333003361727981506e-01
5.987242858871745232e-01
4.654571037091027597e-01
5.569671110605628472e-01
5.146499190679021396e-01
2.683879410690295786e-01
7.109475910114918529e-01
6.081961644400015743e-01
3.555749296685395411e-01
4.365028576754736434e-01
5.274433785742176362e-01
6.508124884784688424e-01
4.132053703954263746e-01
5.730747753693875568e-01
5.044693330985192681e-01
5.545197431593095194e-01
5.485384796228383042e-01
7.339426315758212915e-01
5.440767568683534394e-01
3.024191497335778078e-01
3.598439657380536061e-01
6.004601546116460353e-01
2.801062750468911178e-01
5.179439140685138110e-01
3.285237497400439466e-01
3.202515843592574352e-01
5.539503495708809622e-01
3.186581829038291347e-01
5.039594684768051724e-01
6.041696958328091061e-01
4.594839835209839629e-01
5.874335554243022006e-01
5.365037167819345365e-01
2.853661881505670794e-01
5.754603408575177381e-01
5.264288634233212916e-01
5.923091169461731642e-01
2.664944573085692436e-01
7.367980993146038271e-01
2.993956629574522355e-01
7.392763191352010876e-01
5.546652718343748623e-01
2.803952323873381558e-01
4.727360282976159622e-01
5.028952019144896646e-01
5.281031201118711049e-01
4.875564687558153754e-01
5.595157762501773435e-01
5.345802799760623891e-01
5.842706772432949558e-01
3.655446930924526883e-01
5.598690642910186810e-01
5.014703950284595813e-01
3.067317500736883029e-01
4.838116840720769751e-01
5.667079637096830158e-01
4.689927004108747077e-01
5.630536746019422223e-01
5.600012460551528903e-01
5.982547174162099468e-01
7.248683748633830692e-01
5.410650073472283994e-01
4.733905509453234517e-01
7.320206345916800972e-01
3.894813737915941432e-01
4.188898354866979479e-01
5.512674184213202100e-01
5.792118931535342741e-01
5.742286880609384081e-01
7.020463711775445370e-01
6.638557452139660642e-01
3.213928853420477960e-01
4.127711158907551581e-01
7.230370729292022736e-01
3.341501122352926179e-01
3.154859775825950563e-01
6.025127242035507313e-01
4.890536622457246629e-01
5.485140833607694555e-01
7.332126988219574981e-01
5.378345263088020189e-01
6.196855404937159362e-01
3.947188029491409123e-01
7.012818395515628689e-01
2.669947350143107023e-01
5.763305156186613321e-01
5.394598720273353631e-01
5.177459379624018698e-01
4.330431130933535822e-01
5.845616164101647971e-01
5.282740146663452707e-01
5.598090018150971847e-01
5.110882534385187137e-01
5.220113036815067220e-01
4.996132273112084965e-01
6.852361636177922710e-01
3.979384804243829565e-01
5.042246623538066963e-01
4.284298174846280505e-01
5.629649465744345216e-01
5.359107826040432343e-01
3.175658945248036602e-01
4.491360564931657362e-01
5.641974260478501701e-01
4.794325293333727145e-01
5.591290656836697126e-01
5.803016701335526051e-01
5.371757643224033263e-01
5.297539963349152670e-01
2.676267962532850597e-01
5.750140795979306052e-01
2.699131946177678598e-01
5.567178049396492856e-01
5.816133225999504663e-01
5.620930022084595912e-01
4.809996854034017111e-01
4.496797874035176057e-01
6.463871206347115983e-01
5.277180067741246150e-01
7.259327952224149394e-01
7.073821122916719162e-01
5.225487782644457901e-01
4.462957509501598863e-01
5.556012764517654912e-01
5.402621038338403237e-01
5.305912407129063091e-01
4.879480260886535081e-01
3.780526469427415437e-01
2.974204007126683980e-01
2.826855350286870405e-01
7.387820390056852871e-01
5.737742502181386595e-01
6.292043894671565107e-01
5.137308033146956721e-01
2.663627124719232797e-01
5.425458569062774350e-01
5.779261338115583291e-01
5.958207018304767510e-01
5.525373558514692363e-01
7.370687841863231560e-01
5.451686833602364946e-01
5.663335100095632235e-01
5.560999709704407268e-01
4.652979283568453028e-01
4.111574669403412763e-01
5.471980153991236051e-01
5.719989967074271542e-01
5.502859896272950246e-01
4.443958224301834958e-01
5.333245196099324348e-01
5.580431644567037663e-01
5.922107246844320327e-01
5.572208181275452032e-01
4.879349647786243582e-01
5.326312354848402597e-01
4.579761296991498032e-01
7.329387614548695806e-01
5.366756481604528783e-01
5.536051716824277324e-01
5.350291418326197368e-01
5.019848965324454904e-01
3.160927961540447861e-01
3.612611693525365486e-01
5.634454074726834572e-01
4.692847739465492163e-01
5.713191205230251368e-01
5.659903374076241667e-01
5.746639563136413109e-01
2.960974315827498149e-01
4.257029265193757461e-01
7.386497602184391997e-01
3.756314149887534093e-01
5.606796541556549052e-01
5.572950299627751347e-01
5.586354845200538488e-01
5.038063672182319097e-01
4.851069524631360097e-01
5.257590159749109260e-01
5.773379870381498691e-01
5.580976729001079217e-01
6.913449047281425841e-01
6.008013220916956776e-01
5.214323219397278830e-01
5.337375976570317704e-01
5.887965116289806122e-01
5.559081250765347537e-01
5.462512922193227816e-01
5.194578650823681309e-01
5.670136572189973245e-01
4.498227776671506195e-01
5.396350669770089148e-01
7.138140343528841525e-01
2.677930793032798906e-01
3.642853184361841690e-01
5.045234737406216752e-01
4.531118736079451370e-01
4.922630972407125438e-01
5.801351288696736663e-01
4.170575197348733165e-01
6.687520347848397995e-01
6.579040008329687383e-01
5.623101174038824812e-01
6.089518062380101515e-01
5.488706114162931193e-01
5.750578423088430480e-01
4.893822884446360488e-01
5.617382493466097637e-01
5.572737627576339614e-01
4.057871376637390837e-01
5.300425727142685783e-01
5.229375376378370133e-01
5.237579674375152372e-01
3.315297596531188717e-01
4.772176856889814300e-01
5.619640187693802913e-01
3.756710143063805019e-01
2.678517166861606458e-01
5.552222022929684808e-01
4.938984019713351103e-01
5.604091713508685402e-01
7.306911556198911750e-01
5.690220774033026840e-01
3.165887197120780261e-01
4.658357348419832622e-01
3.705260254896955985e-01
5.239377061011423198e-01
5.585958635232112224e-01
5.454738603897484328e-01
5.315676421280313146e-01
4.453544912365330344e-01
5.613633502279847809e-01
5.344737502345390245e-01
5.304874884626242793e-01
7.014178940206988733e-01
5.305259777761297535e-01
5.560015620053210261e-01
6.396858638397594499e-01
4.359096261855688326e-01
5.678199851248254548e-01
2.699352357674089653e-01
2.668472722644519290e-01
4.023171190516567353e-01
2.730851076413159384e-01
3.067455324063447786e-01
4.057760380561846736e-01
5.272213528753624256e-01
4.289541484300447571e-01
2.687702125867355574e-01
4.374974510076524714e-01
5.442550833951597111e-01
5.030144118883544957e-01
5.660476485709237116e-01
3.812172267462946573e-01
5.521995062465855364e-01
5.793545107397691796e-01
6.040861926687159933e-01
5.093703589218870897e-01
5.568181048169796865e-01
7.382601884553438021e-01
4.137232421420374839e-01
5.750298064058612102e-01
4.688320845670232995e-01
5.491367291763588065e-01
7.365248287065104815e-01
5.291623165852095134e-01
2.716724519743596300e-01
2.760108607000023584e-01
5.645230206827912545e-01
4.082985674992705705e-01
5.859647227510009770e-01
5.087318334370851680e-01
5.857033485405490625e-01
5.482566626190389369e-01
4.038383489934530002e-01
5.529919059885174404e-01
4.415365057566286167e-01
4.698061879481125747e-01
2.803247612189057603e-01
5.154727784326034179e-01
5.515370934762875432e-01
5.594027833921885184e-01
3.176802069690601305e-01
5.147258149472356825e-01
5.639402672002038486e-01
5.224449980744645394e-01
5.534853520751646938e-01
5.482471218330530194e-01
5.470066325431744980e-01
3.785877396242289250e-01
6.263110032860305099e-01
2.699149564036760207e-01
6.370671840270170083e-01
3.344126440301134484e-01
2.921570307344485973e-01
5.309980240289497999e-01
5.815822237389184357e-01
5.645080807580552529e-01
5.271006834867498769e-01
5.627523156455619402e-01
6.299779436496171225e-01
5.025518904284691502e-01
5.178790302214073549e-01
5.948005073342265137e-01
3.038556761376248749e-01
5.537300258629758165e-01
5.904777887984671292e-01
4.966441236966678274e-01
4.664798606353455224e-01
5.039992989069247420e-01
4.299102573945783878e-01
4.989113188763383278e-01
5.510445569449172742e-01
5.648135734733839008e-01
5.025385764966535662e-01
4.815001631876412724e-01
5.186948767504749869e-01
5.565595001433673028e-01
5.121263505612692057e-01
4.442071764628641728e-01
6.022379041131039612e-01
4.506399087387820135e-01
5.400391833582564027e-01
5.975938155429305620e-01
5.603728263211884553e-01
5.694141792317091166e-01
5.090410292625924260e-01
2.745381972039511176e-01
2.973040904536117246e-01
5.330048612035969136e-01
3.845335987365038899e-01
6.006308405456122212e-01
5.527944461876904692e-01
5.827944118454387867e-01
3.682510585582279283e-01
2.675166530818404720e-01
6.533621712511138435e-01
6.412253388723475611e-01
4.793658123921000769e-01
4.404038706450280061e-01
5.761352464956569497e-01
5.312825310059516859e-01
6.103563830284887137e-01
2.779690973321661263e-01
5.616858806873669119e-01
6.197676283543422926e-01
5.703814287999768862e-01
2.906739706738218909e-01
6.037974031051253077e-01
5.699905344999772749e-01
3.973618572207935906e-01
5.598102926983299366e-01
5.273851987848074963e-01
5.326822648530443738e-01
5.480448878176277239e-01
4.543078672915364380e-01
5.713921021216915586e-01
3.953824636004107385e-01
4.114075804171973827e-01
5.322139890273926977e-01
2.673437004995974919e-01
6.960821181955879622e-01
7.369922486907135584e-01
3.200360962116559627e-01
2.968833489360613309e-01
2.667212555723193490e-01
4.954196780414618639e-01
3.727712719386564455e-01
7.382458855305118473e-01
4.066539441126085785e-01
2.663449575344574716e-01
5.583347762327123265e-01
3.311369226762105877e-01
3.365807221442048691e-01
3.771731648883506760e-01
3.953391278257460950e-01
4.279457270884198805e-01
3.760697610975959337e-01
3.765864633181347787e-01
3.760934547521828097e-01
3.745801660900137664e-01
3.033106878434346232e-01
7.388281105132952220e-01
4.814799765135195364e-01
4.435417709688236343e-01
4.840373894537615684e-01
5.514128457421907381e-01
6.054429239931874429e-01
2.876854830112932082e-01
2.877092426891382781e-01
2.661165006655837884e-01
2.776801118109928357e-01
3.411770614941267432e-01
4.871402502451271377e-01
4.369343289241270356e-01
3.038409264414620448e-01
2.687890571539420237e-01
3.111386009131852926e-01
2.663160593948536992e-01
3.421705176250458558e-01
2.670006262294720156e-01
4.477597115109530623e-01
4.531038539695986245e-01
2.741235815290851696e-01
3.878563602431450708e-01
5.532230693083283191e-01
6.003725036046804187e-01
2.659702486188641468e-01
3.265725854602705147e-01
4.453711046193045697e-01
5.245247736023953555e-01
3.811650379039500658e-01
6.005421906794415898e-01
2.928928711008750296e-01
5.287462184910097784e-01
3.216596342536687247e-01
5.128749568628933053e-01
6.396511177309360807e-01
2.707577553502614198e-01
5.062956830784777207e-01
5.512203982357648524e-01
2.938809525892641661e-01
2.870559618920721645e-01
2.847531726318884848e-01
4.226036370896681382e-01
3.003891172957670608e-01
3.087410343482411279e-01
2.987446828417850697e-01
2.668539361199641635e-01
7.392584947008549179e-01
7.393314816770915066e-01
7.392159291575831626e-01
4.242478851983513821e-01
5.650062492174684481e-01
5.607482896334815559e-01
7.167255489569609450e-01
5.359203173191879888e-01
7.379668599075620561e-01
3.508047982121245689e-01
6.352281235944619020e-01
5.619912516700912297e-01
4.498506544728173018e-01
5.738178548656381883e-01
5.508113016951586838e-01
4.619448124917975296e-01
4.436146406307584500e-01
7.336786638395927929e-01
5.849427975142844627e-01
4.013406623972574083e-01
5.566048989739227348e-01
5.046808350071214644e-01
7.088923991296394167e-01
5.584422600092920907e-01
5.654044192962818238e-01
5.945163662772087187e-01
6.310379541106626577e-01
5.049349738861439452e-01
5.521539576653520243e-01
5.297781835026788011e-01
5.504138774277931301e-01
5.398673706464052202e-01
5.308780998519596617e-01
5.014834856703724864e-01
5.792576247757806884e-01
6.944808445010380860e-01
5.591990149057366466e-01
5.060654890118027049e-01
4.967938975370731480e-01
5.311084635451902569e-01
7.323130973923027698e-01
5.816108901284803290e-01
3.548132018932622089e-01
5.274214901965668112e-01
3.593460185722065492e-01
5.238423311747253397e-01
4.328352550252435038e-01
6.141502710135806620e-01
3.325683939744571993e-01
7.348780695395434881e-01
5.629570368042575712e-01
5.607260281952097802e-01
5.022944479520534689e-01
5.683972825445245958e-01
5.716836444832409381e-01
5.336350340970802408e-01
5.561133162796009222e-01
3.502529869220388226e-01
7.002621868360513480e-01
5.253056909359656856e-01
2.724216403575442924e-01
2.981549846176314023e-01
4.528114433100733360e-01
6.740157767235666064e-01
4.243257105049733080e-01
5.420196699202103341e-01
5.068358088055872068e-01
5.018710317419257105e-01
5.746432512970351958e-01
5.023279782132368254e-01
5.061696954243847246e-01
5.581369437625915975e-01
5.285373667599830849e-01
6.372276492866499886e-01
6.289850396441455382e-01
2.753353716650338012e-01
7.367134376255614070e-01
5.587415511784359357e-01
5.585257578634627018e-01
4.140198551078713707e-01
3.935170921238095310e-01
5.833759224849147662e-01
5.011266699578088568e-01
6.503843400474887959e-01
4.478005291693665790e-01
4.377614793582789154e-01
7.079331453022572607e-01
2.669831049667705791e-01
5.370567701659630933e-01
4.058712019163334683e-01
6.085228275055253322e-01
4.739470422496875335e-01
6.081518914881443028e-01
4.772801249545041147e-01
4.414743839830972405e-01
5.213815868296368672e-01
5.127250026927179238e-01
4.899077966239832049e-01
5.023641165881955750e-01
5.642015766738093241e-01
4.199947705842560497e-01
5.744689916232834648e-01
4.099970855311039775e-01
3.773310377537937854e-01
5.881015028658150845e-01
5.219321665873143390e-01
3.214774556767230895e-01
5.209266281172447721e-01
5.322219516184545363e-01
5.417209947549659343e-01
6.522470312726971198e-01
5.261959007489040996e-01
5.110191078456535196e-01
3.307641602087343369e-01
7.367815608080569012e-01
4.368861396543202713e-01
4.694517713089519373e-01
5.278194485234926070e-01
5.125290626807966765e-01
4.982636166755402551e-01
4.236888028203378842e-01
5.524849956151399732e-01
5.505740370929669281e-01
5.622482328077229585e-01
3.351846954933307421e-01
4.054408575550517146e-01
5.163680738673238624e-01
5.520362635777122939e-01
7.238491242115083768e-01
2.918728202393552906e-01
5.415062692808906286e-01
5.506517620753264008e-01
5.466992754822536105e-01
5.372973077671059361e-01
4.679313832331618572e-01
3.602630143512671745e-01
6.995144816954815825e-01
5.592604433256387342e-01
5.271739938286591487e-01
2.661265907026226230e-01
4.045225157668322913e-01
5.956470027095976949e-01
5.443824296451719169e-01
6.523392981344388053e-01
5.640409050333433649e-01
5.780896234122498978e-01
5.656405101456317697e-01
4.322290812494897772e-01
4.364426707854490717e-01
6.102826591414242108e-01
5.651493019678747176e-01
6.358710342099065382e-01
4.573084789034368991e-01
4.529273579277908746e-01
5.389226476678489197e-01
5.825660732357209604e-01
5.371001861679751688e-01
5.486880590536674651e-01
5.266508444113727760e-01
5.703607601509727010e-01
5.338533376792811147e-01
2.852493521177558722e-01
2.664468369286233651e-01
7.226767130614560886e-01
2.675280968020798955e-01
4.799824967045895896e-01
5.610426177861319585e-01
5.564227958435133958e-01
5.503588556891264583e-01
7.096751174485927960e-01
5.096659959299507658e-01
5.585451980089199964e-01
3.687836646698578469e-01
5.603035597568928328e-01
4.351931067851759205e-01
5.542416804397161112e-01
4.653344621435076545e-01
5.622006258453394745e-01
2.744754928409983141e-01
7.390426386906882028e-01
5.008879945021149638e-01
5.355821963668888630e-01
3.764284232253038431e-01
4.664373608292458062e-01
5.238880816286852760e-01
4.740719499713261231e-01
5.543679549896459724e-01
5.005180017224502009e-01
6.688367612907355486e-01
4.760774326473582452e-01
4.324453303315375363e-01
6.147444518640720057e-01
2.669486586619003732e-01
5.021611590026090477e-01
5.090646425494581573e-01
5.366407415000704617e-01
5.875631386245320220e-01
5.515340793028148392e-01
6.231447978860460424e-01
2.940420409235637300e-01
5.910556813737362081e-01
5.605776373037438809e-01
5.768609257107463195e-01
3.336378868336451475e-01
5.160646758272785517e-01
2.758056051135749365e-01
5.043858860802002964e-01
5.487720882268029010e-01
4.387241485063879121e-01
5.377860065582347193e-01
5.586700782215997529e-01
5.830500337399193711e-01
3.239499971994617145e-01
4.328964415162685486e-01
7.364185589941498744e-01
3.355537137196286657e-01
4.602441734216383695e-01
5.545550866265016587e-01
7.362678225190953940e-01
3.943934385807126297e-01
4.568293593777876804e-01
5.201559964340810582e-01
5.287615398506133602e-01
5.046690318709605716e-01
5.042875757294803529e-01
6.165263433883519939e-01
5.506850278108219587e-01
5.458135139075878106e-01
5.261250628200789814e-01
4.665858151008410171e-01
6.583102431317864323e-01
5.387436557262830217e-01
5.535714596923487774e-01
4.994243520145555948e-01
5.374337181611557046e-01
5.576385078556650443e-01
5.330810953455227263e-01
5.513975262614730921e-01
5.664218791499243677e-01
5.505774151782216741e-01
5.169228613540266526e-01
5.796594123489379191e-01
4.478279946410413381e-01
5.082622728266348311e-01
4.912787535682505702e-01
4.577692783541142396e-01
3.489745538330072394e-01
5.410627163373245008e-01
4.927911284807122705e-01
5.742991340359676622e-01
5.622538824279266212e-01
5.430256822295715935e-01
5.950411461433083860e-01
5.825398402961630140e-01
4.996996580678243483e-01
5.339476940832175167e-01
5.215945830947067430e-01
5.497619745004211911e-01
5.115790258536425661e-01
4.725714443750457239e-01
4.845301436928124983e-01
4.386389187208706852e-01
4.409782743687229445e-01
5.738390916787277085e-01
5.966265441850707729e-01
3.226875267847187367e-01
3.037132216775337290e-01
2.658173931972246939e-01
5.295986574795302770e-01
5.647072106721896523e-01
5.567920396012630002e-01
5.621647899360057155e-01
5.042524824184295706e-01
5.500183371426644596e-01
4.211193784001991403e-01
5.717236627648313307e-01
5.648789439961152681e-01
5.517591474572849375e-01
5.550293945945730112e-01
5.858917051304659562e-01
3.665543290521228181e-01
5.427454241237013033e-01
2.690859002723644533e-01
5.475357669023798168e-01
5.655237789755940270e-01
7.328387364099067103e-01
3.533759235427829104e-01
5.468439253087966634e-01
3.089565057289062611e-01
5.281584762066828809e-01
5.734521859329385629e-01
7.037066831500425890e-01
5.588163528620897491e-01
5.748112840713800464e-01
7.304068052631745855e-01
5.100905004457791936e-01
5.468070937121956021e-01
3.394980982277437942e-01
4.879031641725076751e-01
3.270011437840584789e-01
5.398316550827573224e-01
5.565418260851526799e-01
5.697628987011981172e-01
3.953633137294695898e-01
3.933936766391806228e-01
3.446368566061916439e-01
4.731712093539465758e-01
5.443991822765172905e-01
7.387807943893456297e-01
3.287962189260885681e-01
4.685697859405494325e-01
5.558516114780645001e-01
3.149807770956539743e-01
5.400500616345711435e-01
2.893523615584173703e-01
2.682959039278170477e-01
3.647416925801718612e-01
5.426663403770941585e-01
4.158171671095892141e-01
4.185252550495117130e-01
5.215821430390324975e-01
5.548337381210777242e-01
5.781432260371892617e-01
6.016052098599039555e-01
2.941844881947647816e-01
3.012426935956213914e-01
7.279377719047301909e-01
5.773656144393989331e-01
5.662852607111065195e-01
6.348956477882680138e-01
5.654918368268304629e-01
4.476432845725721865e-01
2.713008996049601218e-01
5.388719185064351214e-01
5.641289159682046916e-01
5.123530713829654859e-01
5.170649423928919131e-01
5.074425369062723901e-01
2.702662601902602879e-01
5.543576215942936924e-01
3.515494678080368640e-01
3.348939812603903277e-01
5.925165052837565449e-01
5.480601360769533636e-01
5.254653759311127548e-01
4.450736262091459783e-01
5.635043211020593912e-01
5.622008371986351172e-01
5.497307305688695633e-01
4.887096794526041843e-01
4.382833775463175208e-01
5.678858250695777432e-01
5.516347492326592050e-01
4.897010733545373862e-01
4.839763153958283048e-01
5.294756538017743042e-01
4.204169318380330811e-01
6.155451155518023576e-01
5.852542678444146995e-01
5.380692913704291369e-01
4.911564301037301128e-01
6.572873155528835554e-01
4.786540282909005906e-01
4.301158655449756618e-01
5.723685433206110451e-01
5.446817011636331252e-01
4.176995691237010422e-01
4.091785227668576774e-01
6.984410416417926593e-01
5.339423959374172135e-01
5.708370601964373181e-01
2.735970876197651447e-01
4.274069672954719512e-01
5.172359502376294715e-01
5.623164819413424276e-01
5.612688281532519641e-01
7.333930938763271179e-01
5.369389865918743343e-01
5.947446019101507719e-01
5.340963146001994621e-01
5.725458440648932834e-01
2.705015354236685599e-01
4.659916425616020264e-01
5.637376878204412023e-01
4.349973782987652804e-01
4.133237190855547638e-01
3.415428463572614537e-01
2.741774319323147524e-01
5.650871102388433931e-01
3.204989275315534014e-01
5.691771137503981448e-01
6.295101711920206844e-01
5.642594096111169799e-01
4.772290451095610453e-01
5.236390810518264383e-01
3.997418153924641726e-01
5.588376056821643401e-01
5.517021177282739330e-01
5.732714862036438763e-01
3.627458453152436202e-01
3.046280261038614712e-01
4.611990376875366171e-01
4.710148593516307880e-01
5.624632033115243290e-01
4.517315982757274528e-01
5.797955298439307903e-01
5.531000584243844775e-01
2.666888035319823769e-01
5.338666271536602892e-01
5.212612583620747086e-01
5.767748009390452069e-01
7.036008662295486493e-01
2.671705629765557810e-01
3.425858876242452444e-01
6.389523229834070950e-01
4.829878114037781667e-01
4.114753709956217032e-01
4.145304072971142673e-01
3.626425802189655601e-01
3.027671096007588658e-01
5.614607366744472916e-01
2.692628041334148570e-01
5.472458566282455417e-01
4.817092712686197875e-01
4.487143687205399356e-01
6.362970329689219273e-01
4.304816051313469227e-01
4.622814119120098875e-01
5.672880144411587278e-01
4.919205954163977657e-01
5.364715645453075332e-01
3.173276595727116955e-01
2.877383292769560841e-01
6.480131702305046426e-01
5.388166247452604862e-01
5.035399156484082761e-01
5.604551503424949344e-01
2.675102856417526653e-01
6.932831245245725249e-01
4.435526261115660951e-01
6.885872083462755144e-01
2.902289226085039697e-01
6.186687497687967108e-01
5.150492667857090590e-01
5.602933996331882494e-01
5.706234692518067364e-01
4.618771541271974868e-01
7.363394340299509455e-01
5.224200823655932302e-01
5.809326940383882087e-01
5.632388198960704973e-01
5.628036047591388202e-01
7.185642374870409022e-01
5.510900983409101617e-01
5.401717646878129164e-01
2.764281999519009880e-01
3.167159607192320814e-01
4.012862079307637497e-01
3.357433977553651028e-01
5.582207460122745601e-01
5.296579568511277092e-01
5.610023749997262721e-01
4.009745695444072444e-01
3.760972514300228720e-01
5.914480134953353785e-01
5.131622098977425273e-01
5.623702879230892959e-01
4.342114990956775777e-01
4.887601744444550755e-01
3.135394864706050888e-01
5.622900211458973230e-01
3.562151311868563264e-01
2.729690505942168333e-01
5.818423969354507008e-01
5.409927424392563244e-01
4.889048071813521523e-01
5.616363242827226987e-01
5.099713821435001293e-01
5.313047603235525607e-01
5.740444273412018683e-01
6.278637146517437317e-01
5.153810236040350379e-01
4.553394032835815231e-01
5.373564826042442899e-01
5.629020442728897011e-01
5.575126952943264547e-01
5.389595812502291361e-01
7.044053103841044772e-01
6.125367004780962743e-01
5.232521237286165139e-01
4.116365519967888909e-01
5.898107484988928118e-01
5.819527056155954226e-01
5.798534449613067521e-01
3.305961635420610611e-01
5.055530829582467467e-01
6.009288019603657993e-01
5.400189712725879110e-01
5.747742675996094786e-01
5.311515812926583813e-01
5.276261295364618187e-01
5.494672109410777550e-01
5.215920574576801139e-01
3.589393199959338698e-01
4.547318131623558912e-01
5.622147959074323964e-01
5.090385594364587041e-01
3.193831379654115676e-01
4.349628984185034963e-01
3.169890745119682829e-01
5.637623932083394296e-01
5.924948896017789846e-01
5.618904374955481229e-01
6.035809292451544961e-01
4.059118626667175822e-01
3.963084145576381001e-01
5.631474159566988158e-01
5.660379021498251895e-01
5.551426964487126137e-01
4.650308186111417053e-01
5.579913351356864393e-01
5.340025667712022805e-01
3.653684303652685039e-01
5.868000575323096824e-01
6.284469568781729798e-01
4.285618494352436136e-01
5.576314946141751605e-01
4.495502158967574213e-01
2.970451275064954211e-01
6.707267001098415893e-01
4.994619913262916544e-01
5.072934216366991045e-01
6.960270222096236470e-01
6.500190395384450870e-01
2.765016299282490597e-01
6.296697773665574926e-01
4.922841337109888360e-01
4.092288578870827420e-01
5.404009268696792212e-01
5.287164130410990648e-01
5.556367083245894456e-01
5.825802754363654801e-01
5.740051174592326610e-01
5.247353768734928092e-01
3.161030566409536169e-01
6.109456122340956030e-01
3.588320045583825446e-01
4.814836363361410521e-01
5.149040293329036899e-01
5.765251927207364346e-01
6.025412646092125346e-01
5.188769107512974932e-01
5.523486235055337090e-01
6.142076096967139520e-01
5.493909593625643240e-01
5.357289168491569109e-01
5.224952161647971050e-01
3.059221996520772868e-01
5.512521436977705358e-01
5.430285580503931842e-01
4.917537908498854637e-01
5.645276380610247946e-01
5.676587261344275825e-01
7.261824912019101408e-01
3.866956217776120197e-01
5.030281713814941380e-01
3.774941485467648294e-01
2.737147503758105560e-01
5.970781239904238147e-01
5.544430768565760115e-01
5.564390699485253222e-01
7.384294243578757300e-01
5.170817016200066618e-01
4.530433931556389626e-01
3.883556658032382702e-01
3.105821974133072816e-01
2.662313536275187631e-01
5.657998765146317055e-01
5.185954975657880439e-01
3.482810446297492923e-01
2.963195231333278779e-01
4.543438740363678341e-01
5.456205047073511283e-01
5.904342450761259631e-01
5.621574839082901232e-01
3.979313494720821409e-01
5.641074382894065709e-01
7.234276654992192190e-01
5.489455335264251667e-01
4.953174315872790334e-01
3.766765656362063841e-01
5.330625539543553115e-01
5.050124445041487276e-01
4.343382168190492165e-01
6.025218959892474357e-01
5.409657783066320613e-01
5.400841831264804327e-01
7.332504051084917096e-01
5.314367772110966115e-01
5.444946711059908129e-01
4.789703245511724439e-01
6.111835096580473525e-01
5.471129799164311525e-01
5.631915987867472939e-01
2.759047294203096357e-01
3.028258022830570551e-01
2.686265184724905830e-01
5.906463981521680173e-01
2.816242200797655637e-01
3.489110189534291306e-01
4.836990466905281005e-01
5.473079258835421568e-01
5.053802043722187554e-01
5.927899023335320150e-01
6.988126524300567466e-01
5.604152984573589347e-01
5.090142278100244777e-01
5.117400587988257810e-01
4.247102402588958658e-01
7.376785579483737809e-01
5.858317264436642136e-01
5.154323181599150816e-01
5.654510937483361310e-01
2.870163810381036740e-01
5.501192260824139257e-01
5.108351234559624920e-01
2.781987448263362195e-01
5.515768718044109509e-01
4.093226890128200401e-01
5.982908725434473718e-01
3.478789729983619572e-01
7.142624819651853807e-01
5.281012809033304167e-01
5.031402689146891039e-01
5.044954517502187041e-01
5.515677250100521345e-01
5.722923027129329654e-01
3.608277474420331643e-01
4.916804128108275829e-01
5.292173200114315135e-01
5.306042498465554091e-01
6.396570641356281728e-01
4.937233283538722817e-01
3.752382187097405564e-01
6.044524052665820602e-01
3.837367140762508178e-01
6.030339594718951979e-01
6.946102220951658746e-01
7.032177786471230929e-01
5.420021254800263533e-01
5.660534580101401758e-01
7.374608645087631364e-01
2.661692867086932202e-01
5.074835653041331884e-01
5.031041236160572749e-01
5.340782077439313325e-01
7.137105602333244647e-01
5.592430982799598826e-01
2.672815224583073856e-01
5.280070329516223238e-01
4.879293617053530596e-01
4.438609574592506934e-01
7.389989819732882825e-01
6.099018548977211962e-01
5.500952148183175794e-01
4.547440036114765438e-01
5.775024711710528003e-01
6.774570743421408636e-01
3.155566761956909438e-01
4.177600118550461317e-01
5.298404410097710127e-01
5.705952103660988373e-01
5.077196814226763166e-01
5.561608535917946794e-01
4.930188182010648568e-01
6.331858817284249374e-01
5.560496290321315094e-01
2.874099791771566048e-01
5.128100603800372914e-01
4.394242846865068497e-01
5.335356763422699489e-01
5.379650763663759161e-01
7.322808908844249398e-01
4.893891717996653457e-01
5.531677436720795482e-01
4.489603995197796182e-01
4.042874466884014417e-01
2.705245698234157170e-01
2.738792331550666814e-01
5.241594950481209825e-01
6.059543079753879624e-01
7.352401005313425886e-01
4.798954502179682002e-01
5.779142012248238425e-01
4.938951580918483630e-01
5.935368753174058432e-01
5.640947228434370908e-01
5.040347747541926715e-01
5.852472005473141614e-01
5.519983406352512167e-01
5.429418994013306410e-01
5.367308566812850623e-01
5.429224282218861886e-01
2.886042933308669567e-01
5.593731560995215402e-01
5.393118268004903904e-01
5.321659880172481261e-01
5.226273051568228745e-01
5.378427707033356375e-01
5.560244532962769215e-01
5.514282501336652542e-01
6.941351167856549820e-01
6.025989244606620998e-01
2.878735381449051278e-01
4.915669339584851638e-01
4.994705751652198655e-01
5.530681975876676759e-01
4.839747101667645768e-01
6.832903538951926592e-01
5.101231199868446753e-01
4.671725598707970883e-01
2.672150119788470057e-01
5.353749623453116779e-01
7.388067177620827319e-01
2.667656547283996371e-01
5.434107474030597240e-01
5.095228075091484676e-01
5.679675131828444412e-01
4.020870075044096215e-01
5.258937450611472775e-01
4.007472681433863482e-01
5.331833976268360864e-01
5.616857931661960457e-01
3.810665076408063512e-01
5.712982074177337388e-01
5.906012366380120060e-01
3.619416151375449142e-01
5.930025099029777591e-01
7.279599104367387996e-01
6.843898920978910283e-01
5.195647352913995709e-01
5.701469475674550980e-01
5.243849456378176788e-01
6.137448761631827399e-01
2.673118435830559858e-01
5.655957867954729545e-01
6.491326147058332774e-01
5.337061812794030580e-01
4.596112008053389597e-01
3.367445110496558591e-01
2.722283611580286755e-01
5.548415800333477144e-01
5.274819435127661160e-01
6.055576623437046724e-01
5.355690344024043315e-01
2.681852376661348902e-01
5.930676966954048224e-01
5.397362334778856852e-01
5.121348649505266248e-01
5.735665306748446435e-01
7.309053556605199509e-01
3.867516239744609452e-01
5.252171965936570652e-01
5.265383625950169622e-01
5.288170231834008472e-01
5.198818942890424122e-01
2.876347251930669868e-01
3.388734746578433987e-01
5.641836156511260691e-01
5.268863560916303701e-01
3.421560866396621825e-01
4.492936505756532362e-01
6.009433088242075449e-01
5.554739199944500605e-01
5.202305189946183628e-01
4.062489102379226447e-01
5.353212155211315437e-01
2.964053844636749813e-01
4.837453777525918541e-01
5.700879622194103824e-01
7.221542974384239644e-01
5.780511698564336776e-01
5.310590215235383438e-01
5.818733418716965922e-01
5.592646808467202080e-01
3.799645561878173261e-01
3.717499552138237018e-01
5.734365485119840011e-01
3.739206693871994225e-01
3.054825961283133551e-01
6.798287720932888467e-01
5.576892871640537486e-01
4.444679557315372453e-01
5.133984026707205661e-01
6.050918319812285118e-01
3.214475920819198640e-01
3.513424518059178325e-01
5.620029312270249378e-01
5.598192275062155998e-01
5.353367578034370355e-01
5.580216037335735679e-01
5.934498197160582578e-01
7.338741580391524577e-01
4.246576595235923013e-01
6.033833132620199935e-01
5.606664366599527494e-01
4.585159756106012563e-01
3.982452373714579497e-01
5.595326956567927557e-01
2.664112733447053238e-01
5.517992654118887286e-01
5.602142198494638459e-01
5.570121182896582424e-01
6.007670500550792436e-01
5.841632521840254277e-01
3.696129793329721580e-01
5.164701898679947556e-01
5.396408078296650590e-01
5.905206535561859926e-01
6.031147812241524075e-01
5.678096696949689326e-01
2.733007741352099229e-01
6.471490743717618344e-01
4.963393197090959497e-01
3.377375614972601969e-01
3.322123560758780680e-01
3.827860430003753867e-01
5.555895309841366592e-01
5.899411831769248993e-01
4.875905024537655619e-01
5.733602967728250732e-01
6.425643182214419991e-01
4.611190006990431578e-01
5.411899159138048310e-01
3.893530651059084469e-01
6.120114162423514470e-01
4.905390565431591021e-01
6.661390994201747962e-01
5.616061177807497584e-01
6.092048107781278254e-01
5.443362982483561652e-01
5.178551573212792913e-01
5.744937516929671251e-01
5.727240356083431738e-01
5.601762874504433443e-01
2.681564217703666375e-01
7.363238201895613289e-01
2.663401680774636904e-01
5.057869927165660195e-01
3.659800516916616453e-01
5.828620594687383694e-01
5.283353516201094724e-01
4.718465978821991258e-01
4.306787895458660809e-01
6.842004136958372840e-01
6.300187455486778720e-01
6.293873324813521464e-01
4.627962333956033847e-01
5.752075691212328312e-01
5.672173205792704342e-01
3.748755546936032856e-01
4.229386147202887081e-01
5.747396317552396772e-01
2.672505648924596300e-01
4.474151061633300785e-01
5.433534451762755957e-01
5.165301334795582289e-01
5.742742805959160091e-01
6.713814926925312232e-01
6.483985684926442117e-01
2.695621909498233104e-01
5.582559429526998684e-01
4.218997860582058279e-01
4.885054895007845954e-01
5.990131995013856514e-01
5.647623977839202336e-01
6.456406927012899866e-01
6.028286842569201553e-01
5.574155289040564343e-01
3.900962024536113737e-01
5.241965648186167614e-01
6.095608726080739004e-01
3.363644514294411025e-01
3.408642951140482547e-01
4.302389014762493247e-01
2.785936038595460129e-01
5.626581130121230956e-01
5.510050361733158653e-01
5.678573395380580591e-01
3.294735559045920414e-01
4.088726096330803084e-01
5.037161937782129728e-01
5.350440794865051197e-01
4.573578913158024561e-01
5.619015277930736740e-01
5.428237912302240620e-01
5.569483203673720739e-01
4.676376418587268047e-01
5.372418101940074076e-01
5.611324421858492340e-01
3.546047456159081568e-01
5.616506347953070799e-01
2.690269908552408995e-01
5.818918160932949890e-01
4.614878061895508754e-01
5.990914025497757756e-01
7.339711103069239684e-01
4.063562117192969780e-01
3.822462740627706745e-01
6.175537536153313800e-01
5.509695954113220662e-01
6.217794992463844261e-01
7.149307992087566843e-01
4.887349054825626538e-01
4.405890986608042570e-01
5.219814482457100224e-01
6.060384048115863287e-01
5.646049361356920704e-01
7.287501923036910911e-01
2.878914327580172072e-01
5.399662599113530526e-01
3.315419120605678782e-01
6.156810503288036029e-01
2.683948731977772173e-01
5.781328264086289526e-01
4.604583798013454077e-01
5.554092790886298037e-01
5.666287082394504404e-01
4.524663269867839066e-01
5.547173656528194829e-01
6.151523554610005551e-01
7.264818856257297952e-01
5.126378380205770524e-01
5.590400695280272059e-01
6.775961734549498239e-01
2.861969531596910699e-01
4.284576949290050951e-01
5.525955330253039532e-01
6.345537240627207032e-01
5.623461871471925333e-01
5.539113846784640138e-01
5.411471763117763345e-01
3.555224822768386916e-01
5.330682120227570042e-01
5.398943834142599929e-01
2.669967482022531646e-01
5.656021685326266812e-01
4.643482487612961562e-01
5.069614279689853564e-01
5.336307439115074436e-01
5.620611189601322222e-01
3.214940914579411113e-01
4.736851894464649826e-01
5.676524151476726177e-01
6.730823208294048898e-01
4.788291679736134676e-01
5.679558127518369304e-01
5.653108489721510033e-01
5.649749669481536340e-01
5.650863727091817168e-01
2.668822705442205900e-01
5.640260278033506491e-01
5.386525713477056110e-01
3.557360386240785988e-01
5.665116211587150064e-01
6.225015678450304124e-01
2.747889594837329419e-01
3.461531695565608358e-01
5.479497318279785700e-01
5.601451700970300207e-01
4.215486190920461063e-01
4.605799684096332780e-01
6.453011976178654185e-01
5.423423212319320452e-01
5.633861999642798546e-01
4.472334239944809053e-01
2.665597811389455174e-01
5.704135703424242365e-01
6.396190246767169407e-01
5.263635604511809341e-01
2.664348538495112106e-01
3.186440761309989878e-01
5.301598417220294568e-01
5.588869656015397203e-01
3.440460591378288191e-01
2.672082690301378904e-01
3.423374186491087157e-01
3.233813869599448942e-01
6.169940733429353230e-01
6.707564730664781205e-01
4.131388274035459052e-01
4.825457557737403147e-01
5.886667660259615742e-01
6.295003142878082825e-01
2.663871402159368462e-01
4.633521298062485139e-01
3.863246458299247621e-01
2.786801348482698670e-01
5.394355315206345036e-01
7.378191374650446832e-01
5.789881424598344317e-01
5.722510018992377212e-01
4.673447761633034436e-01
6.205579290415722538e-01
5.626562396630889751e-01
2.695800193708366432e-01
7.241303907823667396e-01
2.698199322212418427e-01
4.978062706514406188e-01
5.183841928790392517e-01
5.598354023547312819e-01
5.055188608932139616e-01
6.540843819838479956e-01
6.517213419233014449e-01
5.504397556575908457e-01
6.034511367742797505e-01
5.778559108012238932e-01
5.215224093454225995e-01
2.678976834391815776e-01
5.729796333901464589e-01
5.634773313022651831e-01
2.668588826964423122e-01
5.645703939070855215e-01
7.383459835586654307e-01
5.785282019006698917e-01
2.775445581940867434e-01
6.692752771304486537e-01
5.617510381133654640e-01
5.622376984292485336e-01
5.355290385098190331e-01
2.669104458565385030e-01
3.939912609976846669e-01
5.658782783756888257e-01
4.033346220238470670e-01
3.511021451394066850e-01
3.290579413759286420e-01
6.164524333728550465e-01
6.087295844059613659e-01
3.667909036175050486e-01
5.314875958645789433e-01
5.353280019463919626e-01
5.654402172284274108e-01
7.335386495380300520e-01
6.058960837476987660e-01
6.063320665603662007e-01
3.992480215276390521e-01
3.674472119984386609e-01
6.445318962555504072e-01
5.681897384422955888e-01
4.876350594543710781e-01
3.651883462413590964e-01
6.733698928436373521e-01
5.490742656301151881e-01
4.293705885089942886e-01
5.161029267479662064e-01
5.437691103535238213e-01
5.602680191036890633e-01
5.389649770672194640e-01
5.552329248755721869e-01
5.544305192629959134e-01
2.835180451888603681e-01
6.626004548811156303e-01
4.279347051074869901e-01
6.138201120567378100e-01
6.157163004374888171e-01
3.327262645005964470e-01
4.317982305922484221e-01
7.384923810699065561e-01
6.393980806181901455e-01
5.990176375676465881e-01
4.496437673196032048e-01
2.762126624612115666e-01
3.816568074786303444e-01
3.351946485736298498e-01
5.618347616517634924e-01
7.079593276638701527e-01
6.321224135810407097e-01
5.789393247989946811e-01
5.940655272287319599e-01
2.871116117837994586e-01
4.719210717690940360e-01
4.222649528811629471e-01
6.085361288370597643e-01
2.664542311070222658e-01
5.490891274109597209e-01
4.856301088598360960e-01
4.904998980213316484e-01
5.034032521195731524e-01
5.363920186029418335e-01
5.734979665208514987e-01
5.742042911439311226e-01
2.739592045946362964e-01
2.906013863376553652e-01
5.605914722952934914e-01
2.687742020653126618e-01
5.584811767599292542e-01
7.328946806036495953e-01
5.836713742384396220e-01
7.380420902653318516e-01
4.039726206146111998e-01
7.377304792332893824e-01
2.682020098650682027e-01
5.519818211835032518e-01
4.733368502339320161e-01
7.253986802582715887e-01
2.690242551244524938e-01
5.562697015415537516e-01
5.589998301978981177e-01
5.606424603897072201e-01
6.521975371438779590e-01
7.370308648321136635e-01
5.477090277785182648e-01
4.877889178787483404e-01
5.645173147349156206e-01
5.246629656696687460e-01
5.278271782646120069e-01
4.393651665280679519e-01
5.418096467678439332e-01
5.576302746261636578e-01
6.470897632813514821e-01
4.915659916418292918e-01
4.220765117058817295e-01
5.453907905639404641e-01
5.413141739125804097e-01
6.456731047909131105e-01
6.775565115126083171e-01
6.745687944326884677e-01
5.618059285269257908e-01
4.913291670442311854e-01
5.337767849285695032e-01
4.630207238940438064e-01
2.736932828811806662e-01
4.887809543308255789e-01
7.353462903868749345e-01
4.933098575676728159e-01
4.759793051107409356e-01
5.771186486935994120e-01
2.745162850142143784e-01
6.187647433814272846e-01
5.819444792645247500e-01
5.835039754158722891e-01
4.465938188885085758e-01
2.667479756004713098e-01
6.531176498410929954e-01
5.443206713263125662e-01
5.548219480135339055e-01
2.772444611860220287e-01
4.431268222015447567e-01
5.044548812554349171e-01
5.880109576675602856e-01
4.912290318589447313e-01
7.379241308706064872e-01
5.758652678483339171e-01
5.736625493847573587e-01
6.192494052781164493e-01
4.990218832886098022e-01
5.209498225973199226e-01
5.541758107522041232e-01
5.436990897953736246e-01
5.666968282541356983e-01
5.789895943963379032e-01
4.740498297586588361e-01
4.519661234421888940e-01
5.193496801205055302e-01
5.376503148782224573e-01
4.491308087880906963e-01
7.385320380864996981e-01
5.315744755463590598e-01
5.383634149416668402e-01
5.735103333116919888e-01
5.609141651587582489e-01
4.913433665866012157e-01
5.702373135891936062e-01
5.415605439734101356e-01
4.908879777493249108e-01
4.280383684488895946e-01
5.605522987729810724e-01
5.578358730910845109e-01
5.017122245888999688e-01
5.230430621220126808e-01
5.810916219594455256e-01
2.804424458326484348e-01
5.689613250894336449e-01
4.985881702199271848e-01
5.007072632755912300e-01
4.260389187200105954e-01
5.597395923627288550e-01
3.967383798250041504e-01
4.439807900454951217e-01
4.625880114619902450e-01
5.627787866328016753e-01
5.048500735944932982e-01
6.463363553793849414e-01
5.850678719925679339e-01
5.506465347813219724e-01
2.694435861635763874e-01
4.955408832174574840e-01
3.399637967026927221e-01
5.331508221779608370e-01
5.407759009814039342e-01
3.363158007526038107e-01
4.887104486154390526e-01
5.633548894926416750e-01
5.215197321153192123e-01
5.547831095710145100e-01
5.235380172926694664e-01
2.722408789904759985e-01
5.201137115459830706e-01
2.685281719793275457e-01
2.671868327862677583e-01
5.645122464373878435e-01
5.379361919478765630e-01
3.832276078926239449e-01
5.372653813813070833e-01
5.697635575622198578e-01
6.306353613330585306e-01
4.446483216315329501e-01
4.271347378655073190e-01
7.287978954875122817e-01
4.124978594046136426e-01
4.361057969377071797e-01
2.666388016904702729e-01
5.238060685760027591e-01
5.035761937911192865e-01
5.541235465213246725e-01
6.871196813851923046e-01
6.089398429417446357e-01
4.760818096076239181e-01
5.928519736714282784e-01
6.216051763142050879e-01
2.659394979828195171e-01
5.475622118305494279e-01
3.026040496046527584e-01
3.542278652927903781e-01
5.434964767299627075e-01
5.630469394380923642e-01
5.634862464890580958e-01
4.826633797448761087e-01
2.824443184735733192e-01
5.207139277711768655e-01
5.631945027777367496e-01
5.052777907762369125e-01
5.150419342897389896e-01
5.573772489160971899e-01
3.949532776180605942e-01
4.025917333324141034e-01
4.471160699052120213e-01
7.339252227857713251e-01
2.667346070174404504e-01
5.589902118427044764e-01
6.111231269543833111e-01
3.418100079180782513e-01
7.217439668059816293e-01
5.427316535634162387e-01
4.834504371509872334e-01
5.977079481865938959e-01
4.844872365097926403e-01
5.675945347197718371e-01
4.660315480522357334e-01
3.621185811273897603e-01
5.635468782797289355e-01
5.759482041635887173e-01
6.091343502608810301e-01
4.803694160732230323e-01
4.495425615909125483e-01
2.743194416766456256e-01
5.327377857455070087e-01
5.552730340551048638e-01
6.771878424653642314e-01
5.317276882954771189e-01
4.961592089461863142e-01
5.365798559520065236e-01
5.131652831018589378e-01
5.430186960781080430e-01
5.707212425789798260e-01
5.538968454660599949e-01
4.047652302509126554e-01
3.023186330162819235e-01
3.063570908528790993e-01
2.723014405388153869e-01
5.433426022465493999e-01
5.576394175098103867e-01
5.465324257316314105e-01
2.696071501718395602e-01
7.191033101738449895e-01
3.420194869527099502e-01
5.690789300734641065e-01
6.013493500999994579e-01
5.211269330661679744e-01
5.614312362114111110e-01
6.092590925737559893e-01
4.252316948337697133e-01
5.811516110276074842e-01
5.952171015478708860e-01
5.401491427110352017e-01
5.490738841314820595e-01
5.016456468088933418e-01
3.386378257833221328e-01
5.026609997589700507e-01
4.617844297516606189e-01
5.234611695297012313e-01
5.237023952538376603e-01
7.230759403365137894e-01
7.370167758686215764e-01
5.773152109161736600e-01
6.408546039780543824e-01
2.690133209723219454e-01
7.337885249039499680e-01
4.927509477527139969e-01
5.279467269600219836e-01
6.564190291560471069e-01
4.354146221812770223e-01
6.104908839062445081e-01
4.568681658615421082e-01
6.117346689770430945e-01
5.351663179342480703e-01
4.690952885052364074e-01
5.167645804652369890e-01
5.768783308584276570e-01
2.974999105374470654e-01
2.676792520234951844e-01
4.359031018927596035e-01
5.621102205342609626e-01
3.435795067680588177e-01
5.322208204294506251e-01
7.379455229828889573e-01
3.184639692475666473e-01
5.607426516475768619e-01
5.078371894128342889e-01
2.725532067053470509e-01
5.578170900407254384e-01
4.376928894445359375e-01
5.349143794795931939e-01
6.044264925967256508e-01
5.623750019840272341e-01
4.107761684661608292e-01
6.331682502893937192e-01
2.706017746501608312e-01
5.499090038185584506e-01
2.932501080712956454e-01
4.124777964601490932e-01
2.692312994888363953e-01
5.592041943472363386e-01
7.366123418520490462e-01
4.323893318400999775e-01
2.665704501947142591e-01
5.707653662263387773e-01
4.934007888986555179e-01
5.551025061785791470e-01
4.427197912400265278e-01
5.266504381393029011e-01
3.151430375566450226e-01
5.106313407058672427e-01
5.447507359218144440e-01
4.269966659224143091e-01
4.845333844392153977e-01
4.723557225566197837e-01
7.339537999885188402e-01
7.375760972965498263e-01
2.675707389844126927e-01
3.448033274634865197e-01
6.234724240698510389e-01
4.347060246156380647e-01
5.546749198590222862e-01
5.566690622348889894e-01
5.302934110876715845e-01
4.966959031339959751e-01
4.261921743659625172e-01
4.293609256053093626e-01
6.137947768871717669e-01
5.423421311737173234e-01
5.016489231726708464e-01
4.408770138313055642e-01
7.362588852800407979e-01
6.199783372691467509e-01
4.236120419241531931e-01
6.276307838105360526e-01
5.328863106795543869e-01
5.033676465437817438e-01
5.720573876744394770e-01
5.449212755837901101e-01
5.217514380671195440e-01
4.352868726110451503e-01
3.017930535170473827e-01
5.388441950999678376e-01
4.662494250365720738e-01
4.194925121297570780e-01
4.559033044833936121e-01
4.118303970876338038e-01
4.096150214588729077e-01
5.551267262753202258e-01
5.412826345386115845e-01
5.329367938840543495e-01
4.989925071441334015e-01
5.675667720118178217e-01
5.245824030564473217e-01
3.736031075224030551e-01
5.615562794524644463e-01
6.095379346652302077e-01
5.483784061056219405e-01
5.369937348407428646e-01
4.750596121098387137e-01
5.755493276801687541e-01
5.529489134373424264e-01
5.445164628624862280e-01
5.571765826033602265e-01
2.666236038917308426e-01
3.408599687658797062e-01
5.038059638713602295e-01
3.540330206224059917e-01
5.529147564769848477e-01
5.863612128497749376e-01
6.344560543359224480e-01
5.000437717859834708e-01
4.778284491926078070e-01
4.339186880057122608e-01
5.749137522072167439e-01
5.115769653475189527e-01
5.261984389389290362e-01
5.638292357166373447e-01
5.054608591589345723e-01
5.398637733387119386e-01
5.287283968036935455e-01
4.621268216041589660e-01
5.580826787202036732e-01
6.176947114083864987e-01
5.591106550672717557e-01
5.611930646365738129e-01
6.009647086066620680e-01
6.902250417051427611e-01
7.310824524462777863e-01
5.724026493947796945e-01
4.203389562876455599e-01
5.133447095459772180e-01
4.998608482157367860e-01
4.849960052124177023e-01
5.580547295113036377e-01
5.684939117290084276e-01
6.800860916014694890e-01
3.321744845998227391e-01
5.919511365465720543e-01
3.180881918873275094e-01
5.669485716847292300e-01
4.437686919088461579e-01
4.755021878488284726e-01
5.620895985090791358e-01
4.493715464868304199e-01
4.830276822492999278e-01
5.539834350955901154e-01
5.539187870109354428e-01
5.318203850350435857e-01
4.717516223841505263e-01
3.382798520551696386e-01
5.710802772911669489e-01
4.402257814680024528e-01
5.045092937105095654e-01
4.548744367056000160e-01
7.338392187631005426e-01
5.497133161227060194e-01
5.535895854303132246e-01
3.286789248394015317e-01
5.506130609928677755e-01
5.874793905287422069e-01
4.951693470496136840e-01
7.369056926348726000e-01
4.845455389870532703e-01
5.556529890237057456e-01
5.512420333376352177e-01
5.324881688156988258e-01
5.166561492446473114e-01
4.769703448860443951e-01
5.463455961352731149e-01
4.640422107046640599e-01
5.004486896062259049e-01
3.940178380934292734e-01
6.000908170897905070e-01
4.641552702337586322e-01
3.630955371844549751e-01
5.671400061864555475e-01
2.690326396910583950e-01
5.647280545166509791e-01
5.516785665474001066e-01
4.948608050127853430e-01
7.376865047152308952e-01
5.641825687286583513e-01
5.638645169153352343e-01
5.311097111866290854e-01
5.696244353179003017e-01
5.988809617254370332e-01
6.039452352173200200e-01
6.513144658491271111e-01
4.944397307980668566e-01
2.668799266451258867e-01
3.986684430674243829e-01
5.524718743834504675e-01
2.959978521897492221e-01
3.892837827585058919e-01
5.190475804545016114e-01
3.566906516560524043e-01
4.254794284189821751e-01
2.991765904106918339e-01
6.374058211954132247e-01
5.826288185641383954e-01
2.678461462719560759e-01
3.698794814589919655e-01
3.410139830302544861e-01
3.455148995159956216e-01
2.686348129663109208e-01
5.722751383902459077e-01
3.801787718980482178e-01
2.883992954351131122e-01
4.633545210191803432e-01
4.805155358178784808e-01
2.670039739934749745e-01
5.651243441602957773e-01
2.771077740822057711e-01
2.661455678281868242e-01
2.871487443660369343e-01
3.282520535568678732e-01
5.622699248323779209e-01
3.135676434238501287e-01
2.708261040046592849e-01
3.787070520092242210e-01
3.006052169053330392e-01
2.998288058709067117e-01
3.252068095394543557e-01
4.216584091646194965e-01
5.702334425294044440e-01
2.694075521453881961e-01
2.668663993666135492e-01
4.083730217337568913e-01
4.107877114193954626e-01
6.169286419944880473e-01
6.110763887422266949e-01
5.059145342328320583e-01
5.318581959363686273e-01
6.515745275253445046e-01
3.931804307798477116e-01
3.913081089846470184e-01
5.175409416361385073e-01
5.384359647816623351e-01
5.693786235558978559e-01
5.505787351026250054e-01
5.686934185505748696e-01
6.803758416621333849e-01
5.919318760292283654e-01
5.198507393852360714e-01
4.079021236008626428e-01
5.141269794451975850e-01
5.800051627543703070e-01
2.751252373778050320e-01
2.671208234696482720e-01
5.525185111304301566e-01
5.503620432567053466e-01
5.078864265264586564e-01
3.907716452004925678e-01
5.620075496876607568e-01
4.143084683852554240e-01
5.698222154018829366e-01
5.298559836267401346e-01
5.711296906103885407e-01
4.384134055412440834e-01
5.460688772095340093e-01
5.444925536043576653e-01
5.225146645073088791e-01
5.275536726900923457e-01
5.079917823917785569e-01
5.468419929868512108e-01
5.474712035381646968e-01
4.101647248455440042e-01
6.248277049323567311e-01
6.882722262816554082e-01
5.631960612856480308e-01
7.386868121017274857e-01
4.709588161760991376e-01
6.088421812522751830e-01
5.632627546184374445e-01
5.120114281648981969e-01
5.119884155610567866e-01
7.364971614251882848e-01
7.384873557935426325e-01
5.629725270256598080e-01
5.648140540619261962e-01
5.051551323022339668e-01
4.514314482167020026e-01
5.550102633698441590e-01
7.379688884560191564e-01
5.298821676057399177e-01
5.607665125471876788e-01
5.793744079931284485e-01
6.287309697209606529e-01
2.668123775734703718e-01
5.591152121214437720e-01
7.225417787784891299e-01
5.795670219761337449e-01
5.073995509627150513e-01
5.318879571367465253e-01
5.418373628938955022e-01
5.646696968562809893e-01
5.232796805370890647e-01
5.873821916752132166e-01
5.037156165580582989e-01
2.671527062490916538e-01
5.561536491927966397e-01
4.510299080643630498e-01
4.353883221190519848e-01
3.313615599910285647e-01
3.026052773697899267e-01
2.739850900141426737e-01
5.267288063713740920e-01
5.598440481852637873e-01
4.688874800604136972e-01
5.989723523855730036e-01
7.363099161054387221e-01
4.219069379014910304e-01
5.864516252385388873e-01
5.172247433791096194e-01
3.588608654732289849e-01
3.664953597961114196e-01
2.753823491215681152e-01
5.682714179031335133e-01
4.844562098986576193e-01
4.213676033569921930e-01
5.383085281815910283e-01
5.742780227115850122e-01
7.381232267261101931e-01
5.287411864029525344e-01
4.951873087515828997e-01
5.947272462144828076e-01
6.345900648237214892e-01
2.761684359940830280e-01
5.836530990249270134e-01
7.372992168759868736e-01
4.695355663273049207e-01
3.887195516158901687e-01
5.490287232739783363e-01
3.979349146615475119e-01
7.380057678773369600e-01
3.231536498862414009e-01
3.729675705270293906e-01
5.674312634273653844e-01
5.590931456971210967e-01
5.706830979325391295e-01
5.403402999807698226e-01
2.670981558202537576e-01
5.455320746965489631e-01
4.940010173895935663e-01
5.566783967467864302e-01
5.498522173954953907e-01
5.753854886259104351e-01
4.666844284876736637e-01
4.815374557630368590e-01
5.662085574080065742e-01
5.733908210856251131e-01
4.959577429062145826e-01
5.573080689542272426e-01
2.692182876596239671e-01
5.640903083710055999e-01
5.525837825152122296e-01
5.133936072398116446e-01
5.470695173414051871e-01
5.718120867487888059e-01
5.745404224358195977e-01
5.740091507459075260e-01
5.320568156190479403e-01
5.761759364845719933e-01
2.770261429014865828e-01
2.735601924178907018e-01
5.532407310027211977e-01
4.945616266570440067e-01
4.889249898730443356e-01
5.038166957143795921e-01
7.339652475487719041e-01
4.944858603204816405e-01
5.212911086257565607e-01
5.355585654807384355e-01
5.848775826808911837e-01
3.220869347978479458e-01
2.951060304810215751e-01
5.748199616867345485e-01
4.996483442888758897e-01
5.786314074586610401e-01
7.368040789387921841e-01
5.622653538257519346e-01
5.646014221307033010e-01
2.667245427605867691e-01
4.367151254207865541e-01
5.099169667804340778e-01
5.831366893382862182e-01
5.021879617722840861e-01
5.378128432876695397e-01
5.679241373650015801e-01
5.765440832416014461e-01
4.438429930258506184e-01
4.158687772325888043e-01
5.772702130422114886e-01
7.387352982434516324e-01
5.314757710679198777e-01
3.093256037831312866e-01
5.669533671289729293e-01
5.844040352332118271e-01
4.027295990445178830e-01
6.714181551658117142e-01
5.648799304141961519e-01
4.961253930672841483e-01
6.229675392292037817e-01
4.029032932841294379e-01
6.002480362350298693e-01
5.673990277756150169e-01
4.642632197552161721e-01
2.756607834150361924e-01
7.374232811707398527e-01
5.576136672146552176e-01
4.326606244605404328e-01
5.290527912619493733e-01
5.035353714183290474e-01
5.346914198350796177e-01
5.753528469462004802e-01
5.696496935994754818e-01
5.763566761471479172e-01
5.136346440795450663e-01
4.207472112293523248e-01
5.497276064698249920e-01
5.499741252507562850e-01
5.442221093553160083e-01
6.462521363771878136e-01
3.838209932144801551e-01
5.829236032051039462e-01
5.137183508089083750e-01
7.125565019250237331e-01
5.128383734519781356e-01
5.341922782181593998e-01
5.822936093844157668e-01
5.779649227506454823e-01
5.426230074196156661e-01
4.253904828821992168e-01
4.816921525339317722e-01
3.635926561975851845e-01
5.980589270987755057e-01
5.545695334551953293e-01
4.862637133705804970e-01
4.661221067106882110e-01
5.039347542995572526e-01
5.506896438548417594e-01
5.349586923820855988e-01
4.246352488497242006e-01
2.809276257456820858e-01
5.107924202491458399e-01
5.476785192601322239e-01
4.994148176391811078e-01
5.044980344187054433e-01
4.497031212019131363e-01
7.102034362807926327e-01
5.359379799673038569e-01
5.715650587269943683e-01
4.024151125508051985e-01
5.519701723928103210e-01
5.609062297950329068e-01
5.282370723892505504e-01
5.632040351452297644e-01
2.755531463142358861e-01
5.696885734270266122e-01
5.035219356047628825e-01
5.615681662786874417e-01
5.446980682653989048e-01
6.064099998069772957e-01
5.048270875084222009e-01
6.311284720215838417e-01
4.886505064659711906e-01
3.160460358263444403e-01
4.902132263048827321e-01
5.582907360526043750e-01
5.624299058153493514e-01
5.259880520513552371e-01
3.611492789399202707e-01
5.672948912304303093e-01
7.254011115824209321e-01
4.138872242306684268e-01
4.311684359733458649e-01
5.556122311557274429e-01
5.317455075034600576e-01
5.013280281020697782e-01
5.037656335524620665e-01
7.245394786672041398e-01
5.793987477544518816e-01
4.947221776079448463e-01
3.878964289118856934e-01
5.455288288935363772e-01
5.640483203607600249e-01
5.965910998416112943e-01
5.662692411902841005e-01
7.368313305146290126e-01
7.356851339169669934e-01
5.342257719638416891e-01
5.270560262854305789e-01
4.356182487083659072e-01
3.579138887538571012e-01
5.691811725742060846e-01
4.192387635920930555e-01
7.364561459183985859e-01
5.415068910364408961e-01
5.972692046726074677e-01
5.093793569808182653e-01
5.319112828394857440e-01
5.544476266675121279e-01
5.807379647667669786e-01
5.535670338987939143e-01
5.698502103314324607e-01
6.405776504725826381e-01
2.693795542663964815e-01
4.559353067642415436e-01
5.416324232282164752e-01
7.353387705907531435e-01
4.161042927553261772e-01
4.104628328624597700e-01
4.467462825212429878e-01
4.687667542259837949e-01
7.055989159119844256e-01
6.599128259844534439e-01
5.631327707883485578e-01
6.174820968702067203e-01
5.077726157078440439e-01
5.634861307304406264e-01
2.762895040995713702e-01
4.806725137312224949e-01
4.865026855972875430e-01
4.885650249040140447e-01
5.365230405573967465e-01
5.384311136699423406e-01
5.680195610497633663e-01
7.379773176378019439e-01
5.223419830231362804e-01
4.257433837718770375e-01
6.231834804136818784e-01
5.747035279612646708e-01
5.615996245719980795e-01
5.108572081212969795e-01
5.168090148587790589e-01
4.475069374792954857e-01
4.186774273550036285e-01
4.982179766853598313e-01
5.610591050656545953e-01
5.534373292688025137e-01
5.753120856417142104e-01
3.231247870039730685e-01
4.098375887617030089e-01
5.449496379093612397e-01
4.043270364350966539e-01
5.132687847760174504e-01
5.744940684739539005e-01
5.800690005303170693e-01
7.368507678405571415e-01
3.415842004964388945e-01
4.935701350112249863e-01
5.888012825447267451e-01
4.026550096286430347e-01
5.650630580882908260e-01
5.392925195282604056e-01
4.460434918347047084e-01
5.580082233954259952e-01
5.181198316652705360e-01
4.749301943153118599e-01
4.365437524296321703e-01
5.217191446672690969e-01
4.864275587651420985e-01
5.168942616576152060e-01
5.272379154602345741e-01
6.171898578112851030e-01
5.951262822964435983e-01
5.847127986793438925e-01
3.143571673518567589e-01
3.332969505214760098e-01
4.464071588185155592e-01
5.635028252211172761e-01
4.892933690468929675e-01
4.993390089296467216e-01
5.085730147541054347e-01
4.706006823941631390e-01
5.492025419722411650e-01
5.711920484578412172e-01
6.996438481860036696e-01
5.642359961452002581e-01
6.529563464772770720e-01
4.928851415425555271e-01
7.331836381608428654e-01
6.321342963461369369e-01
3.583756343387402010e-01
5.699722009987689963e-01
5.499399697424626199e-01
7.206034066178613751e-01
5.787683789007976864e-01
2.661524170347398521e-01
4.069816669838644541e-01
3.972581527702161996e-01
4.108299477303867797e-01
5.606495464527402328e-01
5.284869432907927100e-01
3.031494325714657045e-01
5.170888447819502742e-01
5.555292849221933338e-01
4.488207274532982072e-01
4.416590192622812383e-01
4.324772706003769396e-01
5.812985363376751424e-01
4.746906897149385518e-01
4.713220799081471735e-01
4.920800168286217913e-01
5.812736800003726056e-01
4.837564005332455896e-01
2.668743582322212204e-01
5.264593903614925852e-01
5.606811761326399024e-01
5.103342398942770641e-01
3.805317967736034923e-01
6.367047470961205713e-01
4.867032580995476199e-01
6.079608125780179284e-01
5.911534820392014833e-01
5.962798739515311475e-01
2.757488196255930557e-01
5.302512818518256843e-01
7.079432347469648557e-01
4.498011923473316798e-01
2.670843618918707363e-01
5.550142803960999016e-01
5.005941029356797412e-01
5.580320421556207444e-01
5.430927371692169103e-01
5.010405852336972110e-01
5.479939127619727346e-01
5.619492493257399746e-01
4.127197836013797860e-01
5.745015050164249404e-01
5.505532117225898636e-01
5.252643536815650993e-01
7.369731092126690086e-01
5.671485004249533501e-01
5.598348316572324679e-01
5.303978918123594122e-01
5.815905760385304824e-01
6.793060338294751865e-01
5.910756209307245213e-01
2.752714356585758138e-01
2.843064797455287507e-01
5.584937472273531212e-01
5.576910002685235845e-01
5.068115496707082945e-01
7.339735706250832825e-01
3.922848022858645423e-01
4.735075613722644072e-01
2.659889236783508637e-01
5.820151356086352701e-01
3.413098513565028247e-01
2.726278046495328455e-01
5.649881696855760804e-01
4.500899142655173657e-01
5.318120370146518505e-01
5.732270831527626065e-01
5.701069322025734687e-01
5.905807616157063844e-01
5.500345249259668279e-01
5.608237412579082370e-01
6.124938396811454577e-01
5.841239705207241784e-01
6.898217475112978780e-01
6.216590125289522817e-01
2.934680693727129142e-01
3.639527094056367318e-01
5.375187797227778397e-01
4.263555612273868811e-01
5.649305250380521892e-01
5.626618516416307392e-01
5.573761581773816198e-01
6.000428038593170754e-01
5.773414861822433464e-01
2.678703575762412248e-01
4.975885691489810858e-01
5.369200878695903345e-01
5.035022411629346273e-01
5.338905884102985722e-01
3.490472158354185339e-01
4.175836388759127105e-01
5.493123348631787639e-01
5.540239034821158315e-01
5.296691494950404033e-01
4.216340093565431046e-01
5.144316980270742246e-01
4.601060493906699578e-01
5.489859711842609569e-01
4.740462013376071648e-01
6.423147089954104327e-01
4.492065774176567938e-01
6.318697298547724106e-01
5.142667450041025212e-01
2.685815704507339974e-01
2.670179424969305604e-01
5.683111146962485094e-01
7.013162644193140505e-01
3.096768268010514080e-01
4.769374643461364305e-01
2.787179750871002781e-01
5.916916709225555904e-01
4.748534682890365732e-01
5.212566101913636007e-01
7.367828346157312414e-01
5.859766943150526153e-01
7.384232724648412960e-01
4.654039666876898518e-01
5.547971666689229808e-01
3.289110574478112947e-01
5.806622988145548891e-01
5.304857468838972689e-01
3.150962276869025414e-01
3.405907816986421532e-01
5.315409808362223654e-01
6.570392212682288902e-01
5.260963617918722468e-01
3.201102284990106628e-01
6.993631646761512277e-01
5.058221050697838672e-01
5.735690838182236906e-01
4.898062346287646029e-01
3.432487484483680573e-01
5.077833894040700846e-01
6.383449111783791041e-01
5.675561359155826269e-01
5.870052755591713689e-01
6.705824032677293323e-01
2.666478556523845800e-01
5.228087654934783224e-01
4.979550420792439036e-01
3.854164151006708727e-01
5.791989613779738866e-01
5.622226151739511124e-01
5.627096883578959208e-01
5.090610433478883756e-01
5.283879705276980365e-01
4.960197809911215394e-01
5.643601136245632865e-01
4.746133427774889002e-01
5.855186810297720035e-01
5.512523187340504505e-01
4.997620299504485497e-01
4.674268675581952914e-01
5.258130550351866050e-01
2.830052856304599573e-01
4.282348494735502276e-01
5.618624044059000733e-01
5.900396328865383788e-01
5.044016349083191297e-01
5.019194158496943503e-01
4.796486863843283377e-01
6.913472348323470573e-01
4.609832302274866067e-01
3.736844389201859906e-01
5.432321239147910319e-01
6.408068251267042825e-01
5.609742862272947272e-01
5.129908890189219806e-01
2.738780897566855943e-01
5.120265137175332715e-01
4.851447124173299819e-01
5.625264046326358125e-01
5.044618111067632471e-01
5.475790605835029190e-01
7.323680940613986889e-01
5.461246885760746572e-01
3.980052969042842115e-01
3.902500603334238538e-01
5.563677083389422240e-01
5.313096553149578849e-01
3.311884537021199670e-01
5.825208498784836264e-01
3.073032717702974814e-01
5.611420895106421503e-01
5.638829989826029676e-01
5.610914639568430617e-01
5.278940424456123326e-01
2.736539467195252540e-01
5.414537184755973120e-01
5.408256831958341282e-01
5.051207101280656975e-01
6.238758032644948770e-01
7.259974352675030440e-01
6.183790379177830365e-01
2.664844988079403953e-01
5.714446360564695571e-01
6.038266639025573479e-01
4.978273132809141743e-01
3.479178201433235085e-01
5.611899151040793399e-01
5.386251319079450317e-01
5.665954979067984176e-01
4.368626942238220123e-01
5.743753974550993568e-01
2.669470123238362746e-01
5.638992976644376931e-01
5.641052014981270402e-01
6.249632084922820408e-01
4.670297584486683973e-01
5.520311072786407980e-01
5.711954399864547227e-01
4.008460206245567092e-01
4.272773290947349811e-01
5.314594961067955481e-01
6.339729360713101114e-01
4.787707204681212469e-01
6.334830691467870922e-01
7.089776565279013454e-01
5.764360486773140169e-01
3.088356578304165545e-01
6.463414962349832704e-01
6.102150907688957959e-01
5.796085615221989729e-01
4.411560437564835402e-01
7.367758189110038547e-01
6.106431048533446093e-01
3.446100497267053364e-01
5.781657128772089704e-01
5.621220930631618540e-01
5.712765226561912213e-01
5.495015762038736318e-01
5.606903899222841492e-01
2.660817729312667246e-01
4.630811881496342819e-01
5.618491160843031018e-01
4.082431170317630809e-01
4.795854502105432737e-01
3.895634296371455751e-01
5.726868059239457187e-01
5.567301247561841082e-01
5.479258694159829801e-01
5.552544983937817147e-01
5.230719291770068446e-01
5.683165846494078188e-01
5.597933720526457879e-01
5.558289329778377530e-01
5.817687416166734682e-01
6.024265713885488260e-01
2.903738011999905111e-01
5.742255167375055480e-01
5.588344388761741222e-01
5.746650297372997152e-01
4.767614735793163638e-01
4.705906170379684506e-01
6.319641187344458011e-01
4.885525351772188052e-01
3.799230524309448742e-01
6.438719313628799013e-01
6.322101882984746402e-01
7.364854289475604165e-01
5.531183867652472719e-01
4.227289648050184256e-01
4.959728802267857062e-01
5.598545523129853096e-01
5.585912150448660851e-01
4.849899080782342220e-01
6.107682463968090447e-01
2.673927591803559878e-01
5.009509052802665341e-01
2.810245906180313114e-01
5.534724050777626303e-01
5.895540357870069359e-01
6.084348118511089254e-01
4.139002829840836561e-01
5.081747158265672581e-01
5.381813041523634267e-01
5.572078468932027961e-01
5.563351779696310562e-01
3.691143469715530978e-01
3.205743240602169641e-01
6.318981574967924564e-01
4.184331064240559561e-01
2.732175838926881872e-01
5.081778428524579283e-01
5.641583078137368812e-01
3.120190526072290083e-01
5.251361598511495865e-01
7.109268266961962235e-01
2.675751566610908849e-01
3.294516348553008789e-01
7.379117072949776812e-01
5.254238846784802242e-01
5.714186943747324721e-01
5.292037209830113831e-01
5.658931876635640013e-01
4.987807612623880726e-01
5.602368147107223972e-01
4.404977725940765754e-01
5.704055419129149263e-01
5.678370651933931645e-01
2.928538587867299259e-01
5.379844997802115669e-01
5.963724391098061961e-01
4.759751978260569616e-01
5.058858501926900564e-01
5.510337213795295508e-01
5.671641905335216283e-01
4.809127929699726356e-01
5.888242684112097169e-01
4.197224866840065793e-01
2.671686631580745819e-01
5.702494267974947961e-01
3.956543528090396000e-01
5.062204537036139040e-01
5.094496165822234302e-01
5.040836508714658937e-01
5.869901671009171151e-01
4.410464957141027043e-01
5.176196427105889120e-01
6.850509078923452400e-01
5.518803448716034232e-01
5.872738959900184463e-01
5.556891645532324731e-01
5.706325814646728833e-01
5.527123282207571098e-01
5.996060656421070556e-01
6.095368505597715814e-01
4.440641760726015130e-01
4.875509275280296984e-01
5.955017181929399550e-01
5.761014919064829654e-01
4.463045488761568924e-01
5.497909998915901930e-01
5.259393958793238122e-01
6.894814915509850373e-01
5.642941789803543884e-01
3.043230958252705065e-01
3.464865188025485487e-01
3.614728157352405380e-01
3.453734636500132016e-01
5.302580774266651975e-01
4.621622103311701646e-01
5.451991964971092397e-01
2.666192196369219225e-01
6.407474363854536170e-01
5.798226825178767196e-01
5.406848677700788475e-01
5.058565043795856253e-01
4.972461204260124612e-01
5.687728640540276048e-01
3.222512762690009636e-01
5.565515362123714116e-01
5.578328974928258299e-01
7.330003639406339477e-01
5.364842180350094525e-01
5.339486391174138591e-01
6.005225843491510673e-01
5.956672786457987145e-01
5.598346920876594579e-01
6.071065286294649033e-01
5.621492855770158226e-01
5.145381865416222000e-01
4.739218920998287121e-01
5.322442577153463361e-01
5.802059626494582290e-01
5.630883310621271898e-01
5.034149180312287308e-01
4.293283355150769864e-01
5.924476157718971958e-01
4.484400578187056619e-01
5.551386633318147190e-01
5.835340846323351371e-01
6.592178352833043542e-01
4.770563938741223531e-01
2.767294970966694412e-01
3.301216018033291677e-01
4.930571460197415989e-01
5.390817693751521755e-01
5.584233761919462635e-01
5.100315842905156494e-01
5.535442173706679458e-01
6.107610870918059875e-01
6.384236163704026801e-01
5.456449637162427146e-01
7.370656621042226408e-01
5.644820238920017497e-01
5.551134611625718751e-01
6.334971956081238975e-01
4.140065868234386603e-01
3.257062159622389208e-01
4.508622123526611625e-01
3.044630343495413616e-01
5.020888515914432304e-01
4.765351439347951801e-01
2.778668607862109785e-01
6.233446179770673057e-01
4.964612311890648222e-01
5.487160295965580747e-01
2.746839266892869280e-01
6.644781668086654491e-01
5.960959706891363341e-01
2.762352061016087879e-01
4.023539166235058362e-01
5.629515463644448880e-01
5.486618384046987318e-01
3.781480504422685684e-01
4.600463166068434750e-01
7.234477574248292520e-01
5.622320275863372796e-01
5.863468898220659531e-01
5.622479710755478033e-01
2.706508119677674684e-01
5.297341104084895003e-01
4.850813487874938157e-01
5.550337423285950367e-01
3.145277865104898485e-01
7.330821657451577211e-01
7.363188618667704244e-01
5.582277963057680203e-01
7.330605424628394706e-01
5.506272261124118828e-01
5.606967956536970110e-01
5.657713628986549281e-01
4.324010320510640049e-01
3.639901248868029349e-01
5.298469257296537505e-01
2.991076467121489557e-01
4.960940908513271075e-01
4.770131231361251500e-01
5.989116521370777546e-01
5.463446882694266149e-01
4.792598459165354763e-01
6.828367970659844355e-01
4.742745669727053692e-01
4.498158076235618252e-01
4.921041152665605600e-01
5.991356384986109562e-01
5.953333692868344462e-01
5.416131834281626700e-01
4.785479235170221335e-01
5.622433777870676774e-01
3.935957194165485284e-01
6.642513538562015984e-01
3.314960914799238156e-01
5.314571842981821170e-01
5.562018015469503140e-01
5.386464464618440084e-01
5.631018911655900627e-01
5.620995745332356686e-01
5.598868284537248385e-01
4.397833462526763992e-01
3.832776100944589315e-01
7.061157063410846702e-01
4.927368321137979845e-01
4.865976662281211729e-01
2.831115856504128891e-01
6.274936880314310184e-01
5.795332381274254097e-01
5.880118507619299661e-01
2.686485581226903951e-01
2.715695647750067110e-01
6.328449450895148320e-01
5.483932568470615276e-01
5.573340349869734256e-01
4.216338807327771887e-01
4.733836344971373289e-01
7.391036694781069061e-01
5.046585870964095388e-01
5.524226880956585317e-01
7.387474793603643342e-01
5.534222625459234157e-01
3.433157180821906906e-01
5.026851908810479053e-01
4.200454206481544217e-01
5.621143236456417336e-01
6.024941906896558175e-01
5.637467528531470151e-01
4.056031473978571333e-01
4.034833259375781855e-01
4.754447881587296476e-01
4.001274061397646076e-01
5.530149918551823252e-01
4.073051345105772048e-01
4.368835533667585480e-01
3.157072469795708103e-01
5.396985852445341791e-01
2.707636779572994978e-01
4.102808174963707422e-01
4.242331669282528028e-01
5.619094675311689935e-01
4.488477384359091937e-01
5.610859414076098117e-01
5.707292569071166222e-01
5.457554765984022893e-01
4.554067439591374944e-01
6.406009708187079266e-01
5.384070961828762991e-01
5.693533558681660445e-01
7.100569204840613269e-01
4.180047667993928573e-01
5.745981148956095241e-01
5.182009331517721806e-01
4.265257750293918182e-01
4.829766998540540035e-01
3.237822148094529062e-01
5.469828447321336551e-01
5.043175374456136950e-01
4.458360098209586675e-01
5.914262181534869489e-01
5.491201686046791597e-01
6.095931972884808259e-01
4.887513065373729204e-01
4.464945116341758058e-01
5.415560345498302564e-01
5.760030749037596820e-01
5.579516352454202410e-01
2.689960890342594224e-01
5.566954481467136784e-01
5.562664673377925029e-01
5.193282645866069691e-01
6.283685068417732555e-01
3.454831557675654974e-01
4.286132430496680246e-01
4.253691583297195544e-01
5.738916492252299495e-01
5.511822909260705172e-01
5.617608489060063048e-01
3.381293065166117162e-01
5.897176727459866319e-01
5.679677899815835929e-01
5.935892547536342212e-01
5.860913387596750068e-01
5.762070511709898035e-01
2.714991727886342798e-01
2.738554192526713726e-01
2.758040683148472172e-01
7.355448719068214958e-01
6.534289138991051793e-01
4.920289502364524337e-01
7.379573654345024103e-01
5.350637320510203132e-01
4.132588651927391332e-01
5.681776555524828964e-01
5.925523626467812388e-01
7.188390791789764922e-01
4.666083221556585614e-01
3.077248519776808466e-01
5.358131343680626602e-01
4.340489442415683685e-01
4.739227585525748188e-01
5.998079121449091389e-01
6.229060803889120423e-01
5.758251382768017068e-01
5.005053160524332023e-01
5.479888231569285395e-01
2.656751736589614832e-01
7.332524731023222220e-01
5.440026830600203089e-01
5.186900575190811491e-01
5.622159970821757335e-01
5.342135507819328888e-01
5.683917718859159418e-01
5.567408568382935519e-01
5.568215214041040140e-01
4.790010092608975034e-01
5.628476679834136798e-01
5.882290456101502141e-01
5.684448417353132887e-01
5.945885327891978767e-01
4.115522506606277275e-01
5.615396617092288656e-01
5.347917069166658877e-01
6.126968177673766114e-01
4.779267933958875059e-01
5.160502543560867572e-01
5.260522023511726708e-01
5.036023047673771069e-01
5.811038989468823024e-01
5.601393666391044635e-01
2.813131851697224795e-01
4.217148383266303702e-01
4.256722090784412771e-01
5.636463091793372238e-01
3.590541236043760520e-01
3.162536661936559690e-01
6.282352722109869614e-01
4.848105350916185885e-01
5.452923299773358989e-01
3.138416743527575603e-01
6.258596404964912319e-01
3.400955834375295472e-01
4.583754935379865669e-01
3.338617684385612461e-01
7.383554157203318091e-01
2.668001327835211600e-01
5.406118794947594175e-01
5.736171152361440040e-01
5.782523954240859076e-01
5.799395655096727387e-01
7.391467858342565256e-01
6.167587110575609710e-01
5.747179595989162504e-01
5.610243614435763693e-01
7.209574395318587570e-01
5.595762631565268652e-01
5.617496454361802227e-01
5.628460426979852160e-01
2.669652162439624110e-01
5.316277165434709628e-01
5.586390497897710805e-01
5.638644412006528217e-01
2.687915003421948446e-01
2.671088243014781427e-01
5.804281417092170825e-01
5.599819282446640845e-01
4.887677026226894261e-01
5.459471939667764895e-01
5.282451799189349373e-01
4.228225979790464772e-01
5.454549763588580902e-01
5.680155573660743418e-01
6.617516551023924221e-01
5.807286368855403280e-01
2.667155332670884116e-01
4.777054032774353254e-01
5.269339603362507285e-01
6.002199190196647605e-01
4.134902869254484248e-01
4.779653291425519090e-01
5.741125091434430283e-01
3.852094074313527350e-01
4.912259692328035388e-01
4.583834438486507623e-01
5.855058443234409937e-01
5.649662625878231204e-01
5.364310879613815031e-01
3.880427343160275377e-01
3.640546753175721295e-01
5.917181096107494431e-01
7.375075249713433090e-01
3.091094054842604688e-01
3.733970044458619353e-01
5.210325270327210712e-01
2.666595826577285444e-01
5.509969346164883541e-01
4.973032082209327132e-01
5.119309255056333496e-01
5.197465064436795901e-01
4.056512374613164829e-01
7.383961787412599564e-01
4.258698698435121055e-01
7.365814740386964488e-01
4.642567922558057947e-01
5.442568653249958421e-01
5.571677928606029173e-01
5.232649133508450179e-01
5.695741593542382741e-01
3.907845634684657399e-01
5.170780984761156329e-01
4.067592043809495350e-01
6.271983122149912271e-01
5.766087500002082811e-01
5.478592099107492119e-01
5.666412444739001852e-01
5.874457770891690078e-01
4.587463644916907612e-01
7.164314105705356095e-01
2.667172476079622823e-01
4.946456808865133392e-01
4.964691045361310229e-01
5.327710952318307491e-01
5.615546122200063550e-01
5.372996804640931545e-01
5.475255127467736349e-01
5.293422698449830044e-01
5.752619442113727777e-01
5.145433172726234794e-01
5.747314782810319933e-01
5.512877305359087377e-01
3.464085065828066967e-01
4.684129723613358887e-01
4.253262671009246376e-01
4.183933008886199234e-01
5.026546726185580072e-01
4.233059404170885776e-01
4.939579660911347925e-01
5.539417363807800365e-01
4.651583463965472398e-01
5.681562845939756023e-01
5.049433842327515354e-01
5.532862115015917404e-01
4.953104845987064131e-01
5.147390225565723343e-01
5.638029688634521586e-01
5.745890218539567718e-01
5.725383704455182521e-01
5.703245037702379117e-01
5.907068866288984754e-01
3.364668449514244264e-01
3.222868399377524784e-01
4.389350584129597665e-01
6.215687042823033748e-01
5.137115945774037851e-01
5.399055864014076223e-01
7.254130879898801343e-01
2.812926204324081580e-01
5.465429085188204805e-01
5.518538831458060789e-01
5.137560010658497323e-01
5.633034157676289899e-01
5.630541225174797715e-01
5.486318936688303616e-01
5.779025173178671260e-01
3.109106425990663114e-01
5.266298673891611770e-01
2.986559792526738977e-01
4.243029731997316478e-01
4.297168730091699973e-01
5.418162323117046153e-01
4.308254535222004189e-01
2.666534312970560427e-01
5.596157049425201091e-01
6.369797859094015191e-01
2.660898739211163266e-01
5.668752941700264669e-01
4.380763525239230183e-01
5.840549194451525317e-01
4.165381121861935210e-01
2.664372500126059862e-01
4.069062391876830387e-01
3.670571509302843483e-01
2.790225110825849675e-01
3.001297786086059016e-01
5.643408138616156089e-01
7.391627198241689234e-01
6.215040970870017167e-01
6.295627797544597337e-01
4.840304961260938343e-01
4.378835859840941036e-01
5.249474641821109122e-01
7.355957775838082302e-01
5.112314956562693524e-01
3.225111359784268439e-01
5.525192848055329176e-01
5.965380538223589157e-01
4.116897326170569360e-01
5.482222763491347850e-01
3.912880932206652673e-01
5.516924017324079665e-01
4.623543346729132031e-01
2.660633147712538338e-01
4.884087895054274875e-01
5.706977267703348122e-01
7.246968897729240133e-01
6.142069422359787145e-01
4.319918963554625346e-01
6.115567716645942120e-01
4.967690835316888598e-01
5.126925064545735378e-01
5.404687472980562735e-01
6.030694103835113618e-01
4.479878768521278753e-01
6.032651217623341555e-01
3.761268656987236669e-01
5.506294895505357001e-01
5.006834386761157552e-01
4.423209682665171227e-01
5.407517715402374581e-01
3.038858292950504247e-01
5.614275460986838384e-01
5.422107192573230039e-01
5.107700324441998285e-01
3.166290051395468375e-01
3.016226747086348525e-01
4.244340606608721367e-01
3.082544520185008241e-01
5.244668691391244364e-01
5.611123924440890587e-01
4.192510586878263612e-01
6.323431853422204485e-01
5.137195238738158087e-01
6.712344302309758426e-01
4.884520325085881520e-01
2.690319303586342636e-01
5.242412552918886970e-01
4.474202634243359400e-01
3.586929355666250707e-01
5.748527040714889180e-01
4.102399499778031644e-01
5.813349039226866077e-01
3.955741853756137294e-01
5.041279290984195249e-01
3.766267940926544266e-01
5.473257307400108962e-01
5.204405783713749178e-01
4.202690027256563710e-01
4.263251189699168164e-01
4.926360265424641338e-01
3.086656797156144272e-01
5.761877354198371437e-01
2.663796982031420568e-01
5.910029757546551021e-01
4.763428477676563966e-01
7.048080694298860527e-01
6.499151113503366384e-01
7.370500255985545923e-01
5.129109609367245026e-01
3.094082176870349143e-01
2.680847264561516119e-01
5.620708341000762998e-01
2.671541017401388718e-01
6.088990626177808174e-01
5.770324401116038171e-01
5.749683386238972904e-01
3.945134630751456761e-01
6.245782769393188882e-01
5.327733812811279446e-01
4.362779784464688171e-01
2.687505480583369244e-01
5.042111981868780957e-01
3.770245292282743965e-01
5.227200043310071820e-01
5.049783518170238850e-01
3.669136765356441621e-01
5.566605045201554747e-01
5.314324636924013801e-01
5.003256626579842825e-01
5.765985740055176167e-01
3.955120237900376923e-01
3.810714955256626069e-01
7.081194306950671091e-01
4.298087877244529675e-01
4.174438697362884421e-01
5.886009779812441112e-01
4.322645306772364138e-01
5.604799207065531697e-01
5.258397889820648485e-01
5.168894884025744263e-01
5.182637722975744765e-01
2.714462672781702834e-01
5.956643678541957421e-01
4.192601978712475752e-01
5.405091904592296270e-01
3.964267344931197146e-01
5.726793916393596584e-01
7.073316366810347144e-01
5.705559083858541269e-01
6.255692589904779943e-01
5.089935583225883020e-01
5.671716091061371756e-01
6.057421609577937627e-01
6.052147102630109909e-01
4.995961096755324737e-01
6.027860635274284729e-01
5.620424012572260430e-01
4.389080868349823361e-01
5.133719253806131588e-01
5.435953395580033209e-01
5.734082744092900974e-01
5.257229110107799475e-01
3.024348847208876423e-01
5.152562143941881168e-01
5.234549853911487638e-01
5.412379179561397358e-01
2.946041095552318079e-01
3.092511802775586016e-01
5.192303576706722712e-01
5.452451559166663353e-01
5.616195813389662783e-01
5.363627103507967453e-01
5.154429409776114523e-01
5.710030007506738947e-01
5.223719621844002958e-01
4.210875256679255663e-01
5.135386631027547555e-01
6.010584552104515366e-01
6.431738418621443243e-01
7.199379861451521423e-01
5.090032266112833881e-01
6.025656755707998746e-01
5.347422534186343501e-01
5.902074583648609929e-01
2.965712823450117885e-01
5.666468206423546095e-01
2.671539121044852472e-01
4.863943053625737201e-01
4.122678627089736980e-01
7.338986762132203578e-01
6.770597279533022705e-01
4.988227192958756828e-01
3.746914244159406104e-01
5.073712300352940519e-01
5.037342906479059801e-01
6.634493008415718318e-01
5.963636044096018995e-01
4.711963741175269615e-01
5.458419310334997610e-01
4.093535918074041047e-01
4.996539746582011055e-01
3.742004645515418226e-01
2.733623938524369357e-01
3.117498827610965528e-01
6.773904503233387775e-01
6.028855151353641473e-01
7.189855510252411985e-01
4.590239912347610085e-01
5.277991493820445301e-01
7.213322751476655137e-01
5.289947425316575691e-01
5.308141727753638017e-01
2.678364715073286439e-01
2.671964096882464279e-01
5.388874559351091165e-01
4.240203034727911824e-01
2.681589834758227320e-01
6.996107797017400154e-01
5.663582322385858348e-01
4.411712325621603425e-01
5.548946732087445266e-01
4.921867543292803848e-01
6.196051988437399904e-01
5.663019385607371836e-01
5.682663160214854736e-01
5.680678583294590522e-01
7.344909635203424880e-01
7.379762275714973896e-01
2.837370321394452888e-01
4.921860241137838154e-01
6.185464685394264084e-01
5.097750905389329956e-01
5.551028434405337331e-01
5.345652037187057504e-01
4.866549501923273513e-01
4.105870937932430409e-01
2.724975280717550352e-01
5.490899946600976689e-01
5.423028635233556605e-01
5.516022229492214546e-01
4.666330326293984254e-01
5.506374237261314475e-01
5.216621037662060312e-01
3.882155569394631356e-01
4.461951711524653197e-01
3.491238777283873218e-01
4.727757691213742564e-01
4.957164500425005338e-01
5.677007219335432620e-01
5.756678236729362297e-01
6.150994128052692522e-01
2.938026477361529998e-01
5.268762004437254065e-01
5.559836793155557011e-01
3.403194872646806979e-01
5.918379855040014625e-01
3.259273939365769923e-01
4.321477884314438578e-01
4.612243282544257195e-01
5.839151073606719811e-01
2.744325308140565522e-01
5.075226456914416762e-01
2.851426170030031404e-01
2.764415706126548411e-01
5.813959066036067380e-01
6.518702542420340418e-01
4.927875835936360027e-01
5.591098674362633414e-01
5.580245192743282789e-01
3.358187224259269188e-01
6.229001798091388098e-01
6.678635836782286228e-01
7.366604223192894096e-01
2.689402781346592608e-01
2.679809782110896821e-01
5.004818990512802657e-01
5.822622041171432450e-01
3.265888317974391941e-01
7.390554016792436620e-01
5.034787665574262938e-01
5.925089410355929287e-01
4.994683126067186452e-01
6.424486519422625275e-01
5.642997641259666075e-01
5.575906310950663469e-01
5.100764337112685398e-01
4.973962670690246779e-01
6.200536649245517173e-01
4.290796382547918952e-01
5.402072508610973323e-01
3.353843463788829804e-01
4.500783566108791933e-01
5.595255731082190431e-01
5.465333766086140077e-01
7.368501203988629955e-01
4.427321759818368396e-01
5.320921357736999591e-01
3.390633692498983276e-01
6.488509477453919816e-01
5.991616935923586018e-01
5.691556065797972463e-01
7.096280897381748165e-01
6.336104945641616304e-01
4.690836204514143848e-01
5.963421780976998487e-01
5.213869180760036803e-01
5.601405604960867368e-01
6.176166796984333685e-01
6.536176473255812525e-01
5.637787057922153400e-01
4.926393495833940039e-01
5.615307045067597924e-01
4.707267318779874699e-01
3.958460531209664346e-01
5.642700789950338969e-01
5.601599444593862165e-01
5.354015476037304877e-01
5.090616162210868101e-01
5.370331094772101688e-01
2.676775873237566272e-01
4.802719176526472067e-01
5.647829055577284763e-01
5.888498486586616343e-01
6.327050606109704267e-01
5.324440708635280739e-01
5.219511713765148109e-01
5.203339863647201691e-01
7.370066777653356827e-01
4.633310765858211222e-01
2.680627040140334816e-01
6.287818826091824409e-01
6.180320987193128612e-01
5.252806739133268898e-01
5.722766435303517918e-01
5.603963447143631704e-01
4.755965497103151751e-01
5.771477997890401834e-01
2.719126267257175877e-01
2.769878111551613564e-01
3.218236563097854885e-01
2.683765539458425331e-01
2.673266445097463584e-01
4.903226472592664975e-01
5.487226477805677849e-01
5.789784862181459602e-01
5.838798879212152571e-01
5.998817768307843634e-01
4.221046045794303314e-01
5.570660929492734503e-01
5.932968349523830565e-01
5.617883918163563139e-01
6.186321712050981692e-01
5.303799794438593951e-01
6.221135624384861451e-01
5.975414492106461140e-01
4.836717263700536229e-01
4.617164863348550696e-01
3.692222764152565673e-01
4.474636937014412896e-01
6.627620451759845821e-01
5.241128618403660955e-01
5.394048254255063846e-01
5.751671521871545290e-01
3.867973528841393005e-01
5.473919203512804810e-01
5.284431822029265202e-01
6.682554647316341079e-01
5.503034530374972810e-01
4.420309180905029889e-01
5.088108281921341902e-01
5.567055971091060540e-01
5.485765875938085623e-01
4.185874502252743823e-01
6.164384366136124171e-01
5.779966712879920365e-01
4.781400851030703780e-01
5.448591789583768774e-01
6.165430780781673281e-01
7.368688855749430111e-01
6.603988379824193844e-01
4.214686283968962499e-01
5.261104637207179024e-01
6.020591049046379872e-01
5.698749787372534570e-01
5.695657868631680554e-01
2.873737769803181297e-01
5.925581981357878059e-01
5.359840656279593052e-01
6.060419000760718378e-01
5.643772507787998549e-01
6.007078729092101277e-01
6.188881934370774607e-01
5.304262044430296807e-01
6.351565217062784541e-01
4.118690172561659812e-01
5.536103080201202342e-01
5.396940104341882982e-01
4.234516911517431925e-01
5.599813880390962506e-01
5.626698449425084902e-01
3.374817754195842401e-01
6.647515676128047390e-01
5.814408772633510303e-01
5.615326526202426560e-01
5.602765097057301746e-01
5.499957770362206011e-01
5.128959144788466373e-01
5.989652492495850522e-01
5.250736776595231747e-01
5.742762251454617273e-01
4.875484407400364484e-01
3.743125474173562561e-01
4.618568646069417527e-01
5.853445530692017451e-01
5.718454281317342236e-01
4.630842134228181362e-01
4.829609909106356014e-01
5.197753999162446625e-01
5.833496246331196788e-01
6.055134749323121124e-01
5.437345049768650407e-01
4.791322357034082380e-01
6.989278103013932819e-01
4.875715913832383563e-01
5.553786727396250456e-01
4.663484578020001270e-01
4.578262131385772427e-01
5.273931262387103747e-01
5.571128152437599956e-01
7.386934880218289923e-01
5.117399124319925718e-01
5.261742850333258614e-01
5.270040875926407242e-01
4.457897115287332013e-01
4.935319306747302237e-01
4.810087413125860301e-01
5.897553041145169317e-01
5.441625741021867135e-01
5.721295568515585295e-01
5.266146407467692248e-01
6.126376100621203635e-01
5.058053632913588338e-01
5.838252505848275931e-01
5.645595008582078300e-01
5.592191964697015294e-01
5.844893286847843150e-01
6.092023794605779807e-01
6.074909244773554207e-01
4.549161528203691240e-01
3.098299275739030967e-01
5.306620413123878111e-01
5.419999811070127516e-01
7.372405968599486936e-01
7.252912668593149981e-01
5.628781396981240581e-01
5.015388525447072032e-01
7.330917967325349949e-01
5.708722343008231226e-01
7.379284305116647902e-01
3.310573843913455216e-01
3.607476757161040548e-01
5.933508185947115043e-01
5.229526078896461483e-01
5.795737281094930360e-01
7.380384846392323839e-01
6.770065845287764894e-01
5.633607221891789862e-01
7.386453141807175493e-01
7.385596063208397233e-01
5.618241952071622025e-01
6.135530098483814587e-01
3.402365206231026673e-01
5.757327300861222463e-01
5.624954908302255419e-01
7.379548159088283876e-01
3.155657514516156392e-01
5.584757227028042115e-01
4.561029417953159637e-01
4.846136152823423138e-01
3.712390794382049442e-01
3.576200334303246131e-01
5.602748929081416973e-01
3.110570343141689786e-01
5.950561010706532095e-01
5.476956704534677867e-01
4.140927871557253948e-01
4.836062609023291659e-01
5.651245605550575535e-01
5.590986707006139200e-01
5.506619924610864913e-01
5.007987297085463307e-01
4.553386529578355435e-01
3.200000329339847127e-01
5.900922932561978307e-01
5.923263721052791642e-01
4.452012269183451831e-01
6.194491048884869233e-01
2.699326343961408470e-01
5.601895828861271909e-01
2.726069729554916332e-01
3.758008016276443986e-01
5.461016579557601558e-01
5.753782564788562093e-01
7.356956130796784565e-01
5.425376175181626515e-01
5.558182501729731495e-01
4.895126504658728894e-01
3.859093393177445708e-01
5.467372316152773193e-01
5.124563673301605338e-01
6.149564963692280006e-01
5.210577111663774463e-01
5.245096764646304255e-01
7.331513310985192655e-01
3.235407126245364862e-01
4.503809683181171919e-01
4.099447117880301583e-01
5.769390976296905338e-01
5.293901614882071671e-01
7.390426753072971700e-01
4.839635693664259275e-01
4.203380005134098596e-01
7.379987726503201007e-01
5.254952005188856523e-01
4.523544055681540388e-01
5.059004892831856504e-01
5.540104583550305994e-01
6.614038863421717318e-01
5.331849725597100909e-01
4.853215115904342958e-01
5.565382249667821801e-01
4.982946689030406384e-01
5.452672532231596092e-01
4.951445087924270516e-01
6.053178036502583348e-01
5.428467136290465733e-01
4.724176868299130860e-01
5.905116707642389384e-01
5.893412232719088539e-01
4.686237627567635955e-01
6.405971750932009101e-01
4.500593187163577924e-01
5.430973845436093406e-01
7.332414661668786859e-01
3.706535648892981261e-01
2.686114897448783623e-01
5.321088796504988006e-01
5.346914475993839178e-01
7.229266282875573824e-01
2.709161921466166634e-01
4.162434878262505911e-01
5.623320454284151948e-01
4.468666892568812776e-01
4.454481960721926037e-01
2.714912906902889334e-01
6.308232110790250591e-01
2.727997185146888715e-01
4.429063564716181900e-01
5.066833754979528370e-01
3.723103699150854262e-01
6.412930066236455229e-01
6.238007050411659149e-01
5.255249918002538045e-01
4.278623547354705181e-01
3.315879205107031824e-01
7.361818033574957232e-01
5.626602528866930797e-01
5.292077044694214472e-01
5.405618721974088103e-01
4.694541886571600431e-01
6.288458035861884676e-01
4.594945763765799773e-01
6.431981027187470001e-01
5.071367624003527697e-01
6.086544442457757498e-01
5.509578127268509595e-01
4.927037488783969632e-01
5.377676063938936490e-01
5.169134981433350928e-01
3.278074951046725527e-01
2.670735749985022056e-01
5.118603137280183235e-01
6.103118970037566537e-01
5.543977730740614618e-01
6.453573509873440361e-01
6.385595791249885078e-01
2.764072756951402865e-01
6.299333243804261517e-01
5.275075716051995656e-01
5.717932263544382998e-01
7.332282117634495444e-01
5.940732397694976630e-01
3.922777506563112637e-01
4.959720366979875616e-01
7.368158221484834014e-01
5.615175901242821510e-01
5.615822951206242974e-01
5.435925601792120920e-01
5.290905681433873964e-01
5.530851048416218774e-01
6.072144941011659025e-01
4.337796852548613802e-01
5.680403355228644813e-01
4.496906974678739899e-01
4.030486736089890498e-01
4.877519472243042609e-01
4.097271727730158464e-01
5.892476853932658853e-01
4.949266496867505971e-01
4.371585309978355260e-01
2.709811860476873946e-01
4.530500636609733345e-01
5.654747244957272212e-01
5.265608334723943518e-01
4.170459715995948335e-01
5.766041132774624156e-01
6.086193596601460198e-01
7.252781312874535535e-01
3.296468286789585589e-01
4.850514565306524584e-01
6.382080749787397700e-01
4.768354973372050942e-01
5.460460201170468375e-01
5.575286788177754582e-01
4.324349293783339432e-01
4.388923342360860347e-01
5.019206329831532587e-01
3.841387015626983037e-01
5.326394004122121384e-01
3.776621030017929259e-01
4.531183588700086196e-01
4.547168771081661620e-01
5.027034562092431713e-01
5.657825316608965371e-01
5.982440315532738806e-01
2.842396768475530244e-01
5.271850276674961977e-01
7.335060801541383180e-01
4.987142649455584276e-01
6.508886075284566752e-01
6.131749448071946995e-01
5.191711808311426646e-01
5.693337621828389317e-01
5.721768673573349728e-01
5.633038712842017848e-01
5.428471867569685250e-01
5.903674864427618241e-01
4.843097836238120513e-01
3.163141621627706956e-01
5.160039644465568287e-01
3.898535331392181669e-01
7.380705708527313114e-01
5.631218167301227373e-01
4.597453783599938504e-01
3.367313861704937517e-01
4.330469419723557145e-01
5.217985375573910289e-01
5.452916888439792720e-01
2.859024654018536005e-01
5.585111660355064345e-01
5.773847111801445608e-01
5.477947002308505287e-01
5.290551672107876024e-01
6.160166280830795538e-01
5.037593792052780239e-01
5.614778991394627772e-01
4.299537874301104790e-01
3.432534214486933632e-01
5.475283104999746353e-01
2.681393459387720335e-01
3.160673967558952357e-01
5.126754685379477650e-01
6.134600357390093128e-01
5.335002173879612730e-01
3.226789919974306642e-01
4.614158181757467836e-01
5.556642239046940546e-01
2.739456202498969928e-01
5.616666792817420761e-01
5.011114187292778910e-01
5.761419451431826211e-01
5.196621443257992690e-01
4.961118587945733682e-01
5.779119195688569022e-01
5.490562278576474053e-01
7.018434298677663774e-01
5.354091503694232701e-01
5.515901285688054045e-01
5.318330586440035423e-01
5.539169465006134052e-01
5.750738124529884976e-01
5.402397151019588950e-01
5.724293858337864416e-01
5.256672437165959000e-01
5.997289719352378867e-01
4.692610494941593102e-01
5.232134050195107466e-01
2.735510837402383433e-01
5.745491320317746009e-01
4.759695533011534807e-01
5.593473242811077828e-01
6.113473767944564985e-01
4.196307468483483905e-01
5.623672983581420315e-01
6.982426886694984569e-01
4.776001841533848991e-01
6.616195342320432271e-01
2.756012096485438989e-01
5.633096182961280229e-01
5.535662003717608526e-01
3.036163459576561863e-01
6.383740441594548676e-01
4.589824059539197032e-01
6.430742688189819978e-01
6.037310527933730242e-01
4.040528010499107592e-01
5.470341889147486425e-01
5.285769270226413630e-01
2.733333750537546014e-01
4.437194752961851618e-01
6.174612000759168717e-01
5.677159785454357621e-01
6.443499971651862612e-01
3.780929640748291742e-01
7.241756237537967378e-01
6.260383968661284992e-01
2.680262557209207586e-01
3.265136905062289152e-01
3.403563298331195863e-01
5.988249847213116261e-01
5.307084671191275582e-01
6.070652168976795604e-01
5.391032569203645375e-01
3.786643117167627914e-01
5.433834537672033171e-01
3.697739342696534925e-01
4.445384381231241022e-01
2.682231770845616703e-01
5.358876510047368980e-01
5.231822684447130500e-01
7.207615934079110165e-01
7.251919097360640665e-01
2.664249537979888061e-01
5.249839037124842678e-01
6.268544543003874425e-01
4.164579812172498618e-01
7.383425663518571325e-01
3.325547772676791247e-01
5.419917780227125892e-01
4.890551599622315337e-01
3.989725377421317609e-01
4.880968588658247120e-01
5.022460068866595462e-01
2.689968415635868304e-01
5.343386802264006308e-01
5.014495590995787788e-01
4.205896048944108290e-01
7.359475435367396345e-01
5.522421771551663250e-01
5.280755377324664046e-01
5.342121540529026769e-01
5.249155744667871604e-01
7.250376174629370452e-01
4.649369993187577044e-01
5.619592631581312725e-01
5.398116246494979453e-01
2.741516814416283809e-01
7.383429679712644189e-01
7.363271203673453780e-01
4.501596567671212745e-01
5.565576759979982135e-01
3.852708493357299147e-01
5.286594304943492695e-01
5.644916167638750482e-01
5.981511589734708201e-01
4.491917378261056637e-01
5.551304587628426157e-01
5.675041521990757953e-01
5.645755217554253580e-01
4.276843391241344494e-01
3.089579285536974140e-01
5.564605301024871942e-01
2.676321024926197611e-01
2.693670740802183161e-01
3.615139921705410875e-01
4.619725925039273595e-01
3.643445073974103665e-01
5.379219261892845827e-01
3.540569066028015355e-01
2.681587415096365890e-01
2.675583432782042137e-01
2.734148501047355406e-01
2.659974239269428109e-01
6.194003469978459631e-01
5.675125610789770736e-01
5.247724536244366966e-01
3.293686505219552974e-01
6.217810447227251069e-01
5.692166594086481846e-01
4.302011796873076444e-01
3.911032275509727096e-01
3.242022214970287086e-01
4.016786276903765995e-01
4.435450298973387384e-01
6.055396711535446785e-01
3.953540352090649801e-01
2.685722885652683245e-01
5.257582327013601287e-01
2.731063276024203734e-01
4.467625925738988313e-01
5.680473668011665200e-01
6.233408993675444432e-01
5.235177276887476028e-01
4.446240803153032051e-01
5.524475336611862630e-01
5.666624570777794023e-01
6.160557246141518117e-01
5.940242416525086666e-01
3.572075780433434655e-01
5.612866433009970901e-01
2.690964677307237096e-01
2.914375002525896319e-01
4.650717719360327740e-01
2.692860788732987509e-01
4.997136066818730904e-01
5.621937780818103692e-01
5.498637964363564112e-01
5.588690899732460249e-01
5.586490007789211010e-01
5.003721836351616714e-01
5.401357761490990228e-01
5.668648424659545881e-01
7.151726397704667448e-01
3.400807536564459665e-01
5.383969973241518048e-01
5.383720178176578663e-01
4.429831557762297090e-01
5.545610733824543059e-01
6.744633161867267246e-01
5.344594462158146486e-01
5.581682944214674258e-01
5.519652346129183540e-01
4.693464543159745483e-01
7.381055415912726181e-01
5.755783405324101931e-01
5.926550343289932465e-01
6.040958175124150342e-01
5.624408968080817361e-01
5.523315506354254945e-01
5.651245826193066479e-01
5.605011435061534320e-01
2.724141751776193998e-01
3.671125731313948370e-01
7.360106529739576242e-01
5.647255674277922299e-01
5.149406464879404677e-01
4.980909932755635539e-01
5.901607078923700733e-01
5.112869058477155226e-01
2.690402007894108216e-01
5.505796351531884181e-01
5.426780461379303588e-01
5.974027539955949484e-01
2.818726345609383621e-01
7.382661546040746314e-01
5.613701977060242543e-01
5.062675433498666777e-01
5.756930716918633451e-01
5.696917726151068395e-01
2.683164797549962843e-01
5.619290081365444500e-01
2.765016123100985102e-01
5.016012534560393421e-01
4.995582816830378969e-01
5.543916257548129334e-01
7.164390585353795915e-01
5.620482759860961908e-01
6.397038144162630058e-01
3.661748658075942298e-01
7.379812456184626779e-01
4.718843768187770960e-01
2.675297187983843861e-01
5.454881856528140949e-01
6.435402290038265694e-01
5.632174700124922273e-01
5.654545216880989544e-01
2.683023220532851361e-01
3.941922206418915220e-01
5.751301514610542842e-01
5.651472813065813172e-01
3.798322956727310240e-01
5.698790541359696205e-01
7.368660169771075186e-01
5.837228487255498033e-01
2.706349621462795230e-01
5.874175556429876988e-01
5.201055063636889075e-01
5.175649607060087698e-01
6.095265169452686038e-01
5.130512406578118245e-01
6.066515001937511364e-01
2.665082017862892005e-01
5.996858827574399475e-01
3.369342183010644032e-01
5.065793521178528769e-01
5.626746376564172314e-01
4.974063418600383479e-01
5.797151114855140230e-01
4.735799980884476401e-01
2.772697703701096361e-01
5.829687593897552311e-01
6.042352804689483659e-01
5.484264080269329877e-01
5.861177074117205343e-01
5.200377218756256914e-01
5.974865444941749315e-01
5.669971198058505468e-01
4.392608823412318397e-01
5.584154352036257984e-01
4.685114765248336588e-01
5.287132048999269029e-01
6.020973538830509675e-01
5.892511846317401991e-01
5.829774131728007180e-01
5.761996641542617148e-01
3.341754693146475885e-01
4.238528568391505824e-01
4.822431669183677161e-01
7.379758634097196568e-01
3.306747546899395096e-01
6.464751920508188254e-01
4.357246514553356764e-01
4.581662748637491123e-01
5.237800756396325808e-01
2.674011033787760394e-01
5.693824855710483135e-01
5.145327396203626114e-01
2.666464200908176818e-01
5.598469682345917908e-01
2.881785468029868236e-01
7.375023289965277895e-01
7.337427873119254373e-01
5.382755961572680548e-01
5.430535828041745949e-01
4.871152846808881609e-01
3.366926170657387196e-01
4.831385422372487248e-01
5.705072356558827940e-01
3.436840839769750855e-01
5.358093260509456668e-01
6.240878723175132814e-01
2.871289410948534848e-01
3.979644463614532834e-01
2.676038853613798008e-01
4.927873736440228081e-01
5.607173592213069435e-01
5.297102477885305971e-01
5.629487036079663387e-01
3.137951386664867282e-01
5.437215526861293169e-01
5.429508580791622130e-01
5.702516648119868581e-01
4.900786865035473561e-01
3.097097407067670449e-01
5.481818971986162081e-01
2.903442827237159851e-01
4.114199769633649084e-01
4.608259888657642023e-01
6.110295660340576696e-01
3.386262921124381098e-01
5.400760797667398805e-01
5.487841058701863339e-01
7.378813604792069381e-01
5.487065875739305376e-01
5.270037747128993866e-01
5.721693888077129531e-01
5.303190572661796720e-01
5.630091861258833541e-01
7.162035091418977872e-01
4.339888720975210723e-01
6.102665163984877239e-01
2.700164381691412818e-01
2.706952835127990897e-01
4.171457882796191230e-01
5.958325564325187562e-01
3.129103365629293254e-01
3.071363727983013603e-01
5.296862073706696261e-01
4.938548211832931023e-01
5.745645485838077882e-01
3.513161831065846896e-01
5.402937602959471119e-01
5.754119142516991303e-01
5.685095683879944906e-01
5.333489765285343021e-01
6.083863540387083324e-01
2.685469314703723964e-01
4.133954332250237007e-01
7.358155775054916470e-01
5.568189029238221899e-01
5.017369549067520751e-01
5.780418137008707102e-01
5.779378113561906005e-01
5.525989705662028850e-01
3.142345490574326994e-01
5.353670241718602174e-01
3.895898917948963369e-01
4.915082093857984780e-01
7.367698637611530543e-01
4.336066633596060704e-01
3.824654685671112775e-01
7.378955807510437781e-01
5.896487715056250023e-01
5.552815343412420557e-01
5.402249326996807488e-01
4.420870443457456389e-01
5.495438315464765688e-01
5.675985850437496039e-01
6.047560147557200505e-01
4.866780796051259905e-01
5.693675157594423331e-01
3.325086984382138455e-01
4.703394943456670196e-01
6.568846240317797180e-01
2.756594073512451670e-01
6.274297000411782621e-01
6.454026917569966049e-01
4.465716142958542356e-01
4.900533189875808104e-01
5.008442454112185249e-01
6.200947762832628163e-01
5.949823395787833258e-01
5.418003911636050107e-01
4.791614967667794378e-01
5.513846828738984129e-01
5.249516547814879752e-01
5.125691555021967272e-01
5.327433441231550493e-01
5.887592149639961914e-01
5.457121073956265889e-01
5.438531728368876106e-01
4.872804926492245725e-01
3.910139762357502935e-01
4.423401697212466788e-01
5.180347923070874883e-01
2.719576729954564787e-01
5.576445829210934235e-01
2.732652749118769098e-01
5.565765500637961383e-01
4.366229653835187463e-01
3.923673174196029567e-01
2.685094727902601619e-01
4.400439913451877905e-01
5.697621084299406835e-01
5.954657640519169792e-01
4.877449181359072572e-01
2.680993469182061384e-01
4.559566397323365217e-01
5.729160597833521384e-01
5.159499316218718601e-01
5.189197366519586740e-01
2.720155142110836644e-01
5.642049162016675723e-01
4.187178363266725323e-01
4.282107431012603382e-01
5.179474163877719750e-01
5.158354204544559618e-01
3.322425169272040235e-01
2.739994737782796008e-01
7.362146028217330107e-01
6.736062399201473427e-01
5.307215606084423332e-01
5.563254326707832709e-01
4.616627939416686477e-01
3.736933990188176513e-01
4.696436816305624706e-01
4.338914738181777753e-01
6.335133314484929778e-01
7.092607496426605040e-01
5.919329509090291985e-01
2.853845890496436999e-01
4.287348734139402873e-01
5.413672163692577755e-01
5.572130094276576129e-01
5.747087798106252921e-01
5.387730605306910725e-01
5.655352209458301971e-01
3.748491275383682986e-01
6.253101300924067685e-01
5.641664277308128250e-01
2.673707549367038694e-01
5.508247408331515826e-01
4.152958004489751276e-01
5.533978356869518889e-01
2.696914100904194700e-01
5.233657742144189884e-01
6.606755975657457869e-01
4.589624600324277437e-01
5.435916131964017017e-01
6.534999803515185723e-01
4.810859619579221924e-01
2.824443574670351675e-01
5.518134841732602602e-01
4.582782681297340455e-01
3.650694079213205878e-01
5.418222302498746368e-01
5.435761582035775197e-01
4.174589526459520639e-01
4.437998370205874510e-01
4.267763518712922588e-01
7.280074640681802878e-01
5.654808674935882795e-01
5.324544010562778373e-01
5.806923147914886396e-01
2.965916168778782169e-01
5.789274647930457984e-01
3.219048024883285342e-01
7.377206253837652605e-01
3.727286054835746154e-01
5.509247927420197755e-01
7.122139716427360323e-01
2.701514231737534022e-01
5.331754918234539176e-01
4.164123771795924522e-01
4.960847826168831021e-01
5.663482739002219102e-01
5.566913389074582552e-01
5.719598233130169795e-01
4.128019680503060007e-01
5.641993610472819665e-01
4.217981838770043512e-01
5.423653362637271824e-01
4.075721444157042184e-01
3.097495862800853650e-01
3.272655226433636155e-01
5.841059622893072234e-01
4.693619831684519017e-01
6.171738621199759356e-01
3.374916205586465101e-01
2.675398858002078217e-01
4.782134549810110880e-01
4.874224465254486383e-01
4.849697342039024917e-01
4.532339203535847849e-01
4.871497739086932399e-01
5.183350001785727024e-01
2.966819419894768939e-01
5.500585079585652570e-01
5.203371112643574437e-01
2.710438789535276616e-01
3.280328697206918998e-01
5.928702807044526901e-01
4.704688209473167348e-01
4.229788881834793957e-01
4.179819531187473625e-01
3.354259052090799442e-01
3.424422953457476604e-01
7.378481522097863898e-01
5.678882568758750748e-01
5.742550566765978193e-01
2.702485495736889343e-01
5.621023542636156556e-01
5.999117091789258893e-01
4.649256112871326674e-01
7.367710288775831673e-01
3.179679141238095919e-01
7.365450542556341018e-01
5.338803041294906127e-01
5.809804966838885143e-01
4.664221253196983996e-01
4.344654161831293382e-01
5.553849548384184320e-01
4.414119255566545386e-01
5.114998800878726160e-01
5.373585203907943475e-01
5.124394459784162859e-01
5.575831289002382007e-01
4.945675353959416709e-01
2.715938844695481857e-01
4.731456394734003812e-01
2.727069910343390413e-01
4.332747708030691425e-01
5.629424291256200918e-01
5.617123912892157955e-01
4.076103848810602170e-01
5.540122624016941000e-01
2.717531838373760666e-01
5.646398160420628143e-01
5.355119815806896888e-01
7.116142846169617453e-01
4.304011952465917057e-01
5.474065034101114335e-01
5.992604027464021321e-01
4.411078033506098395e-01
2.859277154626077011e-01
4.009779104095167468e-01
5.599022543292964116e-01
4.247745165156517899e-01
6.417643674755639793e-01
4.815878270738332412e-01
4.319962691127931520e-01
6.141141467887919481e-01
6.274154846418077414e-01
5.333316521334271476e-01
4.892958042611205705e-01
7.377318544315413229e-01
4.596846465689259364e-01
5.870385324131013327e-01
5.707359351145004922e-01
5.543043226697516035e-01
5.322511353674931334e-01
5.008263516463890008e-01
3.703664338974495540e-01
5.637000233052659182e-01
4.451284201585559708e-01
3.116320614084032159e-01
3.734036024075427229e-01
3.324717629866015822e-01
3.856622380950557871e-01
4.984964648900567230e-01
5.239407035327519058e-01
3.798770734089996215e-01
5.552330398639281350e-01
5.329220721744313272e-01
5.981844867864974935e-01
4.267843229499200808e-01
5.597569698142724759e-01
5.738042931127007584e-01
5.299866601335957439e-01
4.765256915538449989e-01
5.610608384558536388e-01
2.673612966685878778e-01
5.666469908335453054e-01
2.884220371249472947e-01
4.124059225104824700e-01
5.947604202297765985e-01
2.689625915790320732e-01
5.242720429607941046e-01
4.628119554101381428e-01
5.443520221476653154e-01
5.177090467940459462e-01
6.169674824168230876e-01
5.761563531467579491e-01
7.369905449235997219e-01
4.418289791296712288e-01
3.868699696873719174e-01
4.428225792002876693e-01
7.380638396620353703e-01
4.253359493854738660e-01
4.158633489387608684e-01
5.615043779034505356e-01
5.840294182850216398e-01
7.006936803037432382e-01
4.658391203459963936e-01
5.148598263663621832e-01
4.198570793829717318e-01
4.564635319563497551e-01
2.737547181302684152e-01
3.195814114285437380e-01
4.927425735028993503e-01
7.371830203041620511e-01
2.683730781158272238e-01
4.171658714889973640e-01
5.484156699857254402e-01
3.102964265255165333e-01
3.552238974793171522e-01
5.236709820733738141e-01
4.662923082748333670e-01
3.780054349486496323e-01
5.682183614011011574e-01
6.017353074008627845e-01
4.313079279728433413e-01
5.026135459840861408e-01
5.856101504223704124e-01
2.665714500476953908e-01
5.245300618365991152e-01
2.776774151806798985e-01
6.285845804636904788e-01
4.853379664854652331e-01
2.671530792287153400e-01
6.294179928138147195e-01
5.441187571358415687e-01
6.006563431589292401e-01
7.380060538311433715e-01
5.949965393913034806e-01
5.328691388539488205e-01
4.548022702440506215e-01
5.786637743999608618e-01
4.576296902536254874e-01
5.655848000147013499e-01
3.928009924488968241e-01
3.771026869622213784e-01
2.684892373360727169e-01
4.831970605493005610e-01
5.576291490641739346e-01
4.902270216466143582e-01
5.349180921969869384e-01
5.681982553400541924e-01
5.523140730162326983e-01
2.916889784373709604e-01
5.618119158378643840e-01
3.386251476373453584e-01
5.559806704577108238e-01
5.311348148233975275e-01
4.788318211273512315e-01
5.619476986822818931e-01
5.248452803120549071e-01
5.763402680422572422e-01
2.675945814933988198e-01
2.873718291242464695e-01
5.099687048712847615e-01
6.973401901613048848e-01
2.733075162118877022e-01
2.658289550009367841e-01
6.755441661798182729e-01
3.734844268079665075e-01
6.035763973316763398e-01
4.523983066505020134e-01
6.235237108265259121e-01
5.609764976282545224e-01
7.339829890993054828e-01
3.131751155097595718e-01
4.142748192539343344e-01
6.202891609819954910e-01
3.156805365103246830e-01
5.637670050075231920e-01
4.096806852808159705e-01
4.120939957571929102e-01
4.284085223693195887e-01
4.703085519017474736e-01
6.245598275465472637e-01
3.877728446619730374e-01
2.712547419430986761e-01
5.086683679011183568e-01
4.897554387450865909e-01
5.963070574630531251e-01
6.438091986320342297e-01
6.105039903438949089e-01
3.272170239173136097e-01
5.457133709042487624e-01
5.586749080784055854e-01
5.517893192604570451e-01
5.752190634846172657e-01
5.668538300627562476e-01
5.240963864364421854e-01
3.740261588282052796e-01
5.278969285193962913e-01
5.488289388420460879e-01
7.381567830523063645e-01
5.617141762753830037e-01
5.621816278026492419e-01
5.328386786950504161e-01
4.676033906460360101e-01
5.321645635851589562e-01
6.427857944085616504e-01
4.535480000321353011e-01
4.952851710626586801e-01
5.527760251477740194e-01
3.076232731908322693e-01
6.334078316517853802e-01
5.408735434101291650e-01
4.098914509006859608e-01
7.293490123260704117e-01
5.219541002084014947e-01
5.461844562050613971e-01
5.549264514768424972e-01
2.941958596326829101e-01
6.484286774954973742e-01
4.054388459128118738e-01
5.263324903248295383e-01
4.011442305071475922e-01
5.632558481099488867e-01
4.067428215575681905e-01
2.726914260024649872e-01
4.756177821805084305e-01
3.747872652193014464e-01
5.049595584519385172e-01
5.555096459346178239e-01
6.548327342342821211e-01
5.641362513137977430e-01
5.690139387934624038e-01
5.939781141132889353e-01
7.355191527603258672e-01
6.272878350842531203e-01
5.897059852906738620e-01
2.823250389797354321e-01
5.072794108270464175e-01
3.418096328958356023e-01
4.853734911162642662e-01
3.626048450661537581e-01
5.862811031314975052e-01
5.472950960901918904e-01
4.606677334047231676e-01
4.043560978472504619e-01
5.564529354574445641e-01
5.804336242447252214e-01
2.707736011393848674e-01
5.357971650381881945e-01
5.824726747554260786e-01
7.374584484401272011e-01
6.232091181781238554e-01
4.069531980219051603e-01
2.731983989793914658e-01
6.220852205604109342e-01
2.727533742884908352e-01
2.668950777551048481e-01
3.756059500350039104e-01
3.565592368560780434e-01
5.139407396837721853e-01
6.344279010212700021e-01
5.436120252541015718e-01
5.020241805741880725e-01
7.350336785120321625e-01
5.285584258704404403e-01
5.302025931470855102e-01
4.833115010352515006e-01
5.676738437324194697e-01
7.073777844567002981e-01
5.481326842364285801e-01
5.312475595591047428e-01
5.363472102412587539e-01
2.663163437226301333e-01
3.230191063515707173e-01
5.590417619509053804e-01
5.637686600919005198e-01
3.391290696339243627e-01
3.126912100441566200e-01
6.298298335419697525e-01
5.645126306953586193e-01
3.792529150449185926e-01
3.553812458548404329e-01
5.973191006667870617e-01
6.245145614545940527e-01
3.180973201255326566e-01
3.113183187503654192e-01
3.027523397924744009e-01
4.127530502422512293e-01
5.558976977113941897e-01
3.253058222345464601e-01
6.392635851724500773e-01
4.527994718046552958e-01
7.248961490739459501e-01
4.969866502597903857e-01
3.785117904665971089e-01
5.005649978176369697e-01
5.273435094761966813e-01
7.368181114823100231e-01
3.790195490117161947e-01
5.413853783084026094e-01
5.907606139006684742e-01
2.681060816775249767e-01
5.570584085638109473e-01
2.873003008396143310e-01
5.702324452779721220e-01
4.605407083123738698e-01
5.371731644921599047e-01
5.467165861123391979e-01
3.720240288667897022e-01
5.287737724967548347e-01
4.649011137404474026e-01
5.470577370018079311e-01
5.287550285211578549e-01
4.448152092865366170e-01
5.859378109207779017e-01
5.262597099045390747e-01
4.462004916447784852e-01
4.868188552777265032e-01
7.359430416658868657e-01
5.242177041732335452e-01
2.674402840372672174e-01
5.563450133954257470e-01
5.672740673539576894e-01
4.802274885422225248e-01
5.965521196984724384e-01
3.262586334231528107e-01
7.377603845526762294e-01
4.431562592407917167e-01
7.386722499727653712e-01
3.255143734505414610e-01
4.953799574238652581e-01
5.624750896319733462e-01
4.600465383149920373e-01
5.433154520655991693e-01
7.379088280259045174e-01
3.458605463224730392e-01
4.461951153847025231e-01
4.045781464402279926e-01
5.714366193045056219e-01
4.520059290718198008e-01
5.624042612201528568e-01
4.475301788045773499e-01
4.447142386656349755e-01
2.755281304950113475e-01
5.154156178614049955e-01
5.681133700152043442e-01
4.651054860056078044e-01
5.434918915375770432e-01
5.633121789721409201e-01
5.605756292824933817e-01
5.542144242517559327e-01
2.882356521792389659e-01
5.204473931430225742e-01
6.363930205210369673e-01
4.352881731900151707e-01
6.099556567473800595e-01
5.259241820647708732e-01
4.195001525851926316e-01
2.818943594474302983e-01
4.045859807887576265e-01
4.360044646301599047e-01
5.450880688382155892e-01
5.380427154453563121e-01
4.580668191451011673e-01
5.610567134911940146e-01
4.962015215716930050e-01
4.636868294466853779e-01
4.114321717136411594e-01
3.656875128570273303e-01
6.094527722950555670e-01
5.606557295078808956e-01
5.379466421878896787e-01
3.336816980584011993e-01
5.541701659445376071e-01
5.366586034363688418e-01
4.284526139103873588e-01
4.751575620397864852e-01
3.037310330671547653e-01
3.520652247243650224e-01
3.201910519494312601e-01
6.184546831769632824e-01
5.655524437279481065e-01
6.438628307370107828e-01
5.576221471686502174e-01
5.832974488160597160e-01
5.636150324938498102e-01
5.836693300489361746e-01
4.149389734254693152e-01
5.550025701505176823e-01
5.727820593189870690e-01
7.160541657057175602e-01
5.152443773313631903e-01
5.353228775232249381e-01
4.568907926433506961e-01
3.810982093254937642e-01
5.082325500260859164e-01
6.635419643071943652e-01
5.640450009775079820e-01
5.678065857776619652e-01
5.552779632575652879e-01
5.468124005125289955e-01
5.509852937322849975e-01
7.341663657345458560e-01
3.799049373909956229e-01
5.297397143536833886e-01
5.857064180433491085e-01
4.283499452668967367e-01
4.761625414604040429e-01
3.177792530431641782e-01
5.252379625034763189e-01
4.808398386519369683e-01
4.601087284446826464e-01
6.414290033782016343e-01
5.522804626855245536e-01
7.369264956185918036e-01
4.844804245255103781e-01
4.635160150975993210e-01
5.496521421547310160e-01
5.579681856066385226e-01
6.251017842394223090e-01
3.306361554918315071e-01
5.752827796582676845e-01
6.293145483183330002e-01
5.262586828296924590e-01
6.204855319670288250e-01
5.162870355411236512e-01
5.211726350530589968e-01
2.691918025934930125e-01
7.378735089607288966e-01
7.370859570076374601e-01
4.973104490362564856e-01
5.791752837528961750e-01
3.237066056368766986e-01
5.336062908281967720e-01
2.819220422024152906e-01
6.547343168704553573e-01
2.672232772396452849e-01
5.426284713308296981e-01
4.169227280916472655e-01
3.746771044662060013e-01
6.065977082339983895e-01
5.920598732968823663e-01
4.961661517320147263e-01
4.190281594008835042e-01
3.105006466378147922e-01
3.664102498735462010e-01
4.816458987847578310e-01
5.583390949494878575e-01
6.663144444437562042e-01
4.828589016670268852e-01
4.588073638359282946e-01
3.723636335188822422e-01
4.237253524942211635e-01
5.471879620698479885e-01
6.312422558372567938e-01
5.927795705844332019e-01
4.985750169511186658e-01
4.601602275766216721e-01
5.138653483029680391e-01
5.735969441911713540e-01
3.678284581841375078e-01
6.251384684636946965e-01
6.482815534220122133e-01
2.823310913751397311e-01
6.842000373749187458e-01
5.193137707654458257e-01
5.567741825097678454e-01
5.589949353923817643e-01
5.636712430993768841e-01
5.606814298274208630e-01
3.877209696357700186e-01
5.753224109843551037e-01
4.927100096944778129e-01
5.758100308165595704e-01
2.668836092371607016e-01
4.563523019480122400e-01
4.719802185041803155e-01
5.548224516030764164e-01
5.159188032246310174e-01
5.088083243062158090e-01
5.418996642769399186e-01
4.991000036517997396e-01
3.071026799751210845e-01
2.734084591215734661e-01
5.374618409443389089e-01
5.559242912176862728e-01
6.068885051716519374e-01
5.584704551730634847e-01
2.821297101109416783e-01
5.339456161949144297e-01
5.218918191525011574e-01
5.663008424858508860e-01
2.997186983579503416e-01
4.745585368867131781e-01
6.154309779032868244e-01
7.377028832573353512e-01
4.258884620931164822e-01
5.199664415413960405e-01
2.723410124989118497e-01
5.796394554725847748e-01
5.052014327098768298e-01
5.719271480698628896e-01
5.732542279132420981e-01
3.997194566731139820e-01
5.468487028499907643e-01
5.705848174669041484e-01
2.667574872805865138e-01
7.367907619022819876e-01
4.456018549757844172e-01
5.835098273916496936e-01
5.165334500617585478e-01
5.941095396582593002e-01
4.008370491711397143e-01
5.319396764204510353e-01
6.605731639850860315e-01
2.720129583118670591e-01
4.460139033507259376e-01
7.130855097251029839e-01
5.714653409842690435e-01
5.610907507429905294e-01
4.135430231745381713e-01
4.146041189836873198e-01
7.108418418127187000e-01
5.631771222421763090e-01
5.881766402454906562e-01
4.602628891840683245e-01
5.591115301177317365e-01
5.028649259256001702e-01
7.362769358166644240e-01
7.006698532877480012e-01
5.247672236076185159e-01
5.399558811638726086e-01
7.015858694502402626e-01
3.768277825858187269e-01
4.955288487631477889e-01
2.724454154517712556e-01
3.800919032098600270e-01
5.419001104557323867e-01
5.403025857233723084e-01
2.680783377487283570e-01
3.195761023376667564e-01
3.671530512656852596e-01
6.644429277324434002e-01
5.776037514604064338e-01
3.673503547802242641e-01
5.681054118808948061e-01
3.034624865578994801e-01
4.897618487114601127e-01
3.067660349981553569e-01
7.374890081931636532e-01
3.858449615111636533e-01
3.189827546299879302e-01
6.217127286800103736e-01
5.041849441838828216e-01
3.481832206276700425e-01
4.477302766598726391e-01
5.383781481689977610e-01
2.931013328456819056e-01
4.067690828338711984e-01
5.844243684399194061e-01
4.466776701727999677e-01
5.553457408608157841e-01
5.190215332405869741e-01
3.839836512232862598e-01
5.589360981776037018e-01
5.340038324482988541e-01
4.458143084249832078e-01
5.741615445726624412e-01
7.377900173286608965e-01
2.675537783817550364e-01
4.392409630502381868e-01
4.266105573862912226e-01
2.700531599569835350e-01
5.882356749002286556e-01
5.806995764497163703e-01
4.064215433648269982e-01
4.727719572512739110e-01
3.543187413101079875e-01
4.397257484827948315e-01
5.446957165462211758e-01
2.678421717595510509e-01
7.381111234911490460e-01
5.350176006257730821e-01
5.802199263756806502e-01
5.772680783047349218e-01
6.607259954760339449e-01
5.674039673116020310e-01
5.967946967239561307e-01
4.919509514850254339e-01
4.910020809113846973e-01
5.252371628472549681e-01
6.127448069995206081e-01
5.516397827618418903e-01
5.505846957121383056e-01
5.498636857282943602e-01
5.482066818398987351e-01
7.368846149973482529e-01
4.621508988706777843e-01
4.677041524120023053e-01
4.213597083246059527e-01
4.170879946617074285e-01
7.109726370925469885e-01
5.568231688402079937e-01
5.053332850396176079e-01
5.534513676589862818e-01
5.125908311658359251e-01
3.140459611426364428e-01
4.430087895580427371e-01
3.706170436186916328e-01
5.514602102448448173e-01
3.102003830312025090e-01
5.543719126030346445e-01
4.260756579366403174e-01
6.074105370151374750e-01
6.376487084726660814e-01
4.900986447834205784e-01
5.616529395447620310e-01
5.333101076339227253e-01
6.017076877370051147e-01
5.332409123250503313e-01
2.679847584629098112e-01
4.408518523317957460e-01
4.658349487837286640e-01
4.912288046227895055e-01
4.626005013199954163e-01
4.288237252293708446e-01
5.753768513925158201e-01
5.548408559494996117e-01
2.937381208553289658e-01
3.903478699447337497e-01
7.369879675924738693e-01
4.881241933464470217e-01
7.378746191825561462e-01
6.403511646860878814e-01
5.507721016400690672e-01
4.589310013419379830e-01
5.500117004355160599e-01
3.099496024121068949e-01
5.458378779272202719e-01
5.378880917601797096e-01
4.398499748314012581e-01
3.963014994934934143e-01
4.414401012735152952e-01
5.404105954110253185e-01
4.774457167685478565e-01
4.246644420519958829e-01
4.599219448694119583e-01
5.331462318196181771e-01
4.120516698062693384e-01
4.660748459383562414e-01
3.201322943790687048e-01
3.669701860115309744e-01
3.756175034388958278e-01
6.256891220419675825e-01
3.605102698644632730e-01
3.129782664597482444e-01
2.737426601355040789e-01
5.450428493772151439e-01
5.611636114980469436e-01
4.067883052981754455e-01
2.694332983547184646e-01
2.833655682990480207e-01
5.331042137488878341e-01
5.141216878398072732e-01
2.674333901108584821e-01
4.654161451907021241e-01
4.618447202692850251e-01
4.452744371819390978e-01
7.383339062162344035e-01
5.595240956233372698e-01
4.075049067874349507e-01
7.386589367464432287e-01
3.193234713555225257e-01
4.052823231134367044e-01
5.695854009104777127e-01
5.980092600818170956e-01
7.382897803220906940e-01
5.729780018214891690e-01
5.311016436799355089e-01
2.698083315722874520e-01
3.920753280126871299e-01
7.290948343937504461e-01
5.573017864962647172e-01
5.790242905097976456e-01
2.661853066258937361e-01
5.355750413747597527e-01
6.037228835941719218e-01
2.941709636272896722e-01
3.821951669332008805e-01
2.946804776549672433e-01
5.692694141886532888e-01
3.722930648028852652e-01
4.935064600463441864e-01
5.615671952835302738e-01
4.828803714914450818e-01
4.155994760581684933e-01
4.916706553754416342e-01
2.713093405690505944e-01
2.786919436958964491e-01
4.208577442537551616e-01
5.389872369490759096e-01
5.606789623779206977e-01
5.692559786834593405e-01
3.701706174734178956e-01
5.534131213630841817e-01
6.275199656324681463e-01
2.673415120829302216e-01
4.085348146268009684e-01
5.453027462114372614e-01
5.562352668147919621e-01
5.618440365207082454e-01
4.636965105447768409e-01
4.497063903357133019e-01
4.373641512811096699e-01
4.611813448391968717e-01
6.170729054948030923e-01
5.706872349496736607e-01
5.544906747221929333e-01
2.847822140673152425e-01
5.429571447700930475e-01
2.656939291477442566e-01
3.619382452552129537e-01
7.381660326549257523e-01
7.359541513131018231e-01
5.481920906264043936e-01
4.665804915452632096e-01
5.631686977645949943e-01
5.584892931954791306e-01
4.543616786904238203e-01
4.486442206978886182e-01
5.529548800045351875e-01
3.714797299116925355e-01
4.702083143570173762e-01
5.802191529519215019e-01
5.754535536672036322e-01
5.980380396390393427e-01
5.181320622077225657e-01
5.484583696114148088e-01
3.457842198830808900e-01
2.740918928202421556e-01
5.436515957683123457e-01
7.380408830586669966e-01
3.587938425926787134e-01
5.392427901876163387e-01
5.487964272937868593e-01
5.584310990573676525e-01
5.789998106835361202e-01
2.744315739717879121e-01
4.470218185014814827e-01
5.617061784577668249e-01
3.104298109179758902e-01
6.114189092350841293e-01
3.116322846841106387e-01
4.895590871486328322e-01
5.285803434233907749e-01
3.688580279962034858e-01
7.212328983073960087e-01
5.473584994996807396e-01
3.744097045180594385e-01
3.771177609973713207e-01
6.488589264026272119e-01
5.655359103179169455e-01
5.670399264506634784e-01
5.220205138453195559e-01
4.841287602747740837e-01
5.017376836120424066e-01
6.399275444462706464e-01
5.418088618508876131e-01
6.181538483838500131e-01
5.612006803150377809e-01
6.054873906269948591e-01
4.829525038219586452e-01
5.027145132978017017e-01
7.161428161764699096e-01
3.681364571015788845e-01
6.209106906087544786e-01
3.568611898139933958e-01
4.979653665465053058e-01
5.602329157721118724e-01
4.166012022034303319e-01
4.162761397716928657e-01
5.393513443080956149e-01
4.938828002145976281e-01
4.916573466418651117e-01
7.101899189520731737e-01
2.676492393743678533e-01
5.612306616404857396e-01
4.038875471516628068e-01
4.390450931860007122e-01
5.751972386620202160e-01
5.388256951777674608e-01
4.991565232221245041e-01
3.961381696900855287e-01
7.366266506496466082e-01
4.273122763344737729e-01
5.964693630561184179e-01
5.190381930864464977e-01
7.179152728183538779e-01
6.322326642452136269e-01
7.391786945045901724e-01
5.141888572705389793e-01
3.856368790871899654e-01
2.694695900585791781e-01
5.906072737620292612e-01
7.107407491294196467e-01
5.520043149587627873e-01
5.711479682334115182e-01
3.938354707024402934e-01
6.005033734196225659e-01
3.716111997490137986e-01
5.578237024060637150e-01
5.502289639387776266e-01
6.308574002242479661e-01
5.571492463242004867e-01
2.736700973091760747e-01
2.880462857809219512e-01
5.214739666476829738e-01
5.567067129523327607e-01
3.790435922739004426e-01
5.173130764360430733e-01
2.959890137567996460e-01
6.921195273319835639e-01
3.257654912727361296e-01
4.601467061958205429e-01
5.032618135709304719e-01
5.667777861640667103e-01
4.889830200368974200e-01
5.297598651320281071e-01
7.373245924632992887e-01
5.572416240365027917e-01
7.382285766920474446e-01
3.268127756049720167e-01
7.362544261341703589e-01
5.839197599965109120e-01
5.218499422623409378e-01
3.704810172291272963e-01
4.416877538670208603e-01
3.622412960620041700e-01
5.198144967214457512e-01
6.249012702813827591e-01
2.661880157551886339e-01
4.516482661806144328e-01
5.320726772679765793e-01
2.712086872990069342e-01
2.792928376968415449e-01
5.565095089824088070e-01
6.060222874366874013e-01
4.788963311308366833e-01
2.945121629701891175e-01
5.273307392671983118e-01
3.010429843995708343e-01
4.352401670978792714e-01
4.036103251178169149e-01
5.637863895770962586e-01
4.708495186899159801e-01
6.376068620058935599e-01
2.760408153521638486e-01
5.895364863447390968e-01
5.593049981893691847e-01
4.881889614721913739e-01
2.689321087391517429e-01
5.179580720529125548e-01
5.628220218095884020e-01
4.580494314332291261e-01
3.332167996019605449e-01
3.983665707578594173e-01
7.385031893266743586e-01
5.372050683998200737e-01
3.882000632745850610e-01
5.666743850633169099e-01
6.180122339951735766e-01
2.838782564419135013e-01
5.441877992810592035e-01
5.832774063598920034e-01
5.783660384004459809e-01
5.968637165582129089e-01
4.547928617157705466e-01
2.911874195949338273e-01
5.556396437020555412e-01
5.129441422033443887e-01
4.352376171838261421e-01
5.529909865157371929e-01
4.222832531663836542e-01
6.186866281044379745e-01
5.557422859380410918e-01
5.448078488498604433e-01
5.116367250687242629e-01
4.351396736073034344e-01
4.981795754316768465e-01
7.378700108433217109e-01
5.722433986989126087e-01
4.153600126892909583e-01
5.693089592489968265e-01
5.585665845793902351e-01
6.559093761065859507e-01
3.900783938635672965e-01
3.883832008828618787e-01
6.314028422683756192e-01
5.164896979212151296e-01
5.671086452175727599e-01
5.621209286435667751e-01
4.203538245261273509e-01
5.842721088260977025e-01
2.764170429841533716e-01
7.089199712030914702e-01
2.664273348484136328e-01
5.424423809179605982e-01
5.045725181004460103e-01
5.948027086275072817e-01
4.923789576630548948e-01
2.758083249872720355e-01
5.209751719552480065e-01
2.675624843762775540e-01
5.518059535248476255e-01
5.091115993361423619e-01
5.909256230720140168e-01
4.292557857481897332e-01
6.700501728082746133e-01
4.759468436156419902e-01
5.616569983939392330e-01
4.407871311389947033e-01
3.147561467587034478e-01
5.823001046981968187e-01
5.118824787192876036e-01
5.590297270556086051e-01
7.244672132295683076e-01
5.490141120743428083e-01
5.191386325009929026e-01
3.800299999606768786e-01
5.255561014066969516e-01
7.162266235294880712e-01
6.543351204454596060e-01
5.404438395329740352e-01
4.232959714677801966e-01
5.767976862260918436e-01
2.657743697196791599e-01
5.390714074004697709e-01
6.562490161844870551e-01
5.808173594964456399e-01
5.479148973864005345e-01
6.194104663869810512e-01
6.139910585864003512e-01
5.550418127611841390e-01
2.678103425778772251e-01
5.651697581446082363e-01
5.088505941407001076e-01
2.674163129023654495e-01
5.584846451804774681e-01
4.462940977766844397e-01
5.243339486354889889e-01
3.368407528785750116e-01
2.685239480247582633e-01
6.251962337326637531e-01
4.298981519472897528e-01
5.611081738886715131e-01
5.610895013944824372e-01
7.053125897992854609e-01
5.623137092647594315e-01
5.526203625418274479e-01
4.153360216979288255e-01
5.237312309600888893e-01
5.398368257598586961e-01
5.660113969578615123e-01
4.787069000016830334e-01
5.188964538008892236e-01
4.770209229206498480e-01
5.663194747119374428e-01
5.261704858501099480e-01
5.472572859758854102e-01
3.014988271562366040e-01
5.540623437663299011e-01
5.750974656381420136e-01
7.375686944633174091e-01
6.838118775761358181e-01
2.665678086305752759e-01
5.439413860989277261e-01
4.851783531946310957e-01
5.091414992174474463e-01
4.992849914707869208e-01
5.957653914957493635e-01
5.943441591485500997e-01
4.503925063289858088e-01
4.665792738274092688e-01
6.515692205431464767e-01
6.031983987383165990e-01
3.738766594568578294e-01
3.750831177583092702e-01
5.807248486905981499e-01
4.733314211340285960e-01
5.904498776610330735e-01
4.432630222347044846e-01
5.583677048442438062e-01
3.232156018174418000e-01
5.621981328751012308e-01
5.403293245913691756e-01
5.546131848000134257e-01
4.852745420770506746e-01
4.458753968294850156e-01
3.188812980224338123e-01
4.257626927850173271e-01
2.718130977977231133e-01
5.468352147567936417e-01
2.806551482753159021e-01
5.724636500847378739e-01
4.601866981366013465e-01
4.158291184399343643e-01
4.500834030365634675e-01
5.918730915465403308e-01
2.883285643982537727e-01
5.641197312682981746e-01
7.369086302917235987e-01
3.913073174232515883e-01
4.696682045855181675e-01
5.620637461845748861e-01
4.465260961302635612e-01
5.873475763023894292e-01
2.809788984505404708e-01
4.923268449460215801e-01
5.497898282837252459e-01
3.007737718284013706e-01
2.664502570483158195e-01
5.612099035622259979e-01
5.553399714326361369e-01
3.904543067519430366e-01
5.223107043263524041e-01
5.911946366332282432e-01
3.934363974277422238e-01
2.953539267630286846e-01
5.062122291272738162e-01
5.843279393719484904e-01
5.566805003460051360e-01
4.480411393454126756e-01
5.857065000005814426e-01
5.912122143810912833e-01
4.930155253574600716e-01
2.695513515592172782e-01
6.008332247938740212e-01
5.885098478116592702e-01
5.209462900912897876e-01
5.818647400972638550e-01
7.340303027841678096e-01
7.391772066050715795e-01
4.244216794825201311e-01
5.545197197538822564e-01
4.362146510791488629e-01
4.192334130165303319e-01
5.557271663284529817e-01
5.451926266637713292e-01
5.275174449983009994e-01
5.889118952183669542e-01
4.937716146123769523e-01
5.709482305893267551e-01
7.384313444171036744e-01
5.341540400446765924e-01
2.691521824218379155e-01
4.407047890804658974e-01
6.239773451424677209e-01
4.928448559912770865e-01
4.515722060424384177e-01
7.356919150667814433e-01
4.738556656913862630e-01
2.967458830230325639e-01
4.335243864020126292e-01
5.186547518908420917e-01
4.575802106234038713e-01
2.678032086704724701e-01
6.098038804498028265e-01
5.837370616158186198e-01
2.743926956475409851e-01
5.190697639735248892e-01
5.665099922170662161e-01
3.466246691042386141e-01
5.661130687645116177e-01
2.749002371247752374e-01
5.278447119226316042e-01
5.707773072221921096e-01
3.132661259455213898e-01
4.688994834518530608e-01
2.664644098155534713e-01
5.227730322692407672e-01
4.838749382086492412e-01
5.076616313528691249e-01
5.773643658052581840e-01
4.878065721856169601e-01
5.670074265959523796e-01
5.254995872356933440e-01
5.637319940355008940e-01
6.457088942644599872e-01
3.988191765004526768e-01
4.204157484992120941e-01
4.924726933724395406e-01
4.748599250122863547e-01
5.115832364240514574e-01
5.319654026025504301e-01
5.380609237895720431e-01
6.032409814373832502e-01
5.371071952818254891e-01
6.371477606869669907e-01
4.107141432071956255e-01
5.725131574431024939e-01
4.580920233896436655e-01
5.181231547288580597e-01
4.771029349376475492e-01
3.750535306410867631e-01
5.614488018429317773e-01
6.237377322431543192e-01
3.085811335070904882e-01
4.655922210857845189e-01
5.411556978622472647e-01
5.251275814522662344e-01
5.705883537147288243e-01
3.057000948817947816e-01
5.642376878811429242e-01
4.738394616292012085e-01
4.502930702928563123e-01
4.564301948643783580e-01
4.360522925326879018e-01
4.128002022360792722e-01
5.581359957673718286e-01
4.150104035705841077e-01
6.373825362051342980e-01
7.296109419736367396e-01
5.568040490861646541e-01
5.575013848705790975e-01
5.450358161586040806e-01
4.567758036210819994e-01
4.101076396028086046e-01
5.215785538539736699e-01
5.162109407564660080e-01
3.887062728031244752e-01
5.302778081687895551e-01
5.956943275915980163e-01
3.847608481055668217e-01
6.235742356898986705e-01
5.607545460680227745e-01
4.372935183464159437e-01
7.371798279618754224e-01
4.544289725039294403e-01
5.168138394971431016e-01
6.434712469233969667e-01
5.092059285556533865e-01
5.658574635270112729e-01
5.897454147930135671e-01
5.342351655578753133e-01
2.715378997199709432e-01
5.230792167005090532e-01
7.271651708168210826e-01
5.334822614630186921e-01
5.083788665279570518e-01
6.254490106845157493e-01
4.693042333380095799e-01
4.634495009846816838e-01
4.109777388671266851e-01
4.574139722017691034e-01
2.667763973065268579e-01
4.790497908741329636e-01
4.089423577808546373e-01
5.083811482368754131e-01
5.534045005510859205e-01
5.568800576328756247e-01
5.113892770336667670e-01
6.464443079129241765e-01
5.997263820350537955e-01
5.054662639995425311e-01
5.520814578852418775e-01
7.167490327771536274e-01
4.268319285945858521e-01
2.775604721368253869e-01
5.528218217733527062e-01
5.285952706284851033e-01
5.323720703365547591e-01
5.857735559876828813e-01
5.969827752478299443e-01
3.614508015064283875e-01
4.828757295522633219e-01
7.378497902332353808e-01
3.266609139124155847e-01
4.358970064200302086e-01
7.161513252600884005e-01
3.891134456276618692e-01
5.246086370501550356e-01
2.672651529464932230e-01
5.278475636684304417e-01
5.433120992115867409e-01
5.268051238291230343e-01
6.230456110362533328e-01
5.605651105596137773e-01
5.619490514064856557e-01
2.920602897138356857e-01
4.552197791397550874e-01
5.350731004307358596e-01
5.395768357252632708e-01
2.676257836992733119e-01
5.809374872975701098e-01
5.407190038935550946e-01
5.530070590632738536e-01
4.226638201255223937e-01
5.624604312139154239e-01
4.674095663255272148e-01
5.444177242761760738e-01
4.467009403842027715e-01
4.105509246216055286e-01
5.537058491599523569e-01
4.313115741161523964e-01
4.936622751131395370e-01
5.066602246303142376e-01
5.112122071615822216e-01
5.242839717969557389e-01
4.354712837183030705e-01
7.287654898829443173e-01
7.134262253947885046e-01
6.020824826634612048e-01
2.688983270655902480e-01
4.214634162037157461e-01
5.567776770407174558e-01
6.082429005505964881e-01
4.443311892264454332e-01
5.806298849034314813e-01
3.999091367027459709e-01
2.762942453742548987e-01
7.177576553809363880e-01
5.050207846406787882e-01
4.075827539956844991e-01
5.865354328781340332e-01
3.609257599350699786e-01
2.674773470073683046e-01
5.615623066686067366e-01
6.009542707741372114e-01
7.287915790678229921e-01
2.830143007819698742e-01
3.478103449392792590e-01
2.677119200292923384e-01
6.288975423145712895e-01
6.454394818576374426e-01
4.424145684648325139e-01
4.308307157845611135e-01
5.226367002385335914e-01
7.350848179132472016e-01
6.331063629325115460e-01
4.221904956472486981e-01
2.873628741732061620e-01
2.673705092097127811e-01
4.692485337114264410e-01
4.822575731248333053e-01
5.575696044694948839e-01
7.384616223575704019e-01
5.607977407582120932e-01
5.725145586765769679e-01
2.900221437289569049e-01
5.618669843249736173e-01
5.325857712598267568e-01
4.568867294670976298e-01
3.835338700833558212e-01
4.890897035130313264e-01
4.241893373832105185e-01
5.663295226078384204e-01
4.518616116004921524e-01
7.100481116305163987e-01
4.768966613942221544e-01
5.776497104035360763e-01
4.870303875127350302e-01
5.412973879951392675e-01
4.597389680393402234e-01
3.408520183318107244e-01
6.170581166121350547e-01
5.397752481986148876e-01
6.056504655596040010e-01
7.345605734368514383e-01
5.842789698248590513e-01
2.702305725964990191e-01
6.503911903864142419e-01
5.878848226548856193e-01
3.673827470086291069e-01
5.679567804845946366e-01
5.636176973882667252e-01
5.119286214381553179e-01
4.798964877870486867e-01
7.354787393566186715e-01
5.881000980606286843e-01
2.850391329884813252e-01
5.660158726320273503e-01
5.636201395418710680e-01
6.492821803681123605e-01
5.337295374809393200e-01
7.180622674105262560e-01
2.831898528813062699e-01
6.347711804700438831e-01
5.012296493843416689e-01
5.307545372219714119e-01
5.542469596464808523e-01
4.586948081751927031e-01
6.880056092300949055e-01
5.470329009367980166e-01
4.791783470387490640e-01
6.481222305667403427e-01
5.344700815527216875e-01
3.984021887741989731e-01
5.832980390086872635e-01
4.035128257357776249e-01
7.321386180110051045e-01
5.309604241627300381e-01
3.428913205819980048e-01
4.861063296189223060e-01
2.659065480636484402e-01
5.234690815963415345e-01
7.329641983036032649e-01
4.079257749866190275e-01
5.319961932643391123e-01
3.361054573747213059e-01
5.429755900849058126e-01
2.767051289298803063e-01
4.398498897268982577e-01
3.154098136971612010e-01
5.366471618504153884e-01
5.263106036220963624e-01
4.638970936192077232e-01
7.374660840582343280e-01
5.451940840710054470e-01
4.033411775224194362e-01
5.223648905032313161e-01
7.238137371556584432e-01
4.491194031264437170e-01
5.157250975985676611e-01
5.076927883524537943e-01
3.072700508703986588e-01
5.657962929115327722e-01
5.618528866556875556e-01
4.861090144450499473e-01
5.642730654090708509e-01
2.920813375125160816e-01
5.806309624147025783e-01
5.037592279321795319e-01
4.721064897667861526e-01
3.270559195894904292e-01
5.536699904083959289e-01
5.656913634031571769e-01
2.660453556933780606e-01
3.969670470006225194e-01
5.494142900600700319e-01
5.824754496559233496e-01
3.242067999426035962e-01
5.575045593459928561e-01
4.178819348876596229e-01
5.597289302364238939e-01
5.753629099191965857e-01
5.739266845251074223e-01
7.372570524115299451e-01
5.520517304135481584e-01
4.213090427911128089e-01
5.612617574582924318e-01
7.042190152706594430e-01
5.610678194269020924e-01
4.257394480028295902e-01
5.331709702605178514e-01
4.501916605143584382e-01
5.231733973068191101e-01
5.643777050042383392e-01
4.447956067581852468e-01
6.470482591884546553e-01
5.361467425186129399e-01
4.215102927787384712e-01
6.224113013867128563e-01
2.663508109091072829e-01
5.573590520188140829e-01
2.681661923043422990e-01
5.483824913228720899e-01
5.666614462461166957e-01
6.228530818316001527e-01
6.306124306398227519e-01
5.026890832537251885e-01
4.771932545593997599e-01
5.865868941770826517e-01
5.123175768009534670e-01
5.304871200759021521e-01
5.246618141373673438e-01
5.546264438572970912e-01
3.414699612965822473e-01
2.687799161679147453e-01
4.522818778623803326e-01
3.673158120368090751e-01
2.674742518705809924e-01
6.466647711662190101e-01
5.599883818789863632e-01
3.287035701655928732e-01
5.442374003619754319e-01
5.951954689112590735e-01
5.040664104571354054e-01
5.143188717678283117e-01
4.071979350316864976e-01
5.401229347722458218e-01
5.481065668196670737e-01
6.487009880499375880e-01
4.813881666092317269e-01
3.896754490502454815e-01
5.380319193629212737e-01
5.442925511293520424e-01
5.428484251293924645e-01
5.667178808240713739e-01
5.944286932770220799e-01
3.740243320788764758e-01
4.147498995289020107e-01
3.862823623470511558e-01
6.475467236700205298e-01
3.302696965980089772e-01
5.344474534688378187e-01
5.368491047656875903e-01
4.865168319617493853e-01
4.437861475007764400e-01
4.603791620838217913e-01
2.764423749828480159e-01
4.943012985596059727e-01
6.703252591327624188e-01
4.463194578351510344e-01
5.754206953761141774e-01
5.830534909427811385e-01
6.491184500513658140e-01
4.570617234208024793e-01
5.030194896711253083e-01
5.755071272273645233e-01
3.131547750262639318e-01
4.616593687377806843e-01
2.712449296582472025e-01
6.011689350787456920e-01
6.683378475172484512e-01
4.264889156892036626e-01
5.710815628873755490e-01
5.570499906642494281e-01
4.186402633486417946e-01
5.328184947889926804e-01
5.561217124221627950e-01
5.782524573115989108e-01
3.817663448578997309e-01
2.757713166599034538e-01
3.039404741894783935e-01
4.559426633978758137e-01
5.988151118278708385e-01
3.513386694639466512e-01
6.028839062442362673e-01
4.203579274776475527e-01
4.587592363326585265e-01
6.333411686016179321e-01
4.525590614354974561e-01
7.360353263573790050e-01
5.615456319432188259e-01
2.661933487065231696e-01
3.793004788414259809e-01
4.041700361972409006e-01
4.602286621925336108e-01
4.481810736779637261e-01
3.272030909125631104e-01
5.934184258115429156e-01
3.802395884900847678e-01
4.221944526966235900e-01
4.050368779164120192e-01
3.602804208941576269e-01
4.472583397714720577e-01
5.291354312883917999e-01
2.847284114020492418e-01
5.497994901447653682e-01
4.016084800408341593e-01
6.424777926800682160e-01
5.902482352794810039e-01
5.312831389732574072e-01
3.791854810305458900e-01
5.864682894249411138e-01
6.449437764465647538e-01
3.419665700192174307e-01
3.339264553466171903e-01
3.981283138463666549e-01
2.870603091624564507e-01
4.875820621973587787e-01
5.238165612583367547e-01
5.660303719015463697e-01
2.660183850555443152e-01
5.618749449095677972e-01
4.155253006541125838e-01
5.701327744459092628e-01
6.164888618355377492e-01
5.781876716207582367e-01
5.092968802530555283e-01
5.634741931630721234e-01
2.765259277990159692e-01
5.389023378260840991e-01
5.605815383267004348e-01
6.019046980522907431e-01
4.569053935202319616e-01
2.706572173470050968e-01
5.650550710993185177e-01
4.927009653863207439e-01
6.312558395238930808e-01
4.514219082427409768e-01
5.375272075940238370e-01
6.400103455704438948e-01
4.285109756388315039e-01
5.622801089563204124e-01
5.204890382384762537e-01
5.224227035319986001e-01
2.815489785841165382e-01
3.818535445946231732e-01
5.327114588412057428e-01
2.687732070871305945e-01
4.440643165407793247e-01
4.537145370539680256e-01
5.530260467376306721e-01
5.883926921146300781e-01
4.903797693813284897e-01
4.400018830945436887e-01
5.397644392893604648e-01
4.940389558795474922e-01
5.355185700173068497e-01
4.823525365637918449e-01
6.462348457453629402e-01
5.811685209135903918e-01
5.406991897739331643e-01
4.530237497653448742e-01
4.438429500217386803e-01
4.148768920205556099e-01
5.097252324052798933e-01
5.775857759528955082e-01
4.580529615112703956e-01
5.330775118499527787e-01
5.184113795786196022e-01
6.067883761357361072e-01
2.729857067490029099e-01
2.714264123390222050e-01
2.894852303122061876e-01
5.725418936689932181e-01
7.372772042608097820e-01
4.790891195327088847e-01
2.984636905389213557e-01
3.582020990461884380e-01
5.253885549578199976e-01
5.648273875074922845e-01
5.742940108773466612e-01
4.530567528608260286e-01
5.606727855311975928e-01
5.499698511543485990e-01
4.741943552680191742e-01
4.618178225380830115e-01
5.152608507873885912e-01
4.230573816081336647e-01
5.257638423515289539e-01
4.330196277874406308e-01
4.891824544456381818e-01
5.700938902826699906e-01
4.570617375405428562e-01
2.901879869906277554e-01
6.048657788216661446e-01
3.306175448699171238e-01
5.287149493223761709e-01
7.137718285168989096e-01
5.358253932344508863e-01
5.684273291780127524e-01
4.607971839440048734e-01
5.786933349808409677e-01
5.134586424377935998e-01
2.695996760574699280e-01
4.739456470836249102e-01
5.257013536920266406e-01
5.712110677879700393e-01
5.297255170172763261e-01
7.382896936886561567e-01
4.683829952570888744e-01
5.666082101249361180e-01
5.207342816755601289e-01
3.593259742811451551e-01
2.685252717162069924e-01
5.315163320220103182e-01
5.889756164479714728e-01
6.854420408185618596e-01
3.837775609564770263e-01
4.563143779489992058e-01
4.214761104689350724e-01
5.792985148101755799e-01
4.451354002624297590e-01
2.670770687077425043e-01
2.682532367025460274e-01
5.382994961906636400e-01
5.335869252022331644e-01
5.619571999384885830e-01
5.643630301859833276e-01
4.777001193124538192e-01
2.679176113811443938e-01
4.264265816734082448e-01
4.885551579563136015e-01
4.645835998087755603e-01
5.749544426084999271e-01
6.194250983671829580e-01
2.728423813023103661e-01
7.098984920540971633e-01
3.691458469799850928e-01
3.119980779930925374e-01
3.892697790767553623e-01
5.569299817192655544e-01
5.229100487198599101e-01
6.269444652428696196e-01
4.570341488017259368e-01
5.661223548097298330e-01
5.560863619468320307e-01
6.036606116524496635e-01
4.171057885141639110e-01
7.377995123995008120e-01
5.486221881306537762e-01
5.753892360767381975e-01
5.509900132024588837e-01
5.809219053392974397e-01
4.425863181828736947e-01
4.603423608803417499e-01
2.795487676895299090e-01
5.267413063615062896e-01
6.231380850108132474e-01
5.493953190646675422e-01
4.121919734265361290e-01
2.679870865319706752e-01
5.456319978753854105e-01
4.911740576888024568e-01
5.508844307314555433e-01
2.747697120120560221e-01
6.329903200081112846e-01
5.600034102859160479e-01
5.424806136708958393e-01
5.348836774138858718e-01
5.990442707448434545e-01
6.815472607991825971e-01
6.186742666707808480e-01
5.081367997213905863e-01
5.967068607546714976e-01
5.569995555327161840e-01
6.470631835590520131e-01
5.525057987635293433e-01
5.729358550468715006e-01
3.276807464375278145e-01
4.391651092205450801e-01
3.110110723642710018e-01
3.070754431103762672e-01
5.557454500694448685e-01
5.764634653020942467e-01
6.467212046578724172e-01
7.352954337630661641e-01
5.492728437685475695e-01
5.163190948681647408e-01
2.677826280089446453e-01
5.005529606346758031e-01
5.247428361590352752e-01
5.036150157951182482e-01
5.905498064751889542e-01
5.244140648988925291e-01
3.677445868250268091e-01
5.025163351224328778e-01
5.632774180099187067e-01
6.234869154819825399e-01
5.232144735339574471e-01
4.185642928685568420e-01
4.446059345920261308e-01
4.729952387989962426e-01
5.721763822089931395e-01
4.448972482627186475e-01
6.439176314127136314e-01
3.937699689468172615e-01
2.695154568804650208e-01
5.323214775215141525e-01
5.018490598513855039e-01
5.459750025084734171e-01
3.808828995492062885e-01
5.636598440031848067e-01
2.713627852176569433e-01
3.457716675119000271e-01
5.265904985502559699e-01
2.840102902909941718e-01
5.428682356264649123e-01
4.859620666618773566e-01
5.555210236689375192e-01
2.707016765028770200e-01
5.572076550170804721e-01
5.414802862767527092e-01
4.101668635127866391e-01
5.132669798970780350e-01
5.453884196363096848e-01
4.572239151900874266e-01
5.698687417651884246e-01
4.593369496702638388e-01
5.526930459885213143e-01
2.679044763484467739e-01
7.162192172785226685e-01
5.565183814740769508e-01
5.529400468892575748e-01
5.129817888558574346e-01
3.015894514167767326e-01
5.573276808682873229e-01
5.774272306086699613e-01
5.803465685412710906e-01
3.152449308166215269e-01
4.654743891328698702e-01
5.232562301295587970e-01
5.317157658359673578e-01
4.849823805531537357e-01
2.837883571163836716e-01
5.633289988387533143e-01
3.570669685532547599e-01
5.627141095454260000e-01
4.304619016190039393e-01
7.350776868872644920e-01
4.078623296120799102e-01
7.382148412605192833e-01
3.075230284650211088e-01
5.868906661587917073e-01
4.041453583100291236e-01
5.421451768199373467e-01
5.233537425626783035e-01
5.289577979140752673e-01
6.272521064412326375e-01
6.257595090978984587e-01
5.792103057288261470e-01
5.874742903279229767e-01
4.976236624922558693e-01
2.985009689453907988e-01
2.762126413695679683e-01
3.303394916979546792e-01
5.763156509860393184e-01
2.663055322234771372e-01
5.208574164550341390e-01
5.557882723686502491e-01
2.959053341347129829e-01
7.370579816033741016e-01
4.374957479360951917e-01
3.854000499424419246e-01
3.048930355356571087e-01
3.449167161904721501e-01
5.627608639608031593e-01
3.001923455359671311e-01
5.426272573098385177e-01
5.437718617176020564e-01
6.932911299535142735e-01
3.795560571397533778e-01
3.363887668024242439e-01
3.625823325671834740e-01
5.086869374662162935e-01
4.618394958227745595e-01
5.076563675187197866e-01
5.332859270179002298e-01
5.005652716163402349e-01
6.549113123250158708e-01
7.373996570959440167e-01
5.628493015404658628e-01
3.615376552581470171e-01
6.218959471866454258e-01
4.251334925412740273e-01
3.717762388185032463e-01
4.337066165178711241e-01
5.812542520792328693e-01
3.748750696404527516e-01
5.378599571042546046e-01
4.444063855735798096e-01
4.576284335897827793e-01
5.054314259297186807e-01
5.247788871456806614e-01
6.291199316281513854e-01
4.770415906920287274e-01
2.662912415013664047e-01
5.376920191426571849e-01
4.410790198277720897e-01
4.461217564467464536e-01
5.392537882195916898e-01
4.878203816781482294e-01
6.588532772693289630e-01
4.783536677104717749e-01
3.750108514622422229e-01
3.576972778354941540e-01
3.863008629735950605e-01
4.331220046994260220e-01
4.887516567132029199e-01
5.582980161121229301e-01
3.182443645808543664e-01
5.941261193377994632e-01
5.560204108670652179e-01
5.105582516528280879e-01
5.786717905673207651e-01
5.077084166622868322e-01
2.683926765931529679e-01
5.625320174722465705e-01
4.450150822014912744e-01
5.659985839246433059e-01
5.437343038314461641e-01
2.685382602012111875e-01
5.729235071968281634e-01
4.129769422002463330e-01
5.579146077250249913e-01
5.953779276601202097e-01
5.799012987496251492e-01
2.681971097335075216e-01
5.227736495352496293e-01
4.049783087421165995e-01
3.521098365828429499e-01
5.708746520960221726e-01
3.429515809124012438e-01
2.743095533594845925e-01
2.685833198161683422e-01
2.793811637730619912e-01
7.104303065722707977e-01
4.099072183387694746e-01
6.485252743235367934e-01
5.636182024671884117e-01
3.856667648798017267e-01
5.217386022590886352e-01
3.683438667125878974e-01
5.771849003826047264e-01
5.626299966166949940e-01
5.365693208780489831e-01
4.966270160669887246e-01
5.378464754633669465e-01
6.399042173796566368e-01
5.184312709435914268e-01
6.059078442798698783e-01
5.008418455398541136e-01
5.081767852474794456e-01
5.413452396549075507e-01
5.205798234196633567e-01
5.645185130111212146e-01
3.579117041520076259e-01
6.396241860176686833e-01
7.326155336208872715e-01
4.889115892680348519e-01
5.361317868001876930e-01
4.479149585660919253e-01
4.196656087886048714e-01
3.535141071958179393e-01
4.445782818213425136e-01
7.383782288312712438e-01
5.891673542687032583e-01
5.304699415378564265e-01
3.555469990535704561e-01
4.084711102307582720e-01
4.158808042324296239e-01
5.276888852417987996e-01
5.572421865015161346e-01
5.562449949171651697e-01
5.871006325314346297e-01
7.345493490182828378e-01
5.520436650909169574e-01
3.970864260508668586e-01
4.072484798363850134e-01
5.979381589642078776e-01
4.370798389900542591e-01
5.790880515825462815e-01
6.239415551048157482e-01
5.504495388079512219e-01
5.090610936738930725e-01
3.643335618024577394e-01
6.492663211458202799e-01
5.030163905643104671e-01
2.869229416973901325e-01
4.582611540120952731e-01
4.279215461543356969e-01
5.197256765201437867e-01
5.360493651560166439e-01
4.374031971016966724e-01
3.051551377475875126e-01
4.060001932935886626e-01
2.733115531087071393e-01
4.318943151509999634e-01
7.342448565218440137e-01
3.337951418246746793e-01
4.291019850389153900e-01
5.188114458924448780e-01
6.764569198719628806e-01
5.245939435157868092e-01
6.435467681357599501e-01
4.239326129120071784e-01
3.438280725044337016e-01
2.689794761419292413e-01
4.905399081247755477e-01
4.417715008681044608e-01
5.799913816409469902e-01
5.660724724094364779e-01
5.755749762063780972e-01
4.749743453159085971e-01
7.385824200276847051e-01
5.207305152583707741e-01
2.774827012333039300e-01
5.644545056752242607e-01
5.378085272337036482e-01
7.092342849661501525e-01
6.479804691285655505e-01
5.525779640639688628e-01
5.775401550135821349e-01
5.534521389130012681e-01
5.659148938666364037e-01
5.146390017837345621e-01
5.489300006182821212e-01
6.060358417263063124e-01
5.618685542082705320e-01
5.627233539120832795e-01
2.675949958595097433e-01
2.761242145564303252e-01
7.373527519749655257e-01
2.846199887395288730e-01
5.674899696046139530e-01
5.705030575895058131e-01
5.038478941797769339e-01
5.148532379351691279e-01
4.555479172984264191e-01
3.646045546302413287e-01
3.806518977269810478e-01
5.593320171801957619e-01
2.675901636682586071e-01
6.746846130068901992e-01
5.797806559495131129e-01
5.441801480021173365e-01
2.745916064985717275e-01
5.632196036366475811e-01
2.694991886216548949e-01
5.193673816962961487e-01
5.472615264920112077e-01
3.718916642555188390e-01
4.222730580924006216e-01
3.915785499849370743e-01
4.606033936463645451e-01
3.193155431810956180e-01
3.188183099793948094e-01
4.048273402967900725e-01
5.518968773986886456e-01
4.828861200648737473e-01
4.751653888641185763e-01
5.445727445298796932e-01
6.285545762970471406e-01
5.368970867743746433e-01
5.765999126311848189e-01
3.136907625045877723e-01
3.577418976038833076e-01
5.194681420209388278e-01
3.503204770923324385e-01
5.213209068864228524e-01
5.806936372687401260e-01
7.369763706574795625e-01
5.324814767213763567e-01
6.286836398260965408e-01
5.833184158366252481e-01
5.492980335875553566e-01
5.351869703813205703e-01
4.737087684939065846e-01
5.681301652429030513e-01
4.350721547542004131e-01
4.861593084701262835e-01
5.496172381295663101e-01
7.115298420948178437e-01
3.727821718699702025e-01
7.383688204469398553e-01
6.493550295293588626e-01
5.399543512946856083e-01
4.520868014122564893e-01
5.599518635048967852e-01
4.255744783706627565e-01
5.770847599071935452e-01
2.682955356370024802e-01
5.686454018144214695e-01
5.348920921694383379e-01
5.306203242725180402e-01
5.471858441319512600e-01
5.467415162765477676e-01
3.663138872159537596e-01
6.340727086189510420e-01
5.502105129839517383e-01
5.616788968213152211e-01
4.915143269810641202e-01
5.552392834801603838e-01
3.579367988788159649e-01
6.366660111755867435e-01
4.950503240536298644e-01
2.807497640242185843e-01
4.494010245134260617e-01
2.705062897247894060e-01
5.507641460289972590e-01
7.345151662381759206e-01
7.070458231970664364e-01
5.537173377172630584e-01
2.731388896516074305e-01
4.111030147257514478e-01
5.604483873732178933e-01
5.434482834734251089e-01
6.922431550247446497e-01
2.684092619273318325e-01
5.031879513451368302e-01
5.474310875974581769e-01
5.380337034215433301e-01
4.273379067387618191e-01
4.376730872141903483e-01
2.704994702932493889e-01
5.221880882633956888e-01
3.962948134267579858e-01
4.244509385811950919e-01
5.211330729085600355e-01
3.830155477809480402e-01
5.749611545052214501e-01
5.463075230117651060e-01
2.724978580736550637e-01
6.347320871986288360e-01
5.877978668379990612e-01
5.493568197853037072e-01
3.545181994159181671e-01
5.690226064591236144e-01
6.464007907928208674e-01
6.415732730501690906e-01
7.010208646885935924e-01
5.831430952569531811e-01
4.261354041242422230e-01
5.241227999533687454e-01
4.267666150693585903e-01
6.061027653102284418e-01
5.120866345814287790e-01
5.611450670563515875e-01
2.688391767699463419e-01
5.453473826571260119e-01
2.730722940450734937e-01
6.034596740007155402e-01
6.395656661065045601e-01
5.590984061239910874e-01
7.305839689592923403e-01
5.165843987203926346e-01
4.851723308646655464e-01
6.697191242703488534e-01
3.709225495567368691e-01
5.613151306204940960e-01
2.680878858515108876e-01
5.283942232854981214e-01
2.706380224688956226e-01
2.700770124959931406e-01
5.917025760827419045e-01
4.901024869388098670e-01
4.914555567593030805e-01
4.285832687928095019e-01
4.355702822884832126e-01
5.722005568122074948e-01
2.773549756286365908e-01
5.343124934780834057e-01
3.644089179245970644e-01
5.527526698457491117e-01
5.791862318411644672e-01
5.793522405738866787e-01
3.858383387068156645e-01
3.656563613508668209e-01
4.649027284189865550e-01
5.347598805224128560e-01
5.573863679448334274e-01
3.531369431662323977e-01
6.552434802543397607e-01
5.599855852020133584e-01
7.387323078275765953e-01
7.106792401585765306e-01
5.675581309105237615e-01
3.879003361437372566e-01
5.156027060449667188e-01
7.350908723445240822e-01
4.343194436242837631e-01
2.716917579711113917e-01
3.351139950336369799e-01
5.762497157094035316e-01
3.828510012130232343e-01
7.148009797234254892e-01
5.811506137399770067e-01
3.936573751827345258e-01
5.547111944300779918e-01
4.285648519826881220e-01
5.231628882951615545e-01
4.997276766381160695e-01
4.617775056230985498e-01
5.598927849188281014e-01
5.753705102272205218e-01
6.716591657418743422e-01
2.698635494517039879e-01
7.270508488491302934e-01
5.542712497646083980e-01
5.182455869914339708e-01
4.345305013451360998e-01
3.923735585308082419e-01
5.623249771723363155e-01
4.585346090012186182e-01
5.775757999436567092e-01
4.160742956868849207e-01
4.665700491152867668e-01
6.213685993069674174e-01
5.741853327997484824e-01
4.758616112864010872e-01
5.629049182160608122e-01
6.051037863597621413e-01
7.375200897051993332e-01
5.345855605675211564e-01
4.761302610266431312e-01
7.079725589753197434e-01
5.490998579073802510e-01
4.870215137540739869e-01
2.696959429676833997e-01
5.120986060493578629e-01
4.555541097307467258e-01
5.204190076850415680e-01
5.000327027625065535e-01
5.626652444907686013e-01
5.766518422796645948e-01
3.171106467384121608e-01
2.665075757207490126e-01
4.204518416864603259e-01
3.070205825712545300e-01
6.487052285640493299e-01
4.334302740818915534e-01
5.209289174785051157e-01
5.167934303355302683e-01
6.244174958002305376e-01
4.675438681354193160e-01
3.271435151518504725e-01
5.057565840217834729e-01
3.183169854500601526e-01
5.460315338371886096e-01
4.274886815013487218e-01
4.955102771274432216e-01
5.349860497200374931e-01
3.663866448910978457e-01
4.234012629926600102e-01
3.022197490606758352e-01
4.606827627597603336e-01
5.669396845305250121e-01
5.124491499301112585e-01
4.411531998433661506e-01
3.505086017552073718e-01
3.535740755628821175e-01
5.815546690197177515e-01
7.286297589073384984e-01
4.595990031949747090e-01
3.808534654327647151e-01
5.571468408733412092e-01
5.483908421865778537e-01
2.685914176352387495e-01
3.341805563261749379e-01
7.381184648409403470e-01
4.693220103399677878e-01
4.614439841211339099e-01
6.030464447058748734e-01
2.779974979182461281e-01
4.666207194766229249e-01
4.585845443725292125e-01
5.204018447188480945e-01
5.239728591815931980e-01
4.013009842635367197e-01
5.424739883990272737e-01
4.908842977137594099e-01
5.276953332639230387e-01
4.046989575293158947e-01
5.774045059905014154e-01
5.138861309089711726e-01
4.314652034968781691e-01
3.224371209510183967e-01
6.441476050176517809e-01
5.507529145861843611e-01
3.401354946762039089e-01
5.618772197343858688e-01
5.596130547949452749e-01
6.471562406923226929e-01
4.561083012633888045e-01
5.055625173402976680e-01
4.340736965171465012e-01
5.645093917030163944e-01
5.328234129517145368e-01
2.689887345577330890e-01
7.380835312930793535e-01
6.467283945912343235e-01
5.274600137787690546e-01
4.006322939329364230e-01
2.717071302299645108e-01
4.802978193496389436e-01
7.385417034104054812e-01
2.770147906539228155e-01
4.193115675328955572e-01
6.167641297198118711e-01
3.377480648891070802e-01
2.826280781845958989e-01
5.257384422475223085e-01
4.628369618224372206e-01
5.619999729137914457e-01
2.666625538910787352e-01
5.569081718645075840e-01
4.385664547500376931e-01
5.407016264956867602e-01
5.493791904291860373e-01
6.868827394037464451e-01
5.241573912820524095e-01
5.250413090861942855e-01
6.291086476399413430e-01
2.728564281775009981e-01
2.753672411332837022e-01
3.027742134577296462e-01
6.644667776100728895e-01
5.605712005691980693e-01
4.431227333028317505e-01
7.382152907515109330e-01
4.718530614001768542e-01
7.375051497594135030e-01
5.002594920357726904e-01
4.796780250728274186e-01
5.468170418315706494e-01
4.998458000699064763e-01
3.730539980128016464e-01
5.335909781677776742e-01
2.657292455583717961e-01
5.886753306478491599e-01
2.661536871615553523e-01
4.685840080858986179e-01
4.510654327401577568e-01
2.679200165289938873e-01
5.651296133084032780e-01
7.344539134557190874e-01
4.423621226351486801e-01
5.630975727166889211e-01
5.878972737418909356e-01
2.699405517699559054e-01
2.703462418198434025e-01
3.101215396356897802e-01
4.632889362008678069e-01
6.680354337447399482e-01
3.507478522521250142e-01
2.877822436624290492e-01
4.881492945364558911e-01
4.487841712532452676e-01
3.627391317815575333e-01
5.312861498788765680e-01
3.205172461403061890e-01
2.663565860911865646e-01
3.843697213695108639e-01
6.194078775229979739e-01
5.623759428196902777e-01
4.855814794362589004e-01
5.583139444822055042e-01
5.599080595162664320e-01
2.670681080389061268e-01
5.877059465788124770e-01
5.319731241315911463e-01
5.656228802433918013e-01
6.616996787247221290e-01
5.101056372049177501e-01
5.607444427607867210e-01
6.053906028472686440e-01
5.570562253792884500e-01
4.596943937625092014e-01
2.841393387035785478e-01
5.634951405594054163e-01
7.376628603831250075e-01
5.725410551219829447e-01
3.402664310661913660e-01
4.102192879241936541e-01
6.051140797189894505e-01
5.171053638659303120e-01
5.621622318005561336e-01
3.162645424616215561e-01
5.854913860098703848e-01
5.609470037822379407e-01
2.687630297269495427e-01
5.201993984992053788e-01
6.147501008916606002e-01
2.686997784060251027e-01
5.476910148944990064e-01
4.790911873249765196e-01
5.203480438622790638e-01
3.536938133053663114e-01
4.528695237171103116e-01
5.128226663663113527e-01
5.425865118694848110e-01
5.257537395286271398e-01
5.444047763679770169e-01
4.870349563703550988e-01
7.383225817546629210e-01
6.292420122456106046e-01
5.932723422747691044e-01
4.041543919631563342e-01
6.329039662937242516e-01
4.745106168653475676e-01
5.760593569049803353e-01
5.373756161620214522e-01
4.469278151222274564e-01
5.337644731633669481e-01
5.724659466634804961e-01
5.552471873387156975e-01
5.665272445653233291e-01
3.347442614555190543e-01
4.014692288524554509e-01
2.900827025252514790e-01
4.436517451956909497e-01
3.753775892953451487e-01
3.382927128975798392e-01
3.902753350952508082e-01
3.774586846773781423e-01
3.375779782157321551e-01
4.208839405148604440e-01
2.798658919145194934e-01
5.520052915836642926e-01
2.708202163280811203e-01
5.350380522244641002e-01
5.565045637094172548e-01
4.225214875832132289e-01
5.433327808118517677e-01
5.915088187082732096e-01
2.672534462489596363e-01
5.641979734784553502e-01
4.826475528421385608e-01
4.123717928606652205e-01
5.250335227933961013e-01
5.861820522872357442e-01
6.308321358897046593e-01
2.672390696880500016e-01
6.755524529170277015e-01
5.807070205300481902e-01
5.798703271236380630e-01
7.131976966200455070e-01
6.155127606364612092e-01
2.909700418781875353e-01
5.649906898500370867e-01
6.242427684511702157e-01
3.993346558048846973e-01
5.913344028995168866e-01
4.574020753092615243e-01
7.036326873117147995e-01
7.357616103853236167e-01
7.362539422740941308e-01
5.768798816681111052e-01
5.870732118920378717e-01
3.883523765767789571e-01
2.680694338546442124e-01
6.117424324262854540e-01
3.265455928436614697e-01
3.811412382989030068e-01
5.438312364641050278e-01
5.199161594720718149e-01
3.161050281283838137e-01
4.769974503278005540e-01
5.625770701920598249e-01
5.090338694298249811e-01
4.205470255085853593e-01
5.183799938659747752e-01
5.847612895104473685e-01
2.665316420353596727e-01
5.555636251152785698e-01
4.357496986094206437e-01
5.624337107127042046e-01
5.880041402649782700e-01
4.755531622891666643e-01
4.651872383029091451e-01
3.364933608967468626e-01
5.786546658762289352e-01
6.040030751393387076e-01
4.329870926469718273e-01
2.661632952360570292e-01
5.610519678445605729e-01
6.073557227263270963e-01
2.716740710909469336e-01
4.745983214842123266e-01
5.439005921893627082e-01
3.670794209504494310e-01
5.793603017835021740e-01
4.520190961628217097e-01
7.322878565871114853e-01
4.704005639027092900e-01
2.679756114323369465e-01
6.177667868479397306e-01
5.114636441125018917e-01
3.479595704156118741e-01
5.020541432823489858e-01
3.013091971740828323e-01
4.511890564515733115e-01
7.200085708227017545e-01
6.511655286564528300e-01
7.151292067540089281e-01
6.119543629047837774e-01
4.720465782711890101e-01
5.638133566017818898e-01
5.733333296666355272e-01
5.340210007924939273e-01
5.058157347129801362e-01
5.665229205040491767e-01
4.350756248587432928e-01
6.950396128347107183e-01
5.620463853074254557e-01
5.095050693805313058e-01
2.679912482513511773e-01
6.009373217399842648e-01
3.787976000262871512e-01
2.820187951092726908e-01
5.207545678339058348e-01
5.605302279136272769e-01
2.719450697123392824e-01
4.064936895350734769e-01
5.112136404965841319e-01
4.636880960003325614e-01
3.478800561532345847e-01
2.662424513414437532e-01
5.648963358162418791e-01
6.844393417904084398e-01
4.972734837658258633e-01
5.621890326794813930e-01
4.747919587782097883e-01
4.413078129070088229e-01
7.385359812575608141e-01
5.652757475346240623e-01
5.641896848525821406e-01
4.031181412378036510e-01
5.522942290739877302e-01
7.015002180451934688e-01
5.229931399020272265e-01
5.523728590579609632e-01
6.671991533188565970e-01
6.009948973287355667e-01
5.130357036482171562e-01
5.309210569104003685e-01
2.674436876495969728e-01
4.315715283925756207e-01
3.144610420484679758e-01
3.852617628209329959e-01
5.116800835948130954e-01
5.605455338504089502e-01
2.732355933387926594e-01
6.089221394111067331e-01
5.572036917871506789e-01
5.655479841798713991e-01
3.332715750518974729e-01
5.576792951201713366e-01
6.471203258261595259e-01
3.634397636925774111e-01
3.880090499116565783e-01
5.176715833059322147e-01
5.388188775017762611e-01
4.214757132622583558e-01
2.744082260338615020e-01
5.704263117524321913e-01
2.823036180962341657e-01
4.312221641382201764e-01
7.378315844332467011e-01
5.086869320644812342e-01
7.381355648143343995e-01
6.178112089996971035e-01
5.582074339452138823e-01
6.351361131114080516e-01
5.441618732335903319e-01
3.927005332539502125e-01
6.399397549842618105e-01
5.835184424286524729e-01
3.373358356848744077e-01
3.938370440607305012e-01
2.671275495784635190e-01
2.670343957686939218e-01
5.786752014031477653e-01
3.023149261725573966e-01
4.321012441816656779e-01
2.759627904754853867e-01
3.080928652091651232e-01
4.429251266150085464e-01
6.161325013103003956e-01
5.332109344700191045e-01
7.345025051222245915e-01
6.257421831023851633e-01
6.795551476025363247e-01
4.256217567011825742e-01
5.611026478415971352e-01
5.366549560919294803e-01
5.437396914799882408e-01
5.660353286258370531e-01
3.821450763799468797e-01
5.553916425635704313e-01
5.323572397073041973e-01
3.946411942183003507e-01
5.517818098469180477e-01
2.672344133561118107e-01
7.008780877367097872e-01
7.391450784358810644e-01
5.201366147410696472e-01
4.240425437659880448e-01
5.269962867989700372e-01
4.760687704313955604e-01
6.508371831779927730e-01
5.420303924786324945e-01
3.420252942159232035e-01
3.877907759471269644e-01
6.010958840756993604e-01
5.264827943764373019e-01
6.437833183137613435e-01
5.819655134699227572e-01
5.537200724335253899e-01
2.668624145865918784e-01
5.944104088765818084e-01
6.354346883749283359e-01
5.394064320689497816e-01
5.194532400585264442e-01
5.839801763432657111e-01
5.361460629158215641e-01
7.365957082984625481e-01
5.144021300438209598e-01
4.586185808333395064e-01
5.978192055879656408e-01
7.369726540279306626e-01
5.076212146813366966e-01
5.989671738644913868e-01
5.189173330220905322e-01
5.731592715950730721e-01
4.069286784220271236e-01
7.268124331177024944e-01
5.222766027316967374e-01
5.782288182024628576e-01
5.724112695661361938e-01
5.598717949312900233e-01
5.257358399959860540e-01
5.167083702105710330e-01
7.377186180960823014e-01
5.312272098477981430e-01
4.744283331372612933e-01
5.945077398476985575e-01
7.372584244451294566e-01
5.205598864141880444e-01
5.123137689798854533e-01
5.027957448589386313e-01
5.667902309880619161e-01
6.542860987201000178e-01
2.679769672384241241e-01
4.113750622156592818e-01
5.857774146762163570e-01
6.472849960469485575e-01
5.705726002110363959e-01
5.624565692677738760e-01
3.164386925508113624e-01
3.449499419547886747e-01
5.399984424470780642e-01
3.317315958502072282e-01
6.020672379826859100e-01
5.388588371830117518e-01
3.999445115664538863e-01
7.388182340410126558e-01
5.508651106065233227e-01
2.682171258919384127e-01
5.622479496020017509e-01
7.362918512047680331e-01
7.375802070304191549e-01
5.426279273425467231e-01
5.730313243296357717e-01
2.859908928411146745e-01
2.663784322519743841e-01
5.565136138580116798e-01
7.059080386971724463e-01
4.553864848097061158e-01
5.662285613254124383e-01
5.167564922046908871e-01
5.513501318403710716e-01
7.366312243744876920e-01
5.835220658363055035e-01
5.316079797375020677e-01
2.885530979453821421e-01
5.473311747592429777e-01
5.872768349180763625e-01
7.380828547737691148e-01
5.270417345744690119e-01
5.874795336865761275e-01
4.727074482084496210e-01
4.331736813562144794e-01
5.262871622361920965e-01
3.174346796935277881e-01
3.144822376936339259e-01
5.476810323988688944e-01
3.469631359883061372e-01
5.663499365927139317e-01
7.350956176247865903e-01
5.344357774707835240e-01
5.328994710737077201e-01
2.915951720372502720e-01
2.777108950382133346e-01
2.665870361213248940e-01
5.266114421945516932e-01
6.147042037201455589e-01
5.082471808970090432e-01
5.076775236976650563e-01
7.372461316322453939e-01
2.985805404256574591e-01
5.479228803719514707e-01
6.354439976876000706e-01
6.307912174540376560e-01
5.906897418559398094e-01
5.120157490859017502e-01
6.200621569966556779e-01
6.021792453351493268e-01
6.810943663212284394e-01
5.277114665754020217e-01
5.623249199850633984e-01
4.254635711625872618e-01
5.617228183093001537e-01
5.304803810310921852e-01
4.680621292207858275e-01
5.900808429751728257e-01
5.812128406747806286e-01
5.206426467700498995e-01
4.437761393483752315e-01
5.282480139149914322e-01
3.274924846640359655e-01
6.059259786350690291e-01
3.086031717081321180e-01
5.754568429952188202e-01
5.348928181023080430e-01
5.589058443313225100e-01
5.542492591497080179e-01
4.630328300394863095e-01
5.898310938546649229e-01
5.193894797701406052e-01
5.685905092348094714e-01
5.359480717469109479e-01
2.749007163169992496e-01
5.738792553817064768e-01
3.663538164047906442e-01
3.151577756734163516e-01
6.181498087192516255e-01
2.687675193204977497e-01
4.165841733908984268e-01
5.919219109662530176e-01
4.003695013932949132e-01
5.339185868325174722e-01
5.385510110675262307e-01
5.589032031422744851e-01
5.611690827376392132e-01
5.563765457521411273e-01
7.323554726646436253e-01
5.923818018191430168e-01
4.134710102746879112e-01
5.376688023380167269e-01
5.307961435890667934e-01
7.205328573050818752e-01
5.204214745785863405e-01
4.630402877172725140e-01
2.660604602805030638e-01
5.346049204273033428e-01
6.296278332958271662e-01
6.458044830038808248e-01
5.382184453659789591e-01
5.659310931511009057e-01
5.615553751864184040e-01
6.809933913568878561e-01
2.769078157201320667e-01
3.575307162669441596e-01
6.651652036552612168e-01
4.827939718091293075e-01
2.761652037574433560e-01
7.388995353035198166e-01
5.085708499640694269e-01
4.606437801120277231e-01
5.230712471528383700e-01
5.671189758823937943e-01
2.726157002449177691e-01
6.481329217555626965e-01
4.233582812078888202e-01
4.848654916930474901e-01
5.634918141633434852e-01
7.287803739300308115e-01
2.753383845901988813e-01
2.822375598693028231e-01
5.231460406118101369e-01
4.478052168525054610e-01
4.061723583402657711e-01
4.488918766448871667e-01
2.802854525087131177e-01
7.256465969844383412e-01
6.409757318031114037e-01
2.908627450276357607e-01
6.485434329882808768e-01
5.901838818067351999e-01
4.883760176371020334e-01
5.132194768346067804e-01
5.698139653771353563e-01
5.489116108419289652e-01
4.424210532696380982e-01
3.615841388938687562e-01
6.141574446843318658e-01
2.682223656968258929e-01
3.056679632046411799e-01
7.240412426511505517e-01
3.169662347401817071e-01
7.359222507392556567e-01
4.995028420516178236e-01
3.371893561974231290e-01
5.754441794142844957e-01
5.178001711603315016e-01
5.652108739152714723e-01
5.920407103860106934e-01
5.064330419891661661e-01
5.606627956388468004e-01
4.553493131989242437e-01
5.482568363676829648e-01
5.527558530206324594e-01
4.520469597190210909e-01
4.658085073002168341e-01
3.490575241011171781e-01
2.919897615102204358e-01
5.648535515171029253e-01
2.689429078413792529e-01
5.591475870081226152e-01
4.972978171565805017e-01
3.711294281778536042e-01
5.258812160343827591e-01
4.444919441155241735e-01
6.069037080400937478e-01
6.150239866923973286e-01
6.161491015900584234e-01
5.747547750080740370e-01
3.400809660178159555e-01
5.628804164268509380e-01
2.697347039953496006e-01
5.012359923560348873e-01
5.665963441058781136e-01
5.182170812928793557e-01
5.802840551394857771e-01
5.015418698852771584e-01
5.409689155561040463e-01
4.955383652106964965e-01
3.150943907069345684e-01
5.537260981153147021e-01
2.741695489240149053e-01
4.555776193704869081e-01
2.663350763427553836e-01
5.783807375362555181e-01
5.672748066345271178e-01
3.371719944043227724e-01
5.422861626137129853e-01
3.180571289967185078e-01
4.570166938906670140e-01
5.767927098991555424e-01
4.954660816454801164e-01
4.181777053753272244e-01
4.520296653260216235e-01
2.676051964212967649e-01
2.662273691373712725e-01
7.376230197691241441e-01
4.053451280686511948e-01
3.342226251483784716e-01
3.963938910582098796e-01
3.664426224017371392e-01
5.119101837425987789e-01
5.645979995986172284e-01
3.648307369781671472e-01
2.698064441285599191e-01
5.200191943103402714e-01
7.291160616463329136e-01
3.731713033820723280e-01
2.783873981852227897e-01
2.875829474111890049e-01
5.275896863209605936e-01
5.386148052423432864e-01
2.753683731363849030e-01
3.627463275860305369e-01
5.780504985682589636e-01
3.271140265945535752e-01
5.607644771947933870e-01
4.118430150582869098e-01
2.685425349443326670e-01
5.212509168359390488e-01
3.918113476018450503e-01
3.285915104395598640e-01
3.100323647669240290e-01
4.110280090171650746e-01
5.376475109153057153e-01
4.288036656962284643e-01
3.618027105540097543e-01
7.340614127578121151e-01
3.680096947303442279e-01
3.833459203102351220e-01
6.219570843257458126e-01
5.317067924702620907e-01
7.379810478652016892e-01
4.784129504304315827e-01
4.571687994379010078e-01
6.119965490041582301e-01
5.732084982449405786e-01
4.874976052063593746e-01
5.914668686543097520e-01
5.982635726812538524e-01
4.925671520403019921e-01
4.212088138280099536e-01
3.431510353901646715e-01
4.485098688052175375e-01
6.558314081178397981e-01
5.437190364358270855e-01
5.442602010510998456e-01
3.179509755104019675e-01
3.386169572476577794e-01
3.451509280557481518e-01
5.371448493880979225e-01
5.784714428583193069e-01
4.096183652526935171e-01
5.614807360622721122e-01
6.239605181357218422e-01
5.007539318382817628e-01
3.378531473239534400e-01
7.377916764898344582e-01
5.616148900333092220e-01
5.777974392881617405e-01
6.166995646197573899e-01
4.395646839261985739e-01
2.720352049419287876e-01
4.163959917711752556e-01
6.201418836898108244e-01
5.132599023366845037e-01
6.257200744260934533e-01
5.713653273912745467e-01
6.574936978295585766e-01
7.380117382859306963e-01
5.886414320722297422e-01
4.686105684397138260e-01
4.821857983210051102e-01
4.599373818502779376e-01
5.065425283566727943e-01
5.148769584236834174e-01
5.719669708461958546e-01
4.526948104204756573e-01
5.713350412377113940e-01
4.687907125628745786e-01
3.883134438821340684e-01
3.151769118804546022e-01
3.644852389418801186e-01
6.187064775980367637e-01
6.672242745607412928e-01
5.266962095020575330e-01
5.191819445290088986e-01
5.517732634700884820e-01
3.373057971003131650e-01
2.756426444697301914e-01
6.361470447614221424e-01
5.585230151590697689e-01
2.743533653871898514e-01
4.860409266109102511e-01
5.058763514680899576e-01
4.601037186508107335e-01
6.528405371296559512e-01
6.607601219685643734e-01
5.653203635153056794e-01
2.671202411551291123e-01
2.810682593428150411e-01
5.860861849139757940e-01
6.024116010128911514e-01
5.327405546449314189e-01
3.424078257750116649e-01
6.328338872848575658e-01
3.475228081623947807e-01
4.358641599864040428e-01
4.513968660978110448e-01
6.270352550574265216e-01
4.756666434986519532e-01
3.362322291423329168e-01
3.691571634740624108e-01
3.605192555149948630e-01
5.153760072911852674e-01
5.421313216124146184e-01
4.813844744007995113e-01
3.580802837993705690e-01
5.463836387591568533e-01
5.720426158956772866e-01
2.735750144253432103e-01
5.815815585034600499e-01
5.588772883603236874e-01
7.280996962683682350e-01
4.720949469528137876e-01
4.598089731956657711e-01
2.674833671890824993e-01
5.757500607561497619e-01
5.915142192773876761e-01
4.025868543984431613e-01
4.052834013243535871e-01
4.613253187872584093e-01
5.023744572012579512e-01
4.979537359709832467e-01
3.214579873097268004e-01
3.529178509933046937e-01
7.229340326469081424e-01
6.111448193123375505e-01
3.282789911648902326e-01
2.719144202999551618e-01
7.386602879470876015e-01
4.135786530116358217e-01
4.215276847147894634e-01
2.674487336077037147e-01
2.699998376884530926e-01
5.695520642091983499e-01
4.899357283244863415e-01
3.034426987998601333e-01
3.455487292925206178e-01
7.373784903120306211e-01
5.407069756856207610e-01
6.016120651619312198e-01
4.867956301564351773e-01
5.731728034767489266e-01
3.505680634125829531e-01
3.483848501587714086e-01
2.912109993377402506e-01
6.015904176557669292e-01
5.117979975177279206e-01
7.389396319670197277e-01
6.425679456878753415e-01
5.465890456640016826e-01
2.698923894511846000e-01
4.071621322223320516e-01
4.957906531790317040e-01
3.438721756281790665e-01
5.628456402949159054e-01
5.457515791541908134e-01
2.726770870758030707e-01
6.221958592146107359e-01
3.243093651722380177e-01
5.608378072104145406e-01
5.138113249830368323e-01
6.214161508117096444e-01
6.118361251117031552e-01
5.596813736313044352e-01
7.136347262307823902e-01
5.506129375124608760e-01
4.110931486377143451e-01
3.235399320164932813e-01
5.024388222997459019e-01
7.269518054811779928e-01
5.356290969418360248e-01
5.767599034358530385e-01
4.234064922829612332e-01
2.909148556095235150e-01
5.898585995880957222e-01
5.222839262812420946e-01
3.736980178969772082e-01
3.767767170628565920e-01
4.500722451555821402e-01
7.285441807412320614e-01
4.947619132758395710e-01
7.378342385456345687e-01
5.764790803807700037e-01
5.564768079799126133e-01
2.761008644000033652e-01
5.481511760614175000e-01
5.362411897984614706e-01
5.174009965028005809e-01
5.645527224510502595e-01
5.653749902681021178e-01
6.180457943242002594e-01
5.222124109228624134e-01
5.231591840881917310e-01
4.834116588950747029e-01
5.142651618498277344e-01
5.624901148771992432e-01
4.503187876387946265e-01
7.041321197166872103e-01
5.639727617730533327e-01
2.676859699760676947e-01
4.582327689851781738e-01
6.536529726133748497e-01
4.813263955537648853e-01
4.449465664415019339e-01
4.574611135518201199e-01
4.609298496335985096e-01
7.369635017087109441e-01
5.669113285354462350e-01
7.322166000860567125e-01
7.344211798002553415e-01
5.516513266907792090e-01
5.712934947890738746e-01
6.017741425398241972e-01
5.021216606561241802e-01
2.670264147762187457e-01
5.679531527330460294e-01
4.604342054376572846e-01
4.229675280597318121e-01
4.638347617047448579e-01
5.617675432080954101e-01
3.420931254218128048e-01
6.143812850687438987e-01
5.414008706764061873e-01
5.889777606188028036e-01
5.565912988358451274e-01
2.968612606778149310e-01
5.084759465278342327e-01
5.480701705338032470e-01
4.858361357158678118e-01
5.489200032877803448e-01
5.662458603225842824e-01
5.066814613056238592e-01
4.989535125038883079e-01
4.827204095839156550e-01
7.388491659411162704e-01
3.179662162649319335e-01
4.885055120136421181e-01
5.389809521891394395e-01
4.354975605508797920e-01
5.770256665734432300e-01
4.477650785939807365e-01
5.232938552110095731e-01
4.365271878607935863e-01
5.332413691701138880e-01
4.324000160532752157e-01
5.867276659888388535e-01
2.674800799098895898e-01
3.908796820322616994e-01
5.077893826774053654e-01
7.384372656973960947e-01
5.580727572226583666e-01
3.722620399686712989e-01
4.953990045664861674e-01
4.933830160507567952e-01
4.965949421513350392e-01
5.420083934091985967e-01
5.217980280367195967e-01
5.807616596290110511e-01
5.729052174600018921e-01
4.561629320207509219e-01
3.262581762754416803e-01
5.560899449428302610e-01
3.731401942085476042e-01
5.669683461215394571e-01
5.600923064043189514e-01
4.863784299412982626e-01
4.442687565917255998e-01
5.676503731184189272e-01
5.045178637168294955e-01
4.571261771277331243e-01
6.574528514551464253e-01
5.732760375124916763e-01
3.497134068219803771e-01
7.179497972832198371e-01
4.207404110681542964e-01
4.211586772868788908e-01
7.075173521166311374e-01
6.504020550042759474e-01
5.523804307267924374e-01
6.578939066113388412e-01
5.917571007716424525e-01
5.683593446580729180e-01
5.812205163359253079e-01
2.742890952774814095e-01
2.904481034600894795e-01
5.249260472231648267e-01
5.559481254205834722e-01
3.906703157103481039e-01
2.673842177743255832e-01
7.358979768214738426e-01
7.173086766634136913e-01
3.776808730439036310e-01
5.608927029080635895e-01
5.223746630088744736e-01
5.741603764228329077e-01
6.713581693457809640e-01
3.583148890278982646e-01
5.810315660709431951e-01
5.605039296663708592e-01
2.673378573745835429e-01
2.670773379933715774e-01
5.278897158204813866e-01
3.962991637583584414e-01
4.405121986096272035e-01
2.704234803258305231e-01
6.241693080020942475e-01
6.147874608296748367e-01
5.148275454085136094e-01
5.521564033048776965e-01
5.648515755397901517e-01
4.794448466084876292e-01
4.934329567758112822e-01
4.725681594666387153e-01
5.426082064924885318e-01
5.263348827425711196e-01
7.362181223244980144e-01
7.382779173029497821e-01
5.502541790520634191e-01
2.787801117874041945e-01
3.436006650876062829e-01
5.015683192082102115e-01
4.926584070812488614e-01
4.829929305285025620e-01
5.752117618902033991e-01
4.960036941116707232e-01
3.433900213795280654e-01
4.480031364009629535e-01
5.092438146161007984e-01
7.375654253111760816e-01
5.747639958939624316e-01
4.286986505213624121e-01
2.674532423599881303e-01
7.101833124042602474e-01
4.656362945381355423e-01
2.682551163378643078e-01
4.995569265138075088e-01
2.667141656773173719e-01
4.554112077517816770e-01
2.705665729475807968e-01
5.572087770989941902e-01
5.619069514496138895e-01
7.390175732693906596e-01
5.399027159898657224e-01
3.594134328787088051e-01
2.876406001402708190e-01
6.670003098409964526e-01
5.223198722626554158e-01
5.288525360387016372e-01
3.770661777061735109e-01
3.946319778875934103e-01
5.297700541336264335e-01
2.763604198707635962e-01
5.395693467740239058e-01
3.943637795408103108e-01
4.554201091504558874e-01
5.581831680927411554e-01
3.383515548487112667e-01
2.676526311992896145e-01
5.615124788957557289e-01
5.231924408219433831e-01
5.334024547934766991e-01
3.775240211799392731e-01
5.647310707534886065e-01
7.362484634335018097e-01
2.708315331868414444e-01
4.993798408045275194e-01
6.445025261222638857e-01
3.311947113958232380e-01
6.205504994027936094e-01
3.033978414098183474e-01
4.678920718898729736e-01
2.967573124416785224e-01
6.603009617550668064e-01
3.706428855009905599e-01
4.774735459831591089e-01
5.599407768340214364e-01
6.515099943418964923e-01
5.048716622544211496e-01
4.315635960046584896e-01
3.762071967546686824e-01
6.116627549599742419e-01
5.646553715047303301e-01
3.149149439834458830e-01
4.397993120055405103e-01
6.480071372957291187e-01
7.389948672435402433e-01
5.496085487553568072e-01
4.274441132675492194e-01
5.451169884315116843e-01
3.981530633465313884e-01
3.990608749047480641e-01
6.010323836785902429e-01
5.533669391778686109e-01
7.337500680749249327e-01
5.807244612329131028e-01
5.613974548821464294e-01
5.453732594641926834e-01
3.636314442423154158e-01
7.388360346929638833e-01
4.798024236506865381e-01
4.826463839679699386e-01
5.139173308627710268e-01
3.693383302980222105e-01
4.935766951418301685e-01
7.373868099460535452e-01
4.940496321944266023e-01
3.387021509140394349e-01
4.819497281568849711e-01
5.802356033217366260e-01
4.824609179921550695e-01
5.785923619946647944e-01
5.743735766850099900e-01
7.393874064899403908e-01
3.734781087682442768e-01
5.250122592488561946e-01
5.611665499410820601e-01
6.003067941453552603e-01
5.814909761554188927e-01
4.183375412937720417e-01
5.681497136469342291e-01
5.778429582276699561e-01
3.611943795221343456e-01
6.455488412843835011e-01
3.671637867451050807e-01
7.363003164614914109e-01
5.585594972864134089e-01
5.072382744298772339e-01
2.672110350026206671e-01
3.946342962437057733e-01
4.358896434273925036e-01
7.339162629879003585e-01
5.680894977750526875e-01
5.602611029383990360e-01
6.350294364547828252e-01
2.715572971556618476e-01
7.381847871546256545e-01
2.665929514131287759e-01
5.142249239661175197e-01
6.198972855854005815e-01
5.505142275924702622e-01
3.341685468253056124e-01
4.961252036576110358e-01
4.013884652034072076e-01
5.615826414947737710e-01
7.385564668170601088e-01
3.131967080337388909e-01
5.584190608118005938e-01
4.722510180124906976e-01
3.310412844392482401e-01
6.111652988607890746e-01
3.151058071770741487e-01
6.205690640549564874e-01
5.437617588406032931e-01
2.698396272363232651e-01
4.128712406741433805e-01
2.671248135761557507e-01
6.904246627326333652e-01
5.943666267979141882e-01
5.939803693291405562e-01
4.844188507013719724e-01
3.814410931965802609e-01
4.800130037232830937e-01
3.661438795052671114e-01
4.697162150018247551e-01
3.321708915936718021e-01
2.678860035252073057e-01
3.981677116721188403e-01
2.834157426202458807e-01
2.802954916702692367e-01
7.368446303344218240e-01
5.627075976139849223e-01
5.965908851644288191e-01
5.432494386096474726e-01
5.754576787294506390e-01
5.632712455985693367e-01
5.431012705929870732e-01
5.058043632573907544e-01
2.686097303709789053e-01
5.867487128043539224e-01
5.523500791758902961e-01
2.715568678222239352e-01
5.119298546738126898e-01
2.662607702530873088e-01
6.312712237877973198e-01
5.270065046766709838e-01
7.388389078310547697e-01
5.521186380025079332e-01
2.829982929110115286e-01
5.005805019608657869e-01
5.672885176578084110e-01
4.932022525731808438e-01
4.782532385798178853e-01
5.591733277435722016e-01
5.543306382693328205e-01
4.560190741872920395e-01
2.702556611215177207e-01
3.528607721495997662e-01
4.705855950903395368e-01
4.153049954774855612e-01
3.098797590630895105e-01
5.519768873980483992e-01
5.572391158733240868e-01
5.157572182637079061e-01
4.154570730667851985e-01
4.319628210849660865e-01
5.191980552804515980e-01
2.840594930642404981e-01
6.597530227496758437e-01
3.253380900947273058e-01
5.603324915247697158e-01
3.586025259555120637e-01
7.048753343049737330e-01
3.617898098433320886e-01
5.058049407781196605e-01
6.090883743181314536e-01
3.917562852945212781e-01
6.075101626413171862e-01
2.813539964461727050e-01
5.001827920013576234e-01
4.746031326397897043e-01
4.628114094456419192e-01
4.961259207122610260e-01
5.042528827229380006e-01
4.985143874751824522e-01
5.013447521888082514e-01
5.692102277379299524e-01
5.653875058080530813e-01
2.662695549404090478e-01
3.100668001280509900e-01
6.719796369569543959e-01
5.674975860599670296e-01
5.438545634592065747e-01
7.363195357721112888e-01
6.560546930277076916e-01
5.308747580979652492e-01
2.990595928929848379e-01
6.494750592762720265e-01
6.346506452333048331e-01
5.484499839570587953e-01
4.645461182517295340e-01
5.364938531447310810e-01
2.852652148364209772e-01
5.607621752990566977e-01
5.211103227461906240e-01
6.171246740947489151e-01
5.845855840900008316e-01
6.153959707918479349e-01
6.418540858123885640e-01
5.901777143303011952e-01
4.875794429841480149e-01
2.748885611697051146e-01
5.409531214881131422e-01
5.621669110596012597e-01
3.546998974865104293e-01
4.764994423591415451e-01
4.692195862746554869e-01
6.512596623626670800e-01
6.245603262197859662e-01
5.658665084944776158e-01
3.395368381255359225e-01
3.229554909980120736e-01
5.378443365951167676e-01
2.664872994651821259e-01
4.562031974979033899e-01
3.556015845121108243e-01
3.562166179699213786e-01
4.006125796628918767e-01
4.147751421950494066e-01
4.969969257890600178e-01
5.515669954923908547e-01
2.683308705110282744e-01
2.673785892030602351e-01
4.441978577584341226e-01
6.514724478540728780e-01
7.391039136846647706e-01
5.405799600533978122e-01
5.089243408882144770e-01
4.970002513630766838e-01
5.646427825512383425e-01
5.568174706098405480e-01
3.337896792643330612e-01
4.647046475820603151e-01
2.677650890921267623e-01
4.809173201055312319e-01
4.195074011107421952e-01
2.676035634683304743e-01
2.677503850278640241e-01
3.648880473951886527e-01
5.300789579267783935e-01
5.664172216778083913e-01
7.309041519912800045e-01
2.694824563361836178e-01
4.839012971418639175e-01
4.050246173377449188e-01
5.548443734339494338e-01
5.779851610951389773e-01
5.165641867768214768e-01
5.571152863703310310e-01
3.698920781659438828e-01
5.635276006720261188e-01
5.504629938659600930e-01
3.937066040955032320e-01
5.654118104529757272e-01
5.388344910854964143e-01
4.132624871351932572e-01
4.874655816898332827e-01
3.395596406385502086e-01
6.246506848601574013e-01
2.727169548113496100e-01
5.609721342060122184e-01
3.932528450061638647e-01
4.895244913027146372e-01
7.363257178705415740e-01
3.933733376392589132e-01
5.631167808740352720e-01
2.679509076763220143e-01
6.672682101877970284e-01
5.056989037316821367e-01
2.785314364650299801e-01
3.762415927921658465e-01
2.705842247612020857e-01
3.623567417745251484e-01
5.306756113131343433e-01
7.330204631448851149e-01
6.716629374245628448e-01
4.723913406443312479e-01
2.937531224743706870e-01
4.164241673503806251e-01
5.616501548487946582e-01
4.426821136777115417e-01
4.672747447520932962e-01
2.759413013267142945e-01
6.081142760632867184e-01
5.248189804588434537e-01
4.254565199531639141e-01
4.494868496368256139e-01
4.866953317430603443e-01
5.222685901118423457e-01
3.333654882939748876e-01
4.042552358048339123e-01
5.164027380938662759e-01
6.247025521800537717e-01
5.940075919333923649e-01
5.394210469998056423e-01
5.049675041591528135e-01
4.333921089431139184e-01
5.140512677404388553e-01
5.284835213569023527e-01
5.627025597336550167e-01
5.126941128171154105e-01
5.280767252719836824e-01
4.139347870042455191e-01
3.665016971336933493e-01
5.640377753626919510e-01
5.105163354090431760e-01
6.111313114448622130e-01
5.550092934564180291e-01
3.641585446753722866e-01
5.159201074699263367e-01
3.288645268887506190e-01
4.994069681921419201e-01
4.533364479109643908e-01
2.677340995809563418e-01
3.327126051201536594e-01
3.264608766850823907e-01
3.747224236406764830e-01
4.110812764939172359e-01
3.972040400261775406e-01
6.656487869680880465e-01
5.575870217396217132e-01
5.713536205008822311e-01
4.378036120319263591e-01
5.834678395304375709e-01
5.265863014860850955e-01
3.717154278568532422e-01
4.790699192695051511e-01
3.613400856535690653e-01
5.227621563579710751e-01
4.118685534174200136e-01
5.840950908971522804e-01
5.766738072278511096e-01
5.115615808975333412e-01
4.014500056458053523e-01
3.935027543979298659e-01
4.643920769760370160e-01
5.841251706331967997e-01
6.838224348329965396e-01
5.240483090346531592e-01
3.203699968428208589e-01
4.702629757370438979e-01
7.245477072796314699e-01
5.277306324210543353e-01
3.644083268966195055e-01
5.301022847059266851e-01
5.422781354284229582e-01
5.369029819610001697e-01
5.069387119946879849e-01
5.204569631704424326e-01
7.383134565396520799e-01
2.717653234549251007e-01
6.270475483334186917e-01
5.703633073313113533e-01
5.074132433029093781e-01
5.600191025451377591e-01
5.300651443466093404e-01
2.674771677617168719e-01
4.494265209121542370e-01
5.347981706755450260e-01
5.638179973555981217e-01
5.609281856324513926e-01
2.808698387563657861e-01
6.536660354611012469e-01
5.491799607111755854e-01
5.000430521567160724e-01
2.813295919805004486e-01
5.669522041795252987e-01
4.295083016803299403e-01
3.950470996101753673e-01
4.143034532404259451e-01
5.956291815629327635e-01
6.187773385406599713e-01
3.756185575063869519e-01
4.750796237927861765e-01
5.477584113757081319e-01
4.941237865360660897e-01
4.701928942497973218e-01
6.580963457748996159e-01
3.835496483862935735e-01
4.693597275419154058e-01
4.462391341739870843e-01
5.714810615030828655e-01
5.807092789277412681e-01
5.488129994395773981e-01
2.664079141474000045e-01
5.601969550334614523e-01
4.737487454790548780e-01
4.807913236607693763e-01
5.610525971466939765e-01
5.425854497365718565e-01
4.733524661394569732e-01
4.585968971041315401e-01
3.445398803287088030e-01
3.488355848700137041e-01
2.751529086901832177e-01
5.582907876871086028e-01
2.670587939586593906e-01
3.249334934190601931e-01
3.191292461866365726e-01
5.208452153929210571e-01
5.501563058133862594e-01
5.589853623548464157e-01
5.431782471006095792e-01
2.801311125251365053e-01
7.355446689359085299e-01
5.667518932698191181e-01
5.381742656169256067e-01
7.383400554352133049e-01
4.882310466669645410e-01
5.455747425082599911e-01
5.993306281316144180e-01
6.477633218210981925e-01
5.641874817418517374e-01
2.896854705584584466e-01
2.670818863744238714e-01
4.131178329694742413e-01
2.942556310898262750e-01
6.074126610717009989e-01
5.438850268175345892e-01
5.915497106547629169e-01
7.355400692676834495e-01
4.464028028181038499e-01
5.132926822650539789e-01
2.685014086716703274e-01
5.372487650223636280e-01
3.675383959683889423e-01
3.964263356974062069e-01
6.220591445332334102e-01
5.691159126515227262e-01
5.640791668100564316e-01
7.046795028798152893e-01
7.389425822802401234e-01
3.239637149388877591e-01
3.990107458063102408e-01
5.252730421521530912e-01
4.067137342232939323e-01
6.058098267370607415e-01
5.944567453717523042e-01
5.113218717286097670e-01
4.610066186869130611e-01
4.893616783126799041e-01
4.401016643613159252e-01
5.427725909935966486e-01
5.433844896372629352e-01
7.375993437750274495e-01
4.814157718093138305e-01
5.046431187386852812e-01
5.859998505747245900e-01
5.184115788864458452e-01
3.926793499796522036e-01
5.874192845004445607e-01
5.779672443671017845e-01
5.814778386581653802e-01
5.192294014825971082e-01
5.591291167287092412e-01
4.452091824464253222e-01
4.609699943943085798e-01
6.012660619032603737e-01
4.111797141609210837e-01
2.679844610162849805e-01
3.820228760775212229e-01
4.753313348679601424e-01
4.809436844310465697e-01
2.844244892167560046e-01
6.222125360265675642e-01
5.204377181504792338e-01
5.089598436578401941e-01
3.026614761200095982e-01
3.342478996295530358e-01
5.335677462459714748e-01
4.978055369648022865e-01
2.710061094733439147e-01
5.635583523200505818e-01
5.066413407962110371e-01
2.744565951280457106e-01
4.841023839193863698e-01
5.568581091296345154e-01
5.598836862331647568e-01
6.140784814570933170e-01
4.540779158418563610e-01
5.347484423760762162e-01
5.131949610932418082e-01
5.853022121194749738e-01
5.650550179340403378e-01
5.284450078229071535e-01
7.365635648764032872e-01
4.814690003218669578e-01
5.584179267089245391e-01
6.075841431963637795e-01
6.308004481192244217e-01
5.647976693284258998e-01
6.165752217953783809e-01
5.087005514682861884e-01
2.675522778365183041e-01
5.132919282065441235e-01
2.672526293188989821e-01
5.292418928057285310e-01
4.281856604491700580e-01
4.189405455958500890e-01
4.494036330304979621e-01
7.374872972150922079e-01
2.868153578993118402e-01
3.262479662594106600e-01
5.587432188213706796e-01
5.808476382606163613e-01
5.605866040097619019e-01
5.271334133033068747e-01
2.672881372961609658e-01
5.843051380996947541e-01
2.914554269762600347e-01
5.674037198026414819e-01
5.191119308991485326e-01
5.637822692071310371e-01
5.345559879038942475e-01
5.843544626386925067e-01
6.295088091477103465e-01
2.995742456961549838e-01
2.983895985960750563e-01
5.217034336863625166e-01
5.783520139688250739e-01
5.295863798270792344e-01
5.288804311625768806e-01
6.274251578560888776e-01
3.366500333502463471e-01
4.092694889135862768e-01
4.587494965222163601e-01
3.276101467477108842e-01
3.586002880623964106e-01
3.630005886408978477e-01
4.233154648155931232e-01
7.240280569560114676e-01
4.192620054855433764e-01
7.371938656677322621e-01
5.347726351379157306e-01
5.707067927254320105e-01
5.694946208186172365e-01
6.308018337463736636e-01
5.273595371526866860e-01
5.872865656061927453e-01
5.063716429596408775e-01
3.150963890408293167e-01
6.334268921617227655e-01
5.750340868373204906e-01
3.727827323620837574e-01
2.692708015835185154e-01
4.523395376416521896e-01
6.609822711873374335e-01
5.526069560933507541e-01
4.905020134739684901e-01
2.717860620079265432e-01
7.359140968108844882e-01
6.263695748750242043e-01
2.948340407207155622e-01
5.061469354504588569e-01
3.876227627064999792e-01
4.536579452998243389e-01
4.963696846032134569e-01
6.706317022108799764e-01
3.108176874723329597e-01
4.859786876237721098e-01
2.707773104339967207e-01
7.040992212162031638e-01
6.846488492385353064e-01
5.981957996540495648e-01
5.751254181368982143e-01
7.372050040786189973e-01
5.453785869887338711e-01
5.440191553546867009e-01
5.971700065386749134e-01
5.167207630484272896e-01
2.816979859135185782e-01
6.410873755628708759e-01
5.939368363536873252e-01
4.059780981372232422e-01
5.149668534128483133e-01
5.137982545095214348e-01
5.047423912798312262e-01
2.877117648925864302e-01
6.050315468346898484e-01
4.634555864841986561e-01
2.672669411045657806e-01
5.627995548061153208e-01
5.288283152052208891e-01
5.539419967801342271e-01
5.609501917891915879e-01
5.114341689990712370e-01
5.740316484040947076e-01
5.166412533288057274e-01
3.646533289799188116e-01
6.101033825873015681e-01
5.358182549958808716e-01
2.672518212556868056e-01
3.714738749330141476e-01
7.276108921418912301e-01
4.264861826963920466e-01
3.201601388485806887e-01
4.075336751295043358e-01
5.636343788655215903e-01
5.079394221549315969e-01
4.539897568992035115e-01
4.957315639886497594e-01
5.270181409540852790e-01
4.914404170901596758e-01
4.568080581698474862e-01
2.734415848296311569e-01
5.238823825793940125e-01
4.140002969720961712e-01
5.998118878911548046e-01
5.768756225356161949e-01
5.197541547941362250e-01
2.751825667991634194e-01
5.004000378967753404e-01
5.174791975516087605e-01
2.760196818768334004e-01
5.679256118861489844e-01
2.813851406234275099e-01
4.761967154331356866e-01
5.132221518368837998e-01
3.347698209047784146e-01
2.761457790488516806e-01
5.744888388569820981e-01
5.584322719398900903e-01
5.921975133376281564e-01
5.131331678285558917e-01
3.712628538930589084e-01
5.116788400019206540e-01
5.359595622669193205e-01
4.572025432275295675e-01
3.040665288610239769e-01
6.557065905051741028e-01
5.838925599255908594e-01
2.717123208596154416e-01
6.604861142924451922e-01
3.484208653280326806e-01
4.823042534110386081e-01
2.736991945987008457e-01
6.429833031486105188e-01
5.648555872789171595e-01
5.081473599167951605e-01
2.883716165092398143e-01
5.448969650013378851e-01
5.248996643905142756e-01
4.610649667515000494e-01
5.410119016413550419e-01
6.345163175204981965e-01
5.353141246586659019e-01
7.386180331777089103e-01
5.847472556628595663e-01
5.232047365232078695e-01
2.813977635109350950e-01
5.625435465662840251e-01
5.893341196776110680e-01
6.621518606104845883e-01
5.314506961371859850e-01
7.305969362092571417e-01
4.961799199992468767e-01
3.427763460345602531e-01
6.143865991718510111e-01
5.187754156688547669e-01
5.310180679420211103e-01
5.004898111565843077e-01
5.750591043810664438e-01
3.490255075340539248e-01
2.781735396101678304e-01
2.877597944937086982e-01
2.696378509531724976e-01
5.582882282772313465e-01
7.386011774656487949e-01
6.041995989981904236e-01
5.147807230407135393e-01
6.059979952010620119e-01
5.665632771741008211e-01
5.646959996477991517e-01
6.690519061184571070e-01
5.269665932156830657e-01
5.127421062056509715e-01
4.652862386049909649e-01
5.044779554730635107e-01
3.297578081651079684e-01
6.055515740289003634e-01
5.302221607369020928e-01
3.956980281838582969e-01
2.675751774734523858e-01
5.982789150287797231e-01
6.562161143960161258e-01
2.756814541919177519e-01
2.966282769229715566e-01
5.422554137886065329e-01
5.249968180372476256e-01
5.442487876910842015e-01
5.274478029316675975e-01
5.090978799114747044e-01
2.829590100110298545e-01
5.055860887126973902e-01
2.679077265675944286e-01
5.503220714809197167e-01
2.797752595505835771e-01
4.055186941107028487e-01
4.490346230646411474e-01
5.026194903390727164e-01
6.647995057689338738e-01
4.262726527824342582e-01
7.204078661222552693e-01
4.749625273108039059e-01
3.422073388561039931e-01
3.790463220137960665e-01
3.565046304659869603e-01
6.245951797419722062e-01
4.782568277055911365e-01
5.200369677966345527e-01
2.678075977569932542e-01
3.342569236191594295e-01
2.681657642383442619e-01
5.537535683095067274e-01
4.096353113639982224e-01
5.171157128400246661e-01
7.069523241935578017e-01
4.882939168714379163e-01
2.665659253650529692e-01
6.327268189296706424e-01
3.882653556312483656e-01
5.471741818070673391e-01
5.418257776807067216e-01
4.674525223858545520e-01
3.929451109826977429e-01
3.492034471693402642e-01
4.107847039897772889e-01
4.341173701978603416e-01
7.374961251726457334e-01
6.528129302880372187e-01
3.442889121313343903e-01
3.693377992067604088e-01
4.174330117897308567e-01
6.014368922045408850e-01
7.343734786378406376e-01
5.638448846821080274e-01
5.275219446063638129e-01
5.172485982891025236e-01
6.160297193291119910e-01
3.594666291149511417e-01
4.945648496797597771e-01
5.089570374287804011e-01
2.773323184310833578e-01
5.510027897929712370e-01
6.774500048132485741e-01
5.076318864185168644e-01
5.550909421630131346e-01
5.340447809189294848e-01
5.190551521977136984e-01
3.957352465802219110e-01
6.582864561642877144e-01
2.908948240326033607e-01
6.569239950115266513e-01
3.614444186706387008e-01
5.337846068485763151e-01
5.925266734420380210e-01
3.809953895328372919e-01
5.984088167701911987e-01
5.058149540240272080e-01
5.763968399766905559e-01
5.639830882813952062e-01
7.379771103354831885e-01
3.218648506142622323e-01
5.459674567001917556e-01
5.659284770893748817e-01
3.839490553414434681e-01
5.446652156409076406e-01
5.328605193201720880e-01
6.222835533163911803e-01
5.650727188408951607e-01
5.328516137804519825e-01
3.609304129073624967e-01
2.668295316989224841e-01
5.759636350668976279e-01
3.039221568069547241e-01
4.895420988603079171e-01
7.378553735717642281e-01
5.302763425155067045e-01
2.694216064338696981e-01
6.647161428190280219e-01
5.688630216813310714e-01
5.164337047684379733e-01
3.947114412740512224e-01
3.185342646872058037e-01
5.311410062297567958e-01
4.997419802437168546e-01
5.636810750826334315e-01
4.003743033364828841e-01
3.166820043059339618e-01
5.390023787422930646e-01
2.674115770391521929e-01
3.177233702191575859e-01
4.751730261361790109e-01
7.326615686990404219e-01
5.436540879701018403e-01
5.221535479047105799e-01
3.650344214913739394e-01
3.329338108591067269e-01
6.859321053089701969e-01
2.664992576841510030e-01
5.615659722887830219e-01
4.329624666716607173e-01
4.494161107451766224e-01
5.645643011130450084e-01
6.106923845466657452e-01
4.135047321596083680e-01
6.699454415996690670e-01
5.401244579291831771e-01
6.310779478821306743e-01
7.382723600993978952e-01
4.568062133919404966e-01
6.585853710780273929e-01
7.389807539079870091e-01
4.538945275288688297e-01
4.295618693315123582e-01
4.105487958832731987e-01
5.540546625630423661e-01
5.330801789420978043e-01
4.990426803849077331e-01
4.954012292757112301e-01
6.536335725240336458e-01
5.763269944510739373e-01
5.062594931892467898e-01
4.297936379200423818e-01
5.945035911771725523e-01
4.665876544222670175e-01
5.826271383665567738e-01
5.503861349330172459e-01
5.192998175685796802e-01
6.638331210563758189e-01
5.230510495844109542e-01
5.623833142177723232e-01
3.965025215426856153e-01
5.633613652585401921e-01
5.145915481483592790e-01
5.592184179771916286e-01
3.560600521058834844e-01
5.584850041199627135e-01
4.182356643207604252e-01
3.748592120346780909e-01
5.258786186232432547e-01
5.228045630044971803e-01
6.416127417677180977e-01
6.358628610705626683e-01
6.674678332479444531e-01
5.878074081365038950e-01
6.388108461328694254e-01
2.787963616468926431e-01
5.639563225066774876e-01
5.393743667569101952e-01
2.704808886926044487e-01
2.683642491082428028e-01
4.342002238280937565e-01
5.952025809371229714e-01
5.231751278211930201e-01
5.050213369046689937e-01
2.660758495370251775e-01
7.366049700322789828e-01
5.139894332823190526e-01
5.068636115502771489e-01
5.595693310213081251e-01
5.246764006547164350e-01
5.156187931939114621e-01
5.075464592731989688e-01
5.993549331711601758e-01
7.365465013343086564e-01
3.247326214606487405e-01
5.517238577370349173e-01
5.279621902463856875e-01
5.627227286733775813e-01
5.411608670687273470e-01
5.866254427495345425e-01
2.683121976844941581e-01
6.486303618150979222e-01
3.209959606459676373e-01
3.222531562008117967e-01
2.673699018290920382e-01
5.767516162827517334e-01
2.743845035293454582e-01
4.645309595222082422e-01
2.728890197686562602e-01
7.346052356365174729e-01
5.128858555269083519e-01
3.655257383870789134e-01
5.190387859901302026e-01
5.449975822418049454e-01
5.297033093046937813e-01
5.780280716023975529e-01
3.853742648385896641e-01
4.551988366514316819e-01
3.636996748775427335e-01
2.939593084585058191e-01
7.366448640841399831e-01
4.079430129991628018e-01
5.994461675306684834e-01
4.993097831707479228e-01
4.734986473201092116e-01
4.575336648020347230e-01
7.386755755553497949e-01
5.636294705345967770e-01
5.981075097313278688e-01
3.181044253728640414e-01
6.170014728996920939e-01
7.373844438092098663e-01
5.597533043106325268e-01
5.703444894723017633e-01
5.703911502264917832e-01
5.074405246317609253e-01
5.138813602092906496e-01
3.688934810712651835e-01
3.651207423680136732e-01
2.816779484352055496e-01
5.376210924286674020e-01
5.913167770606105877e-01
5.642182221955183152e-01
4.700494591420559254e-01
6.203057084584636671e-01
5.603117378704348672e-01
6.706728622718705068e-01
6.611246244698713026e-01
5.751104880357859050e-01
5.734522611658642299e-01
5.590873934963791481e-01
5.753134523769829478e-01
2.916678161897210964e-01
7.376381184255766943e-01
5.790890487907558448e-01
5.165239595015835850e-01
4.443107063977584925e-01
5.544127598479998698e-01
5.865564426674571008e-01
3.245927150985855048e-01
4.340169416568972482e-01
2.920221342763471561e-01
5.691888411349621535e-01
6.311047208855740109e-01
4.753264240255430928e-01
4.044437524467001666e-01
7.371682458017919659e-01
5.917424737203944574e-01
5.967632932348830854e-01
6.472759307728536138e-01
2.675291399192099573e-01
6.534319699930764003e-01
7.351896370808310710e-01
4.213186416361314746e-01
6.417289654625638606e-01
7.384046542571929272e-01
6.472397935091033228e-01
5.249170005597986188e-01
2.904824817175390983e-01
2.686247560602397777e-01
5.590801422825749656e-01
7.068320530720466621e-01
5.350027424831911294e-01
5.323826207460087279e-01
4.719915381680037103e-01
7.242504770264378555e-01
5.855367734338833285e-01
5.252450734526643572e-01
5.856589507168707964e-01
5.228808832324469691e-01
3.640235063649865377e-01
5.879766278327220874e-01
5.126425156112618398e-01
5.814525310826694771e-01
7.233266048394171310e-01
6.397471501013139994e-01
5.853611347188010239e-01
5.187349187172154430e-01
6.232865097367021878e-01
3.761438983192986196e-01
7.393609907035304518e-01
5.067252066737115701e-01
5.685355914927171517e-01
2.673520809494643879e-01
3.592071103801170451e-01
5.689932126311052496e-01
4.566821125231497192e-01
2.798712379884699675e-01
3.393412478559044709e-01
5.306896198608822557e-01
5.162570618427876346e-01
5.121489392500129245e-01
7.377791600070451317e-01
5.632298803786063290e-01
4.767440797363767246e-01
2.693500660436575767e-01
4.458848549389837768e-01
4.953874860059273577e-01
3.804154857648777144e-01
2.867102632295391862e-01
4.364523776811637945e-01
4.537403527101862011e-01
7.362627652963225078e-01
6.208368116427742667e-01
5.257982999404426927e-01
7.332584128531687284e-01
5.919545333564976142e-01
5.124771948102585517e-01
5.846484168166826700e-01
3.814855105614315955e-01
5.786117937220739416e-01
5.483117616822916762e-01
5.793218825631913926e-01
4.467660985924054029e-01
6.806665501238341465e-01
5.885215011392511686e-01
4.733997248134726443e-01
5.146526942676322713e-01
5.376397457477358754e-01
6.821615059006538306e-01
4.194800002665869942e-01
6.220932903942645309e-01
2.682541560681815929e-01
5.288746198990303959e-01
5.167033481494097691e-01
5.951891511233635690e-01
4.255014125236225575e-01
2.683733076464724920e-01
7.389500336008569814e-01
5.645059542642254513e-01
6.082906198966097078e-01
2.667103474860652579e-01
5.646604951500486802e-01
5.410168173474688702e-01
3.558103839914154021e-01
5.756822695968988324e-01
3.933111938498186633e-01
5.249607941911401676e-01
6.347054807172070046e-01
5.181512398906522598e-01
7.385471547825994687e-01
3.037962460614186400e-01
4.096703915431001986e-01
4.142059908184607120e-01
5.477378260529848220e-01
6.176606123796892778e-01
5.616737930915309818e-01
4.232418312658190462e-01
5.510226838052637577e-01
3.552860161308266096e-01
5.359139579227418793e-01
2.788261673505786353e-01
6.390916735198054477e-01
4.776350707085192382e-01
4.380166375368670928e-01
5.801353063144012445e-01
5.684098104454274880e-01
5.149842225585323785e-01
6.371376957473002811e-01
5.715928176001590089e-01
5.788740908925735784e-01
4.692052532510697094e-01
4.173443813319464568e-01
5.316183560604487157e-01
5.357086198648189912e-01
5.630032308470519498e-01
5.355414292466956772e-01
5.745641325363002316e-01
5.397714576410101994e-01
3.588018417992119291e-01
6.002444612503082810e-01
4.110270225075396966e-01
2.659666983115073213e-01
3.401326568155735863e-01
7.373578969158214313e-01
3.870369067390663220e-01
6.469400850680444570e-01
5.768674677404416196e-01
2.697394055346589159e-01
7.356920014016614662e-01
4.091163252019816010e-01
6.157355094659557881e-01
4.148803781471622210e-01
5.400452607087783408e-01
4.078308577255944090e-01
6.689587799574459037e-01
2.671798448374223534e-01
3.986460241883952871e-01
5.056133032101994829e-01
7.359156994901794313e-01
5.915017524834321749e-01
5.306700343173171852e-01
5.132637699112098106e-01
5.457413542470971324e-01
4.806619186534170640e-01
7.388417893970672390e-01
4.693757586377857449e-01
4.819349580332952243e-01
5.616299534204760580e-01
5.777361963223173191e-01
5.093157944290446215e-01
7.355398925834008006e-01
7.298741286991080601e-01
5.328270713355609534e-01
5.539005183570401281e-01
5.605861745447165978e-01
6.035135826634352441e-01
4.569570375659199879e-01
6.416638133532176491e-01
5.287124534065826831e-01
5.284696817892332588e-01
5.097821124209146459e-01
2.910265603751139296e-01
7.393728945358447602e-01
5.258060563002575627e-01
6.759023181879694198e-01
5.683019359505893098e-01
6.422450518225776284e-01
6.551768667616562070e-01
2.776654978065623558e-01
5.214231251306394865e-01
5.607319556974843522e-01
5.834250278701167414e-01
5.933050893560777306e-01
2.699662266837382085e-01
4.508052651854758675e-01
5.703248194490352363e-01
4.728532863757297089e-01
5.160152954920792512e-01
7.374542035915113702e-01
6.240035909604411124e-01
5.561085093018937053e-01
4.117246833074105772e-01
5.197363502002932956e-01
2.929959154854051562e-01
3.211840083791496214e-01
6.482242466016433502e-01
4.498736241974918837e-01
4.708033783303382513e-01
5.540501006282252394e-01
4.658453863132482886e-01
5.683371453237952009e-01
5.446992349156123403e-01
6.164819469493701964e-01
6.376166407037615613e-01
5.657062294958372650e-01
2.789236984499195993e-01
3.271490519924728502e-01
5.066833505448412600e-01
5.294868709012550134e-01
5.710360116439484601e-01
5.630518290947980065e-01
2.660675113009483561e-01
5.075567533615412685e-01
5.122019177959675762e-01
2.674793299836716876e-01
2.961476989543425642e-01
2.674231500926850247e-01
5.946346940033252482e-01
4.808610346203019414e-01
5.410649129140365776e-01
4.299062211027170344e-01
5.373364328623392305e-01
5.581348215108900002e-01
5.761379759895913777e-01
7.345820621254252059e-01
2.735472044839258876e-01
5.193663841454002617e-01
7.046229058043618210e-01
5.657997753956625075e-01
5.787275098074035062e-01
2.698549580688969773e-01
6.704627341949697117e-01
5.734181100124022823e-01
3.350436821530169418e-01
5.266094417626233648e-01
5.806448367480802064e-01
6.180234320525016534e-01
5.046089214316551441e-01
5.125395129681792339e-01
6.146414959414027157e-01
5.639943360534873662e-01
7.338172415174193386e-01
3.306152267200621053e-01
2.707867330531480432e-01
4.783578809089445993e-01
5.242399122580566617e-01
5.828846681503851990e-01
7.377378167654582430e-01
7.359272511822005924e-01
5.151792133149891706e-01
5.030345309306838431e-01
3.944824970696072519e-01
5.193117043724456705e-01
3.256481092328373794e-01
7.348893233598519092e-01
4.791839867076571613e-01
5.494440828724860282e-01
5.398345883596739059e-01
4.941720854743771874e-01
4.265214144629431714e-01
5.045449801449677363e-01
7.366747782962506097e-01
7.281898685869054866e-01
4.215983554945023637e-01
3.007564539664469572e-01
6.453151371292028537e-01
3.235182498787140815e-01
5.760254911544745449e-01
4.545006813291708747e-01
5.150759409501238784e-01
6.337601427265663334e-01
5.085914312110494384e-01
6.213178388490491200e-01
4.597069791437736752e-01
6.035097985527657638e-01
5.916918860915304501e-01
5.468406431727069750e-01
4.764203196765546267e-01
6.619113326667336317e-01
3.845437600703579539e-01
2.852814747411311358e-01
5.381274858356129842e-01
5.693569586926157111e-01
2.676362633573061700e-01
6.497911653346605254e-01
5.153661753277064550e-01
5.191070236013496375e-01
3.369132324720955918e-01
7.385662150935253800e-01
2.704980083889990117e-01
2.791155893752144679e-01
6.239446886781307988e-01
4.750075054331066582e-01
5.534455563353077867e-01
6.949962442245819494e-01
7.385877188946453620e-01
5.783318066467160179e-01
6.134670369303568682e-01
4.010787379224013405e-01
4.415230824981507540e-01
5.059345673484992867e-01
3.722553367033014649e-01
6.315864137779635401e-01
4.520300386653178237e-01
3.907571880320890312e-01
2.673756507906266400e-01
6.407167168428996584e-01
5.678718851936395140e-01
4.174808359567590554e-01
5.702594381992263095e-01
6.182591360715372630e-01
5.916773484823885099e-01
4.955205369093629297e-01
4.996948212648972820e-01
3.979345739211216371e-01
2.795968953973768656e-01
2.807076670874866231e-01
5.541126797888709099e-01
2.954690072317962546e-01
5.826345907988560446e-01
5.244189681861678443e-01
4.918092828688432339e-01
3.535070639605014109e-01
5.662812621584081274e-01
3.468815749184402941e-01
6.518977121966438304e-01
4.709109510046784464e-01
6.726839488525115929e-01
3.663626186448774580e-01
3.119692180742174581e-01
4.995037640909480992e-01
2.673998206507307573e-01
4.496595700319618860e-01
4.823141009253621436e-01
2.844644860567379641e-01
6.200655145320623784e-01
5.214254500676066550e-01
5.441358291939563108e-01
5.702066115390829193e-01
5.630105883994023230e-01
5.883717452373770085e-01
5.207006594873028194e-01
6.167542153376867065e-01
3.302014715359427588e-01
5.925732217152941406e-01
4.153603115999519590e-01
6.480436633125364887e-01
6.666623421627122514e-01
5.682567947109846695e-01
4.964002521712196359e-01
5.605116895387125542e-01
5.933988867219545105e-01
4.326270526496693303e-01
5.881976729554464489e-01
5.197238454146251296e-01
2.868312865472974482e-01
5.654656555880710478e-01
5.786646590342283680e-01
4.849868979561713922e-01
7.375029426800436827e-01
6.364014094839232083e-01
5.648760353979487281e-01
5.245751804571091581e-01
5.805229913730435287e-01
6.903706934409634677e-01
6.328505440834641949e-01
5.194450752559960360e-01
4.845593045039762181e-01
2.700034495720763372e-01
7.362802463244303430e-01
7.196576877174930553e-01
5.776612399033644873e-01
6.012275306515794115e-01
7.385133848627993824e-01
3.385943159679632997e-01
5.101829092081200390e-01
5.879341847048590308e-01
5.514488907193134670e-01
5.761816514070772222e-01
5.241978872843319204e-01
5.149453238734691407e-01
4.915828156768129453e-01
5.139642846289890210e-01
5.455101259866019792e-01
5.395462437244802345e-01
5.762353577967023188e-01
7.375471944987189721e-01
4.561523758108189663e-01
2.873447896365682874e-01
5.817150888953278587e-01
4.868080591599451834e-01
5.150598694098403874e-01
5.180182625911597949e-01
6.244445982993948041e-01
4.847901554611919184e-01
2.832458066750643266e-01
5.842477924749859275e-01
5.827613207306814314e-01
4.802129273981852187e-01
5.079817042137735328e-01
4.326857644287172011e-01
3.544087468701674348e-01
7.365374573759776444e-01
5.679652060710592698e-01
4.074675984798808437e-01
5.731547360752538012e-01
3.394218928295498761e-01
7.332422203522745985e-01
5.417565394355189357e-01
4.534132099122223369e-01
5.274747119628746539e-01
5.183508762356724420e-01
2.744385202682217417e-01
2.698788419902820590e-01
4.872906731047160767e-01
3.801197466759024812e-01
5.422669876616268425e-01
2.721375018850982208e-01
7.374421508040094331e-01
5.060833486868439035e-01
5.785246682732941848e-01
2.703572815429366449e-01
2.716969195274677729e-01
4.853166784142594614e-01
3.874592804620086151e-01
7.376666038580594886e-01
4.568658095991015577e-01
4.761366337475682053e-01
3.871498184100415907e-01
3.122931908508272958e-01
5.485353516074381597e-01
5.998784104545844542e-01
6.292947157454120699e-01
5.595847747831061980e-01
7.379121792523352097e-01
5.606038988959738401e-01
5.748241694643508870e-01
5.050737769002042743e-01
3.762853142750387514e-01
6.207346341818913427e-01
3.381438194400431807e-01
3.466686846166266989e-01
5.464168759003295017e-01
6.634967241175334651e-01
2.668554111659134365e-01
5.787156924357558241e-01
5.980601061659434059e-01
5.940857354944538704e-01
4.137756200069580004e-01
4.190101415221482717e-01
5.193534865680665691e-01
6.505867685844640702e-01
5.643593488570101124e-01
5.142472813159029155e-01
3.291221114383437452e-01
5.325158633646485118e-01
6.600719458947950091e-01
5.972514278384453146e-01
6.604077712978259074e-01
3.291428620348171852e-01
4.849167170159295326e-01
4.258756044437404520e-01
5.856871239805810925e-01
6.505638167581203612e-01
3.060620091820455690e-01
5.097495957129228872e-01
3.986177945002631895e-01
6.207384534530163700e-01
5.159911347473192800e-01
5.870757999939558713e-01
5.149841224330504730e-01
5.198099216841393089e-01
5.983034726706621953e-01
5.976387733723989015e-01
4.894595050953778337e-01
4.895257688735337731e-01
2.776402260165536373e-01
4.716004351748314116e-01
6.699247887600064955e-01
5.776310405577810281e-01
5.666685934139849001e-01
5.254775649462303244e-01
3.506223408313839385e-01
3.623153934322165259e-01
2.662383139066014093e-01
2.864982475870963552e-01
5.322251469360599341e-01
7.386436774727577204e-01
4.275617886389110889e-01
3.602278176710235758e-01
5.228746986205399239e-01
5.510371902969803948e-01
5.568529543623956801e-01
7.379492928889727077e-01
4.393549524171893039e-01
7.345703702282193603e-01
6.114202809089370749e-01
2.666172296597853486e-01
2.797368736790146748e-01
5.620369358179951869e-01
5.975768344700300716e-01
6.081338446490022198e-01
2.796971896377843936e-01
5.424223642681049729e-01
5.121855910680853663e-01
4.305092384902907132e-01
4.345281003177790535e-01
7.345792402003596955e-01
3.219502400950308707e-01
5.149246077429764368e-01
2.880744709858257258e-01
5.566741938444598192e-01
7.196662122999566424e-01
5.874271985688962472e-01
5.854815314890157163e-01
3.831807776859210701e-01
5.275476620489442103e-01
5.910341554027083166e-01
6.823666033791936369e-01
6.168127780597725263e-01
2.661213586257306085e-01
4.699919025059844935e-01
7.359180883749646407e-01
6.465647386495468885e-01
6.702126122923965923e-01
6.167393622133289233e-01
2.742958560146002700e-01
5.650274888371180637e-01
6.011103913686930422e-01
4.615332824720830285e-01
5.467294340725040724e-01
4.708883088205361722e-01
5.214236043599687065e-01
6.357144287754304957e-01
5.664684097914407523e-01
4.545118653681943233e-01
6.752733231795541302e-01
5.826692460691831332e-01
6.211055901252552358e-01
5.849366482750197882e-01
5.176967454979096717e-01
5.099099763528047724e-01
7.358523948537037951e-01
4.825391707816630293e-01
6.388374626447202997e-01
2.778735927025304808e-01
3.071653827926091318e-01
5.482985807481772778e-01
3.398712377666077700e-01
5.068128244273198968e-01
7.382770405868496200e-01
5.849342259048465609e-01
5.604422360872133302e-01
6.568586496676501740e-01
2.850275061308858993e-01
4.911711137392585913e-01
3.788499695382009369e-01
3.561682879210442132e-01
3.300113986566862723e-01
6.567524224718777059e-01
3.026139234289361157e-01
5.646448505427960063e-01
7.345752095975427443e-01
3.797633048068968509e-01
5.473281518075592267e-01
2.674041480338817944e-01
2.671182759632708681e-01
3.453794515735975068e-01
5.291302832611549656e-01
4.325405853060662609e-01
5.457231796757445741e-01
3.378784867489406096e-01
3.597359406245421165e-01
6.231502046783047311e-01
2.694714737203924293e-01
6.458927201088129344e-01
7.129037091225994827e-01
5.029506399665675254e-01
5.308293209042080907e-01
4.937436188394221381e-01
3.839179054879571784e-01
6.164920379117223570e-01
4.475732484252156196e-01
5.491936208411476450e-01
5.961754773551727338e-01
2.671482249641805029e-01
3.368675093389664754e-01
5.491431776620024907e-01
5.658021242787889538e-01
3.536639828228750337e-01
4.135995842888551266e-01
5.708545770568255184e-01
5.669098213026569910e-01
2.953017935553935991e-01
5.272640182852375013e-01
2.803853779057415840e-01
5.672195503495552904e-01
7.380705837401131397e-01
5.503464735099814487e-01
3.687611401704404268e-01
5.309615608954304511e-01
3.934502361577507656e-01
5.739855471317408808e-01
4.350285921053198557e-01
5.706789235091227486e-01
5.796475733301884592e-01
5.846801060925194138e-01
5.960037786655769665e-01
5.252676867864417565e-01
5.769888159583552723e-01
3.731826275076769450e-01
5.688293520476487286e-01
4.336727361421482407e-01
5.104167091700769765e-01
4.286430630110986684e-01
7.347184869586003142e-01
5.918977648166329208e-01
7.180264950362109655e-01
5.687204812131108067e-01
2.794883983452504106e-01
5.662019221394053448e-01
5.017356480370782634e-01
6.625984719116818633e-01
5.674217426630265848e-01
7.375105983607922466e-01
4.975777735295069393e-01
5.813846179442045958e-01
6.177438255667980771e-01
4.983689657224091296e-01
7.393718866568080861e-01
5.430638976654308392e-01
5.175806446933727267e-01
5.031262323981755546e-01
6.269138993401903726e-01
4.226264171698309036e-01
3.059673119373824135e-01
5.339090759909049799e-01
5.122668326715480447e-01
5.916147251969527954e-01
3.895724260885770618e-01
4.846423107226888738e-01
6.580085281865798441e-01
2.846593874952105252e-01
4.383231783077365940e-01
4.105229763942827570e-01
3.540630321437705508e-01
5.211410787444932247e-01
5.420659687624249656e-01
4.993439156518170163e-01
5.253320574006121735e-01
5.974985656029389025e-01
3.221485976552281305e-01
3.783946096615491972e-01
4.889725987216140823e-01
5.303863792664842425e-01
5.167390392101975927e-01
5.250149870812179653e-01
7.377406092544904759e-01
3.493956344066546094e-01
6.637954516583058906e-01
5.479919563106023794e-01
4.811866143334238566e-01
5.690704783217627183e-01
2.876279165923233960e-01
5.692257501986510704e-01
3.839045228098682538e-01
4.135628788656282584e-01
5.688035396524016019e-01
5.849991903583124930e-01
5.879574066054895631e-01
7.387092250670781457e-01
5.190617265845992589e-01
3.607758217546332413e-01
4.396894610547748550e-01
6.328641897439931663e-01
3.719848328632203160e-01
5.583620973960770062e-01
2.777963322635102483e-01
2.777412200712526813e-01
4.036089783174056644e-01
4.239907895704544960e-01
5.618843395855925849e-01
7.355386067587001975e-01
5.018143174859929223e-01
4.751373307558240944e-01
5.376775031521587866e-01
5.255876543422804970e-01
7.378282349093284731e-01
3.414018592967917320e-01
5.633578705477303439e-01
5.016831633916462030e-01
5.211768726261308826e-01
6.450204391730836040e-01
4.659688877834271548e-01
5.210207509720619079e-01
3.481717879433370300e-01
5.733148708745167133e-01
2.728577387515597197e-01
4.700514134979474345e-01
2.830644923253642919e-01
5.235204939431246096e-01
4.805486390247966089e-01
5.633882282267373975e-01
5.622227497860770029e-01
2.808319006069258106e-01
5.696703229873245622e-01
5.364297124773058645e-01
4.211960550446235962e-01
5.026824766376208897e-01
5.235607494734000333e-01
5.765272844668414276e-01
5.247914697078556179e-01
4.333466722737596144e-01
5.629984272326193917e-01
5.266346034912479102e-01
2.749344497821428757e-01
5.112068631251595052e-01
5.821868350030614536e-01
4.105028071512853427e-01
4.832018601606932195e-01
5.772144319839177529e-01
2.833785425119312307e-01
5.476130798676820399e-01
5.160115802550450104e-01
2.946095675134885461e-01
5.978216813751064951e-01
5.591010922379047177e-01
6.339158667462300167e-01
5.529446341855508429e-01
2.821038436822733142e-01
5.318610210708831776e-01
5.830857651665608543e-01
4.986751812843144283e-01
5.097960526283373817e-01
5.049970589428467438e-01
5.638314662227446039e-01
5.082174923335049943e-01
5.641328532914811067e-01
2.902331664790003818e-01
5.446886732662465924e-01
5.981902814361310661e-01
5.843724137543435670e-01
2.820713280132640666e-01
2.679407752917818963e-01
3.464975851019305719e-01
4.557740334145928274e-01
3.211665562984061251e-01
5.124662644809295786e-01
5.962290431004264590e-01
5.118615143964302394e-01
5.755247731561001778e-01
5.224862603500672886e-01
5.265433346238580503e-01
5.389704048442625073e-01
7.380205977369110881e-01
5.154181985378891717e-01
5.266373237154400311e-01
6.556710651510091470e-01
4.237527523204230318e-01
5.808058860485528774e-01
5.150279912307746955e-01
5.203209829700174982e-01
3.415387352303403956e-01
5.841959367652920232e-01
3.328613635281245653e-01
7.223178381108368296e-01
6.671650281193592935e-01
5.217647121313927494e-01
4.559647827142784271e-01
5.335666459334162948e-01
5.150576859109433636e-01
3.958200923923789194e-01
5.095389757179025203e-01
7.382578501169426710e-01
3.411134191270951410e-01
5.403504844320149436e-01
5.178989489329124396e-01
5.415623570823363542e-01
5.052315320961937584e-01
4.949617799423020048e-01
6.784661061898755730e-01
5.827906439570100794e-01
5.052864951483240219e-01
2.721532665056199951e-01
3.499777995032377076e-01
3.510165567901172290e-01
3.889558286876360071e-01
2.894837899656695912e-01
4.194902739078897325e-01
5.646233219237672962e-01
7.376936637776907446e-01
5.764404586082888526e-01
5.006465460177036420e-01
3.828162076332591868e-01
5.042255263851563862e-01
2.765754293879202907e-01
5.011741242229770243e-01
5.504333877150747734e-01
4.373132267794707650e-01
3.968862626017262696e-01
7.368336282115249825e-01
5.162859991678063754e-01
6.197219525965145248e-01
5.269358283520192421e-01
5.181215435676922443e-01
4.157054138235061758e-01
5.104751622374577025e-01
5.126608103156999885e-01
6.731652198411649524e-01
3.891768977351159342e-01
3.040317071762915768e-01
5.194939050563820437e-01
5.120556231731896446e-01
6.397461946292037904e-01
5.863310505675719542e-01
6.605715631500158613e-01
5.056996077473974172e-01
5.078912644381823327e-01
6.925534505288400977e-01
7.384332671100797274e-01
5.113781988738472783e-01
2.694160320035671186e-01
5.038690818661649695e-01
4.195835321478830204e-01
5.661166145778813164e-01
5.721229598254811144e-01
5.150683007064070784e-01
5.070728011713180328e-01
5.192401095018176482e-01
5.087479279183041436e-01
6.202065277898607398e-01
7.386994453918430681e-01
5.102278104247660595e-01
5.841681568438144012e-01
5.412312996949241173e-01
3.393280418908607432e-01
2.674626490236687304e-01
5.210506805256481799e-01
4.346822324621876787e-01
6.047362270661152950e-01
7.181993720015005245e-01
5.089056202319041100e-01
3.627168516964912048e-01
6.136517697462056109e-01
2.914594018011735232e-01
5.117125966319616692e-01
4.448267318617341592e-01
5.947392689044093128e-01
5.809614661277516801e-01
5.602480631494081154e-01
5.673760582466410574e-01
6.188955468497344681e-01
5.167034147631561769e-01
5.433777795203911243e-01
5.927516387080422611e-01
5.619331566949600232e-01
4.478503144771669442e-01
5.400573769925248735e-01
5.512024013612945028e-01
5.850536987862682281e-01
2.843657998147901544e-01
5.284967042835128082e-01
5.043762542535296101e-01
2.835266131532346856e-01
6.136168199527987088e-01
5.942947739379547123e-01
2.877708040386772192e-01
6.872730712420170862e-01
6.637479397181086371e-01
5.172536541702297264e-01
3.452342979975412396e-01
4.052434227431696567e-01
4.241850347883961980e-01
5.546575985608515058e-01
7.359533085640754813e-01
2.683972135894799882e-01
5.953745811689401535e-01
5.060256126725829473e-01
2.684599672452171459e-01
4.853540100380959732e-01
3.522593637555220258e-01
5.119849522242818640e-01
3.897104763616769385e-01
3.256188517718695552e-01
4.411674381918241350e-01
4.293042187200226678e-01
5.337784892102620526e-01
5.654209660493324519e-01
4.772976008307459050e-01
5.298482700145210611e-01
4.515158814736471293e-01
2.710206929820450639e-01
5.992075303309187806e-01
2.975918573435120673e-01
5.582039740822738461e-01
5.218191745822007288e-01
2.710404700992827265e-01
5.120691004874585728e-01
3.340319753193342067e-01
3.787195649373056860e-01
5.799939231500970127e-01
6.010585350560417872e-01
6.493351454019320457e-01
4.055127501372736698e-01
7.393885673817057747e-01
5.309820597260692665e-01
3.950187278348597508e-01
2.682186052928167697e-01
5.152311319045660420e-01
5.614657493996195736e-01
5.519456898378387599e-01
5.932763372452872774e-01
5.598974461779382406e-01
5.597078743209809026e-01
5.912196269850930053e-01
5.132078227929897096e-01
3.799176602365316180e-01
5.913133430354939879e-01
5.471659262681999314e-01
7.394081594916079858e-01
5.851054924741726504e-01
5.961621556525645849e-01
5.713094963492170164e-01
3.531512835116314419e-01
5.254626250637460805e-01
5.299568517552882829e-01
6.387316573207164616e-01
6.803301289018178766e-01
5.191534156686147261e-01
5.083145071232941792e-01
4.915018022195482561e-01
3.148331909579784038e-01
3.618114977752741046e-01
4.530239634561961104e-01
4.128201019546751671e-01
3.714379534329408372e-01
5.630604566781244325e-01
2.833887707713377280e-01
5.161525571658924783e-01
5.134431219003312563e-01
5.420092501224755832e-01
7.372196278987026563e-01
4.183717796970571334e-01
5.760388102863066573e-01
2.746645889047687472e-01
5.619137346469654792e-01
3.119818839208265970e-01
3.595269111063277290e-01
3.293289695204053569e-01
5.477338047275327471e-01
3.222684616255297452e-01
5.196168282493338619e-01
5.932640665028406923e-01
5.539622838006184047e-01
5.021970430017687059e-01
3.572169012097252683e-01
4.737304017272971901e-01
7.350934916244449280e-01
7.378825099879997573e-01
5.766643370673435465e-01
2.990992244995026028e-01
5.146973049582417303e-01
4.884286783747729399e-01
5.053613140629027445e-01
4.215821596037087060e-01
6.194257997703485064e-01
3.507543475516201603e-01
6.000357958161562921e-01
5.823323035003411530e-01
5.187845137070266066e-01
3.843079795226215789e-01
5.468533063484325440e-01
3.541482843462233632e-01
5.640128479318600174e-01
5.876945492763127055e-01
5.116359073243956779e-01
6.608107580737958564e-01
5.196252480155797437e-01
5.028979070908935478e-01
6.351704543725897878e-01
4.991714989403637781e-01
3.917658438529028619e-01
5.821235855128167325e-01
4.276214359744286986e-01
5.598425360974605969e-01
5.169050797839042088e-01
3.690157527723700870e-01
3.449190841791952566e-01
4.383938120747538081e-01
6.982337128154307848e-01
6.185984938185784543e-01
5.752382346091238219e-01
5.947874937297727982e-01
3.048986409530877184e-01
5.125328273203810792e-01
6.518032368401053267e-01
5.612084313128162805e-01
5.093729357618338449e-01
7.377269139856071911e-01
5.931609515004750977e-01
5.682744719455855575e-01
4.630723918174749487e-01
5.346357087609784342e-01
5.127265591739872397e-01
2.742535806620762795e-01
5.724687620611147443e-01
5.338851519134414358e-01
5.427630251539660167e-01
4.748345969706447289e-01
3.823090845173698349e-01
5.294595837646078884e-01
5.472065034188222654e-01
6.108794797332418591e-01
4.614791005993643114e-01
5.432455687984750758e-01
2.878831911247526354e-01
5.198330072483625663e-01
3.537117761128812377e-01
5.080204367407958888e-01
5.204947334821588001e-01
5.629620674223810850e-01
7.297320008844102590e-01
3.170868954911300608e-01
6.002359082477132235e-01
5.256634486265955308e-01
3.500437894806573969e-01
7.355373284089021801e-01
5.984046258574428068e-01
4.786010206179319160e-01
4.390173285651709500e-01
5.587745179323301281e-01
4.847342829648867424e-01
5.964022135069534380e-01
5.554992961194613610e-01
6.597434492072454804e-01
3.524219288567525532e-01
5.576897423529234565e-01
4.812652963431590658e-01
2.723049268284472579e-01
4.938611838426662515e-01
3.048049057364175529e-01
5.757114738461892589e-01
5.924579312043849466e-01
4.482734582542878266e-01
5.082542331921676704e-01
7.358702267088608195e-01
3.426274778810061150e-01
7.359142966576440736e-01
5.569919365282703927e-01
6.115731070786263324e-01
5.440891430103842463e-01
2.733574441130161570e-01
3.145109584941624403e-01
3.483099694121737366e-01
2.681663447732124395e-01
2.792282215163647829e-01
5.808747912429491622e-01
5.381146631993045659e-01
6.382585342562182573e-01
5.152076787389722190e-01
7.365026272337193980e-01
7.379075827345475957e-01
2.780247057245002762e-01
3.745739611863584950e-01
2.677179758817921362e-01
2.794184345456722784e-01
5.945165884537354506e-01
3.932827350624084617e-01
3.785939256741642778e-01
3.474576196909240910e-01
5.631663977369439911e-01
2.668430325256909708e-01
6.417688553421392328e-01
2.860844053773357043e-01
5.610890988513741462e-01
5.652058803279415011e-01
5.896946465731779385e-01
4.317198286883226488e-01
6.154471919853309325e-01
3.491285870635434940e-01
5.278955474670024017e-01
3.510419131785578184e-01
6.179038243233491157e-01
6.177302332043481670e-01
5.982709618966637333e-01
4.825275252941738091e-01
4.698571085542210812e-01
6.924227692219510066e-01
4.266403633982661647e-01
6.570826919648832254e-01
5.485930285201905399e-01
5.405190457844545326e-01
7.394494402147508971e-01
7.384524800607562556e-01
3.944347809423627838e-01
4.309907880909463196e-01
6.671868798997391270e-01
3.842837827608711621e-01
3.044244729087946522e-01
2.948386038335858994e-01
5.919288363978483236e-01
4.997045200742981086e-01
2.824841293905613338e-01
6.202960832764428112e-01
5.974623721160311485e-01
4.455241469014993849e-01
4.523832651760163470e-01
5.361091182282050616e-01
4.653655593035818661e-01
5.099937025474173824e-01
5.338656168325457418e-01
3.498034502890219888e-01
5.808111729232425802e-01
6.100227039563667075e-01
4.165480773350098143e-01
3.547253564353330391e-01
5.154065121839722652e-01
4.658276482758330062e-01
5.132501170103553889e-01
4.305129442762150593e-01
6.057452002020438098e-01
4.807867117532385048e-01
7.318663959964221144e-01
6.133005204784058861e-01
5.149611335646975263e-01
5.561953135599126963e-01
7.355434432144882795e-01
4.042209312563604384e-01
2.797883987692307839e-01
5.609421006230012052e-01
6.622448462970872418e-01
5.025262847664404564e-01
4.032713964723371181e-01
4.372450712667394490e-01
3.899291937760696602e-01
6.031597929530789770e-01
5.972980626348486366e-01
3.557306620871609759e-01
4.171545516574142742e-01
5.168402417068894694e-01
2.781208520810442564e-01
4.985471219300709467e-01
4.652377581207405299e-01
4.319587587080231383e-01
3.595447298378011691e-01
6.226207530287141134e-01
4.218312236074598931e-01
5.780890451524947071e-01
6.151180773149519387e-01
3.454457500264157543e-01
3.068932014822939869e-01
4.513098692359254205e-01
5.584397359758316304e-01
2.702272733686846284e-01
4.975792712020827291e-01
5.799205557553318569e-01
5.497770671706400103e-01
5.195532382634766577e-01
6.815510731832070679e-01
4.943142896928403029e-01
6.202646598501202480e-01
6.186652895730382351e-01
5.318878411648740867e-01
5.642005822711242402e-01
4.253119976073929664e-01
3.949944186928457390e-01
2.848224397150580511e-01
3.003418893657893163e-01
5.342424274257557837e-01
5.843664285261083169e-01
5.773949250350960405e-01
6.188242835896243799e-01
5.130751743882975280e-01
5.418780114494951006e-01
3.892382459537827022e-01
7.378107313440301906e-01
5.052400104107950263e-01
5.872134809558476887e-01
6.527120021618165735e-01
6.313653087774224737e-01
5.220718009683051886e-01
4.668267279872297393e-01
4.295559236251396684e-01
4.651116533453869550e-01
4.860048241845547623e-01
3.623641500318711683e-01
5.110935318867929622e-01
5.726937198399532081e-01
5.989813672878587791e-01
5.812149502914554233e-01
2.880026204608300833e-01
6.397646644830721208e-01
6.362075786826713042e-01
5.686388641336226346e-01
5.154385096438499625e-01
5.993566126186213872e-01
5.429781575340992816e-01
5.591398075596035744e-01
5.808183253823061554e-01
5.630315209511058683e-01
7.365818371782780760e-01
2.660867019113806187e-01
5.079404802294528176e-01
5.352680230686336360e-01
2.917646731710747399e-01
5.411284012392294507e-01
2.673988110041622956e-01
5.611183179346793670e-01
4.443457823879611301e-01
5.545012181877987389e-01
5.002253653348723850e-01
4.303632749549313741e-01
3.884643362566482794e-01
4.639868341511174665e-01
5.071822621665438291e-01
4.335260915081858846e-01
6.768580028572879215e-01
5.931485774256401999e-01
4.876691920355963883e-01
3.994423745395969116e-01
5.989142894341323853e-01
2.917812078495756745e-01
3.903993856843944732e-01
3.887160374883510405e-01
5.810150324438275726e-01
6.925479919251603667e-01
5.423999324684559697e-01
5.684309204473523280e-01
5.114742778459545614e-01
3.325683736543010305e-01
7.390967852987960773e-01
5.781920072086186302e-01
3.653241714175042287e-01
5.217120982282339448e-01
4.675630440758938855e-01
5.271480113353015362e-01
6.605934171968059765e-01
2.699191298186428556e-01
5.391158619886023962e-01
6.007621470360753335e-01
3.667521913840610659e-01
2.764033199967180776e-01
6.100389732675257637e-01
5.287322406441753442e-01
5.505795570775987580e-01
7.393654669936736701e-01
5.523341197443678574e-01
4.540370053085848179e-01
5.163979693453236708e-01
3.744284637389999060e-01
2.914126969764807562e-01
5.200970946818308516e-01
4.550227933014541759e-01
5.215082228833896050e-01
5.384927262158558658e-01
5.204133947764667534e-01
5.512620452077727773e-01
5.067131210503448280e-01
5.480353617670948863e-01
3.757011175902819633e-01
4.739400058049531017e-01
5.288575414862231039e-01
5.088296928543637465e-01
5.379486948819909298e-01
4.040141849898931103e-01
2.714142094588257725e-01
3.732179116988306178e-01
3.503606476066747355e-01
4.452644905911896100e-01
5.135753909623161917e-01
5.799610683846858628e-01
5.406308025946086060e-01
5.276650594066542022e-01
5.646652239239451365e-01
5.938486559195250702e-01
5.685529838162013405e-01
3.591783273199972149e-01
7.377661696750540399e-01
5.791289571767023192e-01
5.319787058381175715e-01
5.182878895109767070e-01
4.678269177137402424e-01
6.393980664836046435e-01
5.781215374766841553e-01
4.079952909193288457e-01
5.489370519120206904e-01
2.677600280987856851e-01
3.174108201389769235e-01
4.452795095982771123e-01
3.750252123189732889e-01
5.160848008808189835e-01
5.933283016859168812e-01
5.680300124800325978e-01
6.645818492482234996e-01
5.150411054448195136e-01
5.507120204567864663e-01
4.342014536983518358e-01
4.519218245973895542e-01
2.856188491489028425e-01
4.649524678983832371e-01
5.997125473528034378e-01
5.226883429433925032e-01
5.185756867835258355e-01
5.194444275538513400e-01
5.504663707909338566e-01
5.055678838304484835e-01
3.165675506816451046e-01
5.190422685095882338e-01
4.703509840822316934e-01
6.356357668304973840e-01
7.348895281343224006e-01
6.125559159879397919e-01
5.316053327253182914e-01
7.357659906739293376e-01
4.598434106342643157e-01
7.369209382628950644e-01
5.211108196646878632e-01
5.107009234942235798e-01
5.980137083782162133e-01
3.544377204488769473e-01
2.864590722372297726e-01
4.512968722720340775e-01
6.557998544566124854e-01
7.344651235464004779e-01
6.073342905967574756e-01
5.799641648688432793e-01
4.503223279599576911e-01
3.449977733877252484e-01
3.877110440316495210e-01
5.035292201113488186e-01
5.923325838416987343e-01
5.192804838505139520e-01
5.484607345044544280e-01
5.199180971106125426e-01
5.823141959951301239e-01
4.657844301412322197e-01
5.798993570057300317e-01
5.797268948934795052e-01
5.188508750113617340e-01
7.176756921669380507e-01
5.265584885138782090e-01
3.379857102803923707e-01
7.244732994774553125e-01
2.924464446713450072e-01
7.394096747708063244e-01
5.075232779807021810e-01
6.205429334244370043e-01
7.350978056973690444e-01
5.947657017175635996e-01
5.726328550472938872e-01
5.857591796561804065e-01
5.928837645386280109e-01
6.391832478882401025e-01
3.836083801079838707e-01
5.502172965572751373e-01
2.972416346305524204e-01
2.878375227737451914e-01
7.369378454348828322e-01
5.937574387109292307e-01
6.228808485198165101e-01
2.765897336891007252e-01
2.706670023037280326e-01
4.741899995351207542e-01
2.711774995704855362e-01
6.205427859189626139e-01
7.378519551623458073e-01
7.353924960546073253e-01
5.682243434077941524e-01
4.978221991384827461e-01
2.712980480325308252e-01
5.701458445510467765e-01
4.871649489170026270e-01
5.944332162815155751e-01
6.188704892860076301e-01
5.915947290489935728e-01
5.292666967296502101e-01
5.165765821092462851e-01
5.814741924884928581e-01
5.448469228110059959e-01
5.221093426861345144e-01
5.478140741509077705e-01
5.934590122888449004e-01
4.842617179007940864e-01
6.371055673033081401e-01
6.639142766984436062e-01
5.965889340636643112e-01
4.128018211818969552e-01
4.220708350034056977e-01
6.144808067468582324e-01
5.321853828620483062e-01
7.350979790620770782e-01
5.409107388055391930e-01
3.207484112245045371e-01
5.118338217767549603e-01
4.615384094356300704e-01
5.153124035272671488e-01
6.591107990187748955e-01
5.405697887672732405e-01
4.256645823189327826e-01
7.295615270610794623e-01
2.702616811435192834e-01
3.014823125799017678e-01
5.796511736499597722e-01
7.371515571974749381e-01
5.603449665672302071e-01
3.879665123161746276e-01
2.804594983217263970e-01
5.527031002033143681e-01
2.716464558408428487e-01
5.923088979003615639e-01
5.916398806578042624e-01
5.338951440117775116e-01
7.350124934765269735e-01
5.586470355127307608e-01
7.364607342449434046e-01
7.377689662447658447e-01
6.246483081096481094e-01
7.350972365232206762e-01
6.727844600174452960e-01
2.775793079097227389e-01
5.499506454250739917e-01
3.809284540673398278e-01
7.381454165665263245e-01
4.603838410894001143e-01
5.956087817699230458e-01
5.800014770151843413e-01
5.207871716387120209e-01
6.326150727202832780e-01
5.444494637120740332e-01
5.220950927277826503e-01
5.916152585943900144e-01
5.460745145069262341e-01
5.474389449334390312e-01
3.701503548902127516e-01
6.658488584077792982e-01
2.912619749432632243e-01
5.779199187206803812e-01
5.792963478139906419e-01
5.171403921100982126e-01
5.707151878600085215e-01
3.080241582492659891e-01
5.116939767140963324e-01
4.970578495033960431e-01
6.665632954883017325e-01
6.342892142061796745e-01
2.697209478182442388e-01
5.786433928433085683e-01
5.665248451951704345e-01
6.475295023823747220e-01
3.576537782376426056e-01
4.258642695049829618e-01
5.414952532265993046e-01
5.278393146009501269e-01
4.166814100516580410e-01
7.350977059886132370e-01
5.918287199432410439e-01
5.704111346711443487e-01
2.804017850822183022e-01
2.944441560750618025e-01
5.408751270015856871e-01
6.335321699744566049e-01
5.231877499854350466e-01
5.531439353424042471e-01
7.345825830028908099e-01
5.164038707509398529e-01
5.654743141690082853e-01
2.893486540561944764e-01
5.054969023341114864e-01
5.874192157284395810e-01
4.151609954654524315e-01
5.837732280218802527e-01
5.521721981205253149e-01
5.701282410321024674e-01
5.205017770578639347e-01
5.524123037509026668e-01
5.310064296737836420e-01
5.694066018690270292e-01
5.929557352538838977e-01
5.509422175985192460e-01
5.604268403384164987e-01
7.303062578371894986e-01
6.592638655215428134e-01
5.932566377343475583e-01
7.343238049486043861e-01
7.359154802484628721e-01
5.553207326084782514e-01
5.415753470908328815e-01
5.062959476085446830e-01
5.933995641573308610e-01
4.682600740020234076e-01
6.632085464863042290e-01
5.090304598853098161e-01
5.566160796140287026e-01
5.265358131863379088e-01
6.616135191123339032e-01
6.138448262131853683e-01
5.623024542437891071e-01
3.709298854719009220e-01
5.423264024840663833e-01
5.268419139827646980e-01
4.157465348029785179e-01
5.317185173057858982e-01
5.823237470902176138e-01
3.753874093914848498e-01
3.454600130113913981e-01
5.486310730642156575e-01
5.076871302168965983e-01
2.664024351529936663e-01
4.266485641694452435e-01
5.728654719258502448e-01
5.503288929921942296e-01
5.162191562631097685e-01
5.242244730636634875e-01
5.970154944849740408e-01
4.624654096344593124e-01
5.478832333041726566e-01
6.020382700045524560e-01
5.511548841394294795e-01
3.611667394349094562e-01
5.992711131058078289e-01
5.253102016535389218e-01
3.125306527484737473e-01
5.626189304288532478e-01
5.277417802143756775e-01
5.773103473652827500e-01
6.346243328101420778e-01
5.362120450460043930e-01
6.050720576797091743e-01
5.676913139303046973e-01
5.620899134742974868e-01
5.034359784119327719e-01
5.941833812930381598e-01
5.565473228844641795e-01
4.865449215343635725e-01
5.362402295717811906e-01
5.504643383120212397e-01
5.304323749672349431e-01
5.242038914847186870e-01
5.064328266472856166e-01
3.857070582790490532e-01
5.505129309066608689e-01
2.950852906221462790e-01
5.456865610387026111e-01
7.263066478831022854e-01
5.676533183340137789e-01
7.378257740630369543e-01
7.355454241798188297e-01
5.258675979169195047e-01
5.727854544513806268e-01
5.609068863777681990e-01
3.209465802387512778e-01
5.337197071001358317e-01
5.572134030887342382e-01
7.271732621861227708e-01
5.785159516143209002e-01
4.350847812346182453e-01
7.371291638296331161e-01
5.165812906829805318e-01
5.186914983159303105e-01
5.165078684397478304e-01
3.261948156342100447e-01
5.163660622467906025e-01
5.151354711396906039e-01
5.689176724459518164e-01
5.222359553930323584e-01
6.187495869488138789e-01
5.386291569584527039e-01
5.506157372162446828e-01
4.613062853201410074e-01
5.465122601191373386e-01
5.160859842374592166e-01
5.482312987241426683e-01
5.162575032638937467e-01
2.919923755660529530e-01
5.811482666774414607e-01
5.164552378596775073e-01
5.964485809940421879e-01
5.494884581986668737e-01
5.195219597628367714e-01
5.184528563275552226e-01
5.402888125141738218e-01
5.560361246009166702e-01
5.583371636736802479e-01
5.958414449615536679e-01
2.946946432264030413e-01
4.866846543383051005e-01
3.853303369842909221e-01
4.672487912293704082e-01
7.245407742697682618e-01
5.524901748422282877e-01
6.128688218129897392e-01
5.406865036481764974e-01
5.802165897512907566e-01
3.656286037909457498e-01
6.018941317540046354e-01
3.666072200520863467e-01
4.657071916169170378e-01
5.219829115035142797e-01
5.152722377230769535e-01
4.702398848912509033e-01
7.349401231720493755e-01
6.838683890526706666e-01
5.084318628141052399e-01
3.958181364686287340e-01
5.594085766167501417e-01
4.811919859079511474e-01
5.357157675673829278e-01
6.016462492481441382e-01
5.462457940853520100e-01
5.670529696705077782e-01
2.706628770454231336e-01
6.038823687443377608e-01
5.536453130255543087e-01
5.132945676671314406e-01
5.513192764615750807e-01
5.095756454576915173e-01
3.923497197860906782e-01
5.869085523613846167e-01
5.548033759657755581e-01
5.568038748305121910e-01
5.417135668488627376e-01
5.191143566443479074e-01
6.141816501713078802e-01
6.378117209725135961e-01
7.351471856636174751e-01
5.831332691576135430e-01
6.025880775866313543e-01
7.366589080226025876e-01
6.553707166258297967e-01
5.092425786268385268e-01
2.699211187971501391e-01
3.181367498100377555e-01
5.509254480992350489e-01
7.379387566554785893e-01
5.464813154904599735e-01
5.755319214626070101e-01
5.246618191962356681e-01
3.922172424956917314e-01
5.518138260077340984e-01
5.678744080474166234e-01
4.721890946899199859e-01
5.619586690502138548e-01
5.450230097471154833e-01
5.139239775640199737e-01
4.633487029191730722e-01
5.392337874606291104e-01
5.083222033039443977e-01
5.296949553007431755e-01
6.942180173463453619e-01
4.208360611356427583e-01
5.197477762233695397e-01
5.479518037474492287e-01
5.268987235263393742e-01
7.375026240011194334e-01
2.772305558640841272e-01
5.130751571300031788e-01
5.160670969186362811e-01
5.786626972254570456e-01
4.608496772289518706e-01
7.375042316642603790e-01
5.175030256145467522e-01
3.778084030810880400e-01
5.146404386694787281e-01
5.775704550262092951e-01
7.392316333105570791e-01
4.179271101404883892e-01
5.165966643207989817e-01
4.983977907669597807e-01
5.865799681225702944e-01
5.331657506951087422e-01
3.623715348271794312e-01
5.159859322268490756e-01
4.881704859933138074e-01
3.884269311469842889e-01
6.142767475069421668e-01
5.441455303027551427e-01
5.801588084747747454e-01
4.468289733031340916e-01
5.468164040687361060e-01
5.577196436587734674e-01
5.156919200731704400e-01
5.926941197510803283e-01
2.699151905714932131e-01
5.588397723409406215e-01
5.946862375184746030e-01
5.619107952243002080e-01
7.330755623135615240e-01
4.455066500123396334e-01
5.132293613091425399e-01
2.699966036199140662e-01
5.185384053151521622e-01
5.253260630608238557e-01
4.512296743571658775e-01
7.375189763695725320e-01
6.168966720905586509e-01
7.350939357351524706e-01
7.392931922893428709e-01
5.220279161266566659e-01
5.672502555663350154e-01
5.154558641051788515e-01
7.303709830830876770e-01
5.733931276545596312e-01
3.472254590247756956e-01
5.095792757846600018e-01
5.986434018493163034e-01
4.580327564396196593e-01
4.428419614019966644e-01
6.663320135181679538e-01
4.360709137035715943e-01
6.369909784007266040e-01
5.847432286775742227e-01
5.066582684886963284e-01
5.173989240315236549e-01
6.128048386652492630e-01
5.509061799961396666e-01
7.345760880123259895e-01
5.969421216901957816e-01
5.018787606317728356e-01
5.979296866413694733e-01
5.145454338024512131e-01
5.098698108756037906e-01
5.497180312382775602e-01
5.052709131085665328e-01
3.721912965783675808e-01
5.353292264324072125e-01
5.317027851444049436e-01
5.075466990402036638e-01
5.746255195264706739e-01
6.197145351142813174e-01
5.432116642882582891e-01
4.287791031331135705e-01
5.492655399752297551e-01
5.451509186508584071e-01
4.790879172157476718e-01
2.699495272161524517e-01
6.000382659372321958e-01
5.247137174826979056e-01
4.911600163784399231e-01
3.668025119627884578e-01
5.272935647263915504e-01
5.609226289848914249e-01
2.694279208413539739e-01
5.258829988198313599e-01
2.714006133215824401e-01
5.380073962547003985e-01
5.147108659946197928e-01
2.680055508386463559e-01
4.372827948340973214e-01
5.294964387358421787e-01
4.366986227175962409e-01
5.661717294733805694e-01
5.338401315332503838e-01
6.294585882006330513e-01
2.951909777196115581e-01
4.725748797010855817e-01
7.359318434052197766e-01
5.944503338844521201e-01
4.495991211981016922e-01
6.042719426820424289e-01
5.270846692063062555e-01
4.911558478629560187e-01
7.317610307671488235e-01
6.343804495513859498e-01
5.541425598076654691e-01
4.966218182204893417e-01
5.477465308649984710e-01
5.829846018615584269e-01
5.320142758121428894e-01
5.827682305022956477e-01
5.399707862925996471e-01
7.271787560608933276e-01
5.394414555390487642e-01
2.692882584486397390e-01
5.405104601773432771e-01
5.540390722596988393e-01
5.179100673691826584e-01
7.335859705828430277e-01
5.429855344779025428e-01
3.531906306697525921e-01
7.392598716526296299e-01
5.496056397763918744e-01
3.045116079600315162e-01
2.685873744961988496e-01
7.355420792760969384e-01
4.867807200385521615e-01
2.870958404572264699e-01
5.448806243720238918e-01
7.373743611187695279e-01
5.953365212697563358e-01
5.360906562744641723e-01
6.856253600084638578e-01
4.385649073368662054e-01
5.392046371179064490e-01
5.311097595803757621e-01
2.805070038074165550e-01
2.670095523103381829e-01
5.373487173210810264e-01
5.433780229959812580e-01
6.029161087095572524e-01
5.754561298603000363e-01
7.394544901897096567e-01
6.901824136273589927e-01
4.410062269785507971e-01
7.362704390715379965e-01
5.271736075567339253e-01
5.435906613080528915e-01
6.112408074076447484e-01
4.223928135133862560e-01
5.505310654268814607e-01
5.980719578767127453e-01
5.546636483924207717e-01
3.820839760404260987e-01
7.349420098814576363e-01
7.327206983721411548e-01
5.462403204809956891e-01
6.265113528815466903e-01
6.880697625377495408e-01
4.497428394298498278e-01
5.509999128214816411e-01
5.791871976306369740e-01
4.504756826093581079e-01
3.679848219468104253e-01
5.262762985733159260e-01
5.381359888759089660e-01
6.229862512702821764e-01
5.268113367653223245e-01
2.732821460651163048e-01
5.467128837044401557e-01
5.955187805320129035e-01
5.788018318959432529e-01
6.139027545083804993e-01
4.433978835991919110e-01
5.333832820595063584e-01
5.665589294535476883e-01
3.767218105998951794e-01
5.471286123689318437e-01
5.379737252130619707e-01
5.446540306107413576e-01
5.819472331609990556e-01
7.378579219176107928e-01
4.814657054030899164e-01
5.345686522928362328e-01
5.491758045857750847e-01
6.848763873582423001e-01
4.714732327655676292e-01
4.781638576845159694e-01
5.599077726917889297e-01
6.360580421737619394e-01
3.572141175206594577e-01
2.929400035671055891e-01
5.481966655084957729e-01
5.235620882905798190e-01
7.297453272968410509e-01
4.371429260750578916e-01
7.359264722194301944e-01
7.284494932783610599e-01
4.998524468995569903e-01
7.373998814469264751e-01
5.366103388759623227e-01
5.955880573255056820e-01
3.624711399392083755e-01
5.115171397824633814e-01
5.299593973856744356e-01
5.688463148289756299e-01
7.350688945607398717e-01
4.580671424683836479e-01
5.965842301099646416e-01
4.600245876111619947e-01
5.300332284698691110e-01
7.359483169135686564e-01
7.376391947282620043e-01
5.183848484269194534e-01
2.909602760053864312e-01
5.660360199166287742e-01
5.399354014419519565e-01
5.782574798583862696e-01
4.876413171191772977e-01
7.355376076747696112e-01
3.855070803425734716e-01
4.029835263711950555e-01
2.899775946696095397e-01
5.294477268023439764e-01
5.262699508953940786e-01
5.674295420313737459e-01
6.003461962143638031e-01
5.604180337464513828e-01
5.990860907369376376e-01
4.962157996472568722e-01
5.262879554853423514e-01
5.844507471118528530e-01
5.439822836148615615e-01
5.209279005148313990e-01
5.976349825528814996e-01
5.164317870177339564e-01
5.808701485985470203e-01
2.786280919383814503e-01
4.326543494300870707e-01
5.099259541743572655e-01
4.467590183672183191e-01
5.656737457237975830e-01
5.197795855867421988e-01
5.150653567098817387e-01
6.345249183183212516e-01
5.163888981203875739e-01
6.007191948377142987e-01
5.292148548529704843e-01
5.456803654623595401e-01
7.376431941019425675e-01
7.372135939154790263e-01
3.406662017338747406e-01
3.589402364474740259e-01
6.199117598755174985e-01
5.980139334226977077e-01
7.356050074532658467e-01
5.286826369880538445e-01
5.546936350020952311e-01
7.350787057091375809e-01
3.616578088239110755e-01
6.018408151146983354e-01
6.273994690940749575e-01
6.187376605491294868e-01
5.773238867131820218e-01
4.529983445316260182e-01
4.492823884269151469e-01
5.789092122153970399e-01
2.763145820932064178e-01
4.858195030938704528e-01
5.341488769612675602e-01
5.366458906284512498e-01
5.831039569817464407e-01
3.037921575248391237e-01
4.371690007084694796e-01
6.329925320308056325e-01
5.677757337864037801e-01
4.679249545026651358e-01
4.967146436967596612e-01
5.435084801919549680e-01
4.755968347010806063e-01
3.107615423431305812e-01
2.818554946412615836e-01
4.573119511502277690e-01
7.366633222910015100e-01
3.851376526483430429e-01
5.334146696340976712e-01
6.266158245776840552e-01
6.026333661090924609e-01
6.006614950102927564e-01
3.834501093648155501e-01
3.761932266906608535e-01
5.976855557484967996e-01
7.373236771810723900e-01
2.969597168163376488e-01
5.960560703251662762e-01
4.472397623108045339e-01
6.794607130031687925e-01
5.277441289755318010e-01
4.405728312925581425e-01
6.364261714478901544e-01
5.101294088356916889e-01
5.290148402731613686e-01
6.170754044061519394e-01
7.267020293254262686e-01
5.970028045357923530e-01
4.027747538648620007e-01
4.507230518382029927e-01
6.235709563959597190e-01
7.344946083801063841e-01
3.954112087947855292e-01
5.968272019314312393e-01
5.974099615903121219e-01
4.583604268385613745e-01
4.475526276312704610e-01
7.371942303307250643e-01
5.356749462436234399e-01
3.683332508032132746e-01
3.826543815992697883e-01
4.847543894848226342e-01
5.726792609842117354e-01
4.878765618735474985e-01
5.087103251041319441e-01
7.350365471981712417e-01
5.692875590332773239e-01
5.781051408930403257e-01
5.686010559567588052e-01
4.670817161857537259e-01
5.283219957315393733e-01
5.964092326460448401e-01
3.249671788880412748e-01
7.359394449496917678e-01
4.964985586711895271e-01
3.931553339576920325e-01
5.367285291989696283e-01
5.780713056485666801e-01
7.250351931905204550e-01
6.926387210993366628e-01
4.675297038332372757e-01
6.181912891012100175e-01
2.707473104059504587e-01
5.194716274376477427e-01
5.136252146989054301e-01
2.822718684701548408e-01
3.106010094959615886e-01
5.944773972633202730e-01
5.874569165751524213e-01
5.566566010835652945e-01
6.001669010244430336e-01
5.109026407079239052e-01
5.451975640735550188e-01
4.683073934226962831e-01
6.203853580700054993e-01
2.693646453664128582e-01
5.312947432166764683e-01
5.502131304238948584e-01
5.170636074201103716e-01
5.151692421381830478e-01
5.558446180403866510e-01
3.163212733373500507e-01
4.324603717212730514e-01
3.604586462727205620e-01
5.313495768171334621e-01
5.296866304236852452e-01
6.501421360153804008e-01
2.680189088512609508e-01
6.251608378414469369e-01
5.321762064470458853e-01
6.157379969812946108e-01
5.165487751348204482e-01
4.856959416868931179e-01
5.172286652874215074e-01
5.339717802415901993e-01
6.097995506048019543e-01
5.342791137687991077e-01
5.157746254752424431e-01
4.644589626818278472e-01
5.811151733837948141e-01
5.632942237488105519e-01
3.080794988713351779e-01
5.282925976497596654e-01
5.131248723231667253e-01
2.676606094299119332e-01
3.841265986337256688e-01
5.314595320541861678e-01
5.530026192109771532e-01
5.815991889851614971e-01
4.243837084333691445e-01
3.659395952026184839e-01
5.764191149370149203e-01
7.343809038763267072e-01
5.138052427401271771e-01
7.359539115657720565e-01
5.209792782809875566e-01
5.568233900493666511e-01
4.470324778398147014e-01
4.855258851258023034e-01
6.103574826090626404e-01
4.860746009459655514e-01
5.993796506173458827e-01
5.345064420628403701e-01
5.485952512963113703e-01
5.244478410962590820e-01
5.598800780482253714e-01
7.219527926041897636e-01
5.686273548978372228e-01
7.388345186190184988e-01
5.181366072614458362e-01
5.171001714621730194e-01
6.823840516846029214e-01
5.772850802503126655e-01
5.307212327385679718e-01
5.979008489046181429e-01
5.009014435012509869e-01
4.963296360272279606e-01
4.746557897619710364e-01
5.240534630397367666e-01
4.595752369862089459e-01
6.005530954905101693e-01
7.354953970613030689e-01
5.316620502678318649e-01
5.323536376780101387e-01
5.284756901354764613e-01
5.326126829859122447e-01
5.246510290631400952e-01
7.323186619504967743e-01
4.619142098120960771e-01
5.231426285682709842e-01
2.911599698021922755e-01
2.992265411562655131e-01
5.040311913919469644e-01
4.699600501952382881e-01
5.930345763067711440e-01
5.183241358446000202e-01
5.545332613953929402e-01
4.411264057606174571e-01
5.218673199526022710e-01
5.323745545239462196e-01
5.256408662907245954e-01
5.960891733465429887e-01
6.170239815869461575e-01
4.969700807573749213e-01
7.343721363514926770e-01
2.940311381674587388e-01
5.361214256524570176e-01
6.829047093568233473e-01
7.341864489676043215e-01
5.416495586073226676e-01
5.576223215367872577e-01
3.319251806498817459e-01
7.381236540525017986e-01
2.797333246105733751e-01
4.356151950008186891e-01
4.746361866532115004e-01
4.478538242800539915e-01
7.392902876685460978e-01
3.709707328283957106e-01
6.601346392237267269e-01
4.566720976930271902e-01
5.998890683658412160e-01
7.298506060911452709e-01
3.508930094383392873e-01
5.756634946141827580e-01
4.286510335241102143e-01
4.891832991551921528e-01
3.860280694974607130e-01
4.789123145981342700e-01
5.824408658917972215e-01
5.328913790982734433e-01
5.625712283327009011e-01
4.177454500244581759e-01
5.115920528713556736e-01
4.085702737024913267e-01
5.964067956400259662e-01
4.572757487731378134e-01
5.791653926003152986e-01
4.808433713087221228e-01
5.623720050036022933e-01
2.713734879080104134e-01
6.010857823369507580e-01
4.053803789498601207e-01
4.574570538470296155e-01
4.841691819196914937e-01
4.489069088403646046e-01
2.955965480812421942e-01
5.135182013520181998e-01
4.097571355474848853e-01
4.709699136792298568e-01
6.180121173918866617e-01
4.472728097042685813e-01
4.547571079204510425e-01
4.612319885976211564e-01
3.606434875248639704e-01
3.965055322237768798e-01
7.269685667336819312e-01
5.909888623186310141e-01
6.860334685797553345e-01
7.355416893452869642e-01
6.383026050149223085e-01
5.470088891368884987e-01
5.723562476703273338e-01
5.007134535177928392e-01
4.720367089599132315e-01
7.292531835186155664e-01
4.815896126620363149e-01
6.143154699997638302e-01
4.339566163473284610e-01
2.673208886946193963e-01
6.037460596341356345e-01
5.989505497331352180e-01
5.434885642542630624e-01
5.449959026823527619e-01
5.263519538232184214e-01
4.152985639739207313e-01
5.411441517826545144e-01
7.322257123906364962e-01
5.068840684108708583e-01
6.249611210019392349e-01
3.738984825107419252e-01
4.664743349469065437e-01
5.424272228077934299e-01
4.151780237787632832e-01
4.449222711280277354e-01
4.262812499777121067e-01
4.177115770742803602e-01
3.989315574958187671e-01
5.933641602235502077e-01
4.248182709717659433e-01
5.436879020174171240e-01
5.398709463238937634e-01
5.183345439128149712e-01
5.657999435365379526e-01
2.847311191636714978e-01
5.689412911868728662e-01
4.502736497789341930e-01
2.989882971531666600e-01
3.981190718917888005e-01
2.713742543277176122e-01
7.345224769235978446e-01
3.897094303724242814e-01
3.910358534308922551e-01
3.255567336407663159e-01
5.519880044925179474e-01
4.843851700779162606e-01
4.624093485374102253e-01
5.662983684160707298e-01
4.723092803096343717e-01
2.956633202572964136e-01
3.997724577878610797e-01
5.593062157356210040e-01
4.744882963322995528e-01
5.669179768322550883e-01
3.895051941997925704e-01
2.981266540461978143e-01
5.551130347895182338e-01
5.491305578286901357e-01
5.517377954956093067e-01
4.180838560686581662e-01
5.395587117717673964e-01
4.129149691581348036e-01
5.500437304887189072e-01
5.689345151684768176e-01
3.720936655024051909e-01
5.308432530560455165e-01
4.092836721677380885e-01
5.587657273502397715e-01
7.233845508629014320e-01
7.271978365581729387e-01
4.773864139253185535e-01
5.382002137894763560e-01
5.021815001631257935e-01
5.392766812900143814e-01
5.693316790951261641e-01
5.563830848167649057e-01
4.099601596144035187e-01
5.680424678331451593e-01
7.297508866153928908e-01
3.650880358297525219e-01
4.844814013606763003e-01
5.624682635890527749e-01
2.675846773467410733e-01
4.253695785701436249e-01
5.620752780211772937e-01
4.710711093793163440e-01
4.244535387175319419e-01
6.144222019486969000e-01
5.146574347844976582e-01
3.943917088647624913e-01
5.556635238752385408e-01
4.451304189128973410e-01
5.535148052746111658e-01
4.195030724159916069e-01
5.966078995819633635e-01
5.569289643588467564e-01
5.206853003273966829e-01
2.808908757583417626e-01
5.892149562265990292e-01
4.080425073016608617e-01
3.597933461058964721e-01
7.320034350144772883e-01
4.689081478153784288e-01
5.793015723065515488e-01
4.596028313957524758e-01
5.511290212842275826e-01
5.991422467412726993e-01
5.120442139516983016e-01
5.581429047635245722e-01
4.206440693124373631e-01
5.543451196610169607e-01
5.329212989241799425e-01
4.909484933982889432e-01
5.422072692897428325e-01
4.100386719537040259e-01
5.172280477505210028e-01
4.888724402212565323e-01
5.895303998383387700e-01
5.786689733090212284e-01
4.578084427798684852e-01
5.537931877629461708e-01
5.629606354774581156e-01
4.408909247891114602e-01
5.643247552388852561e-01
7.222265810453362134e-01
4.683907539871020598e-01
5.979080407483823301e-01
5.536071595390577027e-01
4.109635191086415951e-01
7.336711670895825765e-01
4.547929281810907942e-01
4.675465561829453276e-01
3.751158345963138685e-01
4.330893115913421187e-01
4.838174709544227348e-01
4.415780679017011212e-01
6.656200750086233020e-01
6.368193788374655329e-01
5.529737507216208048e-01
4.975180327914618394e-01
4.247757700138941606e-01
7.316237921733956817e-01
5.674656802554960411e-01
5.575999907001155664e-01
6.420818203336913221e-01
4.657930434201790204e-01
5.549571503146268903e-01
7.353874934346796843e-01
5.811857788822042403e-01
5.249816973010130727e-01
7.305652525312379408e-01
7.355369905343991377e-01
4.273809958751542126e-01
5.624909322841832315e-01
4.861146572545004263e-01
4.587226403731181068e-01
3.617170097518651040e-01
4.203405444008326275e-01
5.960865664745396142e-01
5.504704027186562154e-01
4.650677198901355114e-01
5.518599111620873243e-01
5.043457702479537952e-01
7.214841274242225211e-01
5.533001107561037468e-01
2.820954646109812280e-01
3.697666318351824910e-01
4.195196452450818403e-01
4.593717507079440043e-01
7.271983896339174747e-01
5.628357998389560413e-01
6.204939378276104200e-01
4.497090594531687469e-01
4.851942118215414324e-01
4.789511855358757897e-01
4.287262666778572373e-01
5.729516218199801614e-01
5.522349121094004554e-01
4.043198759765415651e-01
4.875467612480168245e-01
7.358279224131671903e-01
6.787293394439515293e-01
4.407694671478854520e-01
4.088396887235848931e-01
2.832664321125576978e-01
5.537893161937164077e-01
5.521928279912511339e-01
5.445452609951600964e-01
4.448227300430957487e-01
4.303436918286148161e-01
5.627355293763179889e-01
5.517880714100792394e-01
5.481269728417044185e-01
4.184461043206511022e-01
7.323224959954125479e-01
5.490985111776411909e-01
4.885273345569949299e-01
4.115673240719320281e-01
5.680609438469036432e-01
4.008756428105774705e-01
5.476556370477375646e-01
4.208446917833399414e-01
6.031245078581323193e-01
5.677711911908883691e-01
5.466310959580930051e-01
4.464660189802907020e-01
3.927024544060126465e-01
7.010879265652810721e-01
4.586706889062311387e-01
6.488315766932494233e-01
3.991306567563302488e-01
4.848240681514522921e-01
4.521964973232876495e-01
7.241926688447876126e-01
4.619103212354332411e-01
4.456325792880284076e-01
4.688516571557738710e-01
5.127068525429401280e-01
7.201539286211139368e-01
3.669032281715290389e-01
4.844151327847771027e-01
5.207262638675524968e-01
4.556424088887305879e-01
5.286890127048875510e-01
2.947621747416778737e-01
5.542799092792753957e-01
5.495514292068585105e-01
5.434112889291217163e-01
5.522078406253969618e-01
7.342193571112783923e-01
5.136469849952165490e-01
3.717366652262759086e-01
4.146478057000731465e-01
7.363085202942674101e-01
4.423397745064501785e-01
7.296130952304140660e-01
7.352524154763823150e-01
4.673880556546491372e-01
5.450601395807134208e-01
5.152818587913460258e-01
6.212092799503076135e-01
2.710573492392227002e-01
5.669879228018216422e-01
2.670675385584883599e-01
5.461390856995639309e-01
5.416827074222440030e-01
4.186445114705936166e-01
4.396176433777117531e-01
5.517725871261810466e-01
4.586881706159939842e-01
5.793587763609507890e-01
4.186466699279339232e-01
3.262392265523702539e-01
5.666034788939785516e-01
5.190882148494898596e-01
7.311044967900909297e-01
5.295023336694741900e-01
5.263057894273579507e-01
6.368358280147522477e-01
6.038310998075564484e-01
3.719260289531315378e-01
2.990524630367879522e-01
3.941134375151064129e-01
5.166165347445816902e-01
5.296701855332496267e-01
5.654481041088305071e-01
5.344261990831260523e-01
4.521834459889609303e-01
4.871817302188570231e-01
5.372800982484885468e-01
4.636428185690717463e-01
5.294615599271506046e-01
5.359345018325448740e-01
5.633198759621409479e-01
5.428721483948877324e-01
4.387580694795595870e-01
4.331482106561896361e-01
5.337563589483779181e-01
5.664459716766495623e-01
5.263569533848505566e-01
2.671109471986743422e-01
4.167581875798731517e-01
5.002236292449745436e-01
4.111648126986030549e-01
6.146634073059675796e-01
3.567061027662962736e-01
7.368226772812839220e-01
4.204989065764986322e-01
6.294054690391608364e-01
4.404690319145673216e-01
6.136446690950903005e-01
5.271215939755744539e-01
4.607106462932445967e-01
6.258903403890151429e-01
5.346494336344764786e-01
5.638919741350479908e-01
2.862397362053040184e-01
5.762762681634048256e-01
5.379159057991950155e-01
6.016907365070196523e-01
4.809876508978873089e-01
4.152150181981582588e-01
4.107542658055021723e-01
3.759067642232903350e-01
4.737627002339959703e-01
3.665997803656503295e-01
2.660299920123356809e-01
4.881480926599341963e-01
7.353358559799531013e-01
4.282182617743734432e-01
7.252456283953349070e-01
5.023290783514593461e-01
4.380209373469918788e-01
5.049622708475003385e-01
6.287177449136442942e-01
2.676582425895674411e-01
2.795947873174767784e-01
4.974411445552876510e-01
5.872259354326813119e-01
4.466782686956672910e-01
5.903360091499972873e-01
3.202573801526369390e-01
5.817475574473659483e-01
5.060538904423351747e-01
5.663379252142917153e-01
5.720571881444107554e-01
3.568465208424083657e-01
5.339851355089949569e-01
6.111625349692456632e-01
5.877820239601633245e-01
4.114152955548482926e-01
7.330686580500289651e-01
7.393697452206285936e-01
7.284533138380913098e-01
2.996681457001870719e-01
4.503300077485470898e-01
7.356980951362711574e-01
2.668671022223800815e-01
3.189204487604364036e-01
5.065608866914685926e-01
5.342551813594001997e-01
5.349139659322695861e-01
4.299065778888169764e-01
5.166624419220715581e-01
5.802120245651746222e-01
7.271335961295387618e-01
6.452396396564845649e-01
4.060037605952072082e-01
7.354332280018137658e-01
5.859926850419148181e-01
4.198817496512277092e-01
4.171504528216627428e-01
5.749581489717630056e-01
6.172632098208056250e-01
5.111124982332028166e-01
5.318045905200931012e-01
5.638902131610259438e-01
6.309192559064107364e-01
5.352216717792414036e-01
2.833408044432873529e-01
5.377025313542667107e-01
5.838158178345242977e-01
5.336302319565910945e-01
3.253672876243465240e-01
5.845178630717614565e-01
4.532332411614141132e-01
5.232141304916428926e-01
7.106436917521226082e-01
4.146547224893515904e-01
6.320910790262026513e-01
5.301864092055699196e-01
5.640161771516817302e-01
5.637124941218811802e-01
4.177537860864383723e-01
2.860366883775559144e-01
2.669794983053754844e-01
5.794414744550984153e-01
4.589429333108788756e-01
4.013127071060280104e-01
4.233984264799132147e-01
4.351965735398328206e-01
4.069655465201990063e-01
3.982719473486564521e-01
6.252194862475281001e-01
5.780678330854766012e-01
5.817319462309149536e-01
3.834854090188412057e-01
5.798347505959680070e-01
7.176169919007668874e-01
3.999141837321651960e-01
5.637017411320502935e-01
5.633344003457210203e-01
6.185926440736804199e-01
5.155167209705230347e-01
7.337758293305687296e-01
6.257316509205690380e-01
2.670237127321259396e-01
5.276318095920192741e-01
4.464089350072211193e-01
3.827346070652378196e-01
4.432495581453662625e-01
5.642204708315465833e-01
3.766723359530264048e-01
5.775151137086794728e-01
5.144575811330363013e-01
5.652718576019697405e-01
3.961933800627845392e-01
5.294230930229925081e-01
3.863687829028549237e-01
5.773154563471740719e-01
5.796044637246260400e-01
4.770123890393029309e-01
5.578139231575575119e-01
5.818180028861297259e-01
2.803231529082512719e-01
2.805123513002315550e-01
5.307201351105200748e-01
6.298933735511508258e-01
6.715436975343075376e-01
3.916906425249292445e-01
5.344233156595475931e-01
5.636265595981696519e-01
3.651144451799618329e-01
5.797550323718998477e-01
3.093720185477968343e-01
7.393111345600693607e-01
2.792610062018026085e-01
5.559124582061342190e-01
5.162579188526154050e-01
2.972282974347281170e-01
7.392454016675258366e-01
5.859962902820080588e-01
2.821785854662331450e-01
5.377857640360979019e-01
3.029167064222010319e-01
4.448350149231552475e-01
3.973010742229115544e-01
4.795335800579305086e-01
5.148506576117272138e-01
5.774224646318525389e-01
3.971810316607419789e-01
5.638237156845486986e-01
7.241467089235796850e-01
4.462218433788825989e-01
3.146773825767245625e-01
5.788204573175463885e-01
3.968847193813078156e-01
5.789117244726467160e-01
3.009792706876980306e-01
2.705207566387411999e-01
5.645742635261805642e-01
5.686211704823099788e-01
2.804804171224617448e-01
5.689660152756025324e-01
4.166789545528664096e-01
6.251191416909057663e-01
3.239577193707142699e-01
5.652735524861416394e-01
3.694931994038617162e-01
2.705382623050108792e-01
6.175166788938907247e-01
5.928216981027281118e-01
5.781340252099459454e-01
3.957735016972299125e-01
7.222296683805612405e-01
5.672236952848261904e-01
6.310543413360238940e-01
2.790426129357161944e-01
4.713765046059669173e-01
6.662213578221315435e-01
4.981017245676279126e-01
6.275745920702691105e-01
5.640112972204650577e-01
4.097005494148048821e-01
7.346461155768529983e-01
4.978600309278712888e-01
5.772881463856069928e-01
5.775402087108127969e-01
4.445898701510284101e-01
5.687610323864625839e-01
4.196852864984228493e-01
6.259658528996197013e-01
4.266147241722750283e-01
3.572815046111740833e-01
7.347448286780383642e-01
5.533324383393366519e-01
3.794184291865600467e-01
2.911021603750390541e-01
2.761034379451020038e-01
5.701858237968034926e-01
4.198526038469308497e-01
5.290070893716807277e-01
4.889488175230198852e-01
5.174647348884994225e-01
6.226025457343467018e-01
4.985257723168898814e-01
5.834302286051944453e-01
5.319025910343962993e-01
5.628800056278324693e-01
5.636947638542660899e-01
4.642263278613848465e-01
3.956883646585087067e-01
4.881265556543787909e-01
6.661423389180356480e-01
5.560973275227952817e-01
2.804522043741743409e-01
5.145265060283036318e-01
4.061549568637139451e-01
5.176228974112714321e-01
4.857400921367312496e-01
2.668900376868504343e-01
6.209562601551329442e-01
5.935865304157217359e-01
5.032045471018434801e-01
4.493854369132466720e-01
5.781338497716984604e-01
5.139676426054692326e-01
4.435802827390477598e-01
4.293263945336990295e-01
5.129723969742160383e-01
5.435752119997663279e-01
7.312952805504217002e-01
7.268465180838267203e-01
2.669349278519146940e-01
6.136099640351376783e-01
4.090642734929630375e-01
4.783323783699090503e-01
5.370816865095815462e-01
6.161435882070210868e-01
5.354083957152113715e-01
4.122638116105605266e-01
5.908269169242030827e-01
6.333161981993418177e-01
4.721210985527078408e-01
4.700071132774923943e-01
5.470243081425123499e-01
4.225616000741326816e-01
2.695199578682421770e-01
4.403610472504236317e-01
2.766720930803231449e-01
3.409183430356036992e-01
3.998165401274995090e-01
5.635056415447056155e-01
7.394057810634979688e-01
5.679289571251792124e-01
4.263440234338101709e-01
5.758801022514440371e-01
7.393656998962737648e-01
7.351578326354215598e-01
5.782663516249590963e-01
7.327633935112061181e-01
4.403709039774856282e-01
4.788144274459630867e-01
4.945335367164177542e-01
4.691598894312974388e-01
5.140574043095123002e-01
4.164354637557783900e-01
5.323726447399389494e-01
5.631144844254847293e-01
4.673221790945899512e-01
4.424522791054279480e-01
6.191548475840040755e-01
2.700076975508461374e-01
4.872981435518353166e-01
2.668448728231749834e-01
4.156521497515667796e-01
4.415566386518446351e-01
5.748718589680422708e-01
4.912283168386590293e-01
5.256832332008209985e-01
2.827436704295847036e-01
5.900443240852584204e-01
4.411397978858485058e-01
5.522605959268942488e-01
2.746380135788215604e-01
5.497335771534113125e-01
5.952787522509986884e-01
2.667994788564838626e-01
4.662237192345380365e-01
4.187194944545316044e-01
2.667539128555533323e-01
4.567070764770991831e-01
5.175368739410487473e-01
5.715958029142884644e-01
4.273272585516694755e-01
2.672384197797855743e-01
5.123001454156349554e-01
4.428581351823290269e-01
4.834252148429516449e-01
4.293228254416159850e-01
4.936021303193321441e-01
4.554759039352263006e-01
6.092195108541523796e-01
6.432905490449328800e-01
5.401127017595456214e-01
4.684937461379228285e-01
3.380371666251189011e-01
4.280332284196300963e-01
7.392326770402793956e-01
5.270915029942594421e-01
2.764875850596295037e-01
7.359246191498010070e-01
5.195834068480316148e-01
4.483477832908825400e-01
6.167927718044716734e-01
7.347044865578783446e-01
4.370169883535924282e-01
5.060042982796377764e-01
4.644041389150289079e-01
5.164725649893477932e-01
4.138680717043534685e-01
7.363202684122517327e-01
5.367270849828652546e-01
4.329291681184876950e-01
5.286732730044728656e-01
4.082309053431802948e-01
6.146088927729943530e-01
5.016322644517684504e-01
4.212616822374807835e-01
6.247226865046666688e-01
5.624151426326178260e-01
7.296122227349848277e-01
5.019855140937449223e-01
4.979207413523434322e-01
5.025294240224295050e-01
4.246031145177409094e-01
2.670870211555949614e-01
5.774639748453467281e-01
5.498901998423229021e-01
2.678113151154745686e-01
6.766433424608376823e-01
4.428515010451099521e-01
4.986670028518441766e-01
6.228673453647620706e-01
2.761832206248853172e-01
3.907699828391106300e-01
4.930924139284966756e-01
4.832222480814408194e-01
4.811031839435554458e-01
4.514704998874994324e-01
4.600124130889833851e-01
4.018868453652947315e-01
4.968789781458334276e-01
6.558407221008875077e-01
4.185529072264195793e-01
2.667082438171555769e-01
2.665714957528887985e-01
4.866679963104930673e-01
2.718508689833143421e-01
4.708825441800970069e-01
2.684212850157473573e-01
4.701229707757294540e-01
4.265179504955856626e-01
2.690590850668368450e-01
4.960152677591828652e-01
4.709987290958274064e-01
4.440491831346276008e-01
3.121837365261746489e-01
4.772942420685939435e-01
4.732559083864773530e-01
5.735838385179277132e-01
4.472215633526356870e-01
5.625644272185804651e-01
3.846208966598602674e-01
4.268131050923613667e-01
5.052670738854233567e-01
5.150730403380591182e-01
4.170936805811045200e-01
5.280739248175936318e-01
6.097984798396749451e-01
3.865961371037885397e-01
3.410739599912450681e-01
4.825130653019530369e-01
5.144093328147049116e-01
3.344639653718798900e-01
4.542232424206175123e-01
5.993318854286957542e-01
4.728455019693184602e-01
6.756574910694265190e-01
4.533755539402516410e-01
5.005251532702676975e-01
6.190214904208191093e-01
4.800663166452459052e-01
5.028711462051852488e-01
4.567279104161013348e-01
7.390858914263884749e-01
2.666169367033514592e-01
5.054780189227425780e-01
4.223265763580783538e-01
5.914929090665815847e-01
4.608894162312224818e-01
4.895692352523481894e-01
4.860142001653282584e-01
4.116387145063776232e-01
4.080937031246711921e-01
4.897443102089693023e-01
4.226951216098656094e-01
4.407794013015163270e-01
4.950161303292441861e-01
4.891584623384308550e-01
4.653291732215097398e-01
4.973204356523113212e-01
6.062788606131057634e-01
4.677964216430605116e-01
5.232035845061264734e-01
4.460428337102242402e-01
2.905479007870638286e-01
4.352350740174216193e-01
5.623063298913389962e-01
4.074366273287930440e-01
4.482426982901175916e-01
4.989645762390508277e-01
4.966927010321071645e-01
3.481203492336921168e-01
5.033174547881209548e-01
4.853441960145503664e-01
4.982506508148191182e-01
5.666534350014442722e-01
5.140485405130349461e-01
6.138778811280523051e-01
5.965814477539207461e-01
3.276622124728301166e-01
4.200353035589178274e-01
4.750046460013533367e-01
6.187092737341427506e-01
5.151604856810159117e-01
5.172845909106448259e-01
5.776180153719647770e-01
7.290267309367269855e-01
4.764648873943776453e-01
5.689384865799922419e-01
4.486670232972538863e-01
3.088993700282764432e-01
5.139324139196881358e-01
6.095632675261861699e-01
4.768998589695477852e-01
4.824517179989820659e-01
5.755920278329204054e-01
4.906751008467742370e-01
5.948047336311741429e-01
7.257735919477613651e-01
5.624027998200389344e-01
2.685181455308084386e-01
5.714477748840707250e-01
4.991162460209580543e-01
5.905215971158321864e-01
4.607898779908682907e-01
4.913459974610692726e-01
5.763973121027906599e-01
5.043728309445477676e-01
3.675624115261087455e-01
5.380480631715467421e-01
5.860679148996408294e-01
2.673536342342008876e-01
4.569942162439033506e-01
2.664374264907374834e-01
5.901705816481139788e-01
4.527379499349264980e-01
4.892942744391128862e-01
3.770313558321078951e-01
4.891897625958952500e-01
2.665263455565211048e-01
4.429292458670664456e-01
7.388829994413572688e-01
4.621190194092598125e-01
2.670621284378397187e-01
6.186772999566783060e-01
4.752275364798581592e-01
4.392393557994815345e-01
4.033107974881686153e-01
2.862453125879748650e-01
5.567115130469553197e-01
4.502244585122154308e-01
5.786116673837863322e-01
4.539463485324645720e-01
5.927398932072533988e-01
6.213803076894304223e-01
4.120556059717144781e-01
2.947035949879306393e-01
4.384961597660912980e-01
2.801231668785663653e-01
2.663939233675611251e-01
4.821498210186627165e-01
2.678516663897448358e-01
4.573728728187227421e-01
4.293105714242663740e-01
2.697623339095847617e-01
2.663095179233887499e-01
5.808413355677528589e-01
6.296553107558555684e-01
4.527306831803816767e-01
2.955847859311813153e-01
5.038911754439110435e-01
6.486061458871906771e-01
3.603296550792853825e-01
6.030935910459279681e-01
2.802301690963190373e-01
4.638996505749713450e-01
5.621495463738898080e-01
4.565306684618225530e-01
5.600968273927162677e-01
5.973669341396997678e-01
6.122119577896864007e-01
4.805050507101384927e-01
5.596442361812107302e-01
5.748144736155523793e-01
6.618097527297458482e-01
5.479845596746673042e-01
6.319119007746903938e-01
2.697310784379677306e-01
4.132424722308520315e-01
4.366601125571660802e-01
4.880053024647701965e-01
5.641076815001082601e-01
6.280129699972052393e-01
6.474793652072455830e-01
6.433251224808876900e-01
6.434232804988049281e-01
5.714495538945542075e-01
5.466157377975588982e-01
6.506111560484068024e-01
5.130877766718002775e-01
4.840012962179147671e-01
5.621370194766598383e-01
4.948825033609368651e-01
4.623877207967536651e-01
4.374778089911571244e-01
4.625916967305861438e-01
6.057556115705234889e-01
5.118682780001568844e-01
5.659835510856237040e-01
7.280958500119993904e-01
2.711238097145334258e-01
4.901726066598333098e-01
4.582728003219712631e-01
5.193706064622961582e-01
6.146555610650256130e-01
4.214917678922568411e-01
4.980136951694643654e-01
5.660202792659577709e-01
4.957914307011486721e-01
3.090754084355978315e-01
6.459169681449163924e-01
5.718320504540111981e-01
2.662688802746520644e-01
4.409880919851740244e-01
4.030565656365345806e-01
4.391601353575026456e-01
6.493020123035898594e-01
4.178029062626242851e-01
4.379454132553827761e-01
5.624080745415134253e-01
5.691596184169270822e-01
5.697207200805306515e-01
5.674018056802868637e-01
2.662294552090013200e-01
5.165841578563856729e-01
3.829072813884328852e-01
3.713091785828329106e-01
5.700549770546369244e-01
2.692369599749953601e-01
4.907975223961133504e-01
5.625561276906461128e-01
4.065505665549731251e-01
6.167486853516696010e-01
4.569532386303967741e-01
5.347930517885849389e-01
7.266401284686166973e-01
3.857481386515779209e-01
5.955612999267496654e-01
4.301293818843900385e-01
6.112672417743635345e-01
5.776618205176816678e-01
2.822697905421331366e-01
6.196394665046447425e-01
4.411871475954144417e-01
7.385606992758463329e-01
5.252180368676845346e-01
5.717059251997804736e-01
4.521334809769463337e-01
4.270984691791287480e-01
6.154691028450606227e-01
6.257464158416483624e-01
4.926967777009769178e-01
5.629918444994296278e-01
5.715666583497660547e-01
4.265592582567275248e-01
5.798083660047184118e-01
6.450066865352768186e-01
4.594799936055719569e-01
5.123306658375258449e-01
4.369971532960469363e-01
5.319696856068022450e-01
4.177750123059876253e-01
3.970676684021970382e-01
4.170786484121622451e-01
3.732147617708220788e-01
5.368029238733746933e-01
5.627096997699145842e-01
2.668016515274437839e-01
2.669108917126093439e-01
5.128214963536178450e-01
2.800006602445898607e-01
4.327167190597974167e-01
3.682605707136460405e-01
6.692725662178059531e-01
5.789774374937940449e-01
5.758352527634308382e-01
4.617934603109383196e-01
4.212472021917629261e-01
4.200983867876210143e-01
6.010884319949186816e-01
3.676263582701775334e-01
4.235283718417196530e-01
5.631159252428404871e-01
4.621221079470049231e-01
4.400850324328700047e-01
4.311600812001920580e-01
6.689718026404213314e-01
4.268144274011689276e-01
5.623442449869513471e-01
4.445104887337636423e-01
6.771884955788604055e-01
3.265362144850480486e-01
4.329464575046699792e-01
4.620144799427019500e-01
4.348701931213735383e-01
6.146964363442861679e-01
3.268610084760268930e-01
4.513333903861131979e-01
4.018012869523002739e-01
4.261449401175578244e-01
5.631758708175481631e-01
4.182507146047786950e-01
6.124301689138706983e-01
7.243818636164235381e-01
3.752418236659962325e-01
3.307285420869665593e-01
5.030179797336109537e-01
3.734231621335731832e-01
5.705432561305796568e-01
2.680062225115476537e-01
6.242905282088737628e-01
5.327389958582081642e-01
4.319946149640755406e-01
2.700588354212626885e-01
5.770161866343100909e-01
3.164194799081073706e-01
7.209024915043520387e-01
5.188288685085116203e-01
4.217363236367586699e-01
4.086543265475717224e-01
2.972093824981834609e-01
3.949416871748205882e-01
5.648117240884333867e-01
5.338879527717950157e-01
3.334642564214091442e-01
7.237307170728752848e-01
4.174840869901397800e-01
5.703418212137167931e-01
2.960922891164520232e-01
5.123652731100996061e-01
4.322708142312562951e-01
5.868217716757687663e-01
4.512600379412360918e-01
6.405318219847112582e-01
5.642840980430390285e-01
6.885988805048570693e-01
4.083531000584053050e-01
6.830612297451192916e-01
2.672799239412332883e-01
4.074744621797513622e-01
6.425559404239007399e-01
3.406797446464702173e-01
3.603197729054886111e-01
3.690266539044628757e-01
6.375453907691253086e-01
5.223771212150207788e-01
4.243552523342448701e-01
5.158474420868210952e-01
6.794977930614811701e-01
4.936993392405582548e-01
6.924090396638015177e-01
5.216949036074917112e-01
4.054546485462693362e-01
6.943642022775561307e-01
5.251745791008787245e-01
5.352724275864518821e-01
5.369021938550719852e-01
5.779140132766276139e-01
4.228307421291773172e-01
5.083641479002251051e-01
4.039434310935055561e-01
5.799755745584579403e-01
3.449386914552355909e-01
5.690494417784975889e-01
3.901753566665172035e-01
3.471921439092132688e-01
5.855701950597175243e-01
6.222321572577628190e-01
5.784972941810860858e-01
5.407658734203500961e-01
3.720146522751875962e-01
4.614012939385552792e-01
2.666760721366103204e-01
5.368409095367195905e-01
5.261041329804825306e-01
4.046884727824592853e-01
5.832763340451786460e-01
3.870255278806918331e-01
5.419385902882341011e-01
5.828967761968888439e-01
6.396643687559934177e-01
6.110402460773973754e-01
7.156002392792953914e-01
5.752477282311557749e-01
5.605182232390140129e-01
4.711522399877280942e-01
4.075148547125028720e-01
6.748376707820616938e-01
2.660919760561359371e-01
5.840301798907443498e-01
2.668374303851564489e-01
3.783231531086902466e-01
3.932156209787057710e-01
5.820790085636158295e-01
3.976447018891102192e-01
3.935394896296674494e-01
6.694624766945337369e-01
5.789742543171486622e-01
6.312629108610824380e-01
5.397819009507418553e-01
4.244832627969788441e-01
4.609430028216313646e-01
4.252534294378047530e-01
4.493050173071835296e-01
5.777729916698550738e-01
5.560513421347383911e-01
3.902540112913978065e-01
3.400130851545168365e-01
4.782116709657233677e-01
4.178725413031229574e-01
5.816353288911471076e-01
2.754335760257437538e-01
5.090683464951495374e-01
5.438074713128570048e-01
4.850751555607421550e-01
6.909810175742077121e-01
2.897559882784318530e-01
5.779334536704466840e-01
2.696648910181743131e-01
5.314469200471106936e-01
5.145757223917317713e-01
4.501036477507569522e-01
4.343158759433005112e-01
3.164219623630636913e-01
5.643795679555458911e-01
3.609678849592578009e-01
7.076237201001911448e-01
3.988663093191476827e-01
3.654649746605421190e-01
3.995624738903666984e-01
6.371871018978663148e-01
5.714792966058687140e-01
3.848962072192239070e-01
4.203296050745887191e-01
5.542220993863822276e-01
5.110260795012334656e-01
6.598338113394067728e-01
6.152556209236728080e-01
5.771956387878257599e-01
7.228704622530275348e-01
3.169889984930617244e-01
5.093990395131314797e-01
2.792238183337388269e-01
4.404459011960444870e-01
5.660039708181460183e-01
5.174075407205601662e-01
6.521353569168599762e-01
5.172965090298062840e-01
3.780446520649384246e-01
3.698469888923754945e-01
5.599573028478621595e-01
6.414565399534325474e-01
3.098982693285801115e-01
4.526591310468789930e-01
4.598241856152214813e-01
5.387111304993068561e-01
4.903774900873056342e-01
4.979151370748376437e-01
5.139551091939127403e-01
6.118258280265130855e-01
5.475452101291630180e-01
4.137669860376452236e-01
5.263661703450268625e-01
6.797104029796844360e-01
4.183887653849986399e-01
5.293796609958619781e-01
3.645331499394183217e-01
5.221199264018356878e-01
6.808335561110632206e-01
6.070035851449410158e-01
4.350446553723775200e-01
5.334514743107570123e-01
5.627924290655234030e-01
5.553398288499287183e-01
5.174850575033780320e-01
6.534064016972586098e-01
2.860990682145268527e-01
2.665155737834168925e-01
5.750775497157097904e-01
6.383503662635544584e-01
4.938661107090636104e-01
6.199861408674526286e-01
5.283388123074036491e-01
2.766175641506560257e-01
5.371314450276976071e-01
2.747139520893400189e-01
6.824241752857247434e-01
5.137744942522824987e-01
2.866074217876071195e-01
5.536431302252607933e-01
4.741678702466943229e-01
3.790807082971065500e-01
4.518874016736449950e-01
6.869367380948402380e-01
5.332330684876301907e-01
4.561769993689306912e-01
2.982369916230891982e-01
5.558582381010418461e-01
3.744343774793015278e-01
6.239083850642812568e-01
5.568254901022005043e-01
4.308486971333391757e-01
5.036048690104452108e-01
3.933108411113834801e-01
4.149731707546975845e-01
5.147610430805443782e-01
4.223400674791392695e-01
4.734263133204270613e-01
5.433466212403347262e-01
5.402286537418261592e-01
4.719347811396793491e-01
5.458205220143812486e-01
4.780214368166529892e-01
5.411672421961197799e-01
4.632640375533666477e-01
3.198271466814374131e-01
2.692820860169060082e-01
6.875823523518505009e-01
6.983032615791745501e-01
5.883722102461639292e-01
5.676747672692834534e-01
6.835830914639545730e-01
2.667624927741589769e-01
3.711006058144122322e-01
4.757127478097927242e-01
4.591594030980132302e-01
5.289228565644963354e-01
4.988360816444548651e-01
5.425439106446864335e-01
5.336617338854410253e-01
5.880034330779352336e-01
6.911050460565246745e-01
5.631546756159296896e-01
5.312534413563865243e-01
4.245717066654691729e-01
5.618263134860177477e-01
5.256349182812440901e-01
3.887029139655853172e-01
6.051140344419497774e-01
4.981996976151545353e-01
4.478135216886759973e-01
6.839230102899342967e-01
2.745893399384071176e-01
4.169490155015713184e-01
5.260806175722674283e-01
2.730144642260218801e-01
6.170917143484646594e-01
5.399745413804272198e-01
2.721920729933709482e-01
6.273510293468571586e-01
2.661196307570616870e-01
5.317571640629871199e-01
4.865529319035518108e-01
5.034932208142249843e-01
5.648996220477968677e-01
3.874159491357845875e-01
6.165525265346663009e-01
6.974386151537554923e-01
6.263151096321774025e-01
4.109908976215310705e-01
4.331233457643792750e-01
4.584207999154877311e-01
4.823343399872301873e-01
5.609779465594737502e-01
5.749339225454761504e-01
5.464757906584655212e-01
5.430009719387752787e-01
3.274204533751266522e-01
5.242171983830298254e-01
5.302372355492350753e-01
2.661913633538873780e-01
5.408846265871751768e-01
5.688933266097012664e-01
4.687203848070463086e-01
2.704622322598090323e-01
6.861790476209338463e-01
5.153655603130072871e-01
2.665755326502860512e-01
6.117446280947740345e-01
6.914676099820692423e-01
2.666863166581557310e-01
6.502905889662157213e-01
2.708731961130359522e-01
2.763270930088425059e-01
3.821275396619548959e-01
4.977000494641678485e-01
7.109727670290605372e-01
2.825135949069901842e-01
5.236427587705162479e-01
5.353872954544913743e-01
2.670527221470763712e-01
5.077773844154559457e-01
5.331388924780562366e-01
2.689120485206669131e-01
5.169836608571964920e-01
6.957973169291457038e-01
4.617468658502307255e-01
3.323638611428311185e-01
4.249570332027000075e-01
5.428042699570766461e-01
4.717262238121536222e-01
5.541658254434088660e-01
5.744461706865976458e-01
6.735676200080185083e-01
6.879410640368619489e-01
6.634075784569799517e-01
4.204203767523202462e-01
3.678057663648482967e-01
5.339327650711890305e-01
5.534445183189462547e-01
6.068505106336260502e-01
6.136289745483511915e-01
3.868312705891703840e-01
4.976032239335226870e-01
3.491696293580221488e-01
5.713112344174757773e-01
5.557808423154365629e-01
5.520582674153486913e-01
2.666092129191997562e-01
5.571773411806933973e-01
5.074409726562852940e-01
4.224471329307224465e-01
4.186451073163124925e-01
4.258571230800055063e-01
6.173101194766225097e-01
5.753651512735341589e-01
4.156052424022434466e-01
6.067902383897549878e-01
5.324862666782250731e-01
4.106188725127878913e-01
6.719655188330334594e-01
5.640522237154436125e-01
2.709928394617084346e-01
4.052066544658182723e-01
3.546131651587049460e-01
5.517187100731065774e-01
4.985281466833680897e-01
4.088083234156301149e-01
6.145995132891908241e-01
4.625878951613255907e-01
5.631235603719698668e-01
5.383802852629117064e-01
5.990806265839881961e-01
4.384319661511134614e-01
4.345786944979728172e-01
4.278476853018270964e-01
5.792119901928112213e-01
6.526078974984013126e-01
5.742757766784726270e-01
4.504026286794238221e-01
5.787479222720791627e-01
2.685563876083891244e-01
6.476963328084802685e-01
5.156261993513254760e-01
5.409376117626709668e-01
6.044385870687012385e-01
3.518593171540202458e-01
6.080693002234927036e-01
4.673702545681270304e-01
5.345611984944381723e-01
6.114028659885172301e-01
2.683844716366967642e-01
5.062802743765693059e-01
2.664928709788164651e-01
2.670057524604282362e-01
5.266856994599296016e-01
3.972724994014109057e-01
4.475701113282697929e-01
2.661937943881992896e-01
4.990155527147661085e-01
2.767764455868668150e-01
5.251646078797536088e-01
5.070023152766149899e-01
4.694461606237755880e-01
4.197005682124471115e-01
6.031504409636017083e-01
4.394896146459905117e-01
3.116021282047495289e-01
4.028425220962498776e-01
5.834393349862233569e-01
2.659664771278808515e-01
4.975589016352708893e-01
6.006659591212127891e-01
5.628531346544393132e-01
6.905216082810394784e-01
7.307844968664380936e-01
5.974311379826234836e-01
5.623150745336251699e-01
5.625458025760928793e-01
6.225840778849626167e-01
5.381038758718005299e-01
3.811625720005053508e-01
5.780267013507341956e-01
5.695877022391209188e-01
5.836919684454593416e-01
5.291223540239098355e-01
5.609988833186924095e-01
3.338210168273327283e-01
4.674124889274259842e-01
2.689107998289055335e-01
2.680535792371775416e-01
5.650190848010864242e-01
5.649143521233800369e-01
5.257508362988673190e-01
6.199959251511560909e-01
5.105429385221348371e-01
6.201695415082969509e-01
5.685490247136216757e-01
6.194456382652913096e-01
5.492944409398051731e-01
4.575534478201318533e-01
5.877377123254137192e-01
4.588429063289032883e-01
6.355727070504635368e-01
4.627344026667223331e-01
5.876796385555318469e-01
4.643383166147513896e-01
5.345385382158434062e-01
5.997013793204526433e-01
5.042882300829174547e-01
4.034051369174282420e-01
5.638287463277310563e-01
5.068838230506672593e-01
6.766623488186048752e-01
4.214731128380424519e-01
4.975758276732745178e-01
5.152612316551156146e-01
6.887346946481758270e-01
4.241295448555030267e-01
2.883486110588911466e-01
4.662642780534819176e-01
5.775901132807350624e-01
4.880115731773909671e-01
5.416326673888905985e-01
5.870676173096586181e-01
2.675930368734029119e-01
4.971669852702607639e-01
6.320817510495613245e-01
3.838273452800392560e-01
6.079294807487198860e-01
4.650219318444934746e-01
2.663777656026473650e-01
2.664158260482729634e-01
2.663031541795125023e-01
5.362669907375744449e-01
5.315966289777430687e-01
4.300728068685503169e-01
4.546668558886091116e-01
6.162573224749533507e-01
5.763884545934532255e-01
6.433814840196399043e-01
4.561629818742899412e-01
4.019387890109082928e-01
6.113497880116589567e-01
3.989009868055496399e-01
6.035908952016709739e-01
2.662668432220723358e-01
5.958277818090862432e-01
6.374186209430852124e-01
4.545744780934943829e-01
5.334106026324298977e-01
5.773100986931422041e-01
5.621219270040564986e-01
5.016340540283941163e-01
6.585166441878300692e-01
2.663512425908248771e-01
5.544715723033241117e-01
5.910048385270397775e-01
4.726404516690022040e-01
6.145235105381842144e-01
2.664816122626021966e-01
5.678208871952538095e-01
5.932054426313856377e-01
4.636815028780368886e-01
5.008857113159858043e-01
6.005321370778211598e-01
5.718051659349928650e-01
5.979242678049521142e-01
5.356040751128885447e-01
5.618357939143362456e-01
2.662531486265564684e-01
6.346020300421102434e-01
5.680140687417549739e-01
2.681011566081031305e-01
5.298457433472860689e-01
4.622368389025403590e-01
5.490211396623776441e-01
4.978718643990197035e-01
6.468412175681835796e-01
5.416136970707747800e-01
6.445304670941269798e-01
4.272437805194597149e-01
4.846226589016349728e-01
6.083581939139571793e-01
6.388481892752693181e-01
2.787570487196633362e-01
6.128404803689612157e-01
6.816121203389078342e-01
5.502141592993557984e-01
6.532911306118860395e-01
6.445000128600067990e-01
6.102769390331289623e-01
2.661968007773708456e-01
6.365766684976770229e-01
5.837083807621686882e-01
6.416811667118096363e-01
4.640885464694229356e-01
6.659657577696094233e-01
6.744096003543486040e-01
2.671806050086845130e-01
5.383320741799413334e-01
5.348304341272339668e-01
6.105504745528426147e-01
5.354556695542669331e-01
5.574669901739370825e-01
6.180543183099077575e-01
4.355036269501639246e-01
6.607917576186717046e-01
4.990345716473727489e-01
3.810296030430578296e-01
5.390158672828104791e-01
4.590028114181812224e-01
5.373376045664011169e-01
6.397669296083461354e-01
2.669346226134325373e-01
6.550762697840587512e-01
5.321025141991926333e-01
5.195218863912042240e-01
6.153106556170735431e-01
5.270370294145372281e-01
6.577266318670548229e-01
2.669243420158962654e-01
4.000381784258797979e-01
5.713249842306673543e-01
5.710724781920784032e-01
4.379573176900841136e-01
5.159773275422903094e-01
5.250820751489216898e-01
2.901794243480880220e-01
6.614305189688926001e-01
5.689474488339213432e-01
5.637515205099444815e-01
5.660929835931616250e-01
5.774320624993534157e-01
5.221081259201351132e-01
2.676496396551254486e-01
6.309704202020898212e-01
5.697833967130674360e-01
4.624646810517467066e-01
4.540888579388460689e-01
6.298975275330666035e-01
6.855642212937226310e-01
5.695777846738958594e-01
3.335641447478291388e-01
6.575601118869827122e-01
5.703861504945845207e-01
6.155640373375551588e-01
6.332384376003000748e-01
4.730886893595689369e-01
5.097227208766766937e-01
5.623883513635110631e-01
6.662784350883227402e-01
6.296862258296918036e-01
5.409182012314862620e-01
5.215004944309504786e-01
6.366166061429667788e-01
5.303081435879728467e-01
6.667396756014103421e-01
5.602864727879015572e-01
6.314675347451240706e-01
4.743771645248172075e-01
5.718689522037313511e-01
5.629763268686944766e-01
6.344242989419711654e-01
6.893145389277630652e-01
2.665563734217279990e-01
4.272193168397446228e-01
4.913500540301473651e-01
4.635976996121903837e-01
2.678705796222778934e-01
6.730210909615071957e-01
6.747231300050315905e-01
6.667312427108873507e-01
5.679566222859007141e-01
5.630825091141342664e-01
4.220169127571296031e-01
6.591222726618929384e-01
4.833320410675139844e-01
5.770058639364332720e-01
6.870691147147415245e-01
2.670818161776731814e-01
6.703656478293954502e-01
6.076032809614692054e-01
5.619412670064738435e-01
5.494345978191752522e-01
4.308764216748924847e-01
6.780711978910117788e-01
4.533334709385241079e-01
4.335268550890467032e-01
6.162733609186102912e-01
3.094355929093474677e-01
6.880694649184018186e-01
6.912620292743180128e-01
6.498852099947722838e-01
5.675858557619535283e-01
5.770655669773975260e-01
6.070678975844383540e-01
4.857642794984903811e-01
4.229276104208131160e-01
2.708505597869074188e-01
4.149062872703390137e-01
4.568815725777936043e-01
6.951822045879244572e-01
4.146795453428924749e-01
6.829959193481923707e-01
5.898421184334952105e-01
4.970707241023478162e-01
4.291850274411894706e-01
6.920389077555167967e-01
4.170295470010928485e-01
6.819887655750587196e-01
6.847385630794395883e-01
6.927403603308098790e-01
5.775543768750757145e-01
6.895259967327600492e-01
6.842424385097276573e-01
7.258562374851084131e-01
4.906789326857983746e-01
6.901053190736343712e-01
4.984730425414433119e-01
4.628577578601157927e-01
5.616691836488715284e-01
4.989321527949102664e-01
5.234484318351068088e-01
4.993448577335887761e-01
4.094990196879406685e-01
4.129151811799772753e-01
6.916179743232716559e-01
5.119562287878062223e-01
5.652575604997499559e-01
4.997119764879206505e-01
5.111197225382284604e-01
6.806452333768234775e-01
4.411524982961249619e-01
5.000364133282501067e-01
5.593699870161136234e-01
2.676389553567487534e-01
6.912422141711057622e-01
4.960306395704213167e-01
5.003337138498562542e-01
5.003205005701163444e-01
7.057973366285908989e-01
4.918207337920657007e-01
4.020337769689240615e-01
7.045242587122515499e-01
4.058753638592366708e-01
4.938465959174887510e-01
6.874814821595323089e-01
5.171925297318602510e-01
7.263357896657818280e-01
6.950860111096131000e-01
6.168119761840624715e-01
5.191960508841254596e-01
6.912820602737658193e-01
6.845988852231191801e-01
4.959185071503343090e-01
4.523017416315769368e-01
4.106198977480698398e-01
5.616140218958117769e-01
6.476553091488033154e-01
4.244645234042745408e-01
5.270286946045296128e-01
7.166318248086293030e-01
4.945699360773315179e-01
5.199407459537748188e-01
4.927375186811255303e-01
4.891422997267099171e-01
6.353606532488589309e-01
7.158012408452767428e-01
5.024097550249067012e-01
2.888396124148449595e-01
5.518849472738256434e-01
6.801823301153138157e-01
6.967276910200134177e-01
6.880609232645276130e-01
5.109425631418755831e-01
5.048250344616945773e-01
6.810154380054426193e-01
5.121316041759069737e-01
5.009427831870629788e-01
5.215981202970791930e-01
5.698330022521065352e-01
5.163353717629803885e-01
5.711013465301053582e-01
5.007721606638935175e-01
5.214014957790091831e-01
6.676678159689235503e-01
4.948624595603799414e-01
5.237242094104950230e-01
4.274314232977421413e-01
4.992170842792348906e-01
5.085128455254919189e-01
5.367024785871985504e-01
5.960280515177153182e-01
5.697175056240275648e-01
5.403185415569913275e-01
5.494082207420243336e-01
6.900227932900715455e-01
6.916547894196731772e-01
5.065605083749251669e-01
4.358114174323300949e-01
4.993304311802690409e-01
6.428241512107977229e-01
5.056281190012984483e-01
4.148550111343244362e-01
5.326628684249945511e-01
5.268330233441902433e-01
2.696974126666009663e-01
2.707184628667790860e-01
4.148210123068115096e-01
5.202151459800778976e-01
5.394370488630871874e-01
4.922368617527892454e-01
4.231247578954374089e-01
4.310550499507042055e-01
6.864804359598213335e-01
6.011516129147201903e-01
5.213245669505369717e-01
4.951110281315566075e-01
4.524237480131567124e-01
5.376593232124460275e-01
4.971735956258522826e-01
5.416263108409891114e-01
5.308390747208233673e-01
6.846377775353006401e-01
4.516795027363850190e-01
5.246100297579310290e-01
6.413229385600794918e-01
4.078404035092135227e-01
5.248104585181769810e-01
4.061598769370265982e-01
4.003257231097925306e-01
4.420580204856308093e-01
5.239192189748468342e-01
5.436532694562141721e-01
2.688165230824573482e-01
3.690338095885807301e-01
6.409170932591579106e-01
4.418663825232872489e-01
5.396714669350805016e-01
5.350261631502092330e-01
6.033396008301754598e-01
4.312899615627290850e-01
5.443769779068834413e-01
4.954840708947224059e-01
4.612535167905068012e-01
5.004386318482019202e-01
6.880489388319221966e-01
5.353870917221772441e-01
2.771662739820969223e-01
3.534192607316828938e-01
3.856412433917550397e-01
2.711089232836489393e-01
3.694825620705626257e-01
2.789718894843788433e-01
4.956116498996446240e-01
4.477749869456116860e-01
5.306328209706852039e-01
4.666144632052979802e-01
5.715783490594769090e-01
5.379050862468033323e-01
4.770577279920653058e-01
3.573488772985949913e-01
4.685181451943131181e-01
4.716688725387175873e-01
3.832925333619687236e-01
4.516667881428148568e-01
5.023790981901309349e-01
3.345992411719079240e-01
5.399399734493313119e-01
4.851937260437715893e-01
2.819483524952336451e-01
5.502306545501588486e-01
4.583522405968891711e-01
4.225427120845091644e-01
4.133401818091769764e-01
4.957017914987015827e-01
4.957559529121042807e-01
5.413693572299135282e-01
5.450709094826122758e-01
6.881454635365894523e-01
6.980972916888005253e-01
5.508122176415798377e-01
5.391774674555077640e-01
4.808288220600961393e-01
5.517005111618498159e-01
5.230407336016406061e-01
6.402201578347570532e-01
5.435289764552281300e-01
5.599961481672542929e-01
4.266223366452345789e-01
5.468428203487162298e-01
5.522737586815454902e-01
5.346288001542880419e-01
5.582130557379976210e-01
2.699138137193465847e-01
3.732486215861303691e-01
5.559607168115914266e-01
4.502132765565443617e-01
6.392095293837837255e-01
5.591914427132232968e-01
5.348140255360035455e-01
6.872107219667527023e-01
6.432976062276608564e-01
2.661309445146180508e-01
5.536798023558003878e-01
6.394957354547412542e-01
5.596229241054424541e-01
5.579492261046481438e-01
4.946081860404075714e-01
5.586511295175431435e-01
5.869566960925102217e-01
5.446655432686975384e-01
2.713560157665276251e-01
6.377065841050706396e-01
4.957145098209854162e-01
5.601125278786606154e-01
7.022512086661826247e-01
4.957615580174180581e-01
2.660998495778266193e-01
2.661547197247662311e-01
4.182362259600932997e-01
4.955034319882125060e-01
2.763658413756623355e-01
5.614006229064125719e-01
5.020440820502923840e-01
5.388732622953816831e-01
6.969818235958644692e-01
5.453839683524006610e-01
4.598333877265505243e-01
2.780504489964705783e-01
5.422114762964852508e-01
5.359845307154205152e-01
5.618898365534640282e-01
6.434914355085898929e-01
4.492190377257715417e-01
4.955235699399702654e-01
7.050346576684841660e-01
3.167533802110079622e-01
6.420505230101462013e-01
5.447378761542939207e-01
6.855155308634812705e-01
4.956349303463652434e-01
4.031707156302871686e-01
5.194691260444429526e-01
6.413410556112617567e-01
5.412728788506958599e-01
4.376325152876023306e-01
5.465448315755343511e-01
6.409507252670888500e-01
2.666110974850224302e-01
5.017394913239151544e-01
2.803210127005811847e-01
5.122350957672909821e-01
5.492220984881247547e-01
2.678045688744465358e-01
2.680899399824829277e-01
5.627414140302733347e-01
4.953825092959554532e-01
4.509021711174868718e-01
6.950637435421007648e-01
2.749918079756292211e-01
4.941799404089334824e-01
5.371998541675820915e-01
4.531969087295340537e-01
6.463300670310176965e-01
2.752933211621153564e-01
5.636585002689473711e-01
5.511043292225689116e-01
6.693533693404061236e-01
4.950081721831416370e-01
2.728558624557606005e-01
5.504942710217370916e-01
5.283159644656511000e-01
4.518533797408781361e-01
4.639314417654475942e-01
6.695937291364719712e-01
6.277644232312954431e-01
5.519963343906709730e-01
5.269042613648664553e-01
5.526000630937352165e-01
2.677229003263231211e-01
5.186627722095029647e-01
5.238553125782295927e-01
2.929969061776821482e-01
5.011149937541874433e-01
5.533771323846415902e-01
6.095747144999357214e-01
6.289974428768754233e-01
5.005570518920504641e-01
6.685792366690408439e-01
6.645840989868659898e-01
2.752640715845142694e-01
4.947774540064415194e-01
2.670560108809352240e-01
6.361349254629277139e-01
5.556453233846602169e-01
5.186690863982891253e-01
6.810594176814651624e-01
5.563373211988146272e-01
5.550336979964748396e-01
5.565354865928989758e-01
4.528952916744375390e-01
2.954795278403565817e-01
2.671409806250848451e-01
6.733107537579285928e-01
5.609838285184211015e-01
6.614658248853566569e-01
2.669524216302986974e-01
5.364164947421833363e-01
5.139920467299624596e-01
3.774218467792127552e-01
5.579464875009090274e-01
5.900972552326846365e-01
6.607233312956252158e-01
5.633319847271814895e-01
5.590139677567680376e-01
6.758548139152951162e-01
5.585402112298429866e-01
6.850896959102050765e-01
5.595567754658400395e-01
2.835277818514242432e-01
4.833728875130833269e-01
5.489375561386420355e-01
5.086050577601989309e-01
5.600252335946087623e-01
5.553155858116920474e-01
4.837252035634742042e-01
6.486547368458274176e-01
5.122776749047154299e-01
4.546772759525555818e-01
3.522516042118966073e-01
4.568918043311165356e-01
2.794150527370859449e-01
5.623014441747521408e-01
3.585664399113523415e-01
2.804914985978771980e-01
2.929879305554361490e-01
5.037110669976261335e-01
4.923762252356708724e-01
5.619527212567844154e-01
5.071226003914219849e-01
4.706650461008560216e-01
5.615048545963308158e-01
6.480433345358046493e-01
2.663755314142035036e-01
4.469494048600622937e-01
6.470205020672248342e-01
4.453499160260938616e-01
4.485228620567298652e-01
4.976886568604937389e-01
4.411775263658531676e-01
4.972874710156246492e-01
5.624561374294723137e-01
6.413353254942122383e-01
2.668036346905939271e-01
4.684720191769035647e-01
6.431096246354184309e-01
2.659710011393778828e-01
2.844666681055757484e-01
2.888611328652211929e-01
6.868211096641951841e-01
4.491950561390548602e-01
5.622076419753018195e-01
4.988849179349712504e-01
4.905434855281572970e-01
4.469067795952091360e-01
4.696825201759600721e-01
6.374798842338065263e-01
5.635392017676239540e-01
4.996255244022398956e-01
4.368584131436301088e-01
2.661100401985501129e-01
4.862195375083406823e-01
5.680419441313061535e-01
5.631162895027977955e-01
4.562697906730019404e-01
5.633478109214050678e-01
2.698760364634310016e-01
4.596221098361468749e-01
4.900415372738488595e-01
5.623161499146199782e-01
3.000349537901362829e-01
5.633481402593731868e-01
5.632074682642299601e-01
5.633548391685938572e-01
6.878959235166683950e-01
6.436838673817405487e-01
6.473383422534104703e-01
5.023251645002978494e-01
5.632336352472313568e-01
6.398144985020058906e-01
5.633836595609380549e-01
6.428046931058579716e-01
6.455420675223174642e-01
4.715468195202256463e-01
4.729990212949463091e-01
4.320364932790109469e-01
4.628716385756626583e-01
5.631972926116736167e-01
4.235867896491940510e-01
5.722976033378933680e-01
4.950000693221189296e-01
6.497888231684516569e-01
5.022539983577949396e-01
6.408037775604965569e-01
4.674582626640045313e-01
4.350463015327369898e-01
2.764234105581868661e-01
4.304636216981340135e-01
4.937613007090139172e-01
4.285192177506012001e-01
4.534072137301001226e-01
2.713387622367884888e-01
6.494090114331371177e-01
5.542551046425013839e-01
5.645474683198407062e-01
4.809244421212577891e-01
4.856311994199363213e-01
4.871192162986608398e-01
4.903925553783983760e-01
5.321958261797459233e-01
5.622949707897496596e-01
5.223142070123373282e-01
2.884335504470289524e-01
5.261643683646015646e-01
4.648577445475046144e-01
5.635482663837804163e-01
4.857820538513455966e-01
6.467248892958394890e-01
4.889580338154049244e-01
2.756923394426026852e-01
2.711009171966575759e-01
4.932573321797278365e-01
2.782957112544509060e-01
5.343139931302612888e-01
6.487223449656192020e-01
2.748312385447896355e-01
5.712793600406700367e-01
2.791406374665644230e-01
6.945635105175446133e-01
5.389279045735796414e-01
5.219304777023108244e-01
4.646335180391081843e-01
2.694327344607044261e-01
4.816109882350602667e-01
4.554931153173616964e-01
5.314504783896882856e-01
4.613836040354070689e-01
2.700278645540382105e-01
4.868600574330396169e-01
2.896671491427853518e-01
4.457716181105245701e-01
2.710761597823761471e-01
2.676022240088566928e-01
6.457886544875774959e-01
6.477005693121402619e-01
5.170589586316920450e-01
4.417799221538878940e-01
5.408936089886056120e-01
6.331340080307712448e-01
5.355864780309470552e-01
2.685594136187322012e-01
3.398083623826468336e-01
6.932585535368864793e-01
3.166003400840481374e-01
4.823351459214284542e-01
2.681791723011456297e-01
6.376592047503167882e-01
4.345070986867392016e-01
2.912958093609677168e-01
4.812032421425437856e-01
6.673195164161119797e-01
4.863498889392441904e-01
4.886776300318946831e-01
2.782647934553937330e-01
3.070999113063023755e-01
2.661958056214588364e-01
6.648731929831152021e-01
6.340169998941294072e-01
4.777528894997977171e-01
2.698594202188849822e-01
5.461571229037708308e-01
6.354085231758050956e-01
2.802230343023935366e-01
2.670066922690888522e-01
2.795456739233089238e-01
2.862301756365980276e-01
2.665664590649574062e-01
2.735583705550116984e-01
4.719609884109279840e-01
5.029300598335464390e-01
2.981429075737068723e-01
2.694468136645558620e-01
3.001434640528441999e-01
2.767180241868940627e-01
4.233767901623467500e-01
4.293359633556403931e-01
2.923623723381502670e-01
5.319910324056440487e-01
5.531136198777022450e-01
2.670655087029453201e-01
4.853969027854080909e-01
4.246987655885866020e-01
5.614273408521556208e-01
5.554355282641328939e-01
4.461673059557272891e-01
6.031580404770527926e-01
2.801009019122085442e-01
2.789902080241520865e-01
2.734482551682700935e-01
5.805247139623380681e-01
4.207240737242332607e-01
4.983319875047834691e-01
2.667023516483563728e-01
2.986902912797096965e-01
2.737800505267454221e-01
6.001338771667894534e-01
2.706479708393423889e-01
5.965854800299132954e-01
4.901720142503365185e-01
4.347103569955856894e-01
5.495550440300075445e-01
2.682747421242258623e-01
2.705228161079523130e-01
5.866432043295758403e-01
2.662814052677514587e-01
2.671471773621250101e-01
4.191652995830984496e-01
5.836457243984605192e-01
5.332902636809572217e-01
4.250494565393669877e-01
5.622816513925340542e-01
5.805893453038243335e-01
2.675492507577862389e-01
5.632474338358223198e-01
5.000451388970075239e-01
5.218087387616590078e-01
4.917908005436276153e-01
2.658744642831327720e-01
4.083483963174624476e-01
5.008081968255091443e-01
6.378567275487856403e-01
5.804386724551119370e-01
6.697437631937803726e-01
2.679588787906880265e-01
4.929277478992991068e-01
4.184609574784802222e-01
5.014049585584419155e-01
2.762528496435680547e-01
7.096753029598332763e-01
4.595236994627344140e-01
4.579496394918965985e-01
4.009731380195814543e-01
4.927413812464462306e-01
7.196905301709872749e-01
7.233344985968821472e-01
4.857099085082587364e-01
4.942319152442095631e-01
2.659252462442915355e-01
5.035040566888518976e-01
4.931268611050806383e-01
3.621982207486335592e-01
2.713272095504782877e-01
5.020173599792947527e-01
4.158586468712450190e-01
5.009466981779959749e-01
2.661467151200231918e-01
6.939229618659675802e-01
5.999271794013999459e-01
4.320651251849863539e-01
4.937546168957997472e-01
4.910735513949836539e-01
6.837984318168086606e-01
2.706669013241265187e-01
2.757763687593325908e-01
5.620025401789050523e-01
4.976890245119692247e-01
4.097178008371709090e-01
3.629087273865825858e-01
2.825443641517423887e-01
2.675384518268864031e-01
2.687132568353368667e-01
2.752207233850502699e-01
4.943676724712858794e-01
6.101359569385242931e-01
6.758745893024533657e-01
2.663653256712065764e-01
2.977492054146403389e-01
5.688117277457855891e-01
5.013020848563725096e-01
7.101752185047112143e-01
4.124265691151381974e-01
2.713698176171862597e-01
5.657237705612283563e-01
4.945764014305349399e-01
5.459788687758257986e-01
5.630998245050246043e-01
4.276909074955302370e-01
2.686836175403564675e-01
2.759151699170644956e-01
2.755662127176869425e-01
4.980116039017033480e-01
4.088190124965142003e-01
5.186774184912340546e-01
5.613756869541053351e-01
2.798631643907003030e-01
2.712078499999858172e-01
3.553934514925484733e-01
5.536204910807093205e-01
3.560977289458226447e-01
2.697909905198161984e-01
5.503495993554522459e-01
4.946173016238825659e-01
2.698170759610362124e-01
4.193259947323326187e-01
2.750310505709289699e-01
4.966775617933960607e-01
5.480098126328640795e-01
3.026958793167801587e-01
5.009419352127845171e-01
2.667667222451194919e-01
2.695390714639606666e-01
2.710248637524323434e-01
2.756909235848614137e-01
4.944722608227076210e-01
2.797113014450897661e-01
2.712439778399878265e-01
5.448634420666323974e-01
5.003135972988072000e-01
2.698404339386895057e-01
5.006204616792074846e-01
2.719015517294223749e-01
5.083569927631443885e-01
2.681701207260985265e-01
4.941983353679360036e-01
2.733542622171347136e-01
5.561044350180330831e-01
4.952098084437962511e-01
4.405313891976114782e-01
2.735069746408788638e-01
4.940140832560622752e-01
2.763120411854571024e-01
2.721542696023551144e-01
5.314418644841921724e-01
5.287270393109742006e-01
2.699144881361400516e-01
3.010065452568829736e-01
2.713603652564228197e-01
4.999630075098430160e-01
4.878582177650460650e-01
2.673246062885025198e-01
5.272607249023170128e-01
4.965789639153122548e-01
4.935539441983699538e-01
5.011814153275466754e-01
4.358139984304333359e-01
2.699195744572353561e-01
3.483762365547947715e-01
2.713675173665025531e-01
4.942283740353479171e-01
4.963939186603611442e-01
2.805143210983988000e-01
2.764386231665483806e-01
2.804968306125169564e-01
4.929725351204395922e-01
2.698925036113512532e-01
5.171302575886355113e-01
4.907357527441373879e-01
4.894311772977563146e-01
5.012373140476290567e-01
2.673465332371346981e-01
5.137944804337976068e-01
5.120079015685010670e-01
4.823387614176224969e-01
2.673090290260641821e-01
4.946290464723240299e-01
5.090057917611905403e-01
2.663112232520876144e-01
5.075731026549537006e-01
4.853763103735074802e-01
4.914655577734698966e-01
4.673748870549103707e-01
2.723571270755142937e-01
4.985752838893611760e-01
2.702308859670957686e-01
2.716599595703858006e-01
4.990497711888778887e-01
4.904227939085878951e-01
4.919258502368776820e-01
4.958279407423905605e-01
4.946119780455484061e-01
2.698610244499649591e-01
2.713038007441384569e-01
4.914495149801180185e-01
2.712861372708798569e-01
2.758073809083423922e-01
4.688140534863025066e-01
2.698787263630192945e-01
4.876912777324826642e-01
4.728456887006985965e-01
4.871328113102252333e-01
4.867172215772055388e-01
4.834365852754027859e-01
2.909504799341054992e-01
4.850116095223244717e-01
5.012517576341777303e-01
4.823089175197216583e-01
5.011643151621559822e-01
4.932780690103710786e-01
4.910452967877268482e-01
4.831799293234520509e-01
4.897594186415521467e-01
2.698928680266802771e-01
4.874500742988246982e-01
4.783700441715499907e-01
4.774510677750923304e-01
2.698293902710234837e-01
4.748570144104224400e-01
4.739277321609406957e-01
4.712857912176823261e-01
2.799561840194627060e-01
2.711580070000095266e-01
4.530601248904477796e-01
4.703366336849698071e-01
2.697991984739967486e-01
2.712076683110056230e-01
4.676397800836600838e-01
2.747055599619863120e-01
2.697640342016919823e-01
4.666598690229135094e-01
2.921679398211099454e-01
4.638952492172069286e-01
4.643732232276926997e-01
2.664251942127570660e-01
2.961005617075010421e-01
4.482703926737265365e-01
4.989150928727049128e-01
2.943683256161170325e-01
4.628162766292394648e-01
4.596407423184810104e-01
2.712760115463088151e-01
4.383468036631711917e-01
2.793660566943919066e-01
2.693706701257128078e-01
2.712086706972568484e-01
2.762490659457482178e-01
2.775470272696359264e-01
2.749407242490133907e-01
3.150093489634023802e-01
4.607382238887066106e-01
2.674222110527827434e-01
2.706904719126347336e-01
2.689567273123449898e-01
2.869967816459363386e-01
2.793668685872006674e-01
4.990912333070848805e-01
2.762612136823102138e-01
2.815197040966502806e-01
3.049990161805228861e-01
2.724725519240721594e-01
2.782503648623305681e-01
2.741742911679708183e-01
2.862025558848049211e-01
2.673222515540053523e-01
2.694836451713749637e-01
2.764371774846112739e-01
2.759900993651231427e-01
2.707573297101741883e-01
2.668999043057121989e-01
2.747342674835601684e-01
2.717433500897695198e-01
2.689168631455787772e-01
2.676751160547181652e-01
2.658811398158561490e-01
2.717856032649550446e-01
2.662529308208350654e-01
2.735770920234864012e-01
2.682435257377530635e-01
2.720690650689599477e-01
2.688244829706603611e-01
2.658823861074385841e-01
2.664943156331845975e-01
2.668368160447435189e-01
2.675833701391325814e-01
2.658463723649819310e-01
2.658856207086421342e-01
2.658930190939888805e-01
2.678148646900935792e-01
2.658851015768875503e-01
2.675061190933665789e-01
2.658699197017023730e-01
2.658684691823975377e-01
2.658915151974411417e-01
2.658734356341322380e-01
2.658732025477852368e-01
2.660232159731779067e-01
2.659791719733152204e-01
2.659634834852291352e-01
2.660805198771660773e-01
2.660067938551806677e-01
2.659260703332074205e-01
2.690562452334716581e-01
2.660802862474245800e-01
4.937292706841295287e-01
2.660741144849191886e-01
2.659708632591479271e-01
2.685879937418455543e-01
2.661508593737991202e-01
4.895126590095600916e-01
4.945173468822841589e-01
2.680745762942783328e-01
2.761688598191408550e-01
2.680245836274783855e-01
2.713155431029362075e-01
4.501035548224419092e-01
4.513356776018879191e-01
2.665850725545817479e-01
2.779196582786083725e-01
3.085593189023127514e-01
2.678215263812233071e-01
2.741622372362181315e-01
2.658804734790589097e-01
2.660255516551757737e-01
2.664710328183187982e-01
2.664355587909720269e-01
7.387617934492389793e-01
7.372784965873100393e-01
7.387552084020159171e-01
2.701631428521295009e-01
7.388514330722278922e-01
7.387251171669250160e-01
7.378242703045915230e-01
3.139299345447791323e-01
2.660147278420516570e-01
2.669429028009861482e-01
2.667805618605573192e-01
4.071866152935693095e-01
7.394005552587543662e-01
2.659928171519203022e-01
7.387321538978049995e-01
5.672496224772828333e-01
2.667498301624212642e-01
2.666206627571663934e-01
2.665133847311300097e-01
4.751902064757243527e-01
5.247669915959409792e-01
2.673461215823086934e-01
2.829726637864368732e-01
6.131771495521187720e-01
2.675282377098149311e-01
2.685020186194467806e-01
7.384866173187518701e-01
6.278247789335119622e-01
5.687917101074754234e-01
2.666742748340739100e-01
2.664598034781288649e-01
2.658289109860584865e-01
5.057179547218059179e-01
2.659174094886659345e-01
2.659228222688961862e-01
7.202275558695111490e-01
7.285096455776257640e-01
2.678262042199749393e-01
7.387023987199148323e-01
7.133623884073232446e-01
7.297996973610707538e-01
3.272623811698133212e-01
2.720708791926829129e-01
2.711805416911391431e-01
2.663085631480697768e-01
6.375085331412703171e-01
2.677244038270713555e-01
6.122543469836918550e-01
6.085861752675153502e-01
2.684201672676698736e-01
7.387759795658769280e-01
7.388661607183839575e-01
5.499111270215892855e-01
2.672037062496868121e-01
5.630882788370409342e-01
7.099956056783283120e-01
2.659658835607552896e-01
7.386321449976059883e-01
7.389257259296578839e-01
6.554170956795186687e-01
2.728668790010178591e-01
2.785582476179239708e-01
6.533742291144924996e-01
2.754169715533734131e-01
6.114298331485870097e-01
5.091149610266840764e-01
5.604293446822545821e-01
5.572401131023523302e-01
2.669202519104975080e-01
7.376876016077256182e-01
6.118939460472307967e-01
5.701030846109288452e-01
7.225106357210649977e-01
4.795272158338654278e-01
4.492430176577852929e-01
5.362000211825972418e-01
7.387877610990871702e-01
7.385994411440144347e-01
7.387062510172393015e-01
7.234955668722792277e-01
4.802333306194921381e-01
4.584518803208471049e-01
2.738732575707177319e-01
2.705903178036163648e-01
7.148750110254301626e-01
2.664921019453096451e-01
7.386894240083844432e-01
2.680514704366909751e-01
6.098652695165971416e-01
5.597917244410928195e-01
7.383895086069355296e-01
7.385393179511644535e-01
6.097387631571882238e-01
2.809963607851515555e-01
2.748172449739783585e-01
2.704293534817407418e-01
2.678057702350155611e-01
2.687576912890878855e-01
2.683335168350680089e-01
2.680353787658680820e-01
2.684704025724444221e-01
2.686593337883397825e-01
2.696066999480601911e-01
2.708077299012998096e-01
2.793549375806526069e-01
2.739996287675268705e-01
5.080213079955060440e-01
5.615387343482385329e-01
5.722489370831811417e-01
7.382090890866606081e-01
2.678162952949187936e-01
2.688137856253949853e-01
2.689163220191793102e-01
2.678526650223662653e-01
7.388543256949309246e-01
7.391121922423375956e-01
5.484143421268157237e-01
7.388041167818867327e-01
2.679354899148430058e-01
7.384026889683344974e-01
2.663195402408913837e-01
2.674192718896902798e-01
7.388044778871607488e-01
2.683726025548129890e-01
2.759270033484003126e-01
2.663054613834442419e-01
5.467459731905115472e-01
7.384944764278384977e-01
2.742324020327558953e-01
3.637303419847806585e-01
3.457347993823995935e-01
6.928071573507730285e-01
7.328879679917487122e-01
7.390139357266041209e-01
2.674086001101987353e-01
5.632474512208222039e-01
2.723267955095884929e-01
2.703853384194008780e-01
6.511648106490388610e-01
7.384013735635568398e-01
7.383492504555331237e-01
2.681528555731837460e-01
7.387801815228433044e-01
7.384150314752654376e-01
6.532143589687215979e-01
7.385479671248049716e-01
6.523464356319983448e-01
2.678257611333449972e-01
5.477145697776026889e-01
7.392369740999906735e-01
7.389358334758358016e-01
2.670910571402176914e-01
2.704618932303942680e-01
2.793265754269606549e-01
3.634522060886181127e-01
7.375046927979611588e-01
2.669467121507239638e-01
2.661739462957199431e-01
2.666440407904809851e-01
7.389334089102965741e-01
2.711251575579393669e-01
6.689230910201507951e-01
2.791621913723277837e-01
5.565255996269909966e-01
2.706139152663607494e-01
3.763292548630908230e-01
7.387898640520201843e-01
2.926298266205099585e-01
5.848056788954820728e-01
5.307006229906635619e-01
2.757321809607284346e-01
7.388127323590546469e-01
7.388345246896508289e-01
6.537550104024381081e-01
7.384615193731947080e-01
6.407763559453178992e-01
7.386307705846762994e-01
2.989175304523630228e-01
4.233691597934544082e-01
7.385395327552138900e-01
7.384090325129095689e-01
2.676093501792138896e-01
7.383525936741244244e-01
2.672988591074349496e-01
6.305379288387660264e-01
5.615022385573463781e-01
2.670280869318706896e-01
6.099872482302465260e-01
7.383747640936346723e-01
2.755472702726284306e-01
6.160742347962336884e-01
6.394533114034541832e-01
7.392190974519148305e-01
6.519468598744693200e-01
6.161119639875727305e-01
7.394508107317974144e-01
2.709678721019301850e-01
2.694689858381585368e-01
5.933496864580989349e-01
5.340895910159120241e-01
6.548169114291740867e-01
4.848139494301184627e-01
6.097216305821285820e-01
6.127199450089081401e-01
4.912649476587594988e-01
7.391156562370313488e-01
6.423039284627463097e-01
7.391240657535015357e-01
3.081007202354705821e-01
2.694333890076887061e-01
2.723205450347642720e-01
5.047010942207617035e-01
2.812106802195248334e-01
6.442521834169628869e-01
4.677921106285033992e-01
6.534162168043626817e-01
7.388097116631504591e-01
6.257892077699611644e-01
7.386616525860562055e-01
7.394223027416901850e-01
6.488057951856986971e-01
7.390930065954816053e-01
7.386694778716456078e-01
5.886775567563516942e-01
4.066827100746462365e-01
3.938979595697837954e-01
6.497859189064277841e-01
3.173887201192831520e-01
7.388786784850523981e-01
2.663106274574012500e-01
2.670568502518957943e-01
2.668026237477165719e-01
2.729508639311309381e-01
4.747415846113280380e-01
2.746908289128067171e-01
2.708328101291740397e-01
2.679468207666448887e-01
2.682521673533936335e-01
2.681374941706636816e-01
2.679002603462566912e-01
2.777629510157750836e-01
5.652246056396246221e-01
2.681949184490597382e-01
3.838483593540772398e-01
5.910676187239605195e-01
2.713552054683474046e-01
3.076656991015303544e-01
2.663697465139894804e-01
2.663888357140880014e-01
3.091782698472689273e-01
2.797841343422528548e-01
2.664577234283610485e-01
2.671899299779859627e-01
5.676499421209734164e-01
6.098502597107715584e-01
6.052821309520127757e-01
3.460202317694808238e-01
6.504274936962644027e-01
5.408234847420508862e-01
3.660097544217113530e-01
2.743525141688951674e-01
2.724748977689374629e-01
2.669689203181456194e-01
2.670340439494292006e-01
4.187512389119865674e-01
4.048794245989179585e-01
5.937835396966391066e-01
5.159576695031052873e-01
5.064168511201175837e-01
4.388384403583298621e-01
4.507270348299627361e-01
6.253098304518190931e-01
6.371576960183483740e-01
6.345300912099373081e-01
2.714152939829598821e-01
7.393692097243609318e-01
7.394134607582745211e-01
2.673951586665468949e-01
2.664694948383536932e-01
2.667243033383084883e-01
2.665207046106238820e-01
6.454235228149201031e-01
6.467920985101407449e-01
7.389630124479235063e-01
7.390512371579729400e-01
2.699747470038776354e-01
2.710157299882958726e-01
4.719657510012692514e-01
2.728634324460995075e-01
2.772818846573134599e-01
3.680892519337801705e-01
5.995904056363331458e-01
6.043902931731296446e-01
6.326139009865753282e-01
2.819517056104749453e-01
3.233816670928966186e-01
3.371945796317055710e-01
2.665775710070068527e-01
3.742430309271431166e-01
4.925559197814581847e-01
5.987499554147084346e-01
5.221244939967614185e-01
6.137558586050463338e-01
6.503200582431750698e-01
6.488312331936156863e-01
2.727134945117710707e-01
3.533208122276289553e-01
2.894588840569746746e-01
5.768690297341706463e-01
7.389262497853698042e-01
2.664421398323473800e-01
2.662852415694221819e-01
2.667559376277156558e-01
2.667898095402429504e-01
4.417986977060803788e-01
2.694712720184761490e-01
2.700957738091476212e-01
2.690023366390343895e-01
7.394811795011999589e-01
7.394528374972568763e-01
2.692750783235614565e-01
2.762413324901008549e-01
2.662519059034002544e-01
6.508220227875162189e-01
7.388806198549443538e-01
4.233687994323978576e-01
7.393724266819369229e-01
7.385706097236872658e-01
7.357994109565170193e-01
6.532199919544660061e-01
2.685191573753532568e-01
6.396635595374904337e-01
6.420936194068341818e-01
4.576800364149290479e-01
4.648788641207045047e-01
2.686451807901346633e-01
2.679212047875166869e-01
3.618345583963965550e-01
7.389319907178970581e-01
2.672891347553015828e-01
6.464369481776208737e-01
2.660755692906828784e-01
3.244677558721757449e-01
2.678737419240291295e-01
2.698123470553742687e-01
6.191673778283675045e-01
6.143805911572221001e-01
6.503677777636461821e-01
6.507056908436533726e-01
6.847026480680626914e-01
2.672673199940271971e-01
2.672108567210108032e-01
2.671675236754821325e-01
2.671354602960354097e-01
2.666779595791047286e-01
2.669714232840793566e-01
2.670612355227419132e-01
2.670350994516237919e-01
2.668470072503687507e-01
2.672459109649214515e-01
2.672523815751915999e-01
2.669744821774390764e-01
2.676681859084229509e-01
2.760970853454681739e-01
2.760112500921347300e-01
2.670255343542088378e-01
2.763131616497873089e-01
2.776716947241458788e-01
2.688936957785620918e-01
2.688052428287494022e-01
2.713747007392675603e-01
2.703845187248103410e-01
2.697128391721359542e-01
2.696833806614554185e-01
2.686228861774099252e-01
2.680731786712147180e-01
2.687570713345522888e-01
2.676365958569707493e-01
2.673460274626490718e-01
2.682252117950660320e-01
2.670803895344217027e-01
2.676270885452111115e-01
2.716851864297732400e-01
2.678030493242871124e-01
2.705534502037891809e-01
2.694941620686504558e-01
2.684480722519365092e-01
2.670252285464604358e-01
2.681619204825134717e-01
2.675513594845755350e-01
2.690902450104147858e-01
2.685937544361597928e-01
2.704042162418058282e-01
2.668714592574419342e-01
2.677765770381211330e-01
2.705462035392248721e-01
2.674530141667732508e-01
2.689543920631584650e-01
2.767401263297295522e-01
2.691552260952204123e-01
2.706190027964920919e-01
2.693556884601148171e-01
2.688151072870240688e-01
2.675380652215805788e-01
2.686982053233438750e-01
2.768588357926013988e-01
2.688885181747962538e-01
2.705837204619861991e-01
2.776883508965685143e-01
2.746535611932290344e-01
2.689657420049720860e-01
2.759574901721052465e-01
2.724669204929764943e-01
2.676206444978178056e-01
2.697871896451993212e-01
2.762980855103711053e-01
2.763298736002240408e-01
2.726985764260804745e-01
2.669334877393434446e-01
2.776734533103022429e-01
2.692929590680828156e-01
2.695521496650524762e-01
2.768014744529879723e-01
2.772091149027565704e-01
2.771734864085867445e-01
2.757744061812226199e-01
2.711304312140339623e-01
2.771679090095826026e-01
2.772134635162541438e-01
2.704184126788201081e-01
2.771752913329379453e-01
2.702760802829735631e-01
2.725856454978588528e-01
2.696076974632217182e-01
2.770795953195887007e-01
2.692332821941967880e-01
2.699972036873065084e-01
2.771441453549084444e-01
2.743951722605537658e-01
2.784733022567329463e-01
2.745420131869906188e-01
2.782988334070748415e-01
2.692674722809512700e-01
2.700591872770619628e-01
2.705053788245990742e-01
2.952612368919225183e-01
2.744263608733105153e-01
2.693115444749657472e-01
2.714355364799427850e-01
2.961300626744660103e-01
2.697882055544797986e-01
2.696732475385313910e-01
2.725614649985776961e-01
2.671695736058905535e-01
2.726372077792789117e-01
2.697847244778006637e-01
2.698121646279372232e-01
2.697919942049761821e-01
2.697805295650957391e-01
2.700403045372301025e-01
2.785989895502892222e-01
2.699325637701702196e-01
2.692543729568585564e-01
2.697883963248027817e-01
2.697632461535065529e-01
2.697095533324665451e-01
2.697988241511188878e-01
2.698384156110895660e-01
2.705437353471638606e-01
2.775192892030420300e-01
2.696494916610737147e-01
2.696638631041661238e-01
2.777623788245186520e-01
2.691972212217194627e-01
2.695992831889547636e-01
2.714837853842503312e-01
2.765909534095539191e-01
2.696971749435757015e-01
2.690893182673275708e-01
2.692079916098139014e-01
2.695278415627090918e-01
2.693403648006754136e-01
2.691707575695863608e-01
2.690164653518296589e-01
2.681639118564554392e-01
2.754750764371850513e-01
2.687142849492540897e-01
2.691785301789200169e-01
2.687315519737885627e-01
2.687352767974380274e-01
2.717539193191119140e-01
2.744616870378704387e-01
2.697778510060719892e-01
2.683711256465741712e-01
2.880778277646026675e-01
2.735112486396982789e-01
2.719181361248375617e-01
2.693237554508664533e-01
2.670042941233864431e-01
2.682748024599002634e-01
2.765443640226925015e-01
2.680318652951965142e-01
2.840598522906733203e-01
2.823835637603300808e-01
2.792001411273974942e-01
2.770899788606687175e-01
2.811478274409033862e-01
2.776650300585711273e-01
2.817906524973283755e-01
2.685100565081999791e-01
2.739719210635538360e-01
2.802846349316731600e-01
2.824968543093624995e-01
2.722433859168228443e-01
2.836279659333164060e-01
2.846641459144041986e-01
2.859870438183291785e-01
2.782732987447085748e-01
2.829910132791844113e-01
2.759958277782769698e-01
2.749540666190364857e-01
2.676535927625340872e-01
2.778211680930606220e-01
2.683328429201646825e-01
2.730574452621634118e-01
2.696362074666885933e-01
2.717862358910425047e-01
2.862642259832134939e-01
6.290409680907382839e-01
5.279152459304196077e-01
6.505906282309342759e-01
3.215314893261172480e-01
2.699809829652923265e-01
2.687179226094258966e-01
2.708042370018487466e-01
2.718891219347751020e-01
2.682226171635269663e-01
2.694238150412767152e-01
2.686320915247600860e-01
2.706422981737668376e-01
2.826503938572597074e-01
6.974144427633435228e-01
6.499447504893229866e-01
5.524442580850726925e-01
5.807922867012894619e-01
7.379957300332032899e-01
6.501184735194617259e-01
6.169624877139124886e-01
4.346214788353947589e-01
7.391283923393763278e-01
6.246993275227008535e-01
3.076722668621793555e-01
5.443764243152565685e-01
7.387117814644005298e-01
2.665095519183386941e-01
2.667928403063134501e-01
2.680268446692403161e-01
3.294765631918011861e-01
2.815941362251971891e-01
5.065191267676322218e-01
2.713274063787438073e-01
7.384523885126348386e-01
6.439306173335904715e-01
7.391507604238354290e-01
2.868989632116606958e-01
2.663173729242012122e-01
2.693082632483135841e-01
4.681559879438673688e-01
3.549530853084104653e-01
2.771663688079468724e-01
7.226325991525519576e-01
2.684435355427222669e-01
3.780534364747950016e-01
2.687353794451082245e-01
2.665208739666181104e-01
2.673147651062078856e-01
2.676092811909915326e-01
5.675445476565750269e-01
2.705904341038671279e-01
7.383998934289284222e-01
6.516194999872790827e-01
6.012819501154111901e-01
7.383710557474174596e-01
6.512402178728193824e-01
5.914973429458326715e-01
7.365285511363016679e-01
6.379192804165728647e-01
7.393013758216525622e-01
5.522894089585875799e-01
2.697440075220291500e-01
7.383802604748528342e-01
7.384886212445107567e-01
2.687078286423183471e-01
6.541668861129794621e-01
2.705532494790064968e-01
3.822113233848704605e-01
7.385784197804248219e-01
7.389621965383902369e-01
6.538669948791310249e-01
4.339685226015070896e-01
2.694799019583480892e-01
7.394614253671165649e-01
5.437304245870108188e-01
6.322583195683652013e-01
6.522161644662147761e-01
2.660243787401577742e-01
7.391099444901468862e-01
2.704677398327742788e-01
7.386413472225270560e-01
6.518121545364369274e-01
7.385499269910337228e-01
2.694744008172795802e-01
2.691932752552023689e-01
4.246266342191348797e-01
7.387055772791432107e-01
7.385171523607991784e-01
6.183706620410424071e-01
7.383927553422691137e-01
3.893598158182178248e-01
2.677997986136985697e-01
5.263586326366174184e-01
5.604972984944623926e-01
2.681382620561088559e-01
6.460035322255697210e-01
2.702444151062951549e-01
3.825080024972805637e-01
2.667039789798572036e-01
7.390452094583023213e-01
6.533677269050384151e-01
6.006626500840729355e-01
2.885489472957351031e-01
2.660808071405298958e-01
6.142543925496335433e-01
3.231088968894586522e-01
5.815058788717974991e-01
2.674299714871771760e-01
5.255341515240247174e-01
4.508464141010919413e-01
7.387830668500301456e-01
7.384199704227153438e-01
7.384004345809246361e-01
6.214021770123682176e-01
3.496440512924849364e-01
4.314364681319579065e-01
7.385413541257899173e-01
7.383977701625119572e-01
2.694063130056678079e-01
4.787161618552330800e-01
2.662498476117418633e-01
6.318212400299368925e-01
6.505372216587812506e-01
6.488257118777720489e-01
2.743966035838130146e-01
6.515835624574183305e-01
6.376386434850997986e-01
7.392379184173376583e-01
7.361431801408910847e-01
4.323888586527844802e-01
2.742775342109357584e-01
3.151760706791613131e-01
6.506019081949493410e-01
6.530984246379590852e-01
6.109494472771198614e-01
4.966829784988190943e-01
7.391336747381436201e-01
6.429650785047202888e-01
7.390510496810395180e-01
3.610658785247057301e-01
5.103902077199893306e-01
2.874003244468653073e-01
2.666113854712410247e-01
2.671804149115792337e-01
2.667535336919843458e-01
2.666035517916525710e-01
2.667869072249625662e-01
2.682553628854991712e-01
2.730800267213775445e-01
6.646070677445017338e-01
4.445495603642152238e-01
7.288469897509154416e-01
4.610457953184462498e-01
6.228843912109919279e-01
6.508674873373854197e-01
2.667870809080437611e-01
6.489272517052436795e-01
3.619797857182274203e-01
2.718609085271659342e-01
7.391225661619473808e-01
2.702096015987620614e-01
2.694022881718881046e-01
2.713993427912349543e-01
2.797535934247770140e-01
2.704968693093229848e-01
2.694234708207752238e-01
2.684913155371937976e-01
2.714873147346810178e-01
2.748648683683422300e-01
2.971962303765393609e-01
7.385549382029554799e-01
6.502411628641494579e-01
4.002667320124926320e-01
2.678928207689214580e-01
2.684485095586938153e-01
2.676794532097279133e-01
7.384950726092767148e-01
3.588058791906175715e-01
6.445903476581718028e-01
2.672045759005508003e-01
2.676922960947339392e-01
7.388526876191569004e-01
2.792146857038164676e-01
2.667017166111188553e-01
3.565034830139923172e-01
2.672503847203432370e-01
2.706167049373318645e-01
3.803367991366667367e-01
5.688813811022996880e-01
7.385237481801356640e-01
3.161139569667308913e-01
5.871138550651572308e-01
4.501544512550482713e-01
5.942217916531701283e-01
2.714900675979329270e-01
7.385963203349320549e-01
2.671552866804754456e-01
3.033338200610279922e-01
2.745762474408651177e-01
2.666012253013844147e-01
7.363585736325233277e-01
7.231771570833318563e-01
2.685220522614112371e-01
2.786719935009674964e-01
7.370053537553492573e-01
3.039563866229264000e-01
2.782150761277181750e-01
2.667850360438729362e-01
2.675789198560133419e-01
7.322547943853923158e-01
6.068174621751278863e-01
3.981864364554631441e-01
5.360629106185552661e-01
2.726224754322773558e-01
2.672016790847272505e-01
4.122468133283455627e-01
5.906526962160415506e-01
5.113353013709821537e-01
4.452315670892288968e-01
6.264115887082616352e-01
6.349614509814892616e-01
2.725116593077238081e-01
6.512627678067895998e-01
2.686564413015814501e-01
7.393815523042206461e-01
2.675212734100728684e-01
2.668753603027702037e-01
2.669818676203816188e-01
2.667781062492328714e-01
2.662886387431131485e-01
2.665572183312819310e-01
2.665712694192600152e-01
2.669477631474468926e-01
6.451310779689014563e-01
7.389851946766108348e-01
2.702953793267681704e-01
2.697492470102180739e-01
4.661452306623807273e-01
2.730054304416551503e-01
3.763249333668873264e-01
6.013292701899023429e-01
6.300111302981040717e-01
2.771794807880987865e-01
3.317100291637522513e-01
2.667925534595804171e-01
3.764025241369396424e-01
4.983658626885135723e-01
2.701994757991810214e-01
5.268131417610266709e-01
2.735855586100247594e-01
6.485768153347274412e-01
7.384771698262179163e-01
2.702485410409495858e-01
2.685780130423957024e-01
2.735569376702083888e-01
2.934536344947530906e-01
7.303254500863326504e-01
5.636799736747918343e-01
5.804321159986903789e-01
2.666287439312358121e-01
2.670236392594400043e-01
2.684573258150469433e-01
2.697634136884673461e-01
7.329152496447182141e-01
7.386234894114516170e-01
7.394597676663349217e-01
2.705625454860138834e-01
7.389176691138131803e-01
7.393762535924418566e-01
2.690930774193655006e-01
6.398551966271072144e-01
4.644754877728077269e-01
7.383293286164691605e-01
6.508275634063467319e-01
2.677353402435436180e-01
2.675724143590351156e-01
2.689389657445470094e-01
7.368223654726536731e-01
2.676265658077641163e-01
2.685941769311894212e-01
7.383839183441682774e-01
2.683904110593185455e-01
2.680545466193859916e-01
2.877359638596296842e-01
7.388681660754744529e-01
2.677136493516165117e-01
5.479722988972285380e-01
6.515622101508375952e-01
7.388343487566215728e-01
2.701053444333293974e-01
2.687245141423331152e-01
7.387166658723601786e-01
7.390308389756440333e-01
7.246343182152177320e-01
6.158154784918586921e-01
4.616205167301106194e-01
6.493482033358716210e-01
2.728054733627151562e-01
2.671255797393491949e-01
2.669040143964810929e-01
2.672021918349429259e-01
2.670494674251590039e-01
7.384355861604326998e-01
5.630525065917884042e-01
2.918269214953020385e-01
2.742594974402642327e-01
2.786704893409854833e-01
2.698670041359679805e-01
2.675842992005947329e-01
2.680179870731689840e-01
2.679101823623237788e-01
2.679785896320127092e-01
2.679666579348803923e-01
2.682463348851196194e-01
2.737956483583096068e-01
2.681225364128527744e-01
6.118584292337587716e-01
7.389901643195160297e-01
2.779075942210479377e-01
7.388274761901100218e-01
2.788169257405767598e-01
7.386283885939423088e-01
2.673295713085053760e-01
2.676529677941824059e-01
2.910666865552035687e-01
2.796005086022200214e-01
2.815181979337852414e-01
2.694275326621796141e-01
2.726129646824681507e-01
2.704400007124557193e-01
2.819436527348895272e-01
2.816607647497187394e-01
2.818323994225820361e-01
2.704934870032060235e-01
2.697058639330370267e-01
2.818984855795860223e-01
2.704477688155305093e-01
2.825732871756675979e-01
2.699323138088616236e-01
2.831101575488874089e-01
2.699912459660175901e-01
2.699964706514101920e-01
2.700089806934306003e-01
2.705548966470082695e-01
2.697478863899381296e-01
2.704911224286398186e-01
2.828831439695985162e-01
2.698505983649162054e-01
2.677654812373512772e-01
3.035962975718528578e-01
2.701109642378730635e-01
2.811347579349865455e-01
2.804463272736136270e-01
2.809262683723953158e-01
2.699027683841622172e-01
2.702727021361704396e-01
2.703472973569217563e-01
2.696105451490035110e-01
2.833838419316030977e-01
2.702440689801887119e-01
2.696393931217409001e-01
2.703616149393459622e-01
2.704853006423369455e-01
2.698522989795330007e-01
2.671019379738560073e-01
2.707097919039716527e-01
2.946191848291312421e-01
2.773218713859408879e-01
2.774799589932828159e-01
2.741487859599352483e-01
2.669910573829663014e-01
2.694143465245775748e-01
2.747733962717163747e-01
2.681035509819651441e-01
2.698060542948894081e-01
2.685021657628166025e-01
2.691924321634223127e-01
2.695077088120507169e-01
2.698127985013050734e-01
2.701221192466303767e-01
2.708397938565105800e-01
2.703771705373823053e-01
2.694772126170359994e-01
2.701684129238030585e-01
2.684188448430377960e-01
2.720177976784591278e-01
2.688424870865394056e-01
2.697090571730911823e-01
2.682511441236910543e-01
2.676902628314030141e-01
2.679273393786833490e-01
2.681953899408933695e-01
2.690118213079542020e-01
2.705060388593108489e-01
2.677708439821213648e-01
2.684885684694955921e-01
2.674677048889836373e-01
2.691538897418684906e-01
2.682466498874928051e-01
2.697775770170219856e-01
2.685183785064076400e-01
2.678625960568030706e-01
2.696750589839887469e-01
2.682093474594437477e-01
2.683272710138665529e-01
2.685594120026486009e-01
2.684265323808416315e-01
2.687103997499288299e-01
2.686290432412039020e-01
2.688620579195900584e-01
2.680442123867346482e-01
2.703122674551313720e-01
2.692334955615082737e-01
2.687856689887673234e-01
2.735299719043264854e-01
2.689875596029609461e-01
2.728317724861265003e-01
2.746052739879594196e-01
2.758429278556114306e-01
2.698373215825057292e-01
2.771937641200585278e-01
2.703027252383121692e-01
2.786429308880535305e-01
2.697832739534146707e-01
2.801764535735942196e-01
2.810351684883842238e-01
2.967426749096528926e-01
2.818010978207359241e-01
2.829164615461478571e-01
2.843034673192312289e-01
2.857404116259012472e-01
2.920398284537100153e-01
2.875851784088274687e-01
2.868344085276581246e-01
2.940414631176610505e-01
2.892582108775104688e-01
2.898800710584854001e-01
2.886076653438323647e-01
2.919288432995412186e-01
5.633103796954439524e-01
7.388431792065983661e-01
7.385580069879689180e-01
7.387555010186798166e-01
7.383446506170989743e-01
2.673674163685978988e-01
7.386202625244442377e-01
5.809885012570918938e-01
2.797808428726124008e-01
7.389690725584968645e-01
7.387561170278083011e-01
2.689602894527055033e-01
6.502738701047728886e-01
2.687051556253325368e-01
2.687537390471695375e-01
7.387232305854108949e-01
7.384401912981515270e-01
6.490305067309214415e-01
7.383006089980342912e-01
7.083483957136524900e-01
7.383934008991117626e-01
7.263836171491667715e-01
2.678470966849517132e-01
7.384824089747428211e-01
7.386035032559044033e-01
2.700470460758105928e-01
5.656404143333126910e-01
2.673371258577106890e-01
2.680233808991847044e-01
2.789703874574856468e-01
2.750857719190640260e-01
2.692249888528725488e-01
2.697489606304254162e-01
2.676597911950284736e-01
2.707433663074356733e-01
2.680523893722583373e-01
2.686060376364821090e-01
2.678475759656622768e-01
2.692183592054893659e-01
2.676880218467215800e-01
2.677771313754481186e-01
2.683905369254333539e-01
2.685921001711954470e-01
2.681958569205780685e-01
2.700256673176846256e-01
2.738039679285127481e-01
2.772799171530706541e-01
2.678932088049342797e-01
7.389056466696384273e-01
6.514071841036244148e-01
6.565638288149266977e-01
2.843343449355815733e-01
6.521894991823373733e-01
7.384555451076206811e-01
2.748221410141010734e-01
7.217694966121144251e-01
2.715264649694091870e-01
7.388349857392896292e-01
2.677092164764710569e-01
5.476444528934136802e-01
7.383758661994815897e-01
7.387531110947714863e-01
7.384459696172488430e-01
2.676983066282644375e-01
6.111152096960100755e-01
5.451062770164214477e-01
6.511361188844305703e-01
7.389616549193352979e-01
2.693260527224636269e-01
3.067602233598736849e-01
5.666024918827897716e-01
2.842772512355525305e-01
7.384038688489914515e-01
7.385964193565824898e-01
2.706760702723794432e-01
2.701802133085401958e-01
7.388665041793442967e-01
2.677102320043340811e-01
7.389645180916164513e-01
2.672571928503820193e-01
2.679807412566606040e-01
6.101987304980134308e-01
7.387788299384414614e-01
7.389329516194371728e-01
2.683608344811212465e-01
2.682263935909158792e-01
2.681356575517492291e-01
2.676471862574067995e-01
2.757485062027523193e-01
2.712317680516324048e-01
2.706623849787139768e-01
2.691067435235430794e-01
2.685222017971031772e-01
2.690802830657211819e-01
2.704627691411346513e-01
2.714086401089798595e-01
2.797130079740101083e-01
2.743222156148115154e-01
2.878419208078370484e-01
2.801674852759969969e-01
