5.965607031156245910e-01
5.220224366515098247e-01
1.880860800495352536e-01
1.883548239126985879e-01
6.356320127950987331e-01
3.986556203406523835e-01
6.730691660532681642e-01
5.992674313689209109e-01
1.914155488341217348e-01
4.827442542764176503e-01
5.269588660041905070e-01
4.716013749463425775e-01
1.924759504559313272e-01
6.114810858450903108e-01
6.932006635199761124e-01
6.588715151541731929e-01
1.895079908868901597e-01
5.816869542471881926e-01
3.696945479739206508e-01
3.777631926267887019e-01
5.224692292816827122e-01
2.347109833054263073e-01
4.887601897628558456e-01
6.992042565962101053e-01
2.134355387662038583e-01
1.879372360596424651e-01
4.454926555972393287e-01
2.944125025625489167e-01
4.239539364669562271e-01
6.701566643915738419e-01
1.886294852879903394e-01
5.972916312233182978e-01
5.584334486153560428e-01
2.597762870220713394e-01
1.883695697302866234e-01
6.362933627377737045e-01
8.191527477558538939e-01
3.046996489305997535e-01
4.647885104223463126e-01
1.926406773384638227e-01
6.218169936276916054e-01
3.432501527324017254e-01
6.199408834920511202e-01
6.973177206265366301e-01
1.891149187691719968e-01
1.882663934942175044e-01
1.966636999135892017e-01
1.877361217252922210e-01
5.468910527504214913e-01
3.902462298208451141e-01
8.176848617513620132e-01
6.893334779315990479e-01
6.645903705898591474e-01
6.727374905675759242e-01
1.925387753760086085e-01
6.804745254521166187e-01
8.188679000299163846e-01
8.178850647541866525e-01
5.781989214094210849e-01
8.190089181546799102e-01
1.878752341936589521e-01
1.889721003493928242e-01
5.923168209580812471e-01
6.600286617017312452e-01
2.016871905812039900e-01
1.986891527057443874e-01
4.979778858621720650e-01
4.538009889974349287e-01
6.537358720357773212e-01
1.895293105141488965e-01
6.929380860430131017e-01
6.910714778688643589e-01
6.859346424402537057e-01
8.185246460037544081e-01
2.027702162367918948e-01
5.199695866294496982e-01
4.305057559629079655e-01
5.064923757742818555e-01
1.994352832989131075e-01
5.528116692915033825e-01
3.329236753442271768e-01
3.743684798393329127e-01
6.972033110947708501e-01
2.100289155904160321e-01
4.298307249920856887e-01
2.455115158832226196e-01
8.189229381520602979e-01
5.429953549592874129e-01
1.919783929181346216e-01
6.155737029646105585e-01
6.825989811456542045e-01
8.192160913460182492e-01
1.962095164283683968e-01
6.361875728432268007e-01
8.178339529031083410e-01
2.100852810430129947e-01
1.882894643283650471e-01
5.518859202901963412e-01
8.176781007409016366e-01
2.180400931868069214e-01
1.893118447585115660e-01
1.878043949644277455e-01
8.182740226244353821e-01
8.160394723803578998e-01
1.953758277102876639e-01
8.191041154490310561e-01
2.990840635335998421e-01
6.723626983485146980e-01
1.881748565953465790e-01
1.889229096608736336e-01
2.532004992699727897e-01
8.191786071940055924e-01
1.916316913670363109e-01
3.252579913414326285e-01
1.956624767852110369e-01
3.920069103733177518e-01
4.334762095405477189e-01
1.936638778699263652e-01
6.173461088786574846e-01
2.960038946798642656e-01
1.891591726153985520e-01
8.185847054960552205e-01
1.890049972633878472e-01
1.886689615910747686e-01
1.886014011091434739e-01
1.884474873970297948e-01
8.190426122441821777e-01
5.821344413739175661e-01
8.166005057147163182e-01
7.324629386423975319e-01
2.764706088500178960e-01
1.881633709778991470e-01
1.959169729247655367e-01
6.977886796632538635e-01
1.886434838867754316e-01
8.182090047781100939e-01
3.085395773042065026e-01
1.896757996960073689e-01
1.881207620853783957e-01
8.177425233829441753e-01
6.080038683670218047e-01
7.481819427465491446e-01
6.274109003044092692e-01
6.804735869059241882e-01
1.978468850491677256e-01
1.926891693117001592e-01
3.976035533578620718e-01
3.886695251261674255e-01
3.666323892581070942e-01
8.185993347785142094e-01
4.614356675023459919e-01
3.823960162312529665e-01
4.385736986621359135e-01
1.950495161638077790e-01
6.986842127558430260e-01
4.909032000310067922e-01
1.878416738007441245e-01
6.896492385995505181e-01
4.247757566073959157e-01
6.613262809420208388e-01
1.896306048304994274e-01
1.893366343040883137e-01
1.894630193223390824e-01
1.901113125728265130e-01
1.900435496513297740e-01
1.895004250544146673e-01
1.903926345859112690e-01
1.896712245899586924e-01
1.930611595903445887e-01
1.933115950544362915e-01
1.935337543192150178e-01
1.939290646651830874e-01
1.938049230197211870e-01
1.943620087028525290e-01
1.976990105590531732e-01
1.942113438850016638e-01
1.939409747235293635e-01
1.944265076802135506e-01
1.936419778582295081e-01
1.940945506433859047e-01
1.981368836870950612e-01
2.041059208436539485e-01
1.931461242524363797e-01
1.936097095514915101e-01
1.937710754535495739e-01
1.946340845008650011e-01
1.961265197068044752e-01
2.010840129970611345e-01
1.968121174915264671e-01
2.022202510869824388e-01
2.305840745439364514e-01
3.190718907766663115e-01
6.854382611633957900e-01
8.184977996859333915e-01
8.179729677970676294e-01
5.358881024329751330e-01
5.039620817419308008e-01
1.960149785607649131e-01
1.969743330007509841e-01
2.098922096588820285e-01
1.910946744626605687e-01
6.813198484978518765e-01
8.187584624417163504e-01
6.055092379957689452e-01
6.904029196937763180e-01
4.085207508704223334e-01
1.893513632810493175e-01
1.875908555825961388e-01
1.885017756067766115e-01
1.883577179279384561e-01
8.192581376904493062e-01
8.191136251537487478e-01
1.956526183293158527e-01
5.726848029177986632e-01
6.779094460730139549e-01
8.188711931350448614e-01
2.324308410780386580e-01
1.941601717851847986e-01
4.390761477213389607e-01
8.191162199329771187e-01
6.394923995411915252e-01
5.691349862943223537e-01
6.937696835469830958e-01
4.866610399899259365e-01
4.713190309013038926e-01
1.893298131513302951e-01
1.891802048047334095e-01
1.890433275700531268e-01
1.888863422020091720e-01
1.908028458998754784e-01
6.661878310941712344e-01
1.907002457189320710e-01
6.522121110806161637e-01
3.356068944787261588e-01
1.880335177871889085e-01
6.779570992058626677e-01
3.992597582736416850e-01
6.959620628693358180e-01
6.365059358721456562e-01
6.480246134677932757e-01
3.491709470567879170e-01
1.882408909509104833e-01
1.875102868779407739e-01
1.967372229393543337e-01
8.097802372543234650e-01
6.800823882285196298e-01
3.249650055145180128e-01
5.405556001164198987e-01
1.956898605329075447e-01
6.872123990228293788e-01
4.426196361477352514e-01
3.784500139677788311e-01
2.941765080263516463e-01
5.633836479459047863e-01
4.404479930156965373e-01
4.175930893986078418e-01
1.888255689928138026e-01
6.331295991776418886e-01
8.191527114667821463e-01
5.077942878371374258e-01
1.882744151677900879e-01
6.959582487977394871e-01
1.900667045704197700e-01
1.899406097996594600e-01
5.367100000996101183e-01
1.938313049033388302e-01
2.068834784255005610e-01
1.879316399104522528e-01
1.923967075770673107e-01
1.887356084241938181e-01
4.786583763774810985e-01
6.513125323683158774e-01
6.916275744588825658e-01
2.172059567776798983e-01
4.750181792796384639e-01
8.183749861116657032e-01
6.920335582978126565e-01
5.913078643737958995e-01
6.952917231032919032e-01
6.441601267634773365e-01
6.250438444289256879e-01
8.181223521044159730e-01
6.956810981193061183e-01
2.954683480828051989e-01
1.895647761568313994e-01
5.005639326560924474e-01
6.494720045235232719e-01
6.038058545898533636e-01
6.654221100801278599e-01
4.514811190290095588e-01
1.929808013893018204e-01
3.080991274758596021e-01
3.743245152147594013e-01
2.699759989360774881e-01
1.914531646361955219e-01
6.602070977711580468e-01
7.273332845170524807e-01
3.844047094094466543e-01
6.011608793230924785e-01
2.269591271801890409e-01
1.891835312358109422e-01
6.807131029487679674e-01
8.184696184773998517e-01
2.863093559476559413e-01
6.631281989986473890e-01
2.123903312938601462e-01
2.207970217117144474e-01
1.881216647438035128e-01
4.085367470922078303e-01
1.900002929271692453e-01
3.247047996534065950e-01
5.681743885994869903e-01
4.853516656712227317e-01
4.693716771474857330e-01
1.884374599083190605e-01
6.311593004653736072e-01
6.949313845858419159e-01
5.426785918163362643e-01
4.232678190676186225e-01
6.964145859719123033e-01
6.837475289880092788e-01
1.908268616590892974e-01
2.839210796197926268e-01
1.885019869272416548e-01
6.851233955323566827e-01
3.237560499934121205e-01
2.775327462341907747e-01
2.048745012771390206e-01
1.888694422529697270e-01
5.682012981967564658e-01
6.936225760447579658e-01
2.387215769524720366e-01
6.937088738447133585e-01
1.891617588909361158e-01
2.407213878898963877e-01
3.622307217435871696e-01
1.895130779439594126e-01
8.182877499645114794e-01
5.525812590826254533e-01
6.288989651461789343e-01
2.599138717827229050e-01
1.876228838096682117e-01
8.191033551258037892e-01
8.190996182708852880e-01
5.292873905148433034e-01
6.095893726010450653e-01
1.957983105468334151e-01
6.558221121750088534e-01
4.066674063989751398e-01
8.178491029255212652e-01
5.904821304062217724e-01
4.151136276446455442e-01
8.180227356146380080e-01
3.426309319925409103e-01
3.114601385324542449e-01
6.802258765223387904e-01
6.823016386593465654e-01
1.888097939743028642e-01
6.696285286674075188e-01
1.967218279646262280e-01
2.674290941302396862e-01
6.872500592896272353e-01
1.934626121806533317e-01
5.337799387594545086e-01
6.742341211850676475e-01
8.189342627725935131e-01
8.185035566164111653e-01
3.375323521090442536e-01
6.910894135923351111e-01
6.561023272768261583e-01
6.836242000175841715e-01
8.185921490024399283e-01
5.151077716983862853e-01
2.014145852571731510e-01
8.191301104924939569e-01
1.896030229379408738e-01
6.225499691378375555e-01
8.046734402387852869e-01
1.916665130498241831e-01
1.905899931816307236e-01
2.020553908276085109e-01
8.182954356420273356e-01
3.474715551337409503e-01
8.181976345350157054e-01
1.885883591671217441e-01
1.875371397971430376e-01
2.078584191385180469e-01
2.240744976752754303e-01
1.879402924594278101e-01
1.898345577922288530e-01
8.177196409589351234e-01
2.405342385781574777e-01
1.876435120949198898e-01
1.877323461345404565e-01
8.182042548590737763e-01
1.927033044268186002e-01
6.925214061924520603e-01
6.919293673513984277e-01
6.810967963411536097e-01
1.876459499496689887e-01
1.875495517645245913e-01
1.906943074886229827e-01
1.891043323592287717e-01
4.965146204635706995e-01
1.875570939902103940e-01
8.121716370939717766e-01
6.855090066243122449e-01
6.891115910700131852e-01
1.920184825369978809e-01
1.919292244610780185e-01
1.983721178575105770e-01
1.891681157789694145e-01
2.001330866370104045e-01
1.882184643488989950e-01
5.177229726021800316e-01
8.181109089508548093e-01
6.683646926943856981e-01
8.187790421167109312e-01
6.873030393765465762e-01
8.184214245221700379e-01
4.574285359939689877e-01
1.910148948890391662e-01
8.176102430324805326e-01
5.701930097532731390e-01
4.146394236173025494e-01
2.689038560574954495e-01
1.897343898710498467e-01
8.176878628851586006e-01
1.891043165594139541e-01
1.877172375641179558e-01
2.143832296091862655e-01
6.402628245906304416e-01
1.993112703771275362e-01
1.875227226749277554e-01
8.184113211826902212e-01
1.895392972306529922e-01
1.881268360905735959e-01
1.885883430397704008e-01
1.886034568217826168e-01
8.179294234006058151e-01
2.135670167676122222e-01
4.228927628528388327e-01
6.824436818123922333e-01
1.954302422409117113e-01
1.950401797315652053e-01
1.933629375921938343e-01
2.102033078213259576e-01
1.930304361584398720e-01
1.959590269357256165e-01
1.944060005230905663e-01
1.933993299636345697e-01
1.936594879546360559e-01
1.955807188177816625e-01
1.961848832371621831e-01
1.962699918413822187e-01
1.936849001152611272e-01
1.937945902499752515e-01
1.962564033293849319e-01
1.938400452595809842e-01
1.963182990892030355e-01
1.938791493048991066e-01
1.965758543481185561e-01
1.966478455981524043e-01
1.939339976074778704e-01
1.941529435819583094e-01
1.973074266981151570e-01
2.027274582177828188e-01
1.952759280859398539e-01
1.964504843503563913e-01
2.011126393562764347e-01
1.956815236808741310e-01
2.000518452348398757e-01
1.961374050778952605e-01
1.937313281839843360e-01
1.954180664546161794e-01
1.950437365959900304e-01
1.992878244960888945e-01
1.985963742739752791e-01
1.948176382913579530e-01
1.979034951779338469e-01
1.954863626391847020e-01
1.934798978333317765e-01
1.955511977504515997e-01
1.939160402767354241e-01
1.933988338945999141e-01
1.968785953706475578e-01
1.945506281515870517e-01
1.929617787993447853e-01
1.930806201381458087e-01
1.947604534621545369e-01
1.936350353019146431e-01
1.943813056326588740e-01
1.922257791179570741e-01
1.916345917143932320e-01
1.914039166054566088e-01
1.961559417925668736e-01
1.932600711018818140e-01
1.909735112669500023e-01
1.955091943780976615e-01
1.928883695368176776e-01
1.948769533982426250e-01
1.925237194416110909e-01
1.942671591009978438e-01
1.921695063398090320e-01
1.936841329382748000e-01
1.918414486564269383e-01
1.931400052671660983e-01
1.916885963195023579e-01
1.927295190541122860e-01
1.909967756311381493e-01
1.934214731656005992e-01
1.906596249754773653e-01
1.900051288289470175e-01
1.891842389870266039e-01
1.896496251785837195e-01
1.893360780191010173e-01
1.901545698825567177e-01
1.901893831085605391e-01
1.901982291632356159e-01
1.902697220575981785e-01
1.909481505084276720e-01
1.903008584963360172e-01
1.902732516515654448e-01
1.896569458510278805e-01
1.902392962956021838e-01
1.900713380872804115e-01
1.900209862400612237e-01
1.908419403745051923e-01
1.896463332040913830e-01
1.906356839642742995e-01
1.891941169550399315e-01
1.892942187960071632e-01
1.896110110977820562e-01
1.903183275598812618e-01
1.897294879049228056e-01
1.903899411839384825e-01
1.917332118988706868e-01
1.917858487219658015e-01
1.928385435296607886e-01
1.912575014341567348e-01
1.917313849497379041e-01
1.928251963053354279e-01
1.920361008638456213e-01
1.933076485093223607e-01
1.919018067864901311e-01
1.911607886431113956e-01
1.933189908042445282e-01
1.953281915728314888e-01
1.964704895253656103e-01
1.945298212603887578e-01
1.920432153848471435e-01
1.929777264607335785e-01
1.923843755191357030e-01
1.957262488351963203e-01
1.938673757849720125e-01
1.929460461577616193e-01
1.954770791720223111e-01
1.934467139780008671e-01
1.927453933468344927e-01
1.934059137597950728e-01
1.944594696844155202e-01
1.931144013312187935e-01
1.978874104902753062e-01
1.939186144560031966e-01
1.950768252626436938e-01
1.969708429270303485e-01
1.934882350973539111e-01
1.957143710923457403e-01
1.944926595449698870e-01
1.938294768124114997e-01
1.963620711865501633e-01
1.946566721824004864e-01
1.970419505478001321e-01
1.937050914522845946e-01
1.963325314833754831e-01
1.939001485550359838e-01
1.958520394521232333e-01
1.938616826455454301e-01
1.962579329122262350e-01
1.961940751910477287e-01
1.938206384628039514e-01
1.960610602464773755e-01
1.937705407899276699e-01
1.964688031329019646e-01
1.966589469304233229e-01
1.934393917482380709e-01
1.937024259236358736e-01
1.957801041036828227e-01
2.098517908173451463e-01
1.937754149985412289e-01
1.949013717522880551e-01
1.952715526943705759e-01
1.981189260952186670e-01
1.933110142399608600e-01
1.958474078081910152e-01
1.929908737893311910e-01
1.952679491320108152e-01
1.988152538876666042e-01
1.938678775110611041e-01
1.956027990643195991e-01
1.994998038373489713e-01
1.962897292020843731e-01
1.984317151537469681e-01
1.969995631043267581e-01
2.021021913110762902e-01
1.993801974771352292e-01
1.948231681204877774e-01
4.302765778604221159e-01
1.880967773693701106e-01
1.878732311526013221e-01
4.526838670759575356e-01
2.063242626154437875e-01
1.877143201932217342e-01
4.698315175966928381e-01
2.107462330413922003e-01
4.564849326405581720e-01
4.618632226299825838e-01
4.369804956544904861e-01
4.469773670863783632e-01
4.647934701578895211e-01
5.769168449963613110e-01
1.921180938767803048e-01
3.829826866460394608e-01
1.916585310704264633e-01
1.902646992223283318e-01
4.868109296665453223e-01
2.028280784873582876e-01
4.175249186393815704e-01
4.467201245522759434e-01
1.882956451059026315e-01
4.917371845346328874e-01
4.966038560511113475e-01
1.941231085511222199e-01
4.517247227416570921e-01
1.916610120502565684e-01
1.886241333894954075e-01
4.545756972961541575e-01
4.609617145295691332e-01
5.167273327497360347e-01
5.160915772207957941e-01
4.923122493952701295e-01
1.881869687760856780e-01
1.881936902416469215e-01
4.442710636664032875e-01
5.041989532938460083e-01
5.941482219023889177e-01
1.939183140321142085e-01
7.791425116509917981e-01
6.728230641803197853e-01
1.881182925782162729e-01
6.938552110102635950e-01
2.897361427640882670e-01
6.920385916846146790e-01
1.914796706266801984e-01
1.915774412164127083e-01
1.908475494968278063e-01
3.956908015781554488e-01
1.912305804953788047e-01
5.485521877100154597e-01
6.681903367950420281e-01
1.911252587472357933e-01
7.116615923452487280e-01
6.782610164636321270e-01
4.514017990756949983e-01
4.342474381519099147e-01
4.051853676571109952e-01
6.763579701208601858e-01
5.342350305463794413e-01
1.969769939431813000e-01
5.412806746657342627e-01
1.877863872065798356e-01
1.877539456519130845e-01
4.074481366962543483e-01
1.883055664916007121e-01
6.666310921898591646e-01
7.767148396182659287e-01
4.163211585899275202e-01
6.737835180579290206e-01
1.886596459191294817e-01
5.356005317983871805e-01
7.788995437697810997e-01
7.828612383677636677e-01
7.652977412030657067e-01
5.126012519777252141e-01
4.371139060598852599e-01
4.101350314004431619e-01
4.932443108462100101e-01
4.970293187905917009e-01
7.675228247938948867e-01
4.992247220620847359e-01
5.088370366883867568e-01
7.969249534362572440e-01
7.538131339780715923e-01
4.728551503066152351e-01
4.952859292649008927e-01
5.033339999728190239e-01
1.920680266964970573e-01
5.132850312097291257e-01
8.062800544181253359e-01
5.605438305535375143e-01
2.885503337609824359e-01
7.997570248592801301e-01
1.903289490602669831e-01
6.783624552762180793e-01
3.966857889278445071e-01
8.044699260126315643e-01
8.025579662227669830e-01
8.022608873078340697e-01
8.024800812939281158e-01
1.909549034470934270e-01
8.023799617095350722e-01
5.832763469922520594e-01
8.060151246540721015e-01
7.998858907004432472e-01
8.043388210653411585e-01
4.329408297689171237e-01
8.042575867455334926e-01
5.510037480676975852e-01
8.053498178178568612e-01
6.006906228309923934e-01
1.934184327425432504e-01
4.189007761855011447e-01
7.898097550039177017e-01
4.279415908262527157e-01
4.440930506267828926e-01
8.000551280556479350e-01
4.297587460599115450e-01
8.024865911165509624e-01
6.930817590062863243e-01
7.996160786937439591e-01
4.386502093604605079e-01
7.999025082809804177e-01
7.949854385070704854e-01
4.730966925072223606e-01
6.694600386115471258e-01
4.406347083408652110e-01
7.877172489545661849e-01
4.494458251490406342e-01
7.768247421608576175e-01
5.567957460885927246e-01
4.516551411979251029e-01
7.221473538887505095e-01
8.037863932310728154e-01
7.691906326931668980e-01
6.322339754804569001e-01
6.899240281117114959e-01
5.917488689188405981e-01
3.931752096464172785e-01
4.604465706078482712e-01
4.207038344132690288e-01
4.629336509784678921e-01
5.180327911556128484e-01
4.961662516084284213e-01
8.028331344155505978e-01
4.717568854634313080e-01
4.083075062643486963e-01
8.013108448703630815e-01
4.745773480465765859e-01
5.284930879151659155e-01
4.737399106046513708e-01
4.908530358725100573e-01
7.804598467495464931e-01
4.802413008740167855e-01
4.447804111296023155e-01
5.475166841945419138e-01
6.446732723745477456e-01
6.022395346441498098e-01
4.319490451306843282e-01
7.091000787445282949e-01
7.635034725114276943e-01
7.418840580384673533e-01
4.833288510698137141e-01
7.989145241773764061e-01
5.667213937671725654e-01
7.356367798630917276e-01
4.144887768374236892e-01
1.993852912134332356e-01
7.260995866060792059e-01
1.915879044580938440e-01
7.951750856362636011e-01
4.668725286070423142e-01
7.894295897187659783e-01
5.096877405416828655e-01
2.663312529077700441e-01
4.930082937968978118e-01
7.713809308297434608e-01
4.087167611580795334e-01
1.940825665621755125e-01
7.808770435348417749e-01
1.879872647232186389e-01
5.984499884549103754e-01
5.176967518492776588e-01
4.445502088052278311e-01
2.834774742052995622e-01
4.420938349486957519e-01
7.685992697248749117e-01
6.019122567189374440e-01
1.993371373059706630e-01
4.429229153697162857e-01
4.462403097296369636e-01
2.030558616387048709e-01
5.947023258339934060e-01
2.519679377402139764e-01
5.956424242672387903e-01
1.903827630426928874e-01
4.558087039163572496e-01
4.411895964881767385e-01
5.133607500017539627e-01
6.015801643382946429e-01
5.397486935412076914e-01
5.976212237100075875e-01
1.930666654535030391e-01
4.171907217653198496e-01
4.393063753355892498e-01
7.013804010574642422e-01
5.976687105029864222e-01
1.928340486019833044e-01
4.277230151143513459e-01
1.946096446053397766e-01
4.454316555182571413e-01
4.200644286133166649e-01
6.010022246377492161e-01
3.780756598115023182e-01
5.978125102043947425e-01
6.012971409240263077e-01
5.977942896669647954e-01
6.015483197461825027e-01
6.009993547969283423e-01
4.355640330493616430e-01
4.725915373629110405e-01
1.993755289443021050e-01
6.012240199745431113e-01
6.005940340539224209e-01
6.491127953494040259e-01
2.948466397314336573e-01
7.862548848558776893e-01
4.436789466781523861e-01
5.701945281486372474e-01
5.672095174865157130e-01
6.013843591480325657e-01
5.630340154250171869e-01
6.014759414397387038e-01
6.486395577251934386e-01
7.139981611511833082e-01
5.128158390808729150e-01
1.945096954221807173e-01
4.533806142830366093e-01
1.914635127196892828e-01
5.854967793911439733e-01
6.873994125086525520e-01
4.373043991246272078e-01
3.283698178825777414e-01
5.968152341128968308e-01
6.027853820444832866e-01
2.577579947793753323e-01
4.589698108187150738e-01
2.300268085034192223e-01
4.294438492721701639e-01
3.736206169540157718e-01
4.406897580769810197e-01
1.993935683391615254e-01
4.615527828470244454e-01
4.565128329195627388e-01
6.979789399696142427e-01
3.035326974092321661e-01
6.095592031701063673e-01
5.959897329672139143e-01
6.010226790446765444e-01
4.371901205461984352e-01
2.396676153602919634e-01
4.590591163395421614e-01
5.258656788279123528e-01
4.731938393831863765e-01
6.794587776775719012e-01
1.940022564463680377e-01
7.059884395735434026e-01
6.182865170700795332e-01
4.129528031552492928e-01
7.544543566971870785e-01
1.878941537853559551e-01
5.736791364967792628e-01
6.011846515398812096e-01
7.510310378693312305e-01
2.430475187869028664e-01
2.015315415831652746e-01
3.162248278791408573e-01
3.066296651078644908e-01
2.750177235139176224e-01
4.404260857446489208e-01
4.560420622338515195e-01
3.199331403800537710e-01
3.310960360753829046e-01
5.986856176897129567e-01
1.961271178138298266e-01
5.454378312412078156e-01
4.367755218523386440e-01
5.404213214999455950e-01
5.968063823894654840e-01
4.162765435536031067e-01
1.907655986527648784e-01
1.908768947503668156e-01
3.965386296018356682e-01
5.371474134819823609e-01
5.876083643473765106e-01
1.878269227887951476e-01
2.516310757915969920e-01
6.027548193016575295e-01
5.125973331162972935e-01
6.596136898459700193e-01
1.889043917612577839e-01
4.861867773252799285e-01
4.760909522555394902e-01
4.398569096968703018e-01
1.877307016727704225e-01
6.028914691803795023e-01
5.724234740244736885e-01
1.877868238871386042e-01
5.731521455844535984e-01
6.520254072079427754e-01
6.991268326192767724e-01
5.687539938155593555e-01
6.685452582786165499e-01
4.479239354543308460e-01
5.862656185603405401e-01
4.528328439068179945e-01
6.502194764145099448e-01
5.537233440719333544e-01
6.777169440139917400e-01
5.558944962431037196e-01
4.841394752577860561e-01
6.688957451457399062e-01
4.786495600548761331e-01
4.284236481613207803e-01
6.755530195672659888e-01
4.407015471558868303e-01
4.385380498152651740e-01
4.308024368449805408e-01
1.920264925978488746e-01
4.704577689306098098e-01
6.672290748748067601e-01
4.200929903037521340e-01
4.117046525722389272e-01
4.890313282150711705e-01
3.783893872658649626e-01
7.751412222582252376e-01
7.799238411389347592e-01
3.670588992622313418e-01
5.088985305980435747e-01
4.994935436078026258e-01
6.073768754280701732e-01
4.079237154888567529e-01
4.137128941649311775e-01
1.974172049296944453e-01
3.411103524266617115e-01
4.407119838033352055e-01
7.691222269304530679e-01
4.383962305215892696e-01
7.817913895505613775e-01
4.343345242626244773e-01
6.005694439285161890e-01
3.577060882577485779e-01
3.289436163817572312e-01
4.885242299800466315e-01
1.924946984196783673e-01
1.885000504134609900e-01
5.995712123952638972e-01
1.885243375204673222e-01
5.966722142528796402e-01
3.455526118690991355e-01
5.443349875269871685e-01
2.137674141753533041e-01
1.938526980131504152e-01
4.335825498007055412e-01
5.344078338501506709e-01
7.576373131479849921e-01
5.955265654370689443e-01
5.670051655522023726e-01
4.372841018919712552e-01
5.496040380080720045e-01
7.636872694398809669e-01
3.957736536262929095e-01
7.559990100393794155e-01
5.534849158901588018e-01
5.872963637969692563e-01
1.937298573777166688e-01
5.942679451580916705e-01
5.110014892991202595e-01
2.005805851981049548e-01
1.890798267572951497e-01
5.129308431010127789e-01
5.523007546034635062e-01
4.594607513717094416e-01
5.115415743075990562e-01
6.224394259220774606e-01
6.058001811319991825e-01
4.466333714384993492e-01
5.424054053217552962e-01
1.896701590313173980e-01
4.818308209046202051e-01
5.133314929703379770e-01
4.055230216243101982e-01
4.405952468717054815e-01
5.322387091700407913e-01
6.103252331003129472e-01
5.548281398653542862e-01
6.380942759012376841e-01
5.505855175184566352e-01
3.900558272454355824e-01
7.868579973498422975e-01
6.030844273585793669e-01
5.755155091536623413e-01
7.975004099979555727e-01
1.884011601617834875e-01
1.879846045840257163e-01
4.974077707342870469e-01
7.991649381487384574e-01
7.879725070217118432e-01
1.891987583935673123e-01
1.991664231022449993e-01
6.123866714818984036e-01
4.370212064473444902e-01
2.291077327100337346e-01
4.405940227344674609e-01
5.902176341758005318e-01
6.237983279219493360e-01
1.997936791654449373e-01
8.037503583834472165e-01
1.887446033160551651e-01
1.883251263585348223e-01
4.295631300185228096e-01
5.843028264870346877e-01
5.877669933600820906e-01
6.059809991522188133e-01
6.013637682820546226e-01
6.032255759332690870e-01
6.236891684010581471e-01
8.061486589861175389e-01
5.903801100631803633e-01
2.079354820715150209e-01
3.032679832204990267e-01
5.827442235753932387e-01
2.127113144390589961e-01
4.735078151565065285e-01
6.050296158871822927e-01
4.401804778690562303e-01
2.188856208411252835e-01
8.010900784386242313e-01
5.923124072322007994e-01
7.191602262100175169e-01
6.610980765065016529e-01
5.807016696700540992e-01
4.935098413566191278e-01
8.039821087928770149e-01
6.537596710379457443e-01
4.885119298041948332e-01
5.840602975257290774e-01
2.029007679872252279e-01
3.661404147931221487e-01
6.351755638733633802e-01
1.981801956327318148e-01
6.329286390075696822e-01
7.022686202877884698e-01
3.862273974103001550e-01
4.932567338483567765e-01
6.032201237544013717e-01
5.992709835074507829e-01
5.137155003098253792e-01
6.012797593911708427e-01
5.973412509202397080e-01
2.117613046943923605e-01
4.948272828394047473e-01
4.017314951696624448e-01
5.952380731836758310e-01
5.452873024557107762e-01
4.696388135581524570e-01
8.007126144732173989e-01
5.244016384928388286e-01
5.933219776024232228e-01
4.364520804329653503e-01
4.805984572051993919e-01
6.270963183346930370e-01
1.890092227218876375e-01
8.025274243889862769e-01
5.733219068679471508e-01
4.600208724949432226e-01
5.683514870368737704e-01
5.542679809819494041e-01
5.884553982922116067e-01
6.033579100227930425e-01
5.190763200202579419e-01
2.358101912705306280e-01
6.073709929879773650e-01
8.025342635840627681e-01
1.901162163665232885e-01
4.626209852565312808e-01
5.169867348434380450e-01
6.064519306678124444e-01
5.734570769797943113e-01
6.773438052071907300e-01
5.568767548162512071e-01
5.367788828504020948e-01
1.896231365347773867e-01
5.116416669570906794e-01
8.021333379993080825e-01
6.516773262612608475e-01
1.894666345713075517e-01
5.784463895051769056e-01
1.899057977177698309e-01
6.947373489319075279e-01
1.884945779925175646e-01
5.497172146091575673e-01
6.919007779212605902e-01
7.999781709257465234e-01
2.260614109051407306e-01
5.729012424551175320e-01
5.711537833577902123e-01
1.885702404237508123e-01
1.893110498874576719e-01
6.634806250548785922e-01
3.620186957674744188e-01
6.018141339141768187e-01
5.864969406915447880e-01
6.798415146316000301e-01
6.866173187990224358e-01
5.295377106952903201e-01
5.773372181005506087e-01
6.018939562671531407e-01
6.005849428565080972e-01
8.043602218712977425e-01
5.353826022226301218e-01
1.894948765256539158e-01
1.887403548243280216e-01
4.389686389010294398e-01
1.896984234343276898e-01
6.018802378381726825e-01
5.808751649733845390e-01
1.889173479394296584e-01
5.314249490396385500e-01
8.000403429391527155e-01
8.061696940839193637e-01
1.886556210422414004e-01
1.886395404149468213e-01
5.618686634004745883e-01
6.585883926070221772e-01
6.856934685292493947e-01
3.745317957516546836e-01
6.017661290499247695e-01
5.420606606865366883e-01
1.882526760977128732e-01
1.891569095778458665e-01
5.591907275530131338e-01
1.883471733620281086e-01
1.890048160492375506e-01
1.884367266246518569e-01
5.472942558064615159e-01
1.883728614539887380e-01
6.018253287211263736e-01
2.132328343901423173e-01
6.021467404072554652e-01
2.201247477246305040e-01
5.770399348870772771e-01
6.346436320596124947e-01
7.082100938159207049e-01
2.750739732307568852e-01
8.056088352514542139e-01
4.566192348868304274e-01
5.016944576576972681e-01
8.022811408576343561e-01
5.911208692309873891e-01
4.279293277918057026e-01
4.741530530660146847e-01
7.997782556655895769e-01
8.046803028511712030e-01
1.887823908015689167e-01
5.206604967218703139e-01
3.771727161883060564e-01
6.249638374975254873e-01
4.102682095328422651e-01
6.069927113000880281e-01
4.349935291742760279e-01
5.980861537450526955e-01
1.931280313515494340e-01
6.040411766240701974e-01
6.013472226395397691e-01
4.134624854781513426e-01
1.897015877353736002e-01
6.364744283556718063e-01
6.748788392628827237e-01
5.146821679540138916e-01
6.014155295864034301e-01
5.185690738325292592e-01
6.428051363535944862e-01
5.124350244038202717e-01
6.398087320162739733e-01
5.695690155782320296e-01
6.854594047485652597e-01
6.360024828443014977e-01
6.916621802466075275e-01
5.596506974069622720e-01
1.985289870708112914e-01
5.690592429873202462e-01
5.083638818202271814e-01
2.161494420621271617e-01
6.421170671504579097e-01
6.884854114278592396e-01
1.902223359116969326e-01
6.574399453143225935e-01
4.377351514583519565e-01
5.929054997121463444e-01
8.031720620732993865e-01
8.042038261092883111e-01
1.882789103795669827e-01
5.572668817954089526e-01
5.457198243416458983e-01
6.888742715361809710e-01
6.274395324436637944e-01
1.895447954017137893e-01
4.118592158568745720e-01
6.314836931054741420e-01
1.900173468091175266e-01
8.007284354589802033e-01
6.198092516272761809e-01
2.280361672407123230e-01
1.900106701686567756e-01
6.016409220449431272e-01
6.812629586195163567e-01
5.559409319479312606e-01
8.035190935151608205e-01
1.935102853199845152e-01
1.881429146655591578e-01
5.499171557502706698e-01
4.233797613406856675e-01
5.678724202059149961e-01
1.898016798653211767e-01
5.243710542845068101e-01
5.972073481589256216e-01
5.924760327087712497e-01
7.967742855661736900e-01
4.546984976121850597e-01
4.073903518606921126e-01
4.040046505184353154e-01
1.893886962663095530e-01
4.821379969310700675e-01
1.885379297832078249e-01
5.971779235485459303e-01
1.900231055971838834e-01
5.457161748553165381e-01
4.009232011985926492e-01
5.892945030629188619e-01
5.235077673549365374e-01
6.543682238198997858e-01
6.688740986154357859e-01
6.708406749437741956e-01
5.685821109530583284e-01
5.974659912519088012e-01
7.904919903594749275e-01
6.000505187523496042e-01
3.973317376954776381e-01
5.975127335520867833e-01
3.855871199197336563e-01
6.622199459378882436e-01
4.474068515623856879e-01
5.660982915612282618e-01
1.892337616761356478e-01
6.124318983438592490e-01
7.809244391251093376e-01
6.856501872273904619e-01
6.151873974820057933e-01
3.964667391809832409e-01
4.892648551049391115e-01
4.435057082403557893e-01
4.936402179006281199e-01
8.024021487128327745e-01
8.006301444730494765e-01
6.894773537946716768e-01
6.611301768225470443e-01
4.820298456054050718e-01
1.895961184270722744e-01
4.873041277120570558e-01
5.059541172472781234e-01
3.762759943870424562e-01
4.034865160483328550e-01
1.890805638729102789e-01
1.927950004158132946e-01
5.863240065793259292e-01
4.656165310731394946e-01
6.507621869050111973e-01
7.877762309730358403e-01
3.856515775026868598e-01
5.631838473568990810e-01
1.888276577122120770e-01
6.766492211626241593e-01
1.893948106582271917e-01
7.041170925913595724e-01
7.216803612739819407e-01
6.799325324586116270e-01
4.788425440547099399e-01
5.216559902391902925e-01
6.741756763438427891e-01
5.202563809280639218e-01
6.287898779563152463e-01
6.565634885605071691e-01
5.131926742887080728e-01
1.885025763329924442e-01
6.639202692531439576e-01
5.524783171249516567e-01
1.888555950573513054e-01
5.989539406850811210e-01
1.887103163486061608e-01
7.978483738389658964e-01
5.615552435038583257e-01
1.885025237756176586e-01
1.883111243303967619e-01
6.564678347689169025e-01
3.893476922803419948e-01
6.823600194097035887e-01
6.908469621909798519e-01
1.879125344268931241e-01
4.842013696844802428e-01
4.481455337907762626e-01
6.491780638851069041e-01
5.115983295882907678e-01
1.894888930803044769e-01
1.929089201182698221e-01
3.999900996548002574e-01
5.145259836272407794e-01
1.884186755011603154e-01
6.950840828384455827e-01
1.891030873532345002e-01
1.885736389814436365e-01
3.801734694883959764e-01
6.469045582258450278e-01
5.972792067144189199e-01
5.702827666482622737e-01
6.355291649575711688e-01
6.404827433591948616e-01
5.575850589608075669e-01
6.442103401658414441e-01
2.364466816042479769e-01
1.904169858150712713e-01
5.759907093327956140e-01
5.152543066233116198e-01
6.709919576216336612e-01
4.394535559774245259e-01
7.269623580863400214e-01
6.825402171133628793e-01
6.822556010500512302e-01
6.685053793544911693e-01
7.935214861746407999e-01
6.632377080915913270e-01
5.869838285294527447e-01
5.957289709215459750e-01
6.453716662895120360e-01
3.873371021145893822e-01
2.130899552596277613e-01
6.085590292826151826e-01
3.968963816482642959e-01
6.025118522514776309e-01
1.882335233143627717e-01
6.521713553431633947e-01
7.869336181578141520e-01
5.995281294317370557e-01
6.031419848720248611e-01
6.023762930748381983e-01
6.416034425919450168e-01
6.865151600908000473e-01
6.013757413303527644e-01
7.728721282578820961e-01
2.000084721112089514e-01
5.901311642408987312e-01
6.493927276768948209e-01
5.483732449806160147e-01
6.047417329488498083e-01
2.015835392394839110e-01
6.024944372168462570e-01
5.164667406756195955e-01
6.025532639344941543e-01
6.761948973013046649e-01
6.550633440004953734e-01
6.037825481069913902e-01
6.873646850051827739e-01
5.976755566151946697e-01
5.704496150188944625e-01
7.772450969314081970e-01
6.478184664632479217e-01
7.450940938769905486e-01
5.982954546665375517e-01
4.635778330969774208e-01
6.863314384166908644e-01
6.051337209551094221e-01
6.910936076383694671e-01
5.911261542502745936e-01
6.021211621411940440e-01
5.257232527221630258e-01
5.907964641831797703e-01
6.008570209401337125e-01
7.353834437490399667e-01
6.077988371737980122e-01
6.318533002504694851e-01
4.326181821448992215e-01
4.048311966102861037e-01
4.284708664802894251e-01
5.314459745312690719e-01
5.760895335611320167e-01
4.186075708504381487e-01
5.685730974506258972e-01
5.791587254151354669e-01
6.059478161289555409e-01
5.753989593847325112e-01
6.063533352704686408e-01
6.147945804339195464e-01
4.060834557134809786e-01
5.196974819710011850e-01
3.915538687883408087e-01
3.846495641537418519e-01
4.066723295717404874e-01
4.869879509577273446e-01
6.171078593898189357e-01
6.169078150614576428e-01
4.864573707834499161e-01
6.016807573941314047e-01
3.971672353557476054e-01
2.720646499308960742e-01
6.057622100875547089e-01
5.099129462626207365e-01
3.791675545161588556e-01
4.072166971302858540e-01
5.956903644626170280e-01
6.019824555616434258e-01
4.903215073451759887e-01
5.297075758603364548e-01
6.190625971824617046e-01
5.351555131478245020e-01
6.902939905230248696e-01
6.061372966253113503e-01
5.786187852967717982e-01
5.973972601672331573e-01
6.872611646204666025e-01
7.314838539239200133e-01
5.957344271982136785e-01
5.281971683666634165e-01
1.936283621823978451e-01
5.793871698641344103e-01
5.115772385676011780e-01
3.203925993728678479e-01
6.647054544169488377e-01
5.976225081608524947e-01
2.513051290686040273e-01
5.986975987594750359e-01
3.819816747259284218e-01
5.973528357876831674e-01
5.123808175378573582e-01
3.591708860859501029e-01
3.469773484483618664e-01
6.878956637029731702e-01
2.806590758477344738e-01
3.458452803725015068e-01
5.700854139304256663e-01
6.033980762279258503e-01
4.613476036611438014e-01
6.033179678499367427e-01
5.107692219108602716e-01
6.893610528696320072e-01
5.939741332990076117e-01
5.556822290755469851e-01
6.123781572888037372e-01
2.159384370148132448e-01
3.341681496316558087e-01
6.054576861866372006e-01
6.181108591792073836e-01
4.700363498831785503e-01
6.638326950043044183e-01
5.004483882662160710e-01
2.536730367247500006e-01
5.107033387241349809e-01
1.893480229224119571e-01
5.634991353155220928e-01
5.694649903706079375e-01
6.062820673677100647e-01
7.730410082972727359e-01
6.093507246434822777e-01
5.956104516339209010e-01
2.936887133804572669e-01
2.665162878531591728e-01
3.078932053329578311e-01
4.016437314605583175e-01
5.300427520456916231e-01
4.112856128078724582e-01
1.885292133672124004e-01
3.982277390043001408e-01
3.954853509307583725e-01
1.891773096074987892e-01
5.400769531764635367e-01
6.064393138839587749e-01
5.112387380708470763e-01
2.891843173667942302e-01
6.491119599007596497e-01
6.511624606428800810e-01
6.932747058302018983e-01
4.132807273753201782e-01
6.504909498103692567e-01
5.069186562127281359e-01
5.251200376800482239e-01
3.950709681407542084e-01
1.900198088202192381e-01
6.029558163643495838e-01
1.898795569699791852e-01
5.131191530870380380e-01
4.143680484623626925e-01
2.863957827510840715e-01
4.718420225160326331e-01
5.694706633092472270e-01
4.578029703345678492e-01
3.846444934522346148e-01
1.889297865270839760e-01
5.916525707603539352e-01
6.926484447943075384e-01
3.908817190386998930e-01
5.900042678645653904e-01
4.193467889941797644e-01
5.979237704885899118e-01
6.853072498872273544e-01
6.111062894605059359e-01
5.986104199638958567e-01
6.009450562968542409e-01
6.625579427676908661e-01
5.191472255457169060e-01
6.664512256316865724e-01
2.920736011479191929e-01
5.834566373251968141e-01
3.445058991729971765e-01
5.155111669943200914e-01
6.852488171573004605e-01
4.603672164813451539e-01
6.001835871098475383e-01
5.938460940009360201e-01
5.967930950821496161e-01
4.346091323688032193e-01
6.039317220322519830e-01
1.947319803761797530e-01
5.911169936216568166e-01
4.087507108150224555e-01
1.886518619458905088e-01
6.503343197247651863e-01
3.536256101868539004e-01
1.960189676966086481e-01
5.350488494083781577e-01
5.620649935929000751e-01
5.975993289748202653e-01
3.873018148707703112e-01
5.907040533557738060e-01
5.830104559292546007e-01
6.071179738394664183e-01
6.040137517266291889e-01
6.771337722450875285e-01
5.618375386305262120e-01
5.806608045375872829e-01
5.981257725344595322e-01
1.956371685981462549e-01
6.148961893484840013e-01
1.948639995740591713e-01
6.666180511845558598e-01
1.901043374831920818e-01
5.981226618943463746e-01
5.861829715562504317e-01
3.777121295784952038e-01
4.639252083966204365e-01
1.878365377686254389e-01
5.263105274813421053e-01
5.886589777582524885e-01
5.987814392941320785e-01
6.644654862295218400e-01
6.749654841600275512e-01
5.966576021689810050e-01
5.998878985345613701e-01
6.376992195808485198e-01
1.984859804122051097e-01
4.146717425582395755e-01
5.260799765717598664e-01
4.542055700695587506e-01
6.385215051001246200e-01
1.897909909452042132e-01
5.647903371103447645e-01
1.881965820800329536e-01
5.266336053283876550e-01
1.902070118377424401e-01
6.662881036859478190e-01
3.354461405731705703e-01
5.367499928664234421e-01
6.179328273565465324e-01
5.851173223458749906e-01
5.726010615942227489e-01
3.500902480514934689e-01
5.741694320524334261e-01
6.859094246731027855e-01
1.909693477274150564e-01
1.895131973700164008e-01
1.906023664824283703e-01
4.007958139161609812e-01
3.409399117880515528e-01
5.995436793234052431e-01
6.508521980670207707e-01
4.096741324589994182e-01
4.404802960873360207e-01
2.407259157376259451e-01
5.826775310561611576e-01
3.590035788408242334e-01
4.483682879740811811e-01
4.550944122216791787e-01
6.529990791018254193e-01
5.402409059437652816e-01
1.907224806783602289e-01
5.183397536420271123e-01
2.735667645049363328e-01
1.919409516509472113e-01
2.383202244504146750e-01
1.899428229565964521e-01
6.727325267545777310e-01
6.807362133553652717e-01
5.801686330207744824e-01
3.550550602191271388e-01
6.149099247025771042e-01
6.532697831480146489e-01
5.443450346356556446e-01
4.576193021721021714e-01
1.911819525879902282e-01
3.795925787799227513e-01
6.477701683744543359e-01
1.892402546834618116e-01
2.276457320188871314e-01
3.337080020524085811e-01
1.900238479424299909e-01
3.827006454773844157e-01
6.007892781412537131e-01
4.463706329398646755e-01
5.731447246179619537e-01
6.559287492458251156e-01
4.340406045321638095e-01
5.246397342079704984e-01
3.912643115893379986e-01
5.995719094971974084e-01
4.012013341864286708e-01
3.954332640987064384e-01
4.034654911820449441e-01
6.122748790788251627e-01
6.553148684574136018e-01
5.543844239815028940e-01
6.718582672671568057e-01
5.918125405534359063e-01
3.925955594704109153e-01
6.846743070162335520e-01
4.720092500055009799e-01
1.893353991857045504e-01
1.894026958129940152e-01
5.821203138371608965e-01
5.302600685071251485e-01
1.978094801241817580e-01
4.952389845968550586e-01
1.909014014034553230e-01
4.801586807228216958e-01
5.974110000087665684e-01
4.851703528394383791e-01
2.881222021100693365e-01
2.817429094124632716e-01
5.699121885034692525e-01
5.265872614945236174e-01
6.618310643733160692e-01
6.938367664446233318e-01
4.030264019342310600e-01
5.996063793040110612e-01
4.061833046482341003e-01
4.066306218130473771e-01
4.026721028956630755e-01
5.131647866641642075e-01
5.266507500484052251e-01
4.525286585047462729e-01
5.113964054251253222e-01
6.498879606292794486e-01
6.666678080257346650e-01
3.854043001607592722e-01
5.694791174235056541e-01
6.579484997533223689e-01
5.643625982480433567e-01
5.566568624333719795e-01
4.022254765362627271e-01
5.600587370957541555e-01
3.950103474252267266e-01
4.056442864053767527e-01
4.289741035226686816e-01
6.783830259716864264e-01
4.050120308337291086e-01
5.977564867872056098e-01
4.016850958816179373e-01
1.935257799008208157e-01
3.360474324201570551e-01
4.034555065258902951e-01
4.010483013105303751e-01
4.042829891458742941e-01
6.893121468023122311e-01
5.355586387631205980e-01
6.538506385923493758e-01
5.737664137061032621e-01
5.305054941943874169e-01
4.103655415618951419e-01
4.062606559918142679e-01
4.003124253949743583e-01
5.712060243174160723e-01
4.385584363866207314e-01
5.456252304621517224e-01
5.440841165987827521e-01
5.707167652363817067e-01
6.525434565760607208e-01
1.886277354648580595e-01
6.063174650082028272e-01
3.527802840951392849e-01
1.957204018434964554e-01
5.485842897307791066e-01
5.725106993826475366e-01
4.132254273198405214e-01
1.888561838416942529e-01
1.922724454558227825e-01
6.533576147120921940e-01
3.475789085194405104e-01
4.093649745394789541e-01
5.258390685824074762e-01
6.009206752907103599e-01
6.483345239654616510e-01
5.410611100055335854e-01
6.004722910721745910e-01
4.121437588423931819e-01
3.241852785726180852e-01
1.886215565618753476e-01
4.109588884358034155e-01
3.884119142324573559e-01
6.519832950073214395e-01
4.082609564432481686e-01
5.395384081949864408e-01
5.989422575322596032e-01
1.920373605061937994e-01
2.722280411166002612e-01
3.742528888419389688e-01
2.175325276131373498e-01
6.582277397396425478e-01
2.321771080966984480e-01
2.716127241400125292e-01
5.780044128247835422e-01
4.150393115895825158e-01
1.890366129954013097e-01
2.692836954277890160e-01
5.808063822181246394e-01
5.801733339022426827e-01
2.647777237498155634e-01
6.507256727491272930e-01
4.282243057773022499e-01
6.154065330194040673e-01
5.851863434467080571e-01
5.818168523511088042e-01
5.713528506069451840e-01
6.152664650141544955e-01
4.457595335523137914e-01
5.320170957900686171e-01
5.175638352824569743e-01
6.444052498437909948e-01
6.374101334257681328e-01
3.497350569245989416e-01
6.249644836366965439e-01
3.895345997953543749e-01
6.751547964676319902e-01
5.968181307461090102e-01
4.112688577105053644e-01
4.190249872017607347e-01
6.985505685609680881e-01
6.796048928321115623e-01
3.443204364784818727e-01
6.382347933281657948e-01
6.645835280268403977e-01
5.710764200011807512e-01
6.030531180539612235e-01
3.703544367034128926e-01
6.848507953663264258e-01
6.002949940419073371e-01
2.891997381174698512e-01
2.720917274040156597e-01
6.651004382523463265e-01
5.442069527039149479e-01
6.377213501426424180e-01
6.011228346656177779e-01
6.837558283482711996e-01
6.584488008416822247e-01
4.360496280957097404e-01
2.596329002650176188e-01
1.888141283911511925e-01
1.912114526012521631e-01
2.389176869981529117e-01
5.946562087350837356e-01
2.656437463652657205e-01
5.654156673954999768e-01
2.537453307968443594e-01
5.241463413570468521e-01
6.569215623989592689e-01
6.006354446649935230e-01
3.743538449467244122e-01
7.151395917679291836e-01
6.298142259923343866e-01
3.285278212098318162e-01
6.280874324053147273e-01
6.647217475883930859e-01
6.285569891706536128e-01
3.323657937505879456e-01
6.290858443659497201e-01
5.628776534800904452e-01
4.877522530562315439e-01
2.580329123394249913e-01
5.119968793059510581e-01
5.826717610001636016e-01
2.706891593224972081e-01
5.569143867656253244e-01
2.639503165050186007e-01
6.866324151049066904e-01
6.295218313311142788e-01
2.633811038994541831e-01
7.142781843957309862e-01
4.210618210915216819e-01
6.288856355584455660e-01
6.107049892569788030e-01
5.510783529159121175e-01
3.776530040440511660e-01
5.635642681743654459e-01
5.949212903750580317e-01
6.573006009332171828e-01
6.794878006090359079e-01
5.917391516908276916e-01
3.279952761716111165e-01
5.498859989574246265e-01
5.460300439511545090e-01
4.174578057441861167e-01
6.112967430779471245e-01
4.213628671184018737e-01
6.018191889497753744e-01
6.570547799286865498e-01
4.234699680721182857e-01
5.321535726069334116e-01
3.474598661424770918e-01
4.606306097157985002e-01
5.219375890578256127e-01
2.933789730933043516e-01
2.621959464256875538e-01
3.271558108175668389e-01
6.721626812875272083e-01
1.892960523475564760e-01
6.056110855809460070e-01
6.557338253192748212e-01
5.795832267550482531e-01
2.642031579104331396e-01
5.101521310819105981e-01
4.710252442109733595e-01
6.105430583578195236e-01
5.205250977532110968e-01
5.364926172871171683e-01
3.221853688131303128e-01
6.021175405052402452e-01
3.990284212296014155e-01
4.223574092449965400e-01
6.967780427737554350e-01
6.886956633398160221e-01
7.780588898155461619e-01
4.117429463048925542e-01
6.642550522618624331e-01
1.938566220800873874e-01
2.843613721420169549e-01
1.915062376255390053e-01
3.992677885247472580e-01
5.973531565703883439e-01
5.349741356431325645e-01
2.264577488977775332e-01
6.829345235935941894e-01
5.392478530371656031e-01
4.946858554933543095e-01
4.014908046705613631e-01
2.681285624296168013e-01
5.972965261913106838e-01
2.370851409535090770e-01
6.037226783064606472e-01
3.845517158867828300e-01
2.123324324556820908e-01
6.559942777725266128e-01
5.866262798646882937e-01
1.902667518887011799e-01
1.910999389138160753e-01
3.485014823958267893e-01
2.721633493851893792e-01
6.736451874120080729e-01
2.662281561277757835e-01
1.909883736090890460e-01
6.598248249206446481e-01
3.973377927830336609e-01
5.112655731971978978e-01
6.001085424702866655e-01
1.903477471877641214e-01
6.002963428681648006e-01
4.265156758004502446e-01
5.994194630334146456e-01
5.364414309755567434e-01
2.350683690845618568e-01
5.315325082299731108e-01
1.901855913858461755e-01
3.772768632310677384e-01
4.218501344672739850e-01
4.980278430835164971e-01
3.733949696158457843e-01
5.093830192175137217e-01
3.778233682815217431e-01
1.973082366204609028e-01
3.430683162448012191e-01
4.620668474540921555e-01
2.784092102396263924e-01
4.689767959110037743e-01
5.253569421295134489e-01
5.562223134764027188e-01
4.073772457731179575e-01
4.319429190087997195e-01
6.013450906272810315e-01
5.001764117773408458e-01
4.965379221285574629e-01
3.643207161503619895e-01
3.563720131090608589e-01
5.667958275833256954e-01
6.540752405285940041e-01
5.983401224176649880e-01
6.012696806286949025e-01
2.551840137169755773e-01
5.089437577008196767e-01
4.635400401546648785e-01
5.813756404078191942e-01
6.874977729841568186e-01
1.892188140000920782e-01
6.290693065293746500e-01
2.701254047694377491e-01
4.664592374401822505e-01
1.975441497655109901e-01
6.823772565231664977e-01
1.913227561488417272e-01
2.826750517857845035e-01
2.760545787902495829e-01
4.361477162700244659e-01
6.335193332271121802e-01
5.977228226105884001e-01
6.018481956963627200e-01
3.278908827181876151e-01
1.931937867504985862e-01
4.503424329307222362e-01
6.687700673085383851e-01
5.414820592126060594e-01
4.105382296584381141e-01
4.958928650979604891e-01
6.630848129337362229e-01
6.820459484761298707e-01
3.781718617935106441e-01
6.075864982527483527e-01
3.611056625753056859e-01
3.322062959755941458e-01
5.257680459546755225e-01
4.072573695690701046e-01
5.228381898371660119e-01
3.246868573329728669e-01
5.103934604134645614e-01
5.234743882357641986e-01
3.225846396984707320e-01
4.069879637323481347e-01
5.236974669183903641e-01
6.015745358931906539e-01
1.897024673485535884e-01
5.990476827209693100e-01
1.886215464424194910e-01
5.547463527553659901e-01
3.836029490361778094e-01
5.541371767090373934e-01
1.983512068273284301e-01
4.640217594803479617e-01
5.318243210162951762e-01
5.484356270699497493e-01
4.756523077280824796e-01
6.590616081541983418e-01
1.904285275355211415e-01
7.096411558166659805e-01
4.181886488703556726e-01
5.988652596868783151e-01
3.260128327099835466e-01
5.256656573761629980e-01
2.738856861492605654e-01
6.014900608450586272e-01
4.987727482891799458e-01
3.971175261138969459e-01
3.262436532862581506e-01
5.940817143990262394e-01
6.529281032795618556e-01
5.267701078127836611e-01
2.595576322567810235e-01
5.667049522977709586e-01
1.881932837801313374e-01
2.798007655695922691e-01
6.666238468326713962e-01
6.285115791291197018e-01
5.549891095502054172e-01
1.886211501916035260e-01
3.713615420054263150e-01
5.442067233161737017e-01
5.246669479751503440e-01
5.774700220964782416e-01
5.895434749684385078e-01
5.653714019569077154e-01
5.315010545536082986e-01
2.775088652298823289e-01
4.325474518681640679e-01
5.099063443307212395e-01
5.991705278862881068e-01
5.649498515674572507e-01
5.102827274435329796e-01
6.787060559825502937e-01
6.252649798695791850e-01
5.170265887542614403e-01
2.834038771253565292e-01
2.399205787049655259e-01
3.887824064585432837e-01
3.200538446404299076e-01
2.790916752974023085e-01
2.193448210332878123e-01
6.527591646324968355e-01
5.749001621906930648e-01
2.771880352860586760e-01
3.878173197021012597e-01
6.629353781949887114e-01
3.647496467210489812e-01
4.099355155210576696e-01
2.641371450038073609e-01
3.209054303349845316e-01
3.504083780242521207e-01
4.042676262336122872e-01
2.731176900802673169e-01
6.642943726040654306e-01
5.288557297076835750e-01
3.256007689661550852e-01
4.004365508021277553e-01
4.826311502764688566e-01
4.082708361826716814e-01
7.229123439862173983e-01
5.079597363756701567e-01
4.205206073077211726e-01
5.236409021171588574e-01
3.245149406630858380e-01
5.606567763257306325e-01
1.888790200153718790e-01
5.957074729874933805e-01
2.809953331207277749e-01
5.629196378846738069e-01
5.494915287148282035e-01
6.545974774601538426e-01
1.914337161250445618e-01
6.891166108742744489e-01
5.975298100678817503e-01
4.325283617954149284e-01
2.506144922837514333e-01
4.272833725582930176e-01
1.905089540777340495e-01
3.403336704634475907e-01
6.006855681551632742e-01
3.067606169316610676e-01
1.915441941454642527e-01
2.868653858110288835e-01
2.545234590872349489e-01
6.868243390484879418e-01
2.448455172320979645e-01
6.603184939285460242e-01
3.388446689520378530e-01
4.294038665292970736e-01
6.528148658641751423e-01
2.964399239787962048e-01
1.905889401580282416e-01
2.493444565558540771e-01
3.630582141575626198e-01
5.292257789925658429e-01
4.222167046012286762e-01
6.545161850488936395e-01
3.032087001545503147e-01
4.102206580652560941e-01
1.916540638277702546e-01
5.999203955896516005e-01
2.459408724445935890e-01
7.308920216867088593e-01
4.130263829451444879e-01
2.099366813061751547e-01
1.906684187657197993e-01
3.191454106561608661e-01
3.209034214032636112e-01
5.657854435115424740e-01
3.018264292200678600e-01
1.918714420480956140e-01
1.917631930969312670e-01
2.402691227034981503e-01
3.294603027298273479e-01
2.906603826385568135e-01
5.999356494161811604e-01
2.993749624799926234e-01
6.759121114818374965e-01
6.561528704133553491e-01
2.992080793875165901e-01
5.264723463517878566e-01
5.887395735573617284e-01
2.936289440939195416e-01
1.907472916236365723e-01
3.227036719234956386e-01
4.355945876841785247e-01
3.208054949010923917e-01
5.938930560877520026e-01
6.325137916315359821e-01
6.929681438158795670e-01
5.254439529803331954e-01
3.074661351944674159e-01
5.272030591023711965e-01
5.280663024128616767e-01
6.607910685257475381e-01
6.580137893863609033e-01
3.021883325850260871e-01
6.743438668353755050e-01
8.172108468611832821e-01
3.173001159795658666e-01
4.185877268334762813e-01
5.176344876739652490e-01
1.887624483824327237e-01
6.694894510624318507e-01
2.394082537061645310e-01
3.043344733634503751e-01
6.231934791705405763e-01
3.048843662380682495e-01
6.227862379024636796e-01
5.360903704063696429e-01
5.306481330111191275e-01
2.964771268112144642e-01
2.138494355139116121e-01
5.953941948566826570e-01
2.356449124755910507e-01
2.411857451046966472e-01
2.731381123413978429e-01
6.241371758379825607e-01
6.148422178673011995e-01
6.552710409390157809e-01
8.172979110027119853e-01
3.167441971448355931e-01
3.099390749850703952e-01
5.953489759315301333e-01
5.599542848259286831e-01
2.717332908942870495e-01
3.518486391448878980e-01
5.347908380188950428e-01
2.126388277716785291e-01
3.285136896885871294e-01
7.355053599896959060e-01
5.913062462424901744e-01
3.112426865585141145e-01
6.664417519503517129e-01
6.499406408952013159e-01
2.761066154595849809e-01
4.299830404570254005e-01
2.507999646030311114e-01
5.369928724490828920e-01
2.769078295251439781e-01
2.792514772917085719e-01
6.911218753567462958e-01
6.467586793028216041e-01
5.940357863857268494e-01
3.145740413917445522e-01
3.133527920933598665e-01
8.173042788871364150e-01
4.994568210172343203e-01
5.666832564498940350e-01
4.952734323579224829e-01
5.965011700398631378e-01
2.550033319079697547e-01
5.939407870925174082e-01
3.153003311944636011e-01
5.240072135536133491e-01
6.689573315768569950e-01
5.009245995912917637e-01
3.153706931113109402e-01
8.173760520728089451e-01
3.485502205582164947e-01
5.519511289956974265e-01
5.243642882712694631e-01
5.764922785144995787e-01
5.299163182433893615e-01
6.355727356551991170e-01
2.875677028593141560e-01
3.188207076627552206e-01
7.366250322201144396e-01
4.977177820863948887e-01
5.709182390298325194e-01
4.676112082162538486e-01
2.529410822080320753e-01
8.171201812144651688e-01
5.299590127416040630e-01
5.459692073084554398e-01
5.314991469455313533e-01
4.966993274580853712e-01
6.473368180015462992e-01
4.282094376258017143e-01
4.633796375546865853e-01
5.315373566523068360e-01
4.114445025076239881e-01
6.524268815751278483e-01
6.708663826819374343e-01
2.488531718994302921e-01
4.981328850049778212e-01
8.172244803532469071e-01
2.188006107685304957e-01
6.215561866367081967e-01
5.976857017362476876e-01
3.090385403698625577e-01
5.532476649982545069e-01
5.111195585410636122e-01
3.909249040205822756e-01
5.654451754587400680e-01
3.067370616390199256e-01
7.644074022675180213e-01
6.543904311150530173e-01
4.003691500298979244e-01
6.443740365942356441e-01
5.316486440958294590e-01
4.935376962262117972e-01
7.395016036129121728e-01
8.180271413916282430e-01
4.902424148077177968e-01
6.927721458132450882e-01
2.363809384456243001e-01
6.160415403264908329e-01
5.189310067161495565e-01
4.302519674172178843e-01
4.941382258344461653e-01
5.195100961376232229e-01
5.225982647925080382e-01
5.503963669139180226e-01
4.176689288350705631e-01
5.743675641639756080e-01
3.386750114714000004e-01
6.591337283008305015e-01
1.921893802137288332e-01
5.925239819128106378e-01
5.299409118472390157e-01
5.656430491909694158e-01
4.830690766984206963e-01
8.173109814148258323e-01
6.443206700780337304e-01
1.940137621749211394e-01
1.923942527292809290e-01
5.670506304803322184e-01
2.468401845794046534e-01
8.173609025670315331e-01
1.947837299211832018e-01
6.302672175458301496e-01
2.264206599868253955e-01
4.915613724905812387e-01
2.508076195214641868e-01
5.276772508394714789e-01
7.434579727897441259e-01
5.923738144026663432e-01
7.051233425553918854e-01
6.545343709341326921e-01
4.070507829518932863e-01
4.582897139250172169e-01
5.984304777896742866e-01
3.428443594945967399e-01
5.407290446423597130e-01
3.873980067692234797e-01
3.123068354879944830e-01
5.248650014146829523e-01
6.827780033186277020e-01
2.268074376730173924e-01
6.415858670471874525e-01
6.504314394926141718e-01
2.668620641808001626e-01
2.123472756266567563e-01
6.749789051078192159e-01
8.175295803631704716e-01
1.891238501015028162e-01
5.442443147175011209e-01
6.498900939364985474e-01
4.936215240688143213e-01
3.707248718636490525e-01
4.882491535414771322e-01
6.915358238008785241e-01
4.546894989287388888e-01
4.123071945946626959e-01
8.173541341789997139e-01
8.173821255261835006e-01
4.272791333918030676e-01
2.219344363182357560e-01
4.087872510840634410e-01
4.870905458120171061e-01
4.193936610806756615e-01
1.920846668213026243e-01
4.491933531834418902e-01
3.454878491873563107e-01
1.893498000827365524e-01
5.764158336324269882e-01
5.459001109936658658e-01
4.259517833984413637e-01
6.559558650590709972e-01
2.310117487283459003e-01
5.317433172937444663e-01
6.920534417138846095e-01
8.174098255130817225e-01
6.848300953614722131e-01
5.908507531430660098e-01
5.019502992924564921e-01
3.893230426453079818e-01
1.896454494094174381e-01
2.315700667642900390e-01
6.915815457087515217e-01
2.071998834801885570e-01
5.256084510738793236e-01
3.708268344852826415e-01
6.459521439583253422e-01
5.283920587448123207e-01
6.455730159404633461e-01
1.892654254496833610e-01
8.175918221621951698e-01
6.071342537538213513e-01
8.173020304549514226e-01
4.640349517027530513e-01
6.258435774978814425e-01
2.071340085505005979e-01
6.548089172983142525e-01
4.857708836519346041e-01
6.528966664918030016e-01
7.178489505800398351e-01
5.702765938765351761e-01
6.384269745113758665e-01
5.657867766768079898e-01
6.535415441988101648e-01
3.372756975939912860e-01
7.068795663728687506e-01
8.175238379474867312e-01
1.909793696518152784e-01
1.991041449079120618e-01
7.207091503845953762e-01
1.894535579943711912e-01
5.906424493415751709e-01
1.905310742034668214e-01
6.293032541684423498e-01
5.305291397106022266e-01
8.174174621460884582e-01
1.899876431456567205e-01
1.896672189096546834e-01
6.133420730314103064e-01
3.822772458928953565e-01
7.321428465179967704e-01
6.044651544020451794e-01
8.170593216121495583e-01
6.760102264162178853e-01
2.285911338413633698e-01
8.174159425605483920e-01
6.212272254660036186e-01
5.412334781216040502e-01
8.173980197034271811e-01
6.131283326880333506e-01
8.173305762993113843e-01
5.739471559127254929e-01
8.172162718366939860e-01
5.727702690974895150e-01
5.966845020263502608e-01
5.304074641565924564e-01
5.442665383872915541e-01
7.328908728807784767e-01
3.697731215791337234e-01
5.966868794447122148e-01
4.509981474565842308e-01
4.175849052757196200e-01
5.793731840575200298e-01
4.800245991944784851e-01
4.724113090804711312e-01
3.934786843029774994e-01
4.910675290859329301e-01
5.638765148119314619e-01
1.904225746061032065e-01
6.689247811800563825e-01
2.030523382251177567e-01
8.173741922450835640e-01
4.077253487479099436e-01
6.200732777734715429e-01
6.029274445904262425e-01
4.873946834613621659e-01
6.105987690700065418e-01
6.095887778630324494e-01
5.195214855658633057e-01
6.151733774490625306e-01
6.115107366037929593e-01
5.978854270942792759e-01
3.779739980641614872e-01
5.976300415069865091e-01
8.171798055979149211e-01
5.622991565081919552e-01
4.564463569658177011e-01
3.818250180482851142e-01
5.320412792982139871e-01
6.322647909156168256e-01
5.501548526106230241e-01
2.160779291400689583e-01
5.720299476112143955e-01
6.180386835920927968e-01
8.166593717867698388e-01
2.031475787524973098e-01
5.319123911110641423e-01
2.463703422233194940e-01
7.366736886809261975e-01
5.514850699279966184e-01
6.105832511593999312e-01
4.565843596330494414e-01
1.883633274809509706e-01
6.151409927245503617e-01
5.027162070658562909e-01
4.933945838531739181e-01
2.404467136589508724e-01
8.174760653039442326e-01
6.566006053740923720e-01
6.165221665373670223e-01
6.639616984918298437e-01
8.174656309160268641e-01
1.908254610424006681e-01
2.691907792149704770e-01
6.150841729440943428e-01
5.780193146243334246e-01
6.129669114308358147e-01
5.305459231863515202e-01
6.048168457927924901e-01
1.910548893055197539e-01
3.383104145599077350e-01
6.562241953602949707e-01
3.332818081459701931e-01
5.310969156457203688e-01
6.124568604580331588e-01
5.737607626486607160e-01
6.860058079393699382e-01
2.800389757544967106e-01
5.001982353506779777e-01
5.084941293433673515e-01
4.693995365145375853e-01
5.944210165278934754e-01
6.022773504462837213e-01
6.069335451619581878e-01
8.178405766450994596e-01
1.923962014810852716e-01
5.575829122206046318e-01
6.102334720951557712e-01
6.603269119961948652e-01
6.248686990417366971e-01
6.070109915244170651e-01
6.093551094272677826e-01
6.096663873367947906e-01
8.170093642009799151e-01
7.045144766958268967e-01
1.878388827067099254e-01
6.488267427633263029e-01
5.306852701365027958e-01
6.087520065634483002e-01
5.302255944463944992e-01
6.063861347108289168e-01
5.178598624891304070e-01
7.331953710119505363e-01
5.319728476724987498e-01
5.350551685556893533e-01
6.011546949644674953e-01
8.176356332962855245e-01
6.008947292463773238e-01
5.956624521801726635e-01
8.175452047072732098e-01
8.166594552466220902e-01
5.954453812442619398e-01
6.119053283241930874e-01
5.300226122425355513e-01
6.095903230910384440e-01
4.987138623551964911e-01
3.686820922608093354e-01
3.098542875701277843e-01
6.052407494423516221e-01
3.824594061182963189e-01
2.767083211455941272e-01
5.316817348094498019e-01
6.538162952239789938e-01
6.359875646792895187e-01
6.345391699092516324e-01
2.869417198857692197e-01
3.581817266800598754e-01
4.945327443945475299e-01
5.303704910906779091e-01
5.364057056868076767e-01
3.282193210075874390e-01
2.441198166724175833e-01
3.930676163764766362e-01
8.173204099291656588e-01
5.121805980492709631e-01
5.959634588548461398e-01
5.306102251689568394e-01
6.050228289430558126e-01
5.475207822817335090e-01
4.768301795778556729e-01
2.295292500176982498e-01
6.107027568227390013e-01
6.382264890675670710e-01
8.172770172091183838e-01
1.883572518215268776e-01
1.889818530092579885e-01
4.562867389617005776e-01
4.884308591618783391e-01
4.656236180339263786e-01
1.940019079572355420e-01
6.343063830121800084e-01
5.302096723232242459e-01
3.107712477125973982e-01
2.120514836654474877e-01
4.860855295592799719e-01
5.944934312367956553e-01
5.688796018908459651e-01
6.615970873690689702e-01
4.930581920935021012e-01
5.305043082911208296e-01
3.082296156001572696e-01
3.077480341982324341e-01
6.598043378657751923e-01
2.418082478158512794e-01
4.032902478770398758e-01
1.924357401114204225e-01
5.240696709141710041e-01
8.170263827454306016e-01
2.228606382716881995e-01
4.631314836053084250e-01
6.088620531637559674e-01
4.768646726704798833e-01
7.524660722952142278e-01
6.246527395056612475e-01
8.180189964249022783e-01
1.929627461146720679e-01
5.272035422772292090e-01
1.885584827365847094e-01
5.293096257172327235e-01
6.706765280587243527e-01
3.053875788484313181e-01
6.093731204353534103e-01
3.806281245732296981e-01
2.383349632620379854e-01
3.607366390533096601e-01
7.471231114737396650e-01
1.916631997973677060e-01
2.281498331935316037e-01
2.756512458958506606e-01
1.912711515951002472e-01
6.726964733795752771e-01
5.244852778402163684e-01
1.887613896093792154e-01
3.664999389530396723e-01
5.442751313442620864e-01
6.278037755175602808e-01
5.898304548342461207e-01
4.147523675697444845e-01
5.272934118054465324e-01
4.600191108413917429e-01
2.700205585610451209e-01
4.143904589647627867e-01
4.716190953532142793e-01
3.298279332118083107e-01
2.441241978836834747e-01
3.349723808756533416e-01
5.637347549505346000e-01
2.643224919986310040e-01
4.711848539708037298e-01
2.659977117121021251e-01
3.044365380555326128e-01
4.837168955969230466e-01
5.289675058711156286e-01
5.320781079123573232e-01
7.434491980143533851e-01
1.908933145854706526e-01
3.022646736531257594e-01
5.295703016781951877e-01
5.310576594668880990e-01
3.008195583977817944e-01
2.403590879951666703e-01
2.186588525454027099e-01
4.278345752123819956e-01
5.270047456038726708e-01
2.252271114678375818e-01
5.259382412685306152e-01
6.148663140584816889e-01
6.580018126547053647e-01
6.162203655968441218e-01
2.749474396794358011e-01
4.872673574350065984e-01
1.902096680321611888e-01
2.479183690258823791e-01
6.318054835115096690e-01
3.925203362337384427e-01
3.638653537564199292e-01
2.988439752278875261e-01
6.164631773299669160e-01
5.262431691563765890e-01
5.547724465635536228e-01
1.902335218801928518e-01
5.318399996114968609e-01
4.082667705464121388e-01
7.363182435913635526e-01
5.963513605828523190e-01
1.898955389690492324e-01
1.890325355772346227e-01
6.258810883997315555e-01
2.969577652716660632e-01
2.323157025873568704e-01
4.096676836953852541e-01
5.308036848304148458e-01
5.406638292712900862e-01
6.087487601541889948e-01
8.115484605529056372e-01
5.796794967079643701e-01
5.665133117815643882e-01
5.978362422508746166e-01
7.582851165502066948e-01
4.764991287692323940e-01
6.042592673404114656e-01
6.541253750664038913e-01
2.653080050926555078e-01
2.286792793795902334e-01
2.485716428187076665e-01
4.694573439819692551e-01
8.166891666471423061e-01
1.882936312042386984e-01
8.169904918259164317e-01
8.179214211728156325e-01
5.056015017154902313e-01
2.696942637463387027e-01
5.960459921001740602e-01
2.399191796729297499e-01
5.299996191742257778e-01
5.522343688012414376e-01
1.899784066528675541e-01
8.102088789308422578e-01
4.973552361627070484e-01
6.198265138329731583e-01
5.868327001699975565e-01
6.556743653103238589e-01
2.361167608241251381e-01
4.887511604123298548e-01
6.021688311859249021e-01
4.733467969725814739e-01
5.808129053215241866e-01
2.373392724476538207e-01
4.538029462509629020e-01
6.178149411338755836e-01
3.775822855726063687e-01
3.691513648599467623e-01
6.035053312780476187e-01
2.589365027689890519e-01
8.097756559003218557e-01
5.994091734870388155e-01
4.687492387518502612e-01
5.642266663806889682e-01
4.546834808250229121e-01
2.712152260222314704e-01
5.461195733264202490e-01
5.676774159426768440e-01
8.152948898948236822e-01
2.110905635356325472e-01
4.211508533229204598e-01
8.172972233011165377e-01
4.863918473124383413e-01
4.296150832935816677e-01
7.600833502978729950e-01
4.790345737341795695e-01
5.239097777979581094e-01
6.290885392515150887e-01
4.486684307969789343e-01
4.740924121526686186e-01
6.119795617926400144e-01
5.887201714141260256e-01
4.232248165646582683e-01
6.361200849059551743e-01
8.174991934569122431e-01
2.025472118120164033e-01
3.730215754937998285e-01
6.022199635839482479e-01
5.273067087145398846e-01
2.451814443916881248e-01
5.369034171280245848e-01
3.293780679478167106e-01
2.394049525236420783e-01
6.124652452712936457e-01
6.021986846700804197e-01
2.564803641319097216e-01
6.713253434251318374e-01
6.024782300051216843e-01
4.399434405262755421e-01
6.510544812725742592e-01
5.972814803927917193e-01
2.074136373204336081e-01
3.308584735971838442e-01
5.721091855304348828e-01
5.431035547803473307e-01
2.520782619340763420e-01
5.877457309753743031e-01
2.272532354573390534e-01
4.620799426398948251e-01
6.029187334026387957e-01
5.290265909239885156e-01
6.959641857569087708e-01
1.962035157332973623e-01
3.513844073026306525e-01
5.603642394092871459e-01
5.959711960788340868e-01
5.942747365363810763e-01
3.322816010763349204e-01
4.395778899197115286e-01
6.974821307553923377e-01
2.184838169918013884e-01
6.377868342496176846e-01
8.179178377399883848e-01
3.519551598268939041e-01
4.296626016534682013e-01
3.465743159881026769e-01
3.559126100931642722e-01
8.171434738773020179e-01
2.753820043964718689e-01
6.500111824282053252e-01
6.382280274636563666e-01
4.515871964627958257e-01
5.997921016940584993e-01
5.766289201889781557e-01
2.135811581619450339e-01
4.149377605085759479e-01
6.044724773333387535e-01
1.899079824309549414e-01
3.310256320761632010e-01
7.656017985204842669e-01
5.890098918152519847e-01
3.922819443637763359e-01
4.220957528792862457e-01
6.132243414230670320e-01
6.072994688779257411e-01
6.022702393964146639e-01
6.676386269496269454e-01
6.067641289994439857e-01
6.268645903728086166e-01
2.608066342014365713e-01
5.783585420209932382e-01
3.493390422966067277e-01
2.671785242701568142e-01
6.405083289572900407e-01
2.570006410001458019e-01
2.692311095358804751e-01
3.247330370606946182e-01
1.884139031712276091e-01
6.040480518341905247e-01
6.383507923855017419e-01
5.860175730339181044e-01
3.082057470351120543e-01
4.512851696205733565e-01
6.041770188335257030e-01
7.656486307353645993e-01
5.797375777529463203e-01
6.507364866010697524e-01
7.539398059102612182e-01
3.798535072370000099e-01
1.914148221984229570e-01
4.419238893506987065e-01
5.661842215962360481e-01
5.824416790631518070e-01
6.522022766123553028e-01
5.634011340150337777e-01
5.042190771054305687e-01
5.964956636589221484e-01
6.122537915844542544e-01
5.840468516183507930e-01
4.196283517592798162e-01
5.966076178063601798e-01
4.568353692617036499e-01
1.904942467555713614e-01
5.754762492777120153e-01
5.981399314703810255e-01
2.338108879519153194e-01
8.113887094944214340e-01
8.172481735184601304e-01
4.780110874812449895e-01
6.515367920117852707e-01
1.904468880293886390e-01
6.007983491611500471e-01
5.530996319852948817e-01
3.456086931542224350e-01
2.138511262167807070e-01
6.500434264798865547e-01
6.015361221966364358e-01
6.185195928412647870e-01
5.953402309097781675e-01
1.979740153414070170e-01
6.025720439536380590e-01
6.097799046892444785e-01
4.714633410501356536e-01
5.072866954200593304e-01
4.135950708005425303e-01
1.912026540578583567e-01
6.973945760513990955e-01
5.958886452821163804e-01
6.409633811383422808e-01
2.495830757156794477e-01
5.575786479494745373e-01
3.477981248779914991e-01
6.839138568060457724e-01
5.093862639821203908e-01
7.577098915658343481e-01
1.980618337705239429e-01
1.940218429061252026e-01
8.119062559977310300e-01
4.793194515945943257e-01
1.885398643484537118e-01
8.187663741540227580e-01
1.903917663314062814e-01
4.905473259366577854e-01
6.579723305769479280e-01
5.628615985459332061e-01
5.664064529678271009e-01
6.108420650456201084e-01
6.267254846950149894e-01
5.848514233213706337e-01
6.092990846500645485e-01
3.262707617464942200e-01
5.551838637583061953e-01
3.385010666636629750e-01
8.170036821838336794e-01
1.993986541654584332e-01
6.094645342134877852e-01
5.960899497136920022e-01
1.880705357593559224e-01
2.314564658512156259e-01
6.299408801990595830e-01
6.244372970172064052e-01
5.559412762280856457e-01
6.516411275849395279e-01
6.053378868802216095e-01
4.653821431658067276e-01
2.083563053367843421e-01
5.544459116756816908e-01
5.319760853420497648e-01
4.915749907241119820e-01
5.279552258029966971e-01
5.587432040014586043e-01
6.828655550490492221e-01
3.070842287264592407e-01
8.164776203821547673e-01
5.958715711595981013e-01
8.178576253774676452e-01
1.914826017306205386e-01
5.594303555741291234e-01
5.672824664463393951e-01
3.477317133066916699e-01
1.902059384496853633e-01
5.959933138421372734e-01
5.696951149580199436e-01
2.369451897279422903e-01
8.161276903012067985e-01
3.358082898951648687e-01
1.913061100197945563e-01
3.967178113730838729e-01
8.170146018278241495e-01
7.541559998839375556e-01
6.473026686595149126e-01
4.779957879709522128e-01
6.096349414949800982e-01
6.156658517952051657e-01
5.704697044036458609e-01
6.790684022854287516e-01
6.578256356717755438e-01
6.112232886096715667e-01
3.849189064729310883e-01
8.167226828498146407e-01
8.179714828083001210e-01
7.670885352260452539e-01
6.047963242767834258e-01
3.361622749771007723e-01
6.085146076316388930e-01
5.961328168489976598e-01
6.079900297521158015e-01
1.903931994017533658e-01
1.897909363332684340e-01
6.002481094529238392e-01
5.978268904441276232e-01
5.519984864541457315e-01
5.963728191772926790e-01
4.501764499099938366e-01
5.740735590302845637e-01
5.355162361064177423e-01
4.452335006096690972e-01
6.959097489281860227e-01
2.097906348121595932e-01
1.883820518477825889e-01
1.962329681531477243e-01
6.577321916907244992e-01
3.512964176135414673e-01
1.885780346029214960e-01
5.966923252065269301e-01
5.962129253692720621e-01
5.814257046259343475e-01
6.260034182547636883e-01
6.072047259933787133e-01
8.164057448498647229e-01
5.767310156406687538e-01
2.306274657498228187e-01
6.597723337384128195e-01
8.176758490830510206e-01
5.927255415332194355e-01
1.899905296573563551e-01
5.582657557321629715e-01
5.970901140842918009e-01
8.168838119963369726e-01
6.249220777263853055e-01
5.271920896967692283e-01
3.971057110007820690e-01
3.978627145684521249e-01
3.385392651168165346e-01
3.428558401397092115e-01
6.886019244105017201e-01
8.189774033226506766e-01
1.901802424428820915e-01
5.964149165082610615e-01
8.171497878844199425e-01
8.165947885471671608e-01
5.231244764225893018e-01
2.065945373196236556e-01
5.643025020615357601e-01
1.960758247045360225e-01
5.966957770402860906e-01
3.543880377914506163e-01
4.616412163873442887e-01
6.063530234302644262e-01
6.850060026238730115e-01
5.981240174571421653e-01
4.309608247527435543e-01
2.344320271808244815e-01
6.888233276593673793e-01
7.670591720422227366e-01
5.385097587046299150e-01
4.004939163477390096e-01
2.447525756526197360e-01
3.863075894262158472e-01
3.879991756099509526e-01
5.825440777364236933e-01
3.508334698835401944e-01
3.701636404351653642e-01
5.886112744325191493e-01
5.981362728434312936e-01
7.518054599685899397e-01
2.585241503938954799e-01
5.962006713360943344e-01
3.756205626288359745e-01
5.303689272552081224e-01
6.529670000343575920e-01
8.082432356276302299e-01
6.009704591751408032e-01
8.166318025459627927e-01
6.044903760807597282e-01
6.157504737629989622e-01
6.139397657241155715e-01
5.601935218952548423e-01
5.824850859132235659e-01
5.994802774712476579e-01
5.913400441946947694e-01
5.993915564646965510e-01
4.886108531595949045e-01
7.722823883990154181e-01
5.255625557568008865e-01
1.904378770396211173e-01
5.970568594514999994e-01
5.874158249386880470e-01
5.839659159772927488e-01
6.059005812722789708e-01
2.326586490929823947e-01
6.519582341666255720e-01
5.844197285594275870e-01
5.925121014434892031e-01
8.171053026759835802e-01
5.260104694270407721e-01
6.121671667165256014e-01
5.773206456217105931e-01
5.597262214877578579e-01
5.479476974050658811e-01
5.268916909510776847e-01
5.576386356665968824e-01
2.552209143809711644e-01
2.430003344401767129e-01
3.960872888658552582e-01
6.215552860816090375e-01
5.975675099977484361e-01
5.722206192309258199e-01
5.396755367303852635e-01
5.590294473442231071e-01
6.215638968270154052e-01
8.159955081531653498e-01
6.208615416984663016e-01
1.886851515470090723e-01
5.136967175351230264e-01
2.588614024043280892e-01
1.921649459447587194e-01
1.890395691915854604e-01
8.157921801746090829e-01
8.164969382276754395e-01
6.529739938726391024e-01
8.174831813985375950e-01
5.980151038758667603e-01
6.652472233029527171e-01
6.021205900649653220e-01
6.225748448579616623e-01
5.752671367917688849e-01
5.974958681742704725e-01
2.290669824508126118e-01
6.228999793390772588e-01
5.465753049923479656e-01
8.191590576567987503e-01
5.311419387911212597e-01
2.179154402235867483e-01
6.071421138023070929e-01
6.688089804875831934e-01
5.791703328425725772e-01
1.942922836355574501e-01
5.715672706944517900e-01
6.651079323674716770e-01
5.341105109772469328e-01
8.171925532796223690e-01
7.503362266156585747e-01
1.936378204142717163e-01
6.613376258824200660e-01
5.787988054322622533e-01
5.529380242625612230e-01
6.230898517629318567e-01
6.240616643305434419e-01
2.346649346780632084e-01
3.498778521647299411e-01
5.564208911877708275e-01
5.183415956524534129e-01
6.499939295924825888e-01
6.094733766591088342e-01
5.228247239826274706e-01
5.967772663424001367e-01
6.117932388605555882e-01
5.759759532144109739e-01
5.986135537498038506e-01
1.882737302404299540e-01
2.491623240958492080e-01
1.916135010096697566e-01
6.209930559512630843e-01
4.281311117271405231e-01
5.998475311615736327e-01
1.920861577193190839e-01
5.508239185053416254e-01
6.094414736782718389e-01
5.508929701988046768e-01
1.904805160936798025e-01
5.215241326952574363e-01
1.975450252694514186e-01
5.424850416976890743e-01
5.287204107804706066e-01
8.179646104841501453e-01
5.998310410658936886e-01
6.045076336818848706e-01
6.274828419172273630e-01
6.196240149059220048e-01
3.931694926306912863e-01
2.425996851674257493e-01
6.251823841504827728e-01
1.878201152338056512e-01
8.163474314638503593e-01
5.638183647135353027e-01
5.725956241023079096e-01
6.499622963630419248e-01
8.171428751799980628e-01
8.172096224074716364e-01
2.602232871995219798e-01
2.195467288296675812e-01
5.280436306163340809e-01
6.872783490353391311e-01
1.900064874883038435e-01
2.568476651584664094e-01
6.163231926935914817e-01
4.683508067263351671e-01
1.878788721160667419e-01
4.922900427925474554e-01
5.593108691439596658e-01
6.218728183930359865e-01
6.411297808561223777e-01
4.202723203388102347e-01
3.080412478590395797e-01
2.603476042090335230e-01
5.040984115034652380e-01
5.236591272963397881e-01
4.665288344279726052e-01
6.572694811835565476e-01
8.178912895662745486e-01
3.025018001275466828e-01
1.912747266446056527e-01
5.246692320878167948e-01
6.878567878280629211e-01
5.110368125480774237e-01
4.643406055615142969e-01
2.043119604798565025e-01
5.496536925109006821e-01
6.389949319933150296e-01
6.476578875203036212e-01
4.456376276378360979e-01
2.832371718854521658e-01
8.173033704154597512e-01
5.560251842077260642e-01
4.426409436810205822e-01
6.545066136440986782e-01
8.188446465344920711e-01
6.034811973492224535e-01
8.039904896642816601e-01
3.305816867960706396e-01
6.074221576729019745e-01
2.937261147583092313e-01
5.370290655178695527e-01
4.122857699290909395e-01
2.166653858648524833e-01
8.177421894788201584e-01
6.042051063966177304e-01
1.879237420657447477e-01
2.993345570156240587e-01
5.453659669797286114e-01
2.147359345599787472e-01
1.927969694468633644e-01
3.877933853588449997e-01
2.644131863963340989e-01
6.265648808943442560e-01
6.109387117755057384e-01
1.904144249669009192e-01
6.732449058233759276e-01
2.620784385546605089e-01
2.318769869236348702e-01
8.159798050602288244e-01
8.107528261928147462e-01
6.246778201910625494e-01
8.167297269435460638e-01
3.913412117424540648e-01
5.772214995657294345e-01
6.176330856026368554e-01
2.829184904763135666e-01
6.761178270274785795e-01
1.877449920827714280e-01
8.175780261655773984e-01
6.055207980766286191e-01
2.534222565664158155e-01
4.245726369836362313e-01
1.886990363894798239e-01
4.240226779619071795e-01
4.641770992184022226e-01
5.667831750029815874e-01
4.101210238153767396e-01
6.028828274689200795e-01
8.175753529031766220e-01
5.584849229880205490e-01
8.177454196212158299e-01
2.837190828487596850e-01
3.916402146163200371e-01
5.479937912597445671e-01
3.573560891604796175e-01
5.787698141026608178e-01
1.968875444435911892e-01
2.594391138800321572e-01
5.109227656964274722e-01
2.270686185443001881e-01
6.474062583123959547e-01
1.892255183496876214e-01
6.804013007469671415e-01
6.218761535259160755e-01
5.968736017816781425e-01
2.146275293375733695e-01
5.431438746247095883e-01
4.591509678552316287e-01
6.219041189599531227e-01
8.173521392479867753e-01
8.178086072734557233e-01
6.039108841941653871e-01
3.166411169496385902e-01
5.277657710346472797e-01
5.136251512107762318e-01
2.222593546032256007e-01
1.995400569845755256e-01
2.627939823058889623e-01
5.594967580328027434e-01
2.296639005710016390e-01
5.014774705137700073e-01
1.902911284753034393e-01
6.878797257617016436e-01
2.948626953630067993e-01
6.105019439196499587e-01
6.087617786165755440e-01
1.896791591869338156e-01
5.639846784256092871e-01
5.566770648375931607e-01
3.354953191226276443e-01
6.511197443375789096e-01
1.902379651626079915e-01
1.904206508452973012e-01
1.904889631284608364e-01
2.708788356995756041e-01
1.905109872621135458e-01
1.923379845773066921e-01
1.905028057817196863e-01
1.887385386222040495e-01
8.189321112902674393e-01
2.778756636765555843e-01
1.900855549577149806e-01
1.904374642313353405e-01
1.885184588581268750e-01
6.804181474279733521e-01
1.897809514634514749e-01
1.902128114352990285e-01
2.047592986951937144e-01
2.383835554223021624e-01
1.905086458198635702e-01
1.893963961606473234e-01
8.187716010347151352e-01
8.175761356539832381e-01
2.771552420034088526e-01
2.204186922357173617e-01
5.295381136611519990e-01
1.893262572120554821e-01
6.216299012241084387e-01
2.843843464317185599e-01
6.102214597870859736e-01
1.899453467317638589e-01
5.867776141852065752e-01
3.309520509194702198e-01
1.904785878640423702e-01
2.531587240353389001e-01
2.266444022715437823e-01
5.678996142530906566e-01
6.965402715685750090e-01
5.586546782211023743e-01
4.086125843879090391e-01
2.828127401699538912e-01
6.036327898794973112e-01
5.324999701935846375e-01
5.989584349492940163e-01
6.321859558497948672e-01
6.651934910092459630e-01
1.903169580624516632e-01
6.224134235577076790e-01
2.500747117906527706e-01
6.087498242931802528e-01
8.189583392266249762e-01
6.538172722171022855e-01
2.514162347010264753e-01
6.056925410006738231e-01
6.595318700454768646e-01
6.151007383683658736e-01
4.195032485350178586e-01
3.410043575043505415e-01
6.046725381564291846e-01
5.294374768617354787e-01
5.984562558869153115e-01
6.091739604813423137e-01
4.852324020502835067e-01
6.212455805496417405e-01
6.091802100628123107e-01
6.151713034044000716e-01
4.869278394452399295e-01
2.784493423977808524e-01
6.211903704600898468e-01
4.919695108315425558e-01
1.887265185831829284e-01
4.504391768640828020e-01
6.771655408459396064e-01
5.493135535734535724e-01
1.911293690266323009e-01
5.578615141264445798e-01
2.727321804898830693e-01
2.892720759094223881e-01
3.822071355274252458e-01
8.064032192512962105e-01
2.849180723659044401e-01
6.013502373120770406e-01
1.879317381755669925e-01
6.202634217794661398e-01
8.175683002868588956e-01
6.503493861788105512e-01
6.031909235756113263e-01
5.716834309608339604e-01
6.559819051223556574e-01
2.033250196238288177e-01
8.154694732277220082e-01
3.394097546423136547e-01
3.436802842695731997e-01
1.895997370934952020e-01
3.194418913516310909e-01
1.927767481725783660e-01
6.604507950057247889e-01
3.504304264536636793e-01
1.944167151189665765e-01
1.900095049709176476e-01
5.984843536863906355e-01
4.671843313552286880e-01
1.920067802774021448e-01
6.092444579814663141e-01
6.686132223432421640e-01
2.858914181459670245e-01
6.006460197245079291e-01
5.458200037188732923e-01
3.812632554242618155e-01
5.987600309609349969e-01
5.981002669686481532e-01
6.061187771298027771e-01
6.113260797148142300e-01
1.907660813517753906e-01
4.950639802601900508e-01
6.992070940220709296e-01
1.877772445278102775e-01
8.175432579364312335e-01
5.983590451821966250e-01
3.710493510180338239e-01
8.185337694296380695e-01
2.853379338162200241e-01
5.062039439234373717e-01
3.420831143008299380e-01
6.031568246222123175e-01
6.097221005416577633e-01
2.969432897341361954e-01
4.812548687508539924e-01
6.569376413487937327e-01
6.018242656158458992e-01
6.116495917884468003e-01
4.057302687881105263e-01
1.882628364781913366e-01
5.800694513082226278e-01
8.189612581457984541e-01
5.349942301850177939e-01
5.037793375443122557e-01
3.430849416081901970e-01
8.162095217557079341e-01
6.021834079714740717e-01
6.336773820145731317e-01
6.013063695819653720e-01
8.163736133807312223e-01
8.169692185576061805e-01
5.788268383953287799e-01
6.138121142174723932e-01
2.600064904706614888e-01
3.000133274706064945e-01
6.896308156097368247e-01
4.487412963784612741e-01
1.904216926399208420e-01
1.893147368409955067e-01
1.880939395150047766e-01
5.088156006105645224e-01
2.859815995697272961e-01
8.150611803593370563e-01
1.917374956731721647e-01
8.116884946372399101e-01
6.017126307925932949e-01
5.096848981782613475e-01
6.148494982092407302e-01
8.171836511080410315e-01
1.904205068617400853e-01
6.093991581629122356e-01
5.833051515169132006e-01
8.175060437950488756e-01
6.845638629923077589e-01
6.502226170933202987e-01
4.146042758306216491e-01
5.555218815840524682e-01
5.981335665130307344e-01
5.591400485520507946e-01
3.305937488363545618e-01
5.966358600807311063e-01
2.654937387261621651e-01
4.173793563573308107e-01
2.789021884358976466e-01
5.535092167110181594e-01
3.177902078683766951e-01
1.909028613326877732e-01
1.933339293032797779e-01
4.988813820497830509e-01
5.254444182365216598e-01
2.856518164312403241e-01
4.416427188988239494e-01
6.113745185926225956e-01
6.915518876688477867e-01
6.099508279555889700e-01
6.103671442363477473e-01
6.858558062106601128e-01
6.348293002135717567e-01
1.907596140886490266e-01
8.143551281250591689e-01
6.002646700808095259e-01
1.898058186361917254e-01
2.792877571206071607e-01
2.792505485554070965e-01
5.076366123209798964e-01
6.334633145236565621e-01
6.008210052228156739e-01
5.276482277635206053e-01
5.349264875641156491e-01
8.186243307877090203e-01
8.179105223502913802e-01
6.806531631096151003e-01
1.931789830570987132e-01
6.220464348024488110e-01
2.849214994471819806e-01
5.539815411205694096e-01
5.979308103011033992e-01
5.438409900751252080e-01
6.079008063138755524e-01
1.896051561489067450e-01
8.165995361942844921e-01
4.828062713647154891e-01
4.592525109060365263e-01
6.925672376779800077e-01
6.108173000515866313e-01
3.128284532122350692e-01
6.111312030385642746e-01
8.166686638879820936e-01
5.977295875638601874e-01
1.886577235005443276e-01
1.958648982572098740e-01
1.909905431186719182e-01
6.896098244757046247e-01
8.170270596424819010e-01
1.902687479228416523e-01
5.798413568499779513e-01
2.651065833331759936e-01
3.206739743078577676e-01
4.083201583021464076e-01
6.103629500757342674e-01
5.996063273835579022e-01
5.383325594225205624e-01
6.677412692806680150e-01
5.992726697146950610e-01
5.909429904874319295e-01
2.805217316243305836e-01
6.069496820214027588e-01
5.203594325489732109e-01
4.377378976783472542e-01
5.527478140114656657e-01
8.110046645352578798e-01
4.192893058615804192e-01
4.180182573533672286e-01
6.225163814818458485e-01
1.886769167828090399e-01
1.905653984920025745e-01
2.553481676115687549e-01
6.321131146312798377e-01
6.078016338606527791e-01
6.111084475771838553e-01
2.974966050745931345e-01
6.911791073669683039e-01
6.482881031701943630e-01
1.908853821209843538e-01
2.785596800421249464e-01
1.937967979977894273e-01
1.914494110552524275e-01
8.178793504196462116e-01
6.090098597515212209e-01
5.354445734934907275e-01
5.434546315762518454e-01
8.172849632459624480e-01
5.321347203978777918e-01
5.298175176700036237e-01
4.048795409234444143e-01
6.222972784984276418e-01
6.258694521791744458e-01
2.820027496900373021e-01
3.211967942139948851e-01
7.843991771313910677e-01
5.214560449493877980e-01
8.149666991360551282e-01
1.935311348041666157e-01
6.481059385328887812e-01
3.361971909077113851e-01
4.001961663383529211e-01
1.881005512867387763e-01
7.715925280436579659e-01
6.041365571972369120e-01
4.958047839320774419e-01
8.174537450366757829e-01
5.252555770139288871e-01
6.181655995230602718e-01
8.181258217423268420e-01
4.509110756621364513e-01
6.017943778251234610e-01
3.048424496680559592e-01
3.597254012119595612e-01
3.481523155588897023e-01
5.787739859204201753e-01
6.970787301442912254e-01
3.682291514576819247e-01
4.216823510742525594e-01
4.742022480215267177e-01
1.966255875487998017e-01
5.216716063509976298e-01
6.055240979718307104e-01
5.267664767684832050e-01
8.181109111013062929e-01
4.581785671498627699e-01
4.198779418548804210e-01
1.924550400895094493e-01
6.064042080262179724e-01
5.927627145859297730e-01
5.826908258065169877e-01
3.479441474729593198e-01
5.766932027226099322e-01
5.904594600275436811e-01
5.978015047832961892e-01
8.188692433270902127e-01
1.908372164620104061e-01
6.482014425246387379e-01
5.559600728882382326e-01
8.174222060438005588e-01
5.944710242786070964e-01
5.975752643061484903e-01
5.259098384514915292e-01
1.877812444798043490e-01
3.444091460581191200e-01
4.330705492480774188e-01
3.336000585431252441e-01
2.763086429612114370e-01
7.139507106586305829e-01
8.181138268549356107e-01
8.189338984686762579e-01
3.223295000308818437e-01
6.966793379801976549e-01
6.831898249249747090e-01
6.248951573542728122e-01
6.066995917500923596e-01
1.895517950603395896e-01
4.560867224696660838e-01
8.142390609981177141e-01
6.976605621864544471e-01
5.375465462059556554e-01
7.255992308205261310e-01
5.958126205225596772e-01
2.037498969961258899e-01
8.184830812609120709e-01
1.901618752720307393e-01
3.253649221628786004e-01
4.125658393090149700e-01
2.796970455248228848e-01
1.878930777892987014e-01
6.553326672284829346e-01
7.214180050289126234e-01
3.451730175241511378e-01
5.691211868992611667e-01
3.868975848045861365e-01
5.911116861494299934e-01
2.089328761630921683e-01
1.896070798713743455e-01
5.658301709616684327e-01
5.780167445481148025e-01
5.899573027702202932e-01
2.394092207426778141e-01
4.332834427368540964e-01
1.895831747171416171e-01
5.962528552999357689e-01
4.350786779123873571e-01
5.848387859641841491e-01
6.027184392164531834e-01
4.812217180836763641e-01
1.897503811009325081e-01
3.267301281871703988e-01
6.088634734890918665e-01
6.437725957575244351e-01
5.862344050478359714e-01
3.377342828778758244e-01
6.303268495814864369e-01
2.184967712789049055e-01
3.513455221681047735e-01
1.882342674819009187e-01
2.268254879156242354e-01
4.158367007910808155e-01
7.677454217786300328e-01
5.236665213699673860e-01
5.825450816136329424e-01
2.817915990535282411e-01
6.457179318232721954e-01
8.161019929427606456e-01
1.900282143909342580e-01
6.119507632288577748e-01
5.467868028675029191e-01
5.469190619093522443e-01
7.248495060241717525e-01
6.025177061793486333e-01
4.819891035929976253e-01
2.580754250238668224e-01
6.356537245588740337e-01
6.827629901905051257e-01
4.709392356172081850e-01
5.966063470521798529e-01
8.135258960346182233e-01
6.427854186955538340e-01
6.106524499759687918e-01
2.798928746325043404e-01
1.898322787622498398e-01
2.596252891698569432e-01
1.895737905114596999e-01
5.564468745273108974e-01
8.188497969634112028e-01
6.185335243927193583e-01
2.404096067899382794e-01
2.976646164638002134e-01
1.878639938225455108e-01
6.652737769595631345e-01
1.896138225450988146e-01
5.900770605031879779e-01
7.686117490859328827e-01
4.021044399876024800e-01
6.963193629555071151e-01
8.155282838699194903e-01
8.191194523781025749e-01
7.527028190225236726e-01
4.870141193174438166e-01
6.277464880534990854e-01
5.820930340638473810e-01
1.900514184822072461e-01
3.390803656787585996e-01
6.380463328905676690e-01
3.795347061313542603e-01
4.558909029430766036e-01
5.181942238078142138e-01
1.902708748097456104e-01
8.181279321280079397e-01
1.882864678772888933e-01
5.719320989624735452e-01
6.024950459741055253e-01
5.969165427064764273e-01
4.861684594257323355e-01
2.882217569002417101e-01
5.948586267755758827e-01
2.205372572559132771e-01
3.016116287393920681e-01
5.361380564652535874e-01
4.809788669962417051e-01
1.885934340550040611e-01
1.885697138266113904e-01
5.355308580229705129e-01
5.205950744521826712e-01
6.725918081487511913e-01
1.897512149107112023e-01
2.217281854461627399e-01
5.974161681607293994e-01
8.177177877732769717e-01
7.734823348336038462e-01
5.937312584864953280e-01
4.704901282657398265e-01
3.530173812518677678e-01
5.986561632897503538e-01
2.373205197872979844e-01
1.884589577659872284e-01
6.806492015263966300e-01
6.037405459680036390e-01
3.743326313287033691e-01
1.880430807884735378e-01
6.973279303761905634e-01
6.041445562173108907e-01
1.893882169981550567e-01
2.658396169987869984e-01
2.412807934104507779e-01
8.181989534143683240e-01
6.567603597885941502e-01
2.868420672791258119e-01
1.895505463895354459e-01
6.004011059875405953e-01
5.641674727278566115e-01
5.847135464780992553e-01
1.895197148767523432e-01
8.178278321457481681e-01
5.799515664392159708e-01
6.094223715409502473e-01
4.874644627677877096e-01
8.185229959410664780e-01
6.045465893548911396e-01
1.901384046653820936e-01
7.901700310844091968e-01
1.903539736897573997e-01
5.747283894474943811e-01
6.421053764048043622e-01
2.859726949200004364e-01
6.002792191923606024e-01
6.012387506316669850e-01
4.617460885984653318e-01
3.018050383416836513e-01
2.463456202822395247e-01
6.453003674987358718e-01
3.482828974858018234e-01
5.060462295815737477e-01
5.962091689597772692e-01
5.273389992369957868e-01
2.464180260237562869e-01
5.737342948886903216e-01
4.299214819482274352e-01
1.901150936484823917e-01
6.870165560237350144e-01
7.696337374734445458e-01
5.764165243267068695e-01
8.173067329668743941e-01
1.886626747518377056e-01
3.152393090563058164e-01
5.935831162435630803e-01
8.192395696498343538e-01
6.079792780445745226e-01
1.923778255965837569e-01
2.015535092983304633e-01
6.242209058463799032e-01
4.575156476172437814e-01
1.879531859037902874e-01
1.904466835353010590e-01
8.157894918485614211e-01
3.190802996253435109e-01
4.096195764353467439e-01
5.958755580067970348e-01
4.962834257043485242e-01
6.860101190412762895e-01
5.987321529555656996e-01
1.943736854548304693e-01
1.919949109657149711e-01
5.744740047518178683e-01
5.978060902882392780e-01
5.626843982297252689e-01
1.888936095075404442e-01
8.126457818884149642e-01
6.069644721385906161e-01
1.958794134525464192e-01
5.949228764860279295e-01
2.308396309281754433e-01
1.904860503661587323e-01
8.097046285052746928e-01
1.878528584677838231e-01
6.150578967070819969e-01
8.174344092870392542e-01
4.436647354709312152e-01
1.941176744145260979e-01
1.885572770136131338e-01
5.108435833365608802e-01
3.155359296013220405e-01
6.652192884523469019e-01
5.937227028858663713e-01
6.211622498567155315e-01
1.896588998720241948e-01
4.976058049251484428e-01
4.528393046520920451e-01
5.964329317941994280e-01
4.421524499708538447e-01
2.846267307550713888e-01
5.198922052645166270e-01
6.431424524719016045e-01
5.949631722066150985e-01
4.633259741778938956e-01
8.183275612025966428e-01
2.607617798458434222e-01
4.295483782417918728e-01
6.072986285680301854e-01
2.578102630836163756e-01
4.829011670885047236e-01
8.116773142281167308e-01
8.182034580476627017e-01
6.491453290356862249e-01
6.047300513353411899e-01
6.534166918963415505e-01
2.036587900223965630e-01
1.924521641927081084e-01
5.761956271129977658e-01
5.499950902772323680e-01
1.929592505338662278e-01
1.906212253083350294e-01
7.724985205160717072e-01
6.166531258547502947e-01
6.916433769362612116e-01
8.180386488974712433e-01
5.110136195648516955e-01
2.895589007798841097e-01
5.297598178386782042e-01
2.716303717403285578e-01
1.892071421018363953e-01
1.924137050475775712e-01
4.541238278027338038e-01
5.218891447805537043e-01
2.002340860621376895e-01
5.159722459949781515e-01
6.385420966407805432e-01
6.128782572784128302e-01
8.179063273597084738e-01
3.903333966685206269e-01
8.156772028346047643e-01
5.441984352039420658e-01
6.050622277388953973e-01
4.900666497005103928e-01
5.490906477437160760e-01
5.096389095130423597e-01
6.081645954766653484e-01
8.180381203256511524e-01
8.181327886694039764e-01
2.499311115910244074e-01
6.206338553177105366e-01
8.165700050501325524e-01
8.172694468303651760e-01
6.015570134501079247e-01
8.114447591088207457e-01
1.902880101821182723e-01
6.208673097533650154e-01
5.993158886872609337e-01
4.861026514361245221e-01
1.900308358057606062e-01
7.866007115254767257e-01
1.876305414244851533e-01
5.545587254238298902e-01
5.597975487762415492e-01
2.852316312508078600e-01
8.126604408771858079e-01
5.785145297561893329e-01
5.948298970546767039e-01
4.475885735940955401e-01
4.033680022001994714e-01
4.722724978447072064e-01
6.046040849154310504e-01
8.174790715317139522e-01
6.575570946486777313e-01
5.919342004358686404e-01
5.268854261955658869e-01
1.924101933469802850e-01
6.271556893332962401e-01
8.190300610919171165e-01
2.239956630828837392e-01
5.110707558983800247e-01
8.160516889044663325e-01
2.651104267495652533e-01
8.122164195044939694e-01
1.903223223676145937e-01
6.962317831231360499e-01
3.540941676914780012e-01
5.987949881233185501e-01
1.888838988718544720e-01
3.912391240695833883e-01
4.293486847212051871e-01
6.130255470170216103e-01
5.596415758210134817e-01
6.067850857050074431e-01
1.885289856919855345e-01
5.527569704935507700e-01
6.389414491206008018e-01
3.960464423264462019e-01
6.532777411090137099e-01
8.110789636118310719e-01
5.716237284154711551e-01
8.188610480262454860e-01
6.073966416896224851e-01
1.913305019641737270e-01
5.162693727312562819e-01
4.509447247123084535e-01
4.601219000390946445e-01
1.917343040425611711e-01
8.170241434151943594e-01
6.203225135891128339e-01
6.202085884894522616e-01
3.697917273318167553e-01
5.837303736517199804e-01
5.850209118538816089e-01
8.172529523215446012e-01
5.941648969643662515e-01
5.641621452886722565e-01
6.116075926950620412e-01
5.389175598421559465e-01
3.169479515171272355e-01
1.899549972914535978e-01
8.188064420311165215e-01
8.181042549496136962e-01
5.722465883520908569e-01
8.057993847517505026e-01
6.058391138481920013e-01
6.649813609213403032e-01
5.959336894095613735e-01
2.778028125204620169e-01
5.672586579432373766e-01
6.042796328967101616e-01
6.180319158071078123e-01
3.607642239627255054e-01
5.062591032672301150e-01
5.663384532093719281e-01
5.603728617080721008e-01
5.976400558929352291e-01
1.898697786750111471e-01
6.117411964123166124e-01
4.856408475742583497e-01
1.897840393233096723e-01
6.095693410684778213e-01
3.332977539586169935e-01
4.050520448009537477e-01
8.186658383319092014e-01
5.662021714430229835e-01
6.453256021574226287e-01
2.796427238981482599e-01
8.169182610788403576e-01
3.334813619443445232e-01
8.150445528622792812e-01
6.105076001398713759e-01
1.886652506259493822e-01
4.605740856149503348e-01
5.985665734295544382e-01
6.397854341081093965e-01
2.659629181689555089e-01
6.139871648591039843e-01
4.965428283575635260e-01
1.882997871656722222e-01
8.096057855473163256e-01
5.905010859050286998e-01
6.590147648978913475e-01
1.901730478801577362e-01
1.881329545229328826e-01
2.671845286980100154e-01
8.171155046961666724e-01
6.977572126985061018e-01
5.994281849009401864e-01
1.877277807476637195e-01
1.881945868245521181e-01
6.852061956309831725e-01
4.386745170405387806e-01
8.157806808937998477e-01
3.613487005674859143e-01
5.912987176469871597e-01
3.502653119473028154e-01
3.320347831174375042e-01
6.706071181544095428e-01
5.667863846069000067e-01
3.447694736188682829e-01
8.190603583339474136e-01
8.121867921585297356e-01
5.975517578305847843e-01
2.402092142348599690e-01
1.964719457251614121e-01
5.688258171755735670e-01
1.901483505330730517e-01
5.855567794710385687e-01
5.274385384772374286e-01
3.259169154560342396e-01
6.761982847651790696e-01
6.139237662114647165e-01
8.184591342184684981e-01
6.136675621397033042e-01
3.381684525716613932e-01
6.119671559039966402e-01
4.694588160615513761e-01
1.889104874204348139e-01
1.919506950655803235e-01
2.016304266630302156e-01
3.420893117733740385e-01
1.889131303821013352e-01
6.092500430047314008e-01
6.704934258905068667e-01
5.976111337970684279e-01
3.737055452029681146e-01
1.904024129217399830e-01
1.945271914517516521e-01
1.903582115535136510e-01
6.656531595532263479e-01
2.426123450537345516e-01
1.901497413809652148e-01
2.126204944484905435e-01
1.901181646239944734e-01
8.179347381482184876e-01
5.368180884215415505e-01
1.904664909808912177e-01
1.895392086241210750e-01
1.892549162074989300e-01
5.094854277143679999e-01
1.969620179569607221e-01
1.902651364708714543e-01
1.904527538373552709e-01
1.904975056184821380e-01
1.905109303291197265e-01
1.904666564399333795e-01
5.742439763219904236e-01
2.497106571287292520e-01
5.885827324868401211e-01
6.855053847610489415e-01
2.257425567767373520e-01
1.903159287326753879e-01
6.328045620765568868e-01
1.905041063017886283e-01
1.905082819262339244e-01
5.569648851296904457e-01
5.940957908775474916e-01
2.533156791096494165e-01
6.889044223391834754e-01
1.900745416097839036e-01
5.949788818760534115e-01
1.879040455610121452e-01
1.884598315287595860e-01
6.263198104393091770e-01
3.114745425707289850e-01
1.975701282528716518e-01
3.949875652495775658e-01
7.707075707218552507e-01
1.933692707154805734e-01
2.078657744991004863e-01
8.153244704552206068e-01
5.522311322703503667e-01
6.006387405779229915e-01
3.346947663931366113e-01
4.190082231757640829e-01
4.403444395451730498e-01
5.849828711598354936e-01
6.959239080976736824e-01
4.536126906015416904e-01
6.963700222448220289e-01
6.615705025553880736e-01
6.449836234751318287e-01
6.178459427954872130e-01
2.602956058694633201e-01
3.024846281299164441e-01
6.858850810200477488e-01
5.253461563742639617e-01
5.766320911125765170e-01
4.639955852410523884e-01
8.141193169864447965e-01
3.260024176837835741e-01
5.530353904818775534e-01
5.863453209940847621e-01
6.108160560161529640e-01
6.072953072094686711e-01
1.932913227438498027e-01
8.164287052373073728e-01
1.933779910613421804e-01
5.966247852400130558e-01
2.842004177387172925e-01
2.156935067679395246e-01
1.939770395230511479e-01
7.023302585081153682e-01
2.840216999555309485e-01
2.816577315330403009e-01
3.212666785008052028e-01
2.854976259023868645e-01
1.898776476357849352e-01
8.113683747891087261e-01
2.109721363971926444e-01
2.145343913943583980e-01
1.904159822959934079e-01
5.923484261427363062e-01
8.187165866663418390e-01
1.913781035797118280e-01
6.130643027940154699e-01
3.481012425384276132e-01
5.955086759965645404e-01
2.984607745986032623e-01
3.292603477732377049e-01
6.097722255526454305e-01
5.549786580542380721e-01
8.187272531439201417e-01
5.850945590465248536e-01
6.107059407924737560e-01
6.068935340452331628e-01
6.198752129349069939e-01
5.895410558626801301e-01
6.171259662482214692e-01
5.953107169093692086e-01
1.888615522118742007e-01
6.549545936796322687e-01
2.292802193399320065e-01
6.837815283715491521e-01
5.879015521749778594e-01
6.458163211357241806e-01
1.939311980621532816e-01
4.489000177805163583e-01
8.080432050466818117e-01
4.440274328631823586e-01
6.124372094129209021e-01
6.675339590316755611e-01
2.850449310726733687e-01
6.443321701257046508e-01
1.882213599673625004e-01
1.887606867726938920e-01
5.949927951220461697e-01
6.046900118009960190e-01
1.905840158760326308e-01
5.893057952904579011e-01
1.992756419946926649e-01
4.315632068365665708e-01
5.932595943519833881e-01
8.173928907773386765e-01
5.946095557518226160e-01
1.902199245181588894e-01
1.913454269412842856e-01
8.178713308022015349e-01
6.026861230563920202e-01
5.983285828006092988e-01
7.975399392969078072e-01
6.396761246804134604e-01
5.682818310892983060e-01
4.625623240444962092e-01
2.656631725477980321e-01
5.936291671632949463e-01
7.031441338253068274e-01
6.517411983263524666e-01
5.988626076284621069e-01
5.935948525801620912e-01
2.192579220794657613e-01
6.253182881229368828e-01
6.039647945393352702e-01
6.439342832105324765e-01
8.155860708736309972e-01
7.285513328674845246e-01
3.377299795679237771e-01
5.955955756987066918e-01
1.877824252561677842e-01
6.037891631325607023e-01
6.106616692338231456e-01
4.988729413687249536e-01
6.107944046721349718e-01
3.048143567859870062e-01
6.445832166634608562e-01
3.552203227137328834e-01
4.510670086502173159e-01
8.165451750922404495e-01
5.285408926880463820e-01
6.194783196973531192e-01
6.968753056789118716e-01
4.851640306071096087e-01
4.364499957354238679e-01
1.884699991970329169e-01
4.889530212856428859e-01
3.546024775470367763e-01
5.307257351575582760e-01
6.284250477311291716e-01
4.589077086871590772e-01
1.898307388233836934e-01
3.646670706998617062e-01
5.297229754837943227e-01
5.814031979769811453e-01
3.844002017830155382e-01
5.957537176553969749e-01
5.571002161129716690e-01
5.931593086510925650e-01
5.121657080013499730e-01
2.167997625291002983e-01
1.897011063637559503e-01
2.186752087943413247e-01
4.392499561286751786e-01
5.713021661116109984e-01
5.846674097390018865e-01
6.917199372910051158e-01
3.022847785572776447e-01
1.924941120382188398e-01
4.393649017648197930e-01
6.556623812652171424e-01
2.778718147239983560e-01
6.197141756287937175e-01
5.849208802033557530e-01
4.578379914584663757e-01
6.941179552088351246e-01
8.167167244635873402e-01
2.003348034462282823e-01
4.611673850348906867e-01
2.758756323941521926e-01
5.276989431385897822e-01
1.897181229113539813e-01
5.616453411463193657e-01
2.684968093466466588e-01
4.124381443067396957e-01
6.375747155730306925e-01
8.015066670258239601e-01
4.315272734944882727e-01
2.504250550836534805e-01
6.225440492144423965e-01
5.506537465935388287e-01
5.834167535309430219e-01
5.869925114896844542e-01
6.297586213685527623e-01
5.756561685764868264e-01
6.348013658330488029e-01
1.908370685253593102e-01
5.795694321093408652e-01
5.353024995915409701e-01
5.045836003342909493e-01
3.025007831245878909e-01
3.190598243207095064e-01
5.007807380155900878e-01
5.923268062942964596e-01
5.616257330607793419e-01
8.154571071194881560e-01
6.378806895807795918e-01
6.361764675731075291e-01
6.272127883189633213e-01
1.925921218768032739e-01
6.192350593029554151e-01
6.272399499923204669e-01
5.960829900984064844e-01
5.094116744140463338e-01
4.480729944832655409e-01
8.168344735293099346e-01
5.253005293480119686e-01
4.953768324987687377e-01
1.913615083296764663e-01
1.893358765894999074e-01
1.894202054010905301e-01
5.465125409077010721e-01
4.385632975165547065e-01
4.761948630627103607e-01
1.881147913138397076e-01
6.839457064730807279e-01
6.933030802266134662e-01
6.454247703496910349e-01
2.872433214817021185e-01
2.796477788175331658e-01
4.940863467647406693e-01
5.833631863123225347e-01
2.099718800788165640e-01
1.942411454439209595e-01
5.997859944630721252e-01
8.177057112177384957e-01
8.179685296253351723e-01
1.884801105617091577e-01
1.877151346915469088e-01
1.877448429676838171e-01
4.153125705595100969e-01
2.997409981586466321e-01
1.897552013816618810e-01
1.900611471558207033e-01
1.890853968358366666e-01
1.888117356084411946e-01
1.882020129729621016e-01
1.950972061926314893e-01
1.925646201847815986e-01
5.935224439196731261e-01
3.290042680120842111e-01
2.350093136434950325e-01
2.061556582409033445e-01
6.882016010441760478e-01
1.895768496241511669e-01
6.405882119634912497e-01
8.179730251643220207e-01
3.159567224546543929e-01
6.852521328640381881e-01
6.748277242068497772e-01
6.688112923670888055e-01
6.477708448889539783e-01
6.379962296298095081e-01
6.098031235532485050e-01
5.742858215899507845e-01
4.490765076987655036e-01
3.665223457109905714e-01
2.698626694199154907e-01
1.954314252559139764e-01
1.890423246164326943e-01
1.908454192458709509e-01
1.898748766482543093e-01
1.899160808391026911e-01
1.899701082730767820e-01
1.900005786923388007e-01
1.900465997477239488e-01
1.900691105468100273e-01
1.899613699910200348e-01
1.897442825710934922e-01
1.893240542254704672e-01
1.885213417584337969e-01
1.887809457757292642e-01
6.127787791569752063e-01
6.982811039870207015e-01
4.936143955232518143e-01
3.135224319939045601e-01
7.967849032270152287e-01
5.316631924425861966e-01
1.882973882304020685e-01
6.255025537304007566e-01
1.900672053425738472e-01
2.315993693335393067e-01
6.824956879979414692e-01
5.536864997649975084e-01
5.314984832602932530e-01
4.920811155172011286e-01
4.010398643441478450e-01
3.091856980384116715e-01
1.877583115609650355e-01
1.877832658132686516e-01
1.898297715472098135e-01
1.900262087266138822e-01
1.900695098603427668e-01
1.900609509607923409e-01
1.900273961300351921e-01
1.898507524539736480e-01
1.895216267571943891e-01
5.602405348198453705e-01
5.364256115001481140e-01
8.167195011817679484e-01
2.804522629305535864e-01
5.990096760353985639e-01
1.879969759535303486e-01
3.357569946196761745e-01
6.106420067181851374e-01
5.986939567011734242e-01
4.438751161554297942e-01
5.563642772277870296e-01
8.183715448648392066e-01
2.145666161030525265e-01
1.887815609429478458e-01
4.945821005349733124e-01
8.182272617042576357e-01
6.135607763364246958e-01
6.096709115207511465e-01
5.654701751871130666e-01
6.097577658791062394e-01
5.061951272274018976e-01
1.917697722853182185e-01
1.906698852794465882e-01
1.942388272810930405e-01
6.099620704665807969e-01
5.957271656463380971e-01
8.179308928221786790e-01
1.923067401319275560e-01
1.895969993887229588e-01
8.179329304090013908e-01
5.544126629633497894e-01
8.176902867042030731e-01
7.125502699475192436e-01
3.692519994763904245e-01
2.807576229367847453e-01
1.917966194967201110e-01
3.636455568807394623e-01
6.081280150936385631e-01
6.233637425980278479e-01
6.620503532641697220e-01
6.995265503717902345e-01
3.508921626886393197e-01
2.949095605574615364e-01
1.881119145187171160e-01
6.482973191014924641e-01
5.415417041782585317e-01
8.179608319614898315e-01
7.743796828663146448e-01
6.863794098825969359e-01
2.135946370510511672e-01
4.314679841559601603e-01
3.261372600762350027e-01
1.898976738732360281e-01
7.222669633275996537e-01
2.577239161308283455e-01
6.228437526456577222e-01
4.489136526518597292e-01
5.584280952840485757e-01
5.990660825113195420e-01
2.235669856475367701e-01
6.108197974499396388e-01
2.213318623257200801e-01
5.404541888664921023e-01
2.517488847087947512e-01
5.588345831517982365e-01
8.161638616974887794e-01
6.231181574185582495e-01
2.853197713807167357e-01
2.749650184349768378e-01
5.770200526712920830e-01
6.198860097195508789e-01
1.903979459695059606e-01
1.877517063065798075e-01
1.879140410150638707e-01
1.931334881390773806e-01
6.224382779619368478e-01
1.890141741718469881e-01
6.018954572700071504e-01
6.263304588608077372e-01
2.391505323227735014e-01
5.996057273863473203e-01
4.604175930206909073e-01
2.096130029984550058e-01
1.888095497469928219e-01
4.626754945047941714e-01
2.409993707454003431e-01
1.927195915303540341e-01
6.131205818421622267e-01
2.177866740763741982e-01
1.977748496014237745e-01
3.363211357978941329e-01
6.933440453980370677e-01
8.148283268226774734e-01
8.179369111161484129e-01
5.384728578268002108e-01
2.341241379967274883e-01
5.914419658754906939e-01
1.886915502224007779e-01
4.884681921441279551e-01
3.249119012575006904e-01
6.267461845402036991e-01
2.990163037822106129e-01
5.674536433267237667e-01
8.013678523946562438e-01
4.598802103478988323e-01
8.163234688429226171e-01
5.988182528304573093e-01
8.174454459694142638e-01
1.902453751881791888e-01
6.597679438567374266e-01
5.120130654169200435e-01
4.052255977234506257e-01
2.705943936788957060e-01
5.233116390193109924e-01
1.922339338187745161e-01
5.954000549441429424e-01
8.181197076189600237e-01
6.557061516689508540e-01
3.208317748275504311e-01
6.422340700060121810e-01
8.167197615381791564e-01
1.940738386981779307e-01
6.177105734926120473e-01
5.898605277673925062e-01
6.318552249331004234e-01
4.524001410579594484e-01
1.913356701723310238e-01
4.086069807238477125e-01
3.616876077921517552e-01
6.060468985204106040e-01
7.892870081443615904e-01
6.974509647719959737e-01
1.931091805783318738e-01
2.260994737711947145e-01
6.610844901035534127e-01
4.837686745021164136e-01
6.094589221433093229e-01
2.135766282864835219e-01
7.497383071662504506e-01
8.032152134864878334e-01
7.350825982133092351e-01
5.778191249320466794e-01
6.042578340828913541e-01
8.163190865996622358e-01
3.401442238528529782e-01
7.699035799792385282e-01
8.162935044358300418e-01
6.431978296825547892e-01
8.190524319747415349e-01
2.056545858431468032e-01
3.478687737416332748e-01
7.884397916608181234e-01
4.999960394816238551e-01
3.512362499801710558e-01
4.610604998384605913e-01
3.065322837052826266e-01
1.898935112714374152e-01
6.117764733439059466e-01
5.119825028804265710e-01
3.489489033168670651e-01
8.184332702799812509e-01
5.945311790886295134e-01
4.877735102228912822e-01
6.380836446034531262e-01
1.903245230638568875e-01
1.888737778904355236e-01
5.974799098821454990e-01
6.898524697803241068e-01
4.934735443635809293e-01
6.358203178130086286e-01
1.965856317495759398e-01
1.879718633527734384e-01
8.173909446639399112e-01
5.867314219565007427e-01
2.783297281254043520e-01
6.016899046978663179e-01
8.135131948025587922e-01
5.403918700410883513e-01
6.003352320121215779e-01
5.702356856265139440e-01
8.187195476615951595e-01
8.192067687374230411e-01
1.887098591905679856e-01
6.053368607933743428e-01
4.660530986078204596e-01
1.878282114367118283e-01
5.322418392394018261e-01
1.903556023265847719e-01
4.175105257902435030e-01
8.181011406225504601e-01
4.565862954975878352e-01
5.690936042212181301e-01
8.179302279365068262e-01
5.414967739417998471e-01
5.921387910570456992e-01
6.147811985668958368e-01
4.304337404273854695e-01
1.875189264187573646e-01
4.829042751142865741e-01
4.837289462194515610e-01
1.955691641300367212e-01
6.440372452173098727e-01
1.875212103055345914e-01
2.419031022569630707e-01
4.695106503115448193e-01
2.401152450292680929e-01
7.139732700112449981e-01
6.785410890769121295e-01
5.696739352315032257e-01
5.494005637622129123e-01
6.161872870392502977e-01
5.815057252508201158e-01
5.610373098366989719e-01
4.576241229789672627e-01
6.316785338429264929e-01
3.762466897693865220e-01
5.555670090762786506e-01
1.902590686756155669e-01
6.108959923983851015e-01
1.895417254224849857e-01
2.740539348338878467e-01
5.823032337912283918e-01
1.991250092799840832e-01
1.882198413434494622e-01
5.902626928528902361e-01
5.288243161841522655e-01
3.712466600947715301e-01
1.885615760478601688e-01
5.755336496355321074e-01
6.284275939553387591e-01
1.899828836457731762e-01
6.018359552007791491e-01
6.372545701854415157e-01
6.269373694729356572e-01
6.276777891626356132e-01
3.122530944400381259e-01
2.582552656644084843e-01
7.668008109071284828e-01
1.903023367361838802e-01
5.896534149296654981e-01
8.181623492867271530e-01
1.922741980984135068e-01
5.715203668045812924e-01
2.013792067670978903e-01
5.613805858678353466e-01
8.166968656976275609e-01
6.097543179862893181e-01
5.356946562603117634e-01
1.900449242724489562e-01
1.993685587610214416e-01
5.033268174424574415e-01
6.378761064230488165e-01
2.814269124899853591e-01
5.298573461112708882e-01
1.884327674069557201e-01
3.354803520763689484e-01
2.049056719508512980e-01
3.336597718284576297e-01
5.988720986405552393e-01
1.897736286663520566e-01
6.143799672774179488e-01
5.537060835057870944e-01
6.009381400580542376e-01
6.005897901016360452e-01
7.485896424705464902e-01
3.827953154827956062e-01
1.904305239132342287e-01
2.135579266602709858e-01
8.038999473100908455e-01
6.189181943036310418e-01
7.245183862348014703e-01
6.703986949300955178e-01
7.732263035083967173e-01
2.370568222285102666e-01
4.019069685143398241e-01
6.588235947201172005e-01
1.943526916636491020e-01
5.273400439999330613e-01
4.957803284532954491e-01
1.898646816806588145e-01
1.900940372541095602e-01
1.900510068091271765e-01
6.347904250630379552e-01
1.905533805529265046e-01
3.259608254509969716e-01
4.139370406472930863e-01
1.879381565861459047e-01
2.504142700881142325e-01
3.373034157516218712e-01
2.798148301428325380e-01
1.903073040415642625e-01
5.370513540569495925e-01
1.883005343109458440e-01
1.898441607120958385e-01
6.442812499753776123e-01
5.540603203001253085e-01
1.900705835904679120e-01
6.275061783037100271e-01
6.420197931303057715e-01
6.594382462834853520e-01
4.000093778300453096e-01
1.888259129553760962e-01
8.156670440033336744e-01
5.014816389780597516e-01
6.668757917460962359e-01
1.922324558681780537e-01
2.834657014784127127e-01
1.899354665159831146e-01
4.775715869760795429e-01
6.307440344840370416e-01
1.897035005209754821e-01
1.899581707150450327e-01
3.188611609056398177e-01
6.254325615124517457e-01
6.343984976626293459e-01
6.605021272386767395e-01
6.263351749214042252e-01
6.358521065546418605e-01
5.995416154619257476e-01
1.912221280648712107e-01
5.756204568691724033e-01
4.372226610678395797e-01
1.888242552741785929e-01
1.887262978654773993e-01
1.997483598053070020e-01
6.201908607762066650e-01
3.683507646814859204e-01
4.297230295115127552e-01
3.434275937771638088e-01
4.343283164079719816e-01
2.954158751396350202e-01
4.685760066898670417e-01
8.105370965593078347e-01
3.123493192865655632e-01
8.186496657805792942e-01
5.642067210306115355e-01
5.830963543059786147e-01
4.447213440172978483e-01
2.266496158342169998e-01
4.501576233743127542e-01
6.518295082902836324e-01
3.957816545377653705e-01
8.192437834811814312e-01
2.825644646562204820e-01
4.941494317870731567e-01
2.573285730163968887e-01
6.283574786049930250e-01
1.893580787472080862e-01
7.461881090173154707e-01
3.444528555402862069e-01
2.868238300634537996e-01
1.997455362561512682e-01
4.932663648453365357e-01
5.988382509965661793e-01
5.950043860093158221e-01
5.603278870267595080e-01
1.949226020180888086e-01
1.884343713134783438e-01
2.843470339027236449e-01
4.069819753569576815e-01
6.440456034505068761e-01
3.574814994367611631e-01
4.884511834129144914e-01
4.786832187708202624e-01
8.176397859887745145e-01
5.853554297544746321e-01
8.008443130724887116e-01
5.162570471499297042e-01
5.949069802779646254e-01
6.700719304407070087e-01
4.134739068479169055e-01
1.898048436623644419e-01
6.007811767089276112e-01
3.410401034321738911e-01
5.541534341900240523e-01
7.711429112656272844e-01
2.181069595034006436e-01
6.035814427896589729e-01
4.266228878041835593e-01
4.604791561950467016e-01
5.812953499851258865e-01
3.780867747047514382e-01
6.043865184021107728e-01
8.103890156513207099e-01
4.493073002569228369e-01
4.787983347820178315e-01
6.121528187857924186e-01
5.980092983672566920e-01
8.162394154593621831e-01
3.108083951162287639e-01
6.490272659965056201e-01
5.957670764038234257e-01
6.017574225878505878e-01
8.176454999943949531e-01
4.886246817734895553e-01
5.820394588172976835e-01
6.451327526361728681e-01
5.729446851916980554e-01
6.183499052058119005e-01
1.910534064830315681e-01
2.240556455789043944e-01
6.212440658389883907e-01
4.999471800642723562e-01
4.139790373588477235e-01
6.174454391705760381e-01
6.009568017829336473e-01
5.718889334851902095e-01
3.193433706304862896e-01
5.754056968248492110e-01
5.147241415875545290e-01
6.136325776054587511e-01
5.992691396293927664e-01
2.213193703568593351e-01
5.061751848712485735e-01
8.190622632906178202e-01
6.184164434060768212e-01
6.988107173754302126e-01
5.458980185637295479e-01
4.656719088385054550e-01
6.036126500356513436e-01
5.901553628885792824e-01
8.185445560330889547e-01
4.990015268027863105e-01
5.407709158199259791e-01
5.130154586792142757e-01
6.360577420411180904e-01
1.894668675849618678e-01
4.753461303168694529e-01
2.223755625323361740e-01
7.632392468817809084e-01
1.877461187744812188e-01
6.484299642917824569e-01
4.794189205176677682e-01
3.590878917956811800e-01
3.609175701555086269e-01
1.883648534472638914e-01
8.177190916710523894e-01
8.184258462528487543e-01
8.177554792738690459e-01
2.865161278275213941e-01
1.918016782788706520e-01
5.944602354300050351e-01
8.160718899768064638e-01
6.118816700212353910e-01
1.896246882483294538e-01
1.926881454352083189e-01
5.676485150108826483e-01
7.893089040105433218e-01
8.191635134706730659e-01
5.480253081450252584e-01
2.296180916375837044e-01
6.211757134298120375e-01
6.126349461858771051e-01
1.880367085276262729e-01
2.070773731679992069e-01
5.850267544821101673e-01
5.411021213077384928e-01
4.977572553912880671e-01
3.673188330336547569e-01
5.963043961452593189e-01
2.971852077090278432e-01
5.721903354926362040e-01
7.067947742288612778e-01
4.820558580570108997e-01
5.700720588455058246e-01
4.173289610545789508e-01
7.692919054851619087e-01
4.762454942197432151e-01
6.988749051748841534e-01
3.972607516567534525e-01
6.252879888640181516e-01
5.726153056344148728e-01
4.854772619666052891e-01
4.356835934820555978e-01
6.330191585780837737e-01
8.124923018789054208e-01
1.936000800781288167e-01
5.979484838319149009e-01
1.885848915803545744e-01
8.125372826629958523e-01
5.882364774886308378e-01
8.179299572829715759e-01
6.016895749667067195e-01
6.237467600399659862e-01
6.718687541505194982e-01
5.266425910043204262e-01
5.227504965087698130e-01
8.192760700280945496e-01
3.534003942557564781e-01
1.875906722136647387e-01
3.585240406424600179e-01
1.881861602013116808e-01
8.191683773511577726e-01
3.136486954489194345e-01
3.957200642235982335e-01
5.999446876706890919e-01
1.875104090725542294e-01
1.904662230798079003e-01
3.647789201084545296e-01
4.689466771060583072e-01
1.882357637140504858e-01
1.881519714985165903e-01
6.554113083714466770e-01
5.996366858464635685e-01
6.161796968124654272e-01
1.909421544213614486e-01
3.135900548291685741e-01
5.736806101392735169e-01
3.157665635362043588e-01
4.060372336922963288e-01
6.779618877818504030e-01
3.151258242617022698e-01
4.724273454741780287e-01
3.654021812304635852e-01
3.948153691244710717e-01
3.333059734006123542e-01
4.837289287101166346e-01
4.376363135965738449e-01
3.574997543706492364e-01
5.760222039455148435e-01
6.247719476445203757e-01
6.797544424389975193e-01
8.066677562730396600e-01
6.468883504381632843e-01
1.974393575908733600e-01
2.277510678333219130e-01
5.438929540252869232e-01
5.643646168892497705e-01
1.898740140053445657e-01
5.804461707309694907e-01
1.877286064677714805e-01
2.441887421888021270e-01
4.763812132061762683e-01
5.333329023685416947e-01
6.006769641714971852e-01
2.678340731759593085e-01
6.697574750210740779e-01
6.100631280531250145e-01
2.149382990908522140e-01
5.457577878540225136e-01
3.811042334016176425e-01
5.728341605056284092e-01
4.740296513410293122e-01
6.225236709767979493e-01
6.222676961082354019e-01
4.101032505830525809e-01
8.186468300953719801e-01
2.805486728904056370e-01
2.018910364195325990e-01
5.030142510414939983e-01
6.625426087103477579e-01
5.388441148487645993e-01
8.176275135626390744e-01
5.913021403148863708e-01
2.644817798567761780e-01
5.924098177855516845e-01
4.827628655657572598e-01
2.625745820863822910e-01
1.933915700946203242e-01
6.018268438470475434e-01
2.356119485972010819e-01
3.230846043669688417e-01
6.874236037138272692e-01
3.916932750540935149e-01
2.525021058427699416e-01
3.551918774273195023e-01
1.899141929235781678e-01
1.900734221251134948e-01
1.895979242444598700e-01
1.905616957147805157e-01
1.885459424329161693e-01
5.107117696024364717e-01
5.786528581120023995e-01
5.493589601380849397e-01
2.138092734001625084e-01
6.294193940200260018e-01
1.918197913224067297e-01
8.163975035933862534e-01
5.640874050225628267e-01
1.910454395284577611e-01
4.937811140308271951e-01
8.187389173875372350e-01
4.214376059510787087e-01
4.830322735897915054e-01
6.528061378094024425e-01
1.921476812554904490e-01
3.318789163934811048e-01
7.724037035389501593e-01
5.626963585314004312e-01
4.778123663055837134e-01
4.035262567242929310e-01
5.713067033857158750e-01
6.111952987008605342e-01
1.878078142997398059e-01
7.497631590714614047e-01
1.901640033996314649e-01
1.896053530515434127e-01
1.894961164590420744e-01
1.889806941044676336e-01
1.885535913099657401e-01
8.182979998866074522e-01
6.110308472169502236e-01
1.884089001836456723e-01
4.096872456433860443e-01
3.330654031054855468e-01
5.541614182974158309e-01
6.789281478517960045e-01
6.237921907707597580e-01
5.895642075850371366e-01
6.341905006117615207e-01
4.471067208416288907e-01
6.179372403304717043e-01
4.533989445257751716e-01
1.901102637854697186e-01
1.895205571822061730e-01
1.903496456686843696e-01
1.896677852392878449e-01
1.888455185944354908e-01
5.430151732423419420e-01
5.828216004991972898e-01
1.898201146506819925e-01
1.894545810939390618e-01
1.894305684972227566e-01
1.890525602072193889e-01
3.838354977275752478e-01
6.460847565422083161e-01
5.890845310925529876e-01
6.277238180377409105e-01
5.475118088628754265e-01
3.690529593721807999e-01
3.487284972333387634e-01
1.887364358410323628e-01
2.385607604215841948e-01
1.904347937195587093e-01
5.327603838064323138e-01
4.566721985675146755e-01
6.444138321350895149e-01
6.263127649609945280e-01
4.186659701895498742e-01
1.883982426431003165e-01
5.221368885404606974e-01
5.732285482147428946e-01
5.840667294259574982e-01
1.928669351805502030e-01
6.783509642103006110e-01
6.210678598337094902e-01
2.513384510692204810e-01
1.980292801807976011e-01
6.131824503299748708e-01
1.889550989542403692e-01
5.286274083920818878e-01
2.192552645330262395e-01
1.890734945562218550e-01
2.736677325538478533e-01
1.899350624988598302e-01
5.453556965056425287e-01
3.677263648143684338e-01
6.794763011414823861e-01
1.896762858381277894e-01
1.893889925083171444e-01
1.897537487420378755e-01
1.895748355837658383e-01
1.886887934068387507e-01
5.747786453627178327e-01
3.879692493828735267e-01
8.183295453815249143e-01
4.841006209910445612e-01
5.538717804268314948e-01
3.497120774439007040e-01
2.029147032503798020e-01
5.113862714963652856e-01
6.345447979470927313e-01
5.639020832172636499e-01
6.282487023325031839e-01
1.915239321630218261e-01
8.156699293698845832e-01
3.141431469513079056e-01
6.143814345098552732e-01
4.644120106532274028e-01
6.293516301744249697e-01
5.892284561080965988e-01
8.144006857529130228e-01
4.571806722488778174e-01
6.575139814269000960e-01
5.232558790094936629e-01
5.986642724574179342e-01
1.891853287469930645e-01
6.225274636029640707e-01
1.943251350556340351e-01
8.168414672820608624e-01
6.503751875838841290e-01
6.051942885026111441e-01
2.011551432935483052e-01
2.288477368842198878e-01
8.163956299985142273e-01
6.119233132011671072e-01
5.391124162589165936e-01
1.900527943545061438e-01
3.980197580940049717e-01
1.889727478774104741e-01
5.502433283519065910e-01
4.437787847816879738e-01
4.764681159243089881e-01
3.650437289238287475e-01
5.548221426491054542e-01
5.954433873137359168e-01
2.840970488548792416e-01
1.909412277713527228e-01
2.775377283241223236e-01
5.671653313224125359e-01
5.103427556144459754e-01
5.294039371860522758e-01
3.160186298118937143e-01
6.460475939818822733e-01
3.817458147456688766e-01
4.875980471316778142e-01
2.030299772403190706e-01
1.898959766629035040e-01
2.067794948213224071e-01
5.346075256787012897e-01
1.992379674484567875e-01
5.336168304119794925e-01
5.950911692525695518e-01
5.517787080593461457e-01
2.473623122749212810e-01
1.961488445999028107e-01
2.889740740914603645e-01
6.374404559402161441e-01
1.913362437230810842e-01
2.696283400139583009e-01
3.966426033818870600e-01
5.648938334663694549e-01
5.964491787917656218e-01
2.028809674857426915e-01
4.872640183334122077e-01
5.783208156612044126e-01
6.013094888805844418e-01
3.047778006434249676e-01
4.876649745492955268e-01
5.577087392544541888e-01
2.177870034609802607e-01
1.896085840397066236e-01
1.912655670153513843e-01
6.003170304360480047e-01
2.640494023083777009e-01
6.504130325696013681e-01
3.705013625424811718e-01
5.362828225350004807e-01
3.888182358086101909e-01
5.496907909776875822e-01
4.176760320705906193e-01
8.115789233004137015e-01
5.847924234829975365e-01
5.664200682299956879e-01
1.885692343243199620e-01
3.513672129965776381e-01
3.953707344502592758e-01
4.928081196739128034e-01
7.259230461816510438e-01
8.095425725673021100e-01
2.794986400622691547e-01
2.031263878926033994e-01
6.966070420349057546e-01
6.451608628986525984e-01
6.858339947213812904e-01
5.920508128237136347e-01
6.138257522697361246e-01
5.083282353105071927e-01
1.938753743186397427e-01
5.161479890265214809e-01
3.831374055676570745e-01
2.623744423428634454e-01
1.893527577720565958e-01
5.796289232340650077e-01
6.931967377973182742e-01
6.295212968914420948e-01
7.755712763227240458e-01
8.159998586534139564e-01
8.183338660118140151e-01
3.467405110515729416e-01
6.058463648851020178e-01
5.457904742243117058e-01
1.906287017064693667e-01
4.883186388603447670e-01
6.503761088336869056e-01
5.333461742119041116e-01
5.780688207090680653e-01
1.904032205349709128e-01
4.936681594272539497e-01
7.014826251088780440e-01
5.327507718843255136e-01
6.144395512089564360e-01
5.884849693307835361e-01
3.727803473969688031e-01
8.179628197764432507e-01
5.861809534769367724e-01
6.499486805727237027e-01
3.564357186153997992e-01
2.250972235941575417e-01
7.426447751370099937e-01
1.899859238554177931e-01
5.275930211058128538e-01
3.861724297352581714e-01
8.150784066426438601e-01
5.876872397262836722e-01
1.882151185353387324e-01
1.879854620643501562e-01
1.881993106341528776e-01
1.882845188920591606e-01
1.997033451671465787e-01
2.938639043147685537e-01
5.963742026972994603e-01
6.203945865590351216e-01
1.998631870241133757e-01
4.329469944719199215e-01
5.709944438166459912e-01
6.411057221306076803e-01
2.663314905946380096e-01
1.877043619402223584e-01
3.009117792009323167e-01
4.905001033523167520e-01
6.888351355705123469e-01
1.901349904531500767e-01
6.218123223160818558e-01
1.916977444343446746e-01
4.679232343069595346e-01
1.898527949770769940e-01
1.900546456982696308e-01
4.543963804513451721e-01
4.281080157243701834e-01
5.489799799167445205e-01
3.032369289152651581e-01
2.885811136520826659e-01
6.142622336356293733e-01
1.906690421547272973e-01
1.900703401628885125e-01
5.923884585348310194e-01
3.010669420072242808e-01
4.293110070618218477e-01
6.175716828430788397e-01
5.380474977195305319e-01
8.188987482931424644e-01
2.066509820180300883e-01
5.697545630350886459e-01
3.375290121272203070e-01
1.897285756522234801e-01
1.900664456426881532e-01
2.497753578996108892e-01
4.585554296977336630e-01
8.157696409371893997e-01
4.490108243597085713e-01
3.224336203301569892e-01
6.160059238809687532e-01
5.206728241313686167e-01
5.772193654599946377e-01
3.911592671941976351e-01
3.674234044744021377e-01
1.936109276733950502e-01
6.261773243705894831e-01
6.253005943752857343e-01
5.514593257150156580e-01
4.429763524004379782e-01
4.813220557559499957e-01
5.443131799890494893e-01
1.879617472287417046e-01
4.479246089631176986e-01
1.900140215550514544e-01
1.899301808674285774e-01
1.886667900766313410e-01
1.904758230731041224e-01
4.420870603522962794e-01
4.392992773664521344e-01
6.503302641419707042e-01
5.550823586834600087e-01
5.901025877141017340e-01
3.589656552048106630e-01
6.924131403732354251e-01
4.508677150925937682e-01
1.895269827388861850e-01
7.001804494048200489e-01
2.467475754916167718e-01
1.898012382006321053e-01
6.875182754536298679e-01
4.329793760522273605e-01
1.877065438419340815e-01
6.303829234606145304e-01
5.099842029428383050e-01
4.644723689503141850e-01
1.900660029002649021e-01
1.892096989244978211e-01
5.071641355068894352e-01
2.730880556114710922e-01
1.925815096003326565e-01
2.621879426495658527e-01
3.340415501642075013e-01
5.556591649309873260e-01
5.785519949072340795e-01
2.093672710366163703e-01
6.330210852907784957e-01
1.888420272650387643e-01
6.454754418578679820e-01
5.963663975463389111e-01
1.923538922808230023e-01
5.525196444411515362e-01
6.135819719781451242e-01
3.757990710667856171e-01
1.913281916340312805e-01
1.963179470926291192e-01
5.266020359842685794e-01
8.048490405918382606e-01
5.990428757121751824e-01
5.423481486818001462e-01
4.720718896158137001e-01
4.850700256259050103e-01
4.840483360712087291e-01
7.433872949721136436e-01
2.980982725179144310e-01
1.897556851688947110e-01
4.342843756348495621e-01
7.763997851789059546e-01
3.699051761732407018e-01
8.156292007797359966e-01
1.880174285806305579e-01
5.024809522404719564e-01
3.079038226669488232e-01
5.141303319726482357e-01
1.900370951735857461e-01
1.900417114598899893e-01
7.153020594541080746e-01
5.777851073034270257e-01
3.060521604675499052e-01
1.895402341377357136e-01
2.934888549362618115e-01
1.908593404312359521e-01
3.687369592426732456e-01
4.975002216865378468e-01
4.777276096791808757e-01
4.643369594245576604e-01
2.478044208130541770e-01
5.582863874888601696e-01
7.990124933007277663e-01
8.138438934982562545e-01
5.689172086576278486e-01
2.054149944723783205e-01
4.886636778672974191e-01
5.094605481434349992e-01
5.937942871852986970e-01
1.897599268357543778e-01
4.781115593433474253e-01
6.283729782070932579e-01
1.933342827296463395e-01
3.277779660730628652e-01
5.901885996317218774e-01
4.874745248161577726e-01
8.166754844150644344e-01
5.965241418286750807e-01
2.131591339758265591e-01
1.976736749426905582e-01
4.421140873109613012e-01
5.323293422154671273e-01
1.894870363673509805e-01
3.020238219578141869e-01
1.904823090019303611e-01
8.177635577674539080e-01
5.362083125757139968e-01
3.764597003114804052e-01
6.271472399704849376e-01
4.559968912861357415e-01
5.143905669615366216e-01
5.520277101712266488e-01
4.405221661051839099e-01
4.073849678977232158e-01
5.824991687306948496e-01
5.505414585751636780e-01
5.932856625194978806e-01
6.159736050679349706e-01
5.935550765413838414e-01
3.874146217331740361e-01
5.069106245347714257e-01
5.692929121330418951e-01
5.857335922732420652e-01
1.956013840119479874e-01
6.099268025078816713e-01
5.492746534208295950e-01
3.247764632732517143e-01
8.124154830616100442e-01
2.188313038272501065e-01
5.165630506030367552e-01
2.967781498098276405e-01
1.974362708557272361e-01
5.804838722901689563e-01
7.871307969578592578e-01
5.066395409317026033e-01
3.077656988203474331e-01
2.960192188128674684e-01
6.438649058843067818e-01
5.646486688963593403e-01
2.970745366380132535e-01
6.714227564088779410e-01
7.031575659266277034e-01
6.065316340931856676e-01
4.907400422575866061e-01
5.566133552290317699e-01
8.082354442167245523e-01
3.744162518462542666e-01
1.896810584893789398e-01
6.102683206220470558e-01
3.456689221548674973e-01
4.322000955111465759e-01
4.964852155146984303e-01
6.460616607213951479e-01
4.397697715989865586e-01
4.384346841609708112e-01
7.502679027757017671e-01
6.429308905537016727e-01
5.533460832612203673e-01
7.046892265583796222e-01
3.424703356898369799e-01
1.877681637828001460e-01
6.245647152188754658e-01
8.143095164180763623e-01
3.503440982866039000e-01
5.103378474536754972e-01
3.773540408745265085e-01
5.843859823207758764e-01
5.877648434809014111e-01
6.195904781088795721e-01
7.576724591196685177e-01
5.978181558704644960e-01
3.197893994591082811e-01
5.809962030462627602e-01
5.310948492075531213e-01
6.036725278903298797e-01
5.869798852057712679e-01
7.556082416399034773e-01
7.286311985247995171e-01
4.005196029214714293e-01
5.290590503557219826e-01
8.183701778767564772e-01
1.966457761640892088e-01
4.329750666297036421e-01
4.556907589733681929e-01
5.626075362649329836e-01
6.227774610986436254e-01
6.550878348057970202e-01
2.611572483468888040e-01
5.866863938502173692e-01
4.593507031335821167e-01
5.306874044971283677e-01
3.218698631067486438e-01
4.785032470587050057e-01
2.979125283781402511e-01
3.966325865031887221e-01
1.883222725207175374e-01
4.775790145277371002e-01
1.941934576156162939e-01
3.722338991098397831e-01
3.003734153840159071e-01
2.470640860786062487e-01
1.953307064726291509e-01
3.733319737295973662e-01
6.051011349015852359e-01
5.983428134366826079e-01
7.441928816365850352e-01
6.088804054998360193e-01
5.548992235525547212e-01
5.202927103482174465e-01
8.181154941350888832e-01
5.975838104153369246e-01
7.754067157221317119e-01
5.121276024628980128e-01
8.181917595075079985e-01
2.818753148368373096e-01
5.217897171268239820e-01
7.814766998211001292e-01
6.065875482495934889e-01
6.059876677723368132e-01
5.959432484645081907e-01
1.891167098310051198e-01
4.666121368180814466e-01
2.088481150102639017e-01
5.811776663445507030e-01
1.894724831836215040e-01
4.759322745866403359e-01
8.189582458957396227e-01
6.071203430512011057e-01
3.297946720078580030e-01
6.058361261778046902e-01
7.240109277642633456e-01
4.200898917333233396e-01
4.796652975525385609e-01
1.885341903885719983e-01
2.424582464405594384e-01
6.142907549822619329e-01
2.794913923776684572e-01
6.238696746902239187e-01
3.586823916064910689e-01
4.795674596966105208e-01
2.948234666054531106e-01
1.978884277171530648e-01
1.883290658784694538e-01
5.170344259612195126e-01
3.346810043504975241e-01
4.879557675951762263e-01
3.262716772383816854e-01
7.473744010446822239e-01
5.955977944546331226e-01
3.830069840853841390e-01
7.937970398269653671e-01
5.056819756387916920e-01
5.614183028605722603e-01
4.910780814703313291e-01
5.913747316266941834e-01
4.771659889781225683e-01
7.460177146617748001e-01
2.973802595107624125e-01
5.066925856949405782e-01
5.219578196767725720e-01
6.074818483390633794e-01
5.665484126075107651e-01
7.645044942002532373e-01
6.890631803299831493e-01
6.201947593520218405e-01
8.190407704119271326e-01
5.155599735975799902e-01
6.688072173562239486e-01
4.725485170102554089e-01
6.178544355783244235e-01
6.023810078798402801e-01
1.969752290434629294e-01
6.453957520613138321e-01
5.181493191542390075e-01
4.612218179716960353e-01
7.563797161045276995e-01
2.892733468862197510e-01
3.801898932700758516e-01
6.323176214050747479e-01
2.134664608125039220e-01
4.636677621833860674e-01
5.183566531443208891e-01
6.075009022852366769e-01
1.901868393371918542e-01
2.437715615980744488e-01
5.957083209245270794e-01
4.477962297564144212e-01
2.165392310335619019e-01
8.188378268207359145e-01
6.893374109132778260e-01
1.897781303608057080e-01
1.911308372288915147e-01
8.183218783795255247e-01
5.845424161781112016e-01
1.889148831987936539e-01
6.392049013367824273e-01
8.178362049152179125e-01
5.473338326649781482e-01
5.895601330675447338e-01
4.108119660720573885e-01
3.420574980153031630e-01
5.882800041231217580e-01
2.032166989294141024e-01
6.103701731539276087e-01
8.132349808788199574e-01
3.570379499565197734e-01
5.766020632615506125e-01
1.924463588381633283e-01
6.876228515968597632e-01
5.958496059418799673e-01
4.828605205339919770e-01
4.880739544342109215e-01
2.692190359717547277e-01
6.088210651000086626e-01
5.015997094869386608e-01
1.898603082383948371e-01
1.921059234257335435e-01
1.950111768544239843e-01
4.958486396160117771e-01
2.295517817298789454e-01
5.774844294138247180e-01
2.852368652951617900e-01
5.419822817712650620e-01
1.886070083643291151e-01
2.163167085849613536e-01
1.891468101974408955e-01
5.431325912206991235e-01
5.777972586206201466e-01
5.616944721064298651e-01
8.155304575399990874e-01
4.577648038010813103e-01
4.262729988788908631e-01
8.125033608577649780e-01
2.453130870392493390e-01
3.213074582394522816e-01
5.935909287391876177e-01
6.615012715885423278e-01
7.761400507938014393e-01
7.872722006605418210e-01
7.091490914853862959e-01
5.880927089666062590e-01
6.365563244981401470e-01
4.964792002240515645e-01
5.695841929386216140e-01
4.497950810622703965e-01
4.571048301179166384e-01
2.143405722818218784e-01
1.917918710963849860e-01
1.893356306145118073e-01
8.189018837070126677e-01
4.640876173743235800e-01
6.020206999434356554e-01
5.134151725897337926e-01
6.534310312787873221e-01
3.568331651982467601e-01
4.258883237395199584e-01
2.844672378851308969e-01
4.235551738198529703e-01
1.921898180457345395e-01
8.143052097420100388e-01
5.951694682364804256e-01
3.619635780156499894e-01
8.187123514796913470e-01
5.945257855027717975e-01
1.912532350082007115e-01
6.151741383636951666e-01
6.317610387980491238e-01
3.822444198100257706e-01
6.390152480258564083e-01
3.357212662988219298e-01
8.058633921113347309e-01
6.091176681928557324e-01
8.178618461700514208e-01
5.979288444210241193e-01
6.061503648464828808e-01
5.285713248688935773e-01
4.760924305905914200e-01
4.994135614454862648e-01
2.087228754656752505e-01
6.093047452028400590e-01
5.954637715328541248e-01
7.967824644309925430e-01
2.378857320226862304e-01
2.114207235226039650e-01
6.530652501711989855e-01
6.082010712779186701e-01
1.898354477254609596e-01
3.416338702688352380e-01
2.932709263611600337e-01
6.858629351333084267e-01
2.808100243046656730e-01
6.224876831626895424e-01
5.260347497116985016e-01
2.692363901900622913e-01
4.893797015358864466e-01
5.550469018984928171e-01
5.943699022012913780e-01
1.929313622387566485e-01
2.471789844199222819e-01
2.529184553239873789e-01
4.727507187387718912e-01
2.058268670933807998e-01
2.496028265838313442e-01
5.608125059219127850e-01
6.038614225263491120e-01
2.707514904019032165e-01
2.903147726643603432e-01
7.256296870469356453e-01
2.788146334503762147e-01
5.540373880063672596e-01
3.145273706540921421e-01
5.485350056053290846e-01
4.460017625708114775e-01
7.856790071408371601e-01
4.629700739138454257e-01
5.924864908060472057e-01
2.340064706169329156e-01
3.629279636058166392e-01
1.916536922495491457e-01
1.895298699217193295e-01
4.289944780246189859e-01
3.170987141102843410e-01
3.602968642140236266e-01
8.185026487103579385e-01
1.908947006279828329e-01
6.121090953187754424e-01
5.409245361746405356e-01
1.885116032665768715e-01
6.352370081684992620e-01
7.548159856910610088e-01
2.768691808648188757e-01
5.952379563670938678e-01
2.075697264997712899e-01
5.062140378326315249e-01
5.310671412896819099e-01
1.896022301051662196e-01
5.267234868646246682e-01
6.186691648333556559e-01
4.858475824800591591e-01
5.598654827160288727e-01
6.419852352577175569e-01
5.860146093952364188e-01
4.598738296265199588e-01
5.993160626006185376e-01
6.003237474679086194e-01
8.158824335151588780e-01
1.932638402431283431e-01
4.701137523480864999e-01
3.412904168458270049e-01
2.788123637361619167e-01
8.110179490427426030e-01
2.951220075471653881e-01
6.512595928488501551e-01
8.185480438213075249e-01
5.953468628997874434e-01
4.418852375963590595e-01
6.003319949465564243e-01
2.417806595086436083e-01
5.859346689945378328e-01
6.088044805466679144e-01
4.086711866709976104e-01
6.176103136351466238e-01
4.283514346652333993e-01
3.871168238444681053e-01
5.991142775025399825e-01
1.899972621586128174e-01
4.145002051995265724e-01
5.925480446411461877e-01
5.364093378329705120e-01
3.324293408140985284e-01
3.196000824131962070e-01
3.569446837496420000e-01
4.378762334854831018e-01
2.097016006381852149e-01
5.236815308179606498e-01
1.964329270534613814e-01
1.936952865658986556e-01
6.269662059142615540e-01
2.424970735734388871e-01
3.833843122105652923e-01
5.950241545592445114e-01
2.484933035133087276e-01
6.076193983849550451e-01
1.910164123937385938e-01
1.890289676804911834e-01
6.283727056317073290e-01
6.614773715786145258e-01
5.940988079829941926e-01
6.598904953363928794e-01
1.889594259946637267e-01
4.547192806824781330e-01
6.323221183182780036e-01
3.228737214893386276e-01
6.932792785402949187e-01
5.470715590854249299e-01
4.834595194098161297e-01
1.893566476459356829e-01
2.154811920395219016e-01
1.879780973368697095e-01
5.378698075274013224e-01
5.129817096548016098e-01
3.094212004240575742e-01
4.172596677632322004e-01
5.907399398894949138e-01
8.187712331190465376e-01
2.638006319758105511e-01
3.699084833405045791e-01
1.901384236349487611e-01
2.320475601659088283e-01
3.608841444935886877e-01
1.882376453405965877e-01
7.558172075801428136e-01
5.887042382858763689e-01
1.953599723755687079e-01
7.796349604729625460e-01
3.114122891668715254e-01
4.844909541996112456e-01
6.113100568753797592e-01
6.094267574133386267e-01
6.268319598856986197e-01
2.516834305428145013e-01
5.964835541706223765e-01
5.714906302143516470e-01
2.073324716762411646e-01
1.924335880391093989e-01
4.627118525461325071e-01
5.465305076055287925e-01
5.855471941965778582e-01
4.851248552414103021e-01
5.441333878602541141e-01
2.940206059820599238e-01
2.267602528474885748e-01
3.897919357703197307e-01
5.837654133089349440e-01
5.659257991241721797e-01
6.051115519298581047e-01
2.846460145512292872e-01
1.953380768596283679e-01
4.552072885956166548e-01
1.933148822639705333e-01
1.999093311268332063e-01
2.197840747412649620e-01
5.043106015739969861e-01
5.760783758024108359e-01
6.567634130881068177e-01
2.818550794199026766e-01
1.942108112340756310e-01
3.905701368393513784e-01
7.205269637623549217e-01
4.105934330114980879e-01
5.825770603009543525e-01
8.163574340325231438e-01
5.835571329948392449e-01
6.265575279238014827e-01
5.504586076562331121e-01
4.944028474176072052e-01
7.879813475918353571e-01
2.092806755686355547e-01
4.793910019248439069e-01
8.188709456140068621e-01
1.913168907159849275e-01
8.122608703536775554e-01
1.953975620121389534e-01
1.896599648290326623e-01
5.477637739029134201e-01
5.817315866588879114e-01
2.094555867662742932e-01
3.867554184770224390e-01
5.521726787320380136e-01
6.273090219153540925e-01
2.243601638554994782e-01
8.163828657633611652e-01
8.191668209326952166e-01
1.963755264561814207e-01
2.657304552600499581e-01
6.080723595064941867e-01
6.388993534754580095e-01
2.035639583186297508e-01
4.961681806298925412e-01
3.796062228861187271e-01
4.315519484689296359e-01
4.085891883197703689e-01
5.897648685673141378e-01
1.882308668937392460e-01
4.246263983377628337e-01
5.376523481214229294e-01
1.897201498746486636e-01
3.449801834733891015e-01
5.139607281514417814e-01
5.707470872245342663e-01
3.177924388012919876e-01
5.511182244991960077e-01
4.756409074335576359e-01
4.909749195229173857e-01
3.994148107076414544e-01
4.283668785148015967e-01
8.192438255130648495e-01
3.801599946192472657e-01
2.808853353685741849e-01
8.182757057732064077e-01
5.560132148202778790e-01
6.081791040771672430e-01
4.678617709155523108e-01
4.175354282635696523e-01
4.155906575586669760e-01
3.402451433002458558e-01
4.681153902555739710e-01
5.430743537438070812e-01
7.393371365299682418e-01
3.922211029398712245e-01
2.129504324591281750e-01
6.307122327558898345e-01
4.952882718471310897e-01
3.885598834133469626e-01
6.039667918035352967e-01
5.395650337879536185e-01
3.636666071556493018e-01
1.975051381097991110e-01
2.441204228015574074e-01
4.504218280220406156e-01
6.170512412048148043e-01
6.328834287024034388e-01
5.816962853854942272e-01
3.257448663950721079e-01
1.886420847773097598e-01
1.939627980216492575e-01
2.674385440340935616e-01
6.607659642849676995e-01
6.412074927714213057e-01
3.461902169708124810e-01
1.889564375603273172e-01
6.424296199999730561e-01
2.187677608496211290e-01
4.318099082867024041e-01
6.093791335051101932e-01
2.568217559079619683e-01
1.964443015478376520e-01
4.915975419680121972e-01
3.525093763031329486e-01
6.093293590389666781e-01
7.657102116527547686e-01
5.716221942311145998e-01
8.179411531590036200e-01
3.989660303520130014e-01
4.991161998227358620e-01
5.589663277319868451e-01
5.605291380747733365e-01
5.794549463578039239e-01
3.734829694407361123e-01
4.947960872671200439e-01
7.769748941984633284e-01
8.155627670730125622e-01
8.160443248437696528e-01
1.913595916551749931e-01
3.001615021642334846e-01
5.764849597179638740e-01
6.247647441256973799e-01
4.928791660372963124e-01
3.098501944639295291e-01
5.948750248049602396e-01
3.419010235184200552e-01
3.806557201713979821e-01
3.560332941952158992e-01
6.511798443308871587e-01
5.935102213269470850e-01
6.928022265399313984e-01
1.884126620005178721e-01
5.951291590450976665e-01
5.103025863039739596e-01
7.349883909613382782e-01
5.936684105706796499e-01
6.196938215958249785e-01
1.934082882786833102e-01
8.176682501559644489e-01
2.012391527114273659e-01
1.955920696214603072e-01
4.767498855250088541e-01
6.440054789517277722e-01
2.548563562992491316e-01
6.374697464355375542e-01
2.555786250931744719e-01
7.345442768274391687e-01
5.214173282038236934e-01
1.891374707268363986e-01
5.684766657803093093e-01
6.956382847308024697e-01
6.379533313899961033e-01
5.100349787533862145e-01
4.846203348527471366e-01
4.665386179769858699e-01
2.289650959480607206e-01
5.494640750876209623e-01
3.488302329844741312e-01
6.063208724938456973e-01
2.034945538624186867e-01
8.187672577563424037e-01
5.981954461346561391e-01
6.198298265599159196e-01
6.843463590810409114e-01
8.067441166830758847e-01
6.620087343902366639e-01
5.952378527215902437e-01
7.223619039661645091e-01
3.001372992098132464e-01
3.051584462880562731e-01
1.952359866919183284e-01
3.149283573452402729e-01
5.910579301732924451e-01
2.054949928966995354e-01
3.444660175412503356e-01
4.604971345791439852e-01
3.899741477916665033e-01
5.812815116245116931e-01
2.328387925208901255e-01
6.967932103661997889e-01
4.310711793295190497e-01
5.276997167284205315e-01
2.556659252487125666e-01
1.894999187174886413e-01
3.478702983128549864e-01
4.348375455954084923e-01
6.843423520589840825e-01
6.070075381612232146e-01
8.117235720533015897e-01
5.366265800689865584e-01
6.405803095439012163e-01
5.768624391469129309e-01
7.520459696342353118e-01
5.592989261690533009e-01
3.818286936852280933e-01
3.064657697958310667e-01
7.786311711269946478e-01
8.176980849902522053e-01
4.825272234757767009e-01
5.537137432418253180e-01
7.748124272322105544e-01
3.999127676840241730e-01
2.212252783295992897e-01
1.943674250959136485e-01
6.416400508328697905e-01
6.274754284014816275e-01
6.250996802687054377e-01
5.488401007555175903e-01
4.792647494475177905e-01
4.278591574809539888e-01
6.261440720877420318e-01
4.556658085457971907e-01
6.079553272906554895e-01
3.762843863394985666e-01
3.852432111685312188e-01
4.751366980332609735e-01
1.916874144494040977e-01
6.683934704663938575e-01
5.151918208412241684e-01
4.219101065019948971e-01
4.397666146970792278e-01
1.886473495521996113e-01
2.360127214469548429e-01
4.027589320882095092e-01
7.020323614865183748e-01
2.206776172812070502e-01
4.957870133025813475e-01
2.617273850017827752e-01
3.604515894746309623e-01
1.889291600752681100e-01
4.302275769969596264e-01
5.350825702593597910e-01
5.826137685514191089e-01
8.178753433329909450e-01
5.991981791885548914e-01
4.048775578413693066e-01
5.270309128243065855e-01
6.966196817697574151e-01
4.810640719446845903e-01
6.962264266753077635e-01
5.141387123245636515e-01
6.471749675030372684e-01
8.177801551010024372e-01
5.984869804858917730e-01
7.438862275335557106e-01
6.486895179222572638e-01
5.043756656525992810e-01
7.254070649303242524e-01
5.731263015144411055e-01
3.831302860816201417e-01
8.189668787273215456e-01
1.893296391903469267e-01
4.956729138011082836e-01
2.177412965695390556e-01
6.389911873751218385e-01
4.629199588127063114e-01
6.152668384487234299e-01
5.516295111654949679e-01
6.629047215378793823e-01
3.433519454879397359e-01
6.751818065519730183e-01
8.182578620680404091e-01
6.576957408241489444e-01
6.187020523670609951e-01
5.943693163580453520e-01
1.930958034516157273e-01
5.610548019432677336e-01
5.813448058837474841e-01
3.847042808152370541e-01
5.609597801994424815e-01
5.729654875612616438e-01
6.705821280069370616e-01
2.130702390129595725e-01
4.555359364276257428e-01
5.747143458677058669e-01
3.714795826635757803e-01
6.365794085192088003e-01
7.835351960782207525e-01
5.402445146213750160e-01
5.991211984929205592e-01
3.321408650991833911e-01
8.154926754630998920e-01
5.195473095977315436e-01
3.737667241778525606e-01
5.980480664242974198e-01
6.304894516565433538e-01
2.857516201682419044e-01
8.172107774914402212e-01
4.003253216641127210e-01
2.062927085237233615e-01
3.050876260962496755e-01
3.379457658900516526e-01
6.185619124274388536e-01
4.197959942305973802e-01
1.943735423622175995e-01
3.997912731210936932e-01
4.764011514160566563e-01
4.047760774524314931e-01
6.092951491485286697e-01
8.178784035478173786e-01
2.577174185482270508e-01
3.853343744517628844e-01
5.878825300100094520e-01
6.680657631745363645e-01
5.454045252489648776e-01
6.267661335413602375e-01
4.844677570924547094e-01
4.819848235702800521e-01
1.923937619962275136e-01
6.710238917467664654e-01
1.894000697151890233e-01
5.087797495976642548e-01
5.374577054015835520e-01
7.866991280928410379e-01
5.635536498571547259e-01
3.738745167901839639e-01
5.702500508966851234e-01
1.884018999314147347e-01
5.765119397922650046e-01
2.311101568031719289e-01
5.102248855038821196e-01
1.920784619743352017e-01
4.518535064995444772e-01
1.895703842038236886e-01
5.703720457650994780e-01
7.899997603569747229e-01
5.290640689271787211e-01
7.308926037358254302e-01
8.170932658785847735e-01
8.180998081994762527e-01
6.056448320785486894e-01
2.038554550112289809e-01
5.608520995878409909e-01
5.367297292874138037e-01
2.021381089919002394e-01
8.169687643311063230e-01
6.784862404304204953e-01
1.876724064665900582e-01
3.951140559321397738e-01
2.637624764016633927e-01
2.964194231276076619e-01
3.545264245043294182e-01
4.307525051230224333e-01
2.119968346579756968e-01
3.787229907451476474e-01
4.792102110388160030e-01
6.187829153300546947e-01
5.294165133293395886e-01
5.782547760640551759e-01
3.638565050872988871e-01
4.809359073243762994e-01
8.181784764510938723e-01
3.963865804925951752e-01
2.772854775228072999e-01
4.766261209358940154e-01
5.883081236922660384e-01
6.530183008228926944e-01
1.984902654429729352e-01
3.438562866113764604e-01
6.122434707147639266e-01
5.754852813185596938e-01
3.347794796758742364e-01
4.251664546686441115e-01
4.665804573902372909e-01
4.911799255595272196e-01
6.074922104698723402e-01
6.271266670811146415e-01
2.783412501235752456e-01
1.905654198537637400e-01
2.505492775517307313e-01
1.883982664271787177e-01
6.425209002946320469e-01
5.482548914038789523e-01
5.886322398066410333e-01
5.480533045844204754e-01
1.909998055445952525e-01
1.894323172704710789e-01
1.956344377220805009e-01
5.798785128867581795e-01
4.025413588107226159e-01
6.750294822889946200e-01
4.890512873929050985e-01
5.590098934055125479e-01
5.200218130913041303e-01
5.632813301700736464e-01
2.909703562695605261e-01
7.409567143218512841e-01
5.237046636299182989e-01
5.685006731400683577e-01
5.856802940701193450e-01
3.668658796533265098e-01
2.500593419777217830e-01
5.831163795962912566e-01
1.892502266671564903e-01
6.365183530717952731e-01
2.430738735989810828e-01
1.887939790001987306e-01
3.857849356574366007e-01
1.966459514821075061e-01
5.022552919855930442e-01
7.872446774607103626e-01
3.981775474721792607e-01
8.178198721233380653e-01
5.946318522756883773e-01
4.935126528606401108e-01
6.547498422555836362e-01
5.878856137875455579e-01
8.066402306202263839e-01
2.592827712042583554e-01
5.996080384049109480e-01
6.768666731766689315e-01
6.457479832821069188e-01
3.842229183469383913e-01
8.170156886470448798e-01
8.174913677946320512e-01
2.639822434230973958e-01
4.506481033769164091e-01
2.628880528614206402e-01
8.059310885804867874e-01
6.183041094726907660e-01
3.120940212900341071e-01
7.869607048289182227e-01
6.278528410567764118e-01
6.328897129971993163e-01
3.148575440386378599e-01
6.558812212950906329e-01
5.713337176300816722e-01
6.581045309431268198e-01
1.901813600362232404e-01
4.996411613896947768e-01
3.076699908291906094e-01
3.254352231915826343e-01
4.639888912724007830e-01
5.778606956760530267e-01
3.896098302549709791e-01
6.741052342311225631e-01
4.515994650164630309e-01
5.184586967617580422e-01
5.735012479308443378e-01
5.846361760373637306e-01
4.777651578089062712e-01
6.067329324366008692e-01
1.894036285182172374e-01
5.696511507707436861e-01
5.203668514232606679e-01
7.541334758922402237e-01
7.097832288113152810e-01
4.968531369311269263e-01
3.284397554228878358e-01
4.900381518097051692e-01
1.907089570884220042e-01
5.934466008272551996e-01
4.069545095495620268e-01
6.597236888135403765e-01
3.875158647936891021e-01
7.834572263166434958e-01
1.997822499935953122e-01
5.105005201648893376e-01
4.467756953833240119e-01
7.848015284421279159e-01
4.482687080247282907e-01
6.086696851289566945e-01
4.740957002586695390e-01
3.292900012340566618e-01
5.915446684772917019e-01
5.699903017565792762e-01
2.218979824712057070e-01
4.109644115039660650e-01
6.688736018826507701e-01
7.715233665733604029e-01
2.216338014571505866e-01
5.940164067795722369e-01
4.096341383154218918e-01
1.988636099733756268e-01
8.180451556485578424e-01
6.134030266735008841e-01
6.535423990195182720e-01
1.882358146441679980e-01
2.858983091095521067e-01
6.784479343927948269e-01
1.952075899503800116e-01
6.495419366610279965e-01
8.169618841531308684e-01
6.908814751745163685e-01
3.217995383060380243e-01
3.184347060528145423e-01
4.289799548460417888e-01
2.327894703456387937e-01
3.934871118952232294e-01
4.180997811305181555e-01
8.183852556549774393e-01
4.930355706784310676e-01
2.846284268848369159e-01
2.244523599921486867e-01
5.391282563138946049e-01
7.810212178897447677e-01
4.486812369650070575e-01
1.891643061640990164e-01
6.326301220361281175e-01
7.576040994632339265e-01
5.552135057850993149e-01
5.763970367023797392e-01
6.176172081028021843e-01
6.347520554457418696e-01
2.041132477999924588e-01
2.955088263183378028e-01
6.481266322397156721e-01
1.988973949282986375e-01
6.951077719347029671e-01
5.668742183815047575e-01
6.735150438065644618e-01
2.340895654140367210e-01
1.881936406983675814e-01
6.568137663333175613e-01
4.687765397517740240e-01
5.567410483580088609e-01
1.890379281078379547e-01
5.350675467335721525e-01
5.169481300433970139e-01
2.573024157708569404e-01
5.551740713283502826e-01
6.313464873699289326e-01
4.085137305264511243e-01
4.744330596033030645e-01
5.738404318079481925e-01
5.103502641657116090e-01
5.797915734604223159e-01
1.882928646711697351e-01
5.225616126037897491e-01
4.213021247537536706e-01
4.609706284004845833e-01
1.948395755165689691e-01
5.665742170974248371e-01
1.910277449163932939e-01
7.106720110052341388e-01
6.001454553668523761e-01
5.916964450344962545e-01
5.662860494638467523e-01
1.891777822173429935e-01
6.425596573831657832e-01
5.601698232821308299e-01
5.605581288937990792e-01
6.195196611995895664e-01
6.487633230144495000e-01
6.400578028538046471e-01
5.931640660011774369e-01
1.899701472139005975e-01
3.131510318814152427e-01
8.162648363791392692e-01
1.892026303467347903e-01
3.175857573226788522e-01
5.781016302957233677e-01
3.233932979346972880e-01
1.885486789539387587e-01
5.039879140367325983e-01
4.828622921608928253e-01
3.309921050169580825e-01
3.760439661680675671e-01
4.026702043174048007e-01
2.593050573106492340e-01
3.008265799779045180e-01
2.467869326047731349e-01
1.929265123080954880e-01
8.171486612168727959e-01
4.807415742453159391e-01
5.967376986495868119e-01
2.562787624821066257e-01
7.296093146148452391e-01
1.882281499995743512e-01
1.964917349435661709e-01
8.155409565073340472e-01
2.640882924336140913e-01
5.846038692647116397e-01
8.152774956945278984e-01
5.065773035741114594e-01
3.144223143316065006e-01
6.045240978385367780e-01
1.952170070254151402e-01
6.645199050925506556e-01
5.567874520597776433e-01
6.781922915260333307e-01
6.098845537862661592e-01
2.729575185133348847e-01
1.893026583847242927e-01
4.780448177835720514e-01
8.183965077993707871e-01
8.139105846618407414e-01
5.495574942840720789e-01
4.784767502723712429e-01
6.495494631952991593e-01
6.078515291736573678e-01
6.298266161836884036e-01
2.332325883095245078e-01
3.629151463915645803e-01
5.701121921670602166e-01
1.886541336148532810e-01
7.216839297667937414e-01
8.144980867935001090e-01
6.175461644438560160e-01
6.786617105195585919e-01
5.283622046270085582e-01
1.879977369011641974e-01
4.218507184983006919e-01
1.884350325194454334e-01
4.063129835173253102e-01
6.169052811117153867e-01
2.149958824623958986e-01
2.914589333231739077e-01
6.656088770408367106e-01
3.565258365868421153e-01
4.646911824245842926e-01
2.085661285892159433e-01
4.348806879948259319e-01
4.502005504759366006e-01
2.045218747978949092e-01
4.456357344032462198e-01
6.973441809675932079e-01
4.912114463417048826e-01
4.339684727192756886e-01
5.750751689067090666e-01
5.271860383571876918e-01
5.311675451537545278e-01
6.235645978378189236e-01
7.645855366617109183e-01
3.400675464077436705e-01
2.327868039500989861e-01
4.584279621033835461e-01
2.844514566026807856e-01
5.501643895228772729e-01
4.754319120702342194e-01
4.450465313531823397e-01
2.048762421580840321e-01
6.765782518127390066e-01
3.966394530155906151e-01
4.961082993047268297e-01
3.211593225710331900e-01
1.920335056527548712e-01
6.090229879470689944e-01
8.165152247531972662e-01
1.889051595013483409e-01
2.077916954905433822e-01
3.822278876123866298e-01
5.524169878571592029e-01
4.522943259323603526e-01
2.961744708983382046e-01
3.930736149394580270e-01
5.849982648730703838e-01
6.219632589055779093e-01
6.040533981252568241e-01
5.353555179343376658e-01
4.961889386256393975e-01
1.879905454971281531e-01
2.920140398788693692e-01
5.682927583373574842e-01
4.998295832439088038e-01
1.898281266837347214e-01
4.829172006484369062e-01
3.953100819152141066e-01
1.973846364108531315e-01
8.171232827448606795e-01
5.669598102129632666e-01
1.972061316371329365e-01
6.657855244020385310e-01
4.769800692785590157e-01
5.974288666141285287e-01
5.376853882356629200e-01
6.372441126120087507e-01
4.980456602402539845e-01
5.964616332414172106e-01
3.992835981449208704e-01
6.050979697835191518e-01
2.020512097229364701e-01
6.936408597859489156e-01
6.972078895440980695e-01
4.864766688908831460e-01
2.407685706133666781e-01
2.236160035958868753e-01
4.233601548437584960e-01
4.230389352932977798e-01
6.254010746007794275e-01
5.701287180032097446e-01
6.856696865039078048e-01
8.166822141698300008e-01
1.971802578865405331e-01
4.125548852675903766e-01
6.010850983319094842e-01
4.536604730417693188e-01
6.031658803270379954e-01
2.276379906147531218e-01
2.453426197935724973e-01
5.889281596570744570e-01
5.624504260914429121e-01
4.809587469705565721e-01
6.638660864135312867e-01
3.664513079339122292e-01
2.519059017297804459e-01
5.946774346875974837e-01
4.071457727563949636e-01
6.503580412224312379e-01
2.504254564031591079e-01
8.169680724270973471e-01
3.409117820701231261e-01
3.558197621469397220e-01
1.881213710269009909e-01
6.185872056184014145e-01
2.143721793719314817e-01
2.772708185894491861e-01
4.860862108257229530e-01
6.060508573725527093e-01
4.914788481502108120e-01
4.965345160802918101e-01
6.028181232015821234e-01
7.386311768795296162e-01
1.907583900925240994e-01
1.939525420721773530e-01
4.965189219132719600e-01
5.108420174774521705e-01
5.588536151837278920e-01
2.984244849142471678e-01
4.893172030655180138e-01
5.590087851355384219e-01
7.357503699345585568e-01
1.919309437568781362e-01
4.262189023233546870e-01
8.188143181462355091e-01
2.852028717799389712e-01
8.177154714404858415e-01
4.944193928143308381e-01
3.325983844819635493e-01
1.934103291566831029e-01
5.810228815137058467e-01
5.428466706510974848e-01
1.969458513070718730e-01
5.943048707105318407e-01
8.166407541705388295e-01
7.651880003430295840e-01
2.162570943239247312e-01
4.668804409094841623e-01
4.380528026191478630e-01
4.114794644671418977e-01
7.351720829920809219e-01
2.603622628841539832e-01
2.527190832343123028e-01
6.300307572091810027e-01
6.006736740746648762e-01
6.810659872624911237e-01
4.634809615523229342e-01
4.591190191054445591e-01
5.492972425998376984e-01
5.832923453618145126e-01
6.962056839710295542e-01
1.915002554056713657e-01
4.751851761357586135e-01
4.548939630468097350e-01
6.316803085975023491e-01
2.074625757150944383e-01
5.882834111905623775e-01
5.154123361133697845e-01
5.242251943177809181e-01
2.139234304559435584e-01
8.178081050870660285e-01
1.930627310841523669e-01
2.185151624307761220e-01
5.537820886005857535e-01
5.505007620882140795e-01
5.053822497201201358e-01
5.918578391870907840e-01
8.174732623981015855e-01
6.780209661762285345e-01
5.786163157086691156e-01
3.803849865617350834e-01
4.118963709324484634e-01
3.929155513633634800e-01
5.725545040826637289e-01
7.253109159487552970e-01
6.205891471607365428e-01
4.907221102004475921e-01
5.676597313685730617e-01
5.889306170668056062e-01
6.053680781832485591e-01
7.736445118682521160e-01
3.380870847036419602e-01
5.836502025816497907e-01
3.536765796365787806e-01
4.773407163635509654e-01
3.490742786729273406e-01
3.865770249551330195e-01
1.891047721958976080e-01
5.467561973035039991e-01
3.643621866499978101e-01
1.950614633499881123e-01
5.805264093885758037e-01
5.518718963649282827e-01
2.535088732849516968e-01
2.054883767485864154e-01
1.879062088483915982e-01
6.094321406613433245e-01
4.874898804632105676e-01
4.446744246883960194e-01
5.591165688402053302e-01
8.178220141302102730e-01
6.395061532722871034e-01
3.338839140570534214e-01
5.408812644776113121e-01
7.731249378248354898e-01
4.938861491379044621e-01
1.995365102508723232e-01
5.490918997550185976e-01
5.957334182631569552e-01
6.197616888799969415e-01
1.932147426543237845e-01
1.906514904011621103e-01
5.627287563096866618e-01
1.882201574411642431e-01
3.679701028203390401e-01
5.135595988342277485e-01
8.187932684561235464e-01
3.211865811373795787e-01
5.125839856422867991e-01
5.648595489459256047e-01
5.875686093796531617e-01
5.878171576380695207e-01
3.053705233866719770e-01
5.282893733604251407e-01
5.705809036333975293e-01
7.534261668983543991e-01
3.376487864039490749e-01
4.593454917739906995e-01
5.784698626421331813e-01
5.974476649148956486e-01
4.765368252828666717e-01
1.979163414541270927e-01
2.591613712987748674e-01
7.708269917011504324e-01
6.344952710450471045e-01
1.908644975480681127e-01
6.429735525759033843e-01
6.643893742215916109e-01
3.076343367613237345e-01
4.630154245235318378e-01
4.709494163602804817e-01
6.187129410522803630e-01
5.283153871743367924e-01
5.571113609499140917e-01
5.905159165122634279e-01
5.039960796706280943e-01
5.508779769947900196e-01
7.276857007088661788e-01
6.713867317145030267e-01
4.940522097247543876e-01
6.563819880478944935e-01
5.852855403275535329e-01
2.112623504465550028e-01
5.642708827757872969e-01
7.777100272974732942e-01
5.964512002005053493e-01
3.909320401678458290e-01
4.007593240293882420e-01
7.437661575696479233e-01
5.080922718246306813e-01
2.916347600356454794e-01
2.526909915486023062e-01
4.089533139743882217e-01
4.516041820086594827e-01
2.049172687054054420e-01
2.088404198581298721e-01
2.671323595363063186e-01
4.968736913413181466e-01
1.955912703588375823e-01
5.784090996030001319e-01
1.912588423058880216e-01
1.885879939841198505e-01
6.439722395585296688e-01
2.476426685161761121e-01
5.346462632095968504e-01
2.164494905855058049e-01
6.697630775295051464e-01
5.821375153295473837e-01
3.137289899296382689e-01
3.583552788686984458e-01
3.752158200969261115e-01
3.893561106757782442e-01
3.985153253059217082e-01
2.244076946227101799e-01
2.927598971187833077e-01
1.915268929993629021e-01
5.541299529561308779e-01
4.248318398306628607e-01
2.573460621786132219e-01
6.315125150980392954e-01
3.596414903138711039e-01
6.519166419687144609e-01
8.159017747769098383e-01
1.882619810747643008e-01
5.434350648898582659e-01
3.711973373611620608e-01
5.395353428144673558e-01
5.886947275965493942e-01
8.185911132178436134e-01
3.354097269040737239e-01
2.113515476036278984e-01
5.562994952065776211e-01
6.291667422139231025e-01
5.252466257251496851e-01
5.591970698238041271e-01
3.783719377836040620e-01
4.793999089792918555e-01
3.487393517521558683e-01
5.837027493908732989e-01
2.186744093281977053e-01
6.274088657188808815e-01
3.803320101666041730e-01
5.823654714559508561e-01
4.415205257754532542e-01
6.595387976030285815e-01
8.171050183520729426e-01
6.359003530081620559e-01
3.885637181189282030e-01
5.918577283808885703e-01
4.995503903463415774e-01
4.346247975870481395e-01
5.963798412907601598e-01
5.703850668548324787e-01
3.664382190833567754e-01
5.939148373274770742e-01
4.804808174749085059e-01
3.215354119512044972e-01
1.888777552069193788e-01
1.897022026376549986e-01
8.175254378266558763e-01
3.477227156954287302e-01
7.114061277135415029e-01
4.918456428841339045e-01
1.905261570401587945e-01
4.711068554380868911e-01
3.719554474695317969e-01
4.516312091423243524e-01
3.866067656376183659e-01
5.804075166578637202e-01
3.734781872603887276e-01
5.625359247284340558e-01
4.951546141587399030e-01
7.545994567262284125e-01
2.801352451956746203e-01
2.032718175939269567e-01
5.555357849030593265e-01
6.575350208111576666e-01
4.077003451393911848e-01
5.971999063365835969e-01
3.694263414705925008e-01
4.948437967385020952e-01
5.775882106553739126e-01
5.008771336935701202e-01
5.087673123913527551e-01
6.036739495536777023e-01
4.408356439118290004e-01
1.891653573974326485e-01
3.540603207832679344e-01
6.375110764993894286e-01
6.172396896430978330e-01
6.351337131038198303e-01
5.578988570716897355e-01
3.937687393091457988e-01
3.037588193728729125e-01
6.178674920776988655e-01
8.178473031236650481e-01
3.812065681786308002e-01
5.786346252069247686e-01
4.891045991059607689e-01
7.980682866372056372e-01
2.196578794303551407e-01
3.035578714161162317e-01
4.383507717438484552e-01
3.665471655493902636e-01
6.092894764908631799e-01
4.952144631314077672e-01
5.272864993493386887e-01
3.744854334134518625e-01
5.243247160182837874e-01
5.468775627797975991e-01
4.672371722392344995e-01
5.720118987507027963e-01
4.666885254765722468e-01
1.886015819514885727e-01
2.323674653831040993e-01
6.115212073695446282e-01
8.104864450352008420e-01
6.325868705286292748e-01
4.454505272312737074e-01
5.109085070262321393e-01
1.896589912047027260e-01
6.046820350769410712e-01
4.367976911071141388e-01
8.138015497603329207e-01
6.447039844366979633e-01
5.844593472011917479e-01
5.794422326807306955e-01
2.137297205377015064e-01
1.886640520049679970e-01
3.811473543919404738e-01
3.622782811602345276e-01
1.910094450595691828e-01
5.802367376352576267e-01
2.420206431183576645e-01
4.780710724658219779e-01
1.893579567460328128e-01
4.954440647489979366e-01
2.914775089671446939e-01
3.395717845266638113e-01
5.430199454902820966e-01
6.041481574869028703e-01
8.174757600718999262e-01
6.779773523765756371e-01
1.906422241439246767e-01
2.926105417241655071e-01
3.523832070114231163e-01
3.441696147008939666e-01
1.891444192747947783e-01
1.910711556737051398e-01
4.632939706018524006e-01
4.593073094423189562e-01
1.943567972562585955e-01
6.039155306775036980e-01
6.106024078749662243e-01
4.302751212271618830e-01
3.127439000531870295e-01
4.947517822599729054e-01
4.671192817225893190e-01
4.624085358384328881e-01
2.107857345084405420e-01
5.899001312337484038e-01
6.831313718637289645e-01
6.236180077201751715e-01
5.899848500516241545e-01
5.351268517893129628e-01
8.123072508287207949e-01
3.097920833528642892e-01
6.419076844554960637e-01
7.316334225743016395e-01
5.424352395439513419e-01
7.140648271483707177e-01
6.719403981325352548e-01
5.937518577380699325e-01
5.824852889985762117e-01
6.196398904979623090e-01
5.273391147921990818e-01
5.650863325162228668e-01
1.888936703712824905e-01
4.006970222903156187e-01
8.047557923251043022e-01
5.413793077094730677e-01
3.301442452046677301e-01
2.034751136354128742e-01
5.912551583520634368e-01
5.849046578805062735e-01
6.094606753787694675e-01
4.839158652244571202e-01
4.485962680714903894e-01
5.879843369784937268e-01
2.632771107713996472e-01
4.682035066921962918e-01
3.832984605615309959e-01
5.680671882118868421e-01
1.945545570337194330e-01
6.920405532191750142e-01
4.270001344590212966e-01
4.924303631698153660e-01
5.510965328664864105e-01
3.542953466711232791e-01
3.427205484962968507e-01
5.700415063800997606e-01
8.161730525274898396e-01
5.608273172372825188e-01
6.938857111755177831e-01
2.133088772865601446e-01
2.494148931118197465e-01
5.998961634861389447e-01
4.932010919099421575e-01
5.812431970343859833e-01
1.965279958972932506e-01
2.230728706068451916e-01
5.659902619590760908e-01
2.253597519802445770e-01
7.178473111840312226e-01
1.887541937246331736e-01
2.907113939097116240e-01
5.959719725555232550e-01
6.283843674629050469e-01
5.321676710908402885e-01
3.676157461357262290e-01
6.201226380865088039e-01
2.900026841841006342e-01
5.055488093539892702e-01
5.133902497075403248e-01
5.422393065038583204e-01
7.064877601862789014e-01
2.897002240024497688e-01
7.411506558846727710e-01
2.028708935209354025e-01
6.965930450207999947e-01
4.795744023409906354e-01
4.957587922094997546e-01
5.005699632860154402e-01
5.982338302063615609e-01
5.650601672044947010e-01
7.278083141843981752e-01
5.769786786042699900e-01
4.589465389498130210e-01
6.215743494777447031e-01
7.770555434497448122e-01
8.167882813147258059e-01
4.043315320514385691e-01
3.301140331946468276e-01
1.983877494924687901e-01
6.319071157369152703e-01
7.827761610467213194e-01
4.526521637523707731e-01
5.819960209703481935e-01
4.916754843268231756e-01
8.170905027630717132e-01
5.928343186869962089e-01
4.632732070063146357e-01
5.872858209671654173e-01
5.954290071692710518e-01
5.086992934437405411e-01
5.720196822253933444e-01
5.935974795384189040e-01
2.292376764545098478e-01
3.391641584614827898e-01
5.507077822437020931e-01
3.571450639454152864e-01
4.516136096103374187e-01
5.979130270884294163e-01
3.315265771479960488e-01
5.864200604765466007e-01
5.748157425770445972e-01
5.927074933355610531e-01
5.902720061626721693e-01
3.231342092543505462e-01
6.329977367820275314e-01
4.703752391825464785e-01
5.988035033418099840e-01
6.196862756504286640e-01
5.284534574457622202e-01
4.436774572402738537e-01
1.892694439362395675e-01
4.222822883549736672e-01
5.740746887362340178e-01
6.636312855314226988e-01
5.503337512369964601e-01
3.451659772980057439e-01
3.197653873823410597e-01
5.871989587638836161e-01
5.707858706491357736e-01
6.057183783620408990e-01
7.113483618045944867e-01
5.807848416137693093e-01
4.997780866321184234e-01
4.294182492758822911e-01
5.899716735605080586e-01
3.879191556876642744e-01
3.594305326848566406e-01
5.922327166538871035e-01
5.312589230168310861e-01
5.849170661018870954e-01
3.102516126572829602e-01
2.898746274882624818e-01
1.970115900005680321e-01
7.286351995989266417e-01
7.071492012982802944e-01
7.524062147366192832e-01
5.436447692304120505e-01
5.703586109825062866e-01
4.261454269928167116e-01
5.931867237559826922e-01
6.147068005649731770e-01
6.048281816896681207e-01
5.936140016633185690e-01
6.569196703631812184e-01
4.331947825784072670e-01
2.600046483932976216e-01
3.828141873426733066e-01
6.399519826627210195e-01
7.040135554243184268e-01
6.083888912382939829e-01
5.372829447434688266e-01
4.853126336146593167e-01
6.512733406044030060e-01
2.274907229843646239e-01
2.158283320967467334e-01
3.326740324735383281e-01
4.299872929059663229e-01
3.103771907188929147e-01
7.781726096420661376e-01
2.943419687216274894e-01
6.302174061093760438e-01
4.213390386301026358e-01
3.500920774531827151e-01
8.181363959690016729e-01
6.137568942923090631e-01
4.864421763626762818e-01
1.951460597640072292e-01
2.463455789124819884e-01
6.241853019649323819e-01
5.974717940808920158e-01
5.925028782301372532e-01
8.126563549000496156e-01
6.485715667124445361e-01
7.755504017244487791e-01
6.034679437545982239e-01
8.190200485855102519e-01
6.192070922764060237e-01
4.373916091861852484e-01
6.524726273858582060e-01
1.926634451427368666e-01
7.931777321806962044e-01
1.966551743612943437e-01
7.012756299480298328e-01
5.646835606503768368e-01
5.803423477359257454e-01
8.183841673567641140e-01
6.942759498805081142e-01
6.041501211223851975e-01
5.462972911248872299e-01
8.085418861366548970e-01
5.923534408332371548e-01
5.877530752450876861e-01
3.723257733317565932e-01
1.881744537559395525e-01
3.162746529735073198e-01
1.951929860418435136e-01
7.090939367625885836e-01
6.496971785734194649e-01
2.427170482885958880e-01
4.305562932993504122e-01
5.944583876110421938e-01
5.326316894610229058e-01
4.395799385898218059e-01
5.572235097525336522e-01
8.138092146318371967e-01
4.647197381532465754e-01
2.021429513038408010e-01
8.191253577180640510e-01
5.431136775205429590e-01
3.756719669196173506e-01
2.038604791189137233e-01
5.908739769506361483e-01
5.050049060683008406e-01
8.179984325117829469e-01
3.557658396949640589e-01
2.925683225039013013e-01
5.967763625654584070e-01
1.909050316055898311e-01
6.494832780497329372e-01
6.314633730140658541e-01
5.624111717539487243e-01
5.397539223716038004e-01
3.447965968704301831e-01
5.415681503748811521e-01
4.987574873953090626e-01
3.063293450902470072e-01
4.250714595893644310e-01
1.891308225597917170e-01
2.016062682466778500e-01
3.601072771168631337e-01
2.233465651704160948e-01
6.348915637121892441e-01
1.949573471220537590e-01
5.179843664820810156e-01
5.140967229466484323e-01
4.674050121905875543e-01
6.091614689525376436e-01
4.649935042749829273e-01
3.308458159181723035e-01
3.173685308579651809e-01
5.154820426454884696e-01
6.024747170254922679e-01
5.932785522501117237e-01
8.100026910929445378e-01
6.374832227757095682e-01
8.180071124148012851e-01
5.742494176960091234e-01
4.807609472309898324e-01
4.877557977487259611e-01
6.045784168751124898e-01
6.300681352812922409e-01
2.913289968236381089e-01
4.675392456223769755e-01
8.175014383374004101e-01
2.454701842942925982e-01
6.062657299765426000e-01
6.531590336624023552e-01
2.076062839960729767e-01
1.922139293051502440e-01
2.790667311606006007e-01
5.622893909117956390e-01
4.628008938113331583e-01
5.946978300050924648e-01
3.027244479487188888e-01
6.225017227542484211e-01
3.584926778307791495e-01
5.723212216172509637e-01
5.882967386038225888e-01
6.911508356894126015e-01
2.180898651377130293e-01
5.982485545822141537e-01
3.841720127813196828e-01
4.216936693671220482e-01
4.045539773124521288e-01
5.917179035572567303e-01
6.769147828342183537e-01
4.342871035240776223e-01
4.563999141426477446e-01
5.999661136257595784e-01
5.280495210983950916e-01
2.373430966386602115e-01
4.241938509583320083e-01
1.884123725775523339e-01
5.591786561107827680e-01
4.517100932594926843e-01
6.703243135446519396e-01
8.036228228449716626e-01
4.961568929899274893e-01
1.961000004434144961e-01
3.237467241248517813e-01
1.971336596654786333e-01
3.438219435767616017e-01
5.157674142812042062e-01
4.618506060727494145e-01
7.814636386208516639e-01
7.990547041392443983e-01
6.474931908211548626e-01
8.170043587169436572e-01
4.940836431127482165e-01
1.901719205731471074e-01
4.787860596672859903e-01
6.712771515123443500e-01
5.938350506834084719e-01
1.885185564045249174e-01
5.645675241203039763e-01
1.915024491230304382e-01
6.124113661629831951e-01
3.779770603149700814e-01
1.956884284776355953e-01
5.939864764775849570e-01
6.354135405634305789e-01
2.970360917886658569e-01
3.224694815056836084e-01
5.192463441889961784e-01
7.676100301368313783e-01
5.882708813384603941e-01
5.172715336379867246e-01
6.057222656047001053e-01
6.143665551144859016e-01
6.184585044479152804e-01
3.138857359048001228e-01
8.159185673401849748e-01
5.395374917735217268e-01
5.835331976130262444e-01
3.036461713683929475e-01
4.103003573250966207e-01
5.012393128203819215e-01
2.965808179058512239e-01
3.570852466907888378e-01
4.475204627100376475e-01
2.144795827593414528e-01
1.886702066515863196e-01
3.359319365421298276e-01
3.379317418947121454e-01
8.187935597555435763e-01
4.715358909866537718e-01
2.873261455594385283e-01
2.862512544791069313e-01
7.399862739223008745e-01
8.172527271965640550e-01
3.540880855967679097e-01
2.907928328410354091e-01
6.069846604221610376e-01
8.179158348605740647e-01
7.988446345015406402e-01
5.762420391466348546e-01
6.471442214422894468e-01
3.865801180981981999e-01
5.151615768505615200e-01
5.797463007776392230e-01
2.079952617125084002e-01
6.208844659100190011e-01
6.370987125414290242e-01
4.386177282359090546e-01
5.913017262989157530e-01
7.312598483273234917e-01
1.887721203250151414e-01
8.191316402907329319e-01
6.468185048966745843e-01
6.295625389791913440e-01
7.673688281403570066e-01
4.590693343033330764e-01
5.371101785715193255e-01
3.175748332254051398e-01
6.631039110459928665e-01
5.736407519769153307e-01
3.271446232253707453e-01
5.871282901537443477e-01
4.834576013472624001e-01
2.096973345441795755e-01
5.978334416545090235e-01
6.793907334354711836e-01
4.837472973858930603e-01
6.743884131554412908e-01
1.891455204531924672e-01
6.215532370640475257e-01
3.115982415747713397e-01
5.784781596781959356e-01
5.892533922118262657e-01
1.932568633672023528e-01
2.297086630661838158e-01
5.771441716565984814e-01
7.645336032983899299e-01
5.536110239122014054e-01
2.968072488372138218e-01
2.563419822616735955e-01
4.282366945420214566e-01
2.494350344537095976e-01
1.923604608141141203e-01
5.458898327268819628e-01
5.977872038960916345e-01
5.778445359249096969e-01
8.188552240705686547e-01
2.361630340628147473e-01
4.421478807467104089e-01
2.621343104654715317e-01
6.063132699944200343e-01
8.078796527074785239e-01
4.512101758077223801e-01
6.351500128115252775e-01
3.938596518839094784e-01
6.805902009120953222e-01
2.333906553061339262e-01
5.797846559626151919e-01
5.393169819735241788e-01
5.254003922807388705e-01
4.820666427610414417e-01
8.106648920000921743e-01
4.236673776553093740e-01
6.756396383796738903e-01
2.920142003754921389e-01
1.890324327700955154e-01
3.871288617227147677e-01
1.881723451078659848e-01
5.957872705559607018e-01
6.197913851334950763e-01
5.992122445431781186e-01
6.180980578362093025e-01
1.926847139575867118e-01
5.927910117579127114e-01
3.053282837007594286e-01
5.583381587976106175e-01
5.917758744779166857e-01
3.252632767062667574e-01
4.269118134838401635e-01
8.164932780982033789e-01
4.667662078248765445e-01
5.813720173800729363e-01
5.852323453872765313e-01
3.124934829465731423e-01
5.790259894099391014e-01
7.295690581959662913e-01
6.222446533866506924e-01
2.151938850730460429e-01
6.949018556985546713e-01
7.716624795131681314e-01
5.654288343099317382e-01
8.118417940298413571e-01
6.189693221089559438e-01
4.651624623771666300e-01
3.443416147051789888e-01
6.218702724115467984e-01
1.875394647975241191e-01
4.638810811355711383e-01
5.780742664313395229e-01
5.761123842076895096e-01
2.336101968192270395e-01
5.277459900651564340e-01
6.012233929141185262e-01
4.886242463002388181e-01
6.718786622284678156e-01
4.643804836571437944e-01
5.963958301449235888e-01
5.840422526786065438e-01
2.920967836915656646e-01
6.181601571099866188e-01
6.462510054116916702e-01
4.354237982604468038e-01
2.281004114675107830e-01
3.521159030146855939e-01
5.634407467163234928e-01
5.729249377151320877e-01
7.945797825296017081e-01
4.117095943517588008e-01
5.970449790798898482e-01
5.766549578925933561e-01
3.280978039344012442e-01
6.104987205354566182e-01
7.833341050928456228e-01
7.914279259619687590e-01
3.339722442188274298e-01
6.923829587380588846e-01
2.105847283040749307e-01
5.659025204188465885e-01
5.752136432145987799e-01
6.779450216955309472e-01
2.424488410336733402e-01
4.969881912268611646e-01
3.131402571453406614e-01
4.032396832940726705e-01
8.066235770651147829e-01
2.840506658077422419e-01
6.917641775104508284e-01
5.758035466747591924e-01
6.706377160018215378e-01
8.192015173810636153e-01
5.810020221311642530e-01
4.932008422313575724e-01
4.713252125199383635e-01
4.155128276362700102e-01
5.223820551628477471e-01
3.227083673754099769e-01
6.360766315242790681e-01
7.169594664212435298e-01
3.878933365310397452e-01
5.039831274166316488e-01
2.148188470158857166e-01
2.966794199269769394e-01
2.804365780992195689e-01
8.178077462968821321e-01
8.175482392202119142e-01
3.541145558611978883e-01
5.937438889144194265e-01
6.578228243886238280e-01
4.666245003051303630e-01
6.920101450719109426e-01
6.677692666634854612e-01
2.173202367050637573e-01
1.887577137118285620e-01
2.538618901963968777e-01
4.007678038373498342e-01
6.265900176838177238e-01
5.791166218829696399e-01
3.427556112319445902e-01
3.560267874992574244e-01
7.191938964724268191e-01
6.910824823610262069e-01
6.417377557874857086e-01
4.789900875960471649e-01
1.978552635525885894e-01
3.570418494129262710e-01
5.334905989744174182e-01
1.944728122530830217e-01
3.360594461317788495e-01
5.810045532871809248e-01
6.046903509001773092e-01
2.972608311285563909e-01
6.556325907686545440e-01
4.070903008982894589e-01
3.554389989615610590e-01
3.719570038405106138e-01
2.608106804930759304e-01
2.920107517478922610e-01
2.603711068136015938e-01
4.789995056035002419e-01
5.674067538804243860e-01
7.685555786967446235e-01
6.374231600839995737e-01
4.915018893443796610e-01
5.801621254538432693e-01
6.772964585346734623e-01
7.172685338974364999e-01
5.306591285526963686e-01
1.884798545263950409e-01
7.869906885450008716e-01
3.092645789256617816e-01
5.819102112827176931e-01
5.397674413257700365e-01
6.817589626424610527e-01
1.988061395944534238e-01
3.171021038580475460e-01
1.978621456887005026e-01
3.089769512828055009e-01
4.794133252235779352e-01
4.433580566723525074e-01
2.004225498348458923e-01
8.174410196756660696e-01
4.438489411542553276e-01
2.167449445221829862e-01
5.563781587986149635e-01
2.609282487797962569e-01
3.360650516266654453e-01
5.765326569139901380e-01
6.951198250498711317e-01
3.651895268342786327e-01
5.759408740185520958e-01
6.324837726006905525e-01
2.986729720709453417e-01
5.948215038258485299e-01
4.453077194303106112e-01
7.569542419667697475e-01
2.502097428838135906e-01
1.941007129353539695e-01
2.520015245697646566e-01
5.560570309968433378e-01
4.985466758225269301e-01
3.396602050690079033e-01
6.273579340200918786e-01
2.724683954993135093e-01
5.541684340130372810e-01
4.787584315256061540e-01
3.762097789050046215e-01
8.138165353773817445e-01
2.911557003129250365e-01
6.151816392558995261e-01
6.504960287223475746e-01
5.580780374476390637e-01
4.198469572268933581e-01
3.516413619144317937e-01
4.824131529777710425e-01
2.996134236502107639e-01
2.698025550597926703e-01
6.095533629693558053e-01
5.964993210313136451e-01
4.728201200854026953e-01
6.492827215474347158e-01
2.858627213282481927e-01
2.658320355385213607e-01
6.190152941909153883e-01
4.340676392269922634e-01
7.535604746326485248e-01
5.641973051509160397e-01
3.740885955746529046e-01
5.267970789021712008e-01
5.979331937556522369e-01
8.175455491350553938e-01
5.823412903018446718e-01
5.954896323078789910e-01
6.123042869768015040e-01
5.790025069502205968e-01
7.809835318969408080e-01
1.917004919665279972e-01
6.202304186843521361e-01
5.917889963565579059e-01
2.083193737150543234e-01
4.804524860463482705e-01
4.337121708579656509e-01
5.466646942866351111e-01
5.581374187754964966e-01
5.364914802535454275e-01
8.174666409259857547e-01
6.003315306193407475e-01
4.168035869452507147e-01
5.738299989661633793e-01
6.009214780463785210e-01
2.979346442009984108e-01
2.219955224082243161e-01
4.060383321600292139e-01
6.031499368880561818e-01
3.980712768651245015e-01
2.043191943526858900e-01
1.894639564033019086e-01
4.453136069368667238e-01
3.328555097846472854e-01
5.111945603826727469e-01
6.044649114913995813e-01
4.372504779754000648e-01
5.197795270280949342e-01
7.941945987330273349e-01
5.962675721939573181e-01
4.783565296851997051e-01
1.893110025199639113e-01
5.119697409521241083e-01
3.862406388410724589e-01
6.321112700919372385e-01
5.503046909816887711e-01
4.513565192359853540e-01
5.554232753865260275e-01
8.162358753188247995e-01
5.459938370004711050e-01
5.519378317474586959e-01
4.593844827168019340e-01
4.826116828032269712e-01
5.907010643109349424e-01
6.008654056777964492e-01
5.445338563836991108e-01
4.677787447305523649e-01
5.582681001050082692e-01
4.551636053050980291e-01
6.064649012423841690e-01
3.050995361156080277e-01
6.957059997104014792e-01
6.951738301985146418e-01
6.421212194875095536e-01
5.840482315726204243e-01
6.819776148028395824e-01
4.547339470940085504e-01
6.236447845616507335e-01
1.894368247078493106e-01
4.525310611552972873e-01
6.270108919088737132e-01
3.567695773668224102e-01
7.538043227346031827e-01
7.032192360288737065e-01
6.482850241078329523e-01
8.177381703341405350e-01
5.949886925537264393e-01
5.327511742657635718e-01
6.561525665881295932e-01
5.571459720750103761e-01
5.790218905060475763e-01
6.379627740429208993e-01
2.443556341000217846e-01
2.983341716739856264e-01
6.765161584426672148e-01
6.062635432926998247e-01
3.870349217933847230e-01
5.155292165043073860e-01
1.897102204246738644e-01
4.504149351545015945e-01
5.081843231189161481e-01
2.975360211801365007e-01
1.939134592482264219e-01
5.374816645696774975e-01
4.292607486161906793e-01
6.077612913580870968e-01
6.778472310464064288e-01
6.797341339207475519e-01
5.744017497479891876e-01
4.647250526230334300e-01
6.090000998874173233e-01
2.960974159875129907e-01
5.344218902603233845e-01
3.307965894255259776e-01
5.750211476765577645e-01
5.976326524807219487e-01
5.914987190130470696e-01
3.128406655611047360e-01
2.663513525633331991e-01
4.495449392595533555e-01
5.480530369616118946e-01
5.685467061043658621e-01
5.816258397691509430e-01
6.276673825739036428e-01
3.341046899596242237e-01
6.746751584706472959e-01
6.768294924954493252e-01
2.919292981410743781e-01
7.760803542477485717e-01
5.410150086161279459e-01
5.201567425525706057e-01
6.232554041296352043e-01
6.932045880572337282e-01
4.324797271425481759e-01
8.178077090491736589e-01
1.898777447393948103e-01
4.746210998562247485e-01
4.529153779209958985e-01
6.322887448373646357e-01
7.892545260635962512e-01
6.197133487597045187e-01
2.618525086907433352e-01
4.398234443721465992e-01
5.991730993970746377e-01
5.761590984029092422e-01
3.564866858018473916e-01
4.351952090971915599e-01
5.458251423513827971e-01
5.301231386912546029e-01
6.081910931267526799e-01
5.839795267816850766e-01
4.000719887158696308e-01
5.518650334807849722e-01
4.595758711773871297e-01
7.465334578951334787e-01
3.008415370313092252e-01
6.001392592697577522e-01
2.320955812492880022e-01
5.616818565665623320e-01
3.966906484413368905e-01
2.359604642206565850e-01
2.362617266177158004e-01
5.581542622174938684e-01
4.804180631706341797e-01
3.616788872455642956e-01
4.809865335883633519e-01
4.782136505527300185e-01
3.348996201323221067e-01
6.819287329832947053e-01
8.176743328859212845e-01
5.973176718918724593e-01
7.666940062996274730e-01
6.242450419257604688e-01
6.145070002253216757e-01
6.904542280962656653e-01
5.467197030348726061e-01
5.935064840028115851e-01
3.186034876975861740e-01
1.884667724849417858e-01
5.216197105993795047e-01
2.689574546084675943e-01
2.352192355501633025e-01
4.760878563154769538e-01
4.520273356298675216e-01
5.001120907135379046e-01
3.600753853063529686e-01
2.939057962063363894e-01
3.169190575368779350e-01
6.352498487182349773e-01
5.258917095351739457e-01
1.912386330110601718e-01
3.708794243040036687e-01
7.325551236493060836e-01
4.698143953782695781e-01
6.547477852142811194e-01
2.511696553729567682e-01
1.884553241095288656e-01
6.078272009017738897e-01
1.880372389329450777e-01
5.653017900815026087e-01
3.018975188117617448e-01
6.698876451621065264e-01
2.447458331893982431e-01
5.813030231415148297e-01
6.447189383298216336e-01
7.089846045884480308e-01
4.324554095538969412e-01
6.966832314580641006e-01
3.221179690188206157e-01
2.082909777770558801e-01
2.004123654924035991e-01
4.675853982850854407e-01
5.893408796063430710e-01
5.843282747030787982e-01
5.642309176671060911e-01
4.555868249460652830e-01
2.107534400804220998e-01
5.202740843186475228e-01
1.973998581869587932e-01
6.030204706102071377e-01
5.899290787644032585e-01
6.410653220791800999e-01
4.903777042972478628e-01
6.201286414450455364e-01
2.183095676790612893e-01
1.911640150650189274e-01
8.182621146046687999e-01
5.855296710067924293e-01
6.025223627692403161e-01
6.392532180110537254e-01
5.596187489250592506e-01
3.685617703695724390e-01
4.817028538668208792e-01
1.886666211396582638e-01
7.657660461644468786e-01
2.294497223667823216e-01
8.157648468218275939e-01
7.077195773652895650e-01
5.591370274345103253e-01
5.515365493311800149e-01
1.921854459626609335e-01
5.165775662475025065e-01
5.914923047429349046e-01
2.650977518049893455e-01
4.906761622839920234e-01
4.885408000759238756e-01
5.552546923844849935e-01
5.939790485216949190e-01
1.978413850731365886e-01
2.022681811660312912e-01
6.624001160661598941e-01
3.709404876015182650e-01
5.156379546502826150e-01
8.162528877600762067e-01
3.339954753914826657e-01
2.063629300709500514e-01
5.998273517832735102e-01
5.731348598744472334e-01
4.608901874167938284e-01
8.183869368453663418e-01
1.934981915698387178e-01
6.533253281212509922e-01
6.428052046592901414e-01
5.962535555797434661e-01
2.426452915852421732e-01
6.381199329367684969e-01
5.410708562058805793e-01
7.716441289472925069e-01
5.719167908708930881e-01
1.962824708722092082e-01
2.074970926675101524e-01
5.964560061421104731e-01
1.882920327818172757e-01
5.483916942734191613e-01
5.469598775388292422e-01
6.723847601461784285e-01
5.853393689622393703e-01
6.296098426875084142e-01
1.912654319848395290e-01
2.258945225441765514e-01
2.626011899881042222e-01
8.001959417793513829e-01
4.913564275400723602e-01
6.821270151624536648e-01
1.890546764022521531e-01
6.732475973201793584e-01
6.948618213417090406e-01
5.431296637328451027e-01
6.556868473719889012e-01
3.987395070595472490e-01
1.912452283569204825e-01
5.975420433897616901e-01
6.759384608512781778e-01
5.174276652269215182e-01
4.857037235841649148e-01
5.914172288024852620e-01
5.831638557764197150e-01
2.219616445791573467e-01
5.930826027494201513e-01
3.196140841981772729e-01
5.276523100825253332e-01
7.337904439115844335e-01
7.249690803105185433e-01
5.475191638401045724e-01
6.031102482077148608e-01
2.267523284769612235e-01
6.978200798211395828e-01
2.121408633263144605e-01
6.241181733860012848e-01
7.507629744242414471e-01
6.001448025031632660e-01
6.280208799356570282e-01
4.892893730214952774e-01
4.989064639539088075e-01
5.024839687135401745e-01
2.928126169959699987e-01
7.856354640411213897e-01
2.260030059898286148e-01
1.996984246611130109e-01
2.553598017338799542e-01
6.047216570380907763e-01
5.571533691847598835e-01
6.077441752928333107e-01
6.258282574689022493e-01
6.815066757302906675e-01
3.386336723432347706e-01
4.239451046255233169e-01
1.918072232858395731e-01
5.950299195630162075e-01
5.970887999593389450e-01
3.218922066015163508e-01
6.366207322536847624e-01
7.301503568110888631e-01
6.787557971389766021e-01
1.889396669638684079e-01
4.484174698212321508e-01
1.934282192430514802e-01
3.308578584899228847e-01
6.381698248751807023e-01
4.823805405722937922e-01
5.817644221361785162e-01
6.492200141454876894e-01
6.108794214673110012e-01
2.450221870424395543e-01
3.007112030781218248e-01
2.203436665410026252e-01
5.114266902199120501e-01
4.771031570602582983e-01
4.784051066319178758e-01
3.538557504906444939e-01
4.973065147956857723e-01
6.956129525609063835e-01
5.907290378060385816e-01
2.222338907239304051e-01
5.211991855321184142e-01
5.159317798541688260e-01
5.886399768290769829e-01
5.714312050405249144e-01
3.657957696697420880e-01
1.882285506895596816e-01
4.750142634262543018e-01
3.706831433585549562e-01
6.938124770722345902e-01
8.133970605370614004e-01
1.886329419929104190e-01
5.806892999795862931e-01
1.895514062540871736e-01
6.317271998059295068e-01
6.789409957685447194e-01
2.395356399733457597e-01
4.521485487331872166e-01
6.724780578908724493e-01
5.986595783986501385e-01
5.994112622334343277e-01
5.945134520954229451e-01
4.946558059121520246e-01
6.499265990488235500e-01
2.345093602720922377e-01
3.109828035270475466e-01
3.574644646888497923e-01
6.306241578768525535e-01
5.055925063806691044e-01
5.566172769061421555e-01
7.813762444803383778e-01
1.918042510596896233e-01
2.117829281936983998e-01
5.074499586562942754e-01
5.688010668566292338e-01
2.782622625866165156e-01
5.557373583338003353e-01
3.112496756535775289e-01
5.565756273783413199e-01
5.676744335304010347e-01
1.955885643386320039e-01
5.275160915939361983e-01
5.414412804130070977e-01
4.733768757425318996e-01
6.953552436307236517e-01
6.816508237373170020e-01
2.576418302232682533e-01
5.926432885896210090e-01
6.224853565122435706e-01
3.125408527582511642e-01
5.595657820632005119e-01
8.181110761695717937e-01
2.478868396798346307e-01
4.895233993488210533e-01
4.661680745280155636e-01
1.880071974111556798e-01
3.848300664434654572e-01
4.510338017189531867e-01
1.890412398091737556e-01
5.387213074620433861e-01
2.190477834544612978e-01
4.753464140263461424e-01
1.967839165677815749e-01
8.182282135714510352e-01
2.401734042122160295e-01
2.357172716963139569e-01
8.157135309258016775e-01
2.892390777170747440e-01
6.412302764446629055e-01
5.922432987531243143e-01
1.938597164134515660e-01
7.951153709756045851e-01
5.470449826591141651e-01
5.725600174185379032e-01
3.239640733752765511e-01
6.362182064861331421e-01
7.047655319307608579e-01
4.727937535478040076e-01
5.894040541506542219e-01
5.672086243723475363e-01
6.889564549922403414e-01
4.929587621266229847e-01
6.963641295705539358e-01
6.038171891026445914e-01
5.912471380707348123e-01
1.923945212534602933e-01
6.098513046044242714e-01
4.876872600905824418e-01
4.926132738050229554e-01
8.190389898317060879e-01
5.984227915890344418e-01
6.064215689872529680e-01
7.796418454286782040e-01
5.696308431344914158e-01
1.926904684495955866e-01
6.047422218599044497e-01
4.444677216480336090e-01
1.916372216506705140e-01
1.923412576423367826e-01
2.982485806181852106e-01
5.860773126134124489e-01
7.437954119444770695e-01
5.907667442727673190e-01
2.019069749288519844e-01
6.893643206137771706e-01
4.921017617838401859e-01
6.021714239109149380e-01
2.446504265916008558e-01
6.145273093546890220e-01
5.587728709435205721e-01
7.001029279628726565e-01
6.109052819410708546e-01
4.071306350343065761e-01
6.111221927720945635e-01
5.282193040981302268e-01
4.788403589500929147e-01
3.711236230617436793e-01
1.994812232982633160e-01
2.317446932313161068e-01
8.164221643434224074e-01
2.215142582493511703e-01
2.605795776054691815e-01
7.785091162977532120e-01
1.912459500457260042e-01
1.883108259669105111e-01
7.515983874574121426e-01
4.425786267314423261e-01
2.090484024934355090e-01
4.034661560752813569e-01
6.123204256009281421e-01
5.834861483243863889e-01
4.076717607683857381e-01
1.915513986903855381e-01
5.644019607374074488e-01
5.926897595132698537e-01
5.960038469770656544e-01
1.909181163705023776e-01
4.914394685126090012e-01
6.532715442747510926e-01
7.061863970954941339e-01
6.414391809107226061e-01
2.307338261925856171e-01
5.295247269671540247e-01
6.105621413911507256e-01
5.363925181129971520e-01
6.839203274961865864e-01
1.881340871878148524e-01
6.350552606065391625e-01
4.816463917509778980e-01
4.161789574757391308e-01
2.537697200901362082e-01
4.448143599842667162e-01
1.887696627939245697e-01
6.671590186915526965e-01
3.037744416674287851e-01
5.890430640142053642e-01
5.141963867447066905e-01
4.590513197258284661e-01
5.018190030805944613e-01
1.978285267105978351e-01
4.971589414249136252e-01
1.884916200292308663e-01
4.114876968807121282e-01
4.021405834212344321e-01
2.354934587672645463e-01
4.951211157533522145e-01
3.512972489672086529e-01
1.882921638791179020e-01
5.927725307231305196e-01
6.107024665890817827e-01
2.066289845234539069e-01
8.188778983482895013e-01
6.648694347501173940e-01
4.047509336163344074e-01
4.274724738985402617e-01
5.664966453411697245e-01
2.734071468125977011e-01
6.679130793222813889e-01
5.084610648014733503e-01
6.519702079681420903e-01
5.751420080498186316e-01
3.425385080920016478e-01
5.771593552753683243e-01
6.687721095785422731e-01
6.220725090686213266e-01
6.823941810560013588e-01
8.173602537762124642e-01
3.568228380949326484e-01
4.599875929701479071e-01
6.363841620328549720e-01
6.304056528331484222e-01
5.672722546481071548e-01
6.105135531957616157e-01
4.256671389308237519e-01
8.038719708597241720e-01
6.276817455132405188e-01
6.333170257191883534e-01
6.821616110700190472e-01
5.850868349098840016e-01
6.916776779802393804e-01
6.647004744879333460e-01
5.990254074976942844e-01
8.159782324914258700e-01
2.235438350708997546e-01
4.782604106056794202e-01
1.942528464260897536e-01
5.894527343706307265e-01
6.828616839490561086e-01
5.693273685040606269e-01
5.328192197547848563e-01
2.469875228347993834e-01
5.768217694510832105e-01
4.182255707416975277e-01
6.888951580660713780e-01
7.523256189071886313e-01
5.683935483029359803e-01
4.866403793959857560e-01
2.908998140102602159e-01
6.207208221282983773e-01
7.940611479425515595e-01
3.443404270141902090e-01
5.882482471839816096e-01
3.162143346556546275e-01
6.404446524860329948e-01
6.951563677056483703e-01
2.024296495678877816e-01
2.116806973159817695e-01
4.896942156881355923e-01
3.357882383505214619e-01
3.528141080626367998e-01
3.690660102748308802e-01
1.957251539643214411e-01
5.401092332512958949e-01
1.885984841598502548e-01
6.005367500420314419e-01
6.352614738630479874e-01
5.467974549070161450e-01
6.309093160897571995e-01
4.895764989493471830e-01
7.009778562402978475e-01
6.660202285117162724e-01
6.054433747659766496e-01
5.872880787414723747e-01
6.604134948935120875e-01
8.142648752599583872e-01
3.355271583899827603e-01
4.596718601168291451e-01
8.098202309702684509e-01
5.852197915470631617e-01
5.414280256554535598e-01
7.440699355446013241e-01
2.393176642947353050e-01
5.347938414685911024e-01
7.696330240647984988e-01
6.464455418418357802e-01
8.179679941825849232e-01
4.546212618203351319e-01
7.423573813207235972e-01
6.369449690855805146e-01
6.125656759268429674e-01
4.362714767058364917e-01
4.049819521241072584e-01
6.200617259976114459e-01
2.035366678214169112e-01
2.122184561720612261e-01
5.764556699535926532e-01
2.134121009762615095e-01
4.757860496130967287e-01
2.076911797517395075e-01
6.702405602721991373e-01
5.674325776874037386e-01
6.246691840412039731e-01
6.697384002585484719e-01
4.613807462635217127e-01
5.912015905975757102e-01
5.643887489946073366e-01
6.740854939220688458e-01
3.085603357288750348e-01
4.216174485949957806e-01
1.881206512870703951e-01
5.774326788903748620e-01
5.975687776963377607e-01
2.754889100252747580e-01
1.880971091197606582e-01
5.473936286843790189e-01
4.904261998301207570e-01
2.122558604511712022e-01
6.001499603546209816e-01
2.070983061823360172e-01
4.968161818638032190e-01
5.626251344152701783e-01
5.348522069540658785e-01
2.228653601077639212e-01
2.039698327255555221e-01
6.434557420882699441e-01
4.086718672703640309e-01
1.929446465327334936e-01
4.757882890694274391e-01
6.955390136834734838e-01
3.747736992486277452e-01
5.262939542007095683e-01
6.449250881437436078e-01
3.070722329469209311e-01
2.545111961325749461e-01
3.272278638684878449e-01
3.562696741896437258e-01
6.729674524958305648e-01
6.094220420854000730e-01
8.184453366748556391e-01
2.383405728548856628e-01
5.066918508886067984e-01
4.534448218806492181e-01
1.904117234930619296e-01
4.119269501328937100e-01
6.031143099653522022e-01
7.260795511800709479e-01
5.395245838520620341e-01
7.704865998778990255e-01
5.815429731003967095e-01
2.898786262532472846e-01
5.982955321864298348e-01
6.058289491007089467e-01
4.679527145887049655e-01
1.919786478584735445e-01
4.527285282537254485e-01
6.629115148595012830e-01
5.476810354364759492e-01
6.310652709397588378e-01
6.363027171996296083e-01
5.727324633896427875e-01
3.427676419548801867e-01
6.261743374635146964e-01
5.119817643235726745e-01
8.086551388530578421e-01
1.920120040178824594e-01
2.013005402662174648e-01
5.520826437877927040e-01
5.888674638827284813e-01
8.164685311413605318e-01
5.925586453023844458e-01
2.573277891300367326e-01
6.153841232865538968e-01
4.331267054114943393e-01
5.099297781663721940e-01
5.991067358303535650e-01
2.445929551118888323e-01
4.521925186378132899e-01
5.808224458164995552e-01
5.189064417488719050e-01
2.349353638698128410e-01
8.174770609515821240e-01
5.827170525324885109e-01
7.552269525027406338e-01
3.296487174066478620e-01
5.852546251513189857e-01
5.836016043269514064e-01
5.802385211275802313e-01
8.177516246276109735e-01
3.925400557262266332e-01
1.881736069075574114e-01
4.734283617855669091e-01
2.136741574581421110e-01
8.133735618279503976e-01
8.175112198815113196e-01
6.806634835243334791e-01
6.551714035452220752e-01
5.942329811904774051e-01
8.180575685103359529e-01
5.855392292236718532e-01
5.715471396430524820e-01
6.809668115380210773e-01
2.830716175206917651e-01
5.915716030303619366e-01
7.795704250141128888e-01
6.331974728926571538e-01
2.151072741951305933e-01
1.887859782068820047e-01
3.529611779437870633e-01
2.522762996373865696e-01
2.637974625131228046e-01
3.260354836503714937e-01
4.678781685540899238e-01
1.906830771676858716e-01
4.657847471764743341e-01
6.036117450955942321e-01
6.402742223831032753e-01
2.109646116571882168e-01
6.218152943532193611e-01
7.136261885953061324e-01
2.208429274665699160e-01
6.067456923014432624e-01
7.487330314106888096e-01
6.643772511464507424e-01
2.410516093642330049e-01
6.356049833633690138e-01
3.128152281191499684e-01
6.385379995006477127e-01
4.489116829330779268e-01
3.333398930068160460e-01
6.093716978810487239e-01
6.207533988837724559e-01
5.887447701977298609e-01
3.526947850368951087e-01
4.856800434381065013e-01
8.180522469506752437e-01
7.661849261726517701e-01
3.990151379498773632e-01
5.865153327982446374e-01
5.055286215581504816e-01
5.809402513876958940e-01
2.392760290976535253e-01
5.441772783013510972e-01
6.646875524787732026e-01
6.372827925309150210e-01
4.296773604857956896e-01
5.813289359539151047e-01
5.972054374022077727e-01
8.114069538426258443e-01
1.916190859490745080e-01
1.958089087549018392e-01
7.834743070438311419e-01
7.766577935972746038e-01
2.221938974346485407e-01
6.084591057823151017e-01
7.576837801700132546e-01
5.440645027894456254e-01
4.727084777724318565e-01
3.994131793317477475e-01
5.741291884596765316e-01
5.835153181586791860e-01
5.464535925925673165e-01
5.763534221427600857e-01
5.963400070284027299e-01
5.418270941209869518e-01
2.041586933164896700e-01
7.830794609099644976e-01
8.137953005771043635e-01
5.387436384050819926e-01
8.062333758342844492e-01
2.680369307627782915e-01
5.925882770275673339e-01
6.891066375158102497e-01
1.964236797108766808e-01
5.461116380129532599e-01
6.908713925802874023e-01
2.198722429836995063e-01
7.621472722921391885e-01
1.921242242329166405e-01
2.144316175414220926e-01
4.692277864749093141e-01
6.062626351820257220e-01
5.829778064163696483e-01
5.307117186955083721e-01
4.969071221629071111e-01
2.664101312548651235e-01
5.200160673238941600e-01
1.881474565329840642e-01
5.429552698427366764e-01
6.400921125527726518e-01
2.088718279023269453e-01
3.039677556787190316e-01
8.052071794065307486e-01
5.990660454876044483e-01
5.662683761819767847e-01
4.166162681270486057e-01
2.800039718906499608e-01
8.132461870316120001e-01
4.085897300452562830e-01
6.592959517264728175e-01
3.917363010280779934e-01
1.942061790696376633e-01
5.570875468785697615e-01
4.835726308784386029e-01
5.951114016418959096e-01
5.968318655334555745e-01
7.601602911521687655e-01
5.527925633196022481e-01
5.418338187234486014e-01
8.184172547312456025e-01
6.726513143305415943e-01
6.854494890106829219e-01
6.457504781063687638e-01
4.838011017284138959e-01
5.855301989019067177e-01
6.242857848420384492e-01
5.895955042035382343e-01
6.817997952085043112e-01
5.775568826530317335e-01
2.039093639124771318e-01
5.265229145195957638e-01
2.154128855413950661e-01
6.061645691189393448e-01
5.954132816588552091e-01
3.820849962259290078e-01
6.749159013039578436e-01
5.977065916728203643e-01
4.809886426185600028e-01
4.614206523746481881e-01
5.766609854260185131e-01
5.696573421133114268e-01
2.124568339038862830e-01
5.729027148658444313e-01
4.931489841177678080e-01
5.536556862167177906e-01
5.953902529059186266e-01
3.644276687887474941e-01
4.866314858109806463e-01
6.330644431887555434e-01
1.980615980010958788e-01
5.821744227342505740e-01
3.938447073519518726e-01
2.463330205648351645e-01
4.833945036441512633e-01
3.789228676351741321e-01
3.990839629510972708e-01
5.685516191950813480e-01
5.835881845426319492e-01
8.178703706682493024e-01
2.330791177926323232e-01
3.601225206770237719e-01
5.961869580312293415e-01
5.324847504745222615e-01
6.632149965168336880e-01
2.772352653611087070e-01
4.084815422869517154e-01
4.939816342518656422e-01
5.746292213093091572e-01
4.693661956658483070e-01
4.385966748311539432e-01
6.289706729107549243e-01
4.457344000059599298e-01
5.806103777405479116e-01
3.151039782366073516e-01
4.209129439095845582e-01
1.884462432091734141e-01
3.128349921254426347e-01
6.075864857414913223e-01
5.205260022690744171e-01
6.313290659935179017e-01
3.274864527824465354e-01
6.801126591839657953e-01
6.673806464156187834e-01
6.718036596100455116e-01
8.143791369266880631e-01
7.851920536175204246e-01
5.979064498585717757e-01
5.309800439780522074e-01
2.883110760655807070e-01
8.169813394965712572e-01
6.445153704987578447e-01
5.011523554844476980e-01
1.901542195148822612e-01
4.786538263551646799e-01
5.988930555151771307e-01
5.108976798368348726e-01
6.256300563077710208e-01
6.529384627972937283e-01
5.870755866725688721e-01
2.875225471929738208e-01
5.924937050307446107e-01
5.000156708730887356e-01
2.257602794778452715e-01
5.098373514107754634e-01
4.786079732086438998e-01
6.802592715727927564e-01
5.533789465991160172e-01
1.885163339273119576e-01
5.956179345715024720e-01
5.827119725821060525e-01
6.430624176938453118e-01
7.279855451971304348e-01
4.854638994828660015e-01
4.616871481474598138e-01
4.931885227999768806e-01
4.318408677981341870e-01
6.440296190228541606e-01
7.516319100833885880e-01
2.205536984813027401e-01
2.710401487752172600e-01
2.037806657383677833e-01
4.698228226645479455e-01
5.406873171005760481e-01
1.905359222591697377e-01
5.668020687964453463e-01
5.494754733642018829e-01
5.971117915307302404e-01
5.854613517832483183e-01
5.371560705971614169e-01
5.757374076624258707e-01
2.306500462269401586e-01
8.081202669781006875e-01
5.924488348278750260e-01
5.614530990842681035e-01
8.150407640570628276e-01
6.379191829885609843e-01
1.908970687662339127e-01
6.369151139198774292e-01
5.625775446957697046e-01
6.122577410849023849e-01
8.184919762562423706e-01
8.172034345299699076e-01
1.917495738254356152e-01
5.861481456874834128e-01
3.518136872581965613e-01
5.527543953354490114e-01
4.883253495682338130e-01
6.811579389600352918e-01
5.713932042123374133e-01
5.104926277911574495e-01
2.078664868733959559e-01
2.204500654426485295e-01
5.270797175682738755e-01
6.957936767704244740e-01
5.745720431474161671e-01
7.684741467544656812e-01
2.268791127300677224e-01
5.786162419738070106e-01
4.798800441079231760e-01
1.924831421525710073e-01
5.297289796401741802e-01
4.913209258147937519e-01
5.927774717160512186e-01
5.984848292104529843e-01
5.646797625023572964e-01
8.177317674033128814e-01
2.647210388083816035e-01
3.255894360050431424e-01
3.103905050669040211e-01
2.566888710858364897e-01
6.103491115427878144e-01
4.812652207347636879e-01
8.156700172529504078e-01
4.530983385983652911e-01
4.413218807743174987e-01
6.016413810494696257e-01
2.592115302576417091e-01
7.034215408483024401e-01
7.223356314089490748e-01
3.237996393778161397e-01
5.919256027022010702e-01
3.523801248667216557e-01
4.873433858069942670e-01
5.974827195903427146e-01
6.916853492256689329e-01
4.903778066359458787e-01
5.775494717683965495e-01
6.587761525587270128e-01
6.328342536978801558e-01
6.268069181231601394e-01
5.843042167759765482e-01
4.652564141658767083e-01
2.082249565052174123e-01
3.237735894084083910e-01
6.080521038347947993e-01
4.324338245718802876e-01
8.070057397521104292e-01
1.889261693284256804e-01
5.392328562957863225e-01
7.431911085127017591e-01
6.088146626751612667e-01
5.931173860914946694e-01
4.289187317765471019e-01
4.724543913779291615e-01
5.933005763667350552e-01
2.291423187873797562e-01
5.805343810556858886e-01
3.788641376468440125e-01
2.503012618810094847e-01
3.214294373058848575e-01
5.105676972351235188e-01
2.792960149768346501e-01
3.012029267407181909e-01
2.536120162292618274e-01
2.553038859305582498e-01
3.635476255828468672e-01
1.938594414702461965e-01
8.162170031850687346e-01
5.736633763502712036e-01
6.442436970237229721e-01
6.223840000369519343e-01
6.037762326161798532e-01
3.542901155312424555e-01
4.511336820511853141e-01
2.098279911733477721e-01
8.189862114699919537e-01
4.451598843964140739e-01
3.336863958086360715e-01
5.359339177725775949e-01
2.069702837621102964e-01
5.971651143124654393e-01
5.394809359157285433e-01
4.967078507233985696e-01
5.882559650570242660e-01
5.779907614462634902e-01
5.735046417791418438e-01
6.845382721905247658e-01
2.580604886894982131e-01
1.987386504887543037e-01
4.751094247864642295e-01
3.698533689772217081e-01
8.124495299019185435e-01
3.871536892544093500e-01
4.418280768792795521e-01
6.012370914208721162e-01
3.666571357917174923e-01
1.930828702372499595e-01
6.719063337219651766e-01
6.505330270118702130e-01
4.737484711704557649e-01
2.286234027586137030e-01
6.011643407636086955e-01
5.986756112852956724e-01
3.660388056057234940e-01
5.810333429983495224e-01
5.704886473800815372e-01
1.976949748414017771e-01
4.978249201428421866e-01
2.629700247580116224e-01
5.839949183999206817e-01
1.916293490245218056e-01
2.897717081396634087e-01
5.642205143613480134e-01
6.721391690966747046e-01
2.451474986173944604e-01
6.065555292142961186e-01
4.472237319266248456e-01
7.468917864470691059e-01
5.788290195879786104e-01
5.399820771906738148e-01
5.615853083108711674e-01
3.945223351477573637e-01
7.794971112209293507e-01
6.025608578091231626e-01
4.314953435760192635e-01
4.783494082186429686e-01
5.947742803996503014e-01
5.149419483052175561e-01
2.728423212241999907e-01
5.804390947390207778e-01
1.912033680042355133e-01
4.771890274997010462e-01
5.131806164543073479e-01
2.044241746120560033e-01
6.002925974373013451e-01
3.262356225879343152e-01
4.243041092198759356e-01
5.659598400164436161e-01
4.387720754182766747e-01
5.970080479093546888e-01
7.366646806304191220e-01
1.933212140696246584e-01
5.555123481740551483e-01
8.135276224516626575e-01
6.890951694886159329e-01
6.170345461820381239e-01
3.524652587486588606e-01
4.651034702212917815e-01
3.330966139977236673e-01
4.780282229368358338e-01
6.687093749256702857e-01
5.926015552305908818e-01
5.462333309991419528e-01
5.830500359405510480e-01
3.143037562876019875e-01
1.968573265671199612e-01
4.277358237152271148e-01
6.676699591850121518e-01
6.115085188804599836e-01
2.578922575156951114e-01
2.528398811652204370e-01
6.840145518771965083e-01
2.885180642243893590e-01
1.884483767965302314e-01
6.785603966706754697e-01
2.542831648478042217e-01
2.999859240904177438e-01
7.990960297379141597e-01
4.148074139992874998e-01
3.947743709686231672e-01
3.949657073568750842e-01
3.786859735517579817e-01
2.950948399027929492e-01
4.048006682287158542e-01
3.117956461196835227e-01
6.729048812529432322e-01
7.483830581902005674e-01
4.486035791429389685e-01
2.147125584601056736e-01
1.945918571309422640e-01
6.534992415235761909e-01
7.850139380655600796e-01
6.386814018700773810e-01
2.655170371816540920e-01
8.113490591407849228e-01
4.825635330401454315e-01
5.890702342044907835e-01
4.635459151247069975e-01
6.578678079390202216e-01
2.057017283284686415e-01
8.189460220846142002e-01
5.628793974414877388e-01
2.325208126426957789e-01
6.911648579879045018e-01
5.154483219310238562e-01
1.911713290180797054e-01
4.531595298531237992e-01
4.974467184148147481e-01
6.432739740607994472e-01
5.294890906130089725e-01
5.776454571580410535e-01
2.210184281613050139e-01
2.440066898813011420e-01
1.949808809175659075e-01
5.892529946146789488e-01
6.065416124843967527e-01
1.922926145503996986e-01
1.964414240569601344e-01
2.576842312543516922e-01
2.511029125232125958e-01
4.491811086379295381e-01
4.617149014317427635e-01
5.437570706672399945e-01
6.516117215813012065e-01
6.248362823787071418e-01
6.131516779267054407e-01
6.176518542500567532e-01
2.093469859983534131e-01
7.398104197610745336e-01
8.088090819441960955e-01
1.905538777723352339e-01
5.967924206855917957e-01
4.878817675505186524e-01
5.491096419561958264e-01
6.475465167193081850e-01
7.568854675473045690e-01
6.313481414250891044e-01
2.349277369516099834e-01
5.054499511217679375e-01
1.886094871180692689e-01
6.317224316291608632e-01
5.173935271838687733e-01
6.730476502128683869e-01
6.161467085905154573e-01
5.538784249506808477e-01
5.787954240799187966e-01
8.177019415066725250e-01
3.046872017669794985e-01
5.959444232682772347e-01
6.223965493562946261e-01
7.266636340292544904e-01
4.818779935896755351e-01
3.366122629673246047e-01
5.798826577070009813e-01
1.896026131528366077e-01
5.204851184010537146e-01
3.532667792428372810e-01
3.323734620952695229e-01
6.622605587709257113e-01
6.055091198665943919e-01
8.176051525722426438e-01
6.000842681386000521e-01
5.858180415457364676e-01
4.592291239162586969e-01
6.119791807307436438e-01
2.035397512458337888e-01
6.475374806406818395e-01
6.750123630199608149e-01
1.897420512252751545e-01
2.777675188283040830e-01
4.669284244969476583e-01
6.067272977986650773e-01
7.344831886358439421e-01
6.385287775575212432e-01
2.318785782910676996e-01
3.961198256555028552e-01
5.607828883554557553e-01
2.091632730680063890e-01
1.897549423080482078e-01
6.204898861231772367e-01
2.688307828061730631e-01
6.026406461659259417e-01
4.913481350580937712e-01
5.979610693427556134e-01
4.536279710431680434e-01
6.288126443226578210e-01
8.185678179930345744e-01
6.026868213562633914e-01
5.403693583694586522e-01
1.937527292535055068e-01
8.174756405059552256e-01
6.242085348450806537e-01
1.965287524072300840e-01
5.879778395541452873e-01
1.887212179092731812e-01
4.928552461236158089e-01
5.937218658441721919e-01
6.136263824424216251e-01
6.084369475408794026e-01
4.160263007422534964e-01
6.020141643338227100e-01
2.653560076955727709e-01
4.957779685738118447e-01
8.178213089261423541e-01
6.346413402032544671e-01
4.564657912244373117e-01
8.154789050659392302e-01
4.459523904847084719e-01
3.465008295542963412e-01
6.505472595694946625e-01
4.148888508241095896e-01
3.545558773044038547e-01
2.046664996747252496e-01
2.118663171215044716e-01
7.838179157027456156e-01
6.179775012912479548e-01
5.418710570306106700e-01
6.445016775731338132e-01
6.837316028332686146e-01
5.181807536246036960e-01
5.022674056905970241e-01
5.740362701007545310e-01
1.897138650330223997e-01
6.018872451504996279e-01
1.925399794475538273e-01
6.976610356092549647e-01
5.948860539653381130e-01
5.815302970265318061e-01
2.857819549476655063e-01
6.731284679023885609e-01
5.961218740033404906e-01
7.672995423679729310e-01
4.611554947917385072e-01
5.741423469892140696e-01
3.080961045121638486e-01
3.799503337403863368e-01
6.260701479287207327e-01
2.931679757829626087e-01
6.360363547583105515e-01
6.694614397549449869e-01
2.210622005195437556e-01
1.965731696739035639e-01
5.721730830422451231e-01
6.800273977169680739e-01
4.752612327585241658e-01
2.640505327046834272e-01
8.150155089698167821e-01
5.531993662187614236e-01
5.852148293366261633e-01
2.268660933097619292e-01
5.623955176220806207e-01
8.035985543027387434e-01
1.943942092568824997e-01
4.543983457059614928e-01
4.122589671390004540e-01
5.776517268623780899e-01
5.917527097360464339e-01
4.965235899101706485e-01
4.423808813404750961e-01
6.011148546007032412e-01
2.425654750340462684e-01
6.637292020688130290e-01
1.883633751273963708e-01
3.089019802059272402e-01
2.016385345742959245e-01
5.747010806118665327e-01
3.987291459274952543e-01
6.640458692378009564e-01
2.347964899334670508e-01
4.374227713444372445e-01
5.905418952793139997e-01
4.004926524634757623e-01
6.990127521430610225e-01
4.165558271550448555e-01
5.508133113903481703e-01
8.180458843666464919e-01
3.298894911555331211e-01
5.277231194628109190e-01
3.808457011072453602e-01
4.411164096228673559e-01
2.288300224712300213e-01
4.064836403422292244e-01
6.233050404345710227e-01
1.925701373809090566e-01
5.713494372418552736e-01
6.887156525599276158e-01
5.912870585324292438e-01
4.880176290082988144e-01
5.003529555723211786e-01
4.005164644264225804e-01
5.748465692720073905e-01
5.698272965014170577e-01
4.756134079836745188e-01
4.920671629549853154e-01
2.418619770267333158e-01
6.496652459475596997e-01
5.363428780107111216e-01
4.769630945440960779e-01
5.975347822905432427e-01
3.557743650924970469e-01
5.693944055108919322e-01
6.318754073623754630e-01
4.670265179529045074e-01
6.597745507882406546e-01
3.083685714958627200e-01
6.312832550177952529e-01
3.245283004437231056e-01
1.978276782875044992e-01
2.341981384489681961e-01
2.842329520454610070e-01
5.789028049608655468e-01
6.756009682628812962e-01
4.565746468473659836e-01
6.357661328244752497e-01
5.739708590612144778e-01
5.663134007613578325e-01
3.244703596985604177e-01
5.213137797292505260e-01
5.125228731897709666e-01
2.679587359631752652e-01
2.220809753009272691e-01
6.666707438193936186e-01
6.211458400421312476e-01
6.062507486807892088e-01
6.614866059146200516e-01
8.168123489920490199e-01
5.089607426678173230e-01
1.890229254552727722e-01
6.434485653947066286e-01
5.546080373433802668e-01
4.759207091957505797e-01
2.680420709511726063e-01
6.694022047278942456e-01
6.486863520954553319e-01
5.865290750403625575e-01
5.856157872074467807e-01
5.818543635035224870e-01
5.524218360869981304e-01
2.011848173548216601e-01
5.962878282265037244e-01
5.731387192130154018e-01
5.406256220753463682e-01
5.307265436023268501e-01
1.911251234701690782e-01
1.951685762897801824e-01
8.155582396029953385e-01
5.700986794944603586e-01
3.829925756136497994e-01
5.574678265245708308e-01
1.898414764857372927e-01
5.840994158303352002e-01
6.668801672549887760e-01
8.188830417811534534e-01
4.198490298681382127e-01
4.901377619742233738e-01
5.667223674194569183e-01
6.384567416433802878e-01
4.597219824034022850e-01
7.048547897971176868e-01
6.790295715136506205e-01
6.173150232370278045e-01
3.966197552401037885e-01
2.341527840536779814e-01
4.749925275082476639e-01
3.953808086086547657e-01
5.667804627763407543e-01
5.869365134755800684e-01
3.146435854695690537e-01
5.676429357499517270e-01
6.566200030907263230e-01
2.477343867787119569e-01
2.831941655352143150e-01
3.290968878246739449e-01
1.906303143036515713e-01
2.625376254821008004e-01
3.990300061330779302e-01
4.228004731236351121e-01
6.737736976111217135e-01
5.894621917993972948e-01
4.077451101861876981e-01
5.843244817810189229e-01
5.898676351755997027e-01
5.987285827679587058e-01
5.905278652064915867e-01
2.692513449246224932e-01
7.481666380817223461e-01
4.804275862569251099e-01
5.980545799987975197e-01
2.213852013831103249e-01
5.796638062188124163e-01
6.478271997216467071e-01
3.175241648863558752e-01
7.906089476456814591e-01
5.838815825380796465e-01
4.029552119932789944e-01
6.087013448689673201e-01
3.092288913969928887e-01
5.406480892307266028e-01
6.391948045561504088e-01
6.477942501873901193e-01
6.249586044352010150e-01
4.706004937857002357e-01
8.178875814077986028e-01
3.274940693421601878e-01
1.968545609594000712e-01
3.279932980964811451e-01
4.453434975772281867e-01
2.830033667703172329e-01
5.941384661804492984e-01
5.451546271293010726e-01
2.599632682698237440e-01
3.736017762653133789e-01
5.725808218050157938e-01
1.904231480431912704e-01
5.809799178376419126e-01
5.845090292499538487e-01
4.198959593684073455e-01
3.313517088773046959e-01
6.983841357618512102e-01
5.844450627314142777e-01
8.174292016809847627e-01
6.527665182922303133e-01
6.203364644857358723e-01
6.467729383772302665e-01
4.943013053270050583e-01
4.773809065006056618e-01
4.768911716699065217e-01
5.903827438081903356e-01
5.494485117473490998e-01
5.683651380768350858e-01
4.373326267218390351e-01
3.379472861791676941e-01
5.804650741792378721e-01
4.768903880138833373e-01
2.657048474934281534e-01
5.801290762329568418e-01
4.250928024516703041e-01
1.999192234539606816e-01
5.883931086627141038e-01
4.584508713288912296e-01
6.066393034047221633e-01
6.970689179593841933e-01
6.187992958591934656e-01
6.490778427055661215e-01
2.352217077416462743e-01
2.009326376947384307e-01
4.684549323276379629e-01
2.999311155233213011e-01
6.163980574177911897e-01
6.096126744379382068e-01
5.771212242413953364e-01
5.543092593985824434e-01
5.930127256125010682e-01
4.819879476561749754e-01
5.814040375740372468e-01
5.774842242761892841e-01
5.379929711323072627e-01
1.902660038108863472e-01
6.241919790211716279e-01
4.685982691544742229e-01
6.213730903392208349e-01
5.804880227795133907e-01
6.479667631365528813e-01
6.526111112985474305e-01
5.486442688502757292e-01
7.461966631348014856e-01
6.380851032231211750e-01
2.127128011993912049e-01
5.298811409335740796e-01
2.623743099364285736e-01
5.883255881399803711e-01
6.151473248949083095e-01
5.791739148037893248e-01
3.956309717945721838e-01
4.222363034102363799e-01
3.097294595318176857e-01
4.676123856630290954e-01
4.931428921597360571e-01
5.980735824197851436e-01
5.631546635958516456e-01
8.155349023814026932e-01
5.963640709650118721e-01
6.220528828935207866e-01
6.142945390863816524e-01
2.113759202999048736e-01
4.615745713668192307e-01
5.574143335132788479e-01
4.205525340695986936e-01
3.912512305171002014e-01
5.260222344641769521e-01
5.472436659774875256e-01
4.533370515936735456e-01
6.415832611946802322e-01
4.027709560961517110e-01
6.131994210327668116e-01
6.231495089158157752e-01
7.133228928452420847e-01
6.391715666258868112e-01
6.113172314352938175e-01
4.381027962135601306e-01
4.458644814868795714e-01
5.919988574122273528e-01
7.295158107537906833e-01
2.580959749572483974e-01
6.043045190264139110e-01
2.317123974198237180e-01
5.212543758633462199e-01
5.411865631067135363e-01
5.089938984085101703e-01
4.425197791513060808e-01
6.027959412404102491e-01
6.408479920304521738e-01
1.966961087603110447e-01
5.565056986112584259e-01
5.277032317703564956e-01
2.061728761973177226e-01
3.981642259409555185e-01
6.299300258047738632e-01
6.123791091115060592e-01
6.214126943052152852e-01
5.613206137619995983e-01
4.732561035687375961e-01
5.884893234002412932e-01
6.259997871544653592e-01
6.636595817789772145e-01
5.978945932260817386e-01
1.989521392539212175e-01
2.051764974114334839e-01
3.510357053014257489e-01
5.858316007039848783e-01
6.229134389770862867e-01
5.940676454504492110e-01
4.340062945034199315e-01
5.851773366680255162e-01
3.547175986277314452e-01
4.292216056284580139e-01
5.852745514657204939e-01
5.632331210849123027e-01
5.872002526247595000e-01
6.630126854814987203e-01
3.378649813649665656e-01
7.408308233744596016e-01
5.123437300997119026e-01
5.732474158707411283e-01
4.749900298912066998e-01
5.809999812759545357e-01
6.147395331194739354e-01
4.611654494658231629e-01
6.003320405398606674e-01
6.700911779162845860e-01
2.976009679996306501e-01
5.433311563584085624e-01
7.299180756738459230e-01
4.679939248072097491e-01
6.359267281987981413e-01
4.793768347249449668e-01
4.343335238505105500e-01
6.941495597292990372e-01
8.069455607034318190e-01
5.047689170718404617e-01
4.954900113250301774e-01
6.009131971547672091e-01
5.542702621810560171e-01
5.319694705811947033e-01
6.549806850188560903e-01
2.705241951080004648e-01
2.003826971116159927e-01
6.315425994925430997e-01
6.217321221180494017e-01
4.745278885437003713e-01
5.174502424452580573e-01
5.925727068064391423e-01
5.897169165482027964e-01
1.935725929439879589e-01
8.190113678410589904e-01
6.501785524258105742e-01
6.386201991959390423e-01
6.128756966044350829e-01
6.461555303458184074e-01
4.748259657246701182e-01
6.046106920713161248e-01
1.951057148354223281e-01
2.572537988502775486e-01
6.226111467044643799e-01
1.958510291687625138e-01
6.563170780871170340e-01
6.562853701476432100e-01
6.493305290008228869e-01
6.176607559207009102e-01
1.888282071111489768e-01
1.928849062522089153e-01
5.780440257545620408e-01
3.902751161265027302e-01
5.007893258178599538e-01
6.362407254650370714e-01
4.513265303224723857e-01
3.081491679325445987e-01
5.189607522080463831e-01
6.608846853434900970e-01
5.531901754147369177e-01
5.993744600120384236e-01
5.943899574132571750e-01
5.252232697517437154e-01
6.461181292686448696e-01
6.336710733705688270e-01
5.568735817373436925e-01
5.706198087467898583e-01
6.293599881694550424e-01
6.027836729923994330e-01
6.121208024152404725e-01
5.998444025881349839e-01
4.952356331432232750e-01
7.423628835354931788e-01
1.913210108330686277e-01
3.368395078129851616e-01
3.122267512396933453e-01
5.888385333877932393e-01
5.085183426152324326e-01
7.028983039713475600e-01
4.431716284084480928e-01
8.175069618637921254e-01
4.070068356591843850e-01
6.656209414770997146e-01
5.878597471213592440e-01
6.193956052090929809e-01
6.094378253166214954e-01
5.227898441283891362e-01
3.606194628757058984e-01
2.725646293745681015e-01
2.005934735894689680e-01
2.712005946730208228e-01
5.979844179126281301e-01
6.189177385545291399e-01
2.971741093683955004e-01
6.104127886905138523e-01
7.345109043033735130e-01
5.667780017695078776e-01
6.458033192704476511e-01
2.176469572705616307e-01
6.366877360426644872e-01
3.159595853221331407e-01
6.756631626088448472e-01
2.645698377254456779e-01
8.180089443129988647e-01
1.934054609045280371e-01
2.634209858372565383e-01
4.701367508267675355e-01
7.518414456276314439e-01
2.482046211432545613e-01
5.443296559728109107e-01
4.731842033335610931e-01
6.012492899589533257e-01
5.815951182185779000e-01
5.967789039039050891e-01
6.238391788012862538e-01
5.779661212104818535e-01
4.888247980918982161e-01
4.690677390206836050e-01
5.192068063610101314e-01
6.790533002842116250e-01
6.011174230994055234e-01
1.915536094254518262e-01
6.634878820756420215e-01
5.964618362504013893e-01
6.433750368195290115e-01
5.399553872796617471e-01
4.921296963270354041e-01
5.346584327289405358e-01
4.234474940230670836e-01
6.633133151099950275e-01
4.860744730319998541e-01
5.717160945273466188e-01
5.641380421687659519e-01
4.135679630668731566e-01
3.277416564687284928e-01
5.973659376589568470e-01
5.241646651231293141e-01
2.295129790341160769e-01
5.737756558561275533e-01
6.030322778134639128e-01
1.882679553070331080e-01
4.786640603661106996e-01
8.187012672517887113e-01
7.343053446613078128e-01
5.822173057903271554e-01
5.996485939426381417e-01
8.145709275527995841e-01
2.017116935220779617e-01
1.886432276659056606e-01
6.692097867566259017e-01
4.436361521339609038e-01
4.705019484339945657e-01
2.320908875455859333e-01
5.096675439900452131e-01
7.298155238150481061e-01
1.877520473355190622e-01
4.925098965306006216e-01
5.985053134155814414e-01
1.939496868303803301e-01
5.716350970381697261e-01
5.557624545983013142e-01
5.932671076919142639e-01
7.867617519340344145e-01
5.133067423992933032e-01
8.185268577482146535e-01
4.607840699305009169e-01
4.458841871900586229e-01
6.675465984279878029e-01
6.604398747401692971e-01
7.168869058260533000e-01
3.940513493247838617e-01
2.638415908553771727e-01
3.797137253262370393e-01
5.687280053080752129e-01
2.109923548237006841e-01
1.955903957474444399e-01
6.342773025731258674e-01
5.960863615664743209e-01
1.905474028165236311e-01
4.355995305053729227e-01
5.438680013901588950e-01
5.750727158205436451e-01
8.107122500096639595e-01
3.772930867514193154e-01
6.304039458966569365e-01
4.196805905873948750e-01
8.181567010159362940e-01
2.240408645386358921e-01
5.757478510567124452e-01
3.908517517789781293e-01
5.246325072654378641e-01
3.495949710694576940e-01
8.030625589895737937e-01
4.529507404413135041e-01
6.023314438282071359e-01
2.231005076105457285e-01
5.942393832417254274e-01
3.439839201051121953e-01
5.799503809016580691e-01
4.808054195687299637e-01
6.196414462373716070e-01
5.079197164812104814e-01
5.237437135181939318e-01
5.676785735115202902e-01
5.397785635951929395e-01
6.675449677108863389e-01
2.178291869175081330e-01
4.584251763299522220e-01
5.312887938119937870e-01
5.133189610430328731e-01
6.232499816385806968e-01
1.910234323778527143e-01
5.914175318861556452e-01
8.158463043829807804e-01
5.791955550140616138e-01
5.880048888525999384e-01
6.370786014273479569e-01
6.041307356147940233e-01
6.672350527049606406e-01
6.133956840766595642e-01
4.883790203704544974e-01
3.990859111385361424e-01
2.300316841042160942e-01
6.307207541274003626e-01
4.912815823468620335e-01
5.815632222583557720e-01
5.104825930497197684e-01
5.263656897117758859e-01
7.438401593005176116e-01
6.801680560089862215e-01
6.815652560079995537e-01
5.453556166076883871e-01
5.320327887367657382e-01
3.264213756920907317e-01
6.745880773436183642e-01
5.462920111906582887e-01
6.332996576119794829e-01
6.386037247689145824e-01
5.129410228753180645e-01
7.477715083107779881e-01
5.379603801211451097e-01
2.530812850635679734e-01
5.788078198359938309e-01
5.315491953869596609e-01
6.440773542313428246e-01
6.435137818206989602e-01
5.920160083176827515e-01
4.421590708036348127e-01
7.167398136226666994e-01
2.458359224018440425e-01
2.297263705874272866e-01
5.819694586516650503e-01
6.682133720308177649e-01
2.070604302992976042e-01
6.036366100470853535e-01
4.863726035327117225e-01
2.224981503799884908e-01
5.997937523259974091e-01
4.545322382799754646e-01
5.311205807987652294e-01
5.922175061390331230e-01
4.565956827577282162e-01
6.210121540120722150e-01
2.076025801560575923e-01
6.594983904637672367e-01
6.614197586215374569e-01
3.132120521174421302e-01
4.539269806293874110e-01
5.527454558055824307e-01
5.314121884843805432e-01
6.917973092993430217e-01
6.296399470510763985e-01
2.944781439663556877e-01
4.877598177170346938e-01
4.793480078114483733e-01
5.809344968726073422e-01
1.998733780450852038e-01
5.650254876819131855e-01
2.552212960143528386e-01
6.276270377338676321e-01
5.962629679334031652e-01
1.928240065562956129e-01
5.436605640700336028e-01
3.572400386137121742e-01
5.507592016182425443e-01
5.769991717141607079e-01
4.502400713015917710e-01
2.720938549599576928e-01
3.028748940357084973e-01
5.338311772247851250e-01
6.466766456522707873e-01
5.869102489249633514e-01
6.094895192880959156e-01
5.098969409885807380e-01
5.624575129555022812e-01
5.531877819991615208e-01
1.931880417215159074e-01
6.413620679064240271e-01
5.917264104387625068e-01
5.680752330623627389e-01
5.229613984059722220e-01
3.852248930689978201e-01
4.177473676839418837e-01
1.965585662418472546e-01
5.660662233553018785e-01
1.995704051409200042e-01
8.181226946478562523e-01
4.736888805993696439e-01
5.334807156736632860e-01
6.272779655982897440e-01
6.300456060308980977e-01
4.267786201814197100e-01
5.922894325599916687e-01
5.961119291015594124e-01
6.899700496491293356e-01
5.596877097811737700e-01
3.405211351546663101e-01
2.511505608535545830e-01
5.760445050034282977e-01
6.651093123517247685e-01
4.714866505960303433e-01
8.185827180135443193e-01
3.948475810950056175e-01
4.624100147055935084e-01
6.620894129013120688e-01
4.694215002014030524e-01
3.952326849414891097e-01
5.710088372226983511e-01
5.534329591698537998e-01
7.226806330450662452e-01
6.209019621309663783e-01
3.784863125931612893e-01
2.767031492187590480e-01
2.709664022285029339e-01
5.272076452142878678e-01
5.732481724805545964e-01
1.887810135139341428e-01
6.780261166768272174e-01
6.511262156146296887e-01
6.509048878205384581e-01
5.745566612734271938e-01
3.643596856633829484e-01
6.041674691008626086e-01
2.108827216155893525e-01
5.880123617201161723e-01
4.888980221519136360e-01
1.916332859496598373e-01
6.337180363833607721e-01
3.717650788227194747e-01
2.992628966300164839e-01
3.809463825969544581e-01
3.827281317325340049e-01
2.041301839577464305e-01
6.790679720554242405e-01
5.029091832333875134e-01
3.807371810932849709e-01
8.176402634538433301e-01
2.088293796295498939e-01
5.626897673061237448e-01
5.896164273812128931e-01
5.401485111017684249e-01
6.389664031225165131e-01
6.463055554451347939e-01
3.088294515509276139e-01
2.223615474754065402e-01
3.914401468365045766e-01
2.092775120101567909e-01
5.593172511265606106e-01
2.134304889399037397e-01
8.183110132887629895e-01
6.477220338768600039e-01
5.189855176363473710e-01
4.457717283312734868e-01
2.032153285191842240e-01
8.172776669285386486e-01
5.639827132432853052e-01
5.846557617742187407e-01
3.894276018197905809e-01
8.183127929520628285e-01
4.839763847674212749e-01
3.713493816676408654e-01
4.067587914648165826e-01
6.718147552442363946e-01
1.905798763281167651e-01
6.351859234350202277e-01
6.468886070793942178e-01
6.935772511877448254e-01
5.866764396665289372e-01
5.892232913077869449e-01
5.626102800106157487e-01
7.614100103012179099e-01
1.889528050124615888e-01
5.931203571902040617e-01
6.176267616117848691e-01
5.157224560237729793e-01
7.178286211453658305e-01
4.980055803094883826e-01
5.848477111914726079e-01
4.510822143516670102e-01
7.698369117215001500e-01
4.165718972951453769e-01
4.627334103457552139e-01
6.056490407147452348e-01
6.363013008240053781e-01
5.641685689556417138e-01
2.669433491039667761e-01
7.253604985254331616e-01
6.897503932437846208e-01
4.070347706594202308e-01
5.894123219864219054e-01
6.362288038909029719e-01
4.210467395933624180e-01
4.708187334130435886e-01
4.970341639377050535e-01
5.205252191348174184e-01
5.977714641731033396e-01
5.045823608125289406e-01
6.021575741970117690e-01
5.121399403896738090e-01
6.334161347182403201e-01
6.475298699541469638e-01
5.572193786759406242e-01
7.696601736706362162e-01
1.957342767646863824e-01
2.403338772217301356e-01
7.076877746691229154e-01
6.675738828103232603e-01
5.800122354752389464e-01
2.778688843397152386e-01
8.049916615516551355e-01
8.185220060615547855e-01
1.931331318602682590e-01
5.120124246753924302e-01
5.690007531823475517e-01
5.932308444096553446e-01
4.767886527214739156e-01
3.425819515292417572e-01
2.958210077988508990e-01
5.718072507636426938e-01
6.941532337678958386e-01
5.647324294885675000e-01
4.090514956193186946e-01
5.462156498525685411e-01
1.975206891339147675e-01
5.663011649094504829e-01
1.888010928780151643e-01
4.276427684557128628e-01
6.418233023742757615e-01
4.641920674575917283e-01
1.894199733171444688e-01
2.989333089197037663e-01
4.556269458789657945e-01
4.346018673636370955e-01
4.466101158520910386e-01
5.276782289555282945e-01
4.026740240844405294e-01
5.918794825570546925e-01
5.605530574317055814e-01
4.936659777433435314e-01
5.405413392810829443e-01
2.078960385568298375e-01
8.161634217559907700e-01
2.596415938694635051e-01
5.256753832909883961e-01
3.055936859357536450e-01
6.808494592444029880e-01
5.639367778218018490e-01
5.845226303212407437e-01
3.682542635865063141e-01
3.981860656747153171e-01
6.456609614815733700e-01
5.955824148138896268e-01
6.423123242569600544e-01
6.020356307284087105e-01
4.033298995402802567e-01
6.688747615032003546e-01
3.392721190701398215e-01
5.462038343628702330e-01
8.186675464680891467e-01
4.672402272078732266e-01
5.506089654921880738e-01
4.733276970617690260e-01
6.126571039137037600e-01
1.931456946132482644e-01
5.540682466868485090e-01
2.308750177887390065e-01
6.320540143941385525e-01
5.886495925153688580e-01
2.131483784929126823e-01
6.052907219030230213e-01
2.745704272203152718e-01
5.101958261288371821e-01
6.464331508984518804e-01
2.245895576853362274e-01
5.850640374377680253e-01
6.334862627457061857e-01
5.293950280584776014e-01
4.030921243897039319e-01
7.006938735240293425e-01
2.659326472606010072e-01
6.667761165482679608e-01
5.424547077619434887e-01
4.253394549658680579e-01
6.477180969946455535e-01
5.238887370022904388e-01
6.066430251906947957e-01
2.172347829568576361e-01
6.038566166571207594e-01
2.038645383595111826e-01
8.192161018843256981e-01
6.574243322574795378e-01
6.747300839703678221e-01
6.622769350953789935e-01
2.904718478223680123e-01
4.315515886299918225e-01
3.657208112462846938e-01
6.849274652313285250e-01
5.660992561313341609e-01
4.114248702428273674e-01
2.241948575377379904e-01
6.463744647880435013e-01
6.794474008787749764e-01
5.836059910671997919e-01
6.264050352181670389e-01
5.307758039766455882e-01
6.064465558320683014e-01
5.967404701270802025e-01
4.453314033906393687e-01
7.785162158418699185e-01
5.800273439361326444e-01
2.022145918698164957e-01
7.747548048653111197e-01
6.313848503467544004e-01
3.132302576011539719e-01
5.252570297443323044e-01
4.388900366469460357e-01
6.444507496531731716e-01
2.157729418335970761e-01
4.863880129724230117e-01
5.736214516826886323e-01
6.446945742533727319e-01
7.732808770754459049e-01
3.488438763519183805e-01
6.124252589405840830e-01
2.270760622594416300e-01
1.911057039970321114e-01
8.183619344668747742e-01
3.132221590673731071e-01
5.773028510130683300e-01
6.580363064330757572e-01
6.012067391145109463e-01
1.989930820780790588e-01
4.079511524539976008e-01
4.899390094307325971e-01
4.752017677462758716e-01
4.074914710441111532e-01
4.877246437132231049e-01
6.255653828620006962e-01
4.562897370557478238e-01
5.945052871234423053e-01
6.600668089655767901e-01
6.189349016447484031e-01
6.509198360335020084e-01
6.152928545327509546e-01
7.359813019996784833e-01
5.772835180289999091e-01
5.984922134664922844e-01
4.886804707523345059e-01
8.136994665503737290e-01
6.525208517978302591e-01
5.557805548222591874e-01
6.161153648958891393e-01
2.177658207681391067e-01
6.386432560307020445e-01
5.337138180131431042e-01
5.360362448121056556e-01
6.419324208329338921e-01
6.053165977428588418e-01
7.207989427950830530e-01
8.143902331144237117e-01
2.650268622259508433e-01
6.105560814398925951e-01
2.699949497733831194e-01
4.310697486245178012e-01
5.341436233004641654e-01
5.560362647548731108e-01
6.172487810085438564e-01
2.466571505176894108e-01
2.727469278036664391e-01
5.882812931615030161e-01
5.140502546807926842e-01
1.925800913495899491e-01
3.994740922165900265e-01
5.935668887074694311e-01
8.052609203880656263e-01
4.649736666310824162e-01
5.915293733662514430e-01
6.209078768674906046e-01
2.542794776888229191e-01
4.948734374759548027e-01
3.853654601925916579e-01
4.965246194740112751e-01
4.810143222551306885e-01
5.852896636339545156e-01
5.662523161343133715e-01
7.447707810927149952e-01
3.791485706096487940e-01
6.256578746588700168e-01
5.604774391724656191e-01
3.572063925965689446e-01
5.755486200482495818e-01
7.678142792754261148e-01
5.126133470868244890e-01
6.783759639898060412e-01
2.727580851310256183e-01
6.619603760693480998e-01
1.922700552743576152e-01
2.249971687653274377e-01
2.352312561097567589e-01
7.808339498300698178e-01
5.587850854432178105e-01
6.010288187173841168e-01
4.778522732878335288e-01
4.694228599990614148e-01
5.965584567054966758e-01
4.981849343325608359e-01
6.464630129882108500e-01
3.425994118405447098e-01
2.395271585559257121e-01
2.916639822893965506e-01
4.686873780486827679e-01
4.680873209988465899e-01
7.123160480913653947e-01
6.299938260492410347e-01
5.834019190288243228e-01
6.360368698601893689e-01
7.645764338467234689e-01
4.978777145681941851e-01
2.927522297337391000e-01
2.784188532477060440e-01
6.058702939581150915e-01
2.018656479308640339e-01
6.091229558525683707e-01
5.634521303298750672e-01
3.294801704333476522e-01
8.056037347731838105e-01
5.540517052633564532e-01
2.010389716393363724e-01
2.386001298991231867e-01
4.648743586937219563e-01
3.324619267780385967e-01
3.180264640636606410e-01
1.888742753105254191e-01
5.089126676472879307e-01
4.922777483401922782e-01
2.074426631723638170e-01
4.646139961500607707e-01
6.842080874378043687e-01
4.897142663930854067e-01
5.001582335930649936e-01
2.256147792922723050e-01
5.071930615663639008e-01
4.851043727025933228e-01
5.560512584458353613e-01
4.745776028217253972e-01
6.263931455466558162e-01
6.293542607400366418e-01
3.505508395486369722e-01
6.801893431996440809e-01
5.838089655726633742e-01
6.430542457670197498e-01
5.654327086771163691e-01
8.074299048426822889e-01
6.854161641284155504e-01
7.186574915649764916e-01
6.065974167292826902e-01
6.452668761805337994e-01
4.582697398315792592e-01
6.654124312330583768e-01
5.865506514077352129e-01
5.307372078314658292e-01
5.090057704690478246e-01
4.945528113733620446e-01
4.731765054115419367e-01
1.883251110928846617e-01
5.696793182941655154e-01
6.145893685548835528e-01
3.503704042540636832e-01
2.766606535631243591e-01
8.140123438098207931e-01
6.581652420675890847e-01
5.024822638905639405e-01
2.886425531984335158e-01
5.041898348971680655e-01
5.972430331302329698e-01
6.321646878463231811e-01
5.751370807322809808e-01
2.001865803384370035e-01
4.557466066313338726e-01
6.515428608551093737e-01
1.968767351320822589e-01
5.396146271532542560e-01
3.169169308911491401e-01
5.592291428410928189e-01
4.707579154242971797e-01
6.459234052353601818e-01
6.096791905564391545e-01
3.554437620617424409e-01
6.186367267819464777e-01
6.722000477939656937e-01
5.538742723784867428e-01
5.346179949301459455e-01
5.632233667908405073e-01
6.794745277218628976e-01
5.996118896669972997e-01
6.042985309326577292e-01
2.668831299854992345e-01
4.826525074225645473e-01
5.746672956378289232e-01
5.773728630651631111e-01
5.973947830565643491e-01
3.578981787194607800e-01
4.596864841544373581e-01
3.708745036768847925e-01
6.939091270432878877e-01
4.736055031875815446e-01
2.004135494520921656e-01
2.583724271839262787e-01
6.478136134144424352e-01
5.639485921630710274e-01
3.469029909607541651e-01
5.621183963942109063e-01
5.632915963878274423e-01
5.273508763936737287e-01
6.124212209883547198e-01
5.858828434890114290e-01
5.590501119841901900e-01
3.112407523667798381e-01
2.633163841698232255e-01
3.679549827185070177e-01
3.356217186463065771e-01
5.503827489289054853e-01
4.882120954882362418e-01
8.047469592107203695e-01
3.494505753624841393e-01
8.046535743858607148e-01
7.978207972961322003e-01
5.069605272337149859e-01
1.885834273189888888e-01
5.668099957846454151e-01
4.197844511881485552e-01
6.346819339643944291e-01
5.901198435632337702e-01
2.625508841344498800e-01
1.942472904333309713e-01
5.733319713412505791e-01
2.606472164800958113e-01
4.226836153006165442e-01
3.865756910015054060e-01
6.081119762739827239e-01
4.879236133308650358e-01
5.285422807668099798e-01
4.806387396498079667e-01
5.105547954145076561e-01
6.105796229622806326e-01
3.891613242903228520e-01
2.803545473343084238e-01
2.065339179930181790e-01
2.265208431072524009e-01
2.122042902508179396e-01
4.904295476432961043e-01
3.933400458405397204e-01
5.938856410469672831e-01
7.824571537432744028e-01
4.508105737788072331e-01
5.244530513286520534e-01
2.126835011361454253e-01
7.962637528825596833e-01
6.073310200478951870e-01
5.486289572710172369e-01
5.529822463106172092e-01
3.892687773680589824e-01
4.975065717563935119e-01
4.873061070352875945e-01
2.893809080832572822e-01
7.009817526505491836e-01
6.197446404064615999e-01
5.901577956139463232e-01
6.573215841476953702e-01
6.884827141796314720e-01
6.390165464660001460e-01
2.139281195626012710e-01
5.970099179215109242e-01
6.421014867515985047e-01
6.202714347675235551e-01
6.157775953714632600e-01
4.320460715725742973e-01
4.755540703796716229e-01
4.983242875303064978e-01
5.360803413921674254e-01
4.541400998416409429e-01
6.606904639144718372e-01
5.920171549235724306e-01
6.790578120298539355e-01
8.158952367818330664e-01
5.114519549411529198e-01
5.442171318148892878e-01
2.146832254186109845e-01
6.564597322418764813e-01
6.074751653087727687e-01
4.204510709352644038e-01
7.833119041190060861e-01
8.175739165366531225e-01
6.188217050084450221e-01
6.127969743493292265e-01
2.204519584270437926e-01
1.888461906448441474e-01
3.572786773495608137e-01
4.628487444869451850e-01
2.726647911941269542e-01
1.928475546320226608e-01
6.291590652131222594e-01
7.796737476320514393e-01
2.088555861259228930e-01
5.645808042986424358e-01
3.531176742369486199e-01
5.855936366132058479e-01
4.308470881445182199e-01
6.623711853968008434e-01
2.729352644621007018e-01
5.926346151262061879e-01
5.550805155860292217e-01
4.901281018266120948e-01
8.113179807768163831e-01
1.943316925132090311e-01
5.668821389272343803e-01
5.914018133945166955e-01
6.498503530930702654e-01
4.626018199080950688e-01
4.473332591108634682e-01
5.561708571898731357e-01
1.918716142197265107e-01
2.079210754747893575e-01
4.563765139229546408e-01
6.654894596758229586e-01
4.493555695840050768e-01
8.097376469582737712e-01
2.321971798407294896e-01
6.067388810476121996e-01
5.307187347752555517e-01
2.144536835152336118e-01
4.723647393893787294e-01
5.962860220060895999e-01
5.268323953086849754e-01
3.528095606992766586e-01
1.954471216908891529e-01
6.269340932166088676e-01
4.832862653258573893e-01
4.589281344500015236e-01
4.233181051222475455e-01
4.848021956141324029e-01
5.745830573744911129e-01
4.770751296602116498e-01
3.320579418863046639e-01
4.851163300769767983e-01
3.432682818003766068e-01
3.406082899380257212e-01
6.099863917112567924e-01
4.933184743685505858e-01
6.981221092958980190e-01
5.578467732231403575e-01
2.120914426127242236e-01
4.977503467759124001e-01
7.839510728272633955e-01
6.108358600064657251e-01
6.504898316911108536e-01
6.463607864683688087e-01
4.755302976730553244e-01
6.373993876120012114e-01
5.320860080158413830e-01
5.144782883977229160e-01
6.381254035795866919e-01
7.042771437982824345e-01
4.668452149992969868e-01
5.034496014671748787e-01
4.128834494072055605e-01
2.449019451193329977e-01
6.095244737048913786e-01
2.699216187744241657e-01
2.816008399449787536e-01
4.878526503014893323e-01
5.066014629638149191e-01
4.646766083054153507e-01
6.198078220886293899e-01
5.826600365308227669e-01
7.195981566272187102e-01
4.677635276264454078e-01
4.866197582388804843e-01
6.939872424613339197e-01
6.742346903890580334e-01
1.889891403568685624e-01
5.615613656294722311e-01
6.347119953720591345e-01
5.131586546456324838e-01
4.159647583480969857e-01
5.914462820624887263e-01
5.841961029881657108e-01
8.189195874496513206e-01
5.669130432048667956e-01
4.915815017132058595e-01
6.305574615210911560e-01
5.376719553891396997e-01
5.998073138685463546e-01
4.244491304941125365e-01
5.712486802113764250e-01
6.331652031545612624e-01
3.716950308682531734e-01
5.645813137162569717e-01
6.678082780117573503e-01
5.400908389706483570e-01
1.941015961041495930e-01
6.035312504586505256e-01
3.742308524156314764e-01
5.510999860470289224e-01
5.916784527755380996e-01
4.033304192690410073e-01
5.798693949229695166e-01
5.999934964881391553e-01
6.108623860067335931e-01
5.009049668853376991e-01
5.944150785268738080e-01
5.975613995638103804e-01
3.133622206572972968e-01
3.296948267517834652e-01
8.025951217559700313e-01
8.173813736687634002e-01
6.179032399190875768e-01
2.628542179623761244e-01
2.771954374215938599e-01
4.192636527416611636e-01
5.918156420504441240e-01
3.937184355364795052e-01
4.625805995423877270e-01
4.747727572609404811e-01
4.226491455367682448e-01
5.475394995237465867e-01
8.175911334567736999e-01
5.764182205004343418e-01
4.632252314630944112e-01
6.357471539489588652e-01
7.959761242557755745e-01
4.274848619808138683e-01
6.350364384184064015e-01
6.203020876693133845e-01
6.337768998956133659e-01
1.915757174826244469e-01
4.515057467900121524e-01
6.275267029286304421e-01
2.109732237926263132e-01
4.499167195002866104e-01
4.025706085886478491e-01
7.646064463414228296e-01
6.202723876746671916e-01
5.359826783538269579e-01
4.537195324118008521e-01
6.048537956994047837e-01
5.364653677009878496e-01
6.282393401829456936e-01
1.901441902006617557e-01
4.018813951844577015e-01
3.417071159205450348e-01
2.171640785220623759e-01
6.168728115863169048e-01
5.081953272869574878e-01
6.573907500705928886e-01
6.363538160049012626e-01
6.396560309413660272e-01
6.473531439219973871e-01
2.641255780382487650e-01
6.089327111884319521e-01
4.750572958927223866e-01
4.801082621728613442e-01
7.682182394428682670e-01
1.992164669764310281e-01
8.155894455259562470e-01
6.206702064114584250e-01
5.573548093273311688e-01
5.976798550586576164e-01
4.542545418418213465e-01
5.262097957817443161e-01
6.281172797361601612e-01
5.624251001993880728e-01
5.853472321934239941e-01
2.250576184540365732e-01
3.597378768539685745e-01
5.907441745207524519e-01
5.105916187514826232e-01
5.808948889869282040e-01
3.838199489345454629e-01
5.442732092320456960e-01
2.173301459286564874e-01
6.471996731997987640e-01
4.565934082258524263e-01
5.404880121268349491e-01
1.900699451964642794e-01
5.943775736683835076e-01
7.658509361249855596e-01
2.071165569864353850e-01
6.486198844393792351e-01
4.929583697321642810e-01
6.066684804441681012e-01
4.729780560457834127e-01
4.953190762532065916e-01
3.642497637356816864e-01
2.706574557817864601e-01
2.162532616420761722e-01
6.344791149913440176e-01
1.918539596750913623e-01
6.069370698649314555e-01
6.323245882317357625e-01
5.387231152520427502e-01
5.894723512493806883e-01
4.472276837375969705e-01
5.759524790946770612e-01
2.984659757733266194e-01
2.733930783498260131e-01
3.482951756686639144e-01
3.182101026264034793e-01
3.313657469902528963e-01
4.798674854021495184e-01
4.796840531823183262e-01
4.825737126684236933e-01
3.035739603305131484e-01
6.147814705344409880e-01
5.915619281685174924e-01
3.935589972399143877e-01
1.880940118823872242e-01
3.716398031377685651e-01
2.238936412084741034e-01
2.977151965111105025e-01
3.150085826870011596e-01
3.725853981347046484e-01
8.041509988851860413e-01
2.026246185993809401e-01
2.855121153645990839e-01
6.305731387262750731e-01
4.822186519678040018e-01
2.383650715275574539e-01
4.449678024212940231e-01
5.531714857475746872e-01
5.840235096728443320e-01
4.785130849689503418e-01
3.259135704396005639e-01
5.756487569787697156e-01
5.900340507023497105e-01
5.444203776161264940e-01
1.888455151214741001e-01
1.888335606409774214e-01
6.238129987114559016e-01
2.812771278472430692e-01
5.040802953183228796e-01
8.132372974596427939e-01
4.960721820082168998e-01
6.538383349267956612e-01
5.841844396187024779e-01
4.809070098597120202e-01
5.870400631724851381e-01
1.969191087855164113e-01
6.292530679850106834e-01
6.214590320310918736e-01
5.911718789091590098e-01
4.647975377693160381e-01
4.414563625513343026e-01
2.818449261821572294e-01
2.268191053675530366e-01
6.301399986229838657e-01
6.332379290521199522e-01
6.141639638027791559e-01
5.690019229074811946e-01
3.895209014371402989e-01
4.919898990961831808e-01
6.321229055408789099e-01
5.379487352727002625e-01
7.909131943861618108e-01
6.201335244496828381e-01
4.897008397995054052e-01
2.132774821215314698e-01
8.145370138104250923e-01
4.565356867441542343e-01
4.651810141097308948e-01
5.946505266490534902e-01
4.573797826635707664e-01
6.181766798203865987e-01
4.889329578639377005e-01
4.876812408156083745e-01
2.059522668171252235e-01
5.692905802815245719e-01
5.891345405701655658e-01
3.258415719992598936e-01
3.488595723116582059e-01
3.238246773000790779e-01
5.073400720030003530e-01
6.711958238154965839e-01
2.034883801445237783e-01
4.714248649717781015e-01
3.885821078013675933e-01
5.123369017965239136e-01
2.502089180423752723e-01
3.948830123005323545e-01
5.714163441994118964e-01
5.070144768110039779e-01
4.216694848167577003e-01
4.201176312617069808e-01
5.830245234859102732e-01
5.288217664520904471e-01
4.481209080617163942e-01
5.170308087095275562e-01
5.242079050017254271e-01
7.710934238405561247e-01
5.929115073934113633e-01
6.119614124483049311e-01
6.118135628317188379e-01
8.138077565424369775e-01
1.908778710469118678e-01
6.832112962154314184e-01
6.432432274320073473e-01
4.665235196432048204e-01
4.022740216667882174e-01
1.891831154572929108e-01
5.096679999788807924e-01
6.992950638890265136e-01
4.979879782103319164e-01
6.246217312868849181e-01
3.921055693632573003e-01
2.223161371109955431e-01
5.409599033057824746e-01
2.069651864925723672e-01
5.510931422978413430e-01
2.010833173684110631e-01
6.247854942490109753e-01
5.973643138534496799e-01
5.297309866181525440e-01
5.309436089615232612e-01
5.573440505597135886e-01
4.177913771099933116e-01
8.169672191257023597e-01
5.725674148226811422e-01
2.214517354601081844e-01
5.440706241613434413e-01
6.027504514669719260e-01
6.434301097170954664e-01
3.891594355113754955e-01
6.526993283584535677e-01
8.159267673286833000e-01
1.956004319682034809e-01
4.823253826962609070e-01
6.819298894529485233e-01
6.199839516641647563e-01
5.556601259515043800e-01
6.194016004453121171e-01
5.306430682784019082e-01
4.036352252150126607e-01
4.958556470490194101e-01
4.882036702841654474e-01
6.314648774252994423e-01
6.537249034154891669e-01
4.415464458438611017e-01
4.981276674550036976e-01
2.158529664389573777e-01
4.007244935684211029e-01
4.806015081267872580e-01
3.875347697409933789e-01
4.839918926876779492e-01
6.023705969830998042e-01
3.194452809226615009e-01
5.114582409301667854e-01
4.808115025411379140e-01
6.603104257357385043e-01
5.499772133776398286e-01
5.498270429625893296e-01
4.413683427513021007e-01
4.431249906878002021e-01
3.608044840333318737e-01
6.777312718795721613e-01
5.549032956433875841e-01
2.924271237143283853e-01
6.141212945893135267e-01
2.149050418604535606e-01
6.511163683301260940e-01
3.080557380395904654e-01
1.897354167724820406e-01
2.664747483689895446e-01
6.560439855392150577e-01
5.408062260041436309e-01
4.471255017552620559e-01
3.751392849885238912e-01
6.243052615979812758e-01
6.756597440092838580e-01
3.122673075164070777e-01
6.092497482998662228e-01
2.183710459532084702e-01
4.890827938945091491e-01
6.157537050166493886e-01
4.514623831381419650e-01
2.719522683483494574e-01
5.864228186865136916e-01
4.768238093999467297e-01
2.147416110411837498e-01
4.971314447989918506e-01
5.568426030536466342e-01
2.191583403376852202e-01
3.254318632938070777e-01
8.180106419099079096e-01
5.882404078174174877e-01
7.637173097441275482e-01
2.259007141404512087e-01
4.242870080939552535e-01
2.847982136246920426e-01
6.670856944590424220e-01
7.995738004314268954e-01
6.191932660988811454e-01
3.562398513969790015e-01
6.050282164854171585e-01
2.299311855783706116e-01
8.184900942975863458e-01
5.761653610127044356e-01
8.127059350970218254e-01
6.433445126283585669e-01
3.058252913165352416e-01
6.056670259518295296e-01
2.014603062818089430e-01
5.956253066005054997e-01
5.109654054469244810e-01
7.636381837647540083e-01
7.274864316581706181e-01
2.262232508085018357e-01
2.134968728072138555e-01
7.161647336638489181e-01
4.444100095564635922e-01
6.117837696781224244e-01
5.734881007652964380e-01
4.378712027236375537e-01
6.441542359236100967e-01
2.345181347717440468e-01
2.065204791718681931e-01
5.003846421458639782e-01
4.667412518014548151e-01
4.125230837745560430e-01
1.883684977358867085e-01
6.324859948415944011e-01
6.449013781266224044e-01
3.172107278316586010e-01
2.566827716088628808e-01
2.191999481843791842e-01
6.021437222920247301e-01
3.989800780548781178e-01
6.496354694764343574e-01
5.739964984043480767e-01
2.289322375380924701e-01
2.510762221635983726e-01
1.923197758872675633e-01
6.283226240431908360e-01
2.037098288497969922e-01
8.177493542424114636e-01
2.009032161884431178e-01
1.943351787382205653e-01
2.541077583384028227e-01
7.435870587192969783e-01
6.207365776028204163e-01
6.974878344087810378e-01
3.152681819968617960e-01
5.628308473905746512e-01
6.165359909603272959e-01
1.904208511018230243e-01
4.880332775935614098e-01
4.074399097915066270e-01
7.313925448331315415e-01
3.191293893464035025e-01
8.177684094055599484e-01
5.337755507864336835e-01
7.694575522073843210e-01
6.600730806679340201e-01
6.327248095501971648e-01
6.109554075201044654e-01
5.076318927192801089e-01
1.966152110210750148e-01
4.013061692142088077e-01
3.146523055151524417e-01
8.175808624888573073e-01
4.367799970341144644e-01
7.666734922244500261e-01
2.150572211789530674e-01
7.031206378500273191e-01
5.562395913503391798e-01
8.171029191143553971e-01
6.420488529777398368e-01
4.433855816715288056e-01
4.912398431321038927e-01
2.078528135982993796e-01
2.505393637329599299e-01
5.671766427861403281e-01
1.879136652369738647e-01
6.050625547705450469e-01
3.910965839431383428e-01
5.888733981939845430e-01
4.573565197021097761e-01
4.075396038249169961e-01
6.778684721448471340e-01
6.292517931821897115e-01
1.931257415154583601e-01
2.363485534874054106e-01
6.083206717450893031e-01
2.611905364724712020e-01
6.054697567698801297e-01
6.320750000524878454e-01
3.277428713516692405e-01
6.200100108447312852e-01
6.198641539375994158e-01
5.540634832464136350e-01
5.192362122562576010e-01
1.907490094001647596e-01
8.143574006376796959e-01
5.830272484894989393e-01
8.065415849593000619e-01
3.502482225830225171e-01
5.426938518294692759e-01
5.061076994144830810e-01
5.045074312111800241e-01
4.396060804357159180e-01
3.094706180422650554e-01
6.324959079813808893e-01
1.889952966167640358e-01
2.973285050085626158e-01
3.591901649534979257e-01
5.735883396417298385e-01
4.353517993615075299e-01
6.700796544714711089e-01
5.848968809375387767e-01
6.475626683778951120e-01
5.699071541998355084e-01
5.720505431710137811e-01
4.735751860262148449e-01
5.697839632907722995e-01
5.722973807054411166e-01
7.911012536629502545e-01
2.028836142848663149e-01
1.907841448304475052e-01
6.285724262698451081e-01
6.263269277457059747e-01
8.154650177789432020e-01
5.000916991116171051e-01
5.964372363272841815e-01
3.589920231956157393e-01
4.751183587417714960e-01
5.738835878548813607e-01
5.914069464115602193e-01
5.909942013859524890e-01
8.108983215972623837e-01
4.479789860898023002e-01
6.334132698339283163e-01
3.891712739080921968e-01
4.409502626928291091e-01
4.948726813885087061e-01
6.175061581773907404e-01
2.038041836636376170e-01
6.735067020389596815e-01
3.506917092428330496e-01
6.516778087678035680e-01
2.158428032106055605e-01
5.993774849657121928e-01
4.736895242983938381e-01
5.267772417038709687e-01
3.753428679825285830e-01
2.220620375349048048e-01
6.044094844650714782e-01
2.234986537912109217e-01
6.129907732727660763e-01
3.561284432252506127e-01
5.652372975044405168e-01
4.353026441056625506e-01
4.738645445344518703e-01
5.921587383876339983e-01
4.658372765490605416e-01
7.944946116375790623e-01
4.839939051891635757e-01
5.418247334609757049e-01
5.965102447543376707e-01
4.953812516480060046e-01
6.526429965606017625e-01
4.848911489270756880e-01
6.439579996118505179e-01
4.168657199028741878e-01
3.283557196121618671e-01
5.263660027962202559e-01
6.700449434735958887e-01
2.711196286813793432e-01
7.891194667382185335e-01
5.554291263884771901e-01
4.741897563633886703e-01
5.915256656973383320e-01
6.039359518139907346e-01
6.411486773593970678e-01
6.194660490285128773e-01
6.065539119701282011e-01
2.163089563844521057e-01
6.345060179732615602e-01
6.422259652457867896e-01
5.773142074314059347e-01
2.155875735281631012e-01
3.466792768256883317e-01
3.527915267487065631e-01
1.913691701785518173e-01
2.720804301242519818e-01
5.601072572110969983e-01
5.811382632020551942e-01
2.015959470782229812e-01
4.448457684100737275e-01
4.455699525911759884e-01
5.842598867350116132e-01
4.604988552083121300e-01
5.104446810179779082e-01
6.333741548067788329e-01
5.586680609652462381e-01
4.686333309989545448e-01
5.532430404334222063e-01
4.501662337219382026e-01
4.403943996244269465e-01
4.757426649014755426e-01
5.929238712027671276e-01
7.585415591951041314e-01
1.952373038325022625e-01
3.520686600497470176e-01
6.277538039628240973e-01
5.479317184945109442e-01
6.602364511487249787e-01
5.718066598517167476e-01
6.016158962657478515e-01
5.448960423736670666e-01
4.166791439198501701e-01
8.160447271544708503e-01
3.027713192993002900e-01
2.795410555330019586e-01
4.575927741314113617e-01
2.281168689317098208e-01
6.955397028950806027e-01
5.983446411977461077e-01
4.112435283146413934e-01
3.328620053385602517e-01
3.023058547910178473e-01
6.087128725443037291e-01
6.660473409610454532e-01
6.384242111244183837e-01
3.586041409207570418e-01
6.082301348389951290e-01
2.136228004533716751e-01
5.707115176389562228e-01
3.825739153519235325e-01
5.031702456328588369e-01
5.344069649373399677e-01
3.817637907941903164e-01
5.051774686710770457e-01
8.021944836031787984e-01
4.052036140557175870e-01
6.397661693678585726e-01
6.663302061408384880e-01
6.661634590066695116e-01
5.530066091508184511e-01
1.961340729852316389e-01
1.884091103293626668e-01
5.850433607347752529e-01
5.629791273054175482e-01
2.193481607680337619e-01
4.940347130977484347e-01
6.400301642801622393e-01
6.660300312988249871e-01
4.633810495394854456e-01
6.230843188433995428e-01
6.300424422935013702e-01
6.210396000769738967e-01
3.778645864001074495e-01
6.100081768422405126e-01
4.340747653052207666e-01
2.330864900429857889e-01
6.813573226785475390e-01
8.145120195515153094e-01
3.356576260967750747e-01
5.605242718230869503e-01
2.014794786981465580e-01
5.467725215943254335e-01
3.085757724831375004e-01
4.213484259304808299e-01
6.209758137273393430e-01
6.360175390352549307e-01
6.655749176939803613e-01
5.858967742627126940e-01
2.712419833351973342e-01
7.538102134082690364e-01
6.417895580123205157e-01
2.118796284655691531e-01
6.107782988418257730e-01
4.736233980740950367e-01
5.846457403930238605e-01
6.293838736229635522e-01
3.017674460643197665e-01
5.101653248915731798e-01
4.334159534985642104e-01
6.327830346318864541e-01
5.688198147067469179e-01
3.504837283052574803e-01
6.795321402831185909e-01
5.792416429099391806e-01
6.082343108823711209e-01
4.628876010589659251e-01
7.198708589246698430e-01
3.622181729459256760e-01
6.699523055616037892e-01
5.167944633770232832e-01
5.294650035165188173e-01
7.670325871975862686e-01
4.715273877116765155e-01
4.808039897519767458e-01
2.127452023455239372e-01
6.145281284824370971e-01
5.892926823174214901e-01
6.213579546591874170e-01
3.324343261742490618e-01
4.068937258022292669e-01
4.237250308319898129e-01
1.901690375894061202e-01
3.529137268880535583e-01
6.066866894500100305e-01
6.804992942646888032e-01
5.971627098171581327e-01
2.264986368580393650e-01
5.397423253399584731e-01
4.943073927404346701e-01
1.935616942205150015e-01
6.092272076346135767e-01
4.896323915335125121e-01
2.135179244594604675e-01
5.136681050781100044e-01
6.465968211497052920e-01
4.120741254156750633e-01
6.422138185803778487e-01
4.741490148122691761e-01
1.882888519038749819e-01
7.265676782146226476e-01
6.027308144397455214e-01
6.319928449496379219e-01
5.319132127318464409e-01
4.806463723976001079e-01
2.090616776144881839e-01
2.121699098102280412e-01
5.745091604745887759e-01
6.773511670580962818e-01
4.191084496070079379e-01
6.529562172605151149e-01
5.716713846755303585e-01
5.774081761680469604e-01
2.712338090226604770e-01
6.690957252738343186e-01
6.704158406184739238e-01
6.107922678159826146e-01
6.589290758625858668e-01
2.288145187023286620e-01
4.923703143817521055e-01
6.294135601331014573e-01
6.195049032271425782e-01
1.907385522901967057e-01
4.652312588139410066e-01
5.701889413517526872e-01
6.205704140824921389e-01
6.041888148037604100e-01
4.977106255171341309e-01
3.856299347728150417e-01
7.580030636010409717e-01
3.127329880839748721e-01
5.868892969160938167e-01
6.127501130165428078e-01
3.812196739434375314e-01
6.024207286705656195e-01
5.348719281332373621e-01
4.729029015426514104e-01
6.173402102774843137e-01
2.434727821030963912e-01
1.904937732468070521e-01
5.944888147545575041e-01
4.008584260921349562e-01
4.956275800623065608e-01
6.195695639189048309e-01
6.240537068107264718e-01
6.363771419752833891e-01
5.804914302679741178e-01
6.288628661831521249e-01
3.086323749150919893e-01
7.322191957076089608e-01
6.830659991628112993e-01
2.696014335466663248e-01
4.877562925198871135e-01
4.273570820809700077e-01
6.063969078069691987e-01
6.042079068014800658e-01
2.191138802955215348e-01
6.763255584243805796e-01
6.175259343609672547e-01
5.874814778658720149e-01
4.802806226381656218e-01
5.102596348379913049e-01
5.553707994342031995e-01
3.342546159190035171e-01
6.093321839140861673e-01
6.053246680984122330e-01
3.922317465296636940e-01
4.472794905830555501e-01
8.143923710619149769e-01
5.336572542799797869e-01
4.796589109058510547e-01
5.831355957207022822e-01
5.215490185626303621e-01
7.495244796560017742e-01
6.204660303059607029e-01
4.979802677314830728e-01
5.591748053697384035e-01
5.503301872284490637e-01
6.923438729805762026e-01
6.053817449631480052e-01
5.171669776798032414e-01
6.308480566884998586e-01
4.793247897743873054e-01
6.013169886493037186e-01
5.168793008452228221e-01
5.624520822480281179e-01
1.898826770327103619e-01
4.133768153172329152e-01
6.081193074106888696e-01
6.688396020662182861e-01
5.903457242225199630e-01
2.406491777806077370e-01
6.179878680761259346e-01
5.862070703514679071e-01
5.878579258712222089e-01
8.041563417784375334e-01
2.002985592271750714e-01
2.331618229739949311e-01
2.839294398773540840e-01
5.961296745718726031e-01
5.640857869405985214e-01
4.766593592998478179e-01
8.190328904871239102e-01
5.095163509377191868e-01
6.030701724255967955e-01
7.466190902566075538e-01
6.096743171274865425e-01
7.105129467541564381e-01
4.809648661295932714e-01
4.809359334690263554e-01
1.896389843392505548e-01
5.674930672249618446e-01
5.625205197485300124e-01
8.162650523298797811e-01
6.075178290385961910e-01
8.183666579711268430e-01
4.828794418300009217e-01
5.761676879837327458e-01
6.042825047454182252e-01
4.722382668284546559e-01
4.700165786813288449e-01
7.054154120298654629e-01
5.579378833109076563e-01
4.147308371336370647e-01
4.286358958458068580e-01
6.195180616945372698e-01
5.808881772847194203e-01
2.489887350745057792e-01
6.077301215109395249e-01
4.804094574983397981e-01
3.187183394601222908e-01
7.865177427937019017e-01
6.189447304249188209e-01
6.246659469975595069e-01
8.179524379964300262e-01
2.215173857760240061e-01
2.346665671301721712e-01
2.222197473012935687e-01
4.011181246017483937e-01
4.678275771954437667e-01
5.456351323704191625e-01
6.997360370728447077e-01
7.912411377879230434e-01
1.893561702501551092e-01
3.531815667976876960e-01
6.291592671790849911e-01
4.550016336743008538e-01
2.962052619651466268e-01
3.561248439415437561e-01
2.733260217466778608e-01
5.168801811624923470e-01
8.157901368365347849e-01
4.185061014408620883e-01
1.987263985306084446e-01
5.978341801840625358e-01
5.786199075020077576e-01
5.473679715253921829e-01
6.237990571552196606e-01
5.692966865536122079e-01
6.263200675366108472e-01
2.366125251318448586e-01
5.856872725414223879e-01
2.484729382486967064e-01
4.265122571396662843e-01
6.299651709362459329e-01
5.792392538973873961e-01
8.031970187128917305e-01
3.819253382116196693e-01
4.968029844953144036e-01
5.871600537418407706e-01
5.098118115861356436e-01
3.013090412642767113e-01
3.197677291166137192e-01
3.779919640763301780e-01
3.782772219310359119e-01
5.049056820862553030e-01
6.006964848800288026e-01
6.000413337156794702e-01
3.668745632674880186e-01
6.222321372185211086e-01
4.780737366020911261e-01
7.753721778730999770e-01
3.000577490467810082e-01
5.937283927333786293e-01
4.833183731799321481e-01
4.683962200351545757e-01
3.097622185763822533e-01
5.176917406607471905e-01
6.084315849373286289e-01
5.657160785139975223e-01
5.785537473439904543e-01
3.734987212738444251e-01
2.001810215492540179e-01
6.884054165310040663e-01
5.910988750953667381e-01
4.190463931734426661e-01
5.136238277366709237e-01
5.719126674354063633e-01
6.126413161328417845e-01
4.558726701006369786e-01
4.604035182302230189e-01
4.127539801453870560e-01
6.209998411356847381e-01
7.414119777599731398e-01
4.936045257526056607e-01
6.759847886144847440e-01
6.232024053637119643e-01
7.846086145853276017e-01
4.562259745248756215e-01
5.563693830653126948e-01
4.280558092601946529e-01
2.433141658660001871e-01
2.092100979227297930e-01
6.111886777853273722e-01
5.185208343873467518e-01
6.352843349706606135e-01
6.378969632432691661e-01
3.448347287807596584e-01
2.349894433561150187e-01
6.103267579450855074e-01
4.866962656945011401e-01
5.547772242839498213e-01
5.086398245269893037e-01
5.126857712230332709e-01
5.878828130587725465e-01
4.181577432506438652e-01
7.409224465073876997e-01
2.600420038512751275e-01
5.826440865468569541e-01
5.564598173068249221e-01
1.977341461243765919e-01
4.171106604678662677e-01
1.958513096767750816e-01
4.538388807185612661e-01
6.334297344556109044e-01
5.441510179986301932e-01
6.184580461507219740e-01
5.699404590402727955e-01
4.555468839815211002e-01
6.762219387040450114e-01
6.225832956101744475e-01
6.321925332549280796e-01
3.244237310713966038e-01
5.859954268815120715e-01
5.469838438145789850e-01
4.667310912774721987e-01
6.542586253033236821e-01
3.537898406321995370e-01
4.286862521449896213e-01
5.157605396274117515e-01
6.720163088378187100e-01
2.531627997313078415e-01
2.487987101366269660e-01
2.687893882052486139e-01
5.798050406217627462e-01
5.889287872004239643e-01
4.482415458045663770e-01
6.093039232767680780e-01
6.079388386523210119e-01
6.009230796137262631e-01
5.643575317575089123e-01
6.031867176702080391e-01
6.234047584577399048e-01
1.900242865309761942e-01
5.166571418199187304e-01
2.674548105647401863e-01
6.184752150129888548e-01
8.157713642534306642e-01
6.065127404985346526e-01
4.086945996707772588e-01
6.185762079269908620e-01
7.907922382656733529e-01
7.881268260382170432e-01
3.398485038468673225e-01
6.692864599035093232e-01
5.847139277124285828e-01
5.400186632143995080e-01
2.207307505082527488e-01
2.309110425145413925e-01
1.985866656199545277e-01
2.489555884059515001e-01
5.656092957461944515e-01
5.940236350723820946e-01
4.130241785006533162e-01
4.558917557839873846e-01
4.822494778450812092e-01
4.657226294305745196e-01
4.250544204501028878e-01
4.623019865030087439e-01
6.098882527806197551e-01
6.107490633816544667e-01
5.744691296376962519e-01
2.191118360442741442e-01
5.889708244384490587e-01
6.986535996162366313e-01
6.030926555549392942e-01
5.551265993447236369e-01
7.978853079870438236e-01
4.822031482330306207e-01
5.685983894895068058e-01
1.885445298477287923e-01
5.081899113843532101e-01
5.753260837006414219e-01
6.109053353339322090e-01
4.927149414444777498e-01
4.633288332310197544e-01
4.056406086544874223e-01
6.281782396203653418e-01
5.187606521949664762e-01
3.087589502153887389e-01
5.792571013034681915e-01
7.733572914201073401e-01
4.845544962185102666e-01
5.314929190494519506e-01
6.228818619085567665e-01
6.906884328701193843e-01
7.094089744827676292e-01
4.809008557497903014e-01
6.255532408579540515e-01
5.981320331684393254e-01
1.883610132328011610e-01
4.961463593336605249e-01
5.103050639997810389e-01
4.179024548160820141e-01
6.060660462791983560e-01
5.298358583940077082e-01
6.414016460715173951e-01
5.258433805148184925e-01
6.685238521646600374e-01
2.868910522080669323e-01
5.360517866029875789e-01
3.170176010367747321e-01
5.148783519928810115e-01
8.130292382327566347e-01
5.681723468452654080e-01
5.937337665677513421e-01
1.895955384382288500e-01
4.042539798126266737e-01
4.662652767667905263e-01
6.078810090512325459e-01
8.003819085059449279e-01
2.005302771418747410e-01
2.719107594444832299e-01
5.834589408025027124e-01
1.935129124846529935e-01
5.955838933728406781e-01
6.042251470507823408e-01
2.210180574616517624e-01
6.194703311159407422e-01
4.447283712814948387e-01
5.746908576800465740e-01
5.833670032425557483e-01
2.656996385535793648e-01
5.499204571313095480e-01
6.280062709300949786e-01
6.424641030349601545e-01
4.478889525284414641e-01
3.526153992077267763e-01
2.087311075686741069e-01
4.563825693769647529e-01
5.364792137203858724e-01
4.573835307304175424e-01
6.040475568138200524e-01
2.577365494991696315e-01
5.074136878504532655e-01
2.099115654259304520e-01
7.993702665571064125e-01
5.946783253230719657e-01
5.886308459683419203e-01
4.824757450966311034e-01
4.965406187880460620e-01
6.420628032192914336e-01
6.510568276799404419e-01
5.544647946505320002e-01
7.981629586798675291e-01
7.475930892374523795e-01
4.538332421752598878e-01
5.289230545561351970e-01
5.955305870883834674e-01
6.642799568114090558e-01
8.191702383481803684e-01
5.950715568833142566e-01
5.838075112711251791e-01
6.366794238297457387e-01
7.591210451195221642e-01
4.832993795665401215e-01
6.251460531699513101e-01
2.574356118291316053e-01
5.865409422392202643e-01
4.796833555475410460e-01
5.395742737577905457e-01
6.062574358453570733e-01
4.323789356923508631e-01
8.187354536263274918e-01
4.835242097521996740e-01
5.884638368157396604e-01
5.998507540345895395e-01
2.315493052118690609e-01
6.020618013131701085e-01
4.007601375805833754e-01
5.955813423188008882e-01
5.075024659598976751e-01
6.428313119189777991e-01
5.700478576088747751e-01
6.585118870324049301e-01
4.585484802962409567e-01
6.108359370103050301e-01
3.989086560268423898e-01
2.302789815919835947e-01
5.518671938142966082e-01
5.217316171661185997e-01
4.827294953155634172e-01
3.508663038502520259e-01
5.458330535425576224e-01
6.249861028094609861e-01
8.089314642111883336e-01
6.237248121536205225e-01
4.459991637713188739e-01
6.349851274217354069e-01
5.886678289267914810e-01
4.583633440751772037e-01
8.124206684392153432e-01
4.251943359474328887e-01
7.030020266288066200e-01
2.776483433427295311e-01
3.085685305433158998e-01
5.569438856363404522e-01
2.016853034473713446e-01
4.443353225616696878e-01
2.545574500606719304e-01
5.388582602544513822e-01
3.572025563276456372e-01
2.928172832489305821e-01
2.845348045497360645e-01
6.069113094265845554e-01
7.925076306039091634e-01
6.603695287092471444e-01
6.834953423650499404e-01
4.899975091446417408e-01
5.020416251231942795e-01
5.822407721701662320e-01
5.905786249368855101e-01
5.668059754809671169e-01
6.211503594220233460e-01
6.537718615028496050e-01
2.851869881415381447e-01
3.963066415396375164e-01
2.487859099324306322e-01
5.629106048014972385e-01
6.219058031626597538e-01
5.863688513024127857e-01
1.949115786684879059e-01
1.878808991066777678e-01
5.885135400217601509e-01
3.626017042828816872e-01
3.989074398486980866e-01
2.419168063053214746e-01
3.903386434385785475e-01
5.076370781662195020e-01
1.938438434843353653e-01
6.509697225160504530e-01
2.988091407643704289e-01
8.155168507813626011e-01
3.333192356972669024e-01
1.885752303671257846e-01
5.087908420921659625e-01
2.236206104463406008e-01
2.098822629703184506e-01
6.498082286390843842e-01
8.184931139623692342e-01
6.626742061437291831e-01
5.262394714206425350e-01
5.424812457814734978e-01
5.681302462478026172e-01
5.902545619560148893e-01
5.168506876312055631e-01
6.896488196685682803e-01
6.798834224199419296e-01
4.653454660391166398e-01
7.610242422943397367e-01
6.960439593171033890e-01
5.662769344335337740e-01
6.014741809301086262e-01
6.539110044231809526e-01
5.325711408593736262e-01
4.683185503097861413e-01
5.922646320360459571e-01
5.994593867325812564e-01
7.498639981992319958e-01
5.537537939438296197e-01
6.056574525578752866e-01
6.543678395142451532e-01
2.362011266872001414e-01
4.595232586444635281e-01
6.448421219854175712e-01
8.110676718691530729e-01
8.023583487508845202e-01
4.593386867306455401e-01
4.650250677153484613e-01
5.164757468570057020e-01
2.251171878266966242e-01
2.235519077516014974e-01
5.664716457977858610e-01
6.834800895756928396e-01
6.072782527095144101e-01
5.234720726029604698e-01
1.922617512849709998e-01
2.187030748112562262e-01
5.009689826009677827e-01
2.176646141071019447e-01
2.154868260270457747e-01
6.022260577598577136e-01
5.404187770901200949e-01
7.935369664075605511e-01
6.035807419231024040e-01
5.509152701855954959e-01
4.667863147514165756e-01
4.032068949822714132e-01
4.333462417350099627e-01
6.037805023087234879e-01
3.569552907119493135e-01
3.488599891846523859e-01
2.454473470468896412e-01
6.157687662520832106e-01
6.336815427525618327e-01
5.714234989859761082e-01
3.934151293843197172e-01
5.072769329893550561e-01
4.520887627115433571e-01
6.260574275987355053e-01
6.022787969153947651e-01
7.227517317124108054e-01
6.097759092304901873e-01
3.222122497349107495e-01
6.026199375708131134e-01
5.571172198665178543e-01
5.906734553774418695e-01
3.742170682462629405e-01
4.872537757512734324e-01
7.828273737177199321e-01
4.788085231005684839e-01
3.420498177149514096e-01
5.707154754842259647e-01
6.017402302974633743e-01
6.466452664624178226e-01
8.077235583487704096e-01
5.351723222422765103e-01
5.942411923791788286e-01
2.765917956293909019e-01
5.379879304819407126e-01
5.409566211273760805e-01
1.878109090657260616e-01
4.245221891675199366e-01
4.401787814536269328e-01
3.926593790346630808e-01
5.867925351374436715e-01
2.207328783706133113e-01
6.361017311290906306e-01
1.958956554058854105e-01
2.743022142330895363e-01
5.884716918210989300e-01
6.677025494666979366e-01
6.053673517203743693e-01
5.406086606330633426e-01
6.237766589537360185e-01
3.172665013717362870e-01
5.254055104916064423e-01
5.666264435743522121e-01
4.950572124437165877e-01
4.610372222150103672e-01
4.644567964496256751e-01
6.479585471709262690e-01
5.695646385488974950e-01
6.713798659567273841e-01
5.881218251064593838e-01
5.118722088122186209e-01
2.773591189208290952e-01
2.487513226214179973e-01
1.903397074431072700e-01
7.598224992032134306e-01
5.460839299927017221e-01
6.651013941861854128e-01
5.540987195277835564e-01
3.602863944575836475e-01
7.072617007537591594e-01
6.677461385000720284e-01
4.245877262650823436e-01
5.668240334028915584e-01
3.546103990621784496e-01
6.447875830086513549e-01
5.976728416199046379e-01
6.076774653087807510e-01
6.330668450726077978e-01
5.084088704699504246e-01
5.883649485218407360e-01
1.887186603008527974e-01
4.414679033779842499e-01
3.652515294767328946e-01
2.789872269453660403e-01
5.101535869921099975e-01
4.873002528454553062e-01
8.188549726459071199e-01
4.138039169270373296e-01
4.528747403587453646e-01
7.474415044594677759e-01
7.875124413341759722e-01
5.525730287858348078e-01
8.176081279944944491e-01
1.980699076737721664e-01
2.377322014769256697e-01
7.495136555828936231e-01
6.279375772922806132e-01
3.422859521386846238e-01
4.449753902560857899e-01
5.258632784213423950e-01
5.778421850456489928e-01
3.485233079425444913e-01
7.544181606990399969e-01
6.779402737496674769e-01
4.538394997691443944e-01
4.879119734899420302e-01
6.687782097830816674e-01
6.007238836064923149e-01
6.259894351555571612e-01
4.076964156717373666e-01
4.507547253419661448e-01
6.902769496782876768e-01
6.014343549137008971e-01
4.959550114445727687e-01
7.714588645439292014e-01
5.098931426108029852e-01
5.050942025247299183e-01
6.593388496784631236e-01
4.831622119387620762e-01
4.256255533640941890e-01
5.945458624488598742e-01
5.822144859818582097e-01
8.132411309473892569e-01
5.772157940828412936e-01
8.182956719731200312e-01
2.573577624505979378e-01
5.782237515555537222e-01
6.455517517142026485e-01
2.871410748045302719e-01
8.173695555974822557e-01
1.881025214650875188e-01
5.822736312201388653e-01
6.190839869514376259e-01
2.368724732323838067e-01
4.566272514245716119e-01
7.535463624197827892e-01
8.176215257803012282e-01
5.879714281896867289e-01
5.349419427955871553e-01
6.060978067680357073e-01
6.638616521980733598e-01
6.060564773351725387e-01
5.803217561742525232e-01
6.224694521432987404e-01
4.759160511685348594e-01
6.039206519297068976e-01
5.457067278404639232e-01
8.142504530125733719e-01
4.586924767240482814e-01
7.145045971634292892e-01
8.185129105726935972e-01
5.277145325748474614e-01
5.392226426110868776e-01
5.894726677156773009e-01
4.889943035314759379e-01
6.586982202149896937e-01
4.275265600167647007e-01
5.647599174602827565e-01
5.681646259205060945e-01
5.184551755759310154e-01
5.988497270096579950e-01
6.039339296168311222e-01
4.254921083341930421e-01
3.804843279961568903e-01
6.643548975723951866e-01
5.921680545481597946e-01
2.763689479147690697e-01
6.092121034274736724e-01
4.035531600629653770e-01
6.282442513806223428e-01
6.376162487858525463e-01
8.143273784414564176e-01
2.378908530125720122e-01
2.283030761811022658e-01
5.866357307066805138e-01
1.964259205287293697e-01
1.883868260371452941e-01
3.926558814846294321e-01
3.528735633892944867e-01
1.925363101317325021e-01
6.062783412967250873e-01
3.775097393661388523e-01
1.896069039835997783e-01
8.177734674228347433e-01
1.958926768040971933e-01
6.663090358286316572e-01
6.452550876600742225e-01
5.679624598546808567e-01
3.504274673473374846e-01
5.387610376544207380e-01
6.238703188146167422e-01
5.455663198166172956e-01
5.182356006376732660e-01
5.368445018582970185e-01
2.365889221371561546e-01
5.873328205645228506e-01
1.948823164754174553e-01
5.747887368573872946e-01
5.049897755088572637e-01
2.880957565353469141e-01
5.432683521803277626e-01
5.102080394129490104e-01
5.617333047236808818e-01
2.324151021149469531e-01
5.167018621132137834e-01
4.964705962806736927e-01
6.230030076530551630e-01
7.570986366386274202e-01
3.573721390272274201e-01
2.388856969350929838e-01
4.782308539375706991e-01
6.096329307195824665e-01
5.933164449803010054e-01
6.352786748672700767e-01
5.994234438147932886e-01
3.738876368269750672e-01
2.890193022705307979e-01
5.277941837881838794e-01
6.017907933628847683e-01
4.501521050955436531e-01
2.865240241216058803e-01
3.359887938808752694e-01
5.082720367600136457e-01
1.923291989971791516e-01
4.712967165754703425e-01
2.980490448228674261e-01
6.546255975255329540e-01
5.950523600502175547e-01
2.076978108378345622e-01
4.684649107578542360e-01
6.660387310104944891e-01
4.720617945334189547e-01
4.596058525943311213e-01
5.885287483837950973e-01
5.628906751667195341e-01
4.970982446392634424e-01
3.949597510727479999e-01
5.745058116100144607e-01
6.171886600663579747e-01
2.266866118177915390e-01
5.921471789401211439e-01
1.876293039027225051e-01
6.018448441959450834e-01
5.882659939704978358e-01
6.538731922306632027e-01
3.715284936130610061e-01
5.170121150552785538e-01
5.356696384841147518e-01
2.158589229509755847e-01
6.253961494834147095e-01
3.182742467111544515e-01
3.851462003869235429e-01
4.792894301596385964e-01
7.949387497503033195e-01
3.103825075591028493e-01
4.885413810060549311e-01
6.790859412472542989e-01
4.099160589478401673e-01
2.881706826857310944e-01
5.983366399511614864e-01
4.315843033910139459e-01
7.804411284608530064e-01
2.694659610397872052e-01
6.017908745159512574e-01
7.166999987268037886e-01
4.958902412185778874e-01
4.670672677622682567e-01
8.175223278231128488e-01
7.098023095001977367e-01
5.606555197566999160e-01
3.282629727636418027e-01
5.973225385698491818e-01
6.307405021188218219e-01
2.520658323397085843e-01
5.976222751779720621e-01
4.894427899562039386e-01
5.186088868664040508e-01
1.910903582049797433e-01
6.048197400011228186e-01
4.599771010126919024e-01
6.123967710900208861e-01
5.052244033663858547e-01
5.308739558741899511e-01
2.361270178386282448e-01
2.797793630994490077e-01
7.585640262870965156e-01
4.730661273977374015e-01
4.495629877871140656e-01
5.788014749185972363e-01
4.525300287065622262e-01
2.152304287203441746e-01
6.279078522241056115e-01
4.458095979449463453e-01
2.973069873959630627e-01
5.693013721011344064e-01
2.565787077365055957e-01
6.077620538428561980e-01
5.128458847781721675e-01
4.596348990523065337e-01
3.992513380989308747e-01
5.312784401262836687e-01
6.205858467552520796e-01
4.556419761577411021e-01
3.025543487371441520e-01
5.191161433108917311e-01
5.634550684540646781e-01
4.815477151230443953e-01
4.822331736099230159e-01
6.461456441226577363e-01
5.194283501399000746e-01
5.275391836643295029e-01
4.012869887432788940e-01
4.704304876386939394e-01
6.688584080156074751e-01
5.431984123845088330e-01
3.380443071529979915e-01
5.973848548893753163e-01
6.060706634169197304e-01
4.844950287699658631e-01
6.138011081526723034e-01
4.497752196527402546e-01
6.244373784205096145e-01
5.723514279327934773e-01
5.023306568649502646e-01
5.895925370602362880e-01
5.975040485589766526e-01
5.978955583365336279e-01
5.619967012207954804e-01
2.153726681422714340e-01
6.769035675182661915e-01
6.020220590848515130e-01
6.567921890389661899e-01
5.765759772281968676e-01
7.841965636358994018e-01
6.203880973331645787e-01
4.717258534878036591e-01
6.033607499966776588e-01
7.506207429636732043e-01
6.224434426798385322e-01
5.937676863170296970e-01
5.532520256082256171e-01
1.972112667876419478e-01
4.580630727618639209e-01
1.915219429724602795e-01
5.858627416839399249e-01
6.284432166788544993e-01
2.498622426848515488e-01
5.868670121913700521e-01
4.916261068186243421e-01
4.342700332278606745e-01
5.803401172766861071e-01
4.880946552397078531e-01
6.666101573376962408e-01
5.798443134827558909e-01
6.088869894085781054e-01
6.289313515462410242e-01
4.237347391725311274e-01
4.601661468765131935e-01
6.227080339342607740e-01
8.174741118140255169e-01
6.068173916529904233e-01
6.012319440222994027e-01
4.369058835088402981e-01
4.003408206119288826e-01
5.061585589440723565e-01
8.137966369769548125e-01
2.242261235302247802e-01
3.007173136968272487e-01
5.930115961804122149e-01
6.219913265806659153e-01
2.717605025017765796e-01
5.886207331393371600e-01
4.979784261754787167e-01
5.334858250179242978e-01
5.861195580443628872e-01
3.290860944782628139e-01
2.142958476674484691e-01
7.782466484947139218e-01
4.594325916132539489e-01
5.889990693627378260e-01
3.045386194015109460e-01
6.169968110898249591e-01
5.801576192758940431e-01
4.331902968888705630e-01
6.614947487838551687e-01
5.531235468910236097e-01
1.999590958491437587e-01
1.894443605645261819e-01
5.983208597735485412e-01
6.492111774231689170e-01
6.231201328365091330e-01
4.049396128673072859e-01
5.984605032530911917e-01
5.861804378278991923e-01
7.698191131884410954e-01
4.494772073159766790e-01
6.354338565950701234e-01
7.844794573118060166e-01
2.218423150628946183e-01
6.037758524217332612e-01
6.067635612549711066e-01
3.471861414536464574e-01
4.804302474812494617e-01
4.801548371431519913e-01
1.899777559290922735e-01
8.044459730264146291e-01
6.808417665127903806e-01
6.285335390332434935e-01
6.078454046681019962e-01
6.682782198670446094e-01
1.903324488805414050e-01
2.331827115991696175e-01
5.966046035863185049e-01
6.641368211695654056e-01
5.363261134822635556e-01
6.471794513063506837e-01
5.634092008417341813e-01
5.695513576886572782e-01
5.978082201138741336e-01
5.948866831615859940e-01
2.016066779303066214e-01
4.111204420113018787e-01
4.759837991192596429e-01
5.914193649509523754e-01
5.549445395786690716e-01
5.820180477987846324e-01
2.431955525106575533e-01
4.875634215993751019e-01
6.078845096720721930e-01
3.859453922104962298e-01
5.919972481150688193e-01
5.074696646266441125e-01
3.627960217332968362e-01
5.859495561842045230e-01
4.595808253072117822e-01
4.467772031884709727e-01
6.448232259822171963e-01
3.551361164166781381e-01
5.670053218784452120e-01
6.113669149293650129e-01
4.685075594613112848e-01
4.796988982910584398e-01
5.977915832560486420e-01
6.150911613304773651e-01
5.560214446098341590e-01
5.778744281109771119e-01
6.063406497005764395e-01
3.091507379886899720e-01
5.819106995945219074e-01
4.453406112878950940e-01
6.303417471353122137e-01
3.623482653742009507e-01
2.829938486187008051e-01
5.523031153216567679e-01
2.754946019081846997e-01
4.789823811545329546e-01
6.649798596117496574e-01
4.885725111034759927e-01
6.151557338449110679e-01
5.789365424199851562e-01
5.904146147317330673e-01
5.951254872547195873e-01
2.435154199755504845e-01
5.762202876828492748e-01
5.883417208889325511e-01
5.162023915810406427e-01
6.473256366663215911e-01
2.763938419613684028e-01
2.461934479853634672e-01
4.591024806646682999e-01
4.662803918265374659e-01
6.490820062953941427e-01
5.527516289508657144e-01
5.800654375185536615e-01
4.685745979933836902e-01
2.044682858770436318e-01
5.634424744024587595e-01
6.057378633194914208e-01
7.189076366746086633e-01
6.475304283770648706e-01
5.784831844002380485e-01
5.879129207055119322e-01
4.820012637762007279e-01
5.718089798576615479e-01
1.884722487324296814e-01
6.030177632838793489e-01
5.656357621005445591e-01
4.326773982290472165e-01
2.206536364962345675e-01
5.949620935998866100e-01
5.817516103532102134e-01
6.459823787210180468e-01
6.239171216077132875e-01
4.832739386972911833e-01
6.099807970302097981e-01
5.819262587171615264e-01
4.914020690204282116e-01
3.974746787084590949e-01
6.332959094501449115e-01
4.965640480150687042e-01
5.516689381397867908e-01
7.925534430744591852e-01
7.776854710930436454e-01
4.043676474949079447e-01
6.714471685732799067e-01
1.913781704051295551e-01
2.732737128595384424e-01
7.316587020776471606e-01
5.743438618241371030e-01
8.170657698556634818e-01
8.180944641237475334e-01
5.928249545143362553e-01
2.574565733275384072e-01
6.070259484003918127e-01
5.195955428546694677e-01
5.311461016103367072e-01
5.135358861926155871e-01
2.439576810578936994e-01
5.862288194606009029e-01
5.907502995684295044e-01
5.864316027218275940e-01
3.879301339027868001e-01
5.662424083720634105e-01
3.590939027176743847e-01
3.563140801074041186e-01
8.168462483221374804e-01
4.275864603968135280e-01
4.797122425900324227e-01
6.698431018423173233e-01
4.421037600305998128e-01
8.180642008191475467e-01
8.177600757478751259e-01
5.871682234473387663e-01
5.492998646448551403e-01
4.730300334627285386e-01
6.479481704228918781e-01
4.854177253992986718e-01
5.690186182929749537e-01
4.546854875360980541e-01
3.885092022091677366e-01
8.176720715193012134e-01
5.926365022438889740e-01
5.462737759413457406e-01
4.765168866506145906e-01
4.479586922264883753e-01
6.325954496649058845e-01
6.264824286503726247e-01
3.680141056500467189e-01
4.372628255753626680e-01
4.659621293757408855e-01
3.999589318084181833e-01
6.287647261140073551e-01
6.171616322346903383e-01
1.885014410082941905e-01
6.222764100736141168e-01
3.829491155020622872e-01
6.598261119116130002e-01
6.094988250336206281e-01
4.415236772963657130e-01
5.204845933747379583e-01
2.390552334434571102e-01
6.506979708867184353e-01
6.222782406595077642e-01
5.792202147911426069e-01
6.293560541685180310e-01
6.323824883935486030e-01
6.523964218865254683e-01
3.085137117478929381e-01
4.715341877001117954e-01
6.449062467636119678e-01
5.936448595306066389e-01
6.060971420709269086e-01
4.639337347803837996e-01
3.964360666751532980e-01
6.135425786640585910e-01
6.237969071700875112e-01
2.160819651756212267e-01
2.833098373052217456e-01
2.998856610179109206e-01
2.000810889878394117e-01
5.961383473726216131e-01
5.171133057564046842e-01
6.234965943623684836e-01
2.690031194910629253e-01
5.911704101795335342e-01
5.933463966747667406e-01
4.819373118871116968e-01
4.868829737471954133e-01
5.312923943444434194e-01
3.949561294010707213e-01
6.051492709984415130e-01
6.168509876680893234e-01
2.686015244228616150e-01
5.718524938044343697e-01
1.940994740418153786e-01
3.772459089034548296e-01
5.210466246429760195e-01
3.984667557440916275e-01
5.949451003731248688e-01
6.496118504828015672e-01
6.240898611645739891e-01
6.231913349207506281e-01
6.501893202934769800e-01
2.980737477943721236e-01
5.886337937274581655e-01
5.486750681585006451e-01
6.004320342895972384e-01
8.181142669941343648e-01
3.543853203008132113e-01
4.566508713607964065e-01
5.442710948290087059e-01
6.710171559962287979e-01
6.594171443961137635e-01
6.422401832463096039e-01
3.119771427189839685e-01
4.482763971640811307e-01
2.185606496209306360e-01
2.349816489815995113e-01
5.297570615040343434e-01
5.466950271872880185e-01
5.068799961076246863e-01
6.280911103500448345e-01
4.957693290580743040e-01
2.761102422510553489e-01
2.308109697670074067e-01
1.892091097427644475e-01
4.947762494281910950e-01
4.247797425397669691e-01
1.908234384908574222e-01
7.797649143317437748e-01
7.980869085781102656e-01
4.625258310824526542e-01
5.186945874978734494e-01
4.603537112940409570e-01
5.844000765685097853e-01
4.590320681072139752e-01
5.800649056119980829e-01
6.004525736542692949e-01
5.845836984791490387e-01
3.801760634578254527e-01
2.827320147782366733e-01
3.886362672136003393e-01
3.949087244890455151e-01
5.608704271186865098e-01
8.063246628093241331e-01
4.018978144345868864e-01
6.078500250152116813e-01
8.172697472198494628e-01
5.303444441406063303e-01
4.755987258728365252e-01
2.957822191571990444e-01
2.236850752033446021e-01
6.055449500936247453e-01
6.010995495385299536e-01
6.156863732464318284e-01
5.262310714016262825e-01
6.272210446365631409e-01
7.621479364315080218e-01
5.096472160394266426e-01
5.501177532141775517e-01
6.090013152280762121e-01
4.786904590799911929e-01
4.197897649516470486e-01
2.536592388919529095e-01
6.444352144838790819e-01
4.692746609538461788e-01
6.525727654504254183e-01
4.953229462468300981e-01
1.896130690908869876e-01
5.097273555824617386e-01
3.598144785031121007e-01
2.510461687840594425e-01
5.559097887203194865e-01
7.575784821115876255e-01
5.268346190207229274e-01
6.383070325901565312e-01
4.591600355891496399e-01
3.330663087016477730e-01
5.978722448915683163e-01
4.354331918629699705e-01
4.337105347785648601e-01
3.215803592889595608e-01
5.524669678225777592e-01
6.030380488067778044e-01
6.639868823919418128e-01
2.261678422832596458e-01
6.634334306180365015e-01
5.925928674445950506e-01
5.519096413746463758e-01
6.027613828167303067e-01
3.834590037543185170e-01
3.385467128534757064e-01
4.292800814463739179e-01
6.530055344690550712e-01
5.733082824216524376e-01
4.548709038075711697e-01
4.436909068891426999e-01
6.532802515408622224e-01
6.203090370558337341e-01
2.967077270552521129e-01
5.697764854852600536e-01
2.791392574433021467e-01
5.216175952261968840e-01
4.832198227804198054e-01
4.779217555848941368e-01
4.077264241514420018e-01
8.148197229462542657e-01
5.972157470839218885e-01
6.025077559590246157e-01
5.273537571597632923e-01
6.205969442753055398e-01
5.752853389469860801e-01
4.724740000695835662e-01
6.994708635307960165e-01
4.629826553699842862e-01
2.672010093641005168e-01
5.742430890680371158e-01
5.470578309440443654e-01
5.117172963397432772e-01
4.556283353124954139e-01
1.881373108461659727e-01
4.466254097855860139e-01
4.859286103572187931e-01
5.805166828489867203e-01
6.085491829750296899e-01
2.499004113592530052e-01
5.678476198927011609e-01
5.677615921501829588e-01
1.964453011686552730e-01
5.049576192552400755e-01
5.736331245196130135e-01
4.338965743960985777e-01
7.569357482172429652e-01
6.090299401330763196e-01
5.503010135875912034e-01
4.405268468667008497e-01
5.583820296377342007e-01
2.600837997932253232e-01
6.698520168905375272e-01
6.269287457858325752e-01
3.890360728173181681e-01
6.181667295045759625e-01
4.491238705752721438e-01
8.179080496545545476e-01
2.294725507289010480e-01
5.075516869508436280e-01
7.311729166229608001e-01
5.443590295361209197e-01
6.221129900483994835e-01
5.266229206889101455e-01
6.123236792991744171e-01
5.796643112332651171e-01
4.959315726766868049e-01
5.838707024511318178e-01
5.517759858623128011e-01
4.035591143910405298e-01
6.642748103282034577e-01
3.295427005112774310e-01
6.132410046613550048e-01
5.141393554906498187e-01
7.583046694123354303e-01
4.289460372565723212e-01
1.929525416546893635e-01
6.879774164410866755e-01
6.057988547613849528e-01
6.332476701898845928e-01
5.551812288620414648e-01
1.907022073135146989e-01
5.579470776670620857e-01
5.624036490919155362e-01
4.076506495855759526e-01
2.028144911134900086e-01
4.503479380107984764e-01
6.523543776660719606e-01
3.516639376939830752e-01
6.055195583965189421e-01
6.088319039276421929e-01
4.668358689695594754e-01
7.331768329516524796e-01
4.414318132641452119e-01
4.829799983861480794e-01
5.239580707212742050e-01
5.926404404660534642e-01
3.183667770526369956e-01
4.937750598573267258e-01
4.060549605517709826e-01
2.991885469039386458e-01
2.235425793293190633e-01
6.160381685349223257e-01
1.974302356576869699e-01
2.311964714587433634e-01
5.522867686820065458e-01
5.918102555337183546e-01
6.260426277785918758e-01
4.830199115108196883e-01
4.964294895600192548e-01
5.399210115112428321e-01
4.698094879550701042e-01
3.458039542911081621e-01
5.948186459610186327e-01
5.960238542416129714e-01
7.156873058366267637e-01
5.088822218493305183e-01
4.942408354738091480e-01
4.873122034276695103e-01
5.706559653358485029e-01
5.665184055625848147e-01
6.897777335835415524e-01
6.081144443243887698e-01
1.940035711545814445e-01
6.316966249334616812e-01
6.001064819293502328e-01
6.711675038503995827e-01
6.154356516993554349e-01
5.414347940383746893e-01
6.034480169650905390e-01
5.998963410582770495e-01
7.860870378563074024e-01
4.265560221702477950e-01
5.809598901027529516e-01
6.026145865434142657e-01
3.587467211315110704e-01
2.582338901726280445e-01
5.496062593473545199e-01
4.781505290827248733e-01
5.970563604836325311e-01
3.160026186289757733e-01
6.177503145862692779e-01
1.930853180320122042e-01
4.447050444449294204e-01
3.625177353935949975e-01
6.082608039826440383e-01
6.461874117500889803e-01
6.071425321638985739e-01
4.350149114969310560e-01
5.254265571388641032e-01
5.900249260443978239e-01
5.999256475698785396e-01
5.658502479174406519e-01
4.780584341248211300e-01
5.866565083992733021e-01
4.999062279774298956e-01
4.718202516877406660e-01
6.036099143407565037e-01
5.513183215783364899e-01
2.921576220517572708e-01
6.115330867859262165e-01
2.701340434101552335e-01
8.185679278681428084e-01
1.920373150445282284e-01
6.411275557586640916e-01
6.576099301451249213e-01
6.259885131703335492e-01
4.981633859167886591e-01
5.877180773143592107e-01
5.204283360360367761e-01
5.744952695023902711e-01
3.217352428354894878e-01
5.864810338038668469e-01
5.585185268319086127e-01
5.077620678901301199e-01
4.980110307404619907e-01
2.132916249290316146e-01
5.790582809685065335e-01
4.022316425195838208e-01
4.364847157635297070e-01
6.492922210789682236e-01
6.226032313074600921e-01
7.965181893343089570e-01
2.371746100371110721e-01
6.317871835317541152e-01
4.524219813034693893e-01
1.880813479386434506e-01
5.926956245963855840e-01
1.997626074266606322e-01
4.193212024186024345e-01
5.167467400147872647e-01
4.719618643885756804e-01
4.449089012903820195e-01
1.899572107773951080e-01
4.212069320759401769e-01
3.379951915467220291e-01
1.888267791733801437e-01
2.800933813811876671e-01
2.661587845258333029e-01
2.037176065910750733e-01
5.239166709840590297e-01
2.868978354366660266e-01
6.001502103510065744e-01
5.329412398676224294e-01
6.445961639982318303e-01
3.089325507019673456e-01
2.179070750677175872e-01
4.843862866352716123e-01
4.930816259437522109e-01
5.414662325449546287e-01
5.090354196466845282e-01
6.230322960568851487e-01
4.857161429161922506e-01
5.910070621580985062e-01
5.858230987700592252e-01
2.129554718712587114e-01
5.770869027817107089e-01
5.087210869529760204e-01
2.106458473440532553e-01
6.067328007971634074e-01
1.898605992724525515e-01
2.031635333275391697e-01
6.251213004421179997e-01
5.967623082331546813e-01
2.857206183475973216e-01
6.190686117676637013e-01
6.960635984412271160e-01
3.798255268929897621e-01
8.154898678551528723e-01
6.320782725619018549e-01
2.526792501308126049e-01
3.115785107591425573e-01
4.422608914659459378e-01
5.779803733503638963e-01
2.013311825399586308e-01
6.265016967543372006e-01
2.323338832098681139e-01
6.226663337442367441e-01
7.290613903834437526e-01
5.894049572630302158e-01
5.790438715160907135e-01
5.063077743584326607e-01
6.039871417600974901e-01
3.642695275918106379e-01
6.071996742067342634e-01
5.815553926253049788e-01
6.097472996908894771e-01
5.933038849720414509e-01
6.129809609274073923e-01
5.976234761886058955e-01
6.945342539536777382e-01
5.473697904261125569e-01
3.549137765241568432e-01
6.525806613410313206e-01
3.806271507982005309e-01
8.189874908621848082e-01
5.395017887575728199e-01
4.972137942824829682e-01
5.805278530422685046e-01
5.484248300457070791e-01
5.613104196803143653e-01
5.718568252842844979e-01
3.036478862591056593e-01
8.182616698732250171e-01
4.773096773865480591e-01
7.801247530314597833e-01
3.717627592463390584e-01
5.244571516123505139e-01
7.018964655148022258e-01
4.555755324017414232e-01
4.074953664200306469e-01
4.860048588727902685e-01
5.723954968398344834e-01
5.917385975766443762e-01
1.891611066157204146e-01
5.893706314067735930e-01
6.112642650569262148e-01
5.975602873529995973e-01
5.254597420613603687e-01
5.080389392286948080e-01
4.314978399131519371e-01
5.657054762042650342e-01
6.226219399827583878e-01
1.929826447125560229e-01
6.015243259942913978e-01
3.348465301650589421e-01
3.776365147468504491e-01
5.587278601041392179e-01
3.700831161627560206e-01
4.329894914778709691e-01
6.297990754803858282e-01
6.259104135209331288e-01
7.803274956348977831e-01
6.386629938763187520e-01
5.966496511146349713e-01
4.555943891468225981e-01
4.834087263104078769e-01
5.914544961143125557e-01
4.227280167690112833e-01
4.127416164073515747e-01
4.260363596269750031e-01
3.755514892259969040e-01
6.310980143239940388e-01
2.241073763224054050e-01
5.903054185542191412e-01
4.200932606374467859e-01
6.025438999620122971e-01
5.905205051008977080e-01
3.291789744284862596e-01
3.167197012204065465e-01
3.427574582794992719e-01
5.767657704995955426e-01
2.401293339561411666e-01
6.327877004398890781e-01
6.205611598162800169e-01
1.895898971809732991e-01
6.517133001249147961e-01
3.637484153203672244e-01
4.956397859693562613e-01
6.394089817054848801e-01
5.596459241430589149e-01
2.846714805076065447e-01
5.411056022066214055e-01
3.251612080695513995e-01
5.853592447030278034e-01
5.524391321925161691e-01
3.096813108819730931e-01
5.428392695528564404e-01
5.438174320206399237e-01
5.698736780759326992e-01
2.385686701818457711e-01
6.376600618245479302e-01
3.864693298377934738e-01
6.875819546041765928e-01
6.178617588004334804e-01
5.635135044728754039e-01
3.573017714367008324e-01
5.537912652147395365e-01
6.093351200620854557e-01
6.564985470288946523e-01
4.904168798525868067e-01
2.014253131613773506e-01
2.217357412663533700e-01
2.901592066546698767e-01
5.692904233212737752e-01
8.189237094609340684e-01
5.963098299667779489e-01
5.974536211034034983e-01
5.774098068678750195e-01
5.622152586595239310e-01
6.287846872192996983e-01
6.441491209557539399e-01
4.830790162557622169e-01
5.942046879364367706e-01
6.088999275594692007e-01
2.026512035368600029e-01
1.940806631178299546e-01
8.047494897841434014e-01
2.226876719954497819e-01
5.953921020324074442e-01
5.799115226627685749e-01
3.384470576500822614e-01
5.817781562362359660e-01
4.712088479561991616e-01
6.666899112719979481e-01
2.807082573816662707e-01
8.155278084511080605e-01
5.124159413456015333e-01
3.261784468496901068e-01
3.740116271023058436e-01
6.875281791882782434e-01
5.576702593402932395e-01
3.601880353908504251e-01
3.545879646377434469e-01
6.081286778223147227e-01
8.175313292391381825e-01
6.063713572674547247e-01
5.644362312989946728e-01
3.608813339022457489e-01
5.852014806798160329e-01
6.416682447337733741e-01
5.974576438616295837e-01
2.018267997020544713e-01
2.974992652938370230e-01
6.238968866436096494e-01
4.509280362092649708e-01
8.065975547844159710e-01
8.046641006436971999e-01
7.962161380402057453e-01
6.596310826459771404e-01
6.086476910818161556e-01
3.991339464594552688e-01
2.439084718608612035e-01
5.364048899882241095e-01
4.798211166945968720e-01
7.898400803096259359e-01
5.260962357183612825e-01
1.922388963532346007e-01
5.951551877732188522e-01
4.519186183165566639e-01
2.852886963894765704e-01
5.971789819788698717e-01
5.720009019160569030e-01
2.740064947037789134e-01
5.879533155337435257e-01
3.029371266166835941e-01
3.061573787680211822e-01
5.943292667126630624e-01
4.232222686490474395e-01
2.993611560231753677e-01
5.960860414848538902e-01
1.889370404247455726e-01
6.333151626715929350e-01
5.080508514402698461e-01
2.205278501842310446e-01
5.019379645287179725e-01
4.111343271560291557e-01
3.621342477770922441e-01
5.659751848563124854e-01
3.413314928444509122e-01
6.772675223668496169e-01
2.053180893244190008e-01
2.034043442884629904e-01
1.900376917918613906e-01
1.988328540002723965e-01
5.249818369941322560e-01
2.127674377836757669e-01
4.524232159542886933e-01
6.066832418017410467e-01
1.968305727229348878e-01
5.909226534979993284e-01
3.425497668602932033e-01
1.885727710336994600e-01
2.971476264265026090e-01
4.278243055923242610e-01
4.138941527256315145e-01
5.515674444931168985e-01
5.870052757575832114e-01
5.336240881157201521e-01
4.150969887560376770e-01
3.346378611621553811e-01
5.521934512332951073e-01
4.343088624272642972e-01
1.885826727662872349e-01
5.488714957845463038e-01
6.559514932830793343e-01
6.124898539467582559e-01
6.609519217542328962e-01
6.034496692781873284e-01
5.857389215517936343e-01
5.869642666755611193e-01
1.877833960124764556e-01
6.849416912646616451e-01
2.204195954887857023e-01
5.931577664578637776e-01
6.379164815204758643e-01
6.889895525234798201e-01
6.451129238808930300e-01
7.757760291471091918e-01
6.247507273306309727e-01
5.429517062835178542e-01
6.391133811300933054e-01
5.820101142093313529e-01
2.046450909566741028e-01
4.743092162055038696e-01
4.474704204775067362e-01
3.654813425669258264e-01
5.302627707909066679e-01
2.849358093919114321e-01
5.109961323646731168e-01
6.205197923113496827e-01
5.907663176946031935e-01
3.317031138887091557e-01
2.293635214626540964e-01
7.548091202440450065e-01
2.763304644417158840e-01
5.834720721546776678e-01
1.887359297147933324e-01
7.931395090224305777e-01
5.937454532256107864e-01
8.151811787242544405e-01
5.943484059986199330e-01
4.601345163222909096e-01
4.635631035350024631e-01
5.855778772711961455e-01
2.374825675506239409e-01
4.823085063042517051e-01
2.100211552249310887e-01
4.606766314431506859e-01
3.949846018506135148e-01
5.865350926619995464e-01
4.700656771975458281e-01
6.350631915432645158e-01
6.004984564328590402e-01
5.545201349778190458e-01
4.061773526737709750e-01
4.719039028245711753e-01
6.215767870306422305e-01
6.056225623990124651e-01
4.502654089104402013e-01
6.136398381685689296e-01
5.392369725024889204e-01
6.092806008476809865e-01
5.324432650457712191e-01
4.396980459934539676e-01
3.662267534206205544e-01
6.504940426396927933e-01
5.941291919308097080e-01
6.031242166040031716e-01
4.978097651937063994e-01
5.900859152976255517e-01
5.970183788676569625e-01
5.373337387723007286e-01
4.082952188472932509e-01
5.682867292258675374e-01
6.012211787427607090e-01
6.499288471189554883e-01
6.263943581794457760e-01
5.350768983071417795e-01
3.125414097764637744e-01
6.036180199526712808e-01
2.775852202651334921e-01
4.815115276674894473e-01
4.814067361924804778e-01
6.111077322441580417e-01
3.163224691360832508e-01
5.268420019353766692e-01
6.036602474184544764e-01
3.561639684960897223e-01
5.850084572605205313e-01
5.322116566240902014e-01
6.437425067010101865e-01
4.592384191377687497e-01
7.840152674875797700e-01
3.383403754700408661e-01
3.244020521813625879e-01
5.740932328934530426e-01
4.923474003257178877e-01
5.353098768679487307e-01
5.819173414308418391e-01
1.896341227213002856e-01
5.888100368061478518e-01
5.742321729106483197e-01
6.035827901176143984e-01
5.924878985984625146e-01
5.103286297318206932e-01
6.473741021086802938e-01
2.636213091360880556e-01
4.006583580141910850e-01
5.506102491978556168e-01
2.816528062620903272e-01
4.312208980267986380e-01
5.774850132003900294e-01
4.486386388508383227e-01
2.420942825363862072e-01
7.820238979439353422e-01
8.144003741027159293e-01
5.812976424765784467e-01
4.507212133323769132e-01
6.042986325140090598e-01
6.456132623076819010e-01
4.910997014234249058e-01
5.970681142239978589e-01
6.150867245325657429e-01
5.860643763876737244e-01
2.077284065086868192e-01
7.313722005715295182e-01
5.997011715775663054e-01
4.657536196972766329e-01
4.431439206843350576e-01
8.176362867715057936e-01
5.959364216622744514e-01
5.397971957813003652e-01
2.199521050982351789e-01
7.304716987463798494e-01
4.636556140783006930e-01
8.011959257216187957e-01
3.953022875370716394e-01
7.339306229624433797e-01
3.376137275363336188e-01
6.061221217826893159e-01
4.599171386550595098e-01
4.425119163466111338e-01
3.966439158927557718e-01
6.152116775904484802e-01
6.082064748918385444e-01
2.126946637367288506e-01
5.891770099836933783e-01
5.571058883956240271e-01
2.061421934605428830e-01
5.961374015536424764e-01
4.901154795578307466e-01
4.866337525695178523e-01
5.360347472812028169e-01
6.194545423310844345e-01
5.708332132983084950e-01
5.275512951460252786e-01
5.637109436162945908e-01
6.220035888593412610e-01
4.977011664657257084e-01
2.113315332034970406e-01
5.021220882718320233e-01
6.035340148019009421e-01
5.294108197200085852e-01
6.223978736463430250e-01
6.022624402331739901e-01
4.719255150300455393e-01
6.227171030417817388e-01
3.030083209408785394e-01
2.534253425701995521e-01
3.510889354648600302e-01
7.705529802959242280e-01
4.512896770900159948e-01
5.485057467681808685e-01
8.132080690468010964e-01
2.773347275056649575e-01
5.990692546233509219e-01
5.144686241085861811e-01
6.001669288004346514e-01
6.415697146356177383e-01
5.559115441518098777e-01
4.358673925163640273e-01
6.291900996368573473e-01
3.195879176920529696e-01
1.997101910029111249e-01
2.762885489649135606e-01
2.900138620088511532e-01
3.200309360812810255e-01
3.468600504739221546e-01
4.048044967601509003e-01
3.184925265610471512e-01
1.880839020016277230e-01
2.833467252394507585e-01
2.846813397183243777e-01
3.319630185890627416e-01
3.028300101804150546e-01
3.008312788075340194e-01
2.354641055903455293e-01
2.369746832146049365e-01
2.693906995897279999e-01
3.577837871380754597e-01
4.777833464399704466e-01
7.012580142578812570e-01
4.055896617077481281e-01
8.181903507871174375e-01
2.226612932136003697e-01
8.181675363571314641e-01
3.758635713763155972e-01
2.385636321169982976e-01
1.880683681354123615e-01
5.233469741769974926e-01
4.129522326614800121e-01
3.146607725513111409e-01
2.142829320563360285e-01
2.290558697053881043e-01
1.904297977881132253e-01
8.152769253758570533e-01
4.891993108119722100e-01
5.065047993103325430e-01
2.002544842603130870e-01
2.171589859860308114e-01
3.833774274241978364e-01
4.434033034018167729e-01
5.614930492324885503e-01
2.955669284580180745e-01
8.184955326389338204e-01
8.170895887015774406e-01
5.365381610425403736e-01
4.363629262277024523e-01
5.208554412147995416e-01
5.990711963849009170e-01
6.791173874397991028e-01
5.679719717113229649e-01
8.175120817575873833e-01
5.280085796652143060e-01
5.812268342039973446e-01
1.912904134114159771e-01
5.970074944470120659e-01
6.031210826038767570e-01
6.465118832240891455e-01
6.259815507024403258e-01
3.217554142272017748e-01
6.223872227004005886e-01
5.727208405258881196e-01
5.965127789649727896e-01
6.091890972602672649e-01
4.826227896943867668e-01
6.747313530200679255e-01
6.170181900618948445e-01
6.801454856970999829e-01
6.555292862367162465e-01
2.377637114149959430e-01
8.144684999528288838e-01
7.791853604406590028e-01
8.176647153228243647e-01
5.701188016051113028e-01
5.359881382623754575e-01
5.338682412273220157e-01
8.015438965627461609e-01
4.050939446086212481e-01
5.925328674632882597e-01
5.512113124405061404e-01
2.220247883191696081e-01
1.917000224146133969e-01
5.963811835246592974e-01
1.971222248766667795e-01
5.700680681509038283e-01
6.011338232421475913e-01
4.164800286415509811e-01
5.878651405000743235e-01
5.980103063710637823e-01
6.472686809770994421e-01
8.170573970053321977e-01
5.997362718914333035e-01
5.650804037966211668e-01
5.746488048585950414e-01
6.841498857421333124e-01
4.809485539951348643e-01
4.810307344067746849e-01
3.399650822126202843e-01
5.204554166726027553e-01
6.313265428812216973e-01
5.631493103570920367e-01
8.076038026023008021e-01
4.168775444910113870e-01
5.572052485071278261e-01
6.063659701013740522e-01
5.679073876946044708e-01
4.636062513074644675e-01
4.806458787157267820e-01
4.930464938343450121e-01
1.960927541124397322e-01
4.980661910909621182e-01
6.076562555601201510e-01
3.939825418555391034e-01
6.760592341756110901e-01
5.858422697595824236e-01
5.871590798659567234e-01
5.977190043371376493e-01
2.001920889064774112e-01
3.019539699035899138e-01
5.835846246702648399e-01
5.787107683073761111e-01
5.636245063204167183e-01
5.343895610309613575e-01
5.418775245576703536e-01
1.881256669776221191e-01
5.236304698620919407e-01
4.690887906884554370e-01
1.878666408921154107e-01
4.901881933095942334e-01
5.858808782669661097e-01
4.466029779357145180e-01
8.101150565664466674e-01
4.323449873786150977e-01
6.306409355895846724e-01
5.886083932486232406e-01
2.132694404278978328e-01
1.885281129274458678e-01
5.885699967533489785e-01
5.847557106271566996e-01
8.004909569395085578e-01
5.562640177086088933e-01
2.047786766328309749e-01
2.179850573436447891e-01
5.847713688714218927e-01
5.068418127729988898e-01
6.630271116951910182e-01
5.920591415294714777e-01
5.496720507337251593e-01
6.813789567717476459e-01
6.623434373560522781e-01
4.374774811030324728e-01
6.138218876935416235e-01
3.738957044740233715e-01
6.092868567889877518e-01
4.071483201748026248e-01
6.075353019982657754e-01
3.155494133966459946e-01
7.326650943819940087e-01
7.289348440018738051e-01
5.642438419329585120e-01
5.957951479523804217e-01
6.163620908551857847e-01
5.216455895901986883e-01
5.382402438275674106e-01
6.703949339550446807e-01
6.097413461868280704e-01
5.143490112225322930e-01
5.061350222965206314e-01
3.875032101699947829e-01
4.815175394227069749e-01
5.823501194523776903e-01
5.934726356090668231e-01
4.731409433365891815e-01
5.955165988076772665e-01
5.778131297081438023e-01
5.589269855919388741e-01
5.797895474219836309e-01
5.709967874871452187e-01
5.389020187609436796e-01
4.537739440473194108e-01
6.588282863647159093e-01
6.248873328303837793e-01
2.563231071336145583e-01
5.122641198068021984e-01
5.766788988566459162e-01
5.934414959558109715e-01
8.158660385154798966e-01
2.257211543984005697e-01
4.593752387757372713e-01
4.568253572987355238e-01
4.655102455708087228e-01
7.483818415296908944e-01
3.895502777015251161e-01
7.975261765251822066e-01
5.842666824752255073e-01
2.160095161145245968e-01
6.011438750064993508e-01
4.050846237732024235e-01
5.585680542215212263e-01
4.469581831057682919e-01
3.177329915883007616e-01
2.940041081325403538e-01
5.976515374876707476e-01
3.490762735749240453e-01
8.048443795860621419e-01
5.467337002476264640e-01
2.251233866467442779e-01
3.123340213035732948e-01
4.602023891631797370e-01
2.908824960967179574e-01
4.728271417345034644e-01
4.799282677461735314e-01
2.296702201835894575e-01
6.678314651237781119e-01
6.244004136185368203e-01
6.718058955661082576e-01
6.174885091014092886e-01
5.624871338307295687e-01
8.174317588273796176e-01
8.172458361062056031e-01
5.705082779575511021e-01
6.485078748027519602e-01
4.554116997861156202e-01
4.824044066519888041e-01
5.896736923288127263e-01
6.282804781503390501e-01
5.709743220357141880e-01
3.948338871894648827e-01
6.433129804830040044e-01
5.774373338128575561e-01
1.885585719888300260e-01
5.555213166769215061e-01
4.831323156274973107e-01
2.382634240846926710e-01
6.039237237560457494e-01
6.060196212881658884e-01
1.885684486931557824e-01
5.891404312049765002e-01
5.243580902018424306e-01
5.759933048298863101e-01
2.883097033232122075e-01
2.922594128560896953e-01
3.001686831287224133e-01
6.400393460300505266e-01
6.201289171721565685e-01
2.743352796018687645e-01
7.563462251003852943e-01
3.146175066048131352e-01
7.131593354971494936e-01
4.275021529626321648e-01
4.095008898723316304e-01
5.739124527906874773e-01
8.189989382523600314e-01
2.203931486121756267e-01
5.085135627087299381e-01
3.769988215153555755e-01
2.095166080113100848e-01
5.977165332218055127e-01
6.233050353393009280e-01
6.466871545983106095e-01
5.799188317564096806e-01
4.820352036851404121e-01
6.332614286185377361e-01
1.883718117807656189e-01
5.473508182848036974e-01
5.404546919740329525e-01
5.452983340001340551e-01
1.903724285816610906e-01
7.105645447765217559e-01
5.379780583712634456e-01
4.965408482771067056e-01
4.389618482971248126e-01
5.430894494843082621e-01
6.303873332534560836e-01
4.685502069528518776e-01
2.809683486042695022e-01
2.465546373856012663e-01
5.394076533266871643e-01
5.763489879592103016e-01
2.203592866799424232e-01
1.909097122659992041e-01
4.349101856612421213e-01
3.480129947326062734e-01
5.822014050764526827e-01
6.220738149245848003e-01
6.061529850040184852e-01
2.083803009519540617e-01
5.952974165406529350e-01
5.490741061354751373e-01
6.382530018387496673e-01
6.279093442394476643e-01
5.864414578842223058e-01
5.880302432740618368e-01
5.810466256472753832e-01
5.855855937546724510e-01
6.110073293594473487e-01
5.955950992256969778e-01
6.015846643812173822e-01
6.105316650967698155e-01
4.165084988970094160e-01
5.657764130368266864e-01
5.658478452575919082e-01
4.619861093367725879e-01
4.518657930744167661e-01
4.780389092678808960e-01
6.071235621891830636e-01
5.910888202020901927e-01
5.382670841121690586e-01
2.022333044461264995e-01
4.780485835915051496e-01
5.353399265539459106e-01
5.508370653720671140e-01
5.526798566883666108e-01
6.282083027523744923e-01
5.946257322382322297e-01
2.131199402058184533e-01
3.403560026406149963e-01
3.905112642208680152e-01
5.877381015476298431e-01
5.581827199158498898e-01
6.074402056307616204e-01
2.171938290846441300e-01
4.658046955301718972e-01
5.850285219730685382e-01
7.792733495494551521e-01
7.164787283727230838e-01
2.157115559603521859e-01
5.616441739377620035e-01
6.252343310037626889e-01
6.164573516252656038e-01
5.913794788126486290e-01
5.897835797169311833e-01
6.106877490059497982e-01
5.885604108610994478e-01
1.889879124088944540e-01
5.189384100241154485e-01
1.886444499448140799e-01
4.785388689055641853e-01
6.034675423908437697e-01
5.728720640081651494e-01
5.968185178114154832e-01
6.251201997440707370e-01
3.155786222059405177e-01
4.592808139982940685e-01
4.679165646806876522e-01
4.419288215310935297e-01
4.291018977453365801e-01
5.596358015538388520e-01
1.893591441309324108e-01
5.966418552037566769e-01
6.633647909064462889e-01
6.482717190012243780e-01
5.759329845694219907e-01
5.585163570961921842e-01
4.255161707564513729e-01
5.665708657805759163e-01
5.512326627321229022e-01
6.891289076263502622e-01
5.615285780217779132e-01
1.916329852196412553e-01
6.257916677241139869e-01
4.925676666464693931e-01
4.613714231161320511e-01
4.921357609171491121e-01
6.889309052051979521e-01
2.306540997020896377e-01
5.487617577923166179e-01
4.298731849058314292e-01
5.288881591166689766e-01
7.770616624126280847e-01
5.828897438543115817e-01
6.032080340779135685e-01
6.526676057807921927e-01
6.046982946439281026e-01
5.282206774730767718e-01
4.927045970406832009e-01
6.366389555119982280e-01
6.579535757124472806e-01
5.385388621951066046e-01
2.965250939536867025e-01
7.902370879869141662e-01
5.898605452542501348e-01
4.586820078928335320e-01
5.923520449177329672e-01
2.117822492420767533e-01
2.042428245641188522e-01
4.931695902696827671e-01
4.174901947323508833e-01
5.933583014265515487e-01
5.497056502530159872e-01
2.538868464331771047e-01
6.117589835424683820e-01
7.579912624367032281e-01
5.183044850994228403e-01
6.012742164556881264e-01
6.236716977360524661e-01
6.309479383655682838e-01
5.913821855840935005e-01
5.260094084479195464e-01
5.249583026338342506e-01
4.805372091626115005e-01
5.721951913417268054e-01
4.606453826904532978e-01
5.721518134353597018e-01
3.171453948541245182e-01
5.920754964496746098e-01
2.922917513808539480e-01
3.292926289019749708e-01
6.494508931997555745e-01
7.272718499755173038e-01
4.184451280104636295e-01
6.028529664310315894e-01
5.254058823478032769e-01
5.985323770283094147e-01
6.247469439602003627e-01
4.465635194490948923e-01
5.831092780219714333e-01
3.251705864320066364e-01
3.140195099978155269e-01
6.074716383983338464e-01
4.844691104630288736e-01
6.271402154460189449e-01
5.840903129404083627e-01
6.988928657646743536e-01
4.768211111568465554e-01
3.697825444858846011e-01
5.632606293422824928e-01
6.455210952943507552e-01
3.704065294020008059e-01
6.020603903109499333e-01
4.309134043883808274e-01
6.127484920623479381e-01
5.749503238367085212e-01
6.046027106317759525e-01
6.345902965092139469e-01
5.772968063976006148e-01
6.085402522056299057e-01
4.732156796714718228e-01
2.296570054755073809e-01
4.685779821000017331e-01
4.764631968052710498e-01
4.158293542061021197e-01
4.850583064656118215e-01
8.184292625808383681e-01
3.293118087005023620e-01
4.521714233934701066e-01
5.318216746925015226e-01
1.906965108774754947e-01
5.381958586571989889e-01
5.077464091354370046e-01
5.800635537456841906e-01
5.212909189260078735e-01
5.921099829763103450e-01
4.530123304690396591e-01
5.759978490907949888e-01
6.503812292590281929e-01
6.932981556633766029e-01
5.898502030129099127e-01
6.174116345813411844e-01
6.229676206636802771e-01
5.238676292183439553e-01
4.260332915238693174e-01
4.842825029376210400e-01
5.963879743859605842e-01
5.487912346307617373e-01
5.213916107708284065e-01
1.886986123408907756e-01
3.805569056595425326e-01
5.953056499321216499e-01
2.144845767063741915e-01
7.223139138320646691e-01
4.712372489891272220e-01
7.416027311942011702e-01
4.189029704947425659e-01
5.996255910997120298e-01
5.395175015428490539e-01
3.663108377731517651e-01
2.706023980761060321e-01
6.488537031057662885e-01
5.845558889899840072e-01
6.072847861281188697e-01
2.270018595081347290e-01
1.969876438591056378e-01
3.465483185138813482e-01
3.460301030868629946e-01
5.223914428711121660e-01
4.093015575720928556e-01
5.988274157488178151e-01
5.689692877449175068e-01
4.134102249751189784e-01
8.157510268536792841e-01
8.177076847610448285e-01
5.411361594045880352e-01
4.217857144769566191e-01
5.788413551269571133e-01
5.974319134900386574e-01
5.423828762523851266e-01
5.394472627875867010e-01
6.576868820630744628e-01
4.616392185619535571e-01
5.720924604302973782e-01
4.205751873089841886e-01
6.126793880281177218e-01
5.687189293705796622e-01
5.766643753576579101e-01
1.883132595448752111e-01
6.569644177469162738e-01
5.626727456619025070e-01
6.396771211611971264e-01
1.880952195361268175e-01
2.190229917800849690e-01
1.920522780199418189e-01
7.755073309918381064e-01
5.725214589710979629e-01
5.867649191221198102e-01
6.916552459818984255e-01
4.112681574553554986e-01
5.997607596693659282e-01
8.093269914753933314e-01
6.487777737214749374e-01
5.275537650073625073e-01
2.461880608661936587e-01
2.664311825680000800e-01
5.869674860616148626e-01
5.760322066356700077e-01
1.877496958453553355e-01
5.939447053822225486e-01
3.519156830225940724e-01
6.607343132956524645e-01
4.978716102528377152e-01
5.755214814274065560e-01
5.250593729976857915e-01
5.555189652118069921e-01
5.870708997182604305e-01
3.301476290717937911e-01
5.963040376338979431e-01
2.070394177703923089e-01
5.920043140755870681e-01
3.853670740321301635e-01
4.338914868698180993e-01
3.882357515610266874e-01
2.866721784010313745e-01
6.127179041328716380e-01
8.163380271513147601e-01
4.820249834310751935e-01
7.262679876154304326e-01
6.296199535287494431e-01
5.677050176310346474e-01
6.207921170266051947e-01
6.457261211360969533e-01
6.059833750331266033e-01
6.042979944505899592e-01
1.883609782884539952e-01
6.044894599477095287e-01
5.073925316427810861e-01
6.902895025681881069e-01
5.293872231372354076e-01
2.603590150231689937e-01
2.748485621471635221e-01
8.187661572629945095e-01
2.175621876466364291e-01
5.920410939486637769e-01
5.907392402204711956e-01
2.574648435825829806e-01
5.880898552884769037e-01
6.056014780022676014e-01
2.681384109986258424e-01
5.881252315576211975e-01
2.900387864113949110e-01
2.731086941260809087e-01
4.178792323983293033e-01
6.464806459271327244e-01
3.788862259155782453e-01
5.923180461713954958e-01
2.395093619928919670e-01
2.122088445339095630e-01
5.999593266223963717e-01
6.430512384291039440e-01
5.944303456661794716e-01
6.034341413545833976e-01
6.193845370645307824e-01
3.557083280942687775e-01
5.569937025914922790e-01
2.305963795480050760e-01
3.813671172041717683e-01
3.993014483811818671e-01
3.751309682874289231e-01
5.980695927492544195e-01
4.189097497451765295e-01
5.046063263131556065e-01
4.663172956753085518e-01
4.540116347050667800e-01
6.356401832096847393e-01
5.919932788564683523e-01
3.845774666470695990e-01
6.156431539398168340e-01
5.932142848772749000e-01
6.292599300828860542e-01
3.288867890462354171e-01
5.746552351020990379e-01
5.208567116927194096e-01
6.048487370599623381e-01
7.361105776686914792e-01
2.850170249044361448e-01
6.579049028859739190e-01
5.757506635244781235e-01
4.403632418278806138e-01
3.711674365727564706e-01
2.314018476339958497e-01
1.904286633830990505e-01
6.090103672227813458e-01
6.905492453708288458e-01
6.443444788978484050e-01
4.523141421499334291e-01
4.142093202181381661e-01
6.075451486157156245e-01
2.281307148418389996e-01
5.935707728565537966e-01
7.881171888113215340e-01
6.187579796125858289e-01
5.915355363568413072e-01
2.501921356921500972e-01
2.266878290608649316e-01
6.078405526365341371e-01
5.721997087002903548e-01
6.678787566273021170e-01
1.982544047264578613e-01
2.929656163522504353e-01
2.226345400252116857e-01
1.881352598248826613e-01
5.059700288678826707e-01
5.165207378777962877e-01
5.899049978632537883e-01
6.156438696441077774e-01
5.855400417834444315e-01
5.640747431781095722e-01
5.699006718129894233e-01
5.176740350832135240e-01
4.794297963438803878e-01
5.735904323125090576e-01
6.071728277217322001e-01
5.968688816747250714e-01
5.921554051019394249e-01
3.471691398312781174e-01
5.673206472984598792e-01
8.175572452940784718e-01
5.443085018821354204e-01
5.939135367344980931e-01
4.631198085461626923e-01
4.878599021841397154e-01
4.441629823187147608e-01
4.923108755250934498e-01
5.866917744123476552e-01
4.772793683080052141e-01
7.783318306327796643e-01
2.179538293567897800e-01
5.971078242120200219e-01
5.049196160927825749e-01
5.979078716649325331e-01
1.887155772730061964e-01
6.087045241219105618e-01
7.162531813067883890e-01
5.995377503987587842e-01
6.290052038883977570e-01
6.015125435755972472e-01
3.652234787716313602e-01
5.978145136636008328e-01
6.683313902209530033e-01
5.034472149844697597e-01
3.812153538743746628e-01
6.668337709185621076e-01
6.154987897348959125e-01
5.906422870853519358e-01
5.652830636319394753e-01
4.855337579038446205e-01
4.784793063468738006e-01
6.700126546867203325e-01
5.587348728228835881e-01
1.906810570330577936e-01
5.795643657084907918e-01
6.231136438038934466e-01
2.590860954233105695e-01
2.634978270476191486e-01
1.975920025288703252e-01
2.429174027322691665e-01
1.918561684866273986e-01
3.189318508196060664e-01
4.470064362016154536e-01
5.722739462481596373e-01
5.261377590316960173e-01
6.647220084774619897e-01
5.734470380014349278e-01
6.492152718730447303e-01
6.232362999329563724e-01
4.367617810031187431e-01
8.005723958248184280e-01
5.459601956117201560e-01
5.865372391775272032e-01
4.509598621587844747e-01
4.924768189417674247e-01
3.628775548652847793e-01
3.202801099330285228e-01
5.732822813971398812e-01
2.796033224457256661e-01
4.634360354514270863e-01
2.821213362953273740e-01
5.441527719451386691e-01
4.438777463496740849e-01
2.750771770090776891e-01
5.137379480280770405e-01
5.703964262245034833e-01
4.672232189096251487e-01
5.345729362525591943e-01
5.950208629476607669e-01
5.994888100880992887e-01
3.451766550973245362e-01
5.976476813825782886e-01
4.294398231992478387e-01
5.356752509282713959e-01
5.519605814558560253e-01
3.875917923561497669e-01
2.203018374278978564e-01
2.145007224429746062e-01
6.619089550862257143e-01
6.119292948896154494e-01
6.121073184560115177e-01
6.317018766627129356e-01
5.935995799693393193e-01
5.666728886722176561e-01
4.932071387728056422e-01
4.673943250495201651e-01
6.403531083393891876e-01
6.217956247821675442e-01
2.463503330834518334e-01
8.171853299307477725e-01
7.733091558097113793e-01
6.070581254629244805e-01
5.304161811518588454e-01
5.969867466372272835e-01
5.355174631443466726e-01
5.627536122535674590e-01
5.230849654375281377e-01
6.286427915955902224e-01
6.078113453818008161e-01
5.898342209225096999e-01
3.483669694434151642e-01
6.060747118459735017e-01
1.889586582365205547e-01
5.222525374997329939e-01
7.484040481704455905e-01
7.596224553649796318e-01
3.296891957128189055e-01
4.882876977789616380e-01
5.868798487413018350e-01
4.766426732346731310e-01
4.513461158624152980e-01
6.037936529981556832e-01
6.164760842957290876e-01
5.663262055829914043e-01
5.032780934528127137e-01
6.201190333758751505e-01
7.104546138020865209e-01
6.595974876163241962e-01
4.617975460344099781e-01
5.968332129400429897e-01
5.955727811531308369e-01
6.122687613999269196e-01
6.126863324692480850e-01
4.197471402493206383e-01
5.181257883917090856e-01
5.885468059517778849e-01
5.743571576339914220e-01
7.576294736958890663e-01
3.594775660506157600e-01
6.188578995937122906e-01
6.260613299331876380e-01
6.672244277943689683e-01
7.274542570906554761e-01
6.676109472275348899e-01
7.739392228221131376e-01
5.078321006541371974e-01
6.597226631033100697e-01
5.874254158980447560e-01
4.926767140721945992e-01
6.129773789699357600e-01
5.397487041227896354e-01
5.967043513381640185e-01
2.114973918897782024e-01
3.417415707595111152e-01
6.017677614435077427e-01
5.674625476878111252e-01
5.645238015646703023e-01
4.223557964357528838e-01
6.176560949337029927e-01
5.669506399580905853e-01
5.565017618833558721e-01
1.925496056121747679e-01
5.153489056601981977e-01
2.204322878698981025e-01
6.046850462763594392e-01
5.931800164443008505e-01
5.752581394072092680e-01
6.134439971586397311e-01
6.065628355253727122e-01
6.017429298070630095e-01
1.910360280875373906e-01
1.881347492140367506e-01
8.144929757152701288e-01
6.403966503215159367e-01
1.881741034484092079e-01
5.888732127238844871e-01
5.090085211913996099e-01
6.376019111593341782e-01
3.162692973566150201e-01
6.552354026893388861e-01
6.126968700443009563e-01
5.075496433928397000e-01
5.290431285472911860e-01
4.742331603043244415e-01
5.945549236401784787e-01
3.494053758876492499e-01
4.917471183043359839e-01
4.755603377700090562e-01
4.808751574101201576e-01
5.930183975607540292e-01
5.027092606876057967e-01
5.846857622954628741e-01
4.822974461182258366e-01
8.188596971415040837e-01
5.931800725974119004e-01
7.235783906689420286e-01
5.438344411291634595e-01
6.254143026113452297e-01
4.190357951193043329e-01
7.208640512540379630e-01
4.891035351697652356e-01
5.685311395550681768e-01
8.173370787003911841e-01
6.019086545096976604e-01
6.077016310012943734e-01
7.229676077466804518e-01
7.583603037106777522e-01
2.293052256686887169e-01
4.561664331976555409e-01
5.420500902801734799e-01
4.406990755445421293e-01
5.818395141657365377e-01
5.357723475263800328e-01
7.413318811382969553e-01
3.706606075539509715e-01
5.836841049968068962e-01
5.866702902114896423e-01
5.920964779827074809e-01
4.061808686296066173e-01
4.802901583771878036e-01
5.619983449249206231e-01
5.367585588162423482e-01
7.159981086136851802e-01
5.319863614198049317e-01
7.546720792722981797e-01
5.851973689191101169e-01
1.912838854123800059e-01
2.223926251547564681e-01
2.203226614690357577e-01
6.439157485906857881e-01
6.078846852901431674e-01
2.039182882718313938e-01
1.899653860947022876e-01
5.684918024837352091e-01
4.379936054656901612e-01
6.084716921109049048e-01
5.902673925899299956e-01
2.999545210787861738e-01
4.800997167777387720e-01
6.098919446222451635e-01
5.991466062412265092e-01
6.667358545479746823e-01
3.013710036829972405e-01
5.990837703439376716e-01
5.892257130658454800e-01
5.907977603998905147e-01
6.147798027071280647e-01
6.156034904799004837e-01
6.094905068319790287e-01
5.970749175347067617e-01
5.300775651973094194e-01
4.795384749253910339e-01
5.835386967446193340e-01
1.885025068596852260e-01
2.385548542629923052e-01
5.524686556153307615e-01
5.928011614336765600e-01
6.072120531675289090e-01
8.186339619291131964e-01
5.685047153300600842e-01
4.214304004964374850e-01
6.181627068769615096e-01
6.236613290638969298e-01
5.311022484563761026e-01
5.663726691439029404e-01
5.418579688257699756e-01
5.729267619098805664e-01
3.551251424276382074e-01
4.998329685524407484e-01
5.674828748511155929e-01
3.759885614517117780e-01
6.085537637370208586e-01
5.996858684176790133e-01
5.134428736508178659e-01
5.695456244732349793e-01
5.835392380710715532e-01
3.551935622443684326e-01
5.917252286596506039e-01
8.178891328293781404e-01
2.872598615757018803e-01
6.077287067716118374e-01
4.672160350775940718e-01
6.503952109458580599e-01
6.390212325634051505e-01
4.902580441603309191e-01
5.415406123328764254e-01
5.355330799168007694e-01
5.641012741760648153e-01
4.588453659677082519e-01
6.204713783789893577e-01
6.355879650603021291e-01
7.395199030135458651e-01
5.920861699790103128e-01
5.831513333443759661e-01
4.694762380067453167e-01
6.065801604018156157e-01
6.668129401897781028e-01
5.758528906682384152e-01
4.231778354916590490e-01
2.809043329553647106e-01
2.607871250794570606e-01
5.857134444746647794e-01
5.762243996835869631e-01
4.447254236728725996e-01
6.091750887625536626e-01
6.169585268072060869e-01
5.182940691020867519e-01
4.379633156798293792e-01
5.554497363108429342e-01
5.927638973750654072e-01
5.916919972581737852e-01
5.579350580018168637e-01
5.926882281613491399e-01
5.810390435724969160e-01
6.443285826219030676e-01
4.332917173122709520e-01
6.624779555727008384e-01
5.237945945441317974e-01
2.965893178941559349e-01
5.341043739864153039e-01
3.406220349301423145e-01
2.761399780218766753e-01
4.757681230215089485e-01
6.348422438493764863e-01
4.445229051499540729e-01
7.941885302146856063e-01
6.188056836460805732e-01
4.207311325690746839e-01
3.814065842447164623e-01
5.732306361991159616e-01
5.748167778337527345e-01
2.548766813139266563e-01
2.013884634129240181e-01
5.997572573029137377e-01
5.053144424019810899e-01
6.473366700849094713e-01
4.964250521448212439e-01
5.889173354513740355e-01
2.559907528853134218e-01
5.324045185315735562e-01
4.715388956606798576e-01
5.135264898937595968e-01
5.539610569417900976e-01
6.857339707659553252e-01
8.153637140952536555e-01
2.203713298496782769e-01
3.220472774799232329e-01
5.216257117415760147e-01
5.247401784784461176e-01
6.751538405537071963e-01
4.924229368593907030e-01
6.475694179292905694e-01
4.158921099822553424e-01
8.053432920605514411e-01
2.413284329879796242e-01
3.261195750732112653e-01
5.910523055815879445e-01
5.534301010725082293e-01
5.676951448697670211e-01
5.960608047749548222e-01
5.087087925676401223e-01
5.795891280482462493e-01
6.035727356356090922e-01
5.404345637253114010e-01
6.118024342945070915e-01
6.020338320722237180e-01
6.162030472016171156e-01
6.576266896065593448e-01
1.916658253367139464e-01
6.169543564234208910e-01
5.982851115737896075e-01
4.374295049260685797e-01
5.286254828771648206e-01
6.175835892960221951e-01
4.285235719915773678e-01
2.084199611812312114e-01
3.175241301573111796e-01
3.295809405804445147e-01
5.595146299481026375e-01
5.923923814860654335e-01
2.391312328454497926e-01
6.165289599120827857e-01
4.754561784729404161e-01
4.929318228935863355e-01
5.187031728089673832e-01
5.682231506864747761e-01
5.814849771878988216e-01
8.150473835343602369e-01
1.883069789803687721e-01
5.907693537211172741e-01
5.796982873017403337e-01
3.205357634277815060e-01
5.768056554057674479e-01
6.028086145230119319e-01
5.212594199358134839e-01
5.724753463177842949e-01
6.253137579949080704e-01
3.892095966012322772e-01
3.333144969027857507e-01
1.889525288749931420e-01
5.812047899494309222e-01
5.822425707602801870e-01
4.759866753665190631e-01
5.058861896825014304e-01
5.612333764139508796e-01
7.891238720261498640e-01
5.968795220005560509e-01
5.124014049711251850e-01
6.152175222745074334e-01
4.318063143594078612e-01
6.314820064451119874e-01
6.266858208631367333e-01
6.219738156897016701e-01
6.189771158492725078e-01
5.595199713158619526e-01
4.942224261360056992e-01
4.718626373476238478e-01
6.047424377506155357e-01
5.492085607998073993e-01
5.982136212588635704e-01
2.867029028509028854e-01
4.340545881501116088e-01
5.223043815647445687e-01
5.813043325814563067e-01
2.856428796389079983e-01
3.963796645077183878e-01
5.891886602125522288e-01
5.926809235843886192e-01
6.877630696260081944e-01
5.847973721208163944e-01
8.072122343042673620e-01
4.955864358052227137e-01
1.907433922346107036e-01
6.513500877361115826e-01
2.225251259982937435e-01
4.923884538912314812e-01
6.354662896899297975e-01
5.920952146249351955e-01
2.320965343497083389e-01
1.958444060990635616e-01
4.741217284394534937e-01
5.682677516057574874e-01
2.181118722304088431e-01
1.982930127893519079e-01
6.829402116497812480e-01
4.702429780364612011e-01
5.872915371249266547e-01
5.801405162002899463e-01
5.516357079438470867e-01
5.623714314779374446e-01
4.503195456898871907e-01
5.471044973271044221e-01
6.177985842172685205e-01
6.037301545020301585e-01
3.779797394396224308e-01
3.349831535618628120e-01
3.144027142901222871e-01
6.264943738354239455e-01
3.114892959412500772e-01
5.521993916006717740e-01
5.554395223473564958e-01
5.805274339313363230e-01
5.974359463403317028e-01
2.907474185841701919e-01
2.945464215441307987e-01
6.167261418472317347e-01
5.952179735309373054e-01
5.779450840985984605e-01
5.796524902061808149e-01
2.180710673905843222e-01
4.277755042317496481e-01
4.591443252096919503e-01
6.140173775914206100e-01
5.534261798485751171e-01
3.069040372128561400e-01
3.472090448677338514e-01
2.851592980370573072e-01
3.284063738554346967e-01
5.910785310152237848e-01
5.502560374903302520e-01
2.323795649558997312e-01
5.481384020753259367e-01
4.804954666558222676e-01
5.941178755107469067e-01
4.042954101748968965e-01
6.133288399924944345e-01
2.662925980978553819e-01
4.998352002042127373e-01
4.312569552431329556e-01
3.407793081553009973e-01
5.781685366915704227e-01
5.882160800262721256e-01
2.678813601617728857e-01
5.478327467452280830e-01
2.127839753515065879e-01
6.242720000717461026e-01
8.188051137689084102e-01
7.763454677788559355e-01
4.728954565639907348e-01
5.527169987728971501e-01
4.321226541556682510e-01
6.188013815454656008e-01
6.069155167302392462e-01
6.029493210018088689e-01
6.107624537881927163e-01
1.902370766725658691e-01
7.117047233092120839e-01
5.080579759791015171e-01
3.236771719276454462e-01
2.382725940175849377e-01
5.848935174145931670e-01
6.035066431515696550e-01
6.465529157111135072e-01
2.673996671351656085e-01
2.568832718914073054e-01
4.847996709141468297e-01
6.203316840602736137e-01
3.549367652460317379e-01
7.305176908939166047e-01
6.188722583465873228e-01
3.644278611983147731e-01
4.853336503655752976e-01
6.264160942396643783e-01
5.635204948630797572e-01
5.668176910777807942e-01
2.521257674147003303e-01
6.095687667501032969e-01
1.891032896228526383e-01
7.677881890802612519e-01
6.483251301721897342e-01
5.362314515531068082e-01
5.832788051455718437e-01
5.763874304688529904e-01
5.395475494358078494e-01
5.238505248845587436e-01
4.621752128253163727e-01
5.680944817503155164e-01
3.717240395065813940e-01
5.652056845034916233e-01
3.666809832185726203e-01
5.710424930290459722e-01
6.051483661118113311e-01
4.384012579295565315e-01
6.468122451058497813e-01
5.927854070726312763e-01
5.853901099688376686e-01
2.273448593862628653e-01
2.463498449751452546e-01
5.160367590104381064e-01
5.701922584745144906e-01
3.862629993353440261e-01
4.981976725050551447e-01
6.517354818044867049e-01
5.973247832308524741e-01
4.537360749293576911e-01
4.433986998150984959e-01
5.738445642399530033e-01
5.409604394852410847e-01
6.051132804527724618e-01
2.029179410030794439e-01
1.925907284939697428e-01
6.019958154738186407e-01
6.528117769419097272e-01
2.964259653054144850e-01
3.231967742412472089e-01
1.907758541740776359e-01
5.723983088861864799e-01
1.976199771973491670e-01
1.944997630695577684e-01
5.873232892137947303e-01
5.816043933668345600e-01
3.381712894251514556e-01
3.007394924693511662e-01
5.058615140138926769e-01
2.228606685507887319e-01
6.656626671656499239e-01
3.593625343464878497e-01
4.747011317070057856e-01
2.682028350549042761e-01
5.914740564894405139e-01
5.825088595466160202e-01
5.855624788891851118e-01
1.910749288468301943e-01
3.715531128143091388e-01
4.766928842076229578e-01
5.274435498360412478e-01
5.940977438852891312e-01
5.955175111950579137e-01
4.875093159433495638e-01
5.865671250227576516e-01
5.753431872155537752e-01
7.563079755533242965e-01
5.369978485481782249e-01
3.981896659874773481e-01
3.851507211064015279e-01
5.564390116663242569e-01
5.629958968315936785e-01
2.229150439322450661e-01
4.954891232904954923e-01
5.545141713811729822e-01
5.350014741548889674e-01
2.338632983618484651e-01
6.057222879165837792e-01
5.476460594265847304e-01
3.363024637180905274e-01
3.165689460380553544e-01
6.419754544561590004e-01
5.431266828868673846e-01
4.425664634724603141e-01
2.113184240064206187e-01
4.642800778433963660e-01
6.580973032303957249e-01
6.432682337527153571e-01
5.864024918222572325e-01
6.222567167818996436e-01
3.257094109877101129e-01
6.085325274183619459e-01
6.425752342687461871e-01
5.411385605835046242e-01
5.907318678299160464e-01
4.422990052707344022e-01
5.479826504995390923e-01
8.179440580812743500e-01
5.656167640478516612e-01
5.018546311985216946e-01
6.275889071462970037e-01
5.854619127477023177e-01
5.694357124016926619e-01
5.298089339879077375e-01
5.649726668838995769e-01
6.067753419376191726e-01
4.874930755765520263e-01
5.669752654391807534e-01
5.485297103454229717e-01
6.089332599873736873e-01
3.232153230880491779e-01
2.701973677573187849e-01
4.910914387156049554e-01
5.600232363522421597e-01
6.876784132309956554e-01
5.140414808739794950e-01
5.672894734113370641e-01
3.565337823659092686e-01
6.513557939836372990e-01
3.384722334742933936e-01
5.789224741141700825e-01
4.705186306329045554e-01
6.309512819283662477e-01
2.233078252196245561e-01
5.752218686602347253e-01
7.233060418620756993e-01
5.959952144986498945e-01
4.952984219435234148e-01
2.204760969279095095e-01
4.040327960574615629e-01
3.453259543230373096e-01
5.067252955288924499e-01
5.089966269010590683e-01
5.219993203252869529e-01
4.789135121651356131e-01
5.804857676385920540e-01
3.619914825807704073e-01
2.568638915469420581e-01
6.146292341463172049e-01
2.682050979715701611e-01
2.513310575694453486e-01
5.483467933639502023e-01
6.976642108407894449e-01
4.763439045262327642e-01
5.175806487537406575e-01
6.024168226590401742e-01
5.865341877608736265e-01
4.691446691122878043e-01
6.588941734818459794e-01
5.629354721520685167e-01
2.249637300433356968e-01
2.387258249252053044e-01
5.686472682582827121e-01
5.747730323237743022e-01
5.868360881791881978e-01
5.321976783739655881e-01
5.971884891971886988e-01
6.401343803910884978e-01
6.391217423163177980e-01
5.585801059917779865e-01
6.240269114212706469e-01
5.868721029853164461e-01
4.531816815228113526e-01
5.279282074621554077e-01
8.173328466132043779e-01
4.690352118322761443e-01
6.068304154199264389e-01
5.973475485551991149e-01
6.702586804124553987e-01
2.104081115173307703e-01
5.135482004444639204e-01
2.232093638958236315e-01
6.005946563516609826e-01
3.690230632084769979e-01
3.469935756396129722e-01
5.288877171372325936e-01
4.158922286466705254e-01
6.019831795052013046e-01
5.116809570317477629e-01
5.261059914399195403e-01
6.305165294683198196e-01
6.252205222236971727e-01
6.058717110561748775e-01
6.463372460259926289e-01
5.763598832507804692e-01
6.545875772776176271e-01
3.186897357712465406e-01
3.264089452925104662e-01
1.975054912921545558e-01
5.927480880440567645e-01
6.380879155238440292e-01
4.380615448360576369e-01
6.492680790414500080e-01
6.507726961557382950e-01
5.757187303927259192e-01
1.887029555594068320e-01
5.972353114935720075e-01
5.929168946850239541e-01
5.991086724208566361e-01
4.075573527676696894e-01
5.840357156014168716e-01
5.597757040880166901e-01
4.520113333889854701e-01
4.742295390544055689e-01
2.419753085331911302e-01
1.903302379522688048e-01
6.676472876812166168e-01
6.346089974399623523e-01
5.516689021188048159e-01
6.107329605638908143e-01
6.299993961604375414e-01
5.703848271077723853e-01
4.574558276147486779e-01
4.165968409266728179e-01
5.421253569364534730e-01
3.063427193557591854e-01
3.938223368965360627e-01
3.911420256879394874e-01
5.909848453865095275e-01
5.785830933871811688e-01
6.231154555767509651e-01
5.945092949746675348e-01
3.242459770433768762e-01
6.410626743864371591e-01
2.188439513775568002e-01
2.274351848488385397e-01
6.077756195298883446e-01
6.025012661878006437e-01
4.177431913279281983e-01
7.900895919464446804e-01
2.933643517084639774e-01
5.614328570381752481e-01
5.679810926066619636e-01
5.932601815132052536e-01
4.680631978264839788e-01
8.186802708000106010e-01
4.823659566013664413e-01
5.830546720657032722e-01
3.562234061896540904e-01
6.454037215195308486e-01
3.746415756273959174e-01
5.304919205052879283e-01
5.259130387221109260e-01
6.630717299703853262e-01
5.666118673173493603e-01
6.247374948198259892e-01
5.581444313688849190e-01
1.883850342076159590e-01
3.127914951702784885e-01
6.241671427786155135e-01
5.978811800488825767e-01
5.932039764194508846e-01
6.865093430526888474e-01
5.718283722856866147e-01
4.685411446690002091e-01
5.911802425224835789e-01
6.104982130316635169e-01
6.173346376644428535e-01
4.719301471768864720e-01
6.027970502998920566e-01
6.364224848460097173e-01
5.257304408652364591e-01
6.182220060582760413e-01
6.041790459077798214e-01
6.239186962360253608e-01
4.504945193552970517e-01
4.915150064294053767e-01
3.835813631104942334e-01
5.545970445400781879e-01
3.244955033794811872e-01
3.173784224002654253e-01
8.175515705641762665e-01
3.025544774904737610e-01
5.693683102960016562e-01
5.823553207370237850e-01
4.678371607876327110e-01
2.489397131621309267e-01
4.727574112437742948e-01
3.470242445139088416e-01
3.686510889189773543e-01
5.290631093435123056e-01
3.005017151223818850e-01
4.825029779431608268e-01
6.153853705283266473e-01
4.376660554475749199e-01
4.914662293880987520e-01
4.618454625381725465e-01
3.847759214996385180e-01
5.746479175532972494e-01
5.214849791494081677e-01
5.697606157984159703e-01
5.681288566246294192e-01
5.733237726459097239e-01
8.171471227469371268e-01
5.763217753802619692e-01
5.116274967587580713e-01
7.536353685732007923e-01
4.369178815624376599e-01
7.458431669877793047e-01
5.814703162482977028e-01
5.887610574866687374e-01
3.199373365850534667e-01
4.924745378028413390e-01
5.675572438079033999e-01
3.730563160006253320e-01
6.248189417381065924e-01
3.137938928012097839e-01
5.880238101053441024e-01
4.792656286357287465e-01
4.512154278092368465e-01
6.651765655559859214e-01
5.975479535845894530e-01
4.097992243886167674e-01
6.326370216160006610e-01
5.765251084422330363e-01
4.575087711636072196e-01
5.130716189130289928e-01
5.225793504885509755e-01
6.213513162324749706e-01
6.093938116379085113e-01
5.489204815432150442e-01
6.249849281742703155e-01
5.654525651071587999e-01
5.410148995593710985e-01
1.927550372840281523e-01
6.896186196556495229e-01
7.442194186557672397e-01
5.317711134533666950e-01
6.272969639124120755e-01
5.246306328584231515e-01
6.532093852361174902e-01
3.543958677909637145e-01
6.270035438102627978e-01
5.960683056314951545e-01
2.616807588608603963e-01
5.409014703315133676e-01
5.128020080049313645e-01
6.777589061793758418e-01
5.611912864553183500e-01
5.918412435213382672e-01
4.889130759824201755e-01
3.437492147759759198e-01
7.255764568715781238e-01
5.515880955909822081e-01
1.902010676129420319e-01
6.177156045106946269e-01
3.571480301094986931e-01
4.876915336452841698e-01
4.343728181446646630e-01
5.672750556810934874e-01
5.723948601913297907e-01
6.074047547588252716e-01
6.095767670598705168e-01
1.880684934588235935e-01
5.408847232123933368e-01
6.114814175694012199e-01
7.555661139262379589e-01
4.852448775406226211e-01
6.128516886430148691e-01
4.417692233372590427e-01
4.919772861686494414e-01
6.123832078640220056e-01
8.177883318674633584e-01
5.130660030854142795e-01
5.082593664016592516e-01
6.846693681345918936e-01
6.197314442670249779e-01
1.906041834953871306e-01
5.982368183323626409e-01
6.019238992904374363e-01
5.882697877677672826e-01
6.075529836806244921e-01
6.097372831304884722e-01
6.047440887287323097e-01
6.178054943131197074e-01
5.892078188703803177e-01
3.766769916348056690e-01
4.245815783416280742e-01
2.492532434138033104e-01
5.867900772882033156e-01
5.267499327537837894e-01
1.877290527120955288e-01
5.406451696389018569e-01
4.185518052885729423e-01
4.093164738415133730e-01
3.273038913874260492e-01
5.820280483145169326e-01
6.477882437510701363e-01
6.106785346273986281e-01
5.575229617521676451e-01
5.772711948559283712e-01
7.873071522904514508e-01
5.967199941735350510e-01
5.386199587208058137e-01
3.701023056177003556e-01
6.608923754137214779e-01
5.877582496466562390e-01
5.498701386690969528e-01
6.084061124832155221e-01
6.280172479960277609e-01
2.370361292228834460e-01
5.562962264443452876e-01
3.265835665594251092e-01
6.062604588686445473e-01
5.717313748339015733e-01
5.806271779902660857e-01
4.876776325046594529e-01
4.755807577449009393e-01
5.909415038726912872e-01
5.249717913804102798e-01
4.246368831838279179e-01
5.869806335781363460e-01
5.674658361479443247e-01
7.101490751103537447e-01
6.512014168882652720e-01
6.471158392255350611e-01
6.807435169674116437e-01
4.371414973950026872e-01
1.979955511186223815e-01
4.499220377562561102e-01
6.648340075074371525e-01
4.620313851848644737e-01
5.380150538711668817e-01
5.847800516649542812e-01
5.426220631433597008e-01
6.252637051712714999e-01
8.046605742456304222e-01
6.402073706951700860e-01
5.900943033382777259e-01
3.995884181083261821e-01
5.882036360492965965e-01
5.174024222122025618e-01
2.338201367396773589e-01
4.597676036886035322e-01
5.665216825842874782e-01
5.156140935156745542e-01
5.138590820418245109e-01
5.313740993901200360e-01
6.584836785021330741e-01
5.600547315389537983e-01
7.837649042633976215e-01
5.752118190467898629e-01
1.877642908344671901e-01
5.110073655101488033e-01
6.254950669965210208e-01
5.941448555318656899e-01
5.716235463368755099e-01
4.543907819854687835e-01
2.921523725279925321e-01
7.575554358002350996e-01
4.677260789449524392e-01
4.171639322044994325e-01
4.267827411336879151e-01
1.933015850039808137e-01
3.311015889586237937e-01
5.443163489890079365e-01
6.908114713724466949e-01
6.720328037820487710e-01
6.108729038744501461e-01
4.985017945480620938e-01
6.418068071860184576e-01
4.382483538943535706e-01
3.583109237926335733e-01
5.862339713009953046e-01
6.301993085322925570e-01
5.762623322012419003e-01
6.870764385160478271e-01
3.113100903077624659e-01
5.993712931161130353e-01
3.103618086039323098e-01
5.781975354463418926e-01
5.791680393848880337e-01
5.890439796623876401e-01
4.118703813931989255e-01
5.148503970574785926e-01
4.935897788325228630e-01
6.509632729692228503e-01
5.916074536848497933e-01
6.322801873066593581e-01
5.683101252026846462e-01
1.894867102775313616e-01
8.143157509885091683e-01
3.681230768181826263e-01
5.151347066153447729e-01
6.361643494909861030e-01
6.268702868411896167e-01
6.264619811818437078e-01
6.281796592661648138e-01
6.205794925007273033e-01
6.207891638497692322e-01
1.959078266833336190e-01
4.803013245230113304e-01
2.825850952888979140e-01
3.043610537065489230e-01
5.918269455634681542e-01
5.957980684521535508e-01
6.933009431233645437e-01
5.808696301482856317e-01
2.876648842972064357e-01
8.185748583624333774e-01
5.488226798279787211e-01
6.230942875140493831e-01
5.815403225990265490e-01
6.032615301778753159e-01
1.919096374674273686e-01
5.416780941998061705e-01
1.896067462294528938e-01
4.451183453105801435e-01
5.892063963986031716e-01
2.382217321059069692e-01
5.902217765718915654e-01
5.410503067828761337e-01
1.986846304333374502e-01
5.743594383308736617e-01
3.425623853765702997e-01
6.421624539049676228e-01
4.692776308838012556e-01
6.330121513451427706e-01
4.362248234740915831e-01
6.330284184578146567e-01
4.840996557092933639e-01
3.437002009574361416e-01
3.266092054089699825e-01
6.025769443953202797e-01
5.833838357294568455e-01
8.181938225214976379e-01
2.045504963937342935e-01
6.734456576889683577e-01
2.556069655661261097e-01
1.910151033889970207e-01
5.662499805410620146e-01
6.025466667692476186e-01
2.947411182089165194e-01
3.882285548509102902e-01
5.905929902162448952e-01
4.923614934264810561e-01
3.525276215161118887e-01
5.876471980068449508e-01
6.014428028467737608e-01
6.064910974358947993e-01
6.011288033559886168e-01
5.884468003875027442e-01
6.387235999024740707e-01
2.882533287448172943e-01
2.732658248009451896e-01
5.929734198801629441e-01
5.908206650318090780e-01
1.918249615053956858e-01
1.897635012377469343e-01
2.741544846382633627e-01
2.594718120366140690e-01
2.465087367149234321e-01
5.916449625657111966e-01
5.164596069612270579e-01
4.289337568977841242e-01
2.194279174308499669e-01
5.394354721087590843e-01
1.974086115474816550e-01
1.944814973162408700e-01
1.887090145849452394e-01
5.351097108479709874e-01
5.178258296266234906e-01
5.788424006593347881e-01
5.229705070499535147e-01
5.888430495858446578e-01
6.082712169330900531e-01
7.481534786016027505e-01
1.958790494275320371e-01
6.591487339033981208e-01
6.012978816613511190e-01
7.758121818746067655e-01
2.348474505451607075e-01
3.292902562989141191e-01
6.318485534926185920e-01
6.395167527409399977e-01
5.669258352122691358e-01
6.050120617520680089e-01
5.581437557066457611e-01
8.172033860917943260e-01
6.155282825227107457e-01
6.032158762337443969e-01
6.634927110328128208e-01
2.085489784434676475e-01
4.888660322349125398e-01
5.601340597841607538e-01
5.730859388989281156e-01
5.708061676478024538e-01
6.006543141223207316e-01
6.768405072291352464e-01
6.262602055454106198e-01
5.922291977373643768e-01
5.409841535404389390e-01
5.802516051492678795e-01
3.229571627075125684e-01
6.517547350551462504e-01
4.655617012177583058e-01
4.667172234881534765e-01
5.939100517335974549e-01
7.169055174661286278e-01
6.529045442400657207e-01
8.151448581109806968e-01
6.041652659197090935e-01
6.957622393986965248e-01
5.021272762800229605e-01
5.982026067764480981e-01
5.567816739542169602e-01
4.117027662621287609e-01
3.687560241695972407e-01
6.065156302086407436e-01
2.271588075407599550e-01
7.156106227658317609e-01
6.500200637371785772e-01
2.574299799366285835e-01
5.585568878415252403e-01
6.275714566078578471e-01
6.636761384242136907e-01
5.582818943408404122e-01
2.077179319652197875e-01
5.857041207727977650e-01
8.131914684557987050e-01
6.259863396271294622e-01
5.755034797087610343e-01
5.920490082404865628e-01
4.417085984674197219e-01
6.652902822885702339e-01
5.079507662703288684e-01
5.918286640008356692e-01
1.972930326521988298e-01
5.370862970204117737e-01
5.539901238219445689e-01
5.599933137737513889e-01
5.543119693024565198e-01
6.213186532435449605e-01
3.702007810672350852e-01
5.528110587108626683e-01
4.217349284977187640e-01
3.530269069556160599e-01
6.401922972095525077e-01
6.356210909974059353e-01
5.737409407856723931e-01
3.280461858975179945e-01
3.303029278086821452e-01
3.306698285712048602e-01
5.818502954039692643e-01
4.060481271598627706e-01
4.609993867127524791e-01
4.860365517310875072e-01
8.122287308235603964e-01
6.100717803798600958e-01
5.940095225441875959e-01
6.037283952264281828e-01
5.695856363830202884e-01
5.260690935218362840e-01
5.875917793445138981e-01
2.146326351226751916e-01
8.179306640807151307e-01
4.756745465413606544e-01
2.161473046227589123e-01
3.492017666652191266e-01
1.875843205794878454e-01
5.117126362427647512e-01
5.277530595575323780e-01
3.901495216745800576e-01
3.612634206623464017e-01
3.264086749725571002e-01
5.309783055666265073e-01
1.969896457032914994e-01
6.765553029385369399e-01
3.903979320660558305e-01
5.958381278814723903e-01
5.900026030054461579e-01
2.069835312659996096e-01
5.750112876696141795e-01
5.162588316258922561e-01
5.225764314121648102e-01
5.974646413908558662e-01
4.152284444062973590e-01
8.059139448594159205e-01
5.823228316243552749e-01
2.906705205573963946e-01
5.739646629643833098e-01
5.919124615117085098e-01
1.930320005461308441e-01
7.625408142130508660e-01
5.591812394454498403e-01
5.934590526523196852e-01
5.214580661330379119e-01
6.133283778551651411e-01
2.950801325024037802e-01
5.770790321295979908e-01
3.619200527607688844e-01
3.802545205310681742e-01
3.512184824830834051e-01
5.567516137278237798e-01
6.044486360716010420e-01
5.862812426064142324e-01
2.230645565026812271e-01
3.256795640094551358e-01
6.517971954988700523e-01
6.256264626197240997e-01
1.963658312705666431e-01
5.394734642802081481e-01
7.564544786292365375e-01
5.618741753492884072e-01
5.735903127220739472e-01
1.891168662633898045e-01
5.922793715254527358e-01
2.266753395623051781e-01
6.032263355261854310e-01
6.770236563761771187e-01
5.424076746952052330e-01
5.716292882977094258e-01
5.797328107466133140e-01
2.456488067118665908e-01
1.915814704679185965e-01
5.623807462064385199e-01
3.933963842069039818e-01
2.829839990689309581e-01
5.305854180191359459e-01
6.203291915445506843e-01
5.878898687591720407e-01
2.456128686617037316e-01
5.503847503564979204e-01
3.783064860533568163e-01
6.573241424016595946e-01
5.958861473522120145e-01
2.106441806060644351e-01
5.171348855491894048e-01
4.207873508050470890e-01
8.093735628958669270e-01
5.761440491807292563e-01
5.678034230941430005e-01
5.906028440531074786e-01
5.898569531165167579e-01
2.671395145532521331e-01
5.780732808069446449e-01
5.656246082974466516e-01
6.820791928768984436e-01
4.860887581619868225e-01
2.922774743222497085e-01
5.235367584703543020e-01
6.342070685767986493e-01
5.415486482155436043e-01
1.883296168855651265e-01
2.014769698847884150e-01
5.651269284543056770e-01
3.281374971678022168e-01
5.290894038113210796e-01
5.832316450975570943e-01
8.173636951080881508e-01
3.250410675419886375e-01
6.039413034255025625e-01
5.913570716306246755e-01
4.665646891093285786e-01
4.792437331524265764e-01
4.704275205298637519e-01
5.942029206422370091e-01
5.770246916946241145e-01
1.887758573256017036e-01
8.152851096313603607e-01
3.881237171577940903e-01
5.717130985641936114e-01
5.425324677727145772e-01
3.116765948981105594e-01
4.957070080256376077e-01
4.989826008465822471e-01
5.335859100502655661e-01
5.227038074018792724e-01
6.544877663034486259e-01
3.164332119443120650e-01
2.915757063071919286e-01
5.988937832604137590e-01
2.598541422001673373e-01
4.723775821399147645e-01
6.192053927883657272e-01
5.939287790582565840e-01
5.779391758500627141e-01
5.669759989674872935e-01
5.800732081257657935e-01
4.577208547394757687e-01
4.856937979930442961e-01
6.206474019942028741e-01
2.535678291526962114e-01
8.185378472746425160e-01
6.019895651628129896e-01
4.187642532736340351e-01
4.708717731439515108e-01
5.984438868452045535e-01
6.255022740694763383e-01
3.047165847034896125e-01
6.097822942322735917e-01
6.403811418559282043e-01
5.683049407018022636e-01
6.262770999382952786e-01
7.250604778550568952e-01
5.947827649427988028e-01
5.586205492610875067e-01
5.887089448093982824e-01
5.776358464941997450e-01
6.416377331852798349e-01
5.832968628345835960e-01
6.338144521475499449e-01
4.615451296539074821e-01
5.245222026115285985e-01
5.137226104628745960e-01
6.618968959536613017e-01
4.917288501836876713e-01
4.481679129959464380e-01
5.522341678911850682e-01
3.494168731547615536e-01
3.534409325777327360e-01
5.567526036677893364e-01
5.962407222157675157e-01
7.945393790685454372e-01
8.069660379919743054e-01
6.360864745242201801e-01
5.782398828571491123e-01
5.572952154148946846e-01
2.691801681660730416e-01
6.517362110443469803e-01
1.886887647204688045e-01
8.164027838124794378e-01
3.131156601912706838e-01
3.209066459199668153e-01
2.310945487129542897e-01
3.266484983216341731e-01
6.088724118037677213e-01
6.041191426414146415e-01
1.883878068317197119e-01
8.176682490087388011e-01
2.402418362702622712e-01
2.242614359573252836e-01
2.593696028273826948e-01
2.857961273578776273e-01
2.947741681577599193e-01
3.417913095421865055e-01
3.536568176579336087e-01
3.701542228133555268e-01
3.743845420371652577e-01
3.873849636084005232e-01
3.891121386432379592e-01
3.907021601337125061e-01
4.029711218837617182e-01
5.787683226058950581e-01
3.283333365252255054e-01
3.150972893769688477e-01
3.019832497094823154e-01
3.321278404009012641e-01
3.321936421514909421e-01
3.321549395619657341e-01
3.320072814806364070e-01
5.493886962438574439e-01
4.756897222775710588e-01
4.404442413243486176e-01
1.883251302177861852e-01
2.586173457664123210e-01
2.535978733579090094e-01
2.523389061859783733e-01
2.804897601682443398e-01
2.823861229469341039e-01
4.231003191120591977e-01
6.704180148836532682e-01
6.694835560373031402e-01
6.345587893086909181e-01
6.004114926676539232e-01
2.034603368827971881e-01
7.911630291064439824e-01
1.902899906998563040e-01
2.082052574327697969e-01
2.736233235417409038e-01
4.954857918599050448e-01
6.827002023131389929e-01
2.018476903213515805e-01
6.670118311224744190e-01
8.182799203035781010e-01
3.288094247447012064e-01
3.783422591768210164e-01
3.173943229249866493e-01
5.882809016903300936e-01
8.181426999844767511e-01
4.706393142454686762e-01
5.879449939537274572e-01
6.959238712335586996e-01
3.375876354392410850e-01
5.318932979202136702e-01
1.935811525383111797e-01
7.104376888161322290e-01
6.602633111871194505e-01
5.451426900352220883e-01
3.623161521753388015e-01
3.821690526478517813e-01
6.175192757899118368e-01
6.801864067961832516e-01
7.904412497002549776e-01
2.415693405914514647e-01
4.147512437063709534e-01
3.393790562440863745e-01
5.777369376257884825e-01
3.087566107977235963e-01
6.175628421028427351e-01
2.194206437556244504e-01
2.648750776532369233e-01
4.043584149484187318e-01
5.655254927486913497e-01
5.198375139915364374e-01
2.492964647892953467e-01
6.630875506166652444e-01
6.229617848087163345e-01
1.897697722731093994e-01
4.900773833845613048e-01
3.220947531789308815e-01
2.905444522780186167e-01
8.189570500226348582e-01
1.922660704333470638e-01
4.933339832463085051e-01
6.645737751355752509e-01
6.382726135151175484e-01
6.679714442043434008e-01
5.137770784970062676e-01
4.397471896591828022e-01
3.933228281773357149e-01
4.934887608628300004e-01
4.113878828000562260e-01
3.014823116723429619e-01
4.782212477451478483e-01
8.174394856118047947e-01
6.150392447117979389e-01
5.932262898600878520e-01
3.613548362298568128e-01
6.179456196014257996e-01
5.805983778538101880e-01
6.646735523561965175e-01
5.387900900479933863e-01
2.043565421102316870e-01
5.722687448684842249e-01
2.123238967322837456e-01
1.933278906997078495e-01
3.872523236312412909e-01
6.187328887463243721e-01
5.286295330286796545e-01
5.581434838554751865e-01
6.648036085001894913e-01
5.779680091017500576e-01
6.023799468357521336e-01
8.095258167991099540e-01
2.666503628902462397e-01
3.569293818289752673e-01
6.525921327114219128e-01
2.335290705355594632e-01
3.357984694633797673e-01
4.332584036317528309e-01
5.377509494895093001e-01
4.799071494372920132e-01
8.149085876505326453e-01
5.524227799549914497e-01
7.907589631742260039e-01
3.617072459965198217e-01
4.778704617658685039e-01
5.842972647565264355e-01
3.980246395319975150e-01
4.225927665164479485e-01
3.534976391387388839e-01
6.388577528689172169e-01
5.820542820204499534e-01
6.757800126601799517e-01
5.935192710185136500e-01
4.650017593221759116e-01
6.054427801307679102e-01
5.778241095588882992e-01
6.612768259778276647e-01
1.896416837074945405e-01
3.913719440086902979e-01
6.178416629218262957e-01
6.040422985501373576e-01
3.812141484474290132e-01
2.384010411543643349e-01
6.458998703636898986e-01
4.251670939045764652e-01
2.040342486692785229e-01
4.596191163297343452e-01
2.408104403192794785e-01
5.568280869865230853e-01
6.948058142437264495e-01
6.149392428916149456e-01
2.772851567337148992e-01
5.724583547545635254e-01
3.584296662330878069e-01
3.400229399619894566e-01
4.857620967144899993e-01
3.954098913542780647e-01
5.333918663110347458e-01
5.137307198143046261e-01
5.798693816410678270e-01
6.173946571250066295e-01
3.677507804513328593e-01
2.344421505209507983e-01
3.044108120884585489e-01
5.916168915400494832e-01
2.092428000382323683e-01
6.065445937614118987e-01
5.198750552306878880e-01
6.545984316322949192e-01
5.911345567948099733e-01
8.170324739381489287e-01
5.909959264092137232e-01
7.556918406682306966e-01
5.567972271376441240e-01
6.282269614431387206e-01
6.223057183589876251e-01
3.914413906048883618e-01
6.103808296080929230e-01
4.839812883593185844e-01
6.359033423596700541e-01
6.367144824146130366e-01
6.037434011995430616e-01
3.235322828505663995e-01
5.365752153721544682e-01
5.857541705350332029e-01
5.888171915911107890e-01
5.831823957447991313e-01
5.944272052032915088e-01
6.146417700832916831e-01
4.735506788154008606e-01
5.661236375272329369e-01
3.593161800541837536e-01
4.794613580898762217e-01
5.921748781761214664e-01
5.871032871894733551e-01
5.293523636960316692e-01
6.086205858978421812e-01
4.713600929829567798e-01
5.981450472856580935e-01
5.884387185448005653e-01
2.374994507248368580e-01
5.864942067172785878e-01
6.704967995631545552e-01
4.133191654650651414e-01
5.832471184044557555e-01
6.342841450655680724e-01
3.453752985572862699e-01
5.767314146367337191e-01
2.028823042524922626e-01
5.127563643546284577e-01
5.061477932551979864e-01
5.703846199093748348e-01
6.748595375824532061e-01
5.394682143673711350e-01
5.983886771702335849e-01
3.661015203777224780e-01
2.249333133101879545e-01
5.783711770080043335e-01
3.089651463318945357e-01
2.311447013953802643e-01
5.957745756483242561e-01
3.686275249650044494e-01
2.246567912843712156e-01
5.837789045788180919e-01
4.552777855709505550e-01
5.772501964895209170e-01
5.707811139689447089e-01
5.913799918309500248e-01
5.982233750342746958e-01
4.567054388798005848e-01
6.098981667782499283e-01
5.674279644657878041e-01
5.722001196329411510e-01
3.516835711163349698e-01
5.608756566793114962e-01
5.852305008693390320e-01
6.341237990540852243e-01
5.530929652256069140e-01
5.466281581265175493e-01
5.817264001529216522e-01
5.934056646787659872e-01
5.910115199458270130e-01
2.889532040693124082e-01
4.796208649756650289e-01
6.017824543818024452e-01
5.596504997209476029e-01
5.112264732389490973e-01
5.102451988903361491e-01
6.071688319458035110e-01
6.041520187874720449e-01
4.597871463490013633e-01
5.589714890157934102e-01
2.596329124651997056e-01
5.851102690135712159e-01
7.229089306784990399e-01
3.565238561623489399e-01
5.308097001720014640e-01
6.810545088880107789e-01
5.007625538499367313e-01
5.874225959633933014e-01
8.047093090321356668e-01
6.065569489422089067e-01
5.782044050113980260e-01
3.696940944032152676e-01
6.381321591742727950e-01
1.941929894578281468e-01
2.481721863351705748e-01
4.635355897559353400e-01
5.550127134302416110e-01
6.028477093550043131e-01
6.935114430182739431e-01
5.677364158600558541e-01
6.343876486660110503e-01
6.196968243988379976e-01
6.328788400363793976e-01
2.713184918134056156e-01
6.079570224648992438e-01
2.856537316265194137e-01
5.136561067166862671e-01
5.863844732607905730e-01
4.696328688283351593e-01
6.351794868823062989e-01
1.888943676702928010e-01
5.664915589602890211e-01
6.205534389894050706e-01
5.430561434665219789e-01
5.285275213730723509e-01
2.168770942455649775e-01
3.033296842981634822e-01
5.998319494326911361e-01
5.804915240437006352e-01
5.829541810547863578e-01
4.466751408715416427e-01
6.204394226580539629e-01
6.000855834777685249e-01
4.551179440475777715e-01
7.611183157758906193e-01
6.256928678487575501e-01
2.749662203328565591e-01
4.838755429076995185e-01
4.755435013668165012e-01
5.972455949441259904e-01
5.941456971025990130e-01
5.103182511936181776e-01
5.848494459364218523e-01
2.064884743367139119e-01
2.171463632685834144e-01
5.243498387577872899e-01
5.424961455398961130e-01
8.085873444166504775e-01
5.630725836445683585e-01
8.139520571101457325e-01
6.106340795382153575e-01
5.877559973432692209e-01
5.920242038233350934e-01
5.839208514576097464e-01
5.345869153335587320e-01
5.586347300089655743e-01
4.836902630805631764e-01
6.334569965782858025e-01
6.057948342473383763e-01
5.746288152906489088e-01
5.615084412999685748e-01
5.903228765304288084e-01
5.879666255750962689e-01
6.496539926784741237e-01
2.069475900910094646e-01
5.600197947463791959e-01
5.094541052992955787e-01
6.423450323128671036e-01
6.444895598629477584e-01
3.485013151507203033e-01
5.705178786931897061e-01
5.848110553852587934e-01
8.167770302409145255e-01
2.594219232846988743e-01
3.502920774093858380e-01
1.923279633610181782e-01
5.422462510227840093e-01
4.750339164168217998e-01
5.982986576268353174e-01
2.705797107854261974e-01
5.477774879528265473e-01
8.183989573362828729e-01
2.343790112294803218e-01
5.893539547223481945e-01
8.177103383550837767e-01
5.956609059905315640e-01
3.786502980837837540e-01
3.539500441096705696e-01
6.432728441500251693e-01
4.770017570812513652e-01
3.865069058604080343e-01
5.780683357609639472e-01
7.427418926526904164e-01
6.748357588775704130e-01
3.583559776432530541e-01
5.255861349569586061e-01
8.181152005864911203e-01
8.180890359240785559e-01
5.996091164485355396e-01
7.590363316406109062e-01
2.994322927058802875e-01
5.883177905494119120e-01
6.526472463144823433e-01
5.619542897083941169e-01
6.233997117423356604e-01
6.018609985254277372e-01
6.288212505461140411e-01
5.663452472493684109e-01
3.576568617618303692e-01
4.377122683497341460e-01
1.945101574797599153e-01
2.515012425801403384e-01
2.565801812847488539e-01
2.064179171555718673e-01
5.881174393762226282e-01
5.425388726633489922e-01
4.435447644372191855e-01
7.572440413105834267e-01
4.526717239247743385e-01
5.921634776403598144e-01
3.394854418641883864e-01
6.688749429483161757e-01
8.174628534167051042e-01
5.953454200393286655e-01
7.041972210141957955e-01
3.575678777054459578e-01
3.112385875999653106e-01
4.422712575652223421e-01
8.179161789946122196e-01
5.896799482363217493e-01
6.041112687064157383e-01
5.551406115741612801e-01
4.068250953551068583e-01
6.334135613480680327e-01
5.892552062495900467e-01
3.262421308868958536e-01
2.513210181896550766e-01
5.925117481428350263e-01
5.603859328652373017e-01
7.630228374592520346e-01
2.909191711224055621e-01
6.174834599097328569e-01
6.284098014908213736e-01
3.923217006304316468e-01
5.325821894892474040e-01
1.884244155935073661e-01
5.899413593350251173e-01
7.192040767372674948e-01
3.647160175768364154e-01
5.123371961578402356e-01
6.242795751024556861e-01
7.987654905318185561e-01
3.451583170805396228e-01
5.659450641478309674e-01
1.925464316904482165e-01
5.757483170462542876e-01
5.704947576180364743e-01
5.766878797839768422e-01
2.670740607121191434e-01
5.651776381044687492e-01
5.762061682507878535e-01
5.860752133254789609e-01
5.918891112590335402e-01
5.449431197963472417e-01
7.405079766254895057e-01
4.994285809629362971e-01
2.120969415359575949e-01
5.961013881217720467e-01
5.717694938495896384e-01
6.608241248086543784e-01
5.728609091834808709e-01
4.566915398587271246e-01
3.053533526063696990e-01
5.814669865039469032e-01
5.102864490850759216e-01
5.016354876231006177e-01
5.982367027862017794e-01
3.647884987164662363e-01
6.181464040462779641e-01
6.650749815504070073e-01
6.461251374338549125e-01
5.137035124155977517e-01
5.902900929434552468e-01
4.305199648251523126e-01
4.641188400068910203e-01
6.218994186850015371e-01
6.187481054484736953e-01
5.705778994511698787e-01
2.163270161325305807e-01
5.983953749220518592e-01
2.392910987336679118e-01
3.105546615711684000e-01
6.337795080442323314e-01
5.745646476003019032e-01
6.010612190950831435e-01
4.073544646157564730e-01
5.639704226121595720e-01
6.194335619232899104e-01
6.568389975379727019e-01
3.068596900662766136e-01
2.860683613824923088e-01
5.817334634487884015e-01
6.439758828171463501e-01
5.243181407336240385e-01
5.779812670663393437e-01
5.644619326667837944e-01
6.208399354231979306e-01
4.853149429710180707e-01
5.817153884477919146e-01
3.986246310091829947e-01
1.902632543709011637e-01
4.652868267796851365e-01
6.942629285485878432e-01
6.144554869088569848e-01
6.213273101071883353e-01
6.127043494015798064e-01
2.207802735052326604e-01
8.130587897014713850e-01
5.794821327145139866e-01
5.869246398002622156e-01
5.541522183463281070e-01
6.351572544904825479e-01
3.154006901123146411e-01
2.383580658458001045e-01
3.052526423197393091e-01
5.595607890654442640e-01
5.800073666476646128e-01
5.975779767700016842e-01
6.656875771998606028e-01
5.974959981671882359e-01
6.611085557792383272e-01
5.344865532199221114e-01
8.154326145284326310e-01
5.957566735596081520e-01
2.259647660987213480e-01
6.009617455290893195e-01
6.195616941920512044e-01
4.714813796921730749e-01
5.730664359786757922e-01
5.876385977962380602e-01
5.207406932696104773e-01
5.143935880546781636e-01
5.104042396466409448e-01
5.532356330093062269e-01
4.750584029011601928e-01
6.257495134525583591e-01
5.845800258096047752e-01
8.171491547878720896e-01
3.607159606407970842e-01
4.208968404838106525e-01
5.816741020646978289e-01
5.824758118222190806e-01
4.690959952685322953e-01
3.233858071455345540e-01
5.135478215082805997e-01
6.598422034832256422e-01
6.819359035542701397e-01
4.625340805899347263e-01
3.434044815375055237e-01
5.349968865943599550e-01
5.168435242783324668e-01
4.375161495916683463e-01
6.010605331354681446e-01
5.536265272378265712e-01
6.050408686384519674e-01
6.377053565485665265e-01
6.071327401806352331e-01
5.700860424491246414e-01
1.899454706261406445e-01
1.891655736533927046e-01
2.877470398940047414e-01
6.804863145134930624e-01
2.953424083652574361e-01
6.161710683516774534e-01
1.879425563909458974e-01
6.860374962222974826e-01
5.219137054942086795e-01
6.188564989087512735e-01
5.243759362140779645e-01
8.186481403461068895e-01
6.359857457726451058e-01
5.960292025520735892e-01
4.872446346417548257e-01
5.922836478010756744e-01
5.231593348439091962e-01
6.965305573809743578e-01
4.878540519333296466e-01
6.035819643155290182e-01
6.000265516148961531e-01
3.999664437035033160e-01
4.503820789010611336e-01
3.528474193469665621e-01
3.309169815992559216e-01
5.816720780752749898e-01
5.225283841074865876e-01
5.419594126390995248e-01
4.764797080572445442e-01
2.613813117959794541e-01
2.559867438243300097e-01
6.054622040862249754e-01
3.921791312649604011e-01
5.783322668787665988e-01
3.956228572270464872e-01
5.848161968049305770e-01
2.345924135161633062e-01
6.991235616572950562e-01
5.809045765078534318e-01
6.064140950616105918e-01
5.065355673652496282e-01
4.233634573995300188e-01
6.084991407189366264e-01
5.466642947700969257e-01
6.525717071024462745e-01
5.891660431151936050e-01
7.611244384306816713e-01
4.799074288625905238e-01
6.075749692537486535e-01
6.102075858680138243e-01
5.395502317491627231e-01
3.917831089021275859e-01
5.898565431641694667e-01
3.626393343611927222e-01
5.993237656559856630e-01
5.150328217033467437e-01
5.135729356920458732e-01
5.968458775446909836e-01
6.115442756843786354e-01
2.796603795908551571e-01
5.164886137442842307e-01
6.137844745812255365e-01
7.586530808397857761e-01
4.733420109804340470e-01
4.580890300578925323e-01
2.852931955696828559e-01
4.158339516874032249e-01
5.546863578879737133e-01
6.172324349850168979e-01
5.752549483197522129e-01
5.653106262261338166e-01
5.545621954265199660e-01
5.339456799934160225e-01
4.125420105025455197e-01
2.027245451522296515e-01
4.595620753093840882e-01
5.143544683105846227e-01
4.139438644354765384e-01
5.503684638895025572e-01
6.732105431796316930e-01
6.521037747575796351e-01
5.866684517717486447e-01
5.874613783772177911e-01
5.949874545066515807e-01
4.705541910936585359e-01
4.766449557732582720e-01
5.904655017548037232e-01
6.374052996280719086e-01
5.745983573390122112e-01
6.246717642741185239e-01
5.910373178995717014e-01
5.681808515076657295e-01
6.192940593997136034e-01
2.349822233839267693e-01
6.108720901198486652e-01
5.279953377572009776e-01
3.785290571370815149e-01
5.558094694990521889e-01
4.971593173746328698e-01
6.256926514283239760e-01
5.839271586310733619e-01
4.864626630913452821e-01
5.812923021312781380e-01
5.975958155254307291e-01
2.455965288680133085e-01
5.747625435816091644e-01
7.513870881689512782e-01
4.951972837020904294e-01
6.682216538571005282e-01
4.606233419508157234e-01
5.970402066417315190e-01
5.223989953937314690e-01
6.260920213551985913e-01
2.526605049372399048e-01
6.034916090813823297e-01
4.934444774850292870e-01
4.730871059337104501e-01
5.672117223363040139e-01
5.713791324470348654e-01
4.923579897846798170e-01
5.909183701026941016e-01
6.161202232879285923e-01
7.971760414116948468e-01
5.388539269761634110e-01
3.259244211308343075e-01
6.406115422112179658e-01
4.633809908948766654e-01
8.145075753464146029e-01
5.413505452421903952e-01
4.903627131189478017e-01
5.329564538122967265e-01
7.754560603317233181e-01
3.669800589717102102e-01
2.019145755747768223e-01
5.224049906965536616e-01
4.913869017812668161e-01
4.353661532083551999e-01
5.585983379673474802e-01
5.719414755392875360e-01
5.658348672598703111e-01
1.890147139457601932e-01
6.055853624870612961e-01
5.992493307778815614e-01
5.716547936378827410e-01
4.877879907312355212e-01
2.888621857205197485e-01
2.820577354451448415e-01
5.389743327603438994e-01
5.689319429789917448e-01
5.738494428414746551e-01
5.750268002964828984e-01
7.987975384061680728e-01
6.712996655036411742e-01
6.249471035164598787e-01
4.808824375964616538e-01
4.061490795455391378e-01
3.728777041481157184e-01
3.446188566953246046e-01
4.869431353365610282e-01
4.853421238909195745e-01
3.762371589526901650e-01
5.625599411767300273e-01
6.425876748718182263e-01
3.503573649132866730e-01
2.332227159876009426e-01
5.020118035256372346e-01
6.736950996967261407e-01
3.185670059566474976e-01
4.701937672296917503e-01
4.726720506463322757e-01
3.255928964243441359e-01
3.127665379824085545e-01
4.754916342255858797e-01
8.181127075880616495e-01
1.882038731995684389e-01
4.322529796434667060e-01
4.340164888011326383e-01
3.012378961400056232e-01
6.049272621399410799e-01
4.908546028417056228e-01
4.410383840157895419e-01
4.517051722833929639e-01
3.004846567010557856e-01
5.571272508774843812e-01
2.574119104177642892e-01
3.500381429318339954e-01
3.548021424179591543e-01
3.816266265408259639e-01
2.803101270826234281e-01
4.204811219014876755e-01
2.334289171680548891e-01
3.333287157648464616e-01
3.121465160720475196e-01
5.006770864669524146e-01
4.910049321719804905e-01
2.653478481446630566e-01
6.999119674770760691e-01
5.680297833220490089e-01
4.186119356534168112e-01
3.728465856254101762e-01
6.347769033877572742e-01
5.618761736507090765e-01
2.372514112422075827e-01
6.080899556744403522e-01
1.925073836962643836e-01
2.447602249295333654e-01
5.142649049459847577e-01
5.506834990996055668e-01
7.317034266259394570e-01
2.044390707327824463e-01
5.913304121087776810e-01
7.923792378913390166e-01
6.579162518922905267e-01
6.602460800704402777e-01
7.928728569215742761e-01
4.864267279854625481e-01
5.926021712253888296e-01
3.194813823370537542e-01
5.286663289281975375e-01
5.302426897725680544e-01
5.986021136045587276e-01
4.262564310597510286e-01
5.699132707783765017e-01
5.874495850993934898e-01
5.486090337787409288e-01
3.614489748897586896e-01
4.734474217957136966e-01
6.024630404871592626e-01
1.911142756445212976e-01
5.713764439893498359e-01
2.510208898242462516e-01
5.769343745960795466e-01
5.060670093118437851e-01
5.725505982605456623e-01
5.976833664437372073e-01
4.102099407949286181e-01
3.618040915882976272e-01
4.296735122010839625e-01
3.707118755912002794e-01
4.550978668607832400e-01
3.264721930330143906e-01
5.769019463257043512e-01
5.699368877795035759e-01
4.416681972840290071e-01
6.106706393887924023e-01
6.717939161535494419e-01
4.708478827130640476e-01
2.875660437768935984e-01
6.578650993051731177e-01
1.896041773810175635e-01
3.360652425886951344e-01
5.156547435330585127e-01
6.114702853178045627e-01
6.235677782711485095e-01
5.843877143704510058e-01
5.607783710823398549e-01
3.236553435028569070e-01
6.143894346706729737e-01
2.913111856099704355e-01
6.251366199823281677e-01
5.972776457704700448e-01
2.525262363452694947e-01
2.038925780160370238e-01
2.887231444350519816e-01
5.701420747303456160e-01
6.022206312860460820e-01
5.907355978911303929e-01
5.894868703820558276e-01
7.617686137553293380e-01
5.025959041769536562e-01
5.539632376208514231e-01
3.821937562925029064e-01
6.203314570358131608e-01
6.108675332132483815e-01
6.289851898526497287e-01
5.802587197461812618e-01
4.430141800818550024e-01
5.585613391459328669e-01
3.165369656958142985e-01
2.122441595388108726e-01
4.101620433981669200e-01
5.965203723178343909e-01
5.945956441344932841e-01
6.687824681391731918e-01
5.946470252386694133e-01
6.002467784829806918e-01
2.170834351542222929e-01
5.432938227174730628e-01
8.186888943095433913e-01
4.224612772149781148e-01
5.769831219473220418e-01
5.742188257827486320e-01
1.890072491630297169e-01
4.766390227450660877e-01
2.452007361491747861e-01
4.727221678411566153e-01
7.466825358373853083e-01
6.154600726706315195e-01
6.131978793473389366e-01
7.023914815597737116e-01
3.485220633309874527e-01
5.946556607319763987e-01
5.103754383569898412e-01
6.836430249690733651e-01
6.817559012087542891e-01
6.027758922199170089e-01
5.924634701871063225e-01
6.434399589658634788e-01
6.342030420277535718e-01
2.156117302335527619e-01
2.123399174964337444e-01
2.644765101950242170e-01
5.846743450381310936e-01
5.823230905569523053e-01
7.585389164891546132e-01
6.019102061256803582e-01
5.478285321343216996e-01
1.931696873353678234e-01
2.808313870940208345e-01
1.918961428340437980e-01
5.895741324785107595e-01
1.993238296398606446e-01
5.985043234549203284e-01
5.931020094135576182e-01
6.962636639487745915e-01
6.430280797163847595e-01
4.820559802927138482e-01
5.563253205311200489e-01
5.516421519750095426e-01
6.433539402196511992e-01
6.179562137569754032e-01
3.148212001012543615e-01
6.324390761080928014e-01
2.655825534102282393e-01
6.051021245760177525e-01
6.868863527371559252e-01
6.002479648458963757e-01
5.886507350364886815e-01
5.097606467411605058e-01
3.775454743666700197e-01
6.260403775292081585e-01
5.982546145507255941e-01
3.909383876198184726e-01
5.770544064081534197e-01
5.639743598317283890e-01
6.736275806149635281e-01
5.949135149857623928e-01
5.843015094966205192e-01
6.087233314945927898e-01
3.006901696646877009e-01
4.840354369764283682e-01
5.867687343487134610e-01
2.269446890765482172e-01
5.434242423545256884e-01
5.895785949679223092e-01
2.351198873545547741e-01
7.038813912686235907e-01
3.146504068463298887e-01
3.581841483079784560e-01
4.231029029644612360e-01
4.625964858019196435e-01
5.856495294770501792e-01
5.805572225762177796e-01
2.370015909574619273e-01
2.045915396727973901e-01
5.716626116807754787e-01
5.355559755227933261e-01
6.945796781474709025e-01
2.073483036809401769e-01
5.841822295754923733e-01
6.575397109458125389e-01
5.552861398788185854e-01
3.784670965733080705e-01
4.890379276261216934e-01
5.521417966996010618e-01
6.099898799669090099e-01
8.169685158914234968e-01
2.455077696439970647e-01
5.928054729706596637e-01
3.332096597147621297e-01
6.118097578078907084e-01
3.146440429716610421e-01
2.633008640665757683e-01
6.132352009734235443e-01
6.434515144407670917e-01
5.878994540566921945e-01
5.839783040531814073e-01
2.226562782795308559e-01
5.656479422392364231e-01
4.043702646263011014e-01
4.940361115922434210e-01
5.875930580845157847e-01
6.000555295044910364e-01
5.123801874400867318e-01
4.462694237845956646e-01
6.319437574032444882e-01
5.711891250046700064e-01
3.100999009836947762e-01
6.374551550449256698e-01
5.934370393696519752e-01
3.527127085052465527e-01
5.611220286127238666e-01
5.427683213818753627e-01
6.005470211410933734e-01
5.373078076554378413e-01
5.531597523956541806e-01
4.360059783887522689e-01
5.931441736171954027e-01
5.847794354862703159e-01
6.270217212346110847e-01
4.975146982300726051e-01
5.155557993641411985e-01
6.724692167301854484e-01
4.765425484953625945e-01
5.977097164627128700e-01
4.505412207562277671e-01
5.102604159767998304e-01
5.915354475797119926e-01
3.738661556456435719e-01
4.582559239227060321e-01
5.880095134930444223e-01
5.483302104023721757e-01
3.062816483324027339e-01
2.434440587077433826e-01
5.309400281180963743e-01
7.524765560387466357e-01
6.020311804581365278e-01
5.865809054062938177e-01
5.521073348311487106e-01
1.905703308756048486e-01
5.641441973297227630e-01
6.597685805936164272e-01
5.558841326417518491e-01
6.656788604589498615e-01
5.557646510240936699e-01
2.227138776428503053e-01
6.371966600709351169e-01
6.208479769764069234e-01
2.228900364863261596e-01
6.110998225736704592e-01
5.979633340878695025e-01
6.696346537367472429e-01
6.010465056031489839e-01
5.859985344648361849e-01
4.676098593766001010e-01
5.957421246505992807e-01
4.695868711383840988e-01
4.863106776558926425e-01
5.441618046468653658e-01
4.903870388995043572e-01
4.164996110099180027e-01
5.179477929960299987e-01
6.821199135191102769e-01
5.430247484235553035e-01
4.981319028846339370e-01
5.856522666771274421e-01
7.880727187712204262e-01
3.243677103355541158e-01
1.911280974216555129e-01
6.069872004682542732e-01
2.659462303655186766e-01
2.015411996338336009e-01
1.976539883419155263e-01
1.989445452436426065e-01
5.533242662997570616e-01
5.751682602932608468e-01
5.974274134305995743e-01
4.856509274817253918e-01
6.760503748019500714e-01
6.000912444756916209e-01
6.142564073033255356e-01
5.953449345133641213e-01
6.017523612777527786e-01
5.994405419817067093e-01
4.957383552267733418e-01
3.314739595265674965e-01
5.400842094736614252e-01
6.249761592400031596e-01
5.068801081557551269e-01
3.949727858049803531e-01
4.067711575460263296e-01
5.991661760414953575e-01
6.464804599838994692e-01
5.690014266121918851e-01
5.934376805640247943e-01
5.464743391141297923e-01
5.769986396172959164e-01
5.823612923122892804e-01
5.892578242655376330e-01
5.965439013496790510e-01
1.931597535627465057e-01
2.043786341033731746e-01
3.880894432539405692e-01
5.644947029446757414e-01
5.831286703953753037e-01
5.896475524003920166e-01
4.323340257075649062e-01
7.014445075152144771e-01
6.015632724712682844e-01
3.773891070355250843e-01
2.156780176472080646e-01
6.093920922612398039e-01
4.648751167943551699e-01
4.059683607104016545e-01
4.925538120312291657e-01
3.419831860942545987e-01
5.996538780374329747e-01
5.749553316682686210e-01
5.566771560514436334e-01
3.076441824018942284e-01
5.515352847811421100e-01
4.559601434463116387e-01
4.786880765904444335e-01
4.874489076139315036e-01
4.759183964286057833e-01
4.742995879964516104e-01
7.851691791420210009e-01
1.928835458385415313e-01
5.647949169783279544e-01
3.955178983539534010e-01
5.934979401747166872e-01
8.180050813242296659e-01
5.510581346130558611e-01
5.820551189557270355e-01
6.259404244449606747e-01
4.413674651843155217e-01
1.928954051295686256e-01
2.718510315953095446e-01
4.971844898914974387e-01
5.948458709331031491e-01
4.682688002684191053e-01
5.915344607029980883e-01
5.836115157577602686e-01
5.924377137601924970e-01
5.638385691036258418e-01
3.310725458241393637e-01
2.174738491969585019e-01
4.582479061837286261e-01
3.998450784205166419e-01
5.437031151135126583e-01
5.934675571595731114e-01
5.924151263794892319e-01
5.803775293907784683e-01
2.575624727490165022e-01
5.593075354765367768e-01
7.217171401947763965e-01
5.550806547413741354e-01
4.014239469236713376e-01
6.920044010425677738e-01
5.327010621380572353e-01
5.497752740732753107e-01
6.064891733766755166e-01
2.764253072550544865e-01
4.535441076100930613e-01
5.624704681745622548e-01
7.294789204362381874e-01
5.942296143410437104e-01
2.447376755057813491e-01
6.170276334783838523e-01
5.280853940994046924e-01
2.051652402629646488e-01
6.035355920608584945e-01
5.628916244845882932e-01
5.847564318272566730e-01
4.393061253569023328e-01
4.085371603910706306e-01
6.485242565339848220e-01
5.558844745169827517e-01
2.473425753491051149e-01
3.338500479903243612e-01
5.874221675498702000e-01
4.992636118148046642e-01
5.118750059071676128e-01
5.467276326661522079e-01
5.615767885393805336e-01
7.871966134944815563e-01
5.943038149782502444e-01
5.972963043995932475e-01
5.862996401986281247e-01
3.061077944401605078e-01
6.007335955883301715e-01
5.217817520549359323e-01
6.207942695483749107e-01
3.900960183561723027e-01
6.184856702348064950e-01
3.553438162644910747e-01
3.645222518054573313e-01
2.661721545348996742e-01
3.298083469770723419e-01
3.515079758040527969e-01
4.548083439844314846e-01
6.763584021020976333e-01
5.749726687846030693e-01
4.347006007531185046e-01
4.699602274187154038e-01
6.751887221493066971e-01
6.137353876003669439e-01
6.321390957444712466e-01
6.426031816111537065e-01
4.067520543962052093e-01
1.989383765366328771e-01
5.616973373171842976e-01
6.263066514266704132e-01
5.581343396811291324e-01
6.682110153421607635e-01
6.641001439309888177e-01
2.024562045411053834e-01
6.414632261211167252e-01
2.735616136390860986e-01
6.076481377627311886e-01
5.233864002848734875e-01
3.320472244877153978e-01
5.977287264404897993e-01
2.768722687483126110e-01
5.556688123617601338e-01
5.901727776912655266e-01
2.674703463909748336e-01
5.717306893818291380e-01
5.894677568781543364e-01
5.945210334815921316e-01
2.470183792554898894e-01
2.010346641640357590e-01
1.925500356582671713e-01
6.063959978013726548e-01
4.783569684220678186e-01
4.785699675432649181e-01
2.377498956047209844e-01
5.680786206118790815e-01
8.185884672046542798e-01
6.316366368601267212e-01
5.757170856879172405e-01
5.874097135583157270e-01
2.078535019384943061e-01
2.466556225343511377e-01
3.667907454287359648e-01
5.523796583213871347e-01
4.864032763655417035e-01
5.989402227297755399e-01
6.962760491827159059e-01
5.341426583657920002e-01
6.382884435415671076e-01
3.631364792083238147e-01
3.744618011871769236e-01
7.628030297595926879e-01
2.860466401251557378e-01
3.525147748881948817e-01
6.760658047035944529e-01
5.753314741898507556e-01
5.927242810275699103e-01
4.579615379812373988e-01
6.911245141099314759e-01
5.971773529359122312e-01
2.446869103481762453e-01
2.424100629913428784e-01
6.417186821376019701e-01
4.193742069248365678e-01
5.724714038056257781e-01
4.973186409361677329e-01
5.922075214516498987e-01
3.044556958131002244e-01
5.939046254199489283e-01
6.010471743621128571e-01
6.279895462125962835e-01
5.762932773819100518e-01
6.272826538314740796e-01
6.196441538408844485e-01
4.150306196459117025e-01
6.089775708837031898e-01
2.197517073969919299e-01
5.403093268618264222e-01
4.698909856296848431e-01
2.676316859115560054e-01
5.159551138857207953e-01
5.928284267391773499e-01
4.294547204273687635e-01
4.711772454369869134e-01
5.324632219023048840e-01
6.713938559883377843e-01
6.445243430938198959e-01
3.256744829582692846e-01
5.164066431605198737e-01
4.402435524097232378e-01
3.307732057006848581e-01
5.560953965446738811e-01
5.838977146297891219e-01
5.063337362867502689e-01
2.401159009984385473e-01
2.050715811379691667e-01
5.702418785694621794e-01
5.822730898691768076e-01
5.934499491332310139e-01
4.719632185059373652e-01
6.052658146653842053e-01
1.935689143020554726e-01
1.904780793278752216e-01
5.465906472757755541e-01
5.715956511732640521e-01
5.906114304978552498e-01
2.350098024225623916e-01
3.227858627721117424e-01
2.869036673891000588e-01
5.295985138023348027e-01
5.816998760779048538e-01
8.090887638103195778e-01
8.077411533429795787e-01
3.013234367159166038e-01
6.041058735165713012e-01
2.498900106429650103e-01
6.361184090748637221e-01
3.537485618688797073e-01
1.922622981903822637e-01
5.694785146818645005e-01
6.866706221692863155e-01
4.327824115646098369e-01
5.866643602877495978e-01
4.770117780730648294e-01
2.120152607336814876e-01
2.570569244416929244e-01
2.471796904389771954e-01
6.411085575486769050e-01
8.057051781008797153e-01
5.891400005206096635e-01
4.850669422881546677e-01
4.160444026024212594e-01
6.013202076180520494e-01
4.941973056766398864e-01
5.240709940884273887e-01
5.871956378081413241e-01
2.412956037712728763e-01
5.468369886381885259e-01
6.611082084967051520e-01
4.621593458121727171e-01
5.096965317410337981e-01
6.249179233718414883e-01
6.125258272281768335e-01
5.534381129154142265e-01
5.614456226177133580e-01
1.898803638790985682e-01
6.021179901771337439e-01
5.379862895954302671e-01
4.481753220501452639e-01
5.983534946388793241e-01
4.872605082112405062e-01
5.984069274746411926e-01
6.344939423959903291e-01
4.727703988777691713e-01
2.147178914250707504e-01
7.251746509557867038e-01
5.932521130139287724e-01
5.539010005835424133e-01
6.756148727120498965e-01
5.978802007668081453e-01
5.243408643696122473e-01
6.321081877472641830e-01
5.644101814301724085e-01
4.127876640637480055e-01
3.755242138883475023e-01
5.695209364604114644e-01
6.445101425734838241e-01
6.082152108009510894e-01
4.121830282904127007e-01
5.964005724472358771e-01
5.900496146679329312e-01
4.762693973153210303e-01
5.454921360921159978e-01
5.406033595928461111e-01
6.098813389179255084e-01
6.167292942735506101e-01
3.822895519176610080e-01
2.944151264411131175e-01
4.751374759120369218e-01
5.602763150313110341e-01
5.995163787562860502e-01
5.826364431638546559e-01
7.277902187395151046e-01
4.314747258093791782e-01
5.153420891637314760e-01
4.654383316871022469e-01
4.877011047518255427e-01
4.899818563339868316e-01
4.234667974153270564e-01
4.049903740157297372e-01
5.060898101585088460e-01
6.406302467066405937e-01
2.111784091645218520e-01
5.429527713384610932e-01
3.070288200246651944e-01
1.900461428184833657e-01
1.939855398565152322e-01
5.563844963985284942e-01
6.391306519542103715e-01
5.928481800049145711e-01
5.732498590280533657e-01
2.093322628981436340e-01
5.139345801108636813e-01
6.028812264307623625e-01
1.967968634763029578e-01
2.396893041446057915e-01
7.055337548146800586e-01
4.570970062961057234e-01
7.991525133441849116e-01
5.494226810582746312e-01
5.223145618527341716e-01
5.254329302035826155e-01
6.921816780732543695e-01
5.413024702437313485e-01
5.330227075851388108e-01
5.629858066467178235e-01
5.738982567429699033e-01
5.792445886912909181e-01
5.845115834515646203e-01
5.896919266956772709e-01
5.947807234151327727e-01
6.046706437645946730e-01
6.141427856095060811e-01
6.187130146398809316e-01
6.237773444642459308e-01
6.298984161540689408e-01
6.304327489092466097e-01
6.398134350720583452e-01
6.431168494270161906e-01
4.354442947986359447e-01
4.045685249702911657e-01
3.649561912382758289e-01
3.690678114625586259e-01
4.130124462695723420e-01
6.275212487805092998e-01
6.460920392260209866e-01
6.209480044690162126e-01
7.669175116125047653e-01
6.315979083630256508e-01
6.376768726716255387e-01
6.523187309589455474e-01
6.566784599655354215e-01
6.135525240711934281e-01
5.986346241983578897e-01
5.928306470148179130e-01
5.879708194640854702e-01
5.937457885833186122e-01
5.804116888377853778e-01
5.726893734020153115e-01
5.604995826605868592e-01
5.519583384062213272e-01
4.380839852453274341e-01
6.687470506902528644e-01
6.724168427643595347e-01
6.723536136285243048e-01
6.722273460852460358e-01
6.439830579373952979e-01
4.830679750069004630e-01
7.207480600105027335e-01
7.230975505365039302e-01
4.708530914962438252e-01
5.931276419469480032e-01
4.166455724590412690e-01
2.573059727446945222e-01
2.130706766256248996e-01
5.440710896145344311e-01
4.737820853164769197e-01
4.731080439653570502e-01
2.653400291804177691e-01
2.190216350616815688e-01
2.127602341319898560e-01
2.022474938085487839e-01
5.668716807936251545e-01
4.605956562311975810e-01
1.919092635755539344e-01
1.892422384800327984e-01
4.624511652335849266e-01
4.380953281046062187e-01
5.088384477064208378e-01
4.646549289211960865e-01
4.778465268577363201e-01
4.798541876836988074e-01
4.402938353723797049e-01
6.012761267749034966e-01
4.550043280386999456e-01
6.710235133479287573e-01
5.791704386078608824e-01
5.686325398096464534e-01
5.667706958808638174e-01
5.702297721383290385e-01
5.798213034649275510e-01
5.518389792443606501e-01
6.222220002533035421e-01
6.268148554173217368e-01
6.331806562956440176e-01
6.392341980399456336e-01
6.406900648742581694e-01
5.292758701835725832e-01
2.120629228354902751e-01
7.184497860330429919e-01
6.854954083975564050e-01
7.636352208099240757e-01
5.927587642944461832e-01
5.805595684143671775e-01
6.449620385383650900e-01
5.261703818653826747e-01
6.649266972090432937e-01
6.601169461887120837e-01
5.906336647797090222e-01
6.118635914904481110e-01
5.076266287163690993e-01
6.048644885180021191e-01
6.877837821323591339e-01
4.848944277236736933e-01
5.360597449138392312e-01
1.948702627273754817e-01
5.742685806312063379e-01
5.910184895411322303e-01
5.128556374217195790e-01
2.356317831696324028e-01
6.469152561862907547e-01
6.120206295781230876e-01
5.510678353860710699e-01
5.611326075419652559e-01
6.393711711411835807e-01
3.362925137209261672e-01
6.433100156064474051e-01
6.029522413813713788e-01
4.879260621737491199e-01
1.940583185578540759e-01
5.465900226119365657e-01
5.567856496072532968e-01
3.534007343803983736e-01
5.059714780184244587e-01
3.661656684701150577e-01
6.082326630982414217e-01
5.643967832985862243e-01
2.077516614140738627e-01
3.794899914568252153e-01
6.295219072824266293e-01
2.963545300946961447e-01
4.971602582450683760e-01
4.974566027081624431e-01
4.267555143128728412e-01
5.288061313295948640e-01
6.260274409123943729e-01
5.268342223588248219e-01
5.781679056052017041e-01
5.618448820665892240e-01
7.333781735906874655e-01
5.904100958630240648e-01
5.793742579960546868e-01
5.629986159559351444e-01
4.242052865619853064e-01
4.813122605244782304e-01
5.783794036635375724e-01
4.724375334514832048e-01
2.698094659669358908e-01
4.594262072683457099e-01
5.931002388431020345e-01
5.661347248347331496e-01
5.767323158953845397e-01
4.383379320185648576e-01
4.896689820865121057e-01
5.777553825446065661e-01
4.947863574727173752e-01
6.363276384743083991e-01
5.766210622630105753e-01
3.472842062684142750e-01
5.230646383721656578e-01
5.964323792617443054e-01
5.941183338376371248e-01
5.804991509460288857e-01
4.244855014944420302e-01
5.704688216846598436e-01
5.873522847837899796e-01
6.013807208100896418e-01
5.830871822349019684e-01
1.940142045964482753e-01
5.651112776363443890e-01
5.235686496369775789e-01
5.953028523232908320e-01
3.586601037878432985e-01
5.073668750383886206e-01
4.187822667716825653e-01
4.404667993678360038e-01
2.032077549970134067e-01
5.679295552858517615e-01
6.309509050706795241e-01
4.641412498974955558e-01
4.680980289914390413e-01
5.800099863931529320e-01
5.671667529246633421e-01
6.499086869351740070e-01
4.967252527111423177e-01
5.220905309054491017e-01
5.642329663192330313e-01
5.621945565056709615e-01
5.440737589635755711e-01
6.128035069338391150e-01
4.734051719405805714e-01
5.388281977837339198e-01
5.952764557017582447e-01
4.824373677666600746e-01
6.120271454053518578e-01
5.628989274672651089e-01
5.149662017159049032e-01
6.221426110319857594e-01
6.963138033340542377e-01
6.163383932642951812e-01
2.077748698310665498e-01
6.364234314700810691e-01
4.487683332153535321e-01
5.872464757646861377e-01
6.494754397528216261e-01
3.188142635484781939e-01
3.116313961878576233e-01
4.210235151335750547e-01
7.387324519301108339e-01
5.957399412592185861e-01
6.035207594560015876e-01
6.031700020935695239e-01
7.505586962223199654e-01
4.311307129502612301e-01
4.525132747176931480e-01
6.525430907340891151e-01
8.174654346827696649e-01
4.601766745918083323e-01
2.135750954471843654e-01
3.785986553554584466e-01
5.936043642803783271e-01
1.893591421820693399e-01
5.193806184587799191e-01
5.798447601149876451e-01
4.504751221262522920e-01
2.935001296749797928e-01
8.173347655432154912e-01
6.158266998742678577e-01
2.587196096527520917e-01
6.947252137692224716e-01
2.455588152023315263e-01
6.216688143758698493e-01
6.509843484756749898e-01
2.222875037440006640e-01
6.392954892146271995e-01
4.363805285665760536e-01
5.835589990028213769e-01
5.020332779803613477e-01
5.697988330211003483e-01
6.958144800546582909e-01
5.309150717849590029e-01
4.860329628869755059e-01
4.725433423837788749e-01
6.423871814798594038e-01
3.436808430076060961e-01
5.760113216439834982e-01
3.365398448527688324e-01
5.685837696804244557e-01
6.734439253272890280e-01
2.848841415950499889e-01
5.857831990600199656e-01
5.487594170592029474e-01
2.664969690243357281e-01
2.789758475998300180e-01
2.652658440249679450e-01
2.483214524673291457e-01
3.998916821169213320e-01
3.989341839445753601e-01
5.041496598540494700e-01
5.937831580335721782e-01
2.092498066918789534e-01
2.119745568517800716e-01
2.049157892145547222e-01
6.304695979932679606e-01
4.563958573335927804e-01
2.734260038379446311e-01
5.857487321637671052e-01
2.901019394698512444e-01
3.523013438216999194e-01
1.919601909087807756e-01
6.115884509715850959e-01
7.807727273417573999e-01
5.994490015090473412e-01
2.094545504737151120e-01
2.363448881946905999e-01
5.861564419746394528e-01
3.827541251127067889e-01
4.192985190338193724e-01
1.891896497503975649e-01
4.496044661825942534e-01
6.028715567963963684e-01
5.182304013765532957e-01
3.971661537237682338e-01
5.773140250792020423e-01
1.884591408938264545e-01
6.004282604919307653e-01
2.239746714262150218e-01
2.675013533500261720e-01
5.652636968003741380e-01
6.191212725545922613e-01
1.884060411348559561e-01
5.695384575033696217e-01
6.645512967980298225e-01
3.983764070957609982e-01
4.909154884247083905e-01
6.596379295964456269e-01
2.977635120588461581e-01
4.717584693660894501e-01
5.728596498994266151e-01
2.244719894648015968e-01
2.346429506742533921e-01
4.441821794268688839e-01
5.292151196027843341e-01
2.404595428759623843e-01
8.187394904657530059e-01
4.619079135699192262e-01
2.586557646130513421e-01
6.046539779303379269e-01
5.090542457936095833e-01
6.241235722478754022e-01
5.671344239488128602e-01
4.219967033707911486e-01
5.650608502877458861e-01
2.249228495901604563e-01
5.770871340123768789e-01
1.901195085589170719e-01
5.733465673112190242e-01
3.893054034345737047e-01
3.392431325480467774e-01
5.812213730931834466e-01
5.033711930776950672e-01
4.734904552264456723e-01
5.555438420498195473e-01
6.203769036554170890e-01
5.973480656550061996e-01
4.380504017076637946e-01
5.992652095023669467e-01
5.043632936554897084e-01
5.205632826939466939e-01
5.062593207771577397e-01
4.984857264143011668e-01
6.451284735249394053e-01
4.240488068321107695e-01
3.996578607757272361e-01
6.662724675758093795e-01
6.698564198779992651e-01
1.944226178515049697e-01
1.996098372870365734e-01
4.679506295830915819e-01
4.910012489477440512e-01
1.962528765337450687e-01
4.248201937302935605e-01
5.907968115343286142e-01
4.109040172080856701e-01
5.478896052247322901e-01
6.059507173463377638e-01
3.276298043534249804e-01
1.888586981943453647e-01
4.932117068639754742e-01
5.966895360916455449e-01
4.386880058072616384e-01
4.650754323091799147e-01
5.300725985829441989e-01
4.163790006763274376e-01
6.163671004716977375e-01
5.653448543322157072e-01
3.015470046788343295e-01
2.014231869795868601e-01
5.415141304256023691e-01
4.941110176760069583e-01
6.320481889088387373e-01
4.768101461914058259e-01
5.933268938450845242e-01
5.366535115637711684e-01
5.725464164229899788e-01
6.435659048007014160e-01
6.068677627200963487e-01
5.379507124952704888e-01
5.278294971816634984e-01
5.729070090956788208e-01
4.444088764835865124e-01
5.027000415750354501e-01
5.059674754114299455e-01
4.857712283223805105e-01
4.146668585878961477e-01
4.094768411435905642e-01
6.178132444760776609e-01
5.851105404398897480e-01
5.738490041442401157e-01
2.408791671658090383e-01
5.576358099675159385e-01
4.851438615247755104e-01
1.982958567829641860e-01
3.811847015612281342e-01
5.944759691370271604e-01
5.878138384026917462e-01
5.900192826415172620e-01
2.923242165382146096e-01
1.882814846848055168e-01
4.237750473736650036e-01
2.160455249229613350e-01
5.769393433252809622e-01
6.433386736865972511e-01
5.969024960719283568e-01
4.587470915065294252e-01
7.579614865101618193e-01
5.622519779782106930e-01
5.117272169270332682e-01
6.051931239593791867e-01
2.322305192491632975e-01
5.504137564636413238e-01
5.455087831401305154e-01
2.038812546292206318e-01
5.636309981238112332e-01
2.029994190324064252e-01
8.119947874279475064e-01
6.775708910379598660e-01
5.203048937287946263e-01
6.704896980258548966e-01
5.445754907122137833e-01
6.228824524170378796e-01
6.217113948112734656e-01
4.270138904025059245e-01
5.465416827764200125e-01
2.472435648618869219e-01
5.679667279516471545e-01
5.662443258841051152e-01
5.778509963896191204e-01
6.178083500929442140e-01
5.760001949372693941e-01
5.949096373687828843e-01
4.443856819813716830e-01
8.178732982018280806e-01
7.154394383324553797e-01
3.657936731362592120e-01
5.295796873617267808e-01
6.365073209288383271e-01
3.849723815711412200e-01
6.294786517135698700e-01
5.640770766142731985e-01
6.623739530609071835e-01
4.803194876640232147e-01
4.581145635472328448e-01
8.174572688462805603e-01
5.393752310910867598e-01
2.861161326607762345e-01
5.024497229403467324e-01
5.811642081260538495e-01
5.975089578530464740e-01
1.881486816536983853e-01
5.722332360910377114e-01
7.046830962462057313e-01
4.774525191933053914e-01
4.677361204732490840e-01
6.388060524948747654e-01
4.401412647311029880e-01
3.642691444916743015e-01
3.884707262614797152e-01
5.953542301482274146e-01
5.550073544339106935e-01
1.919395530117607718e-01
6.129985946776302930e-01
2.027297157129336336e-01
2.666510516900744143e-01
4.642210523239345132e-01
4.940443734880212157e-01
4.533431645706903490e-01
8.176766749928913169e-01
4.681093845474328385e-01
6.025838973375546859e-01
5.936971049200097106e-01
4.882065699118959268e-01
5.639046747373676061e-01
6.023227348029038808e-01
5.298886299356664331e-01
5.731176698106901224e-01
4.014237178595450040e-01
3.764591426769821059e-01
3.559247750710349822e-01
4.166271911747150836e-01
3.530457553206037269e-01
3.391525515765466126e-01
2.900866253434876696e-01
5.486699602730600311e-01
5.978714699520655262e-01
5.397185566681798052e-01
5.495311047899381629e-01
2.067565274812828702e-01
1.994441202987757289e-01
1.951705940228788128e-01
1.912906529203421135e-01
5.927944912047184989e-01
5.720379032603787328e-01
5.814921020131493812e-01
4.691958213206192663e-01
5.656529200556099646e-01
5.440081030538344020e-01
5.878571451150184091e-01
2.356196919729054984e-01
7.828161829470545729e-01
2.650900187383817275e-01
2.788876774856084984e-01
2.982295418786847230e-01
3.170706907323537771e-01
5.878101453076651772e-01
5.712838673492042219e-01
2.678974799327587530e-01
6.060427572082014436e-01
2.175014765493851476e-01
6.053006268326048822e-01
3.018432100835090615e-01
2.230295457899209022e-01
2.308721051894085663e-01
2.032675197842866710e-01
5.891635582758678602e-01
4.723493752991261840e-01
5.211471143528134675e-01
5.807802476804844183e-01
3.251111216242689173e-01
5.522006616092677289e-01
5.231449444269664628e-01
4.847879869908537365e-01
5.391139285510716528e-01
5.897801307004565396e-01
5.730187935187408543e-01
5.828511840596743987e-01
6.054356883624943952e-01
5.646400254822402376e-01
7.742278494150425239e-01
2.932958148622826777e-01
7.278576093181079454e-01
3.309932661802010845e-01
5.870156162880826312e-01
2.880026617840729108e-01
1.923595607523302942e-01
2.240857460267627888e-01
6.761971448480313951e-01
5.435549307885682024e-01
5.708654765386534935e-01
5.779909941977633414e-01
5.725354291666171491e-01
6.112301075422696961e-01
6.670263676053059809e-01
2.250604766661389866e-01
5.710863291409545850e-01
4.493045404488926198e-01
5.998289558306791891e-01
2.625874496414422055e-01
6.265146373332957097e-01
6.289135150273813535e-01
6.181422997182545176e-01
8.087849494859382649e-01
3.158787524662279300e-01
5.860903873124091445e-01
6.626370122233214977e-01
5.670091036976103727e-01
5.822698989448923390e-01
5.786660421365533713e-01
5.943160425659080870e-01
5.931707925406535242e-01
5.334863691815815434e-01
3.007706519732826211e-01
5.484484257458295264e-01
5.234939501104305393e-01
6.746994599889363231e-01
3.492071559739612918e-01
5.369415296379661529e-01
5.484253584504615864e-01
2.437173423282291973e-01
2.349101431041627497e-01
4.384049407121893838e-01
1.914345404489326830e-01
5.927946094170497560e-01
6.973680932179212588e-01
4.129495799576355375e-01
3.656359850162165248e-01
4.791444178154781741e-01
5.912739881351839477e-01
2.340338557537420816e-01
5.089705316808532665e-01
5.211223581280874928e-01
4.657541076820324588e-01
2.450407474665874663e-01
5.657415366895068853e-01
2.710030230032382526e-01
2.099331892492943830e-01
5.575148425152699483e-01
5.249635313953551208e-01
4.778183931548086183e-01
5.924473774223386613e-01
4.865546591059038972e-01
2.885891786657046598e-01
5.723775348831928733e-01
4.002670173539253917e-01
5.930997075664822260e-01
5.965949768053461222e-01
6.012552803561580506e-01
5.131157416521274772e-01
4.124329068406640819e-01
4.036255554049732464e-01
3.686062949474399608e-01
6.050527674395977940e-01
8.106322947916365651e-01
5.738471028894904791e-01
5.712300114790682670e-01
5.714904930861969268e-01
3.310494995700178911e-01
6.076963759968974088e-01
2.455120911449086563e-01
5.741660984741236984e-01
4.686658000856480100e-01
5.448539690365474808e-01
4.127650059199950983e-01
5.481883429308470612e-01
2.520683393608660339e-01
4.313071695358534074e-01
7.912254594181684642e-01
5.892127175027890296e-01
2.342852669544842892e-01
4.647900004604187951e-01
5.318464986237738668e-01
6.596700895966749467e-01
6.816831434008152613e-01
3.419796683473670940e-01
2.343491135521829638e-01
7.228157814124126501e-01
5.792377786645495075e-01
5.957580705334702964e-01
4.938375935863633659e-01
5.174063007548475035e-01
6.404216648343465934e-01
6.268947102909825375e-01
6.194393148341595934e-01
5.705194359639116364e-01
3.948259230727919067e-01
5.425186933583083793e-01
5.778043186661694364e-01
2.605398503273910760e-01
2.083485182643438072e-01
5.838208821262719228e-01
3.178971285220701382e-01
4.808373695450881558e-01
2.079944390089766837e-01
1.933931285984455128e-01
4.887857721442096515e-01
6.175210745969559323e-01
3.873160103166479740e-01
5.974451080495449817e-01
2.057041707338927994e-01
2.651904376241255301e-01
6.398472606470249069e-01
3.630279090094801209e-01
3.401648173672270903e-01
8.188967207494146638e-01
6.172949971279734216e-01
5.229994313167481979e-01
5.497072597003301864e-01
5.016482797179590003e-01
5.672921974971123493e-01
5.928278414101645355e-01
6.251373822948650405e-01
4.034851530699880562e-01
6.344593265901290469e-01
3.491448956406328907e-01
3.452648151066198268e-01
5.837289519297680362e-01
4.735084141421681547e-01
4.976817220261169905e-01
6.548248956360301909e-01
6.063451388859686375e-01
1.923371229542267524e-01
4.842677058272107371e-01
4.696768827714111194e-01
8.173998556487360734e-01
3.244762335874051828e-01
5.149433986905392890e-01
5.173828326220821783e-01
2.208790944805600343e-01
3.234835697976934932e-01
5.700720190715823366e-01
5.806778083465712337e-01
5.872251328953533855e-01
5.573528772683677968e-01
6.201492326689641565e-01
2.162349356929906818e-01
5.359922879394920514e-01
6.211131163004790512e-01
2.522040270963697428e-01
6.316462755710158250e-01
4.095292172720753632e-01
3.836175612343125096e-01
5.384060349044824667e-01
6.436200698502418938e-01
8.150323116391644529e-01
5.868695634691687424e-01
5.789083663697870419e-01
2.204941395587455555e-01
6.429964897821544012e-01
3.238357446362729042e-01
3.898149928638619532e-01
4.302335903686509977e-01
4.555584368386909055e-01
4.630045530008990995e-01
4.254142816309701147e-01
3.897473059597276190e-01
3.685036311554268362e-01
6.581715940454136993e-01
3.534956124505597153e-01
3.431613680456916948e-01
3.698979013633908464e-01
3.352154242442700327e-01
3.199495339200226218e-01
3.042432040500334112e-01
2.851668488294926140e-01
5.658084756615201494e-01
8.140568201560315353e-01
2.826062434421989789e-01
2.707111358025026671e-01
2.625119188850448815e-01
2.602550309424833119e-01
5.906312674847487010e-01
3.171834214773914806e-01
1.897213342285066495e-01
2.016653334379821250e-01
4.674049192987887458e-01
4.773130498757323092e-01
4.862076049406364731e-01
5.612507578246132001e-01
2.447278163371679194e-01
2.624109850239847996e-01
7.843797553876746820e-01
5.490233892334558385e-01
6.746833593959268294e-01
5.744959882496034620e-01
5.643859161790532042e-01
2.150800877682144674e-01
3.817583043592763792e-01
3.288349326336276190e-01
5.497775895245795574e-01
7.161423244563742685e-01
6.369343520499944900e-01
5.592739492020515346e-01
1.887026643137247606e-01
6.550247475600651237e-01
5.872052159523156734e-01
2.043294616702626687e-01
7.194040889135518979e-01
4.925306162904271590e-01
5.233895764297651354e-01
2.202182915152826048e-01
6.845988915472231984e-01
6.739967706703458017e-01
3.419947290844347343e-01
5.547110893095773543e-01
4.023353549506083482e-01
6.118616586449800998e-01
4.791723039212835711e-01
3.915381054328459509e-01
3.666878626805663011e-01
5.224015848936579554e-01
2.700363182084590807e-01
4.695356264076031017e-01
4.243990384856357601e-01
5.475832255399027959e-01
5.967067650434169090e-01
5.748711935125746519e-01
5.992899207515898219e-01
5.144864577508305725e-01
6.271029728780201928e-01
6.276780638700178994e-01
4.172132966395408760e-01
6.381395517270257445e-01
4.386584000792095872e-01
5.725463030650469465e-01
5.574825721158662706e-01
8.164393133441004702e-01
4.494333504597675666e-01
4.593169054780577576e-01
7.617041631480776509e-01
5.251814388155656710e-01
2.053564858338049748e-01
8.154492605097091174e-01
3.242404524152782130e-01
4.930640340697333146e-01
4.268551967222558030e-01
2.407944276036127484e-01
5.960487560960930908e-01
6.276794892572297169e-01
3.458726318110138531e-01
3.466198949539304186e-01
6.198819001907399651e-01
5.800729635491531644e-01
5.804811917305320312e-01
5.852561601373262867e-01
3.078562673355330626e-01
4.637295937726576556e-01
4.645760829368341116e-01
2.181787474040257357e-01
7.264162062023944433e-01
6.768418824998770900e-01
6.057113449415824080e-01
2.131221243430438950e-01
3.235282664872008440e-01
3.661799399716516024e-01
4.304641039177391493e-01
4.228650897796724095e-01
6.087304476272294984e-01
5.863702050608693428e-01
5.903549810164795408e-01
5.706200310843856371e-01
2.830608569667730778e-01
3.118859696169541396e-01
5.861824537940022450e-01
5.951627428167247658e-01
8.187994420107534976e-01
5.285603106346365987e-01
8.079638419636174795e-01
6.202731991039196480e-01
6.167036896088843312e-01
5.554337654858183537e-01
6.444874564968681163e-01
8.179874047123715242e-01
6.358696482004645434e-01
8.169363085182589357e-01
3.068745733714864365e-01
5.415991534552043740e-01
5.866218528360521711e-01
3.359241254311369218e-01
2.013899438303388134e-01
1.970489343923468584e-01
5.603857872615285451e-01
5.790687578752359288e-01
5.484520080393554542e-01
3.951730194427465204e-01
5.713471892577817179e-01
2.337615691774550253e-01
2.930692379939596748e-01
1.933036330101689237e-01
2.120947930041403862e-01
5.794064199605725163e-01
4.953486765201640107e-01
5.403366974340567674e-01
3.918602192581305266e-01
6.200924511163437014e-01
6.004714761074425589e-01
5.904039219405974315e-01
4.257526758658587984e-01
2.609980909478534228e-01
6.735421717812167808e-01
4.964919546337764888e-01
8.169001667176649661e-01
3.488125452203750254e-01
5.834641050254425476e-01
3.448907926030146953e-01
2.132877685373907595e-01
4.524015669538096751e-01
4.236488250338237838e-01
5.683373593386038536e-01
2.259538780560010063e-01
1.954356995607862413e-01
3.820644934051245500e-01
3.070968925581679665e-01
4.434865799572437761e-01
4.646051172940862672e-01
6.203827950280633718e-01
6.131491800533541703e-01
5.860995989662931560e-01
3.510090624144665550e-01
2.046554249950350568e-01
5.973894484370938507e-01
5.173247845661779198e-01
5.481686112111142650e-01
4.809282481869978643e-01
6.246947243352050094e-01
6.260023612396474757e-01
6.211785753182035297e-01
6.063198108957529309e-01
7.725005091582726191e-01
6.575906675573546245e-01
5.686902697810714002e-01
5.774585849262822146e-01
5.069844085620455187e-01
6.036470999401851723e-01
6.098045791338616572e-01
8.170992701884498555e-01
2.837960417655812084e-01
5.916497574808164961e-01
3.054607919502922986e-01
2.424240681554423460e-01
1.931449229624267738e-01
5.485032059515041469e-01
3.567950857232115580e-01
5.676940330615275476e-01
6.077456679133286244e-01
5.355624987736026243e-01
5.133873231352675814e-01
5.356340365715237528e-01
5.306950857986770798e-01
5.761539105576205522e-01
2.871963927082408219e-01
3.630876999086196100e-01
3.913023473231455607e-01
4.434224202568839424e-01
6.271009580145033846e-01
2.351679511857243110e-01
2.551254419947237562e-01
5.939855173242502007e-01
5.992313011338471496e-01
5.716569399251464345e-01
6.023106397611887042e-01
6.117702057966721840e-01
4.885401554211629138e-01
5.946102478187434981e-01
5.839769591747669963e-01
3.890262654041027890e-01
3.313918393652800498e-01
2.793531572265788854e-01
4.465340907414948601e-01
3.595091142693208064e-01
3.068150283359873942e-01
6.452814096777114150e-01
7.526624041694790490e-01
5.858759286315645687e-01
5.865297297399520993e-01
5.805626801541002857e-01
2.338234435525118615e-01
5.365409686474279516e-01
4.516872303050013526e-01
3.181774510006314949e-01
1.903819790202615214e-01
1.924125642763828137e-01
4.155604714259376053e-01
4.335193792981802963e-01
2.987585804375817444e-01
6.127619891945398356e-01
6.252206490091960500e-01
2.877056238321109016e-01
2.801702137663941716e-01
5.113198968203371830e-01
7.958178415384820070e-01
5.975868462121908253e-01
3.716142188234111687e-01
4.327338869958701206e-01
5.952610036381767999e-01
5.137368581332617534e-01
5.065337682568797906e-01
4.989216164742926729e-01
4.735258384126705411e-01
4.835426036307802766e-01
3.858599780726797435e-01
3.829368497907033042e-01
3.400019050268443532e-01
3.177801029097367391e-01
3.599649975910238497e-01
4.351329760448155448e-01
4.590979601678020772e-01
4.812534549199607437e-01
4.938848689092215083e-01
5.214220207306849986e-01
3.593182704966702001e-01
3.559164157298133624e-01
3.669986217486223556e-01
3.780438919696764710e-01
3.377346806326800288e-01
3.223076075141531049e-01
3.091806269750562164e-01
3.901757372345966424e-01
4.002684866944340447e-01
4.021126952174742808e-01
4.008621316129561407e-01
2.780002765504880347e-01
4.262806345439247857e-01
5.501495158388743922e-01
5.373206657757086946e-01
4.383600741156100655e-01
2.839699771102783266e-01
4.503453696163434161e-01
2.604861019155429447e-01
2.751067880725504566e-01
6.402582848114998226e-01
4.621754713664195102e-01
5.527824627154797055e-01
6.659897938140167950e-01
4.737919534866443794e-01
4.914195537929819113e-01
4.827174945085684343e-01
5.006177243062661653e-01
5.255603828905095476e-01
3.858527010383616118e-01
4.803977540637174304e-01
5.144271471380903460e-01
5.854168496587734971e-01
5.064427965741375992e-01
4.505050186561793679e-01
2.276097644169498280e-01
2.166553098431036883e-01
2.044031161899614313e-01
2.084910887857902573e-01
5.180328104357408980e-01
5.257375994861691604e-01
5.220698210002776563e-01
5.329981946009149096e-01
7.406939415720883435e-01
4.835108467078940708e-01
4.590234248861286281e-01
4.805488475704021156e-01
5.165118562406417757e-01
3.422608415159937301e-01
4.711889936883761898e-01
4.741892650110940965e-01
4.766713641069496021e-01
4.777345702943383010e-01
6.733916722674478939e-01
6.737804805809597397e-01
5.698116003350036651e-01
3.341642642904004701e-01
4.952324670600666834e-01
4.919366343117387297e-01
5.403530966045576589e-01
2.841525295598636425e-01
2.246897151802189907e-01
5.577805805154190111e-01
6.022428439248481702e-01
2.468672057055812663e-01
2.950204122758919301e-01
3.456538592639353813e-01
3.382522853165551568e-01
3.264133954120185255e-01
3.629161974213678254e-01
3.624500512751988590e-01
3.762370053508783396e-01
3.895050121165057888e-01
3.821981197155413512e-01
4.485118175054015333e-01
4.724918284070717123e-01
5.050999868311550900e-01
1.931581143686033897e-01
3.890489139047557110e-01
3.717021584442404825e-01
4.052722505724318247e-01
4.048903837376541248e-01
5.085725416602570048e-01
4.910825610032064081e-01
3.042849833846502094e-01
4.171622051433361289e-01
5.354295002095735834e-01
2.122347923513528689e-01
4.350672051369454119e-01
4.286897958139478937e-01
4.203294709656159034e-01
6.004394666369955447e-01
2.281352519397589762e-01
3.208555374272266669e-01
4.025319197816346062e-01
5.793702568832503896e-01
4.690448753601127452e-01
4.792404396842944170e-01
3.207559670038502286e-01
4.085477555941955941e-01
4.989396976475330980e-01
3.440633317193088070e-01
4.560652145010305469e-01
2.014787951775128816e-01
1.882749354099306771e-01
2.421510959207431313e-01
2.847099895270921444e-01
4.065289675076824150e-01
4.372111682361123908e-01
5.797048299713857267e-01
5.335593772965508963e-01
5.430717738543223705e-01
2.655607986142753951e-01
1.886533103951845147e-01
4.770576095298139641e-01
3.933856180498422339e-01
4.318625300224828156e-01
2.129860939438318057e-01
5.082222214681331174e-01
2.781697444271127306e-01
4.887500929252541759e-01
6.009209551162789653e-01
2.361377630234021696e-01
2.459017307146154907e-01
6.003064352412275095e-01
6.406304391658468322e-01
6.229977812185261143e-01
6.699970789175201391e-01
6.146314493451305871e-01
5.936800369168186986e-01
4.809089700421046443e-01
2.095534415248944682e-01
5.890959242344809832e-01
4.572012894667382699e-01
5.458583817215147960e-01
1.925041781903081839e-01
7.476479274043857925e-01
4.382803652820189133e-01
5.958494195427685991e-01
4.890126223105812353e-01
2.068495884195330758e-01
4.770132269780207324e-01
5.176792413357851341e-01
7.784434104239593699e-01
8.151362944456982396e-01
6.224896846261931405e-01
6.052797639028421051e-01
5.591751922950499720e-01
5.938708344717166243e-01
5.917470469912163855e-01
5.993114688195604334e-01
5.849420108062688417e-01
5.972832508169803045e-01
3.490085484366855506e-01
3.781013347283118109e-01
6.531626787028772529e-01
5.748498730572683124e-01
8.166067075288550026e-01
2.823617436398951352e-01
2.565834023021095756e-01
2.558562840502871527e-01
2.420108273453689673e-01
5.954129559657608262e-01
5.862537060479638962e-01
5.987200864757895591e-01
1.916695564696096477e-01
2.081201275414616692e-01
1.989761663012998838e-01
4.420154895736205236e-01
4.849231595977704923e-01
5.928927063630921035e-01
5.936292798875379972e-01
5.161668651449946577e-01
2.078559407066958575e-01
3.136228421402847966e-01
6.194384238644237151e-01
2.027144094232663230e-01
5.807367738218938147e-01
5.043867455535093747e-01
4.263566554439754408e-01
6.169348854500684709e-01
7.890522400005177683e-01
5.582936757532689365e-01
1.923424125972164889e-01
3.132784539624502429e-01
2.027709924957005472e-01
1.972788271410699512e-01
3.174805231648971104e-01
5.249168599985536421e-01
6.446828431367597201e-01
5.409424987239327409e-01
6.015733293034485341e-01
5.787866599504463139e-01
2.014763191482237259e-01
7.644715868324005736e-01
6.075449991510737391e-01
4.928400059652736642e-01
6.083794278502036024e-01
1.943732366117200405e-01
6.437472659608576286e-01
3.027183847015456064e-01
3.208728817701326785e-01
3.689098556136239382e-01
5.021540717382055874e-01
5.956514964636343556e-01
1.932018493699699246e-01
5.641088821673230225e-01
4.381194821567371833e-01
5.458551638798034844e-01
7.071881074357093677e-01
4.776476756353668085e-01
5.881557047447513176e-01
6.019756712909447582e-01
5.230912120982742497e-01
5.090700380359340915e-01
5.662669403288926873e-01
5.769749163216069121e-01
5.822168611052698228e-01
5.873764869514653819e-01
5.924473891718631258e-01
5.974264461463357767e-01
6.070936484650677478e-01
6.232086494022587297e-01
3.541702267599586840e-01
3.612969515983006086e-01
4.953708003951555194e-01
6.583061741080606932e-01
5.687537289958926046e-01
5.482145733412963073e-01
6.086508935047924007e-01
3.478255321110545473e-01
6.543143175232203346e-01
5.596267002302984794e-01
4.944797100450863958e-01
2.839795180973590516e-01
6.153758134743052555e-01
5.996362907124511699e-01
6.119394371738283711e-01
2.276985738295767558e-01
3.105123056957306282e-01
1.998038924098092528e-01
5.934385713415184505e-01
6.623919500553583362e-01
6.013993758653853883e-01
5.904708777050230450e-01
4.881154245616623477e-01
5.999445943055036201e-01
6.419658457711130417e-01
3.914163735398171751e-01
2.696691441739597628e-01
8.170734198809179727e-01
5.468293284001055632e-01
5.786138577599208022e-01
3.228423288398138968e-01
2.013605183143956368e-01
5.456062435716401149e-01
4.738383019013976405e-01
4.694679053183073991e-01
3.350934547264866059e-01
5.671088632646891226e-01
3.345519122590489558e-01
3.595718092230127949e-01
5.884437602805457912e-01
5.887105485667750715e-01
6.713111360234440550e-01
1.885492785536596883e-01
2.127902702264468371e-01
2.216920115085614096e-01
1.984357460231754300e-01
5.478946634357613199e-01
7.569679582262145434e-01
1.953624604022080047e-01
3.261469776798273656e-01
5.850809872794752176e-01
1.887757315284439574e-01
5.238804520834819956e-01
5.443070354378533038e-01
5.461366974112497052e-01
5.408212089075017381e-01
5.332995619872131776e-01
5.608089953298258656e-01
5.697626593483482438e-01
3.377067961767908910e-01
3.909314192332816185e-01
3.499940735710361794e-01
3.264979429638386055e-01
3.111007562694286244e-01
2.953339032891842963e-01
2.882051744154757178e-01
6.295488427647912832e-01
2.720485306834377059e-01
6.325869680188744848e-01
4.890041846225018363e-01
8.151108213170905614e-01
6.150198352952258585e-01
4.736359370949359548e-01
2.906979080662606685e-01
3.394949852633457055e-01
2.217010419925106168e-01
2.043057111565411421e-01
5.227158799895303964e-01
5.168661102894602788e-01
5.300435616141357942e-01
5.712987325360068258e-01
6.216780465069374761e-01
3.874501208174991329e-01
3.555728710949426774e-01
4.084052029690308783e-01
4.145777132589774649e-01
1.922507873930893729e-01
1.890375747059183653e-01
5.495099150552640310e-01
4.530348545360631807e-01
3.570659093562734143e-01
2.120897670770547916e-01
2.943949031074719613e-01
3.829184790148813522e-01
4.641975311506036372e-01
2.186282758115001279e-01
3.158970398551128600e-01
5.955417873119017713e-01
2.442955243012796263e-01
6.051825300092751325e-01
5.764661258636093466e-01
5.044985566637302243e-01
6.362213327210074487e-01
4.933083216112805203e-01
3.570851276694342324e-01
3.808356611509844392e-01
3.729848815287605257e-01
3.920726926714909188e-01
4.035422387068397510e-01
4.341084448571658760e-01
4.699872818628204052e-01
2.822773483271791561e-01
2.699002540638151260e-01
3.629118658484335458e-01
1.882984679632367930e-01
2.077845785420696645e-01
1.989276894397192519e-01
2.351153125662772125e-01
6.019104055117816543e-01
1.972321753149877122e-01
4.475613687456991285e-01
8.181588080865526136e-01
4.867723477978770918e-01
5.944645817004766686e-01
2.140919451992095990e-01
2.097147826423475248e-01
1.946599098595949429e-01
2.106153986990929872e-01
2.759756299260738843e-01
4.675898041216652312e-01
5.894360947398518125e-01
6.879943704360397261e-01
1.984306154311769876e-01
5.544366167792829092e-01
4.477560330786531373e-01
2.901637877261316611e-01
5.730476784965018444e-01
2.346941144788546874e-01
6.309413585496487231e-01
3.524825209641678225e-01
4.362572216274067105e-01
8.181864425545061215e-01
4.744434796729786741e-01
6.041236673100595089e-01
6.017700713983280547e-01
3.867985306934750844e-01
1.933938289050486092e-01
4.868646339183063110e-01
6.534039957076160920e-01
2.067308183515124131e-01
5.828336139400587257e-01
2.687571404336304148e-01
5.275514996250801891e-01
4.876010749017646861e-01
6.150784185299967843e-01
7.826228761575642068e-01
4.635405490183752142e-01
5.322115305878958313e-01
6.062537519849293677e-01
5.627820558346932067e-01
4.296691598807721446e-01
4.748361065303687290e-01
4.636601224565645718e-01
3.410354471083198447e-01
5.330379223772110375e-01
6.665777766619550571e-01
6.689720730737349630e-01
4.547478582796452007e-01
6.221256380430747468e-01
4.411566118405093606e-01
8.187220051231242079e-01
5.211918295946856849e-01
4.895244555390984575e-01
4.848013066240912106e-01
4.816354189199229530e-01
4.759201722814818125e-01
4.893245682900442817e-01
6.321206671268146948e-01
6.159180405639438360e-01
6.100106814512935571e-01
6.031280633095428279e-01
5.484214060674200697e-01
5.547988927944321746e-01
2.710440438832825150e-01
4.094733847001565952e-01
5.872328592329808528e-01
5.859046925259272509e-01
4.524359880935285294e-01
4.692394254230311534e-01
5.924761719814954919e-01
6.006683789162224896e-01
6.790039820542443927e-01
4.996173044169268662e-01
5.369770670867650697e-01
4.539994379043610362e-01
4.326104840533328555e-01
5.313412746901767791e-01
4.132701964505649528e-01
4.110578132454101863e-01
5.752354912645127882e-01
6.732666616354846534e-01
8.153284952957875475e-01
3.233069128538517689e-01
6.097612389243428632e-01
6.399849154297432285e-01
4.377269141320400125e-01
3.634980323884973719e-01
6.149086818681320787e-01
4.608418058501884684e-01
5.923557740819508366e-01
6.944978969033250848e-01
6.941534568989482512e-01
6.013405893577129513e-01
4.562622909045508934e-01
6.266126596698883278e-01
6.323207941269397558e-01
5.888201106730192036e-01
5.827179843911817203e-01
5.537508441521299396e-01
5.928277342359676849e-01
8.174856339247583703e-01
6.051483645515922660e-01
8.175489726710906124e-01
5.483453983905997031e-01
6.128546865506709906e-01
2.695223196082283112e-01
6.055205125325139326e-01
3.351290214284324276e-01
5.696293215570429336e-01
5.417039728806530841e-01
5.983652189220882711e-01
5.499905803394730119e-01
5.995070395881385572e-01
2.337130958826624805e-01
5.914514202335590110e-01
5.504241160419229839e-01
5.936875082430509432e-01
3.028593103616509241e-01
6.340153534949399816e-01
4.070288488852896736e-01
3.342892633769802835e-01
5.807848278677201215e-01
5.933702118157558880e-01
5.959229408845023723e-01
7.626891516736397092e-01
4.476758295285535594e-01
3.797354216073632882e-01
4.937301022859787447e-01
6.309035228931718642e-01
5.501716991493478259e-01
5.963477994473238564e-01
5.129096187743082957e-01
7.016278339821603316e-01
8.177205375123095532e-01
2.430113238925398211e-01
4.579590332034170208e-01
2.282863459571463915e-01
4.602966565323385328e-01
5.249953003225673598e-01
8.184283064035776656e-01
5.085920483679419180e-01
5.930460375567483400e-01
5.618350290130071922e-01
5.995475636380618312e-01
6.024456029484118735e-01
6.094796756851226238e-01
6.116675067338257499e-01
5.763823010396678104e-01
3.869040688124636973e-01
3.986217530065326864e-01
4.344632991377733733e-01
3.331245111048757312e-01
4.455163224418084433e-01
4.464003384944952302e-01
6.060806399905956932e-01
2.903517832884914829e-01
5.851069414085423581e-01
3.081348350503789746e-01
5.449176309057710554e-01
5.436054186763318308e-01
4.761497310361089141e-01
5.986666079317902733e-01
3.685791705903352367e-01
1.940496298093803140e-01
3.390648888959112428e-01
3.033972380408754832e-01
4.164305799999334368e-01
5.850413429982560531e-01
5.371496275860694336e-01
8.144805705667900186e-01
1.876606188888971238e-01
5.719206274581301042e-01
4.791396322245216610e-01
5.830981690153121955e-01
5.960403427633023110e-01
5.994765777464349243e-01
5.887123083077780983e-01
6.084621525027357203e-01
5.685799694490721867e-01
3.837555376613436264e-01
5.732359770101114194e-01
5.629180504330315582e-01
7.369351677330093775e-01
5.891647655843477160e-01
4.798253588681888337e-01
5.669165959310944469e-01
5.751956073489961074e-01
5.898725177078398829e-01
5.547341293730658762e-01
2.164879358630965589e-01
5.430811639565692461e-01
5.148881268174942960e-01
5.321069544406428209e-01
3.731163739906177002e-01
3.928397599729094303e-01
6.261344605380141370e-01
3.821320557950799723e-01
5.938156617243345314e-01
7.984305388521969471e-01
6.418434837836112239e-01
4.921985700993671276e-01
5.595556700475327050e-01
5.291467231926358927e-01
5.159910016002285937e-01
5.967968541813205574e-01
3.673795227945641506e-01
3.414472020614519043e-01
3.754282484860140268e-01
4.105040551545361405e-01
4.224752475782352912e-01
5.610936088068121386e-01
6.128285998366457266e-01
4.698808898439395532e-01
5.983765407324285190e-01
6.372395986256562672e-01
4.814163766406684419e-01
4.617310518788457774e-01
5.661910734847520610e-01
2.590897145829517689e-01
5.651105642995631895e-01
2.077665725047891376e-01
8.178799811093694361e-01
1.992747357325056479e-01
5.048173074810252681e-01
5.639113136218100175e-01
5.497980598824020460e-01
8.159701934186450734e-01
6.765091479383128492e-01
5.355733673582629972e-01
6.322332453501033900e-01
5.724952923877685285e-01
5.566241040802050177e-01
4.404224011356712154e-01
4.298034085278349958e-01
2.188866230874743635e-01
3.695273123460742215e-01
3.376409077394518787e-01
5.184668113425967562e-01
6.150735505602176190e-01
6.320075735820370744e-01
3.977539089005563966e-01
3.798076690179341131e-01
3.605866550992859465e-01
3.509511793645491151e-01
3.430989601351349672e-01
4.946488057270105876e-01
3.627994524392504916e-01
3.471973811490579043e-01
3.526340645706298460e-01
3.107805230237038474e-01
5.816349643357964228e-01
2.687931678969535110e-01
2.759076229815949910e-01
6.154419702177462703e-01
5.610273133220278208e-01
5.146304022600279859e-01
2.680727673143099010e-01
2.367565463146017180e-01
2.126324855506829814e-01
5.936964783940089641e-01
2.324341639113942926e-01
2.951296312404413924e-01
5.205558764624308443e-01
2.215269406006280806e-01
3.173136503400403874e-01
3.312899884421845464e-01
3.861989785522390028e-01
5.940119904959769714e-01
5.328649945829896373e-01
2.022871186738728067e-01
4.959963901269812681e-01
5.672681605144491712e-01
2.082867916033200317e-01
4.193833191057247944e-01
5.529722439409020529e-01
4.721419646347684296e-01
1.983567499167467607e-01
2.205261326180670556e-01
2.401539660588328517e-01
2.370802450757971969e-01
3.073740265866192201e-01
5.503774588481463725e-01
2.833480273853186127e-01
6.010006905612472750e-01
3.404165805367450059e-01
3.047127490572294484e-01
2.877459044976313773e-01
5.989644320250654408e-01
5.874981634204239356e-01
5.193209667493453585e-01
5.892095039772243803e-01
4.956678123548818315e-01
5.572151562379231704e-01
3.601503054944089066e-01
5.612999678061164621e-01
3.705912733577122475e-01
6.048641916719403877e-01
5.786584725661924056e-01
5.850243387937750228e-01
2.208233091789955915e-01
2.127567703039198177e-01
6.546308431456209220e-01
5.315470736934290175e-01
2.240962579236857599e-01
5.842946505089163800e-01
6.489819185041051375e-01
3.279401414216965849e-01
5.416092246466343019e-01
3.983617750099517352e-01
5.293116234513819407e-01
5.890687976265428505e-01
6.010974706440855853e-01
5.821164742897444455e-01
2.539860398719062662e-01
6.725672478755801986e-01
3.284834638735698031e-01
5.903711834717226825e-01
5.888927432065901302e-01
6.001259997936401192e-01
5.607327118319487269e-01
7.964031877363046963e-01
6.540737017651356844e-01
6.294980696086447391e-01
5.828176333852242985e-01
5.528842560835266484e-01
2.539057365729268101e-01
5.068836838787967869e-01
5.966984896488750634e-01
5.266120039935061614e-01
2.804922181920389557e-01
6.241680855320317356e-01
5.203907886751190093e-01
5.902252770903636536e-01
5.963418400611647519e-01
5.762092474032751710e-01
2.278893637548731199e-01
6.363911804247681658e-01
6.049115630126682408e-01
5.864743691153296856e-01
2.025105289647687046e-01
3.641530245224643969e-01
5.367625842006674697e-01
5.805723434951122197e-01
6.787182245895971855e-01
5.826342191136858473e-01
5.638102429219513656e-01
6.382833803414882379e-01
4.246509786572955636e-01
4.017163138551392843e-01
5.556926819117135041e-01
6.446389094108796458e-01
6.031375740873696767e-01
2.508279878562788556e-01
3.974195586105678246e-01
6.010034453016001033e-01
3.314922544512614588e-01
6.081646578194622732e-01
3.282708347190008702e-01
6.004872716630568208e-01
6.255602531570312319e-01
2.343010371798863178e-01
4.458524916909388236e-01
6.284592657992047471e-01
5.788910039309577149e-01
3.941675748841958482e-01
8.055874950493656650e-01
4.937655032531130805e-01
5.315424842686153895e-01
5.932430013077203412e-01
5.946079459761379749e-01
5.660335607367880106e-01
5.219499579300092007e-01
3.522912620639170322e-01
6.687508780035650302e-01
6.283980543571019428e-01
5.763875889314779011e-01
5.833411918022692877e-01
7.588426309759620514e-01
5.421229243761734873e-01
1.958990445669488156e-01
2.299762573594270887e-01
5.917559757180191893e-01
5.606703976027505032e-01
6.438363808535229049e-01
8.188325037430150832e-01
4.103740883666519568e-01
5.893176262861812287e-01
5.087156035246424013e-01
6.381758749600136005e-01
5.785804535037410989e-01
5.540604196860597908e-01
5.935681420279640408e-01
3.456538650143934355e-01
5.827634068816730517e-01
6.007345669640934416e-01
5.091005411963532845e-01
5.834135554242544375e-01
6.264384341172237747e-01
1.934942585263406400e-01
3.255235340980565661e-01
8.171589529953228181e-01
3.766680383299748081e-01
4.223322060189184102e-01
5.032025815419685078e-01
5.955958484572201339e-01
6.239562417969505281e-01
1.902921805601636429e-01
5.965004127139508228e-01
5.792551149629057150e-01
5.692199099060243350e-01
1.995233650318060381e-01
5.912585802977123883e-01
5.506917907770992882e-01
5.209791467058989545e-01
5.214744247143707767e-01
5.271194212781943333e-01
5.136142219993695690e-01
4.891940528158844059e-01
6.496806936090215867e-01
4.300475379551806365e-01
5.960616805817681163e-01
6.408842339670682842e-01
4.742917474589305460e-01
1.917185709736924093e-01
5.961435648094931539e-01
5.604057039352600134e-01
5.980893557534517901e-01
4.396206166131043647e-01
7.113090730763205194e-01
5.527645290136451450e-01
6.745721327302180992e-01
5.717747345397918846e-01
2.734508429975671118e-01
5.612108413722082245e-01
4.837194790563019708e-01
5.311880186942390392e-01
4.595222091545058674e-01
4.342192719364320608e-01
4.282638051170671312e-01
4.183228010556434007e-01
4.465677730072632468e-01
5.938716362207383526e-01
5.891192936820309756e-01
4.062751404159719026e-01
8.158006020195494035e-01
2.683099385430111616e-01
5.887966680998606428e-01
6.130361092596267047e-01
6.049126468754095765e-01
3.699954502210019980e-01
6.438356329062330241e-01
2.339399653493216547e-01
5.140364043560864404e-01
5.201348138101868912e-01
6.333059038542296904e-01
3.642602814055678206e-01
3.137623506249197503e-01
5.782549583251431757e-01
6.507307531326738115e-01
6.446284576646336140e-01
2.867660051177621794e-01
2.751989307674151952e-01
2.804011696955962529e-01
4.416578790872443538e-01
5.954121892615455991e-01
6.482162946667303638e-01
2.289924896398651544e-01
5.012857954376244152e-01
4.831739362088167122e-01
6.823047236697443729e-01
1.964084346425356842e-01
6.598852375282093785e-01
5.916045533094254072e-01
5.705783123862075978e-01
4.783463901017779851e-01
5.028029698276463844e-01
2.106599010900618574e-01
6.152527447314722897e-01
5.127765261414779507e-01
5.187086435936240081e-01
6.300321229075815932e-01
6.052475231824697710e-01
3.924975287744532637e-01
6.612842775517104865e-01
5.596279202034034617e-01
2.971249608769536699e-01
2.029648665061678237e-01
5.942356327216428147e-01
5.798232153063586081e-01
5.879474450962598464e-01
5.135023662415567625e-01
7.625889973161188440e-01
4.847174094744835515e-01
5.553718493962152003e-01
1.882391669245915833e-01
3.371398209248278599e-01
5.958157174850482463e-01
7.854755777087480961e-01
5.667249538829592925e-01
5.876341990920422864e-01
5.395003870913581689e-01
5.544409307445917756e-01
1.912960174745114150e-01
4.967593161931210810e-01
1.890915797196536796e-01
5.161216752553765552e-01
6.384512954216470249e-01
4.276885191405697118e-01
5.582275627427923936e-01
5.005162763026488326e-01
6.042332215778590809e-01
4.701758582687100563e-01
5.525390242766734517e-01
5.896239796297336744e-01
4.600458502292795182e-01
4.093784884304836336e-01
5.789298837411993581e-01
6.039985124133346872e-01
6.147058512767689109e-01
5.997447599974540244e-01
6.243741984130009026e-01
6.018302663953717380e-01
3.276426992708385555e-01
5.206346646324776506e-01
6.954146757905421694e-01
5.012422524360899967e-01
4.920355780372427934e-01
3.990521451083817173e-01
3.594466745843211131e-01
2.812497280265835453e-01
2.252475372881589388e-01
5.578112770292658062e-01
1.888231384194507534e-01
5.994654307826757789e-01
3.920945501062689242e-01
5.781398250278924067e-01
4.914567921507221882e-01
6.753819200293590397e-01
6.080998958099170792e-01
5.264800716661672819e-01
1.969375232602436354e-01
4.881603394453549183e-01
6.094248779556772355e-01
5.373314473809843728e-01
7.811430771388000460e-01
6.055492458733368055e-01
5.781953384493745407e-01
4.467988045078681858e-01
5.238559279921780609e-01
5.978216614742762891e-01
5.287463520267351447e-01
4.811384726688940350e-01
4.064378844884878883e-01
4.880005634430286121e-01
6.265121676874743084e-01
5.935284827677426156e-01
5.341777870423116692e-01
5.008619764852834111e-01
5.654512002219312938e-01
3.291639005097621307e-01
4.285663564600422637e-01
6.671685120465110641e-01
6.834971870307767761e-01
6.160952636173616659e-01
3.315257045822848636e-01
4.437459549826008876e-01
8.179912554385754264e-01
4.960147423707734204e-01
6.091098288998751942e-01
4.852147219556439128e-01
2.253245366844918718e-01
4.711963407113520796e-01
5.755140744870804737e-01
5.232502914655974280e-01
4.668171891986036548e-01
3.696626917387564881e-01
4.010167411201966403e-01
5.280772690594833785e-01
4.462764958818006278e-01
4.582252594164926696e-01
8.156446421771323951e-01
5.868026840501524566e-01
5.992523639741984542e-01
1.910248829978506979e-01
6.066598349064608042e-01
2.828412186768731740e-01
5.532799271047339484e-01
2.197529903825325703e-01
6.674922014951885085e-01
5.755063036155010359e-01
3.093589997488375709e-01
5.946208309709751783e-01
6.757332984951872623e-01
6.619367895877681374e-01
5.792506360322438042e-01
5.402980770959672219e-01
5.604226982917807076e-01
5.849071594853736400e-01
5.236334031258356170e-01
5.860222082659332088e-01
5.911547224664982503e-01
6.189680870965458270e-01
5.735592161443026082e-01
5.067134972249728309e-01
2.178744869396221362e-01
3.831059388319740799e-01
4.108832311330328779e-01
5.856869825521804351e-01
5.204373761195962844e-01
7.376624520825906250e-01
6.094379162223264590e-01
5.893108920894069014e-01
5.438962770090648435e-01
5.465332729451538585e-01
5.970197129446473960e-01
5.865823700748862279e-01
4.354331482220828442e-01
6.153941583105043689e-01
5.938310001175634012e-01
5.351635274689776622e-01
3.669431212944023746e-01
6.399060529104724226e-01
5.183950474338345771e-01
2.205199858261287504e-01
2.814320872827029141e-01
2.968813009565228755e-01
5.586869037050238296e-01
3.944908114929997489e-01
6.037128123490477227e-01
2.201735679913039423e-01
3.853010503313946122e-01
4.842055579281754896e-01
5.884787752349568413e-01
3.953659682659376173e-01
1.975377052961170832e-01
5.994771366025227755e-01
5.932416628192382912e-01
5.511297438603844911e-01
5.440803910092826268e-01
5.518077638328795498e-01
5.574274265928405026e-01
5.228792295729285389e-01
5.086528710772202366e-01
5.009150001402421504e-01
4.928312314922494441e-01
4.841255798748555494e-01
4.665965068239258939e-01
5.971900253677385750e-01
5.684771701874471450e-01
5.916116884039149815e-01
5.997749868070163526e-01
6.094610944489040616e-01
6.231692108618375192e-01
6.275091949232576294e-01
6.249531941325222606e-01
6.334631857170401892e-01
6.365925847873533661e-01
4.423985009768203192e-01
3.363312731568555147e-01
5.776796077471644253e-01
3.320333722443706281e-01
3.277825158623955959e-01
4.030584948552752289e-01
3.996578704294747597e-01
3.934985604478308807e-01
3.836387070547946365e-01
3.456487511038138782e-01
3.510427733263723482e-01
3.578971275936881358e-01
3.638265995010083742e-01
3.983761920782734056e-01
4.356692225840553823e-01
4.612742703479291717e-01
5.423362558394699828e-01
5.764108335979138964e-01
6.142876669716305083e-01
6.477973298957233617e-01
3.236216375099177367e-01
3.729258495551059926e-01
3.784434517656982688e-01
2.936723586354385018e-01
4.141733038734398131e-01
6.608723483979006552e-01
6.325623507517881272e-01
6.234565043983030241e-01
6.232015773717164420e-01
6.195209163375849926e-01
6.068246659732686732e-01
6.058005697816618573e-01
5.999154857751970438e-01
5.973154405196032801e-01
5.723296445551764311e-01
6.648970876237644267e-01
3.031052270493438949e-01
5.502413339032478090e-01
2.862098627814025353e-01
6.500946701891775481e-01
6.694905950134237838e-01
1.891706052900515300e-01
1.888841344499096186e-01
8.138451627000647948e-01
2.638003656781861550e-01
2.428156156558277934e-01
6.992188790707767332e-01
6.558000952105532688e-01
2.403280050045243088e-01
5.583538393338982608e-01
4.841520379969863619e-01
4.513052621300280842e-01
4.289160708905938590e-01
3.530328442203331529e-01
2.301136316569891982e-01
4.353209681726613045e-01
4.848052267280746341e-01
4.580071525932850052e-01
8.175398377456922772e-01
4.850608785738009243e-01
8.178839971090894334e-01
5.093507859463651810e-01
2.757329117807790775e-01
2.558272546990074114e-01
2.039741418529776862e-01
2.467508112494427586e-01
2.531420862403760963e-01
2.812239778837326010e-01
2.840092814905498253e-01
2.938909448672178959e-01
3.072417554314087473e-01
3.107606089751289713e-01
3.266626725732241776e-01
3.306276663915044267e-01
3.562665727195969412e-01
3.677777603771794079e-01
3.723544480056021899e-01
3.699400370708065267e-01
4.014924767382967441e-01
4.133806975781108006e-01
4.147566349112197792e-01
4.247571355180403407e-01
3.649486572257636952e-01
5.882846364371348002e-01
8.180649420063863531e-01
4.977025899256906638e-01
6.408498960178281578e-01
6.256159910628311671e-01
2.607571017218860976e-01
3.558681806036635420e-01
3.046699805111519055e-01
3.025041701588198628e-01
3.029443321298258551e-01
3.033018516702247203e-01
3.495338748266776374e-01
3.585172524577845965e-01
3.317463330712243641e-01
3.180935202429979181e-01
3.087697190999431629e-01
3.016272050219417356e-01
4.609156125305508556e-01
4.630148537092725336e-01
4.424770671925269405e-01
2.998951907657280147e-01
4.753541146901594794e-01
2.719329894762834710e-01
2.337408829487730155e-01
2.893514066676966534e-01
2.833168006281421292e-01
2.783808188256388649e-01
2.840851354715258070e-01
8.185069115841647758e-01
3.745644486044719668e-01
3.486148906729640840e-01
5.193161710177507384e-01
4.663901385602083338e-01
6.791526775962507534e-01
6.826799405298450418e-01
6.759517726990003084e-01
6.134266455321715217e-01
5.706096886034146554e-01
5.650308597056918902e-01
5.750679612277275199e-01
5.842979329379791587e-01
6.246984824555816829e-01
6.121444404285070195e-01
6.103686979401533597e-01
4.177900265983442996e-01
3.627896457941569563e-01
2.079712830915827204e-01
5.957029136564921945e-01
5.609175814092447476e-01
1.881248530326332657e-01
1.881975633095759326e-01
3.705593859108305410e-01
2.013946213999739943e-01
1.988691430197662702e-01
1.882610281401858598e-01
5.935569175554273880e-01
5.961821609816052581e-01
5.847843838721334953e-01
5.776127171420298856e-01
5.697582188298577766e-01
5.149090834679448392e-01
2.108564663748906387e-01
3.450505547853397470e-01
5.733169169372865914e-01
4.206266283626271529e-01
1.948100712845505511e-01
6.110400580540101823e-01
2.462959667617039272e-01
6.504049968494872713e-01
6.456302905828555927e-01
3.264075883554907742e-01
6.450085334744891652e-01
2.864355157824831632e-01
2.417657398223777565e-01
4.469112114487679976e-01
5.473534561533497378e-01
4.297363473118583355e-01
4.299101841496574261e-01
4.210158904556988713e-01
5.832519921318511935e-01
2.765163592071508414e-01
5.968467564546346971e-01
6.029328805645477463e-01
6.088867654711543898e-01
6.087005301223984421e-01
6.147035329699535033e-01
5.803682019021658700e-01
6.147298454050295069e-01
5.669756912750730793e-01
5.716839433741073284e-01
4.605290337257836875e-01
4.342500440315072430e-01
5.581512915584488921e-01
1.912333457815021676e-01
6.556675963143795416e-01
8.181076740700560235e-01
5.935584202755506134e-01
6.412893189606131417e-01
1.883793699489471896e-01
6.587414852097122075e-01
5.352981456374785729e-01
5.474542395004907691e-01
6.010528132899630727e-01
6.552910915875624909e-01
5.961737948088339234e-01
6.200013306423377557e-01
4.224242373960543362e-01
4.089490858523076589e-01
6.028471079800191701e-01
4.511101073500130565e-01
2.239014971196304216e-01
8.180838807091795895e-01
6.896145739667516317e-01
3.032664768040746472e-01
2.087148329697228466e-01
5.600899827532838104e-01
5.769084757762290572e-01
2.003372198308861207e-01
6.149708289132309602e-01
2.234925214242044766e-01
4.665695420163492591e-01
5.281002932874380162e-01
6.706603823182857305e-01
2.242463650347600312e-01
2.668013707088184305e-01
3.156180499960112851e-01
8.189864916319571364e-01
8.180544145606251094e-01
8.145541183211235658e-01
3.035290145446913335e-01
6.445427689037166452e-01
4.424852502168538648e-01
4.535575886064889262e-01
5.417479197065698804e-01
3.186295575895461973e-01
5.624921047175054367e-01
5.670773825357072750e-01
5.986814270556882756e-01
5.206959774242083672e-01
5.958174007672952799e-01
4.251719126507594870e-01
4.059689082783710656e-01
4.304382472734211151e-01
5.702055007787042440e-01
7.550953184589414002e-01
5.499674666665804734e-01
6.401316288499366847e-01
3.649587161730551421e-01
2.179594438298310399e-01
5.895385924651534992e-01
5.179647934806979048e-01
5.406425715275801069e-01
6.339483660356262096e-01
4.943162634183538295e-01
1.901749829146366366e-01
2.067094360332379643e-01
6.025302111563749508e-01
2.349417001957487261e-01
2.132780136934001036e-01
6.351950652239629624e-01
1.903239170643654110e-01
3.397068589416061268e-01
5.649149647365608873e-01
8.046226386262022023e-01
5.814114647837161920e-01
5.688702088557147096e-01
3.756052406198869265e-01
6.089210211871377565e-01
6.295187829094561760e-01
4.007407765525536902e-01
5.881763045210245400e-01
5.433908900411460463e-01
7.257751194860774246e-01
5.972760298779202781e-01
4.803180494923669497e-01
4.871035881088911501e-01
5.561585565039806056e-01
6.008691355439207404e-01
3.124985560602043244e-01
5.041593453969165362e-01
6.814909608486526826e-01
4.818164677142610652e-01
6.253095901554476255e-01
3.973203061243178458e-01
1.975985192166465343e-01
6.191368630413529583e-01
4.503568189203356331e-01
5.436004531784870419e-01
4.393748147314152641e-01
6.239833632855890100e-01
5.341696908591517801e-01
6.168412263831742903e-01
6.044166798104538829e-01
4.731246548217789560e-01
5.252328323464318105e-01
5.384847358565436615e-01
5.341132298453440397e-01
6.663823621397246821e-01
8.149880493536099113e-01
5.767743088352974556e-01
5.062384009400004992e-01
5.029656837781455447e-01
5.968556448940458559e-01
5.222116888026590020e-01
5.451092502661227801e-01
6.266423454606767640e-01
6.447731348434183607e-01
2.704096351826473232e-01
2.980584198071273283e-01
5.849084065055375481e-01
5.370878784682192597e-01
4.887634955125826908e-01
3.767116067363718845e-01
5.446906098686443709e-01
5.956721386907642968e-01
5.972000262781430591e-01
1.936726790676869536e-01
5.429737044930177392e-01
5.818721042257288811e-01
6.193818358378671007e-01
7.606002397289065575e-01
2.210147364541721338e-01
6.273246636727402015e-01
5.184412637364682608e-01
1.912005886315567005e-01
5.787568870467891813e-01
5.879726405606021666e-01
5.992615040823283667e-01
3.406285542116503362e-01
3.971511247450534854e-01
5.552343753690431871e-01
5.876060386595682861e-01
3.301878915803830306e-01
3.422680319551327233e-01
4.855532239172525300e-01
5.730880181543712704e-01
4.644297982442662787e-01
5.900239039637411587e-01
2.405398802190838181e-01
5.857111986309390117e-01
5.903814479217106559e-01
6.289439200171978994e-01
5.939944138691430897e-01
5.972998651886578525e-01
5.989870182885301819e-01
4.851924426276962854e-01
3.328391515832424541e-01
3.829371778381660540e-01
2.137589698406080485e-01
3.006380852913674850e-01
2.766365932220632429e-01
6.698937009882208748e-01
6.215823720777587935e-01
6.549861816084657784e-01
5.585119130110578478e-01
2.220247947869066762e-01
3.848785104752336372e-01
5.887939857626406370e-01
6.031616832366033520e-01
6.874870000033016515e-01
7.287328363111172935e-01
5.956027258125569102e-01
5.888214043999191460e-01
6.644359867884804816e-01
4.863828789020101517e-01
4.794177883872017820e-01
5.277281233910934288e-01
6.492905060171532128e-01
5.874619713683871813e-01
5.949077505968195512e-01
2.740490522446515920e-01
5.644161952083848188e-01
1.939163119078398390e-01
6.256045165274420894e-01
3.344991772585087508e-01
5.897856344293136432e-01
3.305457461923970164e-01
4.945447744362675424e-01
2.781112177109827943e-01
2.595909329646957087e-01
2.502906127407287795e-01
5.946360193596580412e-01
6.114446527956340915e-01
4.855655769613927419e-01
5.391163338655375892e-01
4.836885507271893592e-01
5.099718775798587345e-01
5.613646232250283363e-01
6.426639009817126658e-01
1.953302371121507786e-01
4.920717563966836017e-01
5.601774870722420197e-01
2.490668159672367321e-01
1.890583359424906074e-01
6.044100736491146986e-01
5.406620256663713375e-01
5.291063787833195642e-01
4.883817600190805686e-01
5.811293490208655488e-01
5.438852425859537210e-01
5.743883314887171521e-01
5.395871638631459799e-01
3.308158387998196837e-01
5.672673527691295403e-01
5.451343001376151021e-01
5.438336436801586293e-01
2.741691026219615357e-01
4.719865150597045700e-01
3.616854172722250849e-01
6.626811354964065037e-01
5.332519878495405319e-01
5.424375880926294302e-01
5.915389580111103385e-01
5.824211610690102070e-01
4.621230777231962739e-01
5.965098502363540556e-01
5.114204855083626100e-01
4.459930401560732172e-01
6.287210704521680737e-01
5.370454319599029525e-01
6.191071444558254866e-01
6.492707547863383333e-01
5.138317513007132353e-01
2.899388389677863276e-01
5.760651139810408772e-01
6.354230921279987454e-01
2.392308711301324164e-01
3.857191265638256761e-01
5.901515798208883945e-01
4.629088562766693893e-01
5.113400742896386797e-01
6.512377587741101648e-01
5.157753362792119045e-01
5.129309709021133701e-01
5.227607781747416471e-01
5.088223086062191314e-01
5.998303797973293383e-01
5.640324408701218317e-01
3.760467214322818497e-01
4.502406984526581279e-01
5.835265610737079278e-01
5.949208153460550097e-01
2.203691397117297224e-01
4.437350930241996116e-01
6.257315154400469037e-01
6.109468182706103700e-01
5.393422875559239493e-01
5.948703082954130972e-01
5.538180763418735220e-01
5.813224837628659936e-01
3.350715068833421961e-01
5.961209651564598477e-01
5.559933199967648232e-01
4.712082650507267156e-01
3.442627793235051858e-01
5.858307150497735760e-01
5.706392855613747761e-01
5.615046055465943153e-01
6.025147227424347829e-01
6.577365198020524995e-01
4.286104891429538544e-01
1.887471905590832333e-01
5.951051045794096828e-01
2.247133540998138279e-01
7.200506697338758810e-01
5.973483519064229919e-01
6.017835104693208814e-01
5.990897276918253356e-01
3.945601977575863839e-01
6.065883741998017165e-01
3.450456720865396343e-01
8.175218242384043599e-01
2.161787812702699041e-01
1.993052590472470520e-01
5.768338864563072876e-01
5.852733551285066449e-01
5.591848977921727304e-01
3.193256962981536606e-01
5.543079008984547196e-01
6.021675507884339806e-01
6.186297717844001509e-01
6.378768763725447544e-01
2.008815858210770966e-01
2.153327729778551636e-01
6.582216866618915141e-01
6.143485227292903028e-01
6.389465566854004575e-01
4.560178873864864646e-01
4.149430354117115693e-01
5.903113364051341128e-01
5.959778794232394317e-01
4.863115719477895671e-01
3.813880845258263430e-01
3.755067518922427516e-01
4.648984986843518463e-01
4.756151881183979246e-01
5.725664831742307559e-01
5.663311445448473425e-01
1.891201676135020882e-01
8.167439504645935822e-01
2.442279640535742202e-01
4.343836275970927585e-01
5.934112612534661046e-01
5.461196171322482140e-01
6.585183715269448124e-01
5.454001990480203954e-01
5.268430400242866130e-01
6.126049447936119385e-01
3.723514435969470515e-01
8.188916896167879322e-01
4.987761296686553658e-01
6.023768429752647258e-01
6.700077236887873600e-01
6.102278896331411184e-01
5.739137826305509282e-01
6.247608626483317495e-01
8.018746036036659142e-01
4.218179040946670177e-01
3.403811906059858727e-01
5.941760505057179786e-01
5.485728571383585717e-01
5.838629941917730104e-01
7.425600664710846344e-01
4.774205087952502202e-01
5.377195252433972783e-01
4.647482653089112792e-01
5.739200284122789597e-01
6.136291748704163496e-01
5.817716646315657103e-01
3.713074550801148677e-01
5.881919102991561843e-01
8.070379835234965382e-01
2.204092407058628467e-01
4.972355698502641252e-01
5.973713912642636403e-01
7.356921326127184857e-01
4.943424747969527577e-01
5.301903255699591533e-01
5.204645288264057035e-01
6.000502835220224984e-01
4.769338993890150924e-01
5.954178254306922158e-01
3.957036656574901001e-01
3.911297108796394362e-01
3.885868004927908181e-01
3.690470151065591842e-01
3.709640651940219191e-01
4.185454357370169687e-01
3.814794868189735899e-01
5.178652303051372030e-01
4.668598805618539571e-01
6.867928273986099175e-01
3.995607792836237682e-01
6.524177915042879139e-01
5.907643161876867666e-01
1.882005414623220962e-01
2.534790660234509385e-01
2.324223974032654239e-01
2.305669262692353894e-01
3.761587810846511171e-01
5.906274262346210557e-01
2.730622166607215573e-01
6.268994393553347644e-01
2.094784467301136766e-01
4.157669626550343223e-01
7.189288336911808797e-01
5.560129505048360121e-01
5.986974249635778067e-01
5.352271650714957030e-01
4.768627266638180151e-01
5.716506044871434433e-01
3.869347341112712724e-01
1.889223256693136621e-01
5.535052128542724548e-01
2.857373179678411867e-01
5.949384796919130469e-01
5.821866222096415688e-01
2.903732500450848519e-01
5.443251188937702212e-01
3.834072021468054037e-01
6.366883081806682387e-01
5.611386776311612090e-01
4.266181154622086802e-01
5.665829902566622556e-01
2.206013803336390744e-01
6.295462084282164028e-01
5.797732692409840460e-01
8.177587079481206667e-01
5.649728220472426399e-01
6.526041074915995832e-01
5.392573091438838118e-01
5.649619769575076056e-01
5.964049788761902615e-01
5.101823957103339691e-01
6.353794303001922827e-01
3.641769832495748704e-01
6.231047154166703406e-01
4.724278301943464209e-01
6.448401584502544415e-01
5.523684782752388278e-01
5.008555881414770150e-01
5.681634649056263031e-01
5.474524749816904734e-01
2.285424405803460068e-01
5.565882075425787612e-01
4.996510880227229001e-01
5.165142170687266887e-01
5.388706153247916353e-01
6.173184615212338189e-01
4.703743683059172787e-01
2.094229568091760252e-01
7.063323724232595247e-01
5.783185813423303845e-01
5.868930396170330965e-01
4.523575168337249375e-01
2.598960612172047657e-01
3.145910835272540118e-01
3.226891943306891553e-01
5.963716884766788739e-01
5.682238148221577800e-01
2.058246298500446825e-01
7.583586210610445688e-01
2.428577202248035360e-01
7.154030487886606782e-01
3.700098500355457065e-01
5.970681186104274119e-01
3.121388615023562019e-01
5.828798126329628460e-01
5.972237426309376929e-01
4.256134075877822665e-01
5.852859136561409104e-01
7.906490511687220835e-01
5.791320976610448978e-01
5.465757596183065115e-01
6.044409949866528242e-01
4.675943952475658527e-01
5.760139244989640472e-01
5.276232546676342672e-01
1.907269774580271637e-01
5.318356205789778191e-01
2.044768776419996770e-01
6.473483620458477805e-01
5.004138475929653662e-01
8.187197980777791706e-01
5.936662964024247424e-01
5.485320329833525133e-01
5.786701936685727521e-01
7.171574489743859360e-01
5.516361353154187741e-01
5.551831913783569217e-01
3.888805462728339157e-01
8.182257907827180654e-01
5.976006761402746781e-01
5.978097255807556243e-01
5.445480439098177028e-01
5.756772751645935493e-01
5.990808791617409090e-01
2.002253272692412767e-01
2.309109762799039234e-01
3.016151409399496774e-01
5.400216525535094236e-01
4.724533971263653598e-01
5.582121844290448553e-01
4.224323462900725912e-01
2.398987804441091165e-01
5.307676810082214702e-01
6.081563500183602144e-01
2.897325349792511662e-01
2.426047784862716272e-01
5.909804442418197246e-01
6.066196883333502266e-01
5.431436879297036890e-01
5.301612230982045704e-01
6.843752807067916555e-01
6.018069945399306953e-01
4.353083120307840170e-01
3.922424305739353745e-01
5.587668431382758483e-01
5.745540840410794381e-01
5.900044484789664923e-01
5.970661386135396320e-01
3.852838979548570686e-01
6.709039320940860529e-01
1.881778819083814169e-01
2.098567967396478273e-01
5.957578552071221001e-01
5.122850931788300866e-01
2.666276635755261970e-01
4.647200345108172814e-01
4.739834265758079979e-01
4.745052668323144207e-01
4.859526121586124625e-01
4.832132044442395968e-01
6.124434164929791757e-01
5.894925142872743384e-01
6.055338922237704091e-01
5.992814764594928123e-01
5.902494411811176622e-01
1.879991049235720524e-01
1.997390095430226775e-01
5.272856933256360179e-01
5.006133508289951628e-01
6.002959728217213131e-01
5.696625302111959499e-01
4.153449347447470408e-01
8.080454255139909447e-01
5.639285260404144351e-01
3.027497520362862349e-01
2.847260915434921547e-01
2.260817889011547677e-01
1.933139310732473470e-01
3.779640442545087464e-01
5.405443626804985469e-01
4.544031874294183759e-01
2.118118469901493217e-01
7.497315962549350177e-01
7.818755574193307911e-01
5.986585167907886307e-01
3.860846915737606300e-01
2.561801116662143496e-01
1.994525836003100128e-01
5.980721577984823289e-01
5.452064002236194362e-01
5.782757632357512501e-01
6.278120407487045584e-01
5.671133665383194522e-01
5.655934842325157641e-01
2.357790164615334028e-01
5.486781197336497717e-01
5.918642156156693757e-01
4.385947667785218829e-01
5.890801542334968000e-01
6.583717504093996586e-01
3.733581072181421656e-01
6.892075828082021571e-01
5.991969543258315323e-01
3.791864286238061932e-01
3.040748456305764069e-01
5.071742197234797578e-01
3.839998579538472789e-01
8.192001286253430825e-01
5.333527431473843450e-01
6.997857945606459351e-01
6.998109900364831715e-01
6.037905587027748711e-01
3.766283747964800921e-01
5.634590369799047371e-01
1.936015630840992874e-01
5.936973608266519209e-01
8.172609285605034746e-01
6.034593033945905294e-01
2.926000730639301550e-01
2.766100234150052350e-01
2.694556516403969759e-01
6.490494882060267035e-01
6.000226990281370965e-01
4.744272948261706868e-01
5.407571637251818997e-01
2.444464447300392362e-01
4.760313487595039250e-01
4.515769545295219567e-01
6.779122387420680740e-01
4.963209566636415104e-01
5.821726429842870587e-01
2.594506169369307225e-01
5.017383095018573824e-01
6.368292796443456583e-01
6.355895570362355418e-01
3.257095478731883986e-01
3.563259368742647260e-01
5.970550233910265625e-01
5.231329120074679206e-01
6.991768587833433468e-01
6.266260242897161437e-01
4.325992067628047222e-01
6.185946234316738179e-01
5.347964426596577558e-01
5.692758448372249314e-01
3.082546279903602970e-01
4.713414118060197389e-01
5.579842945836617218e-01
6.014355055750280066e-01
5.400043651795193300e-01
5.735255882684968665e-01
5.652023202760260157e-01
3.184037456927358845e-01
2.037075652762195821e-01
6.007169672846507380e-01
3.908520889357061101e-01
4.925082792184567460e-01
4.550658475747277887e-01
4.544061558435043002e-01
5.818196188501214561e-01
5.640806778294966684e-01
5.055819658371603076e-01
5.554802826569107399e-01
5.485793676428528665e-01
2.637539464514422893e-01
3.655865146358053819e-01
5.696191225230949895e-01
5.902559522391414015e-01
2.286193575912222609e-01
5.611653570087218323e-01
6.673675948354285126e-01
3.067142681222267409e-01
5.681784900421946727e-01
2.735113400854864429e-01
5.974421431299545837e-01
5.762170020729817654e-01
6.025812306676189278e-01
4.826823147312044315e-01
6.100991018085041295e-01
2.346367878916008065e-01
6.303301792364268685e-01
1.902474147241362823e-01
4.932270093029839653e-01
6.432358587428819163e-01
5.737669772256376310e-01
3.874737763418941161e-01
7.364551449867232646e-01
6.361160673220729311e-01
3.085081258091820211e-01
2.241411218153005480e-01
5.226400113061582253e-01
6.282783587945935944e-01
5.886161328957240091e-01
2.502305130298020930e-01
2.502428521347628831e-01
4.085773601834685742e-01
4.871860613866883516e-01
3.795776508153820838e-01
5.347027985335519595e-01
6.760984780112633263e-01
2.543255325219391794e-01
2.421140662176985980e-01
3.863429566047991703e-01
5.911589322545718339e-01
5.445998338177865383e-01
6.003264603251219356e-01
6.727262993849967287e-01
5.978424902915052686e-01
5.794230219990137432e-01
3.341810273134107612e-01
5.062357551423632973e-01
5.375866274574856440e-01
8.066273804858404839e-01
5.533709259660912760e-01
4.942134794387024743e-01
5.937014629931934850e-01
7.551319403290118748e-01
5.898987106253376078e-01
5.978484831941874855e-01
4.611118336348129509e-01
5.163059815888721982e-01
4.499607723201202725e-01
4.523057317981732939e-01
5.126408613319561880e-01
4.546554982312087656e-01
5.853830472588509304e-01
8.119991804153557924e-01
6.471114831360024189e-01
4.198803224646673327e-01
2.329228146339274719e-01
6.628155048397430527e-01
2.579587274983719536e-01
2.427858992427960882e-01
2.377411785655291210e-01
5.645212342470307121e-01
5.811317629722331235e-01
4.653360413456004152e-01
4.085648814674209817e-01
5.227872380766159788e-01
5.159698498465441485e-01
4.047906018433682362e-01
5.718299225088671056e-01
4.059604920234340386e-01
6.325117693529145324e-01
4.133183733400297433e-01
4.716473206452248546e-01
5.732942212894444056e-01
4.695912917922080987e-01
4.209450173502369275e-01
2.467200012426040978e-01
2.475494027737293878e-01
2.601208963616117309e-01
6.793287833437184897e-01
3.395702596703771281e-01
6.444262679089530765e-01
2.436656343855138906e-01
2.092573816092756223e-01
5.833630144306689580e-01
2.444573962875349615e-01
1.896072047291904594e-01
2.558673028385967663e-01
5.280134556883139263e-01
5.193144729699574746e-01
4.530475872889949129e-01
4.879385503023122572e-01
4.753580249743654673e-01
3.683783335376942247e-01
3.182434981722453426e-01
2.993620697007599585e-01
5.638742015296751564e-01
6.010880211316900201e-01
5.032557585633679054e-01
6.473227934000923556e-01
4.426011226623715045e-01
4.843085846850491705e-01
2.455384217134613800e-01
4.766763930796513171e-01
4.212773690757392053e-01
8.179710505021096090e-01
4.420611610332763619e-01
3.358104277066766286e-01
2.830488797840395865e-01
4.350662097918314153e-01
4.958636127333387877e-01
4.332556134336433828e-01
1.888370851216623070e-01
5.675138130789202373e-01
5.967605517294048978e-01
5.935924146763250642e-01
5.635217112261043937e-01
4.884297160418361594e-01
3.950585144603571131e-01
5.435905735723790544e-01
5.740701370970954232e-01
5.445852450353438901e-01
5.414038137506741455e-01
5.908470186874308361e-01
6.698430649398430248e-01
7.209315502257516162e-01
4.842731537790274654e-01
3.026018623282883402e-01
5.991775305537009322e-01
6.590079970599791448e-01
6.371749974013599660e-01
2.783719032694080830e-01
5.221275156943120388e-01
5.114010476249203352e-01
5.947116436113627502e-01
5.630581299258732297e-01
5.392153115726295853e-01
6.083618474734588943e-01
6.489002657303565291e-01
5.359029059191080524e-01
1.904714912507561864e-01
5.457047019622974782e-01
5.968248489518555022e-01
6.028778589183673153e-01
5.972298028848594953e-01
8.181296680702656587e-01
5.362873788265326569e-01
4.415480778549576990e-01
5.750294211112945142e-01
6.370264748011493783e-01
5.964629922639432813e-01
7.590664457069652427e-01
2.486143871577046471e-01
4.709327296884354697e-01
4.814515458787405056e-01
6.047361404307683985e-01
2.010991279399488574e-01
6.213671539220829709e-01
3.677885584112962625e-01
3.207352039310079062e-01
5.152024274590332187e-01
3.183993923822026062e-01
5.847270402746229667e-01
5.996179945985884441e-01
4.053939084321663278e-01
7.931686665657139423e-01
5.676495084786848944e-01
5.472696670910340844e-01
2.608521990832379234e-01
5.832218542412134221e-01
5.956253657362019505e-01
5.203323699540030045e-01
2.147298003948519551e-01
5.789879234207564451e-01
5.923173205005816122e-01
5.200784199533804442e-01
5.166644391827460714e-01
5.154863932506470459e-01
6.608600637385523280e-01
5.708242714872615586e-01
6.204549455490301346e-01
6.182336139180717449e-01
5.600773912233049101e-01
1.999137373164300291e-01
5.058082193482558164e-01
6.134355956128282328e-01
5.874669564665077059e-01
2.700300178636956261e-01
6.070748082390358125e-01
6.068624384176305453e-01
6.034165239228979072e-01
5.964160568549966568e-01
3.222072771627515486e-01
6.445306864234638944e-01
5.318946626026936908e-01
6.277888084290628168e-01
2.007998202100372553e-01
4.137768488245072707e-01
5.999097000920537992e-01
3.075708986119755628e-01
5.814939075144945901e-01
5.975111628416240883e-01
4.827013910063194246e-01
6.902040237433927361e-01
3.958734403865942775e-01
3.605741495738352675e-01
5.617103783782830817e-01
2.299730863129760827e-01
2.252867349376286021e-01
4.498633175877794210e-01
1.966784961295836853e-01
4.871927320708680509e-01
4.828647587878370229e-01
5.755956123166897642e-01
2.014367385399832011e-01
7.829165455588911193e-01
3.647008662385954336e-01
5.385249530076324787e-01
5.831250092946559382e-01
1.910252722949709880e-01
5.275142088192182888e-01
5.973457547522013078e-01
5.958704653447221000e-01
5.636365572422079584e-01
5.281838121531527985e-01
5.317027603600349428e-01
1.880958673284169880e-01
4.734102895488743745e-01
4.996841187603114354e-01
1.922305088487654134e-01
5.841539051750365141e-01
5.135449734548345191e-01
4.550712476032063303e-01
5.879923421787058846e-01
1.901440599400373022e-01
2.424059680423042429e-01
5.737504301263346429e-01
4.964676240933271201e-01
5.934369012058474668e-01
5.085369180992852511e-01
5.229494727797276976e-01
4.902524752517815054e-01
4.336077865070046555e-01
5.373421187282452216e-01
6.222879192783544733e-01
5.393708718625479515e-01
6.073442974223509649e-01
5.564561384056609938e-01
5.868478136117242228e-01
5.816882809185051073e-01
5.963909126992333887e-01
3.038536725705253128e-01
5.970384936352886029e-01
5.250939924739209674e-01
5.281632639026322407e-01
5.877505913449871944e-01
4.441559494084860726e-01
5.905064547207805603e-01
5.731757887611006463e-01
5.963873532562941060e-01
7.006654620629072516e-01
6.496422371647437854e-01
6.057349253965909064e-01
4.780666441616162610e-01
4.307347903062684336e-01
4.332446148192998781e-01
8.080635967045852741e-01
5.664578550295862325e-01
5.423802461346071135e-01
6.072462079542171320e-01
5.656585143814427674e-01
4.607497816019121006e-01
5.659876893312366652e-01
5.793697342703714170e-01
6.595666989324954210e-01
2.288918023015516223e-01
5.779451161336416343e-01
6.233164240574703419e-01
6.316466122579538212e-01
5.728795442327798693e-01
6.140548108355109447e-01
5.384046592390631103e-01
5.335396780198475852e-01
6.301330954223242076e-01
5.179380053109774451e-01
5.968877527852489706e-01
5.856176589573265368e-01
4.183295068008305861e-01
5.652416651288386662e-01
5.891082520083613661e-01
5.833885006960994879e-01
2.020099549508229397e-01
5.643053448909658432e-01
5.840640751983867673e-01
4.066412310910674233e-01
6.646651157791663156e-01
4.733790007486802232e-01
4.303543026311064668e-01
4.847087568519088396e-01
4.912075134806800913e-01
8.136246937841596916e-01
3.189037447824822347e-01
6.389008316692230682e-01
5.832603059303488324e-01
5.301976577897219434e-01
4.303754800018532167e-01
4.766986868913126729e-01
4.862785376360506118e-01
5.946732113578105938e-01
5.981298644575778756e-01
4.732048939402291876e-01
4.388143987276618696e-01
4.730875015263438232e-01
4.744982263260200117e-01
6.693632961666140524e-01
6.032645275995682788e-01
5.399300451566927395e-01
8.149743336785300052e-01
3.593235997851572106e-01
4.655373345629553183e-01
5.564864731258208908e-01
5.977195658231569952e-01
5.960279650178041955e-01
6.680749558555604262e-01
5.751703910024699162e-01
4.188343836688621091e-01
5.756269330619415703e-01
4.943343254855568358e-01
3.943128046161826772e-01
5.946279044264933811e-01
5.726251126154057181e-01
6.096893585227769474e-01
5.447148810652988615e-01
5.482099476939982230e-01
5.835342795526979875e-01
4.840105277420705954e-01
6.415133010351874443e-01
6.223631761011141350e-01
6.623906988408554408e-01
4.672147333673316028e-01
6.069401008952418630e-01
5.935001562006126941e-01
6.015124170024888084e-01
5.481596781149760123e-01
5.185508999190937551e-01
5.696412326259345793e-01
3.764046693745715100e-01
8.071793226207155669e-01
6.196929433418975064e-01
3.099734799508024330e-01
5.146788150399662642e-01
4.609050669834235392e-01
3.318093074120705976e-01
2.760439232967517587e-01
6.310109838963771089e-01
5.928969352330976106e-01
3.985297923161947864e-01
6.244642691261051981e-01
6.114526692228807736e-01
7.168281960869798963e-01
5.187878599370173704e-01
5.851736167783468945e-01
5.955510855108842039e-01
5.944638246648015212e-01
5.694610032267476418e-01
8.082009410948118866e-01
5.775543152046831441e-01
5.222528577566989405e-01
8.169837774308649214e-01
4.903684082767153507e-01
5.399064357290125349e-01
5.404449867128952034e-01
4.916715270194312870e-01
6.122837154979134944e-01
5.780126400539725706e-01
5.681388345757688585e-01
6.002789613509358357e-01
5.668508618530050391e-01
6.224578333052891432e-01
3.685213802261729232e-01
4.282828109868883626e-01
6.025540240690987481e-01
5.656868735064493059e-01
5.823137913110826291e-01
4.680877042887330308e-01
1.899538444063494369e-01
5.493887986939292034e-01
6.060491396563466582e-01
5.223427313358844915e-01
4.685190336080712892e-01
6.960586379531382706e-01
5.608598520993002268e-01
1.991453459737878295e-01
4.509514196956861398e-01
6.427892334764441218e-01
5.949994741507733664e-01
7.071646702027962750e-01
5.400039898044081133e-01
7.968542177575659302e-01
3.825246687840855864e-01
5.995906623622863085e-01
5.907442472721596838e-01
5.753114587724431628e-01
3.432684910228432362e-01
3.830027110803213564e-01
4.425819862476077504e-01
5.109744877885568082e-01
5.680945124864961171e-01
3.682190256991725308e-01
1.883148223701825441e-01
2.346518479203466012e-01
3.085865160455638079e-01
5.935447733713683505e-01
5.962659194583228572e-01
5.469582223705363733e-01
6.060254497633734694e-01
7.629802737971290716e-01
4.936915222751223631e-01
4.912035429817131482e-01
5.870899783143647133e-01
8.144612659658854170e-01
5.997511136765852902e-01
4.261328429501220483e-01
5.897179592238319668e-01
4.898809761317819977e-01
5.644888600233263221e-01
5.903197412604471728e-01
5.500247806371583170e-01
2.859788097707824384e-01
5.831452909227435866e-01
4.449804627256827572e-01
6.024293327060042946e-01
4.880618694408387359e-01
6.535700984880472575e-01
4.792119245875312017e-01
4.740853011647729875e-01
5.646450744529539767e-01
6.015068628938363693e-01
7.234454585082120692e-01
1.943052036341421929e-01
3.739009683595464484e-01
8.172262025844456712e-01
5.896529001969897932e-01
6.914951289993608308e-01
5.934657716583141562e-01
5.709864264721563609e-01
3.230992089925740496e-01
5.064763244126746500e-01
4.530239177353076463e-01
3.451886967308851473e-01
2.247312793171478695e-01
5.453645305758751949e-01
7.497424356712166782e-01
4.304837565205570926e-01
5.880900284083344642e-01
5.777650986895872531e-01
2.353938036542808920e-01
6.230831203284323827e-01
1.904606572368448547e-01
6.957289323367003009e-01
4.099255427681516295e-01
6.462704633609909211e-01
5.697409649586806513e-01
2.830423334450011263e-01
5.891317963028246396e-01
5.957730447010830543e-01
5.842837701783707427e-01
5.390794750336218577e-01
5.941111511539036716e-01
7.710984485128555832e-01
5.898742765850497616e-01
6.104036645095707314e-01
5.376708088007243758e-01
4.545757838424865360e-01
5.855524199637793803e-01
5.281567102520138279e-01
5.799320624787243084e-01
6.294006515432376547e-01
6.172402093208873008e-01
4.948802715695509447e-01
4.067157232860587057e-01
5.690578351015629366e-01
7.792915902960502184e-01
6.106479548566449145e-01
3.214535529424075166e-01
5.760749228379665743e-01
1.911972110477989928e-01
2.732713406266675804e-01
6.366783330787472162e-01
5.957503613188482872e-01
3.797828535095344460e-01
5.823028897573874207e-01
4.844047712823081886e-01
6.723040287501748091e-01
8.161806642779816379e-01
2.429354132666145250e-01
3.515006466896726800e-01
5.884692456259044135e-01
5.776220795734805513e-01
3.748598281619698880e-01
4.620162934980256431e-01
5.600795722794236209e-01
2.330690478356829409e-01
5.733036895273847522e-01
5.441719829906626060e-01
1.902684351886344549e-01
8.138000068197319692e-01
5.506383877782287106e-01
5.409724172550658405e-01
5.969643789072678342e-01
2.923815598200662502e-01
5.946443541307872005e-01
4.088735367355230133e-01
6.593119723432410151e-01
1.902097459943963842e-01
5.964836969831556202e-01
5.005401262560090769e-01
5.571135485644851393e-01
1.976414977348056878e-01
4.116271157236615075e-01
8.082845997959777762e-01
4.380864723953962758e-01
3.609016839564007095e-01
5.642797340239477100e-01
5.946598629715980078e-01
1.883474328302077450e-01
6.053964605919288644e-01
5.840183455093106435e-01
3.678514728799340827e-01
4.625128266131737220e-01
3.223556535748228202e-01
2.221153413818564015e-01
6.026097584571469268e-01
6.386720885086724087e-01
6.005458703556850741e-01
2.071514343444432193e-01
7.232410377406373048e-01
5.361002465820544627e-01
4.948593459406823714e-01
5.763342859055575751e-01
5.863147960746798448e-01
5.978053597724010126e-01
5.296808155574952437e-01
5.613508379304237295e-01
5.523644417583626343e-01
8.170516949451315236e-01
6.052742026158528521e-01
5.951859527093283919e-01
2.622274315087325669e-01
3.395556843317553697e-01
5.632724388552495798e-01
3.758292599021895719e-01
7.503244357624120342e-01
6.693554557502241487e-01
6.112342223912015093e-01
5.956342327391540570e-01
1.969349578032862647e-01
2.153139673912172203e-01
2.030371456310396394e-01
2.711042623599158041e-01
5.719707486783421890e-01
5.981048607029864073e-01
6.007871780158834385e-01
2.583792761542373362e-01
1.896472398602664644e-01
5.841299900395958700e-01
5.885347904119095919e-01
6.011644281620934782e-01
6.168185765494468287e-01
4.870054921482402932e-01
6.469821758893180563e-01
6.547516996728292016e-01
5.803922133103556202e-01
5.790244643312394413e-01
5.150314791026645578e-01
4.967136750849665550e-01
5.793996858896427460e-01
5.814876130750045169e-01
3.297456840370954212e-01
8.170233948873096841e-01
2.715977088248661686e-01
3.795272705716184469e-01
5.218703104097219825e-01
5.072789552058079021e-01
2.951078351965993884e-01
5.387824534654949149e-01
2.635956458110630396e-01
5.889937422719013771e-01
7.906466345019326214e-01
4.130552760217763297e-01
1.899935061630035060e-01
3.190753487041082526e-01
5.987194719072260751e-01
5.820497860552393821e-01
6.019799229902905724e-01
5.637544923208246406e-01
3.306542179876799659e-01
6.354521093834935019e-01
5.633980457221169358e-01
2.489658838070151481e-01
6.520245296163721394e-01
6.124578407420951942e-01
5.910213169669695787e-01
5.917642087099893589e-01
5.811185211308027565e-01
4.891257791764400120e-01
6.289229795070875317e-01
6.164490637159859565e-01
4.498653727082096987e-01
6.734684914590994831e-01
2.624897299408875950e-01
1.907874374795416883e-01
5.930219677681510815e-01
2.425908951093041777e-01
1.947844295708719142e-01
2.070687378527268918e-01
5.508654061520583678e-01
5.984888339526426293e-01
5.432609831363788278e-01
6.224384700049462316e-01
6.051004471439794807e-01
5.769936329809316478e-01
5.803565707821649600e-01
3.365036987982215622e-01
3.839113521188643463e-01
5.412045688364238716e-01
5.281421417398497464e-01
6.118006688620141187e-01
5.985241312326413654e-01
4.820370373447700474e-01
5.845433522756563471e-01
8.138863689753625952e-01
5.384166086874162538e-01
2.365191118159168937e-01
2.974651950401208111e-01
4.661529051499754273e-01
5.694547633843770607e-01
5.076322736387504087e-01
6.059483463306276629e-01
1.973394407532957640e-01
6.124026588861964937e-01
6.165376208229464972e-01
6.188597095572916373e-01
3.672993984117964295e-01
7.143332556707964187e-01
5.057300310824852652e-01
4.736128195746172054e-01
6.409278129710093141e-01
5.752504429864421231e-01
6.259871651752375588e-01
4.050200861718258327e-01
5.917642432695817689e-01
5.848640280466772534e-01
4.963309290585472544e-01
5.783338205134690435e-01
6.283615265660756899e-01
2.004227398849176556e-01
2.304756358368231506e-01
5.729956194552446869e-01
3.175843964374681083e-01
5.995469451874541056e-01
6.019795583399751848e-01
4.816990846015583583e-01
3.739180777371523545e-01
8.025742206720093419e-01
6.171821157106094358e-01
6.261236146585908990e-01
5.658339801858837115e-01
3.588550633891775532e-01
2.761928903065337670e-01
1.975939224713198772e-01
2.650532867353433408e-01
3.181648363248967826e-01
5.835413441076856556e-01
7.631991833964422156e-01
7.444977326777774129e-01
4.977298758576825244e-01
3.237444793984325386e-01
2.758466369608197910e-01
3.540264902141367354e-01
4.792646638566794848e-01
6.758536961121069941e-01
6.721710373800779958e-01
5.634153976846927314e-01
5.171115468611600097e-01
2.000642329117174878e-01
2.232182816309942197e-01
4.087715667630619776e-01
6.382574985314191096e-01
6.603775334589910839e-01
5.534975050119840256e-01
6.379076427537256899e-01
6.048695855448094072e-01
6.550605586088422694e-01
6.107532902682366593e-01
4.564508408223453828e-01
5.739570412362708929e-01
6.780248660906963432e-01
4.279698157768501710e-01
5.387384674555152353e-01
4.736312557216387220e-01
6.497709853951380010e-01
5.691325570732533867e-01
4.359328882190670607e-01
4.840577187797404646e-01
6.893590153640553053e-01
2.594384355745314452e-01
3.705345867814829330e-01
5.841160262992159957e-01
5.877271332927905823e-01
4.227477071582856349e-01
4.896711595779426607e-01
5.208097295527078785e-01
3.952076569631213232e-01
2.167210962941341634e-01
4.306196182500043879e-01
6.018670831473421634e-01
1.998408149697759040e-01
7.640061519450321859e-01
4.366441870792053259e-01
5.974756670223374533e-01
5.918788948870677968e-01
6.444610662106515786e-01
3.727519735040700777e-01
6.155777722973930777e-01
6.133221952346360473e-01
3.012848344714821880e-01
5.635902615693255679e-01
3.860862588285191022e-01
6.007486580988822267e-01
1.924101759860401550e-01
2.524853291265697353e-01
7.940436439160879489e-01
3.954792406465698074e-01
6.378722619434102903e-01
5.529456906034712071e-01
6.062584683213551040e-01
2.797828191172960222e-01
1.910870476251912420e-01
3.392753979576952905e-01
2.529277914546166350e-01
2.796678055386086492e-01
3.366054394417318796e-01
1.922185657387020519e-01
7.364527344855700264e-01
4.928912738213178657e-01
5.331021546810548184e-01
4.777366019818647946e-01
2.415646832260805732e-01
4.014880614380881840e-01
3.828565732188169424e-01
6.111189807473157432e-01
6.020613028069158323e-01
6.050846749924977397e-01
4.601592534584268424e-01
2.363114265775795864e-01
5.852093434600003086e-01
1.907146425694550562e-01
7.466287987377885349e-01
6.148258699054809373e-01
5.823795122639543465e-01
4.368608474183748314e-01
5.246142624290033307e-01
8.089711056342479001e-01
5.554146082702259291e-01
4.896687757188846746e-01
5.631660616207495584e-01
6.050030812437078298e-01
5.056493564827888587e-01
5.103534547179140457e-01
5.991206284614941646e-01
4.742245522498440002e-01
4.287984943570257723e-01
6.644456092568925554e-01
5.761304177539600113e-01
6.138390171157911412e-01
5.641974482915733669e-01
5.705949798052927235e-01
5.076340397037208962e-01
2.914906006072199851e-01
5.380641315908909483e-01
2.717643363807250578e-01
8.181931295246231972e-01
5.636217725601421202e-01
4.909490319542228476e-01
5.642863927708142713e-01
2.529227257263741424e-01
2.003680651001509827e-01
4.418616115821228374e-01
3.740493576518837404e-01
4.807385253699092420e-01
6.474495177473449381e-01
4.930194198946334372e-01
2.234264282898683895e-01
2.368128729068964822e-01
2.752368982166292222e-01
5.586510437740686008e-01
6.317441289523756387e-01
5.777599180467826168e-01
6.463247979662167797e-01
5.953676145509358975e-01
5.465941037197260544e-01
5.857977668854044140e-01
5.909113210774916691e-01
5.215663804284034200e-01
5.811423533552410037e-01
3.598809429862129816e-01
3.515678056298583987e-01
7.365392237573367140e-01
5.897023364352391717e-01
1.992664031823742354e-01
5.881412584282517120e-01
5.910378449794536637e-01
6.294730914357919982e-01
5.994252913182611664e-01
5.933382797118688101e-01
5.994214199600347293e-01
6.046414605237440121e-01
5.189627631011433095e-01
5.153579495080076178e-01
5.841928696134858212e-01
5.792432563974778681e-01
6.172089256738515495e-01
6.114314522082856529e-01
6.551152935741364480e-01
1.923803937082495807e-01
5.922317296733899950e-01
5.926978820421177074e-01
1.918795958695030668e-01
5.443731155376940745e-01
6.076291704799000604e-01
5.743663469992087434e-01
2.367948540863908657e-01
5.809769741821600997e-01
2.073568616223694927e-01
6.491228923716685362e-01
3.900710849475551578e-01
3.667402658032892226e-01
1.884641808435610633e-01
4.838304467626902694e-01
5.958370084569465375e-01
5.996361153718587911e-01
5.779759012387569728e-01
3.974419859529196852e-01
8.066239984173056987e-01
5.643512821892830988e-01
5.524263390188064449e-01
3.724265267059728157e-01
3.229022626091564985e-01
2.491041838647923834e-01
5.859282349598047279e-01
4.720549125027062587e-01
4.742588293833709390e-01
6.025516493509943672e-01
2.888661740441620385e-01
3.963049628118343048e-01
5.907639936051667373e-01
3.202114484891152024e-01
6.122427440796238685e-01
2.121914376745585862e-01
7.137009629842921976e-01
5.677121217938175812e-01
6.452975866972290309e-01
3.602574536382633363e-01
5.897414923968652412e-01
5.791863716149150410e-01
5.629722423779276452e-01
6.706986330058504198e-01
5.433928756966744933e-01
7.606028784544506260e-01
7.396654345762436744e-01
5.968447364252261744e-01
5.928715813765382814e-01
5.410491780027741893e-01
5.830678678538632198e-01
6.113064663024134759e-01
6.334863659526800417e-01
5.978993859211496620e-01
5.978490376298477571e-01
5.212275312739911293e-01
5.191166849275772321e-01
4.579163244842628377e-01
3.467790441811623992e-01
5.332469941371479338e-01
6.475485143765311591e-01
5.356985538661130919e-01
5.958237870436378092e-01
5.806545643233289589e-01
5.625837654786569608e-01
3.362679133252229335e-01
3.183720925141255154e-01
2.216084116801080584e-01
4.255628230616171903e-01
4.787441424626538433e-01
6.867389351366262051e-01
5.100092163092908581e-01
5.987023079873103892e-01
5.685427022205365999e-01
3.906887918047912134e-01
6.165255768484747545e-01
1.957084296001707635e-01
5.948978530383313146e-01
2.148748185575022895e-01
2.198222293940953753e-01
5.427008655042613317e-01
5.981902571204164021e-01
6.042857606403032600e-01
7.586926900256089068e-01
2.946912145117996928e-01
2.739115752979252583e-01
8.153777005790825427e-01
5.972219463755358282e-01
6.210835971012509393e-01
6.876013958382952707e-01
5.840737345326889596e-01
4.376720876614564326e-01
7.955806642923732852e-01
5.081648043061798292e-01
5.181445781882700885e-01
4.709234048656553706e-01
6.313996965690913399e-01
5.739882410468071239e-01
3.651406884484515447e-01
2.098796063699810976e-01
5.704130708205392697e-01
5.443588093896027935e-01
6.032750963067793348e-01
5.209784958151778556e-01
5.456038181219805550e-01
3.236780453864074869e-01
2.717069755242520479e-01
1.974027464188219394e-01
2.581326750792838909e-01
5.469530408250419251e-01
7.238118638562540674e-01
3.438880707027677230e-01
4.624790388735128266e-01
4.840079332625211728e-01
5.498598541932822048e-01
5.979364262748660952e-01
4.253481192138297562e-01
4.282890711295151975e-01
5.818427936397424505e-01
5.710627598281873274e-01
5.978957523967249887e-01
5.467260618593627886e-01
3.552676670979249551e-01
2.126383504883613274e-01
5.835015801112298783e-01
4.451303808920412108e-01
4.163583077851844005e-01
1.966911196754304036e-01
6.697250727773841339e-01
6.350913571853589179e-01
6.039331995903675088e-01
4.025249644067918631e-01
3.946099660657398922e-01
5.939571506575292981e-01
5.522026699480460099e-01
6.047576178639180178e-01
5.957318337217558657e-01
4.301064712211860042e-01
2.344367721643659530e-01
5.603268172281243853e-01
5.799950328032120739e-01
5.702744584840860886e-01
3.661966827774205679e-01
5.918395699397568377e-01
5.915605507495124149e-01
7.907458912416988062e-01
5.904208621147755132e-01
3.413436010571130885e-01
5.204349548112440216e-01
6.148347329403877071e-01
6.060642918417773473e-01
1.917795940721660763e-01
6.347661687595506086e-01
6.414005530656354814e-01
4.502220464653755028e-01
5.931981671348015572e-01
5.948184965362570686e-01
6.041512357807928835e-01
4.733727073742871605e-01
5.481898643235795232e-01
5.689853422250544801e-01
5.629618160938799631e-01
1.932143773604405035e-01
3.241814849627620010e-01
1.891129384902257571e-01
3.495049753544717808e-01
5.931719570141062992e-01
5.047896364169648376e-01
5.886440113339322933e-01
5.746909125805327312e-01
6.072469605040964336e-01
8.168434795974379714e-01
5.925879859794146443e-01
5.841569833524039579e-01
4.688550597379970708e-01
6.038395023898454061e-01
6.580550015376054329e-01
5.651990294821527261e-01
5.369636740772740779e-01
5.757393376874764268e-01
5.614006339497747966e-01
4.764959537479149243e-01
5.466122436376119609e-01
5.617684564392896318e-01
5.188129458067725075e-01
6.417956312716829315e-01
4.292360635205911268e-01
5.800404346795917654e-01
1.996172824950004365e-01
5.375297305597898090e-01
3.073758160006526685e-01
5.927724715065549876e-01
4.489320036860596219e-01
2.659436538116660698e-01
6.106286387015307238e-01
6.290666060474268129e-01
5.472740428782023603e-01
5.478762964206193020e-01
3.786729107076461376e-01
3.716669867394615800e-01
4.382730522551721020e-01
5.894821909866631016e-01
5.988474681011914935e-01
5.060497191155336472e-01
5.859770506312069749e-01
6.052568083085639872e-01
2.876853766468141504e-01
3.368239850311480765e-01
5.879365226959009094e-01
5.431916247320118796e-01
6.089026046886796273e-01
3.416732409027904982e-01
6.352969039010022412e-01
5.917981146514872393e-01
5.767193799597621906e-01
5.586352224630337648e-01
4.477315842332486584e-01
5.329267601231784113e-01
4.259762829570791220e-01
7.038075202670625030e-01
4.979509815844324061e-01
5.425374417607500277e-01
5.894069893606534993e-01
5.645292870472911062e-01
6.706660825175810858e-01
7.538973560957503706e-01
6.272945172756512200e-01
5.629941969975128524e-01
5.638039344504149897e-01
6.101203035098999861e-01
5.111476393586752431e-01
4.653454347977216132e-01
5.799094714708568077e-01
2.420949129895452745e-01
5.432840369261673352e-01
5.812667302703539152e-01
6.771527608698454381e-01
5.988952660106680037e-01
5.732908262503449981e-01
5.802800820325919595e-01
3.977547847324034991e-01
7.691786386189235492e-01
2.770076330462700187e-01
5.269193974870680641e-01
5.646921476159018072e-01
5.462054751755993642e-01
4.749694093124118832e-01
2.872816655201019809e-01
5.881379059268792009e-01
5.678273639864669375e-01
2.710891145116828826e-01
6.248722216725228762e-01
5.372592353839291679e-01
5.948074799546769764e-01
5.154830923183351121e-01
5.183752113053071708e-01
6.393722735921542055e-01
5.709566171082016695e-01
5.735821750641730832e-01
6.485042059651321411e-01
3.608911165249398256e-01
4.207774888457960771e-01
6.030028207493784986e-01
5.697366968713551971e-01
5.678863724075062791e-01
1.895128967416055965e-01
5.973059539150391561e-01
5.028946787782095917e-01
5.441180049099609839e-01
5.969047375366356434e-01
3.607220226764247806e-01
2.066119702677980952e-01
2.010813851232999827e-01
3.053953364170535201e-01
7.291634358706537977e-01
8.162945037877118448e-01
1.878899653639681533e-01
7.101669977709190729e-01
1.888731762429967931e-01
6.296353252008968227e-01
5.714187937067497502e-01
6.162001127597791506e-01
4.730229309393260695e-01
5.995687667071997184e-01
6.634445086250547741e-01
5.781594346409515417e-01
5.797078233205938957e-01
4.459854156813701787e-01
1.882505696061460010e-01
4.939270363541842790e-01
1.986854739630326827e-01
6.128056994146603431e-01
4.692600709082274668e-01
4.459728660041539783e-01
4.369887422846422398e-01
5.431495578437312011e-01
4.752321276165719643e-01
5.791859102364613765e-01
3.231591712395553984e-01
4.672557476477127159e-01
6.482360562811807503e-01
6.261385839920328156e-01
3.445367371554554636e-01
3.854955260468532763e-01
6.966179980908844271e-01
3.429920184429685603e-01
5.983186964344517911e-01
4.516134675736764859e-01
5.952496472154911178e-01
4.352955244909699206e-01
7.542734995039591661e-01
4.366718849180777351e-01
6.234955134527154774e-01
2.207432417231628974e-01
6.030447827269725947e-01
5.831606493973309213e-01
6.165500665048644358e-01
5.234076337111575050e-01
8.095918952585898776e-01
6.159707980618469580e-01
3.256120323009100703e-01
2.070511585336212712e-01
6.417182329421521336e-01
3.238281583769183625e-01
2.424470947472276705e-01
5.877085571880396042e-01
5.697321591294488563e-01
2.953079941074225889e-01
4.704393525978544655e-01
5.870646017917032777e-01
4.593223643337261408e-01
6.614645832669130421e-01
2.054838715063470600e-01
5.507347201305257123e-01
3.212351737789582717e-01
6.495160985703779533e-01
2.080300090605727570e-01
5.964906726711504126e-01
5.985513760228173830e-01
5.984688306396823698e-01
5.969170843126376802e-01
5.109695536482613543e-01
5.621921389692201565e-01
4.009216764176178338e-01
5.453791990877970841e-01
5.359629101489560288e-01
5.611625596235410018e-01
6.001701830502186308e-01
5.228707870571587257e-01
6.924977442133001260e-01
4.786273264800467442e-01
5.747429845320659592e-01
8.162770918589523639e-01
2.008764903323499718e-01
2.464381447092551247e-01
4.820766347334281554e-01
5.941780992334280143e-01
2.502065627537505277e-01
6.434533474520857110e-01
5.643980984034505655e-01
5.649965045536735619e-01
2.931024596104018776e-01
6.372461665514835838e-01
6.131662725489039900e-01
5.652776162230175316e-01
5.766417115392062920e-01
5.985743737993218794e-01
5.110724175903360589e-01
4.332123633103776572e-01
4.236040002141133742e-01
5.384033762792314048e-01
5.728403940501214375e-01
6.389292326566639035e-01
3.305718435692659440e-01
7.377033231803943325e-01
3.862725560810416070e-01
5.600765726361938146e-01
1.962141023523946703e-01
5.696059906379170590e-01
4.959853778167737093e-01
1.896514172837676648e-01
5.244290752939007039e-01
6.418129726976202765e-01
5.987202501453248171e-01
3.286137284125655311e-01
5.812416519844916252e-01
4.769207695107063327e-01
2.879789801693457552e-01
8.180571841907137154e-01
5.965509448614637611e-01
5.905654190568960793e-01
6.019020815771394251e-01
4.514725134244191307e-01
4.872817243994658210e-01
3.382981224715337354e-01
2.124703600572687145e-01
3.396167474803906128e-01
3.292209458669199118e-01
5.033247690027468080e-01
5.807293195998444180e-01
1.992194482807371492e-01
5.129503048414014721e-01
6.380471114338748251e-01
4.734315644667478340e-01
3.741419994411580574e-01
3.928803598119483542e-01
4.330259051546284654e-01
4.364905192765929920e-01
4.895290331087098767e-01
5.720799801726573763e-01
6.119762143389315678e-01
5.401958476924262342e-01
2.773512324760223913e-01
4.617004807906389119e-01
5.386355446137010006e-01
5.498807530202086680e-01
4.145877138159493325e-01
5.577446391998611697e-01
2.026526288356147176e-01
1.906320625539736913e-01
1.888208099316837918e-01
5.905964732724537924e-01
5.210165463881391013e-01
5.227205533909570212e-01
8.171971654891246883e-01
6.663271911794351743e-01
1.882792309819126542e-01
4.726704915449176370e-01
4.803460543660263982e-01
5.718161202820529754e-01
5.419962391648804889e-01
4.881652932231654307e-01
3.522620130466225796e-01
2.585445333547360391e-01
6.321855640065145998e-01
2.139813918334010356e-01
5.864658866842860085e-01
4.464250647399383709e-01
5.955812784318401665e-01
5.745097640950554974e-01
5.992787515213342520e-01
5.424170305764604016e-01
5.671739663642101359e-01
5.843250783700562057e-01
3.849974999921981778e-01
5.463628269773049828e-01
5.920861009031000988e-01
5.972084522927603167e-01
5.333635424699225691e-01
5.729835362087589701e-01
5.774126586691649132e-01
6.376363189284802724e-01
5.476513171741942410e-01
6.040596267952883514e-01
5.934433841489690220e-01
6.403019896678525669e-01
6.850326190014263128e-01
5.945366558426476988e-01
5.946437275378895215e-01
6.493951774792487974e-01
6.865966896552361254e-01
6.113441729349698983e-01
6.316965976911169678e-01
5.361763384538413835e-01
3.292425391362684972e-01
2.340811192071238223e-01
6.067402927388414469e-01
5.985232028518296943e-01
5.159016358365039467e-01
5.681771526610260858e-01
6.416950141763232418e-01
8.161668204993268727e-01
1.941921340059942769e-01
5.775354081628613079e-01
1.903854355945444610e-01
5.570823185576873060e-01
7.240569324111507665e-01
1.881559955969026587e-01
4.900303225909911076e-01
6.119576950724437969e-01
7.758885201719512015e-01
5.601961951704848008e-01
6.863615820497050990e-01
6.631568740394483408e-01
3.200284059004335213e-01
2.644076149268076437e-01
2.219863599564738110e-01
2.260757768133480061e-01
5.707048281724037553e-01
6.002627356450559448e-01
5.642979946178058315e-01
4.961913212958811159e-01
8.189117650538267901e-01
5.964507004230151788e-01
5.917445207376543781e-01
5.741553299640141939e-01
5.566935401669761418e-01
5.532345234993868432e-01
3.390327253776578287e-01
2.052971843941372165e-01
5.258888222228342846e-01
4.018793357586160631e-01
5.533307445847045480e-01
6.227824383650019113e-01
5.359113139696465300e-01
1.881399719498653700e-01
1.889917333621864426e-01
3.016644684319839120e-01
4.394713347192176767e-01
5.978174260516541105e-01
4.856012030884419572e-01
1.902286305737255767e-01
1.887373763337284738e-01
4.961876814457176765e-01
3.380913786857670522e-01
3.113844293106438621e-01
5.961222678401999486e-01
7.354783945293905667e-01
7.612184383409359434e-01
6.970142428608178120e-01
4.864407818242719728e-01
6.035323352052797130e-01
8.128172031548110965e-01
7.122552537679369689e-01
5.599902818368104329e-01
6.324812775634114370e-01
4.558673008051650211e-01
5.885458465901811653e-01
5.336473290369584399e-01
1.903310104597280561e-01
7.714952648330569707e-01
6.398029508502786067e-01
3.250055419383399147e-01
4.027245876463839691e-01
5.520119720785806594e-01
6.865645351659517281e-01
3.800632400472442884e-01
6.107222694101257510e-01
5.198839780348208928e-01
5.869916636000470644e-01
5.799425148190560098e-01
8.095310390617891372e-01
5.744914573499433352e-01
2.369076787138750806e-01
2.832437055665265047e-01
6.367052530528969356e-01
2.030716565978418209e-01
5.394495421732102836e-01
2.715956532124728651e-01
2.424080386840672119e-01
5.872208969511470977e-01
2.429011529747270026e-01
5.177426237213286209e-01
6.438477258057617725e-01
4.535572554121206634e-01
6.245320103695579661e-01
5.631753345050330983e-01
2.124146189674325225e-01
6.126171136860438793e-01
5.510522768304929597e-01
6.270295067802716948e-01
1.883778725417644129e-01
8.146818226720363709e-01
2.287617633317137744e-01
8.189009086388738812e-01
5.877318159569355771e-01
2.032151427015649880e-01
4.656183003280479626e-01
5.171827462304063872e-01
5.465500980840473089e-01
4.946684900834064647e-01
5.778074699048915130e-01
5.620984532458942473e-01
6.236184337355034080e-01
2.889536647617102494e-01
5.939420786472716651e-01
5.137242997816382495e-01
2.289488910595033899e-01
4.873798038323541304e-01
5.980697280056788134e-01
4.606592047811339796e-01
5.986610601409055876e-01
5.948016447117848715e-01
6.378020476856696153e-01
7.931793988161452980e-01
5.705729516734409090e-01
4.676499444120101878e-01
8.056389628666257297e-01
3.237348150229174548e-01
3.665878483239400354e-01
5.803043529343001605e-01
6.010805396745134699e-01
6.117555977328483774e-01
7.577867099659918448e-01
7.083523791638267619e-01
2.541917804717702678e-01
3.475443665806761673e-01
7.899605639252822442e-01
2.575396197163652423e-01
2.406720992471063358e-01
6.381410376148038965e-01
4.959393208636289074e-01
5.792461086727053177e-01
8.081629164785422148e-01
5.650737351285651799e-01
6.594764755137326739e-01
3.214141074332058090e-01
7.578087578350417575e-01
1.889178118796943640e-01
6.144998975868841695e-01
5.682606597989721120e-01
5.367085777451559014e-01
3.963475375553694446e-01
6.220907525792386261e-01
5.537761965873426728e-01
5.943075612284987042e-01
5.279116956111560288e-01
5.445281413079807731e-01
5.169481008570260272e-01
7.362153979158650996e-01
3.738404517299481755e-01
5.228794148950889342e-01
4.241362665900809126e-01
5.975919215892669945e-01
5.581349582433191570e-01
2.398367357006977174e-01
4.270704417151703347e-01
5.987135699140935241e-01
4.867134293755004948e-01
5.910457758577937204e-01
6.168633355593564627e-01
5.640471163905127483e-01
5.557435172966936898e-01
1.896136574718165768e-01
6.114432939727948435e-01
1.922523991824912071e-01
5.905453205319037835e-01
6.113215405394100133e-01
5.972236227260886432e-01
4.804374256594934334e-01
4.316704732727383309e-01
6.881348962541889991e-01
5.529469141542606714e-01
7.947685909259972759e-01
7.652906480447808635e-01
5.459999123433306734e-01
4.169364006110551357e-01
5.890308288732160058e-01
5.689110454571487674e-01
5.474691537604488012e-01
4.933028181896871311e-01
3.571204774353211042e-01
2.316331766283695193e-01
2.057516064139172651e-01
8.181237284359508255e-01
6.078816474666679515e-01
6.704598419687397559e-01
5.323781120612770534e-01
1.883211744904744189e-01
5.633800378159627975e-01
6.046777389542311587e-01
6.363608595754394193e-01
5.853728200089337586e-01
8.152618941675102704e-01
5.734493988788262886e-01
5.979259492970899759e-01
5.899144652388871313e-01
4.587067788235081878e-01
3.981221962281785154e-01
5.768679973781294379e-01
6.091190769280433459e-01
5.795896246683553965e-01
4.079920199232378586e-01
5.604039775991075389e-01
5.924082865099453699e-01
6.276067309288316798e-01
5.913444700939195497e-01
4.943904033590424407e-01
5.576683743356375400e-01
4.362932703563359160e-01
8.075957097853223576e-01
5.648062263536670624e-01
5.845944485292777770e-01
5.626191476733626295e-01
5.194488515897031089e-01
2.519569644519256690e-01
2.867368566932542162e-01
5.991932985645371801e-01
4.645732124767013027e-01
6.087077236634129696e-01
6.002926750673919232e-01
6.124880987882374006e-01
2.180088331234152632e-01
3.695290598078172506e-01
8.179214324870178743e-01
3.081990618357104417e-01
5.936566777718991217e-01
5.901859984115170876e-01
5.918863537991143620e-01
5.213887468700690864e-01
4.925028164201482594e-01
5.503045375115824811e-01
6.119021822277977973e-01
5.925062535005226616e-01
7.433089640827644784e-01
6.380410715615275619e-01
5.423810540446187822e-01
5.586456830228440085e-01
6.262789141208365828e-01
5.896257047072865909e-01
5.769760446947855836e-01
5.403376384073106387e-01
6.011662299353919270e-01
4.201202432122402852e-01
5.677622094085414961e-01
7.751758255666129083e-01
1.898796372655602860e-01
2.952511835910152094e-01
5.233164228123470263e-01
4.262611740518807424e-01
5.004673740134878424e-01
6.172682684015835530e-01
4.110539301903877729e-01
7.154185586357127979e-01
7.038308958798706882e-01
5.977924488930935754e-01
6.460879762217387468e-01
5.792392392760898900e-01
6.129846624501723573e-01
4.833141776355736052e-01
5.952596268848883154e-01
5.902269978188612320e-01
3.421326161376280761e-01
5.556629595758880713e-01
5.465983749702005845e-01
5.442951031750139501e-01
2.598519801584441846e-01
4.746612703046373394e-01
5.973595940904010693e-01
3.004645755902525250e-01
1.898913900738540828e-01
5.855429928364789260e-01
5.043734685874040613e-01
5.947254434899887920e-01
8.025974018266355259e-01
6.019726792728327114e-01
2.416237464513909527e-01
4.544705124252813033e-01
3.033323340067491936e-01
5.465689083625770994e-01
5.916195794667985508e-01
5.760818309157195172e-01
5.563216026059711883e-01
4.268747159876992714e-01
5.855780369859842072e-01
5.618814399163515327e-01
5.557534964697199431e-01
7.578151491369596870e-01
5.566735006914775852e-01
5.864826605568984608e-01
6.809243636536950195e-01
4.358377623789302380e-01
5.980590603826908547e-01
1.919039222319642024e-01
1.889508258945669650e-01
3.898914161487235797e-01
1.949205034713615836e-01
2.290291751687512645e-01
3.745309065176385954e-01
5.515725812489515878e-01
3.762576979400412136e-01
1.911822045110569412e-01
4.018760126446649372e-01
5.740365823748553309e-01
5.207533294165928028e-01
5.987332678250634199e-01
3.312842109128291135e-01
5.828292387732074697e-01
6.154211004371612503e-01
6.413814715296591862e-01
5.197021586203970367e-01
5.871795976627768310e-01
8.172773524765467590e-01
3.497088469917205567e-01
6.122026390437922405e-01
4.741813663096526854e-01
5.774888488988688673e-01
8.143084313068041924e-01
5.423015681064782267e-01
1.934531830321212786e-01
2.000743197157254794e-01
6.005604974066848234e-01
3.413925723525140787e-01
6.187712157802360835e-01
5.194023261731768315e-01
6.115354417929942388e-01
5.780801479834688505e-01
3.364925598526810613e-01
5.815377163866444210e-01
4.318830821477323556e-01
4.733379844191769048e-01
2.077137302724955115e-01
5.350171070331875001e-01
5.841642375583731006e-01
5.928964869965921425e-01
2.423730649413491089e-01
5.356147262271716558e-01
5.998602347587141947e-01
5.427972257116822075e-01
5.856577589034349662e-01
5.796892473794421630e-01
5.763492855217698940e-01
3.101646224438381338e-01
6.652473881131721889e-01
1.917890168724865618e-01
6.756889629360109950e-01
2.579811735244543769e-01
2.149436846704821935e-01
5.571193316068512313e-01
6.192943276604886416e-01
6.005672800399803890e-01
5.480518585333873371e-01
5.961467237662377849e-01
6.731236029892935235e-01
5.207567520600182576e-01
5.349917617163822969e-01
6.344275596309075782e-01
2.263666501136060716e-01
5.869237326620715400e-01
6.257763832299720885e-01
4.949479805119522124e-01
4.566032064150390424e-01
5.215007090549595992e-01
4.240279662221268508e-01
4.963489065186986182e-01
5.835338315724569735e-01
5.993839963118242631e-01
5.189443144940929509e-01
4.858092468228869532e-01
5.409584353693204228e-01
5.874855121601790797e-01
5.302792201913584247e-01
4.357652657167650490e-01
6.406815636747529297e-01
4.306150785029746464e-01
5.685983061920623083e-01
6.360817487459200503e-01
5.865963773934115277e-01
6.052926385534674880e-01
5.278863575724540569e-01
1.974074078788219389e-01
2.259748542012169348e-01
5.562894176063181151e-01
3.148049963823415509e-01
6.378376616679909406e-01
5.853459169566284093e-01
6.169084989154437482e-01
2.997598258690930551e-01
1.894044151012586885e-01
6.986924547879680425e-01
6.838048943732641938e-01
4.843280192194338030e-01
4.040522542730648481e-01
6.128758875798745454e-01
5.575536051564431439e-01
6.441707623587816789e-01
1.998445386173592075e-01
5.947006437662113454e-01
6.573563419433688937e-01
6.034827044558748188e-01
2.150870322597996931e-01
6.413863330176087230e-01
6.072338713287525058e-01
3.379506030646134973e-01
5.942034174282861958e-01
5.497191265423864159e-01
5.558115979213051894e-01
5.755552755682683541e-01
4.437171318264924169e-01
5.948604942381381377e-01
3.787649465565114948e-01
3.650431843521246278e-01
5.448712526007287726e-01
1.892944500831409693e-01
7.464334938806241881e-01
8.149213021728411999e-01
2.561377201406898618e-01
2.278487999814617915e-01
1.886267707659696202e-01
4.977774984514580781e-01
3.382326078878977182e-01
8.171910470154090111e-01
3.398093105774990796e-01
1.882310632297857778e-01
5.923836236431527791e-01
2.653387882418072330e-01
2.709893477450633359e-01
3.139863309167952310e-01
3.389150097141165330e-01
3.855150047246470590e-01
3.007069418408719330e-01
3.013835199751762062e-01
3.032500776006306631e-01
3.022913515663232520e-01
2.255070561216012404e-01
8.181950018326832330e-01
4.890841000721100063e-01
4.193964768474452431e-01
4.861590365469795616e-01
5.749982276500106293e-01
6.408973846573960964e-01
2.168004842924452225e-01
2.166811016238034959e-01
1.879869846775050757e-01
2.044211129999931043e-01
2.660619421688762420e-01
4.900196716429389698e-01
3.943252509283257656e-01
2.306340697399150430e-01
1.921772926381445645e-01
2.368312772976050862e-01
1.881862913398656967e-01
2.661360084833065964e-01
1.889683865500367266e-01
4.228493248130927862e-01
4.324030645795107763e-01
1.969889706735711843e-01
3.360949266878390240e-01
5.830876723323492605e-01
6.334619708932990312e-01
1.878187482649482654e-01
2.505751938023960124e-01
4.230582730480675901e-01
5.415672309951420349e-01
3.374390294302578863e-01
6.368853830435909913e-01
2.163411277002089683e-01
5.544169453217909771e-01
2.471611567514827024e-01
5.322783351579332134e-01
6.757909439719078648e-01
1.952973895645787605e-01
5.059784452649267461e-01
5.679288905727785108e-01
2.215768902896684267e-01
2.148026075819957359e-01
2.123685336979419247e-01
3.967154896762786764e-01
2.233634728483619991e-01
2.325660823578121483e-01
2.231331698405088215e-01
1.889408786720407074e-01
8.188722200706280985e-01
8.189807972708191830e-01
8.187964168848260726e-01
3.946646815507836581e-01
5.994486430416583467e-01
5.954670777875795684e-01
7.772267460236607084e-01
5.629921330925842238e-01
8.168141970629514415e-01
2.737826274836401286e-01
6.771548493555097359e-01
5.797160521390114507e-01
4.457769881300681081e-01
6.074440322468964704e-01
5.825428478897064499e-01
4.574023752207626581e-01
4.188371393368731099e-01
8.089731161726598785e-01
6.218647754622947943e-01
3.367772121735576607e-01
5.902368685099929069e-01
5.185402512754743176e-01
7.682338057062977343e-01
5.910475307744527118e-01
5.945011409990840212e-01
6.287676619521778143e-01
6.725490354219582079e-01
5.199315455992344903e-01
5.771117638382516901e-01
5.527020151392239011e-01
5.779818399434264453e-01
5.675528927239898991e-01
5.562406509211319516e-01
5.151366997428311612e-01
6.139725220441403231e-01
7.467765703438659086e-01
5.924232255367566369e-01
5.217022084697284789e-01
5.130939760448989251e-01
5.538396486419663312e-01
8.064749210226997977e-01
6.198352713720219898e-01
3.017934576265540181e-01
5.526331393323430374e-01
3.195452578338098815e-01
5.478385406214871800e-01
3.836939694802684042e-01
6.523121496012476150e-01
2.900292127056418034e-01
8.107915746438859594e-01
5.973630464825263608e-01
5.954948904762480399e-01
5.200579509701451775e-01
5.967447677115188531e-01
6.045260444869812178e-01
5.607167671647033114e-01
5.854088780843103024e-01
2.784229054414736337e-01
7.561970262353612249e-01
5.494512065824448399e-01
1.942797068647992287e-01
2.203505388845611035e-01
4.363873847493511815e-01
7.234755268985170185e-01
3.826839974850053672e-01
5.542781819690070222e-01
5.231780501108292958e-01
5.196195995821194513e-01
6.052866877778017018e-01
5.197627151035215665e-01
5.248867855472543198e-01
5.896995401265846537e-01
5.537229238684414634e-01
6.777313054521403313e-01
6.701938857970368701e-01
2.013429933210554856e-01
8.145167666775385840e-01
5.920193456428902712e-01
5.930286604498807845e-01
3.573430454227923270e-01
3.320191518468225689e-01
6.174872483185228633e-01
5.178476297204124279e-01
6.948709174253159260e-01
4.153828495789090858e-01
4.013393986474534381e-01
7.640701172913475503e-01
1.889068629506698571e-01
5.644860371333789706e-01
3.806315253120375330e-01
6.460794549095659756e-01
4.675869344448806419e-01
6.485973039144566910e-01
4.789426195829538657e-01
4.344527625129628867e-01
5.371904390446292643e-01
5.292255277035200489e-01
4.954298872518113628e-01
5.177943163402430882e-01
5.970001796752898438e-01
3.734790461303148512e-01
6.109038479012900424e-01
3.440832564347484079e-01
3.015061904505526580e-01
6.268095048018725857e-01
5.451460815680421179e-01
2.446770890580087232e-01
5.441112281260537253e-01
5.575245088509533931e-01
5.711045952461958342e-01
6.933913191799778719e-01
5.488592624474466497e-01
5.206494206895088128e-01
2.538136478358337667e-01
8.147646760726786619e-01
4.117342042343134501e-01
4.633433902362056878e-01
5.531260489916972611e-01
5.331711592021886048e-01
5.142787415930096806e-01
3.775676877281390342e-01
5.802976849925152170e-01
5.824986694424511002e-01
5.925146369115107392e-01
2.642998959866729169e-01
3.624642996030285613e-01
5.362467871066578518e-01
5.846731775535379816e-01
7.913773442823681670e-01
2.158174060392356042e-01
5.671728358571878070e-01
5.823376189127829061e-01
5.712837030683454165e-01
5.646756824945003972e-01
4.555676008961136447e-01
2.894334958771142552e-01
7.553417571612257575e-01
5.917909259104460196e-01
5.518263638217641986e-01
1.879955463256387516e-01
3.869149884314276866e-01
6.252757695885767797e-01
5.718780578458989572e-01
6.963081718335495385e-01
5.963602519309502137e-01
6.126928034083571895e-01
5.940497283065103717e-01
3.828844917666326952e-01
3.912461422040261483e-01
6.485516846530799961e-01
5.995376863115391419e-01
6.772840889464771807e-01
4.347895150103224804e-01
4.266499279801752587e-01
5.666701988504686538e-01
6.193087621913412333e-01
5.637740558753714382e-01
5.773018517658072835e-01
5.515863775402545244e-01
6.029663039995580842e-01
5.611120590901547134e-01
2.106711213422125806e-01
1.884270393148149980e-01
7.895044531021421230e-01
1.895921990003306135e-01
4.853703150181672421e-01
5.945796490247557964e-01
5.891188422952898796e-01
5.819200139412757933e-01
7.678529696578753061e-01
5.295790117575541744e-01
5.883680732501236355e-01
2.923644962853398921e-01
5.944746031385397256e-01
3.884627941187813183e-01
5.872495399549981787e-01
4.558975151197193765e-01
5.954862398210747365e-01
1.962511104469172318e-01
8.185227390935062575e-01
5.185464616215715861e-01
5.632414906574764180e-01
3.162922032042618237e-01
4.541598496779712946e-01
5.479194727735948733e-01
4.679456737474987915e-01
5.873142480108961561e-01
5.146846520490027110e-01
7.141732801380099582e-01
4.824880695278889187e-01
3.965113469794806500e-01
6.499375415327492966e-01
1.889415240300184873e-01
5.170000206591343073e-01
5.206641409868341119e-01
5.646500708795925139e-01
6.270398070370856169e-01
5.839082439923696244e-01
6.602665724900849131e-01
2.268875905848191377e-01
6.164851509321425116e-01
5.823637512464391319e-01
6.112387949234899809e-01
2.583703623260383275e-01
5.318306097670801869e-01
2.000883669627722961e-01
5.215687350981738080e-01
5.801475399807932698e-01
4.023371930413540132e-01
5.646630276452221375e-01
5.929384388716800736e-01
6.157171117821765849e-01
2.465207251988253134e-01
3.920646622726316477e-01
8.139899580701915882e-01
2.828733549182646523e-01
4.466382570691928566e-01
5.874453882134286209e-01
8.136507972121768129e-01
3.279847736141402459e-01
4.423007193261265235e-01
5.430046880949923604e-01
5.543337390658267250e-01
5.203082865138805024e-01
5.215885016710282152e-01
6.558074757958232137e-01
5.809344435077289370e-01
5.751895783059184364e-01
5.496442077317694741e-01
4.708231501568547750e-01
7.024342794293174652e-01
5.615386806989554058e-01
5.770281462862655308e-01
5.119214434607965991e-01
5.652495216587751781e-01
5.914751179865511688e-01
5.601163986121689975e-01
5.640214016346325465e-01
6.028179253739258669e-01
5.817017977146022867e-01
5.385328198080455708e-01
6.145130681415885698e-01
4.203345477210843062e-01
5.227966300044331049e-01
4.989658986430560716e-01
4.469632287198160858e-01
2.946503226327193414e-01
5.672042643610787360e-01
4.962173286103547798e-01
6.120299062142793289e-01
5.971115136812470414e-01
5.711038669424109981e-01
6.351742017596505585e-01
6.051195785130022431e-01
5.121524407255060307e-01
5.605433929568585105e-01
5.449754337407101135e-01
5.818382054327276842e-01
5.305041664035222704e-01
4.787437710736185958e-01
4.878458226407215159e-01
4.027424936723671967e-01
4.175566757539128093e-01
6.076662910415725483e-01
6.235166884625987782e-01
2.451424325411528382e-01
2.331496944889674405e-01
1.876303915345189921e-01
5.540368980177012848e-01
6.008068582775195621e-01
5.863125916704082785e-01
5.967635139469735783e-01
5.194356062955518549e-01
5.816040803081627963e-01
3.693385266098961339e-01
6.092713405648078062e-01
5.959192477183785641e-01
5.650720186945801249e-01
5.886088999973136948e-01
6.087412196756921690e-01
3.367035612211886075e-01
5.517409492945938299e-01
1.916062024190063606e-01
5.781662254558043168e-01
5.987542029659371767e-01
8.073918383435174650e-01
2.993861399291233849e-01
5.781389011212277884e-01
2.439239613451298638e-01
5.536173373474867487e-01
6.112654957337929629e-01
7.579543126945830211e-01
5.900708198394074566e-01
6.124919687113484779e-01
8.017244620471434269e-01
5.297114835573906166e-01
5.777968437071634433e-01
2.649249906446553005e-01
4.904640723538058467e-01
2.494243860970327686e-01
5.681752198178481317e-01
5.893339076644686925e-01
6.019673899919472104e-01
3.222937401105363531e-01
3.200836259737431244e-01
3.018845072272362540e-01
4.724574570518385586e-01
5.739375956413168556e-01
8.181265138143930526e-01
2.735176095815042285e-01
4.576430878617346876e-01
5.896557618630758890e-01
2.430225509481261925e-01
5.619219547601135289e-01
2.176405601174920545e-01
1.902874524389990551e-01
2.914207545010363276e-01
5.727227172193785076e-01
3.522084753399333246e-01
4.021558828006639996e-01
5.449125649758597145e-01
5.883495785815989754e-01
6.126552264080842303e-01
6.387717555558439786e-01
2.161673513326962948e-01
2.233668251049680253e-01
7.968993624075719762e-01
6.093819477794455430e-01
6.003823405249839595e-01
6.725389601303741749e-01
6.017101081795855899e-01
4.153417842760522283e-01
1.932900441714839601e-01
5.670440700570491543e-01
5.968176753694867109e-01
5.311795591135810568e-01
5.386884430815925828e-01
5.066436656961814666e-01
1.920749095177178012e-01
5.807260862591772099e-01
3.168858565869660526e-01
2.584002722687948062e-01
6.280810275345262150e-01
5.790142274171722336e-01
5.500605753755324345e-01
4.153209143906967937e-01
5.975552920725697437e-01
5.958989701228185609e-01
5.813450485708793192e-01
4.915266292442167506e-01
3.951181285857304215e-01
6.027703513974109750e-01
5.839557770253506197e-01
4.935384640458918004e-01
4.875458947949681821e-01
5.553377648648906151e-01
3.683915691705946238e-01
6.538550984253078679e-01
6.239573731006934354e-01
5.666476510883398099e-01
4.963538839062515140e-01
7.033871525905982525e-01
4.767984251002241325e-01
3.931844818447410295e-01
6.086708642672314928e-01
5.703222785439310272e-01
3.637305952563704703e-01
3.576806978979744089e-01
7.542272960404980964e-01
5.571536994602779291e-01
6.053580479149546223e-01
1.953779513915141486e-01
3.900979672315836866e-01
5.389777750139549406e-01
5.975729951374427751e-01
5.935103053554537933e-01
8.083875759373670977e-01
5.649768096579342869e-01
6.225135528538960905e-01
5.612162751417093531e-01
6.062350541568706230e-01
1.923518772475767136e-01
4.592284389551092860e-01
5.967162003409292037e-01
3.960418962147122524e-01
3.660615949431146321e-01
2.849509648646774140e-01
1.975139822282716284e-01
5.993117245971844032e-01
2.611548599077234689e-01
6.014725803706213458e-01
6.656863959762787664e-01
6.002091563910767480e-01
4.789218664372171252e-01
5.475384979237714056e-01
3.279248962435007964e-01
5.928519933472503611e-01
5.843055280157485321e-01
6.073838146796953774e-01
3.067198214306688375e-01
2.318056698198583121e-01
4.498481408425493711e-01
4.641868628395434682e-01
5.947546876060187948e-01
4.260962438056749568e-01
6.179748238236679736e-01
5.837568392219765201e-01
1.885943470570441982e-01
5.603692870378088609e-01
5.445368451419605460e-01
6.112356553053776009e-01
7.601754059237209038e-01
1.892485676886261070e-01
2.712721357269290423e-01
6.764937500558759753e-01
4.824266453502493723e-01
3.700989799655669543e-01
3.792224741138824351e-01
3.319506279894645084e-01
2.311999927970484203e-01
5.963495985700794089e-01
1.912303428239497394e-01
5.760565129985119048e-01
4.831452900272530382e-01
4.476010518606998723e-01
6.785371755826906659e-01
4.277159023664087178e-01
4.453211599473627658e-01
6.004828065419363092e-01
4.924546016594260611e-01
5.610228532263009660e-01
2.655554415603554319e-01
2.145963862804393385e-01
6.914870527140489775e-01
5.524234578931003226e-01
5.196494316280522163e-01
5.938688364158193345e-01
1.894339781521438837e-01
7.464656323869937049e-01
4.079469434715062293e-01
7.387009599685359085e-01
2.173122735352013557e-01
6.574751216093315254e-01
5.352070926812519946e-01
5.952148082198660539e-01
6.022519892373721095e-01
4.476658266384128115e-01
8.136522609300772535e-01
5.460482552629558617e-01
6.189788435065889383e-01
5.971531009904479381e-01
5.971011056877750800e-01
7.804449487140328046e-01
5.788866379978185872e-01
5.688631204623636473e-01
1.983011715453342483e-01
2.392110483959202505e-01
3.406804336086177720e-01
2.586754169464798303e-01
5.912278110732227532e-01
5.457706933738794008e-01
5.946093521659474579e-01
3.630372158779662795e-01
3.419184783155310714e-01
6.259064866337370470e-01
5.323147637800129672e-01
5.945201314164612061e-01
3.936042575321940795e-01
4.930526729742418790e-01
2.355613678524725307e-01
5.974213689565966989e-01
3.158409925021014586e-01
1.980038201465503245e-01
6.167320286987921785e-01
5.692581182852783916e-01
4.888079886347154179e-01
5.969692131303963034e-01
5.294701676180364469e-01
5.566550515518123854e-01
6.114207363943168216e-01
6.655579315481416902e-01
5.370393126487574831e-01
4.494415666072300586e-01
5.653552414297111639e-01
5.966648749524583462e-01
5.855725447312540854e-01
5.676729234198781837e-01
7.622389503612180262e-01
6.505065436892484287e-01
5.470763015894849479e-01
3.918756230567622678e-01
6.289753941435271001e-01
6.158073711253494453e-01
6.121913497900621781e-01
2.724541749354158493e-01
5.227083403829617669e-01
6.400306663592970624e-01
5.679568143941942093e-01
6.115983832708397072e-01
5.571009595114150281e-01
5.529140821487834589e-01
5.791721800529218145e-01
5.449139151689013083e-01
2.825705805237553325e-01
4.350702133562946439e-01
5.973743907232198502e-01
5.282193044460260500e-01
2.453177208440225632e-01
4.345740361587946410e-01
2.390740029119391152e-01
5.996062773605009832e-01
6.169475252485172589e-01
5.965792240765915855e-01
6.395444241651727646e-01
3.372745121534805879e-01
3.321857821535436073e-01
5.988027876983942344e-01
5.994571145222725717e-01
5.876908376328118244e-01
4.523563812545337015e-01
5.896040507568387490e-01
5.613320609017564689e-01
2.887194467699543687e-01
6.154979414208899824e-01
6.664967505061004660e-01
3.955501046191622905e-01
5.885005800288325428e-01
4.469181458554339348e-01
2.189470688001366461e-01
7.189763051005222394e-01
4.985795951877189380e-01
5.170619144436955361e-01
7.505481087792548189e-01
6.925909463927285570e-01
1.994777901509157958e-01
6.704797496952051850e-01
4.976867953265279865e-01
3.742194209445871000e-01
5.624880711441562209e-01
5.518302778435104639e-01
5.881598172311139905e-01
6.216200894721456427e-01
6.092024382147693817e-01
5.490705424507583698e-01
2.533262688764094106e-01
6.486005855529746178e-01
2.818391486134707580e-01
4.816104642722907614e-01
5.361570726382131058e-01
6.106423746872500224e-01
6.400023906222072068e-01
5.412470605200317975e-01
5.843870617682965785e-01
6.426299652487320602e-01
5.807198603466442455e-01
5.633318430260092491e-01
5.461335112298533190e-01
2.278375891005541276e-01
5.836907687440359149e-01
5.714403295433367891e-01
4.980799622118422532e-01
5.990333590879020065e-01
6.014789668471136608e-01
7.944479428112551922e-01
3.580287828180635512e-01
5.178327356742272736e-01
3.094421156784858407e-01
1.956177970390914067e-01
6.241147866286803625e-01
5.878185187411528734e-01
5.872578600297423401e-01
8.175796283913105977e-01
5.391205578941604681e-01
4.330624718883191449e-01
3.228961022808367609e-01
2.453704219483375804e-01
1.880611052654704574e-01
5.992641972711227893e-01
5.411259773340278967e-01
3.038084104759662951e-01
2.272927280678133377e-01
4.564749006266794473e-01
5.648100927613907141e-01
6.299595899348119366e-01
5.968087834812532133e-01
3.584923311882791674e-01
5.961181861323413544e-01
7.908085953051910977e-01
5.751322027864890218e-01
5.080666086958248728e-01
3.307503932160901217e-01
5.599006384929463565e-01
5.210785869158681693e-01
4.273924135279424386e-01
6.432164529825846744e-01
5.679041242789808486e-01
5.692843484668747012e-01
8.082425227044438554e-01
5.575517749036854598e-01
5.746037993396680976e-01
4.777404362260047055e-01
6.490130085995343689e-01
5.617757456148285700e-01
5.988564585916270611e-01
1.990961533818534634e-01
2.366842296286827962e-01
1.904254129240181559e-01
6.305892487454549666e-01
2.036040186108855066e-01
2.752222548844573402e-01
4.876744111960940598e-01
5.767274465705058972e-01
5.220289098455777044e-01
6.263098530260344798e-01
7.502863947417914847e-01
5.951038447804265497e-01
5.237091157669446773e-01
5.294646098253817934e-01
3.727481988310377137e-01
8.161751097056191284e-01
6.245082650244762057e-01
5.370433287486934271e-01
5.953856051656934989e-01
2.131041425190779715e-01
5.652838901395352833e-01
5.281955480372367839e-01
2.015491475213094519e-01
5.811008579798976337e-01
3.710900165641906057e-01
6.333781708739489869e-01
2.739003928916207142e-01
7.762273023536966354e-01
5.534666668462165928e-01
5.176762298855662747e-01
5.214085386082972784e-01
5.834721038439997232e-01
6.064174926045456937e-01
2.865135866391219643e-01
5.069457078075737533e-01
5.550183059235358485e-01
5.564526038489340243e-01
6.809556529560619742e-01
5.097695676016241739e-01
3.534507930415594634e-01
6.459067999032462870e-01
3.085752783181773262e-01
6.396495215012854008e-01
7.486259430056614317e-01
7.605433829872154661e-01
5.717825054383357530e-01
6.001946587461916005e-01
8.158715903095786759e-01
1.880465460138427414e-01
5.223359123880263466e-01
5.007579505802554065e-01
5.610985655341933498e-01
7.746731918149438734e-01
5.907593107828641443e-01
1.891671776761098822e-01
5.407135991435133571e-01
4.904316032033392281e-01
4.441295185842655258e-01
8.184768546852917437e-01
6.474794787381791261e-01
5.787998710969705085e-01
4.295969807028125476e-01
6.123971730673098968e-01
7.262146786918356467e-01
2.562127530234223904e-01
3.813706061764922106e-01
5.558442032174428782e-01
6.031433909669337012e-01
5.216895279166980925e-01
5.867573310666004405e-01
5.060301181439624818e-01
6.727590418196385258e-01
5.713148488519217416e-01
2.146026066895014572e-01
5.325666345892996478e-01
4.122506049631650127e-01
5.565764506123348498e-01
5.664713006176853582e-01
8.062685103979104762e-01
4.968754036892367720e-01
5.827753728152865742e-01
4.382305133509141748e-01
3.366035301261783852e-01
1.925072537510736925e-01
1.961356974030162015e-01
5.410747477816167939e-01
6.390375581466055666e-01
8.118397959728763658e-01
4.790503853332234163e-01
6.157298459606338481e-01
5.046030220201855876e-01
6.295132078475799142e-01
6.000213511511433007e-01
5.227194861260324732e-01
6.219896214188156414e-01
5.825121909478507831e-01
5.716959191935350182e-01
5.639312400544518322e-01
5.692901447465553710e-01
2.155097751341670254e-01
5.937674316405637809e-01
5.668204208751990159e-01
5.577532886728728823e-01
5.463154390970538232e-01
5.470898566499097226e-01
5.898801181737265420e-01
5.653529582485291582e-01
7.468658888803473284e-01
6.400712943354187612e-01
2.098372722323828543e-01
4.961344743794412482e-01
5.137623311905510359e-01
5.852675457554512573e-01
4.910172088128427759e-01
7.340660399572830341e-01
5.288272343891745608e-01
4.706433667264429688e-01
1.891520204610155076e-01
5.517160439876386269e-01
8.181754306062487547e-01
1.887036027707512942e-01
5.705461851049516975e-01
5.255011473354403995e-01
6.006278885881208840e-01
3.535193699001374368e-01
5.505794859917948481e-01
3.444359239824261176e-01
5.593646257579237835e-01
5.966272832902351775e-01
3.061759661265258670e-01
6.080371437871702200e-01
6.218155431531908750e-01
2.943787781160588923e-01
6.331975322499245884e-01
7.984874745393022444e-01
7.341659625144645318e-01
5.422947697656976818e-01
6.008938027818750971e-01
5.431691139168164373e-01
6.501217522814417560e-01
1.892044987632798825e-01
5.999908974568940456e-01
6.934864517693613006e-01
5.561401639793888130e-01
4.397237028791855518e-01
2.737948696630262413e-01
1.942590439897840804e-01
5.800803192835436439e-01
5.521320211283459178e-01
6.363309546580275811e-01
5.621106598872213089e-01
1.906059457070666263e-01
6.314650266072849849e-01
5.687725423161120730e-01
5.307652247184684313e-01
6.114094389613532465e-01
8.030927643268490623e-01
3.646149143202039866e-01
5.496758065127613779e-01
5.513119941023779669e-01
5.544940737298492683e-01
5.427481348121131477e-01
2.168446591057046346e-01
2.619843723254416945e-01
5.992541661749560822e-01
5.458747190510655489e-01
2.918784448053231562e-01
4.349052214943865402e-01
6.382104152965500932e-01
5.812850116041644588e-01
5.399792713773285957e-01
3.397464625719693321e-01
5.622082933310215136e-01
2.272242445419067614e-01
4.852642784100029139e-01
6.058987528185572069e-01
7.886047766161988770e-01
6.128474461533780504e-01
5.574269178728737950e-01
6.146926023595782329e-01
5.926519974051439599e-01
3.579570540812784807e-01
3.478572331842935128e-01
6.076785944382241400e-01
3.048712677285471684e-01
2.278792635798490840e-01
7.292415883523346576e-01
5.888214454983226043e-01
4.235582819513606934e-01
5.337239677345378963e-01
6.427001601038184742e-01
2.499967368573434434e-01
3.111518229193724894e-01
5.954161250293185104e-01
5.942773025192130687e-01
5.619404411434077984e-01
5.841930405853877906e-01
6.322181846495150692e-01
8.093832183943272529e-01
3.799856035246416130e-01
6.404253226542109267e-01
5.957529369588622226e-01
4.577846150133347281e-01
3.765276378033916571e-01
5.942160403725822437e-01
1.883518213982701972e-01
5.831978420435985910e-01
5.922542517785498450e-01
5.856898105464669602e-01
6.352802397552708147e-01
6.122550354862136279e-01
3.395324229758602264e-01
5.359805162256586764e-01
5.594578199510520378e-01
6.164413781238498036e-01
6.346189418177042851e-01
5.976837889003530080e-01
1.959054092577568185e-01
6.899393746198307920e-01
5.129514222458154693e-01
2.679846308881499439e-01
2.616504548482305736e-01
3.640557555086844643e-01
5.744442956184514504e-01
6.251617518279370955e-01
4.804647697528673378e-01
5.930242748344217718e-01
6.832091132176857373e-01
4.439196892269415273e-01
5.653188143909834151e-01
3.150250770169778503e-01
6.483520180798888477e-01
4.989845053183193380e-01
7.095747671987797656e-01
5.969233809764115106e-01
6.436760368383744879e-01
5.591523651889729329e-01
5.397519454984859300e-01
6.118821184271910907e-01
6.100404666127867692e-01
5.951029811360836197e-01
1.900367332259914332e-01
8.139099441150549064e-01
1.881673508876926526e-01
5.211761734420229386e-01
3.156266771864947862e-01
6.205509515892282391e-01
5.535891253559949154e-01
4.637619703642433810e-01
3.867463592856090204e-01
7.350576620892639301e-01
6.710405632000581155e-01
6.706816780537318001e-01
4.463825968415283119e-01
6.130846727979251121e-01
6.038823125905188327e-01
3.007095458166485491e-01
3.684673048712701626e-01
6.124940609764865096e-01
1.891295245497915112e-01
4.152213078812235225e-01
5.722572285434830430e-01
5.362217928204082718e-01
6.101370275252004927e-01
7.187176489323593431e-01
6.923198456356266517e-01
1.914427039132533537e-01
5.906592598566982044e-01
3.682624203974320665e-01
4.962300680130025676e-01
6.341059626382616887e-01
6.005830029982743845e-01
6.892030909513874315e-01
6.379807314346551683e-01
5.859617780763345385e-01
3.164555721717740577e-01
5.444417818179624335e-01
6.507111838455940100e-01
2.625037269678104912e-01
2.674081324439262497e-01
3.784292190250375665e-01
2.031198591650522078e-01
5.972171657331614147e-01
5.767979148685480340e-01
5.947832456189006134e-01
2.628011314556222833e-01
3.439670006100288835e-01
5.171482760988325156e-01
5.625261764916081875e-01
4.426912328370641303e-01
5.970293851229527826e-01
5.718406136774215609e-01
5.739714060725191747e-01
4.595272625174892100e-01
5.642441186195623626e-01
5.962643369426445794e-01
2.956510616941827596e-01
5.945702961897610939e-01
1.915550112575908071e-01
6.057276078512673356e-01
4.497935289109808998e-01
6.398482356495095447e-01
8.095938099619358619e-01
3.368115934205943018e-01
3.071420289756255917e-01
6.598933695602787752e-01
5.739672109203698414e-01
6.618738570199007576e-01
7.770975750626207823e-01
4.927113612671881193e-01
4.108229001828914706e-01
5.439732724978521006e-01
6.411625749975823352e-01
6.002064337775011582e-01
7.993153704590170161e-01
2.102413040066113958e-01
5.674527641923911014e-01
2.546800372440523597e-01
6.542788320227045373e-01
1.904267888144982046e-01
6.079461130675763991e-01
4.492674795718507585e-01
5.884577910094340725e-01
5.996077625554985246e-01
4.265278774810987716e-01
5.865399656614277424e-01
6.532516555155050142e-01
7.959218742881568609e-01
5.322356257311989802e-01
5.905121728064610664e-01
7.278480591247057374e-01
2.083344889892840834e-01
3.755600590541794404e-01
5.824358929654200878e-01
6.709965269836520863e-01
5.969730113934803573e-01
5.800464887748735254e-01
5.700965689425742111e-01
2.884345644182214619e-01
5.599655047792444496e-01
5.583276066016066297e-01
1.890042016998260965e-01
5.979308313019738863e-01
4.496097645488464911e-01
5.248172345795096838e-01
5.608791105888585315e-01
5.974326846913742273e-01
2.441867581838013668e-01
4.749143614553214543e-01
6.035007949005399830e-01
7.168043534543866446e-01
4.768329865346784824e-01
6.047517679152574210e-01
5.985912063900683533e-01
5.974627009957966806e-01
5.921503496221187657e-01
1.888066226577772844e-01
5.969741393445306965e-01
5.668300933031673594e-01
2.910388228368482877e-01
6.020365620723168165e-01
6.651361538539156681e-01
1.976182749483915702e-01
3.073056548730808690e-01
5.771700489207599594e-01
5.947212407219416574e-01
3.724014089387084336e-01
4.486711758902667269e-01
6.844030536443693746e-01
5.702718004606868174e-01
5.959408564144481613e-01
4.280337506091693722e-01
1.884581944464710779e-01
5.954852696392677336e-01
6.796986129362003748e-01
5.471793574673265992e-01
1.883406533596604926e-01
2.407636792874182086e-01
5.370644062498350912e-01
5.931400892595085628e-01
2.886656393084534589e-01
1.891566240881924488e-01
2.792009052086932841e-01
2.701719464025649220e-01
6.521148342778200213e-01
7.177454901955968580e-01
3.764483429801528946e-01
4.831933520846305452e-01
6.245975461188331135e-01
6.706841193919055311e-01
1.883014561013018340e-01
4.547188834127581236e-01
3.398771679557002767e-01
2.034141451226712805e-01
5.673515666652885203e-01
8.165362526623093364e-01
6.059473842026235069e-01
6.048759476850070760e-01
4.631762398811060666e-01
6.630232371030660987e-01
5.956911669384565844e-01
1.914066225443300240e-01
7.918722857200234388e-01
1.916791565691217392e-01
5.073265518354560522e-01
5.406144146517598559e-01
5.931952481699972468e-01
5.225144523730341772e-01
6.995840541443736349e-01
6.966702685644841075e-01
5.805659597887813383e-01
6.403879922612349951e-01
6.098417428421778475e-01
5.448754303140489474e-01
1.898716494256740273e-01
5.944796503267956167e-01
5.992652354144170079e-01
1.887826666629698891e-01
5.905708620133877096e-01
8.174467858239582441e-01
6.118762487305590136e-01
1.994842841429093072e-01
7.173273845895219436e-01
5.953585481348295794e-01
5.975172967058799411e-01
5.623596913227683070e-01
1.888336885846825242e-01
3.204607687359693480e-01
5.988854797182050493e-01
3.324068822858701200e-01
2.791394402978913392e-01
2.519440950886954744e-01
6.553325393078386352e-01
6.469310306116701215e-01
2.902921837410748496e-01
5.537854282553912322e-01
5.613111418371765637e-01
6.014432764166243173e-01
8.081279400752149344e-01
6.472185349712431535e-01
6.480272869351439979e-01
3.271572044321612860e-01
3.397387072311689460e-01
6.860513753294553707e-01
5.985580330566675489e-01
4.898547612316907496e-01
3.166573277687297350e-01
7.221320488467618537e-01
5.783357137162452588e-01
3.768672796958382198e-01
5.374333999433887898e-01
5.740198154423387100e-01
5.912608707734374747e-01
5.612170663380982027e-01
5.835202765466757091e-01
5.855707314428325594e-01
2.118392914849802078e-01
7.079330021324347078e-01
4.148495368141036366e-01
6.517859263477308041e-01
6.541911749767262974e-01
2.578159885402439011e-01
3.817164066235220754e-01
8.175923291646272073e-01
6.811185049558199367e-01
6.335667409447409693e-01
4.191590941413624316e-01
2.001405458599537779e-01
3.178481990307172600e-01
2.739196590558880540e-01
5.966538401744883036e-01
7.672188819767098433e-01
6.719633079448229518e-01
6.122540619404167606e-01
6.341496201553665779e-01
2.101189499710626463e-01
4.618246661430061017e-01
3.640081717591930888e-01
6.454327240131295662e-01
1.882797006408110652e-01
5.800729540890687819e-01
4.899409828864079719e-01
4.914073333139913347e-01
5.165396798711161530e-01
5.550190571973473430e-01
6.087496526683402465e-01
6.074254097919039586e-01
1.958803007861102674e-01
2.125988380506323716e-01
5.951767528579645639e-01
1.913137816887617026e-01
5.914767048177481668e-01
8.073809438682260087e-01
6.207187785298972083e-01
8.169291816153559926e-01
3.899373316792755229e-01
8.163468532950580725e-01
1.902000428230554707e-01
5.667124671571314165e-01
4.690413960071495025e-01
7.939630476746132315e-01
1.915751418279869889e-01
5.881098364039053505e-01
5.910654508132859863e-01
5.924669384875940192e-01
6.947137583101548053e-01
8.152006634333027746e-01
5.786777525634294594e-01
4.947463592842468727e-01
5.988588680500802619e-01
5.468138113194419558e-01
5.491157328572494611e-01
4.006557082215269072e-01
5.649958302551295608e-01
5.919210516306349090e-01
6.884490357868454646e-01
4.950389420064474910e-01
4.060938487105279493e-01
5.726657736621364458e-01
5.681043870367366022e-01
6.884607771715299807e-01
7.277976981782795507e-01
7.234688963113110605e-01
5.968232381319951152e-01
4.978571174789889753e-01
5.598154187755530753e-01
4.465214228586693590e-01
1.955571238579726367e-01
4.968191530125995459e-01
8.117329808213957776e-01
5.050199632217631240e-01
4.827308407200828211e-01
6.144370305012408773e-01
1.977832993214260759e-01
6.549862581023373487e-01
6.170502904560289936e-01
6.159981139479993040e-01
4.498212111285089243e-01
1.887559935342111306e-01
6.968845546122429679e-01
5.725843573923005136e-01
5.878283230499015133e-01
1.990304398185436807e-01
4.359007271206323808e-01
5.215083030235033723e-01
6.249945327382234739e-01
4.915654223558842961e-01
8.167199746638508229e-01
6.132632359892910001e-01
6.072573186240030063e-01
6.585678655044063801e-01
5.159910906622892091e-01
5.439979029916098829e-01
5.872506415650108336e-01
5.719499362550778399e-01
5.978499433165145316e-01
6.168165817077542190e-01
4.798609790787718987e-01
4.537217476868432020e-01
5.346490437316265831e-01
5.651599694204945123e-01
4.190578943301587200e-01
8.177046402282350801e-01
5.580836973865570538e-01
5.598710154644449544e-01
5.951984477156476716e-01
5.937756093243617972e-01
4.981063317766902809e-01
5.993042437469426886e-01
5.701832270214439724e-01
4.954504433977116595e-01
3.997378433412537846e-01
5.939894529498598308e-01
5.917299706884902033e-01
5.156163829694420109e-01
5.468294687748851413e-01
6.105201795229525663e-01
2.080664098729798350e-01
6.033099373572730073e-01
5.121453368793577043e-01
5.082670812704362939e-01
4.161703691056955479e-01
5.942189770883505862e-01
3.307218140490434388e-01
4.177205930260974864e-01
4.528839083821268874e-01
5.965984370719896734e-01
5.207064663055751552e-01
6.899024121967956003e-01
6.204384825903369594e-01
5.829902042716111898e-01
1.913672650764719207e-01
5.034321816834138597e-01
2.684683438778240339e-01
5.597703729171547016e-01
5.689467905563797556e-01
2.884742552108348068e-01
4.931514561621291870e-01
5.974561405068881115e-01
5.416616585864898470e-01
5.860089406993008732e-01
5.473525265097897163e-01
1.941508240903180860e-01
5.429899218132087091e-01
1.912798040494429197e-01
1.890533777626332013e-01
5.990147910235119610e-01
5.641881854624198889e-01
3.631182133823598890e-01
5.653309749090138503e-01
6.068030997197331189e-01
6.703207455429109896e-01
4.083643482983048134e-01
3.763353934512956855e-01
7.989348205102501099e-01
3.666672739219921651e-01
3.906497014156593561e-01
1.886890580410436058e-01
5.448736787692586292e-01
5.185878120838676164e-01
5.866284116068877230e-01
7.386727015305196709e-01
6.507950765092901380e-01
4.727309898508386121e-01
6.326177960711948378e-01
6.610093957056316638e-01
1.877840411358372152e-01
5.764922649094902374e-01
2.299770929525147833e-01
2.794985087836381332e-01
5.735084680372348753e-01
5.975467783305613567e-01
5.992923524085602693e-01
4.831943982731365939e-01
2.127282100287238298e-01
5.437791205797485317e-01
5.911976792379740608e-01
5.217401408879555058e-01
5.332642940031513401e-01
5.904234324124997269e-01
3.525238457843175022e-01
3.550924016086464130e-01
4.150214811406530147e-01
8.094930764948943258e-01
1.886511822021553764e-01
5.900215025203836561e-01
6.520504219125968781e-01
2.896260815936345656e-01
7.879032555788177961e-01
5.711979891393909048e-01
4.908938718472337648e-01
6.343580308756771036e-01
4.865463965399745572e-01
5.953548662183908435e-01
4.585849991907828271e-01
3.114330477994067259e-01
5.993281704643024232e-01
6.054837044524268297e-01
6.504749246223088255e-01
4.796655825635116055e-01
4.192036528642388293e-01
1.976849031332161555e-01
5.477295780660896840e-01
5.878552398296533754e-01
7.273282461754284611e-01
5.582793524960729670e-01
5.083856254819953957e-01
5.624915293871460831e-01
5.341570886590841782e-01
5.672462451673480066e-01
6.068365975883073249e-01
5.844728063310555832e-01
3.342813067763284463e-01
2.248863731816684586e-01
2.288734155399446690e-01
1.950872651962834992e-01
5.708338335090384907e-01
5.919261385717359270e-01
5.753014134953775560e-01
1.918030739950546959e-01
7.834726002862726357e-01
2.702145216363828761e-01
6.033566013038544895e-01
6.295172073558846781e-01
5.443174558557856146e-01
5.965326771770675940e-01
6.511981912283317797e-01
4.154445032226448675e-01
6.199444433038092672e-01
6.236364098033269077e-01
5.680582528665872877e-01
5.808905831460495772e-01
5.182075931516677558e-01
2.612974416766933872e-01
5.162548576020460356e-01
4.442347045620740897e-01
5.473145408830579761e-01
5.379485203873561883e-01
7.901960281699458299e-01
8.151778821932911256e-01
6.120756743880707562e-01
6.814675118485093996e-01
1.915866376417770522e-01
8.092021758442480284e-01
5.080626097916374206e-01
5.521731593811571859e-01
6.999119869981281772e-01
3.950161865309875231e-01
6.479267254035747658e-01
4.387350973777865426e-01
6.432385776020076440e-01
5.593642545971886371e-01
4.586681874348779164e-01
5.373673895193249450e-01
6.151895869506539549e-01
2.258221268954121175e-01
1.896991621194316080e-01
4.061439126291920831e-01
5.968131881357892077e-01
3.071700581780476558e-01
5.584000924335211780e-01
8.167152993097922531e-01
2.412124052440030864e-01
5.936741611796237938e-01
5.250102713086632900e-01
1.950085571267848317e-01
5.807386837262041857e-01
3.990786818401310665e-01
5.603456560702628764e-01
6.419062782344513440e-01
5.947386390427473746e-01
3.632219750581077156e-01
6.763635771366561800e-01
1.930647942307368026e-01
5.820152522932998673e-01
2.186009166568333162e-01
4.009497011657865428e-01
1.911004222799828067e-01
5.937753107922125739e-01
8.144437436984796053e-01
3.862253324176697089e-01
1.883950254627568266e-01
6.052293597528696223e-01
5.025688455591097448e-01
5.858287290805826997e-01
4.176231787317792876e-01
5.315757240004554962e-01
2.379282048826822649e-01
5.277651927341943106e-01
5.754006940460435482e-01
4.139648169207967854e-01
4.908368856083035192e-01
4.658467214001441037e-01
8.095555661028092098e-01
8.159958932009062638e-01
1.894921910861559478e-01
2.783417551724248762e-01
6.629890533487874382e-01
3.895286416790516570e-01
5.825808031029974243e-01
5.905945461161736798e-01
5.548479555803815799e-01
5.122137267085773438e-01
3.834961846484937764e-01
3.852697795760609556e-01
6.540018933199800433e-01
5.711000917722336423e-01
5.196512381088526089e-01
4.169100461815369862e-01
8.137437885900082879e-01
6.597026976115133445e-01
3.659172315936526365e-01
6.624391078075321238e-01
5.585068949098540569e-01
5.181450873682240665e-01
6.066202040064575529e-01
5.752260816017521483e-01
5.448505079902673520e-01
3.961935409255147866e-01
2.237370871303961117e-01
5.677429992624890565e-01
4.714408717654636205e-01
3.634623043540497478e-01
4.368539308080666150e-01
3.459367105340486193e-01
3.739193881793049234e-01
5.871891378416527196e-01
5.555726140862770057e-01
5.592225285198150209e-01
5.162373780493780817e-01
6.010824471145060910e-01
5.487094024899347167e-01
3.274721287899838296e-01
5.967707136717733674e-01
6.481071097155645111e-01
5.778790492578556037e-01
5.586911676412512628e-01
4.705762537504275533e-01
6.045217082224256799e-01
5.855532934561363811e-01
5.742486005548870232e-01
5.903843479946174755e-01
1.885643392662135764e-01
2.792309145185287722e-01
5.203459881346331750e-01
3.224834917223563524e-01
5.834573376046274795e-01
6.178516281661000642e-01
6.780181124511329704e-01
5.133063156454864551e-01
4.754853982567098236e-01
3.945623645788323142e-01
6.090352132669372143e-01
5.271634250064630711e-01
5.510139012483068477e-01
5.977813929597060039e-01
5.222874435773734447e-01
5.680844905868505101e-01
5.536180529119484328e-01
4.494164675841202383e-01
5.912170280230766295e-01
6.518080606914545827e-01
5.937641671734948945e-01
5.962888366725119793e-01
6.380088250347175638e-01
7.406867700308968905e-01
8.037938010744634099e-01
6.080902641710459466e-01
3.991617020160677654e-01
5.313749832910589221e-01
5.128759928077996078e-01
4.884992353467127457e-01
5.912502334199647436e-01
6.029346775334227804e-01
7.278322982278282449e-01
2.597399391984027139e-01
6.316811201311823831e-01
2.419804469948660663e-01
6.034012669178819843e-01
4.200613489664008493e-01
4.762191253503398891e-01
5.974052278209233124e-01
4.191698757885625182e-01
4.840699189679577019e-01
5.846495587759465984e-01
5.854918130990788283e-01
5.579700266396335762e-01
4.637311197355686310e-01
2.614675155433852094e-01
6.055535438105191792e-01
4.140205224216711999e-01
5.212719264648095763e-01
4.585684983484712429e-01
8.093088990978958286e-01
5.818012514466867069e-01
5.866566868307082627e-01
2.638159333923982275e-01
5.787413546485424831e-01
6.264128938983627437e-01
5.051356438149388062e-01
8.149606671049235418e-01
4.861794568026331920e-01
5.893881741097808380e-01
5.815226605839771690e-01
5.593846365937882315e-01
5.360973336484877727e-01
4.741288253208620351e-01
5.774872056520807817e-01
4.552338316969921084e-01
5.172683143010797790e-01
3.415617758984484942e-01
6.366211089508351240e-01
4.575885631024688704e-01
2.974437376875328498e-01
6.036854655750152343e-01
1.926299460537775066e-01
5.991949814163323174e-01
5.801931877921946423e-01
5.019689819331222269e-01
8.163020468072935687e-01
5.997900823682487115e-01
5.997446594803269582e-01
5.525738181960127005e-01
6.023920130803974704e-01
6.355715895734611598e-01
6.384167122561175134e-01
6.886181139778209115e-01
4.977173324230881324e-01
1.888082864699323904e-01
3.263124375970769542e-01
5.850025484857440672e-01
2.260622068369654292e-01
3.723746331396691200e-01
5.387459365436344516e-01
2.804414522801517151e-01
3.908787959190384576e-01
2.331958874958200978e-01
6.784787677045103216e-01
6.065422680251477683e-01
1.898980141397197119e-01
3.002616685478273761e-01
2.679032835636071530e-01
2.687106612705341679e-01
1.908442500044723045e-01
5.918919972106359007e-01
3.284528288604512958e-01
2.171559700886872557e-01
4.609020982534807742e-01
4.867540066428276413e-01
1.890395246063026891e-01
5.929385688130933696e-01
2.007360525221408565e-01
1.880331647611892254e-01
2.195907983941780828e-01
2.507228692855357211e-01
5.887006221793114058e-01
2.426011984051744397e-01
1.951019779805219789e-01
3.233452115355880951e-01
2.236531818884529843e-01
2.226652103859109999e-01
2.483536400217177254e-01
3.619366709736132615e-01
5.988625190157752520e-01
1.918763172102560255e-01
1.892641739230068176e-01
3.445767447710587628e-01
3.562449746816021001e-01
6.553790503071460494e-01
6.482539155637351280e-01
5.232449812411436030e-01
5.584174942354884763e-01
6.902590540812326703e-01
3.194333802743824502e-01
3.171549479762009738e-01
5.385872614507875022e-01
5.670981984482655891e-01
6.063712931978280096e-01
5.721390350937471947e-01
6.030814347985790080e-01
7.258997085301417407e-01
6.320302477758568127e-01
5.425799090370764244e-01
3.499863290398240179e-01
5.344893994991052333e-01
6.136173399080051549e-01
1.969021399613565815e-01
1.889763536951462597e-01
5.845307463974790396e-01
5.825484351119496473e-01
5.232662499216100827e-01
3.166032020106078759e-01
5.968662858241622349e-01
4.048075538231240555e-01
6.042430760636611220e-01
5.553820739914523408e-01
6.085758078249239311e-01
3.976188684607768198e-01
5.753706775552018815e-01
5.750277759578089620e-01
5.460524033465268268e-01
5.509536032640873771e-01
5.276333404551049044e-01
5.781086252940473846e-01
5.789499366623166443e-01
3.453438599240216123e-01
6.677286802353088468e-01
7.396198656724579656e-01
5.988828746565276751e-01
8.179862340654187047e-01
4.762672802246396553e-01
6.445574616479846641e-01
5.958834671306404429e-01
5.326510624832690999e-01
5.305781707022512173e-01
8.141457744378680639e-01
8.176716097186170762e-01
5.950042992352528870e-01
6.009512893624051610e-01
5.214232847714062036e-01
4.343538731137693287e-01
5.885533768215422956e-01
8.168175415874510126e-01
5.469983507679806456e-01
5.951050656518437343e-01
6.144145172352123430e-01
6.681714943163333809e-01
1.887332991010250427e-01
5.936971832014253936e-01
7.891039211618839921e-01
6.144411013368280550e-01
5.228951822174244812e-01
5.545214293856356447e-01
5.714986031326134697e-01
5.973789187207894091e-01
5.457438946329963292e-01
6.260979456489295103e-01
5.009010160813280876e-01
1.891518011949071820e-01
5.752213064065719861e-01
4.555512657775586116e-01
4.271258337771445257e-01
2.568466842748436951e-01
2.306434714527573482e-01
1.957679154388715093e-01
5.516686641008899938e-01
5.932816110809868704e-01
4.581233713417909859e-01
6.357500232585192590e-01
8.138962398063430692e-01
3.623380667070336680e-01
6.201001144685469590e-01
5.379507213302103796e-01
2.915487029109572470e-01
3.042121285195492630e-01
2.014615761030715824e-01
6.050702232302296313e-01
4.914044643398435275e-01
3.615008771890474426e-01
5.599097868659720367e-01
6.093375064471302505e-01
8.170661957136713394e-01
5.533495605209064472e-01
5.026901210605508874e-01
6.351795517849241346e-01
6.742929503042216499e-01
1.999312028077497583e-01
6.169105348688936896e-01
8.156610123241609944e-01
4.581202401463135288e-01
3.277459518237118563e-01
5.790463167527872823e-01
3.309073768121227888e-01
8.168622956330451323e-01
2.454194749439448098e-01
2.971568888954985721e-01
6.040106907775626421e-01
5.907475066211063108e-01
6.017626004584798460e-01
5.608222153226097850e-01
1.892660248086907304e-01
5.761243043924503260e-01
5.062048439589306170e-01
5.901720507381723602e-01
5.777382743971282153e-01
6.070548313589527734e-01
4.573728637314078971e-01
4.823509455015057568e-01
5.955125432571199973e-01
6.070381791094969781e-01
4.965518264320775699e-01
5.894385505357279120e-01
1.919139333709589113e-01
6.000526888746254839e-01
5.838692891244919858e-01
5.331269597565947427e-01
5.776256353342967831e-01
6.007649816273925580e-01
6.084934337873891819e-01
6.074659737372066770e-01
5.577364558239815695e-01
6.104287548439309985e-01
1.989349289405437093e-01
1.955881346933610598e-01
5.860743655080932202e-01
5.050913164580062009e-01
4.938124714822216821e-01
5.201993028634724903e-01
8.095807837991541023e-01
5.088782722363924815e-01
5.319388584435351675e-01
5.631828239585585649e-01
6.231143084092581885e-01
2.527317747089279365e-01
2.250313451514999452e-01
6.125977780580060816e-01
5.153929734220601411e-01
6.133340129124136286e-01
8.148008288041579394e-01
5.972916268179644383e-01
6.006911278146898070e-01
1.885498552935341299e-01
4.002458628098282678e-01
5.261051934166462996e-01
6.063182126605544120e-01
5.085398978405962778e-01
5.647987107083226599e-01
6.006748279089103582e-01
6.104613823067582823e-01
4.212387670427872322e-01
3.832271553069991898e-01
6.155908436596460032e-01
8.180290367390872230e-01
5.570320489024437327e-01
2.329724148193730859e-01
6.011826007436165131e-01
6.175435328439535798e-01
3.820796149568845279e-01
7.201956107013901542e-01
5.992962735373351668e-01
5.123592089316109099e-01
6.617335570713024362e-01
3.916101852039001741e-01
6.320007460994656601e-01
5.871045613710023092e-01
4.492245392369501045e-01
1.974392740371635757e-01
8.157499977783549960e-01
5.912331572163105342e-01
3.935234134169284248e-01
5.545194764376352170e-01
5.148608214199221766e-01
5.618551170286514296e-01
6.134390801374989266e-01
6.040379540280698123e-01
6.146198810645676636e-01
5.336987534304371561e-01
3.605772527370313951e-01
5.818471436459147217e-01
5.743546743640332020e-01
5.741413757885793778e-01
6.886740566151189347e-01
3.132426589005519180e-01
6.182106570994824191e-01
5.343937336990720599e-01
7.737649594503005490e-01
5.329997425871207950e-01
5.613962778676938603e-01
6.196245323841718111e-01
6.098473267509009199e-01
5.720602111869061979e-01
4.220765499079016103e-01
4.819736072023707019e-01
3.101005369780091003e-01
6.274030345060145342e-01
5.877017139512671351e-01
4.881579559079581299e-01
4.564831894866601125e-01
5.193923040974125493e-01
5.828972980031881246e-01
5.626517671075266236e-01
3.674763492846508939e-01
2.028446658830515559e-01
5.312179946042409062e-01
5.773918770274454326e-01
5.115886206864405095e-01
5.211008038227353811e-01
4.312119021073546055e-01
7.688100033092991614e-01
5.626027943856332092e-01
6.074973219248279710e-01
3.310540924675172136e-01
5.829214145657437562e-01
5.956651435396216332e-01
5.531595201342127677e-01
5.978968443944328026e-01
1.974637957649138520e-01
6.033301683987657427e-01
5.141878559288002304e-01
5.967578231520666021e-01
5.751940765740852779e-01
6.478690613406269394e-01
5.231426257223181775e-01
6.741775909409117862e-01
4.921100884904178741e-01
2.478945036023725845e-01
4.945799606447290886e-01
5.735074501256881563e-01
5.972669979277810404e-01
5.506668167073068831e-01
2.843999418831065773e-01
6.015012253500489070e-01
7.941321217049708281e-01
4.004013808165717281e-01
3.879031601934040951e-01
5.878373942927798135e-01
5.557410464023815333e-01
5.119125585474813001e-01
5.190040978949120865e-01
7.916065023103959764e-01
6.171839731971385801e-01
5.105921544930381861e-01
3.132021569147653284e-01
5.753418775335110702e-01
5.974821561681036286e-01
6.329175434367505515e-01
6.007144657916558828e-01
8.148443819304984626e-01
8.124352846056023258e-01
5.615947634254155885e-01
5.521082242848320831e-01
4.204628957108176857e-01
2.809136128923229170e-01
5.960221715167527412e-01
3.582390427545950051e-01
8.140173869439348842e-01
5.689929234181294593e-01
6.340584359157724892e-01
5.293129731139197824e-01
5.551284136852830953e-01
5.846405986908348451e-01
6.059673463401326066e-01
5.862208069904095709e-01
6.042768535071149083e-01
6.836023130498768419e-01
1.921426689481821048e-01
4.406412292537928987e-01
5.713606420153917176e-01
8.118164554988319681e-01
3.532591187004655575e-01
3.490364879454436742e-01
4.147425928140615614e-01
4.607789009116847745e-01
7.637731206567989206e-01
7.063206462409221675e-01
5.988210491990417772e-01
6.514800746335549508e-01
5.208872686755325887e-01
5.991796449972047744e-01
2.025123547907395627e-01
4.705662243088140073e-01
4.884746684322045507e-01
4.899389254845067931e-01
5.619437149610906346e-01
5.653099514467422315e-01
5.983995569606843645e-01
8.168249235375505402e-01
5.459061233115910516e-01
4.224170347619732313e-01
6.631786449033991726e-01
6.122548424676116374e-01
5.946813554536772850e-01
5.272079433473221277e-01
5.280833762298104972e-01
4.407190123963838913e-01
3.976578357445420542e-01
4.996775717382638815e-01
5.953407676144579774e-01
5.865630048146928122e-01
6.070875793127145092e-01
2.673364772470381290e-01
3.693712470416340432e-01
5.600033115253959526e-01
3.921508265489327405e-01
5.330140450068819868e-01
6.123576530003527196e-01
6.148322518747981746e-01
8.148751974587093994e-01
2.652292824591684917e-01
5.010536633876015999e-01
6.236808461943693649e-01
3.842142502736298759e-01
5.855000100763492199e-01
5.683051435923939243e-01
4.197072787768985624e-01
5.910540708206317717e-01
5.367082752591371131e-01
4.701909654781359915e-01
3.976976433385591703e-01
5.451438048079646492e-01
4.887251924964959304e-01
5.388061452986906419e-01
5.524120832836636463e-01
6.594322275555588586e-01
6.314006443252015988e-01
6.198150655740740644e-01
2.426054367700551107e-01
2.580039422753002687e-01
4.242398492192618886e-01
5.980260630031501989e-01
4.974509018931716486e-01
5.087961012097227398e-01
5.284232271682304249e-01
4.672758025821334149e-01
5.797671507983167549e-01
6.049210411711214430e-01
7.540534909294790422e-01
5.987602063314435563e-01
6.981921110085050897e-01
5.081567034863621046e-01
8.081019623436023203e-01
6.653436906013063812e-01
3.035345849623456993e-01
5.904500089024766751e-01
5.789406811687721754e-01
7.858049027620361837e-01
6.133949324026957139e-01
1.880478920406171983e-01
3.448363493052643558e-01
3.243991003260940920e-01
3.453459399515954598e-01
5.948334512407948971e-01
5.540598895205216534e-01
2.251286092269225714e-01
5.388139014665708215e-01
5.878407894531689770e-01
4.188683657727151899e-01
4.123639050608909340e-01
4.072356960255767433e-01
6.095603750054761072e-01
4.703160826219011659e-01
4.758420543656628476e-01
4.993467310205875198e-01
6.164610931404768124e-01
4.842028680214466863e-01
1.887036280262542609e-01
5.513394370511376374e-01
5.955358961307818388e-01
5.306347178180429447e-01
3.050946169362838689e-01
6.773635917660840722e-01
4.892003831440111528e-01
6.486773982968073726e-01
6.264642779486454538e-01
6.326600453269760616e-01
1.977205443101221205e-01
5.511500694455795379e-01
7.671949006078668809e-01
4.497061676554670040e-01
1.890714398541949726e-01
5.855649996181278016e-01
5.134971373359100699e-01
5.897362192261803582e-01
5.727491136240501213e-01
5.117018389674036216e-01
5.635581576124174541e-01
5.967364770961975928e-01
4.033457401077600868e-01
5.998745332908422823e-01
5.803239832570334933e-01
5.471781841229343968e-01
8.150399744897207643e-01
5.995689215037650621e-01
5.930399875924702302e-01
5.540321928863308765e-01
6.185138684030908607e-01
7.281947139669349145e-01
6.260353540274585793e-01
2.012526739007339804e-01
2.096600302734805688e-01
5.912663152813708578e-01
5.914081979996832494e-01
5.199816469018414544e-01
8.095992951603528942e-01
3.183300216538450522e-01
4.674089043367340990e-01
1.878415713701572509e-01
6.160937311811490735e-01
2.648520004980574050e-01
1.944061637354976280e-01
5.992596902883341459e-01
4.322073320639424621e-01
5.584675007752886167e-01
6.086004677165618437e-01
6.073365861148184441e-01
6.299496568590701173e-01
5.808655022249916700e-01
5.784069416817130271e-01
6.436859110694682640e-01
6.127651507870728320e-01
7.424136388359657834e-01
6.597887731839284786e-01
2.177413980898781909e-01
3.143209997104100539e-01
5.640196432452240227e-01
3.818954389969264063e-01
6.007413092445619274e-01
5.981621250450489535e-01
5.904786936790128449e-01
6.392134815664755054e-01
6.138881142037763139e-01
1.898949511897849718e-01
5.145782889793824033e-01
5.645668261232206220e-01
5.145004004642410589e-01
5.541406776974220350e-01
2.997399760110965317e-01
3.619481979414209682e-01
5.809956860835282511e-01
5.865795576043262294e-01
5.470029166052182701e-01
3.849434503843124911e-01
5.330349841420142232e-01
4.406781617044251975e-01
5.808346389979798241e-01
4.754281674449598039e-01
6.831663266399286005e-01
4.192375420036737466e-01
6.735586359969234493e-01
5.348938266457792245e-01
1.911745911649744001e-01
1.888598066717021018e-01
6.001582625145153171e-01
7.550239447548244831e-01
2.410128834995740876e-01
4.732284241457394569e-01
2.056776386512307875e-01
6.172638497310555250e-01
4.716268330658916486e-01
5.439919688431005262e-01
8.147667338980651985e-01
6.217750938515352876e-01
8.175599679152487642e-01
4.581454707320116726e-01
5.882464014939489116e-01
2.658057207319539095e-01
6.069975339477973186e-01
5.375617876396279193e-01
2.488909144054976819e-01
2.656246983392264172e-01
5.575184286097459863e-01
7.030800253064400929e-01
5.508670829831080473e-01
2.448354909910257227e-01
7.515334124120472969e-01
5.236870425409293484e-01
6.075411073995001798e-01
4.928028962546409653e-01
2.734628071043042064e-01
5.220303873030287534e-01
6.791939771191750630e-01
6.042100867558318766e-01
6.205082421736288767e-01
7.134565116241643468e-01
1.884724733220239090e-01
5.439781818321127727e-01
5.147039865639915224e-01
3.187966195976915662e-01
6.172219633298006158e-01
5.973383161175566114e-01
5.982563752444647331e-01
5.240200762289284331e-01
5.533721614144149203e-01
5.086424854180071620e-01
6.003910687056602802e-01
4.701924302023111624e-01
6.237325529399562196e-01
5.837673257547638661e-01
5.109183106161474530e-01
4.561611901074735242e-01
5.499226350073059821e-01
2.110716728071720116e-01
3.866278189741226279e-01
5.967417294612110679e-01
6.273105197975185066e-01
5.206568763726026061e-01
5.160666968181978342e-01
4.846353767140748059e-01
7.442504436159425030e-01
4.666314097707285335e-01
3.497748535435315498e-01
5.728021939399957629e-01
6.823802529054107113e-01
5.952288253408918317e-01
5.323769795567421248e-01
1.958011557737174557e-01
5.306837539932623971e-01
4.917229668181771762e-01
5.979779807233256417e-01
5.208953254447894476e-01
5.711457830993951212e-01
8.063286565902866299e-01
5.717244701642946181e-01
3.253932294239594847e-01
3.159073239576570269e-01
5.881258325335102510e-01
5.577666060009253135e-01
2.847872115482515953e-01
6.146494502003038152e-01
2.411272231667868360e-01
5.945403364094772325e-01
5.992149809856210929e-01
5.949595312618939369e-01
5.532477559526779443e-01
1.956085792083331332e-01
5.698780589946270680e-01
5.702694529453851136e-01
5.178718376822882830e-01
6.652916324478628241e-01
7.950419666980448330e-01
6.569926616438203082e-01
1.884825590418859886e-01
6.084209534227629224e-01
6.329377680263174044e-01
5.051477462211400038e-01
2.857009499572535360e-01
5.964125175392217537e-01
5.665646166947339024e-01
5.991982394810178025e-01
3.936255907225088557e-01
6.117282487354410714e-01
1.887817726797872409e-01
5.984304863826678256e-01
6.000595280077518634e-01
6.637742163658801875e-01
4.581717044349034040e-01
5.806425487687426612e-01
6.048676376121540077e-01
3.778336427724138802e-01
4.243075860650010744e-01
5.580089171838531481e-01
6.760174756760836123e-01
4.771057473129858839e-01
6.737722655941629224e-01
7.653608566280788450e-01
5.991098180338769730e-01
2.386141132027204126e-01
6.885668742033221879e-01
6.508927479068752353e-01
6.011789121680314318e-01
4.373382353400182554e-01
8.147554320054279930e-01
6.466734538808409649e-01
2.900440066415325702e-01
6.036747443602145102e-01
5.943926891111258604e-01
6.037494273747943119e-01
5.667842045858608735e-01
5.957315855557901996e-01
1.879554418003655247e-01
4.562937889377241540e-01
5.968282105323795550e-01
3.949202803298205167e-01
4.784064243325986676e-01
3.347266599718463076e-01
6.089330731812241382e-01
5.889810089624440970e-01
5.762573770625847303e-01
5.840982847962018498e-01
5.469084382880838868e-01
6.051695040247636603e-01
5.932786798789478899e-01
5.871834038682577361e-01
6.191574312495004007e-01
6.392859063040869927e-01
2.123246868791072439e-01
5.966931013884827495e-01
5.899194152148850012e-01
6.086426009218735000e-01
4.730089728428923390e-01
4.616479660998762391e-01
6.752497139734529030e-01
4.913053347601052945e-01
3.129076842385439816e-01
6.843236549027813531e-01
6.735595482847029913e-01
8.140410619751107246e-01
5.842426540956031644e-01
3.682071839739898267e-01
5.032326131421291926e-01
5.945633157933589708e-01
5.919483692585626455e-01
4.872065570643184240e-01
6.482606337455938394e-01
1.895887663969183512e-01
5.188072642548023916e-01
2.035978589409282169e-01
5.822038668532864003e-01
6.147653873014450321e-01
6.406004350394368663e-01
3.488875585264642476e-01
5.244201760652862365e-01
5.666322268024301945e-01
5.889211899323841815e-01
5.901875065184387648e-01
2.932498083716738035e-01
2.427573310089669867e-01
6.720070556110441240e-01
3.568297519589698208e-01
1.958783752008824430e-01
5.275371933638244304e-01
5.964080208393839344e-01
2.576648279993115631e-01
5.465886079951024490e-01
7.683939224803914003e-01
1.895455468396103071e-01
2.518692001432495942e-01
8.167188400642773072e-01
5.499703535042350655e-01
5.934821901884113071e-01
5.537020333025319818e-01
5.999125308424086978e-01
5.095508856087391791e-01
5.921948297346243395e-01
4.111991915806031961e-01
6.046547169902619645e-01
5.997952520594802550e-01
2.159038306563226539e-01
5.632418228950089034e-01
6.356765074465177134e-01
4.722244289054137734e-01
5.079940079054303670e-01
5.834659438825464672e-01
5.942261506308449404e-01
4.807074526853995500e-01
6.233233151727729515e-01
3.792811398653455068e-01
1.893598691369058062e-01
6.011329245361174411e-01
3.558676331083172051e-01
5.203710952627887965e-01
5.241065919145934116e-01
5.197526507462701950e-01
6.225053459813358891e-01
4.023674816332384885e-01
5.253136726445066795e-01
7.325341607806705735e-01
5.816908910659697174e-01
6.147012130701778876e-01
5.847131366350030168e-01
6.061470127043586675e-01
5.833068279726184580e-01
6.308203773704856854e-01
6.469160129271901427e-01
4.457902436071924379e-01
4.912877729235091140e-01
6.345718877943320457e-01
6.122999348705231437e-01
4.143829268039551650e-01
5.757624212404817143e-01
5.488189822913451810e-01
7.417768086012918038e-01
5.992973725316146361e-01
2.299540381369407915e-01
3.106406608736525521e-01
2.850753881461547956e-01
3.053054012323929145e-01
5.550345645490327717e-01
4.508798406905431544e-01
5.759606895061273324e-01
1.885172160622194670e-01
6.814333881055029130e-01
6.086355108801643210e-01
5.688817136424356713e-01
5.208178528333343715e-01
5.095471909930865406e-01
6.028074602299776652e-01
2.450109442962620232e-01
5.904133503837138974e-01
5.891623514601025402e-01
8.077221791145271501e-01
5.638413448052197463e-01
5.559067993188656631e-01
6.311895705690300229e-01
6.318197191380200417e-01
5.944075222331446362e-01
6.442634884889563152e-01
5.967321766364959146e-01
5.314517048228932783e-01
4.689397050967856750e-01
5.590494497017211017e-01
6.177251047206333556e-01
5.867588056355319548e-01
5.099066862467096506e-01
3.931283354936946917e-01
6.188675487105945727e-01
4.185994392488147087e-01
5.887213243912926552e-01
6.109131712784852120e-01
7.037403395935185602e-01
4.743874149171012911e-01
1.997516848332974437e-01
2.526026308294170852e-01
5.082803728795550757e-01
5.676682836901941753e-01
5.841072836004718161e-01
5.292207821779456589e-01
5.835260493357946610e-01
6.519196357910180817e-01
6.740785390545536160e-01
5.739340785766481323e-01
8.152567998385857884e-01
5.842840662473046676e-01
5.879120597327900377e-01
6.742517326892039087e-01
3.679767285962355916e-01
2.634427195928477072e-01
4.235432228028091495e-01
2.279733790695075701e-01
5.148777722809717572e-01
4.811639975822467052e-01
1.997396071658008032e-01
6.627290854687292176e-01
5.059293221330677381e-01
5.805468133817115461e-01
1.971258110161547839e-01
7.085273842180047632e-01
6.365046647503876942e-01
1.981656249650257384e-01
3.912280993907215620e-01
5.892572838409730895e-01
5.804870308319020067e-01
3.023185026963753907e-01
4.475942422129337017e-01
7.888035746090765743e-01
5.952845269063230527e-01
6.114338876740743611e-01
5.975708411596988290e-01
1.931230002144482261e-01
5.553913747564687142e-01
4.876432792148867601e-01
5.795159824554745320e-01
2.372460246868669520e-01
8.073030445116334830e-01
8.139061203896448271e-01
5.925235069640258923e-01
8.078461335568820623e-01
5.795967462925761815e-01
5.934525919522783965e-01
5.991605821732381987e-01
4.311538821960811951e-01
2.972663049082379660e-01
5.517318989217163683e-01
2.218174295610666757e-01
5.048828118321834202e-01
4.830878567546343372e-01
6.391535094810346651e-01
5.772529928399451338e-01
4.779545377821630137e-01
7.331070656323644963e-01
4.802281549959496187e-01
4.307608113657755977e-01
4.966197424112884229e-01
6.361688217334892093e-01
6.343541834123954670e-01
5.698997320447848347e-01
4.672133119515601840e-01
5.956261834836422686e-01
3.230741855288740139e-01
7.096141135632904051e-01
2.860848851361231793e-01
5.540171270029586870e-01
5.900534132658377118e-01
5.475494509685403521e-01
5.970697284288247753e-01
5.971857099784454448e-01
5.937306146747771685e-01
4.167692769412921217e-01
3.385519294888140740e-01
7.643389036434207195e-01
4.965332635552218710e-01
4.880829026083201017e-01
2.050389433141299733e-01
6.707468004288217323e-01
6.173582069733988265e-01
6.205018354884674903e-01
1.913156853427623039e-01
1.942775441090513200e-01
6.733088676288716545e-01
5.705025183877905359e-01
5.913794456710002034e-01
3.844241565261949378e-01
4.667031513987279778e-01
8.186265728753724380e-01
5.189441089570460131e-01
5.792075802074047042e-01
8.180912951370329367e-01
5.863170759801836773e-01
2.659420456886918416e-01
5.015438002384891014e-01
3.595672428381571084e-01
5.967888436919462913e-01
6.375647028092095159e-01
5.960984291935312873e-01
3.663215878395301717e-01
3.383044512944707871e-01
4.817231479265788874e-01
3.617038561620102288e-01
5.820540973589206635e-01
3.633811293073238580e-01
3.935255369276861037e-01
2.424431237156048635e-01
5.676843953566675927e-01
1.931585061453343355e-01
4.017628007272975310e-01
3.694601755208882787e-01
5.969960103583520361e-01
4.348070372521166127e-01
5.916524551952684341e-01
6.020455217598525977e-01
5.767195147801912336e-01
4.313567259129572062e-01
6.821232309430719232e-01
5.657124011957496146e-01
6.015808575806786962e-01
7.690910919967552939e-01
3.960807187997427148e-01
6.121181017081985809e-01
5.378962204388649804e-01
3.977078205382777454e-01
4.840346594197901808e-01
2.459453853659786804e-01
5.720806170052051831e-01
5.203855113178937897e-01
4.250156594274287492e-01
6.290887718313450394e-01
5.785506972861026442e-01
6.439627869986138675e-01
4.913097698235183719e-01
4.357554627859059893e-01
5.677088063099565707e-01
6.140875769905360659e-01
5.764667647908140458e-01
1.914011819040755957e-01
5.807875820416299462e-01
5.899404919944428727e-01
5.214550646010717161e-01
6.714714974586707408e-01
3.094148268434173676e-01
3.978792274126391471e-01
3.930647099475590989e-01
6.070083696335039081e-01
5.836610080725551652e-01
5.971276557340715607e-01
2.674960078805785901e-01
6.252531072186440220e-01
6.022147046393448999e-01
6.337471952371299677e-01
6.201510777827281551e-01
6.142514961345417746e-01
1.933495220939751569e-01
1.956305783451533775e-01
1.975831133517207960e-01
8.125139530291738410e-01
6.987750874738216655e-01
4.959989927097815943e-01
8.167729003347522498e-01
5.613171707343587169e-01
3.819971152082758392e-01
5.978055246714372162e-01
6.324398223344380732e-01
7.828711916939981030e-01
4.579005127700578326e-01
2.305288421796063414e-01
5.636643741074296443e-01
3.934505969462264163e-01
4.785898432556596749e-01
6.326103140404968350e-01
6.656515365071976609e-01
6.135669773490175505e-01
5.158411328947323238e-01
5.752387487559289525e-01
1.874558791500887944e-01
8.082469159272088755e-01
5.729270847994094584e-01
5.412521480392518125e-01
5.950887474131026922e-01
5.532614406352464043e-01
6.028124191036513535e-01
5.871239651253394864e-01
5.893135513164560191e-01
4.772961570632701100e-01
5.973043166151189576e-01
6.271709138028292996e-01
5.969599247792084507e-01
6.348091551800203458e-01
3.473559223986762423e-01
5.963962861881622057e-01
5.623460631185952519e-01
6.529834312514959382e-01
4.757650430782697226e-01
5.348145787384246397e-01
5.440146416501413507e-01
5.139309323288492326e-01
6.181048065014637105e-01
5.782774802770630496e-01
2.060079170276875593e-01
3.651574477371281047e-01
3.718916017810530716e-01
5.990510266024280384e-01
3.063909679207555969e-01
2.391757982769692481e-01
6.655000421544956524e-01
4.869333136754349645e-01
5.757381450355572028e-01
2.486068383901488543e-01
6.647011882529380022e-01
2.653205540260029638e-01
4.372560774228147484e-01
2.562587846935789337e-01
8.173616311987264016e-01
1.886269093808306541e-01
5.600341588652777425e-01
6.066045055281213960e-01
6.131860778013886737e-01
6.177152022086729311e-01
8.187042446474981361e-01
6.592120135885007892e-01
6.123711203946570203e-01
5.954738895437204915e-01
7.862418689830014129e-01
5.938684755598225840e-01
5.876432756494739396e-01
5.975165778195759003e-01
1.888666229995808743e-01
5.580055041381768444e-01
5.917470964426354563e-01
5.983104871401325742e-01
1.906722487172760605e-01
1.890853843323581363e-01
6.174405936631308656e-01
5.945494630630372423e-01
4.929052021754587454e-01
5.750904296382103320e-01
5.510575833330252360e-01
3.779194113210249673e-01
5.758077718938611200e-01
6.022730387076662417e-01
7.084406469907178483e-01
6.195285880994463312e-01
1.885888288486704256e-01
4.833253569287609963e-01
5.493780614328590550e-01
6.410444984884373643e-01
3.750634112537213349e-01
4.807973418919653796e-01
6.106049348323979720e-01
3.101962780103333928e-01
4.917017011448069908e-01
4.445183667388281634e-01
6.192187882723403369e-01
5.993170513473330407e-01
5.633306828396916766e-01
3.301418737699315931e-01
2.879836462930472352e-01
6.185005684478583898e-01
8.159798125248434175e-01
2.344823720125810140e-01
3.165170498520078479e-01
5.428445908468485515e-01
1.887032660563206510e-01
5.817808028551466615e-01
5.139744558762197046e-01
5.169012232228072934e-01
5.421933257241532411e-01
3.363101836047950877e-01
8.175272358403269379e-01
3.819501626642435310e-01
8.143970340331828650e-01
4.507101362759549090e-01
5.746682123611965842e-01
5.899863913519999281e-01
5.433104996947418774e-01
6.037594327541174755e-01
3.706660044979077084e-01
5.376385998068083927e-01
3.707297605003010421e-01
6.661616489972731481e-01
6.147578763283141345e-01
5.782246412235196864e-01
6.031828250085330412e-01
6.198386936424978844e-01
4.478288975595680066e-01
7.770602205925640771e-01
1.886246781726194921e-01
5.060160523786705333e-01
5.045061447500532870e-01
5.595155019551772968e-01
5.968144921071322218e-01
5.617439815330420583e-01
5.750088075943374788e-01
5.546817493485067807e-01
6.130586466056378026e-01
5.168343132592519984e-01
6.125750071944328079e-01
5.823999566918773851e-01
2.752034880278823592e-01
4.661944716062180749e-01
3.793730921993145877e-01
3.572830148925468796e-01
5.137397276093118581e-01
3.832102756682284617e-01
5.083919593604415699e-01
5.870695758037046685e-01
4.553614707171066422e-01
5.973858556425616362e-01
5.167690424879112232e-01
5.863115229720745614e-01
5.021232523991165930e-01
5.358162291836400248e-01
5.996819146578422632e-01
6.103521442011464737e-01
6.101803607960829545e-01
6.047478332994929984e-01
6.308321281749783571e-01
2.641721225744535495e-01
2.657027073660966909e-01
4.148817423936244086e-01
6.618690861475041709e-01
5.339531687537878435e-01
5.686721973859031332e-01
7.941536343603997627e-01
2.032056284863353046e-01
5.776475177446505072e-01
5.836581388212451760e-01
5.295303455424669181e-01
5.990331322491661004e-01
5.980778737610241702e-01
5.753497337253417054e-01
6.119271250900888415e-01
2.548458674613613417e-01
5.514304884087631864e-01
2.213067163334621612e-01
3.813221757611114926e-01
3.900428198813027381e-01
5.649582388283959089e-01
3.983924649277719165e-01
1.885515197306250335e-01
5.796047686991833148e-01
6.774223883649607147e-01
1.879525891373699520e-01
6.011782819471154227e-01
4.066767818876113050e-01
6.174923901518862834e-01
3.745199896039624332e-01
1.883033493870596708e-01
3.613590542931646721e-01
2.927929818760326985e-01
2.059878932298823406e-01
2.230336678556258112e-01
6.003464098026470852e-01
8.187073336710979365e-01
6.615416991621692056e-01
6.725917164863968178e-01
4.897174190313244302e-01
4.337448792151652466e-01
5.469770671030453890e-01
8.122099132373347130e-01
5.282858862207576722e-01
2.575315400322895076e-01
5.702947548126358068e-01
6.370616056535061134e-01
3.461234149476448696e-01
5.796945782496555344e-01
3.340028838311523418e-01
5.843259890111989208e-01
4.503142523109828210e-01
1.879294504970627777e-01
4.918691502633165125e-01
5.902332316578203786e-01
7.914492666994626946e-01
6.559744902189726945e-01
4.032583338528428207e-01
6.455708284097465555e-01
5.051858864629522605e-01
5.294233345835029914e-01
5.677529347177310282e-01
6.439080194221763476e-01
4.182497672718537007e-01
6.399263438641141777e-01
3.001800275209447477e-01
5.803865451946335074e-01
5.106563019201177944e-01
4.205619747185270763e-01
5.671714121031468103e-01
2.329876943583821525e-01
5.959151008112743009e-01
5.715352766050671995e-01
5.258798209329258455e-01
2.542778274348175827e-01
2.332901652225647104e-01
3.754210745903926449e-01
2.312307618757246941e-01
5.436297872370292605e-01
5.962599081404519330e-01
3.579512898167698798e-01
6.739970816637315121e-01
5.251716729404288797e-01
7.149832978191678068e-01
4.953792606585372127e-01
1.917229602525410415e-01
5.448458344265176834e-01
4.247196378911604064e-01
3.298135227838414063e-01
6.095521773253410602e-01
3.436391363770146534e-01
6.036138746123634879e-01
3.686109794542575258e-01
5.190353600061049510e-01
3.019468642610995124e-01
5.783860884748179831e-01
5.416549078684711471e-01
3.922125664459226724e-01
3.776728716824943044e-01
4.902785621633679591e-01
2.404842140174841547e-01
6.047082961143810387e-01
1.883453001901843893e-01
6.184209549230883507e-01
4.721065980444089649e-01
7.615478114484974803e-01
6.932151257655232435e-01
8.152316757160718019e-01
5.289417519498568199e-01
2.381453218617622936e-01
1.900112733314297808e-01
5.879833611280144146e-01
1.890149574361812412e-01
6.504661286417116051e-01
6.140152940255440006e-01
6.096894623776784039e-01
3.209682667032093262e-01
6.629986924204964716e-01
5.597378417855362054e-01
3.929810645318556062e-01
1.914949649708369561e-01
5.200836307183817064e-01
3.037153853399979231e-01
5.463578346147051068e-01
5.164864381733564880e-01
2.905646760624690517e-01
5.906146755223371514e-01
5.563093678919329710e-01
5.179069961867827088e-01
6.114253304552275115e-01
3.221863853770253749e-01
3.055541326268335078e-01
7.660316739845711709e-01
4.028788808709033442e-01
3.560107841408226559e-01
6.232183690779138363e-01
3.891281531231385316e-01
5.938202381840353983e-01
5.483430210496093027e-01
5.383888444806751439e-01
5.389696047075788199e-01
1.939899902835236500e-01
6.350384415519606529e-01
3.584680401737783129e-01
5.693605740055830422e-01
3.233297049206716456e-01
6.082704436338917109e-01
7.662960981983202302e-01
6.009464537697295494e-01
6.686734917164246506e-01
5.282656264581874206e-01
6.009005920965365677e-01
6.418572627018653831e-01
6.384745515415349848e-01
5.164461746398943953e-01
6.392336057194077936e-01
5.972435679860329527e-01
4.125824441708380030e-01
5.327114302522515388e-01
5.723701096259079524e-01
6.077424479761187603e-01
5.503453227109377233e-01
2.249150188173808240e-01
5.368560052898220247e-01
5.471715518827647839e-01
5.690387347417485975e-01
2.237622122875255193e-01
2.316787493812384191e-01
5.404136096200781170e-01
5.759780385027269967e-01
5.864249049782560563e-01
5.642232033461270779e-01
5.370843317527604910e-01
6.070637717505603659e-01
5.443864463329585179e-01
4.090890437849867833e-01
5.180524777756511101e-01
6.377720644565920693e-01
6.836609625842753335e-01
7.845308925866347760e-01
5.234301222626805972e-01
6.355272327965487689e-01
5.621258900348901077e-01
6.191709104524094620e-01
2.282492428227979320e-01
6.031646439272625448e-01
1.889897967979137505e-01
4.903326355467593767e-01
3.706578132240047618e-01
8.094358129506431521e-01
7.258960692750174859e-01
4.997251614609822812e-01
3.277115951018056417e-01
5.268700949560600755e-01
5.157004723483157305e-01
7.074473184068945653e-01
6.370436491395180534e-01
4.699800662147163854e-01
5.688935882245380604e-01
3.441165552905353642e-01
5.124138577577115328e-01
3.006734569000212853e-01
1.953680469983290202e-01
2.338789901203550403e-01
7.275860172338654008e-01
6.434100676615807091e-01
7.819436576834490893e-01
4.603588428950400879e-01
5.524376569337284826e-01
7.870359798389554573e-01
5.543118690223436396e-01
5.571264549782722897e-01
1.903868342311578199e-01
1.890362781166338713e-01
5.667807433744982415e-01
4.203194297731190354e-01
1.902523681961415247e-01
7.545536044229106398e-01
6.028269170941946697e-01
4.009866865352346710e-01
5.777649922117445991e-01
4.986620793698124943e-01
6.543354965030044879e-01
6.027306283047967339e-01
6.050203132635871839e-01
6.011257569898860176e-01
8.105300526342462675e-01
8.167046636194159603e-01
2.057743043938536631e-01
4.970964652928559491e-01
6.608151188976287838e-01
5.257172208938200031e-01
5.872266187735736276e-01
5.597479661809230400e-01
4.949268580705740717e-01
3.715663200443759528e-01
1.953080676027540152e-01
5.633289547855695467e-01
5.690824829206667657e-01
5.837964851094090690e-01
4.694387584288643445e-01
5.800281605202585178e-01
5.314784482452804548e-01
3.424534924593787832e-01
4.167072926808296773e-01
3.022543717145833586e-01
4.673505209871957056e-01
5.041576349158869430e-01
6.018970248922502764e-01
6.132561052685674419e-01
6.519825634521138058e-01
2.236010287079144565e-01
5.515228098648431443e-01
5.857458543043568833e-01
2.828154852689210852e-01
6.268234895181407085e-01
2.481137034831353838e-01
4.309815916046501050e-01
4.452183443670627017e-01
6.146221350354806878e-01
1.977459419997000534e-01
5.239704810671651503e-01
2.090751644237656415e-01
1.989630944252356592e-01
6.149330960251292444e-01
6.947610366868333109e-01
4.975473961032444992e-01
5.908529537855308211e-01
5.924044861667425721e-01
2.784747444924525750e-01
6.590471862450671958e-01
7.141199090605014899e-01
8.145087124353606045e-01
1.913317608837999395e-01
1.903284178670792137e-01
5.174937868314494205e-01
6.212200119263792120e-01
2.644567850526566843e-01
8.185542833592305279e-01
5.205429122608921100e-01
6.310228883756408003e-01
5.109962503825872249e-01
6.827760327987205669e-01
5.975668150030428727e-01
5.915957313677908669e-01
5.265070782315001141e-01
5.072632321992274207e-01
6.591411142125537248e-01
3.879867159002505783e-01
5.692647254726665995e-01
2.585661965504502668e-01
4.530293594595435902e-01
5.898214642932284590e-01
5.588492612756599254e-01
8.147426589306118183e-01
4.134252588001668394e-01
5.588475731305755367e-01
2.623160360653174483e-01
6.924517538211284462e-01
6.399384799946463698e-01
6.033542966243823358e-01
7.670193805707282708e-01
6.656851966714910640e-01
4.587234797080853022e-01
6.310657203591713005e-01
5.446175468775049655e-01
5.927645090309154874e-01
6.547526794708909970e-01
6.975547097582782685e-01
5.996267154655784415e-01
4.987614932956192515e-01
5.965725481999983870e-01
4.621123189993938118e-01
3.474829792741050971e-01
6.002745309430942422e-01
5.923610421608190846e-01
5.620553778546792945e-01
5.280286181121540690e-01
5.615784987966063735e-01
1.894921425397729231e-01
4.789278552726388694e-01
5.872078073412984045e-01
6.277555679935398203e-01
6.716557767598830830e-01
5.591931136751128184e-01
5.442083982942742537e-01
5.431300502926604823e-01
8.151614458049851741e-01
4.683923499607743901e-01
1.899881512676069861e-01
6.685395655199392051e-01
6.555776495656927549e-01
5.471887188409206848e-01
6.071819662758357605e-01
5.949865004193134466e-01
4.717303658012004797e-01
6.147591077950600447e-01
1.941943175188605986e-01
1.990931889651796072e-01
2.605497847167055903e-01
1.904388397453836423e-01
1.895130809502818814e-01
4.954578382784760038e-01
5.799410567202430977e-01
6.132362492226054451e-01
6.209914218501534355e-01
6.364866596719996883e-01
4.080153730535773238e-01
5.868246245315467124e-01
6.335665120858705590e-01
5.965399717632361432e-01
6.565951555802024275e-01
5.565751039115131027e-01
6.601047444749362780e-01
6.329945638102499883e-01
4.852328623557233267e-01
4.655818104051998585e-01
2.927484040242544494e-01
4.178187446207651812e-01
7.096975896038526521e-01
5.459490740968172551e-01
5.684239911270573264e-01
6.119513262918072627e-01
3.121284944662589544e-01
5.769983260639659495e-01
5.458700339311607364e-01
7.147966130455741807e-01
5.797801759471823413e-01
4.277265384516625857e-01
5.251932328626338631e-01
5.765545702897350022e-01
5.763530899907179927e-01
3.591349172653859334e-01
6.588053404551625913e-01
6.009352306943442912e-01
4.851761628943310756e-01
5.726961433350626907e-01
6.513758557691768925e-01
8.149037188422287858e-01
7.064273758047350249e-01
3.629213437872644832e-01
5.477742440118387179e-01
6.433623750879794434e-01
6.025901900085481877e-01
6.046114999295560954e-01
2.164611761149485558e-01
6.221639121510147419e-01
5.623205368575954211e-01
6.355031391120589124e-01
6.004120101598370285e-01
6.418843083970818819e-01
6.569294732278987414e-01
5.390274899843912060e-01
6.772784686499444540e-01
3.776205863304067378e-01
5.864672435794071603e-01
5.624364825069479989e-01
3.791081543855722158e-01
5.946855430808635212e-01
5.982027478120218733e-01
2.605792766217666090e-01
7.116699201129677022e-01
6.155216205523879047e-01
5.952512284937699905e-01
5.919808846989881301e-01
5.665565560657221944e-01
5.138573296156275783e-01
6.353980534966843230e-01
5.492979856173970665e-01
6.121622650004143740e-01
4.911252102305597722e-01
3.200394002174855590e-01
4.495871416304272339e-01
6.202417545906827590e-01
6.077033719130721101e-01
4.690782642155237325e-01
4.843312713872856556e-01
5.424243294323927156e-01
6.205424717890620778e-01
6.423618470176529760e-01
5.706432547627404706e-01
4.738351384998618632e-01
7.528762464884702910e-01
4.900216653114331522e-01
5.863214246342658420e-01
4.534691606908793360e-01
4.398541962721141951e-01
5.520463629963582308e-01
5.880353268171357728e-01
8.179900879340562536e-01
5.191377506362889749e-01
5.485648627821141377e-01
5.491690297407353372e-01
4.139407755012024515e-01
5.011631465714760925e-01
4.808401345625740730e-01
6.291019112343447794e-01
5.721145671656595599e-01
6.067058360159199859e-01
5.481547324038951174e-01
6.512297404936110423e-01
5.189886490916215678e-01
6.100926153468417823e-01
5.903644736749610322e-01
5.764908584041059658e-01
6.115567254286685683e-01
6.442579912441218637e-01
6.414720897525296728e-01
4.524380750933688078e-01
2.344779037021557100e-01
5.567383088427753091e-01
5.712619962464500212e-01
8.155003874005162245e-01
7.939350833830421950e-01
5.984653900789326242e-01
5.195063531991805927e-01
8.077775060100305105e-01
6.062926511665827078e-01
8.167459558025479405e-01
2.533669510957438642e-01
2.942406962336038823e-01
6.336356545393349027e-01
5.351743492014561232e-01
6.180725634896505616e-01
8.169298454879981852e-01
7.256413067084948043e-01
5.990504942916763387e-01
8.179176817154928392e-01
8.177794483453341146e-01
5.970098736795784733e-01
6.519545684753218495e-01
2.636450376070585966e-01
6.130908830198632531e-01
5.967269526027203508e-01
8.167885279254627484e-01
2.416082024871589462e-01
5.863716798180534928e-01
4.414715285901260611e-01
4.867452719654515869e-01
2.974993329615766013e-01
3.003235834259025405e-01
5.950853157326372322e-01
2.335824604719251851e-01
6.292747636485691576e-01
5.769142993464677627e-01
3.516714270865657910e-01
4.915170589500784670e-01
5.975477113715070843e-01
5.913661467539453875e-01
5.829638664006948634e-01
5.186360523084276863e-01
4.310595674153355206e-01
2.420860199043619043e-01
6.249832294492622120e-01
6.307860854431753816e-01
4.134155037394422472e-01
6.591918036587546270e-01
1.922740735006831514e-01
5.945168344916835768e-01
1.948201327949430073e-01
3.531705734274198094e-01
5.747123549088758443e-01
6.052322315606465386e-01
8.123671284321373198e-01
5.681422456182032565e-01
5.896106849873498090e-01
4.925982318750293798e-01
3.657794590274981994e-01
5.771598099428451034e-01
5.318891166801924530e-01
6.572429717692971352e-01
5.430086494827428556e-01
5.304084731828592192e-01
8.080344275694100187e-01
2.714825128166023505e-01
4.295427035998907739e-01
3.464992943320803764e-01
6.135577133968188601e-01
5.548931341251536198e-01
8.185254186757988659e-01
4.917102043355990326e-01
3.652791559265705090e-01
8.168657690854426168e-01
5.499975993315701084e-01
4.256859960866742343e-01
5.184647170479541600e-01
5.705599968309006398e-01
7.069867091439826501e-01
5.599188429513073384e-01
4.916063981144272454e-01
5.866320432297371656e-01
5.071417250541807586e-01
5.760453259848167251e-01
4.965476395118326725e-01
6.390207044340598941e-01
5.728068923272049418e-01
4.667433144324016348e-01
6.294427753494774569e-01
6.226351809477683741e-01
4.575129229564256494e-01
6.836186101478490817e-01
4.279096381248568282e-01
5.724474368597360918e-01
8.082236169536021198e-01
3.049676563864852086e-01
1.905102626196823745e-01
5.588604008019800728e-01
5.583847429614843261e-01
7.899368480892985378e-01
1.926981954124097618e-01
3.561597714472479748e-01
5.976026545703849724e-01
4.173053963210484052e-01
4.160233083963721379e-01
1.941132350407926699e-01
6.697245418280121099e-01
1.946506495234704426e-01
4.441150879829672826e-01
5.227579608898831331e-01
3.127682385602223447e-01
6.832708519750553267e-01
6.607572958789276196e-01
5.500327020790650723e-01
3.878452544329007989e-01
2.547015751691225627e-01
8.135243040766677591e-01
5.802457717669020631e-01
5.536599314626987622e-01
5.641881058717685971e-01
4.548875689928220112e-01
6.696197094517789550e-01
4.433522667162831943e-01
6.865029762739537356e-01
5.266063980235622388e-01
6.440686474074089896e-01
5.804900397275173374e-01
4.970253543549329467e-01
5.660014565077178261e-01
5.381434556706810035e-01
2.516722589681948397e-01
1.891107305783765458e-01
5.324772043038997760e-01
6.503029596299969572e-01
5.819214476972018879e-01
6.813861216391698949e-01
6.799764456682688696e-01
2.027224198367714725e-01
6.697802280032352229e-01
5.495590164883881190e-01
6.045669011357032163e-01
8.081956106849627064e-01
6.270041164792111710e-01
3.183228760779641675e-01
5.049919191732691326e-01
8.148196348996700200e-01
5.967990635624706997e-01
5.965880967269683310e-01
5.683103657196457714e-01
5.513886339026354833e-01
5.784647521350656518e-01
6.450000532831542399e-01
4.328726797185774022e-01
6.021193622438615334e-01
4.310558816890651679e-01
3.323460985269428569e-01
4.948457970624305369e-01
3.441536549649281684e-01
6.157067489191837550e-01
5.092002864454897582e-01
4.375499826730164799e-01
1.933456280684868189e-01
4.556448612719634639e-01
5.999295918787952431e-01
5.488386186604155004e-01
3.801741024639735955e-01
6.125401680223148126e-01
6.473425984649673337e-01
7.939115102708707017e-01
2.521763438006064950e-01
4.759056376494870122e-01
6.781625352468597656e-01
4.741632913139084970e-01
5.764494064066966184e-01
5.820361443245901656e-01
3.927991550266389797e-01
4.072398810975779160e-01
5.140473709480073428e-01
3.659010008413064452e-01
5.588432898378516978e-01
3.210785939945764444e-01
4.264675605530797164e-01
4.302166027460728182e-01
5.188276272014531454e-01
5.922068746555365637e-01
6.348833354844292121e-01
2.060472627444623617e-01
5.486001348388732657e-01
8.086181026818626272e-01
5.110071830709393970e-01
6.919266238337610231e-01
6.543230822174650463e-01
5.401998569393909877e-01
6.053174257828692895e-01
6.041326838662128829e-01
5.947489866280925019e-01
5.621324153510145472e-01
6.213562616314535214e-01
4.867762219180918892e-01
2.596321613997531474e-01
5.372861625839020494e-01
3.168286235927538774e-01
8.169749421352446861e-01
5.987950503803471936e-01
4.444173155351382465e-01
2.591747847957677764e-01
3.940044307332584705e-01
5.450927374644988221e-01
5.759185999759877106e-01
2.135074217816737008e-01
5.925034420162444970e-01
6.151883931935341332e-01
5.770983790520108903e-01
5.366122151373104998e-01
6.546782973850135967e-01
5.120221249688314824e-01
5.952629623807295101e-01
3.905746033888425894e-01
2.938807697916189787e-01
5.780821348422461314e-01
1.903690416703660848e-01
2.492151256273190674e-01
5.336147948452004686e-01
6.550245614743920308e-01
5.581285665368688198e-01
2.550235464216387693e-01
4.485673466930075737e-01
5.890212015834930259e-01
1.960210213527741885e-01
5.965006236156144004e-01
5.130507303054389068e-01
6.020783108442374632e-01
5.422920128038853926e-01
5.076680130950937953e-01
6.027572809846766244e-01
5.804066884043853625e-01
7.551921729165409491e-01
5.614162007772199869e-01
5.809368365924415523e-01
5.442450040453095106e-01
5.869702904091699258e-01
6.126131134570965697e-01
5.542452255704181097e-01
6.014957721806103441e-01
5.474535568009453179e-01
6.404250804722293466e-01
4.700225917931701303e-01
5.458006297321782441e-01
1.989830869342362196e-01
6.124283044805765019e-01
4.714431032090807827e-01
5.837417669197854098e-01
6.519910025050775770e-01
3.604852438574442375e-01
5.976841332277920138e-01
7.503870823168408144e-01
4.751302813704980643e-01
7.076029807287192996e-01
1.982883879167594288e-01
5.971535721768763683e-01
5.867591755658588815e-01
2.324675221049356255e-01
6.778092436615105187e-01
4.571254994263123095e-01
6.868189766361454396e-01
6.386601132224625221e-01
3.420155815510042552e-01
5.778815076119390159e-01
5.376259588459332273e-01
1.962892102201350408e-01
4.143862260874585646e-01
6.519882447250912039e-01
5.963824445469793067e-01
6.865157119477246495e-01
3.068663759659862600e-01
7.919517346333808661e-01
6.618278051790273953e-01
1.898610493017656720e-01
2.805071521186284778e-01
2.959154897144722351e-01
6.270316151619482747e-01
5.564974765382637578e-01
6.475374313086783573e-01
5.657578841485566556e-01
3.248081510265223848e-01
5.736043853262665637e-01
3.150598679884754616e-01
4.128063590276686567e-01
1.902804922983298008e-01
5.547021542107191117e-01
5.445243071296841375e-01
7.864091537756795480e-01
7.937570561746162268e-01
1.883183871476522830e-01
5.493809956716759757e-01
6.677463976698853054e-01
3.595014656735984193e-01
8.174419146795053326e-01
2.557990440475164107e-01
5.692737208596316822e-01
4.938080242261048691e-01
3.265784597626245622e-01
4.906664715610684069e-01
5.188868187487238881e-01
1.908211838409657468e-01
5.618332908921928048e-01
5.194541439446339615e-01
3.617452980609559554e-01
8.132169697148869947e-01
5.836814417070596006e-01
5.500123478258501786e-01
5.596984611305806379e-01
5.484461058765127683e-01
7.934812400057641435e-01
4.523243612100276700e-01
5.966906361367732003e-01
5.690078015512831655e-01
1.996516566574851326e-01
8.174392796606022582e-01
8.139094284744919916e-01
4.537561152841614875e-01
5.876442754414703540e-01
3.654067210582832015e-01
5.539479372587455819e-01
5.987454223113110041e-01
6.381904449946083080e-01
4.247850156773333441e-01
5.856089473870028650e-01
6.019313639055298149e-01
5.983361682992324182e-01
3.763724632553298588e-01
2.312850164345637283e-01
5.897420698229580704e-01
1.896044856801454015e-01
1.916074545794053952e-01
2.950096967386992564e-01
4.672246708223140588e-01
2.881338891514477751e-01
5.579194090183553500e-01
2.929412506560793439e-01
1.902276627896310746e-01
1.896079458400660722e-01
1.987604993469483661e-01
1.878502011031187025e-01
6.570829106992627233e-01
5.947870395354850626e-01
5.398281910790698745e-01
2.704144542785509864e-01
6.571765394949024008e-01
6.034290790759373468e-01
3.818969992581499051e-01
3.297397732257665304e-01
2.491251014921337659e-01
3.455105894189304250e-01
4.416249280196145044e-01
6.352100575655739156e-01
3.507061703167176914e-01
1.913567529055640593e-01
5.496771108471786293e-01
1.982634216629616530e-01
4.282804235718817298e-01
6.028196592648344954e-01
6.616629091988026623e-01
5.474916821552109347e-01
4.152512363624835667e-01
5.827927841105361439e-01
6.009239019858524378e-01
6.579902742179698505e-01
6.342950429738568596e-01
3.098165760190773055e-01
5.963768578231067874e-01
1.915080526943148120e-01
2.140268985783077282e-01
4.536132896243312285e-01
1.910788308183323514e-01
5.171946116312519104e-01
5.946994463327714975e-01
5.800901884761217042e-01
5.887542552387421413e-01
5.930839425378217067e-01
5.129489870741553714e-01
5.511616122614421132e-01
6.022688571130976332e-01
7.771330496128908694e-01
2.625859981892749717e-01
5.650623252663241614e-01
5.662409815945032010e-01
4.113270443371722651e-01
5.878409760733946943e-01
7.224166952030484090e-01
5.615164120211130205e-01
5.848886665345047753e-01
5.847082735989335145e-01
4.595660321845787544e-01
8.170310289943357729e-01
6.099189374568410038e-01
6.207589801258235340e-01
6.416271347107991296e-01
5.950189012904331110e-01
5.849808466418475739e-01
5.995075857943281683e-01
5.942315998446010550e-01
1.946576789338789193e-01
3.056840031231496946e-01
8.131877766366981675e-01
5.910674450144290937e-01
5.355996171704999753e-01
5.152383943834439872e-01
6.185443393760069464e-01
5.304038663580539215e-01
1.910546403107140911e-01
5.789548025124243713e-01
5.631885093263029329e-01
6.367212832733195604e-01
2.077775023944570532e-01
8.172947924553687349e-01
5.965813385629729071e-01
5.229048741477115847e-01
6.136985912012953293e-01
5.894192516979253060e-01
1.901544481515833052e-01
5.973072899619068510e-01
2.003241095464852461e-01
5.190778617328754008e-01
5.093714578725297981e-01
5.878024987950331015e-01
7.796680177999180117e-01
5.973226345446038810e-01
6.816456752835899913e-01
2.914878650044628872e-01
8.168311961344838501e-01
4.655233454429013595e-01
1.894249882609735092e-01
5.589834592902810373e-01
6.831261497611461619e-01
5.949275799928605002e-01
5.996491301400566076e-01
1.903637404975719316e-01
3.213687511533352414e-01
6.131591269481213580e-01
5.976704892111843748e-01
3.041815870734695393e-01
5.884571752765277441e-01
8.148991866214300162e-01
6.138499525966459869e-01
1.931003319678371022e-01
6.226321926291754627e-01
5.297953097698683278e-01
5.390775732353337846e-01
6.476460671956617565e-01
5.340553838635819783e-01
6.435950399100827113e-01
1.884542086767825864e-01
6.275324232859023077e-01
2.667750572528677644e-01
5.122173883375195080e-01
5.982115295249039733e-01
5.137498677910107281e-01
6.142809818195523741e-01
4.789502138997583369e-01
1.992064972478193863e-01
6.171996816223508375e-01
6.442501887253838655e-01
5.723388807291724945e-01
6.115409024305035190e-01
5.376520290862555340e-01
6.343170638747834822e-01
6.005073824442206387e-01
4.116069045718238062e-01
5.929109222794881617e-01
4.657613932739788076e-01
5.505339736339034395e-01
6.393582769624227558e-01
6.290003120401911341e-01
6.212449568282946144e-01
6.144223637408569028e-01
2.585874170427643337e-01
3.929849836512751549e-01
4.828407062653568005e-01
8.168287545533972072e-01
2.819945778916927992e-01
6.902409390155537228e-01
4.235998586608301086e-01
4.447361874751355471e-01
5.466479703218513064e-01
1.892677379900994383e-01
6.028748658618672263e-01
5.333345561552687020e-01
1.886484955494755755e-01
5.815774645800945164e-01
2.104166523607416128e-01
8.159753828415658994e-01
8.091063884441560550e-01
5.664536265525819125e-01
5.546123895645903579e-01
4.924045076758851169e-01
2.732056627679805283e-01
4.909683945510736613e-01
6.012537140570997085e-01
2.990341604023638022e-01
5.452774177803956235e-01
6.624051223967097890e-01
2.144382279791464951e-01
3.692294453941545873e-01
1.896044291478081456e-01
4.998986786816035366e-01
5.817836193169119152e-01
5.530579294786146516e-01
5.966356317813873433e-01
2.373014138057937816e-01
5.720680600415295469e-01
5.729891530579999115e-01
6.036151390522833671e-01
4.942745212665056731e-01
2.339774810192821741e-01
5.690282886219467651e-01
2.169508963457583706e-01
3.483204448693257294e-01
4.526220088643532202e-01
6.453197279759722571e-01
2.854564489667189564e-01
5.693441939215013736e-01
5.793927422874536326e-01
8.166696829864270590e-01
5.776715901828205491e-01
5.493649166956872110e-01
5.914340355538083571e-01
5.501651454134199870e-01
5.986701088008933302e-01
7.792914808268813776e-01
4.330529230271335517e-01
6.516069664948878071e-01
1.921994645800857437e-01
1.933688404432668262e-01
3.762319338124192059e-01
6.324162885584000415e-01
2.466162268985928052e-01
2.364953166493647396e-01
5.517766406033925985e-01
5.047848729026188641e-01
6.078228645052934365e-01
2.866216776192165860e-01
5.695651045221221676e-01
6.035986911540380806e-01
6.028944934338692496e-01
5.599283227461976375e-01
6.498175131110278668e-01
1.908815251991489714e-01
3.771693019562610272e-01
8.126073941774483167e-01
5.894024791991872014e-01
5.067318239389557721e-01
6.121293566106198458e-01
6.163344647901893847e-01
5.854993138430201194e-01
2.380223360761021534e-01
5.628847033033427261e-01
3.206952467116432337e-01
4.945625062190961430e-01
8.147458261343076824e-01
3.905857265781219056e-01
3.087954954747223479e-01
8.166927969900895645e-01
6.296629346007434069e-01
5.885896437215357713e-01
5.666884257692494931e-01
4.104520942526718730e-01
5.730429016592507585e-01
6.015926358932038864e-01
6.410756828891597259e-01
4.940435192838357747e-01
6.037008761189437411e-01
2.619219896787106094e-01
4.702459427677147530e-01
6.993130905298018396e-01
1.988972195793557163e-01
6.654937369318740803e-01
6.859744424658451578e-01
4.186544374587313211e-01
4.938930632565612933e-01
5.111639473766049768e-01
6.627832816154350937e-01
6.353036578745309138e-01
5.715131747886281754e-01
4.836091018987139778e-01
5.839631638906765954e-01
5.490770476438602277e-01
5.315871067641282366e-01
5.595381393132096148e-01
6.241744572948118019e-01
5.766418022144931266e-01
5.742698637852036159e-01
4.881990395304645070e-01
3.448841878761658153e-01
4.175670426085748566e-01
5.400484818211459537e-01
1.938151233012315733e-01
5.789696990790567099e-01
1.950407665265325441e-01
5.902881134459260215e-01
4.144526064683688449e-01
3.322494218369396735e-01
1.908569250715483334e-01
4.084116510445143788e-01
6.046926500362160839e-01
6.359141769190913562e-01
4.906391388012143473e-01
1.902698322195654212e-01
4.412489360044855036e-01
6.071587945440595213e-01
5.367435095339222473e-01
5.358612588086053563e-01
1.967611908844704161e-01
5.987225806387541649e-01
3.837363949945413188e-01
3.825392668479170033e-01
5.397308217850060874e-01
5.366361986565518771e-01
2.549142374659912336e-01
1.957925942100220695e-01
8.135145327713826369e-01
7.224295093127921508e-01
5.567552057242221020e-01
5.898430334036656175e-01
4.438241976699091040e-01
3.176863374970718690e-01
4.554308838877375032e-01
4.108536712017181736e-01
6.758999268980445674e-01
7.655208511590895215e-01
6.261020973682898116e-01
2.089030366937563998e-01
3.753876280455197278e-01
5.533782073372098820e-01
5.748871028092926716e-01
5.984641574497634453e-01
5.624520148534543074e-01
5.953911506465769943e-01
2.987869381553315828e-01
6.637205653461911714e-01
6.001479973315151373e-01
1.893215727775473256e-01
5.825752136207078546e-01
3.532077361907192126e-01
5.825986750027258854e-01
1.925353954941605439e-01
5.472781345449686530e-01
7.074294594131581571e-01
4.407432267009859239e-01
5.695023742774132369e-01
6.987070891322865185e-01
4.866073446567530381e-01
2.103368636133965131e-01
5.687470292200842437e-01
4.416028139110586004e-01
3.098941660923146268e-01
5.692993465421859467e-01
5.738616120669856047e-01
3.576938106205761470e-01
4.121112537349882476e-01
3.752564266467531273e-01
7.978132467342635703e-01
6.007161477998450572e-01
5.587699405181918433e-01
6.115584529773647748e-01
2.303821607567887453e-01
6.174785347211556585e-01
2.513121117178860331e-01
8.162387000808677406e-01
3.140806170998490798e-01
5.795903630183542043e-01
7.711085271271855834e-01
1.926977242903421261e-01
5.543900011051292598e-01
3.546537248236633078e-01
5.062261557384353239e-01
5.973306066428067940e-01
5.891095819706472225e-01
6.050805827333731735e-01
3.500437825140693127e-01
5.983933274133189650e-01
3.711074555947828091e-01
5.524490994726001247e-01
3.433097291660250350e-01
2.400388816249127699e-01
2.684083524994597125e-01
6.184575518447686937e-01
4.616203113472242547e-01
6.546935295870699445e-01
2.746219896689038875e-01
1.894643119623690697e-01
4.756844872121636092e-01
4.906616841163154996e-01
4.855540877061568783e-01
4.370986037385555245e-01
4.893768366571072947e-01
5.396765253385934491e-01
2.278159209384209294e-01
5.636155641636306779e-01
5.237610173314537487e-01
1.953825135924183998e-01
2.680002684172115845e-01
6.215895142426439701e-01
4.694052068251783894e-01
3.650061524069834751e-01
3.647291739146947265e-01
2.775584185714263796e-01
2.798898856508937327e-01
8.165818965421305364e-01
6.022114639772050415e-01
6.071519479024574117e-01
1.932228396954455973e-01
5.959425747544925267e-01
6.364074027699881952e-01
4.528831660229317713e-01
8.147477010849789592e-01
2.542401882089210252e-01
8.143403436645926252e-01
5.610443632318654616e-01
6.107298845432329593e-01
4.538485069542788630e-01
4.046337562382276709e-01
5.849403297766255783e-01
4.109504386860264313e-01
5.275746585207469197e-01
5.657921504048024630e-01
5.303923986696068571e-01
5.895480254820186783e-01
5.012748609485996321e-01
1.942936803267001633e-01
4.663675899575503991e-01
1.956738325588797400e-01
3.902555400278570619e-01
5.976336350483286708e-01
5.967521007872161887e-01
3.679940965870112657e-01
5.873231459942191979e-01
1.944202940125925316e-01
5.985862252330255151e-01
5.583704566785866463e-01
7.693539959289551478e-01
4.190114213514916641e-01
5.783930213477815885e-01
6.363174613236154409e-01
4.094808064186701846e-01
2.134143974610104300e-01
3.883037248374884842e-01
5.947283266762225518e-01
3.707547987753386787e-01
6.841582185771319935e-01
4.802067590271595354e-01
4.050847581885610449e-01
6.531409251677029459e-01
6.684934416852736927e-01
5.592316883568978492e-01
4.980681306078441062e-01
8.163667035257395899e-01
4.400669793722755130e-01
6.138283348209934154e-01
6.075224410101576211e-01
5.874475972788225642e-01
5.590080303405183804e-01
5.186942823747584530e-01
2.990048434900867136e-01
5.978727954184216431e-01
4.225108319000879797e-01
2.489445641680976262e-01
3.497854042047777168e-01
2.550694356617904668e-01
3.119148927165628638e-01
5.105245980813771789e-01
5.282618090233641706e-01
3.286945063839928904e-01
5.874567920311524194e-01
5.595744348139087831e-01
6.350709016894243719e-01
4.151648221611978773e-01
5.941436338723418142e-01
6.035857576520506917e-01
5.444386471297684160e-01
4.733651896682057880e-01
5.954642517135438906e-01
1.892216970505354035e-01
6.000016461059080042e-01
2.104234470287180137e-01
3.456891512312848525e-01
6.330656473518445626e-01
1.911326385061911382e-01
5.484510805173350434e-01
4.516576006365043972e-01
5.749251076016851369e-01
5.389104152676928994e-01
6.594763787698250113e-01
6.137565561859232854e-01
8.151352877075946912e-01
4.434205964011784795e-01
3.136844482161107450e-01
4.213109471219682600e-01
8.169707177594267566e-01
3.979291758337067941e-01
4.030210941768491151e-01
5.967680698292051611e-01
6.109351647271773489e-01
7.536901513761603555e-01
4.709062879477790009e-01
5.352115249783995221e-01
3.929599383361966902e-01
4.511092847789137661e-01
1.958059101061201956e-01
2.561553448934106858e-01
4.985967102342433455e-01
8.153830447741388099e-01
1.910447230438432065e-01
3.579418966993066498e-01
5.796556356523804299e-01
2.328507170115438341e-01
2.780948885752502209e-01
5.475447477075783276e-01
4.545781795815211357e-01
3.223392947135679809e-01
6.050817886206592000e-01
6.381040855547206458e-01
3.815886002733874793e-01
5.169438649854884993e-01
6.124362263538579709e-01
1.884906492683280366e-01
5.483904282351083070e-01
1.998548622994213431e-01
6.695271609013744296e-01
4.879603999404431014e-01
1.890629499898568988e-01
6.662721948939855920e-01
5.672773422100586549e-01
6.411119691417426214e-01
8.168711950693205992e-01
6.355181735270198917e-01
5.553578612565911454e-01
4.298799326211898419e-01
6.162547944925925725e-01
4.621752338717513564e-01
5.957935825612854508e-01
3.383381797981369621e-01
3.012045157675138363e-01
1.904756120793741347e-01
4.844232123015711489e-01
5.902925467682147431e-01
4.954979144141710701e-01
5.620535131692077080e-01
6.021214608466289864e-01
5.791422719741859959e-01
2.215765557201642144e-01
5.917902722636740886e-01
2.611767538501303387e-01
5.897591046005541404e-01
5.482403267151945148e-01
4.772737147940960267e-01
5.973494789517658221e-01
5.488698488493646277e-01
6.141069988964416027e-01
1.897480709460772352e-01
2.102504949153349567e-01
5.290266681610906740e-01
7.521569674055960109e-01
1.952460327619621183e-01
1.876526773621843003e-01
7.192820175746313938e-01
2.973122924653138766e-01
6.400497354695137142e-01
4.348255832212123972e-01
6.664377626571209579e-01
5.937663649636100160e-01
8.091268668456068625e-01
2.480817840738264446e-01
3.767996601546164670e-01
6.602146136559142731e-01
2.525302360094357490e-01
5.972803306099839782e-01
3.414782160875762806e-01
3.493304233994869445e-01
4.257635778573394814e-01
4.758173370164424099e-01
6.649721157871509858e-01
3.554360161369199411e-01
1.943164202490953729e-01
5.253025882911338540e-01
4.980998790497744855e-01
6.299394500067719838e-01
6.848148066987134186e-01
6.444974767476905342e-01
2.816271087490009872e-01
5.711533754862848644e-01
5.932177448530202568e-01
5.821170914043589661e-01
6.129038601259156893e-01
5.997815130612482726e-01
5.478650599299507151e-01
2.979033353736069145e-01
5.501200137861520512e-01
5.789099839388772706e-01
8.171200815186299149e-01
5.970720582718438418e-01
5.976596013077717373e-01
5.597876934740301236e-01
4.557789284930460760e-01
5.588655831080349135e-01
6.844466976408779546e-01
4.283079966531638250e-01
5.085627366771507951e-01
5.772641265931778287e-01
2.419215542881712200e-01
6.696629423548846605e-01
5.692761794745853088e-01
3.758561534277399807e-01
8.000709782682580151e-01
5.440793537517052414e-01
5.754410957754975131e-01
5.884154594844916986e-01
2.161094881262658751e-01
6.903160078760378626e-01
3.687910532082036008e-01
5.504001367624240526e-01
3.630983604841087065e-01
5.978737870542981669e-01
3.427893449409581406e-01
1.955430844464472739e-01
4.711366727657262388e-01
2.991279388295202124e-01
5.170980875105214425e-01
5.891990918979846947e-01
6.961600421329128263e-01
5.986397699090424407e-01
6.022458421451126753e-01
6.224870019069113081e-01
8.122636908542371081e-01
6.665804844695515374e-01
6.168375538544200731e-01
2.071038008145441034e-01
5.065448538894387065e-01
2.654340807328470775e-01
4.781849756635079829e-01
3.213863866624134813e-01
6.235792777516054874e-01
5.786769989823594695e-01
4.546808685941582939e-01
3.388557701625424246e-01
5.874361518822504014e-01
6.114553918351988138e-01
1.932786004118542400e-01
5.623729711532309272e-01
6.169502583411664576e-01
8.157954689926827374e-01
6.618086697976001131e-01
3.397645559331663456e-01
1.951053659041057098e-01
6.610924313121336882e-01
1.946980448836113375e-01
1.890006193832134695e-01
2.995925735091286568e-01
2.926052861190401866e-01
5.280388513250161564e-01
6.728186733497447669e-01
5.705054358429828554e-01
5.201405968388778112e-01
8.115353825754415551e-01
5.510528207219516084e-01
5.563150355671493408e-01
4.843346090387209424e-01
6.013124063329240432e-01
7.663638546020570264e-01
5.775764091698435410e-01
5.520114299480973763e-01
5.642594113537817702e-01
1.882376323375364313e-01
2.658213783878534686e-01
5.840372700991178778e-01
5.806963670069916761e-01
2.624165821156573264e-01
2.357395795873207245e-01
6.670417808107437230e-01
5.847488648384810972e-01
3.562220512499822411e-01
3.241348942203846062e-01
6.337813918068418984e-01
6.627191432399830440e-01
2.407333573123927595e-01
2.334919958121513817e-01
2.373916089214548053e-01
3.585597115018426262e-01
5.892172114547106210e-01
2.624372322896173504e-01
6.818870358570362500e-01
4.272160017849330749e-01
7.932288654194626920e-01
4.984027617135701194e-01
3.027344596672129629e-01
5.101859598607451085e-01
5.482693778250539163e-01
8.148233126037273122e-01
3.260572563013782732e-01
5.702733535016896171e-01
6.285198859546339278e-01
1.901305788106496808e-01
5.911960823834395695e-01
2.164417762234748521e-01
5.974661452196853295e-01
4.433578359094063615e-01
5.592860864754295447e-01
5.731691357110616503e-01
2.957463206420256063e-01
5.542842182702910625e-01
4.507105356270846297e-01
5.773660004381665489e-01
5.514660619388945806e-01
4.237960817494215715e-01
6.254456189490757989e-01
5.509889466397243085e-01
4.251539986084759692e-01
4.888779752587836813e-01
8.132399141196385850e-01
5.480920664334070214e-01
1.893135669118237996e-01
5.895104209856711908e-01
6.007445248545940641e-01
4.791755948512267382e-01
6.372806157666222049e-01
2.491097387100725813e-01
8.164659975638975942e-01
4.063316802960105223e-01
8.178961025731867895e-01
2.477157233483807952e-01
5.116731234082860791e-01
5.979637203604101225e-01
4.404758160214941598e-01
5.730931993816918979e-01
8.167141661765447980e-01
2.687750347225044689e-01
4.247710306599196683e-01
3.643696864339792674e-01
6.059770934675924314e-01
4.242447085655869921e-01
5.979212084893140711e-01
4.257373732414567180e-01
4.473493168667528330e-01
2.024796877391109029e-01
5.353460865636039401e-01
6.047771308797817991e-01
4.519411957370728650e-01
5.597595072455426868e-01
5.969061331871463594e-01
5.952564742288709576e-01
5.874847450865555709e-01
2.132684544533515747e-01
5.420995799006265159e-01
6.771537536009393232e-01
4.157979327534874203e-01
6.508951163630738446e-01
5.501516427130376252e-01
4.047121000173805605e-01
2.077543164478692361e-01
3.345788414916828213e-01
3.955743497772276629e-01
5.756304844992029546e-01
5.666789889899576105e-01
4.366436856700837144e-01
5.958019007116205357e-01
5.038528865923512789e-01
4.531499696421681378e-01
3.733509967022972109e-01
3.344133437629263073e-01
6.441502798986209477e-01
5.957046557826669586e-01
5.661274963684898021e-01
2.566447439092196525e-01
5.873172934284861535e-01
5.601957729841845479e-01
3.889261270585053776e-01
4.732439994552853357e-01
2.283209216456522916e-01
2.965254544295032324e-01
2.696744643149419085e-01
6.528680125873234097e-01
5.986631125192430902e-01
6.840067351613062785e-01
5.918373138281222134e-01
6.142911055604785009e-01
5.973528480969889642e-01
6.221188533441316393e-01
3.545304662785229710e-01
5.869654123673624380e-01
6.073855421847955682e-01
7.790534135483234701e-01
5.349947044169790500e-01
5.527046997092153191e-01
4.381696569263440755e-01
3.596863694255603150e-01
5.077371842819390357e-01
7.108338504946399850e-01
5.983694596300319635e-01
6.044403535733205990e-01
5.887395986732978370e-01
5.775948383637709016e-01
5.784989748357411976e-01
8.098486087260275967e-01
3.046434889144680747e-01
5.552730629782904881e-01
6.230903163257136557e-01
3.746111942176800769e-01
4.729761476739124393e-01
2.399359746734424370e-01
5.497517065030660399e-01
4.880406375039019751e-01
4.508373085302602168e-01
6.786148877225022247e-01
5.851044802197815642e-01
8.148144066345712755e-01
4.923577513727205313e-01
4.502951919044754781e-01
5.803891639129482583e-01
5.873893445931079871e-01
6.659720575746264082e-01
2.853225281487035137e-01
6.003930036977394025e-01
6.645511468906374342e-01
5.392986338328773499e-01
6.629304723493610885e-01
5.323113947157989134e-01
5.426048130600283903e-01
1.919298707381552338e-01
8.166569605643607677e-01
8.152894676847849409e-01
5.082489847661094684e-01
6.167483992109165092e-01
2.480434293695679138e-01
5.512231320580863736e-01
2.040159632897193542e-01
6.992569987671362064e-01
1.892441208378799478e-01
5.722531779025058496e-01
3.533801398456959397e-01
3.212671444433827794e-01
6.478349875138101899e-01
6.320084073579589345e-01
5.025150879329733922e-01
3.857161238322064922e-01
2.540361374483546264e-01
2.901927393312428438e-01
4.827755450238234713e-01
5.917403695888021620e-01
7.132739154860485709e-01
4.901076364127018303e-01
4.642458357529553603e-01
2.961369117593049549e-01
3.746404411117170707e-01
5.779374159250176834e-01
6.668959283816775496e-01
6.289426845989701809e-01
5.096415287904539904e-01
4.612775639596837229e-01
5.347321883274342991e-01
6.010509667448024063e-01
2.985248927457489487e-01
6.681247872724433989e-01
6.915882651112335022e-01
2.082599798163137506e-01
7.359774422672867855e-01
5.393777987538914687e-01
5.856669016337529010e-01
5.934266203296837405e-01
5.961937036337305873e-01
5.957460119275086452e-01
3.618979647988353476e-01
5.957389080699407868e-01
4.987012618241034589e-01
6.105894462715699689e-01
1.887610460603541263e-01
4.611469026157572482e-01
4.772206779122705744e-01
5.722403180896825647e-01
5.207664187567619951e-01
5.274078701137192571e-01
5.716882978465989140e-01
5.159373886795306507e-01
2.398859122356629681e-01
1.952509474822580471e-01
5.659125409312700805e-01
5.873727534598044420e-01
6.338352147711686646e-01
5.927997359974535030e-01
2.039536573190071089e-01
5.610686073919036732e-01
5.452379423311413120e-01
6.005780263272606501e-01
2.228975978791433721e-01
4.699518190348866975e-01
6.571958607400086860e-01
8.163263798098755464e-01
4.208019895096488661e-01
5.427181770302080821e-01
1.948196821188177552e-01
6.182680874089993006e-01
5.212501137275795671e-01
5.947389155186330045e-01
6.070705715379949297e-01
3.659969697433566038e-01
5.779936895219542903e-01
6.049630951093060149e-01
1.886661362885893034e-01
8.147794876231487793e-01
4.108755858320672916e-01
6.185937252658705310e-01
5.384812619854199012e-01
6.301848530408384885e-01
3.694253502539083800e-01
5.466321314180552227e-01
7.020131793536832365e-01
1.943100358656565108e-01
4.258303193452394608e-01
7.743995095368675363e-01
6.075219621938927617e-01
5.962638321532786057e-01
3.528031021358142283e-01
3.607411429183891016e-01
7.713350978447827133e-01
5.922708622632540942e-01
6.257498631005202760e-01
4.412447381433463600e-01
5.935373056117039248e-01
5.043113702016166489e-01
8.135548306606416036e-01
7.535091399873343754e-01
5.490886494599152012e-01
5.691522201576852957e-01
7.564215524871769070e-01
3.371557719247412210e-01
5.086610197352108287e-01
1.951788959657695111e-01
3.139332825332081245e-01
5.712161190637775610e-01
5.692194506607241022e-01
1.901041732998458578e-01
2.425000491696622240e-01
2.905895824269897343e-01
7.052990427709321386e-01
6.159138214259468613e-01
2.928758678833473517e-01
5.997503304417136638e-01
2.331141149157896497e-01
4.922171015329862565e-01
2.357141504724379888e-01
8.159574717266598887e-01
3.373403707104705718e-01
2.544892176817241114e-01
6.520646482239058628e-01
5.081400576055804530e-01
2.847527407150058920e-01
4.171938998129979814e-01
5.671045754987698029e-01
2.150592354107403736e-01
3.657232454907167751e-01
6.194337697442731105e-01
4.407046302154030148e-01
5.860846264861767629e-01
5.352646314331445110e-01
3.191897231255905742e-01
5.924693798485000107e-01
5.599331665527669255e-01
4.365498876370481618e-01
6.101797616328281659e-01
8.163646405403822692e-01
1.894493361763860129e-01
3.968982083704447050e-01
3.719954702393648005e-01
1.924193397611014544e-01
6.273696388126546175e-01
6.145932093019834674e-01
3.675816326565043424e-01
4.675152415219003821e-01
2.864186453243177666e-01
4.154680946655993634e-01
5.736410163729445122e-01
1.898183551955004988e-01
8.170303849432758447e-01
5.625060899384330959e-01
6.133211847166105679e-01
6.146316738789444623e-01
7.042675359135851521e-01
6.018111583146394938e-01
6.353686096300567021e-01
4.985298421464223195e-01
4.932009270067899687e-01
5.496901066801331837e-01
6.541150628117128329e-01
5.827413797326533862e-01
5.811737360229943805e-01
5.816467151437497707e-01
5.787857909727093242e-01
8.149282496368921436e-01
4.554861675274524679e-01
4.592412831533967399e-01
3.810247601053036726e-01
3.761852025468916394e-01
7.715330711773958905e-01
5.882096120945702333e-01
5.243462733435182432e-01
5.793248757531005433e-01
5.324842795399441497e-01
2.500722180298844410e-01
4.206762053516969191e-01
2.942916880906290000e-01
5.836044093296981483e-01
2.396965106665717160e-01
5.818754956327428784e-01
3.958582669263722154e-01
6.448735791255785221e-01
6.777947439061074997e-01
4.961656383983301111e-01
5.965859873376521127e-01
5.588818644233014554e-01
6.421846079444422095e-01
5.584637609226222876e-01
1.899709907098622863e-01
4.151472978233858857e-01
4.582760664448315424e-01
4.977573925646376352e-01
4.578639874953844835e-01
3.985281093520660622e-01
6.117366057180485539e-01
5.874540447851169800e-01
2.177549925886827220e-01
3.201924793981069106e-01
8.151311024821944473e-01
4.908086425828135368e-01
8.166588353141911449e-01
6.837795144156135763e-01
5.827840551268799185e-01
4.400408708990991569e-01
5.818938212059363568e-01
2.355375790415082937e-01
5.754712154727568141e-01
5.657313047492900093e-01
4.198781716703002265e-01
3.232866893650026552e-01
4.190900563839017323e-01
5.686542407485976058e-01
4.746424970443033353e-01
3.918731704805444860e-01
4.457233697409435647e-01
5.601455423972014902e-01
3.509724854633573532e-01
4.713932134916726802e-01
2.573397953475672351e-01
3.327880525368413500e-01
3.519528847977873021e-01
6.688259316014439904e-01
3.184750878856363876e-01
2.474336898967198772e-01
1.959833915303153817e-01
5.755006498916073188e-01
5.963578280107777463e-01
3.377602007901432946e-01
1.916868817860630236e-01
2.078665390037914285e-01
5.602007179442356488e-01
5.346175719987247277e-01
1.894721731540132958e-01
4.517249645023204696e-01
4.445748737922967098e-01
4.229636676442549703e-01
8.173224303594658346e-01
5.939050405578658598e-01
3.539902175782714266e-01
8.178748722944974014e-01
2.685668949185047172e-01
3.650013327261223961e-01
6.030178383835839151e-01
6.369208407332884736e-01
8.173078116308635233e-01
6.044596713976199132e-01
5.506847553524069072e-01
1.919877429865489704e-01
3.181148586558942837e-01
7.998628923770255694e-01
5.888398920504914758e-01
6.165520831307335081e-01
1.881067028781401584e-01
5.634382485229013637e-01
6.331263973445557802e-01
2.164267417904443269e-01
3.348361958441826713e-01
2.172817571444480844e-01
6.031159196156469227e-01
3.185431395094681095e-01
5.050388653174946452e-01
5.813548476497852890e-01
4.862675159885147536e-01
3.513283727144189683e-01
4.983456163309150644e-01
1.938565485474978145e-01
2.034174271555772850e-01
3.602490442296642503e-01
5.654451279179449896e-01
5.951761069846970287e-01
6.027224563785722466e-01
3.162946748101713723e-01
5.862961278326952463e-01
6.707802233173788542e-01
1.892414579620178838e-01
3.698496247808498727e-01
5.759228700357006403e-01
5.901156433031438109e-01
5.969974969106712770e-01
4.495542287520879476e-01
4.380956915439523924e-01
4.358723811061503417e-01
4.492746134559580384e-01
6.564568656706766259e-01
6.037469293942443471e-01
5.839227999208453923e-01
2.070251387272274701e-01
5.728676704441273415e-01
1.874792539059604857e-01
2.861750187024572067e-01
8.170276520367051321e-01
8.132431222067320054e-01
5.744862922666508220e-01
4.515163055266440129e-01
5.949624940673259310e-01
5.929100838766614423e-01
4.388708402105717110e-01
4.301030618768891256e-01
5.808575680852520184e-01
2.957253400534722854e-01
4.771313746450530635e-01
6.116219058961445132e-01
6.011970146068430498e-01
6.387406639375085016e-01
5.397810770466743291e-01
5.624647689279141938e-01
2.966383222269058928e-01
1.973821622315551083e-01
5.739185624274008024e-01
8.169185243842579380e-01
3.239102173604764268e-01
5.618033262941043438e-01
5.803093001513723870e-01
5.928213173568970262e-01
6.161836498547254015e-01
1.969172347289403491e-01
4.253400260566904678e-01
5.960569324575673011e-01
2.396500960318461715e-01
6.500342853124615461e-01
2.432927470424421923e-01
4.928194845396845492e-01
5.541451973325471902e-01
2.923848923081964757e-01
7.865521383132459965e-01
5.781916066983935343e-01
3.186888495704800484e-01
3.037577866870792564e-01
6.924916945364302245e-01
5.994868150960439568e-01
6.023743498251812323e-01
5.451306615348364693e-01
4.857805721894359330e-01
5.195073985566084351e-01
6.828086041290499786e-01
5.708478262059640818e-01
6.576314147657811304e-01
5.945299840465013697e-01
6.469632202718769154e-01
4.852034106722295514e-01
5.210716361950228359e-01
7.772979918812811251e-01
2.941891472181343836e-01
6.572114272582684213e-01
3.017991052593507750e-01
5.143308598215989846e-01
5.943851531457905457e-01
3.826588094685093311e-01
3.777347877334601978e-01
5.675482218657850186e-01
5.098772999767975378e-01
4.859623726820246903e-01
7.669884438506430202e-01
1.898012309722828250e-01
5.957963412215210308e-01
3.608948806071177184e-01
4.143119981826081655e-01
6.098627034800114810e-01
5.673190749991703363e-01
5.082521230777653498e-01
3.240998770214346680e-01
8.144647142538267159e-01
3.979852293334878999e-01
6.369734859884047529e-01
5.286966072240826264e-01
7.792632291551723211e-01
6.737252539914500016e-01
8.187500294080874985e-01
5.342289412420682115e-01
3.677188520250580517e-01
1.917553926688859711e-01
6.297785203830311707e-01
7.697862905089087882e-01
5.842331831385657592e-01
6.046758066734431170e-01
3.767437011934018920e-01
6.301361754866063869e-01
3.256764551218901960e-01
5.911771798404755751e-01
5.824490644693992580e-01
6.677510001585540422e-01
5.890077790741456987e-01
1.959653239493980847e-01
2.100279445406441903e-01
5.340200341271829076e-01
5.903669963177382574e-01
3.037930943835490671e-01
5.232384327159308457e-01
2.296665270034005668e-01
7.450940036303814740e-01
2.490446031691031792e-01
4.624896240315671814e-01
5.217412076495205886e-01
6.000623885982945271e-01
4.928004451894860694e-01
5.556139183157627892e-01
8.155832462269574368e-01
5.862806669251953151e-01
8.172349078248869469e-01
2.491186783680398031e-01
8.137342787891721496e-01
6.067078457700375571e-01
5.418335345217255572e-01
2.941030128247667519e-01
4.169216443286295481e-01
2.998919937790014423e-01
5.421409316978383908e-01
6.674360853867528087e-01
1.881099802717046687e-01
4.246606109650385430e-01
5.402052403752144460e-01
1.930725967739291282e-01
2.011010372143957614e-01
5.884825638616640875e-01
6.379296985101595707e-01
4.846491158513652753e-01
2.169995643484003978e-01
5.353513467574091411e-01
2.358544908298104703e-01
4.063883609926786100e-01
3.701270771731833276e-01
5.980568373496637502e-01
4.756984322399973042e-01
6.787304993584375445e-01
1.981035518064098444e-01
6.152134006536383870e-01
5.925553951890621951e-01
4.904856367398086614e-01
1.911053766480693972e-01
5.353229106384033154e-01
5.965661627485214780e-01
4.489785945344042517e-01
2.736054744875565103e-01
3.830690066206071664e-01
8.176937340309989866e-01
5.453101574117404926e-01
3.166150494989738440e-01
6.010470286778953897e-01
6.601355599401912411e-01
2.065217517642314038e-01
5.743458789816253685e-01
6.155974387288460914e-01
6.111368999427621018e-01
6.374702097668208944e-01
4.300859345871420047e-01
2.131965238277354902e-01
5.893690726380971245e-01
5.332287012023757544e-01
4.098531339284395281e-01
5.860222808512344228e-01
3.729613506054147432e-01
6.476846071303549168e-01
5.869656653028308968e-01
5.749576134350691259e-01
5.322810528121267870e-01
4.090856910264014101e-01
4.977908624277943006e-01
8.166512952012934257e-01
6.049853673167128187e-01
3.507540857122165012e-01
6.026580957097564806e-01
5.891611493092886453e-01
6.944348544812507518e-01
3.185403807076279126e-01
3.198156238162611631e-01
6.697013514485887775e-01
5.266457933670577463e-01
6.008884102979140662e-01
5.826898986110491396e-01
4.152329401766576278e-01
6.204627807175784326e-01
1.984680254198659399e-01
7.684567212054049801e-01
1.882895441928508495e-01
5.724034392339479860e-01
5.230331441798639069e-01
6.341929309307158258e-01
4.987433907922527165e-01
1.979052282538514285e-01
5.434542025840251034e-01
1.895584084191267171e-01
5.817399566586166637e-01
5.229915927647222906e-01
6.269590002542052565e-01
3.783349462818627051e-01
7.148892143728672322e-01
4.713278502725476993e-01
5.967258194383030512e-01
4.173992253251013196e-01
2.514680925809428258e-01
6.200276849504262611e-01
5.268020259090168134e-01
5.935112606980380567e-01
7.906129905649702527e-01
5.784846250980154592e-01
5.414295527786270323e-01
3.062382595773233684e-01
5.496887127107100701e-01
7.793285386056548747e-01
6.997369889648212826e-01
5.677230309564924582e-01
3.762524244879284496e-01
6.141781787306010987e-01
1.875830136125953007e-01
5.679875551161730485e-01
7.021014035874701964e-01
6.110134267150916232e-01
5.790320557127796031e-01
6.615614075682744177e-01
6.553630433876426187e-01
5.843519703812796173e-01
1.898352875455377731e-01
5.992629222825092139e-01
5.287464744745481449e-01
1.893319147491518695e-01
5.861726617926305005e-01
4.118850331936214637e-01
5.485343863565963485e-01
2.799560246449667167e-01
1.906312173490844475e-01
6.656088274352512935e-01
4.025500829593365859e-01
5.957601450101728258e-01
5.947174049842717247e-01
7.612457489546097245e-01
5.976852796925805622e-01
5.801312182833232578e-01
3.804825383685535578e-01
5.468319200748935627e-01
5.667078299466831171e-01
5.981320144196861088e-01
4.857010487557981149e-01
5.410744373267009077e-01
4.834582222448211564e-01
6.001569291244895910e-01
5.409558620348414726e-01
5.603112553561981901e-01
2.336127770662168035e-01
5.834811972491569243e-01
6.070676988833739740e-01
8.161336651590094249e-01
7.304881365689673833e-01
1.885988373649766237e-01
5.741068740015284888e-01
4.872274421269861544e-01
5.288426293586258042e-01
5.166333302288694806e-01
6.362899784116110569e-01
6.346962257345452052e-01
4.323619675993645717e-01
4.511467125924422672e-01
6.921829368204479582e-01
6.429287575139992494e-01
3.390352241930987831e-01
2.990254430422157328e-01
6.182073759666097956e-01
4.759466044439265020e-01
6.254329606103132821e-01
4.384992820155241833e-01
5.911097397139469800e-01
2.469571880338913283e-01
5.972089793703549976e-01
5.687093361607593600e-01
5.880879140845355346e-01
4.896943088360502516e-01
4.260204290516504955e-01
2.539379377890370049e-01
3.698165206685292694e-01
1.941331113624741589e-01
5.753388393827105762e-01
2.044242590728207465e-01
5.912841281788109304e-01
4.408970682121879925e-01
3.829967601539536748e-01
4.323508274079131963e-01
6.293619876717654327e-01
2.127273828651149445e-01
5.970109078765387656e-01
8.149006863256930133e-01
3.408798807066010794e-01
4.687401115653619388e-01
5.973733128749139087e-01
4.144680190426235367e-01
6.235381851965104971e-01
2.046320487521074982e-01
4.980249385043096777e-01
5.775746594133449596e-01
2.244416589076060065e-01
1.884009293686334796e-01
5.935271557954695520e-01
5.889658765864567158e-01
3.465494790021293459e-01
5.444566081645436650e-01
6.271599471492583788e-01
3.196815912761261647e-01
2.181262858996584619e-01
5.253558085113104736e-01
6.227813464462523818e-01
5.904216153088263086e-01
4.265319708188052839e-01
6.214190126512065815e-01
6.288101054578232318e-01
5.002605766324347281e-01
1.915741993164023216e-01
6.293238764185103973e-01
6.229067452215182321e-01
5.427852992556527756e-01
6.186358032297681886e-01
8.090491346248385174e-01
8.187507243044399585e-01
3.731465028843653498e-01
5.855356735519824385e-01
4.362459242388442848e-01
3.625102099368057718e-01
5.869811067441969010e-01
5.731580517953587250e-01
5.525864597514291710e-01
6.245621230510711719e-01
4.911222452166829067e-01
6.083478771028555387e-01
8.174871745731101536e-01
5.614607505138420329e-01
1.909857278609857489e-01
4.382885954795374683e-01
6.670145386259183073e-01
5.085558486718908533e-01
4.314542547982481158e-01
8.123700819317825061e-01
4.779534061273158496e-01
2.308198692300982291e-01
4.094833908375156151e-01
5.402934019316000258e-01
4.425838812681207601e-01
1.901165130831060646e-01
6.488667248366815077e-01
6.216605790264619902e-01
1.965270222444531201e-01
5.216660746546998295e-01
6.009163113181938964e-01
2.719297586294754376e-01
5.927919289445143791e-01
2.007502576951649687e-01
5.532063796849040482e-01
6.043335932890688822e-01
2.425716096389953502e-01
4.555382337203596199e-01
1.883798979316491096e-01
5.414866610246417133e-01
4.917466764506811527e-01
5.259912467323374363e-01
6.117331934415998207e-01
4.928900299327697576e-01
6.009494962795168815e-01
5.500949238883839909e-01
5.973999942669632190e-01
6.853659110660030862e-01
3.547339463914063740e-01
3.868323003807554450e-01
4.888275233827981681e-01
4.709839308610132003e-01
5.310139201526367092e-01
5.583876699038681224e-01
5.639400615269795081e-01
6.337521368539985600e-01
5.646839306081884446e-01
6.796384460793838400e-01
3.586729329629148588e-01
6.096815932400415639e-01
4.369190866547566499e-01
5.212075465260560536e-01
4.839236615271915176e-01
2.992498744523298115e-01
5.964690322135107747e-01
6.667099898649162526e-01
2.414688828892925243e-01
4.584552268178181955e-01
5.707020423743474069e-01
5.390858221204188894e-01
6.039169827423311876e-01
2.417883298481678378e-01
5.982729252873689729e-01
4.630641085725960004e-01
4.205191144870457642e-01
4.571980342913607442e-01
4.097756048834671483e-01
3.773285685317502858e-01
5.923478551564526073e-01
3.780078683236619552e-01
6.758172321005559979e-01
8.005753833903714867e-01
5.891467085607692278e-01
5.916011428898825253e-01
5.738530648442881077e-01
4.425730978339367239e-01
3.428200643994806507e-01
5.445596454729172420e-01
5.181718727100806943e-01
3.147526785344074707e-01
5.564486566578090709e-01
6.353236416609663317e-01
3.103799841982516905e-01
6.545630852657075005e-01
5.956466310979976475e-01
4.090472747216703508e-01
8.154672288877028441e-01
4.599180512352870620e-01
5.370332383050635539e-01
6.780036050535497294e-01
5.281331546623279083e-01
5.954783436824254705e-01
6.286864168522490193e-01
5.616792748091832266e-01
1.937094856123248721e-01
5.466682081279612415e-01
7.970148129884093713e-01
5.606890377784233825e-01
5.281561413841757702e-01
6.681362296813596613e-01
4.604216109917736999e-01
4.496940224049655321e-01
3.441317561437169936e-01
4.397742479167472962e-01
1.887326993085476634e-01
4.776842624594542230e-01
3.516428975486744490e-01
5.164471858765121715e-01
5.863564800549149192e-01
5.908671841601093044e-01
5.286707863531368012e-01
6.887040754275789434e-01
6.367597914600335862e-01
5.236158217706996520e-01
5.829393579284048998e-01
7.799871967933010852e-01
3.810284328057096381e-01
1.997931983315784088e-01
5.854822610642530512e-01
5.377784090584956100e-01
5.583896015432576743e-01
6.223947973138500567e-01
6.217729948681283147e-01
2.857158921423952891e-01
4.905824277311857107e-01
8.164812152335659823e-01
2.505365503006061756e-01
3.946931159275540169e-01
7.767172672252279364e-01
3.145905524969611622e-01
5.480002784870832144e-01
1.892743460762188190e-01
5.531548943645177019e-01
5.644748913099325582e-01
5.518386459451430914e-01
6.608259695894116437e-01
5.898831092797129916e-01
5.966167916804394622e-01
2.141268595838940469e-01
4.304849768223451001e-01
5.627976741863558452e-01
5.663912871212453126e-01
1.895379689419447733e-01
6.145016546564773252e-01
5.701645218490900557e-01
5.858234249408879046e-01
3.656928222423626584e-01
5.969760464142992440e-01
4.567171253714573664e-01
5.744236148703294464e-01
4.129210975193242095e-01
3.710460701505050030e-01
5.850762908822780828e-01
3.879981988226317569e-01
5.050052617289891854e-01
5.213620302567137932e-01
5.113852827333206230e-01
5.484918543108124878e-01
3.926834429509530322e-01
7.997060731592309235e-01
7.751060468308080820e-01
6.433916210339740704e-01
1.908518267397074919e-01
3.887928940925444166e-01
5.863882262823750802e-01
6.387551124297101701e-01
4.283717211629908816e-01
6.154960189995549724e-01
3.750945613174625493e-01
2.002279423719945384e-01
7.790651775068042628e-01
5.174678388290993025e-01
3.696661948651678298e-01
6.252145402056265011e-01
2.840318926711477010e-01
1.895807770606651732e-01
5.965214739568815983e-01
6.308770257736553422e-01
7.986324608919019852e-01
2.059686796364719463e-01
2.837259714727424220e-01
1.898532927292654049e-01
6.721472462541704385e-01
6.889568250925520720e-01
4.202718320541640740e-01
3.908981075777648861e-01
5.463131729995333030e-01
8.116583778471749833e-01
6.719070583035265942e-01
3.887682123504013210e-01
2.124809774523015171e-01
1.892780213427289748e-01
4.591494593708492222e-01
4.743106691449180401e-01
5.916408392072936007e-01
8.176208639021499414e-01
5.938019947697726897e-01
6.052036508480708177e-01
2.197627834209700537e-01
5.947473971150378791e-01
5.564414410845657244e-01
4.478856105319541925e-01
3.085549414224643128e-01
4.949344326507926772e-01
4.175180479834691427e-01
6.005242347462684815e-01
4.479670639197835813e-01
7.671508403921326602e-01
4.669080358043839474e-01
6.152595452350705374e-01
4.889841532067947250e-01
5.692752660997109082e-01
4.464928669957076712e-01
2.651091668668523194e-01
6.541001108019919297e-01
5.685923051503098957e-01
6.434841103823503161e-01
8.106868095000330232e-01
6.195796519713567818e-01
1.941978794845834744e-01
6.907086653341028004e-01
6.231391869464466549e-01
2.992601470126846075e-01
6.023835314163058507e-01
5.936908938194035423e-01
5.317749567243653663e-01
4.778555406066283262e-01
8.119761936615467190e-01
6.270049561069859223e-01
2.087142555605197847e-01
5.973024617965899674e-01
5.994288447109085149e-01
6.909316882537523963e-01
5.560226281128921588e-01
7.796725808462966478e-01
2.051758188119021387e-01
6.763858207186416172e-01
5.181793795504080480e-01
5.565839664805332099e-01
5.875451014506216652e-01
4.648633100721574207e-01
7.403924321092504313e-01
5.768727677358267414e-01
4.832600908263494088e-01
6.878832855576400007e-01
5.620003902477520574e-01
3.737214645063578478e-01
6.212967375354706556e-01
3.640795364554026414e-01
8.051977842060017432e-01
5.571837502687617683e-01
2.792200186933297412e-01
4.899357142064454940e-01
1.877521638680879623e-01
5.446743965868303672e-01
8.071874064129347381e-01
3.958006811821854765e-01
5.585015910929502780e-01
2.806776685230499835e-01
5.713027851797667367e-01
1.987827328941310645e-01
4.410480610411850466e-01
2.382751786445109488e-01
5.594105127018458301e-01
5.511634039488678694e-01
4.720031958756247259e-01
8.159517941892423520e-01
5.701664638037126087e-01
3.357455021564043629e-01
5.457057429842572249e-01
7.900880451001826010e-01
4.200163157374927070e-01
5.370196227543060363e-01
5.213814968611709677e-01
2.348902227829459122e-01
5.950323720563757135e-01
5.970809553301079653e-01
4.935525906962968667e-01
5.962628185525299385e-01
2.192608184471634691e-01
6.184351898251000401e-01
5.197980430037738575e-01
4.782034691499034706e-01
2.662049696932106690e-01
5.868349752029854427e-01
5.997607949027697893e-01
1.879029536687686075e-01
3.258724958849427700e-01
5.803446833999711396e-01
6.163157799115313029e-01
2.659935163286918369e-01
5.916506560750052213e-01
3.836597187723329583e-01
5.944363145841790042e-01
6.088653875777795266e-01
6.105227907174888280e-01
8.155417509873499338e-01
5.792999765880009200e-01
3.869513476511251548e-01
5.964912881380383114e-01
7.617876759384161200e-01
5.945476192312570962e-01
4.224443122601374001e-01
5.576876068337214276e-01
4.440491929430371854e-01
5.461243637091709457e-01
5.981856225912234315e-01
4.199952443076669928e-01
6.904859808342806993e-01
5.619342547343493255e-01
4.169109425487301790e-01
6.623776740583492417e-01
1.882896158982579893e-01
5.895790256931051632e-01
1.902287311584473506e-01
5.772256915918309028e-01
5.977031488585240471e-01
6.652082929401074152e-01
6.739360254158527352e-01
5.181275804298713927e-01
4.740582812613098329e-01
6.222382274492638254e-01
5.268875547600605502e-01
5.565748662231347899e-01
5.488391634844195233e-01
5.862874332621239581e-01
2.659877972609648866e-01
1.907396896963361455e-01
4.394007302341462751e-01
2.919318025579337728e-01
1.893039308444976754e-01
6.871731981129775013e-01
5.929909349373931882e-01
2.529425056945807659e-01
5.715129737924903308e-01
6.221650970903918054e-01
5.079060296051676193e-01
5.164722309464102601e-01
3.419610295253118770e-01
5.679122039782626974e-01
5.781696428625364703e-01
6.926773612838520444e-01
4.739486896566854068e-01
3.158146134560756990e-01
5.633187580136703732e-01
5.730883245025507611e-01
5.692316766540689299e-01
5.905799151424649951e-01
6.344009226085870479e-01
2.982276929507895469e-01
3.735125623282529173e-01
3.116185221038455522e-01
6.912165008105166653e-01
2.554895639392042450e-01
5.587599366226099207e-01
5.630686130123881972e-01
4.931689121739874504e-01
4.451928998505885193e-01
4.428543172860645027e-01
1.995255413293774704e-01
5.097721279852779341e-01
7.134276143199750342e-01
4.236691509088348351e-01
6.101276238630499726e-01
6.144464844019238425e-01
6.892191662294091525e-01
4.409107400136418331e-01
5.212077031137875016e-01
6.097357466419262018e-01
2.357480573421658621e-01
4.451761004055799775e-01
1.936157756437589528e-01
6.406505044562555984e-01
7.158041291867569544e-01
3.729403289179692438e-01
6.078665752240508535e-01
5.907455980693205877e-01
3.804240731229276973e-01
5.588487614772547074e-01
5.896482178271017505e-01
6.166285182998486603e-01
3.066429390590537651e-01
1.977085285788960090e-01
2.264276693896426218e-01
4.611252612302438325e-01
6.244636785482146069e-01
2.743446341242982700e-01
6.400660404058914343e-01
3.696385283123069243e-01
4.532392396032259296e-01
6.749324217953800442e-01
4.353468184162872512e-01
8.132368377847607466e-01
5.933091430311250303e-01
1.881201172593137128e-01
3.504271757412278365e-01
3.337575426581312898e-01
4.417270079629252999e-01
4.316495098217709159e-01
2.657576526752463142e-01
6.284754583852356635e-01
3.169323867220351088e-01
3.736143878849004785e-01
3.360056097344228387e-01
2.861867424766848522e-01
4.154602388152833781e-01
5.462433909415558286e-01
2.146865854593172918e-01
5.760636130303472546e-01
3.309124681201918716e-01
6.783055795547905387e-01
6.234387707318300720e-01
5.471361186692857981e-01
3.038043981915833913e-01
6.219926815074340309e-01
6.887517475971215442e-01
2.648331007798385150e-01
2.829991952036505221e-01
3.562605579263745104e-01
2.124258971082366720e-01
4.930343612124002961e-01
5.478872736528180853e-01
6.002535325724349669e-01
1.878889108237248029e-01
5.971928386583906789e-01
3.626224294552819472e-01
6.045200956969259964e-01
6.538711934308226725e-01
6.060918158003535394e-01
5.261521965994817585e-01
5.933011420368773381e-01
2.005365227931980021e-01
5.677807778858168231e-01
5.929558743292439038e-01
6.392425128403931289e-01
4.340208026323836288e-01
1.931459794867574076e-01
5.990846360939499071e-01
4.965780329436553786e-01
6.725402521572370063e-01
4.330047177282928539e-01
5.646550332112890702e-01
6.799030162140951017e-01
3.773990059842156630e-01
5.966854480613879019e-01
5.415541721177178358e-01
5.460109702768309869e-01
2.063565553942738051e-01
3.089246905141541655e-01
5.594989324174428624e-01
1.911016956531135791e-01
4.075308098570003534e-01
4.515126290583120761e-01
5.859121151176348574e-01
6.242364036985686981e-01
4.963434684000125330e-01
4.013117733539121046e-01
5.684449567137909165e-01
5.020483890923496118e-01
5.613414187514368381e-01
4.801349015521084174e-01
6.899968148936860279e-01
6.032535723046537068e-01
5.696310596463974862e-01
4.503939646742837200e-01
4.324164991232857247e-01
3.947412209892506296e-01
5.298025891327761139e-01
6.148797322193920722e-01
4.371213151325712976e-01
5.593010198604160266e-01
5.408823616481923668e-01
6.483467176751260830e-01
1.950880764094918007e-01
1.937832765665973844e-01
2.185326530206483098e-01
6.041722026368595566e-01
8.155209794087900921e-01
4.862260739609253757e-01
2.244688614732904819e-01
2.817250208538258360e-01
5.467218487065257371e-01
5.988970820992871591e-01
6.091239573865298018e-01
4.265970262498776089e-01
5.957476718096319512e-01
5.808995029892234374e-01
4.796628522660268401e-01
4.461862671260333757e-01
5.314959564798772407e-01
3.739864153889925769e-01
5.499746825505634762e-01
3.840022896496643190e-01
4.900497320337669493e-01
6.044729663186874102e-01
4.346688998805610105e-01
2.126104755521453227e-01
6.371292668984817054e-01
2.569511917410436386e-01
5.543561989901464315e-01
7.756425976418211965e-01
5.632198809466214540e-01
5.889708813150729139e-01
4.434780467711724183e-01
6.132039535891157245e-01
5.316978516437353974e-01
1.916271737428501820e-01
4.790124203745751430e-01
5.503741640723077699e-01
5.997258233159807883e-01
5.555142550216876085e-01
8.173506034852203728e-01
4.555050068507442429e-01
6.010343539080035269e-01
5.434493132685604966e-01
2.825545301756396399e-01
1.908319393173882050e-01
5.483448268827370020e-01
6.118219286880641761e-01
7.361063141897622453e-01
3.092304361610400676e-01
4.349961877700363466e-01
3.614648990434679021e-01
6.178387780924803341e-01
4.102346038461303079e-01
1.891159032579671773e-01
1.905533802261253906e-01
5.669647335273378941e-01
5.601272983078330325e-01
5.969120816318492784e-01
5.912939368529133155e-01
4.747251771523915975e-01
1.900342953272037005e-01
3.845249791626813018e-01
4.921930581103396984e-01
4.726961338198273910e-01
6.091804764513332193e-01
6.619319059655519588e-01
1.958228726665916519e-01
7.667994134302860143e-01
3.349504369115846036e-01
2.348600946412296997e-01
3.645513390353992134e-01
5.909603816233479634e-01
5.463890196479296302e-01
6.678553997121716712e-01
4.429657172322690184e-01
5.965226281053284119e-01
5.884946160771368229e-01
6.446554233958252667e-01
3.824205648149317516e-01
8.165198143806409181e-01
5.794308957835593299e-01
6.100898955923363953e-01
5.820873153513801412e-01
6.139219810003866407e-01
4.265491842257410071e-01
4.431557083611906145e-01
2.015793501394315679e-01
5.417696819288350119e-01
6.569380514542573213e-01
5.775055671197727447e-01
3.745732799929672452e-01
1.900907066437289572e-01
5.760927115480031224e-01
4.948876418375373065e-01
5.717031961560945508e-01
1.971447672499545278e-01
6.659477188240828793e-01
5.942264301488892064e-01
5.720356217960673728e-01
5.621610674208225022e-01
6.303539119467793661e-01
7.291234901487931852e-01
6.561958695181197010e-01
5.168872472605878787e-01
6.321251086365121674e-01
5.908593321195654280e-01
6.910287898908783477e-01
5.812710891657500989e-01
6.045254919993842124e-01
2.507287332673176494e-01
3.968131318608984492e-01
2.494259443302237200e-01
2.401530480868210304e-01
5.894815663870194289e-01
6.125695999065561281e-01
6.905273799671111101e-01
8.116922318293021688e-01
5.812724811418871207e-01
5.243517445917112996e-01
1.897760920320246958e-01
5.096001843021206179e-01
5.463240019743799136e-01
5.152632053426136061e-01
6.265134233126175012e-01
5.328703283272847591e-01
2.918931196072818146e-01
5.175595833714157212e-01
5.978853739071029461e-01
6.631434555652694351e-01
5.470839040661086283e-01
3.761681510335888046e-01
4.436653228615087263e-01
4.680215897615546128e-01
5.938006637236491470e-01
4.090007272291293905e-01
6.869323837712529857e-01
3.504095037891514774e-01
1.918286578169231260e-01
5.587850208984649347e-01
5.183105729459914768e-01
5.765541488389588354e-01
3.053058879700885075e-01
5.994931702066825796e-01
1.935572881569008752e-01
3.068863197634605910e-01
5.427826926937259211e-01
2.081785032850473061e-01
5.726121835397078863e-01
4.907388507659838917e-01
5.872913434275748301e-01
1.951259972610075999e-01
5.862844166551081093e-01
5.707727444326108346e-01
3.439101476639356836e-01
5.334604765347569222e-01
5.725005428110262473e-01
4.571020625500447632e-01
6.042058285275437868e-01
4.465419405735386871e-01
5.817659237530944383e-01
1.899026862682757777e-01
7.791389671076413004e-01
5.814724567336581051e-01
5.818782104949581369e-01
5.281106137595112937e-01
2.235543395228185015e-01
5.912983942963342399e-01
6.103607443242350383e-01
6.152625356824302782e-01
2.605271261400459726e-01
4.703189078726677796e-01
5.464424062341042276e-01
5.573103263199369328e-01
4.920645919406033131e-01
2.088326624914715879e-01
5.917609044278635544e-01
2.800042309751956671e-01
5.982122101359326205e-01
3.895154291727079277e-01
8.116394686910906042e-01
3.712254558533634730e-01
8.171279352172918786e-01
2.390342599950206481e-01
6.203787031082461656e-01
3.464158735666491018e-01
5.715541218272198742e-01
5.472099212925803924e-01
5.546647105489949103e-01
6.704390443984260539e-01
6.601964876408591421e-01
6.158825869875235171e-01
6.230792022292027665e-01
5.014457054484121601e-01
2.333697190461017368e-01
2.001477909153663026e-01
2.560240299788069107e-01
6.142894386905261017e-01
1.882615325660874639e-01
5.428726874595330987e-01
5.842866531676814690e-01
2.178719221711240828e-01
8.151395097379399157e-01
4.380089239155166569e-01
3.157519906064664150e-01
2.357073543184111108e-01
2.677672166260991471e-01
5.983387786206374459e-01
2.296299461082268456e-01
5.721013556322906979e-01
5.737537101917475901e-01
7.472217072739442134e-01
3.038495473166880623e-01
2.596467287209591190e-01
2.909809780261731760e-01
5.262168320680229439e-01
4.630738444952822164e-01
5.234069173686544119e-01
5.593232043575190326e-01
5.165822836423895614e-01
6.987838870806633018e-01
8.156938546603196283e-01
5.962649181764844153e-01
2.976577455380444159e-01
6.603752242185518817e-01
3.852508592645284557e-01
2.999108224013340984e-01
3.921591857203927667e-01
6.141983120547503949e-01
3.328332569346848513e-01
5.655604680276099527e-01
4.235585790881367663e-01
4.429590612720840648e-01
5.175113258687177309e-01
5.491501419582764942e-01
6.724317273082084379e-01
4.827547629331598311e-01
1.882454510889272348e-01
5.656074355385279917e-01
4.009150863691624544e-01
4.396297516667145855e-01
5.629597847803984312e-01
4.939132860145708515e-01
7.021470142452879148e-01
4.833152217521254901e-01
3.034635147904110042e-01
2.952342087988243935e-01
3.114782680319480024e-01
4.179654147351236637e-01
4.868019081439006746e-01
5.878802849659013896e-01
2.627622802517337597e-01
6.291830994750629014e-01
5.882730089979186783e-01
5.289694267281687123e-01
6.007699592765670671e-01
5.211120844862521251e-01
1.903433061111977909e-01
5.969925256279616788e-01
4.396282477089435425e-01
6.001273952503412001e-01
5.687607682981313806e-01
1.906441628412515188e-01
6.101036375747211915e-01
3.981534956601902042e-01
5.921896820961451979e-01
6.353840791828938572e-01
6.148353978034426515e-01
1.902542108751332506e-01
5.465017968378688140e-01
3.356167202539003247e-01
2.783995451560852818e-01
6.053089310716447402e-01
2.658943211912435101e-01
1.976875168160553142e-01
1.905624104674570329e-01
2.031611847366698032e-01
7.675129221902046162e-01
3.422791103552875747e-01
6.919603805909807503e-01
5.971014858527978753e-01
3.112842489126468881e-01
5.450821654377626668e-01
3.094583558160729497e-01
6.130811808713533262e-01
5.947740348776729968e-01
5.639728275804870572e-01
5.104268288169916401e-01
5.463644500358962874e-01
6.827197684518858667e-01
5.402179456724330864e-01
6.429560331594322831e-01
4.973210362482051172e-01
5.277340773952293729e-01
5.707048817501523263e-01
5.436413844943713825e-01
5.950800094360296777e-01
3.184273215691432735e-01
6.791408974151386113e-01
8.068223581033289182e-01
4.891435689100733231e-01
5.635067018387422966e-01
4.271277831092020749e-01
3.856106560177479103e-01
3.207935620072293603e-01
4.088236662387519926e-01
8.174004833392582992e-01
6.258892016421278015e-01
5.558372519069605389e-01
2.787762927672180480e-01
3.665573255766469418e-01
3.798146805681671956e-01
5.516123859138432062e-01
5.877764727533136835e-01
5.837357082081666704e-01
6.222125193846579361e-01
8.106606692075396525e-01
5.833710323434075917e-01
3.542923503732429147e-01
3.393713166265084902e-01
6.281700802847048903e-01
4.123599285426778893e-01
6.123179147447243009e-01
6.665978088102019194e-01
5.789371246474525057e-01
5.281400529174994363e-01
3.185668449726012930e-01
6.923851045419050498e-01
5.186083478205169017e-01
2.097542139643812920e-01
4.431493639766327930e-01
3.836547608449119018e-01
5.425277002374344626e-01
5.628975367755291170e-01
4.374678858755304822e-01
2.271264863073824414e-01
3.879110693264022358e-01
1.953532538538780283e-01
4.149205261845569925e-01
8.094476238165604354e-01
2.639021346604860652e-01
3.888548318588935238e-01
5.408675763808900028e-01
7.229939302323594719e-01
5.480939408479776898e-01
6.859438508313512317e-01
3.941729981146294137e-01
2.839314388808153455e-01
1.909836141095434536e-01
4.974529300908659413e-01
4.054152612323846938e-01
6.185989327419807449e-01
5.966833022919477703e-01
6.103103781117725779e-01
4.753008898884993338e-01
8.177717632776198009e-01
5.437349223800487241e-01
2.042132055497820065e-01
6.005047556687660437e-01
5.485459086971032905e-01
7.670308809567357722e-01
6.902106250333892579e-01
5.834346156047081067e-01
6.139437156699990572e-01
5.865323210292004985e-01
5.979186869945738447e-01
5.356159163627315367e-01
5.756404534901725656e-01
6.444155920417670158e-01
5.972457069000416396e-01
5.961985493167354377e-01
1.900468275672339002e-01
1.981497269211873191e-01
8.157469512035750991e-01
2.064158204063881175e-01
5.997805174357166980e-01
5.987175400505011513e-01
5.168274755865776005e-01
5.358571772160688473e-01
4.407021295668731575e-01
3.020807071358698193e-01
3.551727110319743974e-01
5.926634096802467777e-01
1.894938681108224166e-01
7.203381489010016736e-01
6.133504091349877285e-01
5.726875297774534079e-01
1.966041871315146738e-01
5.989419289744386532e-01
1.917597232787624506e-01
5.415603225142519017e-01
5.726541331716918926e-01
3.107181646813397813e-01
3.789874005642417387e-01
3.220269855940358084e-01
4.635567400975514341e-01
2.478769331500434991e-01
2.670465620683079577e-01
3.351401838031208835e-01
5.842843027333431971e-01
4.898723248360591365e-01
4.712946579438558325e-01
5.751023697406039137e-01
6.620182942023687955e-01
5.586267165484358754e-01
6.136241402708505488e-01
2.434727622191334706e-01
3.081435919942078772e-01
5.405028129001745452e-01
2.732592230451558746e-01
5.425226160185503410e-01
6.145340052644180373e-01
8.150526759842505742e-01
5.591330246118479952e-01
6.718743680519191352e-01
6.061151649891566295e-01
5.777617283130133119e-01
5.622958279488742273e-01
4.728004633534796386e-01
6.014818018459581195e-01
3.882599499533852527e-01
4.918507646659431853e-01
5.800707165927966313e-01
7.697815597827810663e-01
2.975067266923715481e-01
8.173976226487402741e-01
6.926862877075742331e-01
5.688581405732482388e-01
4.411612320096264250e-01
5.934905043812573888e-01
3.745261686492159514e-01
6.073006075833728978e-01
1.907321393993050840e-01
6.023744451347089468e-01
5.615306664631328770e-01
5.544661173025334788e-01
5.752660907806668167e-01
5.750516041698384706e-01
2.942423236813032639e-01
6.756801496796693840e-01
5.769089062704938486e-01
5.953514393718254416e-01
4.979456188199197220e-01
5.838981597805474877e-01
2.833958757116949445e-01
6.769849498025776180e-01
5.036627530739570258e-01
2.034067281391714888e-01
4.444769215792422346e-01
1.929039652638156188e-01
5.817447804495337049e-01
8.105834639926607910e-01
7.658775400742465767e-01
5.829820671583947345e-01
1.968481669071878992e-01
3.717883783947671938e-01
5.949473313941260333e-01
5.732182333071784708e-01
7.458181957292333575e-01
1.902586582003513715e-01
5.062373760227557584e-01
5.782734050203123255e-01
5.625204555936877959e-01
3.836050308681686061e-01
3.967557053667574718e-01
1.927692367982466459e-01
5.454149914009310818e-01
3.391493013163983661e-01
3.675475320861230633e-01
5.395700289239840908e-01
3.076812618690417667e-01
5.967632075267623737e-01
5.742868846632220858e-01
1.946977012259006601e-01
6.783732335220231668e-01
6.232511798552983207e-01
5.748604936433060475e-01
2.776592091651480798e-01
5.914156662994121127e-01
6.896666542653284715e-01
6.838861349021412295e-01
7.556253248158552038e-01
6.210958757987214973e-01
3.702338834481095353e-01
5.482320673749210282e-01
3.895151145283435867e-01
6.433112648910568332e-01
5.321705238549085948e-01
5.895883991623961373e-01
1.906356542811381838e-01
5.760871222136375591e-01
1.949116823958929323e-01
6.345472631340698388e-01
6.797959484704421129e-01
5.881615082240985171e-01
8.026309555989592504e-01
5.385653316123437673e-01
4.931934533058818237e-01
7.134599970083572718e-01
3.276098836629149358e-01
5.908825064538469896e-01
1.899443461159785462e-01
5.538139797061456537e-01
1.927700977846216190e-01
1.924484653936955614e-01
6.278802989556366843e-01
4.934308584941771159e-01
4.958218583742111663e-01
3.750442780229869544e-01
4.206935552785883714e-01
6.091871825844588084e-01
2.009228151037042720e-01
5.427477504894226978e-01
3.054483981810167115e-01
5.854741771447548038e-01
6.117613823710033039e-01
6.138817224956031326e-01
3.139856007280188432e-01
3.056259194038618565e-01
4.512877572781614499e-01
5.449459699011524050e-01
5.880353105380758949e-01
2.911966192356481020e-01
6.974896598541319159e-01
5.948103614420362506e-01
8.180274126994045991e-01
7.707281237178099653e-01
5.897172801738693737e-01
3.134355636000820122e-01
5.365480674020042251e-01
8.116752066344355976e-01
4.176175885388584974e-01
1.944059882467334688e-01
2.614989212327531454e-01
6.122887135137198289e-01
3.078805124300165730e-01
7.746536862572643845e-01
6.196895756443540071e-01
3.639499725950884335e-01
5.839564377948388563e-01
3.802970174906982193e-01
5.459938535773680712e-01
5.155057558158717690e-01
4.691107054815423782e-01
5.940299277217048202e-01
5.975482832105457609e-01
7.142421705132022680e-01
1.917207272880211422e-01
7.969644465044477544e-01
5.827297850256064615e-01
5.398917971933274718e-01
3.957772142130622783e-01
3.224951461118447105e-01
5.978313787593814155e-01
4.651848447895071126e-01
6.011841516588025680e-01
3.804685635061237359e-01
4.601716366723488938e-01
6.591288192144272307e-01
6.074763864566723459e-01
4.819645187524070340e-01
5.947373923369713156e-01
6.378196159484786909e-01
8.160544997443777149e-01
5.575378870556376709e-01
4.805974302739359216e-01
7.668730172398430245e-01
5.793067009239026843e-01
4.953272173858038196e-01
1.916218604507133882e-01
5.328242179584292693e-01
4.449129964882241883e-01
5.417809530239158233e-01
4.964394233635319731e-01
5.834358771876185790e-01
6.149050217693047271e-01
2.402334103377967156e-01
1.885046057371695116e-01
3.640197291624997500e-01
2.290107919679113258e-01
6.906509503250453097e-01
4.327018752517527433e-01
5.440293037033403500e-01
5.182742397468942386e-01
6.649300024997328862e-01
4.654495160370739626e-01
2.551370847723415936e-01
5.168793210955120454e-01
2.404196448106004913e-01
5.766767266914955004e-01
3.790342220791186323e-01
5.041640654985045655e-01
5.620050178951634390e-01
2.951709826477691423e-01
3.934929410160727392e-01
2.346627233610406038e-01
4.608044663952405307e-01
5.873235182780810471e-01
5.321978814951786596e-01
4.038085716814218129e-01
2.933231501821614851e-01
3.016318203567607825e-01
6.039599852876779140e-01
7.982124323619922412e-01
4.417986043223286474e-01
3.385593561749007385e-01
5.884550421734789927e-01
5.785813061240879795e-01
1.906996647073935514e-01
2.747526527607575542e-01
8.170421635574476316e-01
4.732492802157369227e-01
4.455156346206414764e-01
6.291438078156056379e-01
2.023512375346357695e-01
4.614977523224367273e-01
4.554848367192881886e-01
5.433906411135576153e-01
5.480588605837389826e-01
3.600139956534990082e-01
5.721872790851147972e-01
4.925424880802929395e-01
5.530151675713653736e-01
3.466195259194543854e-01
6.118808148212137032e-01
5.327329650407643946e-01
3.903924874374706810e-01
2.634324477849523394e-01
6.877497296121439785e-01
5.822935228251483464e-01
2.706207465340102480e-01
5.970394926360599319e-01
5.943196008884317205e-01
6.868084559184127746e-01
4.615730426149553534e-01
5.202565074129714695e-01
4.006391567256213371e-01
5.993593767295006813e-01
5.595176086802340354e-01
1.911612259609567488e-01
8.168891610287611904e-01
6.864050184918464304e-01
5.527083928363353271e-01
3.839258351532804925e-01
1.944300532549748939e-01
4.852464162603047360e-01
8.177687363607756277e-01
2.016415483139066267e-01
3.577683614300882775e-01
6.476607017385054288e-01
2.651950475141851005e-01
2.080551219302904653e-01
5.498527771963177546e-01
4.467086018402647296e-01
5.953272272233672835e-01
1.884861252048263269e-01
5.849573442605685569e-01
4.391752250590191808e-01
5.681870444702691314e-01
5.752027113413665793e-01
7.360758769040959271e-01
5.468034288228827977e-01
5.490892059750434040e-01
6.672972868063169471e-01
1.958583118991465977e-01
2.016574588466731599e-01
2.254759694886065979e-01
7.118212527764566921e-01
5.949860739360728346e-01
4.214386010856757125e-01
8.172061377279529193e-01
4.704675464308061272e-01
8.159627804826860009e-01
5.156493867607914172e-01
4.835823306422995516e-01
5.766019893907846638e-01
5.146222699746144658e-01
3.464147227224765313e-01
5.607134237814693778e-01
1.875250180759320262e-01
6.273253223166612713e-01
1.880214938859046947e-01
4.739302659800420647e-01
4.304909297641369426e-01
1.898169708451379889e-01
5.992586307182977690e-01
8.098525472020330351e-01
4.443397175631501050e-01
5.987759513116487353e-01
6.236862196585092333e-01
1.922854180543465130e-01
1.926230534125834559e-01
2.322175208472768149e-01
4.712654835461238534e-01
7.154253824637787362e-01
2.762631230947187322e-01
2.095838039825531629e-01
4.965713600656467275e-01
4.303978638745350471e-01
3.011891854208000874e-01
5.568812840570351863e-01
2.457457543742465333e-01
1.883023800021970395e-01
3.091786711281602762e-01
6.611888804087079352e-01
5.978163202233627294e-01
4.865048130450804753e-01
5.926029244809721819e-01
5.895610073369224047e-01
1.889366749686852698e-01
6.234594433681104331e-01
5.533928851271672222e-01
6.007896327072436149e-01
7.046615279570279666e-01
5.296332398019635290e-01
5.938200472973852451e-01
6.465797882336246083e-01
5.907946079972411502e-01
4.403372503347388611e-01
2.085979939214645806e-01
5.992732080705284181e-01
8.162982397094695752e-01
6.088970098043795520e-01
2.821144143158875184e-01
3.432744815546485695e-01
6.380282886966107680e-01
5.384786955588911628e-01
5.975510961338287297e-01
2.384010742851125630e-01
6.214579505205206633e-01
5.866921494225757483e-01
1.906047377876773086e-01
5.424004268718437549e-01
6.552263683647803205e-01
1.906708935123592463e-01
5.789058397009010370e-01
4.857963027496234321e-01
5.426835446704104671e-01
3.089550018893277294e-01
4.534846213419895244e-01
5.337990324249805019e-01
5.666429612248582437e-01
5.504143065912353583e-01
5.718893976754819697e-01
4.945105081944569103e-01
8.174064236256852745e-01
6.725875713079223495e-01
6.293095707499770652e-01
3.484308886338731148e-01
6.764549554902349326e-01
4.632441421642283785e-01
6.141598148602792628e-01
5.650502117398596980e-01
4.209082843892212322e-01
5.606822198434667781e-01
6.041947427687142103e-01
5.868783564062223235e-01
5.998566741049167206e-01
2.850723031657622641e-01
3.859460856341888624e-01
2.199929267059958504e-01
4.069780534745083833e-01
3.076248254015469530e-01
2.974278671112839945e-01
3.262242487582236450e-01
3.038552467846403204e-01
2.752835531740076558e-01
3.627388714788281066e-01
2.072175714035360550e-01
5.824521989482054352e-01
1.933453467807526305e-01
5.615717876799961594e-01
5.886262354119202733e-01
4.119640811907131495e-01
5.734771653137555880e-01
6.253336001931583121e-01
1.893420470668140121e-01
6.001843125843199234e-01
4.874777165299774007e-01
3.540293413150506496e-01
5.483498802637652991e-01
6.217107995373822860e-01
6.742171723049488197e-01
1.891867561212282056e-01
7.245341333197683475e-01
6.156875155889125484e-01
6.146989825818981457e-01
7.747524767318515471e-01
6.508929332961844727e-01
2.183234684627509692e-01
5.990053022277067596e-01
6.647190385796029055e-01
3.388851748777897410e-01
6.295243552841538470e-01
4.389766739936093454e-01
7.591613646199444343e-01
8.128140583503550287e-01
8.138172429508784278e-01
6.148971310525735978e-01
6.234969111224150096e-01
3.230667117356656459e-01
1.902884370672982828e-01
6.455971178029797919e-01
2.542826536349105937e-01
3.401572756416622600e-01
5.736062940243698005e-01
5.279288006329069249e-01
2.627628152457077149e-01
4.735713977790522722e-01
5.981074797196970216e-01
5.231891971865878510e-01
3.718588921652505874e-01
5.330077794472494190e-01
6.241028696999774139e-01
1.883564025720554924e-01
5.874894105923723631e-01
4.090574405925835877e-01
5.978021212269268858e-01
6.238128314173536637e-01
4.634013985005813741e-01
4.546723316798855774e-01
2.593623921402199439e-01
6.113644738657803002e-01
6.416322500172526588e-01
4.011188164079823038e-01
1.879957272609399654e-01
5.947492147636956883e-01
6.446850493670412963e-01
1.935244132031828379e-01
4.684270237292333938e-01
5.741809646883250240e-01
3.188369766437850195e-01
6.139926608915078354e-01
4.238914444694208417e-01
8.054328395736908286e-01
4.611203185556805306e-01
1.899964577056596216e-01
6.474006386922550593e-01
5.320790481646937575e-01
2.715580639369313820e-01
5.001908704666739869e-01
2.317577592570472800e-01
4.316403485322236055e-01
7.844918626915786675e-01
6.933608596281585212e-01
7.746305308859504635e-01
6.498790386897532745e-01
4.773735407024820021e-01
5.979648052739497954e-01
6.076519240694282509e-01
5.602696915909939346e-01
5.249704234008298886e-01
5.973261263535185606e-01
3.885387242636794691e-01
7.488358414681969277e-01
5.969691350269890062e-01
5.294371496160275026e-01
1.898960702044019122e-01
6.317404618568981389e-01
3.032323974096930441e-01
2.055063644865118277e-01
5.438814184849393163e-01
5.940404348465173623e-01
1.944598934898336962e-01
3.511877478135805863e-01
5.127148249458095552e-01
4.573935146736846646e-01
2.731299610243055898e-01
1.881577379467787858e-01
5.982764525747211737e-01
7.362877196658392798e-01
5.102160749566410081e-01
5.959676686774473264e-01
4.697207791490549678e-01
4.428582163567212904e-01
8.177280057514163536e-01
5.996897462995404160e-01
5.944777723754653964e-01
3.331681107812674014e-01
5.824084695741127415e-01
7.545607014165627291e-01
5.467949979807341654e-01
5.849602915202963827e-01
7.145540945000854460e-01
6.404252320774560525e-01
5.334351533841246162e-01
5.573023554513347744e-01
1.893686619391116710e-01
4.164544848703179425e-01
2.371614122006727721e-01
3.358455664769052218e-01
5.270175560658385550e-01
5.937398659933292855e-01
1.950216026635890609e-01
6.450952615945422242e-01
5.891535648675483294e-01
5.977694229198663445e-01
2.764089567976507067e-01
5.919392912199481493e-01
6.890835450076925328e-01
3.034831111540767790e-01
3.581958471191056259e-01
5.394455036420390259e-01
5.656472895941868639e-01
3.768687815422311904e-01
1.978059384981930291e-01
6.077388492974453715e-01
2.078930860693495031e-01
4.038519968113193914e-01
8.165814999315854639e-01
5.273742008042162643e-01
8.170462995081844149e-01
6.573455378894519363e-01
5.904398660664857967e-01
6.752933715274971327e-01
5.745933166169351347e-01
3.608988656381750260e-01
6.802623228472436390e-01
6.058344018101252670e-01
2.733575821720342081e-01
3.207654968406033480e-01
1.891399322878207501e-01
1.889280717061976866e-01
6.132834747301323386e-01
2.322080641818097257e-01
3.962384230036037347e-01
1.993377340035734635e-01
2.408222061786748358e-01
4.129087214439366438e-01
6.538445836779732678e-01
5.532670497839085044e-01
8.104303775229423357e-01
6.688934079023000079e-01
7.257864905001732980e-01
3.701057293016040695e-01
5.962988916065922185e-01
5.645964734941747443e-01
5.710154556535286252e-01
5.997274571661476150e-01
3.199817112584604772e-01
5.890224559500466528e-01
5.404047021146608509e-01
3.490629353285891745e-01
5.843109717777442702e-01
1.891847755993956715e-01
7.531935468737985806e-01
8.186988806903887639e-01
5.428208799115544769e-01
4.104865630538772070e-01
5.386957231461232398e-01
4.718674142203006516e-01
6.934181763444182689e-01
5.698379946071935320e-01
2.658639110778638903e-01
3.653663487763902928e-01
6.357163409173907098e-01
5.513339735289755073e-01
6.857431105709436148e-01
6.199577645564160466e-01
5.819729523340875232e-01
1.888447489161538817e-01
6.331818758992495688e-01
6.744304048372179450e-01
5.680784426682647936e-01
5.288652998630462010e-01
6.097487552530099775e-01
5.572859171118085264e-01
8.144187494026234875e-01
5.351535228668169442e-01
4.415010466339741035e-01
6.315553311306962847e-01
8.150534592440685788e-01
5.261865740648085099e-01
6.329245060564282488e-01
5.415069709089918026e-01
6.104993749662538383e-01
3.967828532013835119e-01
7.963674125011180882e-01
5.445526880273512393e-01
6.131574487250025518e-01
6.060734756089587449e-01
5.928468709176561990e-01
5.497527147302082584e-01
5.380772431940887834e-01
8.163889054738280304e-01
5.568407908913993731e-01
4.749425545405734361e-01
6.347055329212781816e-01
8.153912521441433192e-01
5.424962706024147874e-01
5.331286879192475014e-01
5.153260137062714019e-01
6.010284038017356112e-01
6.995192502693116099e-01
1.899771961110847673e-01
3.942136925160236727e-01
6.188110571312354091e-01
6.908510610017203346e-01
6.032199212016755574e-01
5.962090048334135473e-01
2.636885635009024731e-01
2.676255797638800171e-01
5.651686543307588018e-01
2.815338079625366308e-01
6.417924969654401623e-01
5.528600048333585093e-01
3.410008032230588126e-01
8.181717670389629937e-01
5.833129149517638501e-01
1.904041850524771651e-01
5.971617757588617570e-01
8.138723833049017475e-01
8.161353640526703979e-01
5.725078483654357786e-01
6.056070987554822427e-01
2.078158920785856678e-01
1.883482568363291088e-01
5.844176585003799662e-01
7.613443680264024849e-01
4.390214700902412281e-01
6.006654819770884668e-01
5.203261780206666076e-01
5.834041711728937818e-01
8.144192713311726450e-01
6.085950066456087271e-01
5.523545820153985542e-01
2.133310615659777532e-01
5.783827775989189846e-01
6.204517424475096687e-01
8.169855381104356162e-01
5.521487975388378322e-01
6.231910752082937544e-01
4.659603439762761146e-01
4.064590086859857787e-01
5.367884216015215149e-01
2.406050887112697878e-01
2.365849043118958828e-01
5.755800338832043339e-01
3.115769423774328306e-01
5.982436647891860027e-01
8.116906864000648092e-01
5.617814487941926727e-01
5.591244314712129349e-01
2.135017444171899426e-01
2.047819088170822754e-01
1.885011755031389125e-01
5.491594032168718442e-01
6.547644751790597795e-01
5.122778046524388840e-01
5.227955328865303564e-01
8.155345074822083484e-01
2.228746915668906592e-01
5.754831702903535628e-01
6.738583558985782318e-01
6.718382083857669107e-01
6.232372437519343444e-01
5.319852755197157501e-01
6.599306697091211760e-01
6.395701984329662526e-01
7.321479037633163989e-01
5.422142950397842442e-01
5.977270718756473311e-01
4.183768285880508642e-01
5.927910095346345942e-01
5.560566411476804971e-01
4.637280917411077952e-01
6.296977241788620505e-01
6.150400620348988046e-01
5.427182981580186416e-01
4.149657454589445460e-01
5.535576439933844739e-01
2.776262212221587422e-01
6.386074555322859281e-01
2.497419999563701143e-01
6.134884313675385004e-01
5.580165848857895350e-01
5.898325520737490724e-01
5.743776580392863096e-01
4.469695443440773741e-01
6.233517953364655639e-01
5.418159850156911705e-01
6.011752758219583992e-01
5.598753091223361844e-01
2.007750545465075143e-01
6.082016261765300635e-01
3.122879967289590164e-01
2.371937918924154620e-01
6.587803608799807087e-01
1.908822457739539347e-01
3.647637731939302186e-01
6.153828055288598220e-01
3.717903067570412778e-01
5.520422832951702441e-01
5.605470180584659623e-01
5.875947972764765659e-01
5.956607308825774272e-01
5.835889591442857682e-01
8.057350275727447331e-01
6.237223896248550448e-01
3.497795804405599007e-01
5.494459722024478410e-01
5.535427463204842802e-01
7.860242211539453239e-01
5.419291609430317846e-01
4.703922824615006104e-01
1.879498444971313686e-01
5.601759882097276932e-01
6.618024117856297073e-01
6.888832063986212173e-01
5.646972525976043933e-01
5.961835400860242551e-01
5.953590165041345861e-01
7.320182996829761590e-01
2.034266481044130215e-01
3.058053880090052523e-01
7.126927368797554285e-01
4.879587716664164354e-01
1.987437401683425642e-01
8.183044898971941761e-01
5.247094665112992384e-01
4.450210652261227251e-01
5.441492565494199241e-01
5.994348928348617322e-01
1.953369512474024960e-01
6.914247695120219195e-01
3.656897681714165182e-01
4.893858761159136095e-01
5.992781625949308300e-01
7.985411607376698973e-01
1.972005784073185275e-01
2.041319096591138749e-01
5.469714719533744773e-01
4.494322118060554150e-01
3.918774910840338022e-01
4.278753447988894454e-01
2.021801650342254508e-01
7.932619931127763424e-01
6.835002062563264591e-01
2.133119025441724548e-01
6.882065740477574245e-01
6.240182563635202628e-01
4.898414266814836160e-01
5.339100603351945029e-01
6.026191012288878435e-01
5.798463616827864708e-01
4.359207768907975011e-01
2.868594657092488065e-01
6.442736088263395500e-01
1.901206860551839795e-01
2.454215784107705300e-01
7.897594997328364341e-01
2.393677945596244527e-01
8.132149277657692021e-01
5.136097696038777194e-01
2.726711869895693807e-01
6.110557644806187128e-01
5.385087275008688668e-01
5.988322925996268919e-01
6.301573349198168472e-01
5.208613470232115183e-01
5.955679655340947454e-01
4.308519213114874180e-01
5.795396435914780264e-01
5.837234725012977465e-01
4.241069139564401791e-01
4.703270920363117891e-01
2.728725101351046622e-01
2.222363990824325064e-01
5.987564300487112634e-01
1.908664435479094645e-01
5.786836919004806346e-01
5.133478328709228933e-01
2.949688897548278788e-01
5.496011230271898862e-01
4.466613345981479966e-01
6.463038359532129462e-01
6.537448672891836843e-01
6.552203351379631835e-01
6.071830129695968692e-01
2.626894230885297166e-01
5.962150884399068929e-01
1.919284630469742237e-01
5.146315368839414761e-01
6.003971332804911576e-01
5.266392856487331908e-01
6.042695815857110908e-01
5.184365574334182103e-01
5.700372345949519248e-01
5.042878038036511246e-01
2.502144739447466071e-01
5.730987730261376534e-01
1.960749622464852404e-01
4.366424201003550332e-01
1.882550315096405968e-01
6.120155789287238246e-01
6.036609398887607947e-01
2.932715820529930850e-01
5.691186890197629245e-01
2.442214802410735131e-01
4.343826766739820600e-01
6.148914559633473775e-01
4.922585982398873239e-01
3.556347977827672424e-01
4.342250787672080059e-01
1.895754064314758014e-01
1.882345317360221149e-01
8.161395582865640375e-01
3.628828978560629803e-01
2.779256176343921636e-01
3.773159798634883044e-01
3.034142822307144272e-01
5.325659474080823852e-01
5.980994954715598277e-01
2.923395224150380778e-01
1.916203267356700601e-01
5.429043755826437057e-01
7.995450199879720055e-01
3.363710487588947862e-01
2.002896097522298691e-01
2.164720858825290306e-01
5.526782000389751648e-01
5.582084540611153001e-01
2.014448562952826649e-01
2.859279495911402624e-01
6.023797444084670882e-01
2.746980291520086381e-01
5.872364394284599332e-01
4.036405659697845372e-01
1.904548109167332748e-01
5.445443207832262322e-01
3.466022893060576315e-01
2.560471052739790032e-01
2.399266028134002526e-01
3.528460202669824186e-01
5.457415025280804022e-01
3.756397448452645782e-01
2.868875007728382553e-01
8.096334856466695928e-01
3.082819177690943602e-01
3.177073271021421674e-01
6.644417809941397524e-01
5.552920996873200732e-01
8.167098566276683735e-01
4.761685299560174944e-01
4.417989713156627585e-01
6.401151021734290403e-01
6.066255260589203946e-01
4.886995817277849929e-01
6.230241796566121648e-01
6.260535678517109570e-01
4.967688993852016344e-01
3.609018677299596356e-01
2.757996020124565129e-01
4.182630767010959705e-01
7.000946483220380490e-01
5.555211129522220626e-01
5.742824399977058958e-01
2.413029135959582350e-01
2.941786713743963499e-01
3.002538272656541385e-01
5.461387151828034359e-01
6.167963214486493762e-01
3.416521071943467436e-01
5.806660322551064901e-01
6.643779322141675214e-01
5.123730714543816012e-01
2.637089062396406058e-01
8.164247330302417671e-01
5.967512485055803673e-01
6.155791934418169964e-01
6.588093960734431320e-01
4.154268945674661762e-01
1.940888461535595633e-01
3.736921684680479250e-01
6.621262154405685996e-01
5.341551582120226405e-01
6.680815224342829817e-01
6.058923680470181816e-01
7.036425253350730991e-01
8.168718994039465553e-01
6.280606287548881062e-01
4.609527800142650400e-01
4.828094651715930663e-01
4.458085616518321359e-01
5.251531957558372987e-01
5.271606358770247747e-01
5.997149413728376510e-01
4.563113328451937067e-01
5.905526597764910735e-01
4.679795400218030865e-01
3.176995002818117642e-01
2.401083689712459057e-01
2.877463733266423240e-01
6.613564856741719344e-01
7.089236985132966185e-01
5.403532585985160175e-01
5.412416412143246092e-01
5.826109300816100234e-01
2.694505964059011327e-01
1.974919829362694612e-01
6.780589901925812013e-01
5.772504338711478278e-01
1.977480752601727676e-01
4.922946369136732003e-01
5.230487842050819403e-01
4.466608626538700055e-01
6.975780849329829003e-01
7.073720632196057734e-01
5.991245430771913183e-01
1.890548101024037420e-01
2.030497737690702686e-01
6.190478082738033461e-01
6.401437004519671126e-01
5.496062325896972078e-01
2.690314722360551691e-01
6.763652102466484184e-01
2.767894858281612636e-01
4.102787766024361127e-01
4.475773238196560921e-01
6.701624405959403230e-01
4.812932255451596308e-01
2.881233041808824447e-01
3.127765633101498022e-01
2.836000560486903188e-01
5.356050175549489367e-01
5.718172199063574768e-01
4.818721572714766976e-01
2.963610206422899185e-01
5.759543176239266815e-01
6.070816540327819144e-01
1.990163182182829726e-01
6.159000481180645359e-01
5.869201439667964815e-01
7.977878283444365115e-01
4.761761752485947907e-01
4.663816573327005388e-01
1.894508743250106486e-01
6.138572060709521772e-01
6.272217573213023645e-01
3.845750349840164062e-01
3.948419915399740687e-01
4.683988708318303495e-01
5.146637002881120360e-01
5.080434168260530292e-01
2.488055625432541718e-01
2.966220341696900742e-01
7.884309725702255411e-01
6.505937374583097288e-01
2.605426745605696204e-01
1.939967321265726463e-01
8.179340927452356524e-01
3.550591199276403875e-01
4.096478256611516544e-01
1.894160483862806221e-01
1.919369662141345301e-01
6.024066134663683680e-01
4.888398175329890516e-01
2.331253145997400078e-01
2.731112220896686482e-01
8.157879044052332995e-01
5.695113132191290672e-01
6.395026014933183900e-01
4.836305709899133554e-01
6.087287285381270951e-01
2.733508292027992947e-01
2.720974851890272661e-01
2.181865835005276089e-01
6.301502378892384071e-01
5.300053253325510694e-01
8.183637887443696579e-01
6.854443698618774006e-01
5.772906541288713722e-01
1.918694630407789814e-01
3.386048996335951911e-01
5.026527958567816867e-01
2.668950610101368248e-01
5.947585199121828703e-01
5.666699606233424058e-01
1.948456357875884004e-01
6.623762174421519155e-01
2.490936602154595336e-01
5.952540717540462101e-01
5.350266474285487739e-01
6.637521089013200815e-01
6.487458916134886122e-01
5.774910195268219137e-01
7.731804257726765384e-01
5.829851163570501926e-01
3.449313911825576118e-01
2.526994568886564707e-01
5.096034618036713315e-01
7.967821775898380476e-01
5.592451335636114962e-01
6.111183223816508692e-01
3.654878242873723648e-01
2.134679065027000333e-01
6.203838692147145562e-01
5.448176071517719654e-01
3.482006240945103581e-01
3.067246485777512244e-01
4.233836662676151441e-01
7.995839703529384890e-01
4.921791204346103732e-01
8.164408911846611216e-01
6.112834760679775048e-01
5.902500074498476801e-01
2.020323339986893341e-01
5.789647127810085836e-01
5.620138115310734372e-01
5.393356629566490312e-01
5.986502343566667550e-01
5.994667708276726348e-01
6.558890538759633015e-01
5.457734408151492245e-01
5.426232221790499022e-01
4.892768861391666446e-01
5.337101122831847677e-01
5.979044443363641381e-01
4.203848603383446569e-01
7.614799414487202212e-01
5.961841598319058688e-01
1.895872207862804859e-01
4.564953917649141601e-01
6.975842524226958385e-01
4.841399445942841107e-01
4.089661655661138151e-01
4.375974600227053313e-01
4.666073341128789687e-01
8.149583707995073922e-01
5.881083488671992043e-01
8.053027185177402680e-01
8.103797297477384198e-01
5.839105560930526462e-01
6.042672133263127243e-01
6.292380193878108763e-01
5.159485272857663452e-01
1.889679065435933558e-01
6.010873078059859598e-01
4.643796718568061754e-01
4.109038988397875625e-01
4.717371667678758040e-01
5.929374973335894694e-01
2.664818488405689134e-01
6.515600754860025878e-01
5.695918091096033864e-01
6.223369749482231539e-01
5.904360662914682756e-01
2.280387281112679632e-01
5.258017323865430415e-01
5.696744369115325224e-01
4.875475867002098673e-01
5.805111846912180962e-01
5.982173962925655397e-01
5.238889823659993450e-01
5.095221218950124475e-01
4.843430224661490757e-01
8.182131253537733295e-01
2.404205571664427554e-01
4.843046843968470960e-01
5.601390724739593319e-01
3.981643048921739148e-01
6.098079932734027375e-01
4.510571231609624143e-01
5.472021886150739700e-01
4.072845825008277743e-01
5.522621470388109355e-01
3.839379064697443500e-01
6.224051203188406545e-01
1.894030856190560552e-01
3.181312117208967005e-01
5.140653962097303520e-01
8.174989552657554448e-01
5.921016943748973471e-01
2.962111704974502158e-01
5.115425073327032335e-01
5.071713177606033129e-01
5.131640307172653515e-01
5.639425992851206937e-01
5.452054831060996198e-01
6.154460441095767065e-01
6.070874798752682322e-01
4.580393725249979897e-01
2.771205768751255905e-01
5.828553138545058410e-01
3.395758060297232039e-01
5.994509103456472365e-01
5.908687126811982271e-01
4.883424447884804898e-01
4.221707514719222898e-01
5.998730065512377641e-01
5.098702968585948625e-01
4.535393675279226766e-01
7.035919173884295219e-01
6.057912049278501021e-01
2.725433904715982569e-01
7.819280847177125793e-01
3.898511100769257443e-01
3.899387506206623000e-01
7.635861271278371332e-01
6.947361809305540037e-01
5.842373491083421300e-01
7.039782233212413809e-01
6.275182165124517653e-01
6.028821457622838276e-01
6.066214341066971105e-01
1.961929591617184165e-01
2.139129180577223066e-01
5.487701644959271929e-01
5.827531635552530842e-01
3.174990157200233143e-01
1.893607465547133828e-01
8.130998484793989789e-01
7.805428298624307315e-01
3.109443514941750419e-01
5.959164629907205413e-01
5.451593036327557762e-01
6.079446173511093843e-01
7.146017124442178847e-01
2.878044321928569516e-01
6.187709685080197142e-01
5.941605427054695854e-01
1.892816493573221681e-01
1.889529158124159947e-01
5.511941965052508108e-01
3.655742894280944455e-01
4.177391433770913931e-01
1.926801853922666952e-01
6.643686704507318908e-01
6.567117354997558110e-01
5.359969289390287273e-01
5.808526073102300291e-01
5.964781362305097145e-01
4.856239860169158096e-01
4.925237925313987741e-01
4.720340455364338550e-01
5.723123669399409197e-01
5.378642064891974162e-01
8.136588078340559749e-01
8.173318277896680639e-01
5.825301280889617628e-01
2.006063929972914106e-01
2.960330656637393254e-01
5.034932203009494511e-01
4.969188275422386503e-01
4.839956771335499064e-01
5.991477540192017281e-01
5.051161199237786947e-01
2.945226477291469913e-01
4.196133049988674535e-01
5.247194770893774951e-01
8.161283062395662258e-01
6.066715877799307988e-01
4.133720656069810317e-01
1.893849442622286827e-01
7.703432393999024574e-01
4.646583444284191344e-01
1.902141386463933603e-01
5.165602379448829273e-01
1.886338492761521213e-01
4.311418717618098473e-01
1.923828344335714868e-01
5.913817506707831351e-01
5.952985963510881717e-01
8.184902652062719941e-01
5.612313861821464078e-01
2.899622491767606114e-01
2.171605026983080278e-01
7.149878836076679622e-01
5.449799749480143118e-01
5.544788507633549024e-01
3.266123477035925982e-01
3.223332571586828843e-01
5.365775877903457003e-01
1.990835596562594845e-01
5.652017619817960581e-01
3.376548037382607337e-01
4.391003857171847380e-01
5.903294949520117019e-01
2.952691948219667295e-01
1.895654181273888073e-01
5.933591912172889726e-01
5.272356708409599024e-01
5.602814273603593520e-01
3.018547894651608110e-01
5.965265804917717629e-01
8.138089480987141799e-01
1.930793744605786844e-01
5.102030092191534028e-01
6.882201998842534252e-01
2.583906995639486670e-01
6.603922670490257607e-01
2.293080336675547837e-01
4.733438382591811378e-01
2.251930625718913670e-01
7.052625012026965123e-01
2.942669077656568932e-01
4.832080383091476028e-01
5.934022616379531767e-01
6.922300150412423747e-01
5.216228749552941357e-01
4.035543818364603075e-01
3.545063149579649742e-01
6.483752163167763038e-01
5.965317386261679289e-01
2.394067882179687634e-01
4.169752712884341461e-01
6.913188995926323743e-01
8.184563634181846181e-01
5.784853227677549947e-01
3.987970137743903076e-01
5.755277369777981322e-01
3.832917378187613022e-01
3.424195721662835479e-01
6.276944369129078272e-01
5.749286823850050521e-01
8.090010408332753977e-01
6.032609808142942454e-01
5.923073520249829693e-01
5.755774375097533202e-01
3.152672621143492449e-01
8.181977579667000233e-01
4.725250339728558902e-01
4.902523579088855499e-01
5.348662872642221400e-01
3.336634129572864649e-01
4.976340265989407374e-01
8.158229901773484949e-01
5.046606766351338091e-01
2.967120454234385418e-01
4.810879360570475272e-01
6.153331917000559592e-01
4.832241627613282908e-01
6.168345304725759704e-01
6.077014754455840606e-01
8.190780846579653884e-01
3.030378855892165713e-01
5.494627868353789690e-01
5.963472161893750290e-01
6.401374057111675064e-01
6.075538668871568460e-01
4.038087035275902403e-01
6.008462819403093125e-01
6.161123767526970330e-01
3.172609195463427789e-01
6.887831740568659544e-01
3.368824591291672554e-01
8.138838238142870329e-01
5.893273155679328301e-01
5.242394566510729659e-01
1.891638380318976242e-01
3.347296818648990424e-01
4.145777320668443400e-01
8.092457469376173052e-01
5.988276825229752465e-01
5.952131154629641818e-01
6.743813749857693329e-01
1.941969836941194461e-01
8.170607550770743188e-01
1.885252583590444619e-01
5.334607102831819825e-01
6.614286529411028681e-01
5.802071728217920166e-01
2.579186452381232453e-01
5.066099789048185142e-01
3.303887357291123150e-01
5.928993574175809300e-01
8.177707857703035987e-01
2.497722727306888879e-01
5.928522323661531424e-01
4.664337290968218475e-01
2.532893995302478163e-01
6.497300936411600780e-01
2.541407615669850628e-01
6.633849176546541271e-01
5.737696491489501227e-01
1.921839956805060923e-01
3.792635209692475362e-01
1.891423379620454925e-01
7.396992276002648525e-01
6.274499738824862449e-01
6.303686605599486681e-01
4.777295204961533592e-01
3.623472904409055784e-01
4.844264874198096482e-01
2.894888044749588385e-01
4.627760037455298514e-01
2.590759239018466942e-01
1.899069967651609292e-01
3.531369713258020737e-01
2.114649356466012931e-01
2.073798002094636439e-01
8.146399807347223243e-01
5.947761418347188300e-01
6.328011810395907100e-01
5.729599641371775354e-01
5.962125790104498835e-01
5.834427813841329691e-01
5.563179446053085897e-01
5.197264797888588861e-01
1.904359657677659468e-01
6.244177701098638789e-01
5.846386771541517424e-01
1.942050612058116021e-01
5.298705542100892174e-01
1.882063708119560419e-01
6.695541806373368487e-01
5.520010805564175005e-01
8.181749035170425843e-01
5.842646909751098017e-01
2.088447239766513253e-01
5.130235553485009703e-01
6.016730745904014244e-01
4.984512544978516035e-01
4.673328142699501586e-01
5.937005443091168955e-01
5.834114412984451326e-01
4.343318942096773827e-01
1.924084510286918626e-01
2.902317106253312073e-01
4.634664914707562478e-01
3.584965610246825807e-01
2.322552450382241451e-01
5.763182421222006191e-01
5.911377312154156849e-01
5.366828457547995201e-01
3.821766928282047671e-01
4.043687928068316895e-01
5.407992902418999881e-01
2.061037647743501622e-01
7.044031916745846500e-01
2.512894412698015167e-01
5.914282994773335522e-01
2.983713784728662666e-01
7.589484679352122010e-01
2.852523181502401028e-01
5.039935685936364207e-01
6.473610927898032497e-01
3.313317671488963390e-01
6.349279068337086995e-01
2.070824313822513529e-01
5.175846652192576114e-01
4.691902889139896171e-01
4.480397149735993456e-01
4.980153931320353555e-01
5.229074894306505739e-01
5.042108740428314917e-01
5.131774020402108949e-01
6.016140358783343967e-01
5.990332873391069901e-01
1.881821209584228494e-01
2.322016080019828899e-01
7.203774525093478154e-01
6.018342802699383487e-01
5.737713539015325548e-01
8.138799364920351609e-01
6.974588575516259548e-01
5.564636800098192726e-01
2.339730151983779594e-01
6.921413124375809245e-01
6.690581107657709303e-01
5.795392094254829818e-01
4.504790306282002166e-01
5.462206371797563298e-01
2.158412275548724779e-01
5.958240281884065181e-01
5.437187245926432544e-01
6.565191024709999823e-01
6.122566798174661207e-01
6.527061789157213578e-01
6.852394839186961573e-01
6.299972423883855033e-01
4.838946249480682860e-01
1.966783202398276476e-01
5.699596762122725035e-01
5.971175040513270194e-01
2.776424547621122452e-01
4.690095216229640540e-01
4.583476487284516288e-01
6.956323544627294186e-01
6.651029551152651820e-01
5.990738279597573879e-01
2.627366521282159528e-01
2.457854030277185631e-01
5.651599313685902182e-01
1.884166140514938192e-01
4.396565468904217733e-01
2.989153457115802937e-01
2.810518749591040533e-01
3.759001237719925559e-01
3.692973561631482937e-01
5.104884515304702886e-01
5.822242759357616482e-01
1.902815639944921977e-01
1.893051202925146170e-01
4.266101174785197903e-01
6.921870369296581060e-01
8.186099412199397962e-01
5.695713618838733616e-01
5.282763362243704242e-01
4.971042495971453312e-01
5.953317983161462434e-01
5.907906086949578084e-01
2.618184991045862664e-01
4.576192788313184212e-01
1.896781985245988567e-01
4.821029730331690133e-01
3.873809677258081008e-01
1.895395776427656331e-01
1.897407763337435049e-01
2.907381330292525545e-01
5.554438926922683484e-01
5.970926174206934167e-01
8.036757143771064982e-01
1.915231292132918706e-01
4.855542906556782334e-01
3.787571590558257983e-01
5.727060086106403602e-01
6.161827918936521042e-01
5.385352922117944141e-01
5.823716107380586537e-01
3.137802726858004432e-01
5.993447545481422889e-01
5.766230781472813094e-01
3.202597228464072465e-01
5.977020114259450345e-01
5.646673931643449995e-01
3.472286630277671149e-01
4.897824810254147176e-01
2.839558651078457618e-01
6.650811338662178107e-01
1.955858801674055514e-01
5.890003353145205622e-01
3.463224770357807292e-01
4.965499303594431146e-01
8.138987946306176502e-01
3.356905496731185656e-01
5.988323172278172679e-01
1.897803403375556974e-01
7.153228374429406733e-01
5.246418893978452846e-01
2.008278476697340498e-01
3.499226299982063360e-01
1.928313877542849053e-01
3.086357455848746656e-01
5.551587159443246433e-01
8.075330821913649926e-01
7.192568153071544623e-01
4.617628614135924625e-01
2.209560406698950485e-01
4.017124898744258155e-01
5.967581792881291314e-01
4.392266906732747445e-01
4.581095051443120347e-01
1.990304766534066738e-01
6.478554877377380450e-01
5.489609695982460291e-01
3.711699932414236347e-01
4.428537165554360944e-01
4.929062051324711868e-01
5.446740683370751013e-01
2.557941118703154215e-01
3.339340536050709463e-01
5.379580561050487653e-01
6.626614240721768745e-01
6.323919862033622330e-01
5.496922841700704332e-01
5.195259245700158957e-01
4.290419632161138197e-01
5.330942296822596127e-01
5.488899307662954419e-01
5.983121023217725654e-01
5.296521485892528025e-01
5.535092403061254718e-01
3.492586449278444749e-01
2.899189171916975449e-01
5.976913021836138817e-01
5.308409220710190723e-01
6.474480171021804731e-01
5.820979325440923668e-01
3.065785638373951794e-01
5.360051788709133680e-01
2.512914675521931707e-01
5.138735364489542823e-01
4.349001253359927044e-01
1.897255476279920972e-01
2.717821266592267970e-01
2.499926351235863264e-01
3.198819983302392256e-01
3.445775963486189530e-01
3.368891008847211821e-01
7.126171388870887746e-01
5.917440750609852529e-01
6.048201934186666628e-01
4.128835723265148472e-01
6.216904834099478139e-01
5.512189490381756984e-01
3.486595122692193183e-01
4.770019697732829078e-01
3.223196720779232805e-01
5.460276766928567893e-01
3.767254450417301115e-01
6.223055715345131578e-01
6.090322659817801743e-01
5.281112225317728948e-01
3.675884455106734339e-01
3.705914097620572334e-01
4.719367647532982102e-01
6.195304290501629785e-01
7.349396068632993995e-01
5.481904171231034573e-01
2.429018915398307721e-01
4.631689434793259119e-01
7.924469832255567336e-01
5.526150600162951232e-01
3.076225225320108336e-01
5.554978186360577386e-01
5.703402142600546565e-01
5.638409720650816581e-01
5.232458693820923878e-01
5.434943587763894080e-01
8.173918729578854014e-01
1.942931497960707077e-01
6.677144370291420161e-01
6.018334541818869399e-01
5.241662183350405124e-01
5.909610716507356365e-01
5.450322158133702466e-01
1.894364136637178564e-01
4.530101585800980213e-01
5.602405470781572916e-01
5.969933751118962073e-01
5.904229014328447045e-01
2.028071313595529168e-01
6.984342872185733686e-01
5.744903162265712071e-01
5.170602654342437710e-01
2.066322964031152010e-01
5.993335609896940364e-01
4.275476412015375427e-01
3.218118852412341635e-01
3.810451434466864407e-01
6.322184400779932156e-01
6.607545423550233998e-01
3.239442915474859408e-01
4.669588916356726682e-01
5.707216040501044141e-01
5.016368313824071112e-01
4.632755607976917211e-01
6.977905067362165648e-01
3.481083671312038552e-01
4.664025909240794299e-01
4.208099167829675857e-01
6.060298581967591414e-01
6.154863623136042072e-01
5.767229047317865565e-01
1.883037804763930123e-01
5.914433336283547726e-01
4.795001790968722033e-01
4.851583442533388135e-01
5.840806274839418499e-01
5.527412654467884767e-01
4.669189387604400499e-01
4.438772195544110621e-01
2.972819220596758516e-01
2.733736599896909869e-01
2.011434783372405277e-01
5.926365178518891996e-01
1.889471723313222440e-01
2.757015681430053933e-01
2.430626495320590552e-01
5.435664574483993761e-01
5.682555150081785023e-01
5.935585841144159769e-01
5.731701082692287619e-01
2.043268414158956603e-01
8.125142015715876020e-01
6.011189803566102663e-01
5.662269493746444615e-01
8.174311399258343824e-01
4.949175436562893160e-01
5.753294499784260552e-01
6.325581681352717700e-01
6.913393382646909613e-01
5.946866141828716090e-01
2.117254855194446173e-01
1.890159112702629041e-01
3.497432420138173459e-01
2.231486587382248699e-01
6.356558270584947712e-01
5.699871122726211103e-01
6.315489683014022804e-01
8.125147083293520200e-01
4.244030041744968895e-01
5.330042450727472403e-01
1.904239365461125322e-01
5.651077082939960361e-01
2.928634700820083037e-01
3.631423949528858053e-01
6.622115788318948537e-01
5.846998693918589174e-01
5.962184151509751784e-01
7.600047936985000474e-01
8.183600820142115095e-01
2.480474861210312520e-01
3.850416306609891204e-01
5.319640489400109251e-01
3.374933490898596178e-01
6.382638992283607982e-01
6.308252250549356566e-01
5.144286976002333533e-01
4.675235637213862039e-01
4.980476359953702192e-01
4.335496669069203723e-01
5.710014604499313862e-01
5.726892869417871124e-01
8.160293479901373770e-01
4.815555811527835739e-01
5.233535330804357510e-01
6.241357344690208198e-01
5.377551949648320395e-01
3.681546640987045094e-01
6.160295836530305102e-01
6.159231708245744841e-01
6.161902187555124977e-01
5.417933464935001941e-01
5.920299884084196940e-01
4.296533696273617253e-01
4.593878973510981956e-01
6.410720729974441756e-01
3.958525705593998745e-01
1.900034283476291497e-01
3.397007326274381622e-01
4.706707121173295261e-01
4.807497590002707821e-01
2.064665372721812275e-01
6.651270546323965194e-01
5.310770907269133367e-01
5.079868146200083867e-01
2.247436744076317938e-01
2.583661214672856032e-01
5.603386192952863887e-01
5.138474607902500102e-01
1.932387786428814702e-01
5.966819090480454113e-01
5.256585074982016437e-01
1.963944790674363172e-01
4.879715540196312706e-01
5.839726481580037598e-01
5.946912157444596003e-01
6.509800705161310486e-01
4.307432179880766876e-01
5.535778267776465533e-01
5.327573793288803428e-01
6.090417068130458134e-01
6.005544365715324018e-01
5.337061399497639025e-01
8.142791545458329949e-01
4.873695307194876314e-01
5.855988952482021892e-01
6.456792212893280869e-01
6.741764757877334313e-01
5.982496416607315792e-01
6.494979587058697934e-01
5.276260395158604011e-01
1.894786544427022046e-01
5.138302935465192123e-01
1.894307313468603371e-01
5.527294583561369601e-01
4.258127593339089967e-01
3.740787738148135810e-01
4.266046866647422164e-01
8.159262980654055086e-01
2.203298104709878191e-01
2.496762114353543172e-01
5.932928669572848923e-01
6.159569850620439935e-01
5.956464786982046400e-01
5.520383102456550839e-01
1.891762335437534859e-01
6.197434836275970138e-01
2.195299359890905688e-01
5.975515684131531557e-01
5.230197368107032396e-01
5.996557387525063287e-01
5.615440815217832560e-01
6.190711857255005723e-01
6.676023538405874147e-01
2.234217815954747666e-01
2.230024594195324783e-01
5.292913698334592576e-01
6.133036123554597152e-01
5.548087048964239765e-01
5.531125722356160512e-01
6.645187831333262407e-01
2.848677713321813854e-01
3.430245755641159744e-01
4.447002970675213440e-01
2.768587421850616792e-01
2.866162528003718957e-01
2.881499051518043863e-01
4.094574189177931922e-01
7.915299646743816364e-01
3.874606971048410453e-01
8.154901135902843379e-01
5.419303683848528674e-01
5.948321283613389188e-01
6.039456309785300459e-01
6.639920732037757345e-01
5.513616321064760406e-01
6.253376370136474183e-01
5.250424162020389529e-01
2.528614763556129019e-01
6.701623515758772243e-01
6.089778429566080620e-01
3.502008733757041026e-01
1.915241324572168335e-01
4.497171210677363140e-01
7.019251122014811273e-01
5.845780164487128783e-01
4.965620423489995328e-01
1.945241622003739956e-01
8.129568584604239811e-01
6.689134559885925313e-01
2.184854767233253559e-01
5.213696773862845912e-01
3.544294268823010019e-01
4.536177936509285247e-01
5.071393977492980598e-01
7.193765182016209625e-01
2.505174207657973606e-01
4.876981564434927918e-01
1.932885724721619680e-01
7.616163617295519384e-01
7.333421871396732517e-01
6.246737931386109333e-01
6.108512799002095983e-01
8.155082819309731335e-01
5.728631378514006389e-01
5.742362993674360316e-01
6.361436705324995389e-01
5.378026321199128601e-01
2.111994474422618229e-01
6.847485607865864132e-01
6.246511923532437338e-01
3.465339413621646436e-01
5.362941005231243174e-01
5.345735051753761624e-01
5.182268348511408496e-01
2.143508636002415257e-01
6.321951991144436622e-01
4.513328278260881343e-01
1.891619721711428892e-01
5.984286224742674243e-01
5.533762396108089510e-01
5.844528620184408219e-01
5.959581980797378220e-01
5.278760948340008863e-01
6.090120655980331144e-01
5.254589862942699030e-01
3.065009345304273713e-01
6.402615050821676146e-01
5.635555074824248889e-01
1.892745328966035923e-01
3.187579334442919299e-01
7.976890254425200721e-01
3.710409880476762123e-01
2.422536704642605232e-01
3.674340681242341811e-01
5.994777944305120787e-01
5.173527593446284323e-01
4.517505335096186903e-01
5.087057819268826497e-01
5.520968061164857055e-01
4.950116941934699089e-01
4.350861986267251513e-01
1.988103851083426188e-01
5.477675958907438636e-01
3.504847081968010536e-01
6.405313634471409001e-01
6.091561071139197647e-01
5.255154991588659730e-01
1.988736031694546547e-01
5.116932547651328322e-01
5.350170004397506451e-01
1.980382435275314934e-01
5.951284339623758024e-01
2.120871235119027864e-01
4.782619843852762842e-01
5.221130050632128983e-01
2.572517795244265160e-01
1.998839481738113322e-01
6.065735043457293196e-01
5.928653985846109586e-01
6.281435546293754335e-01
5.341293400956976800e-01
3.165326987653583890e-01
5.113800715362504246e-01
5.486756271569401822e-01
4.575197407299355090e-01
2.308090583964292619e-01
7.014301016174785408e-01
6.231426075517072505e-01
1.943997629778806968e-01
7.011190121039386769e-01
2.792234815459436748e-01
4.828683848794482758e-01
1.970785597218484564e-01
6.867307558084005947e-01
5.979617916866454275e-01
5.232012580989425787e-01
2.150001500422777934e-01
5.627877212932136386e-01
5.486402890547967814e-01
4.484277593467785317e-01
5.546350765072025624e-01
6.751826736106589788e-01
5.432686802979835861e-01
8.178905142777102011e-01
6.125959819274431339e-01
5.462739784120392850e-01
2.071420925871828023e-01
5.981116382725196745e-01
6.134890201233312856e-01
7.091017365900063041e-01
5.435820654822401954e-01
8.030776738370073442e-01
5.117169626652744441e-01
2.820597430464371058e-01
6.555150180036275476e-01
5.413583687835494818e-01
5.566896610167947346e-01
5.155825148039833161e-01
6.093728450388967710e-01
2.737271571281604254e-01
2.060969478009531397e-01
2.175241081144827782e-01
1.918349701029453125e-01
5.927044906928637946e-01
8.178066905873648818e-01
6.450733371512386016e-01
5.339705130916977405e-01
6.470760622775053594e-01
6.008928849741875799e-01
5.981263063030114457e-01
7.161614930659693234e-01
5.475064735324268739e-01
5.315074066489171578e-01
4.545795495730353686e-01
5.070600798451281310e-01
2.814281547392150085e-01
6.391197571952222933e-01
5.534181283726388179e-01
3.776567260015273320e-01
1.896674181102085410e-01
6.375572448885379329e-01
7.000328298783339287e-01
1.988204320488756172e-01
2.268178970950728568e-01
5.717207736751283020e-01
5.465696562800099745e-01
5.553364758512588928e-01
5.524354486100467865e-01
5.290220464562671587e-01
2.108648200457706734e-01
5.241755267436913890e-01
1.898111107320249458e-01
5.807223982220086622e-01
2.028332881416233247e-01
3.774033720087189292e-01
4.475120015066724188e-01
5.178633081350337841e-01
7.099158817533346433e-01
3.948953119158359337e-01
7.836074121182374785e-01
4.758658106271952959e-01
2.664474432850544305e-01
3.246050185352755135e-01
2.798268374601399766e-01
6.651450118095172392e-01
4.763715864858483751e-01
5.428592027377924234e-01
1.898003677069071415e-01
2.670433563853787939e-01
1.900796758049695390e-01
5.841472835362947480e-01
3.676111129292365387e-01
5.275461812534308903e-01
7.655579839489997651e-01
4.908790930609693848e-01
1.884395514948468409e-01
6.762277552680434622e-01
3.374661091665900892e-01
5.647747400789214778e-01
5.711392844951957981e-01
4.721313551131475772e-01
3.445293825920053843e-01
2.737405894283806429e-01
3.435970553584153930e-01
4.166796855799365651e-01
8.158408556289774571e-01
6.963770817965758697e-01
3.000379539357874159e-01
3.115285179552517714e-01
3.847120543840066853e-01
6.423462142861867674e-01
8.102787310771865092e-01
5.971970047519786773e-01
5.520054599394065287e-01
5.390821068134082905e-01
6.576110101527303797e-01
3.022461632166248968e-01
5.028085435470468489e-01
5.132932386012507564e-01
2.002226080495959071e-01
5.735791400897037873e-01
7.269452264498340588e-01
5.245982002233986474e-01
5.864633996352331957e-01
5.550002175236055102e-01
5.415255157610927572e-01
3.340792240121703838e-01
7.041412849359208748e-01
2.212775085124223384e-01
7.026177526694699083e-01
3.119148773131675267e-01
5.582035242293328370e-01
6.325966044651863962e-01
3.058817260861457221e-01
6.380007355644331524e-01
5.228201712543590896e-01
6.104890927536876788e-01
5.941247437904453310e-01
8.168163736301676803e-01
2.623379639518649276e-01
5.738166017073828007e-01
5.964032327819405177e-01
3.390703981615620921e-01
5.742685908540120510e-01
5.598505497283615684e-01
6.624822728951572648e-01
6.012843528218914102e-01
5.587547932180801924e-01
3.307635032022331334e-01
1.887207567896312388e-01
6.050814122235220749e-01
2.313099620451879446e-01
4.848322805052385776e-01
8.165423207009137041e-01
5.556068794559340107e-01
1.913028183446879027e-01
7.080026049350335304e-01
5.964223189441598683e-01
5.383019523714013266e-01
3.449476252167116286e-01
2.421563823499421342e-01
5.548619978940988462e-01
5.040529768185928461e-01
5.970882169788369609e-01
3.581592263083891448e-01
2.396874418369480952e-01
5.669079229887215021e-01
1.893585655918941790e-01
2.409823471884568191e-01
4.807661253649760935e-01
8.066511835624329274e-01
5.683308750704318957e-01
5.266818938334226763e-01
3.156952549064884761e-01
2.651696428132254146e-01
7.335892158547635544e-01
1.884042966085189841e-01
5.945537021281090961e-01
4.069760710486887700e-01
4.242708515122671220e-01
5.962304995974736510e-01
6.451006891323189940e-01
3.627378757583590296e-01
7.178199871447891178e-01
5.689582371686994211e-01
6.745315912340354991e-01
8.173106739316617908e-01
4.403608968909407118e-01
7.048345854540474242e-01
8.184093996619675737e-01
4.334131135062265772e-01
4.021065070201629843e-01
3.453984963285560705e-01
5.776950719337784479e-01
5.563775633014252930e-01
5.149539247139206521e-01
5.056546116473705776e-01
6.988717354059359455e-01
6.141987472746160970e-01
5.255322316512430758e-01
4.004103186048768026e-01
6.309900488820042730e-01
4.717912481829559801e-01
6.198340072853643079e-01
5.760672556348216400e-01
5.402614181384089997e-01
7.098271466040028121e-01
5.463360459817183656e-01
5.925730326838227757e-01
3.796094688004856277e-01
5.991264717807522899e-01
5.342023611426708340e-01
5.938873594181881543e-01
2.790784452783239833e-01
5.929560030439399165e-01
3.664474243847004598e-01
3.113808709542409403e-01
5.502796234497777661e-01
5.441296847543825033e-01
6.841263054267984201e-01
6.751278059804667331e-01
7.148896656294589924e-01
6.271806956623222629e-01
6.802465061542377622e-01
2.021261875294342869e-01
5.998853111965436469e-01
5.655928287665535903e-01
1.926294757806840396e-01
1.905000483158287850e-01
3.877686876757364676e-01
6.339177555441981582e-01
5.458846046735801316e-01
5.237676105107519353e-01
1.879595857336816833e-01
8.143640078829799123e-01
5.338617760082970953e-01
5.244127111613375858e-01
5.900587587352987828e-01
5.488778876643000126e-01
5.219844174732737319e-01
5.271432714591026691e-01
6.309299369452467943e-01
8.143425856784661798e-01
2.477944474372075490e-01
5.751798380597848981e-01
5.336975915835657780e-01
5.983289512710124880e-01
5.699846112956279409e-01
6.170907341762941201e-01
1.903712133935231143e-01
6.915477680847663677e-01
2.661937009962015988e-01
2.536766062406978772e-01
1.893925587631631602e-01
6.145073279252326603e-01
1.977172626813876732e-01
4.580962993024995100e-01
1.958990493088282325e-01
8.104907872222708587e-01
5.155193630923643466e-01
3.111707751717938120e-01
5.245109995121249868e-01
5.752035568810961452e-01
5.550588008499391934e-01
6.161218462658750727e-01
3.513763696423444216e-01
4.315606960492075483e-01
3.045350443183288403e-01
2.224249128121621177e-01
8.142982454431096917e-01
3.738417318177927884e-01
6.273641631041897426e-01
5.139402127602771264e-01
4.689277715343144193e-01
4.407204541750954774e-01
8.179200775112414057e-01
5.994658454756696120e-01
6.373354900382645072e-01
2.550752082792495656e-01
6.573031173015734252e-01
8.158191281266813366e-01
5.945760051311753669e-01
6.022425304436798132e-01
6.016444458550223029e-01
5.138577605607420606e-01
5.350960231913248766e-01
3.116815086326701900e-01
2.884471744350828315e-01
2.052900585658556376e-01
5.657139558311465866e-01
6.226687123796226242e-01
5.978206675121388036e-01
4.757257801819317899e-01
6.630508673376844797e-01
5.952603010295827168e-01
7.194282695102158787e-01
7.015013420806440747e-01
6.086711579850129228e-01
6.088973772451650168e-01
5.875328894486175901e-01
6.085021319190059286e-01
2.193481789408579519e-01
8.162462531134395682e-01
6.073689377657276456e-01
5.377570881037455619e-01
4.294166565187154672e-01
5.840330035859345736e-01
6.213540655747814556e-01
2.476419335249219200e-01
4.070820949894803920e-01
2.141621991000131620e-01
6.027373995646497784e-01
6.745658380482361105e-01
4.812174276749996982e-01
3.637482596642714894e-01
8.153152756239298027e-01
6.209658003966445072e-01
6.375459618512857585e-01
6.908987543934259623e-01
1.894869594382065925e-01
6.946084828361276386e-01
8.115592734744320191e-01
3.908276464103090375e-01
6.821097667421632815e-01
8.175373111047931074e-01
6.845204801766756608e-01
5.491413247537285658e-01
2.125541544299509311e-01
1.905222730072007320e-01
5.934480763660768821e-01
7.629964175191396025e-01
5.597479059914868271e-01
5.507139849808163623e-01
4.780375583636061187e-01
7.902078951757022240e-01
6.233307451597301929e-01
5.358279734151821794e-01
6.241028623140515430e-01
5.465789244562414551e-01
3.282390783064192963e-01
6.233561553763672380e-01
5.183859008140065949e-01
6.162629971546468299e-01
7.886771490379467231e-01
6.818511379302799602e-01
6.235284981341415733e-01
5.393206478316726615e-01
6.630373899475996424e-01
3.027901806587636191e-01
8.190370336954908570e-01
5.096488910305133624e-01
5.919723154394951337e-01
1.894108847479127333e-01
3.012240045579223091e-01
6.034396168794393667e-01
4.543177343318734462e-01
2.041659903496997330e-01
2.848509386032455626e-01
5.530924843340506714e-01
5.377035952004829422e-01
5.327174719665872527e-01
8.164964958088480884e-01
5.989718344406259609e-01
4.786304871481448786e-01
1.917600761778338048e-01
4.254087672987924007e-01
5.096444546000507003e-01
3.301222630059875152e-01
2.145776519006476202e-01
4.117048047035267722e-01
4.499848224685596421e-01
8.138303541158415921e-01
6.569360050886667857e-01
5.504188114066534965e-01
8.075866387404325719e-01
6.281795139955449470e-01
5.286107767225676213e-01
6.139789521418457241e-01
3.612606435125220727e-01
6.167383102406258644e-01
5.787435518813428548e-01
6.143521479956960407e-01
4.128778977239438985e-01
7.270377509578386244e-01
6.164137225824847244e-01
4.723966896413798744e-01
5.344618149891122716e-01
5.619662147166816224e-01
7.327944680481413009e-01
3.866177126822075150e-01
6.649756320389694775e-01
1.901504394993848435e-01
5.540794908280610720e-01
5.358001882440318608e-01
6.241805863580024427e-01
4.206721154116216388e-01
1.902959413851480763e-01
8.183778258254976734e-01
5.962566224154061123e-01
6.394875747496127083e-01
1.885882992208789966e-01
5.958580475503046925e-01
5.696182981352635455e-01
3.106593890538282277e-01
6.088338812589491056e-01
3.216822118054008528e-01
5.483846601632934581e-01
6.783387860765799360e-01
5.405258787409932264e-01
8.177631648183001367e-01
2.259141399853285825e-01
3.924634289313807534e-01
3.796505455969654830e-01
5.781637639218157876e-01
6.571642430951118996e-01
5.970144099501409896e-01
3.648002635875122190e-01
5.826848010029475056e-01
2.991511277290429538e-01
5.470924042656464259e-01
2.032707796784832266e-01
6.739819985125010682e-01
4.671654584614585715e-01
4.179367150539817777e-01
6.147064289615148391e-01
6.028342951112500847e-01
5.329623391949445121e-01
6.714665526021709185e-01
6.045218170985013906e-01
6.138212307140512580e-01
4.668444282170220450e-01
3.672126435034846481e-01
5.572987594769241992e-01
5.603605305867758180e-01
5.986907666551745111e-01
5.430373256932009562e-01
6.074125437933067806e-01
5.658698869471822102e-01
2.993149749552211358e-01
6.397716522276349904e-01
3.545592968586250282e-01
1.878175283500984616e-01
2.634259512174970119e-01
8.155729481478608545e-01
3.281707277452407534e-01
6.898515286159154769e-01
6.147709502697435990e-01
1.918455000958754486e-01
8.126070490904933052e-01
3.681808018587829356e-01
6.548479647024260109e-01
3.808041612518303087e-01
5.527320288837447304e-01
3.921493597307726398e-01
7.172743394877305612e-01
1.893475462781703533e-01
3.278282082505242778e-01
5.105337206018374374e-01
8.132061700361224998e-01
6.276420857651030527e-01
5.369952035117702138e-01
5.341014042123866101e-01
5.760853008650692608e-01
4.809343043314631694e-01
8.181979854335977853e-01
4.555675977136933730e-01
4.868166506615649314e-01
5.913637240042406429e-01
6.116692146473641234e-01
5.292517723992216094e-01
8.125147185106713632e-01
8.018146514246276002e-01
5.434481657446915692e-01
5.855562988773911348e-01
5.937079880916651398e-01
6.442047011596511163e-01
4.350200336160285897e-01
6.838804005445414669e-01
5.524492133419878215e-01
5.530570290109974030e-01
5.270905592687857855e-01
2.215550054021247495e-01
8.190541155744063273e-01
5.496259145181099370e-01
7.256933215419062444e-01
5.994112093668290120e-01
6.857637795036619632e-01
7.007767243170401894e-01
1.996899818121597725e-01
5.447307446324280988e-01
5.936366646318800289e-01
6.226814306309325087e-01
6.295670089205093189e-01
1.925397176025252510e-01
4.319218437156612245e-01
6.030264957232289724e-01
4.667514205081908507e-01
5.241212237271026808e-01
8.158248081709754684e-01
6.670478673731514707e-01
5.876046664937076835e-01
3.581502782264586737e-01
5.282574794981448330e-01
2.237735859984479880e-01
2.477089535110963414e-01
6.926733172350322265e-01
4.301211523731845454e-01
4.642364193831941543e-01
5.858100471761934491e-01
4.608753902832624094e-01
6.050016931355783889e-01
5.719692162441935013e-01
6.527572215791905830e-01
6.801329984725024147e-01
6.001232976039485578e-01
2.033146655205466669e-01
2.674105203368181138e-01
5.252207560265166331e-01
5.553161735486202844e-01
5.984198532742036614e-01
5.987485221192005991e-01
1.879384046755129822e-01
5.123425776017349609e-01
5.326504262957992841e-01
1.894195419674583880e-01
2.261457294430798959e-01
1.894709456627046151e-01
6.311461331972797462e-01
4.802406050749503108e-01
5.674997657337924606e-01
4.016557170095666485e-01
5.632565033164709245e-01
5.922363987832111043e-01
6.112706836247879805e-01
8.107385119179230104e-01
1.989738884042016043e-01
5.335420636708444464e-01
7.618181450111705111e-01
5.978779800991965709e-01
6.148366589855346342e-01
1.924793914333438605e-01
7.191637940895252434e-01
5.941656411216966749e-01
2.810435232585150045e-01
5.511057586931424890e-01
6.151042922245066880e-01
6.590275382992206721e-01
5.199942373631787351e-01
5.197489621386158776e-01
6.554723946073719443e-01
5.999295447053992758e-01
8.089706563084884117e-01
2.815154469135672799e-01
1.932821864699345304e-01
4.758227588737046210e-01
5.482951805634432851e-01
6.178540098288488602e-01
8.163718978146815575e-01
8.132215828201537766e-01
5.192258414208684725e-01
5.213058709167757154e-01
3.222000079165854292e-01
5.420249976827304916e-01
2.483741728676886196e-01
8.112244379115192139e-01
4.854003132103340001e-01
5.804051909265861564e-01
5.684624535506611620e-01
4.935963712526634239e-01
3.955803728724560653e-01
5.228860119451077537e-01
8.144049382603828491e-01
7.980531930769537707e-01
3.989235555020890778e-01
2.299321560416115739e-01
6.813868746162087264e-01
2.666736621803757479e-01
6.025376024916658801e-01
4.373266260042754094e-01
5.175249233060111864e-01
6.703507461438581450e-01
5.155968528902028503e-01
6.611883979942214662e-01
4.419128103031856880e-01
6.447186504020555597e-01
6.277607362329783447e-01
5.774543909449885160e-01
4.832222093504123239e-01
7.086388237278611335e-01
3.434341438478777375e-01
2.072229747785764853e-01
5.616888894288242229e-01
6.037815495439194935e-01
1.896278099268836337e-01
6.870390682780085356e-01
5.368827664104972586e-01
5.255302858241853725e-01
2.868260193496488530e-01
8.178083372901734371e-01
1.925055355729762829e-01
2.023566805944869706e-01
6.640009443497962849e-01
4.695921776582060447e-01
5.855537601960897343e-01
7.497060197999440012e-01
8.178420073926502276e-01
6.145475208802549938e-01
6.543405338727348308e-01
3.297830280783211609e-01
4.055785658466105614e-01
5.246830089843538270e-01
3.047447634784584691e-01
6.730787410714218488e-01
4.405485837956916173e-01
3.166088625111781463e-01
1.893578905491244135e-01
6.842658346787172663e-01
6.044165708811296556e-01
3.851382105388985733e-01
6.007859055294731965e-01
6.573773210602263939e-01
6.278506041665593562e-01
5.031572493978121452e-01
5.017727027473080081e-01
3.487806018308108325e-01
2.032929145492199385e-01
2.046834038948383561e-01
5.809016409536603698e-01
2.235658690267888216e-01
6.171439606503915654e-01
5.385937565864494792e-01
4.918564324423518874e-01
2.929537618033334345e-01
5.971455871391512238e-01
2.702684854261681591e-01
6.962570762228111887e-01
4.761461374344135855e-01
7.217922442478335032e-01
3.219403539668381220e-01
2.379793299859361000e-01
5.043473981634861714e-01
1.893713210927975288e-01
4.454265811145111664e-01
4.832692032407676086e-01
2.087468116338039303e-01
6.598068999630363196e-01
5.267175740206869738e-01
5.735746997624804333e-01
6.047011566483347922e-01
5.941118585695579490e-01
6.267197808479570975e-01
5.257069952316912875e-01
6.585340916663241506e-01
2.745371229557370674e-01
6.328380934627050314e-01
3.619865038397261925e-01
6.924514425532263262e-01
7.145647375349962749e-01
5.992484474125753247e-01
4.948263599901732701e-01
5.926794579947065600e-01
6.277028110439381026e-01
4.236610820500720243e-01
6.216718148137729827e-01
5.381576126739042731e-01
2.131586153559316410e-01
5.999183172612627679e-01
6.081720192612541931e-01
4.881298788436313485e-01
8.159600914132125737e-01
6.755976936489108686e-01
6.008648183938253284e-01
5.364583909681129859e-01
6.169150890214876171e-01
7.427664411207889339e-01
6.763863773369528376e-01
5.393425330289084441e-01
4.872392125468606450e-01
1.919254193877277526e-01
8.138559702359031700e-01
7.826017069129548309e-01
6.132353039269264894e-01
6.413069009125846875e-01
8.177063667606315756e-01
2.948843829320628718e-01
5.108416890930801424e-01
6.259311909733554780e-01
5.830916640743162294e-01
6.101366838453741170e-01
5.451267938625680154e-01
5.363394326241661680e-01
4.894790691776867431e-01
5.351376612750156081e-01
5.730110491145703477e-01
5.674524333652791741e-01
6.139713579116929942e-01
8.160825449598381187e-01
4.390739995632468307e-01
2.131635665462562335e-01
6.040223471592265359e-01
4.827757052177628072e-01
5.365996684945256723e-01
5.242349350606372305e-01
6.644342029947924999e-01
4.795161566251329721e-01
2.082153269615916458e-01
6.159096502888816715e-01
6.128627455745991881e-01
4.794873935758814376e-01
5.273848534539672395e-01
4.044365191456423259e-01
2.947283044957779152e-01
8.143284185702792666e-01
5.985670000342696584e-01
3.712659713756205626e-01
6.062642100200325013e-01
2.804676449640571279e-01
8.076844746927581697e-01
5.681581530719744810e-01
4.354881359219154868e-01
5.380244901661311863e-01
5.297034265825734112e-01
1.976154459433215882e-01
1.919738024564154877e-01
4.895370644168439700e-01
3.208298346740464657e-01
5.519145617055394304e-01
1.969953480935336954e-01
8.159130461641648235e-01
5.251000228444444584e-01
6.165003419362191650e-01
1.922254611067196195e-01
1.943929954323825593e-01
4.922653673155021337e-01
3.132484740119440003e-01
8.162923160658760446e-01
4.411562394435130652e-01
4.722118448710654337e-01
3.350160489428379296e-01
2.442611794854562812e-01
5.602384922965937264e-01
6.358926847685255623e-01
6.726547004285164943e-01
5.890738826797022876e-01
8.167118372874588861e-01
5.956622111985219181e-01
6.121833895319421792e-01
5.233483587442476770e-01
3.183490660244261972e-01
6.625003635435318117e-01
2.611700842870029460e-01
2.865659548909125220e-01
5.739007636067606777e-01
7.107773294949630838e-01
1.887428422253850657e-01
6.131301823798930295e-01
6.389761850557864609e-01
6.185825822110799788e-01
3.484239275269558900e-01
3.570919660992459277e-01
5.379733565018558483e-01
6.932883848012740824e-01
5.962715085642097401e-01
5.195483420354598536e-01
2.800574289898024594e-01
5.581878524664842800e-01
7.066797284369704668e-01
6.326478589606163716e-01
7.070968473875596239e-01
2.769224831973838841e-01
4.907180351291583476e-01
3.854964980983670020e-01
6.251305079229874107e-01
6.950913586942811806e-01
2.475908434439990369e-01
5.133222435225814895e-01
3.332179204228405967e-01
6.518781824466490793e-01
5.280001003405003779e-01
6.223959870937489924e-01
5.365236639302010113e-01
5.426783960101336790e-01
6.035533766978300463e-01
6.380171297764953842e-01
4.931096563219188877e-01
4.870626448023819277e-01
2.004607882613692327e-01
4.620524165135592720e-01
7.184878238250465010e-01
6.117479897095614572e-01
6.029994660062187872e-01
5.339421066083958056e-01
3.111026572029884085e-01
3.210389200249254005e-01
1.881639171458922566e-01
2.123538941388742329e-01
5.587932531251191826e-01
8.179029234810166749e-01
3.975270242343138527e-01
3.045764993093323936e-01
5.292455883244973069e-01
5.822041354658107348e-01
5.909135815711448192e-01
8.167318494945581264e-01
4.015991819692985021e-01
8.107099480145538717e-01
6.494232190219864087e-01
1.886376624558384063e-01
2.019359111490351688e-01
5.963172837121054615e-01
6.339735986170516036e-01
6.449800898919699765e-01
2.017804975815902790e-01
5.716977327554428889e-01
5.326999092135995539e-01
4.016051722029121973e-01
4.271158877600568782e-01
8.107315994439482365e-01
2.638951168968385330e-01
5.343040679048226549e-01
2.099013997819743627e-01
5.906986847491567660e-01
7.836232322611145218e-01
6.101295917433297022e-01
6.155459257365035741e-01
3.306445356718986650e-01
5.410192001214672031e-01
6.249008852955728610e-01
7.287329011945817836e-01
6.578699254297322163e-01
1.880171225540389901e-01
4.580546879215705025e-01
8.132095174106529489e-01
6.901822224497723424e-01
7.188493060297417303e-01
6.560553647890151607e-01
1.974363846940914435e-01
6.012247199422388055e-01
6.408713827204503000e-01
4.471765726314865241e-01
5.742355421093128243e-01
4.737593960513107327e-01
5.447646779888809521e-01
6.694703321426523912e-01
5.891479137669322075e-01
4.365855277261042611e-01
7.248947445938833667e-01
6.179095241228079738e-01
6.610610160736616336e-01
6.223378040444710324e-01
5.382401911369254499e-01
5.297439300571927800e-01
8.129256673021252322e-01
4.838330591853196028e-01
6.781827046843188489e-01
1.996836839815850084e-01
2.470845532210987072e-01
5.789924130147365844e-01
2.741993252299976258e-01
5.236402774646120584e-01
8.172768494845747966e-01
6.227787607429942085e-01
5.943030712925159165e-01
7.023747289314666853e-01
2.070998527944731549e-01
4.985568398666600509e-01
3.365978256610035468e-01
2.859774149190505432e-01
2.827813813878802818e-01
7.027248724597769947e-01
2.339600922983798015e-01
5.961334913944849045e-01
8.107217011806350238e-01
3.271388407972413703e-01
5.764007656267977620e-01
1.893963553810005251e-01
1.891788345819335471e-01
2.876999900558832035e-01
5.506196432670112939e-01
3.952717634295379034e-01
5.729864749590507511e-01
2.961001322034899630e-01
3.012017543753213733e-01
6.633993056343376882e-01
1.913814672532694883e-01
6.888898325351638929e-01
7.729329767238820592e-01
5.072365808174166268e-01
5.418618811368631771e-01
4.957794461646046758e-01
3.319790912035750496e-01
6.578383793076023611e-01
4.269018124331759312e-01
5.783191308857186241e-01
6.328680660689586235e-01
1.892286556197186609e-01
2.917580626762300011e-01
5.799499355975228365e-01
6.002386278686450138e-01
2.938107925606140980e-01
3.798059181882122437e-01
6.053788578367352846e-01
6.012200450411033792e-01
2.183777519209434415e-01
5.507594494431644616e-01
2.022100959994740654e-01
6.036962888839129127e-01
8.169191846877410512e-01
5.811610049549739143e-01
3.429473782476704091e-01
5.571767487842588240e-01
3.459897107413593131e-01
6.073438753876070351e-01
4.097743035814107038e-01
6.051700451179848894e-01
6.162347909847101235e-01
6.199807999883404364e-01
6.213872536544933212e-01
5.496767973001087659e-01
6.094072237761168909e-01
2.972556129909817990e-01
6.029675786132498994e-01
4.063240191192349360e-01
5.158327886576443699e-01
3.899020739469762353e-01
8.106134448239592505e-01
6.261733322329028351e-01
7.799906538816810952e-01
6.031140787949822446e-01
2.039348504390895434e-01
5.979677930207327741e-01
5.054414897379845284e-01
7.073701322361063415e-01
6.018328357868354406e-01
8.160390127013976702e-01
5.083354883366739685e-01
6.182441983230916316e-01
6.590615491139039106e-01
5.088021377531897205e-01
8.190478201612544362e-01
5.558583839851873876e-01
5.219638515931022127e-01
5.203807880611825976e-01
6.590718115618988682e-01
3.667510237226650482e-01
2.281626041090284163e-01
5.610968040766980414e-01
5.315287545070989106e-01
6.235421938046540324e-01
3.492907231674891033e-01
4.868138699391693081e-01
7.041208522121699120e-01
2.071493113299115729e-01
4.146801195822278352e-01
3.446171496884810059e-01
2.956436271746956668e-01
5.301606987700169249e-01
5.702763066651510560e-01
5.102494716990790824e-01
5.406287546793753229e-01
6.371105680525234183e-01
2.668374761613472312e-01
3.028657655155505557e-01
4.964809071904274784e-01
5.561844320177886658e-01
5.239689089432371105e-01
5.493835514573796042e-01
8.163701662171086726e-01
3.050591876497134036e-01
7.109844994064167256e-01
5.765217051906784684e-01
4.813385391426416859e-01
6.035319841878388214e-01
2.131847125131140497e-01
6.033465864235616483e-01
3.317234150728335385e-01
3.478707131195300506e-01
6.013299195312853396e-01
6.147842296954666441e-01
6.266235479189271596e-01
8.179793158861625724e-01
5.415658884148569774e-01
3.059362523407296308e-01
4.163607049884650024e-01
6.755258527175055372e-01
2.957119228640520125e-01
5.892485895526695661e-01
1.999919495554429993e-01
1.998142052761776866e-01
3.619786419091716723e-01
3.941574438980871009e-01
5.958328016677161276e-01
8.125138269982222772e-01
5.186386529756903396e-01
4.634101120156363107e-01
5.655645024619390115e-01
5.469103934465103789e-01
8.165761055867810647e-01
2.653484454162327033e-01
5.991353449004049869e-01
5.138327723993423302e-01
5.424183871107587374e-01
6.882909218391584094e-01
4.556469026085867013e-01
5.239645868902352843e-01
2.872471723790460119e-01
6.071084539972146921e-01
1.958260003393993143e-01
4.628992365936956954e-01
2.077271008943003539e-01
5.306680975274619128e-01
4.796656115087255534e-01
5.991637247018655188e-01
5.963198610606318395e-01
2.026390251743680204e-01
6.068318132213489369e-01
5.443097986786276099e-01
3.863752891568262293e-01
5.152809470503338929e-01
5.271344707807514851e-01
6.140990006056602502e-01
5.329781037213883188e-01
3.973448510393429167e-01
5.946639489213689789e-01
5.343789579654180111e-01
1.982238535690425130e-01
5.188209004125183821e-01
6.171329095348280225e-01
3.429744306489885819e-01
4.844442353409491031e-01
6.111548291309052416e-01
2.087422093963988423e-01
5.729730652755337106e-01
5.172060506786835266e-01
2.184900904856418580e-01
6.366776192936384193e-01
5.936693186498696040e-01
6.757692536981040332e-01
5.825164504951765299e-01
2.043246315865921980e-01
5.438469659971336689e-01
6.179892835618315816e-01
5.146463713627673631e-01
5.163910707405110490e-01
5.187705671447087052e-01
5.997288597129426524e-01
5.106725763882395963e-01
6.001067293899283728e-01
2.120638625287190326e-01
5.553116573944908430e-01
6.338855488421043516e-01
6.218445462639187182e-01
2.043618400595574591e-01
1.898822428941942808e-01
2.752653285091850588e-01
4.398370753082491702e-01
2.538249114473165036e-01
5.134844273430474448e-01
6.329319184837558510e-01
5.197658894639106686e-01
6.109379132856873618e-01
5.457281247065322027e-01
5.477539381049151279e-01
5.651064737959271556e-01
8.168727695165891589e-01
5.370841520198067487e-01
5.506131987452034249e-01
7.010691735694725146e-01
3.829925199609881536e-01
6.156018603735244898e-01
5.340089669326911759e-01
5.433293960316647464e-01
2.659001986287446440e-01
6.195112836531129208e-01
2.770943407956901194e-01
7.869760134870776858e-01
7.151939776780846802e-01
5.451773209058166092e-01
4.393951150326813049e-01
5.603694324398706961e-01
5.338393447573182016e-01
3.268874369549534808e-01
5.266227921422900193e-01
8.172406347153470252e-01
2.646083629108241797e-01
5.687030562161411451e-01
5.276895104910082068e-01
5.521208461151110303e-01
5.160897577426842853e-01
5.092949187525743771e-01
7.287812508201492179e-01
6.155354519215263664e-01
5.235055312495490165e-01
1.970298016495496130e-01
2.920246419816678873e-01
2.739183762485113416e-01
3.261104416341440437e-01
2.115454558398192630e-01
3.608855105048852097e-01
6.007216831733085405e-01
8.163483184502616785e-01
6.114173903538356880e-01
5.089585402409211312e-01
3.293510893059780620e-01
5.225755547953702118e-01
2.003632990974578143e-01
5.186452929768703424e-01
5.422864575715076185e-01
4.130984129277016637e-01
3.568315257525916939e-01
8.146806033140753245e-01
5.380343517911853057e-01
6.595206812993008594e-01
5.508442996912469303e-01
5.381613143253982656e-01
3.687132566983732929e-01
5.276429348432603028e-01
5.269668930035621424e-01
7.224002151747336287e-01
3.402679826175497024e-01
2.432269296382016111e-01
5.385075475721885496e-01
5.154645093193486183e-01
6.827304022244585768e-01
6.247610239415500866e-01
7.073002706261120043e-01
5.217023979235418940e-01
5.207124783551450031e-01
7.421178326765576205e-01
8.175828295489562247e-01
5.301208184548743541e-01
1.913513002234952243e-01
5.222115371497610958e-01
3.883290865464267272e-01
5.979643890254389138e-01
6.053441155640647553e-01
5.365566036047910714e-01
5.070638127446291943e-01
5.386045537886937629e-01
5.260369966371761796e-01
6.594589882943019399e-01
8.179952991102478199e-01
5.284690281288150215e-01
6.193745329965373303e-01
5.708338001029418241e-01
2.718196132526415898e-01
1.893726205265882367e-01
5.425801321013943301e-01
4.123697558169346356e-01
6.460154634335644186e-01
7.819895600684962922e-01
5.249809218764103225e-01
2.862827595308191642e-01
6.523458841552732812e-01
2.221882939373681365e-01
5.321910879292048868e-01
4.232698675431186275e-01
6.312702527598523794e-01
6.172428924453907673e-01
5.917279082279708335e-01
6.006061236830810834e-01
6.573377755800841049e-01
5.367494235280564352e-01
5.724693802290673483e-01
6.290179856399756853e-01
5.964009340711045049e-01
4.276826796629177863e-01
5.684809214712732706e-01
5.827269959670667854e-01
6.203184044731590019e-01
2.062610557289506208e-01
5.502206922228336516e-01
5.195259478549520971e-01
2.083312523679054784e-01
6.541605957044630548e-01
6.307420120863228563e-01
2.104155620908510216e-01
7.397997206151931682e-01
7.110905786634872383e-01
5.390756275165831113e-01
2.932348269524812090e-01
3.700047862060915627e-01
3.925981865218613476e-01
5.868954879422345616e-01
8.132358860692012748e-01
1.906125212684796622e-01
6.283379312813592854e-01
5.202291288530336288e-01
1.907159019976771008e-01
4.886185063824934338e-01
2.936032221531276742e-01
5.294467159790969824e-01
3.417324378481690350e-01
2.488549176078562186e-01
4.386874698926092053e-01
4.012875965865918548e-01
5.475897420378533775e-01
5.909363035002216380e-01
4.759057243659747249e-01
5.546664338766108537e-01
4.227717880004524531e-01
1.953982389794666485e-01
6.347261714335902250e-01
2.322600501835508091e-01
5.888177248165860078e-01
5.331314393234837246e-01
1.936266665998911674e-01
5.311542433785912953e-01
2.574781525672610871e-01
3.231763517457639234e-01
6.144375111996559502e-01
6.413634146560155402e-01
6.935811978093583408e-01
3.683483603637686121e-01
8.190704524360168381e-01
5.572537780903421556e-01
3.539815181929544252e-01
1.903788622727795310e-01
5.343988421998002725e-01
5.924822827479830911e-01
5.838240287251815763e-01
6.296408169865956861e-01
5.947306221496746481e-01
5.903160974128712768e-01
6.272005241993410252e-01
5.207088390675295164e-01
3.271233580781907624e-01
6.256046007303713852e-01
5.750277744711073113e-01
8.191028873043928460e-01
6.182676786086701570e-01
6.328523640327655686e-01
6.084203216209290721e-01
2.797535719502450280e-01
5.491354476620916580e-01
5.497042978537819424e-01
6.821708592052335707e-01
7.256624468074245327e-01
5.413417298670346600e-01
5.236298334109771302e-01
4.880177238533576767e-01
2.371366225721659726e-01
3.216193449008575289e-01
4.345011060279458381e-01
3.489653404027205363e-01
2.975086496446135431e-01
5.943623118586328635e-01
2.088898293787035676e-01
5.345269924258101435e-01
5.325628260296259020e-01
5.711355373582138739e-01
8.153706245742440295e-01
3.594608825745793101e-01
6.136042990341548098e-01
1.968462250617742659e-01
5.965722036816628604e-01
2.565522417450657455e-01
3.002277788419663862e-01
2.785000984632318710e-01
5.779105721413563268e-01
2.682026525736856959e-01
5.393465810564513907e-01
6.296265502454250207e-01
5.861128712450913714e-01
5.094913571255669238e-01
2.841162303678592127e-01
4.672328569176594226e-01
8.116834522272744490e-01
8.166638748950871829e-01
6.104039348897998263e-01
2.238666945035393263e-01
5.217829930936112026e-01
4.917010207568149882e-01
5.241250073175207636e-01
3.654324845819463263e-01
6.590364255870073684e-01
3.028745514764379365e-01
6.403273952762406074e-01
6.121759557305577193e-01
5.377700083894182415e-01
3.330552400288537274e-01
5.760480192784948050e-01
3.025113547275373183e-01
5.999527423190134101e-01
6.227003385677412073e-01
5.284187181095406638e-01
7.072711766415635815e-01
5.411137822236182782e-01
5.202274904458287219e-01
6.742869605687495937e-01
5.113978893330721753e-01
3.419791197542879635e-01
6.173653398320961827e-01
3.769966220441507976e-01
5.929707647957496164e-01
5.374738657150481824e-01
3.073775738278354819e-01
2.693147621232299671e-01
4.057113217557132834e-01
7.530145145950736252e-01
6.576555110094731704e-01
6.090223234037932531e-01
6.300848371532806746e-01
2.270542200669503907e-01
5.310976173220781638e-01
6.964596927577474395e-01
5.918935365804445237e-01
5.251016335534264279e-01
8.163893691035618572e-01
6.295037801326522908e-01
6.026724692010964057e-01
4.629011709788669604e-01
5.618358371794676120e-01
5.299090201537596245e-01
1.974390980961240882e-01
6.056537028888713259e-01
5.483246238600680833e-01
5.714275029132906969e-01
4.708454100441901158e-01
3.628527013691454917e-01
5.551378293076825177e-01
5.613578083041260713e-01
6.490242469533806791e-01
4.433423439386272591e-01
5.731640048482946614e-01
2.104223732066255736e-01
5.393938518880554422e-01
3.041805835700793215e-01
5.249195546414092695e-01
5.422901282713211701e-01
5.939576858024554484e-01
8.016885920692154999e-01
2.401728702534009219e-01
6.403204640091639810e-01
5.499037924134544397e-01
3.114492516866703142e-01
8.125129986013109873e-01
6.382603707445122510e-01
4.814236858943805597e-01
4.151744841357163374e-01
5.904038031084319904e-01
4.861623920689027156e-01
6.315182834252434096e-01
5.879225416930481396e-01
7.062720749839525025e-01
3.178327130198275730e-01
5.904414674977658262e-01
4.772216052691629073e-01
1.942438297266800562e-01
5.075788706034887188e-01
2.446296147282138733e-01
6.094810387152671538e-01
6.286695326443257903e-01
4.286493091098825814e-01
5.253700011169883943e-01
8.130398999511522229e-01
2.812819139392173651e-01
8.132043058589351059e-01
5.896682820972796168e-01
6.443501663322122042e-01
5.543210175799648809e-01
1.953638043294850246e-01
2.397465351598765948e-01
2.880463587258613178e-01
1.903753249994322716e-01
2.010117583782063955e-01
6.139847500514646894e-01
5.663735528078741588e-01
6.815582788688973048e-01
5.244083625989064412e-01
8.140022696054673990e-01
8.167044104131949700e-01
1.998085788194237933e-01
3.181440484226553123e-01
1.896387998489903748e-01
2.039324319321921541e-01
6.304505682860861437e-01
3.406771522022587484e-01
3.157885375787543580e-01
2.709476286841088766e-01
5.988872454379133847e-01
1.887024527570529409e-01
6.851419995983614175e-01
2.078936321873485482e-01
5.962720180259524216e-01
6.006613825920990024e-01
6.235647910059010091e-01
4.051658189421425971e-01
6.541264545231504357e-01
2.909663537842638870e-01
5.530226361507617483e-01
3.129111415881478675e-01
6.572044311608877809e-01
6.568693196267416656e-01
6.383435132472615736e-01
4.831870375360930447e-01
4.598727837474979041e-01
7.454990422313169107e-01
3.758086160426020728e-01
7.031336698348984449e-01
5.791508007926188251e-01
5.562657745562452627e-01
8.191673959403392713e-01
8.175891545720135323e-01
3.539785650406878093e-01
4.041184724428425468e-01
7.152212485451800994e-01
3.405099158725184427e-01
2.295872381541051999e-01
2.171366105272602431e-01
6.281488179976765229e-01
5.116994384140544083e-01
2.042910216778455190e-01
6.594331507588495622e-01
6.373194303492409896e-01
4.408033611605470803e-01
4.341267979213533912e-01
5.634843734400607485e-01
4.545001672098101242e-01
5.297685059952103037e-01
5.610886131874983640e-01
3.071782463740340141e-01
6.159129472570809005e-01
6.478746234102503720e-01
3.833936246336460130e-01
3.086680825404633510e-01
5.369757297847440602e-01
4.516402701045841295e-01
5.340193497700653769e-01
4.150252616442396403e-01
6.326517918377221328e-01
4.837254052867897003e-01
8.055742469636516523e-01
6.544833781213231783e-01
5.331439723347112247e-01
5.886994318084175504e-01
8.125152131281985213e-01
3.414817286320424583e-01
2.034025985034527140e-01
5.946899561307085191e-01
7.092183157035517604e-01
5.175673218580918444e-01
3.656325899240338573e-01
4.130479328930562466e-01
3.366735389550404856e-01
6.302870317007902567e-01
6.373541290192697994e-01
3.135684544618297931e-01
3.836739758351740415e-01
5.344082507960988826e-01
2.020081285466135135e-01
5.153978668951185726e-01
4.632300627142007521e-01
4.067522223987632413e-01
3.141162517267145349e-01
6.627599571062817718e-01
3.896022909628482078e-01
6.129924836412293798e-01
6.541061046801187606e-01
3.078773519999180031e-01
2.365166116270774610e-01
4.309520673214944919e-01
5.913507401525326390e-01
1.926154948377764575e-01
5.130050266030981021e-01
6.182676853895743285e-01
5.810879557090872227e-01
5.408920874970106762e-01
7.273769141272292682e-01
5.006144679462718461e-01
6.588448061934892852e-01
6.582474225488245123e-01
5.581852768098612971e-01
6.001915150139081057e-01
3.946277919902653752e-01
3.602320527936029859e-01
2.071423470590650351e-01
2.352299682703829775e-01
5.613298712743916008e-01
6.237386722967289687e-01
6.096560220056063129e-01
6.615057543245203009e-01
5.288666399180963484e-01
5.707845939556939197e-01
3.171001871867833999e-01
8.165477411027098897e-01
5.207846336196898518e-01
6.181441491011925304e-01
6.977356892117387854e-01
6.723938256688436477e-01
5.348762991892541674e-01
4.741038255403333679e-01
3.814643454130150491e-01
4.505652284945444452e-01
4.871183845507955357e-01
2.953147806889981908e-01
5.215533695104176415e-01
6.070531897063781157e-01
6.381581318325058039e-01
6.115482568991985612e-01
2.098144829880880247e-01
6.830291333542348742e-01
6.793770463956617656e-01
5.999196336303728172e-01
5.370984982029042287e-01
6.403995542580812605e-01
5.719226452050690801e-01
5.921212227552224983e-01
6.154115216514028930e-01
5.946102799470038835e-01
8.141976880096392089e-01
1.879693687041193995e-01
5.274952083811018655e-01
5.629638567445521824e-01
2.225488660151367926e-01
5.505188803601239744e-01
1.893141481027408035e-01
5.963182268954614340e-01
4.434209501072749471e-01
5.855135180094295233e-01
5.173387579427973781e-01
4.111423177649939920e-01
3.456236116098839739e-01
4.528949477524222833e-01
5.237155970822197082e-01
4.161776622300966122e-01
7.269083580980343351e-01
6.283750232661492463e-01
4.867411849668556445e-01
3.598561534532259132e-01
6.348666691764743852e-01
2.169439813937747707e-01
3.287641828552970713e-01
3.452643266405059919e-01
6.161544354710745131e-01
7.419808323093750602e-01
5.689718845673731318e-01
6.053794388441344765e-01
5.294881410705613023e-01
2.557542186264572526e-01
8.185904498970565379e-01
6.123092494703564759e-01
2.969406181659266508e-01
5.449907994055023241e-01
4.679430120784717206e-01
5.515870054614437912e-01
7.073273257325757291e-01
1.923672839180399219e-01
5.672192439697062438e-01
6.412467639312856571e-01
3.088551038130076254e-01
1.994227082991790467e-01
6.380569831151309268e-01
5.538738321254450536e-01
5.815122353796817745e-01
8.190260475496332626e-01
5.848243659222267521e-01
4.380591846462739691e-01
5.376283514848502199e-01
3.162701994943630246e-01
2.141205440033618346e-01
5.394873637087679308e-01
4.300416521032576767e-01
5.446823601888048927e-01
5.667764635627270398e-01
5.396311213348692348e-01
5.825449716755161100e-01
5.224411935995944001e-01
5.785895313948239416e-01
3.219774542827716357e-01
4.687686896670284487e-01
5.402801320379480021e-01
5.282495334523100716e-01
5.510355641755051437e-01
3.789240150180471778e-01
1.941871059364279894e-01
3.124198499822814501e-01
2.754475993822472768e-01
4.362695339557671748e-01
5.288785806887957852e-01
6.149073814708664321e-01
5.693354104930800075e-01
5.479211843162528073e-01
5.960602931780483171e-01
6.288519147941384890e-01
6.001359809377374566e-01
3.272742471661634345e-01
8.164659562078667721e-01
6.130020349908775756e-01
5.583351528175727330e-01
5.378081256428691725e-01
4.583073536318924557e-01
6.823054056937962741e-01
6.162422808231640126e-01
3.645434311717803411e-01
5.793776735972612224e-01
1.897091336568687003e-01
2.628089312548940182e-01
4.242442046701893066e-01
3.137107048687451938e-01
5.346553246176731777e-01
6.297028105931045117e-01
6.046691242367490116e-01
7.119652858847833610e-01
5.328120730431776808e-01
5.820000498049253679e-01
3.912884461932349400e-01
4.235978237669468238e-01
2.077230197980587945e-01
4.546418355814231260e-01
6.401676043180165587e-01
5.463608636333721069e-01
5.377410544318957930e-01
5.422097471897655563e-01
5.816355547456163455e-01
5.206539798950260423e-01
2.529142958682602527e-01
5.378460352015115298e-01
4.749462364120883295e-01
6.786390113019582504e-01
8.111291351121445725e-01
6.415436291077396547e-01
5.580784617018094140e-01
8.125604754284444509e-01
4.399826942497903071e-01
8.149837536782863490e-01
5.279383633011011101e-01
5.263173911440452990e-01
6.382594526457889827e-01
2.820754439550646753e-01
2.143328986145650594e-01
4.310539270730869843e-01
7.015465905320624751e-01
8.104737994109604271e-01
6.350174551039121651e-01
6.150121922958688980e-01
4.251538952660865456e-01
3.064296258846298526e-01
3.365592831304128896e-01
5.175407635059630085e-01
6.275229402969266790e-01
5.416947179845862381e-01
5.794034650660735419e-01
5.428005711050672977e-01
6.171802386740188329e-01
4.519346695054342056e-01
6.181081198608906480e-01
6.140200147929554264e-01
5.414430777104670689e-01
7.803446459239201660e-01
5.513829300910177977e-01
2.615195712272203044e-01
7.923153774311559872e-01
2.142838254005670906e-01
8.191018333731536760e-01
5.269400483042070427e-01
6.633518074669532139e-01
8.116990774467222058e-01
6.313017887049402477e-01
5.968498650392842775e-01
6.082989454669727181e-01
6.282902709489456283e-01
6.822752373961148420e-01
3.240929257732417801e-01
5.815146176163534797e-01
2.317538944749152618e-01
2.100846301346391554e-01
8.150087592995808317e-01
6.292121445505083344e-01
6.626818269387276805e-01
1.983672121204997918e-01
1.926053238631424414e-01
4.797091021998525218e-01
1.938632874928261640e-01
6.602541322757004005e-01
8.166145109170520611e-01
8.119153865378190282e-01
6.045859860275172304e-01
5.015980259331928037e-01
1.933173265040681876e-01
5.963216968480381519e-01
4.872445678334558772e-01
6.302405213878015111e-01
6.487817174109403728e-01
6.265337061665173790e-01
5.448269155292776444e-01
5.379387729046973821e-01
6.165970503663772417e-01
5.743237283855421316e-01
5.456560778722031602e-01
5.662070943302690562e-01
6.291964686639300863e-01
4.821362030571129109e-01
6.800670511860076317e-01
7.112975877415689263e-01
6.332492748053598630e-01
3.729065563568700337e-01
3.913241749963826677e-01
6.520361321499276164e-01
5.579067541433754274e-01
8.117000616991959516e-01
5.689371348903712322e-01
2.486480195973995722e-01
5.269190612995048317e-01
4.663114520442969146e-01
5.367662949650642279e-01
7.053255195318991477e-01
5.690157101837345355e-01
3.964088539669129441e-01
8.012158360027606951e-01
1.927152256164631483e-01
2.233643203684503309e-01
6.135143111874612476e-01
8.153936267079323619e-01
5.920658514189489630e-01
3.377313649525951478e-01
2.036344631976131359e-01
5.850950799916100342e-01
1.943717182290022050e-01
6.325058827176065490e-01
6.259947684443295524e-01
5.454892655810151814e-01
8.114880196291259784e-01
5.900407596256642684e-01
8.139918820163766222e-01
8.164799414620835805e-01
6.646809632659973488e-01
8.116964844418665948e-01
7.199171829302120074e-01
1.993566124327355860e-01
5.811261300437476907e-01
3.291223170478635995e-01
8.170846495684951361e-01
4.435978772273391213e-01
6.309402523092629833e-01
6.124900510673993992e-01
5.398303125892260912e-01
6.708094843291786402e-01
5.730195397703516935e-01
5.455419209916122503e-01
6.237083032295098750e-01
5.762364010960594474e-01
5.762308795033594944e-01
3.110856387640920651e-01
7.135475883573213496e-01
2.133669907756457484e-01
6.121899028315005431e-01
6.176053717288877420e-01
5.345008618101212416e-01
6.021407412548445137e-01
2.479641640657493651e-01
5.299176798196485461e-01
5.114183696768868082e-01
7.123063258448509849e-01
6.769013628621768364e-01
1.921524187365082348e-01
6.043224860320998149e-01
6.027066052685017272e-01
6.884085835597030245e-01
3.219965998361100645e-01
3.963273329573131498e-01
5.680928972880786576e-01
5.518388526721882403e-01
4.067584300960662702e-01
8.116987057278058915e-01
6.280302979079378511e-01
6.010868612824394885e-01
2.036437298484880531e-01
2.227682387167858880e-01
5.694909700546352260e-01
6.763864532507566363e-01
5.368500631185268990e-01
5.858358388899718161e-01
8.107398470343757380e-01
5.343794938717403298e-01
6.017787815128572415e-01
2.111567056875598980e-01
5.107734809242097107e-01
6.185597985540017829e-01
3.845062637222526614e-01
6.190109311674469872e-01
5.844848816393208857e-01
6.046078342200227329e-01
5.431372625293742207e-01
5.846818660288922720e-01
5.572865330970592224e-01
5.925170013382528023e-01
6.292603645490565389e-01
5.833079599856197950e-01
5.942122391219605282e-01
8.016544073627653866e-01
7.056769087451302269e-01
6.288451931318275179e-01
8.101744775559505118e-01
8.132059468963721560e-01
5.882238969418379648e-01
5.706861362251998138e-01
5.115218380146927535e-01
6.293480510038864661e-01
4.587125545561016593e-01
7.104183954824313529e-01
5.148817086021253431e-01
5.871621840560711236e-01
5.514674464457656189e-01
7.084329310066939112e-01
6.558341325418801659e-01
5.963395729728517836e-01
3.067455173106143906e-01
5.708363128926846608e-01
5.517096577066061824e-01
4.040573765088023572e-01
5.579177529301585503e-01
6.170881173021414146e-01
3.529647469991432085e-01
2.810041254867439164e-01
5.795220935239461246e-01
5.248805718030988832e-01
1.883747790150700485e-01
4.226802175811544271e-01
5.977403717375031622e-01
5.813638883073858343e-01
5.377774548581307767e-01
5.466164982513460613e-01
6.372296728937288934e-01
4.588409684165341007e-01
5.789030664407647242e-01
6.428605944048804144e-01
5.827465077598448229e-01
2.921996917768847624e-01
6.398486944878338800e-01
5.480378333987980799e-01
2.347453544823019378e-01
5.978615932628046359e-01
5.527008621173173930e-01
6.130145014624376332e-01
6.766308047450303453e-01
5.637304426132466739e-01
6.414549051000624225e-01
6.040570176578756723e-01
5.963086695715573704e-01
5.186559313818770445e-01
6.298315596026377028e-01
5.896724402227938588e-01
4.885653290290594142e-01
5.639651313643351260e-01
5.826223316234065974e-01
5.555032291592671978e-01
5.483355082892275023e-01
5.219111438183001717e-01
3.418219170509633198e-01
5.826179499999444289e-01
2.239307129878769509e-01
5.747131900195152632e-01
7.941203088753674422e-01
6.044310850716824168e-01
8.165621899021537899e-01
8.125111029034056687e-01
5.505799987053120459e-01
6.045742773007215520e-01
5.948691089903171969e-01
2.498757609063037566e-01
5.607012356148575183e-01
5.904902201935087191e-01
7.971900734224589558e-01
6.127931355944071790e-01
3.994840820908433510e-01
8.153583007152138684e-01
5.385636736854282347e-01
5.408751581435691236e-01
5.384011693129109322e-01
2.485216914406019884e-01
5.381793362089322130e-01
5.326967629585492858e-01
6.059598848554272887e-01
5.438208216826543318e-01
6.580953102138865640e-01
5.667076350270560114e-01
5.826721817456297359e-01
4.489170755376682975e-01
5.710211299226941595e-01
5.363445932060826316e-01
5.773293730779660571e-01
5.344336251579410169e-01
2.138125757326305998e-01
6.162112183581501812e-01
5.382898011940391303e-01
6.327459621036204407e-01
5.806741748184022223e-01
5.329346041995366434e-01
5.321540079610210805e-01
5.690741023371592711e-01
5.891053326320758732e-01
5.918017390290686297e-01
6.324708936399797699e-01
2.165404761584164561e-01
4.880853126946719245e-01
3.440924419710068016e-01
4.571828268604069545e-01
7.914912168689018923e-01
5.849289518774705154e-01
6.549050735513418653e-01
5.536191478818632827e-01
6.126228168299348020e-01
3.072219688198485898e-01
6.429230542130321968e-01
3.002490285736840736e-01
4.722826096384699079e-01
5.423864237758445617e-01
5.326215277390683456e-01
4.689440575745543738e-01
8.113317024040659353e-01
7.351816292960099419e-01
5.249165598434216706e-01
3.612864563778963034e-01
5.930425090043028868e-01
4.770284871475307109e-01
5.632679007261061077e-01
6.428429628635622395e-01
5.762708408707344354e-01
6.037207221527307599e-01
1.925776951314879248e-01
6.451884445142622715e-01
5.859106500093733683e-01
5.288435861402142057e-01
5.709661506058552050e-01
5.272161713573575437e-01
3.508775756919430555e-01
6.205196886777334386e-01
5.876432711573871259e-01
5.876163970401109271e-01
5.704515804175370741e-01
5.398282724509407826e-01
6.526073125533189412e-01
6.804993139758639398e-01
8.115780262956756586e-01
6.216072265969140309e-01
6.435552762664573656e-01
8.145068711374247039e-01
7.008582059877499493e-01
5.228432880660045523e-01
1.923932291701190844e-01
2.615716728254605106e-01
5.831717914889735788e-01
8.167546350121781540e-01
5.755303786538309430e-01
6.001565083394613254e-01
5.481171871851925337e-01
3.433931978190069567e-01
5.844107069599913107e-01
6.047079391625433953e-01
4.641511765947740620e-01
5.963636312061753042e-01
5.747653935754420962e-01
5.289773854716268708e-01
4.584962840526012329e-01
5.626531891907462501e-01
5.205429589572451166e-01
5.554158583800588023e-01
7.486545540632663087e-01
3.888782667291926232e-01
5.307545030558460386e-01
5.791287360915262639e-01
5.513872268809488775e-01
8.160260011545840131e-01
2.009483713194978871e-01
5.326522860477634902e-01
5.352121721463438675e-01
6.114907344229466579e-01
4.475563599538070481e-01
8.160286398397476049e-01
5.346532497116431859e-01
3.277648042092168867e-01
5.205011815134796826e-01
6.097455642081880400e-01
8.188144154076375525e-01
3.711835225233247604e-01
5.343697172915798932e-01
5.132518752092674053e-01
6.261096809483626124e-01
5.601245434101866927e-01
3.240330916207162515e-01
5.326836375705671367e-01
4.912501198022660165e-01
3.391252603231801332e-01
6.563816896427182579e-01
5.737363993545333551e-01
6.148363617070718989e-01
4.327372295093901977e-01
5.768514154093833390e-01
5.910458456153149243e-01
5.326095530438084147e-01
6.273624978826549681e-01
1.924259568204175486e-01
5.923480961074826245e-01
6.293537354337729317e-01
5.965054166456758011e-01
8.074113195584791125e-01
4.177858864719650178e-01
5.314889373356525004e-01
1.922668209777728121e-01
5.286053059898967454e-01
5.449549225273602193e-01
4.338205699213406041e-01
8.160371904953886979e-01
6.561190867714560282e-01
8.116848406327802357e-01
8.189185222359721683e-01
5.301980529705740963e-01
6.039481196572917820e-01
5.325906037249795721e-01
8.027738472025018890e-01
6.074792823252656015e-01
2.893689884828103409e-01
5.263766455126751564e-01
6.337995813960635161e-01
4.467901976400759922e-01
4.113950202254160748e-01
7.141517749100066981e-01
4.352426650206782655e-01
6.795115187940923285e-01
6.179621479913556259e-01
5.220645186314023523e-01
5.384511519210213315e-01
6.513306406699646001e-01
5.832099323509012390e-01
8.107238062594032124e-01
6.336693878794018575e-01
5.039565383105468754e-01
6.347330496601218952e-01
5.230499430512975945e-01
5.263354511555236037e-01
5.805269091040498042e-01
5.200961488853194092e-01
3.104754749477460218e-01
5.629999050344013378e-01
5.582036952387304796e-01
5.233425006981531347e-01
6.068491479177063885e-01
6.589974616457171530e-01
5.700258236789010891e-01
3.907211527978753929e-01
5.787927707808145916e-01
5.759525352831155187e-01
4.772235649301683758e-01
1.918254674878563382e-01
6.355871966290876918e-01
5.446548035616285421e-01
4.939589319182894345e-01
3.018815753696864057e-01
5.523378602174500163e-01
5.947414978115292961e-01
1.916139621177458674e-01
5.354948687380720607e-01
1.933132288698887480e-01
5.661273495969955105e-01
5.258329650604673944e-01
1.899794479200298813e-01
4.010677716880005628e-01
5.552419727117025028e-01
4.035722116103210855e-01
6.026438557542278529e-01
5.576097975180318578e-01
6.702231614466119813e-01
2.184413546340834289e-01
4.650779569953666925e-01
8.132273344645023494e-01
6.304841477477999279e-01
4.427876673335738866e-01
6.454292132596315401e-01
5.516982550874564017e-01
4.922586366982507622e-01
8.050283302125619267e-01
6.760540138084950579e-01
5.775863410375626783e-01
4.994713586412668493e-01
5.792866588330584099e-01
6.179733843040101648e-01
5.582623816089183899e-01
6.178211005417246771e-01
5.691776558282448661e-01
7.972002544006123737e-01
5.680485412611794294e-01
1.917846736525643525e-01
5.690909161413741923e-01
5.866980760103525094e-01
5.366865885731539887e-01
8.086692313227747952e-01
5.731375190511989182e-01
2.859073232066732251e-01
8.188563213557792375e-01
5.816323784794358298e-01
2.303088502772612789e-01
1.906198978631362395e-01
8.124938578613201123e-01
4.890356199704582463e-01
2.130617029112854832e-01
5.736064345564254596e-01
8.157813088149078462e-01
6.299982149907108475e-01
5.636759394616726038e-01
7.376477046890925759e-01
4.138843612496919122e-01
5.682049216296543026e-01
5.409134611727518527e-01
2.022911147684721689e-01
1.889243368915987931e-01
5.657123426750214623e-01
5.701476185290980103e-01
6.442108958871476387e-01
6.068942216340277307e-01
8.191767960437835727e-01
7.432620805685185017e-01
4.314430032068255483e-01
8.138417002116808963e-01
5.520444967437164729e-01
5.677653546063929912e-01
6.493333060084229835e-01
3.921504804543417544e-01
5.828085067873717273e-01
6.334988814460116302e-01
5.845830558599773852e-01
3.330072817188929890e-01
8.111110746855826337e-01
8.069334397365353073e-01
5.773581066568186371e-01
6.686791811093337756e-01
7.406607723298627155e-01
4.287946031971325844e-01
5.831934675409193858e-01
6.175873589464720981e-01
4.291617087565742783e-01
3.054486272650835388e-01
5.506253864599447434e-01
5.660498810729944763e-01
6.649865947768349717e-01
5.504980556925480606e-01
1.962668232865432405e-01
5.779601980919655269e-01
6.310700766964331132e-01
6.051106663733164526e-01
6.523993379600392384e-01
4.222580699970707174e-01
5.603237999020593829e-01
6.031003345297956120e-01
3.239833356291189626e-01
5.772949381526208956e-01
5.665580691200954311e-01
5.753099622287689563e-01
6.169525910768355326e-01
8.166139268466119372e-01
4.811497883502785511e-01
5.612330920255013122e-01
5.811016072702601676e-01
7.366731932139785055e-01
4.655515454008174459e-01
4.755632776751300694e-01
5.935802057929192577e-01
6.782351549764999987e-01
2.855996084786627809e-01
2.160629835819499467e-01
5.798513754544409871e-01
5.360439675095702849e-01
8.009187114385142303e-01
4.176299600694066139e-01
8.132205823903423392e-01
7.994054196785534971e-01
5.116922390054459147e-01
8.158216814505566683e-01
5.643667954135974663e-01
6.321696420211104783e-01
2.967849732211012004e-01
5.255710294165509833e-01
5.545859419316669925e-01
6.058355476578177745e-01
8.116175317447551496e-01
4.436744089569665261e-01
6.326810019946113028e-01
4.414407671680879997e-01
5.557949394023092848e-01
8.132447800774118551e-01
8.162597716381737589e-01
5.408245225262214850e-01
2.140870003030508617e-01
6.020226841761734393e-01
5.657146029934980724e-01
6.137699389874076150e-01
4.895914495026846835e-01
8.125132102664976985e-01
3.203021537178038503e-01
3.758903025096905770e-01
2.117931143448445186e-01
5.550583128234268804e-01
5.505258951037035331e-01
6.037915873621048091e-01
6.409686997259907981e-01
5.940537540398379557e-01
6.348282733103592923e-01
5.029711159933072384e-01
5.504499627464871647e-01
6.196044123501404099e-01
5.730927898176064739e-01
5.303432815803428291e-01
6.338155228458878243e-01
5.357584684345971793e-01
6.155752733893166129e-01
2.004061091083645940e-01
4.220159940745130678e-01
5.234877409582204821e-01
4.127540270198299388e-01
6.019656309731268307e-01
5.396154816603863091e-01
5.365448595207820137e-01
6.765102441891511775e-01
5.381484794191004895e-01
6.416756020383763692e-01
5.549843952681563497e-01
5.744272891426156491e-01
8.162662224754594353e-01
8.154887615275634438e-01
2.657345912838067759e-01
2.946397631947615947e-01
6.592359864545294101e-01
6.389183810699552435e-01
8.124962945060399955e-01
5.540470522147720178e-01
5.874541863151483412e-01
8.116422029643930447e-01
2.891515491838769769e-01
6.430877681721329786e-01
6.689378323736469012e-01
6.576909182477170823e-01
6.157498754434901356e-01
4.480586060963991923e-01
4.307292612532957476e-01
6.138636497508390688e-01
1.994457539117502343e-01
4.879029922152773313e-01
5.611030960789130662e-01
5.641944405540940677e-01
6.218761134176589156e-01
2.274579539426747898e-01
4.369740367285360194e-01
6.746479798088754753e-01
6.042914799617716826e-01
4.560901604284331445e-01
5.046524350635668288e-01
5.738235357595586894e-01
4.709997995945155447e-01
2.331877454479369949e-01
2.036411216145812553e-01
4.396571001083567354e-01
8.144944779905203269e-01
3.675515973454952512e-01
5.602551171929196494e-01
6.673258213886557044e-01
6.438547872643993752e-01
6.418262964277782201e-01
3.171197257584919549e-01
3.152543050995734730e-01
6.339891285426244583e-01
8.157003792726633673e-01
2.188157866868777057e-01
6.318244182816257215e-01
4.465848628667187792e-01
7.295104490483077520e-01
5.435672564658140526e-01
4.412220078448227389e-01
6.791889002131653585e-01
5.201146951377172423e-01
5.545294575024226624e-01
6.551517783577637255e-01
7.950051268652074121e-01
6.328320609166190325e-01
3.726192693621278584e-01
4.341139790188030534e-01
6.630240088152541400e-01
8.105380209135244485e-01
3.361643663894122169e-01
6.318949933978420530e-01
6.334326897717882376e-01
4.620158034863503516e-01
4.285173079373723604e-01
8.154596514255170181e-01
5.630194866489180994e-01
2.975630219823283684e-01
3.279327647401745760e-01
4.875643154112590527e-01
6.045599357348482306e-01
4.907581309140270909e-01
5.177603981834462132e-01
8.115418938023264417e-01
6.060096152679589343e-01
6.097610064615347492e-01
6.000880138729713931e-01
4.573077590715939889e-01
5.538223072366137423e-01
6.323593958961145622e-01
2.695119553020468572e-01
8.131953248664315348e-01
5.040481981034473646e-01
3.787275856919388728e-01
5.510819659420266303e-01
6.160572192953212012e-01
7.918773797327943731e-01
7.465324136276622058e-01
4.743571392893152217e-01
6.600080478141797657e-01
1.933150028765895367e-01
5.401945552110735127e-01
5.341923690069965147e-01
2.070732582587655191e-01
2.514709479889488120e-01
6.309591735467269258e-01
6.265670928871103218e-01
5.898102435575415248e-01
6.412041273691406751e-01
5.161563631354287862e-01
5.712720262945717442e-01
4.614543208492470905e-01
6.616523405280986259e-01
1.912286055763789128e-01
5.572293845996207917e-01
5.797699941944770563e-01
5.377972226419783786e-01
5.367170925904137802e-01
5.869369015585340632e-01
2.409117914178932063e-01
4.307202580905598599e-01
3.127580189729171067e-01
5.575117511757154976e-01
5.552770935734627766e-01
6.930970273585262964e-01
1.898645803376878272e-01
6.650265529458240232e-01
5.583758867720919339e-01
6.568753394145017133e-01
5.351179608628132689e-01
4.835729487117416681e-01
5.381235121882245176e-01
5.607765930085603090e-01
6.477311748432859062e-01
5.614416483795389157e-01
5.368539327831333141e-01
4.493377409049699733e-01
6.193620955843416320e-01
5.979205937288706307e-01
2.411975797195167193e-01
5.430400064661764503e-01
5.331794154069140479e-01
1.895815919711269226e-01
3.659841721065788533e-01
5.573395990133944711e-01
5.837020631030865880e-01
6.166431690209560612e-01
4.155539791814210626e-01
3.197867777510027820e-01
6.143175924059512960e-01
8.102943091279746213e-01
5.340194627373832104e-01
8.132435966053185306e-01
5.440111319114435684e-01
5.900774301860810533e-01
4.240895648386299732e-01
4.874062555070445280e-01
6.510754919146721775e-01
4.883557249543291068e-01
6.404283732797427797e-01
5.448977825859044888e-01
5.778401879964256693e-01
5.479776898536319329e-01
5.934739443982048890e-01
7.866200351387021561e-01
5.997977618800132138e-01
8.181604607065239287e-01
5.400477688586891034e-01
5.287864319306019301e-01
7.336291454491068453e-01
6.157012863236878131e-01
5.569479657677585127e-01
6.330459171813976882e-01
5.130202513656918484e-01
5.034851835837693690e-01
4.692475580132506874e-01
5.481429727463584811e-01
4.394146933054945414e-01
6.416899476398360003e-01
8.123766229482217716e-01
5.574885765966224316e-01
5.587473292588883700e-01
5.484441812423793694e-01
5.587178867976021479e-01
5.380090994721081765e-01
8.064862783260550172e-01
4.695087337936335592e-01
5.469031268145315705e-01
2.141358593148257328e-01
2.210946612282470025e-01
5.177534766728798532e-01
4.623070576018706301e-01
6.272677665223072019e-01
5.403578854542993026e-01
5.765750691901719849e-01
4.008747322570664351e-01
5.358215074383481102e-01
5.585264038485223681e-01
5.502720424969357316e-01
6.302280874732957283e-01
6.561468078048814379e-01
5.052899595746098704e-01
8.101658013905338462e-01
2.158570443439246644e-01
5.607253518706282192e-01
7.341188670729783539e-01
8.097904019766536399e-01
5.706192765647724041e-01
5.911213076296829572e-01
2.545672491187996878e-01
8.169414981805087628e-01
2.015129785847377952e-01
4.326135848038172860e-01
4.697952066451712705e-01
4.245015167246190546e-01
8.189075146132680505e-01
3.287271840381462695e-01
7.061006153895797999e-01
4.342804148408856424e-01
6.408545494740032211e-01
8.019172547554999086e-01
3.007132664478391892e-01
6.138297626733871803e-01
4.249302921085829632e-01
4.926408735543320594e-01
3.302451896935396092e-01
4.747106206987343757e-01
6.175369026818372520e-01
5.589506364510310465e-01
5.973147175928370523e-01
4.042895943419390625e-01
5.312903456214821407e-01
3.661321559434619344e-01
6.320066675735420691e-01
4.352321770612233021e-01
6.140663584496597327e-01
4.804933026546974184e-01
5.971966217596091919e-01
1.933661773250649474e-01
6.421374324489265151e-01
3.352033056291711111e-01
4.393894593322871245e-01
4.862846666763965819e-01
4.270142018570523557e-01
2.249621134623474850e-01
5.339685292650150350e-01
3.945589853231117328e-01
4.638464872300316344e-01
6.561357529976949987e-01
4.234082262637485217e-01
4.295201444901143306e-01
4.427872340894412617e-01
3.164213759282455962e-01
3.385217775500508619e-01
7.968130202474662527e-01
6.310199932908470144e-01
7.379957090631990013e-01
8.125156354080561583e-01
6.767335191583636611e-01
5.756412532505145174e-01
6.099522375235939542e-01
5.028271536886376181e-01
4.644705686211917373e-01
8.007713944144685403e-01
4.817016786896269886e-01
6.531430247119162091e-01
4.316968039086150899e-01
1.891754807845371089e-01
6.401487519944663029e-01
6.398890092380801198e-01
5.728924468289561256e-01
5.748933939771901924e-01
5.503834729518712887e-01
3.709774650426192477e-01
5.698644381205364429e-01
8.057078425224591944e-01
5.234136169997319898e-01
6.589824650708945297e-01
3.497892139286880586e-01
4.533736391573539026e-01
5.715628144813017508e-01
3.898149487607454056e-01
4.088495848065722416e-01
3.931554112317469096e-01
3.784194710399199080e-01
3.709750939158136251e-01
6.280346233268434553e-01
3.897092108569302771e-01
5.728820820570134087e-01
5.690713541878427151e-01
5.407841151864785090e-01
6.014995647369879572e-01
2.065227144305102902e-01
6.054959349752716546e-01
4.201706605304001418e-01
2.225004790008804356e-01
3.257089764609197302e-01
1.939714329754587685e-01
8.102680988195114509e-01
3.153810708580784272e-01
3.168898753397456636e-01
2.481586593218469416e-01
5.843482049874820783e-01
4.864012152176088732e-01
4.486636792324156242e-01
6.024774955208025418e-01
4.648458617833496898e-01
2.288309308595911917e-01
3.458985738024559775e-01
5.927754589755835912e-01
4.677507181282515858e-01
6.032624384832332431e-01
3.344065355369457704e-01
2.199753585443763870e-01
5.879080192394363635e-01
5.798912783913277025e-01
5.737671501931665974e-01
4.105619866048730304e-01
5.677416693894467015e-01
3.972092457306463098e-01
5.813786661634767761e-01
6.059808849795931263e-01
2.989734939332351904e-01
5.512066187025598252e-01
3.992730418889586241e-01
5.921880179317169368e-01
7.892227779677691846e-01
7.969264513667765337e-01
4.747224069556774673e-01
5.625316511866345071e-01
5.150463026514254805e-01
5.682779561645517896e-01
6.064452026997063649e-01
5.894073068892408118e-01
3.893946747023350197e-01
6.048922907916846059e-01
8.017248350796853940e-01
2.901888941236792641e-01
4.869486397994362004e-01
5.973142022105897286e-01
1.894206240173570144e-01
3.734005484016161280e-01
5.970569648806897112e-01
4.626082046805458647e-01
3.848994156320156290e-01
6.531473144890381777e-01
5.358256334265364407e-01
3.803904400963908361e-01
5.885235667093038359e-01
4.377185985276904612e-01
5.861026009985971230e-01
4.119933465574268650e-01
6.312473352363378032e-01
5.900113262236966749e-01
5.349206584815879850e-01
2.026731158369132757e-01
6.160191144868888413e-01
3.807985396810078527e-01
3.097763587519575257e-01
8.053388425176422061e-01
4.607140885825982690e-01
6.174854391020059285e-01
4.450757596109250480e-01
5.832741621758269490e-01
6.401301196049774545e-01
5.268737596077204266e-01
5.914278736417581950e-01
4.110159715957330540e-01
5.869614564565104331e-01
5.582585398028505619e-01
4.947021474420470466e-01
5.711993435639307615e-01
3.604930987156287348e-01
5.393557325913183043e-01
4.921320484580439802e-01
6.234977232734030261e-01
6.171546218180934407e-01
4.361018292505171590e-01
5.865001959707750734e-01
5.972160882807149296e-01
4.244320482724698307e-01
6.003421320245500015e-01
7.874312251365288562e-01
4.575917463794063611e-01
6.387853740072499953e-01
5.863675610904339752e-01
3.921157226762334580e-01
8.087523099749283073e-01
4.360670817512904418e-01
4.574372220317592941e-01
3.022398010860435358e-01
3.843925255957362230e-01
4.855718921621063333e-01
4.178635657398134806e-01
7.048651332113123891e-01
6.793024343945152088e-01
5.853238669293752139e-01
5.116111004282349883e-01
4.084522885006942605e-01
8.046683969682454363e-01
6.042188412161613176e-01
5.908326820926294021e-01
6.817470492847057528e-01
4.555267313570911525e-01
5.876198752472655551e-01
8.121440876269540032e-01
6.195960053425081382e-01
5.487716196579920380e-01
8.031516725808179880e-01
8.124778692386882550e-01
3.751180173020612907e-01
5.978379749436034674e-01
4.882074468234633424e-01
4.433227179233037996e-01
2.919499900613651833e-01
4.130587203829231835e-01
6.311406683759642755e-01
5.826859206090729826e-01
4.539267677944068824e-01
5.842721949559932515e-01
5.183524756532172928e-01
7.860339874456164777e-01
5.859374394120111518e-01
2.038812583424272906e-01
3.013436174941580004e-01
4.124403670981233172e-01
4.662617932053758074e-01
7.972364738532498052e-01
5.983336936001887318e-01
6.604812883376309784e-01
4.538128007701244804e-01
4.880222826007752923e-01
4.846297790654266469e-01
3.930891508715245730e-01
6.040716562032674153e-01
5.847813773101359081e-01
3.519763844175630152e-01
4.902248510795254033e-01
8.129507685418881913e-01
7.289381218421387976e-01
4.004145977899620790e-01
3.922375363664902248e-01
2.050545465566791237e-01
5.863330405142096469e-01
5.848003980475187102e-01
5.751667131814116596e-01
4.086486534195874487e-01
4.272248501512251329e-01
5.982092182167820793e-01
5.842571334207687928e-01
5.797304191105013826e-01
3.763465025943075193e-01
8.060532357953621441e-01
5.809677152444584491e-01
4.915836718221091584e-01
3.696536405747495313e-01
6.045915442773587278e-01
3.348527740170879619e-01
5.791455022544080844e-01
3.756903235636326333e-01
6.320566590820073660e-01
6.045784404961982439e-01
5.778341169270325706e-01
4.215706710064386908e-01
3.595428021746303049e-01
7.568005485584812231e-01
4.376080098672524010e-01
6.913129016790019454e-01
3.681782963883171722e-01
4.872899848277753576e-01
4.553868717490979212e-01
7.907595453964799681e-01
4.669811099739636928e-01
4.212031661379961878e-01
4.588795796336503918e-01
5.265653375743125642e-01
7.836543466080910791e-01
3.395378190633365212e-01
4.865091901728942347e-01
5.338405186581246520e-01
4.378589262900517420e-01
5.539051582451443023e-01
2.176268507870627589e-01
5.850527148534298005e-01
5.815211037968029961e-01
5.736988415489849835e-01
5.848813303057676105e-01
8.097145370392374586e-01
5.329560345807760058e-01
3.300953429888766610e-01
3.691263595246123130e-01
8.138527733202983727e-01
4.117551465595537530e-01
8.007548120043220807e-01
8.118648886531776299e-01
4.555931872654422898e-01
5.758254746383169032e-01
5.326666602279948037e-01
6.610580981768577891e-01
1.928535885028231367e-01
6.031642033376289902e-01
1.888968421064651237e-01
5.772140591057215442e-01
5.714497889204980252e-01
3.584999155913327629e-01
4.051197940369859474e-01
5.843031561990530420e-01
4.449094953085893644e-01
6.179163942943607379e-01
4.124578043750033451e-01
2.660575870842897261e-01
6.031726733641982197e-01
5.413866380694075664e-01
8.037379627511299640e-01
5.549761220560806008e-01
5.507472618204455328e-01
6.791820503490553218e-01
6.348031181123859890e-01
3.446113170715049412e-01
2.221647966242843164e-01
3.295664792065308712e-01
5.373739228309832860e-01
5.543691677144026997e-01
6.012055241676113049e-01
5.614823935817206957e-01
4.354075290990244707e-01
4.896510320240562986e-01
5.656551239932101627e-01
4.476441266532947272e-01
5.550039524227486920e-01
5.638698943420104026e-01
5.990366451643414081e-01
5.729989194889482107e-01
3.963632291465147284e-01
3.843536524923263920e-01
5.605227520085462878e-01
6.024021099808135604e-01
5.508898861586535300e-01
1.889433118026245806e-01
4.018494973922746016e-01
5.123685458413651528e-01
4.031523428345299975e-01
6.462598727462629533e-01
3.088772139920692439e-01
8.146320795888808419e-01
4.142242845515638483e-01
6.705697697412962288e-01
4.000475408467972782e-01
6.511731426954081581e-01
5.519076281437009790e-01
4.477090918861243440e-01
6.607855850252921659e-01
5.616757520099583401e-01
5.982655784262186360e-01
2.080358114044585371e-01
6.143406439775106476e-01
5.665078630176018093e-01
6.372944585084366897e-01
4.804919686192042905e-01
4.070044700468178345e-01
3.624663755594689785e-01
3.462890354879843424e-01
4.684274079717324901e-01
2.961462172629414913e-01
1.878743071907212348e-01
4.909957931691406596e-01
8.119559699152869570e-01
3.756959430451664028e-01
7.933875209671045203e-01
5.156407792957862224e-01
3.955404835338276470e-01
5.124557870610171317e-01
6.496153471484382713e-01
1.896728106933337210e-01
2.037897862968100493e-01
5.115398843489846747e-01
6.208247320656462565e-01
4.125474763963122848e-01
6.163588612915280596e-01
2.464946181445326345e-01
6.090434237967067288e-01
5.210077207369679941e-01
6.028227185582504255e-01
6.022478551290524340e-01
2.837404513304428444e-01
5.607162567140746567e-01
6.467032941728865225e-01
6.213061292845973860e-01
3.489438242741488838e-01
8.076293936138466689e-01
8.190372042973168565e-01
7.992588948176395647e-01
2.237934898732665268e-01
4.298689246684380127e-01
8.126845480374605968e-01
1.887804862200612444e-01
2.414301800871287706e-01
5.225906383163718694e-01
5.609523053472909027e-01
5.619118153186060116e-01
4.265134053543904180e-01
5.350366079515592732e-01
6.189893702490685268e-01
7.971169295243746289e-01
6.881393153218295922e-01
3.846112235259711576e-01
8.122408229841600047e-01
6.204142009401785174e-01
4.140458489559005195e-01
3.577760961948523444e-01
6.070175172475954506e-01
6.535272642187847092e-01
5.302331853474938628e-01
5.495692940157238526e-01
5.983424172095297422e-01
6.725470623734546294e-01
5.621924252117309617e-01
2.051311277609744188e-01
5.626866533008545446e-01
6.226260755785572032e-01
5.550349197110168165e-01
2.499505372305011464e-01
6.207854796477478843e-01
4.366315865136567442e-01
5.464282834519847976e-01
7.694752782030270799e-01
3.559426215210186317e-01
6.735534988306843829e-01
5.553231943764541656e-01
5.999376673748829658e-01
5.981273489009477640e-01
3.581332867109276452e-01
2.116479384490242699e-01
1.888057908370314730e-01
6.181257181988237814e-01
4.391406097054598723e-01
3.390590453842818319e-01
4.133531284189549959e-01
3.886044245129413599e-01
3.872686848159591633e-01
3.308577736280615689e-01
6.631162441085872716e-01
6.162893652589389593e-01
6.199912872223802829e-01
3.645697735405733497e-01
6.182848932441680212e-01
7.804001180457568188e-01
3.739402657349881753e-01
5.981918585927917809e-01
5.880145281527833223e-01
6.580339719359353801e-01
5.324584485794801036e-01
8.090528972606232383e-01
6.659889258581600524e-01
1.888512888743538454e-01
5.517192791133912477e-01
4.267332932324449102e-01
3.137359045228875765e-01
4.156812935788805619e-01
6.000754509679437909e-01
3.085631503142500232e-01
6.154759467267258977e-01
5.340866027964958906e-01
6.014594886122771600e-01
3.294310673860402217e-01
5.541950115154824497e-01
3.692804577337320815e-01
6.156487885165915497e-01
6.183306421113019535e-01
4.732773805636804609e-01
5.873265527944727671e-01
6.203950859387661332e-01
2.036345340109991797e-01
2.035003080038774170e-01
5.557256760935403994e-01
6.707329746315418006e-01
7.201802505928579512e-01
3.562572095105022152e-01
5.563917838202913080e-01
5.981765381478967303e-01
3.344179649653744035e-01
6.156985853299942191e-01
2.490645340058058599e-01
8.189447980927647697e-01
2.035313642236539489e-01
5.884660330673507911e-01
5.366864480923417835e-01
2.197147604950596966e-01
8.188386905652891290e-01
6.248959321257748778e-01
2.078127562888707758e-01
5.612416612522659332e-01
2.406742495530904968e-01
4.193913146550882209e-01
3.302155999521537710e-01
4.778604004205734279e-01
5.348362752635913431e-01
6.015738561697231424e-01
3.839020690796784985e-01
5.983393538253449773e-01
7.912981052293731610e-01
4.223014716615042796e-01
2.404698597088384959e-01
6.174453748683695897e-01
3.646470470826546628e-01
6.175601876416457747e-01
2.242688311265371714e-01
1.923129115495793851e-01
6.006594224341937904e-01
6.055878799641326582e-01
2.048390306303761732e-01
6.056721388177952470e-01
4.061546682903438565e-01
6.673120722398930837e-01
2.739302167216378647e-01
6.010529093535390555e-01
3.364889302186112596e-01
1.929181199903401145e-01
6.544913476555463960e-01
6.271458274046418646e-01
6.096659899430135754e-01
3.309550330039585098e-01
7.881041189230063582e-01
6.033913767369853964e-01
6.722373790422069284e-01
2.033892031294761149e-01
4.630693151855586054e-01
7.136757865330906059e-01
5.065758454676820843e-01
6.682187153447409766e-01
5.952298649974763212e-01
3.477807516173940239e-01
8.107225455404450942e-01
5.055710050778741138e-01
6.155179677586709586e-01
6.156233772344825717e-01
4.240866409207335597e-01
6.057634635854328709e-01
4.088662463223703414e-01
6.656349091313285005e-01
3.874763864634857002e-01
2.806050734917582279e-01
8.109248543956077970e-01
5.813754295979643993e-01
3.110570550014996050e-01
2.199208307703985343e-01
1.986575412296719134e-01
6.050673729051196936e-01
3.621553537397500522e-01
5.316901925856145628e-01
4.912453791309286943e-01
5.373273312141254587e-01
6.640828826006406338e-01
5.077399332501618678e-01
6.149514234133910406e-01
5.576759310074768106e-01
5.980059313603479643e-01
5.982590455728538092e-01
4.491981050935849873e-01
3.469152547806650388e-01
4.898837374529634303e-01
7.134064019076304941e-01
5.855708220104709483e-01
2.033261636580533938e-01
5.353946828297476701e-01
3.449653036748690504e-01
5.367696513467473673e-01
4.874524842324098328e-01
1.887145027191954594e-01
6.604930238215001026e-01
6.277928778379325836e-01
5.169386241668769699e-01
4.229930711924049791e-01
6.166776057710282588e-01
5.343258053566565247e-01
4.103560413680150676e-01
4.243749386117450784e-01
5.328812272227182456e-01
5.646025997918373562e-01
8.045885675545408899e-01
7.965887838553722400e-01
1.887601870065716836e-01
6.545239874595418783e-01
4.001605175035821138e-01
4.793640231809453978e-01
5.600231210683617178e-01
6.577566940376270432e-01
5.526778729246929478e-01
4.039742010510045112e-01
6.091904371599634604e-01
6.746746936605079181e-01
4.688147262561522810e-01
4.757248680814734620e-01
5.676484366115199798e-01
4.150736939895618427e-01
1.913115006958672482e-01
4.048257376598172752e-01
2.003995882663423822e-01
2.637123991838853931e-01
3.341096326563376406e-01
5.981043375155907782e-01
8.190919881331850672e-01
6.029849067386362504e-01
4.197052280255598178e-01
6.137419190985560213e-01
8.190289089438300696e-01
8.116719416327078385e-01
6.167488371142226811e-01
8.068548511603013118e-01
4.122634814012706150e-01
4.686681206916037401e-01
5.029127498419562192e-01
4.604446232717893106e-01
5.337327724551078623e-01
3.572948667694765823e-01
5.562932646135100301e-01
5.977735361561209437e-01
4.554981857285644309e-01
4.137703991318620877e-01
6.587487484408055538e-01
1.917983755006415769e-01
4.896148586445048800e-01
1.886687708601877123e-01
3.763166245795006026e-01
4.134631962791474602e-01
6.129112931206985859e-01
4.950260977313706290e-01
5.253937637866404886e-01
2.080166699253604978e-01
6.239821010331073614e-01
4.140639947587464453e-01
5.751260319964083267e-01
1.979421684802682435e-01
5.694851224033687931e-01
6.130347016736338306e-01
1.886230214998045329e-01
4.713428811422311071e-01
3.732939353847615216e-01
1.885772943591797479e-01
4.627800052146485155e-01
5.368657152680730293e-01
6.090556547401289045e-01
4.216720904874774467e-01
1.890827369481484499e-01
5.258000887835485582e-01
4.096619059887360859e-01
4.848086643025021902e-01
4.254236893093863436e-01
5.014679306210881871e-01
4.317089631804377214e-01
6.461455201072596743e-01
6.830234284910334797e-01
5.602427455289585856e-01
4.740205478025332209e-01
2.605727218700261694e-01
3.912650198066653928e-01
8.188134620259865937e-01
5.517917096982603020e-01
2.002533330516414467e-01
8.131595277104262109e-01
5.399879083378633648e-01
4.276011620972616778e-01
6.559949163552815099e-01
8.107562302433878321e-01
4.154021373726234923e-01
5.167975385108468656e-01
4.520851578974783291e-01
5.352345040875596816e-01
3.995918344129852917e-01
8.138823287486081082e-01
5.637469728830520888e-01
4.298624957853672268e-01
5.539638894426256455e-01
3.392674517085429997e-01
6.514648702099570254e-01
5.143599931488110899e-01
3.993006466170943014e-01
6.619937785395910712e-01
5.971876269579545760e-01
8.014580969745541683e-01
5.150083525483870606e-01
5.115201757061075272e-01
5.156900785404084919e-01
3.972811869496120085e-01
1.889376029435883841e-01
6.156365848772867855e-01
5.727891422523914144e-01
1.899531757523598430e-01
7.257366344270566039e-01
4.446647658968614358e-01
5.095516312031012074e-01
6.601070443879712979e-01
1.987776918672355675e-01
3.538581876874684617e-01
5.005835876063003953e-01
4.844347894354995021e-01
4.841598828173301339e-01
4.267379964503349443e-01
4.451772972090284886e-01
3.695766845985162807e-01
5.066096085639094637e-01
7.009543062858182294e-01
4.101142699497247746e-01
1.885316406919062271e-01
1.883958250226155928e-01
4.887348754080616531e-01
1.945944188535215502e-01
4.639905025167746500e-01
1.902228990005458698e-01
4.619180664822979954e-01
4.224412757696424658e-01
1.908534977866800930e-01
5.124629431839413662e-01
4.567822784320885732e-01
4.463755482057846224e-01
2.347268692044488791e-01
4.744095203858582077e-01
4.793199414918472012e-01
6.019992604270779646e-01
4.503779965464478896e-01
5.973700669972832333e-01
3.260631983636446685e-01
4.006732785185433410e-01
5.196881142940515952e-01
5.365935862880376606e-01
3.767503023574313437e-01
5.439323155549110611e-01
6.459983420560246881e-01
3.117386674939246483e-01
2.848555136047629111e-01
4.832752497443382200e-01
5.296952717493232932e-01
2.742865694320715808e-01
4.358647852981835658e-01
6.348603694980827772e-01
4.670037379093319729e-01
7.252053588991175248e-01
4.340852853709483705e-01
5.123293690353906138e-01
6.561429376034255689e-01
4.792438085456552921e-01
5.163216956429205196e-01
4.335836381756734692e-01
8.185756880391995560e-01
1.884408244019821488e-01
5.172436629791204998e-01
3.866405607338884720e-01
6.238836725759329127e-01
4.469341947195494824e-01
4.982775040285143953e-01
4.878256390910350460e-01
4.029124729258609650e-01
3.595198558409906653e-01
4.929824558885017582e-01
3.942221631799339709e-01
4.115940016982111982e-01
5.037576779413603933e-01
4.921566799674508275e-01
4.510831542353934687e-01
5.073958790001066310e-01
6.429764982967979270e-01
4.730973484645132343e-01
5.427016384242778768e-01
4.486621528886193255e-01
2.186333350309183632e-01
3.885782646494120862e-01
5.972330400773075976e-01
3.576500088555382706e-01
4.270840984348343028e-01
5.142195019890197782e-01
5.117040049744030483e-01
2.980414974892034441e-01
5.211779055955877427e-01
4.885671496096022359e-01
5.088028715887122910e-01
6.025876666536116311e-01
5.295806321799821914e-01
6.514109722782385203e-01
6.306728299182700059e-01
2.620478607206505606e-01
3.960045750702839151e-01
4.812277650255543660e-01
6.576945603756731984e-01
5.348116942591795153e-01
5.394410443826856971e-01
6.065897736396399509e-01
8.003408063509155346e-01
4.730953652682343136e-01
5.985823972074382215e-01
4.263060408569014914e-01
2.330359629221453177e-01
5.351330262797708848e-01
6.462848213308755030e-01
4.835257609083902786e-01
4.895320595829574239e-01
6.098043461544510047e-01
4.942409228219980522e-01
6.294101619739296272e-01
7.916809623479658109e-01
5.972939390861483622e-01
1.905066121356902842e-01
6.012525752541202362e-01
5.130108306861949075e-01
6.231876818514938687e-01
4.680431493884462113e-01
4.996024460830049696e-01
6.143948171227424648e-01
5.206445609245747841e-01
3.411171099991843203e-01
5.627448510923420688e-01
6.179521368661957670e-01
1.891752587718335543e-01
4.397717265687942079e-01
1.882636805454855344e-01
6.238034831757388599e-01
4.337908063275525139e-01
4.974075057871661931e-01
3.053355582739267771e-01
4.936544574503237137e-01
1.883512255990884843e-01
4.164170734064206458e-01
8.182426641886557661e-01
4.487224405844222330e-01
1.888907064292984217e-01
6.550571594182470481e-01
4.816874213867928800e-01
3.968972259255970081e-01
3.508357949347435945e-01
2.123357688794309805e-01
5.794210150296335016e-01
4.284315349236823556e-01
6.139761705527803093e-01
4.592824164241530172e-01
6.267105983236527234e-01
6.608719178014382800e-01
3.661864336440394108e-01
2.177196533410988566e-01
4.098285354626630683e-01
2.027917225604934648e-01
1.882209736856257087e-01
4.894642075554582750e-01
1.896627682652741731e-01
4.413947022514034257e-01
4.120150401306102994e-01
1.920137162035175649e-01
1.881383174648696976e-01
6.118845394544086824e-01
6.713866589103181237e-01
4.266270734809359810e-01
2.284331287606303218e-01
5.196521611070413771e-01
6.906776369602083410e-01
3.304270775997472653e-01
6.336874345926912788e-01
2.029474565705194355e-01
4.522020715885662900e-01
5.970955344563840805e-01
4.334076892120823365e-01
5.906032683915358739e-01
6.322961948056010639e-01
6.502171049186840079e-01
4.874393093364577934e-01
5.891924473583060040e-01
6.095680886497198969e-01
7.074906405356758965e-01
5.752565680685116645e-01
6.689579583213457470e-01
1.919625326953758038e-01
3.652173999753426381e-01
4.264307691655827570e-01
4.957586372763669313e-01
6.000630103493934664e-01
6.661484046605610221e-01
6.909916883349551675e-01
6.861564074148439607e-01
6.861840952749246325e-01
6.086741101574649759e-01
5.726598980415330553e-01
6.926714097179706986e-01
5.324972825505404073e-01
4.914658894819882162e-01
5.971838191878451330e-01
5.087254982001454540e-01
4.473061205678078300e-01
4.055286674285504822e-01
4.472624087203082022e-01
6.413110020745955708e-01
5.256477190474023731e-01
5.983305695316351036e-01
7.985897801180853461e-01
1.934410813891207781e-01
4.980683292514718752e-01
4.368929363009545486e-01
5.400799967432111659e-01
6.519199787386219525e-01
3.803319216160293559e-01
5.112286066612286017e-01
5.975929465365059645e-01
5.102383510311847559e-01
2.339791768957222018e-01
6.890179843787093139e-01
5.943103953347607105e-01
1.880991790881119119e-01
4.006897309916391814e-01
3.631425010836641376e-01
3.968102541515656223e-01
6.932275085019804495e-01
3.745318178410542709e-01
4.129894706956893091e-01
5.964161233792965033e-01
6.045667029618974064e-01
6.064877649499815782e-01
6.027204543319417684e-01
1.880613300221611883e-01
5.321093687151063900e-01
3.136282305653820268e-01
3.427300688062598910e-01
6.068321649687149488e-01
1.912975144919462911e-01
4.997498130430524932e-01
5.979540395201992098e-01
3.432686774287982967e-01
6.560978533195089835e-01
4.341369466216683515e-01
5.608133361859268806e-01
7.959048272744765340e-01
3.168517538628912722e-01
6.283996647944755098e-01
3.938229535057693464e-01
6.437614826315264382e-01
6.159884722284135750e-01
2.073745025776860262e-01
6.584117269260925109e-01
4.009733317760733606e-01
8.177062586963086410e-01
5.489556225047438343e-01
6.088395219176115924e-01
4.263511912699831097e-01
3.987028801626097407e-01
6.540234962998349166e-01
6.603876476409289431e-01
4.982587038292672355e-01
5.985573557944051659e-01
6.068464272615297084e-01
4.088874370843277317e-01
6.047053898684882078e-01
6.869809734627290165e-01
4.643115473025706819e-01
5.294134368728224960e-01
4.062122708991519615e-01
5.521823672931137628e-01
3.738194683668478180e-01
3.510966683169612912e-01
3.718831793230045202e-01
3.481316998596494794e-01
5.607503933029550636e-01
5.981445988370820421e-01
1.891582383473463802e-01
1.887427070617920533e-01
5.260364627743238097e-01
2.026221109270387732e-01
3.841862263909190944e-01
3.317606772667419102e-01
7.162554532364123761e-01
6.174362527156493918e-01
6.137846377680045151e-01
4.471785386378421823e-01
3.628619031822306606e-01
3.764878952293497782e-01
6.293516327443341440e-01
3.292161117323469388e-01
4.169977727761294273e-01
5.987384281907621730e-01
4.472788444589869683e-01
3.995865305595987516e-01
4.039734714367158031e-01
7.164213396958744040e-01
3.746625783176134039e-01
5.972797309645657693e-01
4.200088393547070642e-01
7.262456667319900916e-01
2.551887498982512992e-01
3.843380164439261226e-01
4.443626614413995202e-01
3.883785071186692806e-01
6.529667672749520646e-01
2.567258698216903223e-01
4.314830031187240067e-01
3.354549281598466770e-01
3.740911694854987535e-01
5.988366821291116748e-01
3.583732484650116179e-01
6.533738523191353620e-01
7.918523416407616811e-01
3.439930615199595643e-01
2.718123481979969336e-01
5.176683344098687023e-01
3.031679132804009358e-01
6.000406283829285981e-01
1.900519655080325776e-01
6.579397994235273162e-01
5.520403927768957608e-01
3.835907161587511216e-01
1.918641174375536884e-01
6.152723803174083850e-01
2.518698396989468846e-01
7.858427925963316074e-01
5.121833099930515054e-01
4.161623700865828002e-01
3.469920593347107229e-01
2.272624132513172968e-01
3.284952070123481338e-01
6.009577357134135989e-01
5.599859206370858544e-01
2.675978933036420315e-01
7.896757692358822300e-01
3.603637391073106211e-01
6.072739989480472333e-01
2.184804918327434009e-01
5.289818464898318195e-01
3.993422169098037044e-01
6.207118710173983311e-01
4.257621889978248642e-01
6.830338231191233067e-01
6.002836243183697906e-01
7.409861364227008362e-01
3.444818243469848218e-01
7.343209513267225930e-01
1.891291533209986664e-01
3.460559284109931411e-01
6.851584663628164096e-01
2.823771445940760350e-01
3.105368719705996483e-01
3.441645305190326187e-01
6.796603064690784901e-01
5.400532747798264532e-01
3.703685020953512153e-01
5.323345683106109894e-01
7.297391925153162706e-01
5.034177312462143616e-01
7.460393465783894396e-01
5.397534210785507325e-01
3.424505547608054923e-01
7.486659149577160610e-01
5.436123989537986478e-01
5.552861301621075940e-01
5.651108796585943006e-01
6.162039803953487382e-01
3.690912180602312076e-01
5.261150079023145798e-01
3.932440244495038484e-01
6.186921924452764010e-01
2.883451701567600889e-01
6.060907763118430491e-01
3.739854518648200177e-01
2.928606719407872983e-01
6.202335363256467060e-01
6.593401597171004713e-01
6.170389521307438896e-01
5.658134512777884817e-01
3.489933845814972568e-01
4.470047419967478342e-01
1.885613509967993540e-01
5.566338071745013938e-01
5.441973203300339845e-01
3.437113371204578161e-01
6.176076601293294388e-01
3.187819466874983743e-01
5.673195135697697289e-01
6.174588561456100244e-01
6.819085551597308115e-01
6.467201604763724854e-01
7.771583161138646556e-01
6.061359392088356834e-01
5.943978619878474978e-01
4.624976620404950278e-01
3.439435480698838088e-01
7.238090017922959030e-01
1.879389765268104917e-01
6.204317761334233738e-01
1.886652571544602253e-01
3.578148935757975990e-01
3.787776246379381262e-01
6.181861684061670248e-01
3.846105236963410778e-01
3.274002722118179443e-01
7.166763212475087963e-01
6.175385799946908616e-01
6.705935319327918087e-01
5.649133345970067666e-01
3.822681378857007983e-01
4.467537214497601661e-01
3.843217154829369764e-01
4.234702802852328141e-01
6.162236827764403513e-01
5.887563901728906091e-01
3.246974434662728837e-01
3.007272669846008384e-01
4.760327502047797532e-01
3.556853845315751661e-01
6.178706158526842129e-01
1.977692908491086587e-01
5.269855564144696469e-01
5.656058440661267950e-01
4.875363419649688113e-01
7.445067037796295750e-01
2.121724569510685665e-01
6.164255830012248527e-01
1.914654927700439602e-01
5.510162302059337103e-01
5.349363327452602013e-01
4.248513184890995720e-01
4.019137069436214960e-01
2.607367142575621188e-01
6.002397470643395794e-01
3.319270036877976504e-01
7.649613037657797543e-01
3.599261729308453339e-01
3.396619342170065781e-01
3.272630903408811354e-01
6.785815670722616932e-01
6.052455671113112778e-01
3.388910362473490645e-01
3.815583532190706673e-01
5.833301461391525722e-01
5.256156249198655761e-01
7.041321870330862209e-01
6.538948962137756116e-01
6.155887560912612910e-01
7.890670282676127689e-01
2.637953463130042198e-01
5.276779150920306583e-01
2.037592587641161024e-01
4.085588098181726080e-01
5.981062794198670485e-01
5.125307493382215140e-01
6.953690098143679998e-01
5.388086342889639724e-01
3.575695210256132350e-01
3.456569490001962230e-01
5.901594513944254938e-01
6.837825834495072641e-01
2.524363474719027445e-01
4.575558742057672101e-01
4.460152796732498315e-01
5.674651008972070310e-01
4.953706611954306060e-01
5.104799958666184079e-01
5.341694057982380173e-01
6.473337307328779211e-01
5.744247590885216415e-01
3.488789854853207584e-01
5.512429860196202958e-01
7.303727396617994971e-01
3.610897898952553087e-01
5.552586216500413618e-01
3.381917506032859899e-01
5.454453474638103483e-01
7.318132042395334436e-01
6.434393785973685498e-01
4.037260167620500551e-01
5.606343968166915825e-01
5.979618608314112294e-01
5.837689711286360161e-01
5.391306266076876241e-01
6.981151180665124967e-01
2.132795778877823178e-01
1.883597101282717956e-01
6.096621891125469928e-01
6.808851529586728013e-01
5.040983799754089612e-01
6.591927663756556033e-01
5.538705813695774527e-01
2.004997676164669562e-01
5.653649594845994164e-01
1.980940325110010225e-01
7.331326493763049568e-01
5.338341051151013206e-01
2.131727826946359372e-01
5.820571709685392614e-01
4.717230472702496069e-01
3.591210954510654085e-01
4.320185490477964629e-01
7.389905523819806366e-01
5.569561952437538377e-01
4.396759132015985450e-01
2.208304067536346893e-01
5.849994047251123597e-01
2.983843863620702641e-01
6.639210268850113117e-01
5.802954422947848023e-01
3.957027390269166056e-01
5.192646990488239966e-01
3.195471744247640467e-01
3.919887209242196024e-01
5.352736594576286144e-01
3.646151884221141559e-01
4.714445616670067118e-01
5.690246062613534273e-01
5.651765910045355445e-01
4.653284762740297897e-01
5.675066037602370939e-01
4.792862885603730305e-01
5.704613922161771988e-01
4.533850062025298611e-01
2.423949680953843833e-01
1.910803710653503906e-01
7.402050467531167133e-01
7.540373157362989520e-01
6.209830500508446427e-01
5.938267116483153529e-01
7.344444798547645759e-01
1.885884345933941664e-01
3.474927902428890381e-01
4.715353145122465062e-01
4.455220221980514261e-01
5.488291975780879017e-01
5.116490221430876062e-01
5.723097012221503022e-01
5.608868749931182895e-01
6.209635437465537144e-01
7.444865078061081443e-01
5.987866663907429610e-01
5.577471506597544426e-01
4.191395935665797601e-01
5.869011516173883170e-01
5.473279831221881109e-01
3.724496044984968446e-01
6.409734609886366119e-01
5.128946910777164581e-01
4.228480234977952112e-01
7.356183972530269122e-01
1.979803688885797830e-01
4.104737739357160464e-01
5.448951215654160851e-01
1.960341631466620826e-01
6.534919976019316623e-01
5.654943388418162131e-01
1.940048782118630188e-01
6.674344806293066590e-01
1.879559454099654636e-01
5.567726519487181669e-01
4.903526728725296491e-01
5.189511587898272271e-01
5.900994537362026504e-01
3.707682166186919703e-01
6.534907416211176434e-01
7.528485996578946349e-01
6.665863619973653176e-01
3.680352343440210228e-01
4.298796209384769806e-01
4.449410319052326535e-01
4.864620714248059086e-01
5.950291340759252812e-01
6.054946822411685359e-01
5.770983693273282755e-01
5.690514497962743112e-01
2.601767883116830604e-01
5.425641745922347159e-01
5.544586875522776737e-01
1.880247942710643605e-01
5.589140813741472202e-01
5.954801057631304850e-01
4.581218197325152008e-01
1.922746921411134513e-01
7.383692992893986506e-01
5.301460223411971207e-01
1.884236272156595005e-01
6.474028237241643557e-01
7.451539899801394862e-01
1.885111926512929581e-01
6.927218748245994595e-01
1.926953783691510158e-01
1.981286478021852537e-01
3.066866065286265042e-01
5.097857021593568128e-01
7.661567994494995482e-01
2.074803059389369042e-01
5.461830002206088386e-01
5.631753038961522240e-01
1.888987462493016412e-01
5.191053981383767502e-01
5.519842907510491559e-01
1.907101638423880363e-01
5.382301255360989467e-01
7.506073287952702566e-01
4.534168327290831746e-01
2.547385003521333013e-01
3.708266702703802986e-01
5.725691786729264487e-01
4.644022246946712396e-01
5.868595804949112704e-01
6.020608403280997001e-01
7.227341219788693261e-01
7.404915713524093945e-01
7.103345854161933204e-01
3.625050063404923195e-01
2.913185672434829843e-01
5.581462779310878419e-01
5.857972666690453023e-01
6.424735253326285811e-01
6.504392167482965226e-01
3.119487647099650207e-01
5.088337655495284162e-01
2.721344658581452691e-01
6.087529893440949413e-01
5.886713738962369158e-01
5.804541144631483185e-01
1.884337355843297424e-01
5.906334942385720321e-01
5.190886931029418117e-01
4.167734581853012044e-01
3.904170874003049518e-01
3.714025089748738129e-01
6.501610967861213286e-01
6.033504173078285682e-01
3.566857959695737268e-01
6.417923820159538995e-01
5.578765934785275826e-01
3.484288860028730284e-01
7.205369432803012675e-01
5.955484778096691301e-01
1.935357765022164556e-01
3.350912882414194827e-01
2.778640822119949338e-01
5.797526539969224402e-01
5.108465296128952282e-01
3.404212548018865081e-01
6.509890992640124940e-01
4.541143982913447008e-01
5.987480053306839523e-01
5.634978599915579922e-01
6.327493973859643628e-01
3.959993028149822458e-01
3.881220321059034584e-01
3.754608445873043321e-01
6.090060967522582525e-01
6.972918918464908744e-01
6.029963243856684141e-01
4.317843938818859417e-01
6.082847248401314078e-01
1.903561938181495272e-01
6.910987088569237047e-01
5.316286830959431331e-01
5.657694536340466263e-01
6.394442662845271075e-01
2.748852541366674784e-01
6.446362569572712253e-01
4.561504384991819094e-01
5.609926796003094074e-01
6.484873998658691185e-01
1.901857161523823336e-01
5.217840428137696662e-01
1.883179342896515174e-01
1.888605860460824126e-01
5.477453896077250084e-01
3.321692777317014067e-01
4.187633004130220105e-01
1.880389336757961882e-01
5.132752398153839213e-01
2.006264397122319854e-01
5.458120033336701926e-01
5.192730294799162705e-01
4.694627904696190290e-01
3.798496713042187056e-01
6.374440671515121393e-01
4.039378911335930189e-01
2.340814658531323589e-01
3.403538172415446206e-01
6.140100285262376500e-01
1.878049873429393501e-01
5.145840997369279801e-01
6.350952151309429139e-01
5.969296370213862390e-01
7.438969736291847212e-01
8.026885798191683019e-01
6.312445829519335305e-01
5.972441401344297240e-01
5.967893175837692965e-01
6.622365349577585825e-01
5.639482382024930684e-01
3.124851482395735180e-01
6.091372555812559764e-01
5.996138161728447047e-01
6.144751688629440656e-01
5.511212574796738872e-01
5.948362372162504519e-01
2.697891530837465690e-01
4.675866106703940872e-01
1.909275319145203598e-01
1.898586659537320476e-01
5.996565181803952260e-01
5.996497318428740675e-01
5.462551730400594385e-01
6.571527558652663359e-01
5.235312600800641203e-01
6.595891717229246387e-01
5.979863488782364289e-01
6.558066811917803163e-01
5.808539372884863328e-01
4.511715432899639500e-01
6.194293373209166509e-01
4.524248439273346190e-01
6.769213704030819789e-01
4.471480585887978587e-01
6.192001709358603279e-01
4.501716241620342673e-01
5.592586896825404441e-01
6.331677435384082120e-01
5.229991372842952568e-01
3.586040366073799945e-01
5.981090788277280135e-01
5.194587418613975105e-01
7.264819121365374555e-01
3.634612515792637888e-01
5.143053007392967002e-01
5.352129755426892066e-01
7.415351271822190338e-01
4.025847770631268974e-01
2.106354965623010167e-01
4.664827188580282780e-01
6.081960568185530436e-01
4.965465458648216091e-01
5.627990641514857284e-01
6.192433838662374512e-01
1.894056695542543356e-01
5.084691181660392356e-01
6.710760717179667934e-01
3.162158325182885532e-01
6.428326763899717688e-01
4.652591974970905486e-01
1.882043065987298036e-01
1.882417923192002407e-01
1.881310352461807445e-01
5.633062859348699769e-01
5.550634139458512362e-01
3.800161286454646903e-01
4.482774717228872885e-01
6.549933951431196055e-01
6.116011680840403031e-01
6.848228772965140321e-01
4.497912724509716131e-01
3.543272838836642458e-01
6.486131806553372403e-01
3.507345705305940919e-01
6.378089717810951909e-01
1.880954673245238407e-01
6.298059028394327186e-01
6.773806606137132702e-01
4.302721569265828272e-01
5.586957175492686112e-01
6.120309812234129287e-01
5.932687235470361919e-01
5.192359678272865375e-01
7.032343217500457433e-01
1.881791460637380897e-01
5.871217299692325087e-01
6.239634514214793537e-01
4.654054547957898191e-01
6.523631504489894040e-01
1.883071384426758255e-01
6.007293495951813167e-01
6.268510611594877435e-01
4.639105159865918870e-01
5.181454477904423594e-01
6.354765983870515056e-01
6.051536654777119884e-01
6.325510793649096186e-01
5.574556774815712101e-01
5.920878302010025296e-01
1.880917373276807802e-01
6.737785105522808848e-01
6.002052608235102227e-01
1.899419952504814157e-01
5.541435181510824259e-01
4.624280515392085733e-01
5.758871684471881247e-01
5.093864683606359467e-01
6.886975814340398072e-01
5.659116576826044298e-01
6.856899152463872271e-01
3.866633946269092403e-01
4.921572580489344539e-01
6.442048432849510897e-01
6.789412570792671131e-01
2.010894714873467104e-01
6.495502183559773712e-01
7.319022860911951200e-01
5.782363048718967002e-01
6.969661286007040601e-01
6.863604890498592459e-01
6.467132332575310505e-01
1.880278922118649443e-01
6.784039657155154224e-01
6.155592146845941803e-01
6.829208962964986585e-01
4.504557690056061325e-01
7.115607502777278048e-01
7.229048181225198322e-01
1.890019871004223750e-01
5.611767691738104302e-01
5.561055483645218622e-01
6.480579372617972789e-01
5.618225844087535448e-01
5.908684810438878943e-01
6.563495781289108155e-01
4.237173174839944934e-01
7.058715199352898484e-01
5.123073904550642377e-01
3.101266665545266421e-01
5.623868739770353509e-01
4.440109316497993786e-01
5.646649896024292792e-01
6.804151526177942833e-01
1.887619825943975260e-01
7.001738170914999504e-01
5.575471194107264328e-01
5.362461356010772562e-01
6.542363162928760412e-01
5.456706325529205870e-01
7.017130286481879642e-01
1.888280844721227369e-01
3.443753696128845077e-01
6.067124437333927256e-01
6.080376867806770447e-01
4.210234281450246918e-01
5.304975167294189164e-01
5.432394509021432061e-01
2.126426974457368280e-01
7.062971674761436836e-01
6.044368874631891320e-01
5.980213565366069295e-01
6.011654278113994776e-01
6.082942748326817251e-01
5.390982205539871508e-01
1.896050957294557193e-01
6.716317844611445764e-01
6.048991529741628570e-01
4.507529937965085165e-01
4.301556023955718788e-01
6.691045345104349451e-01
7.371995954090611036e-01
6.047983289511318361e-01
2.562247065947219626e-01
7.018732770858828740e-01
6.076414503921813148e-01
6.536064540544944679e-01
6.740721009750429982e-01
4.773205232883187543e-01
5.235642827555813117e-01
5.972763671837046928e-01
7.125113314450780555e-01
6.699644803697198947e-01
5.663699427829808064e-01
5.424537076352728970e-01
6.779520735952739852e-01
5.483581373417029114e-01
7.132694631319183021e-01
5.848572711886969033e-01
6.703314408459228879e-01
4.786499739093552641e-01
6.091274188871101947e-01
5.985380985642909657e-01
6.756114065167970750e-01
7.421143657040598640e-01
1.884334765650149957e-01
4.035200712572600268e-01
5.002283055647684940e-01
4.504611605786905115e-01
1.898177778858682885e-01
7.215128522041451831e-01
7.231178047783418661e-01
7.136178813739708637e-01
6.003999020189249025e-01
5.972858225436126212e-01
3.976517729440993132e-01
7.041600972075365839e-01
4.898935404364204715e-01
6.119018393116553156e-01
7.389786177012307444e-01
1.895884927710004553e-01
7.186977467829213095e-01
6.432246878587035699e-01
5.925062700775013402e-01
5.767025100703426777e-01
4.165067385992496374e-01
7.279169012563531105e-01
4.297328518281954834e-01
4.195023451871792153e-01
6.526749549816409646e-01
2.499482213587304602e-01
7.408441006198784873e-01
7.445093310985614332e-01
6.936224428042577772e-01
5.967084374464891594e-01
6.075748985523794499e-01
6.435742053221742420e-01
4.876467010199726504e-01
4.087662399743534070e-01
1.930494188878889572e-01
3.874670412582491563e-01
4.605464183226067876e-01
7.497723306655462716e-01
3.501297629168054759e-01
7.344191135132521753e-01
6.228159632904204379e-01
5.088965078394034336e-01
4.160544300478979385e-01
7.457306440749170706e-01
3.545148788951788532e-01
7.329370658577819553e-01
7.348104049963326556e-01
7.466687502819168154e-01
6.085778880522562106e-01
7.425791025785958288e-01
7.360323901394048018e-01
7.946306796699413866e-01
4.983939093548078181e-01
7.433453172550722465e-01
5.148403002235636405e-01
4.501769747155291435e-01
5.967548597641947339e-01
5.152824685064323340e-01
5.461341959311734051e-01
5.156604865479279542e-01
3.830975447145776869e-01
3.871243447479873478e-01
7.453541398225402848e-01
5.312294770715469960e-01
5.942551935601048108e-01
5.159757186053907096e-01
5.300691634118592788e-01
7.308450119123410804e-01
4.056226233996568231e-01
5.162324795971128255e-01
5.874844999297061943e-01
1.896437071797244522e-01
7.448540313317462136e-01
5.073440176149915937e-01
5.140659024220526341e-01
5.164341614230316679e-01
7.636951530077342731e-01
4.994689072482928482e-01
3.741680072349012343e-01
7.618589557957055058e-01
3.787848083551096923e-01
5.072620744673684845e-01
7.382005417429201577e-01
5.324722778984524174e-01
7.954987384918950077e-01
7.498275434349097601e-01
6.556363335928047098e-01
5.415037039032600807e-01
7.449070070350548578e-01
7.364946060525332516e-01
5.069801345798041758e-01
4.289952180663008652e-01
3.974246859238648177e-01
5.967298936370173390e-01
6.908872748330129321e-01
3.691152999318882966e-01
5.521258422493373619e-01
7.796244683721400559e-01
5.077611864296178723e-01
5.425085468866811533e-01
4.984483913660859300e-01
4.937539422442137060e-01
6.765136250604617540e-01
7.782989213338643575e-01
5.172399221409740289e-01
2.111679597381483087e-01
5.785718853862230615e-01
7.309775834570801933e-01
7.503918727113504383e-01
7.391523573413398829e-01
5.297186039001019475e-01
5.237021420218667123e-01
7.320468020127600672e-01
5.315701545659327065e-01
5.167264407873971566e-01
5.447854952133435180e-01
6.028491388698725695e-01
5.374270843671297149e-01
6.084892947332357638e-01
5.166789229099015834e-01
5.444777488158489831e-01
7.153137709942294364e-01
5.079198101986345248e-01
5.476401943040092313e-01
4.222762532839164362e-01
5.122565928605997687e-01
5.264438063995796613e-01
5.648863392076305390e-01
6.256497216357400637e-01
6.029542483503593786e-01
5.646825569910493003e-01
5.758072241422397264e-01
7.432359575682154773e-01
7.454031611195871543e-01
5.235848569699971256e-01
3.930805650057903611e-01
5.126012899636946951e-01
6.849785029570755190e-01
5.222736646867665034e-01
3.977845349528522645e-01
5.596066149661514944e-01
5.518506179240073584e-01
1.919093326735061000e-01
1.928735816481590426e-01
4.026085869373028925e-01
5.367176906866626407e-01
5.683750131550228124e-01
5.073685488055030834e-01
3.656800881035589534e-01
4.267113532294536937e-01
7.366982643765443983e-01
6.308814830139218843e-01
5.385271663661631569e-01
5.080207754089837158e-01
4.321980408287718900e-01
5.660670758180708084e-01
5.092416008591853505e-01
5.710779249059803053e-01
5.571866404447403109e-01
7.365449736700008243e-01
4.285047114630058385e-01
5.488582196222270282e-01
6.834641984817315663e-01
3.391304518902747422e-01
5.491507272632641934e-01
3.363486464085739258e-01
3.549674835997994049e-01
4.088791233316654838e-01
5.479335081405708463e-01
5.691945451578190873e-01
1.906546342365364743e-01
2.926473059852242598e-01
6.828116844811815689e-01
4.063319146415833027e-01
5.686218144671540964e-01
5.626625728717508101e-01
6.344347154940455091e-01
3.835219777636685312e-01
5.745934711797617833e-01
5.080606683223294340e-01
4.491706852985518639e-01
5.143921979257671806e-01
7.408171420442302146e-01
5.593580626659082622e-01
2.009279923597784012e-01
2.764763951247818929e-01
3.106006387119814027e-01
1.953125274101213393e-01
3.444838179070822681e-01
2.013415727186926851e-01
5.080038356376636033e-01
4.213069786295955965e-01
5.569231960269062087e-01
4.596644597724499071e-01
6.016811472951250073e-01
5.663344588628017595e-01
4.768935485311352473e-01
2.804471141018334279e-01
4.628443047068706573e-01
4.685798152400403871e-01
3.079948918523551793e-01
4.293077735206508039e-01
5.179880238335562437e-01
2.573258748854985178e-01
5.689034221928374047e-01
4.885601996268580938e-01
2.084782864476728559e-01
5.820236921314410061e-01
4.435282483880129689e-01
4.176811916102234901e-01
4.033707277181028950e-01
5.078983667420646775e-01
5.077462768688816297e-01
5.708165432020670949e-01
5.754272778051437998e-01
7.409438026404585598e-01
7.537535588936177255e-01
5.827003914486547087e-01
5.679622340104046874e-01
4.841166691015143519e-01
5.838049965674114716e-01
5.397438739789613971e-01
6.818026761164612815e-01
5.734453752635072510e-01
5.883529224406716107e-01
4.228638826378179338e-01
5.776042339473467235e-01
5.844636112722171317e-01
5.587248795280642666e-01
5.918472287803469012e-01
1.923384604866829328e-01
2.970842762325934805e-01
5.889548392157742951e-01
4.272681231810129265e-01
6.804100787188597232e-01
5.929834292945125318e-01
5.624153053783162992e-01
7.397181608566042454e-01
6.857167427002784921e-01
1.879646850676940650e-01
5.861458224658102623e-01
6.804263690877616622e-01
5.934448770326983258e-01
5.855401707449292559e-01
5.034607879404319197e-01
5.923214927997783041e-01
6.192575140847653703e-01
5.748755666584701718e-01
1.940499912479500266e-01
6.793672451443898419e-01
5.070267764157543322e-01
5.940430065295588813e-01
7.577174228420795465e-01
5.073095114049158694e-01
1.879348281174533231e-01
1.879896462575442739e-01
4.121514288295959338e-01
5.048646769701394810e-01
1.994402622808951753e-01
5.954720024613039397e-01
5.166687213280960478e-01
5.640847579296563996e-01
7.522228539614351783e-01
5.757329260398709181e-01
4.480846963861385146e-01
2.002784798808854017e-01
5.669881520174613332e-01
5.610679598022038084e-01
5.959178089406991230e-01
6.861115864083000560e-01
4.511527178254610693e-01
5.063361897764584452e-01
7.616981896692105458e-01
2.628150552087245573e-01
6.838723918101893284e-01
5.705970627811237650e-01
7.375041634421256598e-01
5.067020119062826122e-01
3.897510430585336416e-01
5.399065501179189930e-01
6.821575408650039085e-01
5.661310022053592794e-01
3.973273808764182236e-01
5.773211606568173782e-01
6.823667430772856202e-01
1.884513269768720578e-01
5.159111259127310278e-01
2.030887232536506548e-01
5.266260485354973264e-01
5.806209045216731424e-01
1.899351608822142101e-01
1.900605270763610632e-01
5.968729226569131630e-01
5.059322025909704923e-01
4.286544329612262949e-01
7.496118187323385085e-01
1.972321984143051987e-01
5.026898315144828766e-01
5.619923787114845526e-01
4.328496680638616589e-01
6.890538776727729298e-01
1.975962752857333138e-01
5.979831654501377436e-01
5.829601685708561964e-01
7.167204620115132929e-01
5.050048494958743195e-01
1.969681277323112600e-01
5.822545547060294924e-01
5.518311098324171216e-01
4.351748431089513258e-01
4.570034748745642195e-01
7.179005173822136099e-01
6.663592624226841732e-01
5.840654965251479425e-01
5.500572572287359963e-01
5.847555633107872630e-01
1.896769886115449721e-01
5.401516695168092630e-01
5.462338957789544258e-01
2.162754796234354071e-01
5.145479939310471096e-01
5.858841228356049813e-01
6.410396268692443167e-01
6.676832522442749385e-01
5.117536737092691634e-01
7.166273304261170374e-01
7.118010175216415991e-01
1.998907711067443027e-01
5.044849771356448853e-01
1.889702673856388515e-01
6.763378737202273561e-01
5.886860551015669074e-01
5.403339417046565396e-01
7.315596329664495467e-01
5.895392341313896445e-01
5.877531410985896709e-01
5.898419776344607790e-01
4.361289498774078011e-01
2.178216588392823949e-01
1.890669747706870407e-01
7.222340452001508870e-01
5.948919845771281079e-01
7.068866547167571568e-01
1.888010892878299596e-01
5.612988680615679238e-01
5.349014064346222508e-01
3.562808296030427480e-01
5.913931118595644465e-01
6.229763748625705144e-01
7.069975081833052011e-01
5.990312515396346571e-01
5.926330851995711413e-01
7.249179364796264347e-01
5.921204990036942339e-01
7.367664026542261047e-01
5.932959356560996156e-01
2.091614018627710458e-01
4.847770952017914636e-01
5.803620958329659407e-01
5.281808396882894385e-01
5.937973659226175593e-01
5.825932650034899574e-01
4.854928621431637281e-01
6.925901966334671034e-01
5.327619107913377228e-01
4.416720196992816594e-01
2.752290481001826161e-01
4.402409472569838167e-01
2.038805260276354003e-01
5.972828090754986885e-01
2.817487758194682224e-01
2.034214591500737301e-01
2.161870280923365584e-01
5.222294848645540055e-01
4.967781199350868038e-01
5.959176861021657778e-01
5.264217524724852382e-01
4.718709591148998461e-01
5.953747840159099303e-01
6.907804371589472137e-01
1.882139346709476024e-01
4.205537947695999756e-01
6.905859027240004444e-01
4.167457125036330146e-01
4.219704761588021213e-01
5.083550867163481035e-01
4.080042974122958799e-01
5.076300852856407975e-01
5.964494109910157826e-01
6.837878623316180349e-01
1.886572412051749359e-01
4.685784755136180313e-01
6.859543275478111601e-01
1.878107805735418356e-01
2.099827636793441532e-01
2.150005916318851185e-01
7.392082283606467019e-01
4.225470101602791795e-01
5.963787458346031523e-01
5.162523312071966020e-01
4.941878367568476871e-01
4.181787163461843648e-01
4.709688736631586492e-01
6.792406934060102319e-01
5.977590526172027463e-01
5.171834174522004224e-01
3.964958238543966895e-01
1.879534477224920064e-01
4.881194008237939586e-01
5.973862721462158687e-01
5.974819619244156055e-01
4.483679905193452830e-01
5.990509759634032871e-01
1.924741571682501429e-01
4.402053616228431832e-01
4.934630638314542739e-01
5.973007977621174192e-01
2.240376602331785871e-01
5.977633510558236773e-01
5.976685563724347672e-01
5.979216396694030378e-01
7.406163026385422787e-01
6.861192420111308365e-01
6.903357008131734140e-01
5.182620793630768885e-01
5.977746184527744644e-01
6.815983338838880190e-01
5.978823878722135943e-01
6.849765845266262421e-01
6.880306521403453113e-01
4.635771490240977455e-01
4.664455041742335828e-01
3.844171749763949930e-01
4.470165170121101483e-01
5.978031927943462387e-01
3.679782006325305055e-01
6.026656935684570060e-01
5.112851708957933949e-01
6.933402905020024098e-01
5.172986891334795390e-01
6.828833359699434391e-01
4.688366864959721547e-01
3.922291346977941906e-01
1.992392056968212699e-01
3.825383894265222962e-01
5.096451217521992261e-01
3.780920700839756066e-01
4.455115251939191778e-01
1.940663823810662991e-01
6.927084753869837686e-01
5.734499858862696087e-01
5.858211315649910489e-01
4.804663711935256987e-01
4.884332269455454179e-01
4.896086269664164381e-01
4.991837410887253745e-01
5.571509653824772146e-01
5.973279372610800220e-01
5.457476193179918722e-01
2.132636147369926238e-01
5.509583629048495634e-01
4.662244555650066347e-01
5.993216184517942136e-01
4.936294926184930931e-01
6.894194369774796494e-01
4.919177559025271207e-01
1.991980374362675721e-01
1.940420775152129074e-01
5.010573052143381112e-01
2.005573337536822875e-01
5.603724606641946604e-01
6.916985738333703004e-01
1.970417847558537938e-01
6.011914483854853275e-01
2.030065610233823259e-01
7.491209038471344783e-01
5.676970295962794344e-01
5.442346917055539413e-01
4.503061911990469124e-01
1.922897776600243636e-01
4.815981448282559141e-01
4.518392558106919532e-01
5.579982504956789713e-01
4.435923843308141601e-01
1.932677065592246779e-01
4.947884738680573546e-01
2.142234572973338025e-01
4.344713828622071006e-01
1.933686967447320604e-01
1.895344480802328702e-01
6.881063600811683223e-01
6.902760567390038293e-01
5.384783466532246932e-01
4.301882527700599534e-01
5.701799213047816783e-01
6.730268327598258882e-01
5.634062392212563219e-01
1.914790794561065934e-01
2.625334947695315835e-01
7.473636021823004683e-01
2.430019676504135695e-01
4.891886261500004718e-01
1.903617910386603551e-01
6.780212101994961271e-01
4.154414143146265559e-01
2.139111560476493201e-01
4.876862299933919509e-01
7.134397576294041476e-01
4.884127930040341181e-01
4.917093900097998516e-01
2.023949263850332303e-01
2.334451562748265097e-01
1.880487214206193192e-01
7.119925332124961148e-01
6.735961063414281913e-01
4.833831889486487343e-01
1.931076554448594718e-01
5.767912089210371906e-01
6.751130643090118566e-01
2.036063468853768488e-01
1.889216965663749193e-01
2.020349366972314098e-01
2.126225127557128947e-01
1.887883902648796464e-01
1.976142451123356625e-01
4.782808394845457500e-01
5.213263517030902738e-01
2.255494619251372512e-01
1.915488381467698176e-01
2.273610904944354805e-01
2.011789206108194061e-01
3.971659779211769159e-01
3.790980890273647486e-01
2.180189420228069441e-01
5.559696367100673831e-01
5.855032265268337310e-01
1.894280320703163045e-01
4.923683424552899313e-01
4.006917655231048703e-01
5.954311649410779506e-01
5.883686966388496087e-01
4.175069935680708055e-01
6.382123067521227044e-01
2.035586687523515681e-01
2.053527241058280273e-01
1.987057710738039940e-01
6.117995628846635281e-01
3.941590522475421632e-01
5.155364878080913593e-01
1.889521610856532696e-01
2.213406673329393337e-01
1.990073477541018099e-01
6.346087379244343962e-01
1.927819800884087165e-01
6.305325239906069967e-01
4.987704755633550202e-01
4.223536656372677278e-01
5.810851957972220649e-01
1.913838924239332773e-01
1.947068219468915951e-01
6.191691937119411238e-01
1.882945426845718251e-01
1.896987391149975166e-01
3.943871581349244204e-01
6.156258663569257328e-01
5.576123080059405268e-01
4.098111777627213570e-01
5.963928965782988589e-01
6.121561171849020377e-01
1.903062465027164363e-01
5.975638407989356526e-01
5.168889948993414807e-01
5.442571058319466415e-01
4.998721692081201096e-01
1.877106728013155368e-01
3.797801831542412243e-01
5.175863539407051794e-01
6.785989391426814343e-01
6.115538449257398312e-01
7.162855497094395840e-01
1.899818149907285258e-01
5.065051555288766494e-01
4.020808026058706464e-01
5.180534553839989398e-01
1.988889074729348061e-01
7.692201067883540633e-01
4.406601544857511321e-01
4.372503777720736506e-01
3.709709455601556960e-01
5.002807007054683730e-01
7.844454944924985629e-01
7.903170541038927466e-01
4.933168968587515191e-01
5.075427568041055437e-01
1.877631606319246915e-01
5.220570385794957025e-01
5.057628993663044747e-01
3.338107236750866291e-01
1.938049116007135864e-01
5.183655558551389930e-01
4.003597423849385439e-01
5.135140192385481139e-01
1.880078808931593681e-01
7.467659538918604012e-01
6.291668472280086410e-01
4.286093960990952634e-01
5.061161624791835623e-01
4.997343854320233647e-01
7.333985765833712644e-01
1.924839050432335663e-01
2.003612620829826330e-01
5.904351426038102479e-01
5.116292373716785358e-01
3.952768294094161083e-01
3.352804832438875393e-01
2.082793634699171004e-01
1.894742609961658775e-01
1.905441308007496948e-01
1.985335891893824367e-01
5.062185602351770841e-01
6.423962472473663254e-01
7.238248793983806939e-01
1.884604694112305689e-01
2.202880159938946092e-01
5.985650881985781213e-01
5.162984841709608030e-01
7.690991117878798189e-01
4.014630168095204010e-01
1.939361236043785353e-01
5.949387168374278279e-01
5.060280563489589767e-01
5.717873316441818288e-01
5.919930642327818626e-01
4.245790234129175333e-01
1.920115088344767351e-01
1.983920971884775564e-01
1.979356656925018165e-01
5.110192375611642968e-01
3.976561419328083491e-01
5.404990386613084397e-01
5.895595156548681937e-01
2.024390691773659545e-01
1.935762600032054359e-01
3.241481400275243452e-01
5.808789957372669788e-01
3.255520124470377974e-01
1.920626478351982747e-01
5.770453265316154434e-01
5.053923151367549771e-01
1.921094066784229393e-01
4.138288010914699111e-01
1.983723894753501027e-01
5.074157238884918764e-01
5.744337525871477945e-01
2.387574625118685789e-01
5.149066908078017146e-01
1.891013079656296281e-01
1.916762988912220078e-01
1.932931926172834491e-01
1.980951387932370356e-01
5.047470791437934645e-01
2.022431595671518867e-01
1.936388124872744643e-01
5.703415694022697657e-01
5.180339020058412070e-01
1.921538085147236341e-01
5.141128881708511011e-01
1.937091475464962353e-01
5.223221929639778605e-01
1.903394905012072980e-01
5.039366064570544035e-01
1.963640274607663938e-01
5.836559002412498032e-01
5.054871391764609312e-01
4.272424198129312622e-01
1.965051586236523373e-01
5.034706806230621057e-01
1.989909736420661379e-01
1.949009119149366365e-01
5.555331912653691528e-01
5.521125795058771102e-01
1.924357793804569450e-01
2.243841805072184781e-01
1.938964684879900813e-01
5.126871636606500360e-01
4.958497720276612841e-01
1.899543164579820809e-01
5.502690324710343139e-01
5.073414651916522411e-01
5.024211133791196549e-01
5.166828796461107043e-01
4.186942166204052351e-01
1.924160455130890512e-01
3.139624666504000072e-01
1.940285191563715095e-01
5.033313072932510401e-01
5.068377722588713885e-01
2.035623842141459638e-01
1.993530067679818718e-01
2.036071934132462902e-01
4.978451890348717379e-01
1.936984705113639627e-01
5.387026547862273640e-01
4.947379114748147177e-01
4.928773191761229855e-01
5.158476292925481266e-01
1.892857946694858906e-01
5.345400554183539210e-01
5.323118916598580386e-01
4.829949270070362788e-01
1.892321294656812980e-01
5.033037059313936190e-01
5.287725969982006724e-01
1.881522757885348285e-01
5.270557333608461015e-01
4.881952245093357234e-01
4.955398324482517824e-01
4.558577415151540135e-01
1.968392306670026237e-01
5.097124429192778639e-01
1.942787151269756152e-01
1.963248642239966701e-01
5.164057216934447858e-01
4.939500269550496370e-01
4.961167945176940264e-01
5.122688385820621804e-01
5.106394346417140184e-01
1.921958383261318237e-01
1.937532642145546602e-01
4.954243307299054377e-01
1.940829830316788962e-01
1.982474161482200570e-01
4.585335190112421744e-01
1.922353716364392784e-01
4.901905467358040891e-01
4.659561981256034047e-01
4.893954392843757328e-01
4.943793190304778262e-01
4.903457868968343902e-01
2.135131153700503825e-01
4.873920880448378568e-01
5.165951586643646731e-01
4.888393521624478932e-01
5.155679477968515556e-01
4.983379483409147714e-01
4.952411970938972452e-01
4.842737382107971111e-01
4.934051288752469566e-01
1.924650012960437417e-01
4.901445799023825822e-01
4.760507374491984023e-01
4.743963767243341567e-01
1.924803779985517493e-01
4.697994318504039035e-01
4.680625607862892168e-01
4.632602031707544477e-01
2.034909256035957459e-01
1.940626306073368057e-01
4.466233113291185330e-01
4.614199179055311073e-01
1.924769553967418112e-01
1.940759591979416276e-01
4.563901301449218018e-01
1.985442913305135726e-01
1.924686167429823236e-01
4.544233917843116810e-01
2.160042966837459333e-01
4.491360781408191283e-01
4.499253767267701876e-01
1.885462642272464073e-01
2.210873725103134069e-01
4.401575051337286992e-01
5.133410934440379991e-01
2.196853218764589777e-01
4.469636409341242733e-01
4.405349632828615136e-01
1.936978600517524629e-01
4.248588952446014644e-01
2.052476554192796676e-01
1.929082612223574078e-01
1.952251608440555564e-01
1.994386926408219241e-01
2.018503033211789532e-01
1.987145027127004415e-01
2.416543347510941298e-01
4.425566039000659591e-01
1.901066857736574967e-01
1.938086390164079909e-01
1.918898962075973047e-01
2.121085505814328809e-01
2.018149379106565222e-01
5.125805638068071657e-01
2.007897177939332312e-01
2.073342133104866258e-01
2.328398714808842529e-01
1.965911695799817116e-01
2.041053817338435994e-01
1.981333195485363019e-01
2.114540695558899952e-01
1.897888998841583685e-01
1.927226341796958731e-01
1.993014985323572907e-01
2.016407194007019121e-01
1.946915726118738088e-01
1.892426881280968864e-01
2.003542080001269321e-01
1.963626194711363404e-01
1.922815153112286402e-01
1.904805663168198659e-01
1.877181621576632375e-01
1.965037495369097720e-01
1.882763108672171060e-01
1.982028700469067040e-01
1.911136401916688210e-01
1.961756675609367673e-01
1.919637036313966150e-01
1.877207643001190529e-01
1.886731238930263455e-01
1.892038437605932100e-01
1.903637157141564451e-01
1.876745639696963119e-01
1.877225960284220618e-01
1.877311848072636402e-01
1.906318084768114374e-01
1.877245841311326324e-01
1.901557838780246201e-01
1.877044120555499684e-01
1.876995635473437118e-01
1.877326957876071511e-01
1.877074991195285814e-01
1.877084254443196210e-01
1.878733097528823837e-01
1.878266756097344559e-01
1.878064382888278427e-01
1.879345242597273424e-01
1.878529468662139545e-01
1.877648168131878792e-01
1.922418222465848980e-01
1.879370340564621156e-01
5.018882213369519896e-01
1.879260598624976908e-01
1.878155876438657446e-01
1.918656086403603134e-01
1.880106585807113928e-01
4.927059343778321110e-01
5.039269168329669757e-01
1.909909679733789445e-01
1.994186249135988520e-01
1.910228379493416062e-01
1.940774641798595213e-01
4.420968596321051547e-01
4.448185986337171438e-01
1.888127189834721831e-01
2.021374438221305303e-01
2.346820110382942526e-01
1.907087657783754775e-01
1.988134008927149587e-01
1.877169671850932309e-01
1.878770439370069656e-01
1.885727587328306087e-01
1.885720263798792706e-01
8.181123297748941203e-01
8.154361956877158590e-01
8.181044518608479033e-01
1.930267871067691543e-01
8.182298924832744902e-01
8.180571432249882369e-01
8.164318097609123415e-01
2.492376125463212910e-01
1.878815471276313875e-01
1.893322560757893791e-01
1.890992231630328757e-01
3.817477914580303944e-01
8.190968063068659877e-01
1.878504761680607205e-01
8.180016034373459588e-01
5.850128979303131915e-01
1.890320525874973068e-01
1.886008741628427965e-01
1.884780715660910599e-01
4.679901261298176629e-01
5.315942632690706660e-01
1.899542246672676626e-01
2.155595310311100854e-01
6.447691726525512923e-01
1.902330027773854182e-01
1.917107563019800065e-01
8.175899321950366172e-01
6.628811958368130419e-01
5.870897551619735921e-01
1.886596711303852869e-01
1.884221774702806718e-01
1.876481042984395886e-01
5.074666094771379532e-01
1.877577092627967514e-01
1.877639209117147601e-01
7.833411238600198612e-01
7.980994415911379924e-01
1.905810653374185037e-01
8.179883430218244378e-01
7.723716514858297577e-01
8.006987738068724880e-01
2.682978215049253157e-01
1.951015694122543720e-01
1.959688197401868170e-01
1.882442685424163542e-01
6.749741431206099929e-01
1.905320023810440355e-01
6.437514438033115072e-01
6.388104204238532757e-01
1.906735470600195159e-01
8.180777228481745933e-01
8.182774943889478125e-01
5.621519543437035749e-01
1.894076125762024498e-01
5.795355038019126548e-01
7.670763057950469310e-01
1.878166356831880157e-01
8.178406929476720322e-01
8.183283746943564863e-01
6.978981698464089556e-01
1.959217034277295488e-01
2.026071928112424259e-01
6.960366211109312307e-01
1.995928175065983523e-01
6.424155249883882757e-01
5.039512557884474608e-01
5.761487970167985528e-01
5.718124107612412299e-01
1.890448264172060189e-01
8.162138094204731686e-01
6.403587607547305272e-01
5.885305323984935111e-01
7.871904321090266166e-01
4.794240373880111483e-01
4.391977394877632501e-01
5.476538308416638579e-01
8.181288368672856581e-01
8.178534282120115684e-01
8.180236607158956064e-01
7.891591443595296074e-01
4.801362532344927714e-01
4.462354371575401601e-01
1.972013051676110851e-01
1.949011643059271048e-01
7.746573866152349774e-01
1.884680020673165646e-01
8.179654422167633721e-01
1.903849418612205968e-01
6.404777828833142506e-01
5.760701420233215186e-01
8.175221665280179018e-01
8.176955157460471524e-01
6.404705630002477390e-01
2.043380875603414415e-01
1.986598143923206661e-01
1.939385948773272306e-01
1.901592733927811585e-01
1.912039211862844035e-01
1.907247114757971151e-01
1.903964864361424314e-01
1.908771202719405369e-01
1.910355430581864022e-01
1.920690311462005528e-01
1.944230934820208312e-01
2.026108502726948202e-01
1.967719678880059941e-01
5.125753449234414783e-01
5.778809615605496885e-01
5.841876083721744273e-01
8.171215257909391072e-01
1.900826467675475473e-01
1.921783234495098858e-01
1.912537907770864853e-01
1.902251917868091613e-01
8.182608487618222570e-01
8.186557262558274983e-01
5.643289880331235908e-01
8.181728434818394957e-01
1.905618340975031855e-01
8.174541540833842879e-01
1.882760879543309285e-01
1.896331538913655357e-01
8.181821837910806527e-01
1.907512812676569747e-01
2.051181002306880219e-01
1.882614224513285694e-01
5.582131296187380354e-01
8.176885808021963076e-01
2.014451014191931677e-01
3.230719514170762308e-01
3.022371614297281739e-01
7.422509451401003711e-01
8.071796728278479716e-01
8.185046292709499127e-01
1.895982024017556222e-01
5.814987572097467527e-01
1.957953293661489347e-01
1.933657089673947449e-01
6.941013047384533285e-01
8.175410836467584819e-01
8.174594006203139696e-01
1.911920408475165922e-01
8.181121841741599843e-01
8.175639086129329325e-01
6.949355775845532657e-01
8.177286842020921043e-01
6.941586918558146913e-01
1.901135695383564528e-01
5.618500908535393190e-01
8.188218530004983675e-01
8.183363344160645703e-01
1.892638762219286952e-01
1.931586096460037039e-01
2.045805269610481980e-01
3.270396416412817975e-01
8.158931024069258076e-01
1.890784434250662727e-01
1.880952215493274238e-01
1.886960740520050028e-01
8.183372616799727828e-01
1.942376980548803367e-01
7.112485095713629857e-01
2.034176744846967755e-01
5.744099768265632511e-01
1.954730193280962702e-01
3.464928689545128671e-01
8.181565455929827868e-01
2.336998737758449740e-01
6.086382884217931277e-01
5.387353936954819567e-01
1.992513714126939450e-01
8.181899392923694947e-01
8.182281435967170280e-01
6.962267138457441940e-01
8.176412457589238292e-01
6.790643540602835371e-01
8.179068409692930031e-01
2.442496557743440710e-01
4.022641171025491680e-01
8.177609321733874115e-01
8.175582811779453785e-01
1.898273433801697940e-01
8.174660152732631246e-01
1.894384160491102698e-01
6.666092288794541743e-01
5.774623747956099118e-01
1.891783652751448663e-01
6.405032621663786507e-01
8.173993186323661453e-01
1.995165832851150955e-01
6.481269610474500453e-01
6.779537702136082533e-01
8.188187516005650535e-01
6.931670482331914185e-01
6.485384473245421333e-01
8.191713419163776377e-01
1.939548807551419729e-01
1.919867296421818303e-01
6.174242916105801005e-01
5.430493201627344391e-01
6.976365689926958824e-01
4.853502311445519468e-01
6.403838645061737944e-01
6.440300529268750962e-01
4.927440973906938582e-01
8.186582669467655782e-01
6.815835775946696984e-01
8.186731081216551686e-01
2.418691582192598888e-01
1.933505678598926858e-01
1.975190809229804834e-01
5.054376622760635707e-01
2.065307757000747757e-01
6.837147633439587535e-01
4.648907659740104115e-01
6.957692258453405110e-01
8.181915986705461385e-01
6.605813528148429814e-01
8.179098991992654888e-01
8.191174176150290975e-01
6.898763603589059823e-01
8.186150636232800704e-01
8.179630929187903243e-01
6.137061444598510551e-01
3.812722032541622785e-01
3.674169356876729742e-01
6.903513176302619181e-01
2.539072547271223335e-01
8.183007534680065698e-01
1.882626893464854068e-01
1.891523683188524041e-01
1.888666686085992974e-01
1.992060368651166757e-01
4.727409805201336357e-01
1.977494559119295225e-01
1.931778372536659683e-01
1.903446718294718454e-01
1.906665518245447277e-01
1.905402734794738040e-01
1.902911186085810835e-01
2.005457374699268769e-01
5.830534224638083129e-01
1.904784918070870081e-01
3.456826404789177798e-01
6.162501297718789850e-01
1.942113489630037104e-01
2.533139036750524098e-01
1.883440322484080387e-01
1.883677849560252138e-01
2.596398908825278684e-01
2.106358881996226451e-01
1.884472994952664793e-01
1.893816917813173351e-01
5.872395216697824383e-01
6.403744353307532222e-01
6.346366529474329887e-01
2.895715661008494424e-01
6.880687205286291075e-01
5.517276055614835917e-01
3.213062925240188772e-01
1.983771876670644974e-01
1.960165052108082118e-01
1.890869071889519637e-01
1.891645251857664856e-01
3.931494434886193545e-01
3.770826270808344538e-01
6.201572952612511846e-01
5.239556272167398276e-01
5.120632344232201039e-01
4.284676836282853007e-01
4.432404331362479466e-01
6.600272660605280839e-01
6.743064036438288777e-01
6.709735242910458419e-01
1.944301972472848028e-01
8.190506944080458984e-01
8.191172631601758569e-01
1.899002719307453513e-01
1.884732199584067958e-01
1.887985057235566644e-01
1.886158737506859751e-01
6.845334404684966234e-01
6.862718047925943088e-01
8.184287977123188007e-01
8.185649106288983567e-01
1.928511442228044437e-01
1.941674038676353686e-01
4.636928644375061248e-01
1.961882040539822958e-01
2.013205676884075035e-01
3.407371413729674003e-01
6.276709498277954768e-01
6.337215294172318103e-01
6.692921924984841509e-01
2.075438069683577247e-01
2.822989936054345894e-01
3.009755149059438750e-01
1.886072159142448967e-01
3.381387007293210067e-01
4.909590380778758867e-01
6.260486722373095336e-01
5.276727124922111489e-01
6.452989795894022995e-01
6.906580809293183520e-01
6.888228721716265213e-01
1.981230309672186718e-01
3.187494024216792621e-01
2.251933054939389556e-01
5.980209385179613424e-01
8.183655040697012106e-01
1.884382631668495567e-01
1.882376951463024806e-01
1.888388452033245568e-01
1.888820470150268660e-01
4.223796588516533501e-01
1.922054200634609189e-01
1.929926442139781317e-01
1.916129092411496537e-01
8.192164200371481186e-01
8.191756216827557058e-01
1.918412114859122386e-01
2.053342399012331454e-01
1.881930642600705972e-01
6.915239697585015000e-01
8.182950399763623262e-01
3.992674239714611439e-01
8.190403724967413313e-01
8.177532169660431949e-01
8.126317734920445179e-01
6.964963015372042099e-01
1.909749759364267330e-01
6.774172147105690378e-01
6.804380324943066771e-01
4.425805321804088810e-01
4.529985612742147283e-01
1.917739005295596433e-01
1.908205058633704598e-01
3.151606664968054083e-01
8.183769125727122784e-01
1.894795736369228045e-01
6.868491004860181048e-01
1.879650975747718944e-01
2.634663148736117178e-01
1.901880458992317446e-01
1.925028631028034287e-01
6.519712817133793692e-01
6.459810210248857487e-01
6.907596891861100818e-01
6.912630207770943391e-01
7.318087700561612952e-01
1.895419502834210235e-01
1.894645423766862513e-01
1.893629189099181043e-01
1.893221386061301748e-01
1.887392883809324295e-01
1.891900167575480962e-01
1.892276666910364669e-01
1.891944064303901496e-01
1.889548633686891355e-01
1.895136202420146521e-01
1.895175906008085831e-01
1.891921835296485332e-01
1.899937383318446860e-01
1.998315037282474560e-01
1.996397447247973134e-01
1.890932193123784910e-01
2.008232613721277482e-01
2.016910543576250769e-01
1.909966720814615937e-01
1.919141419670404303e-01
1.937406984533729670e-01
1.925662014000849853e-01
1.918077546973305236e-01
1.917802860921020425e-01
1.907097147317309282e-01
1.904048879780140258e-01
1.908133349124769840e-01
1.899253596866637972e-01
1.894671078804809894e-01
1.906230872992845660e-01
1.892511782038047430e-01
1.899432931063514962e-01
1.941200938631849060e-01
1.900166444217115114e-01
1.927650175825946499e-01
1.915774972732104675e-01
1.907761068234715973e-01
1.891597603360338498e-01
1.905538450319607668e-01
1.898244443600016762e-01
1.911563492335016101e-01
1.906557924842377794e-01
1.925967299944850719e-01
1.889665187610901076e-01
1.900220865786683977e-01
1.927537285631696906e-01
1.895636570182122616e-01
1.910126356616093923e-01
2.005241846179933174e-01
1.912178052930058880e-01
1.928375535058118595e-01
1.914268352839767762e-01
1.909579831729829313e-01
1.897450532412767177e-01
1.907614703619926466e-01
1.996873182925119061e-01
1.909513761018027667e-01
1.928181689768226903e-01
2.007473610908316053e-01
1.993653393815853769e-01
1.921878388899254386e-01
1.986099349843904460e-01
1.969622744477688148e-01
1.897746097050884706e-01
1.918832276478854570e-01
1.990040462597844895e-01
1.989555175833779554e-01
1.970561974380930503e-01
1.890518886994740633e-01
2.013591651059782883e-01
1.913643462559604658e-01
1.916366993782335215e-01
1.999139431005221568e-01
2.004639874811075251e-01
2.004735276711982206e-01
2.000628997950263943e-01
1.934477939504197497e-01
2.007095194869354948e-01
2.005771934927790823e-01
1.926068849116227277e-01
2.006550743168786510e-01
1.924440232913322002e-01
1.969893427787069440e-01
1.921604871417857685e-01
2.002667386485029177e-01
1.922371381349136099e-01
1.926060086010641104e-01
2.005548594911777949e-01
1.988200482402139868e-01
2.016612923990491468e-01
1.991150012861384322e-01
2.021338890227356300e-01
1.917564117852973704e-01
1.929598886505033695e-01
1.935303137830640119e-01
2.185859976658238724e-01
1.987479690811222721e-01
1.927043906864583100e-01
1.938207815488524333e-01
2.195642337999985649e-01
1.924834404211514249e-01
1.924047946266999320e-01
1.970260632046488825e-01
1.893149515768294822e-01
1.946341073045199377e-01
1.924952895373782114e-01
1.924709721471355994e-01
1.924591256586883348e-01
1.925052181821299557e-01
1.929179200034306374e-01
2.031950378286137282e-01
1.926044574487023320e-01
1.919005373520653035e-01
1.924695590971302606e-01
1.925008479972676878e-01
1.922336817982798762e-01
1.933991231302907288e-01
1.924027155658079025e-01
1.944278446274702588e-01
2.002585703035093534e-01
1.922190558784941383e-01
1.921691897789432057e-01
2.008515703958737297e-01
1.919632869424535704e-01
1.925175772466093949e-01
1.956989186372096734e-01
1.993570254936716801e-01
1.922013643397163518e-01
1.920408156126704458e-01
1.921813524529655259e-01
1.924947303639278351e-01
1.922766344513380521e-01
1.915344719716761401e-01
1.918043407840518411e-01
1.908320867192241088e-01
1.974801545204797060e-01
1.915191065538362769e-01
1.920892748886320611e-01
1.915926993526961275e-01
1.908686335962601621e-01
1.937928873363226889e-01
1.964601909549887615e-01
1.922710906152111932e-01
1.911153492574953205e-01
2.105976280708646287e-01
1.955068178034499726e-01
1.939286747580562242e-01
1.917058922213813188e-01
1.891215139801693257e-01
1.904476373258638944e-01
1.985597049063353714e-01
1.906444688148475897e-01
2.063672787816172582e-01
2.045624471541613865e-01
2.012722158392365457e-01
1.991115671213068705e-01
2.032753622325554621e-01
1.996945130025649384e-01
2.039442456558868688e-01
1.906974589301408118e-01
1.959682705706184691e-01
2.023762203297823914e-01
2.046960125258642238e-01
1.942441851430285193e-01
2.058658077937789432e-01
2.069552794846581389e-01
2.083622023285370550e-01
2.003132829288108152e-01
2.051978425230227554e-01
1.980052931286892526e-01
1.969551377824269311e-01
1.897811175944879303e-01
1.997932730986465566e-01
1.904234559434857810e-01
1.950528083166883642e-01
1.918342914985842196e-01
1.938796576102500835e-01
2.087323676685297613e-01
6.614763996744980057e-01
5.349128520097031769e-01
6.910746057735638326e-01
2.727974733611240321e-01
1.926431344170391191e-01
1.909930562216537731e-01
1.942533615516084666e-01
1.946901509157194232e-01
1.904997526385370232e-01
1.919478017941497194e-01
1.909341367747583729e-01
1.940475566925517759e-01
2.074286140983638005e-01
7.485810237403097700e-01
6.929384461773132609e-01
5.665829408314531079e-01
6.030624921052147869e-01
8.167477304513319769e-01
6.908394402894525443e-01
6.494660302707698785e-01
4.132284388523565499e-01
8.186798029346771255e-01
6.589313839287717078e-01
2.535721947449978142e-01
5.590217837534393608e-01
8.180291880249461745e-01
1.885188525453175834e-01
1.888844491133553349e-01
1.909051343568758663e-01
2.834392608745454067e-01
2.063871305925937816e-01
5.104643467636398313e-01
1.944828321779430713e-01
8.176222572073053030e-01
6.830411700322942536e-01
8.187163992584836070e-01
2.227772257813876999e-01
1.882640552182927585e-01
1.919204500325195073e-01
4.526778712235334234e-01
3.120001660671352095e-01
2.017679778024598636e-01
7.882695125942535963e-01
1.915453961452048826e-01
3.372728547527790721e-01
1.912135597029842315e-01
1.885198674809160091e-01
1.894720679591456736e-01
1.899199360282253779e-01
5.872708571211459061e-01
1.936319175083368316e-01
8.175385437034373703e-01
6.943247019182194890e-01
6.292900298830603756e-01
8.174970639699807862e-01
6.937028658916616353e-01
6.167883762356219934e-01
8.141428097029802524e-01
6.754362765642870636e-01
8.189465786053700125e-01
5.658604164844854845e-01
1.924935442469210001e-01
8.174146940258041338e-01
8.176792395261002211e-01
1.911292879012597423e-01
6.959293951372230724e-01
1.947297552937262421e-01
3.584421057472124139e-01
8.177811857161738640e-01
8.184211291327369020e-01
6.964967699494648556e-01
4.156743292092476283e-01
1.920618810285523170e-01
8.191809561353098346e-01
5.573124339243181735e-01
6.683957797126005573e-01
6.944686678500157084e-01
1.879031436420741108e-01
8.186187204316915933e-01
1.931535060850329000e-01
8.179261356949901751e-01
6.937361854512043013e-01
8.176985538986120128e-01
1.919786882028000075e-01
1.926355480354277339e-01
4.081591240092515838e-01
8.180291715787119111e-01
8.177291644365534129e-01
6.510959010521801815e-01
8.175317817571734480e-01
3.598366327722251623e-01
1.900514603572132644e-01
5.353592651324405871e-01
5.790984354100511267e-01
1.905875000409292808e-01
6.856586077934231360e-01
1.945854500820138056e-01
3.559545922071002955e-01
1.887395032067412659e-01
8.185504958598511793e-01
6.949179940313533477e-01
6.287553582776288508e-01
2.278585895312154885e-01
1.879724328327618266e-01
6.458939967610688448e-01
2.794402569001545045e-01
6.047388787158944901e-01
1.896568301721268668e-01
5.319899063862602029e-01
4.355297844496295867e-01
8.181433510778201024e-01
8.175767335766797039e-01
8.175456166109276168e-01
6.551105987726086877e-01
2.980582248313941029e-01
4.122296515354738622e-01
8.177628399895662259e-01
8.175358361519908801e-01
1.919272032198078570e-01
4.721149529054782801e-01
1.881888356295048914e-01
6.682684070867886961e-01
6.932960759354706015e-01
6.861030185028289541e-01
1.980856999427864917e-01
6.927869652926408328e-01
6.756518053871289897e-01
8.188474190030606836e-01
8.134227293383691215e-01
3.989917999975559626e-01
1.979216586404158040e-01
2.506912403773225440e-01
6.912640051786398399e-01
6.956249552810749304e-01
6.418617930090508850e-01
4.999134262670500428e-01
8.186839661362819154e-01
6.824577947495287233e-01
8.185610380288400600e-01
3.141774366396268281e-01
5.126927718153577729e-01
2.142593407289485330e-01
1.886428522296003385e-01
1.895202821072992094e-01
1.889008218420920593e-01
1.886443748430700618e-01
1.888782980421099822e-01
1.906760997870084740e-01
1.998587810193573899e-01
7.059724740669538479e-01
4.173729638437100320e-01
7.989138701666249620e-01
4.558924150177862122e-01
6.568915834201062287e-01
6.915322886616125375e-01
1.888778335049029200e-01
6.900683108469013449e-01
3.282262695226528804e-01
1.952177793108575143e-01
8.186629872671782326e-01
1.928623117486634175e-01
1.919179133364336542e-01
1.950736221428183981e-01
2.044049354586862099e-01
1.932225340474996444e-01
1.919252385838745578e-01
1.908790349493806882e-01
1.951857603001146968e-01
1.979575298167348674e-01
2.268715226986611211e-01
8.177931335833127369e-01
6.906653344053370613e-01
3.729671210752637522e-01
1.904439749033320917e-01
1.913983387845407391e-01
1.903242215318164954e-01
8.176986822932850174e-01
3.105191349990172323e-01
6.845181174527039669e-01
1.894027051507981285e-01
1.900053542653221128e-01
8.182598107997892667e-01
2.091891103782781147e-01
1.887589135003682195e-01
3.179062818263090895e-01
1.894008066585021188e-01
1.934733001251370821e-01
3.532936206686781433e-01
5.877238359775777132e-01
8.176655933008405430e-01
2.649599560983150193e-01
6.111707399107619842e-01
4.302553198622192654e-01
6.202773302149678925e-01
1.945091505758377581e-01
8.177917674088284183e-01
1.893325124516188618e-01
2.466602358257965755e-01
2.014010544279493942e-01
1.886397257219568635e-01
8.137371514797855365e-01
7.885781372750323426e-01
1.918149914659223743e-01
2.031962907819830910e-01
8.149569471128103038e-01
2.507238827233704836e-01
2.076665746215484998e-01
1.888655097121536008e-01
1.898776672381250474e-01
8.055525583875760010e-01
6.365546508972088624e-01
3.590097057095092969e-01
5.455051558883530216e-01
1.962081810155520967e-01
1.893831087529591062e-01
3.847501036800560770e-01
6.160224551755806299e-01
5.185474144993741374e-01
4.369612392139010093e-01
6.614439298424398261e-01
6.714423146999000114e-01
1.957282083601429856e-01
6.923937996939700801e-01
1.911869729637778181e-01
8.190695576474561479e-01
1.900026143597538797e-01
1.890571100073052679e-01
1.891267079394833572e-01
1.888670443741219673e-01
1.882420366583062443e-01
1.885852758337289437e-01
1.886971673929789539e-01
1.892499173019672742e-01
6.840612569572106505e-01
8.184637214855789988e-01
1.932637515788371563e-01
1.925064356313390679e-01
4.561225681212257577e-01
1.963438591027525382e-01
3.517385434905460628e-01
6.298725257901666152e-01
6.660106177107222303e-01
2.017494797843988052e-01
2.941643279711069203e-01
1.888813067853861993e-01
3.431146668516975584e-01
4.971217581247143746e-01
1.941351581966652695e-01
5.336016276414872195e-01
1.969179686552423592e-01
6.883648800685008284e-01
8.176660646541586974e-01
1.941946765533239250e-01
1.917535026886433291e-01
1.995981335433435200e-01
2.316110894688048483e-01
8.017189778634581376e-01
5.803590382749461707e-01
6.026113959867580583e-01
1.886765318115100898e-01
1.891799254196623314e-01
1.916935784229353013e-01
1.925805910495732853e-01
8.072676511332409488e-01
8.178321821449725526e-01
8.191854781674980934e-01
1.933781788324872575e-01
8.183547356441303045e-01
8.190492540993358217e-01
1.916729139450803199e-01
6.775431437304796356e-01
4.511691813517395566e-01
8.174319901718990478e-01
6.918615611552167977e-01
1.900338713487481901e-01
1.898625689517454418e-01
1.921601611995616687e-01
8.146034670927987387e-01
1.899345749520927606e-01
1.909490875154692957e-01
8.175186779322139996e-01
1.907928670057031928e-01
1.906269701261040228e-01
2.231777437965445365e-01
8.182484833936104485e-01
1.899995815501538121e-01
5.612958969104705487e-01
6.932826972851526826e-01
8.181719180155618831e-01
1.928086895309904236e-01
1.912261265541267963e-01
8.179936938442925465e-01
8.185274088914722412e-01
7.911316024247735390e-01
6.477341715915667653e-01
4.499643868739849895e-01
6.893864063359000927e-01
1.985560133099669999e-01
1.893652749502977850e-01
1.890274582697306083e-01
1.894811897122106736e-01
1.892127010311393243e-01
8.176029817864002291e-01
5.805877241159826951e-01
2.200967236849400155e-01
1.976540277280382507e-01
2.018144335593983485e-01
1.922352209204774565e-01
1.898833535599352418e-01
1.903497327585452759e-01
1.902317451333093712e-01
1.903876907467186852e-01
1.903737740800976186e-01
1.907278846501409553e-01
1.965012219098121737e-01
1.905706187113616612e-01
6.428979584054265173e-01
8.184531429133848901e-01
2.019033097394110354e-01
8.182215369836456365e-01
2.029734196181107730e-01
8.179063178543686252e-01
1.894750011089324504e-01
1.899036290496048940e-01
2.137587214397671798e-01
2.046113869300769383e-01
2.058402523950766949e-01
1.928555768164011974e-01
1.961102038743985365e-01
1.934492605930374365e-01
2.054853707512649397e-01
2.050467212181488752e-01
2.056744562495896600e-01
1.934605911147861124e-01
1.924861251560965048e-01
2.055822485590258486e-01
1.934251647974297161e-01
2.066973255999004777e-01
1.927343323015479060e-01
2.063850196403747006e-01
1.927774700494106486e-01
1.927554349534383316e-01
1.927445097693237797e-01
1.933447956752566699e-01
1.923844318775740359e-01
1.933054753975171347e-01
2.062097009046360840e-01
1.924914677985342104e-01
1.900410559691651236e-01
2.270615249355350251e-01
1.927739145395675202e-01
2.040527050859430314e-01
2.032439125717248329e-01
2.036766601599615534e-01
1.924998483269067806e-01
1.929264814302686093e-01
1.929695235930332653e-01
1.921160483817183073e-01
2.085682729597986840e-01
1.933145465530042295e-01
1.925299808723409112e-01
1.934561675306586681e-01
1.931582308170024798e-01
1.923909921729434203e-01
1.892469184193180942e-01
1.933805429852787638e-01
2.172107715050066723e-01
2.026714781046400071e-01
2.025375943095281128e-01
1.992532496453708613e-01
1.891253096071163764e-01
1.924378028512156169e-01
1.998597959656197021e-01
1.905481288006008744e-01
1.929205559793092384e-01
1.906605336474692936e-01
1.921173800078341543e-01
1.924829980237001692e-01
1.929481703163216655e-01
1.932274569109343476e-01
1.945983593989292215e-01
1.942595117133372462e-01
1.923886437146218598e-01
1.932897849958976066e-01
1.911321166603022481e-01
1.965302323934597917e-01
1.917047418558258665e-01
1.918446797259832914e-01
1.905946133690907540e-01
1.900255138785660602e-01
1.902989821243847024e-01
1.906638195738392383e-01
1.911392335316347002e-01
1.929024520707923740e-01
1.899227788489326885e-01
1.909656157225119721e-01
1.896719428700367749e-01
1.912930930687935793e-01
1.906265230573621072e-01
1.920143666628198464e-01
1.908732871541252429e-01
1.901219574029223425e-01
1.918869763443482590e-01
1.905318870175934098e-01
1.906883817624465127e-01
1.906681897622433952e-01
1.905379819047170464e-01
1.908216781299225118e-01
1.908016624350709345e-01
1.909793335970985939e-01
1.903126063247511102e-01
1.927914295276687839e-01
1.913747576762708513e-01
1.912180557841187123e-01
1.955587668235392318e-01
1.911159622378699463e-01
1.949014435015860580e-01
1.966260379118255630e-01
1.978635114562372899e-01
1.920805982492240493e-01
1.992183573918837325e-01
1.926454204089384503e-01
2.006755397381128903e-01
1.920147416592425937e-01
2.022211734711069075e-01
2.031999100650381529e-01
2.193948713066275480e-01
2.038630835525064855e-01
2.049745628840281830e-01
2.064337312291452675e-01
2.078846279082447734e-01
2.144678728024576875e-01
2.097891283969749998e-01
2.092443667542522867e-01
2.165326089723114689e-01
2.115232768444924860e-01
2.121900151767353582e-01
2.111304395428420799e-01
2.143102399255601975e-01
5.796410292612181880e-01
8.182399367520687417e-01
8.177932645031720238e-01
8.180542057200577144e-01
8.174574725421693833e-01
1.896108674689784557e-01
8.178486405326472752e-01
6.019148391073899651e-01
2.050044356827511460e-01
8.184367403217980286e-01
8.181086083950689369e-01
1.923201587175537020e-01
6.924366654593756554e-01
1.911416009871834132e-01
1.912605619563483572e-01
8.179877757625915180e-01
8.176098869296039018e-01
6.918227450415898039e-01
8.172789386361110076e-01
7.644458842452974690e-01
8.175357933505064123e-01
7.944107983701734765e-01
1.902212210278672599e-01
8.176794944989740355e-01
8.178703150253202603e-01
1.926459651533718453e-01
5.832068170863519141e-01
1.895774231555054923e-01
1.904468075464220422e-01
2.033143422261442790e-01
1.981693210817654649e-01
1.916714071710714229e-01
1.929216581985199463e-01
1.899784282488921616e-01
1.931158456761387365e-01
1.904038270576361991e-01
1.909587574179556491e-01
1.901798119216770999e-01
1.917000307445311524e-01
1.900229050812141662e-01
1.901358100543382446e-01
1.907219664934534376e-01
1.908678773508386273e-01
1.906652972595695439e-01
1.932750056661045324e-01
1.967553546432314060e-01
2.000528563924292291e-01
1.902723702568261677e-01
8.183313851107749670e-01
6.921489885971782163e-01
6.958917847850129013e-01
2.192758672579623591e-01
6.934844627372516168e-01
8.176355273923777700e-01
1.987841154211661132e-01
7.864502748307319324e-01
1.962259565998603073e-01
8.182062750733974932e-01
1.900183109060476216e-01
5.597925302568951267e-01
8.175068704155141752e-01
8.180664712229523960e-01
8.176178225777165354e-01
1.900176300402909579e-01
6.419565581875916749e-01
5.571148638222597205e-01
6.930230416862946941e-01
8.183793902358038608e-01
1.919214986769364195e-01
2.394172279147903093e-01
5.847905163618701829e-01
2.105520141081834995e-01
8.175518105022857585e-01
8.178546329362744727e-01
1.932249346874452545e-01
1.927006513907545682e-01
8.182779399504837015e-01
1.901903064082210992e-01
8.184224398593937799e-01
1.894750664639118787e-01
1.903895426875231722e-01
6.408117121332215227e-01
8.181450659565213668e-01
8.183630975023998833e-01
1.908692687227009632e-01
1.906958887904251498e-01
1.905866001160214929e-01
1.901632823769178748e-01
1.998194953416286002e-01
1.949840345103283079e-01
1.932807428238688119e-01
1.916213899429621836e-01
1.909533710486752689e-01
1.915663402136303095e-01
1.930853943062709188e-01
1.952108122361196629e-01
2.030478361705417567e-01
1.981684075779134302e-01
2.246991808295953907e-01
2.049451988447081874e-01
