7.247340560329452730e-01
6.101561649877288440e-01
7.763031141276291111e-04
1.661323609711532487e-03
7.502292388380541466e-01
2.896305726613039311e-01
7.837644557332223982e-01
7.078950398266469213e-01
4.075733218738614898e-04
5.169369945071021766e-01
6.178004631129601076e-01
5.006373832651636047e-01
7.283818740225882216e-02
7.588115388625377156e-01
8.171273627033930342e-01
7.671060214179931114e-01
5.322647863189425331e-04
5.651636932108786704e-01
3.546642980537351164e-01
3.453605369712315354e-01
5.587400663812830404e-01
1.346926885137307850e-01
5.148478973510051127e-01
8.394339822776523130e-01
1.623175335001633135e-01
8.751477583740849405e-04
4.388441280492384466e-01
2.679812510186228014e-01
4.146739405495736275e-01
7.843357300941738997e-01
2.233397700319203483e-03
7.107349540759433371e-01
6.686934647381095331e-01
2.314408588288107416e-01
8.345883252930768031e-04
7.367554969868236325e-01
9.995412045436197213e-01
2.655940132331018333e-01
4.795354388934705003e-01
3.838898757967590045e-04
7.286028530474862874e-01
1.892838790754520772e-01
5.986902129023983221e-01
8.184966073937692821e-01
4.942469442888867189e-04
6.342677274844420350e-04
1.165515257430003171e-01
9.204478192601591889e-04
6.563438439466793284e-01
3.852088314091230425e-01
9.994451180576827687e-01
8.063332025590448371e-01
7.725116204940326581e-01
7.891503481652590857e-01
3.665960283320086259e-04
7.938225517371769735e-01
9.996295540316794126e-01
9.994686919148368931e-01
6.925018637362961860e-01
9.996119104284494350e-01
9.606707409335570784e-04
1.048631861542752243e-03
7.171494938562748001e-01
7.722750583606069474e-01
3.192003551008347029e-04
2.762750781155201628e-04
5.232250428506679540e-01
4.797179441767313035e-01
7.663866860515519130e-01
6.124355108760106987e-04
8.169426463864317700e-01
8.081045135345862329e-01
8.067600407917550065e-01
9.995692872391980233e-01
3.251709188639345443e-04
6.106898059136602885e-01
3.376691521234698179e-01
3.467985915173915079e-01
1.176895536036650647e-01
6.678235513362487108e-01
1.826719470217673114e-01
4.060926177474747933e-01
8.225404006494577702e-01
4.785184690115110401e-04
4.474447067457650307e-01
1.358822858588396854e-01
9.993174938472932922e-01
4.776932238256835217e-01
4.079927411372079532e-04
7.604172004784739425e-01
8.018684591336064926e-01
9.995003734682287311e-01
5.392423420439246490e-04
7.524135246712765346e-01
9.994626163746989089e-01
1.477402956765189457e-01
8.954229835629619718e-04
6.688640716482143755e-01
9.994449194592391894e-01
4.408062626263073327e-04
6.998586940445160115e-04
7.371311778981852513e-04
9.995201111867528798e-01
9.974151509822547501e-01
7.626758464371595492e-02
9.994264248649761262e-01
2.580602357355513687e-01
7.810213055987952346e-01
9.979596021351250495e-04
1.058146276856376626e-03
2.042319776628488681e-01
9.995692982749786459e-01
5.187653602624939242e-02
1.630965707794296282e-01
3.859513306166039099e-04
2.407328064487926078e-01
4.831381849267082362e-01
7.746818334831312436e-02
7.337765104930332738e-01
1.738983714602334706e-03
5.258438680265064809e-04
9.994123583554829215e-01
1.621680745204660910e-03
1.331590730618552971e-03
1.056441007431060735e-03
1.043818746672284942e-03
9.996211913789097014e-01
7.050604690717480194e-01
9.978119712610710179e-01
8.482780462809699218e-01
2.303868994912729729e-01
7.073279239283127625e-04
7.828914876873299677e-02
8.371460623240081222e-01
6.254111149782452198e-04
9.995167050162365729e-01
1.137868909921099835e-03
6.899951527360140453e-04
9.225465884992056385e-04
9.994633426819975464e-01
7.446117012983184402e-01
8.795402073927031106e-01
7.440707939575961216e-01
7.927623420815768096e-01
2.951487399196788724e-04
3.993330376976669078e-04
3.715329868906631638e-01
3.786509580647358653e-01
3.997431799984829670e-01
9.994444362611160093e-01
4.741757307146798883e-01
3.600937938839534613e-01
4.548831470103772423e-01
5.966948560716536050e-04
8.328316804016733244e-01
5.247106258661240474e-01
7.830690739041780857e-04
8.103355249345489675e-01
4.695210480684731125e-01
7.732967192912613141e-01
8.947854783770078663e-04
8.959728300800863521e-04
1.089849034964179061e-03
1.138300817973915890e-03
6.893989116698913009e-04
6.045514364579453528e-04
6.342158766039859450e-04
5.410437668951387051e-04
2.490381013869512588e-03
2.432411971964114437e-03
1.188192496356403269e-03
1.012494882471836341e-03
9.168488901569583991e-04
7.655938058985605182e-04
2.433398641824466269e-04
2.716368221412845886e-04
6.345963020452300481e-04
5.162830284677799760e-04
4.830484943900606020e-04
3.898065838132021830e-04
2.599989425954164334e-04
2.299074793258120124e-04
4.352839156559051696e-04
3.528402974558861381e-04
4.430052476767548696e-04
3.653912189558781260e-04
2.585664199599546197e-04
2.296774711048447134e-04
2.578478347547771420e-04
2.283656574793947258e-04
1.564354620960138331e-01
2.162302867932666683e-01
7.994352779856599422e-01
9.995746810514308800e-01
9.994923618534886645e-01
4.520998485448778914e-01
5.293148678958681241e-01
3.317158191564135495e-04
3.891419121557759537e-04
3.500509547322375203e-04
4.124320621825391313e-04
7.987022690247898016e-01
9.996044485098612986e-01
7.295285038743890560e-01
8.131548932864480772e-01
2.720241467327919604e-01
4.865235689496749498e-03
9.615334436883592574e-04
2.345332412442854928e-03
1.026011109094359481e-03
9.995482906083014152e-01
9.994269206913344306e-01
3.198408932206798757e-04
6.949658373018169355e-01
7.939423773766364212e-01
9.996136867356142375e-01
1.705195248675785702e-01
3.452532354802263109e-04
3.215948041241868394e-01
9.996081895949596730e-01
7.557743016553882809e-01
6.574689306074703588e-01
8.246771355427003902e-01
5.379514385719675884e-01
5.232835882346735801e-01
1.507075277244268856e-03
1.394231481076057362e-03
1.090747714316886658e-03
1.078332410699488078e-03
5.389273165041053937e-04
7.787010694208381656e-01
5.333858219323689767e-03
7.749429548588803174e-01
2.960373132906879423e-01
7.252729866135189689e-04
7.960092736774120326e-01
3.839472843584980088e-01
8.222437989468269759e-01
6.858288652646233885e-01
7.611389405142010567e-01
2.554194658886536629e-01
1.010837668973459634e-03
9.488396864163126110e-04
3.143134955705677476e-04
9.928449089596484978e-01
7.987889488783164182e-01
6.976085483963243971e-04
6.521460082321715035e-01
9.548237670835088564e-02
8.068527375599481299e-01
4.414477611242642041e-01
2.292214517563049159e-03
1.762112439139851576e-03
6.821968263486770656e-01
4.879083622475179904e-01
4.641442558099727611e-01
5.889133185190395308e-04
7.356291997881025946e-01
9.995983312103785545e-01
5.338824402291099114e-01
8.079400114299350620e-04
8.195896426795594714e-01
5.024538551328103014e-04
9.653922525932364176e-03
6.390449962791739935e-01
3.743535907071674916e-04
3.363069303899847017e-04
9.364493329272166166e-04
3.571586986355083839e-04
2.718332728166659735e-03
5.036615877137863295e-01
7.547921571232981686e-01
8.148484849863496526e-01
3.846715054425502850e-04
4.977062541277518792e-01
9.995522410881378939e-01
8.096671988589407842e-01
7.330761208216028946e-01
8.271075019309873655e-01
7.575828380693927500e-01
7.385209758783852774e-01
9.995092582228191080e-01
8.225816170811280914e-01
2.811660194400958379e-01
5.120933528538372179e-03
5.191128254647838780e-01
7.727847731939494480e-01
7.121114270544511848e-01
7.802675146898199188e-01
4.510902104187817785e-01
4.002634687623528678e-04
2.097610516854499507e-01
3.638175137072570120e-01
2.250645730244291431e-01
4.982292617292936095e-04
7.301366643648538046e-01
9.207654667122887604e-01
1.124651186818103037e-03
7.216689393817242726e-01
1.845301309217664276e-01
1.700139105687722930e-03
8.183122931580582016e-01
9.993558543410451245e-01
2.465540205714383259e-01
7.777625962362094691e-01
5.132561034853717679e-04
1.651180225747598540e-01
8.482261231534694032e-04
4.497526982718977884e-01
7.980267058951870385e-03
3.511122866239239720e-04
6.777320737756364899e-01
5.241580693392461354e-01
5.005650135682825352e-01
6.828035857169021186e-04
7.467934918939798106e-01
8.372762229969541448e-01
6.508401313518992204e-01
2.954362305724717030e-01
8.293456661883397141e-01
8.167091358176021831e-01
4.709252476428962830e-04
2.653696037919215933e-01
7.763908917951182868e-04
8.186188402857441648e-01
2.807620626597385205e-01
2.802766386902845095e-04
1.340231706410570101e-01
9.561864399151194516e-04
7.019495714058444635e-01
8.177618115883843464e-01
8.120525642726782352e-04
8.381414679329359796e-01
9.386296087816391014e-04
1.808454446298163876e-01
3.327531346997309458e-01
5.505567904333724064e-04
9.995394541310805847e-01
6.765170122858513713e-01
7.303313635581822894e-01
2.506993992835144071e-04
9.475915593195889230e-04
9.995583649159495154e-01
9.995282913643449563e-01
5.718668800912559691e-01
7.319005347306243303e-01
3.166470834723577482e-04
7.681283692293208176e-01
4.023507053669203026e-01
9.994764347279710970e-01
7.182841004331191881e-01
3.967963161353117441e-01
9.994944745491584071e-01
3.335714588473110975e-01
2.674814801771313033e-01
8.114145006066820764e-01
8.202108746356463476e-01
9.330687951122735527e-04
7.851314364820579650e-01
3.256684123429266081e-04
2.178132770827671816e-01
8.265922949707457112e-01
3.655988096229042736e-04
6.300740414365879616e-01
7.888468783221941338e-01
9.996045501484958073e-01
9.994288414058468684e-01
1.524768887911955246e-03
8.141836005668867671e-01
7.686543861976413705e-01
8.036439424488185379e-01
9.995754524280859865e-01
5.443195286301039104e-01
3.232390288981529811e-04
9.995002584298374737e-01
3.002379992857247271e-03
7.399233617558256260e-01
9.891929991650902920e-01
4.925837175861514511e-02
2.449521036734580645e-02
1.093733518546283062e-01
9.995256406223664847e-01
4.497485331121647964e-04
9.994966336319408562e-01
1.026519157815652516e-03
9.389501922143060229e-04
2.733733910253429507e-04
2.481776637913825703e-04
9.213844055715767834e-04
1.073171661234634906e-03
9.994614013225754379e-01
3.413662203291036056e-04
9.090460547271048434e-04
9.229477678244297134e-04
9.990063354635230208e-01
4.212668446734129757e-04
8.226280259326502753e-01
8.217069424930196764e-01
8.067791142436286922e-01
9.339146398118728515e-04
9.452009288471218199e-04
4.962945630715907526e-04
7.628069012996861308e-04
5.204673128227076395e-01
9.181138592439692936e-04
9.946948027645090562e-01
8.243061978023789038e-01
8.239718671560631869e-01
4.161042578525057174e-04
5.501193346417756341e-02
3.995039405815146928e-04
9.953149163300038099e-04
2.907646673974133181e-04
6.864649000631928332e-04
4.051560139549253980e-01
9.989954065635943126e-01
7.768609369787070618e-01
9.992317484019949125e-01
8.025087707091648204e-01
9.995658104706806046e-01
4.802240040483101713e-01
4.392042895540199804e-04
9.994273624502043596e-01
7.103272358804887388e-01
3.944502185753468448e-01
3.285460362205867868e-04
5.639129864414791152e-03
9.994444106332791566e-01
1.052845653666392668e-03
9.420093817729171528e-04
2.833436852544911995e-04
7.668764795086361330e-01
2.985378539089609878e-04
9.331353877637148849e-04
9.992497679971460434e-01
3.407714510117839952e-03
1.011311974077402920e-03
1.049323603973231246e-03
1.797958331175682038e-03
9.994644961590634091e-01
1.533546278297323318e-01
4.340760053033913546e-01
8.084637966967850309e-01
3.425967149732636694e-04
3.435745133005156725e-04
4.286315858506115225e-04
2.528122112258727214e-04
4.279101048124728701e-04
3.886694177840425654e-04
4.665627187411888624e-04
4.341634220503900218e-04
4.804725939348334068e-04
3.506918976718357162e-04
4.033356655229303851e-04
3.722840946842057496e-04
4.586045197109004973e-04
4.942258424702912750e-04
4.218107693304193589e-04
5.147135100465812267e-04
4.448247998792397972e-04
5.400669139936639185e-04
5.375668431470572274e-04
4.742591516188233319e-04
5.704622575654332700e-04
6.446296764249283013e-04
2.807690614140887072e-04
2.313658493052167357e-04
7.212586214625784590e-04
2.794511862164876558e-04
2.301301461122125193e-04
2.779974131605733416e-04
2.313722534493381565e-04
8.436028579460751230e-04
9.518307719353282393e-04
2.819847849863534148e-04
2.851475130287692327e-04
2.341414770983600525e-04
2.369332147716704084e-04
2.919537752641587118e-04
2.408216592174071467e-04
1.189580764152294804e-03
1.266234169480521176e-03
1.664179581214165126e-03
2.938489597692819900e-04
1.629159940144973406e-03
2.459541404319583765e-04
3.949364665588325253e-03
2.906542986258426730e-03
4.916650600276679765e-03
1.102519797159801605e-02
3.019598443455630580e-04
2.364623815114626909e-02
1.214132240329785298e-02
4.794219113172606440e-03
5.750600126211917462e-03
2.522550208984533269e-04
3.095476970791793416e-04
3.437685499784951058e-03
2.590059421399569018e-04
3.185206007948036431e-04
2.670016411069282879e-04
3.292796313897910121e-04
2.765764301109147148e-04
3.422087999865457988e-04
2.880847302334947407e-04
3.578912094996614807e-04
3.019978311064970750e-04
3.787786172514399268e-04
3.196131848099659461e-04
5.245491659751204969e-04
3.524597467914956754e-04
6.207468372013766203e-04
6.636128680050156848e-04
9.510633633792030684e-04
1.011395432506774755e-03
9.110098321385840100e-04
1.131506766166576802e-03
5.686038129837197230e-04
7.474780712954978137e-04
6.509646163618881473e-04
8.781172265711345570e-04
9.874872236920132634e-04
7.591412943122642989e-04
8.591062696350088707e-04
1.003074527862498353e-03
7.759254943634713922e-04
7.222717425124837052e-04
8.941201103431422681e-04
1.114745327434729606e-03
7.870684313023361108e-04
9.770194958288978826e-04
9.657360065008475198e-04
6.679984388950155425e-04
6.277720264194246646e-04
6.015387067497974518e-04
5.518523329923277505e-04
5.237389617312126176e-04
3.891632780128470516e-04
3.373805832756820652e-04
4.753601492791591915e-03
3.641336728816808670e-04
3.131695758160139256e-04
3.472122998776511487e-04
2.970878233249923538e-04
9.028901290059048595e-03
3.822997584914532461e-03
2.014182214785296271e-02
1.577333565588755551e-02
8.855994831874411648e-04
5.308508667389941899e-03
5.515259410837465397e-03
4.031011437340335964e-03
3.334177426029126708e-04
1.893967273436319683e-03
2.840366345786372393e-04
2.028965692641693762e-03
1.310242089804797370e-03
1.474439236110365549e-03
3.219564691240503485e-04
1.013765390543581221e-03
2.732097947621819076e-04
3.124047338067367416e-04
6.987141870739142129e-04
8.000535715837999362e-04
2.641929117515401599e-04
5.577344074505649835e-04
3.043850055874953715e-04
2.566428064441084460e-04
6.840834106883282237e-04
2.969969382268019685e-04
2.501848763570307553e-04
2.992637958299404380e-04
4.782936645011722637e-04
5.598896645770151019e-04
4.533994647417875887e-04
5.590156326768586570e-04
2.464629340318569848e-04
5.303230242114349109e-04
4.285947541977972830e-04
4.087741370628337253e-04
5.068039923005105384e-04
3.927921887714997231e-04
4.879164016813659801e-04
3.746970463109825086e-04
3.695251756723608779e-04
4.338359250001637413e-04
4.588850180907301079e-04
3.549761053093016005e-04
2.551212800604546168e-04
4.472319915606076299e-04
2.864687778399611787e-04
3.454529698693884127e-04
2.392635764774559163e-04
4.309587321665448974e-04
3.380854633134107619e-04
3.953757861012316367e-04
2.828977142280147830e-04
2.359204456030727557e-04
4.193875947861108950e-04
2.797327898622798954e-04
2.332801286394637350e-04
2.863723752571280127e-04
2.345478673240825246e-04
2.866386397777934895e-04
2.373879417764762037e-04
2.339293510307912565e-04
3.120790820673100246e-04
4.144251923989939468e-01
9.654941161759232745e-04
8.459522684376135759e-04
3.475014576727679383e-02
8.777877482542303759e-04
9.529388535971199245e-04
1.892797909807185375e-01
4.249584550693274554e-04
6.348346672934812585e-02
1.080140164183640838e-01
1.572558550316174170e-02
1.622888670891523119e-04
1.370730664880246419e-01
6.424083024143611986e-01
6.552544726182668589e-02
1.719697956252022944e-02
5.488685517058063124e-02
1.399088763858645848e-02
5.765209860010280796e-01
3.674586884242207643e-04
3.952133304924921320e-01
5.020600098241586595e-01
6.464158299328425124e-04
5.642605372379044804e-01
5.687289709358180900e-01
3.792917172233303824e-02
1.716134936298491787e-01
2.162993070095668019e-02
5.600565985246189378e-04
2.055832012397878217e-01
3.304683142742111390e-01
6.733903754602702518e-01
6.753822491825393071e-01
5.324182699391349916e-01
6.759702620841918268e-04
6.773001957524798014e-04
6.574203174793004367e-02
6.419729584006239609e-01
7.010532511359329755e-01
8.744585344790095638e-02
9.879778976819231229e-01
8.156056863752759734e-01
6.911166255800415192e-04
8.473256436833928040e-01
2.494663250948973452e-04
8.470015695383826815e-01
3.160881571678414719e-04
3.118367303150897216e-04
3.349222936516718023e-04
1.153791425288639011e-01
3.209013113838535530e-04
6.144508537540424031e-01
7.976206196921366010e-01
3.261606651164533220e-04
8.787955817956852878e-01
8.038733000503529569e-01
2.710329154886639835e-02
4.846054992646417481e-01
2.275769275493521593e-01
8.102601842556380607e-01
6.104961625641717182e-01
1.940513260339245380e-04
6.292478732243492745e-01
9.008063555771797688e-04
9.225529780569780578e-04
2.616666567958895739e-01
6.398186762098952672e-04
8.034032260248685775e-01
9.885591446697696849e-01
3.217706857075084415e-01
8.145558968223384211e-01
5.499349288576500534e-04
6.302663979212150824e-01
9.898988333839404685e-01
9.892990230620821723e-01
9.821116676194060480e-01
6.099669702761678636e-01
4.929223848898103277e-01
4.334400693509596891e-01
5.943908086839302385e-01
5.997772766035383007e-01
9.846694563188511662e-01
6.009823338491366851e-01
6.687160187050245064e-01
9.956853316927106734e-01
9.696546630461467808e-01
5.424715234811756659e-01
5.575146421187374690e-01
5.997689744727660033e-01
2.573617198510936687e-04
6.035071060738458337e-01
9.972533914902732555e-01
6.448213942337391869e-01
2.314322903714173974e-04
9.960773333576585786e-01
3.214802147658597916e-04
8.103973509104155371e-01
3.595765825166800100e-01
9.970460721973107843e-01
9.968497202215431674e-01
9.967676884254033087e-01
9.968283495687889628e-01
3.288038336714030319e-04
9.968005965779921373e-01
6.766280426313080465e-01
9.971647983867258924e-01
9.964819444041522756e-01
9.970066653279755498e-01
2.917830810048428411e-02
9.966108596656598761e-01
6.409839606145821822e-01
9.969502998057003795e-01
6.966022800841765727e-01
2.312859618653071759e-04
4.504811833634337348e-01
9.927747605595949043e-01
4.739732960630720360e-01
4.992316081018393081e-01
9.965262500088782893e-01
4.789219312722327038e-01
9.960702777534785612e-01
8.371726628074596110e-01
9.951655798722658375e-01
4.935190557223888552e-01
9.964866313102503925e-01
9.935214684794001494e-01
5.356124075137181917e-01
7.995772527364169990e-01
4.973733266967814703e-01
9.901705814398762406e-01
5.139685612283032556e-01
9.805507497445710152e-01
6.455482274244498386e-01
5.169605599284480268e-01
8.988795401142848362e-01
9.968436279284305090e-01
9.764568836034317467e-01
7.422375748827432229e-01
8.533866309435039765e-01
6.954783591847408797e-01
8.606786265908636380e-02
5.315166628539629290e-01
1.499495300614836213e-01
5.340098116921576654e-01
6.034783337789402236e-01
5.643787506794319953e-01
9.965658723302956989e-01
5.469786885690285372e-01
4.307622249338416975e-01
9.961256159067612970e-01
5.490111139414506347e-01
6.072356058092323039e-01
2.443022392862066738e-01
5.893300165282252534e-01
9.898663025987851638e-01
5.567161121048429528e-01
1.122417807209837026e-01
6.781897680549185958e-01
8.000546683427641748e-01
8.089679548655515084e-01
4.809796869508383699e-01
8.770526420797130074e-01
9.569877833609753415e-01
9.185601597295856013e-01
5.577393842160593973e-01
9.954112166133705086e-01
6.580944937294501695e-01
9.046039795113958171e-01
4.415854493201628594e-01
3.330393580451974206e-04
8.890752864801202415e-01
3.040457699435814595e-04
9.941865490841689246e-01
1.707279584315962995e-01
9.918924563416176010e-01
6.191690064016530659e-01
9.483694263289648742e-05
5.403999718678691444e-01
9.880038498305820927e-01
3.333682473885727915e-01
4.259024320826670928e-04
9.867105261037801833e-01
7.507798987024185029e-04
7.017510921609522168e-01
5.973001753802784641e-01
1.403018841698986567e-04
8.635460615358287351e-05
1.224288545489289344e-04
9.689169226369183097e-01
8.141443496834850357e-01
1.834058168442405054e-04
1.277807310078702026e-04
1.544723293848170639e-04
1.686758892006322546e-04
8.090275739802245125e-01
1.035834290125399308e-04
8.132906193846703991e-01
4.602809863730556394e-04
5.729453600875316494e-02
1.173701483674799461e-04
6.652845287583267764e-01
8.092092718838274079e-01
6.672030681484194536e-01
7.962137096730548258e-01
7.469141263531040020e-02
4.429809683948550680e-01
4.963937981233451091e-01
8.659198476935809907e-01
7.962470051726234788e-01
7.372683720876335722e-02
4.744633553482343058e-01
2.196348702447848897e-04
1.471620720021180517e-04
4.576707959415937665e-01
8.063370864282266570e-01
1.303877629131536145e-04
7.969408756523361781e-01
8.103846856007566046e-01
7.969245635754987900e-01
8.111931764356518082e-01
8.108991243223826473e-01
1.504973312734038155e-04
2.236080528796169087e-01
1.212346016494035951e-03
8.117042244742773693e-01
8.113753733227173637e-01
7.541441925669548629e-01
8.128781991431447156e-05
9.919465661736170947e-01
1.334640415261525743e-04
6.479859348252705598e-01
6.503281511632884593e-01
8.145869565195441586e-01
6.420381703660178463e-01
8.078783014063315449e-01
8.060295904803891354e-01
8.627510129149780216e-01
6.657290393831639674e-01
6.400936862103139002e-02
4.046978081487771772e-02
3.097626884822103090e-04
8.128424947227730346e-01
8.365222199475761400e-01
1.148547672395684765e-04
8.757179925252138453e-02
8.161636391167630400e-01
7.124448954240722998e-01
9.979820403971173060e-05
3.394907426174916254e-01
1.221469111005243230e-04
1.077971221279094421e-01
8.208133113912152387e-05
1.448755853603932522e-04
2.776557306195390142e-04
3.766391390436705788e-01
3.479704344714551478e-01
8.571954069935200371e-01
7.812415927370076798e-05
7.190487195946737575e-01
6.959080276505877904e-01
8.063533669325746445e-01
1.237574705670480837e-04
1.130397793152017940e-04
3.797915072392621383e-01
6.502942477942161847e-01
2.340665550554939245e-01
8.262054309684178088e-01
3.557179166712599178e-04
8.684563801019048457e-01
7.308759473807371343e-01
1.613834977455272032e-02
9.394880785579637905e-01
8.141539295258893878e-04
7.243474853606757247e-01
8.137774729515857564e-01
9.355392327540358322e-01
1.101739449272047912e-04
5.454689829708753938e-04
7.442848670759111295e-05
7.723889015926656428e-05
9.019443439967714260e-05
1.578576342626765764e-04
3.861703916405270776e-01
7.374585558568736039e-05
7.140268791939736841e-05
8.125230767382002339e-01
2.440986458457193456e-04
7.821873707288793387e-01
1.336390777337595731e-04
6.332577522295532724e-01
8.138600189908956617e-01
4.477335956203363221e-01
3.073378750015548565e-04
3.045558213116564619e-04
3.909717288502012056e-01
7.594266583917644864e-01
8.131579450874790727e-01
8.733883514782671796e-04
1.773799141085027561e-04
8.105292571938651491e-01
5.966619955141666543e-01
7.787735657659928812e-01
3.033935859411156146e-03
5.518974833077455733e-01
5.441509149111719568e-01
1.724055577681739195e-04
9.405730678681322246e-04
8.119134256258034865e-01
7.158436892829161957e-01
8.864955668274372572e-04
6.635853615604301314e-01
8.163014872170195613e-01
8.645682545452635370e-01
6.353441111382136519e-01
7.952183305949699355e-01
4.652440249673860939e-01
8.157084072573520528e-01
4.761613828317727282e-01
7.649917641345717056e-01
6.240950265161907540e-01
8.062555933826828225e-01
6.190389356508020358e-01
4.783200575962850976e-01
7.895587945904215532e-01
5.755536859891304813e-01
3.005982737097750990e-01
8.118913395009612621e-01
4.217331995067711836e-01
3.948679817339837417e-01
3.305254532136187029e-01
3.014490995721472058e-04
1.990068002181734075e-01
8.017060115783576357e-01
2.280272098534499581e-01
3.159468811007344891e-01
5.045784255071105173e-01
1.125066471175095988e-04
9.885529605137008957e-01
9.873063131636100609e-01
9.358166617093880346e-05
6.605248183008001206e-01
5.959859803064428974e-01
8.181330323437585594e-01
4.167415269488453644e-01
3.452370977344106917e-01
2.280314881914284576e-04
7.240625945937109991e-05
1.389100602060739959e-04
9.848253237036656005e-01
8.364694345135741810e-03
9.896755304704158984e-01
1.631060152482511683e-04
8.141794589259703230e-01
7.382655524659029070e-05
7.378864689265656710e-05
5.206577026690820675e-01
3.946672410780482573e-03
1.425135331036832395e-03
8.129619187824843607e-01
5.547492570918127882e-04
8.092975693621080602e-01
7.293427389061528279e-05
7.716734725644825987e-01
2.926875174339735146e-04
3.290859909486158730e-04
1.697860313584148378e-04
6.606725270076316825e-01
9.743862880369603685e-01
8.155460338772241302e-01
8.023579798927830131e-01
1.191856626843459200e-04
6.845107326336267173e-01
9.818060911818010661e-01
2.363497251576255535e-04
9.738074239871558069e-01
7.805854664554686684e-01
8.138054448294204102e-01
7.439462664634858202e-04
8.141555846726356016e-01
6.648484867458848147e-01
1.757079980954843437e-04
2.860643378188101882e-03
6.658958333325029066e-01
7.801178115225495535e-01
5.054835350464493837e-01
6.610951521937642461e-01
7.100488646179653474e-01
8.201948876723168524e-01
1.017766730101075101e-01
6.718021569496653855e-01
3.428965991749524048e-03
5.661773643871315098e-01
6.647768865510695901e-01
5.066607325361852099e-02
1.511840389996238509e-04
7.516018585210332281e-01
6.935178804275060616e-01
7.901270910552010696e-01
7.965249780822390990e-01
7.901564317786236025e-01
3.454874289491190464e-01
9.934753541730426685e-01
8.182584365525906733e-01
8.068578625600265619e-01
9.958445572351600772e-01
6.150928755770822178e-04
7.656414148710556514e-04
5.714332054487124557e-01
9.959107687526078667e-01
9.938665076268593523e-01
4.010978979908474788e-04
2.567966516905453313e-04
7.625502616808064182e-01
1.285695697695221531e-04
1.748209531472946624e-04
8.405706134230529758e-02
8.113252951850569161e-01
7.748590558874709489e-01
1.784845098924469167e-04
9.968327476648911611e-01
5.352039480675364154e-04
6.076989600761736670e-04
1.817246955530444274e-03
8.146559516451286065e-01
7.387425644969917160e-01
8.168189127221282542e-01
8.071855468413480228e-01
7.027608716182435211e-01
7.758777568934924762e-01
9.972090694852154824e-01
6.830583869824374821e-01
1.925055441520412305e-04
3.452653800706984738e-04
8.129591159035010062e-01
3.317420152211084951e-04
5.627199417091555134e-01
8.198544335830749707e-01
1.649254696257948603e-04
3.088103228104649022e-04
9.964457142785512200e-01
8.163435861443912867e-01
8.758392431161822200e-01
7.868812204742268168e-01
8.117719078391493204e-01
5.518689888844491298e-01
9.969009911003418045e-01
8.201503320527054886e-01
5.933129449096306018e-01
8.222868315882826407e-01
2.402466751066292296e-03
2.405456531812333043e-01
7.911196632310132371e-01
7.305639529839663693e-02
7.922711955832377750e-01
8.493728477552539013e-01
3.504126000663387863e-01
5.971388406293129947e-01
8.328932136647614337e-01
8.307409857655572161e-01
6.564176991850506626e-01
8.315069168933750809e-01
8.292750791214593686e-01
1.474102198539970409e-04
5.975667476197774608e-01
6.716237506139747203e-05
8.284056336970256895e-01
6.231946899405295115e-01
5.337536625014636105e-01
9.963417882586689256e-01
6.523704739108266981e-01
8.268609746042999697e-01
1.389824178194054626e-04
5.443091965467728999e-01
7.795707647041032473e-01
4.258284880307719390e-04
9.968412610170166444e-01
8.053973460096373049e-01
3.349458326867518765e-01
7.108852233128307718e-01
6.902713947157871344e-01
8.252946750374353657e-01
7.566518020630974561e-01
6.487813752921849364e-01
2.257142617820100377e-04
8.195135861380451470e-01
9.968433069739174313e-01
3.307716475806057248e-04
3.712935388166616058e-01
6.498712630020468950e-01
8.184030519657516933e-01
8.079802676183055476e-01
8.607611492421757271e-01
6.922835338066855027e-01
7.661569411629028936e-01
3.677782533303153583e-04
6.517154212339010266e-01
9.967329196941830949e-01
7.671547836432288658e-01
3.788693082486694220e-04
8.136885695987252642e-01
3.419117250983199014e-04
8.617417930812588667e-01
5.299456802796454228e-04
7.771233498156061570e-01
8.544418096800223683e-01
9.965061134627667405e-01
1.266427279933017070e-04
8.107675094220287981e-01
8.087210436614413744e-01
5.058798453762658291e-04
3.921144201763029241e-04
8.343361008551669622e-01
7.607971514757012454e-05
8.087087011372876555e-01
8.235998747637963691e-01
8.628014086395665583e-01
8.234937945858360475e-01
7.489764397796746520e-01
7.258916985140472233e-01
8.093875078578353088e-01
8.054672976280961016e-01
9.970134377343157217e-01
7.581242985085976382e-01
3.711959547801918654e-04
4.716810655803647056e-04
4.635940963363255340e-03
3.552467790704966254e-04
8.100407385413361805e-01
7.302182880890111250e-01
4.398646722460354650e-04
7.539393034904762203e-01
9.965224492132088718e-01
9.972163915901061104e-01
4.896216514929819380e-04
4.899168555249161722e-04
7.979536262504416388e-01
8.299186418901479678e-01
8.742585433552563234e-01
1.143464769963612251e-04
8.106416223368120288e-01
7.765752357090408564e-01
6.053466957330480916e-04
4.079013424585800044e-04
7.954209828014647821e-01
5.765514809223338741e-04
4.266785858218481134e-04
5.416035107786817049e-04
7.854735754051501706e-01
5.614708619402146265e-04
8.080925369306766193e-01
1.856335292224134946e-04
8.089153070494085052e-01
1.781484964871145663e-04
8.086844029144133472e-01
7.915021100110730679e-01
9.014057050756695277e-01
1.909800670695868273e-04
9.970329628418904688e-01
5.176407124879121024e-01
6.291200857760268494e-01
9.967736213689345481e-01
7.429411357524196013e-01
1.055858404875378707e-04
5.610827215045095517e-01
9.964540714720456771e-01
9.967411792032044859e-01
4.615019538331113563e-04
7.214385257672852880e-01
3.062166368501477165e-01
7.167213589764528381e-01
1.581938433155094872e-02
6.857257178292653910e-01
1.566651457711377331e-04
7.882459045400211917e-01
2.420260675873268518e-04
7.515389888852648248e-01
8.287220171767757382e-01
4.527432599948678221e-02
3.629377875940494112e-04
7.327703788869300849e-01
8.542935694376542211e-01
6.976712810967360401e-01
8.072167562009212594e-01
7.136165315319709102e-01
8.056951166813191012e-01
6.872599346328330805e-01
8.012491954874804145e-01
8.111701921214853339e-01
8.247311093220989209e-01
7.967226658502085668e-01
8.825646815349729168e-01
7.876169749301865641e-01
2.381854629057924167e-04
7.060494991018698707e-01
6.671937442395408091e-01
2.130475950030873361e-04
7.533973412227076283e-01
8.780598622803152953e-01
3.259142310549158249e-04
8.119990237105645381e-01
1.207403093121262039e-02
8.134780128882811434e-01
9.962800973657809367e-01
9.969666434948434297e-01
6.022446906761239754e-04
7.853363530604356990e-01
7.728254984485966039e-01
8.787623398132018426e-01
7.811719141975116409e-01
3.730751524172495046e-04
8.610461772659341873e-02
7.857848113515145672e-01
4.149115822632121588e-04
9.955244368045704784e-01
7.693007201371361292e-01
1.247990106851347523e-04
3.360898542654679622e-04
8.079828964251187795e-01
8.652645736738232563e-01
7.831574628385475911e-01
9.967653619655194586e-01
3.050453468585319588e-04
6.546020253454171763e-04
6.316267764572874865e-01
2.311987087367519400e-01
7.069471467071972715e-01
3.482805175201478492e-04
7.338325778270300415e-01
7.930143212288118804e-01
8.156255853935355793e-01
9.941911874332677312e-01
9.597343783091816238e-02
4.306131172609841545e-02
4.090749898402740864e-02
3.852003429622881652e-04
5.827354017152660548e-01
5.769007905404905821e-04
7.496640033596974062e-01
3.474820159905839972e-04
7.712257236746156153e-01
1.148253677995488171e-02
8.140423156112868153e-01
6.493405453180504106e-01
8.243060495408360833e-01
8.442657477485425721e-01
8.463358706186385749e-01
8.089817948114886859e-01
7.955160202230865396e-01
9.915909296513881754e-01
7.523920438330855553e-01
8.734755331976738063e-03
7.899204735042359982e-01
6.914035988392683687e-05
8.406800257369451135e-01
9.630876569596562298e-02
8.024154978227672208e-01
3.996622624301935799e-04
8.416336489474506299e-01
9.852378308341397384e-01
8.729866523916613996e-01
8.411536914670046938e-01
3.420220230724292654e-02
4.931517497930452132e-01
7.037913973456952355e-02
5.267204758328445369e-01
9.964413180385521818e-01
9.959260956626810879e-01
8.785901441947900903e-01
7.840392690253922270e-01
4.270556491414898570e-01
3.628645949267837408e-04
4.712165357196070326e-01
6.539939538055515866e-01
7.510277552432902126e-02
6.820392894067322826e-05
4.168879555896141736e-04
2.842605326700321528e-04
6.832909125095706360e-01
1.816600219995053167e-01
8.177143596251412738e-01
9.919043940514317148e-01
8.857225395250946376e-02
8.021946984757580834e-01
4.551209416274871306e-04
8.573099551890199788e-01
3.803019638918316296e-04
8.491295351256197277e-01
8.767896222282829388e-01
8.641067863001286042e-01
3.899268290999002295e-01
6.092866307233879564e-01
7.983877261776846090e-01
6.569200158595406291e-01
7.873752322697517014e-01
8.245218808099359364e-01
6.714454291259241980e-01
5.230902700998549520e-04
8.361827369047917236e-01
7.931538395170578681e-01
4.489196893415763772e-04
8.013460881783879275e-01
4.751459655696535890e-04
9.950780629530293631e-01
6.980304123985349163e-01
1.649003471734882507e-03
5.827180797899380845e-04
8.121154411176314536e-01
9.681441430407387513e-04
8.659608597624354198e-01
8.487922173628388300e-01
7.945678330431278982e-04
5.680471468223169396e-01
7.041365690817901098e-03
8.219637074165729862e-01
6.618795865281731361e-01
5.451947294080133899e-03
2.445580152837464622e-04
3.903167425094377641e-01
6.739548296766676438e-01
5.524496044463924564e-04
8.330447792907442750e-01
4.129322653216494941e-04
5.090189204843296794e-04
2.667326298495302180e-04
8.128878313416361134e-01
7.913760935153349996e-01
7.202784907202171016e-01
7.960219778279088443e-01
8.043055111803224522e-01
7.930424701516272101e-01
8.088359695837802343e-01
1.653053655445449412e-04
3.501140830131020372e-04
7.261856856496156087e-01
6.749651963959636403e-01
8.477666632173168626e-01
9.168410875329537036e-04
9.086839429494680820e-01
8.698407811370971743e-01
8.693351293166690086e-01
8.424922540422551398e-01
9.935854610884865545e-01
8.423320183980000930e-01
7.368082652905730834e-01
8.095601566045316222e-01
7.997130766575887284e-01
2.545276177519990206e-04
1.689267177670184981e-04
7.574353816154740793e-01
2.462506153333762619e-04
8.103876531597907773e-01
6.443932948554342800e-04
7.707979778958853334e-01
9.906794719594018694e-01
8.029487303636775319e-01
8.219908057733154028e-01
8.096769983779511515e-01
7.554865408215605260e-01
8.732717930838490572e-01
8.071941733553367193e-01
9.819807527536147385e-01
2.205159644903279209e-04
6.597833645434366678e-01
8.247626818714092201e-01
7.746573006842415454e-01
8.211652123805734949e-01
2.062342350541712947e-04
8.117012577469083778e-01
6.749849237812922675e-01
8.110691581773160630e-01
8.537867917309805987e-01
8.210118818917484518e-01
8.207610131274561960e-01
8.760267774579046929e-01
8.135262727495888857e-01
8.111695727141369217e-01
9.832216535878786079e-01
8.110304034862979572e-01
9.340197016432558730e-01
7.990501648210776020e-01
3.659473488467086533e-01
8.729749847934410445e-01
8.335740003558480549e-01
8.815158780656360271e-01
8.258728330925648731e-01
8.223138663168917395e-01
7.377775645071923405e-01
8.264276761759674628e-01
8.217828272453666649e-01
9.489369975623942466e-01
8.197063131864505969e-01
7.917362202624735890e-01
1.439137954434684065e-04
4.167283896008275867e-01
1.228926220213573969e-04
6.560256942715365636e-01
8.121747461126265222e-01
4.422245408017321799e-01
8.067482557336067561e-01
8.100024412131798801e-01
8.181680919661951101e-01
8.124993505077590106e-01
8.190480026856281626e-01
8.423368897143954648e-01
1.022683644751531118e-01
7.162741413054320994e-01
2.889200367452920415e-01
3.676163162368361048e-01
4.245231665604558002e-01
5.914329615936189111e-01
8.430402108273248318e-01
8.428472650306415570e-01
4.964807558949974609e-01
8.133275270141879787e-01
4.005048661683391353e-01
9.179329830252929139e-05
8.187748268065824231e-01
6.694668992976853250e-01
7.192493603697819055e-05
7.431422378041509041e-05
8.117891702331614390e-01
8.215049613086148339e-01
5.368303390526633079e-01
7.492249427933309613e-01
8.434840138007934085e-01
7.630673958225904219e-01
8.800696570516532979e-01
8.196418947543698819e-01
7.722247649571352124e-01
7.903701215496211629e-01
8.758671935863930891e-01
9.430995121460353792e-01
8.088156795301995050e-01
6.124670560355518489e-01
2.710315636568790660e-04
7.721783634883130354e-01
6.688329191940068918e-01
7.043993156163524949e-02
8.407688687028812558e-01
8.105202567210084696e-01
1.854364028590155743e-04
8.140202560298576140e-01
1.285705866555019795e-04
7.908833483303970846e-01
6.663952006234014069e-01
8.899367379088661708e-05
8.287766405473398414e-05
8.770050368442571243e-01
2.669965038331918858e-04
1.990202901501384736e-01
7.171140495553248728e-01
7.586132680394797045e-01
5.158489037189564197e-01
8.190850992929600283e-01
6.599379112733784192e-01
8.796612282107961756e-01
8.163467325494632165e-01
7.970838323291685734e-01
7.686178280998883228e-01
1.400601502582348205e-04
1.413168422778197653e-01
8.193375539529126339e-01
7.772469590079991164e-01
5.391732176401938803e-01
8.203188998902540829e-01
6.011549530905079264e-01
1.994387399248988280e-04
6.652519214715355567e-01
4.408404280206647155e-04
8.002003067167179351e-01
8.042771732369250470e-01
7.614625155008961643e-01
9.891178818670693929e-01
7.655012597099047911e-01
8.140437792699122266e-01
3.387009415483642786e-04
2.188699990975307623e-04
5.278933987338511489e-04
4.021817138976790940e-01
7.489302888196982533e-01
4.339895268663183092e-01
5.405782332443606749e-04
4.004966576933073896e-01
6.730699287717748370e-05
4.609629415374805585e-04
7.644376739544825883e-01
8.177151400793263303e-01
6.631298201668046621e-01
8.389067085578407585e-05
8.226921036731872361e-01
8.055313838541748872e-01
8.411401915644932670e-01
1.081464591763828254e-01
8.247965405756609858e-01
6.654292246885008533e-01
7.161554911182355099e-01
6.411532295146315759e-05
3.300240284533366344e-04
8.211650007478679125e-01
7.074535912454498095e-03
6.649017595943285119e-01
7.809380146493031020e-05
8.492920701258815550e-05
5.473107888464033843e-01
8.089595390367976258e-01
3.439436660189882922e-01
7.501227247742128801e-05
4.373347128344117754e-04
8.120602729974378819e-01
8.843978323111211237e-01
1.717903676878851100e-04
8.120068371342409330e-01
4.138065109572661715e-01
7.976011541915465353e-01
8.735778666534439463e-01
8.231569749937004410e-01
8.132264270814087981e-01
8.225749430611140056e-01
8.351483670863004694e-01
7.075859107379562918e-01
8.436114760018481595e-01
8.253847968980067274e-05
7.324268109230429591e-01
6.474221008479156127e-05
6.557835974248807931e-01
8.710350942789665263e-01
3.754146339844139368e-01
8.045995812470096986e-01
7.454387177498138506e-01
8.130932637713579325e-01
9.841291019341983964e-05
8.186484751276602578e-01
2.553414740210289383e-04
8.141624649235935651e-01
3.903640054216966360e-01
5.014100539460604944e-04
8.057581464625410694e-01
6.370119191072782041e-05
2.438357543431088370e-04
7.626334566092665135e-01
7.125226227400280887e-01
7.894500336398828644e-01
2.310554864844378553e-01
8.155556198364917186e-01
7.357044349494351598e-01
8.180208887729542022e-01
8.216084332173102522e-01
8.569123713818238564e-01
8.036746180528699934e-01
7.337607747003390690e-01
7.983405371780011306e-01
8.181449529415893429e-02
7.452778296928832535e-01
2.525000810925526066e-04
8.417283391134174897e-01
3.444450234541182859e-04
8.221384827361678527e-01
7.395830062367848567e-01
7.788174774268615073e-04
5.193752474821338172e-01
8.430612489659568840e-04
7.199910401361732104e-01
7.417306751387759967e-01
8.133096960485592941e-01
8.382158506547480181e-01
8.522906088609824016e-01
7.490295796437466125e-01
8.037929121404132626e-01
8.002010466924505128e-01
7.324503873951028476e-02
1.265863198885238837e-04
7.391370134273734793e-01
9.409903891406230791e-02
8.003910766621383788e-01
3.985183193888393728e-04
8.064476865189547095e-01
6.293293973983200666e-04
6.107755798478233800e-01
3.712663082971182820e-04
8.400323972036690678e-01
7.107793046947326397e-05
6.214320775888693138e-01
8.420560657475105737e-01
8.134590604923098711e-01
8.057388606954120069e-01
6.517037659146799906e-05
8.076484925575446727e-01
8.746491789098579384e-01
3.335151311313336504e-04
4.247462894613910972e-04
3.490302788570531821e-04
7.147324130937543398e-05
6.806752386169642385e-05
8.137002367890356913e-01
8.549413024555507779e-01
7.110680382390314374e-05
1.555555413988685479e-02
1.878452342219436402e-04
6.837021950216518595e-01
2.638327116053429400e-01
5.789671129082827467e-02
3.512274485422092751e-01
8.557903177987148391e-01
7.729359342175238234e-01
3.359830324068358259e-04
6.777934564369193504e-01
9.120663300689097093e-05
3.046559236000755729e-04
1.748073200942081332e-04
3.884896472511835852e-04
8.028868057530726965e-01
8.631257760867125928e-01
8.155379947737466662e-01
6.393797346577709836e-05
8.424156705757052110e-01
8.563250957762870152e-01
7.701348459691254034e-01
3.832318119792850197e-01
3.163826494340312725e-04
7.546172963162871695e-05
8.060571001278823422e-01
4.556391265868475369e-04
1.750773924971478382e-04
6.823786317636057897e-05
3.814559382424361628e-04
5.789480310779105635e-05
8.121715484173094302e-01
4.624497823959374670e-02
7.238003843507770929e-01
8.575838689484692745e-01
9.237640496158032607e-05
7.163800564371023416e-01
5.655922695723959422e-05
8.219904657648724466e-01
3.560269911609708626e-01
5.617160442061054106e-05
5.592057981622681681e-05
8.243551268874772520e-01
8.571923041443768598e-01
7.072392959068964924e-01
8.140871436940896322e-01
7.456568883938095027e-01
7.073897723009500791e-05
8.712585849708240904e-01
5.574326039953694245e-01
4.440768597317107445e-04
4.352860920080211626e-04
8.204735173000710091e-01
7.486126644928309259e-01
2.307816177162451778e-04
5.633360342081010774e-01
9.576573675678479863e-03
5.792719930902550107e-01
7.948931049578665808e-01
5.886435035078526612e-01
1.250600154804457000e-04
1.334262901439413362e-04
7.227387466828002482e-01
7.398037163609022526e-01
8.328624401621561590e-01
8.371119411754578410e-01
5.592969783216851444e-05
8.227699655419495883e-01
5.619539578993274902e-05
5.615136989667655318e-05
5.602137343196157319e-05
6.660456505823130202e-01
6.532477327218177976e-01
8.270431292132954249e-02
6.616552648122930869e-01
8.544184280091152717e-01
8.429140082292922997e-01
1.609612096596047470e-04
7.100566681888109688e-01
8.584367934831214075e-01
7.002724574291637749e-01
7.070754204619698058e-01
5.616864506821618396e-05
7.111020565260482984e-01
3.434517177131202192e-01
5.629325034916114506e-05
1.512801214198113814e-04
8.625393758645950593e-01
5.644368934034999440e-05
7.890399704236501499e-01
5.636999410104044704e-05
5.330014182466815548e-02
6.958035070791424210e-05
5.690866589547902078e-05
5.662579188496377845e-05
5.664746934320221008e-05
8.795648852735749035e-01
7.571615844848885724e-01
8.562977398021286435e-01
7.185301624038430424e-01
7.482017255367240383e-01
5.734158362314130245e-05
4.053737889923498816e-01
5.693934944716413547e-05
7.164497511648061367e-01
5.013878988542093927e-03
7.050876810390424021e-01
7.041180831345089652e-01
7.092783236193185292e-01
8.559034231164323048e-01
6.276865293401767470e-04
8.169756378727131008e-01
6.365966920069836320e-05
3.677110609066528476e-03
7.086168025695320782e-01
7.190430271226135872e-01
5.817892476970707089e-05
7.204263576978329727e-04
3.696242329175734496e-04
8.217021493750004124e-01
6.495489442340778984e-05
5.744133291218884519e-05
7.203184405662201861e-01
8.062952090958970253e-01
8.231269549326718504e-01
7.003996434323526143e-01
8.093070706420597560e-01
5.816125299151053409e-05
7.081951877878167958e-05
6.726700239635905474e-04
5.823273731407142465e-05
3.230315954552017699e-01
8.206163745362632378e-01
5.761728009290250594e-05
6.993648246208107322e-01
8.164104407140717612e-01
3.000210837991893549e-04
1.310237657855114958e-04
3.307736164881098784e-01
1.381579855132965382e-04
8.293127276447243013e-01
1.202524705592436971e-04
1.346550148467306877e-04
8.109727986409058786e-01
8.025893845825018676e-05
7.219611693810921819e-04
9.314102171174535206e-05
8.182299134983184175e-01
8.122980329021306511e-01
1.407367948742273679e-04
8.243227500155394516e-01
7.475516676602688944e-05
7.726876371586465231e-01
7.364803698889651473e-01
7.323324324329693047e-01
7.196262530249151190e-01
7.734018948520956505e-01
1.071048891623780086e-01
7.522216013164966242e-01
6.801092209236290209e-01
8.179409085878384111e-01
7.966388520097584802e-01
6.383141538214070424e-05
8.400291487300902693e-01
7.273740420333403014e-05
8.535497092502626337e-01
8.153979146742668105e-01
9.958743813562510481e-05
1.155625760885473519e-04
8.494325159611340048e-01
8.658203973402923692e-01
6.519839209733697461e-05
7.387325362011487595e-01
8.065664536181221811e-01
8.062859683313624570e-01
8.293739282874528218e-01
8.374359301508566000e-05
8.727687445423568668e-01
8.105963698323918054e-01
8.361405842913375360e-05
9.755967488484027905e-05
8.120830249492250186e-01
6.869928523423867173e-01
8.411603435130318163e-01
8.117254902350832246e-01
8.696064589678053069e-01
8.587838797933721180e-01
1.446048625381189450e-04
1.025131055098639743e-04
5.298231890047583629e-04
2.977004614519800064e-04
1.782165026016209420e-04
8.097522582540848113e-01
1.021153558569388130e-04
8.002510388386987472e-01
1.060907943901451045e-04
7.165330751131153697e-01
8.582293987548573755e-01
8.054950569523773307e-01
9.001276352611137287e-05
8.821053448225464333e-01
8.433151023261524770e-01
6.990338154505299634e-05
8.411083281238725951e-01
8.397406829893125924e-01
8.418290749102987913e-01
6.846830154632879619e-05
8.420164615475729253e-01
7.980713261336584985e-01
4.906029618538773063e-01
1.028682398496443825e-04
6.639968780214491328e-01
8.200661354057844354e-01
9.788073945707612860e-05
7.979197481338300424e-01
9.947445324366912145e-05
8.747016551744637436e-01
8.427044043127259743e-01
1.495973204585509825e-04
8.867170797203558497e-01
1.248227358945355400e-04
8.424765102080855605e-01
8.223513289593656905e-01
7.033217354587019132e-01
8.825120528779535449e-05
7.051484986419731538e-01
7.486374358444939370e-01
8.584706017908729780e-01
8.656141031148428810e-01
7.446384822012811489e-01
7.267493147590669048e-05
6.824081952319148714e-01
6.963038792727037629e-01
1.479075044003709816e-01
8.232529519835953824e-01
6.682716124072650215e-05
8.100470948918787606e-01
8.342098078786680526e-01
7.031440366368839042e-05
7.015642844781244669e-01
6.975134427695255806e-05
1.370043905193254197e-01
6.150999788514064370e-01
8.258147420492165526e-05
9.990959689907604618e-05
7.015732528132788697e-05
8.541517451053172172e-01
3.902456300027221385e-04
7.377980754146991060e-01
8.578186947438743992e-01
8.159643884259865088e-01
1.024585484761446157e-04
6.578219821097419651e-01
2.088290031138483605e-01
7.427934239584839116e-01
6.626971583487952788e-01
7.055359178483689986e-01
7.255873785679824942e-05
8.108656232016724363e-01
7.037081346978865985e-05
9.817894111591185264e-05
8.577751728738117754e-01
8.771577405974874120e-01
9.883769609825843183e-01
7.734194840415321598e-05
8.192098700799993471e-01
2.637988301644164147e-04
8.821875991169517573e-05
3.140423380871590711e-04
6.086996278062227874e-05
7.954354345578991126e-01
7.058369130917574452e-01
1.677279962076905066e-04
8.693403780028643446e-01
7.092517446410825377e-01
5.418350152855362367e-01
6.100652940372821063e-05
9.668846219439966236e-05
7.942315276740210539e-01
1.684177070211515827e-04
8.257926588904214160e-01
7.102604462307835181e-05
1.845585337914070758e-04
8.579697989357155663e-01
8.150840841325247554e-01
3.391921087651041697e-04
2.997506363803432734e-04
6.497478864884205106e-05
9.413325124127299966e-05
8.102920952295096235e-01
9.719491970115699277e-05
3.020313220409423841e-04
8.307538369622388119e-01
6.182715305536477172e-05
6.619263830958979078e-01
8.098028108988349905e-01
3.369457027852761619e-04
7.546119565526491213e-01
1.124406087606049282e-04
8.129063894609058760e-01
6.953638966357977846e-01
1.367544283151885182e-04
6.878172445745421859e-01
3.416874965692500983e-04
7.230387834929149539e-05
9.086450227608299218e-05
5.725278148348086349e-01
4.029040798614548849e-03
6.548647371718306909e-01
5.852899578318837537e-05
1.012626140822061021e-03
6.537847554473288794e-05
1.506728949648915572e-01
9.148321826456255648e-05
3.159881066085169499e-01
7.205800719156773004e-01
7.084676696407959939e-01
1.497017078898509393e-02
1.681002844613673235e-04
8.125327644313219411e-01
6.133899083590628187e-01
5.641100531970668630e-01
6.155446289915844442e-05
8.820860326997575585e-05
7.078977825324246353e-01
8.303748396353293204e-01
8.108797865961331341e-01
8.264868166755037215e-01
1.058267856198460733e-04
6.530842225902512288e-01
1.198704831277662142e-01
8.178099613426965675e-01
8.750477466136230564e-01
4.201197079108315649e-04
8.430584768773494719e-01
9.470336899231523650e-05
1.489206109090692176e-01
4.181852208834235286e-03
8.672276415885975531e-01
2.958678859527461209e-04
8.870911709774382159e-05
9.178826865283882207e-05
1.024559214880799135e-04
7.920715653538215051e-01
8.143124721564377611e-01
8.094159160940950226e-01
6.946508709401228625e-05
2.712057209407325712e-04
8.828066611437258848e-02
8.494913097031006055e-01
7.674210922199506957e-01
4.449344673980341891e-02
5.581210415422772630e-01
8.487092631494295158e-01
8.677729729053255125e-01
5.864533657243900533e-05
8.216749675054202395e-01
2.740474846650958751e-01
6.944365541797312830e-05
7.070771790161013426e-01
5.624110583326305074e-05
7.033160159231824915e-01
7.115233081616721082e-05
6.591422336318016884e-01
7.251153606244833405e-01
7.122714663254357836e-05
5.616536407288008105e-05
7.308203510268576064e-01
8.085591571305487113e-01
3.531380302630029522e-04
8.105890362807395277e-01
5.758183386554551007e-04
7.057722592285288199e-01
2.143348474673053140e-04
7.507979256997916462e-01
5.879787668785533498e-04
1.401321041474389295e-01
7.527716315624396470e-01
7.763626765730402557e-01
5.665734815192439155e-01
8.365169063555251139e-01
3.349385201438422879e-04
8.621729041744133903e-01
5.990935418437012464e-05
8.156190628137685028e-01
7.092752295752105822e-05
6.981608714861724518e-01
9.241498127476034078e-05
8.098257748699781988e-01
5.890822291557252788e-01
4.045052562685099717e-01
6.989996173804026945e-05
8.156204764324266332e-01
8.565306094572435747e-01
7.196032598552902781e-01
1.039525210588812331e-04
8.087986915017695289e-01
6.550439581258770414e-04
8.963247895517967377e-05
8.030527524417304663e-01
8.412557506966865661e-01
7.525598246053888385e-01
5.944851243912692689e-04
7.940036819725930831e-05
7.006643586838559035e-01
7.012462369847424215e-01
7.299131717303629641e-01
8.133684772258541473e-01
6.686354245657675222e-01
7.277068975496030490e-01
9.031145855818016631e-05
8.914870133473973496e-05
6.577432132721480196e-01
8.113472086921761361e-01
8.044958039199834321e-01
6.725414337313395663e-01
8.619985358044556234e-01
7.834021908425313763e-01
6.996660540878171242e-01
8.764863596826510917e-05
1.816852542701582118e-04
1.887323651762959353e-04
1.922649822979679429e-04
8.989905001369205497e-05
3.278190339374178444e-04
7.772339334044987558e-01
7.239058348171604207e-01
9.059607868870805394e-05
7.257529939476039637e-05
8.145662004059850414e-01
8.347377947454786022e-05
7.434625120633154335e-05
1.449036988358651170e-04
7.168779930844252008e-05
8.688093517392435079e-05
1.354507746738634576e-02
9.328381999801718151e-05
8.368174455279427937e-01
7.167105991729555425e-01
2.928073392158556175e-04
3.186447449901775469e-04
5.514362960635832422e-01
9.448564051028551726e-05
9.004138309691275266e-01
6.497434121408988128e-01
9.094208498182172111e-05
7.166021302723377673e-01
7.038827955150045587e-05
7.876797319441327661e-01
4.541199727214167135e-04
8.110459071817442966e-01
8.837627253743821011e-05
7.896839367917940500e-01
7.004735482725200635e-01
8.573455764101699517e-01
2.942456920924317577e-04
8.792163875688574493e-01
7.899288806081300462e-01
1.675504688664184892e-04
1.094370262243753080e-04
7.110498997733061028e-05
3.331579654619844970e-04
6.588700241038208938e-05
8.101089298286301421e-01
1.183471891013462189e-04
2.928260288354184193e-04
8.582106361184591069e-05
1.061842916205657202e-04
8.382534153189169501e-01
1.134111043194593909e-04
8.120331541776062423e-01
6.621452287202192477e-05
9.625127745617988173e-05
8.140595968250218251e-01
8.114417756168488627e-05
3.315970861182172564e-04
1.095980636520235425e-04
8.381987461719762715e-05
7.159546798920505273e-01
1.254878376026474513e-04
8.573045209043005377e-01
1.201751189439577178e-04
9.402047678545279120e-05
2.915998785928243324e-04
8.231945597221893562e-01
1.133678958305074045e-04
9.135583104375850638e-01
9.981084346371397477e-05
8.391348204440739591e-04
3.302488696082124791e-04
7.220320240876170750e-05
7.275173178294898390e-05
6.391544940512184914e-01
7.845824014579212723e-05
2.896960957176433239e-04
2.905587093084141472e-04
1.175503296254993651e-04
6.908203301915168994e-05
8.344238731736576629e-05
7.532311347116000810e-01
7.981406903316185550e-05
8.572263769594042904e-01
8.580596531242615788e-01
7.956219005813304479e-05
7.150573324481802606e-01
8.146433166234637868e-01
8.204607808900552435e-05
3.291028829746784072e-04
7.093193030810475126e-05
1.627044965182996531e-04
7.152888262659410972e-05
7.464489750334145635e-01
7.716324413777252422e-01
8.485573604866458730e-01
7.295585148645331586e-01
7.638483564044843170e-05
7.334913962648347274e-01
7.180500575119962425e-01
8.300329457955426538e-01
8.142896298601689509e-01
7.858277028266791894e-05
8.545672552025183055e-01
9.992893591509782736e-01
7.277263299906931281e-05
1.400045915564796331e-04
7.005650908558104240e-01
4.826294607647776133e-04
8.115664655738753508e-01
1.719885657336503904e-04
7.743679714597602719e-05
8.205516553774953037e-01
7.744231621904299726e-05
8.162708853118691987e-01
6.259248074206026358e-01
6.937815329898272543e-01
8.075560781466480521e-05
5.010627265961200031e-04
8.139547185427346010e-01
1.220352650359936872e-04
1.176390071328280363e-04
9.220950585877539789e-05
8.397540794080846638e-01
8.274119842616979303e-01
8.118268732413711497e-01
9.993188608600515055e-01
7.289313747544004355e-05
7.540610752141073652e-05
8.147121562740213818e-01
8.011592090921064724e-01
1.581076305888074851e-04
6.366760018662876157e-05
6.923018468630931510e-01
3.565892749560640855e-04
1.993900297674607405e-04
9.237491695085243704e-01
8.134635815584971841e-01
7.481852608459164879e-05
8.466254316321509821e-01
8.116944397782873688e-01
9.013486317435938291e-05
9.068385358584081632e-05
1.081002356386552880e-04
7.605305173495363613e-01
1.531787324136271592e-04
8.844173070714538758e-05
8.480522722343909470e-01
8.105477601436074098e-01
8.140802969815935652e-01
7.366489328397167252e-05
7.407775537841780459e-05
9.993199285544004384e-01
6.019377165609895997e-01
7.189176846073409566e-01
5.504899277655175283e-01
8.222070457499948137e-01
1.041549831200725258e-04
8.148241120978987340e-01
4.917704522583861123e-04
7.023183988209659168e-01
8.455422105862214766e-01
6.229285017156404036e-01
7.339650849766626937e-05
9.993450766676684749e-01
6.398752436723590732e-05
7.124545579323402489e-01
7.208712351692618814e-01
7.278180974040184825e-01
7.143147607883540973e-01
8.149341754811748606e-01
8.495483547611349024e-05
7.218194386531705991e-05
9.360670265513694188e-01
6.034608839200837904e-01
7.220799085853633059e-01
5.355947570027052018e-01
1.052899943767162229e-04
9.992560378236409191e-01
7.253290265625267352e-01
6.981473623724191446e-01
7.081287633832683559e-01
5.651428153980960767e-01
8.140501270927541499e-01
1.510711467428205493e-04
5.295408652952755535e-01
7.535914845864369882e-01
7.358003979317121000e-05
8.561101961842333408e-01
8.487165944032591947e-01
1.092027100314560233e-04
5.748117900616775966e-01
9.992901629965128540e-01
1.766642910946581043e-04
7.801518388059646147e-01
8.112895398935351388e-01
7.562242364277518630e-05
7.875969272550761291e-01
6.585774872752973019e-01
6.878008567207856438e-05
7.165258586992955259e-01
7.649341065729507597e-05
9.787850590604244561e-01
8.572374343694243448e-01
3.797625065290725910e-02
7.832997596974918819e-01
6.760998152737672795e-01
5.437485252170894956e-01
9.552598277657091685e-01
9.995218765441649111e-01
5.333015641059691836e-01
8.846255893197341180e-01
1.222703804413382157e-04
7.664102561190790919e-01
7.059219794298621231e-01
8.564043741858889881e-05
5.322509698878589157e-01
7.065420185591090307e-01
7.164621319761095286e-01
7.115200722787019538e-01
1.149707283729434399e-04
7.396724127195396514e-01
2.444793714544630289e-04
8.129398416701987262e-01
2.881251672957746966e-04
8.141321410555980576e-01
6.749161453104436381e-01
7.955017042020332552e-01
5.672339983450251921e-01
9.993193305120595671e-01
8.118062192253916454e-01
5.133459601148683722e-04
2.879091731081205954e-04
7.974841760556911074e-01
1.104042231792484334e-04
9.992265800482275084e-01
2.560125329335223056e-04
8.424122232671034105e-01
1.321553158571735166e-04
5.308328572269355172e-01
1.065284577344436989e-04
7.133450046675297029e-01
9.612142000523627994e-01
8.148501949885459394e-01
8.972388687572954158e-01
8.573101196978855087e-01
5.788588213541075774e-05
1.222295916499920587e-01
8.116501342868157609e-01
9.482996001475463190e-05
7.748775800242873046e-01
6.894416438212497321e-05
7.450101607186994683e-05
7.207661294663432194e-01
8.702632092403084219e-01
1.327311602568940455e-04
8.143467809696884885e-01
7.922900266427971294e-01
1.017908004301440672e-04
1.865835802395272554e-04
8.554049427410487239e-01
9.992717642439037373e-01
4.289536845125252592e-04
6.988720402855893576e-01
8.174476086556287102e-01
5.446513701948901831e-01
7.552742248381316258e-05
4.967837722668857481e-01
8.376627167152590481e-01
9.561812982178230502e-02
9.497418226285891485e-05
9.992669382087316921e-01
9.993452209077176018e-01
4.608273576081434730e-01
1.378768767830359241e-04
7.329667350530085748e-05
4.776580372263696250e-01
8.777079052316317370e-05
2.884809058658083930e-04
5.523174376595696433e-02
6.506643245691087481e-05
4.419437913319084550e-04
8.091305105516292118e-01
6.999471688644611778e-01
6.973015550598109637e-05
8.579425432764479220e-01
1.268914053885924749e-04
6.897808856554047408e-01
8.832920921538985892e-01
9.992688374589813183e-01
8.714960331497456636e-01
8.140969103495844239e-01
6.278674940293900164e-01
1.779359748556587589e-04
5.901600526232734156e-04
1.272894317354804491e-04
8.824194474439028824e-01
1.955834546298326011e-04
7.056131989109873937e-01
9.178824619079292691e-05
8.194970062862800830e-01
7.119130191186013867e-01
8.197117555183836002e-01
3.968450886063014404e-04
9.992724073370484739e-01
7.533827533399046761e-01
9.992261735615396434e-01
1.707600908141680696e-01
8.136578002213225025e-01
1.974768040625247913e-04
8.306621437414725140e-01
5.757008675544037501e-01
8.565133764598309440e-01
8.904450899505912398e-01
8.040680755132703084e-01
8.122551417148623498e-01
8.066477224617468744e-01
8.286732914010033202e-01
6.784605071098249226e-05
8.700308372206103646e-01
9.993346901931561277e-01
3.268049046473276266e-04
4.025273829358685788e-04
8.927638402107608284e-01
4.411794010341895658e-04
8.147939301216691188e-01
3.024629362239999422e-04
8.156480831120915820e-01
7.124628595189497204e-01
9.993263912100674995e-01
9.231895359278006596e-04
4.108083029436965781e-04
8.225087158995255665e-01
3.623885409586159456e-01
9.197526847548909146e-01
7.680469536796793451e-01
9.992198065737117885e-01
8.585279561716800956e-01
1.303893756912242389e-04
9.991679597030275195e-01
7.806136900485312058e-01
6.892606446673137377e-01
9.992999560465658515e-01
8.253817874618273320e-01
9.993208532718699244e-01
7.492240217574083205e-01
9.992604631349869537e-01
7.386735142960810796e-01
8.234093667180789611e-01
6.902748700504764967e-01
6.970279493055058229e-01
9.247962551533382980e-01
3.166453111130755893e-01
8.199516603175835971e-01
6.799658350453977040e-02
8.220130446507760153e-05
7.460659216397175220e-01
4.151976075595296689e-01
2.144390024127655614e-01
5.249272458684058756e-03
5.266760721760241903e-01
7.270333359093772430e-01
8.729484937617110066e-04
8.564077508003921091e-01
2.093304294834878395e-04
9.990861399796089337e-01
6.260566077697384240e-05
8.226399087017900458e-01
7.478329566081390878e-01
4.792260102677345923e-01
8.222910557830377387e-01
8.211484783255110775e-01
6.634301083614031480e-01
8.404694500918293842e-01
8.233684260108458108e-01
7.886105731761201554e-01
7.819038324009439881e-05
7.511577642654541087e-01
9.992589988228282039e-01
7.260933952007564418e-01
1.067945219097662796e-01
6.978470796318386683e-05
6.934865022967982018e-01
8.129347953122049164e-01
7.095729221645877827e-01
3.979007453531994845e-04
7.243267769301507952e-01
8.395920651860042661e-01
9.988373866607546114e-01
2.075711959011747397e-04
6.916716245875250690e-01
1.093572362100597077e-04
9.330334620383747835e-01
7.863893273213593549e-01
7.882777579880307917e-01
1.104140125089855401e-01
7.712777281787157931e-04
8.420377133195268149e-01
6.318092302387523507e-01
5.277776247252180530e-01
1.146745585008673325e-04
9.991626209169507389e-01
8.575976260358627590e-01
8.207328784565883772e-01
8.572602190071764161e-01
9.993304697855370788e-01
3.281505392266177105e-04
9.827626241120687820e-05
8.422760729337284147e-01
7.095084806601862359e-01
7.408498814085082707e-01
6.920580241245584130e-01
8.135837691605850575e-01
3.264013392369297063e-04
6.781958299107724360e-05
8.262054035360256732e-01
6.939463037047160793e-05
7.284950964909778781e-01
8.415847907964096875e-01
7.512912694566614702e-01
8.748346666808344274e-01
9.102683605173400680e-05
6.020185556462627208e-01
6.125183946713858019e-01
5.435020448117522385e-01
7.480310087518460271e-01
7.458082226524828107e-01
8.250475686585673207e-01
9.994774733585587434e-01
2.871791877760944064e-04
7.946526501900651462e-01
7.878580305701781139e-01
8.569356567371529954e-01
7.838053371543499681e-01
8.173082005654807025e-01
7.616223870547710328e-01
7.795260014786635772e-01
9.987297480423162899e-01
8.686889593570643608e-01
8.507716892769114298e-04
8.230649692837705977e-01
6.999491265729317346e-01
7.776664685946370614e-01
6.884007847175084294e-01
7.596556784561913078e-01
6.635716467417993591e-01
9.286135053914454929e-01
7.043429237608759275e-01
7.043300611127389921e-01
8.090236080170273292e-01
9.993674617375343239e-01
8.082277133864410601e-01
7.877621307077000701e-01
9.992233382294741784e-01
9.985745178951471734e-01
7.858482853960964132e-01
7.375281483591897835e-01
7.062273877613047812e-01
7.398318930007864447e-01
6.021938429233761880e-01
6.041894605322312991e-05
1.433966852404487278e-04
8.144617984118059928e-01
5.777646118632373968e-05
9.200708900296764969e-05
7.069147861992671755e-01
8.569116772511181646e-01
8.464856879576001525e-01
8.454820971399178431e-01
1.295318035133068656e-04
9.217588629675861774e-05
6.015710975811764394e-01
7.038793627352968318e-01
7.070708921590020957e-01
9.881143969893265908e-05
1.109769871840316256e-04
6.418248500074951216e-05
9.990968056432104616e-01
6.303700247788056599e-01
7.897268018716022686e-01
7.013170438978166832e-01
7.282788217498871175e-01
7.081222664762957253e-01
4.142147788831284094e-01
1.774752037678594557e-04
7.794940975730458854e-01
7.780927026636346167e-01
9.992931774557259894e-01
7.813487992818454221e-04
4.960995282509800220e-04
1.081434949562341541e-01
5.163725320026795185e-01
1.400675658119608924e-01
2.602002141067441435e-04
8.454007636803929637e-01
7.050813029111258068e-01
1.267571996861796666e-04
4.935531663552062851e-04
4.853242004323199965e-01
7.849384604297092727e-01
7.931711555486991028e-01
8.567149365958484086e-01
6.000938805352158401e-01
7.026234550671066614e-01
1.275896660224711161e-04
1.344132609670086658e-04
8.596739116972097472e-01
1.127266982758781233e-04
5.589615176613686357e-05
5.890530309540172081e-04
7.074266892733445111e-01
9.987824538521564710e-01
3.881638933559033761e-04
1.958666141552209972e-01
7.862228050694216597e-01
3.464721488968508512e-01
9.695711029967221117e-01
8.375273519622956631e-01
9.995255536086982140e-01
2.914400931941659952e-04
7.007411329283624868e-01
6.037850339478636379e-04
7.093339072022115666e-01
8.472717112189274147e-01
1.350557032657367972e-04
7.868345571111895476e-01
1.405048984489395058e-03
1.164206533065452958e-04
1.452485864645999760e-04
9.527458319640735862e-01
2.657435666940515819e-04
3.675215981888217123e-04
9.011200345788627413e-05
2.758116631754426134e-04
8.506401534680796406e-01
7.070830271398887978e-01
5.397556330239607764e-04
1.303028997893510737e-04
6.951331024669441527e-01
8.404302276225037449e-01
7.308988852118540880e-01
5.820695822098634093e-05
7.139826371531672322e-01
1.699911161011220251e-01
1.433338095475215933e-04
5.790110200503429538e-05
3.497842221394292794e-01
6.969909424605441291e-05
1.116297821557076040e-04
6.805548901229536334e-05
6.930499426588996315e-01
9.988302133288830178e-05
2.351946488120497114e-01
9.925952533246021055e-05
1.433285367130050065e-04
4.599092736224205669e-01
7.318033663122850419e-01
7.029847040705710093e-01
9.477190460286516460e-01
2.879117423021094980e-04
1.437363811749341668e-04
7.083454451367986460e-01
7.103796436888193400e-01
1.537878405052268429e-04
3.031903752107245804e-04
2.635557570661407954e-04
1.125442395577204744e-04
7.017302942810550448e-01
1.307208288611461902e-04
7.049835469930672005e-01
8.274264080725703963e-01
8.562840385599318482e-01
8.418328149791739490e-01
9.261116213580159536e-05
5.897220045920382736e-01
4.282988124454781601e-04
1.712722573493147737e-04
7.651238892510550116e-01
1.873010166675054711e-04
7.106879522256416744e-05
1.539061240457017296e-04
8.422347634138792616e-01
7.042781530861752515e-01
7.157301936089452976e-01
3.644556950734928686e-04
7.056510598424825531e-01
5.869187938874510926e-05
9.289844224106107440e-01
7.917609883753171651e-01
2.538453585633947129e-03
6.574181824409026627e-04
8.385663491553779769e-01
8.024007118275180875e-05
2.152392282615712017e-04
5.840863574841569051e-05
7.114438925411747938e-01
7.102524973830622868e-01
7.849607843586524636e-01
9.953276018155844396e-01
7.129764337633218707e-01
7.953453014698901313e-01
7.400098077234937843e-01
9.777214518776269347e-01
3.714209953437286327e-01
8.126395138658686346e-01
8.570863364238795468e-01
1.370246716576778748e-04
1.474091820562694851e-04
1.656443234316132805e-04
1.822737138171019733e-01
9.988106581776092785e-01
1.692525301615106868e-03
9.988910549356369017e-01
9.994938556738928170e-01
6.481099847299610639e-01
9.331597263237803640e-05
7.915193993176499188e-01
1.932183105170610308e-04
6.864456357120281016e-01
7.900745356707395972e-01
5.879990073743540224e-04
9.968480719189880546e-01
5.684611064429599958e-01
7.908106710064107814e-01
7.004371009077492438e-01
8.021770624435804464e-01
1.182752720448725385e-04
5.934199781691723574e-01
8.102408994795626818e-01
2.546595171642696553e-01
7.499470686784400764e-01
1.175473253163932945e-04
1.134295869564247161e-01
7.874742330748344399e-01
1.419680755982870367e-04
6.056324569600872058e-05
8.116078246641666993e-01
1.021744841209701609e-04
9.941667352557675974e-01
8.028741714456313350e-01
2.060823562156232358e-01
7.916674958450004018e-01
7.554905860380740912e-02
9.402234878175433450e-05
7.055479373684967470e-01
8.067872105533077098e-01
9.972206596612949170e-01
4.838656151413227432e-04
6.320081221559055191e-05
9.989033244868307237e-01
4.912973692700794981e-01
7.672428724821103599e-05
9.804640963761205308e-01
4.099399127328814951e-01
5.390615510434744184e-01
7.924835779655909906e-01
5.095407439858332665e-01
2.386905878981792628e-01
7.830859849296631925e-01
7.282833058015011352e-01
6.433650523732916207e-05
8.465389183946130380e-01
9.992269249172792689e-01
1.744870137017438664e-04
7.906299722504010329e-05
8.136660846278410686e-01
7.286044502918652688e-01
2.927428978288449312e-04
7.668454925804303324e-01
1.173902068984686666e-04
1.146007908932724300e-04
7.811639172594098124e-01
7.673639763868329577e-01
2.515767864003411050e-04
8.566136716154115760e-01
8.144850311081650585e-01
2.102212961610969947e-04
8.546752283329982491e-01
7.936429112160107158e-01
1.604077729047337288e-04
1.174136808312764563e-04
7.472868457758559124e-01
7.018846645211656021e-01
1.903376761145197081e-04
8.116605409471228105e-01
1.725239670762278559e-04
1.539476767284726488e-01
8.106399071182905924e-01
7.102630582323895547e-01
8.088624842092944078e-01
2.100367116091894138e-04
9.768687212798857385e-05
7.934403467305667368e-01
7.932185002070468727e-01
7.365913686952842987e-01
7.238426394975551567e-05
7.430125140632500534e-03
8.132827151414471212e-01
1.395119365531114982e-04
8.125886623423403954e-01
9.995162017035679192e-01
1.028467444995043747e-04
1.237554395508107306e-04
6.498559286040967928e-05
9.698146939618125159e-05
9.992571647264120172e-01
1.401193139369062474e-04
7.936051163458278657e-01
7.762443567644590203e-01
5.001767674178047435e-02
8.110127735397655302e-01
7.422132489824625479e-01
3.194307899547315613e-04
1.011960361770527524e-04
8.203222039475535077e-01
4.116346484048440005e-04
9.789076204942884891e-05
9.854869089034269392e-01
8.139725583040157142e-01
2.952765708307886899e-02
4.619311024666785115e-01
7.834052975280495490e-01
8.187946906719811846e-01
7.652620962694514084e-01
8.571872552562663783e-01
7.620034123372702028e-01
7.804044795975583204e-01
1.013261594735647775e-04
7.553296232319722803e-01
6.504622053808113778e-05
9.575059220442109088e-05
8.158728916567864475e-01
1.031172523890958514e-04
9.483876636228677026e-05
7.404330645550681361e-05
1.879818638858039284e-03
7.703786054680483719e-01
8.134032941789375304e-01
7.634169645578261498e-01
1.432017169259644496e-04
2.507046370874514360e-02
7.698446360830280000e-01
9.825623601671419349e-01
6.773857252603716628e-01
8.234891491410248898e-01
9.643245222251302096e-01
7.016385342711790082e-05
3.271086283166154784e-04
1.481890114826364701e-04
7.976416371136542116e-01
8.168670586043954573e-01
8.282922206385252561e-01
7.014757549732960618e-01
5.584040776568998110e-01
7.913013542723810190e-01
7.814938394688256684e-01
7.223546247123713293e-01
6.623349047856360802e-05
8.145371341429717971e-01
6.411253627813419398e-02
6.916918545001070947e-04
7.530632228021993946e-01
8.206009396915812104e-01
1.202572928520155029e-04
9.973997980296294141e-01
9.992914266378620791e-01
3.943030506016968473e-01
8.557819587365583791e-01
8.165748769981048122e-04
8.062244535936481382e-01
7.890231716782860616e-01
9.087320928804583288e-05
3.033868397561677050e-04
8.249369738147602771e-01
8.190486612248663034e-01
7.939186302158066644e-01
7.509664837721611308e-01
1.984943715628237901e-04
8.194950507304546994e-01
7.762987952924267354e-01
2.416575836941902700e-01
6.488489408633058009e-01
6.186475998010052782e-05
3.261312995703974176e-04
8.199737650284728563e-01
7.919779145186274238e-01
8.165432205279973266e-01
1.562197039569006415e-04
7.981592461650761638e-01
9.327176700008094252e-05
8.529425502299472495e-01
6.587197158476475467e-01
9.691835235544712379e-01
1.964673230296479808e-04
2.340456563764722170e-04
9.972929064681664846e-01
5.366276070157782740e-01
7.493957198401294834e-04
9.995702775564648812e-01
3.301707243230084373e-04
5.160266568263311981e-01
8.588805940369131919e-01
7.956934147728511597e-01
7.299010793983152778e-01
7.790605959675834802e-01
7.634229519359364557e-01
7.195179529391185769e-01
7.850656401351370217e-01
1.066954099338480777e-04
7.205658587229328838e-01
9.263708851399405459e-05
9.988893693334582879e-01
2.025624061216481548e-04
7.864041457251513823e-01
7.927230315365295654e-01
7.222350987526618632e-04
1.223965800254902419e-04
8.423075487029916264e-01
8.374616313978283655e-01
7.921803017455854024e-01
7.473005087485969922e-01
8.145104598900689830e-01
1.425289281619939730e-01
5.323809770794895235e-04
7.564468483522334141e-01
6.590586809132341628e-01
5.221443223138425571e-01
5.339595516672148712e-01
7.987237939825111432e-01
8.515127037732949100e-01
7.631231717683604858e-05
9.979885336693746778e-01
7.856691864319301777e-01
9.994986672403265437e-01
3.278094033250149655e-04
8.007642612795533577e-01
7.317200898451784452e-01
9.041858153176377075e-05
8.761917068081249982e-03
7.874788037181603695e-01
7.344287426898279403e-01
1.166342767955549367e-04
9.982877711768786133e-01
1.001493860597361333e-04
4.168436692718074064e-03
1.002136746886144635e-04
9.988615325501996045e-01
9.703464537239482324e-01
8.238906444469294987e-01
5.672280911419222971e-01
8.202952146716484538e-01
7.919068789983949586e-01
7.361072344281606172e-01
8.563230437650397597e-01
8.587933802062452937e-01
7.788747256669323882e-01
2.708641885707117804e-04
9.981952465896938298e-01
9.995176386466516627e-01
9.868134717270653500e-01
8.135748761785331906e-01
6.792478315155297543e-05
7.841080692051531909e-01
7.945308393004812952e-01
7.261875497686957059e-01
9.397853962538997574e-04
4.103059058046248518e-04
8.185284886855701547e-01
7.768376916865632476e-01
7.815449395040334757e-01
7.959098386382458257e-01
1.789788941658396887e-02
7.285653484430429927e-01
6.810496626890480965e-01
7.298176727353077042e-03
8.172690337710212249e-01
1.644921546245797653e-04
1.790198552454323397e-03
2.259330673478292110e-04
8.274874903615986321e-01
1.604134085727326232e-04
2.243015216481370269e-03
7.973585128334690353e-01
7.939967439655554182e-01
7.613597777047975690e-01
8.386092500025557062e-01
7.830914648564647473e-01
9.980890394088082207e-01
8.034592600293724018e-01
2.628959694125284101e-04
8.596550313370092677e-01
9.992752970298613979e-01
8.200557937461657732e-01
2.137395900167573561e-03
8.001426510941473946e-01
7.988682332238975503e-01
9.989513713596192002e-01
8.376278234534422218e-01
4.880422972084982325e-01
2.487334323849251516e-01
7.025108962131524043e-05
1.748914288008141004e-04
8.044911344634179994e-05
8.552323587227893542e-01
9.996442338403336292e-01
4.253337195538685984e-04
7.953391944206879005e-01
9.992226263406278619e-01
9.982557163731611283e-01
7.165781473707802940e-01
1.697262298498522666e-04
7.092325797633334261e-01
2.578407554486843059e-04
7.967487092128843207e-01
9.723365051600157559e-05
1.460707791875044681e-01
7.820697857732259450e-01
8.544200234950940498e-01
8.020596472292920165e-01
8.618696425583460743e-05
1.188236118215394327e-04
8.786799081506295739e-01
9.825167172331745746e-01
6.508970051581607352e-01
1.148951117470953454e-04
1.117134579686019985e-04
8.318311146597133358e-05
7.074179242240383723e-05
7.618169830968618550e-01
6.372457584403555650e-05
5.940556454833315563e-05
7.655332139773937117e-01
8.198347045057791105e-01
9.656461410342601637e-01
1.374471735136180927e-04
7.893520905910649255e-01
1.205084502315279823e-04
7.246040072124471099e-01
8.564187376954137676e-01
9.927058508213748578e-01
8.095779314666670112e-01
9.988575734434657072e-01
7.798378475126284126e-01
7.854019765829541866e-01
8.263767851585387403e-01
8.027836121489501098e-01
6.001572913878748805e-01
8.204309670984124558e-01
7.691246921549426130e-01
7.791223688177499884e-01
5.776753890914408940e-01
9.895109436247575552e-01
7.354463512788549373e-01
4.699252861373530129e-04
7.982291919406327985e-01
7.649081669810018358e-01
7.632925931971945577e-01
7.727071450280592613e-01
1.242281931419762526e-04
8.560171298342582613e-01
8.110072675963823086e-01
7.697615834851780914e-01
9.992214129868711714e-01
6.701038523423934468e-01
8.242979227819655641e-01
6.876006987396238168e-01
7.231678134262294888e-01
7.758621456486418655e-01
7.145543897521469123e-01
7.444108602336598768e-01
1.657345218340883469e-04
1.251598173001215175e-01
7.175390530018586552e-05
8.351866089912527436e-01
8.004380202362683105e-01
7.956387817642169846e-01
7.624474814669411904e-01
8.020944604471363926e-01
8.345587094004197626e-01
9.981656062237429516e-01
7.922037569246106470e-01
7.067543704457819901e-04
6.873807295552871732e-01
1.790627642503212727e-04
9.495376879802272302e-04
4.867939169986294952e-04
9.975973052748114966e-01
9.989068328968290222e-01
8.286493808373287528e-01
9.992253212442641086e-01
8.013585116275582232e-01
8.567858943990442899e-01
8.095636631381490922e-01
8.355611642475982981e-01
7.550792187600476879e-01
7.997638258210616469e-01
1.247034492069225970e-04
7.943015504635556612e-01
7.732840280061773486e-01
9.996429204422558890e-01
7.448686361669754064e-01
1.356500238256135916e-04
7.756234974078480837e-01
8.051770999781695526e-01
8.214103153612076769e-01
2.287414925182441492e-04
7.813214617718041710e-01
8.616551856530966225e-01
7.510184438092591952e-01
9.992241276867177557e-01
9.653250759484881538e-01
8.256015312412429705e-04
8.577085030669617804e-01
6.959809155825711358e-01
7.856959907079983374e-01
7.945462872279738242e-01
7.958864811020263108e-01
1.228650720429830940e-04
9.789504265477364463e-05
7.941660217033460478e-01
7.052162317416321713e-01
8.272755329105171418e-01
7.766060314214855431e-01
7.206974336195802744e-01
7.762713948550760135e-01
7.815555779493219557e-01
5.938646282733559545e-01
8.030035542562534712e-01
6.204466476056013898e-04
3.510436278182975595e-04
3.298213581972560889e-04
8.343538812784146996e-01
4.243576263659880610e-01
7.651806935359519724e-01
1.069582171250916354e-03
7.181434031188355105e-01
7.858144244199588568e-01
7.404916966178904936e-01
5.258856762773567303e-04
7.159758755700713628e-01
1.910330168408661705e-04
7.667944058794611273e-01
7.111209984580345589e-01
9.995206966389206249e-01
7.644465701307018302e-01
7.532227228594113866e-01
8.403241671155453618e-01
7.905456669995125640e-01
3.973230961327250399e-01
1.131318681235294818e-04
7.967392891145167466e-01
9.877558039432696949e-04
9.989359291583795875e-01
7.956835061747103977e-01
7.027031810096676656e-01
8.541056786379287447e-01
9.992225701816300765e-01
9.992601961395736199e-01
2.467154974129217768e-04
2.773570033519578656e-04
7.126522898412823714e-01
8.576085134112678698e-01
4.947594948600796691e-04
2.734643801308697165e-04
7.868245996465744740e-01
1.720029770769999633e-01
8.042654176285673334e-04
4.598105089168832982e-01
7.932561381561916702e-01
7.929105609443453107e-01
8.510738493294998097e-01
6.747768178971317817e-05
3.339597797690020964e-01
2.559764841605854380e-01
6.395604758667632339e-01
6.667264271393938957e-01
1.520667083133079855e-01
8.580170836073622853e-01
9.995029546815652477e-01
7.806793967729980807e-05
3.262694449308987271e-04
7.344410469544311315e-01
8.584201372430871890e-01
6.713738000965647768e-01
1.283261391271536545e-01
1.399648047958400032e-01
7.159093885222816978e-01
8.040569067879740350e-01
8.244461743106547003e-01
3.096974891368390465e-02
5.672865700213319817e-02
9.992943504792783926e-01
6.708290087998318718e-01
7.499532713963782959e-02
8.567621201798157893e-01
9.996046355884969925e-01
7.786391598280311133e-01
9.915484127576740248e-01
2.278886617738293502e-04
7.753075609249762135e-01
1.300295722143012629e-04
7.417779200865947109e-01
6.085550569238792695e-05
1.729325053192503903e-01
9.992751551301619628e-01
8.126163937893118305e-01
7.734736621588458741e-04
7.928445739612178687e-05
7.134122634244650651e-01
4.457479391629479040e-04
2.829744598780470658e-04
2.387746571788763872e-02
1.020134047191425722e-04
8.411385260926821372e-01
7.881790801703097982e-01
4.744664614370030218e-04
7.739295552684347657e-01
1.578084336449764042e-04
1.211892511613920937e-04
9.985420426567644947e-01
9.944510778546836738e-01
8.381498375482673291e-01
9.989872179479604153e-01
3.896613965694040727e-01
7.436475961534894097e-01
7.885473428539188090e-01
1.266998977295976650e-04
8.130335247532012311e-01
9.240375883377483683e-04
9.993380521138067740e-01
6.923221240114769692e-01
2.780920196854212820e-04
5.197076378178719369e-02
6.877548055570557959e-04
7.345876199211828880e-05
1.330256180229723306e-01
6.326720864024619750e-01
1.684222495358796655e-04
7.819303966628897706e-01
9.993614812486000254e-01
6.472174824684340244e-01
9.993147744435885160e-01
1.230981103245896123e-04
4.286059927704160555e-01
6.374241913745024579e-01
3.863309695875648542e-01
6.673941019151633514e-01
1.093863904566648587e-01
2.576142400127332532e-01
6.670989245291635283e-01
1.990718890701561328e-01
8.537512542879943656e-01
3.391890353082448097e-03
7.852861639128030369e-01
7.111893332214968000e-01
8.025357064270917107e-01
1.730707727277227051e-04
6.982801330902310699e-01
8.167193468718154936e-02
8.353183116189412116e-01
9.992974493399476854e-01
9.993151835476276057e-01
7.825504039495193576e-01
3.337059094717789165e-01
7.281947208305942221e-01
6.642685843015326830e-01
1.578384607812373462e-04
1.916280219573622545e-04
1.020915181581829819e-04
7.123212868354428240e-01
6.094474369817101970e-04
5.308097323940434986e-01
4.393363034904579942e-04
8.542027234957277892e-01
1.143301379996549007e-04
7.876567233225207909e-01
8.359828373922884026e-01
1.807340928454057071e-03
6.858874996027273241e-01
7.906374042646858724e-01
1.350913323004250489e-04
8.554309080533721854e-01
4.316026886082865001e-04
4.742528392692045200e-04
5.241763455741511131e-04
1.387351768606217889e-04
5.882994479002113045e-04
7.187569308410025589e-04
6.606393428066449159e-04
2.310098857528630149e-03
9.996451441564062623e-01
1.277471452663620584e-04
4.182727890647099166e-04
4.823379595936063986e-04
7.609371285528614397e-04
7.903038607299368579e-01
4.553600859786335322e-04
1.386256084246801148e-03
4.099183842934266716e-04
4.900730637588464507e-04
5.694666215624715486e-04
3.512184237898152792e-03
9.995496145042397362e-01
9.993391802431852433e-01
1.313920664832883621e-04
2.717070836304481536e-04
7.260004109562265828e-01
6.150475652378330693e-04
8.345748987364336458e-01
1.198865996719283627e-04
8.220987970784305876e-01
4.125045247693304813e-04
8.293830979604136511e-01
6.874990475582710406e-05
5.120580045092908584e-04
3.072815755641100047e-04
1.271951429081244391e-04
6.891714641291745158e-01
8.116988829985252174e-01
7.210753093217524556e-01
5.827994189267760424e-05
1.289370708275480390e-04
8.116647563036749613e-01
6.242088069943457773e-01
8.323858673823983922e-01
8.065355600260499802e-01
8.617236376678051313e-01
1.117109298509749282e-03
8.355021461660193660e-01
3.114999466410708364e-04
7.866239254633876632e-01
9.994818008251433739e-01
8.566672147608033194e-01
1.971291387695047468e-04
7.731227758319253462e-01
8.502793329029405545e-01
7.757407460819425449e-01
6.084414866761593988e-05
9.196942942122504627e-05
7.850801194470636846e-01
6.482251324332621856e-01
8.306945752890594337e-01
7.871250051786992108e-01
5.687590924092178479e-01
8.344478509540438349e-01
8.217328443924943882e-01
7.852968172010674763e-01
4.124610891165462756e-01
1.244901879597426822e-04
7.968550476050810794e-01
5.307711712862241971e-01
5.560751811456575606e-04
4.252778369740504993e-02
8.550471151751900534e-01
7.021629049639054321e-01
3.261779931470152336e-04
7.610349191649883327e-01
1.277838352043764907e-04
1.218171512650244754e-04
7.746730613874743150e-05
9.972955377507695118e-01
1.170140385540981073e-04
8.294429381608423579e-01
8.114107613754352856e-04
8.365910991762125493e-01
9.993094052243778336e-01
8.550440185138633575e-01
8.315372055053380507e-01
6.869288144534108076e-01
8.512440458859413805e-01
2.154910288937112632e-04
9.988330981286664967e-01
1.270651695907905657e-04
1.176261492619923619e-04
3.831261774965382641e-04
7.212056277690685714e-05
2.585908547727288915e-04
8.558232025421799172e-01
1.030554937613961447e-04
2.674214737774653389e-04
8.661785224013660890e-04
8.041958329286243989e-01
1.619110597472387114e-01
3.842848379678329086e-04
8.224527961464016546e-01
7.725860384627231126e-01
1.051351467490747811e-04
7.770965687647469755e-01
7.016992442401560615e-01
7.525716716813325984e-05
8.037311049609979774e-01
8.229019370220075347e-01
7.708757923161673187e-01
7.875842958840986174e-01
4.826222711081197742e-04
5.605149299379210692e-01
8.233018992672034297e-01
9.009919754935077690e-04
9.992729315183069838e-01
8.034787999941565007e-01
7.185515694669040781e-05
9.995853927364971581e-01
1.144455602762620502e-04
3.681325437386694377e-01
1.176965983483217558e-04
8.308324525927858195e-01
8.226571396452649898e-01
1.386036909196637407e-04
4.094175167672642890e-01
8.502492081649876132e-01
7.676217291794001918e-01
7.890440727534934195e-01
5.825605080520149606e-05
1.641961735406618572e-03
8.049750669264176262e-01
9.994538472684029173e-01
7.614336804528170077e-01
6.352026347310468779e-01
1.038167371322142464e-04
9.989529338408816850e-01
7.811352122943349130e-01
8.482326318232894513e-01
8.272421415361864705e-01
9.986850202597016279e-01
9.989137882496641474e-01
7.477239807694144869e-01
7.848185702489370863e-01
1.177338886602904885e-04
1.370978072865620945e-04
8.417192716026100641e-01
9.129640558739134451e-03
3.311617488999328541e-04
4.089752924935607589e-03
6.881281490525132608e-04
4.147873260344036583e-01
1.066090248618589996e-04
9.976769880661988665e-01
3.326848916906102673e-04
9.961131981701687454e-01
7.800424407735409016e-01
6.564155548143075780e-01
7.762275008401497978e-01
9.990066220786711915e-01
1.209489220254562555e-02
8.274258066299532421e-01
8.117289226563429994e-01
9.993057885176042099e-01
7.913715927597182453e-01
8.276371946625441511e-01
6.035402902980341447e-05
7.902086618875553414e-01
8.334521773172851589e-01
7.198880841703602096e-01
6.962312397186972129e-04
8.207113612501361066e-01
1.203978779065351129e-04
6.065832018721859084e-05
1.215770239102570394e-04
7.909189521982091797e-01
3.326153186641875314e-01
3.273869524427087258e-04
5.929389093018411216e-02
5.820942695026825042e-01
5.121898749833113662e-01
1.121493904300082018e-04
1.519634023620793258e-02
8.254039642426405088e-01
8.325240061394021396e-01
8.268995237547989152e-01
8.277830989347768620e-01
8.556145447700200801e-01
8.455892603873916835e-01
4.010571562034206060e-04
9.981167685634780851e-01
8.133526262286071562e-01
4.582353277428257506e-04
1.081926218829674279e-04
1.189734551005521338e-04
6.559846381761339495e-01
8.482297846866447832e-01
8.062252722150531348e-01
7.186302281644022516e-01
6.941965479896395896e-01
9.992251892257939527e-01
9.995189295033524157e-01
7.941385353133313396e-01
6.071978017035394026e-02
7.974132126718145308e-01
8.546957669668082480e-05
7.928193202660333005e-01
7.533726503496268601e-01
7.695476324853484096e-01
7.738702659233885894e-01
2.065420702708628369e-03
9.984953040428479198e-01
5.780752159315730720e-01
8.841531833832888543e-02
8.289836181984723273e-01
8.272300645582152390e-01
8.939600416645356853e-05
8.266448190026749465e-01
9.988348333278063151e-01
7.618648038294537628e-01
9.300795247758093928e-04
2.513781779134305881e-04
2.844979013081694124e-04
8.788022759702712738e-01
9.992188642788151220e-01
1.236744105641307892e-03
8.212017428311335632e-01
1.169294722461584023e-04
1.664766237724973690e-04
5.871918969135259624e-05
8.263400476313348397e-01
7.229654370463053370e-01
7.594596737105822060e-01
8.552350402105477478e-01
8.021658094009123108e-01
8.024646760089443331e-01
1.385118227288376557e-04
7.866217513885346291e-01
4.523529742419677979e-01
1.743468199996696746e-04
7.871360840235744893e-01
9.964749918220214830e-01
1.308508396823427093e-04
8.812692086290633067e-05
7.980436634010320551e-01
7.251666665316902627e-04
4.794933962219575315e-04
1.027620191311651068e-04
7.674631502830768781e-01
7.870826371937147403e-01
7.813548453620329237e-01
1.183974588784238369e-04
8.381333601655800436e-01
8.541624261507977378e-01
4.829215582501568556e-04
1.051964862616043740e-04
2.357443385878942380e-04
3.815441973343513247e-04
9.995116738501274023e-01
8.236883806779609074e-01
7.543208720917928822e-01
5.882308678976246874e-01
9.989379281089830753e-01
6.952391602579933716e-01
7.411879770723479588e-01
1.266529776738784252e-01
8.367016182483868469e-01
7.996079537252011038e-01
1.307556483939095043e-04
1.126937712666899454e-04
9.934520314937036467e-01
5.899226085424725818e-01
9.982507254449338729e-01
9.301525232894300790e-04
8.251457386029344976e-01
3.943460228098379029e-04
5.669732626657687547e-05
9.303629031458318915e-04
9.842294773031656785e-01
7.833746195755177943e-01
4.790976447471789745e-01
9.993514966861329896e-01
7.061734177468849127e-01
7.940057303216381257e-01
9.993668153612694782e-01
2.926146253405648850e-02
8.141434818088553182e-01
7.715449268943840109e-05
9.189018564895913978e-05
8.739117635790579494e-05
7.564865469607935378e-01
8.106008773042912008e-01
7.317549388593744004e-05
6.937624433314169901e-05
1.963027095311078440e-01
2.045528757591332512e-04
6.464955657950134382e-01
7.855163822103199411e-01
7.337522110087710825e-01
9.995326618829277754e-01
1.181296692788883079e-01
6.149921010417887560e-05
5.580917527138902750e-04
8.216381236482621642e-01
7.139837592919925369e-01
7.193964824730250118e-01
1.573888278467641536e-04
7.535901006070971908e-01
7.999517396162755256e-01
8.158721500286874040e-01
9.993894545364604420e-01
3.158586193089204142e-04
8.253006178648688573e-01
7.179790397565556370e-01
9.993486638186696025e-01
7.103737950629266384e-01
7.723196214944683113e-01
7.294282942668164349e-01
9.813627124673248835e-04
6.630775414526847791e-05
8.233870770074441185e-05
1.006686519404937020e-04
1.354892613572241419e-04
8.439965114941985203e-01
9.995142289037743932e-01
9.996232304674871338e-01
4.731975779533845487e-04
8.492476825948602759e-01
8.627056502390230142e-01
8.376116719615849249e-01
7.863375298836255967e-01
4.422682626399849571e-04
6.496141209367888025e-02
9.968430657268148032e-01
8.114133403792774812e-01
6.846240759347890226e-01
9.122455804562940029e-01
7.752280026956291925e-01
1.772901963482721732e-04
9.995666925343675846e-01
4.976100850190055087e-04
1.254428764147638101e-04
6.026438157294104075e-05
1.126938124023198819e-04
7.968015833714744761e-04
8.575702492563206381e-01
9.036592920398777151e-01
1.218774948776076147e-04
6.997553202597158739e-01
1.334766054240173368e-04
8.018199727361249307e-01
1.668427177945031969e-04
5.396925213022168164e-04
7.631818925644962004e-01
7.571521667087066643e-01
7.669869658761617748e-01
1.137444659034469671e-04
1.705604266920290879e-04
4.430621183100066289e-04
7.714335777916629944e-01
1.054578699545991526e-04
7.628442661657586221e-01
8.105386663257283519e-01
5.353111597435946667e-01
4.102740425717019915e-04
1.256358335870675085e-04
7.856682831236134756e-01
8.200221685503544800e-01
7.226024210995335428e-01
1.270126994131121393e-04
8.045463150360921967e-01
1.526284550150136261e-04
9.266870435864484285e-05
7.952226335777319967e-04
6.195813078190512977e-04
2.078253408768356524e-04
9.882937309427746175e-01
7.192433741740548170e-01
8.239174389458606695e-01
1.128218091814240786e-04
8.222258124489958409e-01
9.989620844386646326e-01
3.306241727330745455e-04
7.739645254872093982e-01
7.142621232132427833e-01
6.748789846305662810e-01
6.970455511672608573e-01
8.097645873202362621e-01
5.489200510338235750e-01
1.287729555980829019e-04
8.101778579926972590e-01
8.621214102406957736e-01
5.080283067985474910e-01
8.137738367451204935e-01
9.978806407746965146e-01
8.184981230802614860e-01
7.814001070140078609e-01
2.855611679693919047e-01
6.021945252630963794e-04
9.960219543002747991e-05
5.546484783895862247e-04
7.870403086192959696e-01
9.993477924061430206e-01
7.890905794091817027e-01
4.897072642504989026e-04
3.098780467461155208e-01
8.201041661236724289e-04
8.062387572647872203e-01
4.440791630558919780e-04
7.677627040861915164e-01
9.805444511940574204e-01
3.679788611916758878e-01
8.090580419869178863e-01
9.984329089881527342e-01
9.996213551307713274e-01
9.549473609986119937e-01
5.692413109543522642e-01
8.015769390651735771e-01
8.141500639620555813e-01
5.172581397348398422e-04
1.227070881320142218e-04
6.867822027537529017e-01
7.892852190434080349e-05
5.164598161312130564e-01
6.435154325308773959e-01
5.066879176148516390e-04
9.995438556314398815e-01
8.418169259574466825e-04
8.174899112388654965e-01
7.809334101054369315e-01
8.032169646226624549e-01
5.692393693999474591e-01
8.391838820646280357e-05
7.729728516580489650e-01
1.044470957666379608e-03
7.840494272037209264e-05
6.353307034189259461e-01
5.487907777760265837e-01
6.611873361322716854e-04
2.084754197621062604e-03
6.551484722988466514e-01
7.155414174458101240e-01
8.554634998733073870e-01
5.248285111817869737e-04
1.327908102735252040e-04
8.028822078067996415e-01
9.992711265520874964e-01
9.901917067373987580e-01
7.717331572171645115e-01
1.913129332916857217e-01
9.238938955274971681e-05
7.741900464035265106e-01
2.320809623240014513e-04
9.491562452678864491e-04
8.524987632650402603e-01
8.117142294823027626e-01
2.650390018205347475e-01
7.085564273066879146e-04
8.113213194357232760e-01
7.800096486062683132e-01
5.337359913772974458e-04
1.303203313520532843e-04
1.660124533423862499e-04
9.994077207865099677e-01
8.563116408452996486e-01
1.180634304547003649e-04
5.759073726354364646e-04
7.796837093606281410e-01
6.190082912120222769e-01
7.721470254265802025e-01
4.416944847966201284e-04
9.994962061056842373e-01
7.598498513623889172e-01
7.302094291567732265e-01
4.889181075675295141e-01
9.990940567594781552e-01
7.832935548120403269e-01
5.080803520039566369e-04
9.614475650885946356e-01
4.784463393492988169e-04
8.198416866057571806e-01
8.514693326848429278e-01
1.082561747046512736e-04
7.159174888857031682e-01
8.084267491622398882e-01
1.032621416120480667e-01
1.164090967429470033e-04
1.327003422392498359e-03
8.526111867619493578e-01
1.348749445153140476e-04
6.444215834712881952e-01
8.314977798041586210e-01
7.144367874257241402e-01
3.545642637658356997e-04
8.180004324512364366e-01
1.542485060360206540e-04
5.042070047585967343e-04
8.483826169555912511e-01
9.886965220858899839e-01
8.058918552447734696e-01
9.992642170031403870e-01
9.030691715516567198e-04
1.105694397082851004e-04
7.575511043934268773e-01
9.995877905244907602e-01
7.872943959976784756e-01
6.678851097863167628e-04
1.831016780555087614e-04
8.379758060159213651e-01
5.098112275662382009e-01
8.379778928173826913e-04
4.974087591747123173e-04
9.982696247440012716e-01
1.654847684245869038e-04
6.086748760350378938e-05
7.746995181574702904e-01
5.636955703394567196e-01
8.515919092183340533e-01
7.778310151551969254e-01
2.214001441592747558e-04
1.227050399185174862e-03
7.505313522963520390e-01
8.128375377188237216e-01
6.873992628887196643e-01
6.237318698945010318e-04
9.960362336047565712e-01
7.861164132159181861e-01
2.115903925108986194e-04
8.019786961829665772e-01
7.831433742968665380e-04
4.894221127403943763e-04
9.966261478692886033e-01
8.257862331543510889e-04
8.385059789125359764e-01
9.992271315654263075e-01
2.304956363885001316e-02
2.255837110874815254e-04
5.508384358046584202e-04
6.645236497243615093e-01
2.967545968599047956e-01
7.335191575942874298e-01
7.710967599026559149e-01
7.950687526723646537e-01
5.384004194966461555e-04
5.702689046273786699e-01
7.760849920109005873e-02
8.309708217874254288e-01
1.329304643749440863e-04
1.000778662356461039e-04
7.180764865737295777e-01
8.190763587622363895e-01
8.013124112880671834e-01
1.500359294171539348e-01
9.994465440544044732e-01
1.019296561994459833e-04
2.457831257358227342e-03
7.870241955049939175e-01
1.246551025942639948e-04
4.316265796142285671e-01
9.968195604707280610e-01
9.995560864255867983e-01
8.498483411576747137e-01
7.846072175425929940e-01
8.510393359250008061e-01
2.138711513312884557e-04
4.276646486668396604e-04
7.301944134002757991e-01
6.005786484050300578e-01
2.491842065985927306e-04
4.939780803151026106e-04
9.903850649609511336e-01
8.294491306748924542e-01
8.111797223313444993e-01
9.995351808113529524e-01
6.821283836417780799e-01
3.093702620935019909e-01
5.137378723404972813e-01
1.154160277811315831e-04
9.076605255495044352e-04
3.028703461826227753e-04
5.174332099440447363e-01
7.245565585226749761e-01
2.258325604755769488e-04
4.503464345486417608e-01
8.485149207939112204e-01
8.252390418150375995e-01
9.993217617041504353e-01
3.251222898628861602e-01
9.981624973439380266e-01
6.728287943729855947e-01
7.810998164158934332e-01
5.767749284660652620e-01
6.621493712452333202e-01
6.047594565599241356e-01
8.191656509523299601e-01
9.988952117581926249e-01
9.995282029409889857e-01
1.112725707454226178e-04
7.961151489837171580e-01
9.990071945742976522e-01
9.992922917580895348e-01
8.309202227442719080e-01
9.963372951654947407e-01
5.089031975157706691e-04
7.952728668562475400e-01
7.867325146816032122e-01
4.687818564748027494e-01
4.587584847146462699e-04
9.465771698339301432e-01
9.326443383145912366e-04
6.857207252192154545e-01
7.953168092292962621e-01
1.016565611942038365e-04
9.977126180950073309e-01
7.009299463538853914e-01
7.735545309243999634e-01
9.510264638144076688e-03
6.024982034992094714e-05
5.265836895636952786e-01
8.134808387993621714e-01
9.992710016466794798e-01
8.586236593283892438e-01
8.162724110957386703e-01
7.399224046131586130e-01
6.252243313056460739e-04
7.818981198588632608e-01
9.995335401380183171e-01
1.294690168317393477e-04
6.680150109978574280e-01
9.989656532356915308e-01
1.117743652825556452e-04
9.974578842692455316e-01
4.296921313967258754e-04
8.104804941534561324e-01
1.348648728690228851e-04
7.737316926731510058e-01
9.364728082397389590e-04
7.221571518175387832e-05
7.767950283573602074e-05
8.253112435622380616e-01
6.920113537842069729e-01
7.820160467870428400e-01
7.376027398520674854e-04
7.597035173156976295e-01
8.496694157118326318e-01
5.640730805368916273e-05
8.554588416711921273e-01
9.972479959477470457e-01
7.560232815875571610e-01
9.996338632086613218e-01
7.871374352020338305e-01
3.850441643423505142e-04
7.045252241402298887e-01
2.944224563368788572e-01
3.908783649557694972e-01
2.610128239006798048e-04
9.984812469417952974e-01
7.957080671398807370e-01
7.944024223779181382e-01
6.488627592362290037e-05
8.111367213981134361e-01
7.596051341494327591e-01
9.992623596935571451e-01
8.015157727514293784e-01
8.078793898989967692e-01
8.303923842283589263e-01
6.662938970319940424e-01
1.339192592853463975e-04
4.791648662672386280e-04
9.996311914857395342e-01
9.995444725351929627e-01
7.451102743296071917e-01
9.970941844541814092e-01
7.808725409304757559e-01
8.412093258097745885e-01
8.317835958512628247e-01
1.038168320292183873e-04
7.932738408836834676e-01
7.846325983322532949e-01
8.406119706177658246e-01
9.611860776654403181e-05
6.491119020917845983e-01
6.904345074065056931e-01
7.995530123502773145e-01
8.049907946874802489e-01
4.109834179757674059e-04
8.241255657029160631e-01
4.776030794050128425e-01
5.209789447582005573e-04
8.218906336409552704e-01
1.266687119319325698e-04
1.308019880713703247e-04
9.995939521530683436e-01
8.103306684809206129e-01
8.528626357381363654e-01
1.110193406966386820e-04
9.989357944193820726e-01
2.108717529339261629e-03
9.984964914449754314e-01
8.229668204080100580e-01
1.017918717137672414e-03
1.268215744169245707e-01
7.782144269232987854e-01
8.502763223426890171e-01
1.278830998523824069e-04
8.264037226679002979e-01
5.706400003290844625e-01
1.028109085635186583e-03
9.965815505859544343e-01
7.629880855484678648e-01
7.565555480400433241e-01
4.428879472878783914e-04
1.017069769893968892e-03
1.127745610887108136e-04
9.985843992247691592e-01
8.136761918066525157e-01
7.863434169935155094e-01
9.396862831877030118e-04
7.638865661018809459e-04
8.622105907742870778e-01
1.124343874849594439e-04
9.989016965489035949e-01
1.106583308129324289e-01
7.612080085006441843e-01
3.479197908880430181e-04
7.567431815657035138e-05
8.632226027821844339e-01
7.998051679665197922e-01
4.929809905551896243e-02
9.995649786041775897e-01
9.967438047723130579e-01
7.771971606685842415e-01
2.244695727485772896e-01
1.085347026589616320e-01
6.575821807831846444e-01
1.576156514354413009e-03
8.254098534869335202e-01
6.508338762504120023e-01
5.722153000336421868e-04
7.786943663285760264e-01
8.263663921676865920e-01
9.991187878155753932e-01
7.012584281071461145e-01
3.629867659233855792e-01
8.241903574920409481e-01
2.233642863785002541e-01
2.568318391179926549e-03
4.070178779356284360e-02
1.388101515952453180e-01
1.349786665161408438e-04
1.961068892545271905e-03
7.719639820106229955e-01
7.695922013556524277e-01
6.858951338035085277e-01
4.064858423641991014e-01
4.669281007327174952e-04
7.536953632363253830e-02
1.019899910768447748e-03
7.641893895806062265e-01
2.287336526255105418e-01
4.226900188209023359e-04
1.699749080083344799e-01
4.203419433209837916e-04
9.995192989637790015e-01
6.267686310735784971e-01
5.011334686833610703e-04
3.627848831892612445e-03
5.268964041244430076e-04
6.748967948679718276e-01
8.506443994423698585e-02
4.352733852647165235e-04
4.912638718607050805e-04
5.376498536076432981e-04
6.094882048440718701e-04
7.685743552620987688e-04
6.971811876907278993e-01
1.980402828590983617e-04
6.770995208409691379e-01
8.626406707739999735e-01
1.954217361256174457e-01
4.438288386057971159e-04
8.480110073712827656e-01
5.526716381051631315e-04
6.334391358597443169e-04
7.961610543142541019e-01
8.021680240679966989e-01
1.058173344400607216e-04
8.460698004304686437e-01
1.820782580607830433e-03
7.699863291077722049e-01
7.745550769944573727e-04
8.518226596726947422e-04
7.982920081447527627e-01
2.356670445884415327e-04
2.543969616065762081e-04
9.562793658929574087e-04
9.893751763682493428e-01
2.401396436584148965e-04
2.047830203058743264e-04
9.978738618251359327e-01
6.815004059644420575e-01
7.793890884674742336e-01
1.268165368267829506e-04
4.454880555247921203e-02
2.122241023603504268e-04
7.561185914466501679e-01
8.066126828020465656e-01
3.279678344176846227e-01
8.097101735800588118e-01
8.603866875479549980e-01
8.211114723614036937e-01
8.425255068223779231e-01
1.105195036117011595e-04
1.296454395213931404e-04
8.746167907293829202e-01
7.351825981084798567e-01
8.202106032988726314e-01
1.662662637903466745e-01
9.965438038844918189e-01
3.099880383620575363e-04
7.224216601821799033e-01
7.603668763944102515e-01
8.230730455142543089e-01
7.865018550025513200e-01
2.837100607914265320e-04
9.990180509568394873e-01
2.364949449805418314e-04
7.761790538966111264e-01
9.943770085433633471e-05
1.532549715758353215e-04
5.446056208691352728e-04
8.171158265409602661e-01
2.885276986665902504e-04
9.771546350252529657e-05
3.808326682276819575e-04
1.026655534242035527e-04
5.292683656368696874e-04
9.951996406217348268e-01
1.465301161332092992e-04
1.420354650415379298e-04
3.366842113920087329e-04
7.472167356643589775e-01
9.995920130437575546e-01
3.428335239486585639e-04
7.891933311295854514e-01
2.833898607347140738e-04
7.864797064829160966e-01
3.034366538136058214e-04
6.936274543978947639e-05
8.282886221336598354e-01
7.735614209394791052e-01
9.992646558092440623e-01
7.637911356426529963e-01
7.868131417769623770e-01
8.213759636847391965e-01
7.956867255145906315e-01
7.591775572062952060e-01
7.926739491433648643e-01
7.840180632128325167e-01
1.012220717087184861e-03
7.491601865601918986e-01
1.237416834028004346e-04
8.635212693448086618e-01
7.620878039846437080e-01
8.215793384417569012e-01
5.814883802758749306e-04
4.967604924068044214e-01
9.963303279137178947e-01
2.388472967761421663e-04
7.894761774655411068e-01
7.675042348595463304e-01
2.514430006249563699e-04
8.524276971011657267e-01
8.082125803030278458e-04
9.160353652207616675e-04
7.693704856937737535e-01
7.840177524411108267e-01
4.707745723461478275e-04
8.284113609538986678e-01
3.628652797249472825e-04
7.951604922742286363e-02
8.016630542562744877e-01
9.993001665300420555e-01
7.745811855829870529e-01
5.100534051017254975e-04
3.265918059317287334e-04
9.992711087414147819e-01
7.770974286539447107e-01
8.329647854663895234e-01
9.879870405474922013e-01
8.495537729811539762e-01
7.975091885456696561e-01
4.257091343487950930e-01
1.014798991975666617e-04
7.678300557578388030e-01
8.259725651234522958e-01
8.500308911704971271e-01
7.863293664908164171e-01
7.671520544695301647e-01
1.359293100341688759e-04
7.975619230850713448e-01
7.688716134942970015e-01
8.202762803099352684e-01
9.978310052748761150e-01
8.501782427550269583e-01
1.102357627724800840e-04
7.756493804884982968e-01
8.995685723860828709e-04
7.784119680759468141e-01
7.873169306693210689e-01
3.231011840019268333e-01
8.251555445147378265e-01
1.375220682724596281e-04
8.204616052088955502e-01
3.016948101258156356e-04
6.413292121658921430e-02
9.988931657653862262e-01
4.377759010086278435e-01
7.497597016753078103e-01
8.131561833793975458e-01
4.624705123096153336e-01
1.794936180927883746e-04
8.624378043726014815e-04
3.115650241342394766e-01
8.853693735672860728e-05
6.659024422965439394e-01
8.025269169106451494e-01
1.027515650823608018e-01
4.105401691872803249e-04
6.301172158872172808e-05
7.221811262422369593e-01
7.549757487137900291e-01
6.123770130683109955e-05
7.884137906799691953e-01
7.926368408688529987e-01
8.023087046701242731e-01
6.444409567950131201e-01
1.393270733224857133e-04
4.485390373149564865e-04
1.361480043851998024e-04
1.205831639979297728e-04
8.152122580563666565e-01
7.550557309515714133e-01
8.446518158982271318e-01
9.056748585177110263e-05
2.880538843688922198e-04
1.422051054929185099e-01
7.493456745114912554e-01
3.286233999322426516e-04
7.954720802622161635e-01
7.091221352317884641e-01
5.314362389807902876e-01
8.043799242616623824e-01
9.986950418369853200e-01
2.248173035111129293e-04
5.121391006031217330e-01
1.024666244048190190e-04
2.503753574545798388e-01
3.819383599835462963e-04
6.723175660869346038e-01
9.357653524944578539e-05
1.007750463801860788e-04
8.475202771649310574e-01
9.921874145591679239e-01
8.456998041302296566e-05
1.358583906900072955e-04
7.980832159335126130e-01
7.573872396741818669e-01
7.578634090242745147e-01
8.137365197485062485e-01
7.925511641230152948e-01
8.180395419028904103e-01
8.455840988971096150e-01
3.085769026107752604e-04
7.587446769794851109e-01
6.518496386568678469e-01
6.387332079557425102e-01
1.299589239014580834e-04
1.851254244129944273e-04
5.835046670848185180e-01
8.294317586366380946e-01
6.225043537962705598e-01
9.978032178402445052e-01
8.488200019827127907e-01
8.465494544655820519e-01
8.396334722917019322e-01
2.883737237517297429e-04
7.893727939627962487e-01
8.396476451862135981e-01
7.903963123973649640e-01
6.699298947780085722e-01
4.347023232251205453e-03
9.989655815863376365e-01
6.576785318509035250e-01
5.632542737045288517e-01
2.909054620596892779e-04
8.423223162095119744e-04
6.083054690754084639e-04
6.986236520596557087e-01
1.228898388791578654e-04
5.537215567854166798e-01
7.668329006701215525e-04
8.637457326495963095e-01
8.436083569929316850e-01
8.217636794060650951e-01
9.230626018490102917e-05
1.145612955057144787e-04
5.553241960678171329e-01
8.256561022427147956e-01
1.607430696168559436e-01
9.281377781265527649e-02
7.755009823542321490e-01
9.994685370630380650e-01
9.995221163064745840e-01
1.046272625005841570e-03
9.506546957691548510e-04
9.227523911412871017e-04
9.595447286483201749e-05
8.757542442578806769e-05
4.528011599300313123e-04
5.776486723581735275e-04
2.708889368671087063e-03
2.297472975463610550e-03
1.506849557040648192e-03
2.815130107906965154e-04
2.607301372127259148e-04
6.739159646246807300e-01
3.549706008799058399e-01
2.225515673620913071e-01
1.595621894145302644e-01
7.964338306606552065e-01
4.842026416392639261e-03
8.503263539235380586e-01
9.993216281818372293e-01
7.317998075680669885e-05
7.898522783048974594e-01
7.737282379431704715e-01
7.643691495658458956e-01
7.388990013221068409e-01
7.262052860621662775e-01
6.930346540512590803e-01
6.553260050140373716e-01
5.005862108998302418e-01
3.997897790136474283e-01
2.816632226971526598e-01
9.383370131657850499e-02
1.639012610378106152e-03
2.039926237860804556e-02
4.689616907363012709e-04
4.781403804732086023e-04
4.957169426974849559e-04
5.105893335779896529e-04
5.506490746487637932e-04
6.110899059804928736e-04
9.902009428417570328e-04
1.593872376152037336e-03
2.829419316177573824e-03
1.946640845262300823e-03
1.352086077649550157e-03
7.893801337769628113e-01
8.211078978555435004e-01
5.512240928421986430e-01
1.201391875915774676e-04
9.874217287154618550e-01
7.532326874197234901e-01
6.909859704083840459e-04
7.084398249560415195e-01
4.876620663826452921e-03
2.180192427744839789e-01
7.858501984975954091e-01
6.355221860053694716e-01
6.161446229304206046e-01
5.456705685696864316e-01
4.436726795238558618e-01
3.334648026994093128e-01
9.810592598940744147e-04
8.873894249217198103e-04
4.614448051582851324e-04
5.286446146000665751e-04
6.529580049070434454e-04
7.061650452874402737e-04
8.172799868069986024e-04
1.279907897008150967e-03
2.358426778149901124e-03
7.220236643662722997e-01
5.407601840343250199e-01
9.987406201795331340e-01
3.583510254896603991e-02
7.854043645697197373e-01
7.368546451125719803e-04
1.092863003899964975e-04
8.257564449594151368e-01
7.850894353268287329e-01
1.709564889030112389e-01
7.166882634257114582e-01
9.994775059411098450e-01
2.416415470637194463e-03
8.709558146892694679e-04
5.572442263086120340e-01
9.995550935121516600e-01
7.898085852657528161e-01
8.239878532027483660e-01
6.844294888598234650e-01
8.233587810894795744e-01
5.852819348341218308e-01
1.743569118243019044e-03
1.215265491158112193e-02
2.169737703714855409e-04
7.830129775553195115e-01
7.601467103182888430e-01
9.995150257382148240e-01
3.755626284653528044e-04
5.183944086986844169e-03
9.992667898354091749e-01
7.170683137478419678e-01
9.992191946786685985e-01
8.453668089880078673e-01
6.317211841042218493e-05
9.736715237305447273e-05
3.344523790874751176e-04
1.184799507789451867e-01
7.734458801737873479e-01
7.776512520640557202e-01
8.100326446444993111e-01
8.270442100046410117e-01
1.210997512385558874e-04
8.116149590466804214e-05
7.553435781652598170e-04
8.504977451378483710e-01
6.972201084897027279e-01
9.995217379391615475e-01
9.913153249576414083e-01
8.602502740077158094e-01
1.611856133054428313e-04
9.272910303240025143e-05
9.374941613697645353e-05
8.156504282237653572e-03
8.874499888105068512e-01
1.050787105272045090e-04
8.368831272979841973e-01
9.225660211657550971e-03
7.460705690730187190e-01
7.859952145521268418e-01
1.421837055598710166e-04
8.244942242857806747e-01
1.326763108963649961e-04
7.739520512668567331e-01
1.062880659099389475e-04
6.760929399236188519e-01
9.989573419329333959e-01
8.376138364978004125e-01
2.989531438202278307e-04
1.020154322173635214e-04
8.054342025043136344e-01
7.945592438165881566e-01
5.094792301067234625e-04
9.223542244991702428e-04
8.446001039959123973e-04
2.941415560029426762e-04
8.361271673213235278e-01
6.490057121935227137e-04
7.779560452507758850e-01
7.989526478726810543e-01
1.351036751454103599e-04
7.758964572944444527e-01
1.236982736868148663e-01
1.664441186235234330e-04
2.084410745522359207e-03
1.115018192474863112e-01
2.099137151884166441e-01
4.840623488571679789e-02
7.212701473418305920e-01
1.474821426252448614e-04
2.378988554097196252e-04
3.181064502339752686e-01
8.443431865435383488e-01
9.972591521364022604e-01
9.995222765826495825e-01
6.540776359583819755e-01
1.185078335840714477e-04
8.005591235196883870e-01
1.055876058369157895e-03
2.432252394475937496e-01
1.239766908558434869e-04
8.394767623832591896e-01
7.982177947338683053e-05
6.769379103394256303e-01
9.906395852200234886e-01
1.295439462921352536e-01
9.990234786539667899e-01
7.857500929622985852e-01
9.993034230417583430e-01
4.313904638187645657e-04
7.819878149885828300e-01
6.677393909454599763e-01
9.228324087383156580e-05
2.816112478649528961e-01
6.569597998195786381e-01
2.939527285831225922e-04
7.777968038550441277e-01
9.995386092192383165e-01
8.293815105206746585e-01
1.146437594937730822e-04
8.515295563519952315e-01
9.987755555757097392e-01
7.358022428889018918e-02
7.905546164637750062e-01
8.018218970185291283e-01
8.066781636975326464e-01
5.120160283752985819e-01
2.719322619407372674e-02
8.838444075702245892e-05
5.424467271535970969e-02
7.855864278538162715e-01
9.924943074871301896e-01
8.236311531016785592e-01
2.328371973804178982e-04
7.731054031322625491e-04
8.600501666237915233e-01
2.916527494787635177e-01
8.245661223140707818e-01
1.509740355234712444e-04
9.583956642341533438e-01
9.896671335452756901e-01
7.241203140952343631e-01
8.084378187474092758e-01
7.840625879127716136e-01
9.990236966478428515e-01
6.792881465829609441e-05
9.896633421177527534e-01
9.984716893228443579e-01
8.191277625608786028e-01
9.993925219681017991e-01
1.632650161588003208e-04
9.738479529981839365e-05
9.810678049313349414e-01
5.954275482299598021e-01
6.501767748678188928e-05
5.352890447487468339e-01
1.531081656404979254e-04
1.164796430976728758e-03
8.359041981264826449e-01
5.900921715926251698e-01
6.584403358552310412e-05
9.995866576320328045e-01
7.774789063120626231e-01
5.687425931546666868e-01
8.393564165071087935e-01
5.061506554488990652e-04
5.471356964649661285e-04
7.838747436952483438e-01
7.974526886933162029e-01
5.458046114774058877e-01
8.489676300106661078e-01
1.030950265816319017e-01
1.002339721551669853e-03
9.993254585624684605e-01
7.580718498400443872e-01
1.045198184448627518e-04
8.106378293954422665e-01
9.963503770886028565e-01
5.492972181923871933e-01
7.861651341512725377e-01
6.651991130785155359e-01
9.996154044974182584e-01
9.995201714656051228e-01
7.265544721169599164e-04
8.207008950677056047e-01
5.462694794735688530e-01
8.470196736965996624e-04
6.642919921224641477e-01
4.787217788577582218e-04
3.970515938194249528e-01
9.989304284946218804e-01
6.146860846217801211e-02
6.817388449307604237e-01
9.995213383021663844e-01
6.953175997974245792e-01
7.655033084155689060e-01
6.427598040141629943e-01
6.254428091310491877e-02
9.385008248333858273e-04
5.485430854487491903e-01
5.477254182600123089e-01
2.640801737129598484e-04
8.196434367609068961e-01
9.076090396626362161e-04
1.468901012118789637e-04
2.242202593186786164e-01
1.847224475567675638e-04
8.170802939619776772e-01
8.268738209156686336e-01
6.880027054396664621e-01
7.173530063778554844e-01
7.698201841822968072e-01
6.955987220474715294e-01
8.047675671209368886e-01
5.236198270100214103e-01
8.434427907616510733e-01
6.555104864885639689e-05
7.192708760868795625e-01
4.641713471933046355e-04
8.251561540116588711e-01
4.429365806971409828e-04
1.016747237846744634e-04
8.094865333028682386e-01
1.093910256352779720e-01
7.392859455535080032e-04
8.005656772044424940e-01
5.695176877605857557e-01
4.609619160836414542e-02
7.305398458270929291e-04
7.456942500204256641e-01
8.406503317462862279e-01
4.972670780660576545e-04
8.145941975046777639e-01
7.598563361251904347e-01
8.406986289657317757e-01
5.777111575401185917e-01
1.421701639113680964e-04
1.166696895543068330e-04
9.876083710084108125e-01
5.282742185726296315e-04
8.024580145659603314e-01
9.995498024202871257e-01
3.848235033254917030e-04
7.458903475803173588e-01
6.862017852494098737e-04
7.917751576370203326e-01
9.984009999551306525e-01
7.769313540805519169e-01
7.532814990488624352e-01
4.983990332008327723e-04
1.940627812379097314e-04
6.453220651015882936e-01
7.826773356891169042e-01
2.618673371134564451e-04
7.491388681262999283e-01
9.649588980144518892e-04
3.098326633020384146e-04
1.635292605614267064e-02
1.175343636514163966e-04
7.847307148747296734e-01
5.554288088532361887e-04
7.849241087068650202e-01
7.616011706754256538e-01
7.857341742848305000e-01
7.859068513987031990e-01
9.380804977410052148e-01
7.125679740535906573e-05
3.105758835337619410e-04
1.522007902568490404e-04
9.886268246446374697e-01
7.944334933629271234e-01
9.068875700207574830e-01
8.630269825558817276e-01
9.907588391278191464e-01
1.158116126528819644e-04
4.776876301835211724e-02
8.313276349277951560e-01
5.621338009197400683e-04
7.100353596827220226e-01
5.659223263139641080e-01
5.404529180644666473e-04
6.202754077442240114e-04
3.564637382986037906e-04
5.729134667932451741e-01
4.849645163485955543e-04
1.644229687987797302e-04
9.835478677823418416e-05
1.000164181157139854e-03
2.509149363859440873e-01
1.091912579737040902e-04
9.710756077041652918e-05
4.847031498668486513e-04
6.701861715156953725e-01
6.814041020254336034e-04
5.134119479678373333e-04
8.523241640551204590e-01
7.184065196343469850e-01
4.843042003181687537e-04
8.408943063668331552e-01
8.181278558034982273e-01
8.594381727956722505e-01
1.397658568418661234e-04
9.063559504739651228e-04
9.987994589062284545e-01
5.479271534992276038e-01
8.621957603788573676e-01
8.554881120424691126e-04
9.876928821407710501e-05
5.037526126890062980e-04
5.189593001497537772e-01
7.956836021121717062e-01
5.737600827973862250e-04
5.278619741484166837e-04
5.871928316476487247e-02
8.396122468370424974e-01
8.485542848212239697e-01
8.329345563045029710e-01
7.611190292835898763e-01
8.193948202983774021e-01
7.864418272208558713e-01
4.621283759656550564e-04
8.036716496007764166e-01
1.076525627665361089e-04
6.901198680923206806e-04
1.006117219232023109e-03
2.254285990719702372e-04
7.525649754891616805e-01
5.994475150851241659e-05
8.215369944397303559e-02
1.945413754612957953e-04
1.673139135078678089e-04
8.152948321684628185e-05
4.717131441589909602e-01
9.942803209603273684e-01
2.084723390163609560e-04
9.992732058460292999e-01
7.831029666153210833e-01
7.568125439200478199e-01
1.469137835791606847e-04
1.264965470115428359e-04
2.130663509414109855e-02
7.898387676129239310e-01
5.839202244697571466e-05
9.996152506693450901e-01
9.817668147163559486e-05
3.246673786331349398e-01
2.680073951814359256e-04
8.406317430090194387e-01
5.661998404023185685e-04
9.402195793036695060e-01
7.531510862071503587e-05
1.038320233259253295e-04
1.269782262415498908e-01
5.485898990926980634e-01
7.819592314422029178e-01
8.184735391318654907e-01
6.103933567594577170e-01
2.289880734231980876e-04
1.042062480957672193e-03
8.659499798645628335e-05
9.032817163359087764e-05
8.520361016761832662e-01
4.227420798609916115e-04
5.679492956956899707e-01
2.740552863752229729e-01
9.986539415324596769e-01
8.152648569360405606e-01
9.945607912299524456e-01
6.966634413618854049e-01
8.192164510798810584e-01
7.998971654732518477e-01
6.655491864289128645e-02
4.239568520418158094e-04
7.855606209781047511e-01
1.031228377867029604e-04
7.648011405059551571e-01
9.903489190748790971e-01
9.683102096546043367e-04
7.244103698185822005e-01
6.767602827711214513e-05
9.664588814506121228e-02
8.233464435967454698e-01
1.533189930463862635e-02
7.686801204916459129e-01
9.965513094839014707e-01
4.022332518304612137e-01
4.007174773515576605e-01
7.734363623469785454e-01
8.038988830072338887e-01
9.981433958226205716e-01
1.211253243910941763e-04
8.518121512162251108e-01
7.740302202659277153e-01
7.682435412555158605e-01
9.986549221291939338e-01
5.128668477768854039e-01
7.535066648624764163e-01
8.205668221703330545e-01
8.190593362062604799e-01
7.931265352795787704e-01
4.183067621753107368e-02
1.286379867859440763e-04
7.969274372632626502e-01
6.171639465582994255e-01
2.249995512536756385e-03
7.925207956857820424e-01
8.076181258890482439e-01
7.539323001160845861e-01
1.327347743436141792e-04
6.227130739859754183e-01
6.981017343156540322e-01
7.870918012126362218e-01
7.866981954482306083e-01
1.930440761684193707e-01
3.547632744726647025e-01
9.996610202688418489e-01
7.943367288698556239e-01
8.816966477106593647e-01
7.200562031473429769e-01
1.512588233280415806e-01
7.705472958331415212e-01
8.067134342652076961e-01
9.991053497915430848e-01
6.011126007626738099e-01
6.908143752209628952e-01
6.549019261595837582e-01
8.271812332443853055e-01
4.299367470142713074e-04
2.352349605721369419e-01
1.040679662565637638e-03
9.791922957546124184e-01
9.287924398620605194e-04
7.340081634254568277e-01
4.169664895148169625e-01
9.641648392243256868e-05
2.486295862083576225e-01
9.267339174604016013e-04
9.994691000938148440e-01
9.995688887559250890e-01
9.994811867261744753e-01
2.264624158032305253e-04
3.300090861101486112e-04
7.628591544513817491e-01
9.989643043979383741e-01
7.893459771068739306e-01
4.113709953352640654e-04
2.888662894032951469e-04
7.996480127204225186e-01
9.937968703437827234e-01
9.994714721163863169e-01
7.499886892574663122e-01
7.740476177609739239e-04
7.968363909452405025e-01
7.858158182275843950e-01
7.833324624901885896e-04
2.064896906336963309e-04
7.731139244912471620e-01
5.475071524426285974e-01
5.702192483239474363e-01
1.688098659697422066e-01
8.214121439312001005e-01
1.825920270825901880e-04
8.004714038853097957e-01
8.967473898825654155e-01
5.209238966380890234e-01
7.989382199300981702e-01
4.240602327228604751e-01
9.892994483308203968e-01
3.617004975922344934e-01
8.799324531821410833e-01
7.587106875176639800e-05
7.981570202216696774e-01
7.646171129977870073e-01
4.760550266016824739e-01
1.031289166367700471e-04
8.255873853620167013e-01
9.981372054126080862e-01
2.326628526144917475e-04
7.821436575927004364e-01
6.431238635620795943e-04
9.966083189461679703e-01
8.023859335665493031e-01
9.995180335019410167e-01
8.198732493266895904e-01
8.372164165505170397e-01
7.684578612726281621e-01
6.814550067622994201e-01
7.250790354888241307e-01
9.995812440904732199e-01
6.425398682307136109e-05
9.414390351148813497e-04
5.510579257704762085e-04
8.844531505303376492e-04
9.995007457215653313e-01
1.168650793266281656e-04
1.914221739540506936e-02
7.803058812019608714e-01
9.062334703555208031e-04
4.649541630741567790e-04
6.980174241163782697e-05
1.071946221919667791e-01
7.328656413812482126e-04
9.341276089005514901e-04
8.333182740417685030e-01
7.865169001873484333e-01
7.687719644806416674e-01
3.558680755416594233e-04
4.284249517644762623e-04
7.381065072603496535e-01
2.488930898637401780e-04
4.239566016618636635e-01
8.087530904119167863e-01
7.357938584565194601e-05
1.341026581445233512e-01
6.645202670930300259e-05
3.303491450158287379e-01
1.381587815708486635e-04
1.247946111712731204e-01
1.451295288353351143e-01
6.978767472477469670e-05
7.684567332971381504e-01
8.394146382689797736e-01
8.638346534918891484e-01
9.931849439376382316e-01
8.224679223323870803e-01
2.393039804268939767e-04
1.351344881631753533e-04
7.680359476415388187e-01
7.978157807610495311e-01
4.797376841105545462e-04
8.239306514937192460e-01
9.377568982648326178e-04
1.383825289509383683e-03
3.777544810042166579e-01
7.401919954119120515e-01
7.859967206557919583e-01
1.051127211873994241e-04
8.178661944968441677e-01
7.793858688435212345e-01
1.534885658299539005e-04
7.744271088374358181e-01
6.186359322734620711e-05
7.465120515744844143e-01
5.678786116420113661e-01
7.639291129419392146e-01
7.977081562634560363e-01
8.646557817206357679e-05
9.996074195509889737e-01
9.554914654610385447e-05
1.759498096962232153e-04
6.292870969948507476e-01
7.574173581202663375e-01
5.559200054119660672e-01
9.992230831229512722e-01
7.704073684547173562e-01
4.247767790195568975e-04
7.709685738378291298e-01
5.358078516920293799e-01
9.699360595060006502e-05
3.242007817872204298e-04
6.842693604583410805e-01
1.338815120542791875e-04
2.776835314517545430e-04
8.617827486878611998e-01
5.941432915995989255e-05
1.875609366559248320e-04
1.023531454468040562e-04
4.970118969636267477e-04
5.230482740482521060e-04
5.644443272520681008e-04
7.406145307146806515e-04
9.909393577268515389e-04
6.396109033954369139e-01
8.200605175152817505e-01
7.391383651322831483e-01
1.575980201303407041e-04
8.426743415942559157e-01
5.003252161486831853e-04
9.989280208181896548e-01
6.454272491717386595e-01
5.146893361164289922e-04
5.488422479672049326e-01
9.994034457967797547e-01
4.178352236229658234e-01
5.829421189873116305e-01
7.849598006805739159e-01
2.979994427196371726e-04
1.162036051316770249e-04
9.833719475382629582e-01
8.018574463739454039e-01
4.708907420497486229e-01
7.066620677120048039e-05
7.354288691758735785e-01
8.295265275233866253e-01
9.849141603998593387e-04
9.446931777096432281e-01
5.118592491236151083e-04
5.118073711018315299e-04
6.196722977829960009e-04
1.053665908821433978e-03
1.046367496997466055e-03
9.994717482686864551e-01
7.843774906566195471e-01
1.038683925402123518e-03
1.009486608058561568e-04
6.598606993464459485e-04
5.086919022962864689e-01
8.646368221092574080e-01
8.366134025482092618e-01
7.134045572568403770e-01
8.087384793240443015e-01
4.870573103115376501e-01
7.021651752334591157e-01
4.204675315362493837e-02
5.160245227500625479e-04
5.785471664367545716e-04
6.741560811294479687e-04
8.991983307113645763e-04
9.805707730873912484e-04
6.257299471107758970e-01
7.529938923614842849e-01
5.334645694928917417e-04
5.955536269583507633e-04
7.473755545356765935e-04
9.532657864615317646e-04
4.215616462882951221e-01
8.228152763588396645e-01
7.620599789169966165e-01
7.922494102585009301e-01
7.528558234838927943e-01
1.953839092439290936e-01
3.777231610641901272e-01
7.295550384073543407e-04
6.371865057203573903e-04
4.660842925509517984e-04
6.672011966244087988e-01
9.717768365595708113e-02
7.374819130830883029e-01
7.573704293197424109e-01
7.141845391169306275e-05
6.458665834300890028e-04
6.574100372785230961e-01
7.499860403350609994e-01
6.648508635403138634e-01
5.392470221955304038e-02
7.796182017288639798e-01
7.966890017329236739e-01
2.534066671236702706e-01
1.260918328305583869e-01
7.898751454823691454e-01
2.401828614501590620e-03
7.337671443004736282e-01
1.926369929538588321e-01
5.764632447235405180e-04
1.143742343904441058e-04
3.424593530689745377e-04
6.592495704334859763e-01
6.547685236681354557e-05
8.546079300671344248e-01
5.525491963562450095e-04
8.074085441008950004e-04
5.424891714918141875e-04
9.384654796773940315e-04
1.063212239016869459e-03
7.538347531669147283e-01
5.685094752117729553e-05
9.994969893411569384e-01
3.954176470068170857e-01
7.732929712873866102e-01
3.102354393060587859e-03
2.152357215319952656e-04
6.520125471895433789e-01
7.143533867141520499e-01
7.758328902892002166e-01
8.405796717518699834e-01
3.469960216507430705e-04
9.978683725516707126e-01
1.846618352979298905e-04
7.908263327853827240e-01
1.502863546230989722e-01
8.415551626978700073e-01
3.378989959516048858e-01
9.978317585924313393e-01
5.283707586731625216e-01
7.988484382676788176e-01
6.992835085819214536e-01
7.823288895639294305e-01
8.623912698229444819e-04
8.386188136403169846e-01
2.524811338732908545e-04
9.984992292777998824e-01
7.142984926403659340e-01
8.206710827408068010e-01
1.878192755077955176e-04
2.316261839626383191e-03
9.982845228091310474e-01
7.893858172177539156e-01
6.690969467795487846e-01
7.382970940005289954e-04
6.761739050898293835e-05
5.430900271410543569e-04
5.815668380220959666e-01
2.383615748524736233e-04
5.283507688180383299e-01
6.484882727418060980e-05
7.405724206130662735e-01
7.772564948165990861e-01
2.337910307836201039e-04
3.357447275209068699e-04
8.882629923101109670e-05
6.830523157194102746e-01
6.663050380798857253e-01
7.312324212990771732e-01
1.143859493784732124e-04
8.227502707648916003e-01
5.971525999221310202e-05
4.922465258675686739e-01
2.156173505964527814e-04
4.733253888993532309e-04
1.678018510193454900e-04
5.537623307426494668e-01
1.120983285389262896e-01
7.091417313338829187e-01
8.014202448731709838e-01
7.423390250213567354e-01
3.994972859912878488e-04
1.991953054021193580e-04
2.373590691080465444e-04
8.495580572520595730e-01
3.983386040305749408e-04
2.311735515404707828e-04
5.614957737700486347e-05
6.828627513346228195e-01
7.771609641512181588e-01
2.148371253560829662e-04
4.875203104378910135e-01
7.675712055030353698e-01
7.760717684567940422e-01
4.401336210423604373e-04
4.860519175148523829e-01
6.780169048246317276e-01
1.488224481425317160e-04
8.698889278530217133e-04
3.913478649518148215e-04
7.861492332306244668e-01
1.083389044468389545e-01
8.279352235504997548e-01
3.030418847919880143e-01
7.132386996286528280e-01
8.163089863143299511e-05
7.554155577497426721e-01
2.471482736353365073e-01
9.979641047087640660e-01
8.133825561239408364e-01
7.934701977060700795e-01
9.421900060978520173e-04
7.238553268829811332e-05
7.726397266375107818e-05
5.460146017127840423e-01
8.612570053461272579e-01
9.926276714129267376e-01
1.166454184041202481e-04
8.314928009157296525e-04
8.225476442443339087e-01
7.712539613775478697e-01
8.631284659632264544e-01
7.647478517918930851e-01
7.895945652000817550e-01
6.443282557968338375e-01
6.254876531015385452e-04
6.503685394639315831e-01
5.987911890451566924e-05
1.016920970916341047e-04
6.760272240603289358e-04
7.687902976942214694e-01
8.484952409143041718e-01
8.416100012276858111e-01
9.918487960302714290e-01
9.988736895602120525e-01
9.994102755102315383e-01
1.402830286834595231e-03
7.858820018760356296e-01
7.551014889030609467e-01
4.094173263372560736e-04
1.779105436993205502e-01
8.278763653043040849e-01
7.344923809604256837e-01
6.726636952224497312e-01
4.683078544072828806e-04
4.995280546014719825e-01
8.847164948685757313e-01
7.501786246221852084e-01
7.908971954111726488e-01
8.017615695693725009e-01
5.904831668424789104e-05
9.992552154091092209e-01
8.267455225910853578e-01
8.513783402854554483e-01
2.494220714480991363e-01
1.279206515650763967e-04
8.980451198742198660e-01
5.027959740539890508e-04
5.927299413377347115e-01
6.021146754183071415e-05
9.979858772265204347e-01
7.704509602378064592e-01
8.021319869595992065e-04
8.436082225991256870e-04
9.137485277235560775e-04
1.024507283343618338e-03
2.305543786383318177e-04
9.713106147166635537e-05
8.206624019868736797e-01
7.940559158876635548e-01
2.266739229695163426e-04
2.094945553081958012e-01
7.249265606586997590e-01
8.489076403355931832e-01
1.199750170476979590e-04
9.718457948890340875e-04
7.920832598104615685e-05
5.901912231111945406e-01
7.869071049273677065e-01
3.312403869939069246e-04
8.377489469666312694e-01
3.213961044346043535e-04
4.878352999990454575e-01
4.650109642105523518e-04
5.634441962863636494e-04
4.552558002200829401e-02
1.279809611977136580e-04
6.905841195539134114e-01
1.676037788209529884e-04
5.882036982900904105e-03
7.834451962356143717e-01
5.234040876873768825e-04
6.308174587495423563e-04
7.976274994500265336e-01
8.854070483301804356e-05
7.245149992761789975e-05
7.682974398788434689e-01
7.681994517190152694e-01
9.995539409943895448e-01
2.352047847123312808e-04
6.298871823301162021e-01
6.745719543455096310e-05
4.505314533671441195e-04
6.779141887774130281e-04
4.156974667665281806e-04
7.970769121899863585e-02
9.989027115910399379e-01
2.402907543000954924e-02
1.251850079333715314e-04
7.912395482175281769e-01
6.424706231588058758e-01
7.673331679659513016e-01
8.013674501086942266e-05
6.863575095671346239e-05
2.494009064652231316e-04
7.993858688934685208e-01
7.559520554149318228e-01
5.946213739396313258e-01
4.498320207052560749e-01
5.808794593771756665e-01
7.206946848461329713e-01
8.196849540653269525e-04
5.124316472487828733e-01
5.191758742837676447e-04
1.069653181873741164e-03
2.114976769101455014e-03
4.186714535038289081e-04
4.935457187497909182e-01
4.907902532674390250e-01
8.249010339286966254e-01
5.819656587538075687e-01
7.691274337828370999e-01
7.233950464310535229e-05
8.560807302687216680e-01
3.751577524071762759e-02
5.877195097873682455e-04
7.978668591211742767e-01
1.079009562164602544e-04
1.420589243374897805e-03
8.620980620771410141e-01
9.470267901393793360e-05
9.614314453187056348e-04
8.435443529405239893e-01
3.776356004680352374e-01
4.614486968248443510e-01
5.934552138764460699e-04
2.845668653537476722e-03
6.621781766082462939e-01
1.014189037467726732e-04
3.244170687321550257e-04
1.051658624516598666e-04
7.022166153993081728e-05
7.423187798648610558e-01
7.685536410261779583e-01
7.895924309127899665e-02
8.454509540302300730e-01
6.794210609850812824e-04
8.501216034870225924e-01
7.776540013175543553e-01
2.897526296303841258e-04
7.095133217590868790e-01
7.903646236457255725e-01
5.977904952027113505e-05
2.930979565472243797e-04
2.243034598436797328e-04
5.799519567126523167e-01
9.955422999179031063e-01
7.865006056892314135e-01
7.776948672914895111e-01
4.854662900494498556e-01
4.589536364487978304e-01
4.539181592675320953e-01
9.262092989644183927e-01
7.980480728443325490e-05
6.419953410957488903e-04
4.777109162401907416e-01
9.711133909506949324e-01
6.753588717695558025e-05
9.988072623510555470e-01
8.733970728580822381e-04
6.343421944710435634e-01
1.537771385755325475e-04
6.959013899067570952e-01
5.390973292257164508e-04
7.750347107222927247e-04
8.307899514229026838e-01
7.132342736749494039e-01
1.192422717016505389e-04
5.514040155206185144e-03
8.217495907698905359e-05
3.124758593277276206e-04
4.711916831862249136e-04
6.025539887311349707e-01
3.944328659587822417e-01
5.412209550635257438e-01
1.196922459536137363e-04
6.889670700951664450e-01
9.938457049773326002e-01
9.984482957168897554e-01
7.351860776346792470e-01
1.614834070933311304e-04
5.895200156322423224e-01
6.586476984042662908e-01
7.992376251331815284e-01
5.482871271717510526e-04
4.009546578251724780e-01
8.406233837906769146e-01
2.918498607088872501e-04
1.038375458926095729e-01
8.161780521717283410e-01
2.129816763230287513e-01
9.989951376979964159e-01
8.183895896660110525e-01
4.870555464180392757e-02
5.601792517832145102e-02
1.462282406923777142e-04
7.062633580451792570e-01
6.072175792804714207e-04
1.664975204067734894e-04
7.273522734006219233e-04
9.994742670647404070e-01
7.220513396829878472e-01
6.460715567876969365e-05
7.987761640299023691e-01
7.314200609208387771e-02
6.917961228396017903e-01
7.747208687703931451e-01
1.771489166694453221e-01
8.592776035424303405e-05
7.302556843429084399e-01
7.195477394463479781e-01
7.501042386370789794e-01
7.889018012745465658e-01
7.722118745731579859e-01
5.964005820907939369e-05
6.535682627607489747e-01
7.388736239544106965e-01
7.724493105668790438e-01
2.520500433739316444e-04
7.869781820877072009e-01
7.584486908339991285e-01
2.643125049055713451e-04
9.980358082607156955e-01
3.811958087131681050e-02
4.388638260044404049e-01
9.357690883699444509e-05
2.390717621309398889e-04
7.688739128307721105e-01
9.945326086350037009e-01
6.582786143969704407e-01
1.072998331201397744e-04
9.215829816889570942e-05
7.770309290472184882e-01
8.097194152351435692e-01
9.446532376661381770e-05
7.573921422383873558e-01
8.984312832537213467e-01
8.164278497323996797e-01
5.799961627749852244e-01
6.839388176704337408e-01
9.936138632489835976e-01
6.552411496786562256e-05
5.592564573175914022e-04
8.248897965822622469e-01
1.026455015771107141e-04
4.665192374757147209e-01
5.865528775574768705e-01
8.212418641208245607e-01
4.602756523997876270e-01
7.456088345941498143e-03
9.677234058167195618e-01
8.497404279605434985e-01
6.512197187071310234e-01
8.887201904485934056e-01
2.248340546268919136e-04
9.118060325764648861e-04
8.387099042896368761e-01
9.985802164505238609e-01
2.010296527214042183e-04
6.791000641013307249e-01
6.149214097533120809e-05
8.139849637895451018e-01
7.093135230209640651e-01
7.744951156839455786e-01
9.851628188521105445e-01
7.825628214793751702e-01
8.108535387747128561e-05
8.019097119977499633e-01
5.639761112048186087e-01
8.244453677848709860e-01
8.016361769842527130e-01
9.705866398881112245e-01
8.979013563354184546e-01
5.647108592025218394e-05
7.332515328929453124e-01
9.995765390693517327e-01
1.962411455934023180e-04
8.739072406008778103e-05
2.788486736135191157e-01
7.130534036191318314e-01
7.657329277948096147e-01
8.264629461698336232e-01
9.995460436470916929e-05
8.022462709230183675e-01
5.176826010466923922e-01
7.361143929223926685e-01
1.640164945033333380e-04
3.903835799516367500e-01
3.929798827812312594e-04
5.624036446870064589e-05
8.914041536923980472e-04
2.328107131902159288e-01
2.289714209208630114e-04
6.649969921020274573e-05
7.893005140095142548e-05
1.123083680610367904e-04
2.711959509512339443e-04
3.071309299665243575e-01
7.539446498165940369e-01
7.830977640530576434e-01
9.196368836402923908e-01
7.729820342473185946e-01
7.321431467397391257e-01
7.001589886729733259e-01
9.995338693667453756e-01
7.834282304018199694e-01
9.917775082670932107e-01
6.686775246798807304e-01
9.993664878878808500e-01
1.055083478287429337e-04
6.738594382905553903e-01
9.693149596558636727e-01
8.164538521180815245e-01
7.865547477143655097e-01
7.868671024913783674e-01
4.850516415777557269e-04
1.670871365618211701e-01
5.113082141129348356e-03
8.013435587265939075e-01
5.414067802454343697e-04
3.518901815145733525e-01
9.996117204295437153e-01
8.173724138891732549e-01
1.088705123392001706e-01
7.831375382562500986e-01
9.296857275623121586e-01
2.823886629158403050e-01
5.329548122332320448e-01
5.959639973413850692e-04
4.791832968062075373e-04
7.770748559190395754e-01
1.095212063891419935e-04
7.992845273496490544e-01
6.206991717042802982e-05
4.115984661442377290e-01
9.104477759749427955e-05
7.401750798317198281e-04
9.589354251608524400e-04
6.391459435150965707e-01
9.623255242562260363e-05
5.062387717927462338e-01
2.836031793358509672e-04
9.465848436742682059e-01
7.929255130381913652e-01
5.921090233882716987e-05
9.947649974698566933e-01
6.566648916755086773e-01
7.136449065646511825e-01
2.199435017728169905e-01
7.494058278826669639e-01
5.326970706141769263e-01
9.533528698586251071e-01
1.009938006562319474e-04
6.391951192665972226e-01
6.951042583692617072e-01
7.861928741707675528e-01
7.018013679039261099e-01
9.114990221259194891e-01
8.601926822076828572e-01
7.636520401360832322e-01
9.996528193634046655e-01
5.440830654893340501e-01
8.628057859459601353e-01
5.607430178782687458e-01
7.913298822953883649e-01
8.239217504969352790e-01
1.097440028270333795e-01
7.740212538196192815e-01
6.698202670791930657e-01
1.220741462849558867e-01
9.693409947032662899e-01
2.045870074574095523e-04
6.270108722784969394e-05
8.477274940418657589e-01
1.440148909419693775e-04
5.423166333760977009e-01
6.810347101129450298e-01
7.840103786527924390e-01
5.146750593069206224e-04
1.185050388280237815e-04
7.745705280745169841e-01
3.014684418394793508e-01
1.073664534829984769e-03
9.995529485873120290e-01
8.608934343354682772e-01
4.317382842924037244e-04
3.440782788213350468e-04
9.990658427077895309e-01
8.033080732936377366e-01
5.238327663379474270e-04
8.496387194532926124e-01
9.991921769624882987e-01
5.712664874142289184e-01
7.645950173557558571e-01
1.031874580219918614e-04
9.119254204330850286e-05
5.897807222382882575e-01
2.147158674977534074e-04
8.242560721044542849e-01
9.983236809512440191e-01
6.552263077591980540e-05
8.225645846880547118e-01
4.225452845964403547e-04
8.622107529900998601e-01
7.850833418861489221e-01
5.055661551297062628e-01
4.981910898645146024e-01
9.479038697692169027e-05
7.872513423329998705e-01
5.579508739082948976e-01
4.032718705208324702e-04
3.163099772441048895e-04
2.156174873181047392e-04
3.431228735088537873e-01
3.017090576924303519e-03
8.235473270035333915e-01
9.871188540306103276e-05
7.769148995002205238e-01
1.050801175106977391e-03
2.026944610063941183e-04
6.161790601222825970e-04
7.001035084150800669e-01
8.192351217808787611e-01
7.660503480356558592e-01
9.985667410002891931e-01
8.859010912973393215e-02
7.368939789338966933e-05
9.981619053105911243e-01
3.990251230892466494e-04
7.551736559939867125e-05
7.740950760859670599e-01
8.596721700293910029e-01
9.633362136273515564e-01
9.945756345082240601e-01
9.013195268521297931e-01
7.629743223663096874e-01
8.093745406809425003e-01
5.746400747910602735e-01
7.267371536892632822e-01
5.162851498517999627e-01
5.307183760799385475e-01
1.421242613930639423e-04
3.334739164329286591e-04
4.545814750473054378e-04
9.996466058862882864e-01
4.740017580106286599e-01
8.149502882440977647e-01
6.668437585661475264e-01
7.841900416953082598e-01
2.090086048200245233e-04
4.522630136855660954e-01
2.957040418248863141e-04
4.484650316132063885e-01
3.759001074216935861e-04
9.985816865139740539e-01
8.169806960162101506e-01
7.103590425604874219e-05
9.993596357863382407e-01
7.780613924982975327e-01
3.265227216997493753e-04
7.907357608127209003e-01
8.031933872459855461e-01
5.753260099343073241e-05
8.251917955230444468e-01
3.002642531975589584e-04
9.954626511880637629e-01
7.876143000242689096e-01
9.991959819392357556e-01
7.843223817622928529e-01
7.851714962777389673e-01
7.188873257534867944e-01
2.547879514401619194e-01
2.942956486310902564e-01
1.530696059586812436e-04
8.389684816052334071e-01
7.934178777992410003e-01
9.952153976442829064e-01
6.229562687431374748e-04
2.290483208709014973e-04
8.128024732156233778e-01
7.875655049032166399e-01
5.388930026636741099e-04
6.606702211302450847e-05
1.192113408065141616e-04
8.631861641424566356e-01
9.598618261534314772e-05
7.857934494870780773e-01
6.757981129516005270e-01
9.872807908455924844e-05
5.774713194676929229e-01
7.365217002004462721e-01
8.009681769126483220e-01
2.453141768102439662e-04
1.258781933885901115e-04
1.033970292093732687e-04
2.608261909347625584e-01
1.567590798533889239e-04
3.429713978259625682e-04
7.147885712011267101e-01
7.694527064314329312e-01
1.694880034217908463e-04
8.961000520447017349e-05
9.286776344965659291e-01
9.692313450289132134e-05
7.962352748137822012e-01
2.116085867256145830e-04
7.780763574206953637e-01
3.037369403437585880e-01
9.793887875633475737e-01
6.730750954814090914e-02
8.078321430070327658e-01
1.219336896946298033e-04
6.749299812609259775e-05
3.001686437329538948e-04
4.489813206320023291e-04
1.347681608610834948e-04
1.834245734296097424e-04
6.860387788265291816e-05
9.990616489114636511e-01
3.149809100883299161e-04
7.896333302496005846e-01
7.424882279459976697e-01
6.911271529611147336e-04
8.081743796768280363e-01
9.597728195052888100e-01
1.030681776179697264e-04
8.161535328479412321e-01
2.049465056057586622e-04
5.362439635049501829e-01
7.471613750519633390e-01
5.722565204055062764e-04
6.471008244813610810e-01
7.918021055991054657e-01
4.795125302654273947e-01
7.643252935144591032e-01
8.180712286092698404e-01
7.733738232236367915e-01
5.344588658478974796e-01
7.813307203687388514e-01
7.742788751201080677e-01
9.988906266218389174e-01
2.416690127913554787e-04
5.501797461287825097e-01
6.874287075103476636e-05
1.060310887192462254e-04
9.968512111992856584e-01
8.649632166386326301e-05
8.556852456714819644e-01
9.995689773359971442e-01
7.846180211931803594e-01
1.165452164769963626e-02
8.348522581707472634e-01
1.581976563278786319e-04
8.156351665882131119e-01
8.222144483166184958e-01
2.131487063780856395e-01
8.304841277249325193e-01
7.938789659878943883e-05
5.761271321094857536e-05
7.204717530023427852e-01
5.233341947267874028e-04
9.677172167493736489e-05
7.729847502129565395e-01
6.645555753459306825e-01
8.048235988399679585e-05
3.752567262418438705e-04
3.194611162909847257e-01
1.004220055113852207e-04
1.495447223829040814e-04
6.862207579210038988e-01
2.076305316622582343e-04
2.233538624379209387e-04
8.395481072099733044e-01
4.116705858585807177e-04
6.148307162169474780e-05
7.930807994689057505e-01
4.114834181417464107e-04
7.858243793924510889e-01
3.246644438266129470e-04
4.336374322361683073e-04
7.721110869821229405e-01
8.412930418056470128e-01
7.974248761823318210e-01
8.396224428279567276e-01
5.135916880770686121e-04
8.157053417529970540e-02
8.452204576529798175e-01
7.253954695289759644e-05
8.479301396899459053e-01
7.479766661988032084e-01
4.528146804484097232e-01
4.651445480085566824e-04
2.488001674132406683e-03
7.901712671104289300e-04
7.130774899419651813e-01
6.902996934908980364e-01
7.605545150811830377e-05
4.158219706676962169e-01
7.917221796466894501e-01
9.993530766300140478e-01
1.912332945821763777e-04
6.456473979513022621e-05
5.200074684715381024e-04
1.849042687021953718e-04
7.735582164136844811e-05
7.834983344804891895e-04
8.922193938204346919e-01
7.669779252500856792e-01
9.137019951218948444e-02
9.929468023315622949e-01
1.008737414900239031e-04
5.808823983906827859e-01
7.891792460313643565e-01
7.771879927506369912e-01
7.599877901003820879e-01
1.919551374561627726e-04
8.191496760917568176e-01
7.280901075378132248e-01
2.058196775331401767e-04
3.055631569116823930e-04
1.322495181778179374e-01
7.507875459427869602e-01
8.162424786257105325e-01
5.451469859030342313e-01
6.802125096056046427e-01
9.058297387442312918e-05
1.261977345045859895e-04
1.962813467029867198e-01
7.712600721415260319e-01
7.242269438186917929e-01
8.257581643413303141e-01
9.962823980409361759e-05
2.426861540417618091e-04
5.272239749951185273e-01
2.879332365647123545e-04
2.262084628695145675e-04
1.383134899079437638e-04
5.890861218515740516e-01
7.470470392457552178e-01
8.185394612172931517e-01
2.775725073886676120e-04
2.674003803399369484e-04
5.817937812580716819e-05
8.746110980640396937e-01
1.859276464499201864e-01
7.701401874517932455e-01
9.987202799223076077e-01
8.011707549967294062e-01
8.399883535803207568e-01
7.589260110372643142e-01
5.887423986597889458e-01
9.933194435234963260e-01
1.652703610835275748e-04
5.511668589692302334e-01
9.992765342950811203e-01
3.234609393730031269e-04
9.954719935091792538e-01
2.309785530184848027e-04
4.080634016878662506e-04
7.514117260143152732e-01
7.700420074536346027e-01
1.633977314802322284e-04
5.924135703295680587e-05
6.037344632192634952e-01
7.940921782690256725e-01
1.867574207514144911e-04
9.982953101422722408e-01
9.995236592054820290e-01
2.041578643887427156e-04
9.669817735886391142e-05
7.863577940082365769e-01
8.484276389585786449e-01
2.079493999408005267e-04
5.980879265572547343e-01
8.725673947605031011e-02
9.014080097015376959e-05
6.025052551022705714e-05
7.719237354926302697e-01
7.447102952144268959e-04
2.546169374815457909e-01
5.314815145077909087e-01
3.847494906506522538e-04
8.475411590725723254e-02
6.681732972758472888e-01
7.396806446456454243e-01
1.617303028201140752e-04
7.069390527004095759e-01
5.710144599525432962e-01
5.115419936384277833e-01
3.840177698012565699e-01
3.427533473736394942e-01
9.995646777751739931e-01
6.294167258398909238e-05
1.998041117478877851e-04
9.994952202822205978e-01
7.410059574411411720e-01
7.875352095749441617e-01
5.477486442835758362e-01
2.860045761182269386e-01
4.093657104862224450e-01
1.090501217890527276e-04
1.801382246544979970e-01
6.925160408049773064e-01
9.418026238865181421e-01
5.741245007804395169e-05
1.619849369837846411e-04
8.446968112173668386e-01
5.857530688894806437e-01
5.911139205132986729e-05
7.429830240947301601e-01
7.413509743507749050e-01
6.160282066965539882e-05
2.053936731377221611e-04
1.471414690926080662e-04
3.336589578101059606e-01
6.543088336676637917e-01
8.217709911604076378e-01
8.268434794238146424e-01
2.629128570482567651e-04
5.104484167398236827e-04
2.285498163009725195e-04
9.888954188055181763e-05
8.598256995475559439e-01
8.510318812545718536e-01
2.400853336980572129e-04
4.563682326343374311e-04
8.500646827582114540e-01
1.343248180726415127e-04
7.790091999030565324e-05
8.390752095825945167e-01
1.091678478549552639e-04
2.048131269358530833e-04
5.407489298125675026e-01
6.666300315092804065e-05
8.224477292837653053e-01
9.842349764521594047e-01
8.131014896074973963e-01
9.993866428723534590e-01
8.055296156175672910e-05
6.017610615448727440e-01
7.135442436297254609e-01
6.904412989744966866e-01
7.499953055514582134e-01
7.482096939319582418e-02
5.823912983218976214e-01
9.918777276145445132e-01
9.988193034865313624e-01
9.988657158767586530e-01
3.062492599422169770e-04
2.943821836806827935e-04
7.651139388527189444e-01
7.663641359846576906e-01
5.224204315692776435e-01
2.831649468068490969e-04
7.935794551607141534e-01
3.043873032496371978e-02
6.727754384353956500e-05
7.526631168872864033e-05
8.556519583047266231e-01
8.321683480851601589e-01
8.516038956028532114e-01
6.335009785663824966e-04
8.007699823646263759e-01
6.545129081888800826e-01
9.502869136247394932e-01
7.072449357856038787e-01
7.481695718423502228e-01
1.067887869065499038e-03
9.992159932992276117e-01
1.775631985450122662e-04
2.529375074203164928e-04
3.479412966085137504e-01
8.203948522129899112e-01
1.017035675770666702e-04
7.897301995258698692e-01
3.445159070645512816e-04
9.103013602798404325e-01
6.519120789347760958e-01
4.409998867998926033e-04
7.322966511044689542e-01
8.740427096751219871e-01
8.052180223100777745e-01
6.570891878424870436e-01
4.693716974358585481e-01
3.681520891046932004e-02
1.265101197158057433e-04
6.660112427589589545e-01
6.476932011708845234e-05
8.262299830516915966e-01
2.094756810546920082e-04
9.993832915998475119e-01
7.834959436996693505e-01
7.743961330811979238e-01
7.581707482556123701e-01
9.921144887818063030e-01
8.600670972657412650e-01
8.162293676088969718e-01
9.192550493294895375e-01
4.200677506373223617e-04
2.251074892495876726e-04
2.169160723683537088e-04
1.593383815551980252e-04
8.205006785409612036e-01
1.654434154730042889e-04
1.817289596533942786e-01
1.559048157004012114e-01
7.554299975236507107e-05
7.379591197322242779e-01
9.217093122313060882e-02
8.419304646227336875e-01
1.489267214137343230e-04
4.911025475465715662e-01
1.021461150979050778e-04
3.814344457943546042e-04
1.096540557255151489e-04
1.127415392160461730e-04
8.609950406527746569e-01
7.839774063314470798e-01
9.944681402870506615e-01
7.104856047859224866e-01
8.159395235936107715e-01
7.684765331851591830e-01
9.711573763248760871e-01
8.003186303933668144e-01
6.218790043525755781e-05
2.410273673672022458e-04
9.925611306814868806e-01
9.986432033824275134e-01
2.128760282898808920e-01
7.197434207837878350e-01
9.915136199499388070e-01
5.933945019765063188e-05
1.554697705321143571e-03
2.405626224190564452e-04
8.502453220474922579e-01
7.693586849651201653e-01
7.985398115397150942e-01
7.397499838807147787e-01
1.771371003360767693e-01
7.562410972344667064e-05
7.980707222946398227e-01
1.358769521111526102e-01
7.746300076550003411e-01
2.171364571788249875e-01
5.832910917901815173e-05
4.837721155978084719e-01
3.164958857579849958e-04
8.624404571320339885e-01
7.001910376591882201e-01
6.592100287686855121e-05
4.952961685920995172e-01
5.776418411023339890e-04
5.867943176240202584e-04
5.752741087130169633e-05
8.040882774623766549e-01
1.347955190246187475e-04
5.626113741811871183e-01
9.854217648710137441e-05
6.460248749852404106e-05
9.213013712776273699e-04
7.413985059087554183e-05
7.194423963415665924e-01
8.029317510027845772e-01
9.995105401223666197e-01
7.794735775296154356e-01
9.897349438014790618e-05
7.043255457562296318e-01
8.362116614520257452e-01
2.800813841924937875e-01
8.078758223865875054e-01
6.511194133460751488e-01
8.509712208528541488e-01
9.992688582200651704e-01
7.843393802946728721e-01
9.545112733267254734e-01
7.986406142335289449e-01
5.223256936335997080e-01
9.325718420293160893e-01
7.178385740495122347e-01
7.780338370464965107e-05
9.996567598356052020e-01
3.927141815370276600e-04
5.982700830884376542e-01
1.567690761606865791e-04
8.058555039505124196e-01
1.396222173952021139e-01
7.885882975683293772e-01
7.691264548678372615e-01
8.092793892367572406e-01
3.415636957868762170e-04
8.592699563829958587e-01
9.995443027256832869e-01
8.539987410372046339e-01
7.924304709801158753e-01
7.932062572392629685e-01
2.310924964372339208e-04
7.322379241166985242e-01
7.520791445006481668e-01
7.607927148373687311e-05
7.994891881496117847e-01
7.565175742588762242e-01
8.482600246482202566e-01
1.601322175129764932e-04
4.795369508430361027e-01
6.656407717398618029e-01
6.094653953002085483e-05
7.564083722784600283e-01
9.938374293301490692e-01
7.179940393062791415e-01
7.816819150990309550e-01
2.000275462424098397e-04
9.988299226072809844e-01
6.859342606682875543e-01
1.365768710871324810e-04
7.983016154406324949e-01
8.425072417729608798e-01
1.154609185961238721e-04
9.992890882992484514e-01
5.857687511696159225e-05
1.587697481401386908e-04
4.408296545894355026e-04
3.372781264419984649e-04
8.314884499121107941e-01
1.473636395122350159e-04
3.004739091042246744e-04
5.696297423559628384e-05
5.195200818703187284e-01
6.044336209162427971e-05
7.867535759566743891e-01
9.995083242135524015e-01
1.589078177652966835e-04
9.803777385147681434e-02
7.712915830956788010e-01
8.621529372005658498e-01
7.228844421886365668e-01
8.449992988339358746e-01
5.465856094467635984e-01
4.165812681715153620e-01
2.987216480588856366e-04
8.585387732345547418e-01
4.093199052868035310e-04
6.210627596663289562e-01
7.364038749184418364e-01
9.841312548298575269e-01
8.090257009920897024e-01
6.291887874249381949e-05
8.166077554594367571e-01
5.929285001171830712e-04
7.931900136853918815e-01
7.554602829858665181e-04
6.593213545501291906e-01
3.025769343264003578e-04
4.356846893904676304e-02
4.300926946538743273e-04
7.052141708543110399e-01
9.934788095296039900e-01
7.384765236854831105e-01
9.439744034435317843e-01
9.992547532225413143e-01
9.993168217796344344e-01
7.851227878861239962e-01
1.967250051313324227e-04
7.955179566814409853e-01
6.674044510283791976e-01
1.710799138851232368e-04
9.992167408072574197e-01
8.638767478334373751e-01
9.604722920521964209e-04
5.682237685517547597e-05
9.757565608741817207e-05
3.763113381086495264e-04
7.104714121763311332e-05
1.012830175279351842e-04
1.470314748131115940e-04
5.339319454673138732e-02
4.168735665577333327e-01
8.431886902074001711e-01
6.723183254590351376e-01
7.174483234843791468e-01
2.480132087652090031e-04
5.619274008495985795e-01
9.988709409799191308e-01
5.625861824440838853e-05
9.126234094310795551e-05
3.720339736696422483e-01
7.852255016597784465e-01
8.185984104182908450e-01
1.932103048009947211e-04
6.505302277156329650e-05
8.394199411817591105e-01
7.916372509726116169e-01
6.733197289246927364e-05
4.150283895037567422e-02
8.913701440462819259e-02
5.272123100917589511e-01
8.387451349694634573e-01
8.000613779302456763e-01
2.257405768435639807e-04
3.519536061077488528e-04
1.048898712021583118e-04
6.420031713615035858e-04
7.347285605072928494e-01
6.997682325622398558e-01
7.460432088283714958e-01
7.881990034798544986e-01
3.466464649328490437e-04
4.123808723242820959e-04
2.246825738517589188e-04
7.473940699244023822e-01
8.344677377257471408e-05
8.606369831087620215e-01
5.669634570969469545e-01
7.626347006111577898e-01
6.755688149128438180e-01
7.658843720457333415e-01
9.436849373357823420e-05
9.163918308429969128e-01
6.875045759168620929e-01
6.093798092835799318e-01
8.048035940151274659e-01
8.544767946617189516e-05
1.057987637535491392e-04
7.495852518801335851e-01
4.591568143013306899e-04
8.490350237109532960e-01
1.446653022078120637e-04
5.484934471149061292e-04
3.754606364345935421e-01
2.260458933893417480e-04
4.739518238166920971e-01
9.945676553772386796e-01
6.405384512206691039e-05
9.993519781705991756e-01
7.739983605705953451e-01
5.701736583370606848e-01
7.522141834547362294e-01
7.842154866709929451e-01
9.973783895457009052e-01
1.008000749824986686e-04
7.822172636677366953e-01
8.017102554591907237e-01
8.501575038218448510e-01
5.763158846298877761e-05
9.986723726694904935e-01
9.985639718664475195e-01
2.157880660877773825e-04
4.316983122663697325e-01
1.523556808969179371e-04
9.959441468186666091e-01
8.314189603010249119e-01
7.495628518341615346e-05
9.944810222055069371e-01
8.415895140611635572e-01
8.040899073613615444e-01
2.147318054784193569e-04
7.347232775845520258e-01
7.526085064066583286e-01
8.273076484820613974e-01
3.812007871403917084e-04
5.924789957092682080e-01
2.423346153299708698e-04
1.505889644592264874e-04
5.287186353888539969e-01
7.664090360809737712e-01
5.862442045583234794e-05
7.647086002042952080e-01
4.314408954190562251e-01
6.538405366941811847e-01
7.434725129890730200e-01
5.990807322133725465e-01
7.082485668008683954e-02
7.702079286203469266e-01
4.378712440697144674e-04
5.683652494796758159e-01
5.440413308395793957e-01
9.727368331445377381e-01
9.097631567974725497e-01
5.909650567943819377e-01
7.063493544930321197e-05
5.783549006048819274e-01
2.987696394775962543e-04
7.918943181197624082e-01
6.029428418072935923e-05
7.875920500929011192e-01
3.535602286626504109e-01
9.938111817033115081e-01
2.245735434566560531e-04
6.704683751852906770e-01
9.339235301158798838e-03
9.920279046261260003e-01
5.541618383418966259e-02
7.734375634904500085e-01
2.432412211696606819e-01
3.493336431416736634e-04
7.022853897272057777e-01
7.404222421463972914e-01
1.935909120501852346e-04
6.290991616944741234e-05
8.506068560693644809e-01
9.898491085249615518e-01
1.630223727677893508e-03
7.923262941171994589e-01
4.115586692600999297e-01
4.569998030065331005e-04
9.992517094204926842e-01
7.907081187171470793e-01
8.250471467634531431e-01
7.023941239973587785e-04
3.020219075754207146e-04
8.622561329129502239e-01
2.158674628842889348e-04
8.528490633699781220e-01
9.992166635488162196e-01
8.585731167397799846e-01
7.216766704765794282e-05
8.249073695547436537e-05
2.640618774115695011e-01
1.928981463774147418e-04
5.975629997569903380e-05
6.284644111115826213e-05
9.993359167240588592e-01
5.787569094328092190e-01
1.069426567612133866e-04
1.756612134123684496e-04
4.730370930914953864e-01
9.561919832112795170e-01
5.133400104444574286e-01
6.051674936986099762e-04
7.766808079803153575e-01
9.201378731208844641e-01
7.966570942553183876e-01
7.906959528134827053e-01
7.766112341223038174e-01
8.483791477234489120e-01
1.732531813791913459e-04
9.158006522979854629e-05
8.251736331054576601e-01
2.492249771876713137e-04
7.866797470918082125e-01
7.964168698571909566e-01
8.611143464673599590e-01
6.026825364420378183e-04
6.951804525269851716e-04
8.346966417489376511e-01
5.536163158499805004e-01
6.799666368300648633e-01
4.894392135217192274e-04
6.382193809142400198e-01
6.618804350705208561e-01
3.599217802019885441e-04
7.392552434331007838e-01
8.059908031415708995e-01
4.260387090214157180e-01
5.878034397811610773e-02
7.437464551260035694e-01
6.695550684952445986e-01
7.769157286014972685e-01
6.857885872699238808e-04
6.942485661492804327e-01
1.430021080432945096e-04
5.384291873088997704e-01
2.166131385706086495e-04
7.325741079101963926e-01
2.848790230481806950e-04
8.604773362232811529e-01
7.746931210019637470e-01
8.044029431922330442e-01
5.682322630143069597e-01
4.931335810813979341e-04
7.911033314957401918e-01
7.304314505048663531e-01
7.333473092436569862e-01
7.815746439666756418e-01
7.875106391838299080e-01
8.151788495883651731e-01
7.981437160137500042e-01
6.136078262355480328e-04
1.365858268631919240e-04
9.987973598081444360e-01
5.632999867058990223e-04
9.970989464390534851e-05
7.942979056808897598e-01
7.241954910535607299e-05
5.280772124533523884e-04
6.193088211341607474e-01
4.519273190435306731e-01
5.352357327008583354e-02
3.403929441965013458e-01
6.088414297286876188e-05
2.301393812764835841e-04
1.355668582760175271e-04
3.101329887974723590e-04
1.939288397538204778e-03
9.990210972785150689e-01
4.314067899292104435e-01
7.875419635903544435e-01
1.052253864518829960e-04
8.442824253047482852e-01
7.119673442923045003e-04
2.230850395570754526e-04
9.985309969308617806e-01
2.388381100524947112e-04
7.713763738018567517e-01
9.969099910650688345e-01
6.435334559603171911e-01
7.621350576018661685e-05
7.775011495561081620e-01
2.216972850109343431e-04
8.590574704488922464e-01
6.829554646465858525e-01
8.642664780460692642e-01
8.407692868270612019e-01
1.103761875282532087e-04
4.688651544513877732e-04
5.757304045004130177e-01
9.994090913969214673e-01
9.983315303528486062e-01
7.908215951703880808e-01
5.330301852842880272e-01
8.453904350806121792e-01
7.866340355614103164e-01
8.439095175751525346e-01
8.192445559678879436e-04
2.162155564109753615e-04
7.333250305859732032e-01
5.703196250197781333e-04
8.227226263415565732e-01
9.984441872006757368e-01
8.304651764953630000e-01
8.216917804724963581e-01
6.411748155088603518e-01
1.005452302902099448e-03
1.295715895974113192e-02
6.199583691531986669e-04
5.964364060264812150e-05
8.430523867087752476e-01
2.526712264611534801e-04
9.291747875449914379e-05
7.645848114158468878e-01
6.353372632884518915e-05
5.225031697930887509e-01
1.533928787160329047e-04
9.580207803395663128e-05
6.769624291044962217e-02
1.709253330928531256e-04
1.483619387543771149e-04
7.806821753982828849e-01
5.749739762727832382e-01
3.339432551954802375e-01
7.752858415436983952e-01
6.853306248126137534e-01
6.734800442470384452e-01
7.888451825174300769e-01
9.868395513903897021e-01
1.706268492849260521e-01
8.443841915698957956e-04
3.117842709177102156e-01
8.854146299100307152e-05
7.524739719043672670e-01
4.441259685794844980e-01
1.674455268429534392e-04
1.882675113299572356e-04
8.477240516108567325e-01
7.164646907966362721e-02
5.921632267737445554e-01
1.016359051882083906e-04
2.836095299811470637e-04
6.308489355278817934e-01
9.990793162087232560e-01
5.307273653480759461e-04
1.553361440581345126e-04
6.302533890716074494e-05
6.948933538749173522e-01
1.320976963303703566e-01
8.656869226036613884e-05
3.012524636459142924e-01
8.020410993575193270e-01
7.858733321086782686e-01
8.276168736159211781e-01
7.182524480610995576e-01
6.006828568373921984e-01
7.816146904158496281e-04
8.453254656424184646e-05
7.432487090061734580e-01
5.997839754571315796e-01
4.135194274229230600e-04
5.215330245453377866e-01
9.409318156300655427e-04
2.384451613033262713e-04
9.992562054888353140e-01
7.577471049635284839e-01
2.429882669282124963e-04
8.588880954426494352e-01
3.834711648954825525e-01
7.776418162434112213e-01
7.144621361641834145e-01
8.473843661995641430e-01
5.731547532731546823e-01
7.538731999640931880e-01
2.296950505001628482e-03
7.822720829920287722e-01
1.469708794608637001e-02
8.378708294271227652e-01
8.365331359458122451e-01
5.811673653040047016e-01
4.760759356608359853e-04
1.285257342970500785e-04
4.584653254041821113e-01
7.794687939909091651e-05
7.890057998425277219e-01
7.991767266387647117e-01
8.629179191414660943e-01
9.985729883705301013e-01
2.063331260998051088e-04
4.278965912911229519e-01
7.714593263612758989e-01
5.740460996259651172e-02
7.828131038423580268e-01
1.236897681260097637e-03
2.857169121931696192e-04
7.946458076220516142e-01
7.693176480567075481e-01
4.246431390781561510e-01
8.442803186274661087e-01
6.891828905263838517e-04
1.895727857046683939e-04
7.728240613692594074e-01
2.010769131287480638e-01
8.207439691957426620e-01
1.455627774808752395e-04
9.992169480221861910e-01
1.697333734852757834e-04
7.876538418304175615e-02
8.868501380806789519e-04
8.315056698578351391e-01
1.430156418171272485e-04
2.134743438914656608e-04
5.013516160842096392e-01
8.161937641477877703e-01
5.486310835305721056e-01
5.428406203236074701e-01
8.270920342754106702e-01
9.152808315613872869e-01
3.234514705232071925e-04
2.185875049113024783e-04
5.686586939266525809e-01
5.576473815697824410e-01
6.935725924637342610e-01
8.218269076233054805e-05
5.725865366056819283e-01
6.614476729099899588e-01
9.370942503005897928e-01
2.716955159393084408e-04
1.726324550514129563e-04
9.996129707803784736e-01
1.182732279842571755e-04
9.990983095246164236e-01
5.578411195428228941e-01
1.236654190568522505e-04
3.064736582508534877e-04
7.538425036406828372e-01
6.577846663989418419e-01
2.137132335119058888e-04
8.016129805657237206e-01
9.982627373894374934e-01
9.873195452616910783e-01
1.755913070576324737e-04
3.342502054761075092e-01
9.972748106593052882e-05
8.458948836019298265e-05
8.459541791886578954e-01
3.854180171392848934e-04
1.072994467977830336e-04
8.047511712151977914e-01
8.121822739850930173e-01
8.628503510074780891e-01
1.804705921521477519e-01
5.348795319455833530e-01
7.154906155370578391e-01
7.937885236888432283e-01
8.853503720506429309e-01
1.470736071340307018e-02
5.359156438932649591e-01
4.650054078888909981e-01
8.431873804925543725e-01
2.058543454132364227e-04
7.697829581291780743e-01
6.834656982349035514e-01
7.264604331503753398e-01
1.961167775183463686e-04
9.992059795928560639e-01
2.549905563703662513e-04
1.542760397999537903e-04
5.979064719177614728e-01
6.914736004431648597e-01
6.495975368480899625e-01
8.169927607096358901e-01
9.993514887456563800e-01
7.830473064376254344e-01
7.873914563409727396e-01
6.026200727410209706e-05
5.977331241865415073e-05
5.709295277441349138e-05
7.508018853739736320e-01
9.229441377283732484e-01
7.960554565474835531e-01
5.273988634717646784e-01
6.995453365427389825e-01
8.012363627391168031e-01
7.791445647640969918e-01
9.885624929158314256e-01
1.625885059070823202e-01
7.408443398788701062e-01
2.278306520296166093e-01
1.352734060525221660e-01
8.425398928889396295e-05
6.075612657323201061e-05
4.902167192635517373e-04
5.688228963039444475e-01
7.848093015044172989e-05
2.362369253958188314e-04
7.826311760389861316e-01
7.021898818867108316e-01
1.032319581617233996e-04
9.260574315950399760e-02
7.827254354328209420e-04
8.323784583704206819e-01
5.920340061213649197e-01
1.413040975071878176e-04
6.271665485945645546e-01
9.990203074291820196e-01
8.137028357143241131e-01
6.750392552983423074e-05
7.230201689541901899e-01
9.907059804421116667e-01
5.955625296114124279e-01
2.295896865706715856e-04
7.832807986455884164e-01
7.523178708925855052e-01
8.429357844103451125e-01
2.958138055869981189e-04
3.465839236226372737e-04
7.357017562510820285e-01
8.929776864629373687e-04
6.985597649817705198e-05
6.483786737961577673e-01
9.996367044253204881e-01
8.381204668745002471e-05
6.637853263240705015e-01
7.221090795540514584e-01
7.664208674490693429e-01
6.852666184132172322e-01
7.817243721538443067e-05
7.077366353149509015e-01
7.441786560672797313e-01
9.775407597658409831e-01
5.703599620582746168e-04
3.066622115529641368e-01
7.913376867190780040e-01
7.163303106009607513e-01
5.709299991630206739e-01
2.548611162782592632e-03
9.971527261973162938e-05
9.901803036567068395e-01
8.429921344461485111e-01
3.399489720770540696e-04
7.901325111137565971e-01
8.590393219745932063e-01
1.077367755263903935e-04
7.928806359963830319e-02
2.227220576699417420e-01
6.889513170297107969e-01
6.305782457324703438e-01
7.607585311014918306e-01
7.942939127188340942e-01
6.348156412287643269e-01
7.084962794185752921e-01
9.351472811939869345e-01
8.141315778550863858e-01
6.002706098010023306e-01
7.259418188121110616e-01
7.605828480325832475e-01
1.954337274504491730e-04
6.601451184913486037e-01
9.921902544654382927e-01
8.330820155067036881e-01
6.194884535964325929e-05
5.628386044195607141e-05
9.419293662664210975e-01
6.497703191956112345e-01
1.031404644207069477e-04
1.070944521196100761e-04
5.752209429300516919e-05
6.058174240052281029e-02
1.610090561860974307e-04
1.555364087375688388e-04
2.071677971466707655e-04
5.663615479218059301e-01
2.271498338971096251e-04
7.411852309647624093e-01
2.952851393383405104e-04
8.144433685737602520e-04
8.493178050469356588e-01
2.661641491258810721e-04
7.448361002423413701e-01
2.392710336955206508e-04
8.608993451694142429e-01
8.067375459196077792e-01
1.803474832977322920e-04
7.793567519481373388e-05
6.715639379823496629e-05
6.099642813428438954e-05
6.273205783894788667e-05
1.549864090314681704e-02
9.884946531178819332e-05
3.059502905846147843e-04
6.751353539911119084e-01
1.786629554773308862e-04
1.017343656725540574e-04
8.021440151901734206e-01
4.007773854017095713e-04
8.558171484706774690e-01
9.987122602790707848e-01
1.027480730924338302e-03
7.322840673488018037e-01
3.779689104586251148e-04
6.744633855806493328e-01
8.018613363399574867e-01
9.991438767979311519e-01
2.059317557629035031e-04
1.986417215883490750e-04
6.472790465689128858e-01
8.022460149845763722e-01
6.899132569116167568e-01
7.393470420850861702e-01
6.374705191638163279e-05
3.742047546732512053e-01
1.900600281058684421e-04
7.932849314604910607e-01
1.595811399155510170e-04
8.419741580367631206e-01
3.928570762937184935e-02
7.566629136724094540e-01
1.308856606425995092e-04
7.899964465390300061e-01
9.992552993885819301e-01
7.842485085500088271e-01
6.853295805711449081e-05
7.753352177040228055e-01
5.336360089247714766e-01
1.263147415981043242e-01
7.866472182574522076e-01
7.819692549077950083e-01
3.092715853281471309e-04
7.928168151990125923e-01
5.647232893666968012e-01
7.158756023999128428e-05
6.148051658795632927e-04
5.011371358946745515e-04
9.993929902824044698e-01
1.727017620863930542e-04
8.099702075416915781e-01
1.982592702986708533e-01
3.718680307023998488e-04
2.132581235182113288e-01
6.371295666787390945e-05
5.527995366739085065e-02
2.806147196661008536e-01
7.918802777647813151e-01
5.901522320149780142e-05
7.676845378252962204e-01
5.790417599414562355e-01
8.859902515445274851e-01
9.935197310746672205e-05
1.714114715989688417e-03
7.379476753938469802e-01
8.523179842568647802e-01
4.282685997777007092e-01
7.918707983998465316e-01
1.916162683631554287e-01
5.573880445555596808e-01
7.559832298335759093e-01
6.300493109737133057e-01
6.719708577789741399e-01
6.343481810673063936e-01
3.546327144281059551e-01
4.408270770562904657e-04
2.426287267417604754e-01
8.483117053733251200e-01
8.303522831377927460e-01
8.487361160299928819e-01
8.002388097802735079e-01
8.482106226070317793e-05
9.154940178697273858e-05
8.423796363615372318e-01
9.995046608576445557e-01
2.070176299917642071e-01
7.938503097610045689e-01
5.166056140807127051e-01
9.959991320777921153e-01
1.462911861661547351e-03
9.695962764223304512e-05
1.570550031925645055e-04
6.191031499192029182e-05
8.231086215723105726e-01
5.621799370147686492e-01
7.205179240562917808e-01
1.885821265290752169e-01
6.759179816205079794e-01
6.890771347830026983e-01
1.792248212286477183e-01
6.926342061307645404e-01
7.637194051544637929e-02
1.752181944690087449e-03
8.178938236824397296e-04
7.894531896010122951e-01
9.950239192662254650e-01
8.029502517470241685e-01
4.297904753947638934e-01
6.241261100603087142e-01
3.809117670196198553e-04
7.812213070326373687e-01
5.099593024569697326e-03
9.984773736423636636e-01
8.521028752109327531e-01
7.275383301793612034e-01
7.887755099776413426e-01
1.982539945087863722e-04
1.015867167240539718e-03
3.422573504310148264e-04
1.784704416371882089e-04
3.438481008669441968e-04
7.222659271998080888e-01
1.931017028276983227e-04
2.532005379155913838e-01
4.105804964539251319e-04
6.011207026602294334e-01
8.288696787314915918e-05
6.599975370009598973e-05
6.904893082512564284e-01
7.505167140328743436e-01
9.993756543604395137e-01
8.640165867748720308e-01
3.649329731515082650e-04
1.049364040885085984e-04
7.516356989335232902e-05
1.027981076101673732e-04
4.863019067075524822e-04
4.113046770475189918e-04
5.388728690197821525e-01
1.099223230622309727e-01
2.804628040999964256e-04
8.268277047723741058e-01
7.888597663390806147e-01
2.931337364051263550e-01
8.983486931669338574e-05
5.523934403076222743e-01
4.079122919515031920e-01
1.430339370698198165e-01
1.516445227738913827e-04
7.726892931651295759e-01
8.626333547020657022e-01
8.407530354931112004e-01
7.683563186064991113e-01
6.485577192212425013e-01
9.979387142910584041e-01
7.555471719866664127e-05
8.269161769917851013e-01
9.002199070274745640e-01
7.619924274104015183e-01
9.167065884249794294e-01
8.594753374801903378e-01
7.736122442129208521e-01
7.996990856899347522e-01
8.345108991863543491e-01
7.349239984676743109e-01
7.725176952070442749e-01
1.068865842980273482e-03
6.560440545889984377e-05
9.971329215956810099e-01
7.203364382656367582e-01
6.863153916350720331e-05
2.136445393552482378e-04
7.927691046250566753e-01
7.918239409972126497e-01
8.406631969635848245e-01
4.664486713550988761e-01
1.054653936286359395e-01
7.580923217112095491e-01
9.668108832667289846e-05
1.882319809304995040e-01
5.744373294707012123e-05
8.129613266553519235e-01
2.957665881202436271e-04
8.554986789960220550e-01
3.957605777729313740e-02
5.415130468852930035e-01
6.758423170275639214e-01
6.325988647818187494e-05
1.714937541171736857e-01
7.381096237039369568e-01
9.988335405738079098e-01
6.972132274971608590e-01
8.214744909689611907e-01
1.566549130432069259e-04
1.869533423354751908e-04
7.389435586312986803e-01
5.587118542408003874e-01
7.511668617859171837e-01
2.206721634990115749e-04
1.339706913197475616e-04
7.294835174713437675e-01
1.544233911922944004e-04
9.227115372160925588e-01
5.113290890962671848e-04
9.628022766488646123e-05
7.862745935590280677e-01
8.011547618425374218e-01
7.370916881887170646e-01
3.039371771173662385e-04
7.879011631636712032e-01
8.752505066600790688e-04
4.917646465553145996e-01
5.909890458752068421e-01
7.017169977375357082e-01
9.032885600501807666e-01
9.329737113284584840e-05
9.438056613294484309e-01
1.704690746710834162e-02
8.812032913408255341e-01
5.165250856898132570e-01
5.940681307096321584e-01
6.029402097503043789e-01
7.813331962369415296e-01
7.317100751553780036e-01
8.763291353598771094e-01
7.902859133324571239e-01
1.610132558528143132e-01
8.358378773638120984e-01
9.905659344830392010e-01
9.983996892307388515e-01
5.810956176798290297e-05
9.525114911334957041e-05
1.836795873260201083e-04
8.435207577347916263e-01
9.935812498517611058e-01
4.940952654630998975e-01
7.929131234409599882e-01
5.733310520476632144e-01
9.992547286617970981e-01
7.901056279745962696e-01
5.395160520708993657e-01
7.670844051025434984e-01
7.970349891051452529e-01
6.555162732691851568e-01
7.832620260926741462e-01
8.170256680625996859e-01
1.324868125091411501e-04
1.101907622757584385e-04
7.860413114678965751e-01
6.603392351712465387e-05
7.703334360421817441e-03
7.976079161329007183e-01
7.059730776749413605e-05
7.441830910595012005e-01
7.895590594539202423e-01
8.220540195971525188e-01
7.948156341374758016e-01
8.049662978378514995e-05
8.049534776719161622e-01
5.598982587876767392e-01
8.313005635608747834e-01
7.352508892682023678e-01
7.240508592359631290e-01
1.546225492251025019e-04
4.560026740190501566e-04
1.109676385660473552e-01
7.659453072755353364e-01
8.583447658638347910e-01
7.918861938169421411e-01
1.834084290124901953e-04
3.253156456867149359e-04
7.498263272389380507e-01
7.489796303886003814e-01
7.789572587734006071e-01
9.129411697430295236e-01
7.439257275336033093e-01
6.030612692766204042e-01
1.121645133868264779e-04
8.298710432325536734e-01
5.731795129031196567e-05
1.823037801171638883e-01
7.982123574710838776e-01
5.069079297345516766e-01
7.941072965477485868e-01
7.793271448329792289e-05
2.494510313523379697e-04
2.285268322518587921e-04
9.393138400509706276e-01
8.387759170790295427e-01
9.043980260941140159e-01
7.105842660210330841e-01
7.878029702004762935e-01
1.166701745799002520e-04
7.837881229868349786e-01
7.912382250099699865e-01
7.772518967083787977e-01
8.314597561068860498e-01
8.044478006186503993e-01
2.948567217986495792e-01
1.050673589046519855e-04
5.746731723989483936e-05
8.045102428523610572e-01
8.123303472846660211e-01
7.816448790940129232e-01
7.616072044828930965e-01
5.791105078070979406e-01
8.522429112382948757e-01
1.164718037592629013e-03
1.422638582371371229e-04
1.061633328311837763e-04
8.189052975743784486e-05
1.554495656295521160e-04
9.923786147189609386e-01
5.167041756254940653e-04
8.424104051214759137e-01
3.551291677584031414e-02
1.021403653003451163e-04
9.995494377108791184e-01
8.259401180270593557e-01
4.818794071630075337e-01
2.281200039039919347e-04
1.153508907467183946e-04
7.889270852633237796e-01
7.966586048119580488e-01
7.723175902900769607e-01
9.973453572414844315e-01
8.541690283278227103e-01
9.918384852802430984e-01
7.803672602846366546e-01
9.996588798533229125e-01
7.858710763963429047e-01
4.236011559396799311e-03
8.517285757511812161e-01
3.827612879783633408e-04
9.831531005867056860e-01
8.747157289751227027e-02
8.301763626176730249e-01
7.145643004201933657e-01
8.056528669321851854e-01
9.993633047677064063e-01
8.433846162915125122e-01
6.689522727841926697e-01
7.428193160764989811e-01
9.956945077539902655e-01
7.676811317807651358e-01
7.672797258698985656e-01
6.202730191577803583e-04
7.532078484534716380e-04
1.437091014376534455e-04
2.082401895015644226e-04
8.902905145186439384e-01
8.513564575274096269e-01
1.952243332426163627e-04
3.771620144831323018e-01
7.932334349440332000e-01
6.246553984301032036e-01
1.423787686010441825e-02
6.686738152641802380e-01
9.972664556191543905e-01
1.561691036966414703e-01
2.513419668113742091e-04
9.995996994705040883e-01
6.944878008957595661e-01
6.217945804313906443e-05
1.680228601072742062e-04
7.653936889729389126e-01
5.099900306557296759e-01
9.993869885002754083e-01
1.770986381363104933e-01
9.771387774950466242e-05
7.892658302734547604e-01
3.309445541293409452e-04
8.547680241652844124e-01
8.443890717549219493e-01
7.419174845935574414e-01
6.067109157177988932e-01
6.590565870209917252e-05
7.008874609675140865e-01
5.988593896437193198e-01
1.272643669613597432e-04
1.320990847742189729e-04
4.142698381041105132e-04
1.735461320326802076e-04
1.780196487541341448e-04
1.931890817496891813e-04
8.470923394286796748e-01
9.719261502803311359e-02
6.943202907993479833e-01
6.778146182873353576e-01
3.508930295705325331e-01
7.633960680124010079e-01
5.315128937539230769e-01
1.188955989108646250e-01
8.764737698358906278e-05
6.256525089070171797e-01
7.858019891214490515e-01
7.634821185042418579e-01
9.975269551725391981e-01
8.489665880418183486e-01
9.988343332697757759e-01
7.372197202570945906e-01
5.783152713598618266e-01
5.772677465932166685e-01
7.822803941388162263e-01
7.520606969647676276e-01
8.973848356544473993e-05
1.877713148242481089e-01
9.990348995352806849e-01
5.289765564838703896e-04
7.789947987469247881e-01
8.563051571385383864e-01
9.837668687406873110e-04
2.626803778654333323e-04
1.070323689270147256e-04
7.869581963791019152e-01
5.420108203735441998e-01
8.221754593427582636e-01
7.865522385338646850e-05
8.380851321003633947e-01
1.703454737783647352e-04
7.324835396205723326e-01
7.533906786926761745e-01
8.599745231967950154e-01
3.497263275181714567e-04
7.878527267886883401e-01
5.874907883945515620e-05
4.451173462303996131e-01
6.019211666784598651e-05
7.623537718828115040e-01
8.526626589864945149e-01
1.207687284240002831e-04
9.764525121536120345e-02
7.863192005940008444e-01
6.793655981441877323e-01
5.943546144610066615e-04
7.210951069334214480e-05
6.341374561055629355e-04
7.089801413925569396e-01
5.012226903541560086e-01
8.615308290607562869e-01
9.955657943426012846e-01
5.686916675952151667e-01
2.643797661039892994e-04
1.222399425220244368e-04
2.728500209741480283e-04
6.590878579877410622e-05
6.196519833405224054e-01
2.681472565977873271e-02
9.931166978537475654e-01
9.882391166669850513e-01
7.797680462447836858e-01
9.992180250419717691e-01
5.954318354336761709e-01
3.744242513630340573e-04
3.692714295040104289e-01
8.606978602417725277e-01
7.296981778836815202e-01
6.431320216588303634e-04
7.815065836519747844e-01
3.727686072194896891e-04
7.900126009420083140e-01
6.468585893483220356e-05
2.376712869027653070e-04
7.947560056540458051e-01
8.077171955081513532e-01
8.049893838030382741e-05
2.255305902935082914e-04
6.994460437599480107e-01
9.881938015130996567e-01
8.070904884413003799e-01
5.850394968621662750e-01
7.830579757160411880e-01
7.913729007564668239e-01
8.314731010801270639e-01
9.954946584695370949e-05
9.988860671546265779e-01
7.028468035623226529e-01
7.508098199939257089e-01
1.344400006242614054e-04
5.994906566177860441e-05
4.659226290748944566e-01
1.320125448635174593e-04
9.596751426214249810e-05
5.028413617025908611e-01
1.438346456893243740e-04
5.954433597259094040e-04
9.028928051459892421e-05
6.644262728688415064e-05
9.994836516068323906e-01
5.586344378423001578e-01
2.298448148509447389e-04
2.922055964209497626e-04
8.967126215098345510e-01
9.992249527502570228e-01
6.932608029329524529e-04
1.144543734498245437e-04
8.173060316713263163e-01
9.994347130678278290e-01
9.911834235265192250e-01
7.502286090235016358e-01
8.522567949896793227e-01
5.706381633624572496e-05
6.717147235857051646e-01
8.029480626789796682e-01
2.042701474902153475e-04
7.859407401536407933e-01
7.861041487395543648e-01
1.794483371203041688e-01
8.198207540690067852e-01
9.381228587687123754e-01
5.149513239656088254e-04
9.996526717907039394e-01
8.456422616664219793e-01
8.034646928191696569e-01
9.817185114646858057e-01
1.153569781319905702e-01
7.375286273297322337e-01
8.517089507044186300e-05
8.590553518557821899e-01
8.048807547679598384e-01
1.163268694388192362e-04
8.056445671989111990e-01
4.563308581380464135e-01
1.514170413554874386e-04
8.228505818439941777e-01
8.633768306643950785e-01
2.463319225754515840e-01
8.639522663956324955e-01
4.920408774956872358e-04
7.962085346687418630e-01
5.713128854416737925e-04
7.533418590763336642e-01
7.335180840481535514e-01
2.794414586275423122e-04
1.422452580611347623e-04
7.762118215282722833e-01
9.857020768705697655e-01
7.895063220582928531e-01
1.048306149111501130e-04
2.985737237142558980e-04
7.004300926104054968e-05
1.087585085796417838e-04
3.608935124138024585e-04
7.757936066000451492e-01
6.142817300955616400e-01
7.760314085199226941e-01
9.996455189591538781e-01
4.786283184083782081e-04
3.376843672881104097e-01
3.002855343858487928e-04
8.378573381528527930e-01
9.958394374932094673e-01
4.966315092644426471e-02
8.481535384299261349e-01
3.926520211772409341e-02
8.622559188760805515e-01
1.925649248054296322e-04
7.540053346252909572e-01
4.722036462393182643e-01
7.076319674280580063e-01
4.358902882679276947e-01
9.978967722494564985e-01
1.124648055622967137e-02
8.613691195562765968e-01
2.021967474292420879e-04
4.484928537376486521e-04
5.695237250360521127e-05
7.056753663761354935e-04
8.005155636448150203e-01
7.726749975782792879e-01
7.812567193017470046e-01
7.281259879899349974e-01
3.255991955259872036e-04
7.762863266002699714e-01
1.153412871963765089e-04
7.350689830573965411e-01
7.746399445367121439e-01
7.067158186896165190e-05
4.511625274211715220e-01
9.990795660572127090e-01
5.391425472837468869e-01
7.732322117951121454e-01
7.326452713264729466e-01
7.830360921541203016e-05
7.457742874428280322e-01
8.998235230317143118e-01
8.442667648196935382e-01
3.857088032928270732e-04
8.512298464532497277e-01
9.871140756734050337e-01
7.813432245734566184e-01
9.958584554198391947e-01
8.381164385320698518e-01
1.722004032309672472e-01
1.858986211444491332e-01
8.396262085196534164e-01
9.238528998481345539e-04
4.222889869944532193e-01
6.642314280750595268e-01
7.215334225763259113e-01
1.846044408421032698e-04
6.948373319581137020e-01
7.709695143525662209e-01
5.913692999438220355e-01
8.613873856330884760e-01
1.712076060559170332e-01
7.872295230328087978e-01
7.667721898017556548e-01
2.910775347394448272e-04
7.607496824909596445e-01
7.055326761344944408e-01
8.999906897965658490e-05
7.402751961650643180e-04
7.088732297357316599e-05
5.982054228334257040e-01
7.847871361866693984e-01
9.954372379451331687e-01
8.207436410097688096e-05
7.911874992902352410e-01
7.796165832221521041e-01
3.558420140844820723e-01
7.555099322952503194e-01
9.937712716665133561e-01
9.939878808978872549e-01
8.440020587908524227e-05
8.529939075389422198e-01
1.933226566709621579e-04
7.334685495313609804e-01
7.476224642707387513e-01
8.589580827208406211e-01
1.835940184029016570e-04
2.397089182433569943e-01
1.154962037646390120e-04
6.184334414443286483e-05
9.973724104780670174e-01
9.745375903458886122e-05
8.566153515327895596e-01
7.751063597648271131e-01
8.535962867922656239e-01
9.996417489568264481e-01
7.471597710943985726e-01
5.612018625856476373e-01
2.449441803776242488e-01
1.196827388009775051e-04
7.215341405936204211e-01
9.339511650499707912e-05
8.478090539278573257e-01
8.603766037636295660e-01
3.703528686239093703e-01
6.424122261574504167e-01
1.447843129796022653e-04
2.220175876343948918e-04
9.080610432291102518e-05
9.994041393018819885e-01
9.993868051008825137e-01
1.755319219611947636e-04
8.055340576264407026e-01
8.310704031481658260e-01
1.030665753335580359e-01
7.734230267610091580e-01
8.497738354424380081e-01
1.769111756579801870e-04
5.525513538832352994e-04
1.103163443879047554e-04
7.799021126657253156e-05
8.223145046546658232e-01
7.770896303579717390e-01
1.372985124253243126e-04
6.985783668820188164e-05
9.126318907519975765e-01
8.541419702664884150e-01
7.825220210459239434e-01
4.103438024356637071e-01
1.002185639412890225e-02
6.729014205615900567e-05
6.680365100903961073e-01
2.311850386606961619e-04
1.940302011202559799e-03
8.045574545093576724e-01
7.861457442972167309e-01
8.094774874334181879e-05
8.251012981416417924e-01
1.091421199877214252e-04
7.093059345701989524e-05
1.618865745876069064e-04
3.966224992615152798e-04
1.466195950798861245e-04
2.652048809132232844e-04
5.762697462937230730e-01
7.630392623921249395e-01
9.437316776122259832e-01
8.474494342894561827e-01
5.310780373961705436e-01
7.924638190867250298e-01
8.632451312751842076e-01
8.304223147569225194e-01
5.811644489175230577e-01
5.967939683452143200e-04
9.944912642237545564e-01
7.890751805064216077e-05
8.034462823899247708e-01
7.668698546994927590e-01
8.637178831685415892e-01
7.696728436424497832e-02
8.911500461017182587e-05
1.976768269032293842e-04
9.006304157428471325e-05
3.797991261627797765e-01
2.926464278593753771e-02
1.941134826995656376e-04
9.993771979947574380e-01
4.858682237366491741e-01
1.408049426140717199e-04
7.397023783310215928e-01
1.320752115658609658e-04
1.895245625631132775e-04
7.711251014419417960e-01
8.389704621888053326e-01
6.196900164398607010e-05
7.572939319953837511e-01
8.457494375194598568e-01
3.698401493267183858e-04
7.639258470228547093e-01
4.047705655677710096e-02
9.411535369486165870e-01
1.132122747577975273e-04
2.992139466862185626e-04
3.418259035503177644e-04
7.283878152959868402e-01
6.003736965394144143e-01
6.735497416835104097e-05
8.454933229975122311e-01
9.816587369257086595e-05
7.347123825552261955e-01
5.484044053200531899e-01
6.047726666104185061e-05
9.977055278736035593e-01
8.452875589784620278e-05
7.918409357727221876e-01
8.416198908761091113e-01
7.950678255358530899e-01
1.352327123334145533e-04
7.193978435408224356e-05
5.842938404983236689e-01
8.304296649301282790e-05
1.023045441211553201e-04
8.296167416546080808e-01
7.890199249756668642e-01
4.609854289322273813e-01
8.212164287070797819e-01
1.100952133067818604e-04
9.542177267257905633e-05
7.890982613356499753e-01
3.819446495405345310e-01
9.372909356316991847e-01
7.725874569714233919e-01
5.902593514845038704e-05
7.191378255052710555e-01
7.982241999803368904e-01
9.993741635196071726e-01
8.028825817150790911e-01
7.958830665994885978e-01
7.898732091447814296e-01
7.908987030230268944e-01
9.923758336831097759e-01
3.151744455778950440e-04
8.347266142929539168e-01
8.294797013176737899e-01
6.888628806995961964e-04
5.241276705928347157e-01
1.494238232256384358e-01
7.371700746187551667e-01
7.411643835662793389e-01
7.208436421126024340e-01
9.990560757684712190e-01
6.283872885336240222e-01
6.834596946519639108e-05
7.904250388890453616e-01
7.830790247857937203e-01
1.162123649329351260e-04
1.359937961392638866e-04
1.173141185287914049e-04
7.218489657506805823e-01
5.800250632168675764e-05
4.048318206800927133e-02
4.341654888475138209e-04
4.737804845021724165e-01
1.051350703708872880e-04
6.635957871496058758e-01
8.232806835379163912e-01
4.804922420549918582e-01
6.998442806226655710e-01
9.917211753277502817e-01
7.922335524571552101e-01
5.728919815926334369e-01
4.636674368869899820e-04
6.500726391528365289e-01
3.573503659179302350e-01
8.446291872350636387e-01
7.643672679144409843e-01
1.642067672293911693e-02
7.757122169029888603e-01
9.983816583141099654e-01
7.071849242721844897e-01
7.914068879728761718e-01
2.025104838283895425e-01
5.378472177648235819e-01
7.924390713652401663e-01
8.344826087166774542e-01
7.654799932360725201e-01
1.965165086228722602e-01
7.533721917770433985e-01
6.493957090801942555e-02
7.804927446167011507e-01
8.121151558546758171e-05
8.447879514046074956e-01
8.394082822157089563e-01
8.077107151944363794e-01
8.112130939578456879e-01
8.639976321815878713e-01
5.209079398614526735e-01
7.845400254796288664e-01
6.316273024192170038e-04
4.674473609053020340e-01
7.403938829652598752e-01
6.218775868620011972e-05
9.781261430216824371e-01
7.918839545930789203e-01
8.245662536268169029e-01
9.993966668169201872e-01
7.961026045198971168e-01
7.139583974051594284e-01
7.576006177239766881e-01
7.371593364895074885e-01
8.039896803896923183e-01
8.480981050694615941e-01
1.279682347876066797e-04
9.965058234136136748e-05
8.192128065894789257e-01
8.162989902784397733e-01
7.474856126096588187e-05
6.709721562283876839e-01
3.609728147687784727e-04
5.294724955073396716e-02
6.673885360962492630e-01
9.792442616422537523e-05
3.149861139916966253e-04
7.158073140265809320e-01
2.343626994538439146e-01
8.275106758590971001e-01
8.615403365011353731e-01
8.637858189682848797e-01
7.482698544166153098e-01
1.312291293566597017e-01
8.372367148646631119e-01
1.444155984561370284e-04
6.807282522101183453e-01
1.055561635025979256e-04
7.939135905022935980e-01
7.962169340673521667e-01
7.890387936582567985e-01
8.853509490008141017e-05
2.408285059557581712e-04
5.019687645248948060e-01
5.178318848069356495e-01
7.864239426073064143e-01
8.007965986731016006e-01
7.725911758692645126e-01
6.761318744234970520e-05
8.624268507311593224e-01
8.627172298400846984e-01
1.091649428717703248e-04
9.908140295283189847e-01
7.038558248229870307e-01
6.521507993813000503e-01
8.383114993393098180e-01
8.538217775176911717e-01
8.003504559117157347e-05
9.990540082090996199e-01
3.501705010771192670e-04
5.536296883274101077e-01
8.467809865219959320e-02
8.467241482447942502e-01
9.721342091110531936e-01
7.893850285794998811e-01
4.238808340942549959e-04
1.084024615001944202e-04
7.592264187635316963e-01
7.738151743806989113e-01
6.890049955889526203e-05
1.460812300696667137e-04
7.840528924252423426e-01
6.629283105711718527e-01
7.859694379923750640e-01
8.071464916010089308e-01
8.475580301164021212e-05
7.364693061682728858e-01
8.517851218072718111e-02
9.013111684660933820e-01
2.326310407196018602e-04
8.177249587353698779e-01
7.710730453743475576e-04
7.452872672035038004e-01
8.839048352239567419e-02
1.244651011137954864e-04
1.351074994478457985e-04
7.705748068642723769e-01
5.148066799307172703e-01
7.039360353248371620e-05
5.606883803270455990e-01
5.576763762552103820e-01
9.106369932457354286e-05
8.687551611904030802e-01
9.994026510429470100e-01
7.971477103633953787e-01
9.884185751471011860e-01
8.452130912455594336e-01
8.423190680306165135e-01
8.259398761582379400e-01
7.862325206311362447e-01
8.011112922049311580e-01
8.441468567524415794e-05
6.392651359398281597e-04
5.650048422248992175e-01
3.600349965735795345e-04
1.858428957124750301e-04
3.378223402312541257e-01
7.779426594246602322e-02
6.000618241615712778e-01
2.312399174760290145e-04
8.576121307160259222e-05
7.304389298446047714e-05
8.475234433217226915e-01
6.773888940197528852e-01
3.529355610717760296e-04
2.956295892393096536e-01
9.452841330638649397e-01
5.543699878669442471e-01
8.322747401983390247e-01
1.051133706371146898e-04
6.239542276260905259e-04
8.183688665464420309e-01
7.621188931999281881e-04
8.101455750907036180e-01
1.018175222727108284e-04
8.523178641823682122e-01
1.835807994758296958e-04
7.932948825847120355e-01
8.487067151154591427e-01
9.047334925957466467e-01
2.455521596036128740e-01
8.530232501008391255e-01
1.010591941586551595e-04
1.591770526283244796e-04
1.812187382429003763e-04
4.599743489505834781e-01
7.834022282894456124e-01
7.677378995464563260e-01
7.709158144269669943e-01
7.797917917896253492e-02
1.961205563610900508e-04
6.237204188460142573e-01
2.390173061243375274e-04
7.763106452868681062e-01
7.911316083706049218e-01
7.921301376868263855e-01
5.238150767594251800e-01
8.333733179823457071e-01
1.788029238688567833e-04
3.484123299100829602e-04
9.994318652970798356e-01
7.742455047869986062e-01
7.837399908622932898e-01
8.118556883379677291e-01
7.356250392165843976e-01
2.531145106903110453e-01
5.315951346255847199e-01
6.097365185726943797e-04
9.698516384505507792e-01
2.801271266818107899e-04
9.989031527192309134e-01
8.944812233842635019e-01
6.873051048161145093e-01
7.453905264591553781e-01
3.830797472289948491e-02
6.549911074457509530e-01
7.834999346398966447e-01
1.148138374001274982e-04
5.759764548393095929e-01
5.860952156615245601e-01
7.920831675755447554e-01
8.049116797074594709e-01
1.939862024917825333e-04
5.287841817758989586e-03
8.428011288524096534e-01
2.645715204208017868e-01
6.714328037203144417e-01
9.989482723807538989e-01
1.104543867174575595e-04
1.686090846852453457e-04
7.819029312165666212e-01
7.099901671275268278e-01
5.292445135858480088e-01
9.990415706089623704e-01
7.349901999411301290e-02
8.308606131748542678e-01
6.902283505060748947e-01
7.893631945647456849e-01
1.212163316815343289e-04
8.485318108698637340e-01
7.756931958025132801e-01
9.881896233492672987e-01
7.702115053308472570e-01
2.267357948302694626e-04
1.562180638447834512e-04
7.884201065914476780e-01
8.217549286374734030e-04
6.980147394074959211e-01
6.869994435780474307e-01
8.577552787650513100e-01
8.014445779379832935e-01
8.448046034779785884e-01
3.010666043714772420e-04
1.490420627086019021e-04
1.349348942168805752e-04
9.937132799739788469e-01
5.961446834538101092e-01
8.642357674451168759e-01
5.306620377067046163e-04
8.421676784418309358e-01
8.491657179499013663e-01
7.243936841256354287e-01
8.208898744284914839e-01
7.632807212371810863e-05
3.259889199292961880e-04
7.955660127754748956e-01
8.637839510122722331e-01
6.937052989014255155e-01
5.432980231360887702e-01
8.298858847675447681e-01
8.017421483808431226e-01
1.878073883342718919e-03
7.909870587440172018e-01
1.123570257161097516e-04
6.904436990721587453e-01
8.802117651574646873e-01
9.108794113166889250e-01
7.374349748836510621e-01
8.353160873430636180e-01
1.309775560662763613e-04
8.883594684910238737e-01
1.474521719892191163e-02
8.434077241014360515e-01
9.376908803338777076e-01
7.859794545681433320e-01
8.405215262848492186e-01
5.954629070398188562e-01
6.019602000302798350e-01
6.399068289128025944e-01
8.205675010788425548e-05
9.940676808009254461e-01
1.472929245183642207e-04
2.025438410119717494e-04
5.347614228149367337e-04
7.777161669809921074e-01
7.757366634881732725e-01
8.310894332031637521e-01
7.949814705593630793e-01
8.634338322025397749e-01
6.738047120119032552e-05
1.343065635086194032e-04
3.099110237594889590e-04
7.883641978091382452e-01
7.917844828942280921e-01
7.784266558136846662e-05
7.894852436155792574e-01
8.766425186055756269e-01
8.599519647528826027e-01
5.118623458726230492e-04
1.030543964809380476e-03
3.185504111952179216e-04
6.860155878106611183e-05
8.488382414929703801e-01
5.084515759158937387e-01
7.624046715637073923e-01
8.142781071093320167e-01
8.308510999243096107e-01
1.162587901306890098e-04
7.996517568990606174e-05
1.340238687363082737e-04
5.841381547335390279e-01
3.566016094608120968e-01
4.799718513148352739e-01
7.347174245783165349e-05
5.962302675410142694e-01
8.402568659998841394e-01
7.270095267561584862e-01
2.338285290550671418e-04
7.088179195630840423e-01
7.013876334407013191e-01
7.229954634120642210e-01
7.658800396111984377e-01
6.348824296794211097e-05
7.751718487115142166e-04
3.609451239852763949e-01
6.021945925125917398e-05
8.477355038517296881e-01
9.977916167156332117e-01
6.040669646372213378e-04
7.620133934654308439e-01
3.663954677309765539e-04
8.476388586575841488e-01
7.981801821245008144e-01
6.385605114919978842e-04
6.606472915028199777e-02
8.556999412630367230e-01
7.806094205202108727e-01
7.809193214303942199e-01
7.914517434490814241e-01
5.832428810443422984e-01
8.549089676216057310e-01
1.521128471954789549e-04
8.283435828792969329e-05
3.459583523203176654e-04
8.441644217220736213e-01
6.241806753317546974e-01
7.997998825251867450e-01
9.930838323231582221e-01
2.837068352668873912e-04
6.838831934993490694e-03
6.679243709489560699e-01
8.130232358303626228e-01
1.952922574865626295e-04
7.637167085836654712e-01
3.227286012194634192e-04
7.777413656132852182e-01
7.722489740770290823e-01
2.524759752746762826e-04
6.985844666964812211e-01
7.688032648131363223e-01
3.676877269352379352e-01
8.498972578996836225e-01
8.606511496936258832e-01
1.846692202657009593e-04
7.718030201627111841e-01
8.440057220760636136e-01
9.129104672267252852e-05
7.762291507880884067e-01
9.988114662362949092e-01
1.147473386612971573e-04
5.951632544432494676e-01
5.057997521216570647e-01
7.847592906901534795e-04
6.082482994824576128e-05
3.435941577337300185e-02
3.276650807826607566e-03
7.709628725829614782e-01
1.355309425908623219e-04
3.502294011464681667e-01
1.016034950417858684e-01
9.994013885828447741e-01
2.416666605623022041e-04
1.029002493954106201e-01
9.979207355869399443e-01
8.954806809835710315e-05
7.949248310207658319e-01
8.017652140695028518e-01
3.153756702044038102e-04
9.838021784428371275e-01
7.557928081344789106e-01
7.361057870047134077e-01
7.715026508133870692e-05
8.485357793501321355e-01
7.948381866057423473e-01
2.603647299392713443e-01
7.575926755973271254e-01
8.065142844892894125e-01
8.137346757392485141e-01
5.462693940965767103e-01
8.295109730153802374e-01
7.814010094209686841e-01
8.064331310620049820e-01
2.997403648723542271e-04
8.402053510403020287e-01
2.535600358308401359e-01
5.843771587139555690e-01
9.995819010898739920e-01
8.034057685521718284e-01
7.785831961257023703e-01
9.742681970062841978e-01
7.821966722161775021e-01
2.680509030816674272e-04
7.862022016837802996e-01
3.722154944379266889e-02
3.381429595514044684e-04
2.816620115582748056e-04
1.842573448227900941e-04
7.681713853115812451e-01
9.453124958494850683e-01
7.884582504397200653e-01
1.751421336805811832e-04
8.607930090442397209e-01
1.883170215006047810e-01
7.839050677678373047e-01
1.966825309050021964e-04
8.384852635785413622e-01
7.338825281283605229e-01
8.316453065448272675e-01
7.572521361805060192e-01
5.776903197768740004e-05
7.889401758705401058e-01
7.277224319294735011e-01
7.923776716868158321e-02
5.924374264478529618e-05
1.728137086382658871e-03
1.376124902679709788e-04
9.990184713822409801e-01
1.934553699177384597e-04
9.905507774288457813e-05
9.912856252134032431e-01
3.122225374247280584e-04
1.031701400645113325e-03
9.745328345889779920e-01
1.058072194198291238e-01
1.928581446356384158e-04
1.035756916928779251e-04
8.243717780266687223e-01
7.543918141243030062e-01
8.245200677017800817e-05
2.652824008921637975e-04
7.285237083811474390e-01
7.839355767717389734e-01
7.736285303572050243e-01
3.131968415607152265e-04
5.514499432248975985e-01
8.409066025094300567e-01
9.042983802195908583e-01
8.501617977832210959e-01
1.257546370220736565e-04
7.014217777991730296e-01
8.229359509035122366e-01
7.338413614155212539e-01
8.636831226970039799e-01
7.825164059697527425e-04
8.470519819303274911e-01
4.377006661215356864e-01
1.120777285532278695e-04
1.144675827899942151e-04
4.610460796410531525e-01
5.459125988916438106e-04
8.437441923928351573e-01
3.990869692569354484e-04
7.786954886053839564e-01
6.949526745500336222e-01
2.807541676828028687e-01
5.738681059178759591e-01
2.045924171670958391e-04
4.445388008884597619e-01
6.061598481997294147e-04
6.217707118185080318e-05
7.189966345934571408e-05
1.255213760530228073e-04
5.560942197922044139e-01
6.342991377545516957e-05
7.796690501412580944e-04
8.141949890729779371e-01
8.300279266410950374e-01
1.662482894830642809e-03
9.993204730856413143e-01
8.338945493345193416e-01
5.679703030963313839e-05
6.880828004109869095e-05
7.738131107533298136e-01
2.460301767616691047e-04
8.409913182211409266e-01
6.587178876198027666e-01
8.271222024609401480e-01
8.067351130600273201e-01
8.639242944692407573e-05
8.028349982138949237e-01
8.463612044262344147e-01
7.968983795961391836e-01
8.583943022129156830e-01
9.992665686456083662e-01
6.804738670628665618e-05
5.329073720659045499e-01
8.118803228861333210e-01
8.454971865935938524e-01
7.828250835940907537e-01
8.300088474493397817e-01
1.160340470991244263e-04
9.894968440487234007e-01
7.740167555280967893e-01
8.081123907183717092e-01
8.642635232236330900e-01
7.678322963667407741e-01
8.564474522743455998e-01
8.613386730289612769e-01
8.365357161697011268e-01
9.974463942131641669e-01
1.353757405297384929e-04
3.961701854125017630e-01
2.660993769572958913e-04
7.240264906872054818e-01
8.554085096234596008e-01
7.820698129918085550e-01
7.572150111748312540e-01
1.936181164612322831e-03
8.197443815587014404e-01
9.514804038357573327e-05
8.604021219448876323e-01
9.757683581970142406e-01
7.804713743303829387e-01
5.386212647967661971e-01
8.598120323615459249e-05
8.392671210632706158e-01
9.918244434537238918e-01
8.787132462606211491e-05
7.934606355493794005e-01
9.259649313374674739e-05
8.136186007143849652e-01
8.440568297650584695e-01
1.750977926728357705e-04
1.672639226677642005e-04
5.920897917879572869e-01
8.461768805464265969e-05
6.772560583464115461e-05
5.994399885886797811e-05
2.354135956742082949e-03
7.372044559345768411e-01
5.983392063194491878e-04
7.810329393564372502e-01
8.102342105667275085e-01
7.493760106143372290e-01
8.053611988587849879e-01
5.655588525490827800e-01
8.595645703377624569e-01
8.614875186353706527e-01
8.344763284498238898e-01
7.694062824927427879e-01
7.939271936959452214e-01
9.963029212095888543e-01
1.721675188664129226e-04
1.119529215219035867e-01
9.974429241056750328e-01
7.732952777427508639e-01
7.641222979272822569e-01
8.733604032292706654e-01
6.779155987187252767e-04
7.205952289079210482e-01
9.797776688514877597e-01
8.532117884054787327e-01
9.994376039805423773e-01
7.142180444333776079e-02
9.317125973870254985e-01
8.480594442715300163e-01
7.638632574038017875e-01
1.475257707101366284e-04
8.629346555836767704e-05
7.917879283422011305e-01
1.795315665958673100e-04
2.072813261146432343e-02
7.451860098304541324e-01
1.550598547171355354e-04
4.144334604570792391e-01
2.161783306356103375e-04
8.529174061493126624e-01
6.941967118497560651e-01
8.439856156885556793e-01
8.624170174391752042e-01
4.947162989618894557e-01
7.947915848872125766e-01
7.216578984046820855e-01
8.617919279083071649e-01
5.221104774056616613e-04
6.196766696559962307e-05
7.236215085939422731e-04
7.630944719719113811e-01
7.888703899326993119e-01
1.378545293891565065e-04
8.492452464292467914e-04
7.872177471430438223e-01
5.001012033339957696e-01
1.467350190079400485e-04
7.827937254689514290e-01
5.833447963761849257e-03
5.995000709952154061e-01
7.798596694268411511e-01
7.306295867583111336e-01
1.484610931341024678e-04
1.686829987487549996e-04
8.373590108400260634e-01
5.688988238972657058e-05
2.373132283252247848e-04
3.697176306931972412e-01
8.340581467485157496e-01
5.862873560876745709e-05
6.794392070560976160e-01
8.505483299756078086e-01
2.008391855441132965e-04
2.035018907708732163e-04
1.056986763052881020e-04
8.036491783579036716e-05
8.466394186821993850e-01
8.406795171942806899e-01
9.991305809524554382e-01
2.776315358324798772e-03
6.632884658850531912e-01
3.941337127771707416e-02
3.141674292136549225e-04
6.149281487606901998e-05
7.404854099281441560e-01
9.317902203891224033e-01
7.219904886282575429e-01
9.846892446967765444e-01
7.933966854715474026e-01
2.414106504871769347e-04
7.878955912892553481e-01
8.297323541427806814e-01
2.054476923292560264e-01
2.890045102548338685e-04
4.478095624076479653e-01
8.113398809116695309e-01
7.065196644437464757e-01
8.008099603504250652e-01
8.481478310887109462e-01
7.701143102975815946e-01
6.596316678970991047e-05
7.987592160389973550e-01
6.655049500887264546e-01
9.965747980352780422e-01
3.732379452529730672e-04
1.755868687455157742e-04
7.764974133448917515e-01
7.754197184147294530e-01
9.990799206275755573e-01
7.905144309302021277e-01
1.849511850694199517e-04
8.282888153687244515e-01
4.847279185302295623e-01
6.639619658165962779e-01
7.648033381339320869e-01
1.107455292050192949e-04
3.563814882793344546e-02
7.600390612383866040e-01
6.792414796893739837e-01
1.320424079730981421e-04
9.993721183346925274e-01
7.880134017827529203e-01
9.698018082335543300e-01
1.108661616791659375e-04
7.713254786821770459e-01
7.516915934876103877e-01
8.024205222547077243e-01
9.994128888450861670e-01
8.362319845171760596e-05
7.525341926247306346e-04
3.597347089948785825e-01
2.594755513517849575e-03
9.977744197388008773e-01
9.993917022650731230e-01
8.623256008431592345e-01
8.161632281578449222e-01
7.906205186685330011e-01
9.994777389381931387e-01
7.722650092986980130e-01
7.389832164319478647e-01
8.597832102190650083e-01
9.030873001599923290e-05
7.712866845998529453e-01
9.882854630080842862e-01
8.477292074098381480e-01
1.969854588374796470e-04
5.305352899536842741e-04
2.522562559507802726e-01
1.848938536683827211e-04
2.077769703717119226e-04
6.998668095465924110e-05
3.448292648598056398e-01
3.498652639292369033e-04
1.429906634767758311e-01
7.597767023127398600e-01
8.493440939827832104e-01
1.484918809135536894e-04
7.901956391746461916e-01
9.014800830556981559e-01
1.328304844034326358e-04
8.178796629822010500e-01
9.713963162623876491e-01
8.610835400769367709e-01
1.216844011317604399e-04
8.050804039830412595e-01
1.024564814878129137e-04
8.482912549577915629e-01
1.536967654754311206e-02
6.852949412158157645e-05
7.863065913988799283e-01
7.880395473514639759e-01
7.909665015439995006e-01
6.911505141088107747e-05
4.585816110288430947e-01
9.995116962227981183e-01
9.593549069045994582e-01
7.450780801198861325e-05
7.692665263870283043e-01
6.463372155751073711e-01
8.262943669359782417e-01
6.760043017702413448e-02
6.847990309404274889e-01
8.501261407364747447e-01
8.075037299179156358e-01
1.549989795713427104e-04
7.453332162086780954e-01
7.941432655060087775e-01
9.978349774470565148e-01
2.631252184098005118e-04
2.556406354437866318e-04
9.938178536055508605e-01
9.860238841028111656e-01
9.891883222436404118e-04
8.193195072468969498e-01
9.553145441062792509e-01
7.400123352474236027e-01
3.209498810082587750e-01
6.658441418002900329e-05
7.546726410562825116e-01
8.151379699176410920e-01
6.819173944790634101e-01
7.672756309166172128e-01
7.900079350228261799e-01
7.430223373989908175e-01
1.646814061653985328e-04
9.936842360560909082e-01
9.984811132658706345e-01
7.360429871880702635e-01
9.964691466165559453e-01
9.739096643443446077e-05
7.868396589476900349e-01
8.607237964473970493e-01
2.108231553073745563e-04
7.792428918128662119e-01
8.591852143689204802e-01
1.399433974801629448e-04
9.815357758562230917e-01
2.507702350878924439e-04
2.051980383707326940e-04
1.827740633847639573e-01
8.169683375764703603e-01
7.391922814086088200e-01
6.954324835205901723e-01
6.022508267055202147e-01
9.791595419541910324e-05
6.851506348672152802e-01
8.237769968502650078e-04
7.165585309926382207e-01
8.492751999844082578e-01
1.573872875720384098e-04
8.123840169160604101e-05
9.929338088406090002e-01
7.727923957966225110e-01
8.064699844854532618e-01
9.125805420215891972e-02
8.826454868725560417e-05
9.982657077124879041e-01
1.584718256434345968e-04
8.454973176757604181e-01
7.999087531866075915e-05
2.678276838945378930e-04
8.020489127811364360e-01
5.817031005917036035e-01
7.860754489009225132e-01
7.583303502140925634e-01
9.786358739561553666e-01
7.399529848827125500e-01
6.349710353026082332e-01
9.995235535074398214e-01
8.602658345365353787e-01
8.626123394887653673e-01
8.121525662020393499e-01
5.161591001356501396e-01
7.857790584981716453e-01
8.415184366307933983e-01
7.488580186796095495e-01
8.638222366398480290e-01
8.196317041750352805e-01
1.667092907624779976e-04
7.034978895155715728e-01
1.413155754138453539e-04
7.830233317156277684e-01
7.964527853805356550e-01
3.537139341476018273e-01
8.605549282920080811e-01
8.010529693871291101e-01
2.694021190607436833e-01
3.861653473290819205e-01
7.399779269569439766e-01
7.294091567532208220e-01
1.506059906387431277e-04
7.742780052952240588e-01
5.634069964912299389e-01
7.417452156906977345e-01
7.800302226812169115e-01
5.839382673703075264e-04
4.769817862005767961e-01
8.444643293698882447e-01
2.120872600049745181e-04
7.337696590939605246e-01
5.739853524000679085e-05
1.325701551635774750e-04
5.190559212025138702e-01
6.085344040127108983e-05
5.992857269473767445e-05
7.822986910942585359e-01
7.479467725239029585e-01
9.995110923615855292e-01
1.526608783091399008e-04
6.277787112402428678e-05
7.613805406816434029e-01
7.509215199611994906e-01
8.609585294868299377e-01
1.431315256071979925e-04
2.236349193025592144e-04
5.994281138722231672e-01
7.672019919498893614e-01
3.925730082444373048e-01
3.806448554363330850e-01
8.039013348191249575e-01
4.059225081677482194e-01
7.943660332570460225e-01
3.763895438892265479e-04
6.137735225239280092e-05
6.516740610677670357e-04
8.737743843676769957e-05
8.189455689973715868e-01
6.827019519000505632e-01
8.441458354118039908e-01
8.947766485201562911e-05
8.616209549774194176e-01
8.324500020126673894e-01
8.331150538480348589e-01
9.985497566652006274e-01
9.644438059940614316e-01
7.336185113480330200e-01
6.836599725361146573e-01
8.765628996301437644e-05
9.992174211029698494e-01
7.890620734094242472e-01
6.241410688366912929e-01
3.901167737277866777e-04
7.209927997790240017e-02
7.863321067252252439e-01
5.759692666914723036e-01
8.409186232381896664e-01
8.269434798695732836e-01
7.743660573994353147e-01
8.743984613196760622e-05
7.892102874225978004e-01
6.242239294276383799e-01
1.481787739676283257e-04
6.656843353691953569e-01
8.994777392312021391e-02
8.644454362262217195e-01
7.551614056705289180e-01
6.157086072409417420e-04
8.037869221983998669e-01
8.055811267113034413e-01
8.167635203523643250e-01
9.287161428877556135e-01
4.626727604306741792e-01
5.397560299904212711e-01
3.709479334099636816e-01
3.472399640970127987e-01
8.520834407930226728e-01
9.283579823074256110e-01
1.823516024628097591e-04
1.011422085804302324e-04
2.633452884253118312e-03
2.239826319956390310e-01
7.590999314213526805e-01
3.367398021161436498e-04
7.740005422922189293e-01
7.569253656103720473e-01
7.982083157540079688e-01
7.930219476370271581e-01
7.478662071582332649e-01
7.766128066662720819e-01
1.382373123524469787e-04
9.967574516919985861e-01
7.904925787644724311e-01
7.709801715720688842e-01
9.983768826617384073e-01
7.800076503305320985e-01
3.135750894540915057e-04
8.478471460069911814e-01
7.460964956449306351e-01
8.243256908091683988e-01
9.990834802895075528e-01
9.992886763228108205e-01
2.672541476126347182e-03
7.508620899112282698e-01
6.588249908237678873e-05
7.383088570147254837e-01
4.942222159996431663e-01
8.355468044507801118e-01
7.330763636818410367e-01
6.664725149556898209e-01
2.255951814774810604e-02
1.582902534362046329e-03
6.304322662598466076e-01
8.289210897866466921e-01
7.918949589195927175e-01
9.221957186527536265e-01
1.890882147294633663e-04
7.788714762608400788e-01
4.079512410021304269e-01
4.798044958236630936e-02
6.844269588401301618e-01
5.777586948738979711e-01
7.615601061684985629e-01
7.532971200400049305e-01
7.506764877606751929e-01
9.990700991331518122e-01
9.851622060224091864e-05
7.230377006821523777e-05
7.828101157678136785e-05
2.030632992146802582e-04
8.235667662704568848e-01
4.070649989286079240e-01
9.973312540591495745e-01
3.484675123517987916e-01
1.228380442744764786e-04
8.206574050062860337e-01
3.823096112763919190e-04
8.939498036021532590e-01
8.625774288137413315e-01
9.542309367140082020e-05
7.862688523557669340e-01
6.332545167700479288e-05
4.814712327373735778e-01
7.990787660959430827e-01
8.785458817973869072e-01
5.347922301514008714e-01
7.610269777250638912e-01
8.351562531992415828e-01
8.074328617802178920e-01
8.259786266083586348e-01
7.922290294577944980e-01
2.045886980002284694e-01
5.911319828125679091e-03
1.074416826771220436e-04
8.283451192698655374e-01
4.713882954070969244e-01
9.959177148169091609e-01
5.525579642250058989e-04
6.408160218414472586e-01
8.650177917703401054e-01
8.215374197049566396e-01
7.928439629836063762e-01
7.147775202623072384e-05
2.525754838795279955e-01
7.968697995654457911e-01
1.482214400806947617e-04
7.361985486421634972e-01
1.581991737525311470e-01
4.065174448571305275e-04
8.986017708083988368e-05
3.713521775569309513e-01
1.110490101772098779e-03
4.189954102136338090e-04
3.007388177281436546e-04
2.317603329266324332e-04
7.209718734696331222e-05
3.723034070116740279e-04
9.988181922979719740e-01
7.741180233859600301e-01
8.192998654060121844e-01
7.948421629745354711e-01
7.846101451838402019e-01
3.589300875954022640e-02
7.405266468498275523e-02
9.306898954550525075e-04
9.995839639963193246e-01
1.637223447409611897e-04
6.783568901908914271e-05
7.332899998806399200e-01
1.202566956429897268e-03
7.907262035654969434e-01
6.553838049835305490e-01
5.665824430107024856e-01
7.311553647229273034e-01
7.806679885102418837e-01
7.355538368906145985e-01
8.577098801905810310e-01
3.037562791286947911e-04
2.005588048195608626e-04
5.196363151796526969e-01
6.076951230156916155e-05
9.980746426916367042e-01
6.720322016078380959e-05
1.615204905417591888e-04
7.844590427970404845e-01
6.007916023589489763e-05
3.584952404189343969e-04
8.455905696381460501e-01
8.526259872499685200e-01
2.699646814027997221e-01
1.383372347663789042e-04
7.805418674461430673e-01
7.861177354031836373e-01
6.835743442031007799e-05
7.296520954042253759e-01
7.940687686951178881e-01
2.034463147098484624e-04
2.688348976953218172e-01
9.919459001876130535e-05
7.852937670641315648e-01
3.800934624545241865e-04
1.572007733720804379e-01
7.659086121660737545e-01
8.290287633978540294e-01
1.310532645104022767e-04
8.171024734890410812e-01
4.947815498818141505e-02
9.488739474449192635e-01
7.644380667442071120e-01
7.462531492392939780e-01
7.676666922071821997e-01
5.709024257281483216e-05
9.928938229544084226e-01
8.270431540848058871e-01
8.531694431130903316e-05
5.611772662148448720e-01
7.747061630414990852e-01
6.716712059192589956e-01
9.197763154801772984e-05
7.617562437195253278e-01
2.823900313954112121e-04
5.600445349316252042e-01
6.665198995608080379e-01
5.497173990791952118e-03
7.813155317243247744e-01
1.920614639778122420e-04
6.960732660757808622e-05
7.576101612831488419e-01
1.034337376943096068e-04
7.889097356702632347e-01
8.493019813375601856e-01
2.776663342351149886e-04
6.540795021305627621e-01
9.958823045807323471e-01
8.562371429540922563e-01
8.369665592583570568e-01
6.994935519239916502e-05
2.125556868835876134e-01
9.682689711145323693e-05
5.498929386518572882e-01
8.513500957880367759e-01
7.711284630669851259e-01
7.038748356237187753e-01
8.156856221242968497e-01
7.856206939406412812e-05
1.058423089248477222e-01
2.568783116749793760e-01
7.745171968675345076e-01
8.240058445931099929e-01
1.045865078396141429e-04
4.646857419200526294e-04
8.638209963215093268e-01
1.487377692262930099e-04
6.074158892968868195e-04
8.639903626834630757e-01
1.066962400569055431e-04
2.937613333864736690e-04
9.850174631835609818e-01
4.398373169706634167e-01
8.246004296465225553e-04
1.018791416761945169e-04
7.170484768425310334e-05
8.570366551583395926e-05
6.948552736885044232e-05
9.474456997492252449e-05
8.564139646472371803e-01
9.250998088766339000e-01
3.353381076170382502e-01
2.624645474564806825e-03
4.791997015130856213e-02
8.567341471208326231e-01
9.938636586753489821e-01
8.501030631093808854e-01
1.158815599986477246e-04
9.945283660433734685e-01
5.304029784542827475e-01
7.762334500030571016e-01
1.729050226581648475e-01
8.015247176233820658e-01
2.644559289716342815e-03
9.993478584939231579e-01
7.488734007926608482e-01
1.371911581242576332e-04
8.271877091316793829e-01
6.647369771489725077e-01
3.230651564332128844e-04
8.729040997228214305e-02
5.682098527039957103e-01
8.121804954973742552e-01
6.600173999561356197e-01
7.539236482834922315e-01
1.634337414456700109e-03
1.136831382331885022e-04
2.082769342832374408e-04
7.629204549819779135e-01
7.635845009837808339e-01
2.879331946693156974e-04
2.259182564928215848e-04
2.146113830779417051e-04
1.079857569568549346e-04
4.302774916489364165e-01
1.037577416644122480e-01
7.413366265995271487e-01
8.558294806950840217e-01
8.400679149457944694e-01
8.253936592918449389e-01
7.939168994689814740e-01
2.615200692756620114e-03
8.800332605128575736e-01
9.926812706687658805e-01
3.622600412046708511e-04
7.949613830370075851e-01
5.164383980116470374e-01
7.487567391926572835e-01
8.536750761594368297e-01
8.992807290361445327e-01
7.997280493716494298e-01
2.625300419556906260e-04
6.409831969523819284e-01
5.896872185975421746e-04
7.686313775276721882e-01
7.075283607019260401e-01
8.625764996917214544e-01
8.389817119026719006e-01
7.843356677786854636e-01
7.256955075758596552e-01
9.993163205824924233e-01
1.039651262471449656e-04
7.856813700767433239e-01
8.367542835180168392e-01
8.782753340105188267e-01
4.206256691218644983e-01
1.045171951981477141e-04
7.813857260578248587e-01
4.344144312892760942e-04
6.798158853965906578e-01
8.316447955083203312e-05
2.558944565486345095e-04
7.290407444131299375e-01
7.821974551115306040e-01
9.993812452710792993e-01
8.045124551148893355e-01
7.458408792240945884e-01
1.541661849209047808e-01
8.414823079344416756e-01
2.137916908523417915e-04
8.268246472810115710e-01
8.435406012629661499e-01
4.034333191381641085e-04
9.681280799838381135e-05
5.474666851861369476e-01
7.868863564771910735e-01
8.774801658394507653e-01
8.285660752928923900e-01
1.215313715069626027e-04
6.957847956431851709e-05
7.278071869128290849e-01
1.580710416827547124e-04
6.314916311958016556e-04
7.929301101028513044e-01
2.395350936878356228e-04
8.278130388486586444e-01
5.539998881394749830e-01
7.976394284364425324e-01
7.217577206475151406e-03
8.413638449556382071e-01
9.992896156440296274e-01
7.806618524247319613e-01
7.132520346888987506e-01
2.453230261707554320e-04
9.993685042534847796e-01
7.927574836979041084e-01
2.086473825410085643e-04
7.829452744698992550e-01
5.788650940604376290e-04
4.241090001295679257e-01
8.162946963812052203e-01
8.262276171060302099e-01
7.873460809041027408e-01
5.974145595703874996e-05
7.858366674554249087e-01
3.232677304938660467e-04
5.644141439570269370e-01
9.993819688494404163e-01
8.100115817736842638e-01
5.224405005181550488e-01
9.988318274914160799e-01
1.674845718474781558e-02
6.605671533925406463e-05
8.553431133657912744e-01
1.472046369509228412e-04
7.915896801668920331e-05
1.253419947279098235e-03
6.445449944272649669e-04
9.714756705362218581e-01
7.932045974163118851e-01
7.759958537914320997e-01
8.131117609964164661e-01
8.278692077136026173e-01
7.116998427796880078e-01
3.127936149493400486e-01
7.568254281321363797e-01
7.410818365994384545e-03
7.640804346009355541e-01
2.415010419890223706e-04
8.431108263311146711e-01
7.876520245089544403e-01
7.790899737284442406e-01
8.497554721512322264e-05
8.389473955848388842e-01
7.887200428608152070e-01
9.888212501017978884e-01
1.455036443889011488e-01
7.337577734897677839e-01
7.897988614391135941e-05
5.785767091829742523e-05
8.436832534728004873e-01
9.021443184584612490e-05
8.487248269209558549e-01
8.170909322728375779e-01
1.372268835897201664e-04
1.936675878941018498e-04
7.573224973711524255e-01
8.642025646540717476e-01
3.565778909901402005e-01
1.130578229738031173e-04
9.983233110015141687e-01
7.963641241412829919e-01
7.527979051775808284e-01
1.150470229440370791e-03
7.709808329105607427e-01
9.906135786449524749e-01
2.749858822120705378e-04
1.004904101622472040e-01
5.730112660484294821e-05
7.232793319861763326e-01
7.965151198189972526e-01
5.632789017178611024e-01
1.681155465054499020e-04
7.859285243522766695e-01
1.888642201170228480e-04
8.466298756099005507e-01
5.627507893514493206e-04
8.171697575651157503e-05
1.773248356366215292e-04
7.944133949839573550e-01
5.761496378015670968e-05
8.608315367613741387e-01
1.256979767655369562e-01
4.173415937540672083e-01
7.964363448220681541e-01
8.916111379989620554e-05
8.856634927518453049e-01
2.239113623943120301e-01
5.691608499624356554e-01
9.994610053694867879e-01
6.901567984218351403e-05
6.919922399362755661e-01
5.778656435111064870e-05
4.385032609632606194e-03
1.460418643529415360e-04
9.606015665117645830e-05
7.954608756530632263e-01
2.433480483380175369e-04
7.549241824779135968e-01
8.203079481539700124e-01
8.018685433077744618e-01
5.915242374701320527e-01
2.713664204359478860e-01
6.297444346990749471e-05
7.569462200775077809e-01
7.840161051460278197e-01
5.216277822063583036e-01
5.334840933903467475e-01
1.181756709811376756e-04
8.149680747650724921e-01
6.748167309740040753e-01
1.721710966756130334e-01
7.973021291065081062e-01
7.371387349523645944e-05
7.530449685090012668e-01
8.435279199186043186e-01
1.972318237395954688e-01
8.069796761837654264e-01
7.685963124174458884e-05
8.431169713081225758e-01
7.233447738639326298e-05
1.879012046249732993e-04
2.264180483824500235e-04
3.684630280813338339e-04
7.545133564875784460e-01
8.634211636662962874e-01
1.660549632234162853e-01
8.472943920105818760e-01
8.100394391442448105e-01
7.411498188228808903e-01
1.109918723262202456e-04
6.557305270482902682e-01
6.884663519804656850e-01
2.698553797872757357e-04
1.318294502027961322e-04
8.620265322232243399e-01
7.538663377098860918e-01
8.305521821376379288e-01
8.603296366581729693e-01
9.981027424472607157e-01
6.689935633313441876e-01
1.026060229130209677e-03
8.517592737756526367e-01
7.600297029122178305e-01
4.064029168473814457e-01
2.289377482551203198e-04
8.346738948648891876e-01
8.543716807238525002e-01
7.865574324349262625e-01
8.080777879538811881e-01
7.631859247524708234e-01
7.396395865901801425e-01
2.425862343501986550e-04
7.622190600780441860e-01
7.342532679194406775e-01
6.802106911408805079e-01
6.985056719692960270e-01
3.406871673793824347e-04
2.461360414825503485e-04
9.988201975726563875e-01
7.735031604454766230e-01
3.226990230502931323e-01
7.517057665319454296e-01
3.440164671709607645e-04
7.722533601451352370e-01
8.482702109450737105e-01
9.995761871790602715e-01
6.265566655458705407e-05
5.583219974622364301e-01
7.615991757839782883e-01
6.860275039781309481e-01
3.789577430304588018e-02
8.910747233787162935e-01
8.629412926967287012e-01
7.833371435735888566e-01
9.612139584405710090e-05
1.371154382544644479e-04
7.107280274138144671e-02
2.680952050065578685e-01
5.489148482572612231e-01
7.848095242371386782e-01
7.485741217075343832e-05
7.738830739748840948e-01
8.458924020524205556e-01
6.314259336703465690e-04
1.791013996161080861e-04
7.274625144678920974e-05
3.617171493474623007e-04
4.404793553172960075e-04
5.663635334792638281e-05
7.068892875770080384e-05
8.165472670437828873e-01
7.844516354099256850e-01
5.707418414620476398e-05
7.945315251208961982e-01
7.952802989063653127e-01
8.365509115776662563e-01
7.317487963044645438e-01
2.721938276998851400e-04
9.703592138785063215e-01
4.269543550651780928e-01
7.989151349100112043e-01
2.104084747722631521e-04
7.929286910818179601e-01
8.538835156599837717e-01
8.413416201946111151e-05
9.947114885415517804e-01
7.888566286699165708e-01
6.382133520912683822e-05
8.279080249593190333e-01
7.835610091758301275e-05
7.151806597375661712e-01
8.489537252732780592e-01
8.198160209620021233e-01
8.432385299852772631e-01
2.130073269297019234e-01
9.995040408903463902e-01
7.240882096810372190e-05
2.074154425897409444e-04
9.550894062150299053e-05
5.072422082467119564e-01
2.725962156029306405e-04
7.942363329405250916e-01
7.833272736122767199e-01
3.041608894472491850e-04
6.576131787327545424e-05
7.715779077965969623e-01
3.560332402958326140e-04
7.005922939471749267e-01
7.923051167055387145e-01
9.454037869970756500e-05
7.421337262453326885e-05
8.789978922449687149e-01
8.105975853914353380e-01
9.993659272206038002e-01
8.564532493612310171e-01
8.334418222866942783e-01
8.223559030435988459e-01
6.009379594120782819e-01
4.129928270157209313e-01
3.988448581176187169e-01
7.862150560752937389e-01
7.430296523081558746e-01
7.217374471409521153e-01
3.857749052547542745e-01
8.684614566292989395e-05
7.553993945057929649e-01
3.569223473802105584e-01
2.006468171985874077e-04
7.948492096743918767e-01
1.300729327828446824e-04
2.388106091238229403e-04
7.879760280248789828e-01
1.557504260182918931e-01
7.818956777173430295e-01
8.356559895859497766e-01
7.948457342945667303e-01
8.545857882882604839e-01
1.395091646942701880e-03
1.904087828244522445e-04
2.130746929273960588e-01
1.094476912208420632e-04
8.293609928920033791e-01
7.553529070021192116e-01
7.808317045200748874e-01
7.890842347629205555e-01
7.896782862036175743e-01
4.407637063767512742e-01
7.355380476700313919e-01
7.588233122551041321e-01
5.860365999015235694e-01
3.722227255036913724e-04
7.023084002398566339e-01
1.756278967522089396e-01
7.792237832381075924e-01
7.923317271547092311e-01
8.539370282342448881e-01
8.563788687222775309e-01
7.804766024801880198e-01
9.594683297079714679e-01
8.496754924625259386e-01
1.715373755809723093e-04
7.459669994334102716e-01
2.685098626257841721e-04
7.761603144418389721e-01
8.282040213484315183e-01
7.066165810784938994e-01
3.148401830318878769e-01
6.265996909544974570e-05
1.016301202280213737e-04
1.616631624274325052e-01
2.755451731826770723e-01
7.691077644098902599e-01
7.674586639479569206e-01
9.988237188854602877e-01
8.049225305696319221e-01
7.431504364785888050e-01
7.325206032714983717e-01
1.582131338605412664e-03
1.140947681048144063e-01
7.290553754656219354e-01
6.552169629977249072e-05
1.103233650414353357e-03
6.869605845171583569e-01
7.448338744320039950e-01
5.065074833572721230e-02
8.507901314469441534e-01
5.706166178307779522e-05
7.732728225074837480e-01
7.784088457931972460e-01
9.134060185560087808e-01
8.500898090295616605e-01
8.260490955257889789e-01
1.330477399957014917e-01
4.415250820123786668e-02
7.833314701844699135e-01
9.411809615774545668e-01
3.660846011803150840e-04
8.291707576092474108e-01
7.880128660936248572e-03
7.004406309051289803e-01
7.351785767707993413e-01
4.004595104776468850e-01
1.285594537616165925e-04
8.354795528788465653e-01
8.505083918031611789e-01
2.553706376028809641e-04
7.967379815027638701e-01
6.961549917728340198e-01
1.739413805680634930e-04
6.056042232821119676e-05
7.848715793441654043e-01
7.676901386767157609e-01
7.965819453982107001e-01
7.152755456862821548e-01
3.761780285228610854e-01
7.826924098739407309e-01
7.914580392356919125e-01
8.515388962485537228e-01
8.190087840451698575e-01
1.876917688226388829e-04
1.644406859465413935e-04
7.311797811207409385e-05
7.925334495463114415e-01
7.980018192014072254e-01
8.235382273333772263e-01
4.441359331526675280e-01
7.958640956602025529e-01
7.213064500593271359e-05
4.428763991000181366e-01
7.563941967044249814e-01
7.558037930475151045e-01
7.956202377809140636e-01
8.608105167940081071e-01
6.695435030560140371e-05
9.244116831473708773e-01
6.723545072280698864e-01
7.553596021498039104e-01
6.300651623995655315e-02
7.875385185371126529e-01
8.273649795405905172e-01
1.002060650542640485e-01
7.850793030853290277e-01
8.221211762024778213e-01
1.073042905510224518e-04
5.845460985302141088e-01
8.350895126486992393e-01
3.110569717917135435e-01
7.715511302799669124e-01
4.282807914668094740e-01
9.825179563941345562e-02
7.824445563909141477e-01
9.915923714332598449e-01
6.437334506610811191e-01
5.555743654472645732e-01
8.248927604175669837e-01
7.569729146590674640e-01
6.997872681752685953e-01
8.573616745283724194e-01
9.821472116507841117e-05
1.087449798433795956e-03
8.056184862178839001e-01
7.564262625281382713e-01
2.732478232385365802e-01
5.915156328200422697e-01
7.963896570108890405e-01
7.392581728386952156e-01
2.376333516691456335e-04
9.994379006235067919e-01
8.551439535229825584e-01
8.490763018961585695e-01
7.283260251362894122e-01
8.529619817744107380e-01
3.384867768300630630e-01
7.850179887416933733e-01
2.246184654383785360e-04
1.508695347876701839e-04
7.851055463450110627e-01
2.534675338634583279e-04
8.581501963472003558e-01
8.581319781214779008e-01
8.547061202994142848e-01
7.001837237966956895e-01
5.212064322017763993e-04
2.982802859301448466e-04
8.135137784595893873e-01
5.658137974176883164e-05
6.245839453473323033e-01
8.096354644939215417e-01
2.729792878986156413e-02
2.290334787808179576e-04
6.323549123372571579e-01
8.583605013989566990e-01
7.751287509784218210e-01
7.443343200056897757e-01
7.539401219770492935e-01
6.998629105457782051e-01
8.529365344701430596e-01
8.079742805592515786e-01
7.259133616603342665e-01
7.731661170185276655e-01
8.011649423725569763e-01
6.231279188878858788e-01
8.384759269578154761e-01
7.862044388742159828e-01
5.636142756353370586e-01
8.599277500571743671e-01
3.224024969822531558e-04
6.912671566714299464e-05
9.292110345079771959e-05
6.019605033956413331e-01
6.631777824251492426e-01
8.470315927239994158e-01
3.908563449227948627e-01
9.993853939088218619e-01
7.117913805879251099e-05
7.455922507336328886e-01
7.855433029976373049e-01
8.424477567676018630e-01
8.331046557566613719e-01
7.281625562188055456e-01
1.070971168899664371e-04
1.093329508313744538e-04
1.793370363059849731e-04
2.792697456677361743e-04
8.031480997454504278e-01
7.855438287801977948e-01
3.772368445895268744e-04
8.353551222154843581e-01
8.938971735176642897e-01
7.808574621531668702e-01
8.168534285189233968e-01
1.372321036083926343e-04
8.088384136722639450e-01
8.056753917373418652e-05
8.589506705181807478e-01
2.679081372429718399e-04
9.987670389117591085e-01
3.910830131717033887e-04
9.790839428614888122e-05
2.003952809044340644e-01
8.780919606794339582e-01
1.068781934943055007e-04
7.174169410535443658e-01
3.347659691634125578e-01
8.145665982005827477e-01
7.494219755429027963e-01
7.307084484830893567e-01
7.884407261111716636e-01
7.791094257518915711e-01
5.037952679010488932e-01
3.123443949726724123e-01
6.941736634680919504e-01
7.950432800823091783e-01
8.070475669207092251e-01
3.266437058239354818e-04
7.937003892105218839e-01
8.077358903828699699e-01
8.179898581643638700e-01
6.795429923734253030e-01
3.604213701555274429e-01
6.507564817994343498e-01
7.637697336319276939e-05
8.433831561661779830e-01
5.614535550955088716e-01
7.958329466430255072e-01
7.412608635358634013e-01
2.133876732934896414e-04
1.111678416107483245e-04
7.977886397803390928e-01
6.976847494196510846e-01
1.276408363197627824e-04
7.611361280331355728e-01
7.843031194818588236e-01
7.274480617425994281e-04
3.677979290872021578e-01
9.995637188845660770e-01
9.488721678804977744e-01
7.691054046744421058e-01
8.036464234267552964e-01
9.966573604843584899e-01
1.810338115985248085e-04
8.769465470941906725e-04
8.411378324926561678e-01
1.347060173452437114e-04
1.927870754112535889e-01
1.195431454119406304e-04
6.475274218113802327e-01
8.565454846038431658e-01
9.258030981343002728e-04
5.991146970512263303e-01
8.004390317374445729e-01
2.191285314444367093e-04
7.747893322750595280e-01
7.878166930036805127e-01
8.339176056170456430e-01
9.944214753611803070e-01
6.657340379062167690e-01
9.994509291243369731e-01
9.574428806151755178e-02
1.546802260154051521e-04
8.146203313779772914e-01
8.596060245551998547e-01
8.374646231306906996e-01
5.658870711815098083e-05
3.125492676124503395e-04
2.679853587901077083e-01
8.020759764835869721e-01
7.628726019838493215e-04
2.055036396785710185e-04
8.088363310329883538e-01
7.807410651139153890e-01
3.647318212673005054e-04
9.347710526045139646e-05
7.430731941880170943e-01
7.800140917837175003e-01
9.955543532089202730e-01
5.840546127729777381e-02
7.991448755549988014e-01
6.966596087424565338e-05
9.988935177944168187e-01
1.462326391298441469e-04
7.797567218474822370e-01
3.559660555656823933e-01
7.061483066190130664e-01
7.059244842217473606e-05
9.937161069002019564e-01
6.313356573938581906e-02
8.122836585971799916e-01
1.388615280518609154e-04
8.306021278440041122e-01
6.770136459539273011e-05
7.829447200837875709e-01
4.095211690974790986e-01
8.437132763886365794e-01
6.632144500081461613e-01
7.263104949962170265e-01
7.513323075369009452e-01
7.206844566934073049e-01
8.603279979686141443e-01
1.955593830930194000e-04
5.019623662468601921e-01
7.121302525246294701e-01
6.879420143425277745e-01
8.389574586651963317e-01
3.398291525084577280e-04
7.970114156584022780e-01
9.988951443040915423e-01
7.363269397355908241e-01
7.883668635824137016e-01
8.030739728202479499e-01
7.860425200165206405e-01
8.499085950287947888e-01
8.261564252085397131e-01
4.958879052972071100e-01
9.819405451072627075e-05
2.082278217190054314e-04
8.425681237257176548e-01
5.311864392332892315e-01
7.301083203369244101e-01
6.622251586175750271e-01
7.231475213984746020e-01
8.969164094780817109e-01
8.643176033546486892e-01
8.572895308495838140e-01
7.580311321180468465e-01
7.451099148070697842e-01
1.081056087557938708e-04
8.582680720852480238e-01
6.863100678852581682e-01
8.445373775219250367e-01
8.123768689511927654e-01
6.833975289313820589e-01
9.144958074934239622e-01
6.781421351629530747e-01
1.094129796284519686e-04
8.013380652637213108e-01
6.842089399698617624e-01
8.520173834575097693e-01
8.181830878586061617e-01
7.754464682105612905e-01
1.224760509242262322e-04
8.125686381029821881e-01
5.447587525229904320e-04
1.264777144638942990e-04
7.605186877919272170e-01
8.594613762735821005e-01
8.123138676941598496e-04
7.579370316277730391e-01
4.642313844875712858e-01
3.597408942183266591e-03
7.784417551657482059e-01
4.847893152436281994e-02
5.026462216056972743e-01
7.859454131256887743e-01
7.258896149552611365e-02
8.363012789908730316e-01
1.937082481679422083e-02
8.581993345984647581e-01
8.381466884315530441e-01
7.919947777988954336e-05
7.489655903341421728e-02
7.143708214236497156e-01
7.539612129189960932e-01
8.005626495100315321e-01
8.200269856423760828e-01
8.127685418431826079e-05
4.938270292446022558e-01
3.027812521639872134e-01
7.721307393190969259e-01
7.823496758176208326e-04
7.405842317304122124e-01
1.020230122917843393e-04
7.646772853897991773e-01
7.910827276524635687e-01
2.633806894150989724e-04
7.803920805200602606e-01
1.155334722594593557e-04
6.895553864792021148e-01
7.465442303202837193e-01
6.173212112438006272e-02
2.444073543263173436e-04
9.492095830301125090e-05
7.408914170032387947e-01
7.914672572796030980e-01
7.932727901614330390e-01
7.875151069355029732e-01
6.556004465761864353e-01
7.246365724420533727e-01
7.698635580434998182e-01
2.418968012122475785e-04
8.459282975216450007e-01
7.843119511639020658e-01
7.826207381691351328e-01
7.134716236372229403e-01
5.740804665415597175e-05
1.535521804286540427e-02
4.385431214037752851e-02
7.659182930780609189e-01
3.691409104740857317e-02
9.994356462688770426e-01
5.193140272638550048e-01
7.466293684870163316e-01
8.420140120408164952e-01
7.752294664704914018e-01
1.275710893739056173e-04
7.669691546429354689e-01
7.881027027781597472e-01
8.085091327231953562e-01
7.315662795969326559e-01
2.642118536326603620e-04
1.045640590453639321e-04
7.752459070478721070e-01
8.527934608675871164e-01
2.034605980018993343e-01
9.994477055814042776e-01
5.627339387039481032e-05
8.626292545488320473e-02
8.395159258270807889e-01
1.915245090333375366e-01
8.121484028279343163e-05
7.833890578938904614e-01
7.969216110660970465e-01
8.592930658275856892e-01
8.342949396867941347e-01
6.833628802650167425e-05
2.454920653194661855e-04
9.232155228090700055e-05
6.821899361980272580e-01
7.598768411679028834e-01
6.253936351179942418e-04
8.630621257623031228e-01
8.555576381721637924e-01
8.535695706065080657e-01
8.065432201002082913e-01
1.490200690179954810e-04
7.669593748827553403e-01
1.562130783570114345e-04
8.077504252212340807e-01
4.777086565998088230e-01
2.196897616437416476e-03
8.440044657082520496e-01
6.756535969380906095e-05
1.647611361017582308e-04
6.408040230999718857e-05
7.284631927705446117e-05
3.812229639437277051e-02
8.083657529392598295e-01
4.210755871903098524e-01
8.651025206634901856e-05
9.991345927491701584e-01
6.999513662826187255e-02
7.446787211852622379e-01
8.320366634233472558e-01
7.713774142900384767e-01
8.495284465970018850e-01
8.530141051999194923e-01
7.591596487107985121e-05
1.365013093171864474e-04
5.777486179116380065e-05
1.526878169950513203e-04
6.617177511605352169e-01
2.594467272716502199e-04
9.995702887871698028e-01
8.535882347126638736e-01
7.153063741791001462e-01
3.920342781884084138e-01
3.250448905105543214e-04
9.989655806809629723e-01
7.690637245331815031e-01
7.358764008570567450e-01
2.533336560642027169e-01
9.993601668283648154e-01
5.320979537310344121e-01
6.027186097279928656e-05
6.069789003167492549e-05
8.629653569489692533e-01
3.578438901452927578e-04
8.059212662008107264e-01
8.137289752094079009e-01
8.773854981361275396e-01
7.661142151716213711e-01
8.037404574287382308e-01
7.204788942004084484e-01
9.638750476416054758e-01
6.293151844285610474e-04
8.036840302757795040e-01
7.938852410536503257e-01
7.025155336957339403e-01
8.839010008402748975e-01
5.739376777568232502e-01
7.516451921243761936e-01
7.692826502046974657e-02
9.868091552192735927e-01
9.359827288093688913e-05
1.136912988319963708e-01
7.773487973504085158e-01
8.117646331245575997e-01
7.230654786958542468e-01
3.460776513382712687e-04
8.313071404082693627e-01
7.729860236125256634e-01
6.730655111493643792e-05
8.077582136361999288e-01
8.482250677848074405e-01
1.005768133017533576e-04
4.868123404154806044e-01
5.929807031320221133e-01
4.806729292241734841e-01
7.992883730676362264e-01
6.456064619557729811e-01
7.776722322813212074e-01
6.657652749409196380e-01
8.464979745857641458e-01
8.529214942571179403e-01
7.930387783359488241e-01
9.637160709161416428e-01
2.492549484098515442e-04
1.140376217279524931e-04
8.480252137573408566e-01
8.494415444330248866e-01
7.627457207432092323e-01
8.914536902413934517e-05
9.968372963575148349e-01
9.994888084487417723e-01
2.349152958689496842e-04
6.583696685856083031e-01
7.644911329845114345e-01
7.437013509461627425e-01
3.836229959940677947e-01
3.191487134857892770e-04
3.561727819247455782e-04
8.154756318672250481e-01
8.536657147989018535e-01
7.913057966640776320e-01
1.055763870747347390e-04
7.512805494617180724e-01
2.062880151645232838e-04
7.563084258320426079e-01
5.561667539577877777e-04
1.022685531042307687e-04
8.188619997857778943e-01
3.041999239680299172e-01
4.399439645642453018e-04
8.720168807168780963e-05
9.890119179245643322e-02
1.166641171593272224e-04
1.040747907334852417e-02
7.309914757618076742e-01
8.730106788183856082e-05
7.932656961935805606e-01
8.065158433654348036e-01
5.674890478600473909e-01
7.657229079536618244e-01
2.037811220461340964e-04
9.977126491761869609e-01
3.923003314839518274e-04
7.263409678307723993e-01
1.224454228628160223e-04
7.650574914725384312e-01
6.366629892849506867e-01
7.393326697276768611e-01
6.131520775139745688e-05
6.593477817996875570e-05
8.515418624954466109e-01
7.864981443268070915e-01
8.098481750538505386e-01
7.832023922136855942e-01
5.649986963734922909e-05
7.862886361078851305e-01
8.345535400357412812e-05
5.031576387217520097e-01
9.991997393052410859e-01
3.072669114950462022e-01
7.791155764764838842e-01
3.427036206963143261e-01
7.646262574927973343e-01
2.630222780517975324e-04
7.976866251414135300e-01
1.268175505693309730e-04
7.818677725144144164e-01
7.707856148081858594e-01
1.109951224623553345e-03
8.179028738510154550e-01
9.351325950786870960e-05
6.628200009441587159e-01
8.530683287456951591e-01
1.918031537775146409e-04
7.861242510647125092e-01
8.446088217466644066e-01
7.423606516598790783e-01
5.675575671577440012e-05
8.256158094983695461e-01
3.299509570837920718e-04
8.596555144056209352e-01
7.404651945749936015e-01
9.243044980874848965e-03
8.533425293205233464e-01
7.155184764611822734e-01
7.422914310965597062e-01
1.409252062350997952e-04
8.144604736955391999e-01
1.719811026655983590e-04
9.996248087876373756e-01
8.365208132280460562e-01
8.578866061949795840e-01
7.264494826785127257e-01
1.564088691315152358e-04
3.036414320520410270e-01
1.821255698737310718e-04
8.728950766412857387e-01
7.433453646630148182e-01
5.688564991806283679e-05
1.298857268643173457e-04
8.532043056003767445e-01
8.634705380478033820e-01
7.461887571972353195e-01
8.393686133283426720e-01
7.477155263874523117e-01
7.713025005886614549e-01
7.881091774026340868e-01
3.782816571816858403e-02
9.780190440825409226e-01
7.861233623814833926e-01
1.708201425821063806e-04
9.901190823184478074e-01
8.461154193006693580e-01
6.553285741045308940e-04
6.556989418606316011e-01
1.042884351780326086e-04
8.519908128229752853e-01
1.951991737836069837e-04
4.770320419600819761e-01
7.788625220499145740e-01
8.444949446944840510e-01
9.872044030325516362e-01
1.255108707658750505e-04
8.320944764553743767e-01
1.205795920023301640e-03
3.369162770857096669e-04
9.989763911757616466e-01
7.633017758758159897e-05
7.197370395825724021e-01
8.589189423881629093e-01
7.828411404389171713e-01
4.274849050082783351e-04
5.922550145066585837e-05
5.253037748682256591e-01
5.359566640564913387e-01
5.972496162061900917e-05
5.313123532312951092e-01
8.438639198542213782e-01
1.225724546873531162e-01
7.996985443204985833e-01
8.525395460217076726e-01
7.657466645252833937e-01
7.397843140924407201e-01
7.643395751353755374e-01
8.805023354925589629e-01
8.081300622970479797e-01
8.109711199708231621e-01
5.942993916108997299e-01
9.973138428192463989e-01
8.561610424312864343e-01
7.937740827581285519e-01
8.340427748061070012e-01
1.585550708939359064e-04
8.459605168003964115e-01
6.728382270333050919e-01
7.349161537745139139e-01
8.447672245375438260e-01
8.151689906074568448e-01
9.228582842872627978e-01
9.961645515048149768e-01
9.566113464826293507e-05
7.317649112862665284e-01
2.186460331439317656e-04
9.829976831399058303e-05
6.754717255199544912e-01
7.667218954109974449e-01
8.276912077132149159e-01
1.102667573864735834e-04
2.168714676415458664e-04
8.063384471971521972e-01
6.954010801393171182e-01
2.432410252376482861e-04
5.731501189157807728e-05
7.728426667343679668e-01
9.917005160669182251e-01
1.641637015905492714e-01
7.853780004910138057e-01
8.355947936721739300e-01
4.890716537581976360e-04
5.529389575139997959e-01
1.086096697692231588e-04
5.673861085681022320e-01
4.607610239279752440e-01
7.935982759462676395e-01
7.644361672510453509e-01
9.119592283073233441e-01
6.363849305181416903e-05
8.385113172562720374e-01
7.897771111674261046e-01
7.852204068711512660e-05
7.184283021840560668e-01
9.862772818743891223e-01
6.782092300151465469e-01
8.564919833838366969e-01
2.397008557995808852e-04
8.349922059000886021e-01
2.558699051074834682e-04
2.237400389534731739e-04
1.544420068765111568e-04
9.928822173565451381e-01
7.917487117069149649e-01
8.271896561416937077e-01
3.573257166913003657e-01
2.090285307566089601e-01
6.852857923351561853e-01
5.816764958572288036e-01
8.530773582350851258e-01
8.480997015997643687e-05
7.053532098440277141e-04
1.643843407325389213e-04
1.728367919852335788e-01
2.319939699398747557e-01
8.411735987061333963e-01
8.275111233258398702e-01
7.841130170974324187e-01
7.997220202465800121e-01
9.544875535404916400e-01
5.765531237914018892e-01
1.343258586954185619e-04
2.429661561734408831e-04
8.154443889779662280e-01
2.748862239761629849e-04
8.202971061054229462e-01
8.039980035733925723e-01
9.302715306182892004e-05
9.900252585297624197e-01
6.691344857175326455e-01
1.806421886103190772e-04
1.235271341014595222e-04
1.704900885288435641e-01
2.441990799735964954e-04
4.123803289642184039e-02
5.496645896965335213e-04
6.659921369586767614e-01
5.321646511826709780e-01
2.339482716437092798e-04
5.456227682455550010e-01
7.732327487814346645e-01
5.206917704789141288e-01
6.228984000364161666e-01
1.264060256790572648e-04
6.711908447060894733e-01
4.674656609570373433e-01
7.605548164055226934e-01
2.649238249210171259e-01
8.457635348257618313e-01
8.461525460953270850e-01
3.970773675793088080e-04
8.643955139644158292e-01
8.012283989105901671e-01
8.396356628109861164e-01
6.991073843319542958e-01
9.946861939690877508e-01
7.900160156181015303e-01
9.139226710145973431e-01
8.396166469964423396e-01
8.429217818871523882e-01
5.272326899708422721e-01
8.482165320968436673e-01
7.619661050597504870e-01
6.970065696494462948e-01
6.591163694295072428e-01
5.547728168767792623e-01
2.388892951940281284e-01
6.631252939778822710e-04
7.368371077855124796e-01
8.272958986522628289e-01
6.856582292103228008e-05
9.677388320389804081e-05
9.978400857136736635e-01
8.368439691282791859e-01
6.334872386907982600e-01
1.016941726585368199e-04
6.485930793533939420e-01
8.001240412590100437e-01
8.436230497423313768e-01
7.856464411705089690e-01
1.969678680434089216e-04
5.096231055062168114e-01
8.466373599376691983e-01
2.712109224300690417e-04
7.562856496210714763e-01
1.132614058884769614e-04
7.873250900229586957e-01
5.610115079323420018e-01
8.529724942546276223e-01
8.338581664333183374e-01
6.355127680750319037e-05
7.858154101778294098e-01
8.196275282257805550e-01
7.600248295301270662e-01
6.903311883608912458e-01
7.165970110239163748e-01
8.509687650675603621e-01
7.690204557209816549e-01
8.146724265924865094e-01
9.858833631336085305e-05
4.263927496646415793e-01
7.462734725449944317e-01
7.922161778379419594e-01
7.960542551760091401e-01
7.506021886267840403e-05
8.734531319931541915e-02
8.819531076707029515e-02
8.422857344880069208e-01
5.584522095539620201e-01
1.761402473375633037e-04
1.101325575327089738e-04
7.969984681893155232e-01
7.573200503237152992e-01
1.852994340093663261e-01
6.622324078684846960e-01
7.476427660592537272e-01
7.430251498168382041e-01
8.250988044078705341e-01
7.948049705731685677e-01
7.832211353858389291e-01
9.678484236206551770e-05
2.251510023095147075e-04
8.012963893427489117e-05
6.702187218313118580e-05
7.922032437496816515e-01
4.573444887512643775e-01
9.971302535414303669e-01
9.716348028844785207e-05
9.971016346294006016e-01
9.847141097978112656e-01
6.505406366898485171e-01
6.719926287808966527e-04
7.674109846847910754e-01
3.146795321733044659e-01
8.455308277925132066e-01
7.548080166179015338e-01
9.747849025866652624e-05
2.325283642862328458e-04
7.531902067440516824e-01
1.050476214993957834e-04
1.386317468924131054e-04
3.732954349699452723e-01
8.198753010068564606e-01
5.208292900072110099e-01
5.772470108803066102e-01
5.791298108021273316e-01
6.692614515914235840e-01
8.271215252567736265e-01
1.308537099721924779e-01
2.342955146243684073e-04
1.617679016424325618e-04
1.603698239354983018e-04
1.977331798975017472e-04
5.728312209503020336e-01
7.868427135655729483e-05
7.947238538324349344e-01
9.934717511416960578e-01
4.653319720131889881e-01
7.132506654712075234e-01
1.718356792691709512e-04
9.958924766253479666e-01
8.201849109061483123e-01
7.545044125885645991e-01
7.898288086622042847e-01
5.685840381373549849e-05
5.950218228844095236e-01
5.368722934910784561e-01
8.367012058185780256e-05
8.817763126990372236e-01
7.880110063230096884e-01
8.322934691444716648e-01
8.363473443808270291e-01
8.552278198415218524e-01
8.501666973652041159e-01
2.193367336551654975e-04
7.922883345413687106e-01
8.432014366653074466e-01
8.353940443444433095e-01
8.382924298549478959e-01
8.210925221488621980e-05
3.643531308794263346e-01
6.032243318717530611e-01
7.145533285040340798e-01
1.069687410099587482e-01
8.255476631394700338e-01
8.037975260588473558e-01
7.810914644314606026e-01
9.987152560044716409e-01
6.614642697875705579e-01
7.811015971084265264e-01
8.488735733390028902e-04
8.568592203708418342e-01
7.448760258383660959e-01
6.647237389796979213e-05
9.841444271290449297e-01
9.988493117799064347e-01
7.450234655581937648e-01
7.662296349558800346e-01
1.854767984745186657e-04
2.827153562821644109e-03
8.722970044949701651e-05
1.345160218399515384e-01
2.139378010504072757e-04
3.809404777355009748e-04
8.422746626523752722e-01
9.517422714247532056e-01
2.030566124705869308e-04
6.940815308521367522e-01
6.746510833819168113e-05
8.292618992587061921e-01
4.208812065602469676e-01
8.603349142409508765e-01
9.400156242091594770e-05
7.856813219130909243e-01
7.774198919656009066e-01
5.466059763074276878e-01
9.977773765781268178e-01
2.147876633333123527e-04
7.707303420755463597e-01
8.057541905717044983e-01
8.536034199398719879e-01
1.537662235424028245e-01
1.640147024816573495e-04
7.850851113239081247e-01
2.624443574592027237e-04
1.908962837324820858e-04
8.221299814595396660e-02
8.337801555597512682e-01
6.377575299943037679e-02
9.929418347751706175e-01
1.194528738391766580e-04
8.390981351687559764e-01
7.141144075877126074e-01
2.281854549859671131e-04
2.257541350718781092e-01
8.353771207828886158e-01
7.209393806378883163e-01
6.837619825444401383e-05
2.283886182602605291e-04
8.395563954851271715e-01
4.363456705490346144e-01
1.280041610302933563e-01
1.846575000752374222e-04
4.489340045290586279e-01
7.787735626674288092e-01
1.532446248529147070e-01
6.803982690109306646e-05
4.289459038976406458e-01
8.860012449621915934e-05
6.738248092788272250e-05
8.213689924375192630e-01
5.483556502100389585e-01
8.765711045984125871e-01
7.278493324027534017e-01
5.582085241466100455e-04
6.007702913420146507e-01
9.863360263197301636e-01
8.328649570655554113e-01
8.552995414603650204e-01
8.045154407543733122e-01
3.335052866819270823e-01
7.850729866921732913e-01
6.785952797077531295e-01
6.219732592183305764e-01
8.492222591131444176e-01
8.165476400111520983e-01
5.167563180547183332e-01
6.332350707277935031e-01
5.920950304250666564e-05
4.093291756579603966e-04
8.397085482204962315e-01
1.011164225510312596e-04
9.063987270816899308e-05
5.009820747230803173e-01
6.613363604558945008e-01
1.419801312547170069e-01
8.332728144774181889e-01
7.918586108572293059e-01
8.838360193085352812e-01
1.882400902927481301e-01
4.826784825665308420e-01
8.422519647293335021e-01
8.597598908095536174e-01
5.640062612351006430e-04
7.894530056781347005e-01
7.302297641259294370e-01
4.886070395781436093e-01
1.523256733752711423e-01
8.012179504999233925e-01
7.382190795202966394e-01
9.993722889227495410e-01
8.105413681234472367e-01
5.347142408517786549e-01
8.455364474467593761e-01
6.755774109561835106e-01
8.037060534576854209e-01
4.622303345208276237e-01
7.265439123119503684e-01
8.471586138536058019e-01
3.247746983364566686e-01
7.629120871487621303e-01
8.196384425252130068e-01
7.738151212905791665e-01
7.091593920797992223e-02
8.116126376255112795e-01
9.379135402878931366e-05
7.664000076459085431e-01
8.275947121102084081e-01
9.424398890185483875e-05
7.798809890574128767e-01
7.831571790056502946e-01
7.745224164961772573e-01
4.782809488551412747e-01
8.115879757455725096e-01
8.042749135452912368e-01
7.448918368959718149e-05
6.869985051058021799e-05
9.891861690882721714e-01
9.986013579405149665e-01
6.498953440556817229e-01
9.785351212926034518e-05
2.157629138427592894e-04
7.085318071487539042e-05
7.357272598027129185e-01
6.707538838612658134e-05
1.119466786252453078e-01
5.583829914416762463e-01
1.067224294733610347e-04
7.813079190367411275e-01
9.989029775136781808e-01
7.955953973605213170e-01
9.233611452534422337e-02
8.463926592737185395e-01
9.958167150647535548e-01
1.666268261725435587e-04
8.483605884701302946e-01
8.340944015694120584e-01
8.476501451181586155e-01
3.221098140312567918e-04
6.594620982012790178e-02
8.455728400696010949e-01
2.602344038572150606e-03
4.722095015869334778e-01
1.321401112665916895e-04
9.512200945826050358e-01
8.360737509456870331e-01
6.721853276045444137e-01
4.907572254633022490e-01
8.142799015108747041e-01
7.118824671894280476e-01
8.454675767313191148e-01
3.943653997242856091e-04
5.783214867617994005e-05
9.902860450806311480e-05
1.408256927595791881e-04
7.928926883764028100e-01
6.639847246231739275e-01
7.892440107579288266e-01
8.068625610405716353e-01
7.238716237050953906e-01
8.304165479171455866e-01
9.654777909061997574e-05
8.201978473297911743e-01
3.598614240856491397e-01
3.909845059826541624e-01
9.820993496665308964e-01
2.347978434026703435e-04
9.988149100914183176e-01
8.348630069340261528e-01
7.654110408306307178e-01
7.889632258580097091e-01
4.509961006183666604e-02
6.899885382446407922e-01
8.428351324707844539e-01
7.761843405856722056e-01
7.687602866924279077e-01
2.211789112185713439e-04
8.757503841361513098e-05
8.084775905168436472e-01
6.807735289638756626e-01
7.914212425766101733e-01
3.648239732026569149e-01
7.479310426004122103e-01
6.841554135641314928e-04
8.536079553469269054e-01
2.090788499255735455e-01
6.420741708620830712e-01
4.433356662761126746e-04
7.995684466619155106e-01
9.761971277425813831e-01
5.975374485563825569e-04
8.543246021395731749e-01
5.378577719121797607e-01
8.341727393233085985e-01
3.296178359429123295e-01
5.760538012414403441e-01
1.463417058067754094e-02
3.849386048863706806e-04
2.075821388011116556e-04
8.097896259748661452e-01
3.364817918358192100e-04
8.396975503882214698e-01
8.465235343028745252e-01
7.585552646197176729e-01
8.196490772851973139e-01
5.070969924643977667e-01
6.520564043441609003e-01
2.734480470930955110e-04
2.135148423938248508e-04
8.232496705178436053e-05
8.169598946355092518e-05
8.153269849060790090e-05
5.483607222947534110e-01
8.541064050977005551e-02
1.205433558158233859e-01
9.054731395000698165e-05
8.368423601631591602e-01
7.943390216679211413e-01
5.818468109105139345e-05
7.196081375437778527e-04
6.603762245240510787e-05
9.962744841162946962e-04
2.188230411010106855e-04
1.431289482209355431e-04
6.501863663362074614e-05
9.946157805170674493e-01
3.911431494125099714e-04
7.395704784623759968e-04
8.448097731209543992e-01
4.198371004719107513e-01
1.154050373198278214e-04
2.037335099356729629e-02
6.689667394281682000e-01
7.349595675993796373e-01
3.813358568034935225e-01
6.989788177214161619e-05
8.108262365996146137e-01
8.057522261540454034e-01
7.747367222803412945e-01
5.632948207353017604e-04
8.587822105514857432e-04
8.372453393136254363e-01
1.964120104552523891e-04
6.476055316164091025e-01
9.970297718840718249e-01
5.590608831655667910e-01
8.316620717067361168e-01
8.006557903607992577e-01
4.575407390477171932e-01
8.285753698396867151e-01
8.284280185403858918e-04
8.451258488285530168e-01
8.344944082210349334e-01
8.325997763553975028e-01
5.255565465418841065e-01
1.174600863318204938e-04
2.189369774884013979e-04
1.247812148649084685e-04
8.459843954242642905e-01
8.457634680924522863e-01
7.579575143469494680e-01
7.734407888426517719e-01
3.766367303427919366e-01
5.353007483130554078e-01
8.172225363303816659e-01
7.603058547539734979e-01
9.889529735722661918e-01
8.346779446396294100e-01
5.111524979736047358e-01
1.465773110579283599e-04
9.978724631141836499e-01
8.867487808965429652e-02
3.539537753531142306e-01
7.786876512255964666e-01
1.152288821985101991e-01
8.333595407438783020e-01
1.686416057032354421e-01
4.881907272102083417e-01
1.761888310148101620e-04
7.992104914456283904e-01
8.195792540909239143e-01
8.167169221730410456e-05
7.151586564220920831e-05
7.057045114295424921e-05
6.631373588693529886e-01
8.511084600488055818e-01
1.695448350078517235e-04
5.566321462138137388e-01
6.368275732959129598e-05
6.740534281789876125e-01
1.183929615285700225e-04
6.982937912379890864e-05
7.730303909942823903e-01
6.499331170583375616e-01
1.905879737782199617e-04
5.431211633836694613e-02
8.023715170346941150e-01
6.626168660373253916e-01
1.663100893773257136e-02
6.997451419451347077e-01
7.111823375881083376e-01
9.463368550905532084e-01
7.933301556151777234e-01
7.784326642506018690e-01
7.354783009411596240e-01
9.984739368333105380e-01
3.632909583530530566e-04
8.661609327926341750e-01
8.509483255830336823e-01
1.938029833705905425e-01
1.797925151177574659e-04
6.571342937368390789e-04
6.753245516604872156e-01
8.844420081928637822e-01
4.370223228879525079e-01
8.375364379859084885e-01
6.436774339275114058e-05
1.362489565234739804e-04
7.055244759393453080e-01
1.597872031097910506e-04
7.543872539632757723e-01
5.628970697015793891e-04
8.375915375563854903e-01
7.892398522280709150e-01
7.403294465284273596e-01
7.402215929614678336e-01
7.859134241185412595e-01
4.343774271553598743e-01
9.983742863059500428e-01
7.812267861598559682e-01
1.308896980742238871e-04
7.220909580109382553e-01
8.098866939902545914e-01
8.518830462882679422e-01
3.774262448204752096e-01
8.306319186934395526e-01
9.986914605929073652e-01
2.531501918924483293e-04
4.229598424823903802e-01
8.248364373635208580e-01
7.958344705917081985e-01
7.280284330151207683e-01
8.324440247481610378e-01
6.707704527524227522e-01
7.059248563363914176e-05
5.631386003198214363e-01
5.071753980317985633e-01
7.898745617442177736e-01
8.563194257327684245e-01
3.982049610696507536e-01
5.802214143560731063e-01
1.945720837822398602e-04
6.908533746058221725e-05
3.987722903830259180e-01
3.813891579716299218e-01
4.480221916205281985e-01
7.830315521825677028e-01
5.721177428732744652e-02
6.628616385663235189e-01
4.634517525421751327e-01
8.197038913368502877e-01
7.806494125937362139e-01
7.788793091827683757e-01
2.078697202960702942e-02
4.744577335527947470e-01
7.436265616833249580e-05
8.637787385351651803e-01
5.909151414621152121e-01
3.188359398342911809e-04
8.271351489790881306e-01
1.738678230190899665e-04
7.892045222072214816e-01
8.148935461287115005e-05
3.999732215134282876e-04
1.855043659969215087e-04
7.862428488677549732e-01
7.710084389156404150e-01
9.887614466804691988e-04
7.909530755774885503e-05
8.380243733444784349e-01
8.635108536703893778e-01
8.464153066852837153e-05
8.217184559463542870e-01
1.439264037102219295e-03
2.688519022473596087e-01
8.365447341693384997e-01
7.618496219591908147e-02
2.838324727081436541e-04
7.943603086677049063e-01
3.899826106522674141e-01
1.742017483068128035e-04
5.667788726918415732e-01
7.528412664540652388e-01
1.808715651084003787e-04
7.530162617656077401e-05
9.995187687487123718e-01
7.787204309572829386e-01
9.082180342336056977e-01
1.078070582479051954e-03
7.082747228654791467e-05
9.537093626197635750e-05
8.349961829328070850e-01
9.946387436531988202e-01
8.324067484075218237e-01
2.123533199876766328e-04
8.150236048726237081e-01
1.467707383211930890e-04
9.995305596774505252e-01
7.099058923356456052e-01
9.963873756604310072e-01
8.514937123903237870e-01
8.259736650740062312e-05
7.846094193660899663e-01
2.407005067750133884e-04
8.031013761512454385e-01
6.749755161515668123e-01
9.487332595243211930e-01
8.601723687952490538e-01
1.306531462653575434e-04
1.630772759132626123e-04
8.628457819708370558e-01
2.919133999972255492e-02
8.241163895770717840e-01
7.577818976024167652e-01
4.504882688103703514e-01
8.518533457028010236e-01
1.909039402820555844e-04
1.592490365698042386e-04
3.703843396480520633e-01
5.829435676882009643e-02
1.362967198633344666e-04
1.858926262612882073e-03
8.461813851655350938e-01
8.521726319320561682e-01
8.305965088004058474e-05
1.117489556416691388e-04
5.736026239540433684e-04
7.794681973418194909e-01
6.824272210520958618e-05
8.545620459781411160e-01
7.840185270357902247e-01
1.354415782585800506e-04
1.185300593460230419e-04
2.455647308029227705e-04
8.023733621128503746e-01
2.135313014733041513e-04
9.991038879766892533e-01
1.749826342095487416e-04
2.182910574607424775e-04
2.118444823683406238e-04
8.759990062207169137e-01
8.342545940862422515e-01
8.345300653985064931e-01
1.256869077248895191e-04
8.045788853414693742e-01
7.870917633985657913e-01
3.614910649732401928e-04
4.859473509558563387e-01
5.637678368509949116e-05
9.449961542232566680e-01
7.248891779004416024e-05
9.986911695871661943e-01
7.078123408549110707e-01
9.876207189405223907e-01
8.433829735993320087e-01
8.078929126882509193e-01
8.298647810947391568e-01
6.516809531797377320e-01
2.157736702618993094e-04
6.331498323733776405e-05
7.393754050394561728e-05
9.989829929837783506e-01
9.681860449594652447e-05
9.820190650562951040e-01
4.059340369050532795e-04
8.603646872730165152e-01
7.590106834062598784e-01
9.983599427712187557e-01
7.668224408033155193e-01
3.160008488047510306e-02
5.452273313240850738e-01
2.566872035988072495e-02
1.427277074360331385e-04
7.061682826697968096e-01
8.258113990676240780e-04
8.143887357514172365e-01
5.703600959993181216e-05
5.948241468705840473e-01
7.226266926644066280e-02
5.656521300210418638e-05
7.756460126919277887e-01
8.464506006466034904e-01
2.843279627304380846e-04
1.168909373194778939e-04
8.192532088556245817e-01
1.639992106868532308e-04
8.159145518812265241e-01
7.816276685093990206e-01
1.242746997883009653e-04
7.958678109000694167e-01
8.339351451436741725e-01
7.584873589203781075e-01
7.161166181127308628e-01
3.549946123952519910e-04
9.985606932903350330e-01
8.177398592809799194e-01
9.973434895808607203e-01
9.350493714151737344e-05
6.816965180866805252e-01
6.526204078783599538e-01
6.022776770276258018e-01
1.210955348263532093e-02
8.256047031572947247e-05
8.464618559610247450e-01
5.502608065218359771e-04
3.781507066445152581e-04
6.231868493822824103e-05
7.079443411329711111e-01
1.699202351624896597e-04
7.362704588211739232e-01
8.027083968449714169e-01
8.536821695219428685e-01
7.645118084378526024e-01
7.672127823210196373e-01
1.413357404457059596e-01
8.132741609919651449e-01
8.080659764683952861e-01
9.901043832209148743e-01
2.133361836368282154e-04
3.315245287571218875e-04
8.440874353374080430e-01
8.424105185113712757e-01
9.986439513477366470e-01
5.935094787956137763e-01
8.070229565131454841e-01
2.635218039044696647e-01
2.504983991304982616e-01
7.790185805018278176e-01
7.865226975660337683e-01
7.750737772765369238e-01
9.975473373073792116e-01
4.144999374785163747e-03
8.445817041143535153e-01
1.780419515956274956e-01
1.388085565595638948e-01
5.876838369358720060e-01
8.305208236378327502e-01
2.132270540778584530e-04
8.630439576351891517e-01
5.043965339995081865e-04
7.832546298722343758e-01
1.746444900472769312e-04
8.235016043997767099e-01
1.245772882289203215e-01
7.026483144275303960e-01
2.515596712965991744e-01
1.315710662543887529e-04
8.388276401795741188e-01
1.500388933657997013e-04
7.868653709850041977e-01
6.417358796517816941e-05
7.891180865151331547e-01
2.580607618728823494e-01
3.448316770654445418e-01
8.226781771886623185e-01
3.474966534037371990e-01
9.954127048714759285e-01
5.274780410054686897e-01
7.175582314664471495e-01
7.679255190383401652e-01
5.990322580704299238e-01
7.870792372618210520e-01
5.271853333363420990e-01
7.694947485432930279e-01
6.421879118758936245e-05
7.037981821846429409e-05
7.212946506999928786e-01
8.266677219694928969e-01
1.804438622703263958e-04
9.937310596500669169e-01
7.995877911206730193e-01
5.632126223533369114e-01
7.865421629629563149e-01
8.144592521055772361e-01
8.500422449571427563e-01
8.331455053300215186e-01
8.334708857876430566e-01
2.949199701312384039e-03
8.454709737930816704e-01
7.971793922563018553e-01
7.578887215021505863e-01
2.338363259487420524e-04
6.550677272258657977e-05
6.347448053846941772e-05
2.723404798188481580e-04
1.012409725997069079e-04
6.856483480861202962e-01
7.481599268796238489e-01
1.763763160737046780e-04
1.598837731188042601e-04
5.063768077112830168e-01
7.304164797038983359e-01
1.408977279635089674e-01
6.586548078140749274e-01
8.468790621078658987e-01
7.623587132409764822e-01
1.713521507057756965e-01
7.681530317537581531e-01
3.444422380509319370e-01
4.908764168129414185e-01
3.649708181440528554e-01
8.050637147407776473e-01
9.645992162408207893e-01
2.152255443804152444e-04
2.116826091059169079e-01
8.404262915318304605e-01
7.691807636553754657e-01
8.165901694076411754e-01
7.072184676497241806e-01
8.079686643420193048e-01
7.767051576900096954e-01
1.432522242997685271e-04
9.979594678155474519e-01
8.132555325397455967e-05
8.803705833408941462e-05
1.176521140702175561e-01
1.285637698065341869e-04
8.290870356325769075e-01
7.997195951770142974e-01
1.210180557738068909e-04
1.293486777602722015e-01
9.979451704277904789e-05
8.201122042701808335e-01
8.603248348511348675e-01
7.850239644518544058e-01
8.836988990685714176e-05
8.206280492602222587e-01
1.468899748116047374e-04
8.084913828413065051e-01
6.045853417316305548e-05
6.386472622915450037e-01
6.882808219153666585e-01
7.558837000266660283e-05
5.886826180261419683e-01
9.955415556423099499e-01
3.912228671381409173e-01
8.421228851034234797e-01
8.560887666493365300e-01
8.576947432187156384e-01
7.548380140291084395e-01
2.148253245531959272e-04
6.533067288025369655e-04
7.998317902538271129e-01
7.836431135339093634e-01
1.829742855169358862e-04
5.518155763089207522e-01
7.945067849557297945e-01
8.390204712830080513e-01
1.202523105636535694e-01
7.841511138224882549e-01
8.306427309725640251e-01
8.343589988737866170e-01
6.403881416662067689e-05
8.213705465660021687e-01
1.180483806634579410e-03
2.813056462482137199e-04
8.677679052846020147e-01
9.983871893866334002e-01
6.770930387475853848e-05
7.641433228512661824e-01
2.031576811647665525e-04
7.860933841077648587e-01
7.746830063308659219e-05
4.368318805483116241e-01
8.369603038017060515e-01
8.304866701435091869e-01
8.611249821320362541e-01
7.398025263285339381e-01
9.574384708266712063e-05
9.290922822383119728e-01
8.303795189074232308e-01
7.733047638915668473e-03
7.679566366016297163e-01
1.588784974222910706e-01
7.939497370522535791e-01
8.415449626229244418e-01
4.361803094990767456e-04
6.262279648569440971e-01
1.522534908843962357e-04
8.473379106423069018e-01
7.301337745480467323e-01
8.431444494940741672e-05
7.529293849151640350e-01
8.126466253168004306e-01
8.213192003062755875e-01
5.143836951785099032e-01
8.911519286356952563e-01
6.087541024868538757e-05
7.813114658074302721e-01
6.850602977010966654e-01
5.964191405462782036e-01
9.886478794583910545e-01
4.100098834565294448e-01
4.368751467927243226e-01
1.443629042262108727e-04
7.597174430400966960e-01
7.795551041112597224e-01
7.901987962584943181e-01
1.095813282832700138e-04
6.566300565974316633e-05
3.210161204863145046e-01
3.838594809530529494e-04
7.924737415651498358e-05
8.227323238522556981e-01
8.006053861392445903e-01
7.901698203405631560e-01
1.252658922785638348e-04
7.520022187203933006e-01
5.545846930048941026e-01
2.266133112535718736e-04
8.203585768603738337e-01
5.134746459800721974e-01
1.554998223629601309e-03
6.723382804932160894e-01
8.532123910833646629e-01
5.731829689248238262e-05
8.176940578628196787e-01
5.308186084153442286e-01
7.136056598695533900e-04
8.974259522774041820e-01
8.098811590769550151e-01
8.467680571846306625e-01
7.339056644497389259e-01
4.282126408962513842e-01
1.516371794198784618e-04
2.762102086682854908e-04
7.350653917984840691e-01
8.560285149526800641e-01
1.067946582883024436e-04
7.427718291406317785e-01
7.367219371993659616e-01
8.138987648910321893e-01
9.456122804578505998e-05
8.344000536958892100e-01
8.615501023584567486e-01
8.237412023326635691e-01
7.941256877562723471e-01
1.461163625966279431e-04
5.992928823162407825e-01
8.459208422258519544e-01
8.325140271221079802e-01
3.464366527576480522e-04
1.808929725708472158e-01
7.631824003944657209e-01
8.335302525036404342e-01
7.823826025951354790e-01
5.989601189450493024e-01
1.266052640104419109e-04
9.347853346967279764e-01
8.634968164366467241e-05
7.961709244416583786e-01
7.799973740063512739e-01
1.358417844489850923e-01
8.342414441601559982e-01
7.620859884326166567e-01
5.115739311559883706e-01
8.349053993081270164e-01
1.498798744565610960e-04
3.520400415080204609e-04
8.119435989118958252e-01
7.673754860000395195e-02
5.366622801068772208e-01
8.325288700855277835e-01
8.385516990248577107e-01
8.090569373511723450e-01
7.796446845213989008e-01
7.503508508814377143e-01
1.744876592577721236e-04
9.091255293502604751e-01
8.216162714505100828e-01
9.693870243114474346e-05
5.881617741563278656e-01
1.173033082092377250e-04
8.241053340875664768e-01
8.386457699662307474e-01
1.364064457135911112e-04
8.612177353018514170e-01
8.382051807605549465e-01
8.083047321941086993e-01
4.249407152506838314e-01
6.625319370919725559e-01
7.634319907147395501e-01
1.147146330458198721e-01
7.689356564297515906e-01
8.145085174883489598e-01
5.848449171029874375e-05
4.647735331889330662e-02
9.961528284389520316e-01
7.554369908724773985e-01
5.593880307209040392e-01
7.960992292994614195e-01
6.873034757072951084e-01
9.140437600406027263e-01
8.335194478630648662e-01
5.709732598830628003e-01
7.368009498002657809e-01
6.204703744615498451e-01
8.482553659707202653e-01
7.821041775210986202e-01
7.086103321253131027e-01
8.426181001314640984e-01
4.204502768239239963e-01
8.308352456853373980e-01
6.787680309466082029e-01
7.554525670909376656e-01
3.999427320375361933e-04
5.845146760178854771e-05
8.219412413200055667e-01
8.615490313883442663e-01
7.850187353669833001e-01
9.941878563014686435e-03
8.384945016382955307e-01
8.115828472607242716e-01
8.244947831143506489e-01
9.961826827516648830e-01
2.205233151162371431e-04
1.195066986522405703e-04
1.534341082686010700e-04
8.228883667399119473e-01
7.674659820019238410e-01
4.781183916635122211e-01
9.994780469523363298e-01
6.385108248903070827e-01
7.827375514805302581e-01
9.116957867342478927e-01
8.304201435958368238e-01
8.010052139611183453e-01
8.020802570508836493e-02
4.513656988122781710e-01
3.711560718417794146e-04
7.847327509692227920e-01
7.894320778231422864e-01
9.990257499006329756e-01
8.230563692087528027e-01
9.993535008291477562e-01
4.517484088847213419e-01
7.169090983945209938e-01
8.139837108622879347e-01
2.559042469741908965e-01
5.264700471846105456e-01
8.977757232533479792e-01
7.404685402178602383e-01
7.165256905143029648e-05
1.607339656411946175e-04
8.324924656224840236e-01
8.144424994233865345e-01
1.064489897056751424e-04
8.197131709279165124e-01
4.739352490918825600e-01
2.533599426406962785e-04
9.938826641056288658e-01
8.323067671550200552e-01
8.387603199696075373e-01
9.991666076436200861e-01
1.813116900344707676e-03
1.172080372793663275e-04
1.333165594260129691e-04
1.215238057828716962e-04
3.143451728171734461e-01
7.839726662703270232e-01
8.276442319649773838e-01
9.911104890930148015e-01
4.500689459581342809e-04
2.863106074437113402e-02
8.414683275723432443e-01
3.242257628932064817e-01
8.356122194064390433e-05
6.439268130280753524e-05
2.005657129170608499e-04
6.811795386043850709e-01
9.982588393682023664e-01
5.974256945752841899e-05
1.857270261525066526e-04
8.166579145546457585e-01
7.803943812289380055e-01
7.253600294347858357e-01
7.991920144626261102e-01
7.880043828756988500e-01
8.458340522220496593e-01
1.845021765639417608e-04
7.908950347495440347e-01
2.212062693043637172e-04
1.516934886708330432e-01
8.046792441397742079e-01
7.698739423895557543e-01
9.958716857002758438e-01
3.629486932303150892e-01
2.629167585494372461e-01
8.178895990778967118e-01
6.562608910467462309e-01
2.428680376335257238e-04
2.817455005381147744e-04
3.491733418242725095e-01
6.462340260794011777e-05
6.446719266502222156e-01
7.766198777991235591e-01
7.847869064848463916e-01
8.353378580894593665e-05
8.354263514343748254e-01
5.501887187652042543e-01
9.511053928860913054e-01
7.905792488168248311e-05
7.933027354979704793e-01
4.779150756201350214e-01
1.704060482335936211e-01
1.759478651319870733e-04
7.100933749396793893e-01
8.157853250884754548e-01
7.307882695313683286e-01
7.141514695924559009e-01
7.939899948603054822e-05
2.246863120159790902e-04
8.572275590625787478e-01
7.856450790667720563e-01
6.025255043127427523e-05
6.564484251268976056e-01
7.393008689054696436e-01
8.348625226069085192e-01
5.260667746351722629e-01
9.258740105316264069e-02
2.190228720860866174e-01
7.960440612552248663e-01
8.793058176084007638e-01
5.423686642323151119e-01
8.335508724570200867e-01
7.703938895436671652e-01
9.932087975439772842e-01
7.989581811757573426e-02
7.412999472072325791e-01
3.796279347896946987e-01
1.236999557282252753e-04
4.377520241304672295e-04
7.879579413328319237e-01
6.948839930610910542e-01
8.478979796747342368e-01
8.488158944320954857e-01
9.443956471191750860e-05
1.168616059350482625e-04
8.291738839590645505e-01
2.876351172086642483e-01
6.884680488381083041e-01
6.484270303375750943e-01
6.662929381456663691e-01
8.287533874573597137e-01
1.516875387880237580e-04
8.741760703277543509e-01
9.844191958838196578e-05
7.941957762860636372e-01
7.271457464148993743e-01
6.101988980791482131e-04
7.232342674863913073e-05
2.509905308888639376e-04
8.820803041649430409e-02
8.445903033571150464e-01
6.825385286053127221e-01
8.392265933938606315e-01
8.013934144571687179e-01
1.624631673066948348e-02
8.501047480877174101e-01
8.374357912385619329e-01
8.436324427944323912e-01
1.176446445531052391e-04
8.002587130575822272e-01
7.127629827106974902e-01
5.485848345646794355e-01
8.560632880872137696e-01
6.668648707003190857e-05
3.735129003938617714e-02
6.466817832100083541e-01
8.490054163566839174e-01
4.803477883317203785e-04
1.060106854078971287e-04
9.418379201021220446e-05
8.121736710588840502e-01
7.372746483489155400e-01
7.731966062085591715e-03
8.210598315267159109e-01
7.904334697063124526e-01
8.069435730527783068e-01
7.892591340379875309e-01
8.107770424001577991e-01
8.370992707393423160e-01
3.638105075149132344e-04
7.069305967202618168e-01
1.502764228335573072e-03
7.625380197847950736e-01
9.989026763704358380e-01
7.866371806934641109e-01
6.711079699625437935e-05
7.760668873282682290e-01
9.908775294972568259e-01
9.893974728890945203e-01
9.934321266140751390e-05
8.620049506573159714e-01
8.174030691842321117e-01
7.193515132201441231e-01
4.938305619514219260e-04
1.475270568302398401e-04
2.060924880777572786e-04
1.932136304851986579e-04
7.911579197416427345e-01
7.350412124717573548e-01
1.180594349731286174e-04
4.318360420255518139e-01
4.200517967046214496e-01
4.737913908525674400e-01
2.965752916441434794e-01
4.737624126044813755e-01
8.212880853595841968e-01
8.223569406938955328e-01
8.071150013643658694e-01
1.536253037858471523e-04
8.098737885911608814e-01
8.850242141633790638e-01
8.107281274938477056e-01
7.042811440868066430e-01
9.940157148741034510e-01
5.616047657659772874e-01
7.420448261246453958e-01
5.914242897407030091e-04
6.519256050610248154e-01
7.311520367048628399e-01
8.244837904293442765e-01
5.393028243811177624e-01
1.320846695168472196e-01
2.279058625353134711e-04
8.440176586754535304e-01
7.148480889825032936e-01
1.045048812407661651e-04
7.910414351734303962e-01
9.883677748089453319e-01
4.116696093879152474e-01
7.373537125202391795e-01
8.362950267267621474e-01
8.591087994230578451e-01
8.472055727265475067e-01
4.446099771908549880e-01
8.444562202090936109e-01
8.001494918834377579e-01
9.343443372536709918e-04
4.133494147436044264e-01
5.754140728155145990e-01
9.891764489351494757e-05
8.253970848096813251e-01
7.306091351725663152e-01
8.489785737062000015e-01
6.972036765764765276e-01
8.581032347398450666e-01
8.962033299227382293e-05
7.408024266636180633e-01
7.987892734375211864e-05
6.568992347502751183e-01
9.979689171296081129e-01
7.752339048316618797e-01
7.952434130290316761e-01
5.490935238426026058e-04
7.156816338202656616e-05
4.875915350205445309e-01
8.225058152730387873e-01
9.931356790868056672e-01
3.954530827065259879e-02
9.228910056332770859e-05
7.648167655929862807e-01
2.248293963038418600e-04
7.917069185939478171e-01
8.285276641359287098e-01
1.354780896999149690e-04
7.855496084406670132e-01
2.478977131908506604e-02
8.046205714309002666e-01
7.340096632345962657e-01
1.219605611474379692e-04
7.539275195997628964e-01
8.454703300148984635e-01
8.508780815328276237e-01
9.571110269860988451e-03
8.158602886144550195e-05
2.035357480066063570e-04
4.542904268784996313e-01
7.529637927589476476e-01
1.097981916156945542e-01
7.859510975258918730e-01
1.118385028169377671e-04
5.482082901134374131e-01
2.368629698875842097e-04
9.963468820298601036e-01
8.206856123160570782e-01
7.874888575419254355e-01
5.628021126199095336e-01
5.755094509591851537e-01
8.507068050535276926e-01
8.555984745669584779e-01
7.940476826956023304e-01
9.941230217705381289e-01
9.010128625630371424e-01
4.319245634334194506e-01
6.020776541405528093e-01
7.778222067329282341e-01
8.439498417197077718e-01
9.996292348639449488e-01
8.200098798004203937e-01
7.338926693249104849e-01
7.173791980402490776e-01
8.968901210589432793e-01
4.724702544561220074e-01
7.896676893975687062e-01
1.299033216325336281e-04
8.109534348507635437e-01
3.958025971775436247e-01
7.188893648429336425e-01
8.190425226985642571e-01
4.529426509040931914e-01
9.992253308848394466e-01
2.452454854156289055e-01
8.112001364622196675e-01
8.349049265374316464e-01
1.482534113436395889e-04
7.853124422546776673e-01
6.478467567933567865e-05
8.072568678702276568e-01
6.605048287360277826e-01
8.512839915259193813e-01
7.877234725840801532e-01
7.958732213800784328e-01
3.417496058371199269e-02
7.886073250408779378e-01
6.435379757782379838e-05
1.321880865137429627e-04
7.544781493167034281e-01
7.089987075149434270e-01
4.917550059717089583e-01
6.409281804724366912e-05
7.760290751615710469e-01
7.945110724573648531e-01
9.945196000746050480e-01
8.365967449359209551e-01
3.134111718388676100e-04
8.092188523656301813e-01
8.310395650221186203e-01
7.479266350110831685e-02
9.980419360511809668e-01
1.767873591176148500e-04
7.883216085989349642e-01
2.486017447661619233e-04
8.703742196363758847e-05
7.623313649487836186e-01
2.004687215404154480e-04
4.005005056338280522e-01
1.721379886769834578e-04
5.692763275583051508e-01
8.153782312225064585e-05
8.653970517075420654e-05
1.214235194429373323e-04
8.394807660704070029e-01
9.943523836060906840e-01
8.543755061382966032e-01
8.331196308397937900e-01
5.254797878660466548e-01
5.914453010766946850e-01
7.884299965869453475e-01
8.301114378103789937e-01
7.846427513359067740e-01
8.429807355726489648e-01
8.526526465201196281e-01
8.545078968638956593e-05
6.168824982484796588e-05
5.942252959016394720e-02
7.919619172248916206e-01
7.917809589604510867e-01
8.197771540574607663e-01
9.496422161228756931e-02
8.594986653269201743e-04
7.474637777425162666e-01
6.321921760051348721e-05
2.503393419506536599e-01
1.548943999537548053e-04
6.846670474690245566e-05
6.333798779507456844e-01
2.535373506893219510e-04
7.901412239427432205e-01
1.149052506048595757e-04
9.985935551700022561e-01
1.162328761214211201e-04
8.422951540581062905e-04
6.709683067645872967e-01
4.528786500796359383e-04
2.357249548939341528e-03
8.159980795464741865e-01
9.992201157750699725e-01
8.563213821314231700e-01
6.913617083572723976e-01
6.636622812157901841e-01
8.016671427640933434e-01
8.227684961762645743e-01
6.930369754740266508e-01
8.183677337851144040e-01
8.336051637536220360e-01
1.884605111627536411e-01
9.728332625258671040e-01
8.354168474626405549e-01
7.156010186735685119e-01
7.175240408309241369e-01
8.265868160546654408e-01
7.035587979032373873e-01
2.094580902945381018e-01
7.775000819346474801e-01
8.035304398324525366e-01
9.020076456633285833e-01
7.034803793893132928e-01
8.289489716205729053e-01
8.539479579629920547e-01
1.353308335555222341e-04
1.182751680753861279e-01
8.521559661564728216e-01
9.976355600813086033e-01
9.955969514020871491e-01
5.037179219789916784e-01
1.790087151905709051e-01
6.588785906587584229e-01
1.317534973185063873e-04
8.198627187170704281e-03
8.122616969690438227e-01
8.630947494245920781e-01
8.266523329511096252e-01
7.134618386103968035e-01
2.739191638902140264e-04
1.363664238498097031e-04
5.472391749298577412e-01
1.777426695086431799e-04
1.779676596893629630e-04
8.089517400710913853e-01
7.745817538797923341e-01
9.922086317124075849e-01
7.816194209189987196e-01
7.226681927679565742e-01
1.949876650571963910e-01
6.385344321274616711e-05
1.029388941140789854e-01
8.123872724549262569e-01
8.867578641635551207e-05
8.061966956392196124e-05
1.291994238024741603e-04
7.805557806561497225e-01
8.450309500212850322e-01
8.033205673062495666e-01
9.367202993019388272e-05
6.634633380577892314e-01
3.311446618590936364e-01
8.386388200310075369e-01
8.089817740497785570e-01
8.934093341827377133e-01
8.212488684071083123e-01
4.873073987478452099e-04
8.131096872513389195e-01
7.056669866034923633e-01
8.324863993102197268e-01
3.263627042498963848e-01
4.954694625530695062e-01
9.935997350391495564e-01
5.711604392006573994e-01
7.445377626932937515e-05
8.011189204511435236e-01
8.080371649797528644e-01
8.530810920041147494e-01
9.969951596493126234e-01
6.785852078447190960e-01
8.228389909053834828e-01
1.036612536669207028e-04
7.547728502466235501e-01
6.948345591994783410e-01
8.874290393152831427e-04
6.859000181863476669e-05
1.291229940439455606e-04
6.891281399294525256e-05
8.184994369823566096e-01
1.320520492514929822e-04
8.465162072522879333e-01
6.022779264155940504e-02
2.409556048228577037e-04
8.201395867478070700e-01
8.285086258997299558e-01
8.237027539259409448e-01
7.437468914826030897e-01
7.948291558266585843e-01
1.253845327652423002e-04
7.218495887418181489e-01
6.979825762666352906e-01
5.895724181720798374e-01
1.430955756792414435e-01
4.869144506585049714e-01
8.249041191932833250e-01
7.618163451198056713e-01
8.448089514122234522e-01
7.778576874436066158e-01
6.860443413490870945e-01
9.510414059539633064e-05
1.850997698646288179e-04
3.983404130610468581e-04
9.800869154981016740e-01
6.944098394183330081e-01
8.549966832025243102e-01
7.019472567212379222e-01
6.676801610094199935e-05
8.935694578417617828e-01
8.051634773520163213e-01
7.193251428739660643e-05
7.723456041616043599e-01
6.291237311942359238e-05
8.249357025890244888e-01
8.250807415441580028e-01
8.210633323763038005e-01
7.688271625099315498e-01
6.644335553535155592e-01
7.839291693996880417e-01
6.079955708602926938e-04
4.561337442082413762e-01
8.386845937237323372e-05
2.162354097161692549e-04
6.647724354673157920e-01
4.973939586822699876e-01
9.995177980810791007e-01
2.418259431956819305e-01
5.738935333288864432e-02
9.501846918473649817e-01
9.739690121853825655e-01
7.578816792967228988e-01
9.991480574474795873e-01
2.099178155185489885e-04
1.144600274287241667e-04
9.727834644646875528e-01
7.466784646119781765e-01
8.401285976977636413e-05
1.460273665480645413e-04
6.853451596188219197e-01
7.275658991428652911e-01
9.378949610816226135e-05
8.867140718979871217e-01
8.616107615245450768e-01
8.427732448623143080e-02
5.246728739679845654e-01
8.484946020224821694e-01
7.833925110362367494e-01
7.823364762089374258e-01
1.724753310105888165e-04
4.818514103691726724e-01
7.967737117034794370e-01
7.857281367903232727e-01
4.940111650372264740e-01
9.713697407164194608e-01
6.491441627467798847e-01
3.611774676556397390e-01
8.588467667360520919e-01
4.877909812387483668e-01
7.874572704941034675e-05
8.214099034043014225e-01
7.923305848043785682e-01
9.983074926781094760e-01
7.863735313166042573e-01
9.993798211786542041e-01
2.035506494451004306e-03
8.103811898829366145e-01
7.996103403989265335e-01
8.652707522585979577e-05
9.991729574134824432e-01
8.015206604093129666e-04
8.270579696167592587e-01
7.671822683893830819e-01
1.356512565793955942e-04
9.530689969116225291e-02
9.193199753568729315e-01
9.986883073541433786e-01
7.435014147410838881e-01
7.380187751537992114e-01
8.232479828608192385e-01
8.596479823010858556e-01
8.369574061207160076e-01
7.296238142714727148e-01
8.374145481640133948e-01
3.798526375195461213e-01
8.138034106351264008e-01
7.351490094191572844e-01
9.971105962067836614e-01
3.947721353364639363e-01
9.158149004968629825e-01
9.991350143424110319e-01
7.015494618293837137e-01
6.917320631123362595e-01
7.915031003411935329e-01
5.042222376483355140e-01
8.376952512568167641e-01
8.506849170504329218e-05
7.834089951390613704e-01
5.404524986875307579e-01
4.831405333984440387e-01
8.018971562155015054e-01
8.131229670274222610e-01
1.072042381350086051e-04
1.892506348859401724e-04
8.372673191419705008e-01
6.094455811106264109e-01
1.856139826231841005e-04
8.203280562499364326e-01
5.599881019664610239e-05
8.447333356160862117e-01
8.483321285109189924e-01
9.977226657203600579e-01
1.362082032485341268e-04
4.357307079074663201e-04
7.733208132179688610e-01
1.973455833877773788e-04
8.147561275623104631e-04
6.550730218988427595e-05
8.375628092408475111e-05
3.159719433848436738e-04
7.717999068531967710e-01
7.375560436792735471e-05
5.069327478942671104e-04
9.994086668620466574e-01
2.009468792248018476e-04
7.963420348533851723e-01
8.093556788934400670e-01
6.969053449451698690e-01
9.274479788634986386e-05
6.938057320587975862e-01
8.307128318159241465e-01
7.565604179051472755e-01
6.862391631954206650e-01
7.489896413627072924e-01
2.463865293275039432e-04
7.752468709711728412e-01
2.092039599513537682e-04
7.726567861971057605e-01
6.354424942436333046e-01
8.955007641421205663e-05
7.457354501675063085e-01
6.627656457328455764e-01
7.271499420318461304e-01
1.492328319123715748e-04
6.232282184480145704e-01
5.735603518366011455e-01
8.421520292862025858e-01
9.812820031449139835e-01
6.290694221667302076e-05
4.681250227743046291e-03
3.999180027029073936e-01
7.831754770554462119e-01
8.184812777127120631e-01
7.966899061722078068e-01
8.196477028661912634e-01
3.321395381329401708e-01
3.080793018387475751e-04
5.488043335544109391e-01
8.378066119105010978e-01
6.478097503327154283e-02
2.225393222637648324e-04
1.512407341150243945e-01
6.538279722640031322e-01
2.594401127844219888e-04
5.551151186385404612e-01
1.540256539277107988e-04
7.930427753607676156e-01
8.000190252362223697e-01
2.490812427677670531e-04
5.528455960384845991e-01
7.572998206234042851e-01
5.518211110738511227e-01
1.256259011514211932e-01
8.056842521605214191e-01
7.407630960210369597e-01
2.308907682089830771e-01
1.278122544839984387e-01
7.140176205607563498e-01
7.933101899477126295e-01
1.317809805327915058e-04
8.031181914539892164e-01
8.913033958446545547e-04
8.080999057903510696e-01
7.264340295892997013e-01
8.569518843375288908e-01
6.171757653645173678e-05
4.201406190047085598e-01
7.461256890081362503e-01
1.080361067378638427e-03
8.384199175240157897e-01
1.093586920338413026e-04
6.142774165434970290e-05
3.961322689611290193e-01
9.941020919952237023e-01
7.553102876944511109e-05
5.676428965693034456e-01
8.376526929175575065e-01
4.326827581139280343e-01
3.151592749934370614e-04
7.744950443525936423e-01
4.316317802645096291e-02
9.829461354191471045e-01
9.519504727014744443e-05
7.834635672121694761e-01
9.143750102115859590e-01
4.385520679378002717e-01
1.999222723355293108e-01
9.993848344155555896e-01
9.005782711354509695e-01
7.098748296946155723e-01
1.489931560036407930e-04
8.262561333296859489e-01
8.471047676750983468e-01
4.395159292601794618e-04
7.610048352375080594e-01
5.156958823349460097e-01
6.863250690245292773e-01
3.138778656052779972e-04
8.335419353393086483e-01
1.341084751136183695e-01
7.888972687785631432e-01
3.794871747258021788e-01
7.198443744989555526e-01
1.321175055475745153e-04
1.405215964003745396e-04
9.831186250925199044e-01
3.847736556964931887e-01
4.882474844821594329e-01
8.099128860318131062e-01
5.072009634848426707e-01
1.761381268825322314e-04
7.794602567901094403e-01
1.595325036717647942e-04
9.548119775464236267e-05
7.769375891258896161e-01
1.542586061112300258e-04
8.204209822790891060e-01
6.909619066777166196e-01
5.199858275083655279e-01
1.828018818520518718e-04
6.857780254162214595e-01
7.074679138087097696e-01
4.939050169327532935e-01
9.146278176419257873e-05
7.106379102820645777e-01
6.953704458568440439e-01
4.683153286262783377e-01
5.755257548676442347e-01
8.468848993756132870e-01
7.168057136576394539e-01
6.888144629331104385e-01
9.621149777363543880e-05
5.173985593093857194e-01
8.381551771258602956e-01
7.534359020333624146e-01
4.255668715747554535e-04
7.903499943213082579e-01
7.496076940562238500e-01
4.958176661528698181e-01
8.270272974203466410e-01
1.441656704210047928e-02
7.884594915115521463e-01
7.143295640593425588e-01
6.332273216921124881e-01
7.855793799082959605e-01
7.973274650980477496e-01
8.071901968209013178e-01
7.728997691716220642e-01
1.964793452377604449e-04
8.627790785314037869e-01
8.378270210664973128e-01
8.544505692075919923e-01
8.033269474281345968e-01
9.924479843768901910e-01
7.881783615594656345e-01
3.274165274309449036e-01
8.115134510177108851e-01
9.259619196831233578e-01
8.354911282348586044e-01
7.860648816933316629e-01
7.769204683178809745e-01
1.910416708739132554e-04
1.019622263527239087e-01
2.888918272703157233e-04
7.705923655922695126e-01
8.412287330391872153e-01
2.781019583845721686e-04
7.413155182684747491e-01
5.962956636203711192e-01
3.729713570244917731e-02
8.149178636749369042e-01
5.066309874041594608e-01
8.357762407373600100e-01
8.062163297113208449e-01
8.279300777205474970e-01
8.453290780585434039e-01
2.869326476235913859e-01
9.813932924311127848e-02
8.355937415405604307e-01
9.987024295528156292e-01
8.278809407386720221e-01
7.784192144267085833e-01
3.362220528235081440e-01
5.812375029573479485e-05
6.518226124225453555e-01
9.984804556449329294e-01
1.913469774286217714e-04
1.066106375504605289e-04
7.325137319657428758e-01
8.359622199782186236e-01
1.299600271892910569e-04
7.568746133657344721e-01
5.724731675468163195e-01
7.304367015643690175e-01
7.715037235407180560e-01
1.244594421738323751e-04
1.476112843263918781e-04
9.924090231990986277e-01
1.472143459690875567e-01
8.043845473539891211e-01
3.851761574893713025e-04
8.302569705515157050e-01
7.757336109064524310e-01
1.066110107402687272e-04
8.536392958748907356e-01
6.913105452542503970e-01
1.812812805588710991e-04
4.330147061010107892e-04
8.003166712343380285e-01
8.545311341505171798e-01
7.964798489762739964e-01
4.108988473803596442e-01
7.997943273932718311e-01
7.517095656933768799e-01
9.896121584972085161e-01
4.199091931519524645e-02
8.477868474802510157e-01
9.936845043530043720e-01
4.340784999943248196e-04
8.150536145203493010e-01
7.504847134833277922e-01
8.297496499699998735e-05
4.232940472055395364e-01
4.140872377518762804e-01
4.304275841571206154e-04
9.940620845528856941e-01
8.668393852250806386e-01
7.979806176166984732e-01
8.204198578337873471e-01
7.787539979811448632e-01
3.624638021537652751e-04
9.212441580151645290e-04
7.418187879600378620e-01
8.418694266042565655e-01
6.934709113485666432e-01
8.225721274025545871e-01
7.978160682668834491e-01
6.024667310361951911e-01
8.064549630275688052e-01
8.054346327627860402e-01
2.248070977801911070e-04
2.187390773130983815e-04
3.895382905235407756e-01
7.698512469842185846e-01
6.484017439379752279e-01
7.172285669228783966e-01
1.101322163934815115e-04
4.948778623607147931e-01
8.190693989258863716e-01
5.721558950270408438e-05
8.240373035069754604e-01
6.635640979993994160e-01
6.326087095320056576e-05
8.074492032643920680e-01
1.296732167858987428e-01
4.677421908755995950e-01
8.521416921865084815e-01
8.098594178347681813e-05
7.602416103532156910e-01
8.295320967380617194e-01
1.971370623437824487e-01
3.867784205048968582e-01
8.236014407346546884e-01
7.629068858254816066e-01
7.511447348775202038e-01
8.076665010922332577e-01
7.864412674230573108e-01
1.591649470013659388e-04
8.234381639149086496e-01
1.671682055779993292e-01
8.032304832249304027e-01
7.260574887152204508e-05
2.210030439118038515e-04
7.644903654256068881e-01
9.681143783876424618e-05
3.856950287699200119e-01
8.170144672096881777e-01
5.584404133057663255e-01
8.375690720184272298e-01
7.195132893470624902e-01
7.700605769840158654e-01
7.867097956241976275e-01
1.172074171361350592e-04
7.235458531555294392e-01
8.289036698252318924e-01
6.672732816704308734e-01
8.536546083818475905e-01
9.053564214616142622e-05
1.077753063470600418e-04
1.208210042514008681e-01
1.760151189696413654e-01
7.938210081346618319e-01
6.931175063921973800e-01
7.356999889124099523e-01
2.149347322503364632e-01
2.551090507590555957e-04
5.918641179921474427e-01
8.153830105392638750e-01
9.249879615598269877e-01
8.235090517525602838e-01
7.443990078454395531e-01
7.917825698297802361e-01
4.996748564823381145e-01
7.915009457917173696e-01
6.438717268023355081e-04
7.858717624544481195e-01
7.739146609131181132e-01
1.135277291427374277e-03
2.070057591457571489e-04
7.325072020812416485e-01
8.040303360638341168e-01
8.530410999612381140e-01
7.975464285813786969e-01
4.829962837605624726e-01
7.864988884881549680e-01
7.497155316895811605e-01
5.418150719269201332e-01
5.829122478953532844e-05
8.460181354250333463e-01
5.771882083805660590e-01
6.735746062652449018e-01
9.925221380263636872e-01
9.464520942566940764e-01
3.837676421805545357e-01
7.443987871775604725e-01
3.650094208988628156e-04
1.115559419768123733e-04
9.434778355435142760e-01
7.233301478079006142e-01
9.983129082125322684e-01
9.992402528321113753e-01
7.543713762744984619e-01
1.007604835553586821e-04
8.236019598657695617e-01
6.199308396142869659e-01
6.584496014847304179e-01
6.765323487984735706e-01
1.206035005870733772e-04
7.942865461401504845e-01
7.779064393157951729e-01
7.361739536974514220e-01
2.375283903931035118e-04
8.032960960180548504e-01
7.632586211192697080e-05
7.699469986994611059e-05
9.991755166543271338e-01
4.617953641068121007e-01
4.828803594971128876e-01
7.381268669180651720e-01
4.968905749064300159e-01
9.994386851189291932e-01
9.993780621854492230e-01
8.096906853482085387e-01
5.826340155155199652e-01
2.371363647436804112e-01
8.539273579584951701e-01
1.366500815788336543e-01
5.958362152610259255e-01
8.774554357065755816e-02
1.065496679218733671e-04
9.985683298158670729e-01
7.998819804621308815e-01
7.522183124498753592e-01
5.716755763960970071e-01
5.023004680318163828e-01
7.240730335130168838e-01
8.365536242888109708e-01
7.130970124182108483e-05
2.024340492580414819e-01
1.844983013179273268e-01
4.037872045775459107e-01
8.152859756854293760e-01
8.033413157106277236e-01
6.781446723270292184e-04
6.871025340824475913e-01
6.908712328643218381e-02
7.470775202646251500e-01
7.516706761102716072e-01
1.481380270357563183e-03
6.596338392501209791e-01
2.101762695371863952e-04
8.535819333948824195e-01
8.391560495203189696e-01
5.666974595858553787e-01
8.237318831342411718e-01
8.215091078887492015e-01
8.137529853148154357e-01
7.949671961949066415e-05
2.454340722658254759e-01
8.427683692014674710e-01
8.339262724096220269e-01
7.602969506876299244e-01
5.343963503960587058e-01
4.016954321556779894e-01
8.324801766531855218e-01
8.378533722999694788e-01
1.398381094578151653e-04
1.963060183672335295e-04
9.404407099660201251e-05
2.412907630250226299e-04
7.474190335947319408e-01
5.768266197550631080e-01
8.353725959405252643e-01
9.353119850727192267e-05
7.676585978536349941e-01
7.880879147811635788e-01
4.263637701191838603e-01
5.457409407552720193e-01
6.688183952537516408e-01
5.660627875292629282e-05
8.164136644110066010e-01
7.893692676938357522e-01
2.240303322733349669e-04
7.814830523293752051e-01
2.366267674836162180e-04
1.539850146795060382e-01
7.226732646286683215e-01
9.201773602171157886e-05
7.853886767354867349e-01
8.548215406956752860e-01
7.990075129151810174e-01
8.364038021156312563e-01
8.267096890214327143e-01
8.691450807549403195e-05
7.608894164745398925e-01
7.798016405669034867e-01
7.857626623225444362e-01
9.994615291280188885e-01
6.379362695834905124e-05
1.020786484063849892e-01
6.931831642073988942e-01
8.427905979520409208e-01
8.266398751054546690e-01
8.014873988226463020e-01
3.954755601788807707e-04
4.987041588611470511e-01
2.902100120232016089e-04
1.896867874159636764e-04
6.974245497796158766e-01
7.765781415889957406e-01
6.544784469729036935e-01
7.784765653272494035e-01
6.019335287982009453e-01
9.050034684978927786e-05
8.543368443253488570e-03
4.617430053898378549e-04
5.984126034334683597e-01
9.028048768768003084e-05
3.878180029466731849e-04
9.821393269741458543e-01
9.946524241738753380e-01
1.567463496169861636e-01
6.989866434261845507e-01
4.842858425921361398e-01
7.684894041308735213e-01
4.461426652659034597e-01
6.212629708204236989e-01
8.201397273580743885e-01
7.901049866049074666e-01
6.374714386832034470e-05
9.044129618217303611e-05
5.706613064991762082e-05
7.174940039953157142e-05
7.795597099139017772e-01
9.968896515245578849e-01
4.081031074532743830e-01
8.283264203206156528e-01
9.986951520876867772e-01
7.314165720675194216e-01
3.596781437123438563e-01
1.096273766012604434e-04
1.897381205611075434e-04
8.237172147747048312e-01
8.241534226419898745e-01
8.284157189670184884e-01
6.926672124485796500e-01
8.425503447011882807e-01
9.239549375753722815e-01
6.605807846932890692e-01
7.620581449999571655e-01
8.209489412501219663e-01
4.902595382393087897e-01
6.854833572957496777e-05
1.793710789582666023e-04
7.749268921056499115e-01
5.166167598647048997e-01
8.563515018729618289e-01
5.555814487805021962e-01
4.233181714677995418e-04
6.655747644696985432e-01
7.993421408353170192e-05
1.854084096928049880e-04
7.366671562002549134e-01
9.785914523021423950e-01
6.615467278654940664e-01
8.482235972259870582e-01
1.036743124627881318e-01
9.426731883194477014e-05
7.987916469734582803e-01
3.408951764411578128e-02
2.111030264262181487e-04
9.605419050674228400e-05
7.412929635869198730e-01
7.858988590187622192e-01
8.538614260706959280e-01
3.231124244894552702e-04
8.400375250533177462e-01
7.937834259308762519e-01
7.598017096595797160e-01
7.766167176652188919e-01
7.549041749125232753e-05
8.236482765362280111e-05
8.351912805113672201e-05
7.963456661650005763e-01
7.319485725337270265e-01
9.873149617490036001e-02
1.171165284502937165e-01
8.541708179110782950e-01
8.334671450400493731e-01
1.202543089773204721e-04
5.570525201559755057e-01
1.730918031073248918e-04
6.954196823885053780e-01
4.663639015390971809e-01
3.643595206295959232e-01
6.127868652573614035e-05
9.980999395942309338e-01
7.959266129726474404e-01
7.546647771440011532e-01
7.337488109800107683e-01
8.335512005306543459e-01
7.423529628944041114e-01
4.895532736023557319e-01
7.817986134689647315e-01
2.732390776188596895e-02
3.320403140457589878e-04
8.125616519129592596e-01
6.848702723639491508e-01
6.731045300243968521e-01
9.443560079316944134e-02
7.257580472307879242e-04
3.364554627974712386e-01
5.143534451648491546e-01
7.451538779893819298e-01
8.270774296837866135e-01
5.365845093302779728e-03
7.691033035754102354e-01
7.866966413023667171e-01
2.360643569683075287e-04
6.528500648985374744e-01
7.972004123779431461e-01
4.121164035108262902e-01
8.963161394984158203e-01
8.287583084867735650e-01
7.492512332209955161e-01
1.578425883173858264e-04
7.655368796005500576e-01
1.710132236941805807e-04
8.512208622159829208e-01
7.957426794313769980e-01
1.244967643501047026e-04
8.326832750303910791e-01
5.863634182887792617e-02
9.991241583981246288e-01
1.220625317967623182e-04
3.297590150751857352e-01
9.403158672584436273e-01
7.732075875051325209e-01
7.852440456575529026e-01
6.857690099654103477e-01
8.414441222154749322e-01
7.812789539099520564e-01
5.825903296341025106e-01
7.761230481118431834e-01
7.901289647734689447e-01
5.612289371530154828e-05
7.555612482199036695e-01
7.056823279626972122e-05
7.540403522968919248e-01
6.606394485273593409e-01
9.673632478049334349e-01
1.402534023100075061e-04
3.246038563119042742e-04
8.746132383123259579e-01
7.858547999227315506e-01
8.008799287410520718e-01
6.837971978470377410e-01
2.968850143246119051e-04
7.305513382548914914e-01
8.037141028021738132e-01
1.421440778286345416e-04
2.899985727494275539e-04
3.767204828201926869e-02
8.562439559863054273e-01
8.964764754662700073e-05
7.860649882582297909e-01
7.877800517637630895e-01
1.178932659033340713e-01
9.421462367383690584e-01
5.556057498462761398e-04
4.921778319810081181e-01
6.328435108966280476e-01
7.743123455418778889e-01
1.187245553868946063e-04
5.514097547378833397e-01
7.340863797128907738e-05
8.314160891335935959e-05
1.299525562370354003e-04
7.831207328708699178e-01
1.928431883773365941e-04
1.991896983488526294e-04
7.233812461941435679e-01
8.113501127445421623e-01
8.392344226683670083e-01
4.390959922208554356e-01
5.922866405148022872e-01
7.695070461158339814e-01
4.698060986711569131e-01
8.146846214883801088e-05
7.941190250705546516e-01
8.236151185856915857e-01
9.005461593741226345e-01
6.562982417877988306e-01
5.526905237229351453e-01
5.437990971710572330e-01
8.035990023979201480e-01
7.015978141834576798e-01
8.568955174073765724e-01
7.818862400067266849e-01
2.557663302308304100e-04
8.468949888528883863e-01
8.125661889599459231e-01
8.606695711726152220e-01
7.921803615377099872e-01
7.701693659107190504e-01
8.372752726902855658e-01
8.037662664162900095e-01
9.942116633500285294e-01
9.817533266009546183e-05
7.679058359688256674e-01
8.166089156844962282e-01
9.723318257274653513e-05
1.003688753308817102e-04
7.736492410244665274e-01
3.793665509759295285e-01
7.940138349916574523e-01
5.903113523214755355e-04
7.435425280593164210e-01
2.757321790083884028e-04
1.639201918413635847e-04
2.593937585097468856e-01
7.802361375010437028e-01
8.522904916554320254e-01
8.221886199023817898e-01
1.182478998033690160e-04
4.653263157649272230e-01
7.841195024112885825e-01
8.044166020612640855e-01
7.851775027934571050e-01
3.700897944412296359e-01
8.143784421287252329e-01
5.960756494481989076e-01
5.967230904132074520e-02
8.129557780741876183e-01
7.016946679484540317e-01
1.232393016047581263e-04
8.233740493285220952e-01
1.077612962930114208e-04
9.995212353614765233e-01
4.264373803449326831e-04
7.934202404978507595e-01
8.140695071872215971e-01
8.386209927294373534e-01
5.839570053314414588e-01
8.036399286378479445e-01
7.150848009618622214e-01
7.536237226621146368e-01
7.692442232558953613e-05
7.879300219991363097e-01
7.743612119958939166e-01
6.681136865264535318e-01
5.771509158032578357e-01
2.325538066070263776e-04
7.815647751117267283e-01
1.105791752093024833e-04
3.072555091021620180e-02
8.546772879486104202e-01
7.970207855115545303e-01
9.940961915773509627e-01
1.855679003160351102e-04
8.469768093577679791e-01
3.333386045598170366e-02
7.347951223309820423e-04
7.379488265802733871e-01
2.265105286794451636e-04
1.408759456063818361e-01
6.445778869539023903e-01
5.570322187151148796e-01
5.040429192523029345e-01
3.930551012666905187e-04
1.537725656375190731e-04
8.570029542586231753e-05
5.285762298186958688e-04
8.761222361623269565e-05
2.074778117728636026e-04
1.664640241249657621e-04
7.221680564434175276e-01
8.811948603744106253e-05
8.052128779219043242e-01
6.478786314338379482e-01
8.182954641672915974e-01
8.893041644355821704e-05
1.418173462144741370e-04
5.881181822442838047e-01
5.444883196189979069e-01
7.715168368807768795e-01
6.644847675233105377e-01
7.466958687341754830e-01
5.131597627114607985e-01
7.932698744474645514e-01
7.665611188319366720e-01
2.069216998003200884e-04
7.777058983586141450e-01
5.982901400252952362e-01
1.538528835561354859e-04
8.397474039825847392e-01
4.920951896472464853e-04
3.474536084450003922e-04
8.388930180832943062e-01
7.864425278586699708e-01
1.038225622507453884e-04
7.738418822554807841e-01
8.893978476417659929e-01
3.560438713490008955e-01
9.969881197636060177e-01
8.015139349552161674e-01
4.307362298760714970e-04
1.057273445931603478e-04
4.774902431209053222e-01
7.461191064589625110e-01
2.016055080025896116e-04
7.831123745336694419e-01
2.250205340526240745e-04
7.920307414735353602e-01
9.061265645834135629e-01
7.823235673999603401e-01
7.785254562374064324e-01
6.511814710409964402e-01
8.138158993863967572e-01
7.513760237156921946e-05
7.853261131524382765e-01
7.586853892169560520e-01
8.212231803678630149e-01
7.892874183463044480e-01
7.783277331023723544e-01
7.967794094453722886e-01
8.546621509479414014e-01
7.872107670690567938e-01
6.896955832702183272e-05
8.253946460687879849e-01
5.775163807606290993e-05
9.995524608232714270e-01
7.045248577959924985e-01
5.881348504453177695e-01
8.050985438458529986e-01
6.710352929890298634e-01
8.044730495484797572e-01
6.322012278746313996e-01
2.377852230089535764e-04
9.992937400858403763e-01
3.533886649153323289e-01
9.757864004231835420e-01
6.207013717788441255e-04
6.549266837320243395e-01
8.960520344711012664e-01
5.073134237988649042e-01
5.707504554441454462e-05
5.064462331090424652e-01
7.778278364900095276e-01
7.552534677812686725e-01
5.731612434795779537e-04
7.963759511411816483e-01
7.885927243283875621e-01
7.955810169725938685e-01
6.990541043654735498e-01
6.642863028185600482e-01
1.507509577677871304e-01
7.706031276501457139e-01
7.883418334210655631e-01
2.331063192919890755e-04
7.858347763506822181e-01
9.711845441431793402e-02
7.630844695506010114e-04
7.547577186738204658e-01
6.104795297767116836e-05
4.032813893466096616e-02
8.443977895270203815e-01
8.002915467500111291e-01
9.846556676539129915e-01
8.131975450232182823e-01
8.354245024883882875e-01
5.494704053161500457e-02
5.341414174016699823e-01
7.541568830499697507e-01
3.641156306294436318e-01
8.276671623408811103e-05
3.987371301377948263e-01
6.377665736150188252e-05
8.437787007003856310e-01
1.676464711566683953e-04
7.693014853643805884e-01
1.263487404655825165e-04
8.097787414477910506e-01
8.218186815841641568e-01
8.542414179004169036e-05
9.075790656729741310e-05
9.813741344923166429e-05
7.750823079446178543e-01
1.126789205419352077e-04
8.443672730219273781e-01
7.863222722033472722e-01
4.167909690098985792e-04
7.808654595623342187e-01
6.142450664613827822e-05
5.837079650816313636e-01
7.961090369088766883e-01
7.187131374300521625e-01
8.715077263626134379e-05
6.871122610402187192e-01
9.458106616722514941e-05
7.654217551369352224e-01
5.782819789476948413e-01
8.201911736007878330e-05
7.452601469069148887e-01
7.234647837725937114e-01
8.086225892796112813e-01
1.958410825196545862e-04
8.030127020017842066e-01
6.813982329992638145e-04
8.620528934296550760e-01
7.906754755382341404e-01
7.240468342147791114e-01
8.278648944930460263e-05
7.343702030228764777e-01
7.857129927662646063e-01
8.530352597095242073e-01
5.619246165926224945e-01
2.665616410800188889e-04
1.377554435063519896e-04
1.109279721571844012e-04
7.736330982324679528e-01
9.994404817751433301e-01
7.970871792423650515e-01
7.815901430166132258e-01
8.022983525300362295e-01
6.049714175669412830e-01
8.464945837792083871e-01
8.183890144758078078e-01
4.594136361111073596e-01
8.242712474926905397e-01
7.495551206813200196e-01
2.777235513299829801e-04
2.279103789400949381e-04
9.963742348726455367e-01
1.929637296737177579e-04
7.582679291987407533e-01
7.784386177097585291e-01
6.986640253605796481e-05
7.128428968709215052e-01
2.026883316972922511e-01
8.609039185463589483e-01
2.570945059748011487e-04
9.984402503156103448e-01
6.617604134158029394e-01
1.174896168436578983e-04
9.843373367747477315e-03
8.724562483442166450e-01
6.810978832557760265e-01
8.489422319892882577e-05
8.600439938441578277e-05
8.291462742453162837e-01
9.989728398002620802e-01
8.177155843548317149e-01
7.326655216174310370e-01
7.240158000891108486e-05
7.410239583001194674e-01
8.175789108342286227e-01
7.949231242306598055e-01
3.622266953784912232e-04
5.891461429963936163e-04
7.725595652248377077e-01
5.049113108275109507e-01
9.973632564082625107e-01
9.971050337874641789e-01
9.933625963332398667e-01
8.364296976737308764e-01
8.256809982710160423e-01
3.193778273659944045e-01
2.259705182890664465e-02
7.397222473602947934e-01
4.061320725661659026e-01
9.944753216599522272e-01
6.607075207680300766e-01
2.842555647476967089e-04
7.388792165259463474e-01
2.908067227244284791e-02
8.737304771790447568e-05
8.067692894089287803e-01
7.214763449058796407e-01
9.140519027412670548e-05
7.530449936414620460e-01
2.724406130983933298e-04
8.124037602722333057e-05
6.102342668793969693e-01
8.740009525898723153e-02
2.203383958852860502e-04
8.250900064518021937e-01
6.130181961533644978e-04
7.791425227286061794e-01
6.679084725005951517e-01
2.290738595757639681e-04
6.357319654781031781e-01
6.691416430741527893e-05
7.739816914149217372e-05
7.587738261562830822e-01
7.966770271722151099e-05
8.608166104867494006e-01
1.615166261380372552e-04
1.677729232731591305e-04
3.752542624908702896e-04
1.840540722995428005e-04
6.629947102431459349e-01
3.337406502885689914e-04
3.305762318526592886e-02
7.662988725951046520e-01
2.315986864086806414e-04
7.847778985870211832e-01
6.584440231452113603e-05
5.860370732559795973e-04
1.028053867147226655e-04
2.890264361344966337e-01
8.100335840264452755e-05
7.000344385295645955e-01
7.235544163075100510e-01
6.546395858202660456e-01
5.840570832800937267e-05
8.682636325843053635e-05
7.661364842355518068e-01
2.344458160690926218e-01
9.562710225341561473e-04
7.896253324260078532e-01
7.987639596208919723e-01
7.867313412888106150e-01
7.976258597091896441e-01
8.142101622795833160e-01
7.954198322800296594e-01
7.456636865835218897e-01
8.989174668924159502e-04
8.551986760970406998e-01
2.366654476188682931e-04
8.191986202572163478e-01
7.638220031324139958e-01
8.707018406028137480e-01
8.524646649029676837e-01
9.762850264556000024e-01
8.406451737698500404e-01
6.883986318109570623e-01
8.101061935986652029e-01
7.867433112523081196e-01
2.447566668282436637e-04
4.536139344021307696e-01
1.748680414789144377e-02
6.465537679390828631e-05
7.299422531905221945e-01
1.007956023551645941e-04
6.678303077932764564e-01
7.941902306435371095e-01
7.585018070312121719e-01
7.476813772330389814e-05
1.222485908963623976e-04
9.779575241704222544e-01
1.984489178687657695e-04
8.083713088746166120e-01
5.683986881904427987e-04
9.950239449106843548e-01
7.729913177950217262e-01
9.987471067649442702e-01
8.134177272868249320e-01
4.965921641696222633e-01
5.062925239614453066e-01
8.015274916253275483e-01
1.344436986171930535e-04
4.351347846442094602e-01
1.529218550774834914e-04
1.415204627076324939e-01
5.727169991079804134e-05
8.069216474710688702e-01
2.301950910919202120e-01
8.145858219803425726e-01
7.880087691853980836e-01
7.947071901662233762e-01
1.826700640902389206e-01
2.262823399964291882e-01
8.345365025946588355e-01
8.245435874152990952e-01
4.461547264300966820e-01
8.407478367938695518e-01
7.425576099834741983e-01
8.403946495081964230e-01
6.922746773503473117e-01
1.296721000246286448e-01
7.311787014768841191e-05
8.264145826357481850e-01
8.340685482772172143e-01
8.227909586158388411e-01
5.933889998757290174e-01
7.618533015924412455e-01
7.883656096176007155e-01
7.678489940001600456e-01
1.040375847946831849e-04
7.844859527959472389e-01
8.174026769983259166e-01
8.118748972477302095e-01
8.383947374299333122e-01
6.055132638576231630e-01
8.543984301094184868e-05
8.252315991462235711e-01
1.509111392386283776e-04
4.216367841158689123e-01
4.128212450621585039e-01
7.878735081054837330e-01
9.613698962585461429e-05
6.637409231835202927e-01
7.800800062856080297e-01
9.647516854613666371e-02
7.140394496012536507e-01
6.985302735748940561e-01
8.456302517710158062e-01
9.751119197268377781e-02
9.877489846642658611e-01
1.042935664407508030e-04
7.115886737501122378e-05
7.824159606040376191e-01
4.843467431752931374e-01
7.370029433107856409e-01
8.134185175207155893e-01
4.803147331566275536e-04
8.286055761550984444e-01
7.993251533820170396e-01
8.136067304202052597e-01
8.227322408983736013e-01
5.659613200150974688e-01
8.217127610780783353e-01
1.867499517397557961e-04
6.172859456472007866e-05
7.240250082305034196e-01
1.624907631906493473e-04
1.018784489606109868e-04
7.529554437563252822e-01
5.117943088008403141e-01
1.274985208161042512e-04
9.927907046298189986e-01
9.985385221098297404e-01
8.045666355277235615e-01
1.767230700255950360e-01
8.387558662705765222e-01
8.065329521748301200e-01
5.272875148584409422e-01
8.053404810008019110e-01
8.336954372458887930e-01
7.883358556441041332e-01
1.540258536257686122e-04
9.073310520875073060e-01
7.823010935938028432e-01
1.452826656108329173e-01
1.546318282071409338e-04
9.993435386797251407e-01
7.962073499410657895e-01
7.175260145934667655e-01
1.806815339076841230e-04
9.410473871826482428e-01
3.810458967291173726e-01
9.952072514746871379e-01
5.613513721431378790e-05
8.460569469546656007e-01
8.088868269520639890e-05
8.262146943132614441e-01
1.046727020980191408e-01
2.377959277787555781e-02
6.712820037538940203e-05
7.918889505193584810e-01
7.742604900627197972e-01
3.785036919430211089e-02
7.872303614848359388e-01
7.721820838733937098e-01
1.804626925198553116e-04
7.904106031103317331e-01
5.294856472146438620e-01
5.857566003591400117e-01
5.998919032814059582e-01
8.338046721250719218e-01
7.373913823731805817e-01
7.398045728093800566e-01
7.226286617095825093e-01
7.882606133269015602e-01
5.997064762588891762e-01
2.867271236241996572e-04
6.077336078430136679e-01
8.122532470428974749e-01
6.823367162597169244e-01
7.784361596969020525e-01
7.445473322844166075e-01
4.643116185285173780e-01
6.978735060035335946e-01
4.250926324687320248e-04
3.497302227920945882e-04
8.160509811643164822e-05
9.892786810052487390e-01
5.093217310627972116e-01
4.890231704605549345e-01
9.976687639901861138e-01
1.110981545206761472e-04
8.051994975091121276e-01
6.452147679825174231e-01
8.352838805199792604e-01
8.445724300478868463e-01
7.116627697135482489e-01
9.350565926982989690e-05
8.394627565649084300e-01
2.198466083206790898e-04
2.029280469250067736e-04
2.393280526704629038e-04
1.776596140575451694e-04
1.239432503371761755e-04
8.723924818503050636e-05
6.129669504281209968e-05
7.631122103591104556e-05
7.442254908197308300e-04
9.696346099944971408e-05
9.803435373910401169e-05
7.540920071345041313e-05
1.007320075733767508e-04
1.082472167499214327e-04
1.183528102409500113e-04
4.862582199551006984e-02
1.896021400744673840e-04
9.156452445773386665e-05
2.654108540099940905e-01
7.995164133504104598e-01
5.655017736657306067e-05
9.993471309923430690e-01
8.191313005957440163e-02
9.993823731142206235e-01
6.008453504395781108e-05
1.343174700916783745e-04
7.431642157867389973e-04
6.293623577851021889e-01
6.398389151613345942e-05
1.066731528498403151e-04
1.718032569133808637e-04
3.223098841629222998e-04
2.160360278832827025e-02
9.975969219479802197e-01
5.114145167458398200e-01
6.594552517245024781e-01
5.733830582253698210e-02
7.788573136794124012e-04
6.208110831156076067e-05
3.551620327362413065e-01
7.762304730647477946e-01
8.275500856399832267e-05
9.990505789346169063e-01
9.982571297870160842e-01
7.598279720252518743e-01
1.359648921664148857e-01
6.994320631361400364e-01
7.502145067610233031e-01
8.590723224663006086e-01
7.603378930469767427e-01
9.984838393591959349e-01
7.245664347216893564e-01
7.934469330177851276e-01
4.428690797952968689e-02
7.945931100434018290e-01
8.161438066490180887e-01
8.527898406471414727e-01
8.009849718171453414e-01
8.095243114148037986e-05
8.386908998289916983e-01
7.540808305729619354e-01
7.947594431061074660e-01
8.231027443970551083e-01
4.435540517849766995e-01
8.563558960107321427e-01
7.835668368538708517e-01
8.034820051686685227e-01
8.281594789666569811e-01
1.378286910888681753e-04
9.982552347533010240e-01
9.908802262620242107e-01
9.994064694666683346e-01
7.308458877744289373e-01
7.608428835044807048e-01
6.839197358625146439e-01
9.957801532447334569e-01
1.102585939448808678e-04
8.011833138444727220e-01
7.391409410815361625e-01
1.307958195032113955e-04
2.780128490736680441e-04
7.651134774721215503e-01
7.356948989948028372e-02
7.858746079033471776e-01
7.859472215709645271e-01
6.251992020759519753e-05
7.744693096892548700e-01
7.881738350191702658e-01
8.536103220947752757e-01
9.981968426094286473e-01
7.628823737836168961e-01
7.742090310358386018e-01
7.804257164817886006e-01
8.499140585565153616e-01
5.060876230226818429e-01
4.124075675517415163e-01
6.626147622890661885e-05
6.833369339119950148e-01
8.433337974377189683e-01
7.435194595496539272e-01
9.942689734856474670e-01
8.518771722125856251e-05
7.075913100744007922e-01
8.270418106261542279e-01
7.808070884023486924e-01
1.062915531890011450e-01
4.689673074373093553e-01
5.653795400882314359e-01
2.798223790872394687e-02
5.944783685869214906e-01
7.801073155145473725e-01
3.977845218270639194e-01
8.566922995163710475e-01
7.672678209761920609e-01
7.330058340694762808e-01
8.272688086677733033e-01
2.395409389421668017e-04
8.049246845939811879e-05
8.077430553660309709e-01
8.039716492291737460e-01
7.628587893770885087e-01
6.734245262067555249e-01
7.386871419888439982e-01
7.720117571076076917e-04
6.896752171364096684e-01
2.325395316341678786e-01
8.518197945209622299e-04
5.956936870369998749e-01
7.549971878301856565e-01
4.517632048022484498e-02
9.971831224398676197e-01
1.249121235283290852e-04
8.451384506456908197e-01
7.544979706239496320e-01
1.981636945744121524e-04
5.993456824792361450e-04
7.552221044751330492e-01
7.593403302150735223e-01
9.924796802098658777e-01
6.516752313716935863e-01
1.649092104132704147e-04
8.192661886055582808e-04
7.742232005826494845e-01
5.266232549950935482e-01
8.278684279889430009e-01
7.667455019104530978e-01
6.987458642233522754e-01
8.629567479161962540e-01
8.312985488727083760e-01
1.824845466722947631e-04
8.411694373732038210e-01
1.319962358244421152e-04
7.815254836593634735e-01
1.079342687198721871e-04
7.868147360273657354e-01
7.615258652584136218e-05
9.333108814070559811e-01
9.192763813555169250e-01
7.975419196010921086e-01
8.264604418316119361e-01
7.928073946215866696e-01
5.734298236158331674e-01
7.252272601907231442e-01
8.443790938418110903e-01
7.814816336773457994e-01
4.796616761786773875e-01
6.426453286674976839e-01
2.235822255070834819e-01
5.030828000733357230e-01
7.509384068826048253e-01
7.558438107286457042e-01
5.608486824106857505e-01
7.905151348064810568e-01
7.900341035340238127e-01
7.817472449619591313e-01
7.646531472660039741e-01
7.961716635541735698e-01
6.875007232620696795e-01
5.150543402573096868e-02
7.713803374773156030e-01
8.394271100421669685e-01
2.099625832463428035e-04
6.883858013928948472e-01
7.765333717518502210e-01
7.963135620961991901e-01
9.987329410146130737e-01
1.563389775292882888e-04
1.109413808538245727e-01
1.032937072071506840e-01
1.526508456543699543e-01
8.985084234325715347e-01
3.879051654477254085e-01
9.853189816951781754e-01
8.179514487725572103e-01
2.785385397363750008e-03
7.349748018036510455e-01
1.763197978684764237e-04
7.761681186707879432e-01
2.246752307269742066e-02
3.938326867576925905e-04
8.648744458204380076e-05
7.884041572038013035e-01
8.488860574957393201e-05
9.964051334083093847e-01
6.930488224749442594e-01
1.882268920832193032e-04
7.903133989501585606e-05
1.120125354527230083e-01
1.277926192034332909e-04
2.224834603003299494e-01
2.613244558595487210e-01
4.706946601398003492e-03
8.401681538260710180e-01
7.994256121463300113e-01
8.593874817657738419e-01
7.828583661516427261e-01
7.395120633663205822e-01
9.991692304771543354e-01
9.991771862972433915e-01
7.619014043774160472e-01
7.967197953706929292e-01
3.997942706552827241e-01
4.958856086559724763e-01
8.278526058726404235e-01
7.704801883046180633e-01
7.326571118773714808e-01
6.271517304705458943e-05
8.186393881849208798e-01
7.447528523776201226e-01
5.876457663042643220e-04
7.618380216037869967e-01
4.305655118535420267e-01
1.357875179588777259e-04
7.858152752968383670e-01
8.175156655884071588e-01
6.219566881770503992e-04
7.513762061071355136e-01
7.333556254302066035e-01
7.798856372890199395e-01
8.645629286981673667e-05
8.752306220303648595e-05
9.051239375245696698e-05
7.957979857161504578e-01
8.366934228321397660e-01
1.453610619899510070e-04
9.802410833209254104e-01
6.653803537115299304e-04
8.718648665823457433e-01
8.105625307870425154e-05
5.678473296512450487e-05
8.176587865740234662e-01
9.995462370902019611e-01
6.570355363988669879e-04
6.509310273402975078e-01
6.219735313226786738e-05
1.667055649276006409e-04
7.968739123615717901e-01
8.440122936333821491e-01
8.533839167547577764e-01
8.253017807672550221e-01
5.371266572671030692e-01
7.709282558431760357e-01
6.702445911357337487e-04
7.096909003046550923e-01
7.166055299578311111e-01
7.347329242335558508e-01
3.991782369152801243e-04
9.078632412976368471e-01
6.890192022971890484e-01
5.786415835492405568e-01
1.115312256400691833e-04
5.627316016717648361e-01
7.975970709938452474e-01
4.401356814661385730e-01
1.353356537309690342e-04
2.362995803851789987e-04
7.336524661423530214e-01
7.363696481258295012e-01
1.990336593913777526e-04
3.388975543536759780e-04
4.895890271552020834e-01
7.380586880315324232e-05
7.470260227094386307e-01
8.360103647135881388e-01
7.846328475644818168e-01
1.543741254759477028e-04
7.944720397431448422e-01
7.367041538548758650e-01
8.481880550653787543e-01
7.667652090639828222e-01
8.282274879626063679e-01
7.635849387017903389e-01
7.630743262948060934e-01
7.656455137986939441e-01
7.854575597394901632e-01
7.894254838468579560e-01
7.815851840589834731e-01
7.882367503993524815e-01
7.494964341085183599e-05
7.509619308315738095e-01
6.928275145570774729e-01
1.158945963362866260e-01
3.723926261306617636e-02
5.142233189856646458e-01
7.868604930156954946e-01
7.537938436472079173e-01
7.461565165407687550e-01
2.202886397022998824e-04
4.887217274211831941e-01
7.471554615909242747e-01
6.567739784113894030e-01
7.838156882887686860e-01
8.057506882828440187e-01
7.862498683267575839e-01
2.230580156606381420e-04
1.818195057065631615e-04
5.763245715679461776e-05
7.868033681992784301e-01
7.871847974724648367e-01
7.871977951243677163e-01
1.384520605124822949e-04
1.786204707958564120e-01
8.248144309184810563e-01
9.922648691203466154e-01
9.198839687038204982e-01
1.800172649252094906e-04
8.015991156536661499e-01
8.005349418042417842e-01
7.882537381407281885e-01
7.890198736659205236e-01
7.958746494163798646e-01
8.223097459220347627e-01
7.770021942997432651e-01
5.035309342240375111e-04
6.781719789904375739e-01
6.541778149536465938e-04
5.366951621275007911e-01
7.710532109787917587e-01
7.647534820711703318e-01
7.809232578114074785e-01
8.003967084921507213e-01
9.465525518297907112e-05
1.296141348708486907e-01
5.443418349205773055e-01
3.059696486563863727e-01
1.515293010167105547e-01
7.675607494521058394e-01
4.715597734622279974e-04
8.085532996233230074e-01
8.415630814486455558e-01
8.541615078862405674e-01
7.521406446626275333e-01
7.708386024775961687e-01
8.227234598075230877e-05
7.510151990747578887e-01
7.590310026744827576e-01
8.767008652284035142e-01
8.009744138072474318e-01
3.163739001451061324e-04
7.945020505716184900e-01
2.765505477165889348e-01
1.290174523628632441e-01
5.396425766433471383e-01
8.362511041394355971e-01
1.452492853775662958e-04
7.380485886485630420e-01
1.076158371458567782e-04
7.234791577615338198e-01
9.887890475486070807e-01
7.731996176931213993e-01
8.147811901082482322e-01
8.306547333418667911e-01
8.249208819639849422e-01
6.668170619206907901e-01
5.764208458382031885e-01
7.613567843414222880e-01
8.588705406337169279e-01
6.988345251055941842e-01
9.321063288932936045e-05
9.950283385251698087e-01
7.733054786314839113e-01
7.797889722263411094e-02
8.306726916694038287e-01
2.360251759154133062e-03
1.715166784182990255e-04
5.453730836425106920e-01
1.328433889820080371e-01
7.565379908738467662e-01
7.340210396898430023e-01
4.712229016273429723e-04
8.358454948373956750e-01
9.824257867045200765e-01
7.133754781747708718e-01
7.855722407734160306e-01
8.415249593767153424e-01
8.463368610926823576e-01
7.711233913044343025e-01
6.433011081356370120e-01
7.005921694502892372e-01
5.797753100241208601e-01
7.348110820178231917e-01
1.066276210208359915e-01
7.550249572820647570e-01
8.240726383459297927e-05
7.895690389392102659e-01
9.670756553359993811e-05
1.006980893039144734e-04
8.069426441408962258e-01
9.385159917773036042e-01
6.224840603959572226e-05
8.153105789975682027e-01
6.818087116277785631e-01
7.408798227814180626e-01
7.998750344122019795e-01
3.897956619639016910e-03
8.274715924612876528e-01
8.703206026518569411e-05
7.943675481262054544e-05
8.216402355347405262e-01
5.297540789150929630e-01
8.457799849097527023e-01
7.702052431774252250e-01
8.836984013030287910e-01
5.692518037053690971e-01
6.314121238478964345e-05
7.280274588224170396e-01
8.526549241090343179e-01
1.160945005677331278e-04
7.685909598967357592e-01
7.891546971179196242e-05
6.866471694322529018e-01
6.296463659138749058e-01
7.839240649692748031e-01
6.809200050192174558e-01
6.039479528628214355e-01
7.725290457775604303e-01
5.592289488484428889e-02
1.238016388346683953e-04
5.158597813104486285e-01
5.727511780979800404e-01
4.305558846718944288e-01
5.838665677482248739e-01
9.994013048014267486e-01
1.062450619881440128e-01
5.208317235192021499e-01
6.715809986383728392e-01
3.432220441523500310e-04
7.177991580721712062e-01
6.563428625447813580e-01
7.699101825370232577e-01
5.553740512955139819e-01
8.024107128659601074e-01
7.829049297412306319e-02
7.639189279005117461e-01
8.149264344758408996e-01
8.829192248936862386e-01
7.770427669497729228e-01
7.895447926181270448e-01
8.241269712280272497e-01
6.619737047580239730e-01
6.855453590200883947e-05
9.392797846589621968e-02
8.056188551580096835e-01
7.277651644427349797e-01
6.616537357263055918e-01
9.983349786156564196e-04
6.149268609224196587e-05
7.909244315640099332e-01
2.519194807735003006e-04
9.302096237006394208e-01
2.323260348306285250e-01
8.621052692301369724e-01
7.599790771991599429e-05
8.049034694797744249e-01
6.615230936967552156e-01
9.992516672326009217e-05
9.339170866286497659e-05
8.254441845839884939e-01
7.659453561887268336e-01
8.398784846247226987e-01
2.990811997085592922e-04
2.188926322864700254e-04
1.600760871290762691e-04
1.035499717974788808e-04
6.541584885399647220e-01
6.526094470629570333e-05
7.868186143134056065e-01
7.946608924556577414e-01
5.749881040021266582e-05
9.977291012863219732e-01
9.991219450641808386e-01
7.216877207874959899e-01
8.357776693851607492e-05
7.594341956692860496e-01
7.903915782462684891e-01
7.696773737293088891e-01
7.650000247276322884e-01
8.226474094535239923e-01
1.050824008405173843e-01
7.687631208010042849e-01
6.462130405916738764e-05
7.518777293207150603e-01
7.274667472762172959e-01
7.586944258848076217e-01
6.963177188119634101e-04
7.395892681412243874e-01
7.290452159356397566e-01
8.437257494566369198e-01
7.226236073035935186e-04
1.653890732150219611e-04
2.532448160013807403e-04
9.912167007029452082e-01
7.598736442152271842e-01
8.191928347004839850e-01
8.812255511993342116e-01
5.730335059227594429e-05
6.831463001555366787e-01
9.972317088672062457e-01
8.253870073046812861e-01
7.250238944825583287e-01
1.527438510465751423e-04
1.257213937133953255e-04
7.834733174492500840e-01
8.089816366519713142e-01
9.159775866977560264e-04
7.850472479345207422e-01
6.297845062078182433e-05
7.918175101342451727e-01
5.235064230423948084e-01
8.010523849736369550e-01
6.476002568140242222e-01
7.130258563976749064e-01
8.219242210676335203e-01
1.684235586765400988e-04
6.291182366267343840e-01
2.021863548172948269e-04
7.933124682145684670e-01
3.471961569376683099e-01
1.250454947077300012e-04
7.826853704287062286e-02
1.025449263867157643e-04
8.251784706183604712e-01
9.985413203817314898e-01
5.720271004117656322e-01
9.364044117743524076e-01
7.949233504521724392e-01
7.928227594442655013e-01
8.375538245287335037e-01
8.215226894232559030e-01
7.855111640610757950e-01
7.824426342044036309e-01
6.388470154533371819e-04
8.240942649755846894e-01
6.179123996849549272e-01
8.584848982220868452e-01
7.026359405578405104e-01
1.677738805546455782e-04
1.096797193597859771e-04
9.995677479231378504e-01
2.516364036868046477e-04
8.162810394180545215e-01
7.828506838017277314e-01
2.102855177290827735e-04
7.445415043828272905e-01
7.577328786147085049e-01
1.957135635365528457e-04
8.207492954349713266e-01
1.175858694485655320e-04
1.513077794750791207e-04
5.932449957639632021e-05
8.089842720654537578e-01
6.309008073592637473e-05
7.948665604375823035e-01
1.375609715453734528e-04
1.609214788446597106e-04
8.153459119107512310e-01
8.511342224865429129e-01
7.606899005155877136e-01
7.826084035626408308e-01
8.377304969176070371e-01
6.644145063000527168e-05
7.302682899085131130e-01
1.215945018763123339e-04
2.860368887185896769e-01
5.726853506854848386e-05
8.430503871530198312e-02
8.013054812309831076e-01
6.888766126317983956e-05
5.301319861125820543e-01
5.244161276308487718e-01
4.623266421093560896e-02
8.107764784059737773e-01
7.953296558842789521e-01
6.530335348268909114e-05
8.413488648738968179e-01
8.338892996260572898e-01
7.870304501085905180e-01
2.426808408466410677e-04
7.408693149914227227e-01
6.957875155883891383e-01
8.220134148818426523e-01
9.348646566411350500e-01
1.805239444626025058e-04
8.539967543297386499e-01
7.637587313328950689e-01
3.887580999210280552e-01
6.241815380166432735e-05
2.354287783535373403e-04
4.175672316118051830e-04
7.622332115174271783e-01
8.792265817394475658e-01
8.522789011247045021e-01
2.898601714072731594e-01
5.826475059789046557e-05
7.862628686340215056e-01
1.245444365502168527e-04
7.870814202357601097e-01
9.927539701154101115e-01
7.830644300914012534e-01
7.570634063039910489e-01
2.083139582113322571e-04
1.295893659881881290e-04
8.183816439460841474e-01
8.055435546288663984e-01
8.479581215150122642e-01
2.236470644942798120e-04
5.302172008804093483e-04
1.416782457439281172e-04
1.015679232011301465e-03
6.537505713365006077e-01
7.023614174653491915e-01
7.404983871505623760e-01
7.701622603351402363e-01
7.531191901217009210e-01
7.363441311310184867e-01
7.605480133273223586e-01
6.583125263823103035e-01
3.961946289252744613e-01
7.927785611053572712e-01
8.207999118027040630e-01
7.910417200076446109e-01
8.084605995458988836e-01
7.940183283562473162e-05
7.589273052489492466e-01
9.990125451135074552e-01
5.717351052094566954e-01
8.056137116871657788e-01
1.423064274285675279e-01
4.880176404979230109e-01
9.919090746337899667e-03
5.771371048407507587e-01
7.960886150133433814e-01
4.747693702167657959e-01
9.918655781921860148e-01
1.555009075028664588e-04
7.867782026031010512e-01
6.460858567907060701e-01
7.826136504827072571e-01
5.478157528439231601e-04
8.242480180959376179e-01
9.066599397423643625e-01
6.922246454925985448e-01
7.923371680941332373e-01
7.848061615852374162e-01
7.458464197274666644e-05
8.265695452577805913e-01
8.467149589816829192e-01
6.434433299017375818e-01
5.769064736014817171e-05
8.372764474345064656e-01
7.621998106643100845e-01
7.568961264216444995e-01
7.794976334289035469e-01
5.213497464000880210e-01
3.753539688722871692e-01
8.505452328032885312e-01
7.658309648874696007e-01
3.381646796131546084e-04
8.251657454808569714e-01
8.436818896880644569e-01
1.322330736769296484e-04
1.122569561466894020e-04
2.992049522046981371e-04
1.181256603817556388e-04
2.992851718813963145e-04
7.486676166614058376e-05
1.902531949723590132e-01
7.979545457117568352e-01
6.885179963177952001e-01
8.350990024323322602e-01
7.037641582764716519e-01
8.546329838000763512e-01
7.984270879368070561e-01
9.965131916446784302e-05
9.954744299887053893e-01
7.330812213066806304e-01
7.528584287463936375e-01
4.501806375901690749e-01
5.364148944428673849e-01
6.406041124190417079e-05
9.904648761265687641e-05
7.926710289974859824e-01
1.832510830365631374e-04
5.424352896937062463e-01
9.514522429674553562e-05
7.024086163665678173e-01
2.512176008671678229e-01
9.129109721806570078e-04
6.864988525711152034e-01
8.150284510884922007e-01
1.718711505991860344e-01
7.390111735238695800e-01
8.027402713111662091e-01
8.366512453701916430e-01
7.270032728008789648e-05
7.080168652475213875e-01
8.808339229917504134e-05
7.359692659930721081e-01
7.247192770295322051e-01
5.688128096615349352e-05
1.880904929270648578e-04
2.387019226797147675e-04
8.411000537499377927e-01
7.723517197138445312e-01
8.249953995830848763e-01
7.925220002939288300e-01
7.516160407628666995e-01
7.550452522734981686e-01
5.909663139824820055e-01
5.466623603787972296e-01
8.497208609741004892e-01
8.365468008288275970e-01
5.861328926743170119e-04
9.991778515323200827e-01
9.900959605306233202e-01
8.286961145373470394e-01
6.773769878122454235e-01
7.900206806284845173e-01
6.851162194561298824e-01
7.113952884912884134e-01
7.125030849681543987e-01
8.459809522077440525e-01
8.305078682284148250e-01
8.064154613861094223e-01
7.755749536379969236e-05
7.850819966621891410e-01
5.060242200707938285e-04
7.091180769694392927e-01
9.664256538318689582e-01
9.830251384846402374e-01
1.016523560521624125e-01
5.117417855612522715e-01
8.055464864306768336e-01
3.434527689320038824e-01
1.591996739019261031e-01
7.707964755142130420e-01
7.929568127022047497e-01
8.001852299757719056e-01
6.409969759732951911e-01
7.816928807513284783e-01
9.057731550081210559e-01
7.174665262583442837e-01
3.268596570157721870e-01
7.921443694799952251e-01
8.079810544449770315e-01
7.655977753758287374e-01
7.846221277428763186e-01
6.144362207466342934e-05
6.984370078570397711e-01
7.957626428292782217e-01
7.699607710494786872e-01
9.819760101317278611e-01
2.475853382106950329e-01
7.943491387360450684e-01
8.220383567963762683e-01
8.488588345697248849e-01
9.346863686048666464e-01
8.528153475279879325e-01
9.694596230992639230e-01
6.687632181022838962e-01
8.393317069497946425e-01
7.928422121179700133e-01
5.686474952148578010e-01
8.356188697519152386e-01
6.770442703040262522e-01
7.986066182133222391e-01
2.135097554182781342e-04
6.560868081934909785e-05
7.748133713399781852e-01
8.137183469911793976e-01
7.260667726985260417e-01
6.388737102688007042e-05
8.352306339207556940e-01
7.827189493216094585e-01
7.688687788154963121e-01
2.601577917778260390e-04
6.665083953055259691e-01
2.114663115146179454e-04
8.241109462241681394e-01
7.626836447022690146e-01
7.074053689915519305e-01
7.849639426403691722e-01
7.762165717511732010e-01
7.702244075314611527e-01
3.381118039932992257e-04
7.929941602346463969e-04
9.982988469317660707e-01
8.070418258304870029e-01
6.947133732827774242e-04
7.825001676815194207e-01
6.711896312398393238e-01
8.129537485726553436e-01
2.612814741560967450e-04
8.490703713081021453e-01
7.898120948895281934e-01
6.513942666254063374e-01
6.801641360042940399e-01
5.673749707904213180e-01
7.615448189275936253e-01
7.590956866977664080e-05
5.362637910083316584e-01
3.422190748691246731e-01
5.815015466747909256e-01
7.884383824059677526e-01
6.262779619609852855e-01
7.694397793469388569e-01
4.422370365228557865e-01
9.994457468720135962e-01
7.647330536960191827e-01
9.327976934366946082e-01
7.725747467818494529e-01
7.996212118662899826e-01
6.166761659387586946e-05
8.599039382058950576e-01
5.270065890481410165e-01
7.348176028748132360e-01
9.988679958271170500e-01
7.663042081570367037e-01
8.253351126426574647e-01
9.126167659431074775e-01
9.828768148319292353e-01
1.943030301635016602e-04
5.285705993238382083e-01
7.221700024537336393e-01
5.451272369186301731e-02
8.067189192711778922e-01
6.873287472598440528e-01
8.951293157090405295e-01
7.072116998812317612e-05
7.887987111846940236e-01
7.894823926360058364e-01
7.870831211853384080e-01
4.092114854780802835e-01
5.086326155199200061e-01
7.215270559525567284e-01
7.386312641949142055e-01
9.084979684506735431e-01
7.283907951708252781e-01
9.559176481392978042e-01
8.093796491765890000e-01
3.174828042249293889e-04
1.847640314120709102e-04
2.223717075866544601e-04
8.202615678560976065e-01
8.184015776697605160e-01
1.700452270721665058e-04
5.027581093201590043e-04
7.172727124609117322e-01
1.037177135582115380e-04
7.873432035763469061e-01
7.976041121714460003e-01
8.636996459580759274e-05
4.785721835688951931e-01
8.406606227961694877e-01
8.187959264711547336e-01
8.460903745710546264e-01
1.040797278495110941e-04
8.180008365215067911e-01
8.242480019455277196e-01
7.859232440637049510e-01
7.834519898577345653e-01
7.877981451058961859e-01
7.799000159869261539e-01
7.748266272654029674e-01
6.680534585941454440e-01
5.107365897915472353e-01
8.266687720472664092e-01
7.234757734864630382e-04
2.596208346959262667e-04
7.819564144673962769e-01
8.206157224274056583e-01
8.174201851242196559e-01
9.991386765466401254e-01
7.925749066579945712e-01
2.917881139229759890e-01
8.427910833845215777e-01
7.984419721151353455e-01
6.401208831193030413e-01
7.203020601412397639e-01
7.524253628521737625e-01
7.686989771695010853e-01
6.330064061835860643e-05
6.012829251028490862e-01
7.368267019012567642e-01
3.383036957439772840e-01
8.193840894818494869e-01
7.684445708513439888e-01
6.932813946201714650e-01
8.018592463404350390e-01
7.955736683577393498e-01
2.466232983089151343e-01
8.246661262914506407e-01
9.994265636739517733e-01
9.221229955548224371e-05
8.109678597140562717e-01
4.730430988491247102e-01
7.960423042750653932e-01
8.122573362010940823e-01
5.434647306245966591e-01
7.728424399413225121e-01
7.615328108113278427e-01
8.103532371573995974e-01
8.959009773228809870e-02
8.361403125928948965e-01
8.269782979883487650e-01
8.572397734765668798e-01
7.851908152349791337e-01
7.672583273960974504e-01
5.133926260532608588e-01
7.835640854992016457e-01
8.481874577556758332e-01
8.011422475494313078e-01
4.310189058158889891e-02
1.600668798373104575e-03
1.897573908184722630e-04
8.295195220577202821e-01
7.523642502388900866e-01
4.405580188844782641e-01
8.400634143399683396e-01
6.762567618977591843e-01
6.441368749297271545e-01
1.308799244793624258e-04
7.990675961899013080e-01
7.834453846540313515e-01
7.636851814429359564e-01
6.714711195357560003e-01
7.749714908009543990e-01
8.212801569021385140e-01
8.205816033476287519e-01
2.587110334326466199e-01
8.144669518851256340e-01
7.026908381945284887e-01
8.527594396324056738e-05
7.542330595050604769e-01
8.932438192764817248e-05
9.309386348303719965e-05
5.711857573149613509e-01
8.482980879317690848e-01
1.510358326595607602e-04
9.899006024676285653e-01
8.349341283337244901e-01
4.459823448525218614e-01
1.699414065657321449e-01
8.103151859887767205e-01
7.636255000732375953e-01
2.170107203954609607e-04
1.731586023621491989e-04
7.856184409595161622e-01
6.507202440562928070e-01
8.102810510382792986e-01
5.671959344062547093e-01
7.904006350263431679e-01
1.469304096204723927e-04
6.289315018094404630e-01
5.323677954183630989e-01
4.097515255784852650e-01
7.166588800524492653e-01
8.554925052364492633e-01
9.986958885602483793e-01
2.027169509127475257e-04
1.072927737710645713e-04
6.745676112038168082e-01
6.778739081719681314e-01
8.523075457959681245e-01
5.119640166829952932e-01
8.537576737889698286e-01
5.859666963143769466e-05
9.965669685432934077e-01
8.774385456941428919e-04
8.385011880566516725e-05
7.894000249575691130e-01
7.648242667322620036e-01
7.772744208467323723e-01
7.956317628654859808e-01
6.706410812145566780e-01
7.559004615379277814e-01
7.859573225350651171e-01
7.359691115395475824e-01
7.881821643967817925e-01
7.858598186278001885e-01
7.796041408761668068e-01
7.944704016563962634e-01
3.820833193853250659e-04
7.870175768992003773e-01
7.990657824626314909e-01
2.721809243057271566e-02
6.779032633808470543e-01
7.897220473205422975e-01
7.281921894851954753e-05
2.043269815276815143e-04
8.633731282980220702e-05
1.050863284316037752e-04
7.709133433522621370e-01
7.879400312701806408e-01
1.138905359098927656e-04
7.830542970211519238e-01
3.669098049191352739e-01
3.916707062341813761e-01
6.598724516030223253e-01
7.719532037095259147e-01
7.356536602278216375e-01
9.984918753205836994e-01
8.065186839727824832e-04
7.736068823804593819e-01
7.710131394522983239e-01
1.182441649446895274e-04
7.926452397605060485e-01
8.125347040416567301e-01
7.196099020874670016e-01
8.086339492388543437e-01
7.994637652364211533e-01
7.346310304765077317e-05
8.930769645806719268e-05
5.014618591295109430e-04
7.576080735933076182e-01
7.817695269969739957e-01
3.982519974357150438e-01
6.577424856807816411e-01
7.389981847862487907e-01
9.947058885568591524e-01
7.933291584789339268e-01
6.800476782690547672e-01
7.606021983446040746e-01
3.856842336449772257e-01
8.469007286981588001e-01
8.019363146532371145e-01
7.961629346614542690e-01
7.182131666116647883e-01
7.563950651849241646e-01
5.487540882199336556e-01
5.614178427194008725e-01
8.388670439475178764e-01
7.155101738718455673e-01
7.730836192657227768e-01
1.457083649080053236e-04
9.889080953738415951e-05
7.204565050884705890e-01
7.710517817948361330e-01
9.259521063176329614e-05
6.560407800903369862e-05
8.084333230022829886e-01
7.430296859452516500e-01
8.742479739230093472e-01
7.507833462771931199e-01
9.971939362096009507e-01
2.782351333631341017e-01
3.470662110732090824e-04
8.285288499152829722e-01
1.321154291785970171e-04
5.935205373695875419e-01
8.462957950441494237e-01
7.761286046033305519e-01
2.730718328163460524e-04
2.059464572768341111e-04
3.529519805081474115e-01
7.270197088052876566e-01
1.911220333345487485e-04
1.848080447558051104e-04
8.656968603787789096e-01
5.517118097992278480e-01
7.778516610046045665e-01
7.455123674089327857e-01
7.260536306673761597e-01
7.726744460779133572e-01
2.406735314684500457e-02
7.621009386372467054e-01
7.854767079213886838e-01
8.385291233888522155e-01
6.095463947057460957e-05
6.950515041084846888e-05
1.189332302787491209e-04
8.016567972529056174e-01
8.334894428320126247e-05
7.351464197439754322e-01
7.686775568926031976e-01
8.024366176105085513e-01
7.898453104360453336e-01
1.410160030946818388e-04
1.284918342712930807e-04
7.401174377116049863e-01
7.944469120483236280e-01
7.365343654544795893e-01
7.797663540062483856e-01
1.534120020982727419e-04
1.424975713491229701e-01
5.219293257959920496e-01
7.850747840402960698e-01
7.049955515295631692e-01
4.224595742285400181e-04
1.772389375317993121e-01
2.079033694917097486e-04
8.733485877983867879e-05
7.669161415626504219e-01
7.209353119872418114e-01
1.202448848179848951e-04
7.347581040487588533e-01
4.035519980638288540e-01
7.407814994488546301e-01
5.873330431762842396e-05
7.780610043361000372e-01
1.280965865893418122e-04
5.986550229811895552e-01
9.128540258555777683e-05
1.651208070429616148e-01
7.601943630096233973e-01
7.590502000804332239e-01
1.021051688499310115e-04
7.048815163689668983e-01
1.480712365472405887e-04
7.339121814222859808e-01
9.993780385137174260e-01
9.916024466989441510e-01
5.564116585136517079e-01
7.619953249304705079e-01
8.130719033119015245e-05
8.335656622502147783e-01
7.866227850380086428e-01
8.219683750453138371e-01
8.257797734938470136e-01
4.144346829545357894e-04
8.725405144641370514e-01
6.678015055950378143e-01
9.102714991994604004e-05
1.238195577269113139e-04
7.696446011619652028e-01
8.156238137400338983e-01
8.513319604197163715e-01
9.443782910958798261e-05
3.481090915099113942e-04
4.581021321651790323e-01
7.859364164719827572e-01
9.084477585565261843e-05
8.539800465181357492e-01
8.342703324064978387e-01
7.689136969331271236e-05
5.772689178382970354e-01
8.405274747573826533e-01
7.373652965203928433e-01
7.756961598867486707e-01
2.267333088450169292e-04
8.274508374067258698e-01
4.650793609412941839e-04
9.815220942714266705e-01
8.529375585217651157e-01
7.263302859456421956e-01
7.742414228591184555e-01
6.965036804126203407e-01
7.637325221877526715e-01
6.739374571488624399e-01
5.269360502231971166e-01
7.905262642169522680e-01
8.254563173338548240e-05
7.251306350156431213e-01
7.460013671813041218e-05
7.523913903223656829e-01
6.388536307317658203e-01
4.009066383943766243e-01
8.216285984341625825e-01
7.999569126876274749e-01
7.959582237159805729e-01
1.250481938387508767e-04
1.592256403044531841e-04
6.746948546787323586e-01
7.475945382995911048e-01
6.099562147359319702e-05
5.829156034720672785e-01
8.534182135784413870e-01
7.897541536618652991e-01
4.973737522353843810e-01
4.662235515666153796e-01
7.880243701522609001e-01
6.848915146853111757e-01
7.845071133662471219e-01
2.122114913210667491e-04
2.894051215152476913e-04
7.798028386087042518e-01
8.299772078193224933e-01
9.281271067076742444e-05
8.244530929649794668e-05
3.227131027333881739e-04
7.621128631956478605e-01
2.165987107875975374e-04
2.484556132585468281e-04
7.929404821046768248e-01
7.910736514292766586e-01
6.733571282219981749e-05
8.320010477938788722e-05
6.478178639900832314e-01
8.818865814720525803e-03
8.378312540323288315e-01
8.235308454734921316e-05
8.167836710675457912e-02
1.995712436908998744e-04
7.903727385199342814e-01
7.863571133183202555e-01
7.581590087088965202e-01
3.132595801793688797e-04
6.130100019914293610e-05
3.805821982932451331e-01
6.341386182978122621e-01
7.967683914772946130e-01
7.916815700595952743e-01
5.795055515575119331e-01
7.725881265774268147e-01
7.391916325039451507e-01
9.215262664167824802e-01
6.798815253380263712e-01
3.680676991834443967e-01
6.185214499346901687e-05
7.723329735040772581e-01
6.980136682424080696e-01
5.478851031910607480e-04
5.721389850277548428e-01
7.933182088307398905e-01
7.562905781319704257e-01
9.492435660398551838e-04
7.862895937356525478e-01
7.239829210088277733e-01
7.316862018533691169e-05
2.417601824157861602e-04
7.181581515266389770e-01
7.796558272149688440e-01
2.548978805095458711e-02
6.843976049728540392e-04
4.239989896382919676e-01
8.417354012479332237e-01
8.052838479113911818e-01
7.750595974065143112e-01
7.959140742039196859e-01
8.535100499684658126e-05
7.868946724119635361e-01
8.167872274335272742e-01
7.532428624026249464e-01
7.722901393077812315e-01
3.173123812193757911e-03
7.131997910116513184e-01
9.993537708929504104e-01
7.832382161506111773e-01
4.961438230702410745e-01
8.449019694581549889e-01
6.707723066220965258e-01
7.704927873334794786e-01
7.073126090795375243e-01
7.986839772649945157e-01
7.784092062476978269e-01
5.788865453636742320e-01
7.659113184095499571e-01
6.962316620963822089e-01
7.879054856402872842e-01
8.141129964469632726e-05
2.219391919525804703e-03
5.265025911198660813e-01
7.007607299043303595e-01
8.635329898630421663e-01
6.373276467971359383e-01
7.907647341427264109e-01
8.561439799341392508e-05
8.277210991621333225e-01
3.203827517674806471e-04
7.746786443484067197e-01
2.261507885362053494e-01
8.432007370592163875e-01
1.484596010325663637e-04
7.205665282649750258e-01
8.873581710692912683e-01
7.956381770827500866e-01
5.597620308441161319e-01
7.600329933650485335e-04
4.213327675474095591e-01
8.562017552380066384e-05
6.584301282752634821e-01
6.643643431111680986e-01
6.764939151206555978e-01
5.773965161942868907e-01
6.405955229774675797e-01
7.946206530706610314e-05
1.008655742132068132e-04
7.805113940740331380e-01
9.381886482796781320e-05
1.135485779846689736e-04
7.627314681755709147e-01
8.644888419181963046e-01
5.695737521600070519e-01
4.176416078793095399e-01
8.375982627469139574e-01
7.824451939454605265e-01
1.797373433170814383e-01
8.570435631651840414e-01
7.571642503941652391e-01
4.701242032443645759e-04
1.368285630267717420e-04
8.104979454045400100e-01
7.878303281852073736e-01
7.860647854035873738e-01
7.000747737131217674e-01
7.890889711941178053e-01
8.006287421597986231e-01
8.488972849513746199e-01
8.011347155705611511e-01
7.989240296787842865e-01
7.531989314354783360e-01
4.389497025486155390e-02
6.877419896904336527e-01
9.988211347159398068e-01
2.119726234187642167e-01
8.186191011973055209e-01
7.897732598981527241e-01
7.850790235392134386e-01
1.494359563456178046e-04
6.932455765226704925e-01
6.096944532633400901e-04
8.054572807900870490e-01
6.449576583274372265e-05
6.514505662222630381e-05
6.446450184110807946e-01
7.770780466967695279e-05
8.170245840049400465e-01
6.819883549192442551e-01
6.950898187742888812e-01
8.471870909980807607e-01
7.999548998569389058e-01
6.975791896914121937e-01
8.224305528331610216e-01
7.865862172931300522e-01
8.328434689373510613e-01
6.941067424635348785e-04
8.251038340018941207e-05
2.045564844594306318e-04
7.857731176056019784e-01
8.467683490304542815e-01
3.531559464754860378e-01
8.184378808936113581e-01
8.479414963753101331e-01
7.781634923104808754e-01
5.453948210109408083e-04
8.074833481560078630e-01
8.119546130601390521e-01
7.716628351309166023e-01
5.679877253841054247e-05
7.492218867645422664e-01
7.300344679760014666e-01
7.438844167507630001e-02
3.286218306182881466e-01
1.492734286605349706e-04
3.747297231649370278e-04
8.466063594503293599e-01
8.099569225290484953e-01
7.138882856138693001e-01
7.545518542387853467e-01
8.457629016197988348e-01
7.896869850427110649e-01
8.126112548720346163e-02
5.883675468650062003e-05
7.510843968119813585e-01
1.113803212359455394e-04
6.865764484740465761e-05
5.649927244961043456e-05
8.297604888557508218e-01
7.613267511184043101e-01
7.689621433912254833e-01
7.855635972503721698e-01
1.028556136803887903e-04
8.159694541606921092e-01
1.476353909992968963e-04
1.406473275724864805e-04
8.210704817924300292e-01
8.247205381121582857e-01
5.948127550643381037e-05
9.913935050314079955e-01
1.787825905979474432e-04
7.726880478840961741e-01
7.515764219618725761e-01
7.862086881125465165e-01
2.144558675063066577e-01
9.994339378984677946e-01
5.236013581901596270e-01
8.089643338094973934e-01
9.184320109421882682e-05
8.528329481657827005e-01
6.471379893386204889e-05
7.461059598586818886e-01
7.340382967899368172e-01
8.336532619431624713e-01
7.867602856227208230e-01
7.992961053537428473e-01
6.145508844726893516e-01
7.290886555021188625e-04
9.388856189284803871e-05
8.391720041191261803e-01
8.182278328891199326e-01
7.547528841908781594e-01
8.719925594190909290e-01
7.044522260617883669e-01
1.829288236554482971e-01
7.907911185168412516e-01
7.887257314395559327e-01
7.567663947526789281e-01
2.130790177786341111e-01
7.791143611571910155e-01
8.450391093327883629e-01
6.655462276880017569e-01
7.874017789423890523e-01
7.812596104526079444e-01
7.909030778132922768e-01
4.795911241152599203e-02
4.787344040055488970e-01
2.360468204856678881e-04
6.343458526195766556e-01
8.891556330683943177e-05
8.321547296396406327e-05
9.991569969175967403e-01
7.812578117392757497e-05
7.786537413556164910e-01
7.790088792177184418e-01
1.794324915394640840e-01
1.712833769599415802e-04
5.150257897883657732e-01
3.880613267518906646e-04
1.346806023234747656e-04
7.478578251260575849e-01
1.104464268168843321e-04
2.583218856307239464e-01
8.408450429810634397e-01
2.523331103056434556e-04
5.454544967091513596e-01
5.156311523814742503e-02
1.894650208655000994e-04
7.376032383878055043e-01
6.031954659401722596e-01
7.858000819942855264e-01
7.918568485108290478e-01
7.843306205172948520e-01
9.991173263311101671e-01
7.724416699185283619e-01
6.813881363162613836e-01
9.760507382045414682e-01
1.245300931684570009e-04
9.357287243524475828e-01
7.804904671505257241e-01
8.057769493998262478e-01
1.788211572194030926e-04
5.408513176641629450e-01
7.180902243476009472e-01
8.899011958517803668e-05
7.994192996212068358e-01
7.457420427286402635e-05
7.999246690804389104e-01
3.801750438563354373e-01
5.498468777011512182e-02
8.216063840173075672e-01
7.961452021882141628e-01
6.224147257684762495e-05
8.460907460636628574e-01
6.850607538578541433e-01
6.807110585379078094e-02
6.818173787775200223e-01
6.468219759932046786e-01
7.964971374381587532e-01
7.879111413013516474e-01
7.615501234902180006e-01
7.515274930630556627e-01
7.028838016302307867e-01
6.967484967937500606e-01
2.488167019514066257e-04
8.299034048210754966e-01
9.281367480994023866e-01
7.378875920637095742e-01
8.413884358975984856e-01
6.962200308014195871e-01
8.169208923131267008e-01
1.147504484713679631e-04
8.320767292633678425e-01
7.730872620735489420e-01
9.789673155267480064e-05
7.468825033983889083e-01
6.513552376319236004e-01
8.512259048168157038e-01
7.282250344123080144e-01
7.631756956827439042e-01
5.058851053777483342e-01
1.868728835112571111e-04
9.349521048658695488e-01
7.743155963657172292e-01
4.688865727238560890e-04
7.923085269883867188e-01
6.662121674066355482e-05
5.177994963877012857e-01
4.563199538001109223e-01
7.414078269869047721e-01
7.383377621939336555e-01
8.373277372804828200e-01
7.881390916478723252e-01
7.542073761031312887e-04
7.545739577095169626e-01
8.351190766034084501e-01
9.791005217803870897e-01
5.243964372066770574e-01
7.672864926751378212e-01
4.885024227469793590e-01
5.096131532432141009e-01
7.894269945478740169e-01
9.994849895506712212e-01
6.850983487906417979e-01
6.622611880233066906e-01
8.687398833866972758e-01
7.679986259734913334e-01
3.555133743444675431e-04
7.755339799783924626e-01
7.656051839767601397e-01
7.963114323750730694e-01
8.182354465983681102e-01
8.405025034392126226e-01
7.048261526474095540e-01
7.832708479535245294e-01
7.834261000720662560e-01
8.047042590320839213e-05
1.212618783965930419e-04
2.372056106231545957e-04
8.066104658568015173e-01
7.050983587730704771e-01
9.810172355815107229e-04
6.887047487614692542e-01
6.042369461997343881e-05
1.239417227122878809e-04
9.912546726149549777e-05
7.883470067699773765e-01
8.230917408151799952e-01
7.760390354670384516e-01
6.966841130841918694e-01
7.946349619752191007e-01
9.941431938524845080e-01
7.992460129576518524e-01
7.150870162296095733e-01
6.209125873189506558e-05
8.346318704040868175e-01
8.076498827245133239e-01
7.791537136354509396e-01
7.778869192157426005e-01
8.433285478845129468e-01
2.050806357224488775e-03
7.354193196517504472e-01
8.131614325468153304e-05
7.703364717307106257e-01
7.797422642486849798e-01
7.842091534976178835e-01
4.449126100123635963e-01
4.156224847573618542e-01
7.737463732929965587e-01
6.944099991767687108e-01
3.371356348739729669e-01
7.590413414347113585e-01
7.278055122583926284e-01
8.991432714044808039e-01
7.721838307200344920e-01
8.265352959777236830e-01
8.667051050856289240e-01
3.063903947025476415e-01
4.011556835733898316e-04
6.884694174746845696e-02
8.580829862560515053e-01
2.185211988030590080e-01
7.618454085136984189e-01
7.232449850466170505e-01
7.753464267860732395e-01
8.005824086465579414e-01
9.959271480484130912e-01
8.147634439828715935e-01
7.906128769993627792e-01
9.794457567830727740e-02
8.031153840303635327e-01
6.859536654749612827e-01
1.183948138460902020e-04
1.184655778140856763e-01
7.721549001655214628e-01
6.716675664691578174e-01
6.687884031234263560e-01
7.386394598306387227e-01
8.225740107499567300e-01
6.986244197898373587e-01
9.934361269750604517e-01
7.333257346656767428e-01
8.451932614730146235e-04
6.768418673179469325e-01
7.209820238809989679e-01
8.259818548559217932e-01
7.763917297108708926e-01
7.820708559135038096e-02
1.669026919226710641e-04
9.818739955814703713e-01
1.632205325111151517e-01
5.898849861211260192e-05
3.712875918818435150e-01
2.694744616306665426e-04
9.439413545771936642e-02
7.326511918522757849e-01
8.690619447782944595e-01
8.549195592627910623e-01
7.881192809620809481e-01
5.999419838132548088e-01
8.503063744424358417e-01
1.019842497400186277e-04
1.670838127197082901e-04
7.649940775926414860e-01
8.470117505768796073e-01
7.418926663161194979e-01
8.614583811873632868e-01
7.493187928828506407e-05
8.257792117065029247e-01
7.888824406266730066e-05
7.839333612597143564e-01
7.869973518472886953e-01
7.975398834486652211e-01
4.124036662661599850e-01
6.824335589586278950e-01
5.467896591852112742e-01
7.994707533706859603e-01
7.964389179430426680e-01
7.805615939172486639e-01
8.018351292948949771e-01
1.061952840887068865e-03
9.985778951571686601e-01
6.032255309225450758e-05
6.963802587958013435e-01
7.901124274295233674e-01
8.003375744541557646e-01
8.004140213759474154e-01
8.028128224742434593e-01
7.936540465983538128e-01
8.319622424931496507e-01
2.459315862836501144e-04
5.801221509532630272e-01
1.705516297108570676e-04
1.088521741728756196e-04
7.886674004453012587e-01
7.979839938612898198e-01
8.522860934948861544e-01
7.807408752502699167e-01
2.306776049687785644e-04
9.992299047545871726e-01
7.679472997631856535e-01
8.395300014955644485e-01
7.887565803944409648e-01
7.834811434917863249e-01
2.889183445335534754e-04
7.505894155365394615e-01
4.455965504894202501e-04
3.549909477315570799e-02
8.092001566683149072e-01
1.543949600815959836e-04
7.830299479607801816e-01
6.986051848966471356e-01
1.810385702684794759e-04
7.314646163871064699e-01
6.668317757688102738e-05
8.500709496324407866e-01
7.991350215977656435e-02
7.913418919370606153e-01
6.976834301326757803e-02
8.320318979724775632e-01
5.758317549153897374e-01
7.424006024377704258e-05
7.931183246271514861e-05
7.793295958007788737e-01
7.812560461287409996e-01
9.992444908444515494e-01
1.937097747660226216e-02
8.573338453059439201e-01
1.117586911557082776e-04
3.210867006622950513e-04
7.356099039086745339e-01
7.821085045688603854e-01
8.400757583636697635e-05
6.726986746703960231e-05
7.423000829874674134e-01
5.400922493587591022e-01
2.547476949114811304e-02
7.901711346016730975e-01
8.325371788834602382e-01
7.866462832825191764e-01
7.788115200215970368e-01
7.646962631293652279e-01
8.087713504583430302e-01
8.430029404595531194e-05
9.117058587304758199e-05
7.865684830518393511e-01
7.993806668805878424e-01
2.818773627339821587e-04
3.932697008007242194e-04
1.030321663153135165e-04
8.002454519311757997e-02
1.252397265728769212e-04
7.719923541661969368e-01
6.851437409765621656e-01
4.722842495124362494e-01
1.950080965231887613e-04
6.956815987252885636e-01
2.378372577864758611e-04
2.123124412943997678e-04
2.577750041598283592e-03
7.027748540453616632e-01
7.094334585435974061e-01
7.297247138340369199e-01
5.650127058416062331e-01
7.562579718640329851e-01
8.248079815235079826e-01
9.659557374351254166e-01
2.070621538444982477e-04
8.318311368868589462e-01
7.818283617829617782e-01
9.867037607091488916e-01
1.544231360499804672e-04
6.898186902295379958e-05
7.851052015278939811e-01
8.490537771793903454e-01
7.887435410403021985e-01
7.742753769053786206e-01
7.115293224496826996e-01
9.986102670725586217e-01
8.357624220589583430e-01
8.335468768523344174e-01
8.604028171140967185e-01
1.513727546373892124e-04
5.092236291426731620e-01
7.741901759916091086e-01
7.145484608795493742e-01
7.856178839302100370e-01
7.822427629931782977e-01
8.564363631801897858e-01
8.013629382399304335e-01
7.573276017724555054e-01
7.122281530924990944e-01
7.862241159676741642e-01
7.969067340323148332e-05
7.922780427137686710e-01
4.978985120374235795e-01
1.520803955132025709e-01
7.885638958191627523e-01
8.821639438731579963e-01
8.230509996010495488e-01
9.987544275994321152e-01
8.132677392661654681e-01
8.888273789740664954e-01
5.882949100973443590e-01
7.749504908503852540e-01
7.153960605422322594e-01
4.157486653939841403e-01
7.255317512718977631e-05
7.855937754885979896e-01
1.271295416604770732e-04
8.728893923943337185e-01
8.205593079027042602e-01
1.000163094327727119e-04
7.519701247010144307e-01
7.765311514245849533e-01
8.063397581258964220e-01
7.816312474425415324e-01
1.778362774557799050e-04
8.267626345815956013e-01
9.981328633845529819e-01
7.824214588685909355e-01
7.851471497098827523e-01
7.882896737089172268e-01
1.358716967489418271e-04
8.437561488020749456e-01
6.506455834116882109e-01
7.399337481680622330e-01
1.947802474007841330e-04
7.674161262196550481e-01
7.404177151931929934e-01
8.012708106299243349e-01
7.712002827069173172e-01
7.946843908277309021e-01
8.008773118967202256e-05
7.080091070539260567e-01
6.254066649007662356e-05
8.893748306687021576e-05
8.403958630630852245e-01
8.094485250706197066e-01
7.414143786427794813e-01
6.440139852676388804e-04
8.219784440138320591e-05
8.083947843061342110e-05
7.778821169864931218e-01
3.991952527923404714e-01
5.052635389622900375e-01
5.104242557924207890e-01
9.978791989479749436e-01
7.819283692493841365e-01
8.249403529335401775e-01
8.378874161172574775e-01
7.485137348573009941e-01
6.588097380499522426e-01
7.303656858083683590e-01
2.641483764532641431e-04
9.994132200329005622e-01
3.471771398362075156e-01
1.448505982869547520e-04
6.673637551423409380e-05
9.583679125417752251e-04
6.784075862585217109e-01
6.934519845568766216e-01
8.256919807180144815e-05
8.561096483360203940e-05
9.188054095920904923e-05
7.393451688922897391e-01
1.963882044672251919e-04
8.616160604223401798e-01
5.971950286071275486e-05
7.973813680508806678e-01
7.740762924369481990e-01
1.733094752820603889e-04
7.615020905813794094e-01
6.915707306649810926e-01
6.798258345457646179e-01
7.810923767997081102e-01
5.902606318509359830e-05
9.967530366701726763e-01
7.480046219858421663e-01
8.291166851183399034e-05
7.806954112575166249e-01
8.233358331732222313e-01
2.574017947329138478e-04
9.860969096825824565e-01
7.182780363009396707e-01
8.003881398835327454e-01
7.237178747478238972e-01
7.877911262942949300e-01
1.124616114855591070e-04
7.792457783796877813e-01
8.454935037813777836e-05
1.061686259314162129e-04
1.092671138448460488e-04
7.089470763346961135e-01
7.832169937226096668e-01
7.899262923471243036e-01
1.922872313912842501e-04
7.141881855054582574e-05
8.292515196963390345e-01
7.916941409206519342e-01
2.096649845275667620e-04
7.532701531334494716e-01
9.787083647849070811e-01
7.256688612488009227e-01
7.772364252238971316e-01
4.738694322470906857e-04
7.316075713590433072e-01
4.120984625742271429e-04
8.107895784280112483e-01
8.554944471536057859e-01
6.664533810732919950e-01
7.514612369250649460e-01
7.882324981570089095e-01
1.084357301827734992e-04
3.206129338270090594e-04
7.744079545304518586e-01
2.379290342407323622e-01
9.199865953927010404e-05
7.400042186807899158e-01
8.403804336121176721e-01
7.719539590492111580e-01
1.082691042365303396e-04
7.738096624639125842e-01
6.044206471037108291e-05
8.574265543621031327e-01
7.908139453974609712e-01
4.051767200344559257e-04
7.034624740739165993e-01
6.196358248646554473e-05
9.976656844245647138e-01
7.552999427930957577e-01
7.356281369100879930e-01
7.916657257166710426e-01
7.878029414133947972e-01
9.496037522732981065e-05
7.761738648143488017e-01
7.646344733094442292e-01
8.377822052868556524e-01
5.061605549662822057e-01
8.993718236498239821e-05
6.906013173589040655e-01
8.458462980434977574e-01
7.026474276396147411e-01
9.488980362050826543e-04
1.852037035630886162e-04
7.708619253455779585e-01
6.927967565110377591e-05
7.421698744981184426e-01
7.892165853242595341e-01
9.985130267654572789e-01
7.609827764702820053e-05
7.814817135048561791e-01
7.877362086471008107e-01
5.139573020846399665e-01
4.867789550502608642e-01
1.925707517989616591e-01
7.937046498538249395e-01
7.517328905638246406e-01
6.104805947626725394e-04
9.981392089400221712e-01
5.956905330981294262e-05
7.645697377838863718e-01
7.760442872502528733e-01
7.611427442381681074e-05
5.575424199288933069e-01
5.952880891245719841e-01
7.527954770000273577e-01
7.079772775789532346e-01
8.570558598767339387e-01
8.109135959846379903e-05
8.666098356462991566e-05
8.365888872981982471e-01
1.695246768078145707e-04
2.381080737139614767e-01
7.948016650947093975e-01
7.579017933955292108e-01
8.050451930221743657e-01
7.691568298656280556e-01
7.542610222440492285e-01
7.095888703551682386e-02
5.890303099763271044e-01
7.899260823520518615e-01
1.130457027065857363e-04
9.990945185840711673e-01
7.775314279303990883e-01
8.906547462899959747e-05
3.745093160013920897e-01
8.068165546198358129e-01
8.414573848617011853e-01
9.645158007055696552e-05
7.883996933973206334e-01
8.111915354950404167e-01
7.590528190261183195e-01
8.436543952639017352e-01
8.870278999767425843e-01
8.075741221769207057e-01
6.665138744877020516e-01
7.602739021833327948e-01
7.640691243663377819e-01
7.927523316444745616e-01
7.721917587561571983e-01
7.618418775049886627e-01
1.410029740118523556e-01
7.295514930835397260e-01
6.834984891462623224e-01
8.305639216952586112e-01
4.877655925815844173e-01
5.515476797181240870e-02
7.109982635305568399e-01
1.454769825304575890e-04
2.788575854892538981e-04
6.308573897460346691e-01
6.746041706423723250e-01
9.945071460324237389e-01
9.971078949026682681e-01
8.093900563720822783e-01
7.981153405128694756e-01
7.384322004616321600e-01
5.945963233478221205e-04
8.291766480190895239e-01
5.556531192058565853e-04
9.978076808389737540e-01
3.913288499032934993e-04
6.950326873474710907e-04
1.914663824495036522e-04
8.025397419988132032e-05
7.872965679191398225e-01
7.676313207294203078e-01
6.286638253913996591e-04
9.989268449795104532e-01
1.135231648807665282e-04
1.551795071512456132e-04
3.667762421798911312e-04
1.941461841651509783e-04
1.797975176637766855e-04
9.444747223235875234e-05
8.571202330362989502e-05
7.355008649150083632e-05
6.967957002773843918e-05
6.373042603061264486e-05
6.254998100924679153e-05
6.150328190599443554e-05
5.861140807104043762e-05
7.760154780330564828e-01
7.254691142116119181e-05
7.878646171126821806e-05
8.762452544835852976e-05
7.614344537063909670e-05
7.697901370137579110e-05
7.792472168967279290e-05
7.899110603036550748e-05
7.353596326332990651e-01
5.701452937302947666e-01
4.696725150033720930e-01
6.455923702250835087e-04
1.949964445139817362e-03
1.292260055723861052e-02
2.219170525631374870e-04
1.545903142138778125e-04
1.469858390313492837e-04
4.369469322929486754e-01
8.399339045891106581e-01
8.305749713404683154e-01
7.918507490005237681e-01
7.710012909261659830e-01
1.672663882234469413e-04
9.835566698679193420e-01
3.979816632009492870e-04
4.993155562823581306e-02
1.199798363445199765e-04
6.001960714922756068e-01
8.375781673871152133e-01
1.000985145028709111e-01
8.145869517217593225e-01
9.993970901193848233e-01
1.162361461787720930e-04
1.917084090298219095e-04
1.612641653656207122e-04
7.430868724651614743e-01
9.994127165885616781e-01
5.566751663866338351e-01
6.953153230551366581e-01
8.563375954898369002e-01
8.749115385939204386e-05
7.171190574642620774e-01
7.648801238116621770e-02
8.633501457384811228e-01
7.975820445683189375e-01
7.742294547757753165e-01
6.289255878268183492e-05
7.107395602176026675e-05
7.682098376102539650e-01
8.117606312025823501e-01
9.950851374915214986e-01
1.618858059777095800e-04
6.234301743029681221e-05
1.033172445129061656e-04
7.789959821144659680e-01
1.210387368836746732e-04
8.394598723438125853e-01
6.283616446061981954e-04
1.909387216242138690e-04
6.401138249247903577e-05
8.122731868444211800e-01
5.129200510146003644e-01
1.296488345189635927e-04
7.932327606685692922e-01
7.630899745958099611e-01
4.427720312392510629e-04
3.676662550109998095e-01
7.353286251642762402e-05
8.988381855379896782e-05
9.994847986539150408e-01
2.833592356373379386e-04
5.693008441473541570e-01
8.444357252061729380e-01
8.165999378449944057e-01
8.478201369477991189e-01
6.474543772336510683e-01
5.847424701059280444e-02
3.731238946854487648e-01
5.200240160856075544e-01
4.290466085430720278e-01
8.472400838624942867e-05
5.305015484893066402e-01
9.990732147964913601e-01
7.803183010535480468e-01
7.923539314304943737e-01
1.712958238075102113e-01
8.088008215864981310e-01
7.428601390737139543e-01
8.455857882376581758e-01
7.511598339270866287e-01
4.025447357450989694e-02
7.156322204587570734e-01
2.086733489705721787e-04
7.333906069188012022e-02
6.023733796466920276e-05
7.947561719890926524e-01
7.237860724843993010e-01
7.740633702294558161e-01
8.387580441195345848e-01
8.018185099713850406e-01
8.157874757371859076e-01
9.977451813069615483e-01
2.085610855585551791e-04
1.020826266387612287e-04
8.305347360510310084e-01
8.531288358852975916e-04
1.038230533765884396e-04
8.452724663871586503e-05
7.559725012322051629e-01
1.383819730588563279e-01
9.981869325581007590e-01
7.949301349089558100e-01
9.951745165284902050e-01
2.584121993300200759e-01
3.795899246917788794e-01
7.704108084598348949e-01
4.399039427007511022e-02
6.316980558378271010e-05
8.930655406694052313e-05
8.319690320732802125e-01
8.167131398698044276e-01
8.493417660132865921e-01
8.309325150514971225e-01
4.014205848467232440e-02
7.475385128404569146e-01
7.941851067985223889e-01
8.391205684403566512e-01
4.138271413657112043e-04
5.906002782399353001e-05
7.777535927436858287e-01
7.628837555477212540e-01
6.082635570603417706e-05
1.235952457373064512e-04
8.225284460057372682e-01
1.426357149020449910e-01
1.942786399457905721e-04
1.329362351968532141e-01
1.028238667489570768e-01
7.443001158740165657e-01
8.870238783204915656e-01
7.875591418318590442e-01
8.957951809146337085e-05
7.795038435071690586e-01
6.510012366009679404e-05
1.658830161714296703e-01
5.180143312668507027e-01
5.613185909782704522e-05
6.875959233512675128e-01
6.680236373158626728e-01
7.947538669742567619e-01
7.935783485160790018e-01
3.069870600775979064e-01
1.512801264564343285e-04
1.963667367672228704e-04
7.732420086914562063e-01
1.630004999477358571e-04
8.164306633277801373e-01
7.144438812253149917e-01
8.202711694652515817e-01
7.689533908181593880e-01
9.992191614175629510e-01
7.880773015443914842e-01
9.793068372274822408e-01
7.639207559147698223e-01
8.447065436003594607e-01
7.886192250102074253e-01
1.044316460813050771e-04
7.763595052642671135e-01
5.860184294047757758e-01
8.111887797561457836e-01
8.025330427988205395e-01
8.123950583612717935e-01
1.120657680783337555e-04
6.989708175921982569e-01
8.040939829980869868e-01
8.202168098758340076e-01
7.762226844479647170e-01
8.337121315461546445e-01
7.865143757197483598e-01
2.492831522886498341e-01
7.829053480446180879e-01
7.333006953502071718e-05
2.407279975957344331e-01
7.909140733108629417e-01
7.911862631388274503e-01
7.174964687817955156e-01
8.299897271309047975e-01
5.522785059728250179e-01
7.630555946259049982e-01
7.999262698243573277e-01
1.905004788126553729e-04
7.278341960809860955e-01
8.599332872877371026e-01
9.008282921338997822e-05
7.427849883722759117e-01
8.095111738798006495e-01
1.082175727014528114e-03
7.617401384254827157e-01
3.052067741443375334e-04
4.862037304287498696e-01
6.505032555185354948e-01
7.570533888066136585e-01
8.505334459877069708e-01
6.585274718865928856e-01
7.809422427765168040e-01
1.448966361423944475e-04
1.908994584656769516e-04
7.872510301597253068e-01
4.145013049786142566e-04
1.214144704950123485e-04
8.011741329335575479e-01
7.030509471290445622e-02
9.399781866030444688e-02
7.692300219210660428e-01
5.166962566015360220e-02
7.904498345137587201e-01
7.620890989409651040e-01
7.766249893327706877e-01
7.862465553294428755e-01
5.016774085118519411e-01
7.797784029703626052e-01
7.865475629187542728e-01
7.868083365961962006e-01
7.664521716042218126e-05
7.386415948922651076e-01
7.891816766198441746e-01
8.029149399626516193e-01
7.369850980111430916e-01
7.587749985674873132e-01
7.835466354605870043e-01
7.893408677336490875e-01
7.868265495061904646e-01
9.288969007169284699e-05
5.388531408228287578e-01
8.376401025128634714e-01
7.780619351995732291e-01
6.835695909878823917e-01
4.498105011434277434e-01
8.258258852069425560e-01
8.268629087169895309e-01
8.793559293058277049e-02
8.041607309489919864e-01
1.122447385007283754e-04
7.751984942547764934e-01
9.294993710600462089e-01
6.470639124473089477e-05
7.455182168644465257e-01
8.649228216753255261e-01
6.278364307147599188e-01
7.760188732519068822e-01
9.971186902222604065e-01
7.845758970108809294e-01
7.748013040591961165e-01
5.998886858914145062e-05
7.943143519558726329e-01
2.403014162448994986e-04
1.183474996686275158e-04
1.646383806089728452e-01
7.753564979823721615e-01
7.560606882364400150e-01
8.846155342905162033e-01
7.885169429126575036e-01
8.483145397761068240e-01
7.930904280626752678e-01
8.068611709693667144e-01
6.579344022580855579e-04
7.873056140307975737e-01
8.976975175993316756e-05
6.804131554630433731e-01
7.921173613842534822e-01
1.552214663127101935e-01
7.923383543697358755e-01
5.789826053636243754e-04
7.258318439529789501e-01
7.854940970350270391e-01
7.036218060930776730e-01
7.323163082844137417e-01
1.417524403426882371e-04
1.959381256102327932e-04
8.145507102084217355e-01
7.139838250018404331e-01
7.774359954292403563e-01
1.630089606951191095e-01
7.935284610725592547e-01
7.675272135508323101e-01
5.856138521820747345e-02
9.380041943803694160e-01
8.391093394318017706e-01
2.373496189653324191e-04
4.386702253861789469e-01
4.960440049279031816e-01
7.958954114867267116e-01
7.893680617650745690e-01
6.651640372400212664e-01
7.470491251389816956e-01
1.691652580016085594e-04
1.490244190905784722e-04
7.018226241059822845e-01
7.739467611239683187e-01
9.973221029399712556e-01
7.777109170734181065e-01
9.960255626938444573e-01
7.752419524482973001e-01
7.923598640428020090e-01
7.913758881563873748e-01
7.838041522964980246e-01
7.275123365444845502e-01
7.674657557228569127e-01
1.485863610585666794e-01
7.746588823752895703e-01
7.820299316303276349e-01
7.559248330624273038e-01
7.642290728976673941e-01
7.969995158348992526e-01
7.674699551669155184e-01
8.548579610799181827e-01
1.506071868618102027e-03
7.627494132553304107e-01
6.284496335875959794e-01
8.049977695233700992e-01
8.523325606464998705e-01
9.075841574189115002e-05
7.464555690338294802e-01
7.896114089218366772e-01
9.982079025604394529e-01
2.140045269595045486e-04
7.443568198092942619e-05
2.721528796793510696e-04
7.479183774324479339e-01
3.415539459057310712e-01
8.026861261607569631e-01
6.635575899347524731e-02
7.257244589491381737e-01
9.994501418659523795e-01
1.347835335759415686e-04
7.695850032843651878e-01
9.994105065960701140e-01
7.947786152383446989e-01
5.961236542878338847e-05
6.496200926744734327e-05
8.517691044094453101e-01
5.353545864610881333e-01
6.299538501792973147e-05
7.822795659257837375e-01
9.547801286371568885e-01
8.409856483549634776e-01
2.302283769247770971e-03
7.158622769932113661e-01
9.993858595800217959e-01
9.994140603870133033e-01
8.273032534322860565e-01
9.744590740916750926e-01
2.546908332036173367e-04
7.865737949407775043e-01
8.226064533072805496e-01
7.430953514669491611e-01
8.364832142605636012e-01
7.797163529465080956e-01
8.024131888543114544e-01
7.848150241130585902e-01
2.391861916559869081e-04
4.879803770257846174e-01
2.601831378341388904e-04
4.297871269620145204e-04
1.008839235007509988e-04
1.605024872187487198e-04
7.940348096207437978e-01
7.465774770722473086e-01
1.232193002229110129e-01
9.681830950710715866e-01
5.194950764934124221e-01
7.810477619326634535e-01
3.878823735410739937e-02
8.455482622595872355e-01
9.993684357709947674e-01
7.921331098445569818e-01
8.936312090852207568e-01
6.398123191255253956e-05
7.564216536317565896e-05
1.742947249189008840e-01
9.995060950919001375e-01
7.843388198561220825e-01
8.173142945315485797e-01
7.143847608851889852e-01
5.819702265591822354e-05
8.069408760286330695e-01
7.899720597615648154e-01
7.774939943114083599e-05
4.128288276831521713e-04
7.943386156504371742e-01
7.522188968472689474e-01
9.865195611641592865e-01
1.664270334893034773e-04
7.931264293046901281e-01
7.918625880025144115e-01
7.961987104178264770e-04
7.419057544027817253e-01
5.906834804865703946e-04
8.168604802577329460e-01
9.236667473522995886e-01
6.615119951920132868e-05
6.741330340226998619e-01
7.986879209936137425e-01
9.953654329078421847e-01
9.852128259971180740e-05
7.810293771797968132e-01
2.920359956730621785e-04
7.869496558387977236e-01
7.533727926661684116e-01
7.307030604213123892e-01
9.555474952209594593e-05
7.776986393235222339e-01
7.832249870143065396e-01
7.904484705658492150e-01
7.899881670856973015e-01
6.453461120164442066e-01
9.499824147163058452e-01
5.818513723991151076e-01
8.425271233283564143e-03
7.915299538301573401e-01
7.414928293689283523e-01
8.598790694851834449e-01
7.774457582718055093e-01
6.407790939660289176e-02
4.551259234253031459e-04
7.819512878828075442e-01
6.750855898513637987e-01
6.313833285655487959e-01
7.645870030296537667e-01
3.206493446154127375e-02
8.340387583799694360e-01
8.567499522804724599e-01
8.189830407708602600e-01
6.700155618356584686e-01
7.006403210900026268e-01
9.145530505960756387e-05
1.286460724603457062e-01
7.916576473589108653e-01
7.947806738739084942e-01
7.763974973750562558e-01
1.943910066571158607e-04
8.102071631337052215e-01
1.883107550050357225e-04
9.906940195671174018e-05
8.478506093169688729e-01
7.771679309582326667e-01
8.165936407169966937e-01
5.739718243440657027e-05
7.776232588860836348e-01
7.945362154880745154e-01
8.355764169828869825e-01
7.911038110430975139e-05
8.515807677884261549e-05
7.792070806148125861e-01
8.141095985137611901e-01
6.966101843490624113e-01
7.621758584670680348e-01
7.039995399896723516e-01
8.410720952175978482e-01
4.608099461592150559e-01
7.721325134925394185e-01
1.393882624371672407e-04
5.442391942509022199e-04
1.803065206731765679e-01
8.860085725010273805e-01
7.862898148066068682e-01
7.941014071276059072e-01
7.833729019421669104e-01
1.844005618264066694e-04
9.957866257104411867e-01
7.864939663217881405e-01
7.910971239195214721e-01
7.330922372369222950e-01
8.036188704007485306e-01
8.012058498047142389e-05
1.156769771842684476e-04
1.417675163306409216e-04
7.692187976633115820e-01
7.770547579211902756e-01
8.035865410614649873e-01
8.463473239436110074e-01
8.090154163755914896e-01
8.515091034024772076e-01
7.316452977868348473e-01
9.986638552628717136e-01
7.942441779980929928e-01
7.406431126839145302e-04
8.256662722355252448e-01
8.376788964327459563e-01
2.431162178453917244e-01
8.175535988209492455e-01
7.736161879978220579e-01
7.189694803610778839e-01
6.879213073414516266e-01
6.694433210952999147e-01
7.937174109164688574e-01
2.457210119130875670e-01
7.994235123774785512e-01
7.879831550519291739e-01
9.984384795570351301e-01
5.108640116414933045e-04
1.219845893921736035e-01
7.805960695256997095e-01
7.554788908742935405e-01
4.994229289649461667e-01
1.238939310667874988e-04
6.669615608288838038e-01
7.909423538254188868e-01
8.138082725460729083e-01
3.206938633570358133e-01
1.577749000359734413e-04
7.620818604887769077e-01
6.923302463035897469e-01
6.611919953725739485e-02
8.287493313978742115e-01
7.540788869056099797e-01
7.838915716783647625e-01
8.102505957815951954e-01
7.857820310682442910e-01
7.767596225861650439e-01
3.783144597903443989e-04
4.702739969771498724e-04
1.506653331946625294e-04
8.483214047164224780e-01
2.104437497876218460e-04
7.803490082725536015e-01
8.177320183912777009e-04
8.368059655610410319e-01
4.774679926703837562e-01
7.875807586160189500e-01
5.086251932524646913e-01
9.993397425378870436e-01
7.885885921119127895e-01
7.535277544979495090e-01
4.776407072131789167e-01
8.077645457543222163e-01
6.864269987955227137e-01
8.888337034682145532e-01
4.897803304769207111e-01
7.718270535907443275e-01
7.681303212824612814e-01
1.344760978106668921e-04
1.018339695350086761e-02
7.497018523790527811e-05
7.962812346576401089e-05
7.820446164020833368e-01
7.000020449886347196e-01
7.492587934828176532e-01
4.939821583124416327e-01
1.103780465544349279e-04
1.992464548986832391e-04
8.172970930434153569e-01
6.407393107810649511e-05
7.523921443278739352e-01
5.659518063963355058e-05
7.964016776527740316e-01
1.880486524260037786e-04
8.892202127176086490e-01
7.793008748131702301e-01
8.313133551097975360e-01
6.504689246966224303e-01
6.385178756488549517e-05
7.040880246901921602e-01
6.949518000516727856e-01
8.305074519069982619e-01
7.423331081390938113e-01
9.847127255736357609e-01
3.922100047505722165e-01
7.846949183180155218e-01
8.228039558529992581e-01
7.011258733301751755e-01
2.047511681394711556e-04
8.071700145458325926e-01
6.915027796066682648e-05
7.840645202168813332e-01
6.893180438694140877e-01
6.644510223981739960e-01
8.351161997979369422e-01
7.894848752605293507e-01
1.942847780440765386e-04
6.808942745458601564e-01
7.808370671751210246e-01
9.832212758184943890e-01
5.589289834800250656e-01
5.192634105777652609e-01
1.598193771764972110e-04
6.539116620514477836e-05
7.378108476959495121e-01
7.854140005873900821e-01
7.625462168313774658e-01
7.676718934134360017e-01
7.980997739395490065e-01
6.935599894800931198e-01
1.360497412981891419e-01
2.580933657844648212e-04
1.401443022353813517e-01
6.849357991078333097e-01
5.766837308721881094e-05
6.085934528036451852e-01
8.586893911950287395e-01
8.297545410211061290e-01
7.667963388102758682e-01
7.907392808924977867e-01
8.034073159884937976e-01
5.273778331598728553e-01
5.556682235251382274e-01
8.211057761006431699e-01
8.069343006711380273e-01
8.020313813796269287e-01
8.410856177768633035e-01
7.379018887064160426e-01
7.359867197337043310e-01
7.822009272146945857e-01
1.743974914106068857e-04
7.853638009666411568e-01
7.085569104454579881e-01
5.999577498925175910e-05
7.098465965625937457e-01
5.700052094620888798e-01
8.005840707578584237e-01
6.590323532542377016e-01
5.783199590511300947e-01
7.870529774624162034e-01
8.258104805062321807e-01
1.093845950177077075e-04
7.821225590207290246e-01
9.721049617776513774e-01
5.557287588363938324e-01
8.323675680225174345e-01
1.487511220065753370e-01
7.906109535368507357e-01
7.274823994252973547e-01
8.432583646791491638e-01
1.248910200174118486e-04
8.382133814885475154e-01
5.842878063329580707e-01
5.657451800142206944e-01
7.524400664691509588e-01
7.634055541260843514e-01
5.347035817181369222e-01
8.077909874513341526e-01
8.421806476408695286e-01
9.930860786508366456e-01
6.397213300506802147e-01
7.711364189693852109e-05
8.123090650220220477e-01
5.080717647476917787e-01
9.983433441661777596e-01
7.550844391092671470e-01
5.237308986937625477e-01
7.410677153725409028e-01
9.887614218192500859e-01
6.722439070318060215e-05
1.775754039649328952e-04
7.034881253039810822e-01
5.885398175932553544e-01
9.060272589215764578e-05
7.689971951113770965e-01
7.849419196659187525e-01
7.382821817543208098e-01
4.888118337505669786e-04
7.839594027537279963e-01
7.766790659667808239e-01
7.780407219364117166e-01
5.115256073730676256e-01
9.650317401421519504e-05
8.746460954897863536e-05
7.122474995585801327e-01
7.376134405952075035e-01
7.773899587622219443e-01
7.783959529044570669e-01
9.961941049783195057e-01
8.526392638368937016e-01
8.001619264743731197e-01
4.203525222723075161e-01
1.617385054285905570e-04
9.728736033904010602e-05
8.673234229308921341e-05
5.449006479906811640e-01
5.374756398747625452e-01
1.105004499098978461e-04
7.176423286492280562e-01
8.175685979404423431e-01
7.851996862042122827e-05
1.201122251292673922e-04
6.232096875335451092e-01
8.353176897870479012e-01
8.339354397295826386e-05
5.478085215656659512e-01
5.519091851228612455e-01
9.350565773154324856e-02
6.391225337662252270e-04
5.151100810708150179e-01
9.988100478645075553e-01
7.060224507907112345e-04
4.545828060584096719e-01
4.664154934377781614e-01
3.221723335847921318e-04
8.170439866820770058e-01
5.962816335461191830e-01
1.652041249049117019e-02
6.685152606026745215e-02
1.276760520736023902e-04
7.704518096251916637e-01
1.508464480361740236e-04
1.662306080496840990e-02
2.167000989254983087e-04
1.286534693096214683e-04
1.806576595818410239e-04
1.789645175868578028e-04
1.150143954889478182e-01
6.909260915357238705e-05
7.784116172339338704e-05
5.503236606140644582e-01
5.971105157040247358e-01
2.013320308002022625e-04
8.952497230824381091e-01
7.309059710731358184e-01
6.099751996738838591e-05
1.779420727728741880e-01
8.399315264217444010e-01
7.612180003221418190e-01
1.883117268042632105e-04
7.874520305014047761e-01
2.920875223249557590e-04
4.931510631915389650e-04
6.814101607685579820e-01
7.496032900441611524e-01
8.923085424162418011e-01
5.510113955737919178e-02
7.746894565302834268e-01
9.952261292332805764e-01
8.346896650821906682e-01
8.587274904019587263e-01
9.953629816322618895e-01
5.855505492770780585e-01
8.213145834331809780e-01
7.589510991373968102e-05
7.271938363268867223e-01
6.791414603054242161e-01
7.735674445659418419e-01
6.739608437003365420e-05
7.520201783820634756e-01
7.886346181870939054e-01
7.215740823176268748e-01
5.877726133941531478e-04
5.343433780906104991e-01
7.857876583329697073e-01
4.064113454701651779e-02
7.778690027053917211e-01
1.002133475799337065e-01
7.640728467578999927e-01
6.097537764205696043e-01
8.172782734995088783e-01
8.342889037057512613e-01
1.880155969499942847e-01
8.775375235053600850e-05
7.466910355181550509e-05
2.338410270665252089e-01
5.154370516258753865e-01
7.847972788201264390e-05
7.736915718826259392e-01
7.660704907214070936e-01
1.687875554200870610e-04
6.838197312793727889e-01
8.287749372205007736e-01
2.224960726364068331e-01
1.005028458258656947e-04
8.229574219233879440e-01
5.099598378893841107e-04
6.699962962048956131e-05
6.905622603752032962e-01
7.830564074253386631e-01
7.976949311236445350e-01
7.495586635642002005e-01
7.208996861664799249e-01
1.649529996910523806e-04
8.315034760639001821e-01
3.200921505409937986e-04
6.690356314258608661e-01
7.738386878314511552e-01
1.040015736799414242e-04
1.724159832648084769e-04
1.963936636608332946e-04
7.784555969895995409e-01
7.855213235401939942e-01
8.204454686932168839e-01
7.778620206436069884e-01
9.779886181038415227e-01
6.379085665070581834e-01
7.768934808997582930e-01
5.971953699371329192e-05
7.927830307578512814e-01
7.816493082160136385e-01
8.409608785195721303e-01
7.878328949005681814e-01
3.996303719051728653e-01
7.691335797202097924e-01
9.377981848431437976e-05
3.901634672584805563e-02
3.974597009818527926e-01
8.352496166693598179e-01
7.946127502625661698e-01
8.505093821848456193e-01
7.897940183030116579e-01
8.358138164721689023e-01
3.619942236524275551e-04
7.758052984285649378e-01
9.992319115503218718e-01
8.727936373615960267e-05
7.619320069338201273e-01
7.858247847703008215e-01
4.959182895420170215e-04
5.488057073683493270e-01
1.108128976618695012e-04
1.690983710321086464e-01
9.629869932736793148e-01
7.922123243612646526e-01
8.004188791288530114e-01
8.954097745066603720e-01
2.683584637257993588e-04
7.781020791578062701e-01
6.668498376184509580e-01
8.682234105388123568e-01
8.622900808969381492e-01
7.818702190022035481e-01
7.690720593081940004e-01
8.157338115458369066e-01
8.014473621525995961e-01
1.419434001260540138e-04
1.475539871042021980e-04
3.071915711645607501e-04
7.970425761182353686e-01
8.003020435232106600e-01
9.830867893632643240e-01
7.846526250722661855e-01
7.360984824541422222e-01
2.820233249383456058e-04
1.287477230536606114e-04
2.738025558843018245e-04
7.868783193501059925e-01
1.957032589583657166e-04
7.875472168302196652e-01
8.206657474026953780e-01
8.897611533675803264e-01
8.014657865666869885e-01
4.313010237972848548e-01
7.557159535118173066e-01
7.559915133659695918e-01
8.164181557142144996e-01
7.827303119090281980e-01
9.860952501656054456e-05
7.640639118646762595e-01
1.056598688269339399e-04
8.157451273812917902e-01
8.320724259579665993e-01
7.855819835637634085e-01
7.951794866320226474e-01
6.654941869963324486e-01
6.153763562625622280e-05
7.992022505381650710e-01
7.653005979323802555e-01
5.648286189103675023e-05
7.911875158211849612e-01
7.666089150583315082e-01
8.539472043025511105e-01
7.717951330652840225e-01
7.609017788529637283e-01
7.720330106904688128e-01
1.427663116567830985e-04
4.604245332419927839e-01
7.708327518263056177e-01
1.625929861211295282e-04
7.676196973661943979e-01
8.236716914947667112e-01
1.708176368877150394e-04
8.965859849555719574e-01
1.043661278082278377e-04
6.344660277687094035e-05
1.025098325937416491e-04
3.806804034609431731e-01
7.872854396308733849e-01
7.782397040750952399e-01
1.154285974783232931e-04
6.908625867094686512e-02
8.107197956583499510e-01
7.634842071321792378e-01
8.701826555545054687e-01
1.695703914417418315e-04
8.186219528479032892e-01
8.248735315620066011e-01
7.989112557375485091e-01
7.856022136999237144e-05
5.854610569328070335e-01
7.005811676157678303e-01
8.312354902075846930e-01
9.985990768102962489e-01
5.038492484230128535e-04
7.888478610615330400e-01
7.085000618222480413e-05
8.325208874712156648e-01
5.186460572643136193e-04
9.642860227268236137e-05
7.888623516619122089e-01
8.469130638183359761e-01
7.869263383828658531e-01
7.528458765268001285e-01
1.497983626737188609e-04
7.589422992445513660e-01
6.630157971572530836e-05
5.952831006913454903e-01
7.510548492036958068e-01
7.853328126597729497e-01
6.836081543932860383e-01
4.095971691154494387e-02
8.465740736105350495e-01
7.672414368742952462e-01
2.483394663674101123e-04
8.106514963616403557e-01
7.905858375731530385e-01
6.715647156143335339e-05
7.941448176838540318e-01
7.391720089448424735e-01
8.209437256489403589e-01
7.288463941930403145e-01
7.733552956651208454e-01
1.097360397162574445e-04
8.120308204297235211e-01
7.661619299550823659e-01
8.401565918502880148e-01
5.866822187435106750e-01
6.868265196367564496e-01
8.478104083295185944e-01
5.724713658920513870e-01
7.802281555622229137e-01
4.924496460106602136e-01
5.877002528419125182e-01
6.755418675901384562e-01
8.962489310975236688e-05
1.996007687800864169e-02
7.897319070638301186e-01
7.530828880601152520e-01
1.028895348993863370e-04
1.131515928994553496e-04
7.073084640985042304e-01
9.740645720702312271e-01
7.853327964292471375e-01
8.061818995497003204e-01
7.678109746722012741e-01
4.216440805492131230e-04
6.824208234672221041e-01
8.329402921236080948e-01
7.621244948907701655e-01
8.266452749338905059e-01
6.955738108934494957e-01
2.243597890163954707e-04
8.123978091493787579e-01
7.963979198977618745e-01
1.511715841919548952e-04
7.793361268681552323e-01
7.870806099025866587e-01
8.418546367164454480e-01
8.279378244650242857e-01
8.196615047785108521e-01
5.120417128428464970e-01
8.066312314343334622e-01
1.825934455134028966e-01
4.706546266060901984e-01
7.752225887526527082e-01
5.203968933108827910e-01
1.161775020313246699e-04
6.934444866341933356e-01
8.655461753568830519e-01
7.779942236490731133e-01
5.412144823725789644e-01
8.270221226057469233e-01
9.882438847717247565e-01
1.685798894273740905e-04
3.319029602851536627e-04
8.258058755703122644e-01
9.616162599533535106e-05
1.801735203854807168e-04
2.019748385071701931e-04
1.977313618549114672e-04
7.664721900818791678e-01
7.699124309095075613e-01
8.021606903063889238e-01
4.617868701655202801e-01
8.607429557551330435e-01
8.363658222332971404e-01
7.912300114251927807e-01
7.897934275085611855e-01
7.753621950841921295e-01
8.121775990675021983e-01
5.629504517939545316e-01
6.819053897493924661e-05
7.718469293578339441e-01
8.001827592874325434e-01
6.405376536278442057e-01
3.853616779765147715e-01
4.267932413556163040e-01
6.682965925688947317e-01
8.454589415361373206e-01
7.860648359746411629e-01
7.277749287728134675e-01
5.522765029422760374e-01
7.846154253907927645e-01
7.847647394733000548e-01
7.886173126387709953e-01
7.924460614847923523e-01
2.514039668196468348e-04
4.551117742044111236e-02
6.132528457548059816e-05
6.943527940006802845e-01
7.532727418744804559e-01
8.031868780246754769e-01
9.499795201682656313e-05
8.884586976440660422e-01
7.858784912061312911e-01
5.845890365492865834e-05
1.559273605450898635e-04
7.664518625805712970e-01
2.205846929328130201e-01
6.836270334221357923e-05
5.517662274179261361e-01
3.864541793809426595e-04
7.620321715341581426e-01
7.712562781537127821e-01
7.560185779669694739e-01
9.814622739135943645e-05
7.377986752498144618e-01
4.704101502106400878e-01
5.124872997179915624e-01
5.005591096628629888e-01
3.370318934929971144e-01
2.399618305844246902e-01
9.860418632666551053e-01
2.419486676114348796e-04
7.492440267497066930e-01
2.462233936917713529e-04
7.852304777584195872e-01
9.993532541053933294e-01
7.303767016381362831e-01
7.222490217066102058e-01
7.971192440212918617e-01
8.454215502513568251e-03
7.659539363479829499e-02
2.436543145318354137e-04
5.692591625593870219e-01
8.033154428446328543e-01
3.381377864132074640e-01
7.341924816634274320e-01
7.772927061701567775e-01
7.583052002260158853e-01
7.613950331286118978e-01
7.759213569907124090e-05
2.781341925814619434e-02
4.720185909484025943e-01
3.840048596447831475e-01
7.352643787013716237e-01
7.869827595337656190e-01
7.848943611712646540e-01
7.256046597485561467e-01
1.884121832871428666e-04
7.519742626737413449e-01
9.269773046428717578e-01
7.771836685045752091e-01
7.232973210465605085e-05
8.045616664708332699e-01
6.975143038864741740e-01
7.521353142342551701e-01
7.691665930751295788e-01
8.946589455546285173e-05
4.011057724735490049e-01
7.990814474468012074e-01
9.367103581370834764e-01
7.864673838397427952e-01
2.544301300769607468e-04
8.387606703379485440e-01
7.327685261902191494e-01
1.726554344427751230e-04
7.756971649597202978e-01
7.250580564453729115e-01
8.232932861939745717e-01
1.096447327683762192e-04
8.437666454403730488e-05
8.466207256459413744e-01
7.587275831140491977e-01
6.000236820702969280e-04
1.041620058419023164e-04
7.980252624288861618e-01
5.923134581757252271e-01
6.636209289836063618e-01
7.668244334092781944e-01
7.780615296471795617e-01
9.941060411257377494e-01
8.002051198201335369e-01
7.880771577254470639e-01
7.836505856756058597e-01
7.772157933462336152e-05
8.087825045402153856e-01
7.200992714701365260e-01
8.440318662157957341e-01
7.319956504043208831e-05
7.909609878236673053e-01
1.452736422722889723e-04
9.096355748325376362e-05
1.112623271248984729e-03
8.371924757146185527e-05
8.617183518329326393e-05
5.152883293111586438e-01
8.292595703599278112e-01
8.122962711115785384e-01
4.271692025965006523e-01
4.611698091422685719e-01
8.372509422833449566e-01
7.853532214274713263e-01
7.943572501747523384e-01
8.017266218156708923e-01
5.908938142825104743e-05
9.431358626411266710e-02
7.799179689766192469e-01
7.735145102094618252e-01
7.723067371899994260e-01
8.494889145116639728e-01
7.588228555865997871e-01
1.868107580252669950e-04
8.266822059993769178e-01
9.641860225089041170e-02
7.139571749972811743e-01
7.079507904030835075e-01
6.828442975312941680e-05
8.018063581699665932e-01
3.194621683861538822e-04
7.439108174577143684e-01
7.742064582311959375e-01
3.555288710887977480e-04
7.831115472753819029e-01
7.533540708053326762e-01
8.339995464818251714e-01
1.078646487049129976e-04
1.758668280935723376e-04
2.571080183166277611e-04
8.204694091825560642e-01
5.731238360135073595e-01
3.681511637170671314e-01
2.044391038651196830e-04
8.149557437229207890e-01
9.994911190348383379e-01
8.439728190814317355e-01
7.893472300116777252e-01
8.050054721727881724e-01
1.659502799821709876e-04
1.199606809338475395e-04
6.062932531995390302e-05
7.594192068689101793e-01
5.061226068594609773e-01
7.869162303208823150e-01
8.869932387686414454e-01
7.439893629754721349e-01
8.056986126938002757e-01
7.884415433878202224e-05
7.261246642317673559e-05
9.863305466908759422e-01
1.577107041106733099e-04
9.671939000992629809e-05
8.241872824904331596e-01
7.648526212731795448e-01
7.731324555309040392e-01
5.324992356847524366e-01
8.138496716912535511e-01
8.001822594679490752e-01
1.422909030808520374e-04
1.432007994966192287e-04
8.169264113839359576e-01
4.413145499624090418e-01
7.730828872593088485e-01
5.679046119899190392e-01
7.511814162602676870e-01
7.816037435454367189e-05
7.791352777221427495e-01
7.804906753645749484e-01
8.464003540992921515e-01
7.709357616911315381e-01
8.021745301570530895e-01
7.924135202621162000e-01
5.858536576595746155e-05
7.879662776538657321e-01
1.364424373517367955e-04
7.494581548736823917e-01
2.289825528345521277e-01
9.590622458086947154e-05
6.592823092803908880e-01
8.056711854649689641e-01
4.575802824042322636e-01
5.587752013531261941e-01
7.049317900813839577e-01
8.375426876842805290e-01
8.516173151273465081e-01
7.432114932818226390e-04
6.986980382155618674e-01
1.166019653479385802e-04
1.523072176271176518e-04
7.572086740572357977e-01
7.927095929794173435e-01
5.499702549379029692e-01
6.885277464949732338e-04
1.818286397487587508e-04
7.801957628625205698e-01
7.832380792708470985e-01
7.881716102735991658e-01
2.403547010933128336e-01
8.366111416509791621e-01
2.294779875639749991e-04
3.517344878610516095e-04
6.968035472039280087e-01
7.115873107269760078e-01
8.099397351036095039e-01
1.675406973227217130e-04
7.160311328591610126e-05
8.694955778096929099e-05
7.491748596261843529e-01
7.456847132086261709e-01
9.975322887268841532e-01
9.973901204063038151e-01
9.500947797716146974e-05
8.306684233211081292e-01
7.806427635065149671e-04
8.025440927897133925e-01
2.948886200606469651e-04
3.036097474171146763e-04
7.804111154529360661e-01
8.455187600441602669e-01
4.393134076364275109e-01
7.812017003416297234e-01
3.471176804602602028e-01
7.021827554963641464e-03
5.444088882316307915e-02
1.561174631425986772e-04
8.140314303806540641e-01
9.938069560344048314e-01
7.738419160070842961e-01
5.861532256024091225e-01
6.044541743590348565e-05
8.376930196691332320e-01
5.484280520203163034e-01
7.293897480125637323e-01
7.543076734433322716e-01
1.823785279493378875e-04
6.190198841010525754e-01
8.470144067615924532e-01
2.820215988800264806e-02
6.683101383841477672e-01
7.914685504303798913e-01
8.341134512487217156e-01
7.356688660890060572e-01
7.744378276082196644e-01
3.849485057603558788e-04
7.784526599624641552e-01
5.340685813327471498e-01
3.923700801103633395e-01
8.002981075538826428e-01
4.798379612252240412e-01
7.112679617692700962e-01
8.471102874807564520e-01
1.024788181019189032e-01
3.721482281297437624e-04
9.016615643126951740e-01
8.113083291044093093e-01
7.750790053994188744e-01
8.067834725344230629e-01
7.634815815264843764e-01
6.707559212815880079e-01
8.057517916417157311e-01
7.832142493755299695e-01
5.738340325037698123e-05
1.437350050937567477e-04
7.839156519937374723e-01
8.204014451307237721e-01
7.870477758422219638e-01
5.853413884256206660e-05
7.964833674397587826e-01
7.981731910370061245e-01
5.477813955012750258e-01
7.273330445940487943e-01
7.481782540640209422e-01
8.304474745510962430e-01
7.380467517938282818e-01
3.442325444581859073e-01
1.387887293362799414e-04
2.511393341235728105e-01
7.673474421248875910e-01
8.287246485109638350e-01
7.412493075762314199e-01
9.375602629168126034e-01
1.056066637626129068e-01
6.716123286262927206e-01
1.748056091874644058e-01
4.974171464922126362e-01
5.856748051950745326e-01
6.467031012008061901e-05
1.295694085085704282e-04
5.675053530292761828e-01
8.131281216587213923e-01
1.485762131224275650e-04
7.548208673978628047e-01
1.003837180832160895e-04
3.673786309523628581e-04
2.400747427094313425e-04
6.502761176979936497e-01
7.756584456925970095e-01
7.750884599134226782e-01
8.002668540453560242e-01
2.107128448999132683e-04
6.689506908198351587e-01
7.851669811037570446e-01
2.299321400019490734e-04
2.012293050064866817e-04
8.997740384004426772e-01
6.977817348509034179e-02
9.962897892922401022e-01
6.690785777566893300e-01
6.782667304633553940e-01
6.752810746450468304e-01
8.808562205867257466e-01
7.757067754597155584e-01
7.568916002634453744e-01
8.085672180773312290e-01
8.192698325747022059e-01
8.235958668316430975e-01
8.273670157491392896e-01
8.306406952953742096e-01
8.334868645197186510e-01
8.381773453965547516e-01
8.418389336543002921e-01
8.434098744304486805e-01
8.444769425989008260e-01
8.468442630534913640e-01
8.470800569253363888e-01
8.474408710817805668e-01
8.467252760437988801e-01
9.586757240091687584e-05
7.662341014888671110e-05
1.003247889366085035e-04
2.089658389212802336e-01
4.374865960167961254e-01
7.268957971984499888e-01
7.463416761976872094e-01
7.238114792254249918e-01
9.527011261478126602e-01
8.419472242780100535e-01
8.392071521548756241e-01
8.489174326438861939e-01
8.501325870090845616e-01
8.287439982496518365e-01
8.193277284066158295e-01
8.228942440268152136e-01
8.154030587402927299e-01
8.110462605567774208e-01
8.091314202519386267e-01
8.004543826966072917e-01
7.629611500818725967e-01
7.418935912494285523e-01
2.203011678041293467e-04
8.540930447237987666e-01
8.553820603790751598e-01
8.525186042619482540e-01
8.576449617010499793e-01
8.180986693440388535e-01
3.049748408809917488e-01
8.168854230536780614e-01
8.226691835111509254e-01
1.904454862217317135e-01
6.205064978718067836e-01
3.623557822913901494e-01
2.121771427848502664e-04
1.977136719280909896e-04
5.176827822611519414e-01
5.994097460311230419e-02
1.877489047477386985e-01
9.542321141222802642e-05
1.368159762156255727e-04
1.475208181980868080e-04
1.905780350211668244e-04
7.774284855916174797e-01
2.371582564402289692e-02
2.736688122237088323e-04
4.637193924960097838e-04
9.970503066786062796e-02
4.924322416908418765e-01
6.550116810859546446e-01
5.385219225657279507e-01
5.741140628397284340e-01
5.776359359586340503e-01
4.513477981976372622e-01
6.746295348385716872e-01
4.487959395464770074e-01
8.365707921446265960e-01
8.156031154577361164e-01
8.051838895662316586e-01
8.063109554400392787e-01
8.149544212304278279e-01
8.234502926923851218e-01
6.875134598342904635e-01
8.159261590028925593e-01
7.999269558270231117e-01
7.994731003002584213e-01
7.992774325425248128e-01
8.092101330665230075e-01
7.191718032852261189e-01
1.996937026467606271e-04
8.203899156765727119e-01
8.413210017451130396e-01
9.675608810166553830e-01
7.646913628921346850e-01
7.285043916599682756e-01
7.993064780516628831e-01
4.863152336017362298e-01
8.299275076873786627e-01
8.292832887959562527e-01
8.317394962179698314e-01
6.760898715277873228e-01
6.716863963387649239e-01
8.342059484537264202e-01
8.334943596846430269e-01
5.034447973855254999e-01
7.480108068017365941e-01
2.402858507151713703e-04
8.209465354832714556e-01
6.439581092723434264e-01
6.057573965178616460e-01
1.351679640648417670e-04
8.522409759963217590e-01
8.413278109759720902e-01
7.889726811929571593e-01
6.745287018550107927e-01
8.493470494838500917e-01
1.157770698878820143e-01
7.922027604302954717e-01
7.768060395072375890e-01
5.903040553208748209e-01
8.206152237770776570e-02
7.845697993976932239e-01
7.737576670774005683e-01
1.674771665752223615e-04
5.831024024030920794e-01
1.953946109975304157e-01
8.358281825057432002e-01
7.463227466466239024e-01
2.053409445345424130e-04
1.883541615156147930e-02
7.581715848503657318e-01
1.070953070799699223e-04
6.005985065138296219e-01
5.719244016735918201e-01
1.391697567255293473e-04
7.058994497078463493e-01
8.010277477382815592e-01
6.051136651068933503e-01
8.119200785597230352e-01
7.364164947077417311e-01
8.405290263895287550e-01
7.901950084036556410e-01
7.302899091974232038e-01
5.614042686602496168e-01
3.974727442221097085e-01
9.449205499014295961e-02
7.856348292998670546e-01
2.542131796426570500e-01
1.268473513894995835e-04
5.310509469523079229e-01
7.872768382362493877e-01
7.951924062369813972e-01
7.661510126633600537e-01
2.077643520238978364e-04
5.195308565779285237e-01
8.239208232528568709e-01
5.510159590683254560e-01
8.111152799954020054e-01
7.867437172441147375e-01
6.419121324141769704e-05
6.840309128766328683e-01
7.637895773415125378e-01
7.588692733400713708e-01
7.458296026979484017e-01
6.552138324377659655e-05
7.510443542775659953e-01
7.418700508277088490e-01
7.785253876928923678e-01
7.603019946371557536e-01
2.764709732470493181e-04
5.405706710697703032e-01
6.524620636932548789e-01
7.873995898043631980e-01
9.568809666034380106e-05
6.657367447730057064e-01
1.728983824643257235e-03
1.384736645779456132e-04
1.166231773455058268e-01
6.928936113722263812e-01
8.470304586011612180e-01
1.424378622639404790e-01
5.321057854802241360e-01
6.605391738332279106e-01
7.846156992048859413e-01
8.321804028721919710e-01
4.856836187984968634e-01
6.612491792203257779e-01
7.760338116030923716e-01
7.614372359466480278e-01
7.538681759948779870e-01
8.307321317543078232e-01
2.288138346143298307e-01
7.541557764251433094e-01
7.976132273061679046e-01
2.355379279945054860e-01
8.414845816506096865e-01
7.914863943791525802e-01
6.860251404312128765e-01
7.790677206644150976e-01
8.898626160470090030e-01
8.425038263798153571e-01
1.980482996695245856e-04
8.106233324237941407e-01
1.254288845234057329e-02
7.927740793430833044e-01
8.256191369954953840e-01
2.559789411746854091e-04
1.254532314727190912e-04
6.376885138886564789e-05
9.513211977682745069e-01
8.073451116453175258e-01
7.858926234584778792e-01
7.700542212080638826e-01
9.537438855092149614e-01
1.596115099848428626e-04
3.595400755603631038e-02
8.266577184988282978e-01
9.993813057913869535e-01
1.047834716746019329e-01
1.554742990430204718e-04
5.902204113587343313e-05
7.747183196175413400e-01
4.192051779446132769e-04
7.026431157126755700e-01
8.162533068005958237e-01
3.061010112966554286e-02
3.329870999467099543e-04
9.990971521861492510e-01
7.798652242304541238e-01
3.593249415017768815e-04
8.662100150609278737e-01
1.129520296526324261e-04
7.884825922536559117e-01
8.201338677597419524e-01
5.364349070859052160e-03
8.147475636178227454e-01
9.304359820578249991e-05
7.710560975010642970e-01
6.277693464152751535e-01
7.557099588179262417e-01
8.889125477047911117e-01
6.530444280091872722e-01
5.875189377203297036e-01
2.274874596792747783e-01
8.509738689661437983e-01
9.267915604320340836e-05
8.024774870094640855e-01
8.822306231900806637e-05
7.396773825231180988e-01
8.506362306914773130e-01
2.263816100189289249e-04
7.624894992182188469e-01
7.320763571846485851e-01
9.531311228253382985e-05
8.824396686095382306e-05
9.553021141268945354e-05
1.065947913547320587e-04
5.990180033508501047e-05
5.922955839549704182e-05
6.342791561302670855e-01
7.878543042174076527e-01
1.705744988947687283e-04
2.980154355153966789e-02
8.233005607355317612e-02
8.023187924319160613e-01
9.214853090477975739e-02
1.222986344633808541e-04
7.458472929458195289e-01
2.701066421689694505e-02
3.022629690522593625e-04
2.539171350484765131e-04
7.884586566194399238e-01
9.916355852450191577e-01
8.294101058273282145e-01
1.929001649033316849e-04
1.540801304962819817e-04
7.761243984766138526e-01
5.887840507162676851e-05
1.138340376645813280e-04
4.778000928877921432e-04
1.815268683332068866e-01
8.112393771242483176e-01
7.013890212604589891e-01
1.051615549679629335e-04
7.557606422595251061e-01
6.156700660823725578e-04
7.774347612854838330e-01
1.533740691883896221e-04
2.176072819431418531e-04
7.343955782456139669e-01
7.945838401011391383e-01
7.744734877879312727e-04
6.992552887661406258e-01
8.336457451975375355e-01
5.696352357744751424e-05
5.329555420186543602e-01
8.595695358331030267e-01
8.068570512058779066e-05
3.353314425820566602e-01
7.758386418281619790e-01
1.789660664182317481e-04
1.559347801762445596e-04
3.471041831146278595e-02
5.536726295360469008e-01
1.758298695955323417e-04
9.993155416315608885e-01
1.300463086663299628e-01
1.053612734026076786e-04
8.161701168459418732e-01
6.633543607373428852e-01
7.972231538117899863e-01
7.290497004364618894e-01
9.784326646202829618e-05
7.600565530320327889e-01
1.589721951848710143e-04
7.723581025090079377e-01
3.679369914409213538e-04
7.622423576728544203e-01
6.047186472868072086e-05
1.485897608587760377e-01
8.078941796664427244e-01
6.305206165294523490e-01
2.328515510879167749e-01
7.497098816726288639e-01
7.909058479995286772e-01
7.875733295551187174e-01
2.574371297338388098e-01
8.196816550103268595e-01
6.361387465271823860e-01
7.086438793788060186e-01
6.211293925329881560e-01
5.506619140587700745e-01
8.477410780696613690e-01
6.459210915430642374e-05
9.369736438479681203e-05
8.540119918374851071e-01
8.574283925129427830e-01
2.621396130525922440e-04
1.869458101111641794e-04
1.958993005901691620e-01
5.583588270130179776e-01
2.022986334142563825e-04
1.262086880277803603e-04
7.518274882880525700e-01
8.848360343527749479e-05
7.708308214481807141e-01
8.224029578330585011e-01
6.981010094528885483e-05
2.999168068122504138e-03
5.904977976616418989e-01
7.869814315033382135e-01
6.234679568247316478e-02
4.181046740998869415e-01
5.897060347622981036e-01
1.559589365266600284e-04
8.242150860233662391e-01
7.586862312104772910e-01
8.912091753961356967e-05
1.819912270609485747e-04
7.442948223812252406e-01
5.936589541417319760e-01
8.435848133290049233e-01
5.373215705271816578e-01
7.387019294730126084e-01
5.270975769956210977e-01
8.031666411879169187e-01
7.664100493137174785e-01
8.249764716903326134e-01
7.565587870699880257e-01
7.431775389729511350e-01
7.790990703258371397e-01
3.309223876287876731e-01
6.303539991353680483e-01
5.970990787049722526e-01
4.411803172176251842e-01
1.150715119075264016e-04
1.144297564907357476e-04
8.312262724793076929e-01
7.644794600492181846e-01
7.544635907688077570e-01
8.130273855896497483e-04
7.622086284714021387e-01
1.036150253708022356e-01
2.066860139718311039e-04
6.700219155016568255e-05
7.902168735997101567e-01
7.945504482929651724e-01
7.501737613610727218e-01
1.069332425468504842e-04
7.035840162438472415e-04
7.488068462922992325e-05
1.399144594976700997e-04
8.214745285330925517e-01
8.066272131386312827e-01
7.910533404714529260e-01
7.574299057955820313e-02
9.632584458724773313e-01
7.458602645316884105e-01
4.102152426083405801e-01
7.795020360898835543e-01
2.067217044809312339e-04
7.842349040012105421e-01
7.067297036439624813e-01
1.764751161067223473e-04
7.423743417376854614e-01
5.185076555102227907e-04
9.961282575391220417e-01
7.499952611819487025e-01
7.200106930434627683e-01
8.457563510053047739e-01
7.824551677554174578e-01
7.967634574536019976e-01
7.969740714855112484e-01
6.842334094158974446e-05
6.936798119942768626e-01
1.630367128432522563e-04
8.097181095407193219e-01
8.098013543241988632e-01
8.229802190259110084e-01
8.351399753957708949e-01
8.221190715990844833e-01
7.894233927050192667e-01
2.320738107439612036e-02
9.994081121392935918e-01
9.158176481234817645e-01
6.301333487107520660e-05
7.151553489850830392e-01
8.438399641369188631e-01
1.046425046660653718e-04
8.356263062003541631e-01
7.794530239042737341e-01
8.526577375169305251e-01
2.841185704930154765e-01
3.406270508124280977e-02
9.988124403859747202e-01
7.487454151123446033e-01
1.003858572350267600e-04
4.180642314142697935e-01
6.147226406849699565e-01
7.882760773731355419e-01
6.827517038092268233e-04
7.850755938176512405e-01
8.926974609281221884e-01
1.607136213135064717e-01
1.919193073929345017e-01
8.447611196241674447e-01
4.969246879949684170e-01
1.082991594629455483e-04
1.069626711587489895e-04
8.196703278401035186e-01
7.569527032846964376e-01
3.036976523074036926e-04
7.776081627741441293e-01
1.853015816619536218e-04
3.245689817508191628e-04
1.660561288080339981e-01
2.155007664068641637e-01
6.651782349814219786e-02
9.985501769631734970e-01
2.233720086352007916e-01
7.843670098994787176e-01
7.998558542531746252e-01
5.382479989196793380e-01
7.531717746021568960e-01
8.136499973844998346e-01
6.464428878124296451e-01
7.712840077572127306e-01
7.961200407569959914e-05
9.577277430987964589e-05
1.035447995536914944e-04
4.493897312360097263e-01
1.090481116178831662e-04
1.389669233137804370e-04
3.261643905348401875e-04
6.943971206757559855e-01
8.304661808613086338e-01
5.474082462874548805e-01
7.536132239229832441e-01
1.625955455537643794e-04
1.904785129406481284e-04
2.205876979618838528e-04
2.994145932689222327e-04
8.336639184240974831e-01
8.151110571846906794e-01
8.261072283133416017e-01
2.008432807529241804e-01
7.722391552500598166e-01
6.330991433852204420e-01
7.555943397942941342e-01
5.061540676986102383e-02
9.930901740136539591e-01
2.467872003994225211e-02
3.905778121589622426e-02
3.619781712377809820e-03
9.930011558396455249e-04
8.303538653237042544e-01
6.804911705625439344e-01
1.267855683874446137e-04
8.384316099021820179e-01
1.134412921048753020e-01
7.808673158123382585e-01
1.582626321278886306e-01
1.233672762359339370e-01
1.174143349478759951e-01
3.654276574383107795e-02
7.858999847705837594e-01
4.419487965697240783e-01
6.937797060528756443e-01
7.897165430629854432e-01
7.229404030663268838e-05
7.833933852404233456e-01
6.875635289227253200e-01
5.880626343314986348e-01
7.713178071484937393e-01
7.794930902827268415e-01
8.189596151439815230e-01
8.254108494367250470e-01
7.767696392321742360e-01
7.851461852005072739e-01
9.626325613899713307e-01
3.123456991765357921e-04
8.301332764099290662e-01
7.674561231079940601e-05
7.631422623866161992e-01
1.776820398381752093e-04
2.696905109371005183e-04
1.287827702974909147e-04
8.427861951566871790e-01
7.248244055070900416e-01
7.606713951903821824e-01
7.237610378174598180e-01
7.085941818588822327e-01
7.874794564941985930e-01
8.271420262494686426e-01
3.523730028173174605e-04
7.875062538450834371e-01
3.055678599310520521e-02
7.665694933682672962e-01
9.464085592213204376e-04
8.457858952777160821e-01
8.463444698974080804e-01
7.898731200807149744e-01
9.974017991885346657e-01
1.863462372682074899e-04
8.058398562269571963e-01
8.547177263814716985e-01
7.339313710680074321e-01
7.803582986058719140e-01
7.774119250592944619e-01
7.883019483262879712e-01
7.855444294814135642e-01
7.247662468453720530e-01
8.299865341472073457e-05
7.334139936795373016e-01
6.615034003254223194e-01
8.460812103684338670e-01
5.220699757734008871e-04
7.448042033973804044e-01
7.847767495650342928e-01
1.410342456833469629e-04
1.646103379136051219e-04
2.958047205533458346e-01
5.658769148805262508e-04
8.126817680622031581e-01
8.903900420240880020e-01
1.511051460154957395e-04
1.585156364560627307e-01
5.434205291114235781e-01
8.157622531182726622e-01
1.017218135020575738e-03
5.836981743980110826e-01
5.182513832035139378e-01
4.351541329641909761e-01
1.984433900752942469e-04
7.421438831694149307e-01
9.315144473377255771e-05
1.560235156213747327e-04
7.577190259087989155e-01
6.895696343322008648e-01
3.570696182745174418e-01
6.565634919260143754e-01
5.885064632274175089e-01
9.050128724773676570e-04
7.762016138266818466e-01
5.265319938323017451e-03
7.639734569349647675e-01
8.160820858603811123e-01
7.518565248360088438e-01
6.449214680812175304e-01
7.915605516781286258e-05
8.989496590095568469e-05
1.105517138750331083e-04
6.830963153532305654e-01
9.978728352045744820e-01
8.056295962066487570e-01
7.852370864588550381e-01
7.254224020723090138e-01
7.854969474271874055e-05
7.859122404990031008e-01
1.088552324396477029e-04
7.713486619184644066e-01
4.487897805921727684e-02
7.496570439123591001e-01
5.971595174879883801e-05
7.212056171068024213e-01
1.047843909762558653e-04
9.544729136021081557e-05
9.939182513440353306e-01
7.445025006580255900e-01
1.185037795867225697e-04
1.339074562608283947e-01
7.434620835887172374e-01
8.186629364731194958e-01
8.198828384357755850e-01
5.364535317241111295e-02
1.617946637395341629e-04
9.312436796732058708e-01
7.518986231445868862e-01
7.473202304570084609e-01
5.894777243993113425e-01
6.929263618965266769e-01
8.466706968544313039e-01
8.016458388454460460e-01
7.915468170247419444e-01
7.337259145978285435e-01
6.814628060889715616e-05
6.494387157334662319e-01
7.876363607011258594e-01
2.135775894117354883e-04
1.758301551967213347e-04
7.665581276498827368e-01
8.100053571432120117e-05
5.391308349042064352e-01
2.850750099436622290e-02
7.272456982278199811e-02
5.763117557746374464e-01
7.937403893807256638e-01
5.873516224358977806e-05
7.887650943958901539e-01
1.183543779839776877e-01
1.178651469345423164e-04
8.155802646147322088e-01
1.069989313945371331e-04
6.755134075122353366e-05
9.995577434173976705e-01
7.795225237692160469e-01
6.896199874121340390e-01
7.908446371505294392e-01
5.954697701056623771e-01
8.123486662262393576e-01
8.316897364337365595e-01
8.454862189218806945e-01
5.628985092867537775e-05
8.415566363390840632e-01
1.172829654264165647e-04
1.271801895944219885e-04
8.102806880315434057e-01
7.713213910650236482e-02
4.887817264814470763e-01
8.332247235334484525e-01
7.859439141891465530e-01
2.979387980551347049e-04
1.309494247230755248e-01
4.585180054299819313e-02
9.987370193661745388e-01
7.570492740817955438e-05
6.128767916228746726e-01
6.385370961951489788e-01
1.364468761563723625e-04
1.167298163332555912e-04
7.751090427159723628e-01
7.768946172216588675e-01
7.809886394014070587e-01
7.118681499958547931e-01
8.003654248360038137e-01
9.576663030602747262e-02
6.894586315654173125e-01
7.899340070895115584e-01
1.446165205667852317e-02
8.457721023484705558e-01
1.382456514296338118e-02
8.481165290025244254e-05
7.372177607367371710e-01
8.515841542975559619e-01
9.985219565874163816e-01
7.761080923906173989e-01
7.891941613487885032e-01
1.513709049253397223e-04
8.509472823118905405e-01
7.075449923728826271e-05
5.669672074134434706e-05
3.485954992479917136e-02
9.050376772667714786e-02
1.445807717172276907e-01
6.643025708655309503e-05
1.012148235178318863e-04
8.253266054595898319e-05
7.671596641457099075e-01
1.170896612705474781e-04
1.271284023723939826e-04
1.009057066177136252e-04
1.537687164832552214e-04
1.902214510395567443e-04
2.414923654719409031e-04
2.970604926088648103e-04
7.791902789925670980e-01
9.964816151028973445e-01
8.698315713662836592e-05
9.246935167458280441e-05
9.709256471613961193e-05
9.939978665939238624e-05
7.999876195335442475e-01
9.174695320388263193e-05
3.982324443397261375e-04
8.854782100470320882e-02
4.988700692220396915e-01
4.915663259959395792e-01
5.410614579184164219e-01
7.673999613101497586e-01
4.319185981407992064e-02
7.544679815379826474e-03
9.936492114153075983e-01
7.886279571312069248e-01
8.583871371391452731e-01
7.859830913874793490e-01
7.643919105355488908e-01
1.532794079335380851e-04
6.023754227543596005e-05
1.517155998086072623e-04
7.357204069571049443e-01
8.400553966919461768e-01
8.425769786215062673e-01
7.578461239914062730e-01
5.520109827912361104e-04
8.335501019565364489e-01
8.017430054680426688e-01
5.029446220732576578e-02
9.105762444589525773e-01
5.991128346340958144e-01
4.563244152843693446e-01
6.791168895221014190e-02
8.349261613293162965e-01
8.218712839747289722e-01
8.938462735605199466e-04
7.479777939651340857e-01
4.484631055661382612e-04
8.400444996974665290e-01
1.980322197581963761e-01
9.909362427439957083e-05
1.566952540680302487e-04
5.357885501289181285e-01
1.498429797539952146e-01
1.175737997380245092e-01
2.147924076477651526e-04
7.331651646515600085e-01
7.886639364989147527e-01
7.989120797259937623e-01
8.180663895158002408e-01
6.949427374630594567e-01
8.454981835139536717e-01
8.021178562226496389e-01
5.912896431491763142e-05
7.416752469397761560e-01
2.011577327409105485e-04
7.248578205643870787e-01
7.637882755616095531e-01
9.989198202383519076e-01
4.556104880722459949e-02
8.840989441237118163e-02
9.853046360268646886e-01
6.923466268949152180e-01
9.431066235747136151e-02
9.983050933792969595e-01
3.247319618671855963e-04
3.141542387887837351e-01
1.326744437964542001e-04
1.387338569556097873e-04
7.712546650411594706e-01
8.459407780679070177e-01
1.646548242835694056e-04
1.405558174212784229e-04
7.951252110277903240e-01
7.845574387734128852e-01
7.811099799618145267e-01
7.989738201269301898e-01
8.557595269826113473e-05
1.287113169270888702e-01
1.437865076454479529e-01
3.940855741813688307e-02
9.198880300418507128e-01
8.476063770234845141e-01
8.281914524199001093e-01
1.455471384330548083e-04
3.328338186704799754e-03
3.107122980130789928e-04
9.653098682826534286e-05
1.209015780735255306e-04
7.630211175461082407e-01
7.966361936773456165e-01
7.621490094738712084e-01
7.780806461828989606e-01
2.109781389929118642e-04
1.337658301283828268e-04
7.560498447994770110e-01
7.985239686183946972e-01
9.995118270350147327e-01
7.068543640426240282e-01
9.974774019652320467e-01
8.317885591848459548e-01
8.274953745564640473e-01
7.470125758295800278e-01
8.320027795891974387e-01
9.991459851175229501e-01
8.054170264085303010e-01
9.991772395578578658e-01
7.707971934811977920e-05
7.537571400068944216e-01
8.029563446794989456e-01
7.869479278279041328e-05
6.776245470035949237e-02
9.650136808569736990e-02
7.657203831462233712e-01
7.561428199602659994e-01
7.198065488631446573e-01
1.198641838642827971e-04
7.762108567919355773e-01
2.000107993188866915e-04
5.208610232020954856e-02
2.583060962369561515e-04
1.577771826413642219e-04
7.928072822424111488e-01
5.992022332364683734e-01
7.256189965036377032e-01
7.610198800899885567e-05
8.290761722411420509e-01
8.285311342112077204e-01
8.112448513438363928e-01
1.581926541627199571e-04
4.315276476520836187e-04
8.566077387922139685e-01
6.013764317824790151e-01
9.991765326255096502e-01
8.965594768952126706e-05
7.799203355503110391e-01
7.370048182526015327e-05
6.239437656565624546e-02
4.628534950534485826e-01
7.658914241010349329e-05
7.456608667441226856e-01
4.330800180831754359e-02
9.447973362318841384e-02
3.371024889623876978e-03
6.041681541343895540e-02
4.957693427679149001e-01
3.752856670987415044e-01
8.354135930142673194e-01
7.892914425115769017e-01
7.594091055120675282e-01
2.032964317845761652e-04
1.794834927957337741e-04
7.942905405621558668e-01
5.617924977743271597e-01
7.792794843785568748e-01
3.851027063390090599e-01
8.452229712167144138e-01
8.454229629384125699e-01
7.932870913115075417e-01
7.759532545762639622e-01
9.764770660051717011e-01
8.488497097122600366e-01
8.154570945116170755e-01
8.232611292222811183e-01
6.524892948451191943e-01
7.833790023296487437e-01
7.884294952722660232e-01
9.991212484375172620e-01
8.609719432302647346e-05
7.854172211744823162e-01
8.371466321645548725e-05
1.110582379990581440e-04
2.533681190483047605e-04
7.611610137221985761e-01
2.434761689159420650e-01
5.573831710380958704e-01
7.751437101121677609e-01
7.285405815971125465e-01
6.297073215224021636e-01
5.505767491112079082e-01
7.348064324029766059e-01
8.064252040927323284e-01
8.452926573685948177e-05
6.134355862648686398e-05
5.666534887031374169e-05
4.810146851437017146e-01
8.396115813242696069e-01
1.705377549719451491e-03
1.490722436181072261e-03
7.816227904385576464e-01
8.059410245326750211e-01
8.170362067493756042e-01
8.369579350365065062e-01
8.408469020867493926e-01
5.518437849449385757e-01
6.594850462694109572e-01
6.380418507653906612e-01
9.220042461744147328e-05
1.729655075999405093e-04
3.573421078242144228e-04
2.196018184942390497e-03
6.208144145858819510e-05
8.448417089048119522e-05
8.151944841462158697e-01
9.743989501296109745e-01
7.542317350757095085e-01
7.658209096218224765e-01
7.338758009247250413e-01
3.439783831235507239e-02
7.500928138126570222e-01
4.501736072215695161e-02
6.960915497429073784e-02
3.584463723595010922e-04
2.544357872489083822e-04
9.594410214724900777e-05
1.719522882690862643e-04
9.186317024523232844e-02
8.259466928180672074e-01
7.947935896506409525e-01
1.048155187655241405e-01
1.516849537759381861e-01
5.246080799355676838e-01
9.945091998507507025e-01
7.894270819022337626e-01
7.740256088271421739e-05
1.766633663677147294e-04
8.185210112618577227e-01
6.778766554382293918e-01
6.313350922763379947e-01
5.670319724673329453e-01
2.462690133837482920e-01
4.036046814814150951e-01
9.101413619894243017e-05
9.263582045295169494e-05
1.085453553358763627e-04
9.802777497247511056e-05
4.409668661223872105e-02
4.848851964542900683e-01
5.250353539494730937e-01
5.509045793351965425e-01
5.578971592260085766e-01
5.967662591245016523e-01
1.084356668219026821e-04
1.170887321555549751e-04
1.084574449517184503e-04
9.500493633254246612e-05
1.547620964133364276e-04
1.926151476903926150e-04
2.090962080852437838e-04
9.936003100044084563e-05
9.446990917210235604e-05
1.026652211677772555e-04
1.097981883305741257e-04
3.449947548890934523e-04
1.490842305939810684e-04
7.005069846755629381e-01
6.551801192608514013e-01
2.059135942060681982e-04
2.896676505749087947e-04
3.962140921143153353e-03
4.167451497768751966e-04
3.161485646092849263e-04
8.132666626579744262e-01
3.443127518939047282e-02
7.563551400328650809e-01
7.303537309816789946e-01
6.736846163798985987e-02
4.532879718393479362e-01
2.814750932186767529e-01
5.026587026214545117e-01
5.371931955284195981e-01
1.422983709864344692e-01
1.215133151103805487e-01
6.258774760871622656e-01
7.892495108765503753e-01
3.222472408177548542e-01
5.595276511956984861e-02
1.320452187837249831e-04
1.082059492742960295e-02
6.973799021416314525e-02
7.081853460531764566e-02
6.262010043114113467e-01
6.814210756485998832e-01
6.798731305102093669e-01
7.216201500164329818e-01
9.529894865284279648e-01
5.848035726696505510e-01
4.923047373172608765e-01
5.701985047873957546e-01
4.108250145727233571e-01
1.710541645780237208e-01
5.144126032689740891e-01
5.152161866341410379e-01
5.147394016461637190e-01
5.138579023248170952e-01
8.350778200956480157e-01
8.310710331193019718e-01
8.090849898296068599e-01
1.751677832841690239e-04
2.495692361308610441e-01
2.555293791827480954e-01
6.227250080354835848e-01
9.197431550985401237e-05
2.929468340068034152e-02
6.835816499947622304e-01
7.839637703454069850e-01
6.272608509077792771e-02
1.816343462364243240e-03
4.141324849664367448e-04
3.085337060237909666e-04
1.751933057374012448e-02
6.034137497373261681e-04
2.651905954360889986e-04
7.988321989671954464e-04
3.241591921433328448e-04
2.167659598039559609e-04
3.564747833002144400e-02
1.512306919612991241e-01
3.434658660304462097e-01
6.030052525422839593e-02
1.307045503771530736e-03
4.219186342044819321e-03
7.227719549476870975e-04
2.476891145050996767e-04
6.229355244951895187e-01
2.768471219566531194e-01
4.163512957730194225e-02
1.666548491905627894e-03
5.373968427305021445e-01
2.134911787316559465e-04
3.506870551418161952e-01
6.408463403141287373e-02
1.113878515428355626e-04
8.369154555877901247e-01
2.410893008959271583e-03
9.354368326983510118e-02
4.583674770907726799e-03
7.952365225897500833e-01
9.284165442439192006e-02
2.193142051931668279e-01
3.009047572464097330e-04
8.802766995775094063e-05
3.990359194144399990e-01
1.875007623941496449e-01
1.522332396792357434e-01
1.170782383380485209e-01
7.560889893583174143e-04
1.462418271028527580e-04
7.921950504054323106e-02
1.753195543807722792e-04
1.961146804703562231e-04
8.094960294897396436e-01
5.520359837347654786e-01
5.865061931045848498e-01
1.214057142711923443e-01
6.994710591220931924e-04
4.083422815897376768e-01
1.549412668985051611e-04
3.558959621236411808e-04
1.271571891528278930e-01
4.984117400683479859e-01
9.550142148662935006e-05
3.213630133145916057e-01
7.819914869767919940e-01
2.132915285919798239e-03
2.015767799285253774e-03
7.845355503541110442e-01
8.013775804090454979e-01
7.969283062655252436e-01
8.553474614574243517e-01
8.361069612241669446e-01
7.691548264819960679e-01
1.067513133149147336e-01
1.538828829851781265e-04
7.947039385728604799e-01
1.329291724794574685e-02
7.518144453525988924e-01
2.568435747200345097e-04
9.597783128479062675e-01
4.743269784179259263e-01
7.985849265666574714e-01
5.571065933873131648e-01
1.184629673770348779e-01
1.920108380217589172e-01
6.579729802654686877e-01
9.886396283097954596e-01
9.987558277156335373e-01
7.930895261750503522e-01
8.228716827716053839e-01
7.435017874059328680e-01
7.785020161497354652e-01
8.184505554368631808e-01
7.430668450003991010e-01
7.770634296587967116e-01
7.726655130078384781e-01
1.160676219720909353e-04
2.567077436115507427e-01
8.509840069805867380e-01
7.964925853689707180e-01
9.978760299761998409e-01
8.663941643871818040e-05
1.009672687605930966e-04
1.016158283804255837e-04
1.124100273077884661e-04
7.939539798559304140e-01
7.972851790495185664e-01
8.330828864580981374e-01
2.902178305710983921e-04
6.073170841708275258e-02
8.650805879062165027e-02
5.000725087812273317e-01
4.547621146082465038e-01
7.757341589131875326e-01
7.932827347590678535e-01
7.050162697960506986e-01
2.210769671920175656e-04
7.331726018075539111e-04
7.752852777654817285e-01
1.164360876580277648e-01
8.084527318040400923e-01
6.283086078964494892e-01
2.159612382190086860e-03
7.798346302919648698e-01
9.946841130957202459e-01
7.266613693386161366e-01
4.046673957981852116e-02
1.612831238355923180e-01
2.632803491991498072e-04
2.108174062254258537e-04
7.369076289233915259e-05
6.730994430557518671e-01
8.062953657260560902e-01
6.645099105976974840e-01
7.587861591157087915e-01
7.835976885484975396e-01
7.974325065420759251e-02
9.867385734091816962e-01
7.353490633300041601e-01
2.364783258677759792e-01
7.690555700736342315e-01
7.176319699037571331e-02
7.942460840231613250e-01
9.254521957139569786e-04
4.882781400658702821e-04
1.720497848066481492e-03
3.029971915717413200e-01
7.871326615056998266e-01
6.004920277095947279e-02
7.477503103387760364e-01
9.343476097208325282e-02
7.087863374429145269e-01
8.955048809902642626e-01
5.699751163550852429e-01
8.159682212155850989e-01
8.088191246002783830e-01
6.886361110176152378e-01
6.511718953630675211e-01
8.118431107356134380e-01
8.215630499698504119e-01
8.255216978810058226e-01
8.289768697069427317e-01
8.319862120687887552e-01
8.346255225268904843e-01
8.390181405797608738e-01
7.959973854027553308e-01
9.906287778067076211e-05
1.174407628102601213e-04
5.937920625569416133e-01
8.513294667752140388e-01
7.841631765599297310e-01
6.805953804291008380e-01
7.875994719278488487e-01
2.824991463501401803e-02
8.323983901757335824e-01
7.506233231115805316e-01
2.690210149185782162e-01
2.657717961145079303e-03
7.716842965035092261e-01
8.265724741393157826e-01
8.406239625423643780e-01
1.976771239773811913e-03
3.486407429563777847e-04
1.128772606609547424e-01
7.650160724745632690e-01
7.994102367587226921e-01
7.836025524027916411e-01
7.850111017021584869e-01
5.065206843430734018e-01
7.841685640743474295e-01
8.511696079434617479e-01
7.036611191871088153e-05
3.917503990738433156e-04
9.991782388806047521e-01
7.572749765690555135e-01
7.962695110604206539e-01
8.491794378887266984e-05
7.147663434066861554e-02
7.532415367379071691e-01
5.559149715884837972e-01
5.299351169758866886e-01
1.384084818168996580e-04
7.451681834342145372e-01
2.810191408391223477e-04
4.433597262981754054e-04
8.310911283260052906e-01
7.836463943011763300e-01
8.537524909709188758e-01
6.388830716931876569e-04
1.232434408220979688e-01
2.446778992362634163e-04
5.704608800177767697e-02
7.741701392730099274e-01
9.535970178498076599e-01
8.456572707721106419e-02
7.305533543465802051e-05
8.053232839960512424e-01
5.378202047567517529e-04
7.320686876630216888e-01
7.785804324789418196e-01
7.851451820654096192e-01
7.752255322960357464e-01
7.563101688737955408e-01
8.058572173607450040e-01
8.161653969403332987e-01
6.655370213278809298e-05
1.397551824499940838e-04
1.274685961856437608e-04
1.697937012640320651e-04
2.120248737370408905e-04
2.712750463972349790e-04
3.149973180324173159e-04
8.332279446758925623e-01
4.264932774584611111e-04
8.288187252687505557e-01
4.385625026745503807e-01
9.968487811683535149e-01
8.368556976199508224e-01
2.069620440670197348e-01
3.074043086164640897e-04
6.811251492049612201e-05
2.968008344438786798e-03
6.274403985393244010e-02
6.713281416846585969e-01
6.493616881720957190e-01
7.137210083492062651e-01
8.169364673833190427e-01
8.111305443193324027e-01
7.042932342977096117e-05
1.147815645287042496e-03
3.271305719723410928e-04
8.045010967867345522e-04
4.100943232502284735e-02
7.763708892816957759e-04
7.843651816342452898e-01
4.885927047414308222e-02
1.733850997023767199e-04
1.635472613283608587e-04
2.019797775215602664e-01
5.827731025809528860e-05
1.933284611383064566e-01
1.292228799182404686e-01
7.747379930764648715e-05
7.761848216243235621e-01
1.555779620312221700e-03
8.173764663727949298e-01
7.628949469702983599e-01
6.482025919072634812e-01
7.959771758321638746e-01
5.886274532068044296e-01
1.086041168431342541e-04
9.554049568061930887e-05
1.094171884054848299e-04
9.382093008113375247e-05
9.801418391269070042e-05
1.905971646369322388e-04
5.112731685323899933e-02
8.688450636000609342e-05
2.678455915004126771e-04
7.515697968922508635e-05
6.563421237337248434e-04
4.241444633563524330e-02
8.027536377338971574e-02
1.597701412830504952e-04
8.222835530804153414e-01
1.014667187040230595e-01
4.773413622748812757e-01
9.993117576998602480e-01
4.836097873925701007e-01
7.951432322260766350e-01
7.516761448358702524e-02
8.769200440522452455e-02
7.344748384244507988e-02
1.033356982628290816e-01
1.387856758151938437e-02
3.220466089413113187e-01
8.038306043628814512e-01
8.277850268516929733e-01
2.209186053349795583e-04
7.615994062664303010e-01
2.623111060253773691e-02
9.238390584383913355e-05
8.077854440605036768e-01
1.829364319650562520e-04
8.047624069688519288e-01
8.606125731050126570e-02
1.872707849019757587e-04
9.994386067764038373e-01
3.253984552533021324e-01
8.125784683022651000e-01
7.812935458927801058e-01
1.029507009821093491e-04
2.771691624616447929e-04
5.833881100882200021e-01
8.309186238671002478e-01
1.637993833495888704e-04
7.662563989154308475e-01
1.927914199067238578e-04
6.641414637655022046e-01
4.974132380943157017e-01
7.914674850781245885e-01
9.917707140339198091e-01
1.653111764736297506e-01
7.427033332641846952e-01
8.389753126234805736e-01
7.817373836777740115e-01
4.730414468004570105e-01
2.475585424087196063e-01
1.672416965245974163e-01
2.296530255106200293e-04
5.268252809321715135e-01
8.467722898218692507e-01
8.487865817409457891e-01
5.777235531170640120e-02
7.919322270567428212e-01
1.258695777095093504e-01
9.996284018536042426e-01
6.727143601050024069e-01
4.788965727266487060e-01
4.373972131169643340e-01
4.021630126227398461e-01
2.655928474819925222e-01
4.507391744860712035e-01
8.388140314914753759e-01
8.291788668591055789e-01
8.269278013751152345e-01
8.255608355499300943e-01
7.119447885928823494e-01
7.584826891609371957e-01
9.224567751834623073e-05
5.891464262382615374e-05
7.891754333670277788e-01
8.009449721055725835e-01
5.546599463234559019e-02
1.386087584877241652e-01
7.867725983018714064e-01
7.470805912212089561e-01
8.502580673618956864e-01
3.729481217823234496e-01
7.299941516578295486e-01
5.247177940602093527e-01
1.682412391394013870e-04
7.311686907550454251e-01
9.374580582411241175e-05
9.240871719678371912e-05
7.498315641918297247e-01
8.570237713109347677e-01
9.987085165148047450e-01
7.522557927624579609e-04
7.873109247848991687e-01
8.158088305081520053e-01
5.829797960673164560e-03
7.899632520651456158e-02
7.746566796564988699e-01
3.640103906724660998e-01
7.781944634144769557e-01
8.851104354193726209e-01
8.858111907188405132e-01
7.755457870005880716e-01
3.219142119161889082e-01
8.018419094948375792e-01
8.368243417057629197e-01
8.191679729517531428e-01
8.051745017062449383e-01
7.334782333415750255e-01
7.477812341288270215e-01
9.990569761101949497e-01
7.861512926992950678e-01
9.987796793032351905e-01
7.729622010343324412e-01
7.691781650933905423e-01
1.058363779012046538e-04
8.166334667665933189e-01
4.910705402402944751e-04
8.160924264419642249e-01
6.049927933846562800e-01
7.996905977197374948e-01
7.889578279241161729e-01
7.853687567162559446e-01
1.592620840998128825e-04
8.183937175460305191e-01
7.755610759030368007e-01
7.830390500518664698e-01
9.363001455894828155e-05
8.473183932216016290e-01
8.617848367658653523e-05
2.941659090457793388e-04
7.858467921156060410e-01
7.943085409114382101e-01
7.937366427331684626e-01
9.851083874401315166e-01
3.434952963842214518e-02
3.473259237063257830e-04
2.907689695607850733e-01
8.426418909309831839e-01
7.824363311005585464e-01
7.982808009041948427e-01
6.660400669403397922e-01
8.869325376726630017e-01
9.993912621040564881e-01
1.422760813377589475e-04
8.040304818862809011e-02
1.394838717358241843e-04
1.629931568345365234e-01
7.348870004768005559e-01
9.995414643155031698e-01
6.112834481422270150e-01
7.776775718454794761e-01
8.076333494572028870e-01
8.362376808319403887e-01
8.366016916338354648e-01
8.403730080330386043e-01
8.404998188373571377e-01
7.387863758324666463e-01
9.755249660181991827e-05
9.881277843638929762e-05
1.815447312253438473e-04
1.104805878764782232e-04
1.529821471913477536e-04
2.607489901840738858e-04
7.861844593399334169e-01
8.351884287458274697e-05
7.805877778713204984e-01
9.614634155434631307e-05
7.575883468752783179e-01
7.567112615497675332e-01
3.402342130042628199e-01
8.029315083226437055e-01
2.107673195215568332e-04
7.272049545401909620e-02
4.040979851295750463e-04
4.466107796028008351e-04
1.056238246875292459e-04
7.671042938868556371e-01
7.227836567333700835e-01
9.984726682654512242e-01
9.700656818240245300e-04
7.448446701115900570e-01
4.501328543705051533e-01
7.692587823707330852e-01
7.812692888164994853e-01
8.054516837824385878e-01
8.097832938290425719e-01
7.798826772572741151e-01
7.673412604520640778e-01
1.416187086664132155e-04
8.199484969923213074e-01
7.555442739345232805e-01
8.499655051710951481e-01
7.919694503726274482e-01
2.623310946027531121e-01
7.401982751204646549e-01
7.989897516124999655e-01
8.223768362787978736e-01
7.540108832845728859e-01
7.131674111456668720e-03
7.378718921664253472e-01
6.500004703420535490e-01
7.268125262038009904e-01
5.226847648699009617e-04
4.481411456500514179e-04
7.836172400009172589e-01
5.770386186306548004e-05
7.843539812604317651e-01
9.960961529614591470e-01
8.178686751488539741e-01
4.177555150164464215e-01
7.893401615142268124e-01
7.439969024314205814e-01
6.870596504748581745e-01
7.804030777032474608e-01
1.009048022338205063e-04
1.393437994994555689e-04
1.013684234619492854e-04
1.084174773619714464e-04
1.345134512122305337e-04
7.596285108759117666e-01
8.329222056565473986e-01
5.890816050129218245e-02
7.750905235524636616e-01
8.050124277510318782e-01
8.520276030725459915e-02
2.416290490691846635e-02
7.386227282493442736e-01
9.941719937026359836e-05
7.759368432379052383e-01
3.542041414980601904e-02
9.991779800123459232e-01
1.028395646422024939e-01
6.373803560954907077e-01
7.706962816370375169e-01
6.661382579174461860e-01
9.986311033462252906e-01
8.615313427254776002e-01
7.343462839745146242e-01
8.059319461310103794e-01
7.869294306082081913e-01
7.483925395247358336e-01
3.832767792136529601e-04
1.528520704393482896e-04
1.633821069988637101e-04
5.983954925900465986e-05
6.849056565104549702e-05
6.938546003938874662e-01
7.864605528548446189e-01
8.475968872058954329e-01
8.275962728803963890e-05
9.422316720390745345e-05
1.019220884827153132e-04
1.051646666159502906e-04
1.454597120840710341e-04
5.290050146255556029e-01
1.012662714645361689e-04
1.174067106930659280e-04
1.278018942570448844e-04
9.352497801699807053e-05
7.594779452138605835e-01
3.781526815155027577e-04
3.246561570555554538e-04
8.162148816438580257e-01
7.347268380134801546e-01
6.650019247999933159e-01
9.388624955373287787e-05
1.166933375394402754e-04
1.678739464793171726e-04
7.901852152776638327e-01
1.266088209656813460e-04
9.820288549496440091e-05
6.819594486853142179e-01
8.271235776696773956e-02
4.227560744556851501e-04
1.151781184689312397e-03
7.244006119077563881e-04
8.337223357514542688e-01
5.144301722658405351e-01
1.109676666265783651e-01
5.927016530370776692e-01
7.249952403057419170e-01
1.199165689142057539e-01
2.318780318408355829e-04
7.955328144298599025e-01
2.176402452271126720e-01
2.017540123331387487e-04
1.463517092535302237e-04
1.192135822058878011e-04
1.245116397915733454e-04
3.266529835387799630e-04
7.720789369933581670e-01
1.914043710609271143e-01
8.075749971294940988e-01
6.655869677158345965e-05
8.127859227169355241e-05
8.996161928300183382e-05
8.148817694622152441e-01
8.179660950269846964e-01
7.136314939314184480e-01
8.307966898677574541e-01
5.644985140422033032e-01
7.141023776677964952e-01
2.949634438954563368e-04
6.397236756641174749e-01
9.477814957796686730e-05
7.831544654472338829e-01
7.890473235374786398e-01
7.875812607933118104e-01
1.923034872847096852e-04
1.961123824627888381e-04
8.329137361195975142e-01
6.177419480560604192e-01
1.307002424531289767e-04
7.531462451631145694e-01
8.066177328181810546e-01
7.787422505940016235e-04
7.189625784441104894e-01
1.299534625853215582e-03
7.228541447702193645e-01
7.679829397443956873e-01
7.838233997213165383e-01
7.710989058685725483e-01
1.063447729546209419e-01
8.637058444917609101e-01
1.353066667883491125e-04
8.098599157865503662e-01
7.786755707216119760e-01
7.741088884547087101e-01
7.164074007548449918e-01
9.946072058896223700e-01
8.500594938608343476e-01
8.273051970888950502e-01
7.565543693344962684e-01
7.325311726586898331e-01
1.026905124866248276e-04
3.069179889217682478e-01
7.931404825014238824e-01
7.113373260257485065e-01
1.565641962012116230e-04
7.482875366485596258e-01
6.499784224279013811e-01
8.224517371370611007e-01
7.989018588706332524e-01
7.575077671009569080e-01
1.456511497965494646e-04
7.878573136978462843e-01
8.354407792154505685e-01
7.770548611066021572e-01
1.900459798051854323e-04
6.704067742914346980e-05
7.196206451700495332e-01
7.668276197523172799e-01
8.596415568805311214e-01
7.139412435535417156e-01
8.093921999243594012e-01
8.457488658453868879e-01
6.540372086244757130e-05
9.178644026821051148e-05
7.602690808051144611e-01
8.167597251509322032e-01
7.805516443127562543e-01
1.050562199807073341e-04
5.998289028563947667e-05
7.831509654071086013e-01
4.102775397339703694e-04
8.326191792819046533e-01
1.287294462596799173e-02
7.825955608874014535e-01
7.959535340557383210e-01
1.937871017446719660e-04
1.100333192171593436e-02
8.005961816574593826e-01
7.932714937196010396e-01
5.717698539678168508e-05
9.960672931332592572e-01
5.652325689393445929e-01
7.110553849463021603e-01
7.796803277626530582e-01
8.074774402944421281e-01
7.932339345814501952e-01
7.035811008461403393e-01
1.661195982735489470e-04
8.563521357079935115e-01
7.947919778663123935e-01
7.849603247092528102e-01
6.916498979395310220e-01
9.820673715470036313e-01
7.314006450815291327e-01
9.934262616002384472e-02
1.230984953686460658e-04
8.330655048180405364e-01
7.293163562592114291e-01
8.069895885372874167e-01
9.994624698595347967e-01
2.086658827900930561e-04
7.643380817439764385e-01
4.773906901630762811e-01
8.138121508945188598e-01
8.245321362095606732e-01
7.787324891444379338e-01
8.262339580443827103e-01
6.453398967169245734e-05
7.682474255551831055e-01
8.149815923418404218e-01
6.680458684062164920e-01
7.785285625657881736e-01
8.290303054364076552e-01
2.730690675426900526e-04
7.656561377996116491e-05
9.991173513536806272e-01
6.585387530444419509e-05
6.433295203893667907e-05
2.809864108474603439e-01
8.058425481950459712e-01
8.029179100030187088e-01
3.596278417815486589e-04
7.776861478827749030e-01
7.338550325357892090e-01
7.606617650985890711e-01
1.095428330716156778e-01
7.845333012203812295e-01
7.376115794349650256e-01
7.034929831719639592e-01
7.035874801513194443e-01
7.360379292567263976e-01
6.715628884270371524e-01
4.650840180816181446e-01
8.488677718343777823e-01
4.577947360188594494e-02
8.230821862090356156e-01
8.150164955227130470e-01
2.263382349950754657e-01
3.124416060642014282e-04
7.927153285199147748e-01
7.597189584782485516e-01
8.038788484992258621e-01
7.873523915747771343e-03
8.895225030627721408e-01
6.794040860589005693e-01
8.407760178461096690e-01
8.077717423790040652e-01
1.021846212888688856e-04
6.693509359129439229e-01
4.406324145863684261e-01
5.339586078531509683e-01
4.301845709670180096e-01
1.787977830974335134e-04
1.449524584152590985e-04
1.079684970677358558e-04
4.283213983213935427e-01
7.979044623389142110e-01
7.969290952459275879e-01
8.835817485536544009e-05
9.988998140751177424e-01
3.497278042512058692e-04
7.722268445341903265e-01
7.158784998183349568e-01
8.360043734315043551e-01
6.258088258581243144e-05
8.508131256576221269e-01
1.262676693004032751e-03
6.768518405412782268e-01
6.694771609551363190e-01
8.448928021170074576e-01
1.179480112001425959e-04
8.054209773737555471e-05
8.235683720591884249e-01
8.276241861024319357e-01
8.175170663508645186e-01
8.540412842919442788e-05
9.135856972592697330e-05
8.789277279870083722e-05
4.947995208340987862e-03
7.880719361242181087e-01
8.017989522920168088e-01
7.720990937588087522e-02
3.241891492553178322e-01
1.684151069117162947e-01
8.558890753448888944e-01
8.259442090286260585e-02
8.369186714869641941e-01
7.999447675143963599e-01
7.747602134857083378e-01
3.722793922031009117e-01
4.525320125645978520e-01
1.602764544731094228e-04
7.913804741641889962e-01
6.680919057029586217e-01
6.801750499672326589e-01
8.034642301415255705e-01
7.739060222190936589e-01
9.940591851255964567e-05
8.536275986424293194e-01
7.381468342253997283e-01
8.031872490035226820e-05
1.827997734295059695e-04
7.894214818303246783e-01
8.003352562914588519e-01
8.037436103708827106e-01
3.753054280642356133e-01
9.861439398736052686e-01
5.882358423107953982e-01
7.721399242423471199e-01
6.739931769234407512e-04
6.501321782621700095e-03
7.884152216585443851e-01
9.935220114690140880e-01
8.106497832558082761e-01
7.944949435704806717e-01
6.975535569500795896e-01
7.231638024706774637e-01
2.732837460156646407e-04
5.663484109091496688e-01
4.511603036657487798e-04
6.875372910603325671e-01
8.496363026238826777e-01
6.952232258277643876e-05
7.576518233713193107e-01
5.226531353081477205e-01
7.613490334372808865e-01
1.724966211612576072e-01
7.338321506962672824e-01
7.882310470637091671e-01
1.018357426996154835e-01
4.219865358300189384e-01
8.216499704572467477e-01
8.260614660369176576e-01
8.419438852870001488e-01
7.850792508306647655e-01
7.943210488676187842e-01
8.170142206755897085e-01
6.941343789870084208e-05
7.074781771919239626e-01
8.881638943412595300e-01
5.819593156951563540e-01
5.005051003388054642e-01
6.518061317877339104e-05
1.134205201063878302e-04
5.516977287156454163e-04
1.890271023507041428e-04
7.606613557198550479e-01
5.251848894466362890e-04
7.585992607241013319e-01
6.300115013424657611e-05
7.992454150279189040e-01
5.669895780777443051e-01
8.457940604811675644e-01
7.847724170109562358e-01
6.780034250305750909e-01
8.819044065673130317e-02
4.863847054774766976e-01
7.841461790068833260e-01
7.495796481698727698e-01
9.910764685464565904e-01
7.793359854859965852e-01
7.919255951247332614e-01
4.599943694249957749e-01
7.208942522925194663e-01
7.864014280172348936e-01
7.425559761965779826e-01
5.818221221886997752e-01
5.868320074866630043e-05
5.846960095519658784e-01
8.319018807428846252e-01
8.256701458418741479e-01
7.004949311159754943e-01
6.009573559309625557e-01
7.661319640824627575e-01
3.728190459740792352e-04
4.504194765398265021e-01
8.613804163709316564e-01
8.435088039567180118e-01
7.716796745857834594e-01
6.856746662300970457e-05
4.254740600669381090e-01
9.993977957310345994e-01
5.627088951066933076e-01
7.870608988271742268e-01
4.232583003688739076e-01
1.209615858963672824e-01
3.663668572312813732e-01
7.605022712383954220e-01
7.030661803630530171e-01
1.629425241822952952e-01
2.553536546884871178e-04
4.138450693411858672e-01
6.894482013412605026e-01
2.760014966935104338e-04
2.629055072678171054e-02
9.973395971279422900e-01
7.622343882600488563e-01
7.575137716061532966e-01
3.168435682137121681e-04
8.199120490462592503e-01
9.991930827024222213e-05
7.193533975846482242e-01
1.919722307526887644e-04
8.240411347610355763e-01
8.175897306535535591e-01
2.269861711047484968e-03
7.977734071168340879e-01
8.601893481321556401e-01
8.094570262312507092e-01
7.843633629039912236e-01
5.734706817259194178e-01
7.398163860577865458e-01
8.093210572699628402e-01
7.076909212140313210e-01
7.260253915545957781e-01
8.324488098969415883e-01
8.436149923845548404e-01
7.861585653075759961e-01
5.378331680415989746e-01
1.622631321205770128e-04
6.551292714854410159e-05
5.868816966445600529e-05
7.803910119465815587e-01
6.958673985390615435e-01
9.047900490561752163e-01
7.813916849354877181e-01
7.487333449442844513e-01
7.074228606679097142e-01
6.534582055497299979e-01
7.900372652352224412e-01
7.752040908423967203e-01
1.843006157492569014e-04
7.904669954280489907e-01
8.304800828065740381e-01
7.619355504705022097e-01
6.051232988635990573e-02
8.135371539774615135e-01
5.324385373472791949e-01
1.912576491519546722e-04
8.712327861431582170e-05
1.661703761382256448e-04
7.194621842639945530e-01
5.640761242889268454e-05
7.588075735341313077e-01
2.444292750030300598e-04
6.048728991918785134e-05
5.852744914153378275e-01
6.169261792095022123e-01
5.626109775611831340e-05
1.108662446390524942e-01
7.847492575748605814e-01
8.097995264682195105e-01
7.926598291872199997e-01
7.814733234703890030e-01
7.941668172739592135e-01
8.019160562758722577e-01
7.164226608228621007e-01
6.334017330793064726e-01
5.669455305787447497e-01
5.053454287417740165e-01
4.210064534049775542e-01
1.752965661158152888e-01
7.731798166979432230e-01
8.142992085973012051e-01
8.323777397153929725e-01
8.359803378376847727e-01
8.401130147501315593e-01
8.448759931017025826e-01
8.462819114673663101e-01
8.445195098660076560e-01
8.475769289288227482e-01
8.477106382247930894e-01
1.349773825898829827e-01
1.364687489737639176e-04
7.418476891023360054e-01
1.500390570006859684e-04
1.670891381639709450e-04
7.809374391210986352e-05
8.116992495360831575e-05
8.602823140320890163e-05
1.046037291424713233e-04
1.068054482423693200e-04
2.288532052272418838e-04
1.634311383082718075e-02
1.353772066830574994e-01
4.035618835487286837e-01
4.900610888178355551e-01
5.203015039377617557e-01
6.251237015173243261e-01
6.620390246710549098e-01
7.057512757886170718e-01
8.477894247686705853e-01
1.893100273223839811e-04
9.472438490800307693e-05
1.020590839489202503e-04
2.650130243628131231e-04
1.164823528198669642e-04
8.514178971056060030e-01
8.318538545436227061e-01
8.331292048827466656e-01
8.275405591155957641e-01
8.223842734086010964e-01
8.277879782485353388e-01
8.213658936079752948e-01
8.259409155527490665e-01
8.284163161805957465e-01
7.814525287584305202e-01
8.527535558591078368e-01
2.913586954796279602e-04
7.488416512230262612e-01
4.032240461202212358e-04
8.266567318748699877e-01
8.590225859290724353e-01
4.668257221618515623e-04
5.141782848435076225e-04
9.959568095576699642e-01
9.202783491227291670e-04
1.078997282734006505e-03
7.808465221421700964e-01
7.133080120486757769e-01
7.215744354933248872e-04
5.598848135099929735e-01
4.666013487750891864e-01
3.236671420620134687e-01
4.004215896265594932e-01
1.088436960265290986e-02
1.886878979013079571e-04
4.235761722643353044e-01
1.157821425908873991e-01
1.538926039847376970e-02
9.987184959864184863e-01
9.533528414849082311e-02
9.990795153091477365e-01
5.671957248200824031e-01
8.997981528763421125e-05
1.018062184165928572e-04
1.709212573692007520e-04
5.516030878177604528e-04
4.422631773332012686e-04
2.142964319472493134e-04
1.936800068079002474e-04
1.639828336966577601e-04
1.416070725429376684e-04
1.325821372117022719e-04
1.104972103012217860e-04
1.098082300309007568e-04
8.258854520213623415e-05
7.583535794935149634e-05
7.150753264113459979e-05
7.203618693218832880e-05
5.920306002894494503e-05
5.969089448531374599e-05
5.968235657491537571e-05
6.760381303303082939e-05
7.054444759247846931e-05
7.993219368682616954e-01
9.992052557957963321e-01
2.278844694264405280e-01
8.103155594282901442e-01
8.429747110010746836e-01
2.420670356204936407e-04
6.339128382975026067e-05
8.344013340614362241e-05
8.820876473239202826e-05
8.888576369127832062e-05
8.966261404816743929e-05
6.790427629729781805e-05
6.560582207520457385e-05
8.018958051269180491e-05
8.830767252520588750e-05
9.276093178659467278e-05
1.054530503482345823e-04
1.157796485259068309e-01
1.139758951823708760e-01
1.706975539322010127e-02
1.113813084984116271e-04
5.623680156106426464e-01
1.776651989594187108e-04
1.200891039480452889e-04
1.557340216567856415e-04
1.682241851096234785e-04
1.633996478600169072e-04
1.403778571523025469e-04
9.993996070198198911e-01
8.153408340733484026e-05
1.023235765466901261e-04
4.327806795746995117e-01
1.897346191017794947e-01
8.465694262609559928e-01
8.469879355320517611e-01
8.289823431217975269e-01
7.907394080727330188e-01
8.032865998072279412e-01
8.068106763729748776e-01
8.208539130462313427e-01
8.278503167233473015e-01
8.082577824634846753e-01
7.942573380283386442e-01
7.739824825461106839e-01
6.783248817961138352e-05
6.360747792362564487e-05
2.408044195694184625e-02
8.324453393754270847e-01
7.165018616102125648e-01
7.353758885172948130e-04
7.156738510710560809e-04
6.717475502168581498e-05
7.095007537434049050e-02
8.546656213765990717e-02
6.638764009866119547e-04
7.564287122797207497e-01
7.574134683033787452e-01
7.553678041361686635e-01
7.313517608808087767e-01
7.024901729215244917e-01
4.444195925968859595e-01
2.030089406471480556e-04
1.505569961652985763e-03
8.198798143834323815e-01
3.302039076885869839e-01
9.219115765135338370e-02
7.686688200596186737e-01
1.848970444995936006e-04
7.993239103917123556e-01
7.911963588922382717e-01
7.649950005311866030e-02
8.521992945613614534e-01
1.013998674409114143e-04
1.447554576305513116e-04
5.064059062166393899e-01
6.504570603470879453e-01
6.464188890536584414e-04
1.523111242093837443e-04
1.167831418320529075e-04
7.659766296817682729e-01
1.219426780672326442e-04
8.347747208754465742e-01
8.371297961891707162e-01
8.389457414758211273e-01
8.381208687486074727e-01
8.403467697635647049e-01
8.259294447825106245e-01
8.415702109711242773e-01
8.134582193641201053e-01
8.186226702039786085e-01
9.601672165433593198e-02
1.049341471322565145e-04
6.951287348854163772e-01
4.168745788200595159e-02
7.990032925960663945e-01
9.994366227262349023e-01
7.997499037552753265e-01
8.508709842086854547e-01
7.466693945573257656e-04
8.391668505145498669e-01
7.505932260510392862e-01
7.848258362813240741e-01
8.375611300498505551e-01
8.206045705703888249e-01
8.048462211170455127e-01
8.432481423992077563e-01
1.158375550666843431e-04
9.236088823268487607e-05
8.341072280119173898e-01
3.516043113834827621e-02
1.655049779540677089e-04
9.994595795906655589e-01
8.248453513653051239e-01
1.942225950635408397e-04
1.209429428608366774e-01
7.778425597581658524e-01
7.885765602228292925e-01
1.486476061722510206e-02
7.212000604918596958e-01
2.087290685205201769e-04
3.002864565905353222e-01
7.276944995688079398e-01
8.079961781630455864e-01
1.055877352597247437e-01
6.878586179795624471e-04
7.630091849437824962e-05
9.995770624960989004e-01
9.987717779411994234e-01
9.971905835596309720e-01
2.328821971117480500e-04
7.119544437987821439e-01
1.216708203635243901e-01
2.742435291722919999e-01
7.232579276439791149e-01
7.256229136777374040e-05
7.501359965630217674e-01
7.538404293234465259e-01
8.083261316469385616e-01
6.710613296125395033e-01
7.396869132112194878e-01
6.631510490750846610e-05
5.922294839169901223e-05
4.787057695452971440e-01
7.873445664207167072e-01
8.912221174232929366e-01
7.223103836144323386e-01
8.108764381350576089e-01
6.962165255303964253e-05
1.642104980026819270e-04
7.964163129349648429e-01
7.086937499094281279e-01
7.558991051831490671e-01
8.452777975349941020e-01
5.839235391076090798e-01
3.257153876996797277e-04
1.885365943347262080e-04
8.131259297269255448e-01
1.784553403609278352e-04
2.442994192232633764e-04
7.994250406316294466e-01
4.543723769350073828e-04
6.593955263486426881e-05
7.871142952178462604e-01
9.967226883758177891e-01
8.134698202002222933e-01
7.791321206574948199e-01
6.964023861548960821e-05
7.879059617710980623e-01
7.971412049148416390e-01
8.088972272025700405e-02
7.898645325353184088e-01
7.581433627945353138e-01
9.212592836927046003e-01
7.908134242939568459e-01
5.362114327432031535e-01
4.898195937181828996e-01
7.469616294504209941e-01
7.840776745942827919e-01
6.485197088837750361e-03
3.674565100351812608e-01
8.356884948950138448e-01
5.108468834773391976e-01
7.912914323387076898e-01
1.732894643695285890e-04
1.073066170505270617e-01
8.330324992906472659e-01
5.832153557493665458e-02
7.369360341617076093e-01
1.242620186022738195e-02
8.355298017170922353e-01
6.988569474085284394e-01
8.380408530143175216e-01
8.299333101137215118e-01
8.887782303036216580e-02
6.911828723873525426e-01
6.969941678845936739e-01
7.326278685020893855e-01
8.474371400214851802e-01
9.985703896014671566e-01
7.368146932457441123e-01
6.521931500791299241e-01
6.262271072525256166e-01
7.843645996499503115e-01
7.079885319763586926e-01
7.300289685467621359e-01
8.400299045256894859e-01
8.208485129301394956e-01
9.300406824599410775e-05
1.437036535607067367e-04
7.995347000350800926e-01
7.316369136760775271e-01
5.049608538568171046e-01
6.509957928281852617e-05
5.084822197948764000e-01
7.641754849648155767e-01
7.896418232313608954e-01
2.580100359478993115e-04
7.470645278699191705e-01
7.976906014895372987e-01
8.406057203021521929e-01
9.582075368198005316e-01
1.363641020398100436e-04
7.661472722685399583e-01
5.404405064169781614e-01
5.629030984864032919e-04
7.665276041221268377e-01
7.399650909636598106e-01
7.761609481352039763e-01
1.253849374382689423e-04
6.123573619866717898e-05
7.554488396711011022e-01
7.518927674393607319e-01
7.478769062903627368e-05
6.760006769981526662e-05
4.730911937580039583e-01
8.174085207162270494e-01
3.602136135223235058e-01
8.307708216691903624e-01
1.986063919349263156e-04
7.977472530369525971e-01
7.635280966403559244e-01
8.026016766348773590e-01
7.980199887602102971e-01
7.847966887647721546e-01
7.721467893134812410e-01
4.676786684855742671e-01
1.360367515629249009e-04
7.537681648202503406e-05
1.951602463259904160e-04
2.327063210638251616e-04
4.679573412332199223e-04
8.527036363162071586e-01
8.417027250982662689e-01
8.334899697222197812e-01
7.639247713292806052e-01
2.079954552541091618e-03
6.418263689348788941e-05
7.981259722074574015e-01
8.347635901975949402e-01
8.468450448224673632e-01
9.276830556139574746e-01
8.051503503805312878e-01
7.766869807339873422e-01
8.611463452171495003e-01
5.472716148883005616e-01
3.862643980841981017e-01
7.200320588152238077e-01
7.978823460123164457e-01
8.090522215596257505e-01
7.917851911143645172e-01
9.135185331680296006e-05
7.796368484695264112e-01
7.192249499337351193e-02
8.403003404678638377e-01
1.419405982498873342e-01
7.439960996038604835e-01
7.535048564417446727e-05
2.026726458448224188e-01
8.888990400258868355e-05
9.890918828557110571e-05
1.053486286176155977e-04
7.879869332580298202e-01
8.317036792792207311e-01
5.884050103464675274e-01
7.408212471493516027e-01
4.363234741724633103e-01
6.777495822256851543e-01
7.657886063319748748e-01
8.103951472479491436e-01
9.273406827823600651e-02
5.715061838070762956e-01
7.759811600931728615e-01
1.182671920398496235e-04
4.832099852717397525e-04
7.779529141041990892e-01
7.286690468004605181e-01
7.266189360707796530e-01
5.350675399095898843e-01
7.659585548095668717e-01
7.740825508532065413e-01
8.102348467981320690e-01
7.714677091623248772e-01
7.600086927520572212e-05
7.661222772687635851e-01
7.561249066038455702e-01
7.552858026889083254e-01
1.965397623699268142e-04
2.283377672837801076e-01
6.748460793270650139e-05
8.276386527601100607e-01
6.700720570955921440e-01
7.691997411463177281e-01
7.725393503722894906e-01
7.644549943331245823e-01
1.664473909160829601e-01
8.091996091610124120e-01
6.799251541371972296e-01
1.214347225918337991e-01
8.453487684933779223e-01
5.925791643044343582e-01
8.183403068006686043e-01
8.261410506415033383e-01
6.650718761306806392e-01
1.980339087863856558e-04
7.595671552192012621e-01
8.465859792743114509e-01
8.932280376519800835e-02
7.054753775915121520e-05
7.803618043309535901e-01
1.235357294523280469e-01
5.123088677539980873e-01
8.276208289197475310e-01
6.976092410385513753e-01
6.751324639319878917e-01
7.197835659415892096e-01
6.427737082443681915e-01
7.802641847693509991e-01
7.872480872539989738e-01
8.957531673950011543e-05
3.282712553092689400e-04
7.655794364750340142e-01
8.047522021032932349e-01
1.355334988390192368e-04
2.611494031471383107e-02
8.178771587149029632e-01
8.286644239704447079e-01
6.937392542680760332e-01
7.905693694227458046e-01
6.920551091472747496e-01
7.957172568128000334e-01
9.863171225502466530e-05
7.464027934042167800e-01
7.866893242845289791e-01
5.584767277762949789e-01
8.378739646143212730e-05
7.888392656544753745e-01
6.988275420224444590e-01
7.693094595806889702e-01
7.858529925401929184e-01
8.270588777408355297e-01
8.823820243048821588e-05
8.175429552005128572e-04
7.949804869146948061e-01
1.426631724825365942e-04
9.254371187642688179e-01
8.089250169083124220e-01
8.162075880925946381e-01
7.765604525179932160e-01
5.997454682149423879e-05
7.851472699267508792e-01
3.519615764194467672e-02
9.989288400183797823e-01
1.417312906813425781e-04
1.926565383634880194e-04
7.829070414004546397e-01
7.793681411226952571e-01
7.610811875955794115e-01
7.648266849865059105e-05
7.152892643224295632e-01
7.849752761375277110e-01
7.946218855127580305e-01
8.126864380094583895e-01
1.948676752683660613e-04
1.581589287376201610e-04
8.188585954676763645e-01
8.416053720125913351e-01
8.212241576165389967e-01
1.292824574872668275e-01
7.931113492175852588e-05
7.749606147721470606e-01
7.807016661592652840e-01
4.774234083290170849e-01
2.994352134803269783e-01
2.961312993459601084e-01
5.299039815265962350e-01
5.422509638657673214e-01
6.540785862647565674e-01
7.348053807714755026e-01
4.748571563308584932e-04
9.980807947079792797e-01
1.979175542017517738e-04
8.714989054986826641e-05
8.017425172749708118e-01
7.503920976945067656e-01
8.014219226501689830e-01
7.364680740939892889e-01
7.289464331605228775e-01
7.886188089569601267e-01
1.383955118335674511e-04
9.995048234208544491e-01
5.824494845842722590e-01
8.186625293275389126e-01
8.437211724132117618e-01
7.526112569829281895e-01
7.711770789065769405e-01
7.987163279438349583e-01
9.943984520531059523e-01
1.409008059845784854e-04
8.145442108893297887e-05
8.029126710442461290e-01
7.471741144425101400e-01
7.562898746792211524e-01
9.569738020157776415e-01
5.610548844486950015e-01
7.395127858278115474e-01
1.641507521682736559e-01
7.998716913215394575e-01
8.370690595037327819e-01
7.952072213140869428e-01
6.065018908246529888e-05
8.118567315550595520e-01
9.934120853206761526e-01
1.902922205511259465e-04
5.707716130276474509e-01
7.942755955798483924e-01
9.275795080393446357e-01
5.487736627744662643e-01
7.466202604004231747e-01
7.033055132257350905e-01
7.799464139048720712e-01
2.745947638201991503e-01
8.328460564688517920e-01
8.437932881750630394e-05
8.769646802231290323e-05
8.936414334198023314e-05
9.878647981128897964e-05
1.545847188560204311e-01
4.543011017418742137e-01
3.472364598476183617e-01
6.707928334561319428e-01
4.877793718201017814e-01
7.621579379353408124e-01
2.216059633543097651e-01
8.302535649378300908e-01
7.526377481634570765e-01
7.227406428718314343e-04
1.030251187916812413e-04
1.505762869522733066e-04
9.262376978546853212e-02
2.780937952496397763e-04
7.715548044557375418e-01
2.482453850141742076e-04
7.977789546838561785e-01
1.759614819600435211e-04
9.236233755772620428e-05
9.210443473721605656e-01
7.425954645181157554e-01
7.866817142949391606e-01
6.828188911253344484e-01
2.858259211669300637e-01
7.700249038343864871e-01
1.178410648046176578e-04
5.062148496992306288e-04
7.519034244509447129e-01
2.142383458773682546e-04
7.711976099210446911e-01
7.642260665825051369e-01
9.378854186962258120e-05
7.524615832109742275e-01
1.681026076381735568e-01
8.018651276412614992e-01
7.759858086569281221e-01
7.715041665579052224e-05
7.705364826601914796e-01
2.167463409920903597e-04
8.014465970090240976e-01
7.905989344032702260e-01
9.993500458879902570e-01
7.999675493033436835e-01
8.490672516655209945e-01
7.232721127001978667e-01
7.533893808839881023e-01
7.833727850051001029e-01
6.485390590381013842e-01
8.482885681835828917e-01
1.120164929995126119e-04
8.446562962448930234e-01
5.292372589841455310e-01
8.178526620198121044e-01
7.250773592810670909e-01
4.860495195387616874e-01
7.661104597134770211e-01
7.590228949727355623e-01
5.738414316838759410e-02
7.844435865972271271e-01
5.957863570539128073e-01
6.286599385099096438e-01
6.443045702958103416e-01
8.427718595657525125e-01
1.950165071692714913e-01
1.680983252634761082e-04
8.874176808614312462e-01
7.653880135350517033e-01
8.096051879522775385e-01
5.022931102499010869e-01
7.102796037232146165e-04
1.322880567986152813e-04
7.898459029768315832e-05
8.321155740868709794e-01
7.384305551723325811e-01
1.691832056602499211e-04
9.606588221426957119e-01
1.529965725679167683e-04
9.176438933024534395e-01
6.130710241551866660e-05
7.872983576921505078e-01
7.916978921429396079e-05
7.919483649796306146e-01
7.852721576118033564e-01
6.734869053881896276e-05
7.612751359755173253e-01
9.756729156928075630e-01
7.958063370392044478e-01
7.218519333608840460e-01
7.858773552826300302e-01
4.653792751160638619e-01
8.137318382534158845e-01
6.771339217062821714e-01
3.759794892763859806e-04
6.863442822417445965e-01
2.207407317191483571e-04
8.155670487957805692e-01
3.478148847814024336e-01
9.994222814401647614e-01
7.859661365330253835e-01
7.663563582017823839e-01
7.382091653972147061e-01
9.212490633957850505e-01
7.760936335699392119e-01
7.790349847612610956e-01
5.898150355391579237e-05
9.988723166873212378e-01
7.856380150633412995e-01
7.847504779073760650e-01
7.800129981819274860e-01
7.371714808112896922e-01
6.585332383373232457e-01
2.246396248856772488e-04
1.230111317108277828e-04
1.520586832856721834e-04
7.507310024120061875e-01
2.176073829416602656e-01
7.206561519930018145e-01
5.335213737676393342e-02
2.107479587383937489e-04
7.238303451747001294e-01
7.831052351367950859e-01
3.196601438036746285e-04
1.660708659647671390e-04
7.953297925440356853e-01
7.645497738704295498e-01
7.439548148808702299e-01
7.378324656747702326e-01
8.719070571129433622e-01
7.824153742633114250e-01
5.043090042902883792e-04
6.123791120085172069e-05
7.463307995827271890e-01
7.625564245359480742e-01
7.771202308894853417e-01
7.829124304875563212e-01
7.405380570634565297e-05
8.620878582132798229e-01
7.323514223727760862e-04
1.585108859886840825e-04
8.025068989021086896e-01
4.056850866165898628e-01
1.611726846567082614e-04
4.675562620975987072e-01
4.413048113796417260e-01
4.355746112216157262e-01
4.699970539233988553e-01
4.519705068814108828e-01
8.411506536379198540e-01
7.703741023758128303e-01
8.368062911381104474e-01
8.021351757261176996e-01
8.012615449897754205e-01
7.620871276510398544e-04
2.263726370169233892e-04
7.034773595428459592e-01
6.006012263946479690e-01
7.736859684819336058e-01
7.658874948426929175e-01
5.951803977256946268e-05
9.975107434818730745e-01
7.155667088704688039e-01
9.248130443332103852e-05
8.615415772703918177e-05
1.277913126900399139e-04
2.436624979055992772e-04
6.657401662436470281e-05
7.376699559964243758e-01
6.389441489057783030e-02
1.586336679501317362e-02
9.731631043661715941e-01
9.927317620030938761e-01
8.017319949549250868e-01
5.982350346916811624e-05
1.239625650189813133e-01
1.842875375381929320e-04
8.086524202802860550e-01
7.827164460767730425e-01
7.433003522054731915e-01
8.462729069100504153e-01
7.364783435390386268e-01
7.395836098276392656e-01
1.169468541826974351e-04
7.596135971044332136e-01
7.740759297956475438e-01
1.484136935924795829e-04
7.845985011116880514e-01
8.587283988425055137e-01
7.703771322590231645e-05
7.927378473402213466e-01
7.828838547748295795e-01
5.800864831174205692e-05
8.296333628270293565e-05
6.302251328767719540e-01
1.624551728105648105e-04
9.995661542983992343e-01
7.536116002033386163e-01
8.950137416085856001e-01
8.950449250289000958e-01
7.753879604878041176e-01
1.076472485955562712e-04
7.332674461008698019e-01
2.702724482393631649e-04
7.698050853966270646e-01
9.985576994820837271e-01
8.244249311576110628e-01
8.208012895994545150e-05
8.955525746219139690e-05
9.398189492311219884e-05
7.958160272124356061e-01
7.319754900778439044e-01
5.583409249997607349e-01
7.347283676618371340e-01
1.094774265554999965e-04
4.884817926689830059e-01
5.192502082851766509e-01
8.154081381258021510e-01
5.973505375445520293e-01
8.101423203439790388e-01
2.158143864881263241e-04
6.341430453477695517e-01
8.118321961377295004e-01
8.107383365817437681e-01
1.247474477202673579e-04
6.240447603712434576e-05
7.867679886001155420e-01
6.852553858048441304e-01
8.938452792212833176e-01
8.018377929856537190e-01
8.079989151490682994e-05
8.355382741121668566e-01
6.760352257531546671e-01
7.752635152746905067e-01
8.625707709736058426e-05
5.398246161791765418e-01
7.160067828311861282e-01
7.852343495217775082e-01
7.161289176312393145e-01
7.555688414402591535e-01
7.692481318915243005e-01
1.341776254678062638e-04
4.976203711563628555e-03
8.333082443695409847e-01
5.730547662376259398e-05
5.908101874323739011e-01
5.117402574991771619e-02
9.024241225762687224e-02
7.764683421052358536e-01
7.599619942489267421e-01
6.449641244693546938e-01
7.539831809598523948e-01
7.516246109093679406e-01
9.708729646907506602e-05
7.631314347282009021e-05
7.415157146540655164e-01
7.862071100888466946e-01
1.344565195880474207e-04
7.690472940629399234e-01
8.282652738068514431e-01
5.035343282035703669e-04
7.735729974623094529e-01
1.128842889892667467e-04
7.781228712972136918e-01
7.627205114861449475e-01
8.373657893304168320e-01
4.288517178781800498e-01
7.843356625192152709e-01
1.576513762660484552e-04
8.464475440685219620e-01
3.679548134512041087e-04
5.971279860870910561e-01
8.512051821342606628e-01
7.726274268125791211e-01
7.277819073725101261e-05
8.773128677429334887e-01
8.065787956525164448e-01
9.435863011505721189e-05
1.277165605034212862e-04
6.498504648447724907e-01
8.104467679881699471e-01
7.848605513821219626e-01
1.487267965020385991e-04
1.340301809149783811e-04
6.447366253617431040e-05
4.840863496435511282e-01
3.209564546317910105e-01
7.491299463754319543e-01
8.608186790269011235e-01
1.095351810442857514e-04
1.481340319507739103e-04
6.438936032329940567e-05
7.289005697020858321e-01
7.269853806854584821e-01
8.177635280234514248e-01
8.494901175127861359e-01
7.798052811461461120e-01
7.744131477563666044e-01
1.506501341352544201e-04
5.971366498522624466e-01
6.167812417420540649e-01
9.973738610269827776e-01
7.270655168782235167e-01
5.464645523064090016e-01
7.889805368606964686e-01
9.766066597850328046e-01
7.852777884393723484e-01
7.707512186018308231e-01
4.283554761961093638e-01
6.797506501419362523e-01
1.488091936078454469e-01
5.127925437794070840e-01
6.639651431501017997e-01
3.053020233002442518e-01
7.492775856741011875e-01
9.977300019804106190e-01
8.439803680432094168e-01
1.433815033566289421e-02
1.879598383057336621e-04
8.235008251321292994e-01
1.271882621723439770e-04
1.622501198504623589e-04
1.230615102317650616e-04
6.526452029652860531e-01
7.915355767285987554e-01
1.965935371271251009e-01
1.245590151022134501e-04
6.812717691425274058e-01
6.812607227125131448e-01
8.079081429573770068e-02
7.685924204584537733e-01
7.520335020611895120e-05
8.056363959063173041e-01
1.235456968378355867e-04
2.088388937186678174e-01
7.377484518987795781e-01
6.858227745887260363e-02
2.884503998000980118e-01
1.977399034866969953e-04
1.965982302565243817e-04
9.868635555997128713e-05
8.576885918539547404e-01
7.555227542799151463e-05
8.156278993752333895e-01
1.105842104339212754e-04
1.537135363697318972e-04
7.826538461812642122e-01
1.527692370622999666e-04
4.110631404013672676e-04
1.259426239975583038e-04
6.224683395033232536e-01
6.473564878547860557e-01
5.078236143444923023e-01
5.935630034902565910e-01
5.448929553906889378e-01
2.944285956590347308e-01
2.240369670507875869e-04
7.254005233046180228e-04
7.723719771981788496e-01
7.853897998800538627e-01
3.930970050914461278e-01
8.529212691282119785e-01
4.992196945728554214e-01
5.760377664047587887e-01
1.195063841429594572e-04
3.481091952323820404e-01
2.513858009942896987e-01
9.994213338648317846e-01
4.830106580589913490e-01
6.817940681268214566e-05
9.261300940340692932e-05
9.983330397726328242e-02
2.336708636625328961e-01
7.652922051409700999e-02
6.427658473290089351e-04
7.526890451395288339e-01
7.853801164120109979e-01
8.185391735828407844e-01
7.833294807999585663e-01
5.790502877896699374e-01
9.753459098907741015e-05
6.208519673468330113e-01
7.948356794535750280e-01
7.510575254997899908e-01
7.519155211157354524e-01
7.987561332737779241e-01
8.492100202910924933e-01
9.273085354364402066e-01
5.800790788427179212e-01
9.798523389234534261e-05
8.079123466578868040e-01
8.234199353738868021e-01
8.472119033325103965e-01
2.450447585356829759e-04
7.002421843958416270e-01
6.674714015552003499e-01
7.863019002691095105e-01
7.690712319703287836e-01
7.545251711145649631e-01
8.333600138035965887e-01
8.197537170154395314e-01
7.274550720268569970e-01
3.163133673435021120e-04
7.103622893504062397e-01
8.298304198887038741e-01
8.334984794116356843e-01
8.008497309230659944e-01
9.994050461945386266e-01
7.322054455946447327e-01
5.046843734793388797e-02
7.592892702936347993e-01
8.107844637657125597e-01
8.042818204193461495e-01
9.807812733062943877e-01
1.078866834220851625e-04
4.167726801083995736e-01
4.105121100343605556e-01
7.439628863322070851e-01
2.083324897696409508e-04
7.700972572288939944e-01
6.621020692275679303e-05
1.330350453787026023e-04
6.686938253519397746e-01
1.260749689365614913e-04
8.059352147005559575e-01
7.864961702844244229e-01
8.802290559155674556e-05
9.940417358082734856e-01
7.755589086351807326e-01
7.605528510213195315e-01
1.757026017864420141e-04
7.700560070438110527e-01
8.271196905136980471e-01
6.653345925621808599e-01
1.432351754033962549e-03
7.487390107487360558e-01
7.788202395577847881e-01
7.070678250038853196e-01
6.881834330494553953e-01
6.787465579120802728e-01
8.276685636288051429e-01
7.701122679270538951e-01
8.380774473788501489e-01
8.360811805615623316e-01
7.369855898633234093e-01
2.221188989488430887e-04
6.538002707797591073e-01
8.337539762101325858e-01
7.560920629508884883e-01
2.005321781786133673e-04
7.829916480428938952e-01
8.355118303027954108e-01
7.847309892300556866e-01
7.781674251985279955e-01
9.361017635313765260e-05
7.773011230804602878e-01
7.268690315636746613e-01
7.962116104608201184e-01
1.898060670958191538e-04
3.488774326150951427e-02
8.161160928764866762e-01
1.245624576210965307e-03
7.670137849057560020e-01
7.860996302571832128e-01
5.517480273048505079e-01
8.053134788592108961e-01
1.146278456770191744e-04
7.178111101227197563e-05
7.378697575090439331e-01
1.227253710864585872e-04
1.610448986632194402e-04
1.900773862797377339e-02
2.508255683222332800e-04
5.897766451059391901e-01
5.851838487291899371e-01
7.583682396098382350e-01
7.506272350215319189e-02
9.911576762554139552e-01
1.934661005965825173e-04
7.582338443440490572e-01
8.049995001305105813e-01
5.674492371132595090e-04
7.025531592274004700e-01
7.820361755168567797e-01
7.822941127055438315e-01
8.100405878976340013e-01
6.910875714134687708e-01
6.613976067225443289e-01
8.401082927690196401e-04
3.513377923339716657e-01
3.842679951187352172e-01
6.139031529234358769e-02
8.216852406161594402e-01
6.604748538285385440e-01
5.788366140578198038e-02
7.817403797050999081e-01
3.716893020322922683e-04
1.446611696822424351e-04
7.152965680302555418e-01
5.798849937750029104e-01
7.682971752160211443e-01
6.538020629982247423e-01
6.826900606734496169e-01
5.256745347585466410e-01
4.869703744867301953e-01
7.035275383982504405e-01
8.439374117945915854e-01
6.778971015722556892e-01
8.367658904759363026e-01
7.705855062655628807e-01
7.895915046130882464e-01
7.982765931317568064e-01
8.022183156308027030e-01
9.267895869296203495e-05
7.945686958646607234e-01
6.934130718331125154e-01
4.790400577914327163e-01
8.220236620586803822e-01
4.599238992142805696e-03
7.838989441948137626e-01
7.866252191590182852e-01
7.906416964439699768e-01
8.937236719003313068e-01
8.548332422508982953e-01
7.765126474568577741e-01
3.822101292702208553e-01
7.662043865371534251e-05
8.384444970479174844e-05
9.971209414413125804e-01
7.373635876624344831e-01
7.131445828031021117e-01
7.864651528424223548e-01
7.573571214851324562e-01
9.519820164118245054e-02
7.913869712781667065e-01
7.528349390095058213e-01
7.975193007848084825e-01
2.088391456364475604e-04
7.340361962248905803e-01
7.935601380500294511e-01
8.057592166141777090e-01
7.420192988447225080e-01
7.909655653679639187e-01
7.704479048029505561e-01
6.816005970084442200e-01
7.861618577416584763e-01
6.461147772709957549e-01
7.799302088858468540e-01
7.769910320090986922e-01
1.392563940513884800e-04
7.392323120160916305e-01
7.885189678700575966e-01
7.613136537816366234e-01
1.933033464040815285e-04
7.778135816137226044e-01
7.797233088573264359e-01
3.577812725683214845e-01
8.098687743374198833e-01
5.656292687278057230e-01
1.043910536961986077e-04
4.516619803021919011e-01
5.762930118398147394e-01
9.966906781086886102e-01
1.187380212765330994e-03
8.141659525377208384e-01
8.202303123019333286e-01
7.406186056245432914e-01
1.355169037024594038e-04
4.178440633385955283e-01
5.105489237027462934e-01
7.804901937282978652e-01
7.839297477163991168e-01
4.835552692673125152e-01
1.056891079782617323e-04
4.392510433964349481e-01
4.976277752306855207e-01
8.620609756997510420e-01
7.851162004661146332e-01
7.670240182893656167e-01
9.978854189856966039e-01
1.475733415881135533e-04
1.592603419678541854e-01
7.456211720363796758e-01
7.868495982665583144e-01
7.801821198138583213e-01
8.379580378101054716e-01
7.738044713232004046e-01
6.101507081698519469e-05
7.403888448501750874e-01
2.077563400539641780e-01
6.280054504828608145e-05
7.927540481686791152e-01
7.981256893195495250e-01
8.331469422231341238e-01
7.590603793090512363e-01
7.643204031467440984e-01
7.552199634098696324e-01
4.395044523575632467e-01
8.095738861760817251e-01
8.445198612005555550e-01
8.594820796563280574e-01
1.333347068309823635e-01
8.361360637564250187e-01
7.657456058259254350e-01
7.858203875211399181e-01
7.880319945722676911e-01
6.806526305469999816e-01
7.899826314433872065e-01
2.314540661903561058e-01
9.971817275064693842e-01
8.424868627944137600e-01
8.062763537783962842e-05
5.146893244641692622e-01
4.346325854647227205e-01
9.210084150831186083e-05
1.736857001196340624e-04
7.060635545476556807e-01
7.986503414664968270e-01
5.776221156502005369e-05
7.930450858192531483e-01
7.855108915764368316e-01
9.186879454262421030e-01
6.759890890480141357e-01
7.705851731298256624e-01
8.094621651537174944e-01
8.096690329571952782e-01
6.958798036431257383e-01
9.975761164119940627e-01
7.858632095576562060e-01
4.701776929861841703e-01
9.991262239080591634e-01
5.172839091177648951e-01
7.682813169109443674e-01
6.777651165028392155e-01
5.325161569819520935e-01
7.702905332905206626e-01
7.491543205161481644e-01
7.540898177787531687e-01
7.855721690140914371e-01
8.045958786709080934e-01
7.973968698736244587e-01
8.043964458040546970e-05
7.071584007638005850e-05
8.223220829632049700e-01
7.357164331776782085e-01
7.900749486273108690e-01
2.068738309016447396e-01
3.922285329476472219e-04
7.473504456499898696e-01
7.839493271514610395e-01
6.709963204330676723e-01
5.251195337532882368e-01
8.356032499619187037e-01
7.236713398188607815e-01
1.803776911173034529e-04
5.140326619827356724e-01
8.477899316648683792e-01
7.674671706165479002e-01
8.974420019805233739e-01
7.598413170005328121e-01
9.895421759628391101e-01
5.926764172414288685e-05
8.094565092058167988e-01
7.772197673501010096e-01
7.723706892508012123e-01
1.174988554752708417e-04
3.230912615577832270e-01
4.965714905606273821e-01
5.955680970009598063e-01
7.186224103862123291e-01
7.852646600355843443e-02
6.732754431279490285e-04
1.192029093086952230e-04
1.329921890606689926e-04
7.919091715600931058e-01
7.939845562816679747e-01
7.636633131987236034e-01
8.196147599580876353e-01
9.864839392504276550e-01
2.201340737472692044e-01
5.563052330611578666e-01
7.678732441039076706e-01
9.984937040244443729e-01
8.102353984493995132e-01
1.259479921174105291e-04
8.182612684325654140e-01
5.945400137368432869e-01
7.376294306436409487e-01
7.921290775465382739e-01
7.326912201881924380e-01
8.779690070610144347e-05
7.992001620291276920e-01
1.351694149018796594e-02
7.852433573499408848e-01
5.594124103804946069e-01
8.018524461239087131e-01
4.112114230110631152e-01
2.366718893087696451e-01
8.094481435234065492e-01
7.604545320957943888e-01
9.325250930412863903e-01
2.221649823254115343e-04
5.878391048974555838e-05
9.989884101306480968e-01
7.755506351272087873e-01
8.809597129078029498e-01
7.689681107988501907e-01
7.686511471474034574e-01
7.512261939015093442e-05
6.593119307840368259e-01
4.146011834053172501e-02
6.972259982780825327e-05
1.509258570672615313e-04
7.546771878534777045e-01
9.690575462900330450e-01
4.217075579298847354e-01
7.727968586026171538e-01
7.774868678263855415e-01
1.870778642456281450e-04
8.423480510833709634e-01
4.583150343653798913e-04
8.873498709679027430e-01
8.262707905785460303e-05
8.495304213123168191e-01
8.166458328712923320e-01
8.694103080326773942e-05
7.522020493339320879e-01
8.250456362227170937e-01
7.649817922327418751e-01
7.499619482690449424e-01
8.035677026400491751e-01
9.903232782903256259e-01
7.202653051415625063e-01
8.221826905860194490e-01
4.724369305826448540e-01
5.203603966164449535e-02
8.087745604949844180e-01
7.194883752950469447e-01
7.380440105588067512e-01
8.005733277172664142e-01
7.786162905312541405e-01
5.553763201249172221e-01
5.734141137101824874e-05
7.718418923571677137e-01
9.792234517034941188e-01
7.889228100688978618e-01
1.170787833295497773e-04
7.815338130425706353e-01
3.058022831004296384e-04
1.699557238629182364e-04
8.471861718509897665e-01
7.586326387865576226e-01
6.224448248837060921e-05
7.971598326155798775e-01
5.450383818661445057e-01
8.543181244776978378e-01
9.988315228383132238e-01
1.557645988639384143e-04
7.793373852384299244e-05
7.737821431444144027e-01
7.721090797303170605e-01
7.958070533695669503e-05
4.231413852235507006e-02
7.344745743832359341e-01
1.221131943138549654e-04
7.977271690182136110e-01
7.417460237784205823e-01
3.546380137841842451e-04
9.981140175196099307e-01
7.100244728140207018e-01
5.541558297599615823e-01
7.916676259187523934e-01
2.073601606473430778e-04
7.909776566308028833e-01
6.284406069968884287e-05
8.069066514807292645e-01
4.846921883643548219e-04
7.685389641242134084e-01
5.405666797704823390e-01
7.739394383788402720e-01
1.868792792915407520e-04
1.601325013872374780e-04
9.938133681599526925e-01
9.250475534464111527e-02
6.178448540840696785e-05
7.519100982771965702e-01
7.798885904216940057e-01
6.538201256778840590e-04
7.831723059572164303e-01
7.599064312614167704e-01
7.405509586226934353e-05
1.266867089738142049e-01
1.468476059479384985e-04
2.028531245782656085e-04
8.363202600370345241e-01
7.838192597972473141e-01
7.853616400440759371e-01
1.612361843724818941e-04
9.321241479124171558e-01
6.856733888651675990e-01
3.365554859065836291e-01
8.195223873331771713e-01
7.716909552254654914e-01
7.762999901348575094e-01
6.928251834139113052e-01
7.375155171866997206e-01
7.515346948595267307e-01
9.987831781888362181e-01
7.862848401744459981e-01
7.572593110526764093e-01
9.739353051330755366e-05
9.495950656020514242e-05
7.346614396141355474e-01
6.044920674862143422e-05
9.565277233943899615e-01
8.514545863401610237e-01
7.753109505314627059e-01
7.767840554140049703e-01
2.167779458999154164e-04
2.426437847522741641e-04
2.153573619616628231e-04
9.655741835180123051e-05
7.585819240916144013e-01
8.182954680802777547e-01
7.723929564126708058e-01
6.485044858674946172e-04
4.177895990828109818e-04
7.868420380139581338e-01
7.894385297294622683e-01
8.328015834439095322e-01
7.545512342656556237e-01
5.392693571574532774e-01
8.149665048537113599e-01
8.070287517738978789e-01
7.967326840905543106e-01
7.800183867333900789e-01
6.780819254821960351e-01
5.921744168374577511e-01
7.430373866237646174e-01
7.558266571432092906e-01
7.430608201740170309e-05
9.991781393575208670e-01
2.354035511421781696e-04
6.525871651831632273e-05
7.211089980254753451e-01
6.572571870760290924e-01
1.659268293334240345e-04
7.420113489265608431e-01
1.778013995290953820e-04
8.051270393091329858e-01
9.951433213745960460e-01
6.039091677046789955e-05
4.495352013303133536e-04
7.325623668897473942e-05
7.801797911809411623e-01
7.752486544372971800e-01
7.744486573561969456e-01
7.852711518388520995e-01
1.206610667009166157e-04
8.332220788692203950e-01
7.396697605365555317e-01
7.184547049546851109e-04
8.288412743586965892e-01
7.900751239585627195e-01
7.912650592058630972e-01
7.999877819393175216e-01
7.963013030867933661e-01
5.104548112946065697e-01
6.687932729384225006e-01
7.508225085756874417e-01
3.903751340407806878e-04
8.573710680857762334e-01
1.058847713519395608e-04
3.083344161042879676e-04
7.824359853564460954e-01
1.504604123946071169e-04
2.397309105075217653e-04
1.643855848363361713e-04
7.558711721108680726e-01
7.870308505648728747e-01
7.149444345527797839e-01
8.414757221783945029e-01
8.265526683244382999e-01
7.951644366748741311e-01
7.581356726872069407e-01
7.382610378537491453e-05
6.281562001421477494e-05
7.455803381022643173e-01
6.541979171889721334e-01
8.248319416989904340e-01
8.022312521527961149e-01
5.710707834593669041e-01
6.953723375721431177e-01
9.984036496508861269e-01
7.164629766570365099e-01
1.326425097294053131e-04
9.663090291904991328e-05
4.132270006265813533e-01
7.673073268131556102e-01
6.533968834284610283e-01
7.838666176363402460e-01
2.410521212853853625e-04
8.407368694153199984e-01
7.924653508253242107e-01
7.824040572085713130e-01
6.790389051240370265e-05
9.154723577826077152e-01
6.562670935937614525e-01
4.574612967191824531e-01
8.006905096344391071e-01
7.031576349309611729e-01
8.457619692608723261e-01
4.198547957391741692e-01
7.918261162079769377e-01
7.439495331951788692e-01
4.505787277635341925e-01
7.961890434650698012e-01
7.998005873584369541e-01
1.955664375863160498e-04
1.290924991422976744e-04
7.634735640519120237e-01
7.620113580031566533e-05
7.853513590216635309e-01
8.374832632158002443e-01
5.519438014393515113e-01
2.719238546309350468e-01
9.951957999301230817e-01
8.327996470060722300e-01
8.398505457871860980e-01
5.824359016280045154e-01
1.008139001121716311e-01
2.449340067576426597e-04
2.344065315537746479e-04
9.675481965885047932e-05
1.241140932831718072e-04
7.986577991230067175e-01
9.843598532979670468e-01
9.585554017852869757e-01
5.929986387368532119e-01
8.725956221099112620e-02
1.585117584978075456e-04
9.648416974033269017e-05
2.189799441869768326e-01
8.500889248704254220e-01
8.419432361919781949e-01
8.068096671164943778e-01
4.000314761367823602e-01
2.424809992586359560e-04
1.933648293438657592e-04
2.502755967881011359e-02
6.854434424709502371e-01
8.210659696342522684e-01
7.801666243967430026e-01
7.090600895245300350e-01
7.929218815604227588e-01
8.287524309544385126e-01
8.373585115672163015e-01
5.265001920007420511e-01
6.859467568382479064e-01
8.211832870395205930e-01
4.656529416294925561e-01
7.570019501048059762e-01
3.475307483859760294e-01
8.284430884333934264e-01
7.118075754831576507e-01
1.913660027915732576e-04
4.726245760607602486e-01
8.182157855348892728e-01
1.056058813782143795e-04
1.643516307272946376e-04
8.228268357004725475e-01
8.297294863645527929e-01
4.548590144871662022e-01
2.555075418384945563e-01
5.773861573085131704e-01
5.640559906637283573e-05
2.432388282722031071e-04
2.582191453905968714e-01
8.340567737839872375e-01
2.263366372260051940e-04
9.822322898366971922e-01
9.633928421405604792e-02
7.882527791349107638e-01
8.098591904330315616e-01
8.522629496083083955e-01
1.090837376633330716e-04
8.345362419588266967e-01
8.391980160607169781e-01
7.883986937613908063e-05
7.529080982806111155e-01
8.614595598891678177e-05
7.823308176787598933e-01
6.477890351923522305e-02
1.150617189852154822e-04
9.956799959589611726e-01
8.967802661689840051e-05
8.133554137618762558e-01
7.206956880200836579e-01
8.232652483541351707e-01
8.866333780624997428e-05
3.342548298939539337e-04
7.666777756246301475e-05
1.046424288535694017e-04
2.131863694163868865e-04
7.457738696263843344e-05
2.768307401654727939e-04
9.440148896704972925e-01
5.376346352933528694e-01
7.313514278844971406e-01
3.602870108165744933e-01
1.428446208522465562e-04
5.763484892492255020e-05
5.806057756304073831e-05
8.239165369483989476e-01
8.128250982478104625e-01
7.850115865694186068e-01
3.011346804457368798e-01
1.165178617492447396e-04
7.876605185750024107e-01
3.275254132389077253e-04
9.515739611344496973e-01
8.114472746442996653e-01
8.233041448843650967e-01
1.171083929984505592e-04
6.363530958713885521e-01
9.954583399303924551e-01
7.112145329039001318e-01
5.134199456846820775e-01
8.087396131669534194e-01
7.859618536321525406e-01
6.460633750412367871e-01
6.581777048348769199e-01
7.843912421246361788e-01
4.862656511154214156e-01
7.210629814818593974e-05
8.499764137715686285e-01
7.848089889694024324e-01
8.345556317157605264e-01
7.742925347344636888e-01
7.674543206495034742e-01
6.497403656597604549e-01
9.504357458882091783e-05
7.383711620367182649e-01
1.775516763056169452e-04
9.994290781513136546e-01
8.077350204727410388e-01
5.261467613921385622e-01
8.061395172400807052e-01
1.191324276741843939e-04
1.901967655027951923e-04
1.420961837129205573e-04
5.941055810035628923e-05
5.324729107736181355e-01
7.516892807625850104e-01
5.958922929672357816e-01
1.315922418891083898e-04
1.177281646896283305e-04
2.071657998136094796e-04
7.779979741967999463e-01
8.453763310482876880e-01
7.805546233506881482e-01
8.362600789156556802e-01
7.976275870298574766e-01
7.700339703409134762e-01
7.839374558866747389e-01
7.786773114967627807e-01
6.824900833583695814e-01
7.766057648264563795e-01
7.728546043025148315e-04
1.262145376314600387e-01
9.490840098050031814e-01
7.786868254975009007e-01
1.842893627542529025e-04
7.683109526102080977e-01
7.981689481385714213e-01
8.421451467901100996e-01
7.847562478212104509e-01
7.905625578539934306e-01
8.041410673640217999e-01
8.141482881574538810e-01
6.941345962426277438e-01
6.661843573912313854e-01
7.750362575802435261e-01
7.757188646751461691e-01
8.408802619208838314e-01
8.386108835800993866e-01
8.325513705843606838e-01
2.963454402560449408e-04
7.928262408482172896e-01
7.918890343232959372e-01
2.786618216046262190e-04
7.386881107819437409e-01
7.235528691365291643e-01
7.428803980340976665e-01
2.812193919055475436e-04
7.987468463492425341e-01
1.732157632752400617e-02
8.545853053349078410e-01
5.801858859601947093e-05
6.027100082284383379e-05
1.037321281328686161e-03
4.941119508514690839e-01
7.833857781901572004e-01
8.102392545572828508e-01
7.746404305621079622e-01
9.562154254865381522e-05
9.969903512035737103e-01
7.585665031499838618e-01
6.989442236755283311e-01
6.693047180271646769e-05
3.122623618263846630e-04
1.065864105481776876e-04
7.978489194347759828e-01
4.992208540827526297e-01
2.415939229204334682e-01
7.848660591110339091e-01
2.578041846421842329e-04
5.891216265872131855e-05
7.803248567427031324e-01
7.168786248765678104e-05
8.412249419577079168e-01
2.110700560866657718e-04
9.102989166679994470e-01
7.552511778069357362e-01
8.009895272588473114e-01
7.576760715221550208e-05
7.896441761571078022e-01
7.982789009419138937e-01
7.630102184248265251e-01
8.402000574440314784e-01
7.365685627314867423e-01
9.827779890585238709e-01
9.394619632047556124e-01
8.004969703254811719e-01
7.846863455407253607e-01
7.021473503959798634e-01
7.936924659498332257e-01
8.246914585765218186e-01
7.775578079578283619e-01
7.880828908935469945e-01
7.875118117907311532e-01
6.790062445629780896e-01
6.696284051671492765e-01
1.102322426070473926e-01
9.830299796695242517e-05
6.643201058415753035e-01
8.185865480986832532e-01
7.418564359939985309e-01
7.942583867243918627e-01
7.968058439846000818e-01
7.876550318683910312e-01
7.747800806144724054e-05
8.685802326546534721e-05
2.483668977365685853e-03
8.615117759479892778e-02
3.736476644318826867e-01
8.430230389780216660e-01
6.606752358977782125e-01
8.011422867047471863e-01
8.143745421776162896e-01
1.073716078783420458e-01
7.930199908393373853e-01
2.354413505037915701e-04
7.960821291490786100e-01
2.113044081649948804e-04
5.116761188106253716e-02
7.639055836533881205e-01
7.851281158570518892e-01
7.747237468147966100e-01
9.818585258574843433e-01
8.211747618598971453e-05
1.673043106182751970e-04
9.982231703707056258e-01
7.891097389766574821e-01
7.854358794224891582e-01
8.387885298556877478e-01
7.974920479661350425e-01
1.149596996769706395e-04
9.957110028912502520e-01
6.630762507055735222e-01
6.790799508486432545e-01
4.673111292921901527e-01
8.474168078193793363e-01
7.523610671547578121e-01
8.775692878373110573e-02
1.550789067690288767e-04
7.689102785876595902e-01
7.620288423967577218e-01
7.856215897937354198e-01
7.155891644046796785e-01
7.334133406134027977e-01
1.474244416452137032e-04
1.330156324770007039e-04
2.199809168056716274e-04
1.433949996274845508e-04
7.462090469290134642e-01
9.313283273384364014e-01
6.880337950151496911e-05
2.111992695212558391e-01
4.937977727940164319e-01
6.969857267064196726e-01
7.758516659052507869e-01
8.539055702803022199e-05
4.751881372700062500e-01
7.569093514485194518e-01
7.501198683610520446e-01
8.151695905856782831e-01
7.217546301783676066e-01
8.065400333817142895e-04
1.949266611938030747e-04
7.856368200915122557e-01
1.596740787195534070e-02
5.872510057714386712e-05
9.203682136963017846e-02
8.331959417125205380e-01
8.093445930095986007e-01
7.619116736686596392e-01
5.723379268409054622e-05
5.686330174121698795e-05
8.034865563075610506e-01
7.609713865149057010e-01
8.155470258827780539e-01
7.334687957394451230e-01
4.059125148699551655e-01
1.571733804946817768e-04
7.247663603147286304e-01
7.413686029850201642e-01
7.593355236146096532e-01
6.915224964033367817e-05
7.874281538214471521e-01
7.810813103160980653e-01
9.951702429447347731e-01
7.505901513569666061e-01
6.550151858333519103e-05
6.748857203192593079e-01
8.391384840351679975e-01
7.845371621744542390e-01
3.099303756670498044e-04
8.045925564172247135e-01
8.119453604243936917e-01
5.632270213215801553e-04
7.948309055658805411e-01
8.068492616933196082e-01
7.860704806307563519e-01
4.464321175366641192e-01
7.116945584871191555e-01
7.750824237756734902e-01
7.724144497971829892e-01
2.476496966323724611e-04
2.377376324729011368e-04
7.872712901040991411e-04
1.415451815181818340e-04
7.790072990265547448e-01
6.141912157248360371e-01
7.778037199615245312e-01
7.515936857961239559e-01
8.303303499254298670e-01
9.991755890445448429e-01
7.918682609168509190e-01
7.951463996760677055e-01
2.049384321520181795e-01
8.215972208928437048e-01
8.552973242834387424e-01
7.431752851553317107e-01
6.959014343269157576e-01
7.615232887669618478e-01
7.976137867227882650e-01
4.257088808921048462e-01
7.311514798831930673e-01
7.485814567283834986e-01
7.020929990248258035e-01
8.483502276091012817e-01
7.371347704514300242e-05
7.900271317817115779e-01
1.856766096154111999e-04
7.571452189219469719e-01
8.498712106065784094e-05
8.280269268212451239e-01
5.407739944070766823e-04
1.243301327320959820e-04
7.861362725146475716e-01
7.994264089665825690e-01
7.543271594543893288e-01
7.724930457767162917e-01
5.928870739800068304e-05
6.049926333638137177e-05
2.358346176471107919e-02
7.747655600297294054e-01
7.868193467120873086e-01
6.433204640594417656e-01
7.759826614757061591e-01
8.354937333168052094e-01
8.416872840212904344e-05
9.925110431283173083e-05
7.484459721718874636e-01
7.595795572299852694e-01
7.840747401399913441e-01
1.089812441882823661e-04
7.545610997526785990e-01
7.644717335985145024e-01
8.001576600813057327e-01
7.971042346321173255e-01
5.084879033447936569e-02
7.487535536347527110e-01
6.848969831257955589e-05
8.233393244492199781e-01
6.013406353463055520e-01
7.116394531046041916e-01
7.900732116530413407e-01
7.661263153173988316e-01
8.192828882453000450e-01
9.744883336003422603e-01
7.675432919538832666e-01
7.707264315447490688e-01
6.807706797454734504e-01
7.063133353014156013e-01
6.677253148133533989e-01
5.466661268973105336e-01
7.972351322451007860e-01
1.751783017769833486e-04
7.261720339461905649e-01
8.145877278707566171e-01
8.593603553462271227e-01
7.798090195738796027e-01
7.698580997579945739e-01
7.708438278531233312e-01
6.612377296967491083e-05
9.259074596626597486e-01
1.955196310078824028e-04
7.351679444744976255e-01
7.646070358740039152e-01
7.307460887685357509e-01
5.557015457490723787e-01
1.799821127494447893e-04
7.817414045061468197e-01
8.126929058909529990e-01
2.323011899598419346e-04
7.956753158471043808e-01
7.171125313774571186e-01
8.039852585265423457e-01
6.714140133633675900e-01
6.769816708378945114e-01
8.135211792747085724e-01
7.721203793411126615e-01
7.270000465004576862e-01
8.234205167297072858e-01
9.097809373341753450e-05
5.460014193614371293e-04
7.847964880017666012e-01
7.383396241159866369e-01
7.237020867278304292e-01
4.714453560157223517e-04
7.898925167529389224e-01
2.856538068926579022e-01
7.771001670452629684e-01
7.746933003252131078e-01
1.015130978087970743e-04
1.609053092367987707e-04
1.863144035659968693e-04
1.056985405899920044e-04
9.258163465990441043e-01
9.987786968357263984e-01
8.512301934263354075e-04
8.969879718340288965e-01
5.155329090237693130e-04
8.416371780070778241e-01
7.894673294670736530e-01
7.909315070134330661e-01
6.292859859845129078e-02
8.074499748175656411e-01
8.317782656154610876e-01
7.733194182049537568e-01
7.567833726903845371e-01
1.604181664455379703e-04
6.772182770010245958e-04
5.479647911072735855e-01
1.859613710653300507e-04
7.700264297282916059e-01
5.495881444920128756e-01
4.837882363493075655e-01
1.636200227431748382e-04
7.151027555817964787e-01
2.533138464416127555e-01
7.547547652863809686e-01
1.029069994569370596e-04
5.497431552411531364e-01
8.158974677879919923e-01
7.973998445153751558e-01
9.786039644814605531e-05
1.344620166836414351e-04
8.795190429421873013e-01
6.509093232890146162e-05
7.873994702026275716e-01
1.379198899600313499e-01
7.811172789195921506e-01
3.906852022196684038e-01
9.788266032610773992e-01
4.458431662361411751e-01
7.909862953467072799e-01
2.000521834421278768e-04
8.133763319565889827e-01
7.638285164764349044e-01
8.294205714357497650e-01
6.914823969062319220e-01
9.977826947868180252e-01
8.365430736957097935e-01
6.692900478993660165e-04
2.007737314518039215e-04
8.132123066363223796e-01
7.538055726764995347e-05
1.111756504202485358e-04
7.974489933523304375e-01
7.675031917248665847e-01
1.248284470295612408e-04
5.464624798614401424e-01
7.822053589083699521e-01
4.674859630913908992e-01
8.553724485591799320e-01
2.137570978973000687e-04
7.317065332694492330e-01
1.039585333402940986e-04
8.319314104037973667e-01
2.039478554580595915e-04
7.833977516216904524e-01
7.843542510424932335e-01
7.864841129046657997e-01
7.838718231223839039e-01
6.801158769816026961e-01
7.540078661821698613e-01
3.429973787819132758e-01
7.083417277451555805e-01
7.522291845330056903e-01
7.554273635067330073e-01
7.655536303069122583e-01
6.905118518936471661e-01
8.827713803630895528e-01
5.179540351167823964e-01
7.265598286565806418e-01
9.990253281000593955e-01
1.887563543529610025e-04
5.329309308925871168e-04
4.331868881517463854e-01
7.858338284117220018e-01
2.392022702926233438e-04
8.106215950200246212e-01
7.676859987238466854e-01
7.853458513500832794e-01
3.207176125306089023e-04
8.117763855908073367e-01
7.813393048163862487e-01
7.873173049787873801e-01
7.780452383659770543e-01
7.854650350950218574e-01
6.715833070253962589e-01
1.587733410670569137e-04
9.259033332974640654e-05
7.071748117424698776e-01
5.887036140741580548e-01
8.075005970030643132e-01
7.055540592517741425e-05
9.439979267241144223e-01
6.629719394690778821e-04
7.535837999834992251e-01
7.960096002281626115e-02
7.043232119877887998e-01
5.659847200086818297e-01
4.187591824115958583e-04
6.806257309895932250e-01
8.140994397984241404e-01
7.551645340625374736e-01
7.356245849355395286e-05
7.988014910571898941e-01
3.797209190013624558e-01
1.989357442404006903e-04
9.992326509892837105e-01
8.063924992401426683e-01
7.795144287241272396e-01
7.824983462387259392e-01
4.477925690338541154e-02
5.914985617819981112e-01
1.366919376741665935e-04
1.920379126551314999e-04
7.221731358384194776e-05
7.389941682870161915e-05
2.756251582495628516e-01
7.535796109796010223e-01
2.325744256114473845e-04
6.654689147289022388e-01
7.812938059396362656e-01
5.426009546330571309e-01
3.109071426202192900e-01
3.789140880711551196e-01
1.124559432227849044e-04
4.625215253204894572e-01
5.952859037617637128e-01
7.288600847886723688e-01
8.256029592560236718e-01
7.147066642279079618e-01
2.308342942584696070e-04
5.393139117934717675e-01
6.476394852609658193e-01
6.594849691941176983e-01
6.797091133317658134e-05
7.487100795013617027e-01
1.806356430176690123e-04
4.388756089697249904e-04
4.730781409069103119e-04
7.764650955010005129e-01
6.777241524179373755e-01
7.226496207305308506e-01
9.990060288925443066e-01
8.392915508379217293e-01
6.831348647322427973e-04
4.509567810501641794e-01
4.232253668570269967e-01
8.035065142758891499e-01
7.296366022806153318e-01
4.882577799089047321e-01
1.888930322759336811e-01
1.326623389198343882e-04
8.467410816142998398e-01
1.979542268973021578e-04
7.851206663304109989e-01
4.711776770306537465e-02
7.905327840681618534e-01
7.602721712605243765e-01
7.866903685305567384e-01
7.725273991028017706e-01
7.644526522746403208e-01
7.616111218025837237e-01
1.621869508599846355e-01
6.841402133083445136e-01
7.981402757499086453e-01
7.790136135012513119e-01
7.231544166433523380e-01
7.587985586120719050e-01
7.734143664400199292e-01
8.087641948285781979e-01
7.575129650981009544e-01
8.224315699705501137e-01
7.937727862694571312e-01
7.917305686353589556e-01
8.351894797403609516e-01
7.983574898755868565e-01
8.289049431093957754e-01
7.221215735590322815e-01
7.834029869909248101e-01
7.870362518333136048e-01
8.044866250025736187e-01
6.915025805514534163e-01
7.178257136940111765e-05
3.252376210590549629e-04
7.830985966233999784e-01
7.875681997501072784e-01
7.010158346606825130e-01
7.502678475376852729e-01
8.146498203238776714e-01
9.978697847200042048e-01
2.304677021301416127e-04
7.971841406103938876e-01
3.409292400706510906e-04
7.184902146680121060e-01
9.276596285065805692e-01
8.712708908418924933e-04
5.637472215129168962e-01
8.269480254868356583e-01
9.907176300778686162e-01
7.690142948534571810e-01
8.257465976132307706e-01
8.192805015632761423e-01
4.016851540713656785e-04
1.433013446452057144e-04
1.450382257381942804e-04
1.416391798675835183e-04
7.798064292106050566e-01
8.046265893709685368e-01
7.692809012878786268e-01
5.687759336430657786e-01
9.992993040558212359e-01
7.828605994923204525e-01
7.794767448556108036e-01
8.206239997000771558e-01
7.341954981367382338e-01
7.312415695535269267e-01
7.110717400558464883e-05
1.794132653373670800e-04
7.215925893543612135e-01
6.926887404664036391e-05
7.430902094318106998e-01
7.907302460262352062e-01
7.232232161918727975e-01
7.133896407571187334e-04
5.363885448508898300e-04
1.796053936481732476e-04
4.781404359805999094e-01
8.024984036697224710e-01
4.747497049671104419e-01
3.755173209305366112e-04
5.435571608304109060e-04
2.237475929228874838e-01
7.029955890112392109e-05
7.892840105072005926e-05
7.950766649354178428e-01
9.393630936196813996e-01
9.848179436206460080e-01
8.680644315293997160e-01
5.906967025255206449e-01
7.854014497121918348e-01
9.971009024640343776e-01
9.093623155927549329e-01
7.410277702317511483e-01
7.834767956285657586e-01
1.026013979083501559e-01
7.661470984636157278e-01
7.476593703814848890e-01
3.489218784698922362e-04
9.905323158852658016e-01
7.997025631082987918e-01
5.716765749451500206e-02
6.205542030150365800e-05
7.712331936370987462e-01
8.113718503546084593e-01
1.512542742657793031e-04
8.237623882661539998e-01
6.944560286061690624e-01
7.769204798594940842e-01
7.755844698654359437e-01
9.977483057019711499e-01
7.876712283410449711e-01
1.897927067030664430e-04
8.612376821771271186e-05
8.058854144963369937e-01
1.843873488111046424e-04
7.396288323854618429e-01
2.112246550883315442e-03
1.145052092412817335e-04
7.979340667911688501e-01
1.588321357960373380e-04
7.044055437943049780e-01
8.516086502021186222e-01
2.847546909928814207e-01
8.448660954246832722e-01
7.304777215068136709e-01
1.903070774628867919e-04
8.321063832158044349e-01
7.605805031248880077e-01
7.920855076667703276e-01
6.246483073246797023e-04
9.979802647883663225e-01
1.978908438435583879e-04
9.995112408635153933e-01
7.841368651719455851e-01
2.239562454448765086e-04
1.441663418883682435e-01
6.886661509635123579e-01
7.817195347574470432e-01
5.949872533703300936e-01
6.259703700803538329e-01
7.597540984978160550e-01
8.365368346387948018e-01
8.712039857528373215e-05
7.868075179812428210e-01
6.900650656329692101e-01
1.238061525581115295e-04
4.912676920787681367e-01
7.622357454378532182e-01
1.342017127342267357e-01
8.004969963787380571e-01
7.966409845636815978e-01
8.497004772711080900e-01
9.954462595289551574e-01
7.837760732475764769e-01
1.834825922699108991e-01
9.962645605149001993e-01
9.762361599230531079e-05
6.230224045196765031e-05
8.214103249149297126e-01
7.639578494093004490e-01
8.275447082974067836e-01
9.662142522958976354e-01
8.696659775247280733e-01
1.263517662441910054e-04
6.402672897145888001e-05
9.945137673408388501e-01
1.222179413159589219e-04
1.864131970541353981e-04
8.008643046371614060e-01
5.930073516652417664e-01
7.655548469350380580e-01
9.975597352845296806e-01
7.366597631211377895e-01
8.389365642551261937e-01
7.480263674899862737e-05
9.806794731791598219e-01
5.334045369381772064e-04
8.279791322191252245e-01
7.605738431383425313e-01
7.636001520318642655e-01
6.711139815094445307e-05
8.423377117401665837e-01
7.504827828225545394e-01
7.918939976532467506e-01
7.395987826402917742e-01
7.605410375090976283e-01
6.663949789370648968e-01
9.381391846001869705e-01
7.733811014203594014e-02
6.731000894835812431e-01
4.234311750536159935e-01
7.888960477796592707e-01
8.034400964166880099e-01
1.224900805166854697e-04
1.219473855124629253e-04
7.872239288706285310e-01
5.910013929039311664e-01
7.682131982219526645e-01
8.402832604616207179e-01
7.322734075659300679e-01
7.525538132392856072e-01
4.222018077974741806e-04
8.344078831520551631e-01
3.052892053416989774e-04
7.902457144283416834e-01
7.470683995156619517e-01
7.952976310203981880e-01
4.000053913796125515e-01
1.612990469182379598e-04
8.338176876082485922e-01
7.581610137191407972e-01
9.950627034220622669e-01
9.778318857348047288e-01
7.441816310976514526e-01
6.197063103284361854e-05
7.871447957840049803e-01
7.541197380705896292e-01
7.706971800060595790e-01
5.730485798768452099e-01
2.496130936243314280e-01
1.923633346316208084e-04
1.747795331772113267e-04
9.993038608124757971e-01
7.839561258009214439e-01
8.532890476767901466e-01
7.443271313791559596e-01
9.156253817884861231e-04
6.704574393409310495e-01
7.173159839277439831e-01
8.470843805339749455e-01
7.983113706678808263e-01
9.987283075315064318e-01
7.402161514485615657e-01
7.642451222170369984e-01
7.931822910534684912e-01
1.902733805742964357e-01
3.866936789636887251e-01
7.545752557993558041e-01
8.251317401472033630e-01
8.189422435312393445e-01
5.625334618889710702e-05
7.538363906623956057e-01
7.969606830716459145e-01
7.973974749080676716e-01
7.948678170763475714e-01
5.885954671954136685e-01
7.128138112814035310e-01
9.659306001806599890e-05
9.973348001956411357e-01
7.614657379361073897e-01
7.625764851607954586e-01
7.569112419410697346e-01
6.730089145473031609e-01
1.379956520856241275e-04
1.086870213693530760e-04
8.020703224791428942e-01
2.284220477055710352e-01
8.207910306850496607e-01
7.851086044470189096e-01
8.265323126836714440e-01
1.422988370762351081e-04
6.075817958890107249e-05
9.993617205750339183e-01
8.099508798268558298e-05
7.765752813706241486e-01
7.779094534320091237e-01
7.802190357756164651e-01
6.802889185632456925e-01
5.972162267326153184e-01
7.253788448743878625e-01
7.877589363440701264e-01
8.005019068752752265e-01
9.374471010773673951e-01
8.136323598609902508e-01
7.711052306656527300e-01
7.102517187437521473e-01
8.454012449986625377e-01
7.915972529144585934e-01
7.976475156622907514e-01
7.617927930107438739e-01
7.838651782505005050e-01
6.086799110408808015e-05
7.466336152330546039e-01
9.895267603032623649e-01
5.683356097426350709e-04
8.738916018473551141e-05
6.719263242348132437e-01
6.971372114302498983e-05
5.984294895921403734e-01
8.387569527392445545e-01
4.308986439056572970e-01
8.974497725385206515e-01
8.981770079774380466e-01
8.017289690561009152e-01
8.146021903555753507e-01
7.605510988228324498e-01
8.267265332942065337e-01
3.551357113953025890e-01
7.805533780883986417e-01
7.786485970607391893e-01
7.807239221398376463e-05
7.296324273459435794e-01
7.414597224116322716e-01
6.702490897374752121e-01
2.002722709744477240e-04
3.335090045251782875e-01
8.014611207687485361e-01
8.802508965178375711e-05
4.101245180075555161e-04
8.244519536451562214e-01
6.404464344701292777e-01
7.886753816232184855e-01
9.921301033759180044e-01
7.750000254549983536e-01
1.805342601332443891e-04
6.520190771307840527e-02
1.285438084932790585e-04
7.716527646321059697e-01
7.780756394639305462e-01
7.722657939066712718e-01
7.103036574145479287e-01
6.980112108527813594e-03
8.183304856117834536e-01
7.553635479259108720e-01
7.812542240833607599e-01
9.789514861602875984e-01
7.655362077165419610e-01
7.563468517643693323e-01
8.398460202962148013e-01
4.864254176314807832e-01
8.362595305515841959e-01
3.159289116808314019e-04
1.037407390936377410e-03
3.877509282967185889e-01
2.173272332266957835e-04
1.386565777060862247e-04
1.117235345200330620e-03
7.725628606103864815e-01
5.845284695559521156e-05
5.755940538267509095e-04
6.468206390663447554e-05
7.613190974787092946e-01
6.764322908324135186e-01
7.730987177630741503e-01
1.357944895340961020e-04
7.600307886426015402e-01
8.403384980442228924e-01
8.149581951708676497e-01
6.817146817307081497e-01
7.550493315347921452e-01
9.991055139432729604e-01
6.844881957956458062e-05
8.312585471609806875e-01
5.657207860144526368e-01
7.384563971177264818e-01
9.985805694502211116e-01
5.941858829686432752e-01
2.254946856590552147e-04
2.816060843640619065e-04
8.093077187524945204e-01
6.548956010554138384e-05
7.753957072752722945e-01
6.883513988811198470e-01
6.988314382056726171e-01
7.550986319145518433e-01
7.639356070612390425e-05
7.391543186030126167e-01
2.347249981670644636e-01
4.986415053516471962e-01
1.868305587381551003e-02
7.481569419224917139e-01
7.905543593655172119e-01
7.817311763559999793e-01
1.703523222875801663e-04
7.170473541359997371e-01
8.069673746942328529e-01
7.767001994000706233e-01
7.750270427237762050e-01
7.977954849863491127e-01
8.116305806132477763e-01
1.094192627969746559e-04
8.305884173001322202e-01
2.752300326478090498e-04
8.130039116380847197e-01
1.238426202499502346e-04
1.745112411161794008e-04
7.387643010230320328e-01
8.389149008130080132e-01
8.079710393866108564e-01
6.734753019068118185e-01
7.791567497905402817e-01
8.626340377489809530e-01
6.698398543104582270e-01
6.417728419993915523e-01
8.474594990976263009e-01
1.449880018749074575e-04
7.985090035631695615e-01
7.962475688990232614e-01
4.688472520297679025e-01
1.089229638371912168e-01
6.814344586530187708e-01
3.723544528382399799e-01
2.572827307318353296e-01
7.909370493948397751e-01
8.250278233714684051e-01
6.788298004578537936e-01
5.484257998313775140e-01
7.273968546000568747e-01
7.602652967484789803e-01
7.367871154120735344e-01
2.584281184776692220e-01
8.493226708653507373e-01
1.494340068940682895e-04
7.529768892434246519e-01
8.489315114986395461e-01
7.175515392317693975e-01
8.273574330834553292e-01
7.004784491364850485e-01
2.220674428946091438e-04
1.915680964846173668e-04
6.939318491534310906e-01
9.696188880523242488e-05
8.133319337502316060e-01
8.054185465473556738e-01
7.855882668063455254e-01
8.508848745530502521e-05
4.173302398614774046e-04
8.929097397217128362e-01
8.658629055586622991e-01
5.622389618905515585e-01
6.112082158799560488e-05
8.348867705829479124e-01
7.417238571586374229e-01
8.161565501720244864e-01
1.802857515785262206e-04
7.763989552930399274e-01
8.180356387369701610e-01
7.762043656261894409e-01
2.699134782773841574e-04
8.171452157927446835e-01
8.174308571582289407e-01
7.120124871055547163e-05
8.125950596279177818e-01
7.867600981269351479e-01
7.983934868343547375e-01
8.195366226142798416e-01
1.307762136990795188e-01
6.830172943206033187e-01
3.430024789477507663e-01
8.117610448099737747e-05
7.051279572511106597e-01
4.525698221178810926e-04
8.666031748130551549e-01
9.968026772126286073e-01
5.644734562896341293e-04
1.462019843758960869e-03
5.651594990234781127e-04
4.670453833339702765e-01
4.449952882078885485e-04
9.983548314032608673e-01
7.367861022489575540e-05
6.870683776199189383e-04
7.891816948053903547e-01
3.120854543720402957e-04
2.710253195202834290e-04
1.248416888819056138e-04
9.881773632785768120e-05
6.505892689313905045e-05
8.670993187825599741e-05
8.712661469021533271e-05
9.874032266860826982e-05
1.029595973919648498e-04
1.276566957388851223e-04
9.993021975248949085e-01
5.928933843674462079e-01
8.118720542712117602e-05
4.665886266505109847e-01
8.174198273691726246e-01
8.359646312077393393e-01
3.953929651218810772e-03
3.006239028028903377e-03
8.009999347250579271e-04
4.874285696101621213e-02
1.307478858147039912e-04
5.187170354194262645e-01
5.769102969634982433e-05
2.952760888504757744e-04
6.063499470955326792e-02
2.143092899370770707e-04
6.870352453206838086e-04
1.184486801116847992e-04
5.272308282538064198e-04
7.348982519254988505e-05
1.005346471702140624e-04
2.266827211188581176e-04
1.163192612456510298e-04
8.224801777477362963e-01
7.762938490675493908e-01
8.817746883986214094e-04
1.401832491591581181e-04
3.011986835493667115e-04
7.703054893422339733e-01
2.183477998394658742e-04
8.439733266965154801e-01
1.983170735283817259e-04
7.493751146674130226e-01
1.776467070477295276e-04
7.259904960336074353e-01
7.724464298939751616e-01
8.693696322201655002e-02
3.245893037709313145e-01
7.492982731008498432e-01
5.261870632764744553e-04
1.018321625528537154e-03
1.444838421306509800e-03
1.838275362707358831e-03
1.618804348339160143e-04
1.284203791248475035e-04
2.160526831350764992e-04
6.809475449724037904e-04
9.994683600063002382e-01
9.994450229816310705e-01
9.993180564481256578e-01
1.294839462109370024e-04
7.863402635766819637e-01
8.124544149779806546e-01
9.427142450764861570e-01
7.384235023140260923e-01
9.991748347916312722e-01
9.079752166799167322e-05
8.516896730051202180e-01
7.434072751231234344e-01
3.548262882528147588e-01
7.804533814801991598e-01
7.742776642188400338e-01
3.169694007885727749e-01
1.062104150098373286e-04
9.974818944912068330e-01
8.434961267795664241e-01
8.264753997318073512e-05
7.874650295636251851e-01
7.097208777694298254e-01
9.877147200465820065e-01
7.744680104526386888e-01
8.343312042588013622e-01
7.883380371869154191e-01
8.557979371769451893e-01
7.030343295162346795e-01
7.069587746035519427e-01
7.919110815853528385e-01
7.304501964485299315e-01
7.392920179996802510e-01
7.209963841730278045e-01
6.798129997516089151e-01
7.892318248940490832e-01
9.299268152760951089e-01
7.795271884254009187e-01
7.079179053363590102e-01
6.658339053159728627e-01
7.954860422157205013e-01
9.973200939550571631e-01
8.372475240375748529e-01
2.972104407455220107e-04
7.501065964800067709e-01
3.204225781030949115e-04
7.420905069173856505e-01
5.746202895828157997e-05
8.240639412596557634e-01
2.770257511591310150e-04
9.938660287419072148e-01
7.870578743787471909e-01
8.117075366270356529e-01
6.730400009120789395e-01
7.360831542899959334e-01
7.743699982334734111e-01
7.508863319715870510e-01
7.454098162890483437e-01
1.464211871470817803e-04
9.763544731408042576e-01
7.140555549808124125e-01
2.294053701169872055e-04
1.531850970540477865e-04
1.869432915205825919e-04
9.325935420466362480e-01
6.626657172107345672e-05
6.774316022492308242e-01
7.078780385909499984e-01
6.711631036761910307e-01
7.563204515391120930e-01
6.741869481072496617e-01
6.839432612492171160e-01
7.654052583585748692e-01
7.257664816260684937e-01
8.357063665644537398e-01
8.528406553787866162e-01
6.366651243308986408e-02
9.978532273830876820e-01
7.803062835914269524e-01
7.980409829151210443e-01
7.358674462893885493e-05
9.701844004914794370e-05
7.856735972147194103e-01
6.730679696573600435e-01
8.843868024670270556e-01
6.005846558248948601e-05
6.342340970418747931e-05
9.249165346660814802e-01
5.100354410738995635e-04
7.416240977599922735e-01
6.569951304272066833e-03
8.181089044205404059e-01
1.612074344625683275e-01
8.535654889026104142e-01
5.003418138402949689e-01
3.055004862819979961e-01
7.584260122842991780e-01
7.478349325019467697e-01
5.739404951079810635e-01
6.798882830782965181e-01
7.741929234134309334e-01
7.151606962687209594e-05
8.336100942253887869e-01
7.083091355522814060e-05
8.147163852209445771e-05
8.433446692116753907e-01
7.438581719215238142e-01
1.128900382547740213e-04
7.188518386557173345e-01
7.172451454688394401e-01
7.918599108197240666e-01
8.344889028866151470e-01
7.815372457396811967e-01
6.655574453677531865e-01
1.195844692379807186e-04
9.986687156692399814e-01
2.120930021242515434e-04
1.881484239418629023e-01
7.386285939546876067e-01
6.791956596146367930e-01
6.659801646281776621e-01
6.796027427479283908e-05
7.323396570500901870e-01
7.777227483663242680e-01
7.532188057031129480e-01
1.978573561712993086e-04
9.067499983404397380e-05
7.511726543673209466e-01
7.994489172406531452e-01
9.949403265809504404e-01
2.260634893864330508e-04
7.147054380613725444e-01
7.740915938016487141e-01
8.179716200807748416e-01
7.402176068581525215e-01
3.932082031414120549e-02
1.329624643834566885e-04
9.769434072512709344e-01
7.733867615356306846e-01
7.185483194110781069e-01
7.914784525601392933e-04
1.483535595190419720e-01
8.086852584536129429e-01
8.130619248912347441e-01
8.771446562319845652e-01
7.702989558332311582e-01
7.881610102570422161e-01
8.331565407663032996e-01
5.854899518552686411e-05
5.682308166123030326e-05
8.242870391693881693e-01
7.858905113956756727e-01
8.546237494197580498e-01
8.790563209430667135e-05
7.384157419788682898e-05
7.423420825759794450e-01
8.419606575602984755e-01
7.294862235888248669e-01
7.415025274514871478e-01
7.514783938680669184e-01
7.724407122265349868e-01
7.707376218669008683e-01
2.202134008764071026e-04
9.241728437442929805e-04
9.948175478059619881e-01
5.991216271967658626e-04
5.638136529673981601e-01
7.810361538715714369e-01
7.769736607438795239e-01
7.730239519414934257e-01
9.672233546491543210e-01
6.911408230006265141e-01
7.497525285295214559e-01
8.280745861315742795e-05
7.872637736714230838e-01
5.691808387993409885e-05
7.844102450755197076e-01
1.057824027075113527e-01
7.783574095181553520e-01
1.966746088877111194e-04
9.992256829778692895e-01
6.684060608753927823e-01
7.542092364240711166e-01
1.323370193785199241e-04
5.820845586563311996e-02
7.225963825429136955e-01
1.666662306983782149e-01
7.831317922203209214e-01
6.714798474928941330e-01
8.737281327108811224e-01
5.823950009614944356e-01
6.869961792009127556e-05
8.204361046425057147e-01
6.607100039729458954e-04
6.801886403119614677e-01
7.043609712727448846e-01
7.572104082684344428e-01
8.407419739313752860e-01
7.823799893308902575e-01
8.111347431636146688e-01
4.173760305269209880e-02
6.858860688670563865e-01
8.002154734646290679e-01
7.863193162658034252e-01
1.402565909625867345e-04
7.526604564666269370e-01
7.048557886017175643e-04
6.845954638943765325e-01
7.743166605882224607e-01
6.261106552344611244e-05
7.313103252348197580e-01
7.914403554010966957e-01
7.739658248858752865e-01
1.085784182268263834e-04
6.140769168742859607e-05
9.978218550661721586e-01
1.334534928426981955e-04
3.147462150529313496e-02
7.819235607089161100e-01
9.972784087819208665e-01
7.114467033129671827e-05
4.634994825583997613e-02
7.275031104297359219e-01
7.391073017098540587e-01
6.945066677335349770e-01
6.835509751752404384e-01
8.475305262759758040e-01
7.573529610385210109e-01
7.528501788507537817e-01
7.753783813118472201e-01
5.513714364798937284e-01
8.730467122118188428e-01
6.889093155646913713e-01
8.168642852895524609e-01
6.677308150349848814e-01
7.481016964653091073e-01
7.877491276533395981e-01
7.552258420570033826e-01
6.895371443295048586e-01
8.139600837537784850e-01
8.106955523471489622e-01
7.240006080720189363e-01
8.419240102402810733e-01
6.520040030440618563e-05
6.254533989122649240e-01
5.989798157997923145e-01
1.163400732808065607e-01
3.566170180443749044e-04
7.194453006001954032e-01
5.141658516836309367e-01
8.263059708011166737e-01
7.917935549362966619e-01
7.399863643297210913e-01
8.470238989605352042e-01
7.526098824337684734e-01
6.700850111036875667e-01
7.358470197584560113e-01
7.163552895627175454e-01
7.851099869966395861e-01
7.206718766013954225e-01
5.772922193225142884e-01
5.281284126437375548e-01
5.932572939527621173e-05
3.632491021692528803e-04
7.819259595773643268e-01
7.765781733380870966e-01
1.201461456336077373e-04
4.846129019178524564e-04
8.589592309812562167e-04
7.086844795366115113e-01
8.087775581058198604e-01
7.472210847148575974e-01
8.184416928001867486e-01
6.943278540698396561e-01
7.741561153600533540e-01
6.844260278813188859e-05
8.203681030118937789e-01
7.595880776470850249e-01
6.850382525020423108e-01
7.980605120835901900e-01
6.508704967635039473e-01
1.155245717816732048e-01
4.981898447853361223e-01
6.140140630451410139e-04
8.044690423276815716e-01
7.773623130192610642e-01
9.972597523250130713e-01
2.869844101425392908e-04
7.855066890731543516e-01
1.245203926889431375e-03
7.536882453340345567e-01
8.232155107313519071e-01
9.234160449663966208e-01
8.274178196231110061e-01
8.278353242994745953e-01
9.876918928529098141e-01
6.988171323358209897e-01
7.966658932686982997e-01
1.394900431224366461e-04
5.242888411506542168e-01
1.142058271049042960e-04
7.949188608198701766e-01
7.778080695657403343e-01
7.691578533990414135e-01
7.493052529915998064e-05
7.671822842463743369e-05
1.696995190584160294e-04
4.002428384532996652e-01
8.024290722532720910e-01
9.993492735110529601e-01
1.371924995755352745e-04
7.620750204669417271e-02
7.987208866759215597e-01
1.285751043068255142e-04
8.064041127018634070e-01
1.000787890483956265e-03
4.251232379289319433e-04
1.116604695104569462e-04
7.829882010393897085e-01
6.624014157382292591e-05
2.354686845499325276e-01
7.129921037330532174e-01
7.986424363501197776e-01
7.875220144604225814e-01
8.133124768874725463e-01
1.509400597283615405e-04
1.437954451227159230e-04
9.823811672586222343e-01
7.681682623006915733e-01
7.835968671689083065e-01
8.034098171787098508e-01
8.120247112644473075e-01
6.064964798761403455e-05
2.456678338217170533e-04
7.499102826964334501e-01
8.310953675910597305e-01
7.299875063678993303e-01
7.257843135650325905e-01
3.102622925118151409e-01
2.550128208526236564e-04
7.193957431557049809e-01
7.204999893702891331e-04
1.232479514893401924e-04
7.987467723672672104e-01
7.696992577470769259e-01
7.403019039563377701e-01
6.184398648479433476e-05
7.838972576206462151e-01
7.817575637523117571e-01
7.753503029500493637e-01
5.339443725505741423e-01
5.618274467096466763e-05
8.293250536917765592e-01
7.810185161529364928e-01
5.448935479646530577e-01
5.342322274673577676e-01
7.452492650826544329e-01
6.164841728031688435e-05
8.255147313774182649e-01
8.402879132294130970e-01
7.790349931055079447e-01
5.713121918008839950e-01
9.004419462316063383e-01
3.672015257972227054e-01
6.923109390848999477e-05
8.307621375924790774e-01
8.165548571250041965e-01
7.103183342147661170e-05
6.782997442664774601e-05
9.787594879616816623e-01
8.007411178754716419e-01
7.863638562052677194e-01
2.048877968823291720e-04
6.711105387392706325e-05
7.245344750883309093e-01
8.119614826053884737e-01
7.702853356316635702e-01
9.972438445175593191e-01
7.558924755684924834e-01
7.922255276933152235e-01
7.778076337050444655e-01
7.807658836413828851e-01
2.605815955152389731e-04
1.837134039789111717e-01
7.756840048491794315e-01
6.195414103457165902e-05
7.859375079717647564e-05
4.116996011374405152e-04
2.358290374907725119e-04
8.272583002759709148e-01
3.081572830196540290e-03
7.699469933991783810e-01
7.959970438258348047e-01
8.097903634013321472e-01
4.563981649674485608e-01
7.434575593313984543e-01
7.329184744342625115e-05
7.876700479109239872e-01
7.975829582582592003e-01
7.839144219480752573e-01
9.669318463259517324e-05
3.044390855679728904e-04
9.404347186705078188e-02
1.594626978679280493e-01
7.704167462433896274e-01
8.107424370429321288e-05
8.346642133805046715e-01
7.596362811586658825e-01
5.743986089342085566e-04
7.856855390791208649e-01
7.159675931262359239e-01
7.869337061315134774e-01
9.739731232823661822e-01
5.270345145912281454e-04
1.018336165272172984e-04
7.786006555458712119e-01
4.204900388577321735e-01
8.285855328235790229e-05
8.524345329841101113e-05
1.038178990508265842e-01
1.469335399580951604e-04
7.934515058017287403e-01
3.033734957098797847e-04
8.145466893615697090e-01
4.448109488584930937e-01
4.436964233199119367e-01
8.533557017275851253e-01
4.507203730894324689e-01
3.993163887157245222e-04
7.769688719568460522e-01
4.460157266807151522e-01
7.051975406609148900e-01
2.116667477555445520e-04
1.953787445568994367e-04
8.735991270862384361e-01
5.874570437824477853e-01
6.383591513575986864e-01
7.803414358953367769e-01
4.325871396875799815e-04
9.544050834190529464e-01
5.920077696660151919e-05
9.070862664144651033e-01
2.215172816171994633e-04
8.301926251389963873e-01
7.353756308005039433e-01
7.982011236891327632e-01
7.644821716467907757e-01
2.363277111813699358e-02
9.958717503641839608e-01
7.246274031273071126e-01
8.368553494364315837e-01
7.829441181604147593e-01
7.862574876013028735e-01
9.563478374972264051e-01
7.324445896811488943e-01
7.927825888592754389e-01
1.878422781693748990e-04
1.148386060759999617e-04
8.653878850989277303e-05
1.119923437569460799e-04
8.190855234212932601e-01
7.626708364129562989e-01
7.816429314635814363e-01
9.539893340906540980e-05
4.274224853019484771e-04
8.423409705526623270e-01
7.330901722444622681e-01
8.301141986222281277e-01
6.046220700308153065e-05
5.526195890065984662e-01
1.187632200401035165e-04
7.948931993712786692e-01
1.560235135648363621e-04
7.162335557504638517e-02
8.429497540472428163e-01
7.459041178950017725e-01
4.218385193885506590e-01
8.025615658827472965e-01
6.653608301515970824e-01
7.197416775253276944e-01
8.281170340066665858e-01
8.217721916315647857e-01
6.977479225090029713e-01
2.983136636368146632e-01
7.521560977477504961e-01
7.818978802387579474e-01
7.341366451384160330e-01
7.616684105039530639e-01
9.858214116233469104e-01
8.222495889230815314e-01
7.190342480721483298e-01
1.412931034825270216e-01
8.440133801552889281e-01
7.834425691236184264e-01
7.710325205287025252e-01
7.695747624214581894e-04
6.913231253651019870e-01
8.502803773449932878e-01
7.429243945043370045e-01
8.324949495601309257e-01
7.329820168739483721e-01
7.487021320024348503e-01
8.157825772572803169e-01
7.300108521332050460e-01
9.655757849988394611e-05
1.116947817567520164e-04
7.954274168690740332e-01
6.968826960959288996e-01
1.931826902303458010e-04
4.828723188090737195e-01
1.164348356502000961e-04
8.029685688171477320e-01
6.660397051307029859e-01
8.168550473697789860e-01
8.039042662539762629e-01
6.659271630885783908e-05
7.060081132603346441e-05
8.090805533828951956e-01
7.787222006177835221e-01
7.769171266351110328e-01
4.449281123460994275e-02
7.659820692408793041e-01
7.581762828616668282e-01
8.472112433729720338e-05
7.341875074099518672e-01
8.189946864912159841e-01
6.903873125917314051e-05
7.593466451963237773e-01
4.017921479552726272e-01
1.389519348189067506e-04
9.190215042973443049e-01
3.172324647841021639e-01
6.716366370419872833e-01
9.682701948648911872e-01
8.602555509723484040e-01
2.059781009875937203e-04
8.492029098174838087e-01
5.743469222604151714e-01
1.219273788672714585e-04
6.823983239063057260e-01
7.882303606079960057e-01
7.760690545312719513e-01
8.352154088299102996e-01
8.367993568139746596e-01
7.307446131495755060e-01
1.406493162634477371e-04
8.193267343380773449e-01
8.841297703793628054e-05
4.318160201133949827e-01
7.099790357506898797e-01
7.844290427756701600e-01
8.158171154895385024e-01
7.261202864642360977e-01
7.752301671405504857e-01
7.049206444442471797e-01
7.719553790307630559e-01
7.814231353061336094e-01
7.186214744925529807e-01
1.241942431895980137e-04
7.980418948052718786e-01
8.058244495995537937e-01
5.848064004675395111e-01
7.869848084788885201e-01
7.815180461020051483e-01
9.909903994475023348e-01
8.592001096703050234e-03
6.861088875267592480e-01
1.124501388918276815e-04
2.231917297231131780e-04
7.771116812818805730e-01
7.998270305265650082e-01
7.593220916772376317e-01
9.993809759199575593e-01
7.107663190354607252e-01
2.547588877960752104e-04
7.442448213931357167e-05
1.832755762648931135e-04
6.814075519519994899e-04
7.790794097304845067e-01
7.107057699687647778e-01
2.610606872919454401e-04
1.510678559448194692e-03
4.892505361376651707e-01
7.888524129503521332e-01
8.438605451620969644e-01
7.898563599078004538e-01
1.291389859255904322e-04
8.325632438171618466e-01
9.951878324585576863e-01
7.180880661530084641e-01
6.551113022772747652e-01
2.038650414626775437e-04
7.466718459783939776e-01
6.942948463180069751e-01
3.262129860859759867e-01
8.517165660308130271e-01
7.282384562313288789e-01
7.687725752694104520e-01
9.975941435887764053e-01
7.359411534060678051e-01
7.968982320881616843e-01
3.682024741855353112e-01
8.208540298780931943e-01
7.195163208833297297e-01
8.012358724958114076e-01
2.138579720137645578e-04
1.594904046319508628e-04
3.073686589512042325e-04
8.430841432551031689e-01
1.821097009459872755e-04
9.522484208412481017e-05
5.413517237465251819e-01
7.514913025261287238e-01
6.932280170687671328e-01
7.818331226888344254e-01
8.760107623708203173e-01
7.931210039972529380e-01
7.321896786633215193e-01
7.379659305931957070e-01
5.981956240739254592e-05
9.977542560498513513e-01
8.411447456260143785e-01
7.045121172951208655e-01
7.501090533775026659e-01
1.972505933234698606e-04
7.232253001275198434e-01
7.342187046221799740e-01
1.988398319496732401e-04
8.206274390188083023e-01
8.917457688759513181e-05
7.958739060296348145e-01
9.572238774629529307e-05
9.915470603358765844e-01
7.373159196674766713e-01
6.890244357660917363e-01
6.864294107326157635e-01
7.750829553283941076e-01
7.838729804069667351e-01
1.106986798265920368e-04
6.570147455361813327e-01
7.466037015558836254e-01
7.741104905761638788e-01
8.519185182324270356e-01
6.657775681046499416e-01
2.316765880617903395e-01
8.528537821807127273e-01
7.660759313984533852e-05
8.093685176152957128e-01
9.644357061811315024e-01
9.840939996943925960e-01
7.717028786317827738e-01
7.839017011757530851e-01
9.983491982153146482e-01
7.736422014439296290e-04
7.252017598648123897e-01
2.587908948463513159e-01
7.454953860446901226e-01
9.870764585770092081e-01
7.646071013301544150e-01
4.473783883879203609e-04
7.113073334607113996e-01
5.281690728898722487e-01
4.720930426258269086e-01
9.995098880871584601e-01
8.184782946499187251e-01
7.415650307352966708e-01
7.543636439338455367e-05
7.899983221670145994e-01
9.165531385329220848e-01
3.238288737047183979e-02
7.782641881568319402e-05
7.483233544220319056e-01
7.719957875220259114e-01
7.255543192458075996e-01
7.573633985157866011e-01
6.315974165677274987e-01
8.347086337523186295e-01
7.077946159540934312e-01
1.962635416364259106e-04
7.193293635382216333e-01
7.127089438038740506e-05
8.001850461265230807e-01
7.629971688442297451e-01
9.968704992133030629e-01
5.971359080223728188e-01
7.492734514155421355e-01
2.357052965342383011e-01
7.543020082122912689e-05
2.627291786422217409e-04
2.166520463172235875e-04
6.386265470322096682e-01
7.735421127716778367e-01
9.976369570567317213e-01
4.093057073894384446e-01
8.330837818421465979e-01
6.426120803279581351e-01
8.020730591292055678e-01
8.090083859045706927e-01
6.698170227861154347e-01
8.439327212748999330e-01
7.590064311495937632e-01
7.492436519646001880e-01
7.386322779732719113e-01
7.209865694728637697e-01
1.940999376840546562e-04
7.914641942701168276e-01
7.377049576147759469e-01
7.218520810875257432e-01
7.232482618669127117e-01
6.072792749264415146e-01
7.981392701939398204e-01
6.978201320421274501e-01
9.418149218073790241e-01
8.159339158110556767e-01
1.648542157906996580e-04
5.601809201262971660e-01
6.670103744455420092e-01
7.760023649800437129e-01
5.941484702370990467e-01
9.390280268137178865e-01
6.571724230799631528e-01
4.995057683493856482e-01
4.702681926418229353e-04
6.279699293497771340e-01
9.994656372304648873e-01
6.210693154470690999e-04
7.287304625155119897e-01
7.340364848094889094e-01
7.728335482015125102e-01
9.297711512308176357e-05
7.478411740820557485e-01
9.061484207090823840e-05
7.856251164174706814e-01
7.936578244795766679e-01
8.406135772660217238e-05
8.261961919438631785e-01
7.598788274703867085e-01
1.467162770393796599e-04
8.450219477112203004e-01
9.961118647912737822e-01
9.170804383270795279e-01
7.208026082878122853e-01
7.571517850588995735e-01
6.547080811372220088e-01
8.068909468701442878e-01
4.458482411000944698e-04
7.858188955702938294e-01
8.832353454566473916e-01
8.005310192742645103e-01
1.138434792754743568e-04
3.013086924165383541e-04
2.308988931609610410e-04
7.092424583413491357e-01
7.171709759255225913e-01
7.973119234211600848e-01
7.300860957773472881e-01
4.829938232699191171e-04
8.473503189825017934e-01
7.658947981804641314e-01
7.307255336211186947e-01
8.232835158928528685e-01
9.930876041206292415e-01
2.611052179898771253e-01
7.459553429331559071e-01
7.273863269890318284e-01
7.554803238180902714e-01
7.179963115506216020e-01
4.907082306676575738e-03
1.112480183284583963e-04
8.203814772824953305e-01
6.563825041328474885e-01
1.302832094737082353e-04
9.122046288630192290e-02
8.138736288853335443e-01
8.253618421906118163e-01
7.707002539081603265e-01
7.455941049649117121e-05
7.367699971288950156e-01
1.377593977162181122e-03
4.760302975412704640e-01
8.289891298496855354e-01
9.945500295811684488e-01
7.894455567541752705e-01
7.500620568423664869e-01
7.752019384150198311e-01
7.809426809989006291e-01
1.399756169392050165e-01
2.095985709922340012e-01
7.847869575638024564e-01
1.155003750919141823e-04
1.262529781133797430e-04
9.230095407499702143e-01
7.617744517039403140e-01
1.279782208053837429e-04
7.149896349263774598e-01
8.176844852736853131e-01
2.445680000822163182e-04
1.737246605835567330e-04
7.794659710118668761e-01
8.118590743916931363e-01
7.915070974909292900e-01
7.173158873016357573e-01
8.474007006758410565e-01
9.976709182188983061e-01
6.745726156176558839e-05
8.127854926519583190e-01
8.031818521040279268e-01
4.312735359391773882e-01
3.911525954639057112e-02
7.962193885780545211e-01
7.264445520256826785e-04
8.123907391243816445e-01
7.688975382992179197e-01
8.291564289698285517e-01
8.357843917873415407e-01
8.182944720746712086e-01
4.486058220483045422e-02
7.551182384800287917e-01
7.955825029467362697e-01
7.831352057447584780e-01
8.097283876235189526e-01
8.359198563018167549e-01
2.317300186573829088e-04
8.657419252812111887e-01
6.600120849750976681e-01
1.070668317751778491e-04
1.114907453139928192e-04
2.822729643258440890e-01
7.739989897065178148e-01
8.443704401775637969e-01
2.358934082565203594e-01
7.478048906091899761e-01
8.276500898790810634e-01
6.222823511343281459e-04
8.120378791404740948e-01
7.403824653952651726e-05
8.069411646735812349e-01
5.878739889190223167e-01
8.436284429543332575e-01
8.018670243075255444e-01
7.878237429420466009e-01
7.282352343380827930e-01
7.281467229944349473e-01
8.289900056942852702e-01
8.254842894707649092e-01
7.994012564768377960e-01
3.546167531382249968e-04
9.983359495402563955e-01
6.297881810721574257e-04
7.077562321682516755e-01
2.192829238980366401e-04
8.403518931443054729e-01
7.299549598072100354e-01
1.224244140948459042e-01
6.228855071690104800e-05
9.384319495752834195e-01
8.512210529794751457e-01
8.536699778366168001e-01
8.322561833681490833e-04
8.274438011024690676e-01
8.131173926490932180e-01
7.935776723710597977e-05
6.530377641395395695e-05
8.272098127284907010e-01
4.491467033239588996e-04
6.129869815630526418e-05
7.505862644709230258e-01
7.540544202601437984e-01
8.353145599534447241e-01
9.039084471469946980e-01
8.568603126332983155e-01
2.975646896118047256e-04
7.728698983655170052e-01
6.678469844243313741e-05
5.989689466953544983e-01
7.959629621858351767e-01
8.149571000147260991e-01
8.754608222382588290e-01
8.370639782244493343e-01
7.383624779294044593e-01
7.944103335762203082e-05
6.675758197291354890e-01
8.550119312985856590e-01
1.549013967216648642e-04
1.015094766303705273e-04
5.880884068932067208e-05
2.151600484103129423e-04
7.885672418192670730e-01
7.144355963366803008e-01
8.282798146120898819e-01
3.086668192359563918e-04
7.322787646717593142e-05
7.039505700976356195e-01
7.526827655599088729e-01
2.072688192255485104e-02
7.957323178860351565e-01
8.009763714588783445e-01
7.425902249896542129e-01
1.329530837889672523e-01
7.959710497253975614e-01
7.989388613459422750e-01
2.127658243764133652e-04
7.757422490695766726e-01
6.304846247227286838e-04
6.938106684081929432e-01
6.547599069851763043e-02
8.495315455802966431e-01
9.977838293156463534e-01
6.975837436060609148e-05
8.133194987662127216e-05
8.592223656241223528e-01
8.147446331243259898e-01
8.419293152994969942e-01
9.913061334535447910e-01
5.450657614979995680e-01
6.415048755156647572e-05
7.665287239921142470e-01
8.332405405173699542e-01
8.169498126155639861e-01
9.939744119481859208e-01
1.534467266701471859e-04
8.019897436439963334e-01
1.201505933192976977e-04
8.280529863680886615e-01
4.429152168680477683e-04
8.343054285894667688e-01
9.979364737010056052e-02
8.104523443791546988e-01
7.753531029818715448e-01
7.714834111638500368e-05
7.699522643908806030e-01
8.236230827196151516e-01
9.958019407436941028e-01
7.203101822567613555e-01
7.643409714810689426e-01
9.397120973716402981e-01
1.670888406754003294e-04
5.851835305058573943e-05
7.518384574102727758e-01
7.679219404090080747e-01
7.894534576546432536e-01
7.172789992645639545e-01
7.945787731274066568e-01
1.673040357694525950e-04
7.493020105384695650e-01
6.475576347359911500e-01
5.349629426195849722e-04
7.702170859036259198e-01
2.243969392069045804e-02
6.953525726723882583e-01
7.611050695841958813e-01
8.082770182498202338e-01
1.239420125622296177e-04
4.491406818193391381e-01
8.236314002409698132e-01
8.258921510236016950e-01
3.762178520680622418e-01
8.148720453722243517e-01
7.777639191841202448e-01
7.716234340220264887e-01
7.246860081375443574e-01
5.327228796210838838e-04
7.753137091195048125e-01
7.911949755585463429e-01
1.802838530468888454e-04
8.230905658909649647e-01
8.607262027360491619e-01
2.187486678007774857e-04
4.563272171128744149e-04
8.144446518234143007e-01
7.922444213379243871e-01
6.907876477772775087e-05
8.519185990985485291e-02
7.901289096369408238e-01
8.064905471448275964e-01
7.723801911609806670e-01
1.388933161735055489e-04
6.109135795069349896e-04
7.028286937980680049e-01
8.361716861745506213e-01
6.724407018429879868e-01
6.943372051807073344e-04
1.154214950921322673e-04
5.733458321291102777e-01
8.105126835389805384e-01
4.302838695741465760e-04
4.746151237698495212e-04
2.563315775054711204e-04
1.577211088844080714e-04
7.907328579278279923e-01
8.992160426802088269e-01
8.468793738423347818e-05
4.331976184181226541e-01
8.452070176783760269e-01
8.526244228507434686e-01
6.967968772425779103e-04
1.485937212216135450e-01
8.870303309412999680e-05
2.126910125387237625e-04
7.438731164289417164e-01
9.988949050361919380e-01
7.190295575930685246e-01
8.387495589203146640e-01
3.140472751553677333e-01
8.599906333253070079e-01
7.762670890437682880e-01
2.771945520409663547e-04
9.950825942566550175e-01
2.820725627584730333e-04
6.648124297013454642e-01
7.243291359454596678e-01
7.802757091220580143e-01
6.920544098218369689e-01
8.946097842921174603e-01
8.890985812459094584e-01
7.562615414961516569e-01
8.120198934579212491e-01
7.678450596575799869e-01
7.256295723428617395e-01
3.906853195103661804e-04
7.735394519480361941e-01
8.033646382185414270e-01
5.717045344765276250e-04
7.147472279850559662e-01
9.993693012325884917e-01
7.789853077504887979e-01
2.009334395406386768e-04
9.177013668503180011e-01
7.811619140979980669e-01
8.111828272296649489e-01
7.353411765722560611e-01
5.256893870181958937e-04
7.473647947807499840e-05
8.325559066980589007e-01
7.069460767683892705e-05
1.442975820518893702e-04
1.187668554393098228e-04
8.305994447792324209e-01
8.232753665929122278e-01
8.685593588150244352e-05
7.965194304176430595e-01
7.958576370214053286e-01
8.153776359318107847e-01
9.929860374065968553e-01
8.536537014283614999e-01
8.539587299939491727e-01
7.308568664423950958e-05
1.605242333063078633e-02
8.511158713700871514e-01
8.363915897450147074e-01
5.244467814504343295e-01
1.053301043697527995e-04
9.235171472897695244e-01
8.167054200005096076e-01
5.843310273919671529e-05
7.215760035088959468e-01
7.727884185512214898e-01
7.597530930304946528e-01
6.840081320038635670e-01
7.362706558541307622e-01
8.202092251731631922e-01
1.176027230801987046e-02
8.856482637556593041e-01
3.701092001303439294e-01
8.223269784742194277e-01
8.269706276426106450e-01
1.469072667520858011e-04
5.767482362360934733e-05
9.984885582848888053e-01
8.569702288770937315e-01
7.910709622097549243e-01
6.237487716016917524e-05
2.242493879438163269e-04
7.866812652896186813e-05
1.172957252224753153e-04
7.919662945194796411e-01
9.887698903787939253e-01
8.384932881985115438e-01
7.787879879755151835e-01
8.462532633533312865e-01
1.608657440240896517e-04
7.353088978838963341e-02
6.054333798828912997e-05
8.409398561679848338e-01
5.863674065535120659e-04
7.677739975869771749e-01
5.498070273253682361e-01
4.653183477988444561e-01
7.027317258428192881e-01
7.864511354089867012e-01
8.361278988282849767e-01
8.396486189870835393e-01
2.249496631896356989e-04
1.583551762860044819e-04
7.913838660570463590e-01
6.991793917091093441e-04
7.779976590957414784e-01
9.968714917858241265e-01
8.424373790669773543e-01
9.991275751046154729e-01
3.756783521653411784e-01
9.985353996746800798e-01
3.669020032071491780e-04
7.107742780724872755e-01
2.237532832371078306e-01
9.952631855177614950e-01
6.531139787044279183e-04
7.689583627409620759e-01
8.251896614933422747e-01
8.285518653982216764e-01
8.567839379126668264e-01
9.987430066354840985e-01
7.708470294883504881e-01
5.955078350602976966e-01
7.857503208878425793e-01
7.782326110762839422e-01
7.894224576281428929e-01
5.879373673671990717e-05
8.112633074137797218e-01
7.993917329984789877e-01
8.461014247386100529e-01
5.600224958634935080e-01
2.247647029619420644e-01
8.155311273922450921e-01
8.087141787266489690e-01
8.665965186938847653e-01
9.396135427832514875e-01
9.240318346423578300e-01
7.943938593203776488e-01
5.666475304701381610e-01
7.258822596263669880e-01
1.559114727669917927e-04
2.133167091096314352e-04
6.010781140395539124e-01
9.946998120685605072e-01
6.529718040234773202e-01
5.842765847338337037e-01
8.341499242910580536e-01
2.373010123788303930e-04
8.030032718316555407e-01
7.925666970491285213e-01
7.724998743065949469e-01
5.145371558473611495e-01
7.716201613184337513e-04
8.465598893063297492e-01
7.408224061454027343e-01
7.829026877085552005e-01
1.815086234122156601e-04
2.957264247201888407e-01
6.855624233196333517e-01
8.452083180698792830e-01
4.379508048544654697e-01
9.989881375187299462e-01
8.316034200718741554e-01
7.802378595110978088e-01
8.348116396418375773e-01
6.681770649841626275e-01
7.057851214343398016e-01
7.857545959898484256e-01
8.085205259536329958e-01
7.604747705471884833e-01
8.348355355415294499e-01
5.700513678363824388e-01
4.857821649394771235e-01
7.526422204733246302e-01
7.933879902632143821e-01
6.484804231123710114e-05
9.989841740362648270e-01
7.489639698265633250e-01
6.774175616771239694e-01
7.744315504420885565e-01
7.754457972031411073e-01
5.931127923527182988e-01
8.347191792360313389e-01
7.498999495662292958e-01
5.596464832246407228e-01
1.209295254947434435e-04
7.804082944336947492e-01
8.105654379270458287e-01
6.803605652214330668e-01
7.204468773355268141e-01
7.444147694756657607e-01
4.114609092786675887e-02
7.851227291320895807e-01
6.264546104701590457e-01
5.600473174171733959e-01
2.767479926227011111e-01
7.918638495847735159e-01
7.007923526798755058e-05
9.129788477440383787e-05
1.260590464851373826e-01
7.823878762197289394e-01
6.944530260994170590e-01
8.753181702567670586e-01
7.952879142373071586e-01
7.875498652670225308e-01
2.938787993488278729e-04
6.447543439508954810e-01
1.749896431450229301e-04
7.799173753106979357e-01
7.447300575779197684e-01
1.537823801001334011e-04
5.558645314041982255e-01
7.843452621250901480e-01
7.741352728272374861e-01
7.640817291293044988e-01
7.465851256774893585e-01
2.257026669906690372e-04
7.053148747829131038e-01
2.162963614017699050e-03
4.534263500997143476e-04
7.869633994222763329e-01
8.023424396298283190e-01
2.840845551229604360e-01
7.546075101672832242e-01
8.192967825379686708e-01
8.373504621663183656e-01
5.634378177064430635e-05
6.294094195401446674e-05
9.899756373921206887e-01
6.982491608696461520e-05
5.651013808625515077e-05
1.049776040104860716e-03
7.792922353486824161e-01
6.896108395972260219e-01
7.779062757823494989e-01
9.432859079910749234e-01
8.554600640624373531e-01
2.523726913876507272e-01
8.456838268122419677e-01
8.358361429859120229e-01
9.037436530158869533e-04
8.147613270894601412e-01
3.325670970768904470e-04
9.074581088185562552e-05
7.684931777967194400e-01
7.877757817250338190e-01
8.046993385167408031e-01
4.505018881121315988e-01
1.180484349550923878e-01
7.090245509241824839e-01
8.319902557089151607e-01
6.936752587964581940e-01
6.513974998873403033e-01
7.794599723709939587e-01
1.156450841056516778e-04
9.271662946004524241e-05
6.201784558735314804e-05
9.977275878226429251e-01
5.674897937621615910e-04
7.603978162342740488e-01
8.549359058342833606e-01
1.250625775420650108e-04
9.943322811462161903e-01
7.456187612128214459e-01
5.973361862677828427e-01
8.082977906589704498e-01
4.709441815699855205e-01
8.315452002758033645e-01
1.677399684634278132e-01
2.609337063379641147e-04
8.086861518888789346e-01
7.462793066031665479e-01
8.550201222399554934e-01
4.069764944595346545e-01
6.313616529942517579e-05
2.368275283804719181e-04
7.458157840701449270e-01
7.769885781202856556e-01
9.386487325056372955e-01
7.671914641196595497e-01
6.529702936801535795e-01
8.000680982245577111e-01
6.861446388996399470e-01
8.140897170622273249e-01
8.286655758425470752e-01
7.583478649303179164e-01
6.940017271802416117e-05
1.312729657111701967e-04
1.258886291034978636e-04
2.654997603821612480e-04
8.108427103641132616e-01
7.987369330609775941e-01
7.445763871506831943e-01
3.024118690225313330e-04
9.927757642405117267e-01
1.659397072847778763e-04
7.846870652198471019e-01
7.748902908553894076e-01
7.283306659452981613e-01
8.099506459006905468e-01
8.556583223006981598e-01
4.179692493957661847e-01
8.339783319800219141e-01
7.978322993110638084e-01
7.998891255363701491e-01
7.822391772476544602e-01
6.747021086316186134e-01
1.048491701731345071e-04
6.922258673576485721e-01
1.459753166637794920e-04
7.176026218405291424e-01
7.408612172239465998e-01
9.950160509123077146e-01
9.987479275336736961e-01
7.890288831467996422e-01
8.308469419612490858e-01
6.801549826418387549e-04
9.975838600627177088e-01
6.690880019795513167e-01
7.782991478484860837e-01
8.659299649470402205e-01
5.963314828125462161e-05
8.173529759575303144e-01
1.312659108818634100e-04
7.890210753156754464e-01
7.021406883248101360e-01
8.357838730299448071e-02
6.729168897552428863e-01
8.281737243237543566e-01
5.081927921058359762e-04
5.243719353649074202e-04
6.755106982226517494e-05
7.904318728928549920e-01
4.756995717852132528e-04
7.335562739092083007e-01
9.986378122754496767e-01
1.142877816027971718e-04
8.248915896385068391e-01
7.081051313906076006e-01
2.389296348628750009e-04
6.860250081428992397e-01
5.870944102153330158e-05
7.973938857699760518e-01
8.165233107662291934e-01
7.710266428300502906e-01
8.155466496198426473e-05
8.621465605394469378e-01
2.899084417367753762e-04
7.952956708525196206e-01
1.577453585600551973e-04
2.808688502597213588e-01
3.051185163965072626e-04
8.070351110075740797e-01
9.985092337809089447e-01
5.795031157964762738e-05
5.508431553595513662e-04
8.348811577996818611e-01
6.277107392079752657e-01
7.591399861270252680e-01
7.647580682997429352e-05
4.982632159440134600e-01
1.336494922630508046e-04
7.346050025112391690e-01
7.874760996138268077e-01
1.923487466162148440e-01
5.855653614399137785e-01
1.610250818044220156e-01
9.977619074038043268e-01
9.974280809285858140e-01
4.267397556648202498e-04
1.032968310890693581e-04
8.369125174759399766e-01
5.846681609356716699e-05
8.272077951745725466e-01
8.037710685579630976e-01
7.863117397626731009e-01
6.650771606803713709e-01
6.654957604805714435e-05
6.337138919534614440e-05
8.526641258031798509e-01
8.012956857106912079e-01
6.611075629431311107e-01
1.922670939759916554e-04
9.980584195805841663e-01
8.384371286160189340e-01
6.031532307495804303e-05
7.558751810871916499e-01
7.891890666377152641e-01
6.893434167568994742e-01
7.867835762880142081e-01
7.964767501708764907e-01
7.452110983240570752e-01
6.020137298216598094e-05
1.319612519526077224e-04
7.706566703408346264e-01
5.626793940390337756e-01
6.803669427424905022e-05
3.234095945004071613e-04
6.444289234414321576e-05
9.999266747284290744e-05
7.718931430221940282e-01
7.234695698394298935e-01
7.327163616487638587e-01
6.652044629332806158e-01
8.334009218645884731e-01
7.183890570398634434e-01
2.479111951361408803e-04
7.985704489932307082e-01
8.479545860493232778e-01
7.511658374319302167e-01
6.792493399030768986e-01
2.136273306108731895e-01
8.326476220153659069e-01
7.816379218992551836e-01
7.600878229485742432e-01
7.811982523596820993e-01
6.982363626226401141e-04
1.108902693700052685e-04
6.839772786029677532e-01
8.110384406700245352e-02
7.586304014480735880e-01
8.350641519102292021e-01
8.641231555397151931e-01
6.693617085384649945e-01
3.528017766589184867e-01
6.112293944148113837e-05
7.841754922222321511e-01
7.427270789852129518e-01
7.362768108485526763e-01
7.830316184711380023e-01
6.926882462832059106e-01
7.478256987818743262e-01
7.180094713254686623e-01
4.692792306083414661e-02
7.795262930555456604e-01
8.045540486637137167e-01
7.985010067816503687e-01
7.976950380919012318e-01
8.122102396999762997e-01
9.071509910211444927e-01
9.956270577323245163e-01
8.333195621002528197e-01
4.244010844631975615e-02
7.465351547094556395e-01
6.689169114824005113e-01
5.317873886177686416e-01
7.802309079792838498e-01
7.857702179396216513e-01
8.886024207463728564e-01
1.098590920813692287e-04
8.449228424429614526e-01
1.519314802782777661e-04
8.156256006695963290e-01
8.459460346428906150e-05
4.327278540233621684e-01
8.096637754903771578e-01
6.395649799565194052e-05
4.647238266849684218e-01
8.212279153177541868e-01
8.169306226366320756e-01
7.347451768738438860e-01
1.248310439359080759e-01
1.130312997740341371e-04
7.860669306070485751e-01
7.415348885539719561e-05
6.872016963061542416e-01
5.118465787649896237e-01
9.976341674488469202e-01
7.866723008558665908e-01
7.880499092393230542e-01
1.204183665161328307e-04
7.358349595083139016e-01
8.421847295244021536e-01
6.418890306700675286e-01
9.985896191316570025e-01
4.799170139329332341e-01
7.999934458429086570e-01
8.171883705059023173e-01
7.595714271688566166e-01
6.615768340589351926e-01
3.422487454169010346e-01
7.881823447329483479e-01
1.423163932585037039e-01
6.715930454749639011e-01
1.039564752488051995e-04
8.079855467667309554e-01
3.146521543270984211e-01
1.525014924459366309e-04
8.150716331652542168e-01
6.752730472502488368e-02
7.866181906240944377e-01
7.392156589898847274e-01
6.292343219906184615e-01
9.987757729369913795e-01
8.153100069441910902e-01
8.082245312204086041e-01
7.956004282854484133e-01
7.736919566605126031e-01
8.457204094524460869e-01
8.317644322725572525e-01
7.635507297698265194e-01
5.043122851944468188e-01
5.351497234126839858e-04
7.294232664039997029e-05
7.818708655587357503e-01
1.653668028286781999e-04
2.445941431364280771e-01
6.633781580788395971e-01
8.790059653708606746e-05
7.046755685422385277e-05
1.719378244890298196e-02
8.414110073594259775e-01
6.756458066092393411e-01
4.147898612030463108e-04
1.209494483601410847e-04
1.544385296458453984e-04
1.054312482038913869e-04
3.857181464430849355e-04
7.506201378591598194e-01
1.352159237094360605e-04
1.526222396260055189e-03
4.689898121408390685e-01
5.725124997891999357e-01
5.982110060836817039e-04
8.319241302214400724e-01
2.096143368248132961e-04
8.059919323320400642e-04
1.118700596316611756e-01
1.136346295958950211e-04
8.280806200862994570e-01
3.177279054179141075e-04
8.073268043292629315e-02
1.337540971802380935e-04
1.635892184288504280e-04
1.590188081482032251e-04
1.275032414470251088e-04
6.262383808854876904e-05
8.335703814123252009e-01
3.562275132998312722e-04
4.363017598393456598e-03
6.519049734244426395e-05
6.573105725898238422e-05
8.424401201975244557e-01
8.401953388675572620e-01
6.923103732133895072e-01
7.476390006634859864e-01
7.907242952160343785e-01
7.473000615208709755e-05
7.488434010373190347e-05
7.449685125723695123e-01
7.809893436333265049e-01
8.184098385200005987e-01
6.750091387141247123e-01
7.854214012468737627e-01
8.380375517539545571e-01
8.440977160162830284e-01
7.270464896612116590e-01
8.000386735489037034e-05
7.217035270670723035e-01
7.812490801421797526e-01
1.923564681617322537e-04
4.587572944590164272e-04
8.099315079874784828e-01
7.972257808489732200e-01
7.260558574914595109e-01
7.614831170273788361e-05
7.921450541049435135e-01
3.302524011401168913e-01
7.856651850138923754e-01
7.739138388321539219e-01
8.193904247439640631e-01
5.736146990611186712e-05
8.093662585726111303e-01
7.768199187587823129e-01
7.398370511487791790e-01
7.827285126013748817e-01
6.730027228014686669e-01
7.894585861904444002e-01
7.852708795709238965e-01
7.181090545008654959e-05
8.618629119786762605e-01
9.361979150618779943e-01
8.018819074878151820e-01
9.994151691715496000e-01
5.651034107311957433e-01
8.012239908336487026e-01
7.729339365416759700e-01
6.958342097657818082e-01
6.552978065035552913e-01
9.979371809314218078e-01
9.993882740874464599e-01
7.681157614341861395e-01
8.081908471127577931e-01
6.940332743606035804e-01
1.740599737098816942e-04
7.929517969135287947e-01
9.991750569676930427e-01
6.386867774030074996e-01
7.883889738509709533e-01
7.914356613137869534e-01
8.353147861131279273e-01
5.780624888275274565e-04
7.958356155808596899e-01
9.942421313108746883e-01
7.903594819968179364e-01
7.218543203648554174e-01
7.972224106685352751e-01
7.871217448881151491e-01
7.733397583039179901e-01
7.696290516751402855e-01
8.426144951104713732e-01
2.536228030642479481e-01
5.072338414772916554e-04
7.755706410358137459e-01
5.267985475856795663e-01
2.904994442895774687e-01
1.552443630564828735e-04
3.817871147882132454e-04
2.000275374900377758e-04
7.336179699133673626e-01
7.809498628711057933e-01
7.693690689288688878e-02
8.096247293937419709e-01
9.983864532080768406e-01
6.131056633938566046e-05
7.825206421240704646e-01
7.473216630320886900e-01
1.561764453847681324e-04
1.543055414633981600e-04
6.229926418467998661e-02
8.164233165013006221e-01
5.930139301500494398e-01
6.132493905243735640e-05
8.039857065773733380e-01
8.374122807818619174e-01
9.991785807199312641e-01
7.787413510320910781e-01
6.380441066230948532e-01
8.462000582896074263e-01
8.353951378204752531e-01
2.672450999073572829e-04
7.789828175775749264e-01
9.988008054514559975e-01
5.304037554217366779e-02
7.550343989609138067e-05
8.132584493013707005e-01
6.941829173393416162e-05
9.990640088736156832e-01
1.087976073533668947e-04
8.670582280537077050e-05
8.159181185551162008e-01
7.659309914459632163e-01
7.598706279251603579e-01
7.999670807365150127e-01
1.029266259905905210e-03
7.955311639487675501e-01
6.526806509018401314e-01
8.105545945111817252e-01
8.216038408617529765e-01
7.650310278005065800e-01
1.048135708596013849e-01
4.262957686046559558e-01
7.446283619239801865e-01
7.805586245602867956e-01
3.905719788208875665e-01
7.709775902147673055e-01
7.925026997086734304e-04
8.064435342090184866e-01
8.152425221612243922e-01
7.257238465176014675e-01
7.662476416371629684e-01
7.413731084798621529e-01
7.829963880147213784e-01
8.394145500312754082e-01
7.234799089391209526e-01
7.853150543922521321e-01
1.993229728381141434e-04
2.268212989687550148e-04
8.034783117713892864e-01
6.416735761627140322e-01
5.630054759490930039e-01
6.846039339581957428e-01
9.977762130483571745e-01
6.620244636059359200e-01
6.761044821587972597e-01
7.795509600180038356e-01
8.411563550598739614e-01
1.231966744859310599e-04
1.056843401973711931e-03
8.272109209625977400e-01
6.699302358130698742e-01
7.889745487823379699e-01
9.986581833802450348e-01
7.936394369940620308e-01
8.073841021566114939e-01
5.142908083878222148e-04
6.428049116516210495e-05
7.353803572861726812e-01
7.700924247480221974e-01
5.411996104895442361e-01
7.981025776502644886e-01
7.734382816488748480e-01
7.830216432827248330e-01
1.312312518431545572e-04
1.144083913409604304e-04
8.290631592702142338e-01
9.990488399408726794e-01
7.833918592247912649e-01
1.271283486824807631e-04
7.844576276407762006e-01
8.413180100458449440e-01
4.922512370526523767e-02
9.257773752442622905e-01
7.861893438567945092e-01
6.666537750960418451e-01
8.383641892644010385e-01
3.546084158240310757e-01
7.613954262658120253e-01
6.348448605795948829e-01
1.745336293951754020e-02
1.878905362500003697e-04
9.977456474366799277e-01
8.126945041060926744e-01
6.351922080201938161e-05
7.318254838676592211e-01
6.967024862369129989e-01
7.817961526763302915e-01
8.261385342078595428e-01
7.854038841184559638e-01
8.272930078299013390e-01
7.221321588690785553e-01
6.138670075026404728e-05
7.905153776046519587e-01
7.020232067519243113e-01
7.636616766359486386e-01
8.616768829986783951e-01
7.568821607251626795e-05
7.940738216634393165e-01
7.113390297501648307e-01
9.910225941604676736e-01
7.128165659153421485e-01
7.498572767038200748e-01
8.405883376577262256e-01
7.669677931301089879e-01
7.959996338857477927e-01
4.606345673408747121e-01
4.396287428204262993e-01
9.886809871263835367e-05
8.003988643577137907e-01
7.854369879265480359e-01
4.843517316196843669e-01
1.157708846575885991e-01
6.898350902774713633e-01
7.991473130685778914e-01
7.660865828589016324e-01
6.027360626885521817e-05
1.818648529898400624e-04
6.820040210477457121e-01
8.114094220262508816e-01
6.690770109507093721e-01
6.878828263965854894e-01
1.429609400554912677e-04
9.727418281960524826e-01
7.314963657124098351e-01
8.310441738623939312e-01
6.954542142239985116e-05
7.635750972907128231e-01
7.929520794962063857e-01
7.715992159106094261e-01
8.205561542628265759e-01
2.084646990661279575e-04
7.802692360492762269e-01
6.884472696723114016e-01
7.979529368570396075e-01
7.914974610427986113e-01
8.539691870017971365e-01
6.802184192397839890e-01
8.618350867408475224e-01
5.364784474593919938e-01
1.320476770610828899e-04
5.540202659868468382e-01
7.105466840436456266e-01
7.913621815210435395e-01
7.300413486549132136e-01
9.000554055707272582e-05
7.842626076542333902e-01
9.957036166117262388e-01
2.184539505544863813e-01
6.013590026500567691e-05
8.173299722145997981e-01
7.940356630058682530e-01
6.839673335524875109e-01
6.897828522800252271e-01
9.903867805472078567e-01
8.357338129629856560e-01
6.664010039734450386e-01
7.550991982078582093e-05
8.042113743836304396e-01
8.286180817349948491e-01
8.055387099573598775e-01
7.860326838037208219e-01
9.986443358572100193e-01
9.958159419159311465e-01
7.567534764508873080e-01
7.529890453663371508e-01
1.430962876892774849e-01
8.926392552442674025e-05
7.218204638572093268e-01
6.466317763868644896e-05
9.975115689777761530e-01
8.064051757511837559e-01
8.091575686337730833e-01
6.742041979016114572e-01
7.965664532009912868e-01
7.542567825953874205e-01
7.995329747584923874e-01
8.075476249504224269e-01
7.856649834240462260e-01
8.705693617050301869e-01
8.530495569330664345e-04
1.281969270734608507e-02
7.745975384812756603e-01
9.961921405173220778e-01
6.271110426687882551e-05
6.446876471093362113e-05
6.281239170106318068e-05
1.319022690854325108e-01
9.861413856485348184e-01
9.029799237630483644e-01
8.024489774782003204e-01
7.753350015682958229e-01
7.206286811057195374e-01
8.106243385477340802e-01
3.657229659547829581e-02
1.262097369850692374e-01
5.101954575158205163e-01
4.877900364074636563e-01
7.141567250027535119e-01
7.303805575132371608e-01
7.539026244641745533e-01
9.991296044298502155e-01
7.320839303094572870e-01
4.512167763275617416e-01
8.412886194573284682e-01
8.284249216527466153e-01
7.769607154588998865e-01
7.399166373492120918e-01
5.857734614966733089e-01
2.951402454156698552e-01
5.426561976452688729e-02
4.337643255545651777e-01
8.177760740554210761e-01
7.915742353772752260e-01
7.659275458778322943e-01
1.465695751181966225e-04
8.564717158676114523e-05
7.311295746835703158e-01
3.926833212033206677e-01
7.241348966312373125e-01
8.257954474054670646e-01
7.897266895064040115e-01
9.986326125303225387e-01
1.162537861345256133e-04
6.289058273836597435e-01
7.926741868553185411e-01
3.155847784035484827e-01
7.772205894956955019e-01
7.703730123150340781e-01
8.692233413838150653e-05
7.787504128202438203e-01
7.653753379171626126e-01
2.033380304128176164e-01
5.939923415593129655e-05
7.242633112205369983e-01
5.020413154741293349e-01
7.136809895985460894e-01
7.472152158350400253e-01
8.588701426391887050e-01
8.047448891051599551e-01
8.438729726372453666e-01
2.763244354481511622e-04
1.055901946879452192e-04
9.434409911944114670e-05
7.876679307937214380e-01
6.025033772286269018e-01
6.690316651530031633e-01
6.815489056000707535e-01
3.290558877712934094e-01
7.625185938807478303e-01
7.809931998000342324e-01
9.507500165267657177e-01
7.872605986879599449e-01
8.919576659193451107e-01
6.527486898722167918e-01
9.975339567270522512e-01
7.338844022954809088e-01
1.018574423212368317e-04
7.664912970995420016e-01
8.192255775811975171e-01
9.930846603564106312e-01
7.884687817215684236e-01
8.207192304804095248e-04
6.588208299843030307e-05
7.283723971769088190e-05
7.032949679862293452e-05
7.869897582368038380e-01
7.490824904975408316e-01
1.335461043266224397e-04
7.227629880750100488e-01
8.166203776473291986e-01
6.582885224339868964e-05
7.927872830829553084e-05
1.268123254739612232e-04
8.237184022390198201e-01
2.184313418944711371e-01
5.545878556173616802e-01
5.956656876950177093e-01
7.929328018647615606e-01
4.478045653474918009e-01
4.877986183968291943e-04
7.349454820474649042e-01
8.102085172467710095e-01
6.814504063088463459e-01
7.760801600427426046e-05
8.458424385007184965e-01
5.079693524738130295e-01
8.539773692013578055e-01
7.965333587760764500e-01
8.058635403005796061e-01
1.936788918868813500e-04
7.934722908478516468e-01
9.887527269647540251e-01
4.634134114148502070e-01
5.106556807358979310e-04
7.574245937080891222e-01
6.761175749711503258e-01
7.667832141034816029e-01
7.956207495196964130e-01
6.854100395437759952e-01
7.349858971753268078e-01
7.914972071728021419e-01
4.178646519111277602e-01
7.036691985496712487e-01
7.524117555374125743e-01
6.826941685338516752e-01
9.983696591912103457e-01
7.708688503954916893e-01
7.789312997907884561e-01
7.914172118531034306e-01
8.407750963630886698e-01
9.145380017706573605e-01
7.937652969047573892e-01
6.066607001784502656e-02
2.240300195513527325e-04
7.759062129519429529e-01
8.119878692484611138e-01
7.183181285142988814e-01
9.977870456587605297e-01
7.478015311702955242e-05
1.707773350372152332e-01
8.731907293862431691e-04
7.852450574855327492e-01
1.154531940120740596e-04
2.139358371779195758e-04
7.850641958757966776e-01
1.565143414979956391e-04
7.561891984343209749e-01
8.354545622182703024e-01
8.181385334018760336e-01
8.443292012987874129e-01
8.111568205032804180e-01
6.108142490927294110e-01
7.315928943922905825e-01
8.222654096400683343e-01
9.540546306826283018e-01
8.232777051553615832e-01
1.533815277844854008e-04
2.707618910110005548e-04
7.999577492810694412e-01
6.594197833579972673e-05
8.157681793412817628e-01
8.093901197921392621e-01
8.162416605193459906e-01
8.501487456477839766e-01
8.371015999324958878e-01
4.030333905520228663e-04
6.642017878111041718e-01
7.466058236169438311e-01
6.928411792786471901e-01
6.666274751941840826e-01
3.272423190203421588e-03
6.216407175737591654e-05
7.779233153746915042e-01
8.102481462560942038e-01
7.744068450874900256e-01
7.299732721326785323e-05
7.493818793968027858e-01
1.127797328519521228e-04
7.937793913309343363e-01
5.027652384982512768e-01
8.441243147045601747e-01
6.043671338092484400e-05
8.575295091139909509e-01
7.176853053084827350e-01
8.867847187019209463e-04
4.689848214261195958e-04
7.662423194142061744e-01
9.182872942213359257e-01
1.405910556963786576e-04
2.296460345554484361e-01
1.919098001126613370e-02
7.763920710629220734e-01
3.234293817482970512e-01
7.492934294526356620e-01
9.986680344295975065e-01
8.444940626605959011e-01
9.993093414443978695e-01
1.743493283117245884e-01
7.913047326397120163e-01
1.222449574661243739e-04
7.105323535611449692e-01
5.435127453018012700e-01
1.361036945391950039e-04
1.330411422332938300e-04
7.317673049030462007e-01
8.998439582985934271e-01
7.464463043323285030e-01
1.178666478997880863e-04
8.953788634166066629e-01
6.886582522117516980e-01
7.829877060283687573e-01
5.434618961794552838e-01
1.858042981147810962e-04
7.266203503640085160e-01
8.472068704893476188e-01
8.153236025457121228e-01
7.813829437368821074e-01
8.191433995461760986e-01
5.311477260164010122e-04
7.755926170648425044e-01
6.660928634124293479e-01
1.024222652884463242e-04
8.342567479719551482e-01
7.948274152760008704e-01
8.008428998140715294e-01
7.328596861690066522e-01
7.210816609013835921e-01
6.545241833811451526e-01
8.066453280158357719e-01
2.258811031941522218e-01
8.418827943831853622e-01
7.956686108529076318e-01
6.794229638137543326e-01
5.988403798168086961e-02
7.110831378457582730e-01
6.045436774214853204e-03
6.503521298797990374e-05
7.926445869387054310e-01
8.460464619531147257e-01
6.889435309189931855e-01
6.806419617633649999e-01
5.578725048919793705e-01
9.553413860103716626e-01
5.327874811747026484e-01
2.229362622987159925e-01
7.609657479169512628e-01
8.418182086908662098e-01
7.873806664757303508e-01
7.275401094495665966e-01
2.271529218068928037e-04
7.292386300236345376e-01
5.902363460956970842e-01
7.994733955249831991e-01
6.884633189440052536e-01
6.949197400474994568e-01
9.965028953717619542e-01
8.183270906069100015e-01
7.286021056322874914e-05
7.503853212424414537e-05
8.214406226904846786e-01
7.503167469480300777e-01
1.866143574992506745e-04
8.394629457908230341e-01
9.882552889461377991e-04
7.798347185664914472e-01
8.172715785026628543e-01
8.207399819369963767e-01
7.533514791060879068e-01
2.346261557351274438e-04
7.473445116268747634e-01
7.704038598688141004e-01
7.116528155158775570e-01
8.550019830002197896e-01
9.955644699486919658e-01
8.284436880882992682e-01
9.646700192790017264e-04
8.248453756807991866e-01
7.160143614762402020e-01
6.249480822211057607e-01
2.295534167220741005e-04
8.029015831196114616e-01
7.461843938400444243e-01
7.723180965517129071e-01
5.754917468618327104e-05
8.290034810331557980e-01
4.775597496513450278e-04
7.874929056917536752e-01
8.077357933942884705e-01
8.296435848608341157e-01
1.163956671945095001e-01
8.235142031283733122e-01
8.370165223944484589e-01
9.451881533533091490e-03
4.671731919371372443e-01
7.591445935269466316e-01
8.536649983009821918e-01
3.763303494616861422e-01
8.430539479218969179e-01
9.240649556844725554e-01
7.802761113328371412e-01
1.394177834365916389e-04
8.402287082431034726e-01
8.542943206031181624e-01
7.593162873454795125e-01
4.686348519839743654e-01
9.986710499930647744e-01
8.333880883499938941e-01
4.779810685929909773e-04
8.075994934540041692e-01
8.294592944595879924e-01
7.713649309811616561e-01
7.608567882910153291e-01
7.992034033536026261e-01
7.538127322261800514e-04
1.936238344834055047e-01
7.938709795933110991e-01
3.839794298590368249e-01
3.920608108474625819e-01
1.103679949506569332e-04
8.315547007774358734e-01
7.723916810845027348e-01
8.174529009294151383e-01
7.413400855853516935e-01
7.297999711879431528e-01
8.157520670218676440e-01
8.199644221687032442e-01
7.646729708408919191e-01
8.399088505432139584e-01
8.111281294818835086e-01
1.445749939993929290e-04
7.827957649871687407e-01
7.609864676055396737e-01
7.831227651301213566e-01
2.269334925238689071e-01
1.111243518788123247e-01
8.630382884429046442e-01
5.305232038262709393e-01
1.108549337164265299e-04
8.367001317040393404e-01
8.543547759055385438e-01
9.972407581778190977e-01
7.642581982179987854e-01
6.021233950154245804e-05
6.290735553431792138e-01
8.082052249807588629e-01
8.177563202023199196e-01
4.946312233834042060e-01
8.178817079888118791e-01
5.005318737421408362e-04
6.663594761979554359e-01
1.760618730378603553e-04
7.407746230329026460e-01
7.778222288825228370e-01
8.046668617621730579e-01
6.703349782895929665e-05
7.221577816821389550e-01
7.590585665006875926e-01
7.671726066056163695e-01
7.926861810332375136e-01
8.178958652420306535e-05
1.110005508481697051e-04
8.416291108404392318e-01
6.508180007820583122e-05
2.340704621978249487e-04
6.665417527994869085e-01
7.697243253242079808e-01
1.331816862822854941e-01
7.824206392475447913e-01
9.292682058022738723e-01
4.246408796711969962e-04
1.037706449099410467e-04
9.991297334738592495e-01
7.445725231312592118e-01
7.843039510827489735e-01
7.101175987602176276e-01
7.830908548132690106e-01
6.732692527744212896e-01
7.681901567514849427e-01
8.092917147155990283e-05
7.845172475210855367e-01
7.672215841498501998e-01
1.823069415130225467e-04
8.058146158449631669e-01
8.487880935926979120e-01
2.360113324032402093e-01
4.238829874149382948e-01
7.871622833173380629e-01
7.243810628395905837e-01
4.310960430755556017e-01
8.431325082477625354e-01
7.341931537374795974e-05
1.066502438104935131e-03
7.583142840885962466e-01
1.448580512981069446e-04
7.190993069674442850e-01
7.330537931487957071e-01
6.897722353068844736e-01
7.968674308339700474e-01
5.742103948643254068e-05
5.993440985767485296e-01
8.865938186379197505e-01
8.202782907595445039e-01
8.065356849005927975e-01
7.429077490274900164e-01
8.312676271720718102e-01
8.189785183318971651e-01
7.554067465643056201e-01
8.167548524084762285e-01
4.954952486678432799e-01
5.377188064953678515e-01
8.483295182087073893e-01
8.365944826536070300e-01
6.367334832056619561e-05
8.221940630290467400e-01
6.925170470842394455e-01
9.499703298174360100e-01
8.211675121275342493e-01
1.388682596387713110e-04
3.459346461236977293e-04
8.535249596648723173e-05
2.037785193574323853e-04
7.125762248098760354e-01
7.168455163921101658e-02
7.782812099607850920e-01
5.913519949290185632e-04
8.433101833725111796e-01
7.385653848880423533e-01
7.996682216404442656e-01
7.126465051361090541e-01
6.552192544270887264e-01
7.829594565755874092e-01
1.242765547614691716e-04
8.044293199817162954e-01
7.634962215317110390e-01
9.973824681330649700e-01
7.896052257863728219e-01
6.818979125425176369e-01
8.075416688202904369e-01
8.039711964963850432e-01
8.104011522843284077e-01
8.145052879377664423e-01
7.892430178557982012e-01
7.538384569693387105e-01
2.088721135683923869e-01
7.593233869706026429e-01
8.377246588494626778e-01
6.914541863266542299e-01
5.909275865200728228e-01
7.100313907337052032e-05
7.011778545535030105e-01
6.689338043437863192e-05
7.930369860119214076e-01
7.209091307539833293e-01
8.778739656090918109e-01
3.505354379219015604e-01
2.048628310117861495e-04
1.105578351093947418e-04
6.708946246201691332e-01
7.576558824664740843e-01
7.128685563454734142e-01
7.037860532060548069e-01
8.226691344328096456e-01
8.553211101779515380e-01
7.679865704260435688e-01
8.130147074170264165e-01
9.987295597891665544e-01
6.659526148729287831e-01
8.117793935487005452e-01
8.481842442097647927e-01
7.818607632928021721e-05
4.927825234778584855e-04
6.497597868722276924e-05
1.327483693325309994e-04
6.156929250585549962e-01
5.128985893729623990e-01
1.867162490953118610e-04
8.426981182089617883e-01
6.564764070214182956e-01
7.895955671502329354e-01
2.125885938204711938e-04
8.601814739926555431e-01
8.475469331970877374e-01
2.081475656399021294e-04
3.868703730838171650e-01
7.179583629781907117e-01
7.879439629341827844e-01
7.955991386197769767e-05
5.382603496009353422e-02
9.744970862338573347e-01
8.270736247807752850e-01
6.950037342464852053e-01
7.979779308582659603e-01
2.850839243487820812e-04
7.703929711657271362e-01
5.061988286304650586e-01
7.022569708456490867e-01
1.330925945675303203e-04
9.941003847929736903e-01
9.983591905853883564e-01
8.063721541308633833e-01
9.974306829411241360e-01
7.441201360779294838e-01
8.255408418843194207e-01
8.313825723934875622e-01
4.821158193355220001e-01
1.453731066448711487e-04
7.934046604713727024e-01
1.568090792256048591e-04
6.531344710833942857e-01
5.736744129659768765e-01
8.498775375446413483e-01
7.747798368650754552e-01
3.878711900561778170e-01
9.314034328347201575e-01
5.762808698691908038e-01
1.298033526765785645e-04
5.629622474003519450e-01
8.115452969956917784e-01
8.483268727998832803e-01
7.450102824030531146e-01
4.003657602578237357e-02
8.257401141451680138e-01
8.360999911480048754e-05
8.836377793881600162e-01
1.996280944206278989e-04
6.876165131236896544e-01
8.019024025442750281e-01
5.916693491630470314e-01
7.834138085159850773e-01
7.947275082762870202e-01
8.178125667756548367e-01
9.923226380254416873e-05
9.469544524878527022e-05
9.855179497523089971e-01
5.688504758993906396e-01
4.979216783338928365e-01
1.751996299587846144e-04
8.633661254052797940e-01
8.356854057219168519e-01
8.378460739040313188e-01
1.062779803196302461e-03
4.222124117472707077e-04
8.452293949886954261e-01
8.099031025121755656e-01
7.922439933302737325e-01
7.268311215963976584e-05
1.536706195316014101e-01
9.993618992251748212e-01
7.069624219455594716e-01
7.231104683990475790e-01
9.994896451617623079e-01
8.035658900009498007e-01
9.494310298914035722e-05
4.854091943367084272e-01
6.149614582060954310e-05
8.176871380642570797e-01
7.957568891770069319e-01
7.706827758438951070e-01
9.522070788263007647e-05
7.931931784050581758e-05
5.807486297773063466e-01
1.303679187261490519e-04
7.438258565533721889e-01
8.744116141076800327e-05
5.681744212201032969e-05
1.259292590297268603e-04
7.441890787192625423e-01
2.735352888777769402e-04
4.152237264723218080e-01
6.377740802225127651e-05
7.951737332117346790e-01
7.325668428900337925e-02
7.559634218594241117e-01
7.618716785998698171e-01
7.812415355248842896e-01
8.305853137191626580e-05
8.416616185486965884e-01
7.980289231701027663e-01
7.694050291583309775e-01
9.812339873458069128e-01
3.353685761279338179e-02
8.284395501543986295e-01
7.630029785065322034e-01
8.677357105861776936e-05
4.569418818973351448e-01
1.105775139600512170e-04
7.085702871146150050e-01
6.893197240596045106e-01
1.116259646614244875e-04
8.466049780406038616e-01
8.161603386685821748e-01
7.864741809951558693e-01
5.322686767494374527e-01
1.475513896614654985e-01
8.109328014622964043e-01
8.278286934145654419e-01
7.649046475838011672e-01
5.258568494270086588e-04
8.192824663132545204e-01
7.891702387160672849e-01
4.339064662014226470e-01
8.626319255333838587e-01
5.685436948249629951e-04
7.264219958058530766e-05
7.345757275130800859e-05
8.395433844297061077e-01
7.872174614277086535e-01
8.046677965503944430e-01
1.060885793687245366e-04
8.448374942138537902e-01
7.844994308762364144e-01
8.456882155818263858e-01
8.428165055025109709e-01
8.285696220602412065e-01
2.397222297603866261e-04
2.014088623749406162e-04
1.884131944803208586e-04
9.982004338320656922e-01
8.930673545330506391e-01
5.656201718869263706e-01
9.989784278844481280e-01
7.267282583327301371e-01
1.105958039493681313e-04
8.355986728122232199e-01
8.451970119489603528e-01
9.918802535860949954e-01
1.204984445532252257e-01
1.257388200114606923e-04
7.586911207236685106e-01
6.058024056399822545e-05
5.558716467308801867e-01
7.734634055838136568e-01
8.611776940172388706e-01
8.296011151604946177e-01
6.351085098351871849e-01
7.281494391517256970e-01
9.170461359323191404e-04
9.975960643841892406e-01
7.497621453778612333e-01
7.091760224551497682e-01
8.277091450736845379e-01
6.556106593462158738e-01
7.856338000184496240e-01
8.265602033537552407e-01
7.746437326569789450e-01
3.672095866719217172e-01
7.875517045547871797e-01
8.429459014579138154e-01
7.376565447697355227e-01
8.465078908632954757e-01
6.406894697241424536e-05
7.929587219647454832e-01
7.583164639562062215e-01
8.531151740173179565e-01
3.618846168530012175e-01
7.572172976849791404e-01
7.772097644765553204e-01
6.834801324501653674e-01
8.401262227496493207e-01
7.544046658679389727e-01
2.343080583701040995e-04
6.535886804990698586e-05
5.922527061180629540e-05
8.156720176221724516e-01
2.468021464390563152e-04
1.170188937021220284e-04
8.089422115984757911e-01
4.879288077717269800e-01
7.696961242933090253e-01
1.875062405420671304e-04
8.296952112109000632e-01
1.360832260881907085e-04
9.627681111696428224e-05
1.053424431100001579e-04
9.983151703804021837e-01
4.999477335712051258e-04
6.572949598347690436e-01
7.756520251705020241e-01
7.904265425921853661e-01
8.365542866225120777e-01
9.995288465830582947e-01
8.592953786468404687e-01
8.278386482910882194e-01
8.162943999047074239e-01
9.926371829299475147e-01
7.897456707864801695e-01
7.142991983964153135e-01
7.893750890387541963e-01
5.058576482074683515e-04
7.431147872608203642e-01
7.788140815197115430e-01
7.868685681595384285e-01
3.309797613983079720e-04
5.025018225251047001e-04
8.394485480818794088e-01
8.112077798072284684e-01
5.490010412284129782e-01
8.099063720071921768e-01
7.878460359812536895e-01
6.914989738715275819e-05
7.985510819130332560e-01
7.845259657082950255e-01
9.054638922613803542e-01
8.331672063600282785e-01
5.513199025296254552e-04
5.290096985462452439e-01
7.850288736374643195e-01
8.503081894281818709e-01
8.196280013583272489e-05
5.306223045644846703e-01
8.328312225449339135e-01
7.618993872327653211e-05
4.710060431837956307e-01
3.208143111929710051e-02
7.829192172146768325e-01
7.856619132990061427e-01
7.935720568370893124e-01
7.717030642940742361e-05
8.412937734300866691e-05
7.892108993259908667e-01
9.985931586429812601e-01
1.317403182445313228e-04
1.460336678349749594e-04
7.624615153191528494e-01
9.072532791792724824e-04
8.140696246930082536e-01
6.659613500009692322e-01
5.167680218049147678e-01
7.374093167798145831e-01
6.697926363363800191e-05
9.993746471366211637e-01
6.292265119611166035e-05
9.985405055491629600e-01
2.596333354839595875e-02
7.741104044005023832e-01
8.175941680552482049e-01
7.792274234101405073e-01
7.840388104182046680e-01
1.375430656671021434e-01
7.484608419538483215e-01
1.199973613034931424e-04
8.305645841759090597e-01
8.287605069544132785e-01
8.077416892869149212e-01
8.120921080356395816e-01
7.716403210437872140e-01
1.109964676964315111e-01
9.523366286151014881e-01
5.695299661103161385e-04
6.142529315289091407e-01
6.464018058507005060e-01
7.744210229348722496e-01
7.998397616747495720e-01
7.039487784820716021e-01
7.305571202515342977e-01
7.260853680632408658e-01
8.281111436495615097e-01
5.195087493902240672e-01
8.265266101953615552e-01
8.128752511894288268e-01
1.609575010630833424e-04
3.637152581733102963e-01
6.645438802413883208e-05
6.185584153727543492e-05
6.917897632907255012e-01
6.934992971856851951e-05
6.651520968075597118e-01
7.876664208899608610e-01
1.467709167555514005e-01
8.349595636301784252e-01
7.040708988480582908e-01
7.996714902371843126e-01
5.592357925671652685e-01
7.127138911031077884e-01
8.042982212677624032e-01
8.360143353373692410e-01
8.221079862763115420e-01
7.857136703277497469e-01
8.426203199496401508e-01
1.061752912061118153e-04
1.977427513702514363e-04
8.881235828325654072e-05
8.500983138064535094e-01
6.707662062912406187e-01
7.578158356844650889e-01
9.957091017942359956e-01
1.731660064701571078e-04
7.923580327355076447e-01
7.732098718781641455e-01
7.485959830679708160e-01
8.026368868195095096e-01
8.175188893195601825e-01
8.211633208556040620e-01
8.413483891222798272e-01
1.975096603387840150e-04
7.575083434489500167e-01
1.367475101241952154e-04
6.821988988009981630e-05
6.430414700189729458e-05
6.917283735328928485e-01
6.762195216916349716e-05
5.810160811165374865e-04
6.493368949807840629e-01
8.355242171097393422e-01
8.084565183182226920e-04
7.849750706808455991e-01
6.335141851572596481e-05
8.419623742836728209e-01
7.640811384566795032e-05
6.330284734667567925e-04
8.725984993707716587e-05
1.031505492199069667e-04
1.641373107720701940e-02
1.603619491641505748e-04
8.085191861646279232e-01
9.992160651047052866e-01
8.413693904646825095e-01
8.620620783922198216e-01
5.634104970370227283e-01
4.660857371849200237e-01
7.798912666196522459e-01
9.948135006800377100e-01
7.393053729591131384e-01
1.277279123757870413e-04
7.634022219994136549e-01
8.477600478469419221e-01
6.432122548452438599e-05
7.783091611411497857e-01
7.547065663282417154e-05
7.884451391714039081e-01
5.741173473398428900e-02
8.360572334639663344e-04
5.355168244517312104e-01
6.238587758237921221e-01
9.856474732215342316e-01
8.571347395899880928e-01
7.392624886665299000e-05
7.810161838797566869e-01
6.531346913869946480e-01
7.476848721896814931e-01
8.045466901340390109e-01
8.521190888223193483e-01
6.802675635263720749e-05
8.097393768934294522e-01
8.167938169466334541e-05
8.180407155366165028e-01
6.769634434071305495e-01
1.177085579279964108e-04
8.086547434444556481e-01
4.358053786593913239e-04
7.890824336483222012e-01
7.597016123980941948e-01
7.385570947581879819e-01
1.155699036697240565e-03
9.755012388481831311e-04
6.628402437220910282e-05
1.258948476268283297e-04
7.804564285706898641e-01
7.995693709633876489e-01
6.429147833580916552e-05
8.572054656257187544e-01
7.003201466758969262e-01
8.341250719497604882e-01
5.943811154862276291e-01
8.682814647755996698e-04
7.813925334610531959e-01
1.197102930278634662e-04
1.032297268104850202e-01
7.881402109290178704e-01
6.968513673091873651e-05
7.642455689879574798e-01
2.227552914555178598e-04
6.953455940401839230e-01
8.978957006010991973e-05
7.734852055381680191e-01
7.646245809221909884e-01
1.222467380542367667e-04
5.993291197736271540e-05
2.315215332237078316e-01
1.429730427229940757e-04
7.366174182529802161e-01
9.257502223110752881e-04
7.145139505182672712e-01
2.121038320458821236e-01
9.709103134831471582e-01
8.468501010177574839e-01
9.987358494914131413e-01
7.477384967685356543e-01
3.367996208315246292e-04
3.996661270901276115e-04
8.262663146619030341e-01
4.559548205688570633e-04
8.552072645839313703e-01
8.353259324238834216e-01
7.883000987956571004e-01
7.309994000705896655e-05
8.255022597888298508e-01
7.659319593537320392e-01
5.798315924137310254e-05
1.329756922064676862e-03
6.895968973651346312e-01
7.851155054198893110e-05
7.385024471581047578e-01
7.006157915084786358e-01
8.294703963945536406e-05
7.937006052988120341e-01
7.886546357924070216e-01
6.671853966732245178e-01
7.893404219628961105e-01
7.295971163057046109e-05
7.929765572739579961e-05
9.736397478974345709e-01
1.125592066555160546e-04
6.210254349370613128e-05
7.906808826367579535e-01
5.956659314831941359e-05
7.797048088780195174e-01
7.809995623169038170e-01
7.270102176382748915e-01
7.557677589022583353e-01
2.620236280536791134e-04
8.482768725017768574e-01
6.165262715716532393e-05
7.568456703347657966e-01
7.287086610887157827e-05
8.340485407222484326e-01
9.881428519289788825e-01
8.370529540554930703e-01
8.627101433527786245e-01
6.955465286879021214e-01
7.808106245037832460e-01
8.053317848071120943e-01
8.209800241572801083e-01
6.687314132612415252e-01
8.079197629229074584e-01
7.965436256683383620e-01
7.467031634146630232e-05
7.322370548924583833e-01
7.484139301463549332e-01
7.854249814624909565e-01
7.313658854749197635e-01
1.304841099161176501e-04
6.939857704558574092e-01
7.112360010296946422e-01
8.040418289999001766e-01
7.812443246688075211e-04
1.221487856476784889e-04
7.572166230770354112e-01
7.767337220877601478e-01
8.214590399133910870e-01
7.813171072964537611e-01
7.029004260768513257e-01
8.294686718517865209e-01
7.685954662989363806e-01
3.932893990942887275e-01
4.954213977769910127e-01
8.096454653360368736e-01
8.380361592320160202e-01
9.919092162104218291e-01
7.313188459562374177e-01
8.232531312795416945e-01
7.514137066934964970e-01
8.141558431521118688e-01
1.697445693936426071e-04
8.127472325647563389e-01
4.441577396693832886e-04
5.402148175027797761e-01
7.562736626303046992e-05
9.976974023780327272e-01
9.187162864864969469e-01
4.019453314219345597e-01
1.991801856823983041e-04
6.801561168720916539e-01
7.027793605742410632e-01
8.616514833679076446e-01
8.473289801341651328e-01
3.888657095042455381e-01
6.904666523076908868e-01
7.232849479029927070e-05
6.685470919499505449e-01
7.988015023020157072e-05
2.273987221564590018e-04
1.266199307546178436e-04
9.391690603846912788e-01
8.518668528723686295e-01
9.805503963424405667e-01
4.731146372442950332e-01
7.157784344476187943e-01
9.935389814997120927e-01
7.273756868291522126e-01
7.514408444376750040e-01
2.267088906739305604e-03
4.399006121472140082e-04
7.448779804452800857e-01
4.545561216319098374e-01
3.915693774994131625e-04
9.625143410062053650e-01
8.119029417464665999e-01
5.602777309614815856e-05
6.866749081868754878e-01
5.852792571419065393e-01
8.068082374003431312e-01
8.125318044851350674e-01
8.170389163696063495e-01
7.759087857658208964e-01
9.978048929761144104e-01
9.979178769751124722e-01
1.607454178619984006e-04
5.675367610116646144e-01
8.592161920396885755e-01
7.353400639125933225e-01
7.725887781090544637e-01
7.974814991605420067e-01
5.942593922499426196e-01
8.585791730677483856e-05
2.607542918081740099e-04
7.067960973584855866e-01
8.109099360731604200e-01
8.044836001795285796e-01
4.875974444878198311e-01
7.484057376054207289e-01
6.148775130225978547e-01
1.253916892299442010e-04
7.179818158914934951e-05
2.274837510561360427e-04
1.915855281557095890e-01
5.796527507266011625e-01
7.841206772395484803e-01
8.301727093168211891e-01
8.337456044802036281e-01
1.906055158467490735e-04
7.199283831631728692e-01
7.496350956382068498e-01
3.897479318161014054e-04
7.941174939769007901e-01
1.065107425067147448e-04
4.767490940973038160e-01
1.159935463430386213e-02
8.337166984393532543e-01
2.369927368689144615e-04
7.133948800054970008e-01
1.727281982126474438e-04
1.995340551390258500e-04
7.808929364183307964e-01
8.384378786365443981e-01
5.589802962155479005e-01
7.667031989851951224e-01
8.018063164173914181e-01
1.222129316165208401e-04
7.990195197479404987e-01
8.921951106038124024e-01
9.984153177208652252e-01
5.556655171120853569e-04
4.864584232602044969e-04
6.700928070739957665e-01
8.350746058681590700e-01
4.833028282991930842e-04
9.993907650131225173e-01
6.809930243858739463e-01
8.469312659635914731e-01
6.746575991320160615e-01
8.366132873472256204e-01
7.776926519761793166e-01
7.904015505054705626e-01
7.353214657974018742e-01
6.619914065109754331e-01
8.328677770023689142e-01
6.352560998376481898e-05
7.631314393853186884e-01
1.011113453746413497e-04
5.192780248147897959e-01
7.537055346929334432e-01
6.705941509670287903e-01
9.977154673066250812e-01
7.767383576607556832e-05
7.608273699272114499e-01
9.853258870860582858e-05
8.526475128308149687e-01
8.495816034852066156e-01
7.841243970703741795e-01
9.440947523905023342e-01
7.514849810970775090e-01
8.034045670344444612e-02
7.925722772704102415e-01
7.313366090425545973e-01
7.737885487909371696e-01
8.323430188031893939e-01
8.481617308670451605e-01
8.029967812663270088e-01
5.812865767013031260e-01
8.114754485966193531e-01
1.188725487437418821e-01
1.034034532417372993e-04
8.072175272286172820e-01
7.702856756877812794e-01
7.325471759425260521e-01
6.993469162677649065e-01
8.051544830205159542e-01
3.749291192193485059e-04
3.973558683171408146e-01
6.760152147777707121e-01
8.437465719706778167e-01
8.272414146196427343e-01
7.492710823677207754e-01
7.635237719001047862e-01
7.335745988439347220e-01
9.987509357737409665e-01
5.387091788633089351e-01
3.690088847055332131e-04
8.387407517410342406e-01
8.180403531781635929e-01
7.815493198678169495e-01
8.355399905421957429e-01
7.918289015806121434e-01
2.317585866274754491e-01
8.327900025785145433e-01
2.447612462352812663e-04
2.027099206701923732e-04
8.170276485858596165e-04
3.596269881849433131e-04
5.240036138223716109e-04
5.681993499775749301e-01
7.719774124033403906e-01
7.859717542628291698e-01
8.424605904030014747e-01
8.084849484117051510e-01
3.627551152270921397e-01
7.494513551791401884e-01
8.451408934147573992e-01
7.913095049711560414e-01
8.373826424402266433e-01
7.542626621325830838e-01
8.331444523786394329e-01
7.988909369537713356e-01
4.714057991945823645e-01
5.103026830319067342e-01
8.413419618055040629e-05
6.922222201304593665e-05
9.079453277190454585e-01
7.776325836594617513e-01
7.688338388268599610e-01
8.332989370031789189e-01
7.502535152911832185e-05
8.112431089358342895e-01
6.420848257587057351e-01
8.961738588044174669e-01
8.184050074852107226e-01
8.438588671402044716e-02
7.264733477969169684e-01
7.845890166591177328e-01
7.329534526208961731e-01
6.154207448869915926e-05
8.590155074721562700e-01
6.827300672531245729e-01
5.866906548077002181e-01
8.129478349058810727e-01
7.874126579381655056e-01
9.986205367633869123e-01
8.979002646960508871e-01
6.072657038409303972e-05
7.848217624496584000e-01
8.512633238642749456e-01
7.732914676595519232e-01
8.314241141888147890e-01
3.588733887912106887e-03
7.410562381653785780e-01
7.959615335638489109e-01
7.720709272746741902e-01
8.060079418154608710e-01
8.503402498423229261e-01
8.375489275259898614e-01
5.996576171860661386e-01
8.618113768320979640e-01
1.093581101876760735e-04
7.837472053950135242e-01
8.083663104874807548e-01
6.866719818926996606e-05
7.946369799368417919e-01
8.087007288570151609e-01
1.125916946643758064e-04
9.062369987006020366e-01
7.851413778779803287e-01
7.822605248048367654e-01
7.660017796968460191e-01
6.146695534955850526e-01
4.907051434497410325e-01
8.069600669132815929e-01
7.550939945467597392e-01
8.249613490517083703e-01
5.371176600427640668e-01
1.480946404583203656e-04
7.421418459556883285e-02
7.919923853427230931e-01
8.318162947763487747e-01
5.364888338681044200e-01
4.459842163509779578e-01
7.301200207205812420e-01
8.418721193347962206e-01
8.116861295023825029e-01
8.133430666237506657e-01
1.772352565379650136e-01
9.440841399942678791e-01
5.188848310133724606e-01
7.610380066193541682e-01
4.700199517074325761e-02
8.146819664710725937e-04
7.695108973818289844e-01
8.257542172684331216e-01
9.993642801804815123e-01
6.008525236090742627e-01
7.827221080245813090e-01
7.861608602041048055e-01
6.459129028476362575e-05
6.303379214876505543e-01
4.253582949806565816e-01
8.435716184720726263e-01
8.109592373955348821e-01
7.868569799717776148e-01
7.864037201437160673e-01
8.464557480240615384e-01
6.152962007035078784e-01
8.031278599427070786e-01
8.250306274925284233e-01
7.420664371782967894e-01
8.090868658499150712e-01
8.283953331618401084e-01
8.228312688110530626e-01
3.907245997412986949e-01
1.292505841314639265e-04
7.400246390402622776e-01
7.594999628815175541e-01
9.983828747646092960e-01
9.956518974953566525e-01
8.010279650451860300e-01
6.679513378526120704e-01
9.970151035382572857e-01
8.320168347264875752e-01
9.991299188323311542e-01
1.033712600450016963e-04
1.550379971578104107e-04
8.451709063192051063e-01
7.081699272044592597e-01
8.326467561976346188e-01
9.991770250323117608e-01
9.152690777816396839e-01
8.098579605894757893e-01
9.993920112332489447e-01
9.993531984846375504e-01
7.969763029391300213e-01
8.448903288456381944e-01
1.144389935976857268e-04
8.316222594453984707e-01
7.859032341476984707e-01
9.991295297627506011e-01
1.250435439357680382e-04
8.300710612956528900e-01
2.284665630730705471e-02
4.847361973471742691e-01
8.135404416007083054e-05
9.974940392445011774e-05
7.955449503025755487e-01
1.346991082580572283e-04
7.880638114113495130e-01
7.486220336594688884e-01
6.312433942706642401e-05
5.954458664381931943e-01
7.710947576872890785e-01
8.245927155432560829e-01
7.967077218193160393e-01
6.610176440860485725e-01
7.594717878781521037e-05
1.111872757020277678e-04
7.931090678742075406e-01
8.469261997567339995e-01
6.556292141513512953e-05
8.384677227188527260e-01
3.013262654941331153e-04
7.890613171022144989e-01
2.314235474956692130e-04
1.456808476935053387e-01
7.431574615251725913e-01
8.356766388144141189e-01
9.947254951475933415e-01
7.138548861260176626e-01
7.993730206554039430e-01
5.424562220665561929e-01
2.889092060594230515e-01
7.650838905372093768e-01
7.212500700507784579e-01
8.584241850954832387e-01
7.610177048757301721e-01
5.201928099843503572e-01
9.975058415526331101e-01
1.646559568821105636e-04
2.772809309614074390e-04
6.459346119899317667e-05
8.363823616159897778e-01
7.305629546212131231e-01
9.992627435167732441e-01
5.989811185071866051e-01
6.109206414954199203e-05
9.991758808585352591e-01
7.267288872989701165e-01
6.664120899139256587e-05
6.096275538423526763e-01
7.406339211464889605e-01
8.908910042944062635e-01
7.425432119221273553e-01
5.850103196290440399e-01
8.268990484785494477e-01
6.577979136353886425e-01
7.887974397841637231e-01
4.545562525347184302e-01
7.809994416956613783e-01
7.888250149315380044e-01
1.906182862046050808e-01
8.450923794767407626e-01
7.797145399754505934e-01
7.046076920028539192e-02
8.564731750589107406e-01
1.181040458712293608e-04
7.575203537691325151e-01
9.975858630033864749e-01
8.473882177445337738e-05
3.351945983533629269e-04
7.642233052539233462e-01
8.017257555642270939e-01
9.949427145532210304e-01
2.379814580118375057e-04
6.231625243858807681e-05
7.967941936148699167e-01
7.047938300097812822e-05
7.317787914564078842e-05
2.732032755464179510e-04
8.279457055952826883e-01
2.158080771381661934e-04
5.034281621941647522e-01
7.091720155016474347e-01
1.442050626759186331e-04
8.591496443220599799e-01
8.212818184648118525e-01
7.506818530476340179e-01
6.577746241649831205e-05
1.039151311824047390e-04
9.975168650293126937e-01
6.082878921052912169e-01
7.824481544869438254e-01
8.108752685208783229e-01
7.208494305566303349e-03
8.488495128501611919e-01
1.660238850408701328e-04
8.566039872444560777e-01
6.725294598265644241e-01
8.317493066214618480e-01
7.496644868851541910e-01
5.494957164853646603e-01
7.560661601916441876e-01
7.341185015132808411e-01
1.088183356032513123e-04
5.261647103854664607e-04
6.809697228094420129e-01
8.526148914295546000e-01
7.296238929765491710e-01
7.537810617332332264e-01
8.433660171292901575e-01
3.971372784459750033e-02
8.393735866316522909e-01
7.878507566801520312e-01
8.384418551343587600e-01
9.975736516053055336e-01
8.345607317230187006e-01
7.353447120515187391e-05
6.512359423516211887e-01
9.986525688494710673e-01
8.012026556789612064e-01
8.122425867698435109e-01
8.151218663686464749e-01
6.856101533863192543e-01
8.234482646570339126e-01
8.196554470463837117e-01
4.756255024817703791e-01
7.832809803972377027e-01
1.595762613934412395e-04
6.827148705365905230e-05
5.762626250059651456e-01
7.153216481191053042e-05
7.918737422707393669e-01
6.352599041024671322e-01
4.883542875666996297e-01
2.669021093690683404e-04
4.982587865957321949e-01
7.862842036065431639e-01
7.844448299846610295e-01
7.840735248173775031e-05
8.379030479404437903e-01
8.488848926238428128e-01
9.956450490173610612e-01
1.133098031831012678e-04
9.084603971579753579e-02
8.358008043859834757e-01
3.519262907579066568e-01
8.006605163745684761e-01
7.020045078674131966e-01
6.217033321381530068e-05
7.383099954284153769e-05
6.100493569492640988e-01
2.924573808484857707e-01
7.323709538919085382e-01
1.348853529002148085e-04
7.101218519918735630e-05
8.120640217921511010e-05
6.796679395069554763e-01
7.185598675568044547e-01
8.083717535426441225e-01
1.559896674454600799e-04
7.879398808492598105e-01
9.973348790118264917e-01
6.625761802843798121e-01
8.352374793882385573e-01
8.556613227306544278e-01
7.585292858005151517e-01
8.265755344047303055e-01
8.387863618013066125e-01
7.631557774232343716e-01
6.549643672568470354e-01
7.576168716239132239e-01
4.743758940846442007e-01
1.600272101984882584e-04
6.822972591457363567e-01
8.170173407353430856e-05
9.991265357613245968e-01
8.083332735875010666e-01
5.490135696952604290e-03
9.937492128216954496e-05
6.185497561428630615e-05
7.377849277706416409e-01
7.736571137258894115e-01
1.926642326448077395e-04
7.879843077229834458e-01
8.322131663152626535e-01
7.496509662937101970e-01
5.560228564544043017e-01
8.444716863984147448e-01
6.407729623151221521e-01
7.828392184020523947e-01
6.526280149440364189e-05
1.318526652302259503e-04
7.652203417866778601e-01
6.607034575456047091e-04
1.338195891008082288e-04
6.896586695594442151e-01
8.566448455891442215e-01
7.966812888677745619e-01
3.516355821070715195e-04
4.482542281191603806e-02
7.858378500695746283e-01
2.260896443509678830e-04
7.924573538483149493e-01
6.883340533636557179e-01
7.090987921293645524e-01
7.283474396226411463e-01
6.491142121646207297e-01
8.017242109398294847e-01
7.731084560007612794e-01
9.023983582758129396e-01
7.225926179610770994e-01
8.211479464314183074e-01
5.808481163198563335e-01
7.862074482101327755e-01
8.293309949405338610e-01
6.319387356965775471e-01
7.422952177722917932e-01
7.831994650924672952e-01
8.500690102189856212e-01
5.000902134032748636e-01
7.680396545399093000e-01
7.550987219192092925e-02
8.257760594128146225e-01
2.062576229970055908e-01
7.004287695106632405e-01
8.543032335839517710e-01
6.122531853221595494e-05
7.974499888727466512e-01
8.989379987199384026e-01
3.371737987560940453e-01
8.963224037622616880e-01
2.088135063238706558e-04
7.824452585175559749e-01
7.938422939435292314e-01
1.462428058301773936e-04
8.284501399222135021e-01
3.977728286807513114e-01
8.608794775214423378e-01
8.347824962597387710e-01
6.717462403762018014e-05
7.708643281164017091e-01
6.181328248385951074e-01
2.388772864748155459e-04
7.611817586575184418e-05
8.090715188660085877e-01
8.339237071010173752e-01
8.597456420822011669e-01
7.849477633292890237e-05
9.951059617279015557e-01
8.039378172426060454e-01
3.544900097678061412e-04
2.517236604332439296e-04
2.927917027649084235e-04
7.868408667951846125e-01
7.759125615798977416e-01
8.534083735954545169e-01
7.266994391728373026e-01
1.361357838380787100e-04
7.756546084823306986e-01
1.624529819493954349e-04
6.658812293746179897e-05
3.724154305355647371e-04
6.529669517054953465e-01
7.762683765496638522e-01
9.943120134753969941e-01
9.956016217584460204e-01
6.579520984968674057e-04
7.294130465260708629e-01
8.497264437162429518e-01
7.073612766535991375e-05
9.993664528409450520e-01
1.209544253596670253e-04
7.315445886070415238e-01
5.606043875811179689e-01
7.232850269712387981e-05
5.261609235956106190e-01
6.771893611749720820e-01
2.984384648956311514e-04
7.644734463982105765e-01
6.664661378753474752e-01
6.095388099857392244e-05
9.981734825437417191e-01
7.684578386735523292e-01
7.895007543542678086e-01
7.171058718757484796e-01
7.679848083865016273e-01
9.955276186882332512e-01
4.019559339853508856e-02
7.908732447807255150e-01
7.767619238385192748e-01
5.888993961847276831e-02
9.993490538729606909e-01
9.983046500737526863e-01
5.230490925403290525e-01
7.618122098871065173e-01
2.918554383420688403e-01
7.286660663189707954e-01
7.850888462739883389e-01
8.495127731042754204e-01
7.519402271176919091e-05
8.238831662014912682e-01
7.857368629370190538e-01
7.814001569737465402e-01
5.872160254721008656e-05
1.319782128089394318e-04
8.119308754396469263e-01
4.179767398742849100e-04
3.178932891721037162e-04
1.532007946518669159e-04
5.269486008023256396e-01
9.256019583927236520e-05
7.964099371258315241e-01
2.045929777912987161e-04
3.834670794557583991e-04
4.537681683116176912e-04
7.487603210070795101e-02
8.657425532971057972e-04
8.343055063880470135e-01
8.299364775633812918e-01
7.511159874151653870e-01
2.126382116785566472e-04
8.093378685754027968e-01
7.842071542744142310e-01
6.111807627019909326e-05
1.010748212312180674e-04
1.606561753378451694e-04
7.000951065479718864e-05
4.368488963775307155e-01
7.839005163396299825e-01
1.081713451361802740e-04
2.680361146829294411e-03
7.685862244546072253e-01
7.387291700176605580e-02
4.492276369742096223e-03
8.300653417540113654e-01
8.248488322577601783e-01
7.270887587408653152e-01
7.461823385222097680e-05
8.194488930334858923e-01
7.846486538869683613e-01
8.579473358073601563e-01
8.458898240168161164e-01
2.670565676458038417e-04
7.970727721384314179e-01
5.178155938800806666e-04
1.481942873132549045e-04
6.108487991728439592e-02
2.797874585004821927e-04
6.661909485121024765e-01
7.722295533220859820e-01
7.578860683741485138e-01
7.501413217142798295e-01
7.947770729522197763e-01
6.752154379803706474e-01
6.511901066032964591e-01
8.246863250926999012e-01
9.897846935370969712e-01
1.005564053173370705e-04
7.275950662404682134e-01
7.459176992318468091e-01
6.879831499113286876e-05
7.882359712564144250e-01
9.086378741458237540e-01
7.442829133954620424e-01
8.282118693466586912e-01
7.940211692823940792e-01
9.745681685099644165e-02
9.991244243539931791e-01
7.858703451123498773e-01
8.007865740840742763e-01
8.168376732249352790e-01
8.290142962861177800e-01
7.846411905034360590e-01
7.858994850279709121e-01
7.829507736941655471e-01
2.352112211075300528e-04
1.548444631554768988e-04
9.973130071266858021e-01
8.272777743638062287e-01
7.243501539374724851e-01
6.600476654101352647e-01
8.091693529938974727e-01
7.150278395811408005e-01
3.793677043421841066e-04
8.217656063912838205e-01
8.001520209532390071e-01
8.492296985036286161e-01
2.021363784369694012e-04
9.991750388349629475e-01
8.071042171525083520e-01
6.996856897328022074e-01
8.276491255350787446e-01
6.304320806248810971e-01
3.362308808471947967e-04
8.068197541977398801e-01
2.243201482858414445e-04
6.719150163869375136e-01
6.740165434173154280e-01
7.968058975328542459e-01
9.929587670178303682e-01
7.978043051178987932e-01
8.593370837047988875e-01
8.366363912173544956e-05
9.991292081615956722e-01
1.655963779842149763e-01
4.162672673138928135e-04
6.989703628604467811e-01
8.239183381152273000e-01
7.654099515495175199e-01
7.844509019650820481e-01
3.655703516648180999e-04
7.739411669244369689e-05
8.260365091769290569e-01
7.718032448130585088e-01
7.954276108016481101e-05
7.411843250739476030e-01
9.986225832634917365e-01
8.313388864420293567e-01
2.876434525788660094e-04
8.443664866319071649e-01
6.540779946024690705e-01
7.348516583928993429e-01
8.228929042308266162e-01
6.953947687423999158e-01
8.126617508713461779e-01
6.813511076003551286e-04
7.790463122694604170e-01
2.039149757217395694e-04
5.944983725639437777e-01
8.008606441475250026e-01
6.653692289256967207e-01
8.420792758383552901e-01
5.680044698618864629e-01
1.831234575816588310e-04
8.429739643730792542e-01
8.520357830989419012e-01
6.979722633661931130e-01
7.883136576104333715e-01
7.681206461971572530e-01
8.095263263930612130e-01
7.793227582189657943e-01
6.972906673020916356e-05
7.993481491070089096e-01
5.178611475003311870e-01
7.911047954955884309e-01
8.142027431564150541e-01
8.419772021931205552e-01
8.388281230211581674e-01
8.272017037686261176e-01
1.349278451013924754e-04
7.997617325560266242e-05
4.449169470284421446e-01
9.991751149750515149e-01
1.651931485490793709e-04
8.575583392581210829e-01
3.674155946746379686e-01
3.900856708737489992e-02
7.684258723906943755e-01
4.237015279478079360e-04
7.790980054915834785e-01
7.485399307897906418e-01
8.209723639961806355e-04
6.716679666108936742e-01
1.722870432987586204e-04
9.986264949813894454e-01
9.975404924384936312e-01
7.891471751430052528e-01
6.593508103281451316e-01
5.700315611525433868e-01
2.949033539829200756e-04
5.979101855470908555e-01
8.374339306937093053e-01
2.748286659877136181e-04
6.166239769726090669e-01
8.245267692117260738e-01
1.968957105679041493e-04
1.696771841943389486e-04
4.302807556901552615e-04
5.953524307868910403e-01
6.628784371633135164e-01
6.955617715878760210e-01
7.813651866769963927e-01
1.215988757521946090e-04
7.426847346060427846e-01
7.727617114555859201e-01
7.782505276686425555e-01
5.507108089221832703e-01
1.284565593233254937e-04
6.686882130314846240e-01
2.001642758401193174e-04
6.405135697946100660e-05
1.661901327844411969e-01
7.847105385891599560e-01
2.488624921112935536e-03
7.720449536621402098e-01
7.635555365487349810e-01
9.991296053166575097e-01
8.170070302623450020e-01
6.865747119589257208e-01
7.471005423458224604e-01
6.634306976859134508e-01
8.075780541119480516e-01
9.928159555051822016e-01
4.861834277602041232e-01
8.554803763129849026e-01
2.869211357700591895e-04
3.592541042489657828e-04
7.606854081318225940e-05
8.461578261572908488e-01
6.128137478059916387e-04
4.120905369366387530e-04
6.835708002892620927e-01
6.444796547152368271e-01
7.778404319705178871e-01
1.976438478390217047e-04
7.689786008527382810e-01
7.335162398868705358e-01
8.321893657565030411e-01
7.818045870629235505e-01
8.548882547198681792e-01
5.540106912173331163e-04
8.524939153495252736e-05
9.948879794735310256e-01
8.182068071525865349e-01
5.889098235453964492e-01
7.845358086831062394e-01
8.300151359271240592e-01
7.908325418006360019e-01
1.219528723757457527e-04
7.513933867521056520e-01
9.191570227000326178e-05
5.472920868515603887e-01
9.986735742827281825e-01
6.015849638111402375e-05
8.792525620197294924e-05
9.991298052198018809e-01
8.416501009031338576e-01
7.861410663086831896e-01
7.233565800943287938e-01
6.998345083539182949e-05
6.940446460992015787e-01
7.827030968894109764e-01
8.071051143866460054e-01
5.829348974918073800e-01
7.850729985078359618e-01
2.125265680684281715e-04
4.228189675768798117e-01
8.475837179662801812e-01
2.167522345410420658e-04
8.261284753186090013e-01
8.200938974949381066e-01
6.461034164628287179e-05
5.456476237392523521e-01
6.816374313105246774e-01
8.606533225923129748e-01
8.466928447061928820e-01
7.715071433245521693e-01
5.511855411384282144e-01
7.904873064699302621e-01
7.565829234547656323e-01
7.292086935004828963e-01
7.479624402701646746e-01
7.966788435550572478e-01
7.884089048954522339e-01
7.841778425352536885e-01
4.710744159414174126e-01
1.161598996294758377e-04
1.091156250100389779e-04
7.268902107632203569e-01
2.272913163451364363e-04
7.991668488317001939e-01
2.066055502631389056e-04
7.887933204010835198e-01
1.601670215029894252e-04
1.003670263191272803e-04
4.085371176645241696e-04
7.250304383979069140e-05
8.321467538440056044e-01
8.469216801545993434e-01
5.218778144202410596e-01
4.096912444197605319e-04
2.086371746611870651e-02
7.847199105267711472e-01
7.327483430960405331e-01
7.634087186630740263e-01
8.163601423940085311e-02
7.872181828068820497e-01
7.830490236356824041e-05
6.389590034311094877e-05
7.324320896046492280e-01
7.311100671700487830e-01
1.120510450074260647e-04
2.004209979339421151e-04
9.969015170847053131e-01
9.241011722938992090e-01
7.384160022650259059e-01
7.865064575466212959e-01
1.395751860262585159e-04
1.467176769814018569e-04
1.042584885985643403e-02
1.548980853924685614e-04
8.565537133426960326e-01
9.114182366598468921e-01
8.412655011684279094e-01
1.693053213251982669e-04
5.933087209457953100e-05
6.733860825383007898e-01
7.532670420141908130e-01
7.970813090600727957e-01
6.966882304434852680e-01
8.350703542635330434e-01
8.194661788820363306e-05
8.250773145125056551e-01
8.058571823037491422e-01
4.487673122666386888e-04
8.061791533424784717e-01
6.273601087726266316e-05
7.452501448596892120e-01
8.333878359459025555e-04
7.345055377466179758e-01
9.067760882491796570e-01
1.265735077074450104e-04
7.165058022762305079e-01
8.915046625982536721e-01
5.629710248171995168e-01
5.918864837156908275e-03
7.515098249460424595e-01
1.562704241523480569e-04
1.799141602695864331e-04
7.340480523419442571e-01
7.758110008563298132e-01
6.190555436737196521e-05
6.766672255108011048e-05
5.904484514508354776e-05
9.926538655201813111e-01
8.225371656129268905e-01
7.798569035592178844e-01
7.580591408563490674e-01
1.824451108855127052e-04
8.311031231846085499e-01
1.220563888807795188e-04
9.975630672922590758e-01
1.447507914482165290e-04
7.409494615602321144e-01
9.590403611417944729e-01
3.818596608715904886e-04
7.980922376653180050e-01
6.239576058278752146e-05
6.466749823253125085e-01
7.591393683271059345e-01
8.188656951577991672e-01
8.382786679688386533e-01
6.356237075062887262e-05
7.847352417181183704e-01
6.823451533529526782e-05
6.295864714630615699e-01
7.537561402202474256e-05
1.387971604942464933e-04
1.900271840005948731e-04
7.876584805622437457e-01
1.376855059804472370e-01
8.357406898773190873e-01
2.967316865447074798e-04
4.518043894599914237e-04
3.598682216751333263e-01
5.285237531852976511e-01
4.499831993221944382e-01
2.643256538767065761e-03
5.185202023742366828e-01
7.475085583380248755e-01
1.672161105277938735e-04
6.913970627160641591e-01
4.545238094221641934e-01
8.841703718643634247e-02
6.082378424437879854e-04
8.063337101206321522e-01
3.957133030666548645e-01
6.040614733553079693e-05
6.255814431361165866e-05
5.152905793023566895e-04
2.608136224671881299e-04
9.988789673975752015e-01
7.849675158404632036e-01
7.750055006415840220e-01
5.120412242153370239e-04
7.828623306979402008e-01
8.077065692567186872e-01
5.032811764184571407e-02
9.986731187857732506e-01
1.933269263514473309e-04
9.985679855316460518e-01
7.511530431612003511e-01
8.320509972230462070e-01
5.258341780003741861e-02
6.845343110484359932e-05
7.479922372056992952e-01
6.250290132114698230e-05
7.431699943870848646e-01
7.690025320181927970e-01
6.499290968465720741e-01
8.229811858294880933e-01
6.190932190054467821e-01
2.650893335297457962e-04
1.537668176155377875e-01
2.504703073544391331e-04
5.904593206217686427e-05
7.894690177463753455e-01
7.949940002071185230e-01
9.033010241367293077e-05
7.950167601834920994e-01
2.688926093566742907e-04
7.827689242897891697e-01
8.035666525717816144e-01
9.279238791335411296e-01
4.626387497142811500e-01
7.720536063670919713e-01
8.117659932659536670e-01
7.121913622156157491e-05
1.910907170132796027e-04
3.098995850278782327e-01
7.978511020583343161e-01
5.951085630295470928e-05
8.636885282833607347e-01
3.913943121755299459e-01
8.269101233824164622e-05
8.476856275489624837e-01
8.512610937132110145e-01
7.243224543171290497e-01
5.972514530939000421e-01
9.986894523154528081e-01
1.182894843023598854e-04
8.007947518122165986e-01
8.244968816092014263e-01
8.042736607614063837e-01
7.533537897544811957e-01
6.649079888709710229e-01
1.126305436064351455e-04
7.847569771610102274e-01
1.273025003185948849e-04
2.782778799974147330e-03
2.204124795315706431e-01
1.101537216615865823e-04
8.394741580386500034e-05
6.620831559740530947e-01
4.793194046732740521e-01
1.372815320138096908e-04
7.734628859074550444e-01
7.422547378339092727e-01
8.463982806573963069e-01
3.915538248077595762e-01
7.905800282482040586e-01
7.486475415416470325e-01
7.397611104798899051e-01
2.543278590777152126e-01
7.887424878962298047e-01
4.263430115109727108e-04
7.781059962537254515e-01
1.496882655997815691e-04
6.595456220461130121e-05
8.479911629994977273e-01
3.334320192362665936e-04
7.393902606038789127e-01
7.268825242474562243e-02
7.838632692829844428e-01
7.437634816852231046e-01
8.594666620426070214e-01
8.310397257400237159e-01
9.987561798878311636e-01
5.032794887129670158e-01
7.402144903483027583e-05
1.107655478266441837e-04
9.991777530549538211e-01
1.173879581103940616e-04
3.861969207924131897e-01
8.005460720348304138e-01
8.087430875725037938e-01
9.026934286691538079e-01
5.606918329627255115e-01
7.295955119861569083e-01
3.643056935410302587e-03
5.051177072540643520e-01
2.263852511360404929e-04
6.145282283278757397e-04
5.784258008879086255e-01
9.982348971977041963e-01
1.559766740568901532e-03
6.194883173696297783e-05
7.731674113321385100e-01
1.216481288359982238e-04
8.972969246431700097e-05
7.161497597158944517e-01
6.966611970579930646e-02
1.352932773016748752e-04
8.150341556210783933e-01
8.070848478440946216e-01
5.763911358428596706e-05
6.856633162692673533e-01
7.123299437721642979e-01
6.199955392172282979e-04
7.101664952609414438e-01
1.858115552358250637e-04
8.494494999420185710e-01
4.934540702843722149e-01
4.734356355309172495e-04
8.089828828704922481e-01
6.916163859992525698e-01
8.508406030477144721e-01
9.991289778205056926e-01
8.463195417626503403e-01
6.866479322151302078e-01
7.725929543477771607e-05
8.353403630873894592e-01
5.218114707934902174e-01
8.352388833308722615e-01
7.607891383375115543e-05
8.019330923422036614e-05
3.455997305834698969e-04
4.637352424966951769e-01
7.756089589865005074e-01
5.702707738272901894e-01
7.837084757831737081e-01
7.822242865741048101e-01
8.248884255264211651e-01
1.959809770551161796e-03
7.507344833984117560e-01
1.033697101813737976e-04
7.930946836007271017e-01
7.724568882590682195e-01
3.575575533082396285e-01
8.021993109181090320e-01
7.580882997331134243e-01
8.304782319389347744e-01
4.796994469682496192e-04
1.592315198933216922e-04
7.048746922685644734e-01
9.689568775124201006e-01
2.134941995545930641e-04
8.731880710581734536e-04
8.179763915963477183e-01
8.226765289382148919e-05
8.082877419326400803e-01
1.532419453374025747e-04
8.618525560060301682e-01
7.748385728809713546e-01
9.950902957608248611e-01
7.348653996932406549e-04
8.176125732636864711e-05
8.487154670909680121e-01
9.819989332829489551e-04
8.279108411939261059e-01
6.746375932375048409e-05
7.150014589791616100e-05
4.703512075841588813e-01
5.670259284237477715e-01
8.451710233502603975e-01
4.160635955478121737e-04
3.389078678740000956e-04
6.397381041700218596e-01
5.903333742092823355e-01
8.357797259685533220e-01
8.297004005002899252e-01
7.814847011681826938e-01
2.642243373096197665e-04
8.179195292046341770e-01
8.030205891953577924e-01
7.571669409042653953e-01
8.287439359199794131e-01
7.749433139479143806e-01
7.560235899898913869e-01
8.105784452425665880e-05
7.884714559422414393e-01
7.573877568620620560e-01
9.991787095122837137e-01
8.039628985887342649e-01
8.043060590156448919e-01
7.549748859331405493e-01
4.921662840949889151e-02
7.506038446324426738e-01
8.396942076868683102e-01
7.089424271613733878e-05
6.641695481626141984e-01
7.026481924633455334e-01
1.109093295769842660e-03
7.691255207543051808e-01
7.482770287123703401e-01
1.729473986183609039e-04
9.914906825145152203e-01
7.650257245498169878e-01
7.508817420745391713e-01
7.914245418658661935e-01
1.380506498242905090e-04
8.309344494529007363e-01
1.172582153034234132e-04
7.703704971293702242e-01
1.284932282147604890e-04
7.885912561820501709e-01
7.664758951398866350e-05
2.554911658143679842e-04
2.183128153165249941e-01
8.610274458380807224e-05
7.070585692738682315e-01
7.999163870108022545e-01
8.323427974884105573e-01
7.871503722503818690e-01
7.772296171880814786e-01
7.259839156995711029e-01
9.971300803702162208e-01
8.341522959409614080e-01
7.979255725236579222e-01
2.323551810800560677e-04
4.670863407698790382e-01
9.720424834749624048e-05
1.030375392137074797e-01
2.724426291564636536e-04
8.440092818469560054e-01
7.819731497656787766e-01
2.792920586619751511e-01
7.791822758367240214e-05
7.609086311978137118e-01
8.371704490099546314e-01
2.811882083994915980e-04
7.935891605649030289e-01
7.882889099728815907e-01
9.975805386396319197e-01
8.278455772924486755e-01
7.290059049172704475e-05
2.135261833573988595e-04
8.411585158871200951e-01
2.300075204822869443e-04
9.360959299712229287e-04
8.059716332632952621e-05
1.809856470654091099e-04
6.176220943552660492e-01
8.180844218957834535e-01
7.260504709059854012e-01
6.680083631206551464e-01
9.979272733134760820e-01
6.876041902820423379e-01
7.497574758484305546e-01
4.640085052593073134e-01
7.802272617400904942e-01
9.881933055300418101e-01
7.509082081409236276e-01
7.945959546429329778e-01
7.559784159408707849e-01
7.123320333365708995e-04
1.419808461158479781e-04
7.063300621532022650e-01
7.285442243898039294e-01
1.136133652440324043e-04
1.212078825683495864e-04
8.065972877509050010e-01
7.760021194901292052e-01
1.131430740531395585e-01
9.032525760250992297e-02
8.067583459829357206e-01
8.317113273957584818e-01
1.141010509674559746e-04
1.254589161345345306e-04
1.623994554623728423e-04
6.484408215141779382e-05
7.846177531386578918e-01
4.688256391741287975e-04
8.540916847960915437e-01
6.960756082158867184e-05
9.954599957379441921e-01
4.219578576376535328e-01
7.984250843865925624e-05
6.715611970153156918e-01
7.883214140632008871e-01
9.986512705886606556e-01
1.365430330797890541e-04
7.546290255716334716e-01
8.462990723672371152e-01
3.771781462499788559e-04
7.982182774334859454e-01
4.201908260306951200e-03
7.254134022822429362e-01
2.702454146782519808e-04
8.046600407720549963e-01
7.209299306990452072e-01
8.263715175986600112e-05
7.631860117170997659e-01
2.919284821307091896e-02
8.055247622526110485e-01
7.896359029192457912e-01
1.111307558097981041e-04
8.384285587727063893e-01
7.287152118974152826e-01
9.589093715005519774e-04
5.147572349938667191e-01
9.983101715506836893e-01
7.545493801301603742e-01
4.213257375704234742e-04
8.126143895823950691e-01
7.790191725703475845e-01
3.840199213397640365e-01
8.474160488288594584e-01
1.076032240505098137e-04
9.990800430254431763e-01
5.637657010089376999e-05
9.986448356496860912e-01
1.096214323241288612e-04
6.572354672325493308e-01
8.006289317204452471e-01
1.160626486943719691e-04
7.951019731249210354e-01
9.991297332767893336e-01
1.011807932795040060e-04
1.022711620406063532e-04
9.549541832985767209e-05
7.865596538050161346e-01
6.844382192931037449e-05
8.064768219813308603e-01
2.209736035411993176e-04
5.110636201246681054e-01
1.163312866589176903e-01
7.428796930855536829e-01
8.176204803400580756e-01
3.071893915917892418e-02
7.539480138609168103e-01
7.804389073409115918e-01
7.926396059984628373e-01
8.011366297713677920e-01
1.690440453343030193e-04
7.603871272082406430e-01
8.395499709994617143e-01
3.767148711672764494e-02
8.547700179778774388e-01
7.129935533809776960e-01
1.277692235667708676e-01
2.009510942674917289e-04
7.134495737786726382e-05
5.941669380966473085e-05
7.934952523517700973e-01
7.689531401186461279e-01
9.985622105100502941e-05
7.924618744015725635e-01
6.382540446554629820e-01
8.412133718110070824e-02
8.561543966836090860e-05
2.902740859259873873e-04
7.902232953981846997e-01
7.998217216073293390e-01
7.871402318924671793e-01
1.019126054548416673e-04
7.871627851386475694e-01
8.053636747801832252e-01
6.620724978009416214e-05
4.614846338587719754e-01
1.371875669153786682e-04
2.666235712414055355e-04
2.370452580153504770e-04
7.800405606063491870e-01
8.318858096617132158e-01
8.174852487340078522e-01
8.037322534750580560e-01
8.354469900471338528e-01
7.815346300279929492e-01
8.392217334863361078e-01
6.277582110391937591e-05
7.710245605142401759e-01
7.871438834467745504e-01
9.927265805810863153e-01
7.438694330500017493e-01
7.746538127969657683e-01
3.348132239523201703e-04
1.475564101692963814e-01
3.194486290161577258e-01
9.119101349485799757e-01
7.858467585933986976e-01
8.167633668522206181e-01
7.889063888281556691e-01
7.997246780797405696e-01
8.234906765679584906e-01
9.974561340187830805e-01
7.738725063108504163e-05
7.292972157495926089e-01
8.434992518592500099e-01
5.908103945081547714e-05
2.604508215972606844e-01
1.133137453097047854e-04
7.416607666619107198e-01
5.928806202599591346e-01
1.435043335414177279e-01
7.874949872285641472e-01
7.912904704889669460e-01
9.970312514813352012e-01
5.925603147265926518e-01
3.650647670943935746e-02
7.638259349766433060e-01
7.461248455759658116e-01
8.513990859043976123e-01
2.075402728161944486e-04
8.092104845085533738e-01
7.618921048837675736e-01
7.194414515278374500e-01
8.599774781461529960e-01
6.328128466641629313e-01
6.793273456438170266e-01
8.451781804300144939e-04
9.991295428397978240e-01
9.987208865303809358e-01
6.550740800891923232e-01
8.361541971645902738e-01
1.135840288661089139e-04
7.772542950411952534e-01
1.665043721670177342e-04
8.825455642392669997e-01
4.937636368302569670e-04
7.935570512108128804e-01
6.326872149761019653e-05
1.487591166652155097e-04
8.539806181504409066e-01
8.446073766946565753e-01
6.013839792924238203e-01
8.138766377858236368e-05
1.925751479938789842e-04
8.308034883229200175e-05
4.359404804618269291e-01
7.818529834035795600e-01
9.053120528050684346e-01
5.950101772120057753e-01
5.399226285345944953e-01
8.157789279430295939e-05
6.107223887031411379e-05
7.686834720547622846e-01
7.621499416076542577e-01
8.032505880734900350e-01
6.679443618879280509e-01
4.680304124686676115e-01
7.086758716697972860e-01
7.266925508955062174e-01
1.261134246565355662e-04
8.622245651280465717e-01
8.498738282768205643e-01
2.045117936946814509e-04
9.523215806807384665e-01
7.662472869318299740e-01
7.415432910139603262e-01
8.083722178787936530e-01
7.719920261351627122e-01
8.052376844153905644e-01
3.196319846137049298e-04
7.454018996793095875e-01
5.799584800564391296e-01
7.888543409773527415e-01
5.137298096658256914e-04
5.242725108540210455e-01
5.654142882144904680e-01
7.536702898650387006e-01
5.015629057147859005e-01
6.564549717529474249e-01
7.732277804967017110e-01
6.670387868456356673e-01
7.807410453989727193e-04
2.113026590721813424e-04
7.674397014630203184e-01
8.219061942523382402e-01
6.857980853930992771e-01
7.932968864052213354e-01
1.618388701663559675e-04
7.495846123449991794e-01
7.099277216219754827e-01
7.848783956627159997e-01
1.379564395110972539e-04
2.177209153785032436e-01
8.574327454126432491e-01
9.987536524391638082e-01
4.553792128144557028e-01
7.288198779494953206e-01
2.429612350352445291e-04
8.320553952877725035e-01
6.956392291011628259e-01
7.921612878234014499e-01
7.818361786069828456e-01
1.176887468240786825e-04
7.776096445400918489e-01
7.854270518464081530e-01
5.598372134569338642e-04
9.986646896252442396e-01
5.678326172735024342e-05
7.928725028874996639e-01
7.056026333904338310e-01
8.453927678156129000e-01
1.332851859841033303e-04
6.115624393710334950e-01
8.203703915720694795e-01
2.433937127841290617e-04
1.213253003809178877e-04
9.906715233709471047e-01
8.303018603619168880e-01
8.008456338325699031e-01
6.328652686860568625e-05
6.402175648572734764e-05
9.904478272778002301e-01
8.334777863136562104e-01
8.449851947665959484e-01
1.256971993096502179e-04
8.091582211514934952e-01
4.049816063923488141e-01
9.959399591650682781e-01
8.980970811106039342e-01
7.264090814462547119e-01
7.702857052753637745e-01
9.483369683885090051e-01
1.190634470183235972e-04
6.622215000506621596e-01
2.477650939290326261e-04
7.879973122504807049e-05
7.937417123881607139e-01
7.904465019494497646e-01
3.797885952050057148e-04
1.138508768213357554e-04
8.410254787693743710e-05
7.971273231076110299e-01
8.298634466108609775e-01
1.015525945231701346e-04
8.365447378525242561e-01
1.480869698042326524e-04
5.274706925944544489e-01
3.796807718285659817e-04
9.986596189858140127e-01
1.253193888838621351e-04
5.454331759047323022e-04
7.054220107442851218e-01
4.889124308498513094e-01
2.204856132085910832e-04
5.987476587054373143e-05
7.676207593895856274e-01
1.400350500722449853e-04
9.003776517652026831e-05
8.437770875680967730e-01
4.456298550465351838e-01
8.234419427132149139e-01
6.343934035022523732e-01
1.083062506575503556e-04
7.825248905722053117e-01
7.913805357503980176e-01
2.337129623446651538e-01
8.346337967298500526e-01
9.975963724922966014e-01
4.156937637114925576e-04
5.605302471043541922e-05
5.912463774732722952e-05
2.966920838249088041e-04
8.424956627906943218e-01
8.423036440837966543e-01
9.421368796070737764e-05
1.980985196004253213e-01
1.664297422478962045e-04
8.568316463632789904e-05
7.489884910936703832e-01
3.957744099352653619e-04
9.990440071038452219e-01
7.780038467945963321e-01
7.772894548768028988e-01
8.341493623456707196e-01
8.592854104507338109e-01
7.856072729714873581e-01
8.487854621979477043e-01
5.886837240138447225e-01
5.164910834289112573e-01
7.280756007918487427e-01
8.561095033329146897e-01
7.654665878533744028e-01
7.610941047876227383e-01
7.777496320577049760e-01
8.072580013041786851e-01
9.986087232751722498e-01
1.997343645863564887e-01
1.235328882797602501e-01
7.050070537424709576e-05
7.296264465747780083e-05
9.905513296001995371e-01
7.644522153140428378e-01
6.691050290118503163e-01
8.246284957988687658e-01
7.150617856950408635e-01
8.870696235961510493e-04
9.849127136353799346e-05
8.216074339404879224e-05
7.786517007002078383e-01
3.686551343343937200e-04
8.269252383692564656e-01
7.790720332126665419e-05
8.170761126799515051e-01
8.312324926588396945e-01
5.817917082616339552e-01
7.936884323601658409e-01
7.912134237531460723e-01
8.514210277227599599e-01
7.147735555327141554e-01
4.558375737653394999e-04
7.537173038739618757e-05
2.225665062302369934e-01
5.860133921008630065e-01
5.059584107871634151e-01
7.347147955521800679e-05
8.351540343636730812e-01
7.779006046765672977e-01
1.517831818200021221e-04
7.260794669442613045e-05
9.987569163345950685e-01
5.253105215386870697e-01
9.991296764460155799e-01
8.602299487111929599e-01
7.787042237639570930e-01
1.174839234464971125e-04
8.008441971552918703e-01
1.310728565729843442e-04
7.560924095941630174e-01
7.469935574134957124e-01
1.964321256134467469e-04
7.142899870799538026e-05
1.023912949598266534e-04
7.468471549949482480e-01
3.279576045263042916e-01
7.360494160070735290e-05
2.222764845503228184e-02
7.707130122582895870e-01
6.385015641768925995e-05
5.408839885649389112e-01
6.631070449542001040e-04
5.734660319641935681e-04
2.312661662572981225e-01
8.628323946053391147e-01
2.649424006438802124e-04
6.850257832490496248e-04
2.178565369268823998e-04
7.709978959954382205e-01
8.008650671229475826e-01
6.667655778767075762e-05
3.193920751550050974e-04
1.826293731081548753e-04
7.612160648966136423e-01
7.188410560654014958e-01
5.804242657982149924e-04
2.202213869947611952e-02
1.527397221258050780e-04
9.417855099599074147e-05
9.983276584699271039e-01
7.910074833635274416e-01
8.309407810377354459e-05
9.986338228471089984e-01
2.317957862690910129e-04
8.405301940567333333e-05
7.787405069786356160e-01
8.493672107760447121e-01
9.989389599397507924e-01
7.633403205995652474e-01
7.900497933931139860e-01
2.940198212779251887e-04
7.329297542846689609e-05
9.935706536225110685e-01
8.241246932663713887e-01
8.361732309860477885e-01
8.238375662905623011e-04
7.643522956836750204e-01
7.868732470052572925e-01
1.531229047972647555e-04
9.079849307397330055e-05
1.425839110186822862e-04
7.817086252486867837e-01
9.128808616314584303e-05
6.493759939932391978e-01
7.759000229650302449e-01
4.907501429890250289e-01
6.558656197882833277e-05
5.919368432084114451e-01
2.653055697618437927e-04
2.118404916025737035e-04
6.214123275634695189e-05
8.042879515498467802e-01
7.902022133364704493e-01
7.789806572085461456e-01
1.634795475448675849e-04
7.850156155517007406e-01
8.633882090484523708e-01
4.445481873920708411e-04
9.006047776390954500e-05
7.935938528727085606e-01
7.947427216344673528e-01
7.963659275837158269e-01
2.292225773156763083e-02
1.777131047283683207e-01
4.587594505599904560e-01
6.107339316054357509e-02
8.349706017364565414e-01
7.759004329311459669e-01
8.253991511597490449e-01
1.599197010911197953e-04
7.906680541883598368e-01
8.579253870842323392e-04
8.535454943265811207e-05
9.980587248227471564e-01
9.982393842560276509e-01
8.207706349846537464e-01
2.453978719234839109e-03
7.661199461452742332e-01
7.952976247135221666e-01
1.098262055908872867e-02
1.470601089131027032e-04
8.254747878376733627e-01
8.075628521761197675e-05
5.467963511372604390e-01
8.383407099719073496e-01
8.142138544382625520e-01
8.487787140800814312e-01
7.384270923289072419e-01
7.037514576010462930e-01
2.144372099442940123e-04
2.389790241561760863e-04
7.742775220898484578e-01
9.990588133172337848e-01
2.275109356227287562e-04
8.077422640125861975e-01
7.998278483163346886e-01
8.057573984738597428e-01
8.373058344009983722e-01
2.159732084205825779e-04
9.795719883598702005e-05
7.874900575448507967e-01
3.585663669308926209e-04
8.273274468805617010e-01
4.974848940590344574e-04
5.389168622275302134e-01
7.432293397294883475e-01
8.355215524375546169e-05
9.920982855307460824e-01
7.696814478062076192e-01
1.449703156231798434e-04
9.536780260357184344e-05
8.531232723150111719e-01
7.826223162850290960e-01
8.254782471672531541e-01
7.482668188685445143e-01
4.811701239780489248e-01
6.569291481453829462e-01
8.691670349391575900e-01
7.559604016783934011e-01
8.359072316707245598e-01
7.792388928511890800e-01
8.534770081018634436e-01
4.659340035240813749e-01
6.671707678519149809e-01
9.729513650502121802e-01
8.294482404138385945e-05
8.025497527849214663e-01
2.289867689803721151e-04
6.665913946890645869e-01
7.871916374233018932e-01
8.483926377396434611e-05
7.814662504831453222e-05
7.488468443405388308e-01
6.619088020497103653e-01
1.200961833024802583e-01
9.170535641863585274e-01
4.520848999759464722e-04
7.901296447464635220e-01
7.998092828750262855e-05
8.316987144372882650e-05
7.879423250798810452e-01
7.564721270025746014e-01
6.630758010305706218e-01
7.043709167115944992e-05
9.984907325863958683e-01
7.935493801229862574e-05
8.477174349044984680e-01
5.602128240091938105e-01
9.506047133700807894e-01
8.556864025870745127e-01
9.994816280715306256e-01
7.285172181178950490e-01
3.055689415101062734e-01
3.285415001119020972e-04
8.447399563812214573e-01
9.774993924844077586e-01
7.784945494752295581e-01
7.795233283981206629e-01
3.362354934965882669e-01
7.975475580833222278e-01
3.167612495592515582e-04
7.819353560965994765e-01
7.947935598832822635e-01
8.049390923649676344e-01
7.686087481828671741e-01
2.199444124840591367e-04
1.570843049106494522e-04
7.154567496023295226e-01
7.874966549976146757e-01
7.759605708455819765e-05
5.364610624588191934e-01
1.867927203198299028e-04
9.542995444046790121e-01
1.092091323182276137e-04
4.858264012785390995e-01
6.690556078510495608e-01
7.776667462032538225e-01
5.403948963467128941e-01
7.653399563496523506e-01
9.978138677765944209e-01
8.291900813638546364e-01
9.991770205600465360e-01
1.055960516223934767e-04
9.980479637899400958e-01
6.548701639260781082e-01
7.753841358995171573e-01
8.306439906999261709e-05
7.923870946505955223e-05
1.674929289503759747e-04
7.417482755681606976e-01
8.603328429546179823e-01
8.180201464556418082e-04
6.573493761944766364e-05
5.645813804444330675e-01
2.401085750710002585e-04
1.709913581983181507e-04
7.699710053465126380e-01
8.073562083685098534e-01
5.679185517345284318e-01
1.420886414655430762e-04
5.868672058462546248e-01
1.921797632794151813e-04
6.998848891267078699e-05
1.573210442643459663e-03
7.855390299133074850e-01
5.587042991556026017e-01
8.415634461128808086e-01
1.934414544206650849e-04
7.039791652349410844e-01
7.796102130642720285e-01
5.236711946117998950e-01
3.387476499683739640e-04
7.633609216908557871e-01
7.818571680745817210e-01
1.538039655163809805e-01
4.492936738506768325e-04
2.364125622273242910e-01
9.993705118179417868e-01
5.776614698643104395e-01
7.346297292562187155e-05
8.294006270282469062e-01
8.587324805341790546e-01
1.668355008552008982e-04
7.684638069068865374e-01
7.710773807322224283e-01
7.744222750300624458e-01
8.478942752864780941e-01
7.918070276309761781e-05
1.445401053976849595e-04
7.941908424139941802e-01
7.116423428992296740e-01
8.609654494170436130e-05
7.925995532873826299e-01
6.171865310453396292e-05
7.101590414009549823e-01
8.224485642123217088e-01
7.659987348870382906e-01
6.903779547438134712e-01
8.151425407333358570e-05
3.414578030208689774e-01
9.991295087317274559e-01
7.736163098334806199e-01
6.534991569899663679e-05
8.357258805840048765e-01
7.565997567552750214e-01
7.756512205117465086e-01
8.556525786606268883e-05
9.421973459292048287e-05
8.219579066047112414e-01
6.720040429624377643e-01
8.321132418194946423e-01
7.849673485220075575e-01
4.346930327631010060e-01
8.437380763011386176e-01
2.033908027252259330e-04
9.887688826037772660e-01
6.334947891582898933e-04
7.746229785664556777e-01
6.595366087748734119e-01
8.477207388236038810e-01
5.836049725880773087e-01
1.960474564871033819e-04
7.520505866823550267e-01
4.339069083397183993e-04
7.532391379674189258e-01
7.288214961220773613e-01
8.017244942850911826e-01
5.820290492360951886e-05
8.605624877247750604e-01
2.016467987151417673e-01
7.955688099597643115e-01
9.137258789063969861e-05
1.009258749330816220e-03
8.396321285991029670e-01
6.261976577623616924e-01
8.076577619794609308e-01
9.763654102464217610e-01
7.504085167621465935e-01
6.933567936495319550e-01
7.697851340566842272e-05
7.125793239029440951e-01
9.928316952425312314e-01
8.934208743636342653e-01
7.330935695152061005e-01
6.804196260429258927e-05
8.333175997450550376e-01
9.077142744023258434e-04
7.675855685686646668e-01
8.979158085228050590e-01
8.340594506000609254e-01
8.008235792697083744e-01
8.589470729227537404e-01
8.562893295244196068e-01
7.456824843480941434e-01
4.098136815687044437e-04
8.279783654557395511e-01
6.836467565265795798e-01
4.351250648312704168e-04
7.307116388781563776e-01
5.706071198264314992e-05
7.411085252365521292e-01
5.650111655347917405e-04
3.569434917690165413e-04
8.451878350656629735e-01
2.026676178389261683e-04
7.912621467609991521e-01
7.816828246202938146e-01
9.471700974947524498e-01
7.986211243294288886e-01
8.252895518099239158e-01
8.462102387792877012e-05
7.652373180487694881e-01
7.286251462966112369e-01
7.685243902002658611e-01
5.844822631501214172e-01
7.334705618648577063e-01
5.835341530182240888e-01
7.816861467096477556e-01
7.473251363789261692e-01
6.857688326841709925e-01
1.138059968570829736e-03
7.469857527230474581e-01
7.675471517744800742e-01
9.989597484234791214e-01
8.464966119941840228e-01
1.050405480492508110e-03
7.697864007496342253e-01
4.929534943212964815e-01
6.695831268231448030e-01
6.564221210635436954e-01
8.470423777552323896e-01
8.460187940618411062e-01
1.670723644235492958e-04
4.072606508151936752e-04
8.010972615747876668e-01
8.514796637419362879e-01
1.626404633900421055e-04
8.042691418291250845e-05
8.384775809514811717e-01
4.810498287906439518e-01
8.438695390299020271e-01
4.588849311244896922e-01
7.758040889704181930e-01
1.127288860365717444e-04
7.935747006903876022e-01
7.492493961683451831e-01
7.962553593642432981e-01
5.528675583316225994e-01
1.319101610637280039e-04
5.200952293619132919e-04
6.100504326561955132e-05
2.476904167946235085e-04
8.148004063107591177e-01
1.892949476273469880e-04
5.992359834861932244e-01
1.207574090327402508e-04
1.023422519390870144e-04
1.628083461939056184e-04
8.468810703308404797e-01
1.658613786390559304e-04
8.305261311852907280e-01
9.981753751673591024e-01
8.005058755618215522e-05
3.965992555216171778e-01
7.984477023606267876e-01
5.844961310171291482e-05
8.450379377701999761e-01
1.867857747401271355e-04
5.785159427562539536e-01
7.326525091481379537e-01
1.826488491418556698e-04
6.882086625207152041e-04
7.709331262553146269e-01
8.005268809295102983e-01
1.254289491514919868e-04
7.670582516090033165e-01
8.454422959858531872e-01
7.329064398271280256e-05
1.425250101240518603e-04
6.675063942763547198e-01
8.400257615608540673e-01
7.888413443507499290e-01
1.822477909348276339e-04
8.443981138275412635e-01
8.466418431461651961e-01
6.258043413925562515e-01
2.951589574674645883e-04
7.844124602253674805e-01
8.430679144635004896e-01
6.840047007572840343e-01
8.413370073198273014e-01
9.929082090441455621e-01
9.995244749975584764e-01
6.000101127994872629e-05
7.622245682135820877e-01
4.889564222595985110e-01
6.130243898776981777e-05
7.637850682318273465e-01
8.131917665538480611e-01
7.612790368449956491e-01
8.449687416683252517e-01
2.136431924091207468e-01
8.192657533661862335e-01
9.983823688056966406e-01
7.540584481078147494e-01
2.936450553464548343e-04
4.324351600386683314e-01
8.623162327066755672e-01
6.662166887727278830e-01
1.440766046566529341e-04
9.948323306782387299e-01
5.498136994823106249e-01
1.848320983669058564e-04
1.441909193354329842e-03
7.449975771693683191e-01
1.328235635973969327e-02
4.824861043947595621e-04
8.497576948973134536e-01
8.407992914272368612e-01
2.083737773420214052e-04
4.326042464287267464e-01
7.857268505668740799e-01
9.595746147677912917e-05
7.209394001622333459e-01
5.781084154284681781e-02
7.473151296587936532e-01
7.797088760088976001e-01
3.260442763343367580e-04
2.230772177466838063e-02
6.598981974924140407e-04
7.763820318632013162e-01
5.984096810404005984e-01
6.961846470348188598e-01
7.864323438692695234e-01
5.671229387930423194e-01
8.314686447519175072e-01
7.343816587321364553e-01
8.272275040620912234e-01
8.214723151905484189e-01
1.014639937019879779e-04
7.806388691297356586e-05
1.744411204609538635e-01
2.392850883242184645e-01
7.131485135333401892e-01
7.418394449808545232e-01
7.184475180898033386e-01
7.999715648487029096e-01
7.442375602403432655e-01
8.547699182573416099e-01
7.981970620595893484e-05
8.260480229487936477e-01
1.032986455585301749e-04
4.424923258183512398e-01
5.832989184127005400e-01
7.954636008853883456e-05
7.953325583074436489e-01
8.620782843103388382e-01
1.450970329635935892e-04
2.541366870382235632e-01
7.716173222481458316e-01
7.360565160233432103e-01
7.780011384459535329e-01
9.041366464643606909e-03
7.835330825434499991e-01
5.642749285784531832e-02
6.376915415139864198e-05
4.665144879501374464e-01
7.855402599592366903e-05
8.881161419177414126e-05
7.923224792965105623e-01
8.107634962790283598e-05
8.151251889192520084e-01
9.917697639702277579e-01
7.731870348184927133e-01
8.058237063799831290e-01
7.469209261587985704e-01
2.832648299384095403e-02
6.884207597577070769e-05
7.465699764912435699e-01
4.085488118936860258e-01
7.974455694151665541e-05
7.574980623936197199e-01
8.480942601164527250e-01
8.239224574993940715e-05
7.152628276684581676e-01
7.953321966778890140e-01
6.969776588251362561e-05
9.988334033690513536e-01
5.357691424154140680e-01
7.507009989542595685e-01
7.879466214278746383e-01
6.596582442522402889e-01
8.349392582636825377e-01
8.444060297713629204e-01
7.627082835098208946e-01
2.479572220783393178e-04
7.475902086847301398e-01
9.957110266931264997e-01
7.626078441397062813e-01
6.755190613036711200e-01
8.609638856618320180e-01
1.194143535611664059e-01
1.401573221612667508e-01
6.836244644073491915e-05
1.381419242815983244e-04
6.559432632615512081e-04
3.947022013081332159e-01
6.581491123303479212e-05
5.559671630999121206e-01
7.864419629169600023e-01
7.932013560245740891e-01
7.389281769043660741e-01
8.403847644807900252e-01
8.117679932309183055e-01
6.848296471159750487e-01
8.163508727075702298e-01
9.925520363728523865e-01
6.510449137915246085e-05
1.874644069364098413e-04
7.829494160076885256e-01
5.240095340879401542e-01
7.293469788888012895e-01
8.443220197153218365e-01
6.588442259668166878e-01
9.949309542233422318e-05
5.919919630280748857e-01
9.978860695799172120e-01
1.379019265657830632e-04
5.903066935842385410e-05
9.548049827095130837e-01
7.524733223665503682e-05
7.675437397863239530e-01
4.832628454891033532e-04
7.566494507215792975e-01
8.042230418650069268e-01
7.440116513745362870e-01
8.189088342128212350e-01
7.450287490663437540e-01
7.902470067572939794e-01
1.432852161645982328e-04
7.683241491287189475e-05
7.645295311596943533e-01
8.043223269937945785e-01
4.131056321259651614e-04
7.810300749915725094e-01
7.719347535307043984e-01
7.853431922637582607e-01
6.403384350885944190e-05
7.883515055069627575e-01
7.132030151575684263e-02
7.647580745957144321e-01
5.874404871269671001e-05
8.535487977533932728e-05
8.175157660950876926e-01
6.193798339018861628e-05
6.475589030294249815e-01
7.205713871743141263e-01
3.465983086571911009e-01
7.291187647901961055e-01
5.875789763960416055e-05
9.956519782822765841e-01
9.916433250509884001e-01
8.512698895159015455e-01
3.587246706153719798e-04
7.849572285970733991e-05
7.481614590609281246e-01
7.862473614580606229e-01
4.814438705957029691e-02
7.905858003281495128e-01
2.614748587983039391e-04
2.218361559736345564e-04
9.521384433011994552e-01
7.095799548671140045e-01
9.401052627399531924e-05
8.419191640684136058e-01
8.674078558155067030e-05
4.763365478520456314e-04
7.942303041912618378e-01
7.375036819900097074e-01
9.854892133577721758e-01
1.726045625260991094e-04
2.180217752026280739e-04
4.526093720611898299e-04
8.632885594751390501e-01
8.750315493209220863e-01
1.025175917783263825e-04
6.335289156690989852e-05
7.324942500289028935e-01
9.980453992468300006e-01
8.243368307640431825e-01
7.583692780544841981e-05
1.719858120584021987e-04
4.434690347187996589e-04
9.041727146946691718e-02
9.428242813365822483e-02
7.917896488449260861e-01
9.993118645725430627e-01
7.766570138934993928e-01
7.732207112206218591e-01
1.867685051478026274e-04
7.752721995020772638e-01
6.997635910085607813e-01
1.585477518671113972e-01
7.609246270374535705e-05
5.818045759945568163e-01
4.428767543314904853e-01
7.842923645909384289e-01
3.536833951862402015e-01
9.293043640235412184e-01
6.491251996652357137e-02
8.336581070009511096e-01
5.161683146283685408e-01
7.412124783983123910e-01
4.044928914339580850e-02
9.890585482638602989e-05
8.130001035961578193e-01
7.592841547916993061e-01
8.195998829254349527e-01
9.979134064704073825e-01
8.438353992996259212e-01
7.423438893049638665e-02
7.983701305634925971e-01
7.952863212448654240e-01
1.315953277224616116e-04
7.856863493745337435e-01
7.514434090720480963e-01
7.099329089219008626e-01
3.722274383366981909e-01
9.947905843113409308e-01
8.430092699548323854e-01
1.714302139699508919e-04
8.352403408773855231e-01
8.028429762923418034e-01
8.266501832535090299e-01
6.848084500751803194e-01
9.565925506752934737e-01
1.699938963540858280e-04
8.568591392653922556e-01
6.718208776031067142e-01
7.314889409353905192e-01
8.004252506746187823e-01
5.446679957332248856e-01
9.548234953407186421e-01
7.567122084660541370e-01
5.022777466212501318e-01
7.942751091539766994e-01
7.629364639057780728e-01
5.715994588522825548e-02
8.400300824297927127e-01
1.001092826229048967e-04
9.900627180339337530e-01
7.430008993310743826e-01
2.486223117102535213e-04
5.382659250903680803e-01
9.002237579655489579e-04
7.777925387854479622e-01
9.950672172177807973e-01
2.852818463348214539e-01
7.725819662105045671e-01
1.256332636439343425e-04
7.434048389548572056e-01
2.029859989037076698e-04
4.974798125930615100e-01
1.177333275611010927e-04
8.051106584824744283e-01
7.450666161845523883e-01
5.601614089122357587e-01
9.988815156118876493e-01
8.171443633857190525e-01
6.716497690464944209e-05
7.455390387269750230e-01
9.872071449027292056e-01
6.854102681363285013e-05
7.183828216056994398e-01
7.242328438749817687e-01
3.075777713356403378e-04
8.345140562126180939e-01
7.975839742895374229e-01
5.985658204962243101e-01
7.676703909185705887e-01
1.944874451368721290e-04
8.373260605698360504e-01
6.855945222595714039e-01
5.749322046046166923e-01
5.597020712738640102e-04
7.991909137064965307e-01
7.834508682108762834e-01
8.340325667065280179e-04
6.988800061608825445e-05
7.666347502924896196e-01
7.834228572938214397e-01
1.891249253150350032e-04
7.937583969304214948e-01
8.106940853959236637e-05
7.957132975307688039e-01
7.797721335170114676e-01
8.320707545253420712e-01
9.984827769106089379e-01
7.273981527751891552e-01
7.555101246908219937e-05
8.049811911707660528e-01
9.841628064912733009e-01
8.228838122128808719e-01
4.623204818263714766e-01
7.062359689999275769e-01
3.050090920477225853e-01
7.633658580482257650e-01
7.818013777735177694e-01
1.033659057504131046e-04
8.532970532893026094e-01
7.187081367741878779e-01
4.394793581089940226e-01
8.408734016875590855e-01
7.934726814012543587e-04
7.717561262983422266e-01
3.806034145733376019e-04
8.167818570501785835e-01
7.595308407128046335e-01
8.597161667638558713e-01
8.635170121196164006e-01
6.813031636362983923e-01
3.739685899238949229e-01
7.976747368091712254e-01
7.394438638773281891e-01
7.671864185955432625e-01
7.501791762847405121e-01
7.683727982343592222e-01
1.256961183562474481e-04
3.250243470786674392e-04
8.839003933735146978e-02
9.582050002638202208e-05
4.040329838858891260e-04
8.152846152242559929e-01
7.770251612380216777e-01
1.087738481554483775e-04
8.133625966848441191e-01
7.103736266515264797e-01
4.990237169970266895e-01
4.126458894978274339e-01
6.562840194343441691e-05
7.405231423066243046e-01
7.580683903580802685e-01
8.569473154288786976e-01
1.087368453006204022e-01
7.907815775618879945e-05
7.119705529285860202e-01
7.476368374375771397e-01
8.129531184088195639e-01
6.914757747498916363e-01
8.467249789614564870e-01
8.590435973710935989e-05
7.427107204833102694e-05
7.499397543364544154e-05
8.552601063697705674e-01
1.089483280785846049e-04
7.035095106345324867e-01
7.236233405483560865e-01
5.714034706291134524e-01
4.905167230689823632e-01
3.231747195600889419e-04
2.078851558911566926e-04
6.703585693366316267e-01
8.342575002542316209e-01
1.234640268388526149e-04
7.882599045691294215e-01
8.370405414942154732e-01
7.984155337957463683e-01
2.190311865956542220e-04
6.587928484536952345e-01
7.850906091681212340e-01
1.322931891460712983e-04
3.087016017771800677e-03
2.609005256352836164e-04
8.507177207612117709e-01
9.103788109917202442e-01
5.898288078406006526e-05
8.253606086581184442e-01
7.871507662051494547e-01
7.674352796165179419e-05
7.281715620431490343e-01
8.078430808511833927e-01
8.307963991889596445e-01
7.671080932745894833e-05
1.921719364038923473e-04
1.453278261616832811e-04
5.368307704334834840e-01
6.737753813501646816e-01
9.695087299399313358e-05
8.138021913592898837e-01
6.968853353555553979e-05
4.365077976650311165e-01
8.566695234259181779e-01
1.850594520104790455e-04
9.973454199700588774e-01
7.662035227263527259e-01
9.851784509507235596e-04
3.693567285889617219e-02
6.799218817941280293e-05
1.363418947879258567e-04
3.212526241491492351e-02
5.116651748901310378e-04
8.432190364570049113e-01
1.181587836106710236e-04
6.860878451492858341e-05
7.259779483546426103e-05
1.129473363870264844e-04
5.854087396821794424e-05
7.727523854386665336e-01
7.418376915823493567e-02
8.224373602217723844e-01
7.373838895089711569e-05
7.611780149083240410e-01
8.389246859303683967e-01
7.590593224899189195e-01
8.323394766072744538e-05
7.967743269749387736e-01
8.597151964974544258e-01
1.046397342191575711e-04
2.171004364253796592e-04
1.074971965365378353e-04
1.740948251202032728e-04
5.751923663231419681e-01
7.318178030760204011e-01
7.845428628019412987e-01
7.491959531998328928e-04
7.994756275432368664e-01
6.377799468372843245e-05
7.854270148443596167e-01
8.166723804955666743e-01
7.297296355242379740e-01
7.261141860706459283e-01
7.492305190131601789e-01
2.570048812786796650e-04
7.790248409896651793e-01
8.267754460279316264e-01
8.147035064482064382e-01
8.735028856427770648e-05
2.829108531996411325e-04
7.832857081690475232e-01
5.326232059296600596e-01
8.537005701699235116e-01
1.375006205353295635e-04
7.353534515622478507e-01
8.234380590310990122e-01
5.844090714812771636e-05
7.875337414674522529e-01
7.660262530359867039e-01
7.338243566395328266e-01
2.179062451321954095e-04
9.133472086632061886e-05
7.726473527130701680e-01
5.381343091947975946e-04
5.622765386512521371e-05
4.019565472372280124e-01
7.868086807047087738e-01
8.450945272533798569e-01
5.809284594090848852e-01
5.829085661316858117e-05
7.907189244284766882e-01
6.333128490942202538e-01
7.197926963309624337e-01
4.360637567513525603e-01
8.578880854031176728e-01
7.575711398523853335e-01
7.924943108734352482e-01
3.919301432386250172e-01
1.403547061078446456e-01
1.041567239962859492e-01
6.767182922548306001e-01
8.349647270903491902e-01
1.069316462048066344e-04
7.311925649385965231e-01
7.071405677007387425e-01
8.542109317062112073e-01
2.230815389817936590e-04
2.564972639629075290e-04
1.532128275072430117e-03
7.646665195680858451e-01
9.980178912174546557e-01
5.912419988323073250e-01
1.492755001232554818e-04
9.623266132869491400e-05
6.772865058062426113e-01
7.836302581652885291e-01
8.379583892929595157e-01
7.238586505355475435e-05
8.045490449968895064e-01
7.657534985758764901e-01
5.658576488306708008e-01
3.743403440735725007e-03
7.537419989878045845e-01
6.760546912948707553e-05
7.636565839455368154e-01
5.752433165616395807e-05
4.858348565866011382e-01
7.854057778555153524e-01
9.286133420217581181e-05
1.704243122111654427e-04
7.643605987039445715e-01
1.100259298080155798e-04
7.476998744972903621e-01
9.918787948167002710e-01
7.855905753412320003e-01
6.775679746553714411e-01
1.396891654040572554e-04
7.877036689805502201e-01
7.458490320549537866e-01
2.932270533862402152e-04
5.630374559101439802e-01
7.389536762759938426e-01
7.373477187764007068e-01
7.669934279955291645e-01
9.993221324216798873e-01
3.028977459517331883e-02
7.858455666340162793e-01
7.426469645924433927e-01
8.649551784621761232e-05
3.909829148916081696e-04
6.351927739019923580e-01
6.417925917224427401e-01
9.317225524701375772e-01
7.553637525037488456e-05
1.090067296693698402e-04
6.241035299197215318e-05
8.319004652622726814e-01
5.675073006351925213e-05
5.661384928159521020e-04
4.273821867637800278e-04
7.791923938535398886e-01
7.837274472016836357e-01
7.933196141434013526e-01
7.235760098426483600e-01
2.506893480094798399e-01
4.182999374727871308e-04
6.655234081608882031e-05
5.362938411549634798e-01
5.598213264283462554e-01
7.849694567107887710e-01
8.600138815438749251e-01
2.503406293116103559e-04
9.247106243773808298e-01
5.324404002942879693e-04
1.212056218747464977e-04
1.046927806341333006e-01
8.031888208399630136e-01
7.489790018068457345e-01
8.499134771546008604e-01
2.984420181342403722e-02
7.540845550697681254e-01
7.744735686886320414e-01
8.524290830238209216e-01
8.158095877692077302e-05
9.990115940001125239e-01
7.664869314265608802e-01
7.882470076657099867e-01
7.662008547360548150e-01
7.765674696375175490e-01
5.021982016868168502e-02
1.431620907456328056e-04
1.742561794811178951e-04
7.497683593284094616e-01
7.497656104555223688e-01
7.360617040781121112e-01
8.483146214562995303e-05
4.077908422316644534e-04
7.980463937237123329e-01
5.609987629946662224e-01
6.671254037505506274e-01
2.104645128955932615e-04
7.278526344193859687e-01
7.882383059838131700e-01
7.633152871378294790e-01
7.473204469254750570e-01
7.569348192200306968e-01
8.788871391679081713e-01
8.176366872830598265e-01
5.661249706633473266e-01
7.984715928238527161e-01
7.898317709308286805e-01
8.589435543733152656e-01
7.412588732944993541e-01
7.642470668746915718e-01
1.069606784527797752e-04
5.608059534334337474e-05
1.911162884201723390e-04
8.326880418856969987e-04
7.936005768049694264e-01
8.372876725775381113e-01
8.778699169541254177e-01
9.957599937373657895e-01
7.892791461158363830e-01
6.098077559045663731e-01
4.043931001965913284e-04
5.792895157977834275e-01
7.808446707187469693e-01
7.000316307499252488e-01
8.011253005526794979e-01
5.235976219304834256e-01
8.239957009204542466e-05
6.318866752301353085e-01
8.213256670619529798e-01
8.382157519425517123e-01
7.267173527763436391e-01
6.944654532152102469e-05
4.560157061770296338e-01
2.089491206838753057e-01
6.715645916929691150e-01
5.720270569171461708e-05
8.529079241542489864e-01
1.157647711606605277e-04
3.349461771818318433e-04
7.405847431582550655e-01
6.753346071660256689e-01
7.696771249389844360e-01
7.891554609741364013e-05
8.035187739403405471e-01
2.522831111296469989e-04
2.256684270219644958e-04
6.311397266979412723e-01
1.780851003575604781e-04
7.930411304001013795e-01
5.601897160941257114e-01
7.687415954925719275e-01
8.352783200980519462e-02
7.431431918197057840e-01
7.916896169275148276e-01
7.021740598603505525e-05
7.161301502131095509e-01
7.275107785597568766e-01
4.492107287104152857e-01
7.850825420772826746e-01
4.834930627806337256e-02
8.235422281893167717e-01
3.923863131310618177e-04
9.922074877304158935e-01
7.063995287615394414e-01
7.427726690396211362e-01
6.267552216696441469e-01
1.356547251983835484e-04
8.071823076907117533e-01
7.756145100995206487e-01
7.908513100343214086e-01
2.172848007290919072e-04
5.584362443380841423e-01
7.602902261532576977e-01
7.230629890981046248e-01
5.954152830436129085e-01
2.184635435992583925e-04
8.327247919539807475e-01
8.903519438467325149e-05
7.995896452660282705e-01
6.271208277738092953e-05
9.980227427007648533e-01
9.978510484160930591e-05
9.982099866933596966e-01
6.201640584447231080e-04
8.414464977954391189e-01
8.493274161856955340e-05
7.939095589359497218e-01
7.387683273801373129e-01
7.463338329170126073e-01
8.630982394133417390e-01
7.566791202802658489e-01
8.389413432117001079e-01
7.976436247193262608e-01
5.077304631583535732e-01
1.927464173948124123e-04
2.236889730441540033e-04
1.601504493254527839e-04
8.292621014168717331e-01
8.656445675708615605e-04
6.862395552364389806e-01
7.381073449957040733e-01
1.358752090540335609e-04
9.980081224128325434e-01
4.905318210318129757e-01
9.605632753371820889e-05
6.056872311219619991e-04
1.013996580770925844e-04
8.015662328346376819e-01
5.871496529138054039e-04
7.610024967556031639e-01
7.947192253654657979e-01
9.664139705749819065e-01
7.921054610930952980e-05
1.004697468534266133e-04
8.734606212514357143e-05
7.118734435363416324e-01
4.680691887682641994e-01
7.220646859239223669e-01
7.270163284242715518e-01
6.715217391736941766e-01
8.734902405505405865e-01
9.976693201173911785e-01
7.791702516637548648e-01
1.642319333679514298e-04
8.268758707493569782e-01
6.825093252246260188e-05
8.174312261961282078e-05
6.057672820443802444e-05
7.761545010376884601e-01
1.087049952937443886e-03
7.444023949880087532e-01
1.155860218399641914e-04
4.215178739273332809e-02
7.067012639349583569e-01
7.384027923099552027e-01
8.636068361308213426e-01
5.741106662645747427e-01
1.008236295712174393e-03
7.893336760695506271e-01
5.613581746827273094e-05
3.064947431948762957e-01
8.093165039577727704e-01
5.842190492896799370e-01
8.586649102800100186e-01
5.621125826531462311e-01
8.005881829949244161e-05
1.833266187294187600e-04
7.826314527636794079e-05
8.813060162019961674e-02
2.623803297027159087e-01
7.475177927184942783e-01
2.103554455860504936e-04
7.951068071537588100e-01
7.729567415386421336e-01
7.182200011771833204e-01
6.537365989478638451e-01
7.226012775752372885e-01
3.927487249964354459e-04
7.878151326280237177e-01
3.373907707082675622e-01
7.838697377700473146e-01
8.154956393274447324e-01
3.548089922059404779e-04
8.269220808578364723e-01
3.600445091076077131e-01
7.947973428179123667e-01
8.474404584603790758e-01
7.908573424184804912e-01
3.752776343967490868e-04
7.294044258122081015e-01
7.210687419364889732e-05
9.296797839350666697e-05
7.857922026522526915e-01
1.047191047805893816e-04
2.364893263676428638e-04
3.390870937606910661e-04
3.299901330999422040e-04
9.234557597700636666e-01
6.852159174792643332e-05
8.510172357418602784e-01
7.794822352732524440e-01
7.482375554834456305e-05
7.114746194926727663e-01
1.572835143090787016e-04
8.385923942165621758e-01
7.691728777129326344e-01
7.426950131830061252e-01
6.645948881318782808e-01
5.675070798804138228e-01
8.552503521231231698e-01
7.388979918010851744e-01
8.133908463068817429e-01
2.285039050912936465e-01
6.859622172265462670e-01
7.898137650894913042e-01
7.216657831185271377e-01
7.555058361378589327e-01
3.394949673102797536e-04
8.282056196562544992e-01
9.966744895656334258e-01
4.676184007676987275e-01
7.875797407268237960e-01
1.069108992947654502e-04
7.847546790334003920e-05
4.140999537365985610e-04
5.788101459783788223e-05
9.983348975623534960e-01
8.457018976886659933e-01
7.222565958920594831e-01
9.571498643725292479e-05
8.678971370934451183e-05
8.098614352120387337e-05
7.037786035920107208e-01
7.564155485346659713e-01
8.283547932117988344e-01
7.939962478203795859e-01
9.978932315623040283e-01
7.674686439935319848e-01
1.077213456265691747e-04
7.162165748552016772e-05
7.445641508114151375e-01
8.692719871757313428e-05
7.781792915102290209e-01
8.608933831867867648e-01
7.393791887754819214e-01
6.981506708507423387e-01
9.458873559722387383e-04
8.457849545205553543e-01
6.348673842101976161e-01
1.599969100701007451e-04
1.313897383193011852e-02
6.458502093699976623e-05
7.194110940617217675e-01
7.342927599456541277e-01
4.807269617299735898e-01
1.296707209725439514e-04
3.159034697737881925e-01
2.169797775331193076e-04
5.473802991041485516e-02
9.928404061997766483e-01
2.211141971858344578e-04
6.468591015146842808e-05
7.364310678765960683e-01
8.753528110850796740e-01
7.659245982363903638e-01
8.468760464345366223e-01
1.022990051642142482e-04
2.785393485019949057e-04
3.189695308526040098e-04
5.932825764345498465e-01
5.981058001216792462e-05
8.328327153309101893e-01
7.559872570291645832e-01
7.885182803158771181e-01
4.226163920201754798e-01
9.988645945173646457e-01
7.309810498860892514e-01
3.911542481895831369e-02
8.054012579207953104e-01
6.475755121222607213e-01
9.614448761771741125e-01
8.368321475461409920e-01
7.620391760869748010e-01
8.377598828341634718e-01
7.997757685344796252e-01
7.676533432246595012e-01
7.140254209875001035e-01
7.229330701054804686e-01
8.485818542429790501e-01
8.060968255914192637e-01
7.796879701025184461e-01
1.985081033062586608e-03
2.039257046194425558e-04
9.987789916985386762e-01
1.566202777118357069e-04
7.698314377980481904e-01
7.346483976816295947e-01
7.061704859461598316e-01
7.158196987130427402e-01
1.956899241090120228e-02
9.038143040311572278e-05
1.892006067505755396e-01
7.803207436081887050e-01
4.142888522990171847e-04
8.624427197872133188e-01
7.809656683342152128e-01
7.441303754568574513e-01
2.032880864045948056e-04
8.032098669502883981e-01
3.119637163668163523e-04
7.399575949547190223e-01
8.195287793882278793e-01
1.418472157457260387e-04
7.009087069873659538e-05
8.802411360706038717e-05
4.965458918141758549e-01
2.600910096291733273e-04
1.545893692952378107e-01
7.169056517848606971e-05
8.032294794030120366e-01
5.927500453620373477e-01
2.382551142178817305e-01
7.897161490308828302e-01
7.503161963687290381e-01
8.031979745748845101e-01
8.345400914488362298e-01
3.511634298908710415e-04
4.893464402323398268e-04
7.604534291133906443e-01
9.722072881240808250e-05
6.768905576298065441e-01
7.831976834293058465e-01
9.984165287894837260e-01
7.450427821090628289e-01
8.630470674764542105e-01
7.640395917270619286e-01
7.396355649920948183e-01
7.856628148607098794e-01
3.927267393862370892e-01
7.781229632290451725e-01
5.686304302973810553e-05
5.775397107332336244e-01
7.606828028204641878e-01
9.471048358410627532e-01
8.012938951774537433e-05
9.984313055857140240e-01
8.487226739708214618e-01
7.884217562002324708e-01
1.886222844219280770e-01
7.816902619244291417e-01
5.955170856304481234e-05
7.523859247851523158e-01
4.441633140886795130e-04
7.808671277347550843e-01
7.336247975305090208e-01
7.003900041236843510e-01
7.367598699857487166e-01
8.152463390551542011e-01
1.156388743262059241e-04
8.568398669582607541e-01
8.229280790500382858e-01
7.817232010723469404e-01
5.854729569678155388e-01
8.274133837906325617e-01
8.854899074150219119e-05
8.417057003929409031e-01
6.464242820447929638e-01
1.781533448222462096e-04
3.373047409987697809e-01
2.809754221133008959e-04
7.651665136000265210e-01
9.978393797140543420e-01
9.878445459476676849e-01
7.456344360073905442e-01
6.060236007757576144e-04
8.104376069604318723e-05
7.906049924446584276e-01
7.635535352335021120e-01
9.636523113811208407e-01
3.325036805666475230e-04
4.704322503377951215e-01
8.018229394906042362e-01
8.071205640662945102e-01
6.214975016217837861e-05
5.783642772538148712e-05
2.759332120151131639e-04
7.468952634676266911e-01
7.264784964071714104e-05
5.998995644823946078e-05
6.521086956385591105e-01
7.733728143701478765e-05
6.553941574994307517e-01
8.154024598803039092e-01
2.327376450146689054e-04
8.645060465983070985e-01
7.966378261271486183e-01
8.213765987017488390e-01
9.568592855469753146e-05
7.932745680123051146e-01
8.522853040982124595e-01
8.486329398996321771e-01
9.464275406403637181e-01
8.400655283892192182e-01
6.008012578500193543e-05
7.424682977711241083e-01
7.154913574921386047e-05
8.147317478102014121e-01
7.075477718046840891e-01
8.318825424019418158e-01
2.972942677122078470e-04
7.912527128344125638e-01
2.156772107362691759e-04
8.051140187348808652e-01
8.286964434248084155e-01
8.308448794706431162e-01
9.941305830309516978e-01
7.006146699776805153e-01
6.006822494627572784e-01
8.392983929175077407e-01
1.125047361940025752e-04
7.470832770500259734e-01
3.553882553250765582e-04
7.360100172263026597e-01
2.664628947363130050e-04
2.954431322066074206e-04
8.029626601193448066e-01
5.481112241092481741e-01
5.598777520071482883e-01
5.918220780147866471e-05
8.807949832547941338e-02
8.265855859274544581e-01
2.070141505901423190e-04
5.679712466305226748e-01
1.701853823452066270e-04
7.843293359577395707e-01
7.729332993071510449e-01
7.879878860073461500e-01
7.451180816045616399e-05
9.119960042609139288e-05
3.955772498818877630e-02
6.385861868510008810e-01
7.574178416497374666e-01
2.048128190260380609e-04
8.476121821956905666e-01
7.972555370227414340e-01
9.990883929282793341e-01
9.885294747092259193e-01
6.699639241719922422e-01
7.840235661359215742e-05
7.251676109891276312e-01
9.980672088429404232e-01
5.479491820219117154e-02
2.645828512032569906e-04
1.609182878908316640e-04
8.372367312675493833e-01
7.617354313380669188e-05
9.528237301825273065e-01
8.351510756551636661e-01
1.677612082268531543e-04
7.452739723965985386e-01
5.899125742923032870e-05
7.649102365822153526e-01
6.437414809285526562e-01
5.519116713062439672e-01
7.874674686391872624e-01
6.821800349298453581e-01
8.076027676428957358e-01
2.714302164072431131e-04
9.960773652692883617e-01
7.379744942243803285e-01
7.401289896002948288e-01
6.085280651339539473e-05
8.638343937325944442e-05
8.057482689510803153e-01
5.465294328700057713e-01
7.886074639763080985e-01
8.151154888011337017e-05
2.908287118972958107e-01
8.193731766321408205e-01
7.780418843694567599e-01
5.791426046050848209e-01
7.665416538812601654e-01
7.696995674427974388e-01
9.989654023477556599e-01
6.906267554112870410e-01
5.517527855473181031e-01
9.866329477624339317e-01
7.585014224448607401e-01
6.002160984110990194e-01
3.095840785237070230e-04
6.832536157043811453e-01
1.262530907098281530e-01
7.632163958529559755e-01
3.975243479522082013e-01
7.861354924146475298e-01
8.280802900340303863e-01
1.168819735077769492e-04
8.796504821417121299e-04
6.087075237130478887e-05
1.276620446320589656e-04
8.312720420701003032e-01
4.828573593523772800e-01
7.296642474870189687e-01
4.051714225079873222e-01
8.460075889001847926e-01
3.696480828753273551e-01
1.150914069641647734e-04
6.954756258784609013e-01
1.122347935003968421e-04
7.975954780236532704e-01
5.943830310787190705e-05
6.479761602304826562e-01
7.406316664287689866e-01
8.515980847556114518e-05
1.100751894037685672e-04
1.226909481430543420e-03
4.454077905676869231e-01
6.461694102483160895e-01
7.161144946375077591e-01
5.712212462054414898e-05
2.552193962430629893e-04
3.971777717018217706e-04
7.646970490015352340e-01
9.838282032366892915e-01
4.487829032862968894e-04
1.043706112283531199e-04
8.246557936020106894e-01
7.591955494220091749e-01
3.499730235297749217e-04
4.404907322349283774e-04
9.990435871742662233e-01
5.477973884003699556e-01
2.801551560796639029e-02
6.685357501208305520e-01
2.470001986880440855e-04
2.929512907789489917e-01
4.662512362842198832e-01
7.230402645120515004e-01
7.243502788849610630e-01
1.006392966357517522e-04
7.910217832693319240e-01
4.932088626334344417e-01
7.444507127306623229e-01
6.773100188093744191e-05
7.871757096540105136e-01
7.435102556999374501e-01
6.247798914779208103e-05
1.880749981201646870e-04
8.585031098018111040e-01
7.719568477141492968e-01
2.002299582384385048e-04
7.963454196530037610e-01
7.962720671607113054e-01
7.953428446465300450e-01
5.331036198637191248e-01
7.121223043873912140e-01
7.318170136312646048e-05
8.227276751587431214e-01
7.437826545420029856e-01
3.314683715146873053e-04
9.979916844093731365e-01
8.199348420664003267e-01
7.458233191842327248e-01
1.831559771197761033e-01
2.638744180125406394e-04
5.619959671420329261e-01
9.994754289229432764e-01
6.339260491731456325e-04
6.210558122478893593e-05
7.296093713618929666e-01
1.688941915829447120e-04
2.041162131035878719e-04
7.652805641136944947e-01
5.186654583172551659e-03
7.788858729812703219e-01
5.254205582568114048e-04
8.290303488277922517e-01
4.878007848950056680e-01
8.041918409159323211e-01
7.148203956264850278e-01
8.928486443324707977e-01
6.910912788991298017e-01
7.599892122677907036e-01
8.202221501020721117e-01
2.493191282898850791e-04
8.719752463764152139e-02
1.314005266656277985e-04
9.121382679912224400e-01
7.894536459596636080e-01
1.063585415063266501e-04
9.991121260699538098e-01
3.819062555722676500e-01
9.984883573572220783e-01
6.717653323152151801e-01
4.985238873962031247e-01
7.564947144689996295e-01
6.323641737979007749e-01
1.514581259541847302e-02
7.524788058685928371e-01
9.051527845831270876e-04
8.440793572063078898e-01
7.720065919455957248e-04
5.650019717087535476e-01
2.154883673297116318e-04
3.861037368511454205e-04
7.840447597740195507e-01
9.928271148844528549e-01
5.034493762168167352e-01
8.024736252061056563e-01
7.990278238859158666e-01
3.003459753136501396e-04
2.806811355896162677e-04
1.278163728048748587e-04
5.585547002972972574e-01
9.096096875221252320e-01
9.327070935762367247e-05
1.494193682010250626e-04
6.020332783576787250e-01
1.530732086309357048e-04
1.684628358352041914e-04
7.242874142990746167e-01
1.183370011145658528e-04
8.248282907367288520e-04
7.700681748032448231e-05
8.576933430078276244e-01
7.999791163402194538e-01
4.567388727415974681e-01
8.071392519427975643e-01
7.479483237698407727e-01
4.745513308067463389e-04
7.987346403898020197e-01
6.772920977845707791e-01
8.233250191536013451e-01
8.465204371726671173e-01
7.001480609826060686e-01
7.772641313840088495e-01
8.533683420336644065e-01
8.092454194889389107e-01
1.229962870825951089e-04
1.793992972567837576e-04
8.027533633209467112e-01
9.990243467781543263e-01
8.307969369416277061e-01
3.649971289039935333e-04
6.922854132029689143e-05
7.720577106066364159e-01
7.329561023391109043e-01
7.997300909986427842e-01
1.203446149757303994e-04
8.443299997133041357e-01
7.130544510205030218e-01
3.120047425017153341e-04
7.497367618624977137e-01
8.535773702389116702e-01
3.305863515071698973e-04
7.982357265088970699e-01
5.876940478591178296e-01
7.483951747656193421e-01
5.663827845855141235e-02
4.682100307538544226e-01
6.916470564906620488e-01
8.135862814619619909e-01
7.330449872624016372e-01
7.320443878119695658e-01
5.994751534691475925e-01
9.993489568558896474e-01
8.637541496864025170e-01
8.024535410779525257e-01
6.882143688126689165e-05
8.643698757151234702e-01
4.671496771204240728e-02
8.278224246528196328e-01
7.454902790685870029e-01
6.966635339329752875e-05
7.441574239276341762e-01
7.654774536273869501e-01
7.676772636773563363e-01
7.780174595493722922e-01
2.275207456413133860e-04
2.125480632925907665e-01
1.885083944152629739e-04
5.626925189227959001e-05
1.171199029493540550e-04
2.427407288239497561e-04
9.895331439023940026e-05
9.394707056872822937e-05
3.035982352776579003e-04
6.518011252088099568e-05
1.884138058449371517e-02
7.582291715333686621e-01
2.785456399376355402e-04
7.311496043682774726e-01
7.714157188086915307e-01
2.699037122094375407e-01
7.885048481598521120e-01
7.844595593183054660e-01
4.553201827832781485e-04
8.052005616737035743e-01
5.601525519219855420e-01
7.443274015750032079e-05
7.712825035747663538e-01
8.444558207252315096e-01
8.638174108735613421e-01
4.689333370667100919e-04
9.238515608437569693e-01
7.913827374765795009e-01
7.901380945321797578e-01
9.914850319755699193e-01
7.949252534068077525e-01
1.702903345079612044e-04
7.832332704176553362e-01
8.456641437256132710e-01
8.938340724722417842e-05
8.464419210577569519e-01
2.616984738250976886e-04
9.507227723033797595e-01
9.978115660161259726e-01
9.984679825134824549e-01
8.301703132595341650e-01
8.449224741554867135e-01
1.001299987841191885e-04
4.072820297934947329e-04
7.788964754424659853e-01
2.074315301429678821e-04
6.049786651296842335e-04
7.624123244907475838e-01
6.052186462843250903e-01
1.892496719015681326e-04
2.383175190889889328e-01
8.079554095869485586e-01
7.302095158846537704e-01
7.022888954141553606e-05
6.200508080320589199e-01
8.373526854895869675e-01
5.618515411662263447e-04
7.702594305225888283e-01
7.687870364775791735e-05
7.980950747999251416e-01
7.991991903068556002e-01
3.166366224450863770e-02
8.256384689559864709e-02
1.102844070190546802e-04
7.739667017935769611e-01
8.175499882455742329e-01
6.648119698577646165e-05
7.200658646519726182e-04
7.822828122036022958e-01
8.159650722486035956e-01
2.384117987075040840e-04
1.657014909281299686e-01
7.899320767724657966e-01
2.774114493347870202e-04
7.886949498402485714e-01
6.627960175043303163e-05
9.895751274694368771e-01
1.034887702388276320e-01
3.891121392097633973e-04
7.003157190737978599e-01
6.884025046693034167e-01
1.076148537780784989e-04
2.740919468362847944e-01
1.856608524965179660e-04
1.180333361100020264e-04
9.911216404028201366e-01
8.301202818452194654e-01
9.355380757366843492e-01
8.435566725261248733e-01
5.644441871385550424e-01
8.251291014141043378e-01
7.853285694189645616e-01
7.289084375591795562e-01
6.713754334509108856e-01
7.575100300744832538e-01
5.736168975704430240e-05
9.594472036965011608e-01
7.927994847729085137e-01
6.893884942978835140e-01
3.918080316707012178e-04
8.079857599986083327e-01
7.819423609237320790e-05
1.809029978905035566e-04
7.202681564587495311e-01
7.810418221411570272e-01
2.509442685368091781e-04
6.771527863278603121e-05
3.898411599581921294e-01
2.030360705743420868e-01
1.248882753332030424e-04
8.624872937459091048e-04
7.785676409073091220e-01
9.529525966469681864e-01
6.577156174509567466e-01
7.823245935374996129e-01
1.939097385803715823e-01
5.022053658447837021e-01
9.992102851633667404e-01
7.860769395842729379e-01
7.531747457259182488e-01
6.773529437933789685e-05
7.546350982494508530e-01
8.968173723864814040e-01
7.280633503788710437e-01
7.832209386149732167e-01
9.100090053202903873e-01
8.506905845177749059e-01
7.104225633514256177e-01
7.592198958603809666e-01
4.540400932625005426e-04
1.802639030310325685e-01
1.180476276710674141e-04
1.252433998146584111e-04
7.422508535497234217e-01
7.784401456498657446e-01
2.070416081138409521e-04
8.057424687389441731e-01
7.694058652934061548e-01
7.694462244718566213e-01
8.862057763132343349e-04
7.959579883622054375e-01
8.352320793887142436e-01
1.709018764255337049e-04
6.287349805035516567e-04
7.293766432850836701e-01
8.021387904439880590e-01
7.052927989585924503e-05
2.340170004603175675e-04
8.183233481431781975e-01
2.049069953968692386e-04
8.166336005611660230e-05
9.990777952111370430e-01
6.996917780626055183e-01
9.988250685670391205e-01
8.364000661550583526e-01
7.713876884507619991e-01
8.406699436737438136e-01
7.756135070102656570e-01
1.450821566032915234e-04
8.289631163275683612e-01
6.466697977502244843e-01
2.846492182569976444e-04
7.702074740890767733e-05
5.176680965824808278e-04
4.897315182832053925e-04
7.883664311530190760e-01
5.830619472657590577e-04
6.389828150965683000e-05
3.469398477707790807e-04
1.851766463418530895e-04
6.233835060855553306e-05
8.384258298165371270e-01
7.939304133144589048e-01
9.973244072016842487e-01
8.628824198334668072e-01
8.569915304630829622e-01
6.166789907268174591e-05
8.028316021626390464e-01
7.546637376731025748e-01
7.301950740678744278e-01
7.806393670354501158e-01
7.891967890822086835e-05
7.925509585286290015e-01
4.673715527791968416e-01
1.083684425475970009e-04
8.000225088578761801e-01
4.708211634498027484e-04
8.795129131874662720e-01
9.994863875100780115e-01
7.348572453790865877e-01
3.700143583963868554e-01
5.783949882365764239e-01
2.151363566121211324e-01
8.363694119949887096e-01
8.062629400829572912e-01
1.170889720030447311e-04
2.525347455661390850e-01
8.359556971254634705e-01
7.529273548445817310e-01
8.415116177735634251e-01
8.385304910587921823e-01
7.361762167332597251e-01
6.652671376279183785e-04
8.478534124585608289e-01
8.221063294971645563e-01
7.886922453274975986e-01
6.485707700607756809e-01
7.974134154666975283e-01
8.006453901449266386e-01
9.985273171012959414e-01
7.165021297938778400e-01
1.460442216197475234e-04
7.834763166209398610e-01
9.984624111573946470e-01
6.939158982834159328e-01
8.346773410609105159e-01
7.043553520466732110e-01
8.263626670704812271e-01
4.040290489103244842e-01
9.955290322202439146e-01
7.655241401617115526e-01
7.903923748807176741e-01
7.806212626685836709e-01
7.769437600490216589e-01
7.669233200824865371e-01
7.282004655132180426e-01
9.990203292879309416e-01
7.814802495878550026e-01
4.292643359952931781e-01
8.464892790889460006e-01
9.969493585847013506e-01
7.575923111310848279e-01
6.854609078102772424e-01
6.998732635039515149e-01
8.301092099023763549e-01
8.915301711978488308e-01
3.857671758751232975e-04
3.253147565712778411e-01
7.772803514202657471e-01
8.544039745855905865e-01
7.727088089589794206e-01
8.243817196852759599e-01
1.966384390364925283e-04
9.872959152751388415e-05
8.098921691637227527e-01
2.290792998953071621e-04
8.512448835799163449e-01
7.214092025306226841e-01
6.995860803102351669e-05
9.992060938412952176e-01
7.914762469347430551e-01
5.160936192158365040e-04
7.923993790307375384e-01
9.984210721258848231e-01
9.988448698335166132e-01
7.887141707433452664e-01
7.723574436832881807e-01
1.521298429224132720e-04
7.655299637494623237e-04
8.287556329394284438e-01
9.260580072679517327e-01
1.984779872683691687e-02
7.859872049979771402e-01
4.573933982330168901e-01
8.050576630395069877e-01
9.981869715887382588e-01
7.908860594676943023e-01
6.712822458426980221e-01
1.670072706487805362e-04
7.987277780556704121e-01
8.404727120404441587e-01
9.990516733656858994e-01
7.426450913977273860e-01
7.983755971628926362e-01
1.519121854548532990e-01
8.135194013919742255e-05
6.251667875197995938e-01
1.382609157817099262e-04
1.215705884951998674e-04
7.346478242911498313e-01
6.138679429998057744e-04
7.666485214271132609e-01
9.980918265323749372e-01
7.527178295473583303e-01
7.836694228215663749e-01
1.421043146085272115e-04
7.573317208176272297e-02
6.118694642296588571e-04
6.886001382203028598e-01
8.520163794279644875e-01
4.935973241170619752e-01
7.256892010258253478e-01
9.985621123986480052e-01
1.441648623828670054e-04
7.310445778720273680e-01
8.172723606199151503e-01
8.514691905289312190e-01
7.729437828325265158e-01
7.087684566835923405e-01
8.396830232878244038e-01
8.151896426006961516e-01
9.465065075018694873e-01
7.426496414251382294e-01
7.993025655227123938e-01
3.554281401800609697e-01
7.601516587673624592e-01
7.267671061711754588e-01
3.069644301904749240e-01
8.433315373717060748e-01
7.831904544379134636e-01
7.562054677031495586e-01
6.400622419707230793e-05
7.632014638633498604e-01
2.424692126402947076e-04
7.687187403370066008e-01
1.759079011939245472e-04
8.268736203000180973e-01
8.024912023048366150e-01
7.594857587648818908e-01
7.908445021424904686e-01
1.630454822606290091e-04
8.402923832515353242e-01
7.326705054159099451e-01
7.721529158513877888e-01
8.040042176567471222e-01
5.980620128069287500e-02
7.854429150648924995e-01
1.788842652599729804e-04
1.150441216637103749e-04
8.533492527028845309e-01
3.382344063677060063e-04
7.319129045838104536e-05
6.458248429235086130e-01
5.341653809398649042e-04
7.821567387511729752e-01
8.056669351798229073e-01
8.307129242932645985e-01
7.894466034225773310e-01
8.281355992189408655e-01
9.920240027604700916e-01
8.277480284234510766e-01
6.907412993695272749e-05
5.568004997040078008e-01
6.894811350594673982e-01
9.941914613905943332e-01
7.617990398197046487e-01
5.548224139890612916e-01
9.593348268749262234e-04
7.175543884280697338e-01
7.355258063353558029e-01
8.510825567600895925e-01
8.021174758994789045e-01
7.528226047575349300e-01
7.828640137129141419e-01
9.462497574855183169e-01
3.925473774787943682e-02
3.035704366545713016e-04
9.138805984846184449e-01
5.582104111382167888e-01
2.025046941014491662e-04
9.992800525503884312e-01
7.265152765889396624e-01
4.272403003005516980e-03
6.753624101395712120e-01
7.701253280623062691e-01
2.445589584330843335e-04
8.499228293780624055e-01
6.260453408325651473e-05
5.553183566885355749e-01
8.079190141079790610e-01
9.847004604868055955e-01
1.999953051023916869e-04
1.625415219924923767e-04
7.358372763902133462e-01
4.893363178839468808e-01
2.274919509392362427e-01
4.329407956601471824e-04
1.690006848038444779e-04
9.882514059831559727e-01
8.653478969689865075e-01
1.482738856070717887e-04
8.160670592617104147e-01
7.844671108562630835e-01
4.981703970227419065e-01
7.064412203845784610e-01
7.738993053851898063e-01
7.675866111737831288e-01
4.434418202798736663e-01
1.068852405604846765e-04
7.214220029435509662e-01
3.593367571560406406e-04
1.984392467920427906e-04
9.736493267243293559e-01
1.236238427137069818e-04
9.983566505105730959e-01
6.670011558184193445e-01
2.795050906892437544e-04
8.373939084842151326e-01
7.523507390876579271e-01
7.802214733655173928e-01
8.468380596289395434e-01
7.199112322703677957e-01
7.958865420688928660e-01
7.881672199836296377e-05
8.003120351194943360e-01
7.630227952129913227e-01
6.733488334843048401e-05
5.543722055007779259e-01
9.257275997431734405e-05
2.836181458522255439e-03
7.824014957942091453e-01
3.155890482103558634e-04
7.767229488298951212e-01
6.669795068712517372e-01
8.124243534192509902e-05
7.719417898847695803e-01
5.099939659557142235e-01
8.513250120415755129e-01
8.290269072158363839e-01
8.321043669084348116e-01
8.398555270073045920e-01
1.028670989745385152e-04
7.786525360022164000e-01
2.973684988434693020e-04
6.789424537183167407e-01
7.813879337740997633e-01
6.222665343510318525e-01
7.864166330184944043e-01
6.732032404951556748e-01
7.920022122838131784e-01
6.490756461613651496e-01
1.383156506889984707e-04
7.829386395922205422e-01
2.046234540128844123e-04
5.217679993804302113e-04
7.455953081281634391e-04
7.812394574437752093e-01
8.178135173817399073e-01
1.877056046453136958e-04
7.262702078083780322e-01
2.027052569123672667e-04
9.004419386995938656e-05
8.294862361962362929e-01
1.878704149606360563e-01
6.413695519438742363e-05
1.764899184016098857e-04
4.210410693709820316e-04
1.473968521371220265e-03
9.982802910764294602e-01
9.127438597552747985e-05
1.993550636385094923e-04
3.131037819355227403e-01
1.522051865464375147e-04
6.940902235190126168e-01
7.794076316848934649e-01
8.552624932157565374e-05
2.679736353839586266e-04
7.069608447408488594e-01
9.903553684979884419e-01
1.451176717324519430e-04
1.780855215125307241e-04
2.762182383591580553e-03
7.296662144879446643e-01
6.596215662680947611e-01
6.053011430910316265e-02
8.608854047971036417e-05
7.957150505311300082e-01
9.301861880481510081e-02
7.197945316344569466e-01
4.213163112759309992e-01
3.369537678016618467e-04
7.192693095164990336e-01
1.160402674386556602e-04
1.951611546223204106e-04
4.051544499442174814e-04
7.608542861703897024e-05
5.655092251791266067e-01
5.952885411076232371e-05
1.052732866597413881e-04
9.973607640611492631e-01
1.563737730434470877e-04
7.709895714195618690e-05
8.602146887283067533e-01
6.972021609628337169e-01
9.978895174349354802e-01
3.391311606650571631e-01
2.342015660385193265e-01
6.851776262219410052e-01
7.788197443531851283e-01
4.841485099018909555e-01
7.631021472489147861e-01
7.093742910914249133e-01
5.690738138525066603e-01
6.225051698885291382e-05
2.127082601695332259e-04
6.010161596848854251e-05
8.780605577162666764e-01
6.632566140882529826e-01
7.968000110801558566e-01
1.411370189199050585e-04
2.993484957672570617e-04
2.647432772586559850e-04
5.763026115407492433e-01
8.315277833190380941e-01
6.826425519556603638e-05
7.672652555277772457e-01
8.450910263239559406e-01
6.864844379212390324e-01
1.475604578728944422e-04
9.982836387255700217e-01
7.967423482249809119e-01
8.331761929184344773e-01
8.584261031806246223e-01
2.705068846233061415e-04
2.351105887412042702e-04
7.061596947929613230e-05
8.583974523203732332e-01
7.020687590168251946e-01
8.594141245890742908e-01
7.864456607939599442e-01
9.009287163037301704e-01
9.990634748330875503e-01
8.422556984884854714e-01
1.416429079590525442e-01
4.480227966286355334e-01
2.673559649238042152e-02
6.870851186506753416e-01
5.991263240948337954e-01
7.299928254873534472e-01
5.130628622035126041e-01
7.394991231729531878e-01
4.024264818838757529e-01
8.993024522766085156e-05
1.235612197890852387e-04
8.550434194421248780e-05
8.602438045027273050e-01
8.056350527696303221e-01
7.302397714903920978e-01
7.412219909607453694e-01
7.625596874428675065e-01
2.356178848425998298e-04
1.944987282890031405e-04
8.597314428795221897e-01
7.665648971000583733e-01
2.351079097497379966e-04
5.844180347051771696e-01
6.930500954879950104e-01
3.675188644484674028e-02
8.863163127643354233e-01
9.050052938104912181e-01
8.293729000590432943e-01
4.861095492837145724e-04
1.683126539567051099e-04
7.766747218693649257e-01
8.476210815185352132e-01
7.698348524286664496e-01
1.485342090174702134e-04
8.642570961478762692e-01
9.834117728047541437e-05
8.279816629999420426e-05
4.640870837435450702e-01
8.628364865168784981e-01
5.721471728965467074e-01
1.009650840831992774e-01
1.603497229762058452e-04
8.785977911840243059e-05
6.694625595397956097e-01
7.890506685288638522e-01
4.209132216443470242e-01
1.848434046216547498e-04
7.542975091584481762e-01
8.348850518534819409e-01
7.439101984210090557e-02
7.868957783840004883e-01
8.303413383338581477e-01
9.910265784875056383e-01
5.493227900277060094e-01
5.444335064555324566e-01
4.364920120023121431e-04
8.270014770563451911e-01
7.995484218981367963e-01
4.200809970195407694e-01
3.977281602147133555e-01
5.520144312345940385e-01
6.974437606015327917e-01
6.675033161537694548e-01
1.202645876508351511e-04
1.051481693527804464e-04
9.844102556687580607e-01
8.507422950306899878e-01
2.984664961613861718e-04
2.381204352152330238e-04
9.993130471654705360e-01
7.295369140205815552e-05
2.353422581669775138e-01
4.416406705312614085e-04
2.736279252834545933e-04
7.742679616777808915e-01
2.952643116650674471e-01
5.009400843791938021e-04
9.865523871325591876e-05
9.987659747448639491e-01
7.554897582219894936e-01
8.481850355302430478e-01
2.221584881374825127e-01
8.347978758157986734e-01
9.116881647944647662e-05
1.084154791397073730e-04
1.681971519989465807e-04
7.189483411273571711e-01
6.518524984952738244e-01
9.992389332834352711e-01
8.687667704401759172e-01
7.996923959455243258e-01
2.797265710163405463e-04
7.066822536723247987e-05
6.189134132857957438e-01
1.048762477220254320e-04
7.672214045656690073e-01
6.703239452396885234e-01
2.292084031988943617e-04
8.427441685272952787e-01
1.138270610255766882e-04
7.890964028569487088e-01
6.960268877306334812e-01
8.596619944006539393e-01
8.378090909268891551e-01
6.177110060435899719e-01
9.600227645184391534e-01
7.897212375656241790e-01
6.919644661522472186e-05
2.525364394250383853e-04
5.533166588637248307e-01
9.960300949943281523e-01
8.035769188004383556e-01
7.862316129567814560e-01
6.225782808994395742e-05
1.489818419237919837e-04
8.261692546830413653e-01
7.625049965780952288e-01
4.008718461225870000e-02
7.954192093405501119e-05
6.672755190560802051e-05
9.964029913654808279e-01
2.564932711435793933e-01
9.976281119676709830e-01
7.891651254193610132e-01
8.058329055991539924e-01
1.597511463395432166e-02
7.674867171825839884e-01
7.997267357914481511e-01
7.202150837439934561e-01
7.839610246831349993e-01
7.837163996515101871e-01
8.210692793542085921e-01
7.259859416039911029e-01
6.607758614593950419e-01
5.788383451575217498e-01
7.392810486882128718e-01
7.987722995001624859e-01
6.296450619662518657e-05
9.823491527168921600e-01
7.695170506451189940e-01
4.184392096508761372e-04
4.826292978914909493e-01
8.755623836793110515e-01
5.127265230509021610e-01
5.692318657675375887e-05
1.068220292543688805e-04
5.424474709416466922e-01
9.978659286915037008e-01
6.570832981746432822e-01
9.896971991838112714e-01
9.977174365078759211e-01
8.038226314113070536e-01
7.752836334448641731e-01
7.002029688218041059e-01
6.843905423434089030e-01
5.077922458894850626e-04
7.764166250335735597e-01
5.116083194697610415e-01
3.899352240458950347e-01
5.588747124905045771e-01
7.610209659345540389e-01
1.235922529171179453e-04
8.367396531121371606e-01
7.438401668088682195e-01
7.802725667393920483e-01
8.051684962954082092e-01
1.641287037864834486e-03
7.123315200119569868e-01
6.763439037055287706e-01
5.009961826566800003e-01
7.992710692695730312e-01
7.672916160910998595e-01
6.982921489946432025e-01
6.744248165223395430e-01
4.496885618409924290e-01
9.991133404042897848e-01
1.235128006251930068e-04
1.771316229888091065e-01
6.741983988695227081e-01
6.072571229879424656e-05
8.407003633401279874e-01
5.189874007633940023e-01
7.284483123802192317e-01
6.793615089020740079e-05
7.886151112896631066e-01
5.893594382586784050e-05
7.978992507603965834e-01
4.511868534603252117e-04
7.240285057002855619e-05
5.739770575222400417e-01
9.983771185900833789e-01
8.099334565270089881e-01
8.570659706623096519e-05
6.671405536849018825e-01
6.618496223400436307e-01
6.664378729525125555e-01
6.808204004472381277e-01
7.286750118727588488e-01
7.893965961866517000e-01
8.377793301647660229e-01
4.822116226348365231e-01
2.534705812024971514e-04
8.274247103444748452e-01
5.228072597243044791e-04
7.713614022639558865e-01
7.578840980101837488e-01
5.032125835703702421e-01
5.615845867716931462e-04
7.692813710605146404e-01
5.485306676926569036e-01
3.539966923218846873e-01
9.008253922000546421e-01
7.718865408868499367e-01
9.624589111479264422e-05
9.932843502468649000e-01
1.065406294309662847e-04
8.671728192212124439e-05
9.276829159800010771e-01
8.826220582295122297e-01
7.730499743359396936e-01
8.999867740396657600e-01
8.451055714863303647e-01
8.314991366592744404e-01
7.999508771749240799e-01
2.026231600508824064e-04
1.559186602822486972e-04
7.631320711737678009e-01
7.230801317323529709e-01
8.039733224321064136e-05
4.552064341340849012e-04
9.980315745159105134e-01
9.915318386666587269e-01
1.156099542003951409e-04
7.973659461417942351e-01
7.595125586490831804e-01
7.817058556550747772e-01
8.243886967726480330e-01
1.388629559272304794e-04
8.381474266946034035e-01
7.823061536591049414e-01
4.903785789596865887e-04
4.756006666067562447e-04
7.845545676036791427e-01
4.499061579578474569e-04
1.120486103955418186e-04
2.776335759743097536e-04
8.432259832858877147e-01
8.576068275463376578e-01
7.113632311725374135e-01
7.408080384467919943e-01
7.645289678864252148e-01
5.818183628819250108e-01
3.376824377848484660e-01
4.025779002090205672e-01
7.658875444642462282e-01
6.895581218557311765e-01
9.979833557797134214e-01
9.993218132282963850e-01
7.901632139341652206e-01
1.735780260528211661e-04
1.387420335562699800e-04
4.294072469832410088e-01
5.726343476175589364e-01
4.374757812986906913e-01
7.976606796732516047e-01
6.537315170545380250e-01
4.883486998264171403e-02
6.327137426745975456e-05
7.337000036899974376e-01
9.989601943513573001e-01
7.670895510632965708e-01
1.976968502082932511e-01
4.414875321169159698e-04
9.899122366417631991e-01
4.836090493388309763e-01
3.583161333735904544e-04
6.689601157772532281e-01
5.747039644859420430e-04
8.089183199331755156e-05
2.492068428062365021e-04
7.976465790578669557e-01
7.794369824316863538e-01
9.993139901168954786e-01
6.755929832449458772e-01
1.427920215336686582e-04
1.006714084748611820e-02
9.186331186019208728e-01
7.610079777171647741e-01
7.418948222200577591e-01
1.484885789046005858e-04
7.837078731431710427e-05
5.381549364825796156e-01
2.528174395626459005e-04
8.082568124837469226e-01
7.388424319103763314e-05
1.751491313950767712e-04
7.706410818928561834e-01
1.943238181575713034e-04
4.185449428287537862e-04
7.669153034495082011e-01
4.743720433976775785e-01
7.454001135489665142e-01
8.301475131360254705e-05
7.659469217617567161e-01
9.984729286008026117e-01
2.662817709095163386e-04
6.772188483416849980e-01
8.592747684837312994e-01
1.104171213367775091e-04
8.395467425463655209e-01
1.408531387732079058e-04
5.663354666354341038e-01
1.931986981246375018e-04
8.830806321893208688e-01
8.379914438403573507e-05
5.680464950526366019e-01
7.810229167974068742e-01
8.051228462517776574e-01
6.445840403320550749e-01
7.712989820327373423e-05
1.789142020611363959e-01
8.106935081775991092e-01
7.666272919254694118e-01
1.229386078149345132e-04
1.035897924922984020e-04
8.716681817357290196e-01
9.993310710532514740e-01
8.190020306612826317e-01
8.419269408762191417e-05
7.959660955055166687e-01
2.514272627416719863e-01
7.128360854936975199e-05
6.879759581471898144e-01
6.737782189117614839e-01
9.970989037770852104e-01
6.571541771651402408e-01
7.589036526041039732e-01
7.650049373554347332e-01
3.693771484460239168e-04
9.991818759351328572e-01
1.177169461066914780e-01
5.970418628403717509e-01
7.072827645289597731e-01
1.670095658848770972e-04
5.193100949667107669e-01
9.988973789965139849e-01
6.076511643203827973e-01
2.112752579156669855e-04
4.093566486133543014e-01
7.920424486603498959e-01
4.537860945550578062e-01
8.322252772465399406e-01
7.782823647842924686e-01
9.996482171592376842e-01
8.127360067633699128e-05
7.370614499694216892e-01
8.001964989187336785e-01
8.505634995841754309e-01
8.059399088995621296e-01
3.622168294116920317e-01
7.730152200069034807e-01
8.306088693307728255e-01
3.380533337824540713e-02
8.718323253789370675e-01
4.785609246750432283e-02
9.984064347009398155e-01
7.582325360758728205e-01
6.447442212245652060e-01
4.760227209787476683e-04
7.253509930079490473e-05
1.632646832966790362e-01
9.968157651480523684e-01
7.570526277408844429e-01
7.994875843716987562e-01
8.269492546533590005e-01
2.696584593331432297e-04
9.980659338265581715e-01
6.252513715126789724e-04
7.417836048786928815e-01
8.567098355163781376e-01
7.514884530784814443e-01
1.258222025963365331e-04
6.474020857693333353e-01
7.333825717047145001e-05
7.623893753883244084e-01
9.993191573241627657e-01
1.838828262514322488e-04
8.043045348039632447e-01
1.830509220318553842e-01
1.038865659009193605e-04
8.268407682641496503e-01
1.467064112736968760e-04
8.610857698459311038e-01
7.671893256803455907e-01
3.112615126216743437e-04
1.234300655729188420e-04
4.998202728928515404e-04
8.756602430719866437e-01
7.776318692092952789e-01
8.052393392672875239e-01
1.183197659120445028e-01
2.657198182673824460e-01
5.503711102765257435e-01
8.498546965202666054e-05
1.582218496902718929e-01
1.756242389410056916e-04
3.998891430395589363e-04
1.017099724395843536e-04
5.665658272786267165e-03
5.063634946649893907e-03
9.967038633022383687e-01
7.685364351819956585e-01
8.046135421630236095e-01
7.634026275247430826e-01
6.363720276263756803e-01
6.473564643233944427e-01
6.973088514431295959e-01
7.172145744198158424e-01
3.174358088362448605e-04
8.439919344380673039e-01
8.066195270406603113e-01
2.688149137162723266e-04
7.374030038322191283e-01
9.955589626482847735e-04
8.196947348537220179e-01
7.322933186768764147e-01
9.988362824630325765e-01
8.072065114955864207e-01
7.802043456768294454e-04
6.792339667145843585e-01
7.854288216143158197e-01
5.747005721931213174e-01
4.640113809768248859e-02
8.077427409225990118e-01
7.438315900147066673e-01
9.035124677434835450e-05
2.781084081481737880e-04
2.025866533551727946e-04
1.576944911219423651e-01
7.208298630909016518e-05
1.318578601958864257e-04
7.014300553913815905e-01
8.078664779283659669e-01
6.773849438172496740e-01
9.478311114346590796e-05
7.869554881574660995e-05
6.825902395372317466e-01
1.594312244617020181e-04
8.791474722255787633e-01
1.145569808544076834e-04
7.606407690324250570e-01
1.884504600213800110e-04
8.928509296939457496e-01
9.201602754394819586e-05
4.277051554892894458e-01
8.239540429216591910e-01
7.396719993164002865e-05
6.862316907872367810e-01
2.043268568737824679e-04
6.682603614921351909e-01
1.847280507463872345e-01
1.277665384979209673e-01
4.466732313405039068e-01
6.640652434315366115e-01
5.744921962476290389e-01
6.909057266029982047e-01
7.707331325661028743e-01
8.300398891161848702e-01
8.257292420816718555e-04
1.260912319276713458e-04
9.197640038331336143e-01
7.850791629755541345e-01
7.648185563156431055e-01
9.982201319360687330e-01
8.309462933187018452e-01
7.255209363520550570e-01
1.932609160798650174e-04
8.394935005236852099e-01
7.538793896899822489e-01
8.034632651581057328e-01
1.757493167856168104e-02
6.220431698489501393e-01
8.508629727672827048e-02
7.992172528227092787e-01
7.506666883563780646e-01
8.350448486917185775e-01
8.141160511709331082e-01
8.161208669697430640e-01
8.586656833590016191e-01
8.428652314823643632e-01
1.993506935288891224e-01
1.933155307426055465e-04
7.582047564865760370e-01
7.929288592999994556e-01
9.274213508010412609e-05
1.225736316155505434e-01
6.394890654541958430e-02
8.827110121262384812e-01
8.463103905738700306e-01
7.770650853956058146e-01
1.117504094815103237e-04
1.247074519161198386e-04
7.958874692764207337e-01
6.669253867247743441e-04
2.086656393935377041e-04
2.220119624543314687e-04
8.912108810093473984e-05
4.451287047174919131e-02
6.866050704219646091e-05
6.597078479231904824e-01
7.607893482674489283e-01
3.518718799905656792e-04
4.472064597413127418e-04
2.951260349168006725e-01
8.030703421195576341e-01
9.991287225723534116e-01
7.594070773584964407e-01
6.941373009756660606e-01
3.654496052871322731e-01
7.565926337350291631e-01
8.038462511935988708e-01
1.881493899602907879e-04
1.809024630457546634e-01
3.941180324563434362e-04
4.916632558388755458e-01
8.578350893803828037e-05
4.185919909641767694e-04
4.074886228525375709e-04
8.466503170649542409e-05
7.235255800594427855e-01
7.564257709548029007e-01
9.964335049013773871e-01
2.986029566328400262e-04
4.670529436513266019e-01
6.822605702063475963e-04
6.266136583099151114e-01
8.313118627676043815e-01
7.039915709044655134e-01
7.091156838063377155e-01
1.583528037323102299e-04
8.046229503489105150e-01
7.177249133815626347e-01
7.213329529918707588e-05
7.700093843359264723e-01
7.174672053298929431e-01
6.621289399113765132e-05
5.230644443536440757e-01
6.185203673058803798e-04
8.452646622556763134e-01
2.542552262668801213e-04
8.313521982218907702e-01
1.098053096590826468e-04
5.926526738496349367e-01
9.982626514581991461e-01
7.410923723129178532e-05
8.056499104999191863e-01
3.585186672896543037e-04
9.193151724702627314e-01
6.647215937618838888e-01
2.037956784812865305e-04
1.786468569806630713e-01
2.727485619467507542e-04
2.031896819754622902e-04
7.882519145465419763e-01
9.965363415543292414e-01
9.076858012957621513e-01
6.199212389044206351e-02
1.098222355987067125e-03
4.423907231646385108e-01
7.961467096959812251e-01
4.717474740286900503e-01
1.079848259257413373e-01
2.121013130000714121e-04
8.520905837805419214e-01
7.169529311611350098e-01
6.275041641861074193e-05
2.937439167668571272e-01
5.842715029002700788e-01
7.640064299497355549e-01
1.061736329260893073e-04
7.106582295724466630e-05
7.190939944970740072e-01
8.201767675007018976e-01
8.477110647850157887e-01
6.322333366325905146e-01
7.076251177546902804e-01
4.639074948929333142e-01
7.426584295366503996e-01
6.685452754259602060e-01
8.053525789517844702e-01
7.474212429325651774e-01
7.459417747745361593e-01
6.743418757434970748e-05
8.629155135584263225e-05
7.807050201217368146e-01
6.797301063331153692e-01
8.068604794491164300e-01
7.256239668204580440e-01
1.752584034094279276e-04
7.450720314026889612e-01
1.108759741848139383e-04
6.669965350016907601e-01
1.792086829495913660e-04
4.096570533983414242e-04
4.001991878162921494e-04
1.323973362762498470e-04
1.456114895236359271e-04
6.874459255987366423e-05
9.259524760839611137e-05
9.061088639677801204e-01
8.051471889860595255e-01
8.374575240338785198e-01
8.374493204353075041e-05
8.396795138212616028e-01
7.213015817916699213e-01
1.841294550781200356e-01
3.449235911657083098e-01
3.329116664980226502e-04
7.536591312008857901e-01
9.392719682467211761e-05
8.404492459960527517e-01
7.709295258568948928e-01
7.430616002797685304e-01
8.977413450425136268e-04
2.757199428534907668e-02
5.541620924310737273e-01
7.952324816388186557e-01
9.433844987033869200e-01
7.304690864434276731e-01
1.115866376771781497e-04
1.525160099871037400e-01
9.948173559561725998e-01
7.220401482247561509e-01
1.767903670697481796e-04
7.775354141319796852e-01
7.407243258879266934e-01
7.336490283090829623e-01
7.091407628240634642e-01
7.121130364059991003e-01
9.993477485457404885e-01
2.547981336648406253e-04
8.477421677360051921e-01
7.632491402694083771e-01
7.087994795241495671e-01
7.594310203824216066e-01
6.163568144042829156e-01
4.925936060467954762e-04
5.224140883767880439e-01
7.159416804469579398e-01
8.292154167561878175e-01
7.465566066011748436e-01
1.676436041271292163e-04
8.862755312005266006e-01
7.103855246574705129e-01
6.694081347481416477e-01
8.641465550197536703e-04
7.706558169652016899e-01
4.723402648184412134e-01
7.175559987706164606e-05
1.111264829520296926e-04
8.071824518079714350e-01
8.583545409065189702e-01
1.500075471759030460e-04
1.750156427444022056e-01
6.893883408319687600e-01
6.326006055395405614e-01
1.581770864090576434e-01
7.939922013842617421e-01
3.424979393146700287e-04
3.409187582097531477e-01
7.233154504065561637e-05
7.866111482170146108e-01
7.900197504551915717e-01
7.343028108719802383e-01
6.669754530647640806e-04
7.620561539015613395e-01
5.730046718064968347e-01
5.494415414609490345e-01
6.855539400926642379e-01
6.673041055539105093e-01
1.622516460795194460e-01
1.916596928747726220e-02
6.518144265220698896e-02
9.359352564600541106e-05
5.967914295580219880e-02
8.056784102404084269e-01
4.834362143503865726e-04
2.533283687763697228e-04
1.171862477912092763e-04
7.444033219831936998e-01
7.715027485430441256e-01
7.963937547113831839e-01
7.907701527814259279e-01
1.955791884208314332e-04
9.982030346201045123e-01
7.853761445817059039e-01
7.498099192507130528e-01
9.993286479161881397e-01
5.723118436900819228e-01
7.581614565579736231e-01
7.780884321122186753e-01
8.748995777907534466e-01
7.551007775378425491e-01
1.554541183464007870e-04
4.932389869197451558e-04
6.978638645460938773e-05
1.887495685671331718e-04
7.025251755742709658e-01
8.150568478907580516e-01
8.439276082723419226e-01
9.982353715594431964e-01
3.096340857866372717e-04
6.651690171888847702e-01
3.399174038243487619e-04
7.494826742287518107e-01
1.001245878913291023e-04
6.085939254771664982e-03
8.424863077818458557e-01
5.772619277568225016e-01
7.689171707425467295e-01
9.351799375688552018e-01
9.991253914692660443e-01
1.128012747146901165e-04
2.779067716536524069e-01
5.417448011880442449e-01
6.999715559646046731e-05
7.660036909543536110e-01
8.052581254131423449e-01
4.505542998847736347e-01
5.434149013227901337e-01
6.006840085086504466e-01
4.451593136472348222e-01
7.422216645694795778e-01
7.563132737548903251e-01
9.975401977980424828e-01
4.343827064298431684e-01
6.752054668045162078e-01
8.426083621630656717e-01
7.652282861554819959e-01
3.367801250520444686e-04
8.165241611531364185e-01
8.326103241269696698e-01
7.897695505953969963e-01
7.235102002821056644e-01
7.767242369219082843e-01
3.642578660138063307e-01
4.810705179479743410e-01
8.509464980967018644e-01
3.570742823736824390e-01
3.877011027204962327e-04
3.008265041066472364e-04
2.032326745979643468e-01
4.021638157280005843e-01
1.684897758447152338e-04
8.616756261014612006e-01
5.733644864459346291e-01
3.152708113297057468e-01
1.346045173881160479e-04
1.306146735740045764e-04
7.413350709501720370e-01
6.664938830525742874e-01
2.615031567849505890e-04
7.767443904697526325e-01
6.836405199021677870e-01
2.022492815572659133e-04
5.382906538872506141e-01
7.257577742262050213e-01
8.060491543498780054e-01
8.122361542684406466e-01
7.983784669173548288e-05
7.878050431236072182e-01
7.266521238805562222e-01
6.686854972214840709e-01
8.193835106782659805e-01
5.093485984844450254e-01
9.980474966809961268e-01
5.685555834816867771e-01
8.291207375526455925e-01
8.221845574892019393e-01
8.637285395618432560e-01
7.789987534179682038e-01
7.609338362033557512e-01
6.974051160163972085e-01
4.552604085213676961e-04
3.674856985684308297e-01
6.331911249809206487e-04
6.972683513209089190e-01
4.661895775967528355e-01
6.653078398290751170e-05
8.537081982617498240e-05
9.984330379832272451e-01
1.235896044258261300e-01
1.309418597104396707e-04
7.975511966868447100e-01
7.922815361790509492e-01
8.017465148814685305e-01
7.264006631460100394e-01
4.461638903835397018e-04
7.955117012210330962e-01
1.716361920140900338e-04
7.520025695921611630e-01
4.666502898179308301e-01
8.074605410443824738e-01
7.417772914760007996e-01
7.904403413603769968e-01
8.187435609961523086e-01
1.409877231234000507e-04
1.455271197041682130e-04
5.860256625348004844e-01
7.905803017947193867e-01
7.218621688229047706e-01
7.065024990570319963e-01
8.073943513489325596e-01
1.345181271834000982e-04
6.505708481904195117e-05
2.871687192591412113e-02
1.133390469003800333e-01
8.971833672788920788e-05
8.533731030990545654e-05
4.512324649722766479e-01
9.945334385289511525e-01
9.068081588721779143e-05
9.988303459236651527e-01
5.585328757398387856e-01
6.917273592532043880e-01
7.858151884856418024e-01
7.400852058440954284e-01
7.053610740549172142e-01
8.438850943490076029e-01
6.855429937904899962e-01
1.434779527793652329e-04
7.946462067928521389e-01
7.830003767908919610e-01
2.013768464824566840e-01
3.302961344355663542e-04
4.760524700755824345e-01
8.088624385125252614e-01
7.740350821444896834e-01
5.627145064941362351e-01
2.616544870739560911e-04
9.967397713329697595e-01
8.601881685812540201e-01
1.481146344149812135e-04
7.130203591665655871e-01
3.818452947945865424e-04
5.011955017383966648e-01
6.494231338751973448e-01
9.259653971769313818e-01
1.962832064586594719e-04
5.032959649920824008e-01
2.804911501708529748e-04
9.839664211990207798e-01
8.914710379786787708e-01
6.904217303507635961e-01
8.367391198985969503e-01
9.988278563122285902e-01
7.314893092162371158e-01
7.923906053621400103e-01
8.490970633711598659e-01
7.352662464620295379e-01
1.013906604411445866e-01
8.616310290112521031e-01
7.530841586801118037e-01
6.673675692288133998e-05
7.085529783393439418e-01
7.100245040374530969e-01
7.114325144214245222e-01
1.953393459296814331e-04
6.879999025724297113e-01
7.139115086175944203e-02
4.512256737249070032e-04
8.060903552145172180e-01
7.115395343398015493e-01
7.575924450797323351e-01
7.967759502231488433e-01
6.376857511128931622e-01
8.373854145029071550e-01
6.372119171858663389e-01
1.715771783427637483e-04
7.281489839347015103e-01
7.544690959912482286e-01
4.884321302531551738e-04
1.621921428182359921e-04
9.954861488719459750e-01
6.040858340168356560e-05
1.127813604721694240e-04
8.973689333372296374e-05
8.066877476352125598e-01
6.635702724807364117e-01
4.798608985837456431e-01
6.577889554093993008e-01
7.409850430039129909e-01
5.596287688867976895e-01
1.020849483559699061e-04
7.444112662079258036e-02
7.146827475403432217e-01
6.329310830323328966e-05
8.500871633027862195e-01
7.703132590289033521e-01
5.238105130985631908e-01
2.875271074578334709e-04
6.844607930162150966e-01
6.452003052043111531e-01
1.925436139663076339e-04
7.255579098574910235e-01
1.210903929345907154e-01
4.666104272168179468e-01
6.444318821848493695e-01
1.057293934708685075e-04
2.261677695832533977e-04
7.685212396525259448e-01
7.959156127337835285e-01
8.014755514291473926e-01
6.971568170822282084e-01
9.083825468576710489e-05
3.503367821864504794e-01
6.345065343112089584e-01
5.010170823253099481e-01
1.415280576096374695e-04
8.966060556614038335e-01
8.363918073082357019e-01
2.659373518175721981e-04
8.038096507029365290e-01
9.862538588439401710e-05
4.362025024927028705e-01
2.988862006845566981e-04
8.609293253129575163e-01
7.764083310427180029e-01
7.286951397182924728e-01
1.945153449980983168e-04
7.747382381332111878e-01
7.647361249203347144e-01
4.888750638326176678e-02
7.101177422166535802e-01
8.469146346481863930e-01
5.572521983963354408e-01
9.994952491506955417e-01
7.256223892740082393e-01
7.618224659762696804e-01
2.050777471673216536e-04
8.046091904258171335e-01
6.679081741194701216e-01
9.083860796707323715e-01
6.241981391415073466e-01
9.962511299499161588e-01
6.665492455432844299e-01
2.767219584479891693e-04
8.556747274232807676e-01
7.076158968908627944e-01
7.795982530849902004e-01
6.712691478275466528e-01
8.394026800304639213e-01
1.179025012604419917e-04
1.085518765452191531e-01
1.661605272752703436e-02
3.746538765890499020e-04
7.964789180403758495e-01
9.989277311981553664e-01
8.527180820754965973e-01
7.467393478909069016e-01
8.536376099684600538e-01
7.851340231747218068e-01
7.789764190246667441e-01
9.040351975158689157e-01
6.699208991506633293e-01
7.346790873695694390e-01
9.406397227995626220e-02
4.451900073276929826e-01
1.711316331111216460e-04
7.793797495572695189e-01
6.938230288754034802e-01
1.685243525116797425e-01
4.567742295609772841e-04
8.496135341513462169e-01
8.711823916887204700e-01
2.151175795762212380e-04
1.066325479533267824e-03
7.621775923544713560e-01
6.796297240624071812e-01
6.480085299748310490e-01
7.628766467820512487e-01
6.856453374116451283e-01
5.358512843548167252e-03
6.600800223355438590e-01
3.870256396138071651e-04
7.592250784734413394e-01
1.869546814828678034e-04
5.510661811954359465e-04
4.885776451738603199e-01
6.814495648964835617e-01
8.785287260632224093e-01
7.416418585618587294e-05
9.699716406356003739e-01
4.387514310473837886e-01
1.216832383397974766e-04
1.341377324808287785e-04
9.581426739759809708e-05
8.463756090317631209e-01
3.782042781496842698e-01
7.257287587525417250e-01
4.015965325867750782e-04
2.638571701990054881e-04
3.633972205947605069e-04
7.565519672809186691e-01
7.703017393572824658e-05
6.767098605327180882e-01
9.866127237157287233e-01
5.290568138362565787e-01
5.943102258265666685e-04
8.641554434057190370e-01
1.163534915632171758e-04
7.685659444643186955e-01
7.608713661126992323e-01
5.185682955304959929e-01
1.088068670867173965e-04
1.160409242595306388e-04
6.804661909349559020e-05
7.586748516800231878e-02
9.974365987839165504e-01
8.713170235615850245e-01
1.572771569695582473e-04
1.563811395937097528e-04
8.978089607242517470e-05
8.510800454386243663e-01
9.976629975816609930e-01
7.785451874393199967e-01
7.729706060912180376e-01
7.215055006355681755e-01
8.570169989389679888e-01
1.969130344826516008e-04
6.419693461565260106e-01
5.013238567032713977e-01
1.988743305298618699e-04
8.123290746949560770e-01
9.290382736420488285e-01
7.084944280233611558e-01
7.652264027611290764e-01
6.729734716915491965e-01
7.248264517615953251e-01
9.344581791230771736e-05
8.970752674325064291e-01
1.879652251276829416e-04
8.958241849570749427e-01
3.404612663908259751e-04
7.048753644338626723e-01
8.448026592264539225e-01
7.685316052240751797e-05
8.496845540319296619e-01
6.936938764417756031e-01
7.842975342607736433e-01
7.519242329341586650e-01
9.990676860716120045e-01
1.378957152843079872e-04
8.151695522688845452e-01
7.548245417580452532e-01
1.523213762187070064e-04
7.578626804537534900e-01
7.566453882737201875e-01
8.429262779223799518e-01
8.071391040989510657e-01
7.254865731074131574e-01
4.477715190098429353e-04
5.317241111424165795e-04
8.328277826472157974e-01
1.430123335408353647e-04
1.558701311890347552e-01
9.983999365428706252e-01
7.793809576433471387e-01
2.884361247319672554e-04
8.448019182874884070e-01
7.287610642313587794e-01
7.087065462936711358e-01
7.832152719751674596e-05
1.169810559191424823e-04
6.988081413386302287e-01
5.116134854294372980e-01
7.790021080596554182e-01
1.009141496273778467e-04
1.360166622173715218e-04
7.955838492722766553e-01
4.885333541938652975e-04
1.396136425078674866e-04
5.676000188210434949e-01
9.953125285407737888e-01
7.052232671227883776e-01
4.839152784868398505e-01
2.651652562668745149e-04
2.632394764623604698e-04
8.739812042049864838e-01
6.371579936383861553e-04
7.763195000190118433e-01
9.325035150262453649e-05
9.009648919166585331e-05
7.649670986665683126e-01
7.863052619380862529e-01
6.577617487964195159e-05
9.144943776745193542e-01
7.580370416272063094e-01
8.641342131292388817e-01
9.992260516878167520e-01
1.675470137288159224e-04
9.016258302892441456e-01
9.989948971854902826e-01
1.294899334661791298e-04
9.149520991061591154e-05
7.102318917841517567e-05
8.174988994937171238e-01
7.989330047171545601e-01
6.673653317821667263e-01
6.434396738165920615e-01
8.917965265392451268e-01
8.299224492935681763e-01
6.736012565678343167e-01
7.484443969635644963e-05
8.060682815718340777e-01
5.626807809633608271e-01
8.412465946938948447e-01
7.135816001323639357e-01
6.752467506623069937e-01
8.940620298394484911e-01
7.021638019403295683e-01
7.524251182261146864e-01
1.959494468653920352e-01
8.071610565909717039e-01
7.399693370743271048e-01
8.041591606256451863e-01
9.245750983289984166e-05
8.036293217629023600e-01
7.143214093755991141e-05
8.287826547536106985e-05
7.604829053183308485e-01
6.778172160173504546e-01
8.650500222007200257e-01
8.286372489501458993e-01
9.106524411669517649e-01
8.413903052472765376e-01
8.539579045752558883e-01
1.950131077672715991e-04
8.056034321325588055e-01
7.211891430902506173e-01
2.713647009911966342e-04
3.773493307537635925e-04
5.829852200671519364e-05
8.482427816473232518e-01
7.664646101762434549e-01
6.771289078236343295e-01
7.241091401390008968e-04
9.981278647896578704e-01
7.294928360579261417e-01
6.969969999059504318e-01
7.555254695607372950e-01
7.201790291957179679e-01
5.562835270233117413e-01
6.748625909412542256e-01
7.598671026226274661e-01
9.985667373417589365e-01
1.266299969302631513e-04
6.932655222583438137e-01
5.161408965907781088e-01
8.060676528642470862e-01
7.544045627450550739e-01
7.533250817684604694e-01
3.642817490736637649e-04
8.444773734678397981e-01
2.105833892677629613e-04
1.404056110953944697e-03
5.833317546693988880e-04
8.314232319176133590e-01
2.370087014867634843e-04
1.966918408597749246e-01
2.484445988467516553e-04
9.966012945629744157e-01
4.306365622757530320e-01
1.814716046907539286e-04
5.160004490126707255e-01
7.661512515398047896e-01
7.248005019183795250e-01
8.319840053280866954e-01
3.687678809901957138e-04
8.767398418974644994e-05
1.722786486882146818e-04
1.888786448504790481e-04
9.968957505843055733e-01
2.329117854665148076e-04
7.101538548781227700e-01
6.672622308307790684e-01
2.149264143579167896e-01
8.262454951396122280e-03
9.988621924834125698e-01
8.041042101029011180e-01
8.495955759491453652e-01
1.857612909038766158e-04
8.522791800910400895e-01
9.988979058431971536e-01
7.990726872324721564e-01
7.667006284360238233e-01
7.614381111353434317e-01
5.296848197336665454e-01
6.978146992569579377e-01
1.593007715284054497e-04
8.658976688440653041e-05
1.833349507947417973e-04
7.533603001734893168e-01
7.610404724262982423e-01
7.802663366797489841e-01
5.319616015266773745e-01
8.608456122249787956e-01
7.988574194665325479e-01
9.260741214114044384e-01
8.055682204483554099e-01
7.801262915127674669e-01
8.354885606742521453e-01
8.307072521946103905e-01
7.773942168763569027e-01
1.694806505494898851e-04
9.989492427906387917e-01
7.333090180672729996e-01
7.293722512637155209e-01
9.650094269917428025e-02
8.249578591801425276e-01
7.915591569219406765e-01
1.095819419428286474e-04
7.842757764666781668e-05
1.538235734498053897e-04
8.352216741719100668e-01
8.641576522969879326e-01
5.757099845312402264e-01
9.478493188318424492e-05
9.978553778678949104e-01
7.370425072710370396e-01
8.475134755174854595e-01
8.756265983652531393e-01
4.413321161791013960e-04
8.085945839856482076e-01
9.964031754351668768e-01
1.421127015655401294e-04
8.257904753186983138e-01
9.993589858232820866e-01
7.768926110257119433e-01
7.187710713258854689e-01
1.548045432996515551e-04
3.447865514869199620e-04
8.098705423119283431e-01
9.382145227096491125e-01
7.077130527859879505e-01
7.835213004905163814e-01
5.754642197763016886e-01
9.773994215574922650e-01
8.428240908800461728e-01
6.688389830674054126e-01
8.415689495434600653e-01
7.157313446708202243e-01
1.843011785259117147e-04
7.961514592141922808e-01
5.395082616572458578e-01
7.904391239824111182e-01
9.760774907821274660e-01
8.610967194895255972e-01
8.419160334976116822e-01
6.718114863386037694e-01
8.390946137927581816e-01
9.636719156242967699e-05
9.996269608593263412e-01
4.521738253306289423e-01
6.851794364430361384e-01
4.816254617724494451e-04
1.947046157481160131e-04
7.857839320506009306e-01
3.887200992462942484e-01
1.979280524331636522e-04
2.131943942408933681e-04
7.948642142689203993e-01
7.203503406350371119e-01
6.991270906495539172e-01
9.990795720413474523e-01
8.043889206091364708e-01
4.618713939220945308e-01
3.475779065577104749e-04
1.349563785237796357e-04
6.629512145226149622e-01
1.376042449403889003e-04
1.973923288266958630e-04
1.051785399852735381e-04
3.589098799929555383e-01
9.984584761662993468e-01
8.000832551633112466e-01
7.510345780485736533e-01
9.933017895581220946e-01
8.033893925435772188e-01
6.344392365840255676e-01
7.422245835658815016e-01
1.837598413550544929e-01
8.328870625471015421e-01
7.622312127643009472e-01
7.913538678774273416e-01
5.831923409116951233e-05
8.553052464401070809e-01
7.232163337576575923e-01
4.749318770931771350e-01
7.373672664278776434e-01
8.066994320792881812e-01
9.389209555738045054e-01
8.210306974044429159e-05
8.615624800958832097e-01
3.599866626362569193e-04
7.244669229567969326e-01
6.584238382951008717e-01
7.311257254739627065e-01
4.197463412805624849e-01
3.753670429123082413e-04
9.992095442919762815e-01
7.656738308502953894e-01
7.466384306785504021e-01
5.551542164538201228e-04
7.610225792350272522e-01
7.508744766670804038e-01
1.277234934654542593e-04
7.771511710637922787e-01
7.131392971465783971e-05
7.696248815452472192e-01
8.644841622733121511e-01
7.117685278272860572e-01
9.993769199752696730e-01
1.339327220216750508e-04
4.285175062549160252e-01
8.896099240121275000e-05
7.631183216617631881e-01
8.361033951294400968e-01
8.046234557899630824e-01
6.173525142520554297e-05
7.730069178427584342e-01
2.289388760064170187e-04
6.631370214214103997e-01
2.145716375268415558e-04
7.517604929694331473e-01
5.486262929208556710e-02
2.021749089990732570e-04
7.883736894889529223e-01
7.856379651460247970e-01
7.550790107550288122e-01
7.453377282331049569e-01
7.749653046089164388e-01
7.906711189193098566e-01
3.572835164229176685e-01
6.398189500083906178e-05
7.246915975541387001e-01
7.064539507370835025e-01
8.048952199252998874e-01
5.575187108781333167e-01
7.746525459154598447e-01
7.197994697034445499e-01
1.904365509519330196e-04
8.504480653753031527e-01
7.714455852416560243e-05
8.590835661557843237e-04
1.123517273520687203e-04
9.970155298669077792e-01
7.734945231109967441e-05
8.474335381752838847e-01
8.308195500523689603e-01
2.926646656156652753e-04
9.973158052707815635e-01
8.647457025233207554e-05
8.323430444277427620e-01
8.984283474843289064e-05
6.914782975253329633e-01
3.518047411603523189e-01
9.215451277321736745e-01
6.623711059679212101e-04
6.926500871948105121e-05
5.345945004912633358e-01
9.983673327912090389e-01
8.026391513811638179e-01
5.291926187114226465e-01
7.035751896957435081e-01
7.662247835604150126e-01
4.829099630991696701e-01
9.990655844821263454e-01
1.559952588337825199e-02
5.608112410155592364e-01
7.485143797054100157e-01
7.833082985955592825e-01
6.875565037988183859e-01
9.982367319594395161e-01
9.962714791993186880e-01
6.546881479321299269e-01
7.689650645313916844e-01
7.778162511769548537e-01
8.523492358360913457e-01
9.887227027791143199e-05
8.617348626700439551e-01
7.852577381029830494e-01
7.129539473955361917e-01
7.254308211605090539e-01
1.895341215575682562e-04
9.996114548863157534e-01
7.702575897750242317e-01
9.352429082202111665e-01
7.601928217481644934e-01
8.594970989278930551e-01
8.953922288843819688e-01
1.829104811026276481e-04
7.144902771332283242e-01
7.759569078704254830e-01
8.355753831078471805e-01
8.041131031767987380e-01
3.399654125870772573e-04
1.309495354592609111e-04
7.731243166426782221e-01
1.690315704429087573e-01
6.164526468703332984e-01
9.980044299552238707e-01
8.623405665794973141e-01
7.657697656727102675e-01
6.548895607695709941e-05
5.409807310947811754e-01
1.929996667205348870e-04
1.195188256061657117e-04
8.844305468131377079e-01
1.184512620117417382e-04
1.665345729333682079e-01
7.698809924104397240e-01
2.947352845123094034e-01
8.184535918807323007e-01
7.295936807111970124e-01
8.048016059637370656e-01
8.655926022845518153e-01
7.859765796461156695e-01
2.143465475106854680e-04
1.992445785979041586e-04
6.885451372256835567e-01
7.436425628180947101e-01
7.266680318194382870e-01
8.056476961101531886e-01
8.292544518174709955e-04
5.217746953194029036e-01
7.021374828671359536e-01
4.412322247702151422e-04
1.034150140774293654e-03
4.675079093462041120e-04
8.063196598195133680e-01
3.968485930166045783e-01
7.225266542251896906e-01
7.936898944269673694e-05
7.194548837984743317e-01
8.092291900462948995e-01
8.391395431855306342e-01
9.979567829361711828e-01
7.418266920435150069e-02
6.152885475483228506e-01
9.791346114897268027e-01
7.682658965231508041e-01
8.397002759539988759e-01
4.699629988379849625e-04
9.255189115414355072e-01
6.409178997601203687e-01
1.972646214575619796e-04
7.167299171449013073e-01
7.877153404416854521e-01
8.549418969775670618e-01
6.958451196352978263e-01
5.959599690986389087e-01
8.547804752353327373e-01
8.069406701676055116e-01
9.963076525576026743e-01
2.448714079399622132e-04
2.826410230729408356e-04
3.389868790695829692e-01
7.485778768265494154e-01
7.919123534199729031e-01
9.986483614265347919e-01
9.983481432299754488e-01
4.758202376058764949e-01
6.719337316376915448e-01
7.103310443784695673e-05
7.161185950801385314e-01
1.076449425887368144e-04
9.977221911593060488e-01
5.739990508911259059e-01
8.083718342018000325e-01
7.552472024208285450e-01
3.475652121470416689e-01
7.498964132227463352e-05
6.786706483598412554e-01
9.974752357421819982e-01
9.920026561218998618e-01
7.981100990011404106e-03
5.118680527948255444e-04
7.576141720252486111e-01
2.208356349778594838e-02
8.188965527727576355e-01
1.555930715826299730e-04
4.217489794774134659e-01
7.917863982705461989e-01
5.980995605990392372e-01
8.398510389257088926e-01
1.546564378302635041e-04
8.523067189540988187e-01
8.022324660650210770e-01
7.674996804798723815e-01
5.855506485497636859e-01
9.058292868000544784e-01
3.400828356995436522e-04
1.550037052543245782e-04
6.958154797731981311e-01
7.856291596896625151e-01
4.227041453021391192e-04
7.686479889126908160e-01
7.075841489694576492e-01
4.798079354973878718e-01
1.405395738298025944e-04
9.994778094395244672e-01
2.640307186829980463e-04
1.922898423338877550e-04
8.468686923246071530e-01
1.812035128609146006e-01
8.121454184973361246e-01
9.731151323427820188e-01
9.994914637190920326e-01
8.390755676166770094e-01
8.549496147591967299e-01
7.300887195405114769e-05
5.768744469611836742e-05
6.823059804400386508e-01
1.237598003749769665e-04
8.557066522761463956e-01
1.626687872732612006e-01
7.364016283282219706e-05
5.315297834519864314e-04
8.609579495906881652e-01
8.181617970066488166e-01
9.575769135597896064e-05
7.551754097126006648e-01
8.329462310324430296e-01
8.029506976617803993e-01
5.699351367815109759e-01
4.418989651959125964e-01
7.669857303143330185e-05
3.150113147783948882e-04
1.907387185317433842e-04
7.230380410912519151e-01
1.008457864226763867e-03
7.885284641316985255e-01
6.118962012021207375e-01
4.676891612087338279e-01
2.099542567338424806e-04
7.581413304296695799e-01
1.063319891478807728e-04
8.822482228421083539e-01
5.643172301027188364e-01
9.291766915034609386e-01
1.457621153302342482e-03
2.200981575765770910e-04
5.477612411315034846e-01
4.508374387398616547e-04
4.603039279293196784e-01
4.318490086909084757e-01
1.771480301145440426e-04
8.385146171403645710e-01
5.062448312453562416e-01
8.022931557050707596e-01
7.861471957518250120e-01
7.603442443048396004e-01
8.443198282528017184e-01
4.986703727802522246e-01
8.576293058373412048e-01
3.886013191592156430e-03
8.443777678098725037e-01
7.383048615751505901e-05
8.840174732746002295e-01
9.177556840910022773e-01
7.592015148380751866e-01
3.015533202547201475e-01
8.273538141470219154e-01
7.887347360567551480e-01
4.222466490743265188e-01
7.812252397559129591e-01
7.698053887526032923e-01
1.794871128183223767e-04
7.862806648021997136e-01
8.326582317030700731e-01
4.880150264835123042e-01
9.984956137734201098e-01
8.272213574619777798e-01
8.129735421501758097e-01
6.995941768340535605e-01
8.408166933012348743e-01
9.492453555307672763e-01
8.643236514486993816e-01
7.674726063576233770e-01
5.224855670305778022e-01
2.744605560639694179e-04
9.984380572600425330e-01
9.717421348093315814e-01
8.397394030261194908e-01
8.510086737055071460e-01
9.993472755974359689e-01
3.172797705149587580e-04
3.583764395224900423e-01
8.444647710460042589e-01
7.719947725548291784e-01
7.832104838321356510e-01
7.807610060977673294e-01
6.878539140781743111e-01
2.421119721239554934e-01
7.011878446352056704e-01
8.152680273653634124e-01
7.977213483658314175e-01
8.305334159414653472e-01
9.988577721055853509e-01
2.026035287054863039e-04
1.752949137101648134e-04
6.511072216546199831e-01
1.902896175810933344e-01
7.007094715657833373e-01
5.422022822586370916e-01
8.413536134562120683e-01
1.570545990674992731e-01
1.861189542215328264e-04
7.651050981945871632e-01
7.506328089160732020e-01
4.165300717998300928e-01
6.871189473424206273e-01
7.457699884616208444e-05
2.099264624573642687e-04
9.985728022431615836e-01
7.558914837632850769e-01
1.075506416886853948e-04
7.764883702022061795e-01
3.510081904174057314e-04
9.948173464175977809e-01
8.108239883883143762e-01
1.814605244041771063e-04
5.603077561827116693e-01
6.950226450500461839e-01
2.410795405126245675e-04
2.871603899914044675e-04
5.211255155789287219e-01
1.251562820953919599e-04
5.892341272001279107e-01
8.266818589257822480e-02
9.988870418823618813e-01
6.798557593535693444e-01
8.334925931146436318e-01
2.699271624043791625e-04
2.655240047331463844e-04
5.780702086733812139e-01
7.417219106806406074e-05
9.989438789111677597e-01
5.915130819388813091e-03
2.363430484767656548e-01
1.176053766866504011e-04
5.053947605106697862e-04
6.732693814823814682e-01
8.039175251249212062e-01
8.637981525282195649e-01
7.465362943335374091e-01
9.990734256773253774e-01
8.010905030396500148e-01
8.298826677983529576e-01
6.817867278783894536e-01
1.789430799430275724e-03
8.575343770368339946e-01
1.108391186087615660e-04
1.068017088419659686e-04
7.309920750720317884e-01
9.118016171999010488e-01
5.242021146308063458e-04
7.869579116152140008e-01
8.484651340378901452e-01
6.621141597048836314e-01
6.669854818567802100e-05
6.372923189870344555e-05
7.690535079106972649e-01
8.615189581611719660e-01
7.670216036122193826e-01
5.226028932623167922e-01
2.489798156207502218e-04
7.222749591202078934e-01
9.052913291857164202e-01
7.984043371544582435e-01
9.061108246698562629e-01
1.476115287684709237e-04
5.779648303852836788e-01
6.743708248121539162e-05
8.383205959012213215e-01
8.847744163304311904e-01
1.079306552715544043e-01
4.698103430878676212e-01
8.520179508912656277e-05
7.256809033837040568e-01
7.089425386567346221e-01
7.954756714161510534e-01
6.971909146444822403e-01
7.101195039006631404e-01
3.594501349167933402e-01
8.487840497208539725e-01
5.405430763055348864e-01
2.374900488877146332e-01
1.959637942683779366e-04
8.614215269816286047e-02
9.241003562499769952e-01
7.846376565404096226e-01
8.161239196918499417e-01
6.063541908492354748e-01
1.857574238836766031e-04
1.358133876773769718e-04
7.106971547854453548e-04
1.783090511674098849e-04
7.447753285679212798e-01
9.992609930690095066e-01
7.613560486564554175e-05
2.015172447099213145e-04
5.375549678181854585e-01
7.670195174009286632e-01
7.959465014217026457e-01
9.987374297374983501e-01
5.801183676639128149e-05
9.979320072154684862e-01
8.223123549507308505e-01
6.725205306496723342e-04
1.762551235231071063e-04
7.866395163147376079e-01
8.062976028423590735e-01
8.119984869787915116e-01
1.745477722778036042e-04
7.583850091480498490e-01
7.006640554954924882e-01
7.522422770042929557e-05
4.391147226245980528e-01
9.979507407383011452e-01
1.415579096131592358e-04
7.457938039470338731e-01
1.478979692764252596e-04
7.964933920075041307e-01
9.886855022261211712e-01
6.424500574005109765e-01
7.496169242048075221e-01
1.262901520289204979e-04
6.010966296018568356e-01
7.847974714301211296e-01
8.466990791400184069e-01
8.553296050096872438e-01
7.136123081669754151e-04
4.304456056905653361e-02
9.983641043845418173e-01
8.758091402393203273e-01
9.248521603192909613e-01
8.342841802802495321e-01
2.442076477259655029e-04
8.077650395109391424e-01
8.509574235655397167e-01
1.740823986548649741e-02
8.174331246365645898e-01
5.186664323259727594e-01
7.178174354444377681e-01
7.360928107151467614e-01
8.007412960178266204e-01
1.398173339007588011e-04
9.335828087006463605e-01
7.936818977809664277e-01
8.405723855176818748e-01
8.429453140775778897e-01
7.535556856584877394e-01
6.944368387590502678e-01
9.974977081481214425e-01
4.409601377955117418e-01
8.266593491681294426e-01
1.770221690317766807e-04
2.001335893081086217e-04
8.066733168527532305e-01
1.082787958304118201e-04
7.027333662306074480e-01
9.988092205974196114e-01
8.421830709321241892e-01
7.842245427844769523e-01
8.936944008311473731e-01
1.679109182956893098e-04
5.947998791722718392e-01
4.748960747524924868e-04
1.456310864777771847e-04
1.816473645253689057e-04
8.991391845001390770e-01
1.843852363960971866e-04
7.634764644587963556e-01
9.979419574238215240e-01
1.348790495475403538e-04
7.473056728599190013e-01
5.324101264829225310e-04
5.583201285674758464e-04
3.001605873227809577e-04
6.780757995372472813e-01
6.292392034734101559e-05
7.290496142456538431e-01
2.219538573786206494e-04
1.900207838652898161e-04
8.434602807164971461e-01
2.925515488967266801e-04
8.689727989077981052e-01
9.798123047833174892e-01
5.176956065759277248e-01
6.694295563722025832e-01
4.577891337378224290e-01
8.389361362411655717e-05
8.563238060813601615e-01
1.454186751311663814e-04
7.464013700150743391e-01
8.081025628330950061e-01
5.918690622309668746e-04
1.745161449113486482e-04
7.655464943832197555e-01
7.860820164103242691e-01
2.127584553941836646e-04
1.011222275961478050e-04
7.863916412074788420e-01
7.849545426363699896e-01
1.444044655482087025e-04
7.809136577294701898e-01
1.674222685840718369e-04
8.164577621947458619e-01
9.985904003730080580e-01
7.638987895492534985e-01
9.760142292452340940e-02
7.687471270595739314e-01
1.086874725370887341e-04
7.784636097956401102e-01
3.329910156182970581e-04
7.861464797036842311e-01
8.395906072462541170e-01
7.947031811027822634e-01
6.757304554116720929e-01
7.236807330214214407e-01
7.713971597726654306e-01
8.577292507959695497e-05
7.836837748401772608e-01
7.676560863270260097e-05
5.377930793165364154e-01
6.551936099641305418e-05
9.958922244359539322e-01
7.883530040077100232e-01
9.685913533074881343e-01
7.854112463120728194e-01
2.126455450924490099e-04
7.656901143979183422e-01
4.915661736873954135e-01
8.767041394294649015e-01
7.856135235772648828e-01
9.989663714999700295e-01
6.579028628756690145e-01
8.407319908356448712e-01
8.561565068437749781e-01
6.709174217945808039e-01
9.995328006029547963e-01
5.616102604788385522e-01
4.842448563154089225e-01
6.784912847943733727e-01
7.298731041771170380e-01
6.015027310235695064e-05
1.328764281851762868e-04
7.742018215669357328e-01
7.221524843129661919e-01
7.667757040781839617e-01
1.008617208478126021e-04
4.835144670170673509e-01
9.002850819784256053e-01
1.629468465593172434e-04
1.043035158582317082e-04
6.466429667230091862e-05
2.188200676522964393e-04
6.341519599317386735e-01
7.430037048931832366e-01
6.776107586915823822e-01
7.533964052512587273e-01
8.492073404995630348e-01
1.503989232240794801e-04
8.309276149267118944e-05
5.810164740017320639e-01
7.327209526244677917e-01
5.222770461220929139e-01
7.250460030483483198e-01
9.985939255775770906e-01
1.436555819214175938e-04
9.104874124648170142e-01
8.170257350773857397e-01
4.112775843321521130e-01
7.859017898334488272e-01
1.731794302282734204e-04
7.835662910978516971e-01
1.248317209607199959e-04
6.642604880536941787e-05
7.716998031284824089e-01
7.468918810027529442e-01
8.433894714411568350e-01
9.989386904772155074e-01
6.990786433652504961e-01
2.039030664677539786e-04
1.115846737148477928e-04
8.588252698223537429e-01
8.352254697241421103e-05
8.277266339817790364e-01
2.026562561754238160e-04
1.834860005458783226e-04
9.508145506906747770e-05
8.967244916406716436e-05
7.839441324637081987e-01
9.982416840407346559e-01
6.746422469789248311e-01
3.834505722346782247e-02
7.483363916420432416e-01
7.839663666656249141e-01
9.990781147234335524e-01
1.190377289535498987e-04
8.051482584895821581e-01
6.931242675323232572e-01
7.682389039156886090e-01
8.724096070187858931e-01
8.394998760678742955e-02
4.488217277837965868e-01
2.367819914657742352e-04
8.386575570725678386e-01
2.505852449866701652e-04
1.519186470093066565e-01
1.849084265743447888e-04
5.649095613303368735e-01
3.821565514969058608e-01
8.038852481433248487e-01
7.849615433020312727e-01
1.655173697210839698e-04
8.172134430398226845e-01
5.756253434963815030e-01
7.507380718322540197e-05
6.993572140251164138e-01
4.729473811595907295e-01
8.319721354044706807e-01
5.993602745100443663e-01
6.291588432112593296e-05
7.651305057430136669e-01
5.794229718948581409e-01
2.442009564153309656e-04
6.121168198286115469e-01
7.915272668542840950e-01
6.779337147557665114e-05
4.661652402753343472e-01
7.832753802406641208e-01
2.026248841583965247e-04
7.109467380212771692e-01
3.974995787195360619e-01
1.495417832816297123e-04
8.493579891260152337e-01
8.062356929563037067e-01
8.591458257411882515e-01
8.228151564717554045e-01
1.676628822285362462e-04
6.905124096432246894e-01
7.914406986197670690e-01
6.662378904267224344e-01
5.812272978984581728e-01
7.126242746540693007e-01
8.061581478682918744e-01
4.319031978372925296e-01
8.063824071974903251e-01
1.440216222403174946e-04
6.442535948609487972e-01
8.010273456827339267e-01
8.423552551067061689e-01
1.686874735394987301e-04
3.818540194238950487e-04
9.877390896275762590e-05
4.227050498798003327e-03
1.344107392893127305e-03
3.742018786379779360e-01
8.082110042568327879e-01
6.187984369762722370e-01
8.379907835845379349e-01
7.034091384775532640e-01
6.758594300667130073e-01
7.207126885230997759e-01
9.989525475605570692e-01
6.995272377048191714e-01
7.064876351503138752e-01
8.928756608874672818e-01
6.930312778765060247e-05
7.901276340729505021e-01
6.576849322616389326e-01
7.136213286226205099e-01
1.237291861759028404e-04
7.946545726642028074e-01
1.935189566818260704e-04
9.751060697750829620e-01
9.190628026588900656e-01
7.148937884132022802e-01
1.660708193061985016e-04
7.796645223217454346e-01
7.519297221979143186e-01
7.022530643351846541e-05
7.257995496661442392e-01
9.987464552848571708e-01
1.138756558084484975e-04
7.970508908335557363e-01
6.611254048788002269e-01
6.377326720222241674e-01
6.921690651076956025e-01
6.620124815884187441e-01
9.396608135592698918e-01
7.746132031127890283e-01
6.833438452455489198e-01
8.309180175900796050e-02
2.503229054373511055e-04
9.600360484321206406e-05
1.028470739818291261e-04
1.472931888072312977e-04
6.118599293184429435e-05
8.067762596917018580e-01
9.990223157246481689e-01
8.396451469687936653e-01
5.701648010470916628e-01
1.260731448654084982e-04
6.770990733343342782e-01
2.242188393422136117e-04
6.708897978666468198e-01
2.647502011926022303e-01
1.040645913079498819e-04
1.264940691798204810e-04
9.973970090918906628e-01
7.116546647752213239e-01
8.390118344586110499e-01
7.049191100360476803e-01
7.606624302470985644e-01
7.596044275035423999e-05
7.331593625077751364e-01
7.379211027124332745e-01
9.304159301989410880e-01
1.163621951276209380e-04
1.918566687849267312e-04
6.572102051974809678e-01
4.600086693672446603e-01
8.701720275936856153e-01
8.423035185171505734e-01
9.065250913201757799e-01
7.003961388662768295e-01
7.182863311184652932e-01
8.689933225022303809e-01
9.993622180945876954e-01
7.214546828845843640e-01
2.935187230044549616e-04
6.755188915517263970e-01
1.171880237557105099e-04
7.663674079914508663e-01
7.772348948548398750e-01
7.039743726390159662e-01
3.347560432763612148e-01
6.603350304178152719e-01
7.154952985729233772e-01
8.343389811613148854e-01
9.993102268983069525e-01
7.174100625736904435e-01
7.938946274966321992e-01
7.815760521980320563e-01
1.073307334694794383e-04
4.278288962712553439e-04
7.653497358519130156e-01
1.643139564359147851e-04
8.530199117569422507e-01
9.921710934540743931e-01
7.296034781422758853e-01
9.212596728449518025e-05
8.284703059989568796e-01
1.918549033845560006e-04
6.969192272276281130e-01
1.320981061905515588e-04
8.064703168534612665e-01
8.413841009489470002e-01
8.289130998089887514e-01
8.338570885938737520e-01
8.268276216382897115e-01
7.518385900455094584e-01
7.529912597691732490e-01
8.039404004218254629e-01
7.883950997416688811e-01
1.453693999272209346e-04
7.505046382108208070e-01
7.709654788504002321e-01
7.945444434911173026e-01
1.566914026921874920e-04
6.802643529935772371e-01
6.956690394057013505e-01
1.838852463100751247e-04
8.539618138460367547e-01
8.057252706870496883e-01
1.563773647013127935e-04
9.581271263551266459e-01
9.124393767234150188e-01
6.896527598793450453e-01
1.148988125474098652e-03
2.070760290994038159e-04
7.689160005635794787e-05
7.742214481316860297e-01
9.982137619809403617e-01
3.875102951150158478e-04
7.762375978952071875e-01
7.181694181939786148e-01
3.845338473213232391e-04
5.307730015559093406e-01
1.031042100699800277e-04
7.417062074580487163e-01
1.163247168760983118e-04
1.285061650744360735e-04
4.803089664828990024e-01
8.259151593032656026e-05
7.250510493654476196e-01
7.097265120381803793e-01
4.657190623146382769e-01
7.139347702068844503e-01
6.345815277452197052e-05
9.077138652492346138e-02
7.996657348540908705e-01
1.905487046978762439e-04
8.281179721327606158e-01
6.909866410835262540e-01
2.883349421683483382e-04
7.230107587092854393e-01
1.026998875532113872e-04
8.459941700168660691e-05
7.874502174427121526e-01
8.509419685481882656e-01
8.819945973100400405e-01
1.071336144679524237e-04
9.994944260359811539e-01
7.670707175697555336e-01
1.259771859486039981e-04
3.954236300517720380e-04
7.500795048775869001e-01
7.598176176373429014e-01
7.740276468440442370e-01
8.047970885763148230e-01
8.053517994130335866e-01
7.565499459401234805e-01
8.014602052762576090e-01
6.031934445698180491e-01
8.604169878831533695e-05
7.884152246599852587e-01
8.173680737230943905e-01
9.995372795549296585e-01
7.783296644151911359e-01
8.081037612803680936e-01
8.234256486118378682e-01
9.248431690176222805e-05
7.038172734603892478e-01
7.896613051016743157e-01
8.613726776214709613e-01
8.339361145493139338e-01
6.913397631318149994e-01
7.291047963197548887e-01
1.888817070902722162e-01
1.241000405836348492e-04
1.438308397374752853e-04
1.320039549339480274e-04
6.365596420221431332e-05
9.937319458407086012e-05
7.620507992879467229e-01
2.024874132646463278e-04
7.589189672216578586e-01
7.362556956327342972e-01
7.570753659767692767e-01
9.974568601924235223e-01
6.154326241298399178e-05
8.311001438614259440e-01
2.263176832054338179e-04
7.902266907193590262e-01
2.064531452880120866e-04
1.880191348674872852e-04
1.543231516331209827e-04
7.599652114113396584e-01
1.559999953622129352e-04
7.686755414946055964e-01
8.048040534709253180e-01
7.741319022349316681e-01
6.172326753994002990e-01
8.996888451258730881e-05
1.577844379834443533e-01
9.980797245479537949e-01
9.990752048761629700e-01
7.816904140778858645e-01
1.448078752948697310e-04
5.853360355729262388e-01
5.324080315120164331e-01
6.789052936327312215e-01
6.048724794177502006e-05
8.372817850113520866e-01
1.150236978922642740e-02
8.503808580861885735e-01
7.481868456608109508e-01
7.672792225117345266e-01
1.249963206236048895e-04
7.491945335742785650e-01
1.109891947689835518e-04
8.050455549158646029e-01
7.933801829305763276e-01
7.428524922907541184e-01
9.031421254135187926e-01
7.564130900153143156e-01
6.770565197922799872e-01
8.273295504874297324e-01
6.663158278600138651e-01
1.100931088742156778e-04
7.935344982919333434e-01
5.879141864231504178e-05
7.782642463174842540e-01
7.467242716046279538e-01
8.776115688124797129e-05
9.613423143677002868e-05
6.180540704472470368e-05
9.653397613291033741e-01
8.324430299036214009e-01
7.818111862186396532e-01
7.972214181658875409e-01
1.333576053459828306e-04
7.354104571618811370e-01
8.858093227577233941e-01
7.569785068917770365e-01
7.339213355225140401e-01
9.989293130065434179e-01
8.046042718398683791e-01
7.854493512239199005e-01
4.956971984454602298e-01
7.470711744076314886e-01
7.470612247733336986e-01
2.477943083507855716e-04
7.769909073025127455e-01
6.055676406608260232e-01
7.481110020510717273e-01
2.396907623741576510e-01
2.082940816040651788e-01
7.667014501693572015e-01
5.800254115553475920e-01
8.234225220174126170e-01
1.335313981148132439e-04
7.673382010674386633e-01
1.552068279360650207e-04
7.698402993800532723e-01
8.890783237781427120e-04
7.130237344941754429e-01
7.589887948021591946e-01
7.594455007947484848e-01
9.966107818421046094e-01
1.370658556373679138e-04
8.505332092097496188e-01
7.144540571703362764e-01
4.420971140631293496e-04
9.982469806776225196e-01
8.496114135373854515e-01
5.123783329877155124e-01
1.128497339292507373e-04
8.263044375021875165e-01
4.758433120103084391e-01
7.959359095919408267e-01
7.751999530260067495e-01
9.044827641250551276e-01
3.015419845487880965e-04
7.763743061020996761e-01
2.123774442181209365e-01
2.260644521303932606e-04
6.623313428138439818e-01
1.010471452399418074e-01
7.817723851827201864e-01
8.034695415655054296e-01
1.480188248785838188e-04
7.127198422309946046e-01
9.979787654999995317e-01
2.710367151466671438e-04
9.983696082292596863e-01
7.762432519316510016e-01
7.649578948749983232e-01
6.006573190522190853e-01
2.152967866931644353e-04
1.249046531428724778e-04
2.407368024564553633e-04
4.058531367039411547e-04
1.708886283089081375e-04
7.774380810299965638e-01
7.548101806773920286e-01
8.605720555304867680e-01
6.502101294856573732e-01
9.965271882751155497e-01
9.990739323742913180e-01
1.757263444651763716e-04
8.690631263730563578e-05
4.003447103984688520e-04
2.126852998908092349e-04
8.020004743052765450e-01
7.692458580802541749e-05
8.082396593452238569e-05
1.069227785806417481e-04
8.063892607859812767e-01
5.137990122481189735e-04
8.586001105536776867e-01
1.518370344545439440e-04
8.014958674250016735e-01
8.201877953051646131e-01
7.847226236306035219e-01
9.504731150426389810e-05
8.287390461970353117e-01
2.542002629172219010e-04
7.283635446970514460e-01
2.061058424482874196e-04
8.343848580508373969e-01
8.330383478470902991e-01
8.494168365538722343e-01
4.393935445004680251e-01
8.874184216871283670e-02
9.552397897582396435e-01
5.914908288264918851e-05
8.999325573873048212e-01
7.633480342650686978e-01
7.495660838297140138e-01
9.995728139141960567e-01
9.991462785629267040e-01
1.407046564144715114e-04
8.951141855433405884e-05
9.191078145935561716e-01
9.663734702748442930e-05
1.376443263461594319e-04
1.530920197749861638e-04
8.033360402506227738e-01
6.729120082012429727e-01
1.605335101033912788e-04
8.332873404690450680e-01
8.490550831575949253e-01
4.578563065789124087e-01
1.388576942343822368e-04
7.437945013858862087e-01
7.248481597269505750e-02
6.959667615343282376e-01
7.724542098927700273e-01
1.547360463791578830e-04
7.922192499169539159e-01
8.208003737658646770e-01
9.034984140299892228e-05
1.255736675315958888e-04
7.060732494078532095e-01
1.428597503922412852e-02
7.050305758723343086e-01
8.749398339133941660e-02
6.761935645488857949e-01
5.295730186201061951e-01
9.970214911587504947e-01
8.555840098196711985e-01
7.543775931142568947e-01
7.753062292326194926e-01
9.982149040666836726e-01
8.082043777059451633e-05
3.019623316412623241e-04
7.828668702471652807e-01
9.086662341759648154e-01
6.814872138992614792e-01
1.163859796722524649e-04
4.906522019675475625e-04
7.864167182083977160e-05
6.916190602298266654e-01
8.487813249948625849e-01
1.434790572062392706e-04
8.559978457621644559e-05
7.614346152964701631e-01
2.220017950619202352e-04
6.521470016903337941e-01
4.731541688103895749e-01
7.353587539303234203e-04
5.385580471505215135e-03
8.423990964987310148e-01
7.923340294664702865e-05
7.901763474366089168e-01
8.311807327451800065e-01
2.671374324046087287e-04
4.246815258985026380e-04
1.071882712360937837e-04
7.772658198156432441e-01
2.898117868202401541e-04
6.645363091617643159e-01
8.339899993007177104e-01
7.708597348302302921e-01
7.577521875050572397e-01
8.399251971121617366e-01
6.078307695191732529e-01
8.280888361206933945e-01
8.369108284734312342e-01
7.758577943018928336e-01
8.058111059043719937e-01
7.782277717694367845e-05
2.118401012325737444e-03
1.606805155314079681e-04
1.929504136805653086e-04
7.796596340813031212e-01
8.365798724237811790e-01
7.701322875003173696e-01
8.603453817853734531e-01
7.474524965243400931e-01
7.535964311981069308e-01
7.299380741775691875e-05
9.990786519267869092e-01
7.003618464675049893e-01
7.578521757887246579e-01
8.896756009968246337e-01
8.512750434648046483e-01
7.188365697577437929e-01
5.506788571462707393e-01
5.858955309074479823e-05
1.970385380154941052e-02
4.864014911270199137e-01
8.963298642570820414e-05
5.825372677663367416e-01
8.372729092593715894e-01
8.499004666792852047e-01
8.342172647899640525e-01
1.480354930579184968e-04
8.592681200320920754e-01
8.607426175844116178e-01
7.615355609702859629e-01
7.012411246016876376e-01
8.494084006743259918e-01
7.516723842637944575e-01
7.774198784921936278e-01
7.886894429274947660e-01
7.643979541170400349e-01
9.970660630825722848e-01
6.822208874860288775e-04
6.841156345492444002e-01
7.741428685146904964e-01
1.926358513250663517e-04
5.938816989673320057e-01
4.426027840548019880e-04
8.035229979736426831e-01
4.935272908925198987e-01
8.208795628463372296e-01
6.515058712441196276e-01
4.756625794098223031e-02
9.467822329536391968e-05
7.323021000929622049e-02
7.090171411647711031e-01
4.547067282065612309e-02
9.377730056664504987e-01
7.963485232022013971e-01
3.125126084659878845e-01
1.156373350202744932e-04
8.032420461448658289e-01
3.044295079085680635e-04
1.020046451513774378e-04
1.377664711903646346e-04
7.925284477855384369e-01
8.652186994281073629e-01
7.234407646424150240e-01
8.145307995960210379e-01
7.326715681332471863e-01
1.032573825551237867e-04
9.991439479074463170e-01
7.847468266901655998e-01
8.702354167051112182e-05
7.360492974726456916e-01
4.961199734329130306e-01
7.708321589672841867e-01
9.065651346409274725e-01
3.894345808456460751e-04
7.476462410488585730e-01
8.507525566307279075e-01
1.779375867510719651e-03
2.844338647406080100e-04
6.909169222703637203e-01
7.715363814274475152e-01
7.649461149524738879e-01
9.993832983067824083e-01
7.817799768402460270e-01
3.660644855976446198e-03
7.276636786356549536e-01
8.610588998003585121e-05
1.491222206186364370e-04
7.709475625731577741e-01
7.494165867270166713e-05
7.373683721984364281e-01
7.535976500495258357e-01
7.719849810789288780e-01
7.680390595896905426e-01
7.134178991000406089e-01
7.642496491804809944e-01
8.835205804015794969e-05
2.004148316236895322e-01
6.824788013483273907e-01
6.926514382795895264e-01
7.042874483597975077e-01
2.330193869676048775e-04
2.948750750549344337e-04
8.532594405888385626e-05
9.313736210876059213e-05
4.064767624690512338e-01
7.462659385600048934e-01
7.909410166134107634e-01
7.948763483631827720e-01
6.673509921545714985e-01
7.626873196875706418e-01
7.946631432616010349e-01
7.640666668849770415e-01
3.455926296586353248e-04
9.990159025462790332e-01
7.831468601683879704e-01
7.392257810665973095e-01
7.641312190578626318e-01
9.646373533722393812e-02
8.694153411628042782e-01
8.319420328097412165e-01
8.661601690084728402e-05
7.614122809311213436e-01
4.104427145393776022e-04
2.172489254019136721e-04
1.324674966432083743e-04
1.336854372709820693e-04
7.580970639237784026e-01
8.049036508862953410e-01
8.176088996862371783e-01
9.124590537978278793e-01
7.557063882712472536e-01
7.689003381108159285e-01
5.857056898301250331e-05
6.527960967259067461e-05
1.674445014682202386e-04
8.749892313908069763e-02
8.501278949388421102e-01
7.171818439771373566e-01
7.662815644313893948e-01
7.146432505090107856e-01
7.678605583563432591e-01
7.085324836190619591e-01
2.902089268055613571e-04
7.682077895149788116e-01
5.533945378325435538e-01
8.598277403248932860e-01
9.972731016947423699e-01
7.044949968590817901e-01
7.473808110958675144e-01
9.955392650581450509e-01
1.116113683210203294e-04
9.985735011973195796e-01
5.583656654620960946e-01
7.395460827310699203e-01
8.491302132702305272e-01
9.229677070618876782e-05
1.972139128864327173e-04
1.870887200911916938e-04
8.968630891504733027e-01
9.977709311814175752e-01
6.920434668234477504e-01
7.916298013584349702e-01
7.141062991895236298e-05
2.398265539120528666e-04
8.190080224636981136e-05
6.977431045881536953e-01
7.959005325521527618e-01
7.309232139309371767e-01
7.686107118459185594e-01
7.085620335503339806e-01
7.909830392751551198e-01
3.049419678533017361e-02
8.345563534521633908e-01
7.863268352677172945e-01
7.060092502763266609e-01
9.862591860412479594e-01
7.290479939550552624e-01
9.983427146813539908e-05
9.947768013155704470e-01
1.404633235426536739e-04
9.994873881124335391e-01
6.834369840444144417e-01
8.610619208769344501e-01
9.981075812706354800e-01
8.065253609157660986e-01
8.054053937125212892e-01
6.437297516656179663e-01
7.976873571096633198e-01
8.582528540581545462e-01
7.914980378696794417e-05
7.698405492495179470e-01
1.888685673546732196e-04
1.666778801282479277e-04
9.985515442047360191e-01
7.982580261641080144e-01
8.395244756660489305e-01
1.826348058578518708e-04
2.559195637449673344e-04
5.698944230743027139e-01
2.959396995524780113e-04
8.383536513085566577e-01
9.990771192423415492e-01
9.960538956036339986e-01
8.211642026288424878e-01
5.121871927920893519e-01
2.465092073668493397e-04
7.148173472050931565e-01
4.291559483707931832e-01
8.010658692778183099e-01
7.047321834665950524e-01
7.937769182057796691e-01
7.556995730835531777e-01
7.264517117711826177e-01
7.925455672482173419e-01
8.045043768643153070e-01
7.214838212378955618e-01
7.780143880252358146e-01
8.002757198047230069e-01
3.419751201263395712e-01
8.586452486855168376e-01
9.128371708283606889e-01
8.080439055430573836e-01
8.180627060595288384e-05
8.805560214637358487e-05
8.185966947459170084e-01
7.852061252168094363e-01
9.981098680005093815e-01
7.423570551898137637e-01
1.216654663917038300e-04
7.415675975533249087e-01
5.224443278754777875e-01
7.090538479503918357e-01
9.010307379536918182e-01
7.494842562337169500e-01
8.652712226702299685e-05
9.960975415897896923e-01
3.053243803028330003e-04
1.287944677138911905e-04
7.831728908734980621e-01
9.986836301111507996e-01
8.284256104281431110e-01
1.177163259652805745e-04
2.502808928433966238e-04
7.792526829907350239e-01
2.823081109981379760e-04
8.442671604481084557e-01
7.889953076549702793e-01
6.776154776707328242e-01
9.978912803507871132e-01
8.268129722381822866e-01
9.972016886054332341e-01
9.990798359082886382e-01
8.417682701603620421e-01
9.981021192197135905e-01
8.976163688376540550e-01
1.778483274987207512e-04
7.687779226409325872e-01
8.656179077049723329e-05
9.990339194476771656e-01
2.468599713665881740e-04
7.976335914441743391e-01
7.722394677416299924e-01
7.729444363549577979e-01
8.172536455622915197e-01
7.443978670201529813e-01
7.119055797393215590e-01
7.683960190728779116e-01
8.032255755766937177e-01
7.440707764386520484e-01
8.856244545636539464e-05
9.156716568650561383e-01
1.542617757111995852e-04
7.857778080871815618e-01
8.331059749875747711e-01
7.618028562038559048e-01
7.627879916843247621e-01
2.000349655141287202e-04
7.320602680454317834e-01
6.613659500144337677e-01
8.859060762036737868e-01
8.577301797022421903e-01
3.289031099090003224e-04
8.080042494151703503e-01
8.174145994019833550e-01
8.382022944616162041e-01
2.168800916190872867e-04
8.234962752571945105e-05
7.241955853972730228e-01
7.797113302465199514e-01
3.041901643991111737e-01
9.981067897864764893e-01
8.031967258626342421e-01
7.564440916276966576e-01
2.565818908517541021e-04
1.887574603858978707e-04
7.967839898003028498e-01
8.598166471447585835e-01
7.320365840999549789e-01
7.825963767643683289e-01
9.979581080089924283e-01
7.603526508090663327e-01
8.087197784738503481e-01
1.467882933012421985e-04
5.149157436025861845e-01
7.598763224988727139e-01
4.671355057019759872e-04
7.940035375673955009e-01
7.794275815728226586e-01
7.860347690885397531e-01
6.964098175786320732e-01
7.782106480786735725e-01
7.457233871887185561e-01
8.002289591852718154e-01
8.043007421034416016e-01
7.855767119994057079e-01
7.835665763063597300e-01
9.892623324865069678e-01
9.033102874173823960e-01
7.991413944042136119e-01
9.976093163006363174e-01
9.983679895775060542e-01
7.806489712034393458e-01
7.581795855284527708e-01
5.432444161440980190e-01
8.018316687765051354e-01
9.563161291261138008e-02
9.110738525313751834e-01
5.543656314250157147e-01
8.260338788878336391e-01
7.436985916982251643e-01
9.071062274553793880e-01
8.575418359258015766e-01
7.844235196271972521e-01
8.509656669469958898e-05
7.467196519858335657e-01
7.277225801436674191e-01
2.612175266167408028e-01
7.362783921482956018e-01
7.902619413143272542e-01
1.562498371103581696e-01
1.042038933436873599e-04
8.061561997506311306e-01
7.066631845034274662e-01
7.481799685892813381e-04
4.624598928014158616e-01
8.108596459529882061e-01
8.106161703093821558e-01
6.868618539607364015e-01
7.749272419523273170e-01
8.484618845871237935e-01
4.586657893464204938e-01
7.710210808829530693e-01
8.514544391968987824e-01
8.089099451698965604e-01
8.951298458253436447e-05
8.497946186918835521e-01
7.775653075911053147e-01
1.249177595946212758e-04
8.136106018741855461e-01
7.237522688786001135e-01
8.391637131403817396e-01
8.606356300189896835e-01
7.464631074062446636e-01
8.076880271347103291e-01
8.194661612968829889e-01
7.860703886820905595e-01
6.327628082816415533e-01
7.998331786163914714e-01
7.812926574210808939e-01
5.053719964809106902e-01
7.516443977244487984e-01
7.828610581510015987e-01
7.828161450987373149e-01
7.229633525770065017e-01
7.132730155599269484e-01
1.535393871795354029e-04
7.814141690223684877e-01
1.879329425529316215e-04
7.485189173512778460e-01
9.840875615408395394e-01
8.133861908919323147e-01
9.990080956052870276e-01
9.981858992065543168e-01
7.418462460605290687e-01
7.659023963275632951e-01
7.847469294762012826e-01
1.226173151008815802e-04
7.467388290172414234e-01
7.820117040999964297e-01
9.961355445945270226e-01
7.859534246941017877e-01
6.188813617852355039e-05
9.986980654098975840e-01
7.023312085169429730e-01
6.928577060603855475e-01
6.950885921377748522e-01
1.117491253085875117e-04
7.102015012383334769e-01
7.562498138180721030e-01
8.154814810047412710e-01
7.710632819958201933e-01
8.349590736168048810e-01
7.487038237238834437e-01
7.800305763556284466e-01
5.123628938757843893e-02
7.034831678722037740e-01
7.439956227231303565e-01
7.468130391507943333e-01
7.596736383233561041e-01
1.413376471368513816e-04
7.920501184181916177e-01
6.931281845653199936e-01
8.052610551552391582e-01
7.697720961339135082e-01
7.297320026479928723e-01
7.338900094199083401e-01
7.566278246317931222e-01
7.814265950041214825e-01
7.825537697276296889e-01
8.075682877874622578e-01
1.371876937610236856e-04
4.921237345875038027e-01
1.026236800163297008e-04
8.669181979923307191e-02
9.893124531047147174e-01
7.804862881491182458e-01
8.573112860042534367e-01
5.731390920843876247e-01
7.715609463886885511e-01
9.208574868279242149e-05
8.513350795946749150e-01
8.709117278398591396e-05
5.423528273300320945e-01
6.691592199965256116e-01
7.567011994503640704e-01
4.760744411642901519e-01
9.977863552790867674e-01
9.462146642949262887e-01
7.220476713779523381e-01
1.190630027750612223e-04
7.830724590828256337e-01
2.403162057511280814e-01
7.501415519007814670e-01
8.510572311522915934e-01
7.605572142560087512e-01
8.117085893413619191e-01
2.545837325170398758e-04
8.525225195879392315e-01
8.115199289761987345e-01
7.469730674233480139e-01
7.887452237175884839e-01
7.191499063890418597e-01
1.393631973308187186e-04
7.822653117337420303e-01
7.807869278007610880e-01
8.256133930116463793e-01
7.991292475637672421e-01
7.611485963902824281e-01
8.263587684435174108e-01
8.559185619370134335e-01
9.971267406988088000e-01
8.383250601511661459e-01
8.517735907830393804e-01
9.984198398774922767e-01
8.940576738660240830e-01
7.271231222324594512e-01
3.975241761129951834e-04
7.535878299436178651e-02
7.825725041271524018e-01
9.990714317262330280e-01
7.478790326626896245e-01
8.040301823692999061e-01
7.014991852079901502e-01
1.100211515538528643e-04
7.864059454183686126e-01
8.135390120280113768e-01
1.208833443104357780e-01
7.878032897964700743e-01
7.590925517025902680e-01
7.452871311514627228e-01
4.382208498580171807e-01
6.944288622483114626e-01
7.123482277155023246e-01
7.352382875338364654e-01
9.712421876099429641e-01
8.273396772409109627e-05
6.862755844237062863e-01
7.734001837684529868e-01
7.153116791040972089e-01
9.989671930361578855e-01
2.273361200691619629e-04
7.250805145057400702e-01
7.553229070199566353e-01
7.749006289405862002e-01
3.892942900411604235e-02
9.989670853849694776e-01
7.620291046093384812e-01
9.123770081114629133e-05
4.918888586624091674e-01
7.694287055385462537e-01
9.992597128733573530e-01
7.361292856218513644e-05
7.609460753076816575e-01
6.644496923993511439e-01
8.392595620250122845e-01
7.724374129366011754e-01
1.579095908174825251e-04
7.573247701055476622e-01
5.274932759156353290e-01
1.177389179150407873e-04
8.578811916311976926e-01
7.588414945353852969e-01
7.891336291769409650e-01
1.063831136838461200e-01
7.596522655128864487e-01
7.818832364652659184e-01
7.572586226632592732e-01
7.917255300606068635e-01
3.305956086546289643e-04
7.824430759233181876e-01
7.919528920215548329e-01
7.896075373889019922e-01
9.951735600596209874e-01
6.576090259897962782e-05
7.441830705950099878e-01
2.917088161026950319e-04
6.662117301455157126e-01
6.620563748299197471e-01
1.766518495922630777e-04
9.988670824057237496e-01
8.335096371157380002e-01
9.980820481546410772e-01
9.993853165173806063e-01
5.256501994864869465e-01
8.125023634975045983e-01
7.570431040093950070e-01
9.965482190557595210e-01
8.383226262624379199e-01
1.087858040094590630e-04
7.292211190630977224e-01
7.964926769968402320e-01
1.331713445505786075e-01
6.056636917145823731e-05
9.169138394424457550e-01
4.703367422184108193e-01
8.656470830242493086e-01
7.787723808740010245e-01
7.162625765367393038e-01
7.432066776280717990e-01
8.269333878685303230e-01
7.840449068271334587e-01
9.979438205939132889e-01
8.086394910430261262e-01
4.272977297631594396e-01
8.095137812870671912e-01
6.314121616869029507e-01
7.339374722098128689e-01
7.646853932946777732e-01
7.081348255789557955e-01
8.543122060238014283e-05
7.759064247800225855e-01
7.688737700729491031e-01
7.208397068168445054e-01
7.696064270004916441e-01
8.345631634673470467e-01
7.255720363815003626e-01
6.562379412573688124e-05
7.506738886488596441e-01
7.830775286722593265e-01
3.590895944866299150e-01
2.704707702966662733e-04
8.000111414984923952e-01
6.648263964704831386e-01
5.379840432753666413e-01
8.749636421400039355e-05
7.309772951153515885e-01
7.834864518822992618e-01
3.093667918018201744e-04
5.461434601965186042e-01
2.393243700179970240e-04
7.521626132699797962e-01
6.935780299489004985e-01
3.802369485193533350e-04
6.003798603435360839e-05
7.650498200733367726e-01
6.247283488096951434e-05
8.098284604023946454e-01
7.998353095561424597e-01
8.487626237814194230e-01
1.455306806433987095e-04
1.368039643477998168e-01
9.983391754815439390e-01
8.027446034261540575e-01
4.324340504561886012e-01
8.527410431857002093e-01
7.674455338323613596e-01
4.713040640244792745e-01
9.956106492754843718e-01
8.502183476209955737e-01
6.925901618332159781e-01
4.897788250395047616e-01
7.848045399869612027e-01
7.920274051907137958e-01
7.776944434650508997e-01
7.924365504770392032e-01
7.802577225383370285e-01
9.961384488798178394e-01
7.564279614655182726e-01
3.737503680686318384e-04
7.519043698742531312e-01
7.799598551443269745e-01
7.645195727952646125e-01
9.969682518593515619e-01
7.825438771568559160e-01
9.599159573186243706e-05
9.992821118000501102e-01
7.850470206949315966e-01
2.470097324376392591e-04
3.426870602201977458e-04
9.981411998792807383e-01
5.029822960002183763e-01
1.981128188238946643e-04
7.458009875815485579e-01
9.987680862146681715e-01
7.919655070161804034e-01
7.489276928467426542e-01
9.536663259470525844e-01
1.392301520483421313e-04
7.769340211075524971e-01
5.300039923820154542e-01
1.664778689413654749e-04
5.113459759397752467e-04
7.773911955510188765e-01
8.130851637365845708e-01
8.518989874953561969e-01
7.630668720068635169e-01
9.996029147394160930e-01
9.608157369077134913e-01
4.061090661795859758e-01
9.984501570352664057e-01
7.625514422927377467e-01
7.007572546805824754e-01
8.230463080709807810e-01
1.223224531168491214e-04
7.859347194017539673e-01
7.987582829858146383e-01
8.246430017921895228e-01
8.898779443954045888e-05
9.965317073069316356e-01
9.963144925446395517e-01
7.841399240125542791e-01
8.581851289353669143e-01
9.577065996650502289e-01
1.024343789159724941e-04
7.811644337754977130e-01
8.324610976973770837e-01
9.757064145108284518e-05
8.787141589362072974e-05
7.653714796523319874e-01
7.472373981580533453e-01
8.581350999904230337e-01
7.773306159382613600e-01
2.577344111094118356e-04
7.838101692291642442e-01
7.993844953320307090e-01
8.131670716057884940e-01
8.269299038652229150e-01
1.212368469036151922e-04
7.480086363354685464e-01
8.113989389680604791e-01
8.885392927623868005e-05
7.608178661142209753e-01
7.772521928120486034e-01
7.833894780025297822e-01
7.918913640149823907e-01
9.990027652842966566e-01
4.313356636316880155e-01
7.874317154410114261e-01
7.853985111199676128e-01
9.516312970943476834e-01
1.851623100649562592e-01
3.398027654675525588e-01
7.829821354725231553e-01
8.623449275528867197e-01
1.346028866193564610e-04
1.848600662543320602e-04
7.844604855842223223e-01
7.118118963172898050e-01
9.926935712578052184e-01
2.750381111249862176e-01
9.983498195830893263e-01
9.963564768182282538e-01
6.762497769326072383e-01
9.987531860511612569e-01
7.504234712496985482e-01
8.071459413521235859e-01
9.009574696657085601e-05
7.338217924333751974e-01
7.843891048998639093e-01
8.160710721711744720e-01
9.980001227633854555e-01
2.213411279572825158e-02
8.037956362878385663e-01
1.220168183276028296e-04
7.339693750393611049e-01
9.982914851380807475e-01
9.990259377862745760e-01
7.137203703239735075e-01
1.528346272937820165e-04
8.178397526229784775e-01
8.085639172552546716e-01
8.402954470060651770e-01
5.144112274632940407e-01
9.982460039329468238e-01
1.049473096012796413e-04
1.879414072661023344e-04
1.445470231338809026e-04
7.683781444388300130e-01
7.670162009104295464e-01
8.186214728197185320e-01
8.504714314279100407e-01
7.822667220563342960e-01
8.015473527804590770e-01
6.132128930467654060e-01
7.686810885330634946e-01
7.935827653517836255e-01
7.521092894494489922e-01
5.525102312399570170e-01
8.047233119605395890e-01
7.561557180304742110e-01
7.894918075383098310e-01
1.734835182676266693e-04
4.013551396672166427e-01
7.273798465082521592e-01
5.793580912111877913e-05
8.114617029289432626e-01
6.643995482702815814e-01
6.899641088864739702e-01
8.604897362127613691e-01
6.911047397871322717e-01
8.505755024470024184e-01
7.449796745978145562e-01
7.451530653597506770e-01
9.990255703593844405e-01
9.986241776522025715e-01
1.337102007399731658e-04
9.337888483010993803e-05
8.349634663986448269e-01
8.484509211348625346e-01
9.976151324143767152e-01
7.664518373880435664e-01
7.798469705571997590e-01
9.980265096137123093e-01
1.211017525880889937e-04
8.511555790624190099e-01
8.541204263123066687e-01
8.315134865683435628e-01
8.284413956816686353e-01
4.522192429057404484e-01
1.909854319401072594e-04
7.907217087292280899e-01
3.005066706117621111e-04
4.923924779685445730e-01
7.429499649149959861e-01
7.453302924600898605e-01
8.371742074329746597e-01
1.342375176060214891e-04
4.799596940443454640e-01
8.572989363619903935e-01
8.181267182516908099e-01
5.785734058778072009e-02
6.419042974234496768e-01
7.822548942932541216e-01
2.057829423878431707e-01
1.318266452792738429e-04
1.624490796082948667e-04
2.146377256926206587e-04
9.983057566793475113e-01
2.639288179622611974e-01
7.778049366280179733e-01
8.480918394014250739e-01
8.517428371326301040e-01
8.503277698060950351e-01
1.062392984635514374e-04
8.317496903567470100e-05
8.056186083077498949e-01
9.987916922664969999e-01
1.341662557015132562e-04
8.012003142813568513e-01
4.961252918881131624e-01
9.343799252224438412e-01
7.592260294559013412e-01
4.835883380126815845e-01
8.575362297499161679e-01
6.741574419308721255e-01
7.334193036288840783e-01
8.234403354957279264e-01
9.872116996692201774e-01
8.018805270120382689e-01
5.502340543979959047e-04
2.603913881766957775e-02
8.429487467041604232e-01
9.978103536338998047e-01
9.639331372293097181e-05
7.955723494311077726e-01
8.034819939858806048e-01
5.088041068357387342e-01
1.447298257759774807e-04
9.986470119452904859e-01
7.449259585955059215e-01
1.188804129798789593e-04
8.246139602679894204e-05
4.812435534247241353e-01
7.666593451473165954e-01
5.219750192555556723e-01
6.544562444837823678e-01
9.979330806619842731e-01
8.210050348993900293e-01
7.650425957630583307e-01
7.632663092273861416e-01
9.324281511770281250e-02
7.445805848283036932e-01
8.026773068416070966e-01
4.488859470154961395e-02
9.981392096695136384e-01
6.334216291293195411e-01
3.324351896578543464e-01
7.310587391138995139e-01
8.325202226491991153e-01
9.832548595476400255e-01
9.672469481474824660e-01
5.452522246087386781e-01
8.577268708899640215e-01
2.981663603613471988e-04
7.631203877515631007e-01
7.126057673216518173e-01
2.072233551982098252e-04
9.218732934848136717e-02
8.060595884442967041e-01
8.416986739887140079e-01
7.812872031947852847e-01
8.500836273328519210e-01
4.933580001123092917e-01
8.170187713879469849e-01
2.347826542767375568e-01
8.553584487735466091e-01
2.888406224769573551e-04
7.775781580348199995e-01
7.502680475630807422e-01
7.455707168225490511e-01
6.920084436577601528e-01
8.231099406806217100e-01
1.706355634651793361e-04
4.617585092886424269e-01
1.126458550174911375e-04
7.375122188797647027e-01
7.308824565980857058e-01
8.655113059714296675e-01
3.584218790326500984e-04
8.402042766095267901e-01
7.795645685573978634e-01
8.555241417774860357e-01
7.599076267043121113e-01
2.684994493034176255e-01
7.443995879275061567e-01
7.401546273673811349e-01
8.214351722763894026e-01
7.483137837760092115e-01
7.239801442833686540e-01
1.402201691095530250e-02
8.363073294381448974e-01
7.886343457011926183e-01
2.699214545525989092e-04
7.452716108266104200e-01
7.172372978636410989e-01
4.121352111970498630e-04
2.508199790690736619e-01
7.794421585433078947e-01
8.191348937214781856e-01
7.920581681482213865e-01
3.109333823349231252e-01
1.102583482905396928e-04
8.298876010254843116e-01
9.976716339569382530e-01
7.210689839257871103e-01
9.982436392151866622e-01
7.339586632561606594e-01
7.821525531555568733e-01
8.638102653481426131e-05
4.899110948100900975e-01
8.542360997614096840e-01
4.990032966799004543e-01
8.494141077260489725e-01
5.292681833572094874e-01
7.481332186285396535e-01
7.032078180008711765e-01
7.823024725143806757e-01
9.806813051026402883e-01
7.606068387193017921e-01
9.989509381205669003e-01
7.311917156029446030e-01
7.025221603830872352e-01
9.475164636907139615e-01
8.284111709848871463e-01
7.470481074070822736e-01
7.963395672108302126e-01
6.854819610241865702e-01
6.238574287740512592e-01
1.840285884064178090e-01
7.407355745230623789e-01
1.073995858591690860e-04
8.502735359327464604e-01
9.979979946254264878e-01
7.813381997941548640e-01
7.380029630851875355e-01
6.647670518009939356e-01
7.833866815165498876e-01
7.262974982838651394e-01
9.973243744378664788e-01
5.548566739468326903e-01
7.401106986693983814e-01
1.514660023257826359e-04
1.313752012009808791e-04
7.050876007250207467e-01
1.366657737373297710e-01
7.881022068881660125e-01
7.299337776242001974e-01
6.782844550637752157e-01
5.593832485041767572e-05
7.368078617465353419e-01
7.814596114319688480e-01
7.432041789488088579e-01
7.873493965594998700e-01
8.327477541897776447e-01
6.489701805463885531e-01
9.972063297742356225e-01
1.383797246649807978e-04
8.031648053674507182e-01
9.463229900293670394e-01
9.970435895135858484e-01
7.966938234705531752e-01
7.837194050790995403e-01
1.126990344628420713e-04
9.984882819950198218e-01
1.694969944055594333e-04
4.746848549028410691e-01
2.010061616512545668e-01
8.276553911524174524e-05
9.993166377804681977e-01
3.612774356539153039e-04
8.973155190833088657e-01
8.650673219370051475e-05
8.499482786391557854e-01
9.966735554874772696e-01
3.350658336812129901e-04
8.263171099938041442e-01
4.660365081070241833e-01
5.353397469747388504e-01
7.967674999308529645e-05
2.157015661555258812e-01
7.926511767191595226e-01
7.853389692991005200e-01
7.902975020473990142e-01
2.061398782293516474e-01
7.092786399433771427e-01
8.629661606336904898e-05
7.999451868108948815e-01
8.929380613559745761e-05
7.904253580238974619e-01
4.163160902793899276e-01
7.913056942826783846e-01
2.438140789717843735e-04
8.507683683252522666e-01
6.946144956930114321e-05
2.290285315568946548e-04
4.658547019544799217e-01
9.371010662600831121e-05
3.029905502378727866e-04
7.138175613156366728e-01
1.886628384382918466e-01
1.473692022762932707e-01
8.238371713760799242e-01
7.980033869859093105e-05
7.315012290209112189e-05
1.278334114866129523e-04
1.238302168710212077e-04
9.579329738345318567e-05
9.960385561394518028e-01
8.432284811116960155e-01
9.521137149596498039e-01
9.982283014038163538e-01
8.137740513742548476e-01
7.426496301226009900e-01
8.219892331721943002e-01
4.416655691480046997e-01
1.346940499951394532e-01
9.963584182546242340e-01
4.278841866192815702e-01
8.297596529300340640e-01
4.514548158712106685e-01
4.292631546613538598e-04
8.422669003940321808e-01
8.492144878301285393e-01
8.001080030817890876e-01
8.014809363759597405e-01
7.080347946387959279e-01
7.716647973824033004e-05
7.969930876458197755e-01
9.943731422537784859e-01
6.411694938808512045e-01
7.650701469437819480e-01
1.150625447218646680e-01
3.905887901715553862e-02
7.983050170897322273e-01
7.023038211865187831e-04
5.668507969162102903e-05
7.121811189108786112e-05
7.605991694994407282e-05
1.855353971996777894e-04
7.918260364661012796e-01
7.078391837841951212e-05
8.026651319268675033e-01
7.784862062752309075e-01
7.087158468109278076e-01
8.198411988905561776e-01
1.553813108311665326e-04
8.215282379745617591e-01
6.220700653749197911e-05
1.405697171165463770e-04
7.046300390093615312e-05
3.479790761788186210e-04
9.961071298721452250e-01
7.417665221997266696e-05
7.383005370237299579e-05
1.190542759119198870e-04
7.806994844252170829e-01
4.814202809198319111e-01
2.946727341487084817e-02
8.165872118803002566e-01
1.358910483210267750e-01
1.824736864702262572e-04
9.361751568581144431e-05
7.816509971984240135e-01
1.492570523350680856e-01
8.169496411706034245e-01
7.781616160872694495e-05
1.331282402450060891e-04
7.797198276682352214e-01
8.089051668860455235e-01
6.793293275886203020e-01
4.323661306346491817e-01
7.953784726896716561e-01
1.683127254759946567e-01
8.072750374081367752e-01
8.154916672179403081e-01
8.111068607404600499e-05
7.927881459139227704e-01
4.139183559205451002e-01
7.817014968501400096e-01
9.851465953693876454e-01
9.952588528429378023e-01
3.440970861837188699e-01
7.026997773203113029e-01
6.934429097583040269e-01
7.786796601185830280e-01
8.163765063811865286e-01
7.804241165947584102e-01
3.352767247105494647e-02
8.142777840687296376e-01
9.966210509949589014e-01
8.413647782160565546e-05
4.738045264314209581e-01
7.914017917845314054e-01
3.944043995098913151e-04
6.410692114606372197e-05
7.934697111151589599e-01
1.158032186012123016e-01
6.899530359562136594e-05
8.289280684886900508e-01
6.834088427352278394e-01
3.463950995632990026e-01
7.796267498022846354e-01
4.284065331715446456e-01
7.801111321781580843e-01
3.703952136607744916e-01
7.918518261039017014e-01
7.803360789509237172e-01
7.407507348939431635e-01
1.658496892783906888e-04
7.081384324406899688e-01
5.804531468710044878e-04
1.080086612509510626e-04
9.947437967333834230e-01
1.259905501102560332e-01
8.336930239632608375e-01
2.042896821691227160e-02
7.798177953592454470e-01
8.493078049933941998e-01
7.406452909382822414e-01
7.810054091701855716e-01
3.021191972672784831e-01
7.788699901489782862e-01
7.913326389717468823e-01
5.537695651390012186e-01
7.988220653656556980e-01
8.168993045992152351e-05
7.077130779567918362e-01
5.339361364017785050e-01
7.855211658583983736e-01
8.309793230394643127e-01
9.221449249757577031e-05
7.811200095848290781e-01
7.857623734159133733e-01
7.205009771647562233e-02
8.053240220014343809e-01
9.864910703142736326e-01
7.293898397875575590e-02
8.484043134294665389e-01
7.823510868587567613e-01
6.541725875175322114e-02
9.966151786968073800e-01
1.242133959797904052e-04
8.353319670864252366e-02
7.958714105814854200e-05
5.798893463898807177e-05
4.572469757524401657e-01
1.574815907935335664e-04
8.515529535054585653e-01
8.652793060002109682e-01
7.780830134073711823e-01
6.613959032865789345e-01
8.389211685164475740e-02
9.949820330839111993e-01
8.126240332685478185e-01
7.810774458321672054e-01
8.273011631561768553e-01
8.454232301525255178e-02
8.124377930391535330e-01
9.978210699780911686e-01
8.357231529523508895e-01
7.070374714003749839e-01
9.966576946679732707e-01
9.981129410598716944e-01
6.193012758835108320e-05
7.975294162649674279e-01
4.954185885699893821e-01
8.592933976663585591e-03
1.359715839655501271e-04
4.359558590558084701e-01
7.953727032602528890e-01
7.843703645416980619e-01
6.948124408928421647e-02
7.820317413993094213e-01
7.061107083250320882e-01
9.836726987346717799e-01
7.813210406915213069e-01
1.625073679913432837e-04
1.255017483904594165e-04
3.838526025420828103e-01
5.486240445704948510e-01
9.961475672529618297e-01
7.990943218753098209e-01
8.489047005825752779e-01
5.220238613472106826e-01
4.839616654982389909e-01
5.747925876437074422e-01
6.676881226745763566e-05
7.602721857826552077e-01
7.831366273748977536e-01
7.019521853280102799e-05
5.160080922975988083e-01
9.979078846923993273e-01
9.378144655134961205e-01
5.603969115068898433e-05
1.591018293146105600e-01
1.587619633295383928e-04
7.789741235339190384e-01
7.845574977353585444e-01
7.816780680287522820e-01
5.649026038380904708e-05
4.433589420427457295e-01
7.989823779781920488e-01
7.834276191746293305e-01
7.828444455116676526e-01
7.433088384752355919e-05
9.955401963656667075e-01
7.837925458160557302e-01
5.285613080685612752e-01
8.245214791281496060e-05
8.189689928932346596e-01
8.158243738477421114e-05
7.831609914435745390e-01
7.104160766271922856e-05
7.200879062048404222e-01
8.134826582071505996e-01
7.821596371768867462e-01
7.465064714810565056e-05
1.346905392556319015e-04
9.702232043607601497e-01
9.852734767196103178e-05
8.383600823692216597e-01
4.718062148259069164e-04
4.761496092982922534e-01
5.220293923091997579e-01
9.876956798668796722e-01
5.383546811699957413e-01
7.769375608247061518e-05
9.653601631020349016e-02
6.161900981321716264e-01
9.782390761997654671e-01
2.772424779817317733e-02
4.676897347750485490e-01
7.247597061471278135e-01
1.391063286240482272e-04
7.698117525569228015e-01
1.441251682260593779e-04
8.213858789738011090e-01
7.834724066845925039e-01
7.805354355302047686e-01
7.860395279501841692e-01
9.962379495086448600e-01
7.353876952247749843e-01
3.200243085472734218e-04
7.756032851902126802e-05
9.981786168842612383e-01
6.200036132779513374e-05
9.933068841922136905e-01
9.976519266000074548e-01
5.729547742465757043e-02
7.813941559123808167e-01
6.441314762606721311e-01
8.397232703564668777e-01
2.388882939976852535e-04
8.190853144367724603e-01
4.539114053243324047e-04
7.824631726193533865e-01
7.795743884894166253e-01
6.618679838996139469e-05
5.960934288287126384e-05
7.848861171856452712e-01
3.138126508519079733e-02
8.319310844888818668e-01
4.400217413392176202e-01
2.595610221022499387e-04
8.107625489582693801e-01
7.321990751685309995e-01
9.951251620927825670e-01
7.717983500265001018e-01
7.637504822580079011e-01
8.639871042038375082e-01
7.486502023500659631e-01
4.754666889023501791e-03
1.386519766989332625e-04
9.246024507821936180e-05
7.406478634887062595e-01
7.824833083856728155e-01
8.182143537584035675e-01
7.815474210975075220e-01
1.882730596074842094e-04
5.096645363392633410e-01
7.756321298078513449e-01
3.038879451292279994e-03
7.700748575653741934e-01
7.740801590400575583e-01
8.020177761684409434e-01
7.807992547577173870e-01
5.640664905714899821e-05
5.778526933806884603e-05
7.815596059674845275e-01
8.194941173561980374e-01
7.621536265735057158e-01
4.488182801600206959e-04
1.761403975601874006e-01
6.777678089250955829e-01
4.075696197815247279e-01
7.434305408585235586e-01
2.997472409350947394e-04
9.977945749317924662e-01
4.028292828080838328e-01
8.525086580523874025e-01
5.617603703485665945e-05
8.183652334900599623e-01
7.641612817796960000e-01
4.115593136613651670e-02
7.774772322278684644e-01
7.834696633807457511e-01
7.862636726654588237e-01
1.522760677822764994e-04
8.285771070997336452e-01
7.755092066139597229e-01
8.006084363946432969e-01
3.949888044580945334e-01
3.709130500470949054e-01
8.127835580244913887e-05
2.617231795032843623e-04
1.889091843286948846e-01
1.233800857605387813e-04
8.231183009342568592e-04
5.229658828585446173e-01
9.973200131108316269e-01
6.087572568312614170e-05
9.941176338475403718e-01
6.912283992472685323e-01
5.692040653827987781e-05
6.187638810675736289e-01
5.844762492403237086e-01
4.468092074387467871e-04
2.270457888635689153e-04
6.319111546302866866e-01
8.415499345695409694e-01
5.759512272084501492e-05
6.950512582635356429e-01
1.201413980609376738e-04
8.160929039158411058e-01
6.277386918599928700e-01
8.112475352499742831e-01
7.522916933044841992e-01
1.249590418313506739e-04
7.834855778862049869e-01
7.988024495854965101e-01
7.816199861807727745e-01
7.251967996991160912e-05
9.965733563739130885e-01
9.994282133260923295e-01
9.959380148158798463e-01
2.022446738360003139e-04
1.070931978875949139e-04
9.977287225781298341e-01
5.471156537182047131e-04
1.234871328472391012e-04
6.368833183459846614e-01
7.854428128800449160e-01
7.854250290338155027e-01
4.691522331976032412e-01
7.607080784538723384e-01
8.323003550360285052e-01
9.961170613493073311e-01
8.499233314111637183e-01
2.672639117027553191e-02
9.978885595281057341e-01
8.433236970420452394e-01
4.438204098693236954e-01
6.843916705086120801e-05
7.682770664944366112e-01
8.043088600033535540e-01
7.134200674297904721e-01
6.442090698289638651e-01
7.868865106201909931e-01
8.525918403052508143e-01
7.874114422327368468e-01
1.594398969958613391e-04
8.057142693256408306e-01
8.380369261298572514e-01
7.988660026849035978e-01
1.522625588706793761e-04
8.437695808283011134e-01
1.961617055789380303e-04
7.004122842596567367e-01
9.740515504810987046e-01
7.162981485594002197e-05
8.554405254549415361e-01
7.809124457967139277e-01
8.038184162952370926e-01
7.866801287308179402e-01
6.759642369351369915e-05
2.019394323543688516e-04
4.655292204369273460e-04
8.313071193353021027e-01
1.080297858720274522e-04
8.500610917691951804e-05
2.789772075904582427e-01
5.716409829111405495e-05
5.796547523571348587e-02
8.303584625093376938e-05
8.191784347300721247e-01
8.313127146511523069e-01
8.371732118387688049e-01
2.187633332730233027e-01
8.333672464563669502e-01
9.876721832513304378e-01
2.285157910367823723e-04
7.872842457753398415e-01
7.019913583156043302e-01
8.357672861815798049e-01
6.402927751439946302e-01
9.971202273516773795e-01
8.438937584195055353e-01
4.594698536330913525e-04
7.778949546971730689e-01
1.377195825362297987e-04
1.014764041790053707e-04
6.727815039461775481e-05
8.117986594548931567e-01
1.135998154410966261e-04
8.316499902108840381e-01
7.383374389723400544e-01
8.112036950015167891e-01
8.660320087887273736e-05
7.805977275103216373e-01
2.751249674363068221e-01
8.290539514427063272e-01
8.313852948785307451e-01
2.255767735561047260e-01
8.293038085590114239e-01
8.360228382469550024e-01
2.636344229705364747e-04
2.350299302753622928e-04
7.847428065267607611e-01
8.474881963897300530e-01
9.237103012719530826e-01
1.201915724096502255e-04
8.009563158411535655e-01
7.877940779469640997e-01
3.266608712322888880e-04
8.408790134394305005e-01
1.636305224827371734e-04
9.993754060806234740e-01
2.013939136430507697e-04
8.160323888883596055e-01
7.428983515225702217e-01
1.540223709749073656e-04
9.992924436245371744e-01
8.405908775032903124e-01
1.963123883411934040e-04
8.070588552536706040e-01
1.788562342802546708e-04
7.331685904599444183e-05
8.471879878408231979e-05
3.557978509045565674e-01
7.363816801464829753e-01
6.855715266802125951e-01
3.672178237323926453e-01
7.874112655698054519e-01
9.927023786160413810e-01
8.036473291612631319e-05
1.256891051681763413e-04
8.303945282451286047e-01
1.341838602548278074e-04
8.304503789172349437e-01
1.700333861120528289e-04
2.480124752784982354e-04
8.061240535179911015e-01
8.152878269940792011e-01
2.172249924891144586e-04
8.201496124412087640e-01
2.921272104320349894e-01
8.586478101791451545e-01
1.811953677164394806e-04
8.173975322792429443e-01
2.071881459272461126e-04
2.792965030902282261e-04
8.121227785525696463e-01
7.888597788182630799e-01
7.639834582584317246e-01
8.975337633756544646e-05
9.920535127658858254e-01
8.199237460297200686e-01
8.491425117363164965e-01
2.035963715531759557e-04
1.240033664245514672e-01
9.122431234347372353e-01
6.510813559652227633e-01
8.480156849720802414e-01
8.336180025525253834e-01
7.494041714028613693e-05
9.974610044244919260e-01
6.346289212818955194e-01
8.297025766791394918e-01
8.310518691318740103e-01
1.260173449331576895e-04
8.153791922220603450e-01
2.707088953318730340e-01
8.421754162547584466e-01
6.715239774086193057e-05
8.736982472295112866e-05
9.975612850797588305e-01
8.257253300806769447e-01
1.083362835235986696e-04
1.759311577437632217e-04
2.405123279178917239e-04
8.328907185617827613e-01
6.662388645741704890e-05
4.574833175748368452e-01
5.258995545834226348e-01
7.582960434082848256e-01
8.557599961549497980e-01
6.630826847714945682e-01
8.371836184516571189e-01
7.832552682344268158e-01
8.159573512406665952e-01
7.878631156929063462e-01
1.242133660624148914e-02
7.864701263577320001e-05
5.051579506798741237e-01
9.097506754669121287e-01
8.274094686146685751e-01
2.272653079537035128e-04
7.152853453454034449e-01
7.975970620481624392e-05
7.626237581535222354e-01
4.945973070328835708e-01
4.793011835612292159e-04
8.369513262000295439e-01
7.879073077001791381e-01
6.969132277006028220e-01
6.760876934743481972e-05
8.294639475384746330e-01
7.199698280212626367e-01
6.369054356312687712e-05
4.580241478963198443e-01
7.183044673173633043e-01
6.720245996197576899e-01
9.970820634523923642e-01
9.959801284826051981e-01
4.721263834047505063e-04
8.549011179245180614e-01
4.107778685479464009e-01
4.358578488798764972e-01
8.057185815971210641e-01
8.569975123252291382e-01
6.377025344434338328e-01
4.221721942785516268e-01
6.220885109931241219e-01
8.485479196231722199e-01
3.242340218522254958e-01
5.699084712547639597e-01
6.668798231799132337e-01
3.543081969359295758e-01
2.721949617333223369e-04
6.226984963620986740e-05
2.144647019798439757e-04
1.046359803314883541e-04
8.328963891121659799e-05
7.882610489616654892e-01
9.994381373904865917e-01
8.286258469026671625e-01
3.639655926960663201e-01
8.290002527987606618e-01
9.994025360071588926e-01
9.975457743717223158e-01
8.301375298885367293e-01
9.954020591110741556e-01
6.774581637770694118e-05
2.125441178804990672e-01
6.360749280106969827e-01
1.124243416901146847e-01
7.335754873400607279e-01
6.938499101662608714e-05
7.959852814004431121e-01
7.890484202208316589e-01
6.379363549386495025e-02
6.514711769251913323e-05
8.475175786498960750e-01
2.589847342153386725e-04
5.169543433508464458e-01
4.870981872627142776e-04
7.843237769379129227e-05
6.697299187424388003e-05
8.252692694063136214e-01
5.573613414241590513e-01
4.350644719759607648e-01
1.904260251254469662e-04
7.853249150022301173e-01
7.007155859081978561e-05
6.874720727039782542e-01
2.286038428362571328e-04
6.560760398157380324e-01
6.104849705931398862e-01
4.955637944523636753e-04
5.617293808761364415e-01
7.315778180087384019e-05
5.047432070373335548e-04
5.402227623399620260e-01
7.615978528970779315e-01
8.209276658881413669e-01
3.905255637845795325e-01
4.360182625607034157e-04
7.294299364671634756e-01
6.451768518308167847e-05
4.477820600356708924e-01
4.288407761440556354e-01
6.273477984370244842e-01
7.866306286789847071e-05
8.127716571469156825e-01
8.266326152025724738e-01
6.643579693304230149e-01
5.672222717837164252e-01
9.804348071964076681e-05
6.677279066552003919e-05
9.992548635630075227e-01
7.657915560028160096e-01
2.166760873095741589e-04
9.980929850099309331e-01
7.657410463411010726e-01
1.545161273317944368e-04
8.333986238727248974e-01
9.970968318167179323e-01
5.886377618767908715e-02
6.906034893924568596e-01
4.994293712229407739e-02
7.590427009757220178e-01
1.979849408139724987e-01
9.982265641784980881e-01
7.938483072413364816e-01
4.369342847597564861e-01
7.681207440993182978e-01
6.784682287725961867e-05
8.116842946341390475e-01
6.889159365488837228e-01
2.343024252148863667e-04
8.118897276281202835e-01
7.907402996932599848e-01
9.965478840449168985e-01
6.901313422403085873e-01
6.618600855828880025e-01
6.948491877012124007e-01
7.008860809912971761e-04
4.618493363999816716e-04
8.304093351522355837e-01
6.883865094651751004e-01
4.892856988449602014e-04
9.239133224773103947e-01
4.985160468018515201e-01
6.698082699305966115e-01
8.126981277242534274e-01
2.431142035351260128e-04
1.242782475004327323e-03
6.224129834451551657e-01
4.565268671841949399e-01
4.837279221376428184e-01
7.297772687926297312e-05
1.550075804238815191e-02
1.277209678766245537e-03
6.562337496796007974e-01
8.893261748748371165e-01
3.431959359771077356e-01
5.146807139749082737e-04
5.494836765502242879e-04
5.094354398233188475e-01
2.600897727720381694e-04
1.542503154791050324e-01
3.184452143403383837e-04
1.222238120375098575e-01
4.342962363633928180e-01
2.881286060195158909e-04
6.572509439405814780e-01
1.763466813186271853e-01
5.046754819847986129e-01
1.359615351250007703e-04
2.584125235873189208e-01
5.745338714956661486e-01
7.360810427151407431e-01
5.106732497471732080e-01
7.908938642355152204e-01
7.899384782842246557e-05
2.435580016788137930e-02
7.114432680852262880e-01
7.023757432660109323e-01
7.634657403652519980e-05
6.271990623999227354e-01
8.059098848300833007e-01
7.582453254734851605e-05
1.176615577163537825e-04
4.453482953846995551e-01
7.471265933169657369e-01
1.193519029211691506e-04
1.315193414937919835e-04
8.416544633720228763e-01
1.771193176486421939e-01
9.321670612505360554e-01
1.180731267424741743e-04
6.833937221552733865e-01
8.131860011413597489e-01
4.023633871375770776e-01
6.959779226828238796e-01
8.478097601207453047e-05
9.991189425924252854e-01
5.370072600839784866e-04
7.034723023381501683e-01
7.296310518153710392e-05
7.712772746444461758e-01
2.776448506395319885e-02
5.951913737036237384e-01
5.013550079294462058e-01
3.760192515961134352e-01
8.452887289426282656e-05
5.426675081020454483e-01
4.475183648191929150e-04
6.509043887747547404e-05
6.407321386040106814e-01
5.368217869210013538e-01
2.345757355985392603e-02
6.595950352177571974e-01
8.417243213072154173e-01
5.644582283600764194e-01
7.787283482293485548e-01
5.055762661270607472e-01
1.744884617241556138e-04
5.701750748372700429e-05
7.924634241904425780e-01
8.490109547825477063e-05
1.635156537801478124e-04
6.416699000030862132e-01
6.449886045164415771e-01
1.219245175704757966e-04
6.551283928926777689e-01
5.246418373434343918e-01
6.668601367789308565e-01
8.203186074629406077e-01
7.479902145479777609e-01
8.394969200087597505e-01
7.869032176141631529e-01
1.207342366236548468e-04
1.853127524087334660e-04
5.764315476907837521e-01
8.441768380383490866e-01
6.636624552053641546e-01
7.061434224843253782e-01
7.406679710094086211e-01
9.962395739831575447e-01
2.450426060760450553e-01
7.475526626867474711e-01
8.950361340535243173e-05
1.291249463062700716e-04
6.995370965539792207e-01
8.389344980932995632e-01
5.808015134311564909e-01
5.841005117251850676e-01
8.398718486680792905e-01
5.523566505126156212e-01
8.410535673150323355e-01
9.944608087972697241e-01
7.919448227203674806e-01
3.432441161058252398e-04
7.489256677627490477e-01
6.659680543799378905e-01
7.740691107510830893e-01
5.523491138390462796e-01
5.876865573901846052e-01
8.292619462586594548e-01
6.416681551366958391e-01
8.591513278509474438e-02
7.063115879250039253e-01
8.368437640918328091e-01
4.122360008269780412e-04
1.473247199929397539e-04
5.926138295205557330e-04
8.404120357097758509e-01
1.244961524859896100e-04
5.880594193578948525e-01
7.892473468553158730e-05
5.550480770082091286e-01
5.628883682466319675e-04
7.066068562576795643e-05
9.989700074580369904e-01
3.513812750836848436e-02
4.570597287715428983e-04
8.048972165625706277e-01
5.791065763127662969e-01
5.606842010046651157e-05
8.925025786457288946e-05
1.804382451085349186e-04
6.843008283977382034e-01
9.288027719593625379e-05
8.407837739443236869e-01
5.337521016169545218e-01
8.400734282733492986e-01
8.365988515697361239e-01
8.050172112570660066e-05
1.451153110204178034e-04
6.771222058998741628e-05
2.159130554015407542e-04
6.089801064146851831e-04
5.864520217370913224e-01
3.587417481760104979e-04
1.767910067852455783e-03
5.407828609883776061e-02
3.442431336461766896e-04
6.447746513670583575e-04
7.596544289090539914e-01
8.541316419077060740e-01
7.539695033653221390e-05
1.800114322522483395e-04
6.375430383742732854e-01
8.546685083609415479e-01
4.955191339560677385e-04
7.443347197976002416e-01
2.183085567693358875e-04
6.115157301922264504e-02
7.929275050988645601e-01
8.304001867124750891e-05
8.305511147530844074e-01
8.406164812975011058e-01
8.437212323089183785e-01
5.834256619902562502e-01
8.310460180275058839e-01
8.385320756961279764e-01
8.918866900381449137e-01
8.197207181130083953e-01
8.016557081302323473e-01
3.413541573499724461e-04
7.839749002863994113e-05
2.332391838578698473e-01
5.867594712034096549e-01
8.045265305278600509e-01
8.203386798668871327e-01
8.743045498042970598e-01
8.517437804609159224e-01
8.672572073595898878e-01
8.228385171584661206e-01
8.188850208272128173e-01
8.293526469753653707e-01
6.621428200638497241e-01
5.869881835646532098e-01
7.941456781084638150e-01
6.362934107175671761e-01
2.355715333996311750e-02
6.313203225258731080e-05
1.886537080904464661e-02
8.361705947784635606e-01
7.318337419807193767e-01
8.340107024192465746e-01
9.957475027035356252e-01
3.023232940391004805e-04
5.851741387995614829e-01
9.528416522355767258e-05
6.726439810490526527e-01
8.369021930104388884e-01
7.139950467319162259e-05
6.612676193018962589e-01
8.350299477177124396e-01
6.416376496010851582e-01
1.307845447338940330e-04
8.511816768964978186e-01
6.687532614394234853e-01
6.641787011274707204e-04
5.596243509279748784e-05
8.719514810398938047e-05
5.612953657621010388e-05
8.783432748451562855e-01
7.470480674719650748e-05
1.629952143841025187e-04
8.229389940516190771e-01
8.292196511931783087e-01
8.219085780536175001e-01
8.263080056410032626e-01
6.845322525215702348e-04
7.517107335008837987e-01
7.643556609939646776e-05
3.611189683935113297e-04
8.227665986863820224e-01
3.102678212725489123e-04
5.967907510568455365e-01
7.982033742569091261e-01
7.748558317664214386e-05
8.477255982163509618e-01
8.539922362844659838e-05
7.937717927476252155e-01
9.949449627481037339e-01
7.504211014892537179e-05
7.749801073011955976e-01
6.523764922727752805e-05
7.614070317947816413e-01
8.298756243346855355e-01
1.915287717420139626e-04
8.419326645061958603e-01
5.596126412011824763e-05
9.987223926521414663e-01
7.054415049130416948e-01
8.242989024972271483e-01
7.905999540550089424e-05
1.734605507238733341e-04
8.276730011738843151e-01
7.737231974664027234e-01
5.747153900998747122e-01
7.998450676715554986e-01
8.335095031949601996e-01
5.274555435666832687e-02
6.929597361074953943e-01
8.568158052972951744e-01
5.360137174035738417e-01
6.425744357062335155e-01
6.494685000766539380e-05
7.934871743532839750e-01
7.453280709222131334e-05
8.104685536633864117e-05
7.494476671415487197e-05
8.736747315329743135e-02
6.993911587691933329e-01
7.983610919598209676e-01
3.836810746890025048e-03
4.824566642372975201e-04
7.265548287040599629e-01
2.137704059992058341e-04
5.856081158868692277e-05
1.602425791263339667e-04
9.017316119871761071e-01
8.317574123364686045e-01
8.283568064949559107e-01
3.300044476720904313e-02
6.458278054438403623e-05
7.218619232820726414e-05
7.129386636362582408e-01
1.444922008881440898e-04
3.811549271252274718e-01
8.005879529386669136e-01
2.827693002083001353e-02
5.637474331521310470e-05
1.547450161406822660e-04
9.093905291699871940e-01
6.256977502092574920e-05
7.924968685617870268e-01
7.819012670543409014e-05
9.223220400882419234e-01
1.163432487128419007e-04
5.824619726904576851e-05
1.395301793776668956e-04
5.761432540828307058e-05
8.432103959741175103e-01
1.171930369879288611e-04
1.736110850617191719e-04
8.005721786188761105e-05
6.329317837815849515e-05
8.012714539516071488e-01
6.684814296082360692e-05
8.549272424000403658e-01
9.935684127202796256e-01
2.173397997587274378e-04
8.260169753817101336e-04
6.278170088458088216e-01
1.124014906020474549e-04
7.463114528950118842e-01
4.164715076397359833e-04
7.602763012981346158e-01
6.582200144683726384e-01
5.937367789005238268e-05
2.613614688303193953e-04
8.289241623177214802e-01
8.756515248692090447e-04
9.909537355071382780e-01
3.039106341666713007e-01
4.481983077073348198e-01
7.637041654056041489e-05
6.347248960325294542e-04
8.871511068233133555e-05
8.069318019047498902e-01
7.896441749234355267e-01
1.142590341567509461e-04
9.952428295931906588e-01
6.952977592035984198e-05
8.222423208597654520e-01
1.533400570759811676e-04
6.385056565442096543e-01
6.586306690318378791e-05
8.423071404859922007e-01
8.318364681509939865e-05
8.516855773284681685e-01
8.046513084935982274e-01
9.535921058162400987e-01
7.482266320319992756e-05
9.467389387333805528e-01
4.324821388042602243e-04
7.796988172695362815e-05
8.503376506207782626e-01
1.149120799111368171e-04
1.264777915926133898e-03
1.306528630019411774e-01
8.511350075815961036e-01
6.454085767981422306e-01
6.408720067082661982e-05
6.365143494564540205e-01
9.372072157704922635e-01
6.321830745776938487e-01
9.640658601867155841e-01
6.487551926570076510e-01
7.905909412804532717e-05
9.691890116055915660e-01
6.515977850011483996e-01
6.642796124775331990e-01
7.616985980968893344e-01
8.306312187972298977e-01
6.578230731461823960e-05
7.064577685390889261e-01
3.664156930846734217e-01
8.321985253694693663e-01
1.299021820791640414e-03
8.161939226768147870e-01
2.588953404805090508e-01
1.138653115863823550e-04
8.436250301578531730e-01
8.115144357140742226e-01
8.302305616019427514e-01
7.088765141754425070e-01
1.770296434558620846e-01
3.772303785118561598e-02
5.682529006047096166e-04
6.619452305328700215e-01
6.484904022143908042e-01
8.176449512112649671e-05
8.430614779225191757e-01
9.680531141471650236e-05
7.117511793700542766e-01
8.431553943702716492e-01
8.501539168639001831e-01
8.002920103203520208e-01
9.849273231250778027e-01
7.583634366849101305e-01
7.842677557959537582e-01
1.159653996233227236e-01
7.607945411810191543e-05
9.247483134912580782e-01
7.826474139319255499e-04
8.433941311663538665e-01
4.936174364969310620e-04
2.107402485470384057e-01
3.254230307163725189e-01
8.424120427597706628e-01
3.325263650764003764e-01
9.108556024128700956e-05
9.051071545117391759e-01
8.311112306028181074e-01
8.328786135669007384e-01
7.098816599659992788e-01
6.825448687965898623e-05
4.242980443591572171e-02
6.788009307610902909e-05
5.492440006301911593e-02
8.292433190061061499e-01
8.153742108131017963e-01
9.674812541153894455e-05
2.802681174060666063e-04
3.540563508198816822e-01
6.231611129965195363e-05
8.419454552262081171e-01
2.299766275956199315e-04
7.107182310440143258e-01
6.792721453489671823e-01
4.864852429316725013e-01
9.654571901554417357e-01
1.676930086883850082e-04
8.293325249367202723e-01
2.705469347970674253e-04
6.608262430652884767e-01
7.264890518603703828e-01
8.769569800546167776e-05
6.483638115145494874e-05
1.655668333484711422e-04
8.125891181552323816e-01
2.045171874019542993e-02
9.644340264764763582e-01
2.121432178668592426e-03
1.433092442961750868e-01
7.075474513620303189e-05
8.540843688754874430e-01
8.371038561836988690e-01
2.042018155738464270e-03
7.338542466769298162e-05
8.256024908238943638e-01
7.367534309330835418e-01
8.735391130387007985e-01
8.283519459517493244e-01
8.283510223743325573e-01
9.917218293996662437e-01
1.852941965105545921e-04
7.093173341487253314e-01
2.043746478460030044e-04
5.473520492889597140e-03
8.344072306355843072e-01
3.526473684568219302e-01
8.674201434693011858e-01
7.317823522445834339e-01
2.191312400361468682e-01
1.464075741815179799e-01
8.307908456751627035e-01
8.630459884296723949e-01
1.824766996064442208e-04
5.289004591178972925e-01
5.178783696469739517e-02
7.646706940726186730e-01
5.658891356059455591e-01
6.589820864666693367e-01
7.227649670370285273e-01
7.982091581034304051e-01
8.195571077065871846e-01
6.378016727472345354e-05
7.467819821270268443e-01
9.429495131616348891e-01
6.844987531742709620e-05
7.511232542536578904e-01
1.259433302429402435e-01
7.425109714406590289e-01
9.458534876286694981e-01
8.397976416426334856e-01
6.560045028499625591e-05
7.582549237139531995e-01
8.151719368606552552e-01
8.276010083130026507e-01
7.305870952484482261e-01
8.857181365784063676e-01
1.875925289769120937e-04
5.876442402224318039e-04
8.390295017329725269e-01
8.657961723462785919e-01
6.379787559942448061e-01
8.339254270767589849e-01
7.522355714571159480e-01
2.172165188812931859e-04
7.603042417706208367e-01
2.291543400337357284e-04
9.396421958935908814e-01
7.237813161245741922e-01
1.815995274006597729e-04
8.257769159154950689e-01
3.417825389161722738e-01
2.378268954024491677e-01
1.123757573402117639e-04
9.518168730211665762e-01
6.982299322454692536e-01
1.602675008607093096e-02
1.551643871758041470e-04
8.275586111362557284e-01
8.314504711173097043e-05
8.415196426686986086e-01
6.920408270343764157e-01
6.530872059081689368e-05
6.861710373300516919e-01
7.299734971062816471e-05
2.375264479095862136e-04
7.254346332512290330e-01
6.038946591309747781e-05
3.580158170720003641e-01
8.146666413393049977e-01
7.081858588037099889e-01
1.581296312985050467e-01
6.777713930452593516e-01
4.432431894191229405e-01
7.633616222726415934e-01
1.198144458663645689e-01
1.235488725022937384e-04
2.815837402279573981e-04
9.589490004948743040e-01
9.784757812084183826e-01
8.379879671340042524e-01
7.154158471912718253e-01
9.398533175523584582e-01
5.068257337750249267e-04
1.567394538072270638e-01
2.185851056112752544e-01
5.644617496503975124e-02
7.890278036806285256e-01
6.630562476418104811e-01
7.673642962902856857e-01
7.568248434337558894e-01
8.394130573317585275e-01
9.632569422410258708e-01
8.006105458356684856e-01
7.562487418340291256e-01
4.519253444551155630e-01
7.064325682653369576e-01
6.804669649163939127e-01
3.177685654466450571e-01
8.385212937210162476e-01
6.373259422665805696e-01
9.517558165958868140e-05
9.515996330199438802e-01
2.310367617283267110e-04
4.349490631915471917e-01
7.815570177246734529e-01
2.458408776699761290e-04
8.059210909010743329e-01
7.135887319366623904e-01
2.249348671935270418e-04
8.440103859736852732e-01
7.503861871331553475e-04
7.890232941350963092e-01
5.367420462308976070e-01
6.863036719989192846e-01
7.067302030265284474e-01
3.024481539817101550e-01
8.120467002301182680e-01
9.766161939453940066e-01
8.463888464540729739e-01
8.278262535988595348e-05
4.721533748795715968e-01
6.109385541710504047e-02
5.014250906721450241e-01
7.854220358048668027e-01
7.555079152524658559e-01
7.686523588951486019e-01
7.178401816725124007e-01
1.193093238502770860e-04
7.772584024949186210e-01
7.881782706683850837e-01
7.057599242236516340e-04
6.426650799526816282e-01
7.193870007804221700e-01
8.279702766308509598e-02
2.537086546003589483e-04
9.551331376518747973e-01
7.444665816052143947e-01
5.730228970237669691e-04
7.998341911253259440e-01
9.666833885204844101e-01
5.223843680276033788e-04
8.342675880599004223e-01
2.473310222979032639e-04
1.882648802267124807e-04
7.867388688236828266e-05
6.564484571510044164e-01
9.841933785248808686e-01
1.893590707181711744e-04
6.904741388275376091e-01
7.615311681998109261e-01
4.652513757048023601e-04
6.992702934940587811e-01
6.540159423816525042e-01
2.948508296207283819e-04
6.806071568776236314e-01
9.727706786055133614e-01
1.605429243817322604e-01
1.017266137919053986e-04
6.337761689449990612e-05
7.660241125438247423e-01
1.481649495758212420e-01
7.800182626276057629e-01
7.280449614386610424e-01
9.291351520894451932e-01
9.573236156081006420e-01
9.074217425292123718e-01
6.585828931412825616e-05
8.605429947543049717e-05
7.028659106439869575e-01
7.771305991530463864e-01
8.006475217773441067e-01
8.114005992250417076e-01
7.650238931622519323e-05
6.563057241672116682e-01
9.158061683384965100e-05
8.201010202705696361e-01
7.796184162141420737e-01
8.238245203810689032e-01
5.406212019720619318e-04
7.838998108858352687e-01
7.037189487577407698e-01
4.483880391522414577e-01
1.293622718510395626e-03
6.219892415443838975e-05
7.588482442163421160e-01
7.314956475815473924e-01
7.044484853620093068e-05
7.943726194213578395e-01
7.893082490791728523e-01
7.366202391259725815e-05
9.223396765750491166e-01
8.333243049383469714e-01
2.734156383725906258e-04
6.776309423473261503e-05
8.872351995735996153e-05
8.238373682096357120e-01
6.606045420789263822e-01
6.622054443654346869e-05
8.067630133751744204e-01
1.546777611199962599e-01
8.005624166951468279e-01
7.103013241940399070e-01
7.825392048370612974e-01
5.663249679734867732e-05
5.792581241051101431e-05
6.136732619067139451e-05
7.482970569790704518e-01
8.858030921082336029e-01
7.388650227915996016e-01
1.837264808638879021e-04
7.459154150331429589e-01
3.108138442588576555e-04
8.729159849917608183e-01
7.533252149217334326e-01
8.116299937051115743e-01
7.949308544514699371e-01
9.014558254618843739e-05
8.094793977555057030e-01
7.592585389603619117e-02
7.897100571530040192e-01
8.142534350601887683e-01
3.199750420433686900e-04
6.322815658963185648e-01
5.736821438195533265e-04
4.796836873806335408e-04
7.869306690897799328e-01
8.734610572248832703e-05
7.210106201628795834e-05
7.191192840325627122e-04
6.659564224641849606e-01
2.152373898800060868e-04
7.835611623723053309e-01
7.109347202001857768e-01
4.257898889884599303e-01
7.364715520855307646e-05
7.879789766473854762e-01
6.301959715044028914e-05
1.318871314015032507e-04
8.279330525357140767e-05
7.550562026829917839e-01
8.676614167382202527e-04
6.605579782716985981e-01
7.898242919940551277e-01
7.843786022579986028e-01
9.642685066158985796e-01
9.963411958129144708e-01
7.842754526296897843e-01
7.924659263389349784e-01
7.859074512125453493e-01
8.452597627420298521e-01
8.043211226985775841e-01
1.047006813612310104e-04
7.603166904675469073e-01
7.508747894771597986e-01
7.570398052464689664e-01
7.918073353682798521e-01
7.835119392008244033e-01
1.156711095645603571e-04
4.342169765200364906e-01
3.229581630789965215e-04
3.410474328833338091e-04
8.250827319983565777e-01
8.243212328844455872e-01
7.848698005635268427e-01
8.131820062713770447e-01
7.224219702725916958e-01
8.457234825044315230e-01
7.457549267765303247e-01
8.042376880196618893e-01
7.756133996311078693e-01
2.790945794507217470e-01
7.651058728797400788e-01
2.741929189585894378e-01
8.540157039083698942e-01
1.422310338508856256e-02
7.634951293530474192e-01
3.256451122181967112e-02
7.991351374282761322e-01
7.803789366601684430e-01
6.657249315012511159e-01
7.765479820515262170e-05
7.855483232198572363e-01
7.138195179285460323e-01
9.348114428561992151e-01
6.061023765910760098e-05
6.559559422959413411e-01
6.666151093891353741e-01
9.595059688284786059e-01
2.314751935287708646e-04
1.667597039486220167e-04
4.377712473645760660e-01
7.558578790418019056e-01
5.970192303023899028e-01
6.737863317223325987e-01
7.697555207698962842e-01
3.809263431262478110e-04
6.512349102559780167e-01
8.282372555918274815e-01
1.029807588991994434e-04
7.930141823369880605e-01
4.405348168256067454e-01
6.144041873813728231e-04
5.999348261509129723e-04
6.460912972478850564e-04
7.917494174150215835e-01
7.952126187241332911e-01
5.797539936402028093e-05
2.866289552208601266e-01
8.446627707672862417e-01
8.391655854930805125e-01
8.511154632920965302e-01
2.833573515386136332e-01
7.534198299112398729e-05
8.403348794847728120e-01
7.694723443049540895e-05
7.870964324862007588e-01
6.633057838491469328e-04
8.378332878913452575e-01
8.365583686223312387e-01
8.335012684994509181e-05
7.933723551676921115e-01
8.405717863734145645e-01
8.318207369795427297e-01
6.553823860505851862e-01
8.816843353725729582e-01
6.263677624671608758e-04
7.789079936652010261e-01
8.374382243667439774e-01
1.454997860548678523e-01
8.212493156702478370e-01
5.772559714232531865e-04
8.349591628959311951e-01
8.385311585935710799e-01
4.425858627206592510e-01
6.531659429269949246e-01
8.381611287553379919e-01
8.379432873610547228e-01
8.389443902537423448e-01
8.021716881299419954e-01
8.325252303187036240e-01
6.810645890446142972e-04
8.285898158831703775e-01
8.360978657065778474e-01
3.508212720971328239e-04
7.862467420162293497e-01
4.441833679294605597e-01
8.214686513517642785e-01
6.568746552069288924e-01
8.535285706982822518e-01
8.125395215643237412e-01
8.461298539312430700e-01
6.618775391718694835e-05
5.987067094886628915e-01
8.349612818611521492e-01
8.370430161900234145e-01
2.044571670618379803e-04
8.352572156855805341e-01
9.344094280551308307e-01
8.218368095489231306e-01
8.724203628458573334e-01
8.556920093450338660e-01
8.364610674851633565e-01
7.003513315658896430e-04
8.494886326861481596e-01
7.669305761218966344e-01
8.498410550622147452e-01
4.280702437395854376e-02
8.845033206797726644e-01
9.178646390967547530e-01
4.333204566485069904e-04
8.071330935224511061e-01
7.998672521455324480e-01
8.423835585380934354e-01
7.938627951919645653e-01
7.828743050581837837e-01
8.402501725569465618e-01
1.511873471319373219e-01
8.842807508787136062e-01
6.647482770770503091e-01
7.704178169077943055e-05
8.086283544850806360e-01
3.355846024789170545e-02
7.937622581733354554e-01
8.436428586147330932e-01
4.767828346765222653e-04
8.895569512816469127e-01
7.873079922298710231e-01
7.631016138673387683e-01
8.464045365969140589e-01
7.817810635337266723e-01
8.717283825286230581e-01
5.151885624895517638e-04
7.102933293536421483e-05
8.327931251282668645e-01
8.239749276950605328e-01
4.432810028627516552e-02
7.425710903701107091e-01
7.773739203419209876e-01
1.682460651669147940e-04
8.800916639499269944e-01
8.284450336118908131e-01
8.243950863708562338e-01
8.249392145231425610e-01
7.582253646355384680e-01
7.676244609900059190e-01
4.134261488981322090e-04
8.450255194963371963e-01
8.314672810891123866e-01
8.256324239971472856e-02
8.809106219513628282e-05
8.321401993407179232e-01
9.480532691815337643e-01
8.307314060216940410e-01
1.100686688136039631e-04
8.768969245437033821e-01
8.189405115861334572e-01
8.410529908313558733e-01
8.441011697250039303e-01
5.468986183982722515e-01
7.292674548254535205e-01
7.919310708401697818e-01
8.944156757972168137e-01
8.431799570185295467e-01
7.126497066663528557e-01
6.743817695689041658e-01
8.448796433213839885e-01
6.473674320819975403e-01
8.983784858208514468e-01
7.019084032817028973e-01
8.270513583040087768e-01
5.477879546780184405e-01
8.237218456243670106e-01
7.998214025640937308e-01
8.459585018977244797e-01
9.584009870772817186e-01
5.995802256627342152e-04
1.646457384774059553e-04
6.029381408482979987e-01
5.312488594738734582e-02
3.892076161938219083e-04
9.198716775748312369e-01
9.156718717959047016e-01
9.037795219939135372e-01
8.357728189740827318e-01
7.852739640402652821e-01
1.691957178954990376e-04
8.856047022500673771e-01
5.885364992415434982e-01
8.401532256694618228e-01
9.493295551584827185e-01
6.063159784007463374e-03
9.205800469078155857e-01
8.005253184304479408e-01
8.323616007422637297e-01
8.216973019336676343e-01
1.098324565587985996e-01
9.333669935843708076e-01
9.340342849063991545e-05
1.107523170862948075e-01
8.062841606084076851e-01
1.680099753294282748e-04
9.602565352796640363e-01
9.609913383254344854e-01
8.758046783681981973e-01
7.430886230819571114e-01
7.551011201401075512e-01
8.089046243910033018e-01
4.926280621226870049e-01
1.323723528544760719e-01
2.926885152035775409e-04
1.408421748165922369e-04
5.272047748751168550e-01
9.712722649902587602e-01
6.358134310975736196e-05
9.491431228866054060e-01
7.769422242263728240e-01
6.524756878168351815e-01
1.388656387207210796e-01
9.657207903723233899e-01
6.249051393206132951e-05
9.438750359795915479e-01
9.221419945162666609e-01
9.675434641296383198e-01
7.596491798745139690e-01
9.616960494266271198e-01
9.524462847615461358e-01
9.950207930551450142e-01
6.009671205163624741e-01
9.632086073636936252e-01
6.683280199467867000e-01
6.355298248982156617e-02
8.115738315863040286e-01
6.696496621763585733e-01
6.924682499616230391e-01
6.699852525296806638e-01
1.726534995511658840e-04
1.724243149597930701e-04
9.670599123461418589e-01
7.189764790764426872e-01
7.420456389560231569e-01
6.701240424696349729e-01
7.158892270747219122e-01
9.347545706771206442e-01
6.156698418696249057e-05
6.707804243264469113e-01
7.345160710961934347e-01
4.453243252557694551e-04
9.661147093969963962e-01
6.473367361118314012e-01
6.706539056006706190e-01
6.713049746717054678e-01
9.834871550039796517e-01
5.967738429040713166e-01
1.713293049308110556e-04
9.811388615176837025e-01
1.723269869475010636e-04
6.641563081307964023e-01
9.261208510335121602e-01
7.504272991756666400e-01
9.952786984446834184e-01
9.733250191313473909e-01
8.301832841538366869e-01
7.339295324555340505e-01
9.662232259662560940e-01
9.533744607936519566e-01
6.453760679106911313e-01
9.923255352885772002e-05
2.405787479420510300e-01
8.108144795222105294e-01
8.708848007358919174e-01
5.961065513910314406e-05
7.486212007253929546e-01
9.917968247285099403e-01
6.564081202504251644e-01
7.361340325897998138e-01
5.766797645953098961e-01
5.579540254578768677e-01
8.519765569876597278e-01
9.911871882418999968e-01
6.813989050157142069e-01
1.669539731643854329e-04
7.223880634579568083e-01
9.441735973546241389e-01
9.498912282211644520e-01
9.317855621582146197e-01
7.167156815697699468e-01
6.682220426564624560e-01
9.463177771184589915e-01
7.180709890612175794e-01
6.726306111721656045e-01
7.391030684630659486e-01
8.367034323007699337e-01
7.305171219993104037e-01
8.199924142633739921e-01
6.719205983390529324e-01
7.404214779802084090e-01
9.136011660023385383e-01
6.553812501359773668e-01
7.452024775219517894e-01
4.049625126179423051e-01
6.645492157492079999e-01
7.058027501125858638e-01
7.631314137454174862e-01
7.384657385104235194e-01
8.362887362741536768e-01
8.108419776258849465e-01
7.200526838595269208e-01
9.629659212962635717e-01
9.671478462118960895e-01
6.988181065962172367e-01
5.774767560084539036e-05
6.653821844865112078e-01
8.604769826024379897e-01
6.947153423123216820e-01
9.258810396453813485e-02
7.580941726752008503e-01
7.500426266546890153e-01
3.387796814966771686e-04
2.903948352842399125e-04
2.518864000525041780e-01
7.625189433467283173e-01
7.646812598984229492e-01
6.724836256856514538e-01
6.021226129274491983e-05
4.134681731858136922e-01
9.189445100174487013e-01
7.346501230048947395e-01
7.680490312352080684e-01
6.552242898535415305e-01
1.389700286662471436e-04
7.617721741606419128e-01
6.539513912626245817e-01
7.646968770123723225e-01
7.531226359613082399e-01
9.534695534782909876e-01
1.023456572519793598e-04
7.457815365472844071e-01
8.610068659578388184e-01
6.642373477043370328e-05
7.444028176609084335e-01
6.758488312679509016e-05
7.930856559842227118e-05
6.539233485880009873e-05
7.438302552613120788e-01
7.130494721239543088e-01
3.103925458440951759e-04
8.587781198498088524e-05
8.583322885974066230e-01
6.090850757830747620e-05
7.632979557050488806e-01
7.585525718939614137e-01
7.507586657184648349e-01
5.791548948040398017e-05
7.686296183446000851e-01
6.548200132508996685e-01
7.966521005659867039e-02
6.711449478883758646e-01
9.601933639998029291e-01
7.000430570507069072e-01
2.107792438350375246e-04
9.572514050164294931e-05
7.672814802729921403e-05
4.738951958094424904e-02
1.208435901031314208e-01
2.052684780465193761e-04
6.543027767156174290e-01
8.307170307865611753e-05
7.545613128074780684e-01
1.769147413996149942e-01
7.516050891581658178e-01
7.603987420513818041e-01
4.073533674444377306e-01
9.223927306799065953e-05
2.035710217907299724e-01
3.321678510445711940e-01
7.848752613537815352e-05
1.109605730168508283e-04
6.795436094478296551e-01
1.100608139618059291e-04
7.619585453658805907e-01
5.283265112800400454e-01
1.081679336847369546e-03
7.766181476704981934e-01
3.788459456341235904e-02
4.306062459507267737e-01
3.238179464736002378e-01
6.535616467660704254e-01
6.525952987154552964e-01
7.660475553969398055e-01
7.686246721824979700e-01
9.604479060062224294e-01
9.780435316656458378e-01
7.765018186736285521e-01
7.619000309672533389e-01
4.889203676112769403e-01
7.774494553513161543e-01
6.371267174426219482e-01
8.550018565068215892e-01
7.660427924664934274e-01
7.366111500729269901e-01
4.412424070678456767e-01
7.698525793181316690e-01
7.773313844402693906e-01
7.014562865687122839e-01
7.843697491568504265e-01
3.821466024579490712e-04
8.330470605815429915e-05
7.805085605191741660e-01
1.089519779976927258e-04
8.509791466635193702e-01
7.847813789173408994e-01
7.599755068344069553e-01
9.579415076288314568e-01
8.633816817696732260e-01
7.404545898760211660e-04
7.780884202861499954e-01
8.474453648891562274e-01
7.845952569946859079e-01
7.299836545389108977e-01
6.375762874523522861e-01
7.841906624998138398e-01
7.709075018048996419e-01
7.673590998276396125e-01
3.739712106886552848e-04
8.467324641102117466e-01
6.482385948282893828e-01
7.851260884528682427e-01
9.591457130459255520e-01
6.499439868551526445e-01
7.613926033803516003e-04
7.277570294910273418e-04
4.186991607737671761e-01
6.440242761563569340e-01
2.920129224257761382e-04
7.852507645823194604e-01
6.800371676656790099e-01
7.109134308354124743e-01
9.755787462311067415e-01
7.673952876252825295e-01
9.075808814815881920e-02
2.029000675852067170e-04
8.134391579670086081e-01
8.016188391689038628e-01
7.845294660874443382e-01
8.656342668876813029e-01
5.124561405342168419e-01
6.440548546431409394e-01
9.680111495483516570e-01
1.781316584954435224e-04
8.568985348931374979e-01
7.157926652033207437e-01
9.533260181789074972e-01
6.462771912682683251e-01
2.692647891092165291e-01
6.699563149318852329e-01
8.445368651105791269e-01
7.071644531716930748e-01
5.843186758149285671e-05
7.710787254054911610e-01
8.525801479456549536e-01
5.568261346654621155e-04
6.793165407627450580e-01
2.209808396117055073e-04
6.213733920223820650e-01
7.732729284772498213e-01
4.834457196451722198e-04
3.726305457425055367e-04
7.848742782207661639e-01
6.415750399869746268e-01
1.144463957253474373e-04
9.709513236220578269e-01
2.273052572612740713e-04
6.323943557609907895e-01
7.074828510355126721e-01
1.341193166781768265e-04
8.462257194606314092e-01
2.289188600166823192e-04
7.859791069923789397e-01
7.753415626574503561e-01
9.076425375939027873e-01
6.360547516856580597e-01
1.244546035385744485e-03
7.754182117307545363e-01
6.983503676408200356e-01
2.273424920526610771e-02
1.873371375709089459e-01
9.209361711554729935e-01
8.260429747393615019e-01
7.763083580994400990e-01
6.951886880163289373e-01
7.762307467102415037e-01
4.051467568531680287e-04
6.819546813858657908e-01
6.884215314629089644e-01
1.908671725563634586e-04
6.774406589888793961e-01
7.792067077519813090e-01
7.489007874929320963e-01
8.264453144743333368e-01
6.029734262855622751e-01
9.182907420986455849e-01
9.103591490862774638e-01
9.703495230338844485e-04
6.338243732724113677e-01
4.919912013264119213e-04
8.405753478070511209e-01
7.815481645397726052e-01
6.842808016362280643e-01
9.387331901532374179e-01
7.822931892405471377e-01
7.788025004600882539e-01
7.831940148426025372e-01
1.928930984250076114e-02
1.531634107889137870e-04
4.796167895084322468e-04
9.259496167615894890e-01
7.841406807356023911e-01
8.885049785353382745e-01
4.864197685703708449e-04
7.086708540941495382e-01
6.804439581760894917e-01
1.894793486568860652e-01
7.827422894858865332e-01
7.760695445869164599e-01
9.008574603366368283e-01
8.013642754104450816e-01
7.832721861232959659e-01
9.247122006774163294e-01
7.834070418539070824e-01
9.495222562831135971e-01
7.838680694724501352e-01
5.320548967614756363e-04
4.490034352413049823e-01
7.744736185586384991e-01
6.691332858275267359e-01
7.837254528468143855e-01
7.273717308564475736e-01
4.580522353813492042e-01
8.787109297293422827e-01
6.767244057859549411e-01
7.956935047008609208e-02
9.583032675964547366e-05
1.215331697055182548e-02
2.023337881371289535e-04
7.930627859573501359e-01
9.208697130746814371e-05
2.309433353813392380e-04
1.877016075028205072e-04
6.635324423382655823e-01
5.675144293453463495e-01
7.839663607064181194e-01
6.679628632374147168e-01
4.548150893821543139e-01
7.834488470268595739e-01
8.433195000911982708e-01
6.294812813305283037e-04
8.493217748641914962e-05
8.750854412866898580e-01
7.619925786457250230e-05
8.129464470366656252e-05
6.604911787681209123e-01
6.631917347809450597e-05
6.573592297727001155e-01
7.839149459695505806e-01
8.644817517805664098e-01
5.192096493468961000e-04
4.301833069787672215e-01
8.682821925563755094e-01
8.653174983943945440e-04
4.718918890277123404e-04
4.430106647358080939e-04
9.569030949971177868e-01
7.958716409553538663e-05
7.855183745698653963e-01
6.603161714352843159e-01
5.498919997088862477e-01
7.340703898821194790e-05
4.581773657922723619e-01
8.579775946399841313e-01
7.851917980415367149e-01
6.618727725662476580e-01
5.890308731420304284e-05
7.656562091639241121e-04
4.979574744009984677e-01
7.450216739271492417e-01
7.865914607918623735e-01
1.860738504555679573e-01
8.013908817168399201e-01
4.541654329529860976e-04
1.125773053127368333e-04
5.443185023087701024e-01
7.930788074261727605e-01
1.964829549242523500e-04
7.868752902556661599e-01
7.873347115003473951e-01
7.881062606624333888e-01
9.597964710289659251e-01
8.470477415401069798e-01
8.681856478644928155e-01
6.784949262131837466e-01
7.879771707097052991e-01
8.454049351188239747e-01
7.875382425333030678e-01
8.454344296099104428e-01
8.447727435399171592e-01
1.320745870630830598e-01
1.623083179349828487e-01
5.764128037077366170e-05
1.769701652793043188e-03
7.885399663223129352e-01
5.985860279258068404e-05
7.538356046339989014e-01
6.644687450123862860e-01
8.735566934041725240e-01
6.802102891142267627e-01
8.471718971183563873e-01
4.636029541101648888e-01
5.813813898221822203e-05
2.612135677542886183e-04
5.823129819472226345e-05
6.683383512012501804e-01
5.847720466728212113e-05
1.939689727721358170e-01
3.847435149699720463e-04
8.706265244845906581e-01
6.455458133444154090e-01
6.608645013597995721e-01
4.097123221828135042e-01
4.907560911708029328e-01
5.108826658796133957e-01
6.024318080758624960e-01
7.910263354076993991e-01
7.936724905533176777e-01
7.411706674320303057e-01
3.105999466230464413e-04
7.481850944756347488e-01
4.666466373729321049e-01
8.021893814543328283e-01
6.010377068259721289e-01
8.648001557833631114e-01
5.336835617795120390e-01
3.812178699868772362e-04
4.865950900549820116e-04
6.229223693573642251e-01
2.032781362736904801e-04
7.916983368180209313e-01
8.669755632796867229e-01
2.267363194235665416e-04
7.499388886839799540e-01
3.472999831158044459e-04
9.720870817377015305e-01
7.632650552737192395e-01
6.891173650199776679e-01
2.119061241531246600e-02
7.801720381982027224e-04
4.222829430055294875e-01
3.566200365962091667e-01
7.547999247876857609e-01
1.338461285314963107e-04
1.256124510572354533e-03
6.014067489885742690e-01
2.773644086145492563e-04
1.384174449688654884e-01
2.998907534938751807e-04
4.151604194734913995e-04
8.606619351951401153e-01
8.625228265239586189e-01
6.829815329671629076e-01
1.417279617147240156e-01
7.646887291270861864e-01
8.385900506447077074e-01
7.600923298282851182e-01
2.922466617897011634e-03
1.047058261434442714e-04
9.688419046215650532e-01
2.137186974239287508e-04
5.915624008307248660e-01
4.542548151440347552e-04
8.415316981521224760e-01
1.596747472155173042e-02
1.706967075656991946e-04
5.868773061596821439e-01
8.908560228861551744e-01
4.979232132522790621e-01
5.319381393919628831e-01
4.192649174499208059e-04
2.545766324820580568e-04
7.281949939518129328e-04
9.088514535776587300e-01
8.342246689370954593e-01
5.735719454992085353e-01
1.526076492856089399e-03
7.698609333303887414e-01
8.348224976362585981e-01
2.715481875471470116e-04
5.017404413815772062e-04
2.086724520423324097e-04
5.780826444157700396e-04
2.695358574314141945e-03
8.543151490658763099e-04
5.383142998016011704e-01
6.648830202837003878e-01
3.980800385291956051e-04
3.287111136889165480e-04
3.557830233740485516e-04
6.103952527752861757e-04
1.365451157435093284e-04
5.820538045570828814e-05
3.328515650303107360e-04
7.012811980526365563e-01
7.782152090004549327e-01
2.642096159345100510e-03
5.934846151533911263e-01
1.671487897528492104e-04
7.846430924877270119e-01
7.806264130992546235e-01
7.477092309722263368e-05
7.955591485032761367e-01
2.804577256878645788e-04
2.395099325331633087e-03
5.733084742625574326e-02
7.618370557426272782e-01
1.383157824290041752e-04
6.625825167277937799e-01
2.504026914138430225e-03
1.559206714793281523e-04
3.570521228833135885e-02
7.903164526093732212e-01
2.895368409334219783e-04
7.856154101491937825e-01
6.026633125209647224e-01
1.421128180306434619e-01
7.743930703605531596e-01
5.215644104340184245e-02
9.103178623915002265e-02
7.729512813348109468e-01
1.399908782003096014e-03
6.895156786241037061e-03
1.707461021960168617e-04
7.680908211649772888e-01
7.042654764010591872e-01
1.056426023901466393e-01
7.849717961588037474e-01
7.644324502177101133e-01
1.851154268712737125e-02
7.861122109295970439e-01
6.704407549792041898e-01
6.911794184269235419e-01
6.017824250104776285e-01
9.706775984360056959e-04
1.427027136606003185e-04
6.722738715711346069e-01
8.461742251194818154e-01
7.604103788293777866e-01
8.935143219876071630e-01
4.135942093136851295e-04
6.675282941706918161e-01
9.794950083180252454e-02
6.739822908858871253e-01
2.460113636401503536e-04
9.874409484283703797e-01
1.332809237581174960e-04
1.107746244429150804e-04
1.444781045622353839e-04
5.947273208853244286e-01
9.931480460467405624e-01
9.941405744195072058e-01
5.992520323226162571e-01
6.602970870976533346e-01
9.058624404152331539e-04
6.674283253978310348e-01
6.562313927242442446e-01
6.396537592805716377e-02
3.239820571383795339e-04
6.761109503001189180e-01
1.221421098211243200e-01
6.164629842184290442e-01
7.678110753266247914e-04
9.451479193065047690e-01
7.292424217848816337e-01
4.318635159407376300e-01
6.530444539270617854e-01
6.013299912559366689e-01
9.153795172435952310e-01
2.503738137789380310e-04
8.091539276504197600e-04
7.371990043142093718e-01
6.617139825446606283e-01
2.080230559824203240e-01
8.808452618276514656e-02
6.114837002701827831e-04
4.234104955034280427e-04
3.137494181159133596e-04
2.222103465130656659e-04
6.514708202663064274e-01
7.594144177500028459e-01
9.054458835159956420e-01
1.896184754675029911e-03
1.545337215650955352e-04
7.485777512832729741e-01
6.752503846950347333e-01
9.789379363614677532e-01
2.905862140143480876e-01
3.410154278395479831e-04
7.439285781874240833e-01
6.492899926679571720e-01
7.151388484807836843e-01
7.411846545125971852e-01
4.475558365148603057e-01
6.117297488924806903e-02
2.361070481391441410e-04
2.312100694472718845e-04
6.606980077196162870e-01
3.074604857697866844e-01
6.865277653557428916e-01
7.350426054787617680e-01
2.118610269912010594e-04
3.080850758808767118e-04
5.309572505660956282e-04
7.273301558223504992e-01
4.902822029583031593e-02
3.474569635597856191e-04
7.226161688790866400e-01
6.440134333930082056e-01
3.510349627648365637e-04
4.296971655798665357e-01
2.247216907051402101e-04
6.493189268818494453e-01
7.204518108557070866e-01
1.685650926241638689e-04
6.745379720081645658e-01
3.624806010249123547e-03
3.311370933724229774e-04
2.977275280271079495e-04
2.326349756503090060e-04
6.390487956406801784e-01
2.101664376160284503e-04
3.114640534264493115e-04
7.122938748128905262e-01
6.642598262922371211e-01
3.549982902091196801e-04
6.732126119968107059e-01
2.279678369896511521e-04
6.205787389283692335e-01
4.487860525977772712e-04
6.329258340490293566e-01
2.397903288986446267e-04
7.297406961289303329e-01
6.388471248275172654e-01
1.094530442808213377e-01
2.372612790556062905e-04
6.295084749835213600e-01
2.492350595833760967e-04
2.535246726298997296e-04
7.027845979492235440e-01
6.966384494378129455e-01
4.165071528356251119e-04
1.726947625234174382e-04
3.347426117542551781e-04
6.707350402025860081e-01
6.012549691719260014e-01
1.161602060300670133e-02
6.933521425882310796e-01
6.050833349715490916e-01
6.241845054488218691e-01
6.740534018020214457e-01
4.513692757135553957e-02
4.065025398175522498e-04
4.280300914220830995e-04
3.643431706918125635e-04
6.332738293427476739e-01
6.486514108986766169e-01
2.395758845371211295e-04
2.715761721601400291e-04
2.446377763296627957e-04
5.704504107368811860e-01
7.259911705771278367e-02
6.852768240726574422e-01
5.524896292396521691e-01
5.374105888266589304e-01
6.753796254330023396e-01
4.496702445463042095e-04
6.779977754041839333e-01
6.741964713841795964e-01
4.300869534509763614e-01
4.518884698052154088e-04
6.355079392798342885e-01
6.716637140275614204e-01
6.581656508941319391e-04
6.704470320892048640e-01
4.868379826105957431e-01
5.603788301923395831e-01
6.979611669907336002e-02
1.056450166557626469e-02
6.669304974001863950e-01
8.976619817082169550e-02
8.189389878075267748e-02
6.648379974981912799e-01
5.502176443695685482e-01
5.629578128501234735e-01
6.663683251873289137e-01
6.691928218545752927e-01
3.593879636163526390e-04
3.193720158261071393e-04
5.581872447401020620e-01
4.104776082200494868e-04
2.342632800568412326e-04
8.956959223733806930e-02
3.642454979459216580e-04
5.194477456343302713e-01
1.539137240255286088e-01
5.126151749839291671e-01
5.995477601288884406e-01
5.925093913192103212e-01
1.697406407797963682e-04
4.864217977824217276e-01
6.745852413247886981e-01
5.878421967552176497e-01
6.752417571834100629e-01
5.722421037900978780e-01
5.557878282255972469e-01
4.503983309927128698e-01
5.421111108547019830e-01
4.401470341843766285e-04
5.167710352338150681e-01
3.470364502307373145e-01
2.515400185112876552e-01
4.878244642456240230e-04
1.942603899205864182e-01
1.733689660485661366e-01
1.252655135488723870e-01
2.905287169283682011e-04
4.635125166377713178e-04
2.892919576735560327e-01
1.068911333931045343e-01
5.081459936786857697e-04
4.434499126911137690e-04
6.569290573012884216e-02
5.351518526052837779e-04
5.313697137896613437e-04
5.057516027721169205e-02
2.191736996955287269e-04
1.534142729294419617e-02
2.748318258168417141e-02
1.982234586666378057e-03
2.571854763180004481e-04
2.558211326094448346e-01
6.656996235705414655e-01
2.887099270951724991e-04
9.656126538820149208e-03
1.279837388022858125e-04
3.152139606781510220e-04
1.105227046645490818e-01
1.121683474199727283e-03
6.200184455544933970e-02
7.799946900743287559e-03
3.100545723384357964e-04
4.942909315207178605e-04
4.923133448156822743e-04
2.265610113209406734e-04
1.277612798113291349e-04
1.524502387852304588e-02
6.786660041941167034e-04
1.440764887318248368e-03
3.569692315256219745e-04
2.073655033273111357e-04
6.653223478155252391e-01
6.950080043685053378e-04
7.204423945196263435e-04
3.403051641936763981e-04
1.611840630994329721e-03
1.542013573782251377e-03
6.544413532346461410e-04
3.874755378061981478e-04
3.003880335700827384e-03
2.631561947278096818e-03
2.661199054405914179e-04
4.805103249223022233e-03
2.043692736742576746e-02
3.202452441224266488e-03
3.684784627904964111e-02
7.255987182539574976e-02
6.392508876997499145e-02
2.425807942458530278e-02
9.573328950384120666e-04
8.300777586391108742e-02
1.534063010983646074e-03
2.364170410981240866e-03
6.359311391455970373e-03
2.266352951927899477e-03
1.319090350945792238e-02
9.679522087956312889e-04
2.414552530696678374e-03
3.935054466245309183e-03
1.924306135272082705e-02
9.607530168471275969e-04
9.455929683808558459e-04
9.418102094254641229e-04
2.170180163859129763e-02
9.738905324489319920e-04
9.751660718262191579e-03
9.605876232037177404e-04
9.335607615631534139e-04
9.706268460984375556e-04
9.475853931531540500e-04
9.639386718274012321e-04
8.382072299196990494e-04
8.712865952680484824e-04
8.769350676590047201e-04
8.013396585408857561e-04
8.446378767180104429e-04
9.061958991765808966e-04
6.848040635790419994e-03
8.059817164213656931e-04
6.271076453170404408e-01
8.026361311388108743e-04
8.733622649238322521e-04
6.017811387487271430e-02
7.633757925177502663e-04
5.391603704170794265e-01
6.337175203293089476e-01
2.735704277165128262e-02
3.208265418479716775e-04
3.958274524868847510e-02
3.968412223851023484e-04
2.536951827871142817e-01
2.917459967092195794e-01
2.696914489693263278e-03
4.530657947220200713e-04
2.389865318452156595e-04
3.262520892164237629e-02
1.610350718554068002e-03
9.555177816523743569e-04
8.388520394483285668e-04
1.690058191862490880e-03
2.121183996399603894e-03
9.994703560503691575e-01
9.969675683012141354e-01
9.994828337775374383e-01
4.004202209039871242e-04
9.991791889990704334e-01
9.994922214433660246e-01
9.976639830454626656e-01
2.852764949243011381e-04
8.866790314543998748e-04
3.831166792849645744e-03
3.312796755433825100e-03
2.680106280085631232e-01
9.996191847337657643e-01
8.751016950916949049e-04
9.987307182739879607e-01
7.369869459682873991e-01
2.878489041627621189e-03
6.314956272618708465e-04
6.278833696059551951e-04
1.765677392541984969e-01
4.453042513103599442e-01
6.616563911199908714e-03
1.441694288572105687e-01
7.786020582259800538e-01
8.979878894512753965e-03
3.147154053362025139e-02
9.984584442753335898e-01
7.704441448037193663e-01
7.391166136654980789e-01
6.018573680286660489e-04
6.866083474864698383e-04
9.195229706706330467e-04
3.750642091792958377e-01
9.038999975159731429e-04
8.913044557832054378e-04
9.648147412906862286e-01
9.842456229189482375e-01
6.866297721313365313e-03
9.991083707238505029e-01
9.488443965234786281e-01
9.885339393458048018e-01
4.865034356104356358e-04
3.522678044901089906e-04
7.812184874635220988e-02
7.143759469222276445e-04
7.849310867275930415e-01
1.107416424512755806e-02
7.845332699274243371e-01
7.743332543400476276e-01
4.390252113210494776e-04
9.987985368497896976e-01
9.995633186338465093e-01
6.856190586588172264e-01
1.066439930559343963e-03
7.274698209769052681e-01
9.304966942788135409e-01
8.871535190720235449e-04
9.986575878296740649e-01
9.990039925887541639e-01
8.246150908312147587e-01
2.882090813489707366e-04
2.481180845642853958e-04
8.333650437410404788e-01
3.983470809080878056e-04
7.686186917357628046e-01
3.737649332006800496e-01
7.222148356977911021e-01
7.077601091758561891e-01
9.293841755242195123e-04
9.980096059009055942e-01
6.918824843496528265e-01
5.938448535293308073e-01
9.705753186389791676e-01
5.349475932598330985e-01
4.631840785878557631e-01
6.518175656120931416e-01
9.991872453804311327e-01
9.994417642195916329e-01
9.994785717432357330e-01
9.819729576072505628e-01
5.328932374424089069e-01
3.696765411401641277e-01
3.177719153632837645e-04
6.994993486037098807e-02
9.489068068265953393e-01
7.187842347857973388e-04
9.990594467020043057e-01
6.342484803223514623e-04
7.444748557320651772e-01
7.155757746185898993e-01
9.994012625072096201e-01
9.987116637927443419e-01
7.821198698906176583e-01
3.071151932207494078e-04
6.255487398492646112e-04
7.702791365360636341e-03
1.075377347284270759e-03
7.965770075057073459e-04
8.475038227342201547e-04
9.258076197547590765e-04
8.301110226459199916e-04
7.249428752551076612e-04
6.211446956516815648e-04
7.278122646085000320e-03
3.121502838711601104e-04
3.691576342963903169e-04
5.937957976547026950e-01
7.228755342567724229e-01
5.625685016475373557e-01
9.981824071042305624e-01
5.384710822976208682e-04
4.370971286697734881e-02
4.185207510670172523e-04
1.090926253776166623e-03
9.995513201223327204e-01
9.995647376536019868e-01
6.439495218988838809e-01
9.994909016725830320e-01
2.854676404879020937e-03
9.983957251074048189e-01
8.101237529738500960e-04
5.978637173886096898e-04
9.995459774262883679e-01
5.879475028108287942e-04
1.304003671050392721e-01
9.284038788518756682e-04
6.815215029137248193e-01
9.994186162497429304e-01
1.243919003404749257e-01
8.707558463517472980e-02
1.568738045238673995e-01
9.637908351783717187e-01
9.959583821972066708e-01
9.995292710101122413e-01
6.983043653826806691e-04
7.017062996616376669e-01
5.361050671453075882e-04
4.741000624214871729e-04
8.404885582461047999e-01
9.994028632317276672e-01
9.993902830381222735e-01
2.926818707386628915e-02
9.991057160302235784e-01
9.994008466675872171e-01
8.189260426465384546e-01
9.988887515646258652e-01
8.217725910953656010e-01
5.610255151302293150e-04
6.783691056872539482e-01
9.992585565215649224e-01
9.989608193905946676e-01
1.072198138247746919e-03
3.910055405482682975e-04
4.277588690113502180e-04
2.350436289424373826e-01
9.981636367034095736e-01
9.558038643495322386e-04
9.991053400392121975e-04
1.048264038434413344e-03
9.989779266013565362e-01
3.864082003562902380e-04
8.098790134641669081e-01
2.554502967295966252e-04
6.559660017009615318e-01
9.702893764189743364e-02
3.166659907531861329e-01
9.994691498078364100e-01
1.860830685259157180e-01
7.265854377980676126e-01
5.847564359346338891e-01
2.579069314003588236e-04
9.994467046561823498e-01
9.994900270158746380e-01
8.297183528295577482e-01
9.994456569205734109e-01
7.905968565675752791e-01
9.994505485556751667e-01
2.121044452723326035e-01
3.197126300058186765e-01
9.994201354722650477e-01
9.994081088745422337e-01
6.218357486370242786e-04
9.993852626538627382e-01
5.098917319621984814e-04
7.879096238652342210e-01
7.216413373649427365e-01
8.896909641023238551e-04
7.424907034743228884e-01
9.984889624948790621e-01
2.806412729182943401e-04
7.507302845321804918e-01
8.025849714413579861e-01
9.995833582800214279e-01
8.121044521897579083e-01
7.815633213199035811e-01
9.995954452620741115e-01
3.502866052663047955e-04
4.252497049941055137e-04
6.484548358465890283e-01
4.775977772194093252e-01
8.314210162354708222e-01
5.378898432347086755e-01
7.329853189171082750e-01
7.365202232554234341e-01
5.449254166356597429e-01
9.995002915962273304e-01
8.071697955780179345e-01
9.995726795673481879e-01
5.859014462153398512e-04
7.435856601323935500e-02
8.840463339649690111e-02
5.103933381539229597e-01
2.764192760120214227e-04
8.033254310544901688e-01
5.175183841372565929e-01
8.269822330369537289e-01
9.995272740532478162e-01
7.820620912319926621e-01
9.989050056678246969e-01
9.994513376494663648e-01
8.184819729899585061e-01
9.993744065757730333e-01
9.994597045470402508e-01
7.212816764750110687e-01
2.873848346329410108e-01
3.272888739743963771e-01
8.068797097401541052e-01
5.833631575968479437e-04
9.995453788964087094e-01
8.944243872314633663e-04
5.578629996709231955e-04
6.553550143832788995e-04
1.054474687503906688e-01
5.224203358625829630e-01
3.948222011129637072e-04
4.252900076624397362e-04
1.124817227921367938e-03
9.434547379647072836e-04
9.806698228573842123e-04
1.156601829525666630e-03
2.905306784171862505e-04
7.220653917855215376e-01
5.229841086149684655e-04
5.351973141482494660e-04
7.491323677899106581e-01
3.422040255793302988e-04
1.671024737330618903e-01
8.913986694435537114e-04
8.674859020836168770e-04
2.266661339437167633e-01
1.347877588058497556e-01
8.646861198314069854e-04
1.025976961439405578e-03
6.996904345540250203e-01
7.312349735619142477e-01
7.220320418649299743e-01
1.339703729163279483e-03
7.732074123391272646e-01
6.730057631773264104e-01
4.133190722430585317e-04
5.519468624248117855e-04
4.991630042533581413e-04
7.028209341553434079e-04
6.758837321048818784e-04
9.914495179793997304e-02
1.993135460994420738e-01
7.255652155730956121e-01
6.104691800391510714e-01
5.911981700131120343e-01
4.722251987876541213e-01
4.894090373587486886e-01
7.817774204579694963e-01
7.774334091380252776e-01
7.708036773909112682e-01
3.514069100427048386e-04
9.996374553598029733e-01
9.996270542623278965e-01
3.460567321206333563e-03
1.040941667927410301e-03
1.067295392385157141e-03
1.542450480030262399e-03
7.913431942942795727e-01
7.952634220099948914e-01
9.995761027589827874e-01
9.995946665387128727e-01
4.712862026406981265e-04
4.801077526613090540e-04
4.246831026851815571e-01
3.162197730907071900e-04
2.634899346820565222e-04
3.587111418002225660e-01
7.152199632743355684e-01
7.248275830321609936e-01
7.914354369774029285e-01
7.827657161854320762e-04
2.883192026541310238e-01
3.140658956174037231e-01
8.504531992877983242e-04
1.677206705712243062e-01
4.800657087328105144e-01
7.550595993137811934e-01
5.603969750614201661e-01
7.605624093787972662e-01
8.015234235777838334e-01
7.990683764739463513e-01
8.917245309735763459e-02
3.001089132830626616e-01
1.390682782274623719e-01
7.388203150627402627e-01
9.994640214021801583e-01
1.032092326322805228e-03
1.008813704841692287e-03
1.057109434828837303e-03
1.067830824170931669e-03
1.831067212420915968e-01
4.786087587522038032e-04
4.765896150897314001e-04
4.938437712002888454e-04
9.995782037683165200e-01
9.996072067372231418e-01
4.402303710800257075e-04
1.300377749482121148e-01
9.298474906487226360e-04
8.081389357588084632e-01
9.995145749324938489e-01
1.206902625770134860e-03
9.994138321543464265e-01
9.987967683122919160e-01
9.950491887105906708e-01
8.413212735384408836e-01
4.951599608912762764e-04
7.819521741993417097e-01
7.866473437085617082e-01
2.256806249816143140e-01
3.394944224672634125e-01
1.991008894688183969e-02
1.272081768867040427e-02
4.929975083420605128e-04
9.994869257804964713e-01
7.211229215213518871e-04
8.140391146675182155e-01
9.172379494171754117e-04
4.027148776012174258e-04
5.520721828673023782e-04
4.252165762631494113e-04
7.466022277291236575e-01
7.376646203625947251e-01
8.016261546778864489e-01
8.043845467308303743e-01
8.546575970546542722e-01
1.395642963233582846e-03
1.360407027875495424e-03
1.115145655145981197e-03
1.112152992158350851e-03
1.066270274098213983e-03
1.545412475740684825e-03
1.104724021614482193e-03
1.102274913000445521e-03
1.083428093701483200e-03
1.386035893736321366e-03
1.362587076314182794e-03
1.529508508064265308e-03
1.058579715107920609e-03
2.863640041957710072e-04
2.763364385937645156e-04
7.709236230092447436e-04
7.396201469104856990e-04
4.499331866644095865e-04
4.378410325580319113e-04
1.210725265676742407e-02
3.580221340419399234e-04
3.520651702645964057e-04
3.647760584313410157e-04
3.694215761129876507e-04
4.516377704367882185e-04
8.637631954770084173e-04
4.197093037578414061e-04
1.006158620027558862e-03
7.623144229649304882e-04
9.339619516152284284e-04
1.093859646254763222e-03
1.125153486445632520e-03
3.586756294459181077e-04
7.509726747743665151e-04
3.464275525792192070e-04
3.776914857247927297e-04
7.199782170500575304e-04
9.621828296555296183e-04
9.537075231074854239e-04
1.021847980356240838e-03
3.987579079256995925e-04
4.383037808785368757e-04
3.611431327850198178e-04
9.681087832522101283e-04
8.210373062044869436e-04
3.485955054139367143e-04
7.023051816920826765e-04
4.047103935460025009e-04
4.242562285045824687e-04
3.922275172162703388e-04
3.430461616443693392e-04
3.818093828972403793e-04
4.694353889342959369e-04
8.393466088822339492e-04
4.291798715300843394e-04
2.815485874507286956e-04
4.125216098772730897e-04
3.720956831571429102e-04
2.960953561832840560e-04
1.698401596416034172e-03
2.165212261702843463e-02
2.724031525118344337e-04
3.067833437299414406e-02
6.923372537083096866e-04
3.593087338474744018e-04
2.738497612715230334e-04
2.722669879302355689e-04
3.662807936918440962e-03
1.001165173605744188e-03
3.777732795544903183e-04
3.872861149866459424e-04
3.730429413309774376e-04
3.067595584249541000e-04
3.193857261826064443e-04
3.254616229314768886e-04
6.751581750049726743e-04
3.471388097850259093e-04
3.627165689086252480e-04
3.341409972203986741e-04
3.499927649895450505e-04
3.525495670929581658e-04
3.544434179133267959e-04
6.901014896894867856e-03
5.500576487414477779e-04
3.121196964006486526e-04
3.014913126819998221e-03
5.513573297426708174e-04
3.418419996960623771e-04
1.128198621311330904e-03
2.984787575834510205e-04
1.372268911778887690e-03
3.891108748579296100e-04
5.381293312994336712e-04
7.863426386585524626e-04
8.279437856535680658e-04
2.047740106502464875e-04
9.607929017342071868e-04
3.632234312938060344e-02
3.475717231708517303e-04
2.072374917562053718e-04
6.188112777623138360e-04
6.729278010391223251e-04
1.596293497374485365e-02
8.797142071834499486e-04
2.585737838285840761e-04
6.321776441157282451e-04
5.885175000919283615e-04
5.969144455694652598e-04
6.455604113921205572e-04
7.567056261270736772e-04
5.758246247458120035e-04
5.825606293242491587e-04
6.705766369933726387e-04
6.077212960624920994e-04
6.610650106466236251e-04
5.320830449205010563e-04
4.761222819426805947e-02
5.421002492247453371e-04
5.562949070282462855e-02
2.732812469011350635e-04
5.527372695289872132e-04
5.272964969381825672e-04
2.963558154857107965e-04
8.948020674893579496e-04
1.044391481794001812e-03
5.407044901089248790e-02
2.772861646174033822e-04
5.258095954980461853e-04
2.648458821282420345e-03
2.316845221957127693e-03
1.316962095300570033e-03
1.436316270508290228e-03
4.962241867928734573e-04
1.085981002407913031e-03
2.539801970887452416e-03
2.264071347988489791e-04
1.753013792365008339e-03
1.572852519740813556e-03
3.072960568763663351e-03
4.744449089160157748e-04
2.854759295217438502e-04
2.352073690416786719e-04
5.201611511590543448e-04
2.784978912650639977e-03
1.921312741452204211e-04
2.457851027044511642e-04
2.746190991151604499e-04
5.042913167614604050e-04
9.167410134728412206e-04
5.736645538811711680e-04
2.190466066648683551e-04
2.344797225952853243e-03
1.874254479314521181e-04
1.969754423136110615e-04
2.086246888101401110e-04
2.158275141361463414e-04
1.998670810175162660e-04
2.128595187714125492e-04
1.983642647504515425e-04
5.485453942385355892e-04
2.402790825986968789e-04
2.010426208034562124e-04
1.883875732789312544e-04
2.661077854056690685e-04
1.947139945795394172e-04
1.945128063804524125e-04
1.919657837838140786e-04
2.102483811264175726e-04
1.957405715820150556e-04
2.225772455489750132e-04
2.306257326605367405e-04
6.460667899818720635e-04
1.991853657602030744e-04
4.913533631742502588e-04
2.519032200901157189e-04
4.312150241865070560e-04
2.996171528418974648e-04
1.887376471874714938e-04
7.356564522403250539e-01
4.552487059418288684e-01
8.050884461566868433e-01
1.820267946804722259e-01
7.668517355599247442e-04
5.933329479993890761e-04
3.363879638490300736e-03
4.418333597459161446e-04
6.999185706298773372e-04
7.271469129539189728e-04
6.355809314332717215e-04
3.364104413917622539e-03
4.418907803878311378e-04
8.759444526703125122e-01
8.431875908374578676e-01
7.016106468924774298e-01
7.411514785811920136e-01
9.979008642439232135e-01
8.082330711944848423e-01
7.739279561925062056e-01
1.460285104548395829e-01
9.995520064947144290e-01
7.651699640863888208e-01
1.713389390593754447e-01
6.456087730558630611e-01
9.994649408907249066e-01
8.166644693031698248e-04
1.008603379085224860e-03
8.489918544011751389e-03
1.910764887528783040e-01
4.756558864405241861e-04
5.424146948560533144e-01
3.662003398110453612e-04
9.994096441369849648e-01
7.969453545657861904e-01
9.996077385709336571e-01
1.473202322432258515e-01
7.985828504003320135e-04
3.850989573266259090e-04
1.538034072650165951e-01
7.360417909789417068e-02
6.631959116368479294e-04
9.937022936345140112e-01
2.509092905567361989e-02
6.303755980091723136e-04
5.286503567714970859e-04
7.832798450014137907e-04
6.624153733030389455e-04
1.100869597416376982e-03
6.982971593051408021e-01
5.363462659128286937e-04
9.994070380759254579e-01
8.375519889224612990e-01
7.571419306531764759e-01
9.994056249756603227e-01
8.347603398788862039e-01
7.480874693285874955e-01
9.975403107825308036e-01
7.856131177646803465e-01
9.996284122310248321e-01
7.020675121808098718e-01
4.038373275050200005e-04
9.986098198371060608e-01
9.994216888203247828e-01
4.945844306612085786e-04
8.166013276986580083e-01
6.533681106860782239e-02
3.884713867221726846e-01
9.989576750329656196e-01
9.994623171214261914e-01
8.303760262409779491e-01
3.226989370177109628e-01
4.687697549772230020e-04
9.995062490768374941e-01
6.652994981155857523e-01
7.766165988266211517e-01
8.297913129599006066e-01
9.545908736707858430e-04
9.991301382724083746e-01
3.678676159969602750e-04
9.994684386217516092e-01
8.243322853618464396e-01
9.986735709073252254e-01
4.524004680277017099e-04
4.242301432575747849e-02
4.122142643891776315e-01
9.995065236428064548e-01
9.994270990003146782e-01
7.559025318242172942e-01
9.994082140542411841e-01
2.621835700315604534e-01
4.946510083929727634e-04
6.378308681278193060e-01
6.690616022142121810e-01
1.096406391465333746e-03
8.006871399527233368e-01
8.525460351860485175e-02
3.440671643653028244e-01
6.173789828393414034e-04
9.994993090452684026e-01
8.140240232245179453e-01
7.324868756795602787e-01
1.924647200845575890e-01
8.470445824799848486e-04
7.516887073603893965e-01
2.532633897992667693e-01
7.118919376311754199e-01
7.965936368463387473e-04
5.689724640023620106e-01
9.519597909707576411e-02
9.994490382654642735e-01
9.994267102326930274e-01
9.994237217876306145e-01
7.789501476059565999e-01
5.733741300193594039e-04
3.293634018268525310e-01
9.994284362446085312e-01
9.994032579246816539e-01
4.508434362088727674e-04
1.898203143660632253e-01
9.492774520783532665e-04
7.901969638371116877e-01
8.393144097703422180e-01
7.737218966020695810e-01
2.883665890849053371e-04
8.134942045946824685e-01
7.997796610684604346e-01
9.995742800182753074e-01
9.975423654274987451e-01
5.056104977173620299e-03
3.030253080160124962e-04
4.928397572655033579e-04
8.078027390345681180e-01
8.313597479160415027e-01
7.305845443648371074e-01
5.828689999242473441e-01
9.994842020065350940e-01
8.088217039836866906e-01
9.995527126500903803e-01
7.732636662920733261e-04
5.273379921634054890e-01
2.863463304735683638e-04
7.577825322119911963e-04
2.064089384417977339e-03
1.461747015942391941e-03
1.057543595091885906e-03
1.076344272445191319e-03
5.029470620180016361e-04
1.120626177551773822e-01
8.090710521903038410e-01
4.541393468141155521e-02
9.868814941239509864e-01
5.061246765552575022e-01
7.786424239049356544e-01
8.064038646321345372e-01
1.031365256269223089e-03
8.192850425785385138e-01
2.964272330936776334e-01
7.566877245202875430e-04
9.994237831447230214e-01
7.053222767316021319e-04
7.154210686096316952e-04
4.348988673417337331e-03
5.561772791183499992e-04
7.276541567217638179e-04
6.956917927287638347e-04
7.853361291083135352e-04
4.347304451555796846e-03
3.867249653724938777e-04
6.851739107446440553e-04
9.994485412840563576e-01
8.043885749258391504e-01
2.681273458512035135e-01
2.159472871036420896e-03
6.936444172576604859e-03
4.498705427114186445e-03
9.994291172670276557e-01
6.800333642524056081e-04
8.110929426415633969e-01
9.922387969547399357e-04
8.715442302666170015e-04
9.995454031406383333e-01
1.283344490660372761e-01
9.009882734663595023e-04
2.194538807801815483e-01
5.878874810958758558e-04
4.019681997911277583e-04
3.468222278159537875e-01
7.278974614585494995e-01
9.986129500845053464e-01
1.730180313032805561e-01
7.458178745653629704e-01
9.224864339539425029e-02
7.506557895088916688e-01
3.642044832822260037e-04
9.987367275583789450e-01
8.928630388626263665e-04
1.575378100024816264e-01
1.196158058644600369e-01
9.130059126151112391e-04
9.958699682696526834e-01
9.776409575197528845e-01
3.726630138448035201e-02
5.755157864546053999e-04
9.966828406534538054e-01
2.054728532106876171e-01
1.292896494015190467e-01
9.114123433345041724e-04
1.076372050759098233e-03
9.905815066481907794e-01
7.214686269045788025e-01
2.226301315337750678e-03
6.578646772860293757e-01
5.603995189407520771e-04
7.305185024596655505e-04
6.797043875134210766e-02
7.312438754600399937e-01
5.981590283767752592e-01
4.838360434374602281e-01
7.835864459289471062e-01
7.701459042363965057e-01
3.515972845896014930e-04
8.139702532922137301e-01
5.383499305523615445e-04
9.996289781414413600e-01
2.571559639282967446e-03
1.474175575252987700e-03
1.094244424139192377e-03
1.073745502539974993e-03
1.023668597808458699e-03
1.051910376787033733e-03
1.681191600784185704e-03
2.359159460191034580e-03
7.894619461388672210e-01
9.995786971447474523e-01
5.136615432126373070e-04
4.100292205474874050e-04
4.036660079753373043e-01
3.304998071931151862e-04
3.795937703640371863e-01
7.146615390638411114e-01
7.883022453897891024e-01
7.463955256102987323e-04
3.121148474818190022e-01
8.714542755364826495e-04
2.440243941958978313e-01
4.900579941716137200e-01
6.240637368352403014e-02
5.684421538868359436e-01
3.252024622665037972e-04
7.965743638330923249e-01
9.994199855365983876e-01
6.239556604567078613e-02
2.000391377720302233e-02
9.615968658527968005e-02
1.448463944096246847e-01
9.877645645063611868e-01
5.741080882676675712e-01
7.415532765258182613e-01
1.048375465505998593e-03
1.087852225573032305e-03
3.583841380180855657e-02
5.168310727384854133e-04
9.963562933099187058e-01
9.986940495407344853e-01
9.995882637295693263e-01
4.095722634976137850e-04
9.995330695637968388e-01
9.994451697786889133e-01
4.832019717571188347e-04
7.804356881510031707e-01
2.397995320002400954e-01
9.993928046018676348e-01
8.131185534055889175e-01
7.771184601401696012e-04
9.150568177549212078e-04
2.017968845852628409e-02
9.964128470099662405e-01
1.042707850236493762e-03
4.998533161182519904e-04
9.994016839290118526e-01
6.011756199468058217e-04
1.978434375600454220e-03
1.517317567938776812e-01
9.991007176404749224e-01
6.887382833590796269e-04
6.872644758332283610e-01
8.229844227995264383e-01
9.988915872181559630e-01
4.520127317379188554e-04
5.078587337983153259e-04
9.988587141879480269e-01
9.994683594225122203e-01
9.794968341740161177e-01
7.374579126042328792e-01
1.247622743970418779e-01
7.988569647182731659e-01
9.684973850199020406e-02
1.411301832083806376e-03
1.088967284063507238e-03
1.534138730941302271e-03
1.103407228399203022e-03
9.994338599062654316e-01
7.143621882934504397e-01
4.970817017881230772e-04
3.061566991443889492e-04
3.094438423619704989e-04
5.120436909907278558e-04
1.079502419701464534e-03
8.685407628128530332e-04
9.004224199334556365e-04
1.138913044419287120e-03
1.149102928220882471e-03
1.174383092497574251e-03
3.573509489780896174e-04
1.155089387725128898e-03
7.435668901600660519e-01
9.993014258053081189e-01
2.704967226265153277e-04
9.995208874570996604e-01
2.646019079255390550e-04
9.994709141795872220e-01
7.861153999832467100e-04
8.594387960093556730e-04
1.958757154234853773e-04
6.216315081925583323e-04
3.835465106169208874e-04
3.190426768593566248e-02
7.528206808410593852e-04
8.534347008221862280e-04
2.848499127017202416e-04
2.735296542646109162e-04
3.154627247579929556e-04
7.430942498049333822e-04
7.453467148230528841e-04
2.984017817612375639e-04
7.961580633113779937e-04
3.395859674682272168e-04
7.142901001775647232e-04
2.630547849223195027e-04
6.856290055317260015e-04
6.595072372251522142e-04
6.384614976457151075e-04
5.847434917446269875e-04
6.005224195980567474e-04
6.285716562581078297e-04
2.639864296675647820e-04
5.959844397316689697e-04
8.825988404445852999e-04
1.862526648102404191e-04
5.902955167572761968e-04
2.464072937315632430e-04
2.421223919737961101e-04
2.414074041114984295e-04
5.734350439662499804e-04
5.721742207951050190e-04
5.324930116121091546e-04
5.526103969018113671e-04
4.951886463350635165e-04
1.072680052776492062e-03
9.839108096870729809e-04
1.014709934967713200e-03
5.721039891864364508e-04
5.589679525168322850e-04
9.286154042569768913e-04
5.383212029834999338e-04
1.753111342270992053e-04
1.321091302590954395e-03
9.009888662680358472e-04
2.217893731431444179e-02
1.010606288875213511e-03
2.585478967686919739e-03
4.027840788390724645e-03
1.175514845404651348e-03
2.127775256731559775e-03
5.199171107039706786e-04
1.833970710998787277e-03
1.509113796152099620e-03
2.122152664746187328e-03
1.313573320961440756e-03
1.896253566881729580e-02
6.695701528958809823e-02
1.182022200095594628e-03
1.252184212173194531e-03
2.282827658642968584e-03
6.567949456906001238e-02
2.650542458044059368e-03
3.950244411352738763e-04
8.062804064132394729e-04
1.147117379422695317e-03
1.051720719159384516e-03
1.180951377981188629e-03
4.355215860679869668e-04
4.055643049735984263e-04
6.430671288405115978e-04
9.831887073532960195e-04
8.476119834346223245e-04
4.265290383637684152e-04
8.863136015932586171e-04
4.194523155311542188e-04
7.387975264483209389e-04
8.130126687799835421e-04
4.077081135797592658e-04
7.903703651479437658e-04
8.157692613184633302e-04
4.736773238870906890e-04
4.920716064343832455e-04
4.586261710960525917e-04
5.187912314841768794e-04
4.460511311811944765e-04
7.586367444865899220e-04
5.411976562809318230e-04
4.168280557012750279e-04
7.748269326705008869e-04
2.521786305895110927e-04
4.461901034944307535e-04
2.718419597623894512e-04
2.378212382850894533e-04
2.261247722164885809e-04
3.987780322985857583e-04
2.164162339783174164e-04
4.051637614249014251e-04
2.083176258744597802e-04
4.035431551454896309e-04
2.015191454681560955e-04
2.101931464142058851e-04
1.771127936322596224e-04
1.958183150261141100e-04
1.880223876062420347e-04
1.928479415032060239e-04
1.850508863874615563e-04
1.748773556476600709e-04
1.822374268903894897e-04
1.970915672147513379e-04
1.773372618288232842e-04
1.797982455051669792e-04
1.763486227142672762e-04
1.953735111287315581e-04
1.794980461938796082e-04
5.738760539968168484e-01
9.994627611899420394e-01
9.994327912622960053e-01
9.988547744866554945e-01
9.993903534170116565e-01
9.535187948972068551e-04
9.989247629058636280e-01
6.221933096617573433e-01
4.962537684544300739e-04
9.995292516952585249e-01
9.994859911121972695e-01
4.052001843069132775e-02
8.320152317958596777e-01
5.507078510207245913e-04
5.583523575401057272e-04
9.988530997062814443e-01
9.994358932013812646e-01
8.423049646267317669e-01
9.982651641995393677e-01
9.179761060003471806e-01
9.994274012388407735e-01
9.956096899413731105e-01
1.107766027370972722e-03
9.994354289131742730e-01
9.994746130865482803e-01
4.298829348637808181e-04
7.299198074044451756e-01
1.105500557015462980e-03
1.160485307732589790e-03
4.877769324241184798e-04
3.841439107366269399e-04
6.779025420357572907e-04
3.559930576037750698e-03
1.085458571962370127e-03
4.438287225950028289e-04
9.011460347722697207e-04
7.028275832317455035e-04
9.717869466511190211e-04
7.224295545124069301e-04
1.145239485921173460e-03
1.149850605049617834e-03
7.316230625136542313e-04
6.186315003022156917e-04
1.181133999684683784e-03
3.545361849397452459e-03
3.891729931062441793e-04
2.936114271201035455e-04
1.050601509283951348e-03
9.994148350741678399e-01
8.071513655770217177e-01
7.963860684360701825e-01
1.584764080510008832e-01
8.141870840959026800e-01
9.994247990094758949e-01
6.814401838326018725e-04
9.949641841176932733e-01
7.515719291189824902e-02
9.992060423526107904e-01
8.181527463147745703e-04
6.879297598389612078e-01
9.994163874199939457e-01
9.990453236010894411e-01
9.994294918758932500e-01
8.796323966012679777e-04
7.580343464469447845e-01
6.831770560317991237e-01
8.260875838499265322e-01
9.990168562735302071e-01
4.983283612572150367e-04
4.377234548746176241e-04
7.262956723994657970e-01
4.410523734887517445e-04
9.994202772109977984e-01
9.994582194732704039e-01
5.502939444842730021e-04
5.870693793506286682e-04
9.994893606247134965e-01
2.000670010065551223e-03
9.994249469122887808e-01
1.052089100846960749e-03
1.128848191930157318e-03
7.465318917990700909e-01
9.995055988223839893e-01
9.992848704626295930e-01
1.131134952000280259e-03
1.097640780785970587e-03
1.120990450095804255e-03
2.550800497331545940e-03
6.611789359174860938e-04
8.253032893930084893e-03
6.022279011875458039e-04
7.926700851907717395e-04
8.540648961483822540e-04
7.603999779765840831e-04
6.328821746789631102e-04
8.060363154660949922e-03
3.184317506001995497e-04
7.053982595579289536e-04
1.715387793380928338e-01
5.521864330186324272e-04
